experiment_id,N_params_B,D_tokens_B,Q_score,data_type,observed,predicted,model
N0.07_D0005_Q0.1,0.07,5,0.1,calibrated,1.1624,3.849100037978037,zero_shot_Model_C
N0.07_D0005_Q0.2,0.07,5,0.2,calibrated,1.4286,3.794584172662552,zero_shot_Model_C
N0.07_D0005_Q0.4,0.07,5,0.4,calibrated,1.8958,3.6853706271977518,zero_shot_Model_C
N0.07_D0005_Q0.6,0.07,5,0.6,calibrated,2.4434,3.575842777261351,zero_shot_Model_C
N0.07_D0005_Q0.8,0.07,5,0.8,calibrated,2.8801,3.4658291068389637,zero_shot_Model_C
N0.07_D0005_Q0.9,0.07,5,0.9,calibrated,3.0925,3.410498895300324,zero_shot_Model_C
N0.07_D0005_Q1.0,0.07,5,1.0,calibrated,3.3659,3.354514281828471,zero_shot_Model_C
N0.07_D0020_Q0.1,0.07,20,0.1,calibrated,1.096,3.594888257824394,zero_shot_Model_C
N0.07_D0020_Q0.2,0.07,20,0.2,calibrated,1.2839,3.5403723925089094,zero_shot_Model_C
N0.07_D0020_Q0.4,0.07,20,0.4,calibrated,1.7688,3.4311588470441086,zero_shot_Model_C
N0.07_D0020_Q0.6,0.07,20,0.6,calibrated,2.1816,3.321630997107708,zero_shot_Model_C
N0.07_D0020_Q0.8,0.07,20,0.8,calibrated,2.6428,3.2116173266853205,zero_shot_Model_C
N0.07_D0020_Q0.9,0.07,20,0.9,calibrated,2.926,3.156287115146681,zero_shot_Model_C
N0.07_D0020_Q1.0,0.07,20,1.0,calibrated,3.1277,3.1003025016748276,zero_shot_Model_C
N0.07_D0100_Q0.1,0.07,100,0.1,calibrated,1.0093,3.4003995973797783,zero_shot_Model_C
N0.07_D0100_Q0.2,0.07,100,0.2,calibrated,1.2339,3.3458837320642933,zero_shot_Model_C
N0.07_D0100_Q0.4,0.07,100,0.4,calibrated,1.6433,3.236670186599493,zero_shot_Model_C
N0.07_D0100_Q0.6,0.07,100,0.6,calibrated,2.104,3.127142336663092,zero_shot_Model_C
N0.07_D0100_Q0.8,0.07,100,0.8,calibrated,2.4893,3.017128666240705,zero_shot_Model_C
N0.07_D0100_Q0.9,0.07,100,0.9,calibrated,2.727,2.9617984547020653,zero_shot_Model_C
N0.07_D0100_Q1.0,0.07,100,1.0,calibrated,2.8644,2.905813841230212,zero_shot_Model_C
N0.07_D0500_Q0.1,0.07,500,0.1,calibrated,0.9621,3.2764435074568956,zero_shot_Model_C
N0.07_D0500_Q0.2,0.07,500,0.2,calibrated,1.1948,3.221927642141411,zero_shot_Model_C
N0.07_D0500_Q0.4,0.07,500,0.4,calibrated,1.5406,3.1127140966766103,zero_shot_Model_C
N0.07_D0500_Q0.6,0.07,500,0.6,calibrated,1.9945,3.0031862467402095,zero_shot_Model_C
N0.07_D0500_Q0.8,0.07,500,0.8,calibrated,2.4124,2.893172576317822,zero_shot_Model_C
N0.07_D0500_Q0.9,0.07,500,0.9,calibrated,2.6083,2.8378423647791826,zero_shot_Model_C
N0.07_D0500_Q1.0,0.07,500,1.0,calibrated,2.8055,2.7818577513073293,zero_shot_Model_C
N0.07_D1000_Q0.1,0.07,1000,0.1,calibrated,0.9414,3.2380289883230966,zero_shot_Model_C
N0.07_D1000_Q0.2,0.07,1000,0.2,calibrated,1.1388,3.1835131230076117,zero_shot_Model_C
N0.07_D1000_Q0.4,0.07,1000,0.4,calibrated,1.5663,3.0742995775428112,zero_shot_Model_C
N0.07_D1000_Q0.6,0.07,1000,0.6,calibrated,1.9928,2.9647717276064105,zero_shot_Model_C
N0.07_D1000_Q0.8,0.07,1000,0.8,calibrated,2.3195,2.854758057184023,zero_shot_Model_C
N0.07_D1000_Q0.9,0.07,1000,0.9,calibrated,2.523,2.7994278456453836,zero_shot_Model_C
N0.07_D1000_Q1.0,0.07,1000,1.0,calibrated,2.7431,2.7434432321735303,zero_shot_Model_C
N0.07_D2000_Q0.1,0.07,2000,0.1,calibrated,0.9243,3.206388462715837,zero_shot_Model_C
N0.07_D2000_Q0.2,0.07,2000,0.2,calibrated,1.1409,3.1518725974003523,zero_shot_Model_C
N0.07_D2000_Q0.4,0.07,2000,0.4,calibrated,1.5027,3.042659051935552,zero_shot_Model_C
N0.07_D2000_Q0.6,0.07,2000,0.6,calibrated,1.9258,2.933131201999151,zero_shot_Model_C
N0.07_D2000_Q0.8,0.07,2000,0.8,calibrated,2.3261,2.823117531576764,zero_shot_Model_C
N0.07_D2000_Q0.9,0.07,2000,0.9,calibrated,2.5085,2.767787320038124,zero_shot_Model_C
N0.07_D2000_Q1.0,0.07,2000,1.0,calibrated,2.7374,2.711802706566271,zero_shot_Model_C
N0.16_D0005_Q0.1,0.16,5,0.1,calibrated,0.9548,3.5728897244286224,zero_shot_Model_C
N0.16_D0005_Q0.2,0.16,5,0.2,calibrated,1.1752,3.5252098421933105,zero_shot_Model_C
N0.16_D0005_Q0.4,0.16,5,0.4,calibrated,1.6751,3.4296910614470475,zero_shot_Model_C
N0.16_D0005_Q0.6,0.16,5,0.6,calibrated,2.1591,3.333897388243236,zero_shot_Model_C
N0.16_D0005_Q0.8,0.16,5,0.8,calibrated,2.5952,3.2376788137116135,zero_shot_Model_C
N0.16_D0005_Q0.9,0.16,5,0.9,calibrated,2.8737,3.1892866996921394,zero_shot_Model_C
N0.16_D0005_Q1.0,0.16,5,1.0,calibrated,3.1013,3.1403222420635224,zero_shot_Model_C
N0.16_D0020_Q0.1,0.16,20,0.1,calibrated,0.8548,3.3186779442749796,zero_shot_Model_C
N0.16_D0020_Q0.2,0.16,20,0.2,calibrated,1.0782,3.2709980620396677,zero_shot_Model_C
N0.16_D0020_Q0.4,0.16,20,0.4,calibrated,1.5464,3.1754792812934047,zero_shot_Model_C
N0.16_D0020_Q0.6,0.16,20,0.6,calibrated,1.9486,3.0796856080895934,zero_shot_Model_C
N0.16_D0020_Q0.8,0.16,20,0.8,calibrated,2.4177,2.9834670335579707,zero_shot_Model_C
N0.16_D0020_Q0.9,0.16,20,0.9,calibrated,2.6607,2.9350749195384966,zero_shot_Model_C
N0.16_D0020_Q1.0,0.16,20,1.0,calibrated,2.8913,2.8861104619098796,zero_shot_Model_C
N0.16_D0100_Q0.1,0.16,100,0.1,calibrated,0.8001,3.124189283830364,zero_shot_Model_C
N0.16_D0100_Q0.2,0.16,100,0.2,calibrated,1.0158,3.076509401595052,zero_shot_Model_C
N0.16_D0100_Q0.4,0.16,100,0.4,calibrated,1.4134,2.9809906208487886,zero_shot_Model_C
N0.16_D0100_Q0.6,0.16,100,0.6,calibrated,1.8608,2.8851969476449777,zero_shot_Model_C
N0.16_D0100_Q0.8,0.16,100,0.8,calibrated,2.2318,2.788978373113355,zero_shot_Model_C
N0.16_D0100_Q0.9,0.16,100,0.9,calibrated,2.4932,2.740586259093881,zero_shot_Model_C
N0.16_D0100_Q1.0,0.16,100,1.0,calibrated,2.678,2.691621801465264,zero_shot_Model_C
N0.16_D0500_Q0.1,0.16,500,0.1,calibrated,0.7769,3.0002331939074813,zero_shot_Model_C
N0.16_D0500_Q0.2,0.16,500,0.2,calibrated,0.9664,2.9525533116721694,zero_shot_Model_C
N0.16_D0500_Q0.4,0.16,500,0.4,calibrated,1.351,2.8570345309259064,zero_shot_Model_C
N0.16_D0500_Q0.6,0.16,500,0.6,calibrated,1.7639,2.761240857722095,zero_shot_Model_C
N0.16_D0500_Q0.8,0.16,500,0.8,calibrated,2.1303,2.6650222831904724,zero_shot_Model_C
N0.16_D0500_Q0.9,0.16,500,0.9,calibrated,2.3645,2.6166301691709983,zero_shot_Model_C
N0.16_D0500_Q1.0,0.16,500,1.0,calibrated,2.5293,2.5676657115423813,zero_shot_Model_C
N0.16_D1000_Q0.1,0.16,1000,0.1,calibrated,0.7577,2.9618186747736823,zero_shot_Model_C
N0.16_D1000_Q0.2,0.16,1000,0.2,calibrated,0.9466,2.9141387925383704,zero_shot_Model_C
N0.16_D1000_Q0.4,0.16,1000,0.4,calibrated,1.3709,2.818620011792107,zero_shot_Model_C
N0.16_D1000_Q0.6,0.16,1000,0.6,calibrated,1.7116,2.722826338588296,zero_shot_Model_C
N0.16_D1000_Q0.8,0.16,1000,0.8,calibrated,2.0871,2.6266077640566734,zero_shot_Model_C
N0.16_D1000_Q0.9,0.16,1000,0.9,calibrated,2.3054,2.5782156500371993,zero_shot_Model_C
N0.16_D1000_Q1.0,0.16,1000,1.0,calibrated,2.5056,2.5292511924085823,zero_shot_Model_C
N0.16_D2000_Q0.1,0.16,2000,0.1,calibrated,0.7317,2.930178149166423,zero_shot_Model_C
N0.16_D2000_Q0.2,0.16,2000,0.2,calibrated,0.9418,2.882498266931111,zero_shot_Model_C
N0.16_D2000_Q0.4,0.16,2000,0.4,calibrated,1.335,2.7869794861848476,zero_shot_Model_C
N0.16_D2000_Q0.6,0.16,2000,0.6,calibrated,1.6953,2.6911858129810367,zero_shot_Model_C
N0.16_D2000_Q0.8,0.16,2000,0.8,calibrated,2.0992,2.594967238449414,zero_shot_Model_C
N0.16_D2000_Q0.9,0.16,2000,0.9,calibrated,2.246,2.54657512442994,zero_shot_Model_C
N0.16_D2000_Q1.0,0.16,2000,1.0,calibrated,2.4771,2.497610666801323,zero_shot_Model_C
N0.41_D0005_Q0.1,0.41,5,0.1,calibrated,0.7497,3.3309978024803812,zero_shot_Model_C
N0.41_D0005_Q0.2,0.41,5,0.2,calibrated,1.0023,3.2900621398019716,zero_shot_Model_C
N0.41_D0005_Q0.4,0.41,5,0.4,calibrated,1.4755,3.20805429068891,zero_shot_Model_C
N0.41_D0005_Q0.6,0.41,5,0.6,calibrated,1.98,3.125810432081121,zero_shot_Model_C
N0.41_D0005_Q0.8,0.41,5,0.8,calibrated,2.4492,3.043201773549099,zero_shot_Model_C
N0.41_D0005_Q0.9,0.41,5,0.9,calibrated,2.6707,3.0016546227818255,zero_shot_Model_C
N0.41_D0005_Q1.0,0.41,5,1.0,calibrated,3.0229,2.9596160852111124,zero_shot_Model_C
N0.41_D0020_Q0.1,0.41,20,0.1,calibrated,0.695,3.0767860223267385,zero_shot_Model_C
N0.41_D0020_Q0.2,0.41,20,0.2,calibrated,0.9131,3.035850359648329,zero_shot_Model_C
N0.41_D0020_Q0.4,0.41,20,0.4,calibrated,1.3143,2.9538425105352673,zero_shot_Model_C
N0.41_D0020_Q0.6,0.41,20,0.6,calibrated,1.7915,2.8715986519274783,zero_shot_Model_C
N0.41_D0020_Q0.8,0.41,20,0.8,calibrated,2.246,2.788989993395456,zero_shot_Model_C
N0.41_D0020_Q0.9,0.41,20,0.9,calibrated,2.474,2.7474428426281827,zero_shot_Model_C
N0.41_D0020_Q1.0,0.41,20,1.0,calibrated,2.7188,2.7054043050574696,zero_shot_Model_C
N0.41_D0100_Q0.1,0.41,100,0.1,calibrated,0.6432,2.882297361882123,zero_shot_Model_C
N0.41_D0100_Q0.2,0.41,100,0.2,calibrated,0.8168,2.841361699203713,zero_shot_Model_C
N0.41_D0100_Q0.4,0.41,100,0.4,calibrated,1.2365,2.7593538500906516,zero_shot_Model_C
N0.41_D0100_Q0.6,0.41,100,0.6,calibrated,1.6841,2.6771099914828627,zero_shot_Model_C
N0.41_D0100_Q0.8,0.41,100,0.8,calibrated,2.0213,2.5945013329508404,zero_shot_Model_C
N0.41_D0100_Q0.9,0.41,100,0.9,calibrated,2.2729,2.552954182183567,zero_shot_Model_C
N0.41_D0100_Q1.0,0.41,100,1.0,calibrated,2.488,2.510915644612854,zero_shot_Model_C
N0.41_D0500_Q0.1,0.41,500,0.1,calibrated,0.6047,2.75834127195924,zero_shot_Model_C
N0.41_D0500_Q0.2,0.41,500,0.2,calibrated,0.8045,2.7174056092808305,zero_shot_Model_C
N0.41_D0500_Q0.4,0.41,500,0.4,calibrated,1.2031,2.635397760167769,zero_shot_Model_C
N0.41_D0500_Q0.6,0.41,500,0.6,calibrated,1.5817,2.55315390155998,zero_shot_Model_C
N0.41_D0500_Q0.8,0.41,500,0.8,calibrated,1.9863,2.4705452430279577,zero_shot_Model_C
N0.41_D0500_Q0.9,0.41,500,0.9,calibrated,2.1829,2.4289980922606844,zero_shot_Model_C
N0.41_D0500_Q1.0,0.41,500,1.0,calibrated,2.3631,2.3869595546899713,zero_shot_Model_C
N0.41_D1000_Q0.1,0.41,1000,0.1,calibrated,0.5885,2.719926752825441,zero_shot_Model_C
N0.41_D1000_Q0.2,0.41,1000,0.2,calibrated,0.7592,2.6789910901470315,zero_shot_Model_C
N0.41_D1000_Q0.4,0.41,1000,0.4,calibrated,1.2144,2.59698324103397,zero_shot_Model_C
N0.41_D1000_Q0.6,0.41,1000,0.6,calibrated,1.5743,2.514739382426181,zero_shot_Model_C
N0.41_D1000_Q0.8,0.41,1000,0.8,calibrated,1.9279,2.4321307238941587,zero_shot_Model_C
N0.41_D1000_Q0.9,0.41,1000,0.9,calibrated,2.1495,2.3905835731268854,zero_shot_Model_C
N0.41_D1000_Q1.0,0.41,1000,1.0,calibrated,2.4128,2.3485450355561723,zero_shot_Model_C
N0.41_D2000_Q0.1,0.41,2000,0.1,calibrated,0.5802,2.688286227218182,zero_shot_Model_C
N0.41_D2000_Q0.2,0.41,2000,0.2,calibrated,0.7774,2.647350564539772,zero_shot_Model_C
N0.41_D2000_Q0.4,0.41,2000,0.4,calibrated,1.2122,2.5653427154267106,zero_shot_Model_C
N0.41_D2000_Q0.6,0.41,2000,0.6,calibrated,1.5758,2.4830988568189216,zero_shot_Model_C
N0.41_D2000_Q0.8,0.41,2000,0.8,calibrated,1.9375,2.4004901982868994,zero_shot_Model_C
N0.41_D2000_Q0.9,0.41,2000,0.9,calibrated,2.0973,2.358943047519626,zero_shot_Model_C
N0.41_D2000_Q1.0,0.41,2000,1.0,calibrated,2.3248,2.316904509948913,zero_shot_Model_C
N0.7_D0005_Q0.1,0.7,5,0.1,calibrated,0.651,3.2204540817275626,zero_shot_Model_C
N0.7_D0005_Q0.2,0.7,5,0.2,calibrated,0.8807,3.182917909215449,zero_shot_Model_C
N0.7_D0005_Q0.4,0.7,5,0.4,calibrated,1.3678,3.1077203780104936,zero_shot_Model_C
N0.7_D0005_Q0.6,0.7,5,0.6,calibrated,1.8832,3.032306436650457,zero_shot_Model_C
N0.7_D0005_Q0.8,0.7,5,0.8,calibrated,2.3581,2.9565579900694834,zero_shot_Model_C
N0.7_D0005_Q0.9,0.7,5,0.9,calibrated,2.6571,2.9184611103184763,zero_shot_Model_C
N0.7_D0005_Q1.0,0.7,5,1.0,calibrated,2.862,2.8799136508377847,zero_shot_Model_C
N0.7_D0020_Q0.1,0.7,20,0.1,calibrated,0.5886,2.9662423015739194,zero_shot_Model_C
N0.7_D0020_Q0.2,0.7,20,0.2,calibrated,0.82,2.9287061290618057,zero_shot_Model_C
N0.7_D0020_Q0.4,0.7,20,0.4,calibrated,1.2544,2.8535085978568504,zero_shot_Model_C
N0.7_D0020_Q0.6,0.7,20,0.6,calibrated,1.733,2.7780946564968136,zero_shot_Model_C
N0.7_D0020_Q0.8,0.7,20,0.8,calibrated,2.1359,2.70234620991584,zero_shot_Model_C
N0.7_D0020_Q0.9,0.7,20,0.9,calibrated,2.4142,2.664249330164833,zero_shot_Model_C
N0.7_D0020_Q1.0,0.7,20,1.0,calibrated,2.5856,2.6257018706841415,zero_shot_Model_C
N0.7_D0100_Q0.1,0.7,100,0.1,calibrated,0.5313,2.771753641129304,zero_shot_Model_C
N0.7_D0100_Q0.2,0.7,100,0.2,calibrated,0.7638,2.73421746861719,zero_shot_Model_C
N0.7_D0100_Q0.4,0.7,100,0.4,calibrated,1.1979,2.6590199374122347,zero_shot_Model_C
N0.7_D0100_Q0.6,0.7,100,0.6,calibrated,1.5891,2.583605996052198,zero_shot_Model_C
N0.7_D0100_Q0.8,0.7,100,0.8,calibrated,2.017,2.5078575494712245,zero_shot_Model_C
N0.7_D0100_Q0.9,0.7,100,0.9,calibrated,2.1928,2.4697606697202175,zero_shot_Model_C
N0.7_D0100_Q1.0,0.7,100,1.0,calibrated,2.4334,2.431213210239526,zero_shot_Model_C
N0.7_D0500_Q0.1,0.7,500,0.1,calibrated,0.5138,2.647797551206421,zero_shot_Model_C
N0.7_D0500_Q0.2,0.7,500,0.2,calibrated,0.701,2.6102613786943074,zero_shot_Model_C
N0.7_D0500_Q0.4,0.7,500,0.4,calibrated,1.1327,2.535063847489352,zero_shot_Model_C
N0.7_D0500_Q0.6,0.7,500,0.6,calibrated,1.5486,2.4596499061293153,zero_shot_Model_C
N0.7_D0500_Q0.8,0.7,500,0.8,calibrated,1.8982,2.383901459548342,zero_shot_Model_C
N0.7_D0500_Q0.9,0.7,500,0.9,calibrated,2.0978,2.345804579797335,zero_shot_Model_C
N0.7_D0500_Q1.0,0.7,500,1.0,calibrated,2.2912,2.307257120316643,zero_shot_Model_C
N0.7_D1000_Q0.1,0.7,1000,0.1,calibrated,0.5071,2.609383032072622,zero_shot_Model_C
N0.7_D1000_Q0.2,0.7,1000,0.2,calibrated,0.7115,2.5718468595605084,zero_shot_Model_C
N0.7_D1000_Q0.4,0.7,1000,0.4,calibrated,1.1056,2.496649328355553,zero_shot_Model_C
N0.7_D1000_Q0.6,0.7,1000,0.6,calibrated,1.4614,2.4212353869955163,zero_shot_Model_C
N0.7_D1000_Q0.8,0.7,1000,0.8,calibrated,1.8896,2.345486940414543,zero_shot_Model_C
N0.7_D1000_Q0.9,0.7,1000,0.9,calibrated,2.0683,2.307390060663536,zero_shot_Model_C
N0.7_D1000_Q1.0,0.7,1000,1.0,calibrated,2.297,2.268842601182844,zero_shot_Model_C
N0.7_D2000_Q0.1,0.7,2000,0.1,calibrated,0.5001,2.5777425064653627,zero_shot_Model_C
N0.7_D2000_Q0.2,0.7,2000,0.2,calibrated,0.6784,2.540206333953249,zero_shot_Model_C
N0.7_D2000_Q0.4,0.7,2000,0.4,calibrated,1.0904,2.4650088027482937,zero_shot_Model_C
N0.7_D2000_Q0.6,0.7,2000,0.6,calibrated,1.4277,2.389594861388257,zero_shot_Model_C
N0.7_D2000_Q0.8,0.7,2000,0.8,calibrated,1.8579,2.3138464148072835,zero_shot_Model_C
N0.7_D2000_Q0.9,0.7,2000,0.9,calibrated,2.0246,2.2757495350562764,zero_shot_Model_C
N0.7_D2000_Q1.0,0.7,2000,1.0,calibrated,2.2183,2.237202075575585,zero_shot_Model_C
N1.0_D0005_Q0.1,1.0,5,0.1,calibrated,0.5747,3.1556914995088454,zero_shot_Model_C
N1.0_D0005_Q0.2,1.0,5,0.2,calibrated,0.8142,3.1202636678084867,zero_shot_Model_C
N1.0_D0005_Q0.4,1.0,5,0.4,calibrated,1.3204,3.049289849714703,zero_shot_Model_C
N1.0_D0005_Q0.6,1.0,5,0.6,calibrated,1.8086,2.978111776843744,zero_shot_Model_C
N1.0_D0005_Q0.8,1.0,5,0.8,calibrated,2.3623,2.906617987321962,zero_shot_Model_C
N1.0_D0005_Q0.9,1.0,5,0.9,calibrated,2.5719,2.870660942322451,zero_shot_Model_C
N1.0_D0005_Q1.0,1.0,5,1.0,calibrated,2.8125,2.834278625864437,zero_shot_Model_C
N1.0_D0020_Q0.1,1.0,20,0.1,calibrated,0.5188,2.9014797193552027,zero_shot_Model_C
N1.0_D0020_Q0.2,1.0,20,0.2,calibrated,0.7381,2.866051887654844,zero_shot_Model_C
N1.0_D0020_Q0.4,1.0,20,0.4,calibrated,1.2279,2.79507806956106,zero_shot_Model_C
N1.0_D0020_Q0.6,1.0,20,0.6,calibrated,1.6574,2.7238999966901014,zero_shot_Model_C
N1.0_D0020_Q0.8,1.0,20,0.8,calibrated,2.0844,2.6524062071683194,zero_shot_Model_C
N1.0_D0020_Q0.9,1.0,20,0.9,calibrated,2.3062,2.6164491621688084,zero_shot_Model_C
N1.0_D0020_Q1.0,1.0,20,1.0,calibrated,2.6133,2.5800668457107943,zero_shot_Model_C
N1.0_D0100_Q0.1,1.0,100,0.1,calibrated,0.5,2.706991058910587,zero_shot_Model_C
N1.0_D0100_Q0.2,1.0,100,0.2,calibrated,0.7102,2.6715632272102283,zero_shot_Model_C
N1.0_D0100_Q0.4,1.0,100,0.4,calibrated,1.1107,2.6005894091164445,zero_shot_Model_C
N1.0_D0100_Q0.6,1.0,100,0.6,calibrated,1.5225,2.5294113362454858,zero_shot_Model_C
N1.0_D0100_Q0.8,1.0,100,0.8,calibrated,1.9487,2.4579175467237038,zero_shot_Model_C
N1.0_D0100_Q0.9,1.0,100,0.9,calibrated,2.2185,2.4219605017241927,zero_shot_Model_C
N1.0_D0100_Q1.0,1.0,100,1.0,calibrated,2.4489,2.3855781852661786,zero_shot_Model_C
N1.0_D0500_Q0.1,1.0,500,0.1,calibrated,0.5,2.5830349689877043,zero_shot_Model_C
N1.0_D0500_Q0.2,1.0,500,0.2,calibrated,0.6599,2.5476071372873457,zero_shot_Model_C
N1.0_D0500_Q0.4,1.0,500,0.4,calibrated,1.0836,2.476633319193562,zero_shot_Model_C
N1.0_D0500_Q0.6,1.0,500,0.6,calibrated,1.4518,2.405455246322603,zero_shot_Model_C
N1.0_D0500_Q0.8,1.0,500,0.8,calibrated,1.8739,2.333961456800821,zero_shot_Model_C
N1.0_D0500_Q0.9,1.0,500,0.9,calibrated,2.0431,2.29800441180131,zero_shot_Model_C
N1.0_D0500_Q1.0,1.0,500,1.0,calibrated,2.2572,2.261622095343296,zero_shot_Model_C
N1.0_D1000_Q0.1,1.0,1000,0.1,calibrated,0.5,2.5446204498539053,zero_shot_Model_C
N1.0_D1000_Q0.2,1.0,1000,0.2,calibrated,0.6605,2.5091926181535467,zero_shot_Model_C
N1.0_D1000_Q0.4,1.0,1000,0.4,calibrated,1.0525,2.438218800059763,zero_shot_Model_C
N1.0_D1000_Q0.6,1.0,1000,0.6,calibrated,1.407,2.367040727188804,zero_shot_Model_C
N1.0_D1000_Q0.8,1.0,1000,0.8,calibrated,1.8615,2.295546937667022,zero_shot_Model_C
N1.0_D1000_Q0.9,1.0,1000,0.9,calibrated,1.9758,2.259589892667511,zero_shot_Model_C
N1.0_D1000_Q1.0,1.0,1000,1.0,calibrated,2.1409,2.223207576209497,zero_shot_Model_C
N1.0_D2000_Q0.1,1.0,2000,0.1,calibrated,0.5,2.512979924246646,zero_shot_Model_C
N1.0_D2000_Q0.2,1.0,2000,0.2,calibrated,0.6467,2.4775520925462873,zero_shot_Model_C
N1.0_D2000_Q0.4,1.0,2000,0.4,calibrated,1.0295,2.4065782744525035,zero_shot_Model_C
N1.0_D2000_Q0.6,1.0,2000,0.6,calibrated,1.4304,2.3354002015815447,zero_shot_Model_C
N1.0_D2000_Q0.8,1.0,2000,0.8,calibrated,1.7725,2.2639064120597627,zero_shot_Model_C
N1.0_D2000_Q0.9,1.0,2000,0.9,calibrated,2.027,2.2279493670602517,zero_shot_Model_C
N1.0_D2000_Q1.0,1.0,2000,1.0,calibrated,2.2081,2.1915670506022376,zero_shot_Model_C
N2.8_D0005_Q0.1,2.8,5,0.1,calibrated,0.5,3.0017463003130653,zero_shot_Model_C
N2.8_D0005_Q0.2,2.8,5,0.2,calibrated,0.6798,2.971763488184545,zero_shot_Model_C
N2.8_D0005_Q0.4,2.8,5,0.4,calibrated,1.2039,2.9116978688164767,zero_shot_Model_C
N2.8_D0005_Q0.6,2.8,5,0.6,calibrated,1.7229,2.8514593872574006,zero_shot_Model_C
N2.8_D0005_Q0.8,2.8,5,0.8,calibrated,2.2056,2.7909537125743555,zero_shot_Model_C
N2.8_D0005_Q0.9,2.8,5,0.9,calibrated,2.4428,2.760523023673172,zero_shot_Model_C
N2.8_D0005_Q1.0,2.8,5,1.0,calibrated,2.721,2.729732424677807,zero_shot_Model_C
N2.8_D0020_Q0.1,2.8,20,0.1,calibrated,0.5,2.7475345201594226,zero_shot_Model_C
N2.8_D0020_Q0.2,2.8,20,0.2,calibrated,0.623,2.717551708030902,zero_shot_Model_C
N2.8_D0020_Q0.4,2.8,20,0.4,calibrated,1.0678,2.657486088662834,zero_shot_Model_C
N2.8_D0020_Q0.6,2.8,20,0.6,calibrated,1.5279,2.597247607103758,zero_shot_Model_C
N2.8_D0020_Q0.8,2.8,20,0.8,calibrated,2.0341,2.5367419324207128,zero_shot_Model_C
N2.8_D0020_Q0.9,2.8,20,0.9,calibrated,2.2362,2.506311243519529,zero_shot_Model_C
N2.8_D0020_Q1.0,2.8,20,1.0,calibrated,2.5073,2.475520644524164,zero_shot_Model_C
N2.8_D0100_Q0.1,2.8,100,0.1,calibrated,0.5,2.553045859714807,zero_shot_Model_C
N2.8_D0100_Q0.2,2.8,100,0.2,calibrated,0.5671,2.5230630475862865,zero_shot_Model_C
N2.8_D0100_Q0.4,2.8,100,0.4,calibrated,0.9718,2.4629974282182183,zero_shot_Model_C
N2.8_D0100_Q0.6,2.8,100,0.6,calibrated,1.4075,2.402758946659142,zero_shot_Model_C
N2.8_D0100_Q0.8,2.8,100,0.8,calibrated,1.8765,2.342253271976097,zero_shot_Model_C
N2.8_D0100_Q0.9,2.8,100,0.9,calibrated,2.0444,2.3118225830749135,zero_shot_Model_C
N2.8_D0100_Q1.0,2.8,100,1.0,calibrated,2.2588,2.2810319840795485,zero_shot_Model_C
N2.8_D0500_Q0.1,2.8,500,0.1,calibrated,0.5,2.4290897697919243,zero_shot_Model_C
N2.8_D0500_Q0.2,2.8,500,0.2,calibrated,0.5387,2.399106957663404,zero_shot_Model_C
N2.8_D0500_Q0.4,2.8,500,0.4,calibrated,0.9045,2.3390413382953357,zero_shot_Model_C
N2.8_D0500_Q0.6,2.8,500,0.6,calibrated,1.3308,2.2788028567362595,zero_shot_Model_C
N2.8_D0500_Q0.8,2.8,500,0.8,calibrated,1.7571,2.2182971820532145,zero_shot_Model_C
N2.8_D0500_Q0.9,2.8,500,0.9,calibrated,1.9167,2.187866493152031,zero_shot_Model_C
N2.8_D0500_Q1.0,2.8,500,1.0,calibrated,2.1517,2.157075894156666,zero_shot_Model_C
N2.8_D1000_Q0.1,2.8,1000,0.1,calibrated,0.5,2.3906752506581253,zero_shot_Model_C
N2.8_D1000_Q0.2,2.8,1000,0.2,calibrated,0.519,2.360692438529605,zero_shot_Model_C
N2.8_D1000_Q0.4,2.8,1000,0.4,calibrated,0.8987,2.3006268191615367,zero_shot_Model_C
N2.8_D1000_Q0.6,2.8,1000,0.6,calibrated,1.3353,2.2403883376024605,zero_shot_Model_C
N2.8_D1000_Q0.8,2.8,1000,0.8,calibrated,1.6984,2.1798826629194155,zero_shot_Model_C
N2.8_D1000_Q0.9,2.8,1000,0.9,calibrated,1.9178,2.149451974018232,zero_shot_Model_C
N2.8_D1000_Q1.0,2.8,1000,1.0,calibrated,2.1237,2.118661375022867,zero_shot_Model_C
N2.8_D2000_Q0.1,2.8,2000,0.1,calibrated,0.5,2.359034725050866,zero_shot_Model_C
N2.8_D2000_Q0.2,2.8,2000,0.2,calibrated,0.5242,2.3290519129223455,zero_shot_Model_C
N2.8_D2000_Q0.4,2.8,2000,0.4,calibrated,0.9232,2.2689862935542773,zero_shot_Model_C
N2.8_D2000_Q0.6,2.8,2000,0.6,calibrated,1.2855,2.208747811995201,zero_shot_Model_C
N2.8_D2000_Q0.8,2.8,2000,0.8,calibrated,1.6576,2.148242137312156,zero_shot_Model_C
N2.8_D2000_Q0.9,2.8,2000,0.9,calibrated,1.8775,2.1178114484109725,zero_shot_Model_C
N2.8_D2000_Q1.0,2.8,2000,1.0,calibrated,2.0839,2.0870208494156075,zero_shot_Model_C
N4.0_D0005_Q0.1,4.0,5,0.1,calibrated,0.5,2.957983036577856,zero_shot_Model_C
N4.0_D0005_Q0.2,4.0,5,0.2,calibrated,0.6084,2.9296843062890954,zero_shot_Model_C
N4.0_D0005_Q0.4,4.0,5,0.4,calibrated,1.1447,2.872992467150116,zero_shot_Model_C
N4.0_D0005_Q0.6,4.0,5,0.6,calibrated,1.6246,2.8161374751854615,zero_shot_Model_C
N4.0_D0005_Q0.8,4.0,5,0.8,calibrated,2.1965,2.759030297864817,zero_shot_Model_C
N4.0_D0005_Q0.9,4.0,5,0.9,calibrated,2.4512,2.7303088472542307,zero_shot_Model_C
N4.0_D0005_Q1.0,4.0,5,1.0,calibrated,2.6973,2.701247702066639,zero_shot_Model_C
N4.0_D0020_Q0.1,4.0,20,0.1,calibrated,0.5,2.703771256424213,zero_shot_Model_C
N4.0_D0020_Q0.2,4.0,20,0.2,calibrated,0.5655,2.6754725261354526,zero_shot_Model_C
N4.0_D0020_Q0.4,4.0,20,0.4,calibrated,1.0284,2.618780686996473,zero_shot_Model_C
N4.0_D0020_Q0.6,4.0,20,0.6,calibrated,1.5025,2.5619256950318188,zero_shot_Model_C
N4.0_D0020_Q0.8,4.0,20,0.8,calibrated,1.9253,2.504818517711174,zero_shot_Model_C
N4.0_D0020_Q0.9,4.0,20,0.9,calibrated,2.2398,2.476097067100588,zero_shot_Model_C
N4.0_D0020_Q1.0,4.0,20,1.0,calibrated,2.4139,2.4470359219129962,zero_shot_Model_C
N4.0_D0100_Q0.1,4.0,100,0.1,calibrated,0.5,2.5092825959795975,zero_shot_Model_C
N4.0_D0100_Q0.2,4.0,100,0.2,calibrated,0.5116,2.480983865690837,zero_shot_Model_C
N4.0_D0100_Q0.4,4.0,100,0.4,calibrated,0.9435,2.4242920265518575,zero_shot_Model_C
N4.0_D0100_Q0.6,4.0,100,0.6,calibrated,1.3727,2.367437034587203,zero_shot_Model_C
N4.0_D0100_Q0.8,4.0,100,0.8,calibrated,1.8522,2.3103298572665585,zero_shot_Model_C
N4.0_D0100_Q0.9,4.0,100,0.9,calibrated,2.1002,2.2816084066559723,zero_shot_Model_C
N4.0_D0100_Q1.0,4.0,100,1.0,calibrated,2.2786,2.2525472614683806,zero_shot_Model_C
N4.0_D0500_Q0.1,4.0,500,0.1,calibrated,0.5,2.385326506056715,zero_shot_Model_C
N4.0_D0500_Q0.2,4.0,500,0.2,calibrated,0.5,2.3570277757679543,zero_shot_Model_C
N4.0_D0500_Q0.4,4.0,500,0.4,calibrated,0.888,2.300335936628975,zero_shot_Model_C
N4.0_D0500_Q0.6,4.0,500,0.6,calibrated,1.2876,2.2434809446643205,zero_shot_Model_C
N4.0_D0500_Q0.8,4.0,500,0.8,calibrated,1.7157,2.186373767343676,zero_shot_Model_C
N4.0_D0500_Q0.9,4.0,500,0.9,calibrated,1.9644,2.1576523167330897,zero_shot_Model_C
N4.0_D0500_Q1.0,4.0,500,1.0,calibrated,2.1365,2.128591171545498,zero_shot_Model_C
N4.0_D1000_Q0.1,4.0,1000,0.1,calibrated,0.5,2.346911986922916,zero_shot_Model_C
N4.0_D1000_Q0.2,4.0,1000,0.2,calibrated,0.5,2.3186132566341553,zero_shot_Model_C
N4.0_D1000_Q0.4,4.0,1000,0.4,calibrated,0.8604,2.261921417495176,zero_shot_Model_C
N4.0_D1000_Q0.6,4.0,1000,0.6,calibrated,1.2945,2.2050664255305215,zero_shot_Model_C
N4.0_D1000_Q0.8,4.0,1000,0.8,calibrated,1.7176,2.147959248209877,zero_shot_Model_C
N4.0_D1000_Q0.9,4.0,1000,0.9,calibrated,1.8943,2.1192377975992907,zero_shot_Model_C
N4.0_D1000_Q1.0,4.0,1000,1.0,calibrated,2.1308,2.090176652411699,zero_shot_Model_C
N4.0_D2000_Q0.1,4.0,2000,0.1,calibrated,0.5,2.3152714613156564,zero_shot_Model_C
N4.0_D2000_Q0.2,4.0,2000,0.2,calibrated,0.5,2.286972731026896,zero_shot_Model_C
N4.0_D2000_Q0.4,4.0,2000,0.4,calibrated,0.8502,2.2302808918879165,zero_shot_Model_C
N4.0_D2000_Q0.6,4.0,2000,0.6,calibrated,1.281,2.173425899923262,zero_shot_Model_C
N4.0_D2000_Q0.8,4.0,2000,0.8,calibrated,1.6704,2.1163187226026174,zero_shot_Model_C
N4.0_D2000_Q0.9,4.0,2000,0.9,calibrated,1.8145,2.0875972719920313,zero_shot_Model_C
N4.0_D2000_Q1.0,4.0,2000,1.0,calibrated,2.0978,2.0585361268044395,zero_shot_Model_C
N6.9_D0005_Q0.1,6.9,5,0.1,calibrated,0.5,2.8988854006015092,zero_shot_Model_C
N6.9_D0005_Q0.2,6.9,5,0.2,calibrated,0.5546,2.872980027690947,zero_shot_Model_C
N6.9_D0005_Q0.4,6.9,5,0.4,calibrated,1.0436,2.8210828853494005,zero_shot_Model_C
N6.9_D0005_Q0.6,6.9,5,0.6,calibrated,1.6422,2.7690363887878098,zero_shot_Model_C
N6.9_D0005_Q0.8,6.9,5,0.8,calibrated,2.1078,2.716759035377772,zero_shot_Model_C
N6.9_D0005_Q0.9,6.9,5,0.9,calibrated,2.465,2.690466693601045,zero_shot_Model_C
N6.9_D0005_Q1.0,6.9,5,1.0,calibrated,2.633,2.6638633868233006,zero_shot_Model_C
N6.9_D0020_Q0.1,6.9,20,0.1,calibrated,0.5,2.6446736204478665,zero_shot_Model_C
N6.9_D0020_Q0.2,6.9,20,0.2,calibrated,0.5,2.618768247537304,zero_shot_Model_C
N6.9_D0020_Q0.4,6.9,20,0.4,calibrated,0.9636,2.566871105195758,zero_shot_Model_C
N6.9_D0020_Q0.6,6.9,20,0.6,calibrated,1.4457,2.514824608634167,zero_shot_Model_C
N6.9_D0020_Q0.8,6.9,20,0.8,calibrated,1.9664,2.462547255224129,zero_shot_Model_C
N6.9_D0020_Q0.9,6.9,20,0.9,calibrated,2.1852,2.436254913447402,zero_shot_Model_C
N6.9_D0020_Q1.0,6.9,20,1.0,calibrated,2.4144,2.409651606669658,zero_shot_Model_C
N6.9_D0100_Q0.1,6.9,100,0.1,calibrated,0.5,2.4501849600032504,zero_shot_Model_C
N6.9_D0100_Q0.2,6.9,100,0.2,calibrated,0.5,2.424279587092688,zero_shot_Model_C
N6.9_D0100_Q0.4,6.9,100,0.4,calibrated,0.882,2.3723824447511417,zero_shot_Model_C
N6.9_D0100_Q0.6,6.9,100,0.6,calibrated,1.3304,2.320335948189551,zero_shot_Model_C
N6.9_D0100_Q0.8,6.9,100,0.8,calibrated,1.818,2.268058594779513,zero_shot_Model_C
N6.9_D0100_Q0.9,6.9,100,0.9,calibrated,1.9399,2.241766253002786,zero_shot_Model_C
N6.9_D0100_Q1.0,6.9,100,1.0,calibrated,2.2368,2.2151629462250417,zero_shot_Model_C
N6.9_D0500_Q0.1,6.9,500,0.1,calibrated,0.5,2.326228870080368,zero_shot_Model_C
N6.9_D0500_Q0.2,6.9,500,0.2,calibrated,0.5,2.300323497169806,zero_shot_Model_C
N6.9_D0500_Q0.4,6.9,500,0.4,calibrated,0.8513,2.2484263548282595,zero_shot_Model_C
N6.9_D0500_Q0.6,6.9,500,0.6,calibrated,1.2524,2.1963798582666687,zero_shot_Model_C
N6.9_D0500_Q0.8,6.9,500,0.8,calibrated,1.6838,2.144102504856631,zero_shot_Model_C
N6.9_D0500_Q0.9,6.9,500,0.9,calibrated,1.9071,2.1178101630799038,zero_shot_Model_C
N6.9_D0500_Q1.0,6.9,500,1.0,calibrated,2.1285,2.0912068563021595,zero_shot_Model_C
N6.9_D1000_Q0.1,6.9,1000,0.1,calibrated,0.5,2.2878143509465687,zero_shot_Model_C
N6.9_D1000_Q0.2,6.9,1000,0.2,calibrated,0.5,2.2619089780360064,zero_shot_Model_C
N6.9_D1000_Q0.4,6.9,1000,0.4,calibrated,0.8559,2.21001183569446,zero_shot_Model_C
N6.9_D1000_Q0.6,6.9,1000,0.6,calibrated,1.2482,2.1579653391328693,zero_shot_Model_C
N6.9_D1000_Q0.8,6.9,1000,0.8,calibrated,1.6614,2.1056879857228314,zero_shot_Model_C
N6.9_D1000_Q0.9,6.9,1000,0.9,calibrated,1.837,2.0793956439461043,zero_shot_Model_C
N6.9_D1000_Q1.0,6.9,1000,1.0,calibrated,2.0548,2.05279233716836,zero_shot_Model_C
N6.9_D2000_Q0.1,6.9,2000,0.1,calibrated,0.5,2.2561738253393093,zero_shot_Model_C
N6.9_D2000_Q0.2,6.9,2000,0.2,calibrated,0.5,2.230268452428747,zero_shot_Model_C
N6.9_D2000_Q0.4,6.9,2000,0.4,calibrated,0.8294,2.1783713100872006,zero_shot_Model_C
N6.9_D2000_Q0.6,6.9,2000,0.6,calibrated,1.2332,2.12632481352561,zero_shot_Model_C
N6.9_D2000_Q0.8,6.9,2000,0.8,calibrated,1.651,2.074047460115572,zero_shot_Model_C
N6.9_D2000_Q0.9,6.9,2000,0.9,calibrated,1.8064,2.047755118338845,zero_shot_Model_C
N6.9_D2000_Q1.0,6.9,2000,1.0,calibrated,1.9935,2.0211518115611007,zero_shot_Model_C
N12_D0005_Q0.1,12.0,5,0.1,calibrated,0.5,2.8472428490195245,zero_shot_Model_C
N12_D0005_Q0.2,12.0,5,0.2,calibrated,0.5,2.8235597509499697,zero_shot_Model_C
N12_D0005_Q0.4,12.0,5,0.4,calibrated,1.0113,2.776114569757331,zero_shot_Model_C
N12_D0005_Q0.6,12.0,5,0.6,calibrated,1.5682,2.7285328465950927,zero_shot_Model_C
N12_D0005_Q0.8,12.0,5,0.8,calibrated,2.0752,2.680740070482539,zero_shot_Model_C
N12_D0005_Q0.9,12.0,5,0.9,calibrated,2.3423,2.6567031994084847,zero_shot_Model_C
N12_D0005_Q1.0,12.0,5,1.0,calibrated,2.701,2.6323820392550674,zero_shot_Model_C
N12_D0020_Q0.1,12.0,20,0.1,calibrated,0.5,2.5930310688658817,zero_shot_Model_C
N12_D0020_Q0.2,12.0,20,0.2,calibrated,0.5,2.569347970796327,zero_shot_Model_C
N12_D0020_Q0.4,12.0,20,0.4,calibrated,0.9074,2.521902789603688,zero_shot_Model_C
N12_D0020_Q0.6,12.0,20,0.6,calibrated,1.4022,2.47432106644145,zero_shot_Model_C
N12_D0020_Q0.8,12.0,20,0.8,calibrated,1.9488,2.4265282903288963,zero_shot_Model_C
N12_D0020_Q0.9,12.0,20,0.9,calibrated,2.1859,2.402491419254842,zero_shot_Model_C
N12_D0020_Q1.0,12.0,20,1.0,calibrated,2.3472,2.3781702591014247,zero_shot_Model_C
N12_D0050_Q0.1,12.0,50,0.1,calibrated,0.5,2.4717192279132476,zero_shot_Model_C
N12_D0050_Q0.2,12.0,50,0.2,calibrated,0.5,2.448036129843693,zero_shot_Model_C
N12_D0050_Q0.4,12.0,50,0.4,calibrated,0.8712,2.400590948651054,zero_shot_Model_C
N12_D0050_Q0.6,12.0,50,0.6,calibrated,1.3567,2.3530092254888157,zero_shot_Model_C
N12_D0050_Q0.8,12.0,50,0.8,calibrated,1.7878,2.305216449376262,zero_shot_Model_C
N12_D0050_Q0.9,12.0,50,0.9,calibrated,2.0117,2.2811795783022077,zero_shot_Model_C
N12_D0050_Q1.0,12.0,50,1.0,calibrated,2.2387,2.2568584181487905,zero_shot_Model_C
N12_D0100_Q0.1,12.0,100,0.1,calibrated,0.5,2.398542408421266,zero_shot_Model_C
N12_D0100_Q0.2,12.0,100,0.2,calibrated,0.5,2.3748593103517113,zero_shot_Model_C
N12_D0100_Q0.4,12.0,100,0.4,calibrated,0.8496,2.3274141291590724,zero_shot_Model_C
N12_D0100_Q0.6,12.0,100,0.6,calibrated,1.3174,2.2798324059968342,zero_shot_Model_C
N12_D0100_Q0.8,12.0,100,0.8,calibrated,1.762,2.2320396298842806,zero_shot_Model_C
N12_D0100_Q0.9,12.0,100,0.9,calibrated,1.9734,2.2080027588102262,zero_shot_Model_C
N12_D0100_Q1.0,12.0,100,1.0,calibrated,2.2111,2.183681598656809,zero_shot_Model_C
N12_D0150_Q0.1,12.0,150,0.1,calibrated,0.5,2.3618745240969945,zero_shot_Model_C
N12_D0150_Q0.2,12.0,150,0.2,calibrated,0.5,2.3381914260274397,zero_shot_Model_C
N12_D0150_Q0.4,12.0,150,0.4,calibrated,0.8028,2.290746244834801,zero_shot_Model_C
N12_D0150_Q0.6,12.0,150,0.6,calibrated,1.2578,2.2431645216725626,zero_shot_Model_C
N12_D0150_Q0.8,12.0,150,0.8,calibrated,1.6931,2.195371745560009,zero_shot_Model_C
N12_D0150_Q0.9,12.0,150,0.9,calibrated,2.013,2.1713348744859546,zero_shot_Model_C
N12_D0150_Q1.0,12.0,150,1.0,calibrated,2.0668,2.1470137143325374,zero_shot_Model_C
N12_D0300_Q0.1,12.0,300,0.1,calibrated,0.5,2.308067654544626,zero_shot_Model_C
N12_D0300_Q0.2,12.0,300,0.2,calibrated,0.5,2.284384556475071,zero_shot_Model_C
N12_D0300_Q0.4,12.0,300,0.4,calibrated,0.7936,2.2369393752824323,zero_shot_Model_C
N12_D0300_Q0.6,12.0,300,0.6,calibrated,1.2252,2.189357652120194,zero_shot_Model_C
N12_D0300_Q0.8,12.0,300,0.8,calibrated,1.6725,2.1415648760076404,zero_shot_Model_C
N12_D0300_Q0.9,12.0,300,0.9,calibrated,1.8741,2.117528004933586,zero_shot_Model_C
N12_D0300_Q1.0,12.0,300,1.0,calibrated,2.0381,2.093206844780169,zero_shot_Model_C
N12_D0500_Q0.1,12.0,500,0.1,calibrated,0.5,2.2745863184983834,zero_shot_Model_C
N12_D0500_Q0.2,12.0,500,0.2,calibrated,0.5,2.2509032204288286,zero_shot_Model_C
N12_D0500_Q0.4,12.0,500,0.4,calibrated,0.7966,2.2034580392361898,zero_shot_Model_C
N12_D0500_Q0.6,12.0,500,0.6,calibrated,1.2293,2.1558763160739516,zero_shot_Model_C
N12_D0500_Q0.8,12.0,500,0.8,calibrated,1.6431,2.108083539961398,zero_shot_Model_C
N12_D0500_Q0.9,12.0,500,0.9,calibrated,1.8108,2.0840466688873436,zero_shot_Model_C
N12_D0500_Q1.0,12.0,500,1.0,calibrated,2.0759,2.0597255087339263,zero_shot_Model_C
N12_D1000_Q0.1,12.0,1000,0.1,calibrated,0.5,2.2361717993645844,zero_shot_Model_C
N12_D1000_Q0.2,12.0,1000,0.2,calibrated,0.5,2.2124887012950296,zero_shot_Model_C
N12_D1000_Q0.4,12.0,1000,0.4,calibrated,0.7804,2.1650435201023908,zero_shot_Model_C
N12_D1000_Q0.6,12.0,1000,0.6,calibrated,1.193,2.1174617969401526,zero_shot_Model_C
N12_D1000_Q0.8,12.0,1000,0.8,calibrated,1.5722,2.069669020827599,zero_shot_Model_C
N12_D1000_Q0.9,12.0,1000,0.9,calibrated,1.826,2.0456321497535446,zero_shot_Model_C
N12_D1000_Q1.0,12.0,1000,1.0,calibrated,2.0468,2.0213109896001273,zero_shot_Model_C
N12_D2000_Q0.1,12.0,2000,0.1,calibrated,0.5,2.204531273757325,zero_shot_Model_C
N12_D2000_Q0.2,12.0,2000,0.2,calibrated,0.5,2.1808481756877702,zero_shot_Model_C
N12_D2000_Q0.4,12.0,2000,0.4,calibrated,0.7469,2.1334029944951314,zero_shot_Model_C
N12_D2000_Q0.6,12.0,2000,0.6,calibrated,1.1885,2.085821271332893,zero_shot_Model_C
N12_D2000_Q0.8,12.0,2000,0.8,calibrated,1.6065,2.0380284952203396,zero_shot_Model_C
N12_D2000_Q0.9,12.0,2000,0.9,calibrated,1.7583,2.013991624146285,zero_shot_Model_C
N12_D2000_Q1.0,12.0,2000,1.0,calibrated,1.9695,1.989670463992868,zero_shot_Model_C
N20_D0005_Q0.1,20.0,5,0.1,extrapolated,0.5,2.8059248602801534,zero_shot_Model_C
N20_D0005_Q0.2,20.0,5,0.2,extrapolated,0.5,2.784123537850777,zero_shot_Model_C
N20_D0005_Q0.4,20.0,5,0.4,extrapolated,0.9583,2.7404481838129273,zero_shot_Model_C
N20_D0005_Q0.6,20.0,5,0.6,extrapolated,1.5155,2.6966471369499403,zero_shot_Model_C
N20_D0005_Q0.8,20.0,5,0.8,extrapolated,2.0429,2.6526518066614493,zero_shot_Model_C
N20_D0005_Q0.9,20.0,5,0.9,extrapolated,2.3981,2.6305248207857086,zero_shot_Model_C
N20_D0005_Q1.0,20.0,5,1.0,extrapolated,2.5772,2.608136134440539,zero_shot_Model_C
N20_D0020_Q0.1,20.0,20,0.1,extrapolated,0.5,2.55171308012651,zero_shot_Model_C
N20_D0020_Q0.2,20.0,20,0.2,extrapolated,0.5,2.5299117576971337,zero_shot_Model_C
N20_D0020_Q0.4,20.0,20,0.4,extrapolated,0.8354,2.4862364036592846,zero_shot_Model_C
N20_D0020_Q0.6,20.0,20,0.6,extrapolated,1.3714,2.442435356796297,zero_shot_Model_C
N20_D0020_Q0.8,20.0,20,0.8,extrapolated,1.8837,2.398440026507806,zero_shot_Model_C
N20_D0020_Q0.9,20.0,20,0.9,extrapolated,2.0254,2.3763130406320654,zero_shot_Model_C
N20_D0020_Q1.0,20.0,20,1.0,extrapolated,2.3884,2.353924354286896,zero_shot_Model_C
N20_D0050_Q0.1,20.0,50,0.1,extrapolated,0.5,2.4304012391738765,zero_shot_Model_C
N20_D0050_Q0.2,20.0,50,0.2,extrapolated,0.5,2.4085999167445,zero_shot_Model_C
N20_D0050_Q0.4,20.0,50,0.4,extrapolated,0.8172,2.3649245627066504,zero_shot_Model_C
N20_D0050_Q0.6,20.0,50,0.6,extrapolated,1.2838,2.3211235158436634,zero_shot_Model_C
N20_D0050_Q0.8,20.0,50,0.8,extrapolated,1.8085,2.2771281855551724,zero_shot_Model_C
N20_D0050_Q0.9,20.0,50,0.9,extrapolated,2.0156,2.2550011996794317,zero_shot_Model_C
N20_D0050_Q1.0,20.0,50,1.0,extrapolated,2.2835,2.2326125133342622,zero_shot_Model_C
N20_D0100_Q0.1,20.0,100,0.1,extrapolated,0.5,2.3572244196818946,zero_shot_Model_C
N20_D0100_Q0.2,20.0,100,0.2,extrapolated,0.5,2.335423097252518,zero_shot_Model_C
N20_D0100_Q0.4,20.0,100,0.4,extrapolated,0.793,2.2917477432146685,zero_shot_Model_C
N20_D0100_Q0.6,20.0,100,0.6,extrapolated,1.2411,2.2479466963516814,zero_shot_Model_C
N20_D0100_Q0.8,20.0,100,0.8,extrapolated,1.7346,2.2039513660631904,zero_shot_Model_C
N20_D0100_Q0.9,20.0,100,0.9,extrapolated,1.9249,2.1818243801874497,zero_shot_Model_C
N20_D0100_Q1.0,20.0,100,1.0,extrapolated,2.1626,2.1594356938422803,zero_shot_Model_C
N20_D0150_Q0.1,20.0,150,0.1,extrapolated,0.5,2.320556535357623,zero_shot_Model_C
N20_D0150_Q0.2,20.0,150,0.2,extrapolated,0.5,2.2987552129282465,zero_shot_Model_C
N20_D0150_Q0.4,20.0,150,0.4,extrapolated,0.7726,2.2550798588903973,zero_shot_Model_C
N20_D0150_Q0.6,20.0,150,0.6,extrapolated,1.2131,2.21127881202741,zero_shot_Model_C
N20_D0150_Q0.8,20.0,150,0.8,extrapolated,1.6867,2.167283481738919,zero_shot_Model_C
N20_D0150_Q0.9,20.0,150,0.9,extrapolated,1.9415,2.145156495863178,zero_shot_Model_C
N20_D0150_Q1.0,20.0,150,1.0,extrapolated,2.202,2.1227678095180087,zero_shot_Model_C
N20_D0300_Q0.1,20.0,300,0.1,extrapolated,0.5,2.2667496658052544,zero_shot_Model_C
N20_D0300_Q0.2,20.0,300,0.2,extrapolated,0.5,2.244948343375878,zero_shot_Model_C
N20_D0300_Q0.4,20.0,300,0.4,extrapolated,0.7862,2.2012729893380287,zero_shot_Model_C
N20_D0300_Q0.6,20.0,300,0.6,extrapolated,1.1855,2.1574719424750413,zero_shot_Model_C
N20_D0300_Q0.8,20.0,300,0.8,extrapolated,1.616,2.1134766121865503,zero_shot_Model_C
N20_D0300_Q0.9,20.0,300,0.9,extrapolated,1.8103,2.0913496263108096,zero_shot_Model_C
N20_D0300_Q1.0,20.0,300,1.0,extrapolated,2.0706,2.06896093996564,zero_shot_Model_C
N20_D0500_Q0.1,20.0,500,0.1,extrapolated,0.5,2.2332683297590123,zero_shot_Model_C
N20_D0500_Q0.2,20.0,500,0.2,extrapolated,0.5,2.211467007329636,zero_shot_Model_C
N20_D0500_Q0.4,20.0,500,0.4,extrapolated,0.7311,2.1677916532917862,zero_shot_Model_C
N20_D0500_Q0.6,20.0,500,0.6,extrapolated,1.1533,2.123990606428799,zero_shot_Model_C
N20_D0500_Q0.8,20.0,500,0.8,extrapolated,1.5833,2.079995276140308,zero_shot_Model_C
N20_D0500_Q0.9,20.0,500,0.9,extrapolated,1.8347,2.0578682902645675,zero_shot_Model_C
N20_D0500_Q1.0,20.0,500,1.0,extrapolated,2.0683,2.035479603919398,zero_shot_Model_C
N20_D1000_Q0.1,20.0,1000,0.1,extrapolated,0.5,2.1948538106252133,zero_shot_Model_C
N20_D1000_Q0.2,20.0,1000,0.2,extrapolated,0.5,2.1730524881958364,zero_shot_Model_C
N20_D1000_Q0.4,20.0,1000,0.4,extrapolated,0.7145,2.1293771341579872,zero_shot_Model_C
N20_D1000_Q0.6,20.0,1000,0.6,extrapolated,1.156,2.0855760872949998,zero_shot_Model_C
N20_D1000_Q0.8,20.0,1000,0.8,extrapolated,1.5928,2.0415807570065088,zero_shot_Model_C
N20_D1000_Q0.9,20.0,1000,0.9,extrapolated,1.8254,2.0194537711307685,zero_shot_Model_C
N20_D1000_Q1.0,20.0,1000,1.0,extrapolated,1.9818,1.9970650847855989,zero_shot_Model_C
N20_D2000_Q0.1,20.0,2000,0.1,extrapolated,0.5,2.163213285017954,zero_shot_Model_C
N20_D2000_Q0.2,20.0,2000,0.2,extrapolated,0.5,2.141411962588577,zero_shot_Model_C
N20_D2000_Q0.4,20.0,2000,0.4,extrapolated,0.7172,2.097736608550728,zero_shot_Model_C
N20_D2000_Q0.6,20.0,2000,0.6,extrapolated,1.1399,2.0539355616877404,zero_shot_Model_C
N20_D2000_Q0.8,20.0,2000,0.8,extrapolated,1.5389,2.0099402313992494,zero_shot_Model_C
N20_D2000_Q0.9,20.0,2000,0.9,extrapolated,1.7931,1.9878132455235091,zero_shot_Model_C
N20_D2000_Q1.0,20.0,2000,1.0,extrapolated,1.9584,1.9654245591783395,zero_shot_Model_C
N40_D0005_Q0.1,40.0,5,0.1,extrapolated,0.5,2.758068803918372,zero_shot_Model_C
N40_D0005_Q0.2,40.0,5,0.2,extrapolated,0.5,2.73858409032453,zero_shot_Model_C
N40_D0005_Q0.4,40.0,5,0.4,extrapolated,0.867,2.6995496800361676,zero_shot_Model_C
N40_D0005_Q0.6,40.0,5,0.6,extrapolated,1.4673,2.6604029330440784,zero_shot_Model_C
N40_D0005_Q0.8,40.0,5,0.8,extrapolated,2.0255,2.621082547186079,zero_shot_Model_C
N40_D0005_Q0.9,40.0,5,0.9,extrapolated,2.2617,2.6013067751483767,zero_shot_Model_C
N40_D0005_Q1.0,40.0,5,1.0,extrapolated,2.5961,2.5812971109368985,zero_shot_Model_C
N40_D0020_Q0.1,40.0,20,0.1,extrapolated,0.5,2.503857023764729,zero_shot_Model_C
N40_D0020_Q0.2,40.0,20,0.2,extrapolated,0.5,2.4843723101708868,zero_shot_Model_C
N40_D0020_Q0.4,40.0,20,0.4,extrapolated,0.7886,2.4453378998825244,zero_shot_Model_C
N40_D0020_Q0.6,40.0,20,0.6,extrapolated,1.3092,2.406191152890435,zero_shot_Model_C
N40_D0020_Q0.8,40.0,20,0.8,extrapolated,1.7885,2.366870767032436,zero_shot_Model_C
N40_D0020_Q0.9,40.0,20,0.9,extrapolated,2.0261,2.3470949949947335,zero_shot_Model_C
N40_D0020_Q1.0,40.0,20,1.0,extrapolated,2.3679,2.3270853307832553,zero_shot_Model_C
N40_D0050_Q0.1,40.0,50,0.1,extrapolated,0.5,2.382545182812095,zero_shot_Model_C
N40_D0050_Q0.2,40.0,50,0.2,extrapolated,0.5,2.363060469218253,zero_shot_Model_C
N40_D0050_Q0.4,40.0,50,0.4,extrapolated,0.7348,2.3240260589298907,zero_shot_Model_C
N40_D0050_Q0.6,40.0,50,0.6,extrapolated,1.2307,2.2848793119378015,zero_shot_Model_C
N40_D0050_Q0.8,40.0,50,0.8,extrapolated,1.6999,2.245558926079802,zero_shot_Model_C
N40_D0050_Q0.9,40.0,50,0.9,extrapolated,1.9707,2.2257831540421,zero_shot_Model_C
N40_D0050_Q1.0,40.0,50,1.0,extrapolated,2.262,2.2057734898306216,zero_shot_Model_C
N40_D0100_Q0.1,40.0,100,0.1,extrapolated,0.5,2.309368363320113,zero_shot_Model_C
N40_D0100_Q0.2,40.0,100,0.2,extrapolated,0.5,2.289883649726271,zero_shot_Model_C
N40_D0100_Q0.4,40.0,100,0.4,extrapolated,0.7481,2.2508492394379087,zero_shot_Model_C
N40_D0100_Q0.6,40.0,100,0.6,extrapolated,1.1814,2.2117024924458195,zero_shot_Model_C
N40_D0100_Q0.8,40.0,100,0.8,extrapolated,1.6703,2.17238210658782,zero_shot_Model_C
N40_D0100_Q0.9,40.0,100,0.9,extrapolated,1.9207,2.152606334550118,zero_shot_Model_C
N40_D0100_Q1.0,40.0,100,1.0,extrapolated,2.1214,2.1325966703386396,zero_shot_Model_C
N40_D0150_Q0.1,40.0,150,0.1,extrapolated,0.5,2.2727004789958416,zero_shot_Model_C
N40_D0150_Q0.2,40.0,150,0.2,extrapolated,0.5,2.2532157654019995,zero_shot_Model_C
N40_D0150_Q0.4,40.0,150,0.4,extrapolated,0.7164,2.214181355113637,zero_shot_Model_C
N40_D0150_Q0.6,40.0,150,0.6,extrapolated,1.2004,2.175034608121548,zero_shot_Model_C
N40_D0150_Q0.8,40.0,150,0.8,extrapolated,1.6463,2.1357142222635486,zero_shot_Model_C
N40_D0150_Q0.9,40.0,150,0.9,extrapolated,1.8339,2.1159384502258463,zero_shot_Model_C
N40_D0150_Q1.0,40.0,150,1.0,extrapolated,2.0917,2.095928786014368,zero_shot_Model_C
N40_D0300_Q0.1,40.0,300,0.1,extrapolated,0.5,2.218893609443473,zero_shot_Model_C
N40_D0300_Q0.2,40.0,300,0.2,extrapolated,0.5,2.199408895849631,zero_shot_Model_C
N40_D0300_Q0.4,40.0,300,0.4,extrapolated,0.6864,2.1603744855612685,zero_shot_Model_C
N40_D0300_Q0.6,40.0,300,0.6,extrapolated,1.1336,2.1212277385691793,zero_shot_Model_C
N40_D0300_Q0.8,40.0,300,0.8,extrapolated,1.5375,2.08190735271118,zero_shot_Model_C
N40_D0300_Q0.9,40.0,300,0.9,extrapolated,1.8101,2.0621315806734777,zero_shot_Model_C
N40_D0300_Q1.0,40.0,300,1.0,extrapolated,2.0147,2.0421219164619995,zero_shot_Model_C
N40_D0500_Q0.1,40.0,500,0.1,extrapolated,0.5,2.185412273397231,zero_shot_Model_C
N40_D0500_Q0.2,40.0,500,0.2,extrapolated,0.5,2.165927559803389,zero_shot_Model_C
N40_D0500_Q0.4,40.0,500,0.4,extrapolated,0.7035,2.1268931495150265,zero_shot_Model_C
N40_D0500_Q0.6,40.0,500,0.6,extrapolated,1.1238,2.0877464025229373,zero_shot_Model_C
N40_D0500_Q0.8,40.0,500,0.8,extrapolated,1.5771,2.048426016664938,zero_shot_Model_C
N40_D0500_Q0.9,40.0,500,0.9,extrapolated,1.7729,2.0286502446272356,zero_shot_Model_C
N40_D0500_Q1.0,40.0,500,1.0,extrapolated,2.0298,2.0086405804157574,zero_shot_Model_C
N40_D1000_Q0.1,40.0,1000,0.1,extrapolated,0.5,2.146997754263432,zero_shot_Model_C
N40_D1000_Q0.2,40.0,1000,0.2,extrapolated,0.5,2.1275130406695895,zero_shot_Model_C
N40_D1000_Q0.4,40.0,1000,0.4,extrapolated,0.6682,2.0884786303812275,zero_shot_Model_C
N40_D1000_Q0.6,40.0,1000,0.6,extrapolated,1.1087,2.049331883389138,zero_shot_Model_C
N40_D1000_Q0.8,40.0,1000,0.8,extrapolated,1.5165,2.0100114975311385,zero_shot_Model_C
N40_D1000_Q0.9,40.0,1000,0.9,extrapolated,1.7375,1.9902357254934366,zero_shot_Model_C
N40_D1000_Q1.0,40.0,1000,1.0,extrapolated,1.9394,1.9702260612819582,zero_shot_Model_C
N40_D2000_Q0.1,40.0,2000,0.1,extrapolated,0.5,2.1153572286561726,zero_shot_Model_C
N40_D2000_Q0.2,40.0,2000,0.2,extrapolated,0.5,2.09587251506233,zero_shot_Model_C
N40_D2000_Q0.4,40.0,2000,0.4,extrapolated,0.6377,2.056838104773968,zero_shot_Model_C
N40_D2000_Q0.6,40.0,2000,0.6,extrapolated,1.0771,2.0176913577818785,zero_shot_Model_C
N40_D2000_Q0.8,40.0,2000,0.8,extrapolated,1.5044,1.9783709719238793,zero_shot_Model_C
N40_D2000_Q0.9,40.0,2000,0.9,extrapolated,1.7336,1.9585951998861773,zero_shot_Model_C
N40_D2000_Q1.0,40.0,2000,1.0,extrapolated,1.9275,1.9385855356746988,zero_shot_Model_C
N70_D0005_Q0.1,70.0,5,0.1,extrapolated,0.5,2.7252431331451334,zero_shot_Model_C
N70_D0005_Q0.2,70.0,5,0.2,extrapolated,0.5,2.7074478812706393,zero_shot_Model_C
N70_D0005_Q0.4,70.0,5,0.4,extrapolated,0.8232,2.6717980289128778,zero_shot_Model_C
N70_D0005_Q0.6,70.0,5,0.6,extrapolated,1.4166,2.6360455802337515,zero_shot_Model_C
N70_D0005_Q0.8,70.0,5,0.8,extrapolated,2.0006,2.6001345483997236,zero_shot_Model_C
N70_D0005_Q0.9,70.0,5,0.9,extrapolated,2.2782,2.582073474895687,zero_shot_Model_C
N70_D0005_Q1.0,70.0,5,1.0,extrapolated,2.6033,2.5637987893144816,zero_shot_Model_C
N70_D0020_Q0.1,70.0,20,0.1,extrapolated,0.5,2.4710313529914907,zero_shot_Model_C
N70_D0020_Q0.2,70.0,20,0.2,extrapolated,0.5,2.4532361011169965,zero_shot_Model_C
N70_D0020_Q0.4,70.0,20,0.4,extrapolated,0.7217,2.417586248759235,zero_shot_Model_C
N70_D0020_Q0.6,70.0,20,0.6,extrapolated,1.2611,2.3818338000801087,zero_shot_Model_C
N70_D0020_Q0.8,70.0,20,0.8,extrapolated,1.7756,2.345922768246081,zero_shot_Model_C
N70_D0020_Q0.9,70.0,20,0.9,extrapolated,2.0434,2.3278616947420443,zero_shot_Model_C
N70_D0020_Q1.0,70.0,20,1.0,extrapolated,2.3369,2.309587009160839,zero_shot_Model_C
N70_D0050_Q0.1,70.0,50,0.1,extrapolated,0.5,2.3497195120388565,zero_shot_Model_C
N70_D0050_Q0.2,70.0,50,0.2,extrapolated,0.5,2.3319242601643624,zero_shot_Model_C
N70_D0050_Q0.4,70.0,50,0.4,extrapolated,0.7053,2.296274407806601,zero_shot_Model_C
N70_D0050_Q0.6,70.0,50,0.6,extrapolated,1.1924,2.2605219591274746,zero_shot_Model_C
N70_D0050_Q0.8,70.0,50,0.8,extrapolated,1.6973,2.2246109272934467,zero_shot_Model_C
N70_D0050_Q0.9,70.0,50,0.9,extrapolated,1.9752,2.20654985378941,zero_shot_Model_C
N70_D0050_Q1.0,70.0,50,1.0,extrapolated,2.2162,2.1882751682082047,zero_shot_Model_C
N70_D0100_Q0.1,70.0,100,0.1,extrapolated,0.5,2.276542692546875,zero_shot_Model_C
N70_D0100_Q0.2,70.0,100,0.2,extrapolated,0.5,2.258747440672381,zero_shot_Model_C
N70_D0100_Q0.4,70.0,100,0.4,extrapolated,0.6765,2.2230975883146193,zero_shot_Model_C
N70_D0100_Q0.6,70.0,100,0.6,extrapolated,1.1486,2.187345139635493,zero_shot_Model_C
N70_D0100_Q0.8,70.0,100,0.8,extrapolated,1.6395,2.151434107801465,zero_shot_Model_C
N70_D0100_Q0.9,70.0,100,0.9,extrapolated,1.905,2.1333730342974286,zero_shot_Model_C
N70_D0100_Q1.0,70.0,100,1.0,extrapolated,2.1223,2.115098348716223,zero_shot_Model_C
N70_D0150_Q0.1,70.0,150,0.1,extrapolated,0.5,2.2398748082226034,zero_shot_Model_C
N70_D0150_Q0.2,70.0,150,0.2,extrapolated,0.5,2.2220795563481093,zero_shot_Model_C
N70_D0150_Q0.4,70.0,150,0.4,extrapolated,0.6507,2.1864297039903478,zero_shot_Model_C
N70_D0150_Q0.6,70.0,150,0.6,extrapolated,1.1506,2.1506772553112214,zero_shot_Model_C
N70_D0150_Q0.8,70.0,150,0.8,extrapolated,1.5779,2.1147662234771936,zero_shot_Model_C
N70_D0150_Q0.9,70.0,150,0.9,extrapolated,1.8604,2.096705149973157,zero_shot_Model_C
N70_D0150_Q1.0,70.0,150,1.0,extrapolated,2.0817,2.0784304643919516,zero_shot_Model_C
N70_D0300_Q0.1,70.0,300,0.1,extrapolated,0.5,2.186067938670235,zero_shot_Model_C
N70_D0300_Q0.2,70.0,300,0.2,extrapolated,0.5,2.1682726867957407,zero_shot_Model_C
N70_D0300_Q0.4,70.0,300,0.4,extrapolated,0.6571,2.132622834437979,zero_shot_Model_C
N70_D0300_Q0.6,70.0,300,0.6,extrapolated,1.1181,2.096870385758853,zero_shot_Model_C
N70_D0300_Q0.8,70.0,300,0.8,extrapolated,1.5736,2.060959353924825,zero_shot_Model_C
N70_D0300_Q0.9,70.0,300,0.9,extrapolated,1.7826,2.0428982804207885,zero_shot_Model_C
N70_D0300_Q1.0,70.0,300,1.0,extrapolated,2.0225,2.024623594839583,zero_shot_Model_C
N70_D0500_Q0.1,70.0,500,0.1,extrapolated,0.5,2.1525866026239924,zero_shot_Model_C
N70_D0500_Q0.2,70.0,500,0.2,extrapolated,0.5,2.1347913507494987,zero_shot_Model_C
N70_D0500_Q0.4,70.0,500,0.4,extrapolated,0.6398,2.099141498391737,zero_shot_Model_C
N70_D0500_Q0.6,70.0,500,0.6,extrapolated,1.0654,2.063389049712611,zero_shot_Model_C
N70_D0500_Q0.8,70.0,500,0.8,extrapolated,1.552,2.0274780178785825,zero_shot_Model_C
N70_D0500_Q0.9,70.0,500,0.9,extrapolated,1.7856,2.009416944374546,zero_shot_Model_C
N70_D0500_Q1.0,70.0,500,1.0,extrapolated,2.0232,1.9911422587933407,zero_shot_Model_C
N70_D1000_Q0.1,70.0,1000,0.1,extrapolated,0.5,2.1141720834901934,zero_shot_Model_C
N70_D1000_Q0.2,70.0,1000,0.2,extrapolated,0.5,2.096376831615699,zero_shot_Model_C
N70_D1000_Q0.4,70.0,1000,0.4,extrapolated,0.6331,2.0607269792579377,zero_shot_Model_C
N70_D1000_Q0.6,70.0,1000,0.6,extrapolated,1.0717,2.0249745305788114,zero_shot_Model_C
N70_D1000_Q0.8,70.0,1000,0.8,extrapolated,1.5113,1.9890634987447835,zero_shot_Model_C
N70_D1000_Q0.9,70.0,1000,0.9,extrapolated,1.7324,1.9710024252407468,zero_shot_Model_C
N70_D1000_Q1.0,70.0,1000,1.0,extrapolated,1.9314,1.9527277396595415,zero_shot_Model_C
N70_D2000_Q0.1,70.0,2000,0.1,extrapolated,0.5,2.082531557882934,zero_shot_Model_C
N70_D2000_Q0.2,70.0,2000,0.2,extrapolated,0.5,2.06473630600844,zero_shot_Model_C
N70_D2000_Q0.4,70.0,2000,0.4,extrapolated,0.6095,2.0290864536506783,zero_shot_Model_C
N70_D2000_Q0.6,70.0,2000,0.6,extrapolated,1.0279,1.993334004971552,zero_shot_Model_C
N70_D2000_Q0.8,70.0,2000,0.8,extrapolated,1.4713,1.9574229731375241,zero_shot_Model_C
N70_D2000_Q0.9,70.0,2000,0.9,extrapolated,1.7312,1.9393618996334874,zero_shot_Model_C
N70_D2000_Q1.0,70.0,2000,1.0,extrapolated,1.9285,1.921087214052282,zero_shot_Model_C
N120_D0005_Q0.1,120.0,5,0.1,extrapolated,0.5,2.6977572794473295,zero_shot_Model_C
N120_D0005_Q0.2,120.0,5,0.2,extrapolated,0.5,2.681450597903973,zero_shot_Model_C
N120_D0005_Q0.4,120.0,5,0.4,extrapolated,0.759,2.6487828507113127,zero_shot_Model_C
N120_D0005_Q0.6,120.0,5,0.6,extrapolated,1.3529,2.616021089365224,zero_shot_Model_C
N120_D0005_Q0.8,120.0,5,0.8,extrapolated,1.8929,2.5831140103229684,zero_shot_Model_C
N120_D0005_Q0.9,120.0,5,0.9,extrapolated,2.2776,2.566563743092213,zero_shot_Model_C
N120_D0005_Q1.0,120.0,5,1.0,extrapolated,2.5753,2.5498177324046765,zero_shot_Model_C
N120_D0020_Q0.1,120.0,20,0.1,extrapolated,0.5,2.4435454992936867,zero_shot_Model_C
N120_D0020_Q0.2,120.0,20,0.2,extrapolated,0.5,2.42723881775033,zero_shot_Model_C
N120_D0020_Q0.4,120.0,20,0.4,extrapolated,0.686,2.39457107055767,zero_shot_Model_C
N120_D0020_Q0.6,120.0,20,0.6,extrapolated,1.2186,2.3618093092115813,zero_shot_Model_C
N120_D0020_Q0.8,120.0,20,0.8,extrapolated,1.7489,2.3289022301693256,zero_shot_Model_C
N120_D0020_Q0.9,120.0,20,0.9,extrapolated,2.0566,2.3123519629385703,zero_shot_Model_C
N120_D0020_Q1.0,120.0,20,1.0,extrapolated,2.2493,2.2956059522510337,zero_shot_Model_C
N120_D0050_Q0.1,120.0,50,0.1,extrapolated,0.5,2.3222336583410526,zero_shot_Model_C
N120_D0050_Q0.2,120.0,50,0.2,extrapolated,0.5,2.305926976797696,zero_shot_Model_C
N120_D0050_Q0.4,120.0,50,0.4,extrapolated,0.6689,2.273259229605036,zero_shot_Model_C
N120_D0050_Q0.6,120.0,50,0.6,extrapolated,1.1614,2.240497468258947,zero_shot_Model_C
N120_D0050_Q0.8,120.0,50,0.8,extrapolated,1.682,2.2075903892166915,zero_shot_Model_C
N120_D0050_Q0.9,120.0,50,0.9,extrapolated,1.9395,2.191040121985936,zero_shot_Model_C
N120_D0050_Q1.0,120.0,50,1.0,extrapolated,2.2004,2.1742941112983996,zero_shot_Model_C
N120_D0100_Q0.1,120.0,100,0.1,extrapolated,0.5,2.249056838849071,zero_shot_Model_C
N120_D0100_Q0.2,120.0,100,0.2,extrapolated,0.5,2.2327501573057145,zero_shot_Model_C
N120_D0100_Q0.4,120.0,100,0.4,extrapolated,0.6206,2.2000824101130543,zero_shot_Model_C
N120_D0100_Q0.6,120.0,100,0.6,extrapolated,1.1099,2.1673206487669656,zero_shot_Model_C
N120_D0100_Q0.8,120.0,100,0.8,extrapolated,1.5774,2.13441356972471,zero_shot_Model_C
N120_D0100_Q0.9,120.0,100,0.9,extrapolated,1.8321,2.1178633024939546,zero_shot_Model_C
N120_D0100_Q1.0,120.0,100,1.0,extrapolated,2.1521,2.101117291806418,zero_shot_Model_C
N120_D0150_Q0.1,120.0,150,0.1,extrapolated,0.5,2.2123889545247994,zero_shot_Model_C
N120_D0150_Q0.2,120.0,150,0.2,extrapolated,0.5,2.196082272981443,zero_shot_Model_C
N120_D0150_Q0.4,120.0,150,0.4,extrapolated,0.6188,2.1634145257887827,zero_shot_Model_C
N120_D0150_Q0.6,120.0,150,0.6,extrapolated,1.0887,2.130652764442694,zero_shot_Model_C
N120_D0150_Q0.8,120.0,150,0.8,extrapolated,1.5564,2.0977456854004384,zero_shot_Model_C
N120_D0150_Q0.9,120.0,150,0.9,extrapolated,1.8816,2.081195418169683,zero_shot_Model_C
N120_D0150_Q1.0,120.0,150,1.0,extrapolated,2.0881,2.0644494074821464,zero_shot_Model_C
N120_D0300_Q0.1,120.0,300,0.1,extrapolated,0.5,2.158582084972431,zero_shot_Model_C
N120_D0300_Q0.2,120.0,300,0.2,extrapolated,0.5,2.1422754034290743,zero_shot_Model_C
N120_D0300_Q0.4,120.0,300,0.4,extrapolated,0.6045,2.109607656236414,zero_shot_Model_C
N120_D0300_Q0.6,120.0,300,0.6,extrapolated,1.092,2.0768458948903255,zero_shot_Model_C
N120_D0300_Q0.8,120.0,300,0.8,extrapolated,1.5302,2.04393881584807,zero_shot_Model_C
N120_D0300_Q0.9,120.0,300,0.9,extrapolated,1.7838,2.0273885486173144,zero_shot_Model_C
N120_D0300_Q1.0,120.0,300,1.0,extrapolated,2.0619,2.010642537929778,zero_shot_Model_C
N120_D0500_Q0.1,120.0,500,0.1,extrapolated,0.5,2.1251007489261884,zero_shot_Model_C
N120_D0500_Q0.2,120.0,500,0.2,extrapolated,0.5,2.1087940673828323,zero_shot_Model_C
N120_D0500_Q0.4,120.0,500,0.4,extrapolated,0.5807,2.0761263201901716,zero_shot_Model_C
N120_D0500_Q0.6,120.0,500,0.6,extrapolated,1.0547,2.0433645588440834,zero_shot_Model_C
N120_D0500_Q0.8,120.0,500,0.8,extrapolated,1.5164,2.0104574798018273,zero_shot_Model_C
N120_D0500_Q0.9,120.0,500,0.9,extrapolated,1.7304,1.9939072125710722,zero_shot_Model_C
N120_D0500_Q1.0,120.0,500,1.0,extrapolated,2.0294,1.9771612018835356,zero_shot_Model_C
N120_D1000_Q0.1,120.0,1000,0.1,extrapolated,0.5,2.0866862297923894,zero_shot_Model_C
N120_D1000_Q0.2,120.0,1000,0.2,extrapolated,0.5,2.070379548249033,zero_shot_Model_C
N120_D1000_Q0.4,120.0,1000,0.4,extrapolated,0.5785,2.0377118010563726,zero_shot_Model_C
N120_D1000_Q0.6,120.0,1000,0.6,extrapolated,1.0412,2.004950039710284,zero_shot_Model_C
N120_D1000_Q0.8,120.0,1000,0.8,extrapolated,1.485,1.9720429606680283,zero_shot_Model_C
N120_D1000_Q0.9,120.0,1000,0.9,extrapolated,1.7223,1.955492693437273,zero_shot_Model_C
N120_D1000_Q1.0,120.0,1000,1.0,extrapolated,1.9082,1.9387466827497364,zero_shot_Model_C
N120_D2000_Q0.1,120.0,2000,0.1,extrapolated,0.5,2.05504570418513,zero_shot_Model_C
N120_D2000_Q0.2,120.0,2000,0.2,extrapolated,0.5,2.0387390226417734,zero_shot_Model_C
N120_D2000_Q0.4,120.0,2000,0.4,extrapolated,0.5772,2.0060712754491132,zero_shot_Model_C
N120_D2000_Q0.6,120.0,2000,0.6,extrapolated,1.0107,1.9733095141030248,zero_shot_Model_C
N120_D2000_Q0.8,120.0,2000,0.8,extrapolated,1.4677,1.940402435060769,zero_shot_Model_C
N120_D2000_Q0.9,120.0,2000,0.9,extrapolated,1.6316,1.9238521678300136,zero_shot_Model_C
N120_D2000_Q1.0,120.0,2000,1.0,extrapolated,1.9249,1.907106157142477,zero_shot_Model_C
N300_D0005_Q0.1,300.0,5,0.1,extrapolated,0.5,2.658732942150194,zero_shot_Model_C
N300_D0005_Q0.2,300.0,5,0.2,extrapolated,0.5,2.644676665723902,zero_shot_Model_C
N300_D0005_Q0.4,300.0,5,0.4,extrapolated,0.6853,2.616517234049016,zero_shot_Model_C
N300_D0005_Q0.6,300.0,5,0.6,extrapolated,1.3009,2.5882767626527707,zero_shot_Model_C
N300_D0005_Q0.8,300.0,5,0.8,extrapolated,1.8604,2.5599110281426585,zero_shot_Model_C
N300_D0005_Q0.9,300.0,5,0.9,extrapolated,2.2235,2.5456447820946217,zero_shot_Model_C
N300_D0005_Q1.0,300.0,5,1.0,extrapolated,2.478,2.5312098061839308,zero_shot_Model_C
N300_D0020_Q0.1,300.0,20,0.1,extrapolated,0.5,2.404521161996551,zero_shot_Model_C
N300_D0020_Q0.2,300.0,20,0.2,extrapolated,0.5,2.390464885570259,zero_shot_Model_C
N300_D0020_Q0.4,300.0,20,0.4,extrapolated,0.6087,2.3623054538953734,zero_shot_Model_C
N300_D0020_Q0.6,300.0,20,0.6,extrapolated,1.1745,2.334064982499128,zero_shot_Model_C
N300_D0020_Q0.8,300.0,20,0.8,extrapolated,1.7275,2.3056992479890157,zero_shot_Model_C
N300_D0020_Q0.9,300.0,20,0.9,extrapolated,1.993,2.291433001940979,zero_shot_Model_C
N300_D0020_Q1.0,300.0,20,1.0,extrapolated,2.3267,2.276998026030288,zero_shot_Model_C
N300_D0050_Q0.1,300.0,50,0.1,extrapolated,0.5,2.283209321043917,zero_shot_Model_C
N300_D0050_Q0.2,300.0,50,0.2,extrapolated,0.5,2.269153044617625,zero_shot_Model_C
N300_D0050_Q0.4,300.0,50,0.4,extrapolated,0.5737,2.2409936129427392,zero_shot_Model_C
N300_D0050_Q0.6,300.0,50,0.6,extrapolated,1.0844,2.212753141546494,zero_shot_Model_C
N300_D0050_Q0.8,300.0,50,0.8,extrapolated,1.6524,2.1843874070363816,zero_shot_Model_C
N300_D0050_Q0.9,300.0,50,0.9,extrapolated,1.917,2.170121160988345,zero_shot_Model_C
N300_D0050_Q1.0,300.0,50,1.0,extrapolated,2.1404,2.155686185077654,zero_shot_Model_C
N300_D0100_Q0.1,300.0,100,0.1,extrapolated,0.5,2.2100325015519355,zero_shot_Model_C
N300_D0100_Q0.2,300.0,100,0.2,extrapolated,0.5,2.1959762251256434,zero_shot_Model_C
N300_D0100_Q0.4,300.0,100,0.4,extrapolated,0.5656,2.1678167934507577,zero_shot_Model_C
N300_D0100_Q0.6,300.0,100,0.6,extrapolated,1.0582,2.1395763220545123,zero_shot_Model_C
N300_D0100_Q0.8,300.0,100,0.8,extrapolated,1.6239,2.1112105875444,zero_shot_Model_C
N300_D0100_Q0.9,300.0,100,0.9,extrapolated,1.7981,2.0969443414963633,zero_shot_Model_C
N300_D0100_Q1.0,300.0,100,1.0,extrapolated,2.018,2.0825093655856723,zero_shot_Model_C
N300_D0150_Q0.1,300.0,150,0.1,extrapolated,0.5,2.173364617227664,zero_shot_Model_C
N300_D0150_Q0.2,300.0,150,0.2,extrapolated,0.5,2.159308340801372,zero_shot_Model_C
N300_D0150_Q0.4,300.0,150,0.4,extrapolated,0.5498,2.131148909126486,zero_shot_Model_C
N300_D0150_Q0.6,300.0,150,0.6,extrapolated,1.0259,2.1029084377302407,zero_shot_Model_C
N300_D0150_Q0.8,300.0,150,0.8,extrapolated,1.5543,2.0745427032201285,zero_shot_Model_C
N300_D0150_Q0.9,300.0,150,0.9,extrapolated,1.8567,2.0602764571720917,zero_shot_Model_C
N300_D0150_Q1.0,300.0,150,1.0,extrapolated,2.0823,2.0458414812614008,zero_shot_Model_C
N300_D0300_Q0.1,300.0,300,0.1,extrapolated,0.5,2.119557747675295,zero_shot_Model_C
N300_D0300_Q0.2,300.0,300,0.2,extrapolated,0.5,2.1055014712490028,zero_shot_Model_C
N300_D0300_Q0.4,300.0,300,0.4,extrapolated,0.5355,2.077342039574117,zero_shot_Model_C
N300_D0300_Q0.6,300.0,300,0.6,extrapolated,1.0191,2.049101568177872,zero_shot_Model_C
N300_D0300_Q0.8,300.0,300,0.8,extrapolated,1.5064,2.0207358336677594,zero_shot_Model_C
N300_D0300_Q0.9,300.0,300,0.9,extrapolated,1.708,2.0064695876197227,zero_shot_Model_C
N300_D0300_Q1.0,300.0,300,1.0,extrapolated,1.9949,1.992034611709032,zero_shot_Model_C
N300_D0500_Q0.1,300.0,500,0.1,extrapolated,0.5,2.086076411629053,zero_shot_Model_C
N300_D0500_Q0.2,300.0,500,0.2,extrapolated,0.5,2.0720201352027607,zero_shot_Model_C
N300_D0500_Q0.4,300.0,500,0.4,extrapolated,0.5242,2.043860703527875,zero_shot_Model_C
N300_D0500_Q0.6,300.0,500,0.6,extrapolated,1.004,2.01562023213163,zero_shot_Model_C
N300_D0500_Q0.8,300.0,500,0.8,extrapolated,1.4481,1.9872544976215176,zero_shot_Model_C
N300_D0500_Q0.9,300.0,500,0.9,extrapolated,1.7684,1.972988251573481,zero_shot_Model_C
N300_D0500_Q1.0,300.0,500,1.0,extrapolated,1.92,1.95855327566279,zero_shot_Model_C
N300_D1000_Q0.1,300.0,1000,0.1,extrapolated,0.5,2.047661892495254,zero_shot_Model_C
N300_D1000_Q0.2,300.0,1000,0.2,extrapolated,0.5,2.0336056160689617,zero_shot_Model_C
N300_D1000_Q0.4,300.0,1000,0.4,extrapolated,0.5189,2.005446184394076,zero_shot_Model_C
N300_D1000_Q0.6,300.0,1000,0.6,extrapolated,1.0017,1.9772057129978307,zero_shot_Model_C
N300_D1000_Q0.8,300.0,1000,0.8,extrapolated,1.4767,1.9488399784877184,zero_shot_Model_C
N300_D1000_Q0.9,300.0,1000,0.9,extrapolated,1.6646,1.9345737324396817,zero_shot_Model_C
N300_D1000_Q1.0,300.0,1000,1.0,extrapolated,1.9425,1.9201387565289907,zero_shot_Model_C
N300_D2000_Q0.1,300.0,2000,0.1,extrapolated,0.5,2.0160213668879945,zero_shot_Model_C
N300_D2000_Q0.2,300.0,2000,0.2,extrapolated,0.5,2.0019650904617023,zero_shot_Model_C
N300_D2000_Q0.4,300.0,2000,0.4,extrapolated,0.5,1.9738056587868165,zero_shot_Model_C
N300_D2000_Q0.6,300.0,2000,0.6,extrapolated,0.9783,1.9455651873905713,zero_shot_Model_C
N300_D2000_Q0.8,300.0,2000,0.8,extrapolated,1.4119,1.917199452880459,zero_shot_Model_C
N300_D2000_Q0.9,300.0,2000,0.9,extrapolated,1.6756,1.9029332068324223,zero_shot_Model_C
N300_D2000_Q1.0,300.0,2000,1.0,extrapolated,1.8777,1.8884982309217313,zero_shot_Model_C
N700_D0005_Q0.1,700.0,5,0.1,extrapolated,0.5,2.629627799743987,zero_shot_Model_C
N700_D0005_Q0.2,700.0,5,0.2,extrapolated,0.5,2.6173751162289776,zero_shot_Model_C
N700_D0005_Q0.4,700.0,5,0.4,extrapolated,0.5981,2.5928288855053463,zero_shot_Model_C
N700_D0005_Q0.6,700.0,5,0.6,extrapolated,1.2092,2.5682120134519737,zero_shot_Model_C
N700_D0005_Q0.8,700.0,5,0.8,extrapolated,1.8853,2.5434859510807835,zero_shot_Model_C
N700_D0005_Q0.9,700.0,5,0.9,extrapolated,2.2108,2.531050239625445,zero_shot_Model_C
N700_D0005_Q1.0,700.0,5,1.0,extrapolated,2.5391,2.5184674484212497,zero_shot_Model_C
N700_D0020_Q0.1,700.0,20,0.1,extrapolated,0.5,2.3754160195903444,zero_shot_Model_C
N700_D0020_Q0.2,700.0,20,0.2,extrapolated,0.5,2.363163336075335,zero_shot_Model_C
N700_D0020_Q0.4,700.0,20,0.4,extrapolated,0.5501,2.3386171053517035,zero_shot_Model_C
N700_D0020_Q0.6,700.0,20,0.6,extrapolated,1.1236,2.314000233298331,zero_shot_Model_C
N700_D0020_Q0.8,700.0,20,0.8,extrapolated,1.6984,2.2892741709271407,zero_shot_Model_C
N700_D0020_Q0.9,700.0,20,0.9,extrapolated,1.9239,2.276838459471802,zero_shot_Model_C
N700_D0020_Q1.0,700.0,20,1.0,extrapolated,2.2974,2.264255668267607,zero_shot_Model_C
N700_D0050_Q0.1,700.0,50,0.1,extrapolated,0.5,2.2541041786377103,zero_shot_Model_C
N700_D0050_Q0.2,700.0,50,0.2,extrapolated,0.5,2.2418514951227007,zero_shot_Model_C
N700_D0050_Q0.4,700.0,50,0.4,extrapolated,0.515,2.2173052643990694,zero_shot_Model_C
N700_D0050_Q0.6,700.0,50,0.6,extrapolated,1.0355,2.192688392345697,zero_shot_Model_C
N700_D0050_Q0.8,700.0,50,0.8,extrapolated,1.584,2.1679623299745066,zero_shot_Model_C
N700_D0050_Q0.9,700.0,50,0.9,extrapolated,1.9143,2.155526618519168,zero_shot_Model_C
N700_D0050_Q1.0,700.0,50,1.0,extrapolated,2.071,2.142943827314973,zero_shot_Model_C
N700_D0100_Q0.1,700.0,100,0.1,extrapolated,0.5,2.1809273591457288,zero_shot_Model_C
N700_D0100_Q0.2,700.0,100,0.2,extrapolated,0.5,2.1686746756307196,zero_shot_Model_C
N700_D0100_Q0.4,700.0,100,0.4,extrapolated,0.5,2.144128444907088,zero_shot_Model_C
N700_D0100_Q0.6,700.0,100,0.6,extrapolated,0.9905,2.1195115728537153,zero_shot_Model_C
N700_D0100_Q0.8,700.0,100,0.8,extrapolated,1.5329,2.094785510482525,zero_shot_Model_C
N700_D0100_Q0.9,700.0,100,0.9,extrapolated,1.7971,2.0823497990271864,zero_shot_Model_C
N700_D0100_Q1.0,700.0,100,1.0,extrapolated,2.0708,2.0697670078229913,zero_shot_Model_C
N700_D0150_Q0.1,700.0,150,0.1,extrapolated,0.5,2.144259474821457,zero_shot_Model_C
N700_D0150_Q0.2,700.0,150,0.2,extrapolated,0.5,2.1320067913064475,zero_shot_Model_C
N700_D0150_Q0.4,700.0,150,0.4,extrapolated,0.5,2.1074605605828163,zero_shot_Model_C
N700_D0150_Q0.6,700.0,150,0.6,extrapolated,0.9957,2.0828436885294437,zero_shot_Model_C
N700_D0150_Q0.8,700.0,150,0.8,extrapolated,1.4766,2.0581176261582534,zero_shot_Model_C
N700_D0150_Q0.9,700.0,150,0.9,extrapolated,1.7601,2.045681914702915,zero_shot_Model_C
N700_D0150_Q1.0,700.0,150,1.0,extrapolated,2.0154,2.0330991234987197,zero_shot_Model_C
N700_D0300_Q0.1,700.0,300,0.1,extrapolated,0.5,2.0904526052690886,zero_shot_Model_C
N700_D0300_Q0.2,700.0,300,0.2,extrapolated,0.5,2.078199921754079,zero_shot_Model_C
N700_D0300_Q0.4,700.0,300,0.4,extrapolated,0.5,2.0536536910304473,zero_shot_Model_C
N700_D0300_Q0.6,700.0,300,0.6,extrapolated,0.9707,2.029036818977075,zero_shot_Model_C
N700_D0300_Q0.8,700.0,300,0.8,extrapolated,1.4829,2.004310756605885,zero_shot_Model_C
N700_D0300_Q0.9,700.0,300,0.9,extrapolated,1.7289,1.9918750451505458,zero_shot_Model_C
N700_D0300_Q1.0,700.0,300,1.0,extrapolated,2.0155,1.9792922539463509,zero_shot_Model_C
N700_D0500_Q0.1,700.0,500,0.1,extrapolated,0.5,2.0569712692228466,zero_shot_Model_C
N700_D0500_Q0.2,700.0,500,0.2,extrapolated,0.5,2.044718585707837,zero_shot_Model_C
N700_D0500_Q0.4,700.0,500,0.4,extrapolated,0.5,2.020172354984205,zero_shot_Model_C
N700_D0500_Q0.6,700.0,500,0.6,extrapolated,0.9578,1.9955554829308328,zero_shot_Model_C
N700_D0500_Q0.8,700.0,500,0.8,extrapolated,1.432,1.9708294205596426,zero_shot_Model_C
N700_D0500_Q0.9,700.0,500,0.9,extrapolated,1.6736,1.9583937091043038,zero_shot_Model_C
N700_D0500_Q1.0,700.0,500,1.0,extrapolated,1.9675,1.9458109179001088,zero_shot_Model_C
N700_D1000_Q0.1,700.0,1000,0.1,extrapolated,0.5,2.018556750089047,zero_shot_Model_C
N700_D1000_Q0.2,700.0,1000,0.2,extrapolated,0.5,2.006304066574038,zero_shot_Model_C
N700_D1000_Q0.4,700.0,1000,0.4,extrapolated,0.5,1.9817578358504062,zero_shot_Model_C
N700_D1000_Q0.6,700.0,1000,0.6,extrapolated,0.9207,1.9571409637970336,zero_shot_Model_C
N700_D1000_Q0.8,700.0,1000,0.8,extrapolated,1.4235,1.9324149014258434,zero_shot_Model_C
N700_D1000_Q0.9,700.0,1000,0.9,extrapolated,1.6964,1.9199791899705045,zero_shot_Model_C
N700_D1000_Q1.0,700.0,1000,1.0,extrapolated,1.882,1.9073963987663096,zero_shot_Model_C
N700_D2000_Q0.1,700.0,2000,0.1,extrapolated,0.5,1.9869162244817877,zero_shot_Model_C
N700_D2000_Q0.2,700.0,2000,0.2,extrapolated,0.5,1.9746635409667783,zero_shot_Model_C
N700_D2000_Q0.4,700.0,2000,0.4,extrapolated,0.5,1.9501173102431468,zero_shot_Model_C
N700_D2000_Q0.6,700.0,2000,0.6,extrapolated,0.8872,1.9255004381897742,zero_shot_Model_C
N700_D2000_Q0.8,700.0,2000,0.8,extrapolated,1.3899,1.900774375818584,zero_shot_Model_C
N700_D2000_Q0.9,700.0,2000,0.9,extrapolated,1.6863,1.8883386643632452,zero_shot_Model_C
N700_D2000_Q1.0,700.0,2000,1.0,extrapolated,1.8865,1.8757558731590502,zero_shot_Model_C
N0.07_D0005_Q0.1,0.07,5,0.1,calibrated,1.1624,2.5282438608004503,source_intercept_control
N0.07_D0005_Q0.2,0.07,5,0.2,calibrated,1.4286,2.473727995484966,source_intercept_control
N0.07_D0005_Q0.4,0.07,5,0.4,calibrated,1.8958,2.364514450020165,source_intercept_control
N0.07_D0005_Q0.6,0.07,5,0.6,calibrated,2.4434,2.2549866000837646,source_intercept_control
N0.07_D0005_Q0.8,0.07,5,0.8,calibrated,2.8801,2.1449729296613773,source_intercept_control
N0.07_D0005_Q0.9,0.07,5,0.9,calibrated,3.0925,2.0896427181227377,source_intercept_control
N0.07_D0005_Q1.0,0.07,5,1.0,calibrated,3.3659,2.0336581046508844,source_intercept_control
N0.07_D0020_Q0.1,0.07,20,0.1,calibrated,1.096,2.2740320806468075,source_intercept_control
N0.07_D0020_Q0.2,0.07,20,0.2,calibrated,1.2839,2.219516215331323,source_intercept_control
N0.07_D0020_Q0.4,0.07,20,0.4,calibrated,1.7688,2.110302669866522,source_intercept_control
N0.07_D0020_Q0.6,0.07,20,0.6,calibrated,2.1816,2.000774819930121,source_intercept_control
N0.07_D0020_Q0.8,0.07,20,0.8,calibrated,2.6428,1.8907611495077339,source_intercept_control
N0.07_D0020_Q0.9,0.07,20,0.9,calibrated,2.926,1.8354309379690943,source_intercept_control
N0.07_D0020_Q1.0,0.07,20,1.0,calibrated,3.1277,1.779446324497241,source_intercept_control
N0.07_D0100_Q0.1,0.07,100,0.1,calibrated,1.0093,2.0795434202021914,source_intercept_control
N0.07_D0100_Q0.2,0.07,100,0.2,calibrated,1.2339,2.025027554886707,source_intercept_control
N0.07_D0100_Q0.4,0.07,100,0.4,calibrated,1.6433,1.9158140094219063,source_intercept_control
N0.07_D0100_Q0.6,0.07,100,0.6,calibrated,2.104,1.8062861594855055,source_intercept_control
N0.07_D0100_Q0.8,0.07,100,0.8,calibrated,2.4893,1.6962724890631182,source_intercept_control
N0.07_D0100_Q0.9,0.07,100,0.9,calibrated,2.727,1.6409422775244786,source_intercept_control
N0.07_D0100_Q1.0,0.07,100,1.0,calibrated,2.8644,1.5849576640526253,source_intercept_control
N0.07_D0500_Q0.1,0.07,500,0.1,calibrated,0.9621,1.955587330279309,source_intercept_control
N0.07_D0500_Q0.2,0.07,500,0.2,calibrated,1.1948,1.9010714649638245,source_intercept_control
N0.07_D0500_Q0.4,0.07,500,0.4,calibrated,1.5406,1.7918579194990236,source_intercept_control
N0.07_D0500_Q0.6,0.07,500,0.6,calibrated,1.9945,1.6823300695626229,source_intercept_control
N0.07_D0500_Q0.8,0.07,500,0.8,calibrated,2.4124,1.5723163991402356,source_intercept_control
N0.07_D0500_Q0.9,0.07,500,0.9,calibrated,2.6083,1.516986187601596,source_intercept_control
N0.07_D0500_Q1.0,0.07,500,1.0,calibrated,2.8055,1.4610015741297426,source_intercept_control
N0.07_D1000_Q0.1,0.07,1000,0.1,calibrated,0.9414,1.91717281114551,source_intercept_control
N0.07_D1000_Q0.2,0.07,1000,0.2,calibrated,1.1388,1.862656945830025,source_intercept_control
N0.07_D1000_Q0.4,0.07,1000,0.4,calibrated,1.5663,1.7534434003652246,source_intercept_control
N0.07_D1000_Q0.6,0.07,1000,0.6,calibrated,1.9928,1.6439155504288239,source_intercept_control
N0.07_D1000_Q0.8,0.07,1000,0.8,calibrated,2.3195,1.5339018800064366,source_intercept_control
N0.07_D1000_Q0.9,0.07,1000,0.9,calibrated,2.523,1.478571668467797,source_intercept_control
N0.07_D1000_Q1.0,0.07,1000,1.0,calibrated,2.7431,1.4225870549959436,source_intercept_control
N0.07_D2000_Q0.1,0.07,2000,0.1,calibrated,0.9243,1.8855322855382506,source_intercept_control
N0.07_D2000_Q0.2,0.07,2000,0.2,calibrated,1.1409,1.8310164202227657,source_intercept_control
N0.07_D2000_Q0.4,0.07,2000,0.4,calibrated,1.5027,1.7218028747579652,source_intercept_control
N0.07_D2000_Q0.6,0.07,2000,0.6,calibrated,1.9258,1.6122750248215645,source_intercept_control
N0.07_D2000_Q0.8,0.07,2000,0.8,calibrated,2.3261,1.5022613543991772,source_intercept_control
N0.07_D2000_Q0.9,0.07,2000,0.9,calibrated,2.5085,1.4469311428605376,source_intercept_control
N0.07_D2000_Q1.0,0.07,2000,1.0,calibrated,2.7374,1.3909465293886842,source_intercept_control
N0.16_D0005_Q0.1,0.16,5,0.1,calibrated,0.9548,2.2520335472510356,source_intercept_control
N0.16_D0005_Q0.2,0.16,5,0.2,calibrated,1.1752,2.2043536650157236,source_intercept_control
N0.16_D0005_Q0.4,0.16,5,0.4,calibrated,1.6751,2.108834884269461,source_intercept_control
N0.16_D0005_Q0.6,0.16,5,0.6,calibrated,2.1591,2.0130412110656497,source_intercept_control
N0.16_D0005_Q0.8,0.16,5,0.8,calibrated,2.5952,1.9168226365340268,source_intercept_control
N0.16_D0005_Q0.9,0.16,5,0.9,calibrated,2.8737,1.8684305225145528,source_intercept_control
N0.16_D0005_Q1.0,0.16,5,1.0,calibrated,3.1013,1.8194660648859358,source_intercept_control
N0.16_D0020_Q0.1,0.16,20,0.1,calibrated,0.8548,1.997821767097393,source_intercept_control
N0.16_D0020_Q0.2,0.16,20,0.2,calibrated,1.0782,1.950141884862081,source_intercept_control
N0.16_D0020_Q0.4,0.16,20,0.4,calibrated,1.5464,1.854623104115818,source_intercept_control
N0.16_D0020_Q0.6,0.16,20,0.6,calibrated,1.9486,1.7588294309120067,source_intercept_control
N0.16_D0020_Q0.8,0.16,20,0.8,calibrated,2.4177,1.662610856380384,source_intercept_control
N0.16_D0020_Q0.9,0.16,20,0.9,calibrated,2.6607,1.61421874236091,source_intercept_control
N0.16_D0020_Q1.0,0.16,20,1.0,calibrated,2.8913,1.565254284732293,source_intercept_control
N0.16_D0100_Q0.1,0.16,100,0.1,calibrated,0.8001,1.8033331066527774,source_intercept_control
N0.16_D0100_Q0.2,0.16,100,0.2,calibrated,1.0158,1.7556532244174654,source_intercept_control
N0.16_D0100_Q0.4,0.16,100,0.4,calibrated,1.4134,1.660134443671202,source_intercept_control
N0.16_D0100_Q0.6,0.16,100,0.6,calibrated,1.8608,1.564340770467391,source_intercept_control
N0.16_D0100_Q0.8,0.16,100,0.8,calibrated,2.2318,1.4681221959357684,source_intercept_control
N0.16_D0100_Q0.9,0.16,100,0.9,calibrated,2.4932,1.4197300819162944,source_intercept_control
N0.16_D0100_Q1.0,0.16,100,1.0,calibrated,2.678,1.3707656242876773,source_intercept_control
N0.16_D0500_Q0.1,0.16,500,0.1,calibrated,0.7769,1.6793770167298947,source_intercept_control
N0.16_D0500_Q0.2,0.16,500,0.2,calibrated,0.9664,1.6316971344945828,source_intercept_control
N0.16_D0500_Q0.4,0.16,500,0.4,calibrated,1.351,1.5361783537483198,source_intercept_control
N0.16_D0500_Q0.6,0.16,500,0.6,calibrated,1.7639,1.4403846805445084,source_intercept_control
N0.16_D0500_Q0.8,0.16,500,0.8,calibrated,2.1303,1.3441661060128858,source_intercept_control
N0.16_D0500_Q0.9,0.16,500,0.9,calibrated,2.3645,1.2957739919934117,source_intercept_control
N0.16_D0500_Q1.0,0.16,500,1.0,calibrated,2.5293,1.2468095343647947,source_intercept_control
N0.16_D1000_Q0.1,0.16,1000,0.1,calibrated,0.7577,1.6409624975960957,source_intercept_control
N0.16_D1000_Q0.2,0.16,1000,0.2,calibrated,0.9466,1.5932826153607837,source_intercept_control
N0.16_D1000_Q0.4,0.16,1000,0.4,calibrated,1.3709,1.4977638346145203,source_intercept_control
N0.16_D1000_Q0.6,0.16,1000,0.6,calibrated,1.7116,1.4019701614107094,source_intercept_control
N0.16_D1000_Q0.8,0.16,1000,0.8,calibrated,2.0871,1.3057515868790868,source_intercept_control
N0.16_D1000_Q0.9,0.16,1000,0.9,calibrated,2.3054,1.2573594728596127,source_intercept_control
N0.16_D1000_Q1.0,0.16,1000,1.0,calibrated,2.5056,1.2083950152309957,source_intercept_control
N0.16_D2000_Q0.1,0.16,2000,0.1,calibrated,0.7317,1.6093219719888363,source_intercept_control
N0.16_D2000_Q0.2,0.16,2000,0.2,calibrated,0.9418,1.5616420897535244,source_intercept_control
N0.16_D2000_Q0.4,0.16,2000,0.4,calibrated,1.335,1.466123309007261,source_intercept_control
N0.16_D2000_Q0.6,0.16,2000,0.6,calibrated,1.6953,1.37032963580345,source_intercept_control
N0.16_D2000_Q0.8,0.16,2000,0.8,calibrated,2.0992,1.2741110612718274,source_intercept_control
N0.16_D2000_Q0.9,0.16,2000,0.9,calibrated,2.246,1.2257189472523533,source_intercept_control
N0.16_D2000_Q1.0,0.16,2000,1.0,calibrated,2.4771,1.1767544896237363,source_intercept_control
N0.41_D0005_Q0.1,0.41,5,0.1,calibrated,0.7497,2.0101416253027944,source_intercept_control
N0.41_D0005_Q0.2,0.41,5,0.2,calibrated,1.0023,1.969205962624385,source_intercept_control
N0.41_D0005_Q0.4,0.41,5,0.4,calibrated,1.4755,1.8871981135113234,source_intercept_control
N0.41_D0005_Q0.6,0.41,5,0.6,calibrated,1.98,1.8049542549035344,source_intercept_control
N0.41_D0005_Q0.8,0.41,5,0.8,calibrated,2.4492,1.7223455963715122,source_intercept_control
N0.41_D0005_Q0.9,0.41,5,0.9,calibrated,2.6707,1.6807984456042389,source_intercept_control
N0.41_D0005_Q1.0,0.41,5,1.0,calibrated,3.0229,1.6387599080335258,source_intercept_control
N0.41_D0020_Q0.1,0.41,20,0.1,calibrated,0.695,1.7559298451491518,source_intercept_control
N0.41_D0020_Q0.2,0.41,20,0.2,calibrated,0.9131,1.7149941824707422,source_intercept_control
N0.41_D0020_Q0.4,0.41,20,0.4,calibrated,1.3143,1.6329863333576806,source_intercept_control
N0.41_D0020_Q0.6,0.41,20,0.6,calibrated,1.7915,1.5507424747498917,source_intercept_control
N0.41_D0020_Q0.8,0.41,20,0.8,calibrated,2.246,1.4681338162178694,source_intercept_control
N0.41_D0020_Q0.9,0.41,20,0.9,calibrated,2.474,1.426586665450596,source_intercept_control
N0.41_D0020_Q1.0,0.41,20,1.0,calibrated,2.7188,1.384548127879883,source_intercept_control
N0.41_D0100_Q0.1,0.41,100,0.1,calibrated,0.6432,1.5614411847045362,source_intercept_control
N0.41_D0100_Q0.2,0.41,100,0.2,calibrated,0.8168,1.5205055220261265,source_intercept_control
N0.41_D0100_Q0.4,0.41,100,0.4,calibrated,1.2365,1.438497672913065,source_intercept_control
N0.41_D0100_Q0.6,0.41,100,0.6,calibrated,1.6841,1.356253814305276,source_intercept_control
N0.41_D0100_Q0.8,0.41,100,0.8,calibrated,2.0213,1.2736451557732538,source_intercept_control
N0.41_D0100_Q0.9,0.41,100,0.9,calibrated,2.2729,1.2320980050059804,source_intercept_control
N0.41_D0100_Q1.0,0.41,100,1.0,calibrated,2.488,1.1900594674352674,source_intercept_control
N0.41_D0500_Q0.1,0.41,500,0.1,calibrated,0.6047,1.4374850947816535,source_intercept_control
N0.41_D0500_Q0.2,0.41,500,0.2,calibrated,0.8045,1.396549432103244,source_intercept_control
N0.41_D0500_Q0.4,0.41,500,0.4,calibrated,1.2031,1.3145415829901823,source_intercept_control
N0.41_D0500_Q0.6,0.41,500,0.6,calibrated,1.5817,1.2322977243823934,source_intercept_control
N0.41_D0500_Q0.8,0.41,500,0.8,calibrated,1.9863,1.1496890658503711,source_intercept_control
N0.41_D0500_Q0.9,0.41,500,0.9,calibrated,2.1829,1.1081419150830978,source_intercept_control
N0.41_D0500_Q1.0,0.41,500,1.0,calibrated,2.3631,1.0661033775123847,source_intercept_control
N0.41_D1000_Q0.1,0.41,1000,0.1,calibrated,0.5885,1.3990705756478545,source_intercept_control
N0.41_D1000_Q0.2,0.41,1000,0.2,calibrated,0.7592,1.3581349129694449,source_intercept_control
N0.41_D1000_Q0.4,0.41,1000,0.4,calibrated,1.2144,1.2761270638563833,source_intercept_control
N0.41_D1000_Q0.6,0.41,1000,0.6,calibrated,1.5743,1.1938832052485944,source_intercept_control
N0.41_D1000_Q0.8,0.41,1000,0.8,calibrated,1.9279,1.111274546716572,source_intercept_control
N0.41_D1000_Q0.9,0.41,1000,0.9,calibrated,2.1495,1.0697273959492988,source_intercept_control
N0.41_D1000_Q1.0,0.41,1000,1.0,calibrated,2.4128,1.0276888583785857,source_intercept_control
N0.41_D2000_Q0.1,0.41,2000,0.1,calibrated,0.5802,1.3674300500405951,source_intercept_control
N0.41_D2000_Q0.2,0.41,2000,0.2,calibrated,0.7774,1.3264943873621855,source_intercept_control
N0.41_D2000_Q0.4,0.41,2000,0.4,calibrated,1.2122,1.244486538249124,source_intercept_control
N0.41_D2000_Q0.6,0.41,2000,0.6,calibrated,1.5758,1.162242679641335,source_intercept_control
N0.41_D2000_Q0.8,0.41,2000,0.8,calibrated,1.9375,1.0796340211093127,source_intercept_control
N0.41_D2000_Q0.9,0.41,2000,0.9,calibrated,2.0973,1.0380868703420394,source_intercept_control
N0.41_D2000_Q1.0,0.41,2000,1.0,calibrated,2.3248,0.9960483327713263,source_intercept_control
N0.7_D0005_Q0.1,0.7,5,0.1,calibrated,0.651,1.899597904549976,source_intercept_control
N0.7_D0005_Q0.2,0.7,5,0.2,calibrated,0.8807,1.8620617320378623,source_intercept_control
N0.7_D0005_Q0.4,0.7,5,0.4,calibrated,1.3678,1.786864200832907,source_intercept_control
N0.7_D0005_Q0.6,0.7,5,0.6,calibrated,1.8832,1.7114502594728702,source_intercept_control
N0.7_D0005_Q0.8,0.7,5,0.8,calibrated,2.3581,1.6357018128918968,source_intercept_control
N0.7_D0005_Q0.9,0.7,5,0.9,calibrated,2.6571,1.5976049331408897,source_intercept_control
N0.7_D0005_Q1.0,0.7,5,1.0,calibrated,2.862,1.559057473660198,source_intercept_control
N0.7_D0020_Q0.1,0.7,20,0.1,calibrated,0.5886,1.6453861243963328,source_intercept_control
N0.7_D0020_Q0.2,0.7,20,0.2,calibrated,0.82,1.607849951884219,source_intercept_control
N0.7_D0020_Q0.4,0.7,20,0.4,calibrated,1.2544,1.5326524206792638,source_intercept_control
N0.7_D0020_Q0.6,0.7,20,0.6,calibrated,1.733,1.457238479319227,source_intercept_control
N0.7_D0020_Q0.8,0.7,20,0.8,calibrated,2.1359,1.3814900327382535,source_intercept_control
N0.7_D0020_Q0.9,0.7,20,0.9,calibrated,2.4142,1.3433931529872465,source_intercept_control
N0.7_D0020_Q1.0,0.7,20,1.0,calibrated,2.5856,1.3048456935065549,source_intercept_control
N0.7_D0100_Q0.1,0.7,100,0.1,calibrated,0.5313,1.4508974639517171,source_intercept_control
N0.7_D0100_Q0.2,0.7,100,0.2,calibrated,0.7638,1.4133612914396034,source_intercept_control
N0.7_D0100_Q0.4,0.7,100,0.4,calibrated,1.1979,1.3381637602346481,source_intercept_control
N0.7_D0100_Q0.6,0.7,100,0.6,calibrated,1.5891,1.2627498188746114,source_intercept_control
N0.7_D0100_Q0.8,0.7,100,0.8,calibrated,2.017,1.187001372293638,source_intercept_control
N0.7_D0100_Q0.9,0.7,100,0.9,calibrated,2.1928,1.1489044925426308,source_intercept_control
N0.7_D0100_Q1.0,0.7,100,1.0,calibrated,2.4334,1.1103570330619392,source_intercept_control
N0.7_D0500_Q0.1,0.7,500,0.1,calibrated,0.5138,1.3269413740288345,source_intercept_control
N0.7_D0500_Q0.2,0.7,500,0.2,calibrated,0.701,1.2894052015167208,source_intercept_control
N0.7_D0500_Q0.4,0.7,500,0.4,calibrated,1.1327,1.2142076703117655,source_intercept_control
N0.7_D0500_Q0.6,0.7,500,0.6,calibrated,1.5486,1.1387937289517287,source_intercept_control
N0.7_D0500_Q0.8,0.7,500,0.8,calibrated,1.8982,1.0630452823707552,source_intercept_control
N0.7_D0500_Q0.9,0.7,500,0.9,calibrated,2.0978,1.0249484026197482,source_intercept_control
N0.7_D0500_Q1.0,0.7,500,1.0,calibrated,2.2912,0.9864009431390566,source_intercept_control
N0.7_D1000_Q0.1,0.7,1000,0.1,calibrated,0.5071,1.2885268548950355,source_intercept_control
N0.7_D1000_Q0.2,0.7,1000,0.2,calibrated,0.7115,1.2509906823829218,source_intercept_control
N0.7_D1000_Q0.4,0.7,1000,0.4,calibrated,1.1056,1.1757931511779665,source_intercept_control
N0.7_D1000_Q0.6,0.7,1000,0.6,calibrated,1.4614,1.1003792098179297,source_intercept_control
N0.7_D1000_Q0.8,0.7,1000,0.8,calibrated,1.8896,1.0246307632369562,source_intercept_control
N0.7_D1000_Q0.9,0.7,1000,0.9,calibrated,2.0683,0.9865338834859492,source_intercept_control
N0.7_D1000_Q1.0,0.7,1000,1.0,calibrated,2.297,0.9479864240052576,source_intercept_control
N0.7_D2000_Q0.1,0.7,2000,0.1,calibrated,0.5001,1.256886329287776,source_intercept_control
N0.7_D2000_Q0.2,0.7,2000,0.2,calibrated,0.6784,1.2193501567756624,source_intercept_control
N0.7_D2000_Q0.4,0.7,2000,0.4,calibrated,1.0904,1.144152625570707,source_intercept_control
N0.7_D2000_Q0.6,0.7,2000,0.6,calibrated,1.4277,1.0687386842106703,source_intercept_control
N0.7_D2000_Q0.8,0.7,2000,0.8,calibrated,1.8579,0.9929902376296968,source_intercept_control
N0.7_D2000_Q0.9,0.7,2000,0.9,calibrated,2.0246,0.9548933578786898,source_intercept_control
N0.7_D2000_Q1.0,0.7,2000,1.0,calibrated,2.2183,0.9163458983979982,source_intercept_control
N1.0_D0005_Q0.1,1.0,5,0.1,calibrated,0.5747,1.8348353223312588,source_intercept_control
N1.0_D0005_Q0.2,1.0,5,0.2,calibrated,0.8142,1.7994074906309,source_intercept_control
N1.0_D0005_Q0.4,1.0,5,0.4,calibrated,1.3204,1.7284336725371163,source_intercept_control
N1.0_D0005_Q0.6,1.0,5,0.6,calibrated,1.8086,1.6572555996661575,source_intercept_control
N1.0_D0005_Q0.8,1.0,5,0.8,calibrated,2.3623,1.5857618101443756,source_intercept_control
N1.0_D0005_Q0.9,1.0,5,0.9,calibrated,2.5719,1.5498047651448645,source_intercept_control
N1.0_D0005_Q1.0,1.0,5,1.0,calibrated,2.8125,1.5134224486868504,source_intercept_control
N1.0_D0020_Q0.1,1.0,20,0.1,calibrated,0.5188,1.580623542177616,source_intercept_control
N1.0_D0020_Q0.2,1.0,20,0.2,calibrated,0.7381,1.5451957104772573,source_intercept_control
N1.0_D0020_Q0.4,1.0,20,0.4,calibrated,1.2279,1.4742218923834736,source_intercept_control
N1.0_D0020_Q0.6,1.0,20,0.6,calibrated,1.6574,1.4030438195125148,source_intercept_control
N1.0_D0020_Q0.8,1.0,20,0.8,calibrated,2.0844,1.3315500299907328,source_intercept_control
N1.0_D0020_Q0.9,1.0,20,0.9,calibrated,2.3062,1.2955929849912218,source_intercept_control
N1.0_D0020_Q1.0,1.0,20,1.0,calibrated,2.6133,1.2592106685332076,source_intercept_control
N1.0_D0100_Q0.1,1.0,100,0.1,calibrated,0.5,1.3861348817330004,source_intercept_control
N1.0_D0100_Q0.2,1.0,100,0.2,calibrated,0.7102,1.3507070500326417,source_intercept_control
N1.0_D0100_Q0.4,1.0,100,0.4,calibrated,1.1107,1.279733231938858,source_intercept_control
N1.0_D0100_Q0.6,1.0,100,0.6,calibrated,1.5225,1.2085551590678991,source_intercept_control
N1.0_D0100_Q0.8,1.0,100,0.8,calibrated,1.9487,1.1370613695461171,source_intercept_control
N1.0_D0100_Q0.9,1.0,100,0.9,calibrated,2.2185,1.1011043245466061,source_intercept_control
N1.0_D0100_Q1.0,1.0,100,1.0,calibrated,2.4489,1.064722008088592,source_intercept_control
N1.0_D0500_Q0.1,1.0,500,0.1,calibrated,0.5,1.2621787918101177,source_intercept_control
N1.0_D0500_Q0.2,1.0,500,0.2,calibrated,0.6599,1.226750960109759,source_intercept_control
N1.0_D0500_Q0.4,1.0,500,0.4,calibrated,1.0836,1.1557771420159753,source_intercept_control
N1.0_D0500_Q0.6,1.0,500,0.6,calibrated,1.4518,1.0845990691450165,source_intercept_control
N1.0_D0500_Q0.8,1.0,500,0.8,calibrated,1.8739,1.0131052796232345,source_intercept_control
N1.0_D0500_Q0.9,1.0,500,0.9,calibrated,2.0431,0.9771482346237235,source_intercept_control
N1.0_D0500_Q1.0,1.0,500,1.0,calibrated,2.2572,0.9407659181657093,source_intercept_control
N1.0_D1000_Q0.1,1.0,1000,0.1,calibrated,0.5,1.2237642726763187,source_intercept_control
N1.0_D1000_Q0.2,1.0,1000,0.2,calibrated,0.6605,1.18833644097596,source_intercept_control
N1.0_D1000_Q0.4,1.0,1000,0.4,calibrated,1.0525,1.1173626228821762,source_intercept_control
N1.0_D1000_Q0.6,1.0,1000,0.6,calibrated,1.407,1.0461845500112175,source_intercept_control
N1.0_D1000_Q0.8,1.0,1000,0.8,calibrated,1.8615,0.9746907604894355,source_intercept_control
N1.0_D1000_Q0.9,1.0,1000,0.9,calibrated,1.9758,0.9387337154899245,source_intercept_control
N1.0_D1000_Q1.0,1.0,1000,1.0,calibrated,2.1409,0.9023513990319103,source_intercept_control
N1.0_D2000_Q0.1,1.0,2000,0.1,calibrated,0.5,1.1921237470690593,source_intercept_control
N1.0_D2000_Q0.2,1.0,2000,0.2,calibrated,0.6467,1.1566959153687006,source_intercept_control
N1.0_D2000_Q0.4,1.0,2000,0.4,calibrated,1.0295,1.0857220972749169,source_intercept_control
N1.0_D2000_Q0.6,1.0,2000,0.6,calibrated,1.4304,1.014544024403958,source_intercept_control
N1.0_D2000_Q0.8,1.0,2000,0.8,calibrated,1.7725,0.9430502348821761,source_intercept_control
N1.0_D2000_Q0.9,1.0,2000,0.9,calibrated,2.027,0.9070931898826651,source_intercept_control
N1.0_D2000_Q1.0,1.0,2000,1.0,calibrated,2.2081,0.8707108734246509,source_intercept_control
N2.8_D0005_Q0.1,2.8,5,0.1,calibrated,0.5,1.6808901231354787,source_intercept_control
N2.8_D0005_Q0.2,2.8,5,0.2,calibrated,0.6798,1.6509073110069583,source_intercept_control
N2.8_D0005_Q0.4,2.8,5,0.4,calibrated,1.2039,1.59084169163889,source_intercept_control
N2.8_D0005_Q0.6,2.8,5,0.6,calibrated,1.7229,1.530603210079814,source_intercept_control
N2.8_D0005_Q0.8,2.8,5,0.8,calibrated,2.2056,1.470097535396769,source_intercept_control
N2.8_D0005_Q0.9,2.8,5,0.9,calibrated,2.4428,1.4396668464955853,source_intercept_control
N2.8_D0005_Q1.0,2.8,5,1.0,calibrated,2.721,1.4088762475002203,source_intercept_control
N2.8_D0020_Q0.1,2.8,20,0.1,calibrated,0.5,1.426678342981836,source_intercept_control
N2.8_D0020_Q0.2,2.8,20,0.2,calibrated,0.623,1.3966955308533155,source_intercept_control
N2.8_D0020_Q0.4,2.8,20,0.4,calibrated,1.0678,1.3366299114852473,source_intercept_control
N2.8_D0020_Q0.6,2.8,20,0.6,calibrated,1.5279,1.2763914299261712,source_intercept_control
N2.8_D0020_Q0.8,2.8,20,0.8,calibrated,2.0341,1.2158857552431261,source_intercept_control
N2.8_D0020_Q0.9,2.8,20,0.9,calibrated,2.2362,1.1854550663419425,source_intercept_control
N2.8_D0020_Q1.0,2.8,20,1.0,calibrated,2.5073,1.1546644673465776,source_intercept_control
N2.8_D0100_Q0.1,2.8,100,0.1,calibrated,0.5,1.2321896825372203,source_intercept_control
N2.8_D0100_Q0.2,2.8,100,0.2,calibrated,0.5671,1.2022068704087,source_intercept_control
N2.8_D0100_Q0.4,2.8,100,0.4,calibrated,0.9718,1.1421412510406317,source_intercept_control
N2.8_D0100_Q0.6,2.8,100,0.6,calibrated,1.4075,1.0819027694815555,source_intercept_control
N2.8_D0100_Q0.8,2.8,100,0.8,calibrated,1.8765,1.0213970947985105,source_intercept_control
N2.8_D0100_Q0.9,2.8,100,0.9,calibrated,2.0444,0.9909664058973269,source_intercept_control
N2.8_D0100_Q1.0,2.8,100,1.0,calibrated,2.2588,0.9601758069019619,source_intercept_control
N2.8_D0500_Q0.1,2.8,500,0.1,calibrated,0.5,1.1082335926143376,source_intercept_control
N2.8_D0500_Q0.2,2.8,500,0.2,calibrated,0.5387,1.0782507804858172,source_intercept_control
N2.8_D0500_Q0.4,2.8,500,0.4,calibrated,0.9045,1.018185161117749,source_intercept_control
N2.8_D0500_Q0.6,2.8,500,0.6,calibrated,1.3308,0.9579466795586729,source_intercept_control
N2.8_D0500_Q0.8,2.8,500,0.8,calibrated,1.7571,0.8974410048756278,source_intercept_control
N2.8_D0500_Q0.9,2.8,500,0.9,calibrated,1.9167,0.8670103159744442,source_intercept_control
N2.8_D0500_Q1.0,2.8,500,1.0,calibrated,2.1517,0.8362197169790793,source_intercept_control
N2.8_D1000_Q0.1,2.8,1000,0.1,calibrated,0.5,1.0698190734805386,source_intercept_control
N2.8_D1000_Q0.2,2.8,1000,0.2,calibrated,0.519,1.0398362613520182,source_intercept_control
N2.8_D1000_Q0.4,2.8,1000,0.4,calibrated,0.8987,0.97977064198395,source_intercept_control
N2.8_D1000_Q0.6,2.8,1000,0.6,calibrated,1.3353,0.9195321604248738,source_intercept_control
N2.8_D1000_Q0.8,2.8,1000,0.8,calibrated,1.6984,0.8590264857418288,source_intercept_control
N2.8_D1000_Q0.9,2.8,1000,0.9,calibrated,1.9178,0.8285957968406452,source_intercept_control
N2.8_D1000_Q1.0,2.8,1000,1.0,calibrated,2.1237,0.7978051978452803,source_intercept_control
N2.8_D2000_Q0.1,2.8,2000,0.1,calibrated,0.5,1.0381785478732792,source_intercept_control
N2.8_D2000_Q0.2,2.8,2000,0.2,calibrated,0.5242,1.0081957357447588,source_intercept_control
N2.8_D2000_Q0.4,2.8,2000,0.4,calibrated,0.9232,0.9481301163766906,source_intercept_control
N2.8_D2000_Q0.6,2.8,2000,0.6,calibrated,1.2855,0.8878916348176145,source_intercept_control
N2.8_D2000_Q0.8,2.8,2000,0.8,calibrated,1.6576,0.8273859601345694,source_intercept_control
N2.8_D2000_Q0.9,2.8,2000,0.9,calibrated,1.8775,0.7969552712333858,source_intercept_control
N2.8_D2000_Q1.0,2.8,2000,1.0,calibrated,2.0839,0.7661646722380209,source_intercept_control
N4.0_D0005_Q0.1,4.0,5,0.1,calibrated,0.5,1.6371268594002693,source_intercept_control
N4.0_D0005_Q0.2,4.0,5,0.2,calibrated,0.6084,1.6088281291115087,source_intercept_control
N4.0_D0005_Q0.4,4.0,5,0.4,calibrated,1.1447,1.5521362899725293,source_intercept_control
N4.0_D0005_Q0.6,4.0,5,0.6,calibrated,1.6246,1.495281298007875,source_intercept_control
N4.0_D0005_Q0.8,4.0,5,0.8,calibrated,2.1965,1.4381741206872303,source_intercept_control
N4.0_D0005_Q0.9,4.0,5,0.9,calibrated,2.4512,1.409452670076644,source_intercept_control
N4.0_D0005_Q1.0,4.0,5,1.0,calibrated,2.6973,1.3803915248890524,source_intercept_control
N4.0_D0020_Q0.1,4.0,20,0.1,calibrated,0.5,1.3829150792466265,source_intercept_control
N4.0_D0020_Q0.2,4.0,20,0.2,calibrated,0.5655,1.354616348957866,source_intercept_control
N4.0_D0020_Q0.4,4.0,20,0.4,calibrated,1.0284,1.2979245098188865,source_intercept_control
N4.0_D0020_Q0.6,4.0,20,0.6,calibrated,1.5025,1.2410695178542321,source_intercept_control
N4.0_D0020_Q0.8,4.0,20,0.8,calibrated,1.9253,1.1839623405335875,source_intercept_control
N4.0_D0020_Q0.9,4.0,20,0.9,calibrated,2.2398,1.1552408899230013,source_intercept_control
N4.0_D0020_Q1.0,4.0,20,1.0,calibrated,2.4139,1.1261797447354096,source_intercept_control
N4.0_D0100_Q0.1,4.0,100,0.1,calibrated,0.5,1.1884264188020108,source_intercept_control
N4.0_D0100_Q0.2,4.0,100,0.2,calibrated,0.5116,1.1601276885132503,source_intercept_control
N4.0_D0100_Q0.4,4.0,100,0.4,calibrated,0.9435,1.1034358493742709,source_intercept_control
N4.0_D0100_Q0.6,4.0,100,0.6,calibrated,1.3727,1.0465808574096165,source_intercept_control
N4.0_D0100_Q0.8,4.0,100,0.8,calibrated,1.8522,0.9894736800889719,source_intercept_control
N4.0_D0100_Q0.9,4.0,100,0.9,calibrated,2.1002,0.9607522294783857,source_intercept_control
N4.0_D0100_Q1.0,4.0,100,1.0,calibrated,2.2786,0.931691084290794,source_intercept_control
N4.0_D0500_Q0.1,4.0,500,0.1,calibrated,0.5,1.0644703288791282,source_intercept_control
N4.0_D0500_Q0.2,4.0,500,0.2,calibrated,0.5,1.0361715985903677,source_intercept_control
N4.0_D0500_Q0.4,4.0,500,0.4,calibrated,0.888,0.9794797594513882,source_intercept_control
N4.0_D0500_Q0.6,4.0,500,0.6,calibrated,1.2876,0.9226247674867338,source_intercept_control
N4.0_D0500_Q0.8,4.0,500,0.8,calibrated,1.7157,0.8655175901660892,source_intercept_control
N4.0_D0500_Q0.9,4.0,500,0.9,calibrated,1.9644,0.836796139555503,source_intercept_control
N4.0_D0500_Q1.0,4.0,500,1.0,calibrated,2.1365,0.8077349943679113,source_intercept_control
N4.0_D1000_Q0.1,4.0,1000,0.1,calibrated,0.5,1.0260558097453292,source_intercept_control
N4.0_D1000_Q0.2,4.0,1000,0.2,calibrated,0.5,0.9977570794565687,source_intercept_control
N4.0_D1000_Q0.4,4.0,1000,0.4,calibrated,0.8604,0.9410652403175892,source_intercept_control
N4.0_D1000_Q0.6,4.0,1000,0.6,calibrated,1.2945,0.8842102483529348,source_intercept_control
N4.0_D1000_Q0.8,4.0,1000,0.8,calibrated,1.7176,0.8271030710322902,source_intercept_control
N4.0_D1000_Q0.9,4.0,1000,0.9,calibrated,1.8943,0.798381620421704,source_intercept_control
N4.0_D1000_Q1.0,4.0,1000,1.0,calibrated,2.1308,0.7693204752341123,source_intercept_control
N4.0_D2000_Q0.1,4.0,2000,0.1,calibrated,0.5,0.9944152841380698,source_intercept_control
N4.0_D2000_Q0.2,4.0,2000,0.2,calibrated,0.5,0.9661165538493093,source_intercept_control
N4.0_D2000_Q0.4,4.0,2000,0.4,calibrated,0.8502,0.9094247147103298,source_intercept_control
N4.0_D2000_Q0.6,4.0,2000,0.6,calibrated,1.281,0.8525697227456754,source_intercept_control
N4.0_D2000_Q0.8,4.0,2000,0.8,calibrated,1.6704,0.7954625454250308,source_intercept_control
N4.0_D2000_Q0.9,4.0,2000,0.9,calibrated,1.8145,0.7667410948144446,source_intercept_control
N4.0_D2000_Q1.0,4.0,2000,1.0,calibrated,2.0978,0.7376799496268529,source_intercept_control
N6.9_D0005_Q0.1,6.9,5,0.1,calibrated,0.5,1.5780292234239226,source_intercept_control
N6.9_D0005_Q0.2,6.9,5,0.2,calibrated,0.5546,1.5521238505133603,source_intercept_control
N6.9_D0005_Q0.4,6.9,5,0.4,calibrated,1.0436,1.500226708171814,source_intercept_control
N6.9_D0005_Q0.6,6.9,5,0.6,calibrated,1.6422,1.4481802116102231,source_intercept_control
N6.9_D0005_Q0.8,6.9,5,0.8,calibrated,2.1078,1.3959028582001853,source_intercept_control
N6.9_D0005_Q0.9,6.9,5,0.9,calibrated,2.465,1.3696105164234582,source_intercept_control
N6.9_D0005_Q1.0,6.9,5,1.0,calibrated,2.633,1.343007209645714,source_intercept_control
N6.9_D0020_Q0.1,6.9,20,0.1,calibrated,0.5,1.3238174432702798,source_intercept_control
N6.9_D0020_Q0.2,6.9,20,0.2,calibrated,0.5,1.2979120703597176,source_intercept_control
N6.9_D0020_Q0.4,6.9,20,0.4,calibrated,0.9636,1.2460149280181712,source_intercept_control
N6.9_D0020_Q0.6,6.9,20,0.6,calibrated,1.4457,1.1939684314565804,source_intercept_control
N6.9_D0020_Q0.8,6.9,20,0.8,calibrated,1.9664,1.1416910780465426,source_intercept_control
N6.9_D0020_Q0.9,6.9,20,0.9,calibrated,2.1852,1.1153987362698154,source_intercept_control
N6.9_D0020_Q1.0,6.9,20,1.0,calibrated,2.4144,1.0887954294920712,source_intercept_control
N6.9_D0100_Q0.1,6.9,100,0.1,calibrated,0.5,1.1293287828256637,source_intercept_control
N6.9_D0100_Q0.2,6.9,100,0.2,calibrated,0.5,1.1034234099151015,source_intercept_control
N6.9_D0100_Q0.4,6.9,100,0.4,calibrated,0.882,1.051526267573555,source_intercept_control
N6.9_D0100_Q0.6,6.9,100,0.6,calibrated,1.3304,0.9994797710119643,source_intercept_control
N6.9_D0100_Q0.8,6.9,100,0.8,calibrated,1.818,0.9472024176019265,source_intercept_control
N6.9_D0100_Q0.9,6.9,100,0.9,calibrated,1.9399,0.9209100758251993,source_intercept_control
N6.9_D0100_Q1.0,6.9,100,1.0,calibrated,2.2368,0.8943067690474551,source_intercept_control
N6.9_D0500_Q0.1,6.9,500,0.1,calibrated,0.5,1.0053726929027815,source_intercept_control
N6.9_D0500_Q0.2,6.9,500,0.2,calibrated,0.5,0.9794673199922193,source_intercept_control
N6.9_D0500_Q0.4,6.9,500,0.4,calibrated,0.8513,0.9275701776506728,source_intercept_control
N6.9_D0500_Q0.6,6.9,500,0.6,calibrated,1.2524,0.8755236810890821,source_intercept_control
N6.9_D0500_Q0.8,6.9,500,0.8,calibrated,1.6838,0.8232463276790443,source_intercept_control
N6.9_D0500_Q0.9,6.9,500,0.9,calibrated,1.9071,0.7969539859023171,source_intercept_control
N6.9_D0500_Q1.0,6.9,500,1.0,calibrated,2.1285,0.7703506791245729,source_intercept_control
N6.9_D1000_Q0.1,6.9,1000,0.1,calibrated,0.5,0.9669581737689821,source_intercept_control
N6.9_D1000_Q0.2,6.9,1000,0.2,calibrated,0.5,0.9410528008584198,source_intercept_control
N6.9_D1000_Q0.4,6.9,1000,0.4,calibrated,0.8559,0.8891556585168734,source_intercept_control
N6.9_D1000_Q0.6,6.9,1000,0.6,calibrated,1.2482,0.8371091619552826,source_intercept_control
N6.9_D1000_Q0.8,6.9,1000,0.8,calibrated,1.6614,0.7848318085452448,source_intercept_control
N6.9_D1000_Q0.9,6.9,1000,0.9,calibrated,1.837,0.7585394667685177,source_intercept_control
N6.9_D1000_Q1.0,6.9,1000,1.0,calibrated,2.0548,0.7319361599907734,source_intercept_control
N6.9_D2000_Q0.1,6.9,2000,0.1,calibrated,0.5,0.9353176481617227,source_intercept_control
N6.9_D2000_Q0.2,6.9,2000,0.2,calibrated,0.5,0.9094122752511604,source_intercept_control
N6.9_D2000_Q0.4,6.9,2000,0.4,calibrated,0.8294,0.857515132909614,source_intercept_control
N6.9_D2000_Q0.6,6.9,2000,0.6,calibrated,1.2332,0.8054686363480232,source_intercept_control
N6.9_D2000_Q0.8,6.9,2000,0.8,calibrated,1.651,0.7531912829379854,source_intercept_control
N6.9_D2000_Q0.9,6.9,2000,0.9,calibrated,1.8064,0.7268989411612583,source_intercept_control
N6.9_D2000_Q1.0,6.9,2000,1.0,calibrated,1.9935,0.700295634383514,source_intercept_control
N12_D0005_Q0.1,12.0,5,0.1,calibrated,0.5,1.5263866718419379,source_intercept_control
N12_D0005_Q0.2,12.0,5,0.2,calibrated,0.5,1.502703573772383,source_intercept_control
N12_D0005_Q0.4,12.0,5,0.4,calibrated,1.0113,1.4552583925797442,source_intercept_control
N12_D0005_Q0.6,12.0,5,0.6,calibrated,1.5682,1.407676669417506,source_intercept_control
N12_D0005_Q0.8,12.0,5,0.8,calibrated,2.0752,1.3598838933049524,source_intercept_control
N12_D0005_Q0.9,12.0,5,0.9,calibrated,2.3423,1.335847022230898,source_intercept_control
N12_D0005_Q1.0,12.0,5,1.0,calibrated,2.701,1.3115258620774808,source_intercept_control
N12_D0020_Q0.1,12.0,20,0.1,calibrated,0.5,1.2721748916882951,source_intercept_control
N12_D0020_Q0.2,12.0,20,0.2,calibrated,0.5,1.2484917936187403,source_intercept_control
N12_D0020_Q0.4,12.0,20,0.4,calibrated,0.9074,1.2010466124261014,source_intercept_control
N12_D0020_Q0.6,12.0,20,0.6,calibrated,1.4022,1.1534648892638633,source_intercept_control
N12_D0020_Q0.8,12.0,20,0.8,calibrated,1.9488,1.1056721131513096,source_intercept_control
N12_D0020_Q0.9,12.0,20,0.9,calibrated,2.1859,1.0816352420772553,source_intercept_control
N12_D0020_Q1.0,12.0,20,1.0,calibrated,2.3472,1.057314081923838,source_intercept_control
N12_D0050_Q0.1,12.0,50,0.1,calibrated,0.5,1.150863050735661,source_intercept_control
N12_D0050_Q0.2,12.0,50,0.2,calibrated,0.5,1.1271799526661062,source_intercept_control
N12_D0050_Q0.4,12.0,50,0.4,calibrated,0.8712,1.0797347714734673,source_intercept_control
N12_D0050_Q0.6,12.0,50,0.6,calibrated,1.3567,1.0321530483112291,source_intercept_control
N12_D0050_Q0.8,12.0,50,0.8,calibrated,1.7878,0.9843602721986755,source_intercept_control
N12_D0050_Q0.9,12.0,50,0.9,calibrated,2.0117,0.9603234011246211,source_intercept_control
N12_D0050_Q1.0,12.0,50,1.0,calibrated,2.2387,0.9360022409712039,source_intercept_control
N12_D0100_Q0.1,12.0,100,0.1,calibrated,0.5,1.0776862312436795,source_intercept_control
N12_D0100_Q0.2,12.0,100,0.2,calibrated,0.5,1.0540031331741246,source_intercept_control
N12_D0100_Q0.4,12.0,100,0.4,calibrated,0.8496,1.0065579519814858,source_intercept_control
N12_D0100_Q0.6,12.0,100,0.6,calibrated,1.3174,0.9589762288192476,source_intercept_control
N12_D0100_Q0.8,12.0,100,0.8,calibrated,1.762,0.911183452706694,source_intercept_control
N12_D0100_Q0.9,12.0,100,0.9,calibrated,1.9734,0.8871465816326396,source_intercept_control
N12_D0100_Q1.0,12.0,100,1.0,calibrated,2.2111,0.8628254214792224,source_intercept_control
N12_D0150_Q0.1,12.0,150,0.1,calibrated,0.5,1.0410183469194079,source_intercept_control
N12_D0150_Q0.2,12.0,150,0.2,calibrated,0.5,1.017335248849853,source_intercept_control
N12_D0150_Q0.4,12.0,150,0.4,calibrated,0.8028,0.9698900676572142,source_intercept_control
N12_D0150_Q0.6,12.0,150,0.6,calibrated,1.2578,0.922308344494976,source_intercept_control
N12_D0150_Q0.8,12.0,150,0.8,calibrated,1.6931,0.8745155683824224,source_intercept_control
N12_D0150_Q0.9,12.0,150,0.9,calibrated,2.013,0.850478697308368,source_intercept_control
N12_D0150_Q1.0,12.0,150,1.0,calibrated,2.0668,0.8261575371549508,source_intercept_control
N12_D0300_Q0.1,12.0,300,0.1,calibrated,0.5,0.9872114773670393,source_intercept_control
N12_D0300_Q0.2,12.0,300,0.2,calibrated,0.5,0.9635283792974845,source_intercept_control
N12_D0300_Q0.4,12.0,300,0.4,calibrated,0.7936,0.9160831981048456,source_intercept_control
N12_D0300_Q0.6,12.0,300,0.6,calibrated,1.2252,0.8685014749426074,source_intercept_control
N12_D0300_Q0.8,12.0,300,0.8,calibrated,1.6725,0.8207086988300538,source_intercept_control
N12_D0300_Q0.9,12.0,300,0.9,calibrated,1.8741,0.7966718277559994,source_intercept_control
N12_D0300_Q1.0,12.0,300,1.0,calibrated,2.0381,0.7723506676025822,source_intercept_control
N12_D0500_Q0.1,12.0,500,0.1,calibrated,0.5,0.9537301413207968,source_intercept_control
N12_D0500_Q0.2,12.0,500,0.2,calibrated,0.5,0.930047043251242,source_intercept_control
N12_D0500_Q0.4,12.0,500,0.4,calibrated,0.7966,0.8826018620586031,source_intercept_control
N12_D0500_Q0.6,12.0,500,0.6,calibrated,1.2293,0.835020138896365,source_intercept_control
N12_D0500_Q0.8,12.0,500,0.8,calibrated,1.6431,0.7872273627838113,source_intercept_control
N12_D0500_Q0.9,12.0,500,0.9,calibrated,1.8108,0.763190491709757,source_intercept_control
N12_D0500_Q1.0,12.0,500,1.0,calibrated,2.0759,0.7388693315563397,source_intercept_control
N12_D1000_Q0.1,12.0,1000,0.1,calibrated,0.5,0.9153156221869978,source_intercept_control
N12_D1000_Q0.2,12.0,1000,0.2,calibrated,0.5,0.891632524117443,source_intercept_control
N12_D1000_Q0.4,12.0,1000,0.4,calibrated,0.7804,0.8441873429248041,source_intercept_control
N12_D1000_Q0.6,12.0,1000,0.6,calibrated,1.193,0.7966056197625659,source_intercept_control
N12_D1000_Q0.8,12.0,1000,0.8,calibrated,1.5722,0.7488128436500123,source_intercept_control
N12_D1000_Q0.9,12.0,1000,0.9,calibrated,1.826,0.7247759725759579,source_intercept_control
N12_D1000_Q1.0,12.0,1000,1.0,calibrated,2.0468,0.7004548124225407,source_intercept_control
N12_D2000_Q0.1,12.0,2000,0.1,calibrated,0.5,0.8836750965797384,source_intercept_control
N12_D2000_Q0.2,12.0,2000,0.2,calibrated,0.5,0.8599919985101836,source_intercept_control
N12_D2000_Q0.4,12.0,2000,0.4,calibrated,0.7469,0.8125468173175447,source_intercept_control
N12_D2000_Q0.6,12.0,2000,0.6,calibrated,1.1885,0.7649650941553066,source_intercept_control
N12_D2000_Q0.8,12.0,2000,0.8,calibrated,1.6065,0.7171723180427529,source_intercept_control
N12_D2000_Q0.9,12.0,2000,0.9,calibrated,1.7583,0.6931354469686986,source_intercept_control
N12_D2000_Q1.0,12.0,2000,1.0,calibrated,1.9695,0.6688142868152813,source_intercept_control
N20_D0005_Q0.1,20.0,5,0.1,extrapolated,0.5,1.4850686831025668,source_intercept_control
N20_D0005_Q0.2,20.0,5,0.2,extrapolated,0.5,1.4632673606731903,source_intercept_control
N20_D0005_Q0.4,20.0,5,0.4,extrapolated,0.9583,1.4195920066353407,source_intercept_control
N20_D0005_Q0.6,20.0,5,0.6,extrapolated,1.5155,1.3757909597723537,source_intercept_control
N20_D0005_Q0.8,20.0,5,0.8,extrapolated,2.0429,1.3317956294838627,source_intercept_control
N20_D0005_Q0.9,20.0,5,0.9,extrapolated,2.3981,1.309668643608122,source_intercept_control
N20_D0005_Q1.0,20.0,5,1.0,extrapolated,2.5772,1.2872799572629525,source_intercept_control
N20_D0020_Q0.1,20.0,20,0.1,extrapolated,0.5,1.2308569029489236,source_intercept_control
N20_D0020_Q0.2,20.0,20,0.2,extrapolated,0.5,1.209055580519547,source_intercept_control
N20_D0020_Q0.4,20.0,20,0.4,extrapolated,0.8354,1.165380226481698,source_intercept_control
N20_D0020_Q0.6,20.0,20,0.6,extrapolated,1.3714,1.1215791796187105,source_intercept_control
N20_D0020_Q0.8,20.0,20,0.8,extrapolated,1.8837,1.0775838493302194,source_intercept_control
N20_D0020_Q0.9,20.0,20,0.9,extrapolated,2.0254,1.0554568634544788,source_intercept_control
N20_D0020_Q1.0,20.0,20,1.0,extrapolated,2.3884,1.0330681771093093,source_intercept_control
N20_D0050_Q0.1,20.0,50,0.1,extrapolated,0.5,1.1095450619962899,source_intercept_control
N20_D0050_Q0.2,20.0,50,0.2,extrapolated,0.5,1.0877437395669134,source_intercept_control
N20_D0050_Q0.4,20.0,50,0.4,extrapolated,0.8172,1.0440683855290638,source_intercept_control
N20_D0050_Q0.6,20.0,50,0.6,extrapolated,1.2838,1.0002673386660768,source_intercept_control
N20_D0050_Q0.8,20.0,50,0.8,extrapolated,1.8085,0.9562720083775857,source_intercept_control
N20_D0050_Q0.9,20.0,50,0.9,extrapolated,2.0156,0.9341450225018451,source_intercept_control
N20_D0050_Q1.0,20.0,50,1.0,extrapolated,2.2835,0.9117563361566756,source_intercept_control
N20_D0100_Q0.1,20.0,100,0.1,extrapolated,0.5,1.036368242504308,source_intercept_control
N20_D0100_Q0.2,20.0,100,0.2,extrapolated,0.5,1.0145669200749314,source_intercept_control
N20_D0100_Q0.4,20.0,100,0.4,extrapolated,0.793,0.9708915660370818,source_intercept_control
N20_D0100_Q0.6,20.0,100,0.6,extrapolated,1.2411,0.9270905191740948,source_intercept_control
N20_D0100_Q0.8,20.0,100,0.8,extrapolated,1.7346,0.8830951888856038,source_intercept_control
N20_D0100_Q0.9,20.0,100,0.9,extrapolated,1.9249,0.8609682030098631,source_intercept_control
N20_D0100_Q1.0,20.0,100,1.0,extrapolated,2.1626,0.8385795166646937,source_intercept_control
N20_D0150_Q0.1,20.0,150,0.1,extrapolated,0.5,0.9997003581800363,source_intercept_control
N20_D0150_Q0.2,20.0,150,0.2,extrapolated,0.5,0.9778990357506598,source_intercept_control
N20_D0150_Q0.4,20.0,150,0.4,extrapolated,0.7726,0.9342236817128107,source_intercept_control
N20_D0150_Q0.6,20.0,150,0.6,extrapolated,1.2131,0.8904226348498232,source_intercept_control
N20_D0150_Q0.8,20.0,150,0.8,extrapolated,1.6867,0.8464273045613322,source_intercept_control
N20_D0150_Q0.9,20.0,150,0.9,extrapolated,1.9415,0.8243003186855915,source_intercept_control
N20_D0150_Q1.0,20.0,150,1.0,extrapolated,2.202,0.8019116323404221,source_intercept_control
N20_D0300_Q0.1,20.0,300,0.1,extrapolated,0.5,0.9458934886276678,source_intercept_control
N20_D0300_Q0.2,20.0,300,0.2,extrapolated,0.5,0.9240921661982913,source_intercept_control
N20_D0300_Q0.4,20.0,300,0.4,extrapolated,0.7862,0.8804168121604421,source_intercept_control
N20_D0300_Q0.6,20.0,300,0.6,extrapolated,1.1855,0.8366157652974546,source_intercept_control
N20_D0300_Q0.8,20.0,300,0.8,extrapolated,1.616,0.7926204350089636,source_intercept_control
N20_D0300_Q0.9,20.0,300,0.9,extrapolated,1.8103,0.7704934491332229,source_intercept_control
N20_D0300_Q1.0,20.0,300,1.0,extrapolated,2.0706,0.7481047627880535,source_intercept_control
N20_D0500_Q0.1,20.0,500,0.1,extrapolated,0.5,0.9124121525814257,source_intercept_control
N20_D0500_Q0.2,20.0,500,0.2,extrapolated,0.5,0.8906108301520492,source_intercept_control
N20_D0500_Q0.4,20.0,500,0.4,extrapolated,0.7311,0.8469354761141996,source_intercept_control
N20_D0500_Q0.6,20.0,500,0.6,extrapolated,1.1533,0.8031344292512126,source_intercept_control
N20_D0500_Q0.8,20.0,500,0.8,extrapolated,1.5833,0.7591390989627216,source_intercept_control
N20_D0500_Q0.9,20.0,500,0.9,extrapolated,1.8347,0.7370121130869809,source_intercept_control
N20_D0500_Q1.0,20.0,500,1.0,extrapolated,2.0683,0.7146234267418115,source_intercept_control
N20_D1000_Q0.1,20.0,1000,0.1,extrapolated,0.5,0.8739976334476267,source_intercept_control
N20_D1000_Q0.2,20.0,1000,0.2,extrapolated,0.5,0.8521963110182498,source_intercept_control
N20_D1000_Q0.4,20.0,1000,0.4,extrapolated,0.7145,0.8085209569804006,source_intercept_control
N20_D1000_Q0.6,20.0,1000,0.6,extrapolated,1.156,0.7647199101174131,source_intercept_control
N20_D1000_Q0.8,20.0,1000,0.8,extrapolated,1.5928,0.7207245798289221,source_intercept_control
N20_D1000_Q0.9,20.0,1000,0.9,extrapolated,1.8254,0.6985975939531819,source_intercept_control
N20_D1000_Q1.0,20.0,1000,1.0,extrapolated,1.9818,0.6762089076080122,source_intercept_control
N20_D2000_Q0.1,20.0,2000,0.1,extrapolated,0.5,0.8423571078403673,source_intercept_control
N20_D2000_Q0.2,20.0,2000,0.2,extrapolated,0.5,0.8205557854109904,source_intercept_control
N20_D2000_Q0.4,20.0,2000,0.4,extrapolated,0.7172,0.7768804313731412,source_intercept_control
N20_D2000_Q0.6,20.0,2000,0.6,extrapolated,1.1399,0.7330793845101538,source_intercept_control
N20_D2000_Q0.8,20.0,2000,0.8,extrapolated,1.5389,0.6890840542216627,source_intercept_control
N20_D2000_Q0.9,20.0,2000,0.9,extrapolated,1.7931,0.6669570683459225,source_intercept_control
N20_D2000_Q1.0,20.0,2000,1.0,extrapolated,1.9584,0.6445683820007528,source_intercept_control
N40_D0005_Q0.1,40.0,5,0.1,extrapolated,0.5,1.4372126267407854,source_intercept_control
N40_D0005_Q0.2,40.0,5,0.2,extrapolated,0.5,1.4177279131469434,source_intercept_control
N40_D0005_Q0.4,40.0,5,0.4,extrapolated,0.867,1.378693502858581,source_intercept_control
N40_D0005_Q0.6,40.0,5,0.6,extrapolated,1.4673,1.3395467558664917,source_intercept_control
N40_D0005_Q0.8,40.0,5,0.8,extrapolated,2.0255,1.3002263700084924,source_intercept_control
N40_D0005_Q0.9,40.0,5,0.9,extrapolated,2.2617,1.28045059797079,source_intercept_control
N40_D0005_Q1.0,40.0,5,1.0,extrapolated,2.5961,1.2604409337593119,source_intercept_control
N40_D0020_Q0.1,40.0,20,0.1,extrapolated,0.5,1.1830008465871422,source_intercept_control
N40_D0020_Q0.2,40.0,20,0.2,extrapolated,0.5,1.1635161329933001,source_intercept_control
N40_D0020_Q0.4,40.0,20,0.4,extrapolated,0.7886,1.1244817227049377,source_intercept_control
N40_D0020_Q0.6,40.0,20,0.6,extrapolated,1.3092,1.0853349757128485,source_intercept_control
N40_D0020_Q0.8,40.0,20,0.8,extrapolated,1.7885,1.0460145898548492,source_intercept_control
N40_D0020_Q0.9,40.0,20,0.9,extrapolated,2.0261,1.0262388178171469,source_intercept_control
N40_D0020_Q1.0,40.0,20,1.0,extrapolated,2.3679,1.0062291536056687,source_intercept_control
N40_D0050_Q0.1,40.0,50,0.1,extrapolated,0.5,1.0616890056345085,source_intercept_control
N40_D0050_Q0.2,40.0,50,0.2,extrapolated,0.5,1.0422042920406664,source_intercept_control
N40_D0050_Q0.4,40.0,50,0.4,extrapolated,0.7348,1.003169881752304,source_intercept_control
N40_D0050_Q0.6,40.0,50,0.6,extrapolated,1.2307,0.9640231347602148,source_intercept_control
N40_D0050_Q0.8,40.0,50,0.8,extrapolated,1.6999,0.9247027489022155,source_intercept_control
N40_D0050_Q0.9,40.0,50,0.9,extrapolated,1.9707,0.9049269768645132,source_intercept_control
N40_D0050_Q1.0,40.0,50,1.0,extrapolated,2.262,0.884917312653035,source_intercept_control
N40_D0100_Q0.1,40.0,100,0.1,extrapolated,0.5,0.9885121861425266,source_intercept_control
N40_D0100_Q0.2,40.0,100,0.2,extrapolated,0.5,0.9690274725486845,source_intercept_control
N40_D0100_Q0.4,40.0,100,0.4,extrapolated,0.7481,0.9299930622603221,source_intercept_control
N40_D0100_Q0.6,40.0,100,0.6,extrapolated,1.1814,0.8908463152682329,source_intercept_control
N40_D0100_Q0.8,40.0,100,0.8,extrapolated,1.6703,0.8515259294102335,source_intercept_control
N40_D0100_Q0.9,40.0,100,0.9,extrapolated,1.9207,0.8317501573725312,source_intercept_control
N40_D0100_Q1.0,40.0,100,1.0,extrapolated,2.1214,0.811740493161053,source_intercept_control
N40_D0150_Q0.1,40.0,150,0.1,extrapolated,0.5,0.951844301818255,source_intercept_control
N40_D0150_Q0.2,40.0,150,0.2,extrapolated,0.5,0.9323595882244129,source_intercept_control
N40_D0150_Q0.4,40.0,150,0.4,extrapolated,0.7164,0.8933251779360505,source_intercept_control
N40_D0150_Q0.6,40.0,150,0.6,extrapolated,1.2004,0.8541784309439613,source_intercept_control
N40_D0150_Q0.8,40.0,150,0.8,extrapolated,1.6463,0.8148580450859619,source_intercept_control
N40_D0150_Q0.9,40.0,150,0.9,extrapolated,1.8339,0.7950822730482596,source_intercept_control
N40_D0150_Q1.0,40.0,150,1.0,extrapolated,2.0917,0.7750726088367814,source_intercept_control
N40_D0300_Q0.1,40.0,300,0.1,extrapolated,0.5,0.8980374322658864,source_intercept_control
N40_D0300_Q0.2,40.0,300,0.2,extrapolated,0.5,0.8785527186720443,source_intercept_control
N40_D0300_Q0.4,40.0,300,0.4,extrapolated,0.6864,0.8395183083836819,source_intercept_control
N40_D0300_Q0.6,40.0,300,0.6,extrapolated,1.1336,0.8003715613915927,source_intercept_control
N40_D0300_Q0.8,40.0,300,0.8,extrapolated,1.5375,0.7610511755335934,source_intercept_control
N40_D0300_Q0.9,40.0,300,0.9,extrapolated,1.8101,0.741275403495891,source_intercept_control
N40_D0300_Q1.0,40.0,300,1.0,extrapolated,2.0147,0.7212657392844128,source_intercept_control
N40_D0500_Q0.1,40.0,500,0.1,extrapolated,0.5,0.8645560962196444,source_intercept_control
N40_D0500_Q0.2,40.0,500,0.2,extrapolated,0.5,0.8450713826258023,source_intercept_control
N40_D0500_Q0.4,40.0,500,0.4,extrapolated,0.7035,0.8060369723374399,source_intercept_control
N40_D0500_Q0.6,40.0,500,0.6,extrapolated,1.1238,0.7668902253453507,source_intercept_control
N40_D0500_Q0.8,40.0,500,0.8,extrapolated,1.5771,0.7275698394873513,source_intercept_control
N40_D0500_Q0.9,40.0,500,0.9,extrapolated,1.7729,0.707794067449649,source_intercept_control
N40_D0500_Q1.0,40.0,500,1.0,extrapolated,2.0298,0.6877844032381708,source_intercept_control
N40_D1000_Q0.1,40.0,1000,0.1,extrapolated,0.5,0.8261415770858453,source_intercept_control
N40_D1000_Q0.2,40.0,1000,0.2,extrapolated,0.5,0.8066568634920028,source_intercept_control
N40_D1000_Q0.4,40.0,1000,0.4,extrapolated,0.6682,0.7676224532036409,source_intercept_control
N40_D1000_Q0.6,40.0,1000,0.6,extrapolated,1.1087,0.7284757062115512,source_intercept_control
N40_D1000_Q0.8,40.0,1000,0.8,extrapolated,1.5165,0.6891553203535519,source_intercept_control
N40_D1000_Q0.9,40.0,1000,0.9,extrapolated,1.7375,0.66937954831585,source_intercept_control
N40_D1000_Q1.0,40.0,1000,1.0,extrapolated,1.9394,0.6493698841043716,source_intercept_control
N40_D2000_Q0.1,40.0,2000,0.1,extrapolated,0.5,0.794501051478586,source_intercept_control
N40_D2000_Q0.2,40.0,2000,0.2,extrapolated,0.5,0.7750163378847434,source_intercept_control
N40_D2000_Q0.4,40.0,2000,0.4,extrapolated,0.6377,0.7359819275963815,source_intercept_control
N40_D2000_Q0.6,40.0,2000,0.6,extrapolated,1.0771,0.6968351806042918,source_intercept_control
N40_D2000_Q0.8,40.0,2000,0.8,extrapolated,1.5044,0.6575147947462927,source_intercept_control
N40_D2000_Q0.9,40.0,2000,0.9,extrapolated,1.7336,0.6377390227085906,source_intercept_control
N40_D2000_Q1.0,40.0,2000,1.0,extrapolated,1.9275,0.6177293584971122,source_intercept_control
N70_D0005_Q0.1,70.0,5,0.1,extrapolated,0.5,1.4043869559675468,source_intercept_control
N70_D0005_Q0.2,70.0,5,0.2,extrapolated,0.5,1.3865917040930527,source_intercept_control
N70_D0005_Q0.4,70.0,5,0.4,extrapolated,0.8232,1.3509418517352911,source_intercept_control
N70_D0005_Q0.6,70.0,5,0.6,extrapolated,1.4166,1.3151894030561648,source_intercept_control
N70_D0005_Q0.8,70.0,5,0.8,extrapolated,2.0006,1.279278371222137,source_intercept_control
N70_D0005_Q0.9,70.0,5,0.9,extrapolated,2.2782,1.2612172977181004,source_intercept_control
N70_D0005_Q1.0,70.0,5,1.0,extrapolated,2.6033,1.242942612136895,source_intercept_control
N70_D0020_Q0.1,70.0,20,0.1,extrapolated,0.5,1.150175175813904,source_intercept_control
N70_D0020_Q0.2,70.0,20,0.2,extrapolated,0.5,1.13237992393941,source_intercept_control
N70_D0020_Q0.4,70.0,20,0.4,extrapolated,0.7217,1.0967300715816484,source_intercept_control
N70_D0020_Q0.6,70.0,20,0.6,extrapolated,1.2611,1.060977622902522,source_intercept_control
N70_D0020_Q0.8,70.0,20,0.8,extrapolated,1.7756,1.0250665910684942,source_intercept_control
N70_D0020_Q0.9,70.0,20,0.9,extrapolated,2.0434,1.0070055175644577,source_intercept_control
N70_D0020_Q1.0,70.0,20,1.0,extrapolated,2.3369,0.9887308319832522,source_intercept_control
N70_D0050_Q0.1,70.0,50,0.1,extrapolated,0.5,1.02886333486127,source_intercept_control
N70_D0050_Q0.2,70.0,50,0.2,extrapolated,0.5,1.0110680829867758,source_intercept_control
N70_D0050_Q0.4,70.0,50,0.4,extrapolated,0.7053,0.9754182306290142,source_intercept_control
N70_D0050_Q0.6,70.0,50,0.6,extrapolated,1.1924,0.9396657819498879,source_intercept_control
N70_D0050_Q0.8,70.0,50,0.8,extrapolated,1.6973,0.90375475011586,source_intercept_control
N70_D0050_Q0.9,70.0,50,0.9,extrapolated,1.9752,0.8856936766118235,source_intercept_control
N70_D0050_Q1.0,70.0,50,1.0,extrapolated,2.2162,0.867418991030618,source_intercept_control
N70_D0100_Q0.1,70.0,100,0.1,extrapolated,0.5,0.9556865153692884,source_intercept_control
N70_D0100_Q0.2,70.0,100,0.2,extrapolated,0.5,0.9378912634947942,source_intercept_control
N70_D0100_Q0.4,70.0,100,0.4,extrapolated,0.6765,0.9022414111370327,source_intercept_control
N70_D0100_Q0.6,70.0,100,0.6,extrapolated,1.1486,0.8664889624579064,source_intercept_control
N70_D0100_Q0.8,70.0,100,0.8,extrapolated,1.6395,0.8305779306238785,source_intercept_control
N70_D0100_Q0.9,70.0,100,0.9,extrapolated,1.905,0.812516857119842,source_intercept_control
N70_D0100_Q1.0,70.0,100,1.0,extrapolated,2.1223,0.7942421715386365,source_intercept_control
N70_D0150_Q0.1,70.0,150,0.1,extrapolated,0.5,0.9190186310450168,source_intercept_control
N70_D0150_Q0.2,70.0,150,0.2,extrapolated,0.5,0.9012233791705226,source_intercept_control
N70_D0150_Q0.4,70.0,150,0.4,extrapolated,0.6507,0.8655735268127611,source_intercept_control
N70_D0150_Q0.6,70.0,150,0.6,extrapolated,1.1506,0.8298210781336348,source_intercept_control
N70_D0150_Q0.8,70.0,150,0.8,extrapolated,1.5779,0.7939100462996069,source_intercept_control
N70_D0150_Q0.9,70.0,150,0.9,extrapolated,1.8604,0.7758489727955704,source_intercept_control
N70_D0150_Q1.0,70.0,150,1.0,extrapolated,2.0817,0.7575742872143649,source_intercept_control
N70_D0300_Q0.1,70.0,300,0.1,extrapolated,0.5,0.8652117614926482,source_intercept_control
N70_D0300_Q0.2,70.0,300,0.2,extrapolated,0.5,0.8474165096181541,source_intercept_control
N70_D0300_Q0.4,70.0,300,0.4,extrapolated,0.6571,0.8117666572603925,source_intercept_control
N70_D0300_Q0.6,70.0,300,0.6,extrapolated,1.1181,0.7760142085812662,source_intercept_control
N70_D0300_Q0.8,70.0,300,0.8,extrapolated,1.5736,0.7401031767472384,source_intercept_control
N70_D0300_Q0.9,70.0,300,0.9,extrapolated,1.7826,0.7220421032432018,source_intercept_control
N70_D0300_Q1.0,70.0,300,1.0,extrapolated,2.0225,0.7037674176619964,source_intercept_control
N70_D0500_Q0.1,70.0,500,0.1,extrapolated,0.5,0.8317304254464057,source_intercept_control
N70_D0500_Q0.2,70.0,500,0.2,extrapolated,0.5,0.813935173571912,source_intercept_control
N70_D0500_Q0.4,70.0,500,0.4,extrapolated,0.6398,0.7782853212141505,source_intercept_control
N70_D0500_Q0.6,70.0,500,0.6,extrapolated,1.0654,0.7425328725350242,source_intercept_control
N70_D0500_Q0.8,70.0,500,0.8,extrapolated,1.552,0.7066218407009959,source_intercept_control
N70_D0500_Q0.9,70.0,500,0.9,extrapolated,1.7856,0.6885607671969594,source_intercept_control
N70_D0500_Q1.0,70.0,500,1.0,extrapolated,2.0232,0.6702860816157541,source_intercept_control
N70_D1000_Q0.1,70.0,1000,0.1,extrapolated,0.5,0.7933159063126067,source_intercept_control
N70_D1000_Q0.2,70.0,1000,0.2,extrapolated,0.5,0.7755206544381126,source_intercept_control
N70_D1000_Q0.4,70.0,1000,0.4,extrapolated,0.6331,0.739870802080351,source_intercept_control
N70_D1000_Q0.6,70.0,1000,0.6,extrapolated,1.0717,0.7041183534012248,source_intercept_control
N70_D1000_Q0.8,70.0,1000,0.8,extrapolated,1.5113,0.6682073215671969,source_intercept_control
N70_D1000_Q0.9,70.0,1000,0.9,extrapolated,1.7324,0.6501462480631601,source_intercept_control
N70_D1000_Q1.0,70.0,1000,1.0,extrapolated,1.9314,0.6318715624819549,source_intercept_control
N70_D2000_Q0.1,70.0,2000,0.1,extrapolated,0.5,0.7616753807053473,source_intercept_control
N70_D2000_Q0.2,70.0,2000,0.2,extrapolated,0.5,0.7438801288308532,source_intercept_control
N70_D2000_Q0.4,70.0,2000,0.4,extrapolated,0.6095,0.7082302764730917,source_intercept_control
N70_D2000_Q0.6,70.0,2000,0.6,extrapolated,1.0279,0.6724778277939654,source_intercept_control
N70_D2000_Q0.8,70.0,2000,0.8,extrapolated,1.4713,0.6365667959599375,source_intercept_control
N70_D2000_Q0.9,70.0,2000,0.9,extrapolated,1.7312,0.6185057224559007,source_intercept_control
N70_D2000_Q1.0,70.0,2000,1.0,extrapolated,1.9285,0.6002310368746955,source_intercept_control
N120_D0005_Q0.1,120.0,5,0.1,extrapolated,0.5,1.3769011022697428,source_intercept_control
N120_D0005_Q0.2,120.0,5,0.2,extrapolated,0.5,1.3605944207263863,source_intercept_control
N120_D0005_Q0.4,120.0,5,0.4,extrapolated,0.759,1.327926673533726,source_intercept_control
N120_D0005_Q0.6,120.0,5,0.6,extrapolated,1.3529,1.2951649121876374,source_intercept_control
N120_D0005_Q0.8,120.0,5,0.8,extrapolated,1.8929,1.2622578331453818,source_intercept_control
N120_D0005_Q0.9,120.0,5,0.9,extrapolated,2.2776,1.2457075659146264,source_intercept_control
N120_D0005_Q1.0,120.0,5,1.0,extrapolated,2.5753,1.2289615552270898,source_intercept_control
N120_D0020_Q0.1,120.0,20,0.1,extrapolated,0.5,1.1226893221161,source_intercept_control
N120_D0020_Q0.2,120.0,20,0.2,extrapolated,0.5,1.1063826405727435,source_intercept_control
N120_D0020_Q0.4,120.0,20,0.4,extrapolated,0.686,1.0737148933800833,source_intercept_control
N120_D0020_Q0.6,120.0,20,0.6,extrapolated,1.2186,1.0409531320339946,source_intercept_control
N120_D0020_Q0.8,120.0,20,0.8,extrapolated,1.7489,1.008046052991739,source_intercept_control
N120_D0020_Q0.9,120.0,20,0.9,extrapolated,2.0566,0.9914957857609836,source_intercept_control
N120_D0020_Q1.0,120.0,20,1.0,extrapolated,2.2493,0.9747497750734471,source_intercept_control
N120_D0050_Q0.1,120.0,50,0.1,extrapolated,0.5,1.001377481163466,source_intercept_control
N120_D0050_Q0.2,120.0,50,0.2,extrapolated,0.5,0.9850707996201093,source_intercept_control
N120_D0050_Q0.4,120.0,50,0.4,extrapolated,0.6689,0.9524030524274492,source_intercept_control
N120_D0050_Q0.6,120.0,50,0.6,extrapolated,1.1614,0.9196412910813605,source_intercept_control
N120_D0050_Q0.8,120.0,50,0.8,extrapolated,1.682,0.8867342120391049,source_intercept_control
N120_D0050_Q0.9,120.0,50,0.9,extrapolated,1.9395,0.8701839448083495,source_intercept_control
N120_D0050_Q1.0,120.0,50,1.0,extrapolated,2.2004,0.8534379341208129,source_intercept_control
N120_D0100_Q0.1,120.0,100,0.1,extrapolated,0.5,0.9282006616714844,source_intercept_control
N120_D0100_Q0.2,120.0,100,0.2,extrapolated,0.5,0.9118939801281278,source_intercept_control
N120_D0100_Q0.4,120.0,100,0.4,extrapolated,0.6206,0.8792262329354676,source_intercept_control
N120_D0100_Q0.6,120.0,100,0.6,extrapolated,1.1099,0.846464471589379,source_intercept_control
N120_D0100_Q0.8,120.0,100,0.8,extrapolated,1.5774,0.8135573925471233,source_intercept_control
N120_D0100_Q0.9,120.0,100,0.9,extrapolated,1.8321,0.797007125316368,source_intercept_control
N120_D0100_Q1.0,120.0,100,1.0,extrapolated,2.1521,0.7802611146288314,source_intercept_control
N120_D0150_Q0.1,120.0,150,0.1,extrapolated,0.5,0.8915327773472128,source_intercept_control
N120_D0150_Q0.2,120.0,150,0.2,extrapolated,0.5,0.8752260958038562,source_intercept_control
N120_D0150_Q0.4,120.0,150,0.4,extrapolated,0.6188,0.842558348611196,source_intercept_control
N120_D0150_Q0.6,120.0,150,0.6,extrapolated,1.0887,0.8097965872651074,source_intercept_control
N120_D0150_Q0.8,120.0,150,0.8,extrapolated,1.5564,0.7768895082228517,source_intercept_control
N120_D0150_Q0.9,120.0,150,0.9,extrapolated,1.8816,0.7603392409920964,source_intercept_control
N120_D0150_Q1.0,120.0,150,1.0,extrapolated,2.0881,0.7435932303045598,source_intercept_control
N120_D0300_Q0.1,120.0,300,0.1,extrapolated,0.5,0.8377259077948442,source_intercept_control
N120_D0300_Q0.2,120.0,300,0.2,extrapolated,0.5,0.8214192262514877,source_intercept_control
N120_D0300_Q0.4,120.0,300,0.4,extrapolated,0.6045,0.7887514790588275,source_intercept_control
N120_D0300_Q0.6,120.0,300,0.6,extrapolated,1.092,0.7559897177127388,source_intercept_control
N120_D0300_Q0.8,120.0,300,0.8,extrapolated,1.5302,0.7230826386704832,source_intercept_control
N120_D0300_Q0.9,120.0,300,0.9,extrapolated,1.7838,0.7065323714397278,source_intercept_control
N120_D0300_Q1.0,120.0,300,1.0,extrapolated,2.0619,0.6897863607521912,source_intercept_control
N120_D0500_Q0.1,120.0,500,0.1,extrapolated,0.5,0.8042445717486018,source_intercept_control
N120_D0500_Q0.2,120.0,500,0.2,extrapolated,0.5,0.7879378902052456,source_intercept_control
N120_D0500_Q0.4,120.0,500,0.4,extrapolated,0.5807,0.755270143012585,source_intercept_control
N120_D0500_Q0.6,120.0,500,0.6,extrapolated,1.0547,0.7225083816664968,source_intercept_control
N120_D0500_Q0.8,120.0,500,0.8,extrapolated,1.5164,0.6896013026242407,source_intercept_control
N120_D0500_Q0.9,120.0,500,0.9,extrapolated,1.7304,0.6730510353934855,source_intercept_control
N120_D0500_Q1.0,120.0,500,1.0,extrapolated,2.0294,0.656305024705949,source_intercept_control
N120_D1000_Q0.1,120.0,1000,0.1,extrapolated,0.5,0.7658300526148027,source_intercept_control
N120_D1000_Q0.2,120.0,1000,0.2,extrapolated,0.5,0.7495233710714462,source_intercept_control
N120_D1000_Q0.4,120.0,1000,0.4,extrapolated,0.5785,0.716855623878786,source_intercept_control
N120_D1000_Q0.6,120.0,1000,0.6,extrapolated,1.0412,0.6840938625326973,source_intercept_control
N120_D1000_Q0.8,120.0,1000,0.8,extrapolated,1.485,0.6511867834904417,source_intercept_control
N120_D1000_Q0.9,120.0,1000,0.9,extrapolated,1.7223,0.6346365162596863,source_intercept_control
N120_D1000_Q1.0,120.0,1000,1.0,extrapolated,1.9082,0.6178905055721498,source_intercept_control
N120_D2000_Q0.1,120.0,2000,0.1,extrapolated,0.5,0.7341895270075434,source_intercept_control
N120_D2000_Q0.2,120.0,2000,0.2,extrapolated,0.5,0.7178828454641868,source_intercept_control
N120_D2000_Q0.4,120.0,2000,0.4,extrapolated,0.5772,0.6852150982715266,source_intercept_control
N120_D2000_Q0.6,120.0,2000,0.6,extrapolated,1.0107,0.6524533369254382,source_intercept_control
N120_D2000_Q0.8,120.0,2000,0.8,extrapolated,1.4677,0.6195462578831823,source_intercept_control
N120_D2000_Q0.9,120.0,2000,0.9,extrapolated,1.6316,0.6029959906524269,source_intercept_control
N120_D2000_Q1.0,120.0,2000,1.0,extrapolated,1.9249,0.5862499799648904,source_intercept_control
N300_D0005_Q0.1,300.0,5,0.1,extrapolated,0.5,1.3378767649726073,source_intercept_control
N300_D0005_Q0.2,300.0,5,0.2,extrapolated,0.5,1.3238204885463152,source_intercept_control
N300_D0005_Q0.4,300.0,5,0.4,extrapolated,0.6853,1.2956610568714295,source_intercept_control
N300_D0005_Q0.6,300.0,5,0.6,extrapolated,1.3009,1.267420585475184,source_intercept_control
N300_D0005_Q0.8,300.0,5,0.8,extrapolated,1.8604,1.2390548509650718,source_intercept_control
N300_D0005_Q0.9,300.0,5,0.9,extrapolated,2.2235,1.2247886049170351,source_intercept_control
N300_D0005_Q1.0,300.0,5,1.0,extrapolated,2.478,1.2103536290063441,source_intercept_control
N300_D0020_Q0.1,300.0,20,0.1,extrapolated,0.5,1.0836649848189646,source_intercept_control
N300_D0020_Q0.2,300.0,20,0.2,extrapolated,0.5,1.0696087083926724,source_intercept_control
N300_D0020_Q0.4,300.0,20,0.4,extrapolated,0.6087,1.0414492767177868,source_intercept_control
N300_D0020_Q0.6,300.0,20,0.6,extrapolated,1.1745,1.0132088053215413,source_intercept_control
N300_D0020_Q0.8,300.0,20,0.8,extrapolated,1.7275,0.9848430708114291,source_intercept_control
N300_D0020_Q0.9,300.0,20,0.9,extrapolated,1.993,0.9705768247633924,source_intercept_control
N300_D0020_Q1.0,300.0,20,1.0,extrapolated,2.3267,0.9561418488527014,source_intercept_control
N300_D0050_Q0.1,300.0,50,0.1,extrapolated,0.5,0.9623531438663304,source_intercept_control
N300_D0050_Q0.2,300.0,50,0.2,extrapolated,0.5,0.9482968674400383,source_intercept_control
N300_D0050_Q0.4,300.0,50,0.4,extrapolated,0.5737,0.9201374357651526,source_intercept_control
N300_D0050_Q0.6,300.0,50,0.6,extrapolated,1.0844,0.8918969643689072,source_intercept_control
N300_D0050_Q0.8,300.0,50,0.8,extrapolated,1.6524,0.8635312298587949,source_intercept_control
N300_D0050_Q0.9,300.0,50,0.9,extrapolated,1.917,0.8492649838107582,source_intercept_control
N300_D0050_Q1.0,300.0,50,1.0,extrapolated,2.1404,0.8348300079000672,source_intercept_control
N300_D0100_Q0.1,300.0,100,0.1,extrapolated,0.5,0.8891763243743489,source_intercept_control
N300_D0100_Q0.2,300.0,100,0.2,extrapolated,0.5,0.8751200479480568,source_intercept_control
N300_D0100_Q0.4,300.0,100,0.4,extrapolated,0.5656,0.8469606162731711,source_intercept_control
N300_D0100_Q0.6,300.0,100,0.6,extrapolated,1.0582,0.8187201448769257,source_intercept_control
N300_D0100_Q0.8,300.0,100,0.8,extrapolated,1.6239,0.7903544103668134,source_intercept_control
N300_D0100_Q0.9,300.0,100,0.9,extrapolated,1.7981,0.7760881643187767,source_intercept_control
N300_D0100_Q1.0,300.0,100,1.0,extrapolated,2.018,0.7616531884080857,source_intercept_control
N300_D0150_Q0.1,300.0,150,0.1,extrapolated,0.5,0.8525084400500773,source_intercept_control
N300_D0150_Q0.2,300.0,150,0.2,extrapolated,0.5,0.8384521636237852,source_intercept_control
N300_D0150_Q0.4,300.0,150,0.4,extrapolated,0.5498,0.8102927319488995,source_intercept_control
N300_D0150_Q0.6,300.0,150,0.6,extrapolated,1.0259,0.7820522605526541,source_intercept_control
N300_D0150_Q0.8,300.0,150,0.8,extrapolated,1.5543,0.7536865260425418,source_intercept_control
N300_D0150_Q0.9,300.0,150,0.9,extrapolated,1.8567,0.7394202799945051,source_intercept_control
N300_D0150_Q1.0,300.0,150,1.0,extrapolated,2.0823,0.7249853040838141,source_intercept_control
N300_D0300_Q0.1,300.0,300,0.1,extrapolated,0.5,0.7987015704977083,source_intercept_control
N300_D0300_Q0.2,300.0,300,0.2,extrapolated,0.5,0.7846452940714161,source_intercept_control
N300_D0300_Q0.4,300.0,300,0.4,extrapolated,0.5355,0.7564858623965305,source_intercept_control
N300_D0300_Q0.6,300.0,300,0.6,extrapolated,1.0191,0.7282453910002855,source_intercept_control
N300_D0300_Q0.8,300.0,300,0.8,extrapolated,1.5064,0.6998796564901728,source_intercept_control
N300_D0300_Q0.9,300.0,300,0.9,extrapolated,1.708,0.6856134104421361,source_intercept_control
N300_D0300_Q1.0,300.0,300,1.0,extrapolated,1.9949,0.6711784345314453,source_intercept_control
N300_D0500_Q0.1,300.0,500,0.1,extrapolated,0.5,0.7652202344514663,source_intercept_control
N300_D0500_Q0.2,300.0,500,0.2,extrapolated,0.5,0.7511639580251741,source_intercept_control
N300_D0500_Q0.4,300.0,500,0.4,extrapolated,0.5242,0.7230045263502884,source_intercept_control
N300_D0500_Q0.6,300.0,500,0.6,extrapolated,1.004,0.6947640549540435,source_intercept_control
N300_D0500_Q0.8,300.0,500,0.8,extrapolated,1.4481,0.666398320443931,source_intercept_control
N300_D0500_Q0.9,300.0,500,0.9,extrapolated,1.7684,0.6521320743958943,source_intercept_control
N300_D0500_Q1.0,300.0,500,1.0,extrapolated,1.92,0.6376970984852033,source_intercept_control
N300_D1000_Q0.1,300.0,1000,0.1,extrapolated,0.5,0.7268057153176672,source_intercept_control
N300_D1000_Q0.2,300.0,1000,0.2,extrapolated,0.5,0.7127494388913751,source_intercept_control
N300_D1000_Q0.4,300.0,1000,0.4,extrapolated,0.5189,0.6845900072164894,source_intercept_control
N300_D1000_Q0.6,300.0,1000,0.6,extrapolated,1.0017,0.656349535820244,source_intercept_control
N300_D1000_Q0.8,300.0,1000,0.8,extrapolated,1.4767,0.6279838013101318,source_intercept_control
N300_D1000_Q0.9,300.0,1000,0.9,extrapolated,1.6646,0.613717555262095,source_intercept_control
N300_D1000_Q1.0,300.0,1000,1.0,extrapolated,1.9425,0.599282579351404,source_intercept_control
N300_D2000_Q0.1,300.0,2000,0.1,extrapolated,0.5,0.6951651897104079,source_intercept_control
N300_D2000_Q0.2,300.0,2000,0.2,extrapolated,0.5,0.6811089132841157,source_intercept_control
N300_D2000_Q0.4,300.0,2000,0.4,extrapolated,0.5,0.6529494816092298,source_intercept_control
N300_D2000_Q0.6,300.0,2000,0.6,extrapolated,0.9783,0.6247090102129846,source_intercept_control
N300_D2000_Q0.8,300.0,2000,0.8,extrapolated,1.4119,0.5963432757028724,source_intercept_control
N300_D2000_Q0.9,300.0,2000,0.9,extrapolated,1.6756,0.5820770296548357,source_intercept_control
N300_D2000_Q1.0,300.0,2000,1.0,extrapolated,1.8777,0.5676420537441447,source_intercept_control
N700_D0005_Q0.1,700.0,5,0.1,extrapolated,0.5,1.3087716225664006,source_intercept_control
N700_D0005_Q0.2,700.0,5,0.2,extrapolated,0.5,1.296518939051391,source_intercept_control
N700_D0005_Q0.4,700.0,5,0.4,extrapolated,0.5981,1.2719727083277597,source_intercept_control
N700_D0005_Q0.6,700.0,5,0.6,extrapolated,1.2092,1.247355836274387,source_intercept_control
N700_D0005_Q0.8,700.0,5,0.8,extrapolated,1.8853,1.2226297739031968,source_intercept_control
N700_D0005_Q0.9,700.0,5,0.9,extrapolated,2.2108,1.2101940624478582,source_intercept_control
N700_D0005_Q1.0,700.0,5,1.0,extrapolated,2.5391,1.197611271243663,source_intercept_control
N700_D0020_Q0.1,700.0,20,0.1,extrapolated,0.5,1.0545598424127578,source_intercept_control
N700_D0020_Q0.2,700.0,20,0.2,extrapolated,0.5,1.0423071588977482,source_intercept_control
N700_D0020_Q0.4,700.0,20,0.4,extrapolated,0.5501,1.017760928174117,source_intercept_control
N700_D0020_Q0.6,700.0,20,0.6,extrapolated,1.1236,0.9931440561207443,source_intercept_control
N700_D0020_Q0.8,700.0,20,0.8,extrapolated,1.6984,0.9684179937495541,source_intercept_control
N700_D0020_Q0.9,700.0,20,0.9,extrapolated,1.9239,0.9559822822942154,source_intercept_control
N700_D0020_Q1.0,700.0,20,1.0,extrapolated,2.2974,0.9433994910900203,source_intercept_control
N700_D0050_Q0.1,700.0,50,0.1,extrapolated,0.5,0.9332480014601237,source_intercept_control
N700_D0050_Q0.2,700.0,50,0.2,extrapolated,0.5,0.920995317945114,source_intercept_control
N700_D0050_Q0.4,700.0,50,0.4,extrapolated,0.515,0.8964490872214828,source_intercept_control
N700_D0050_Q0.6,700.0,50,0.6,extrapolated,1.0355,0.8718322151681102,source_intercept_control
N700_D0050_Q0.8,700.0,50,0.8,extrapolated,1.584,0.8471061527969199,source_intercept_control
N700_D0050_Q0.9,700.0,50,0.9,extrapolated,1.9143,0.8346704413415813,source_intercept_control
N700_D0050_Q1.0,700.0,50,1.0,extrapolated,2.071,0.8220876501373862,source_intercept_control
N700_D0100_Q0.1,700.0,100,0.1,extrapolated,0.5,0.8600711819681421,source_intercept_control
N700_D0100_Q0.2,700.0,100,0.2,extrapolated,0.5,0.847818498453133,source_intercept_control
N700_D0100_Q0.4,700.0,100,0.4,extrapolated,0.5,0.8232722677295012,source_intercept_control
N700_D0100_Q0.6,700.0,100,0.6,extrapolated,0.9905,0.7986553956761286,source_intercept_control
N700_D0100_Q0.8,700.0,100,0.8,extrapolated,1.5329,0.7739293333049384,source_intercept_control
N700_D0100_Q0.9,700.0,100,0.9,extrapolated,1.7971,0.7614936218495998,source_intercept_control
N700_D0100_Q1.0,700.0,100,1.0,extrapolated,2.0708,0.7489108306454046,source_intercept_control
N700_D0150_Q0.1,700.0,150,0.1,extrapolated,0.5,0.8234032976438705,source_intercept_control
N700_D0150_Q0.2,700.0,150,0.2,extrapolated,0.5,0.8111506141288609,source_intercept_control
N700_D0150_Q0.4,700.0,150,0.4,extrapolated,0.5,0.7866043834052296,source_intercept_control
N700_D0150_Q0.6,700.0,150,0.6,extrapolated,0.9957,0.761987511351857,source_intercept_control
N700_D0150_Q0.8,700.0,150,0.8,extrapolated,1.4766,0.7372614489806668,source_intercept_control
N700_D0150_Q0.9,700.0,150,0.9,extrapolated,1.7601,0.7248257375253282,source_intercept_control
N700_D0150_Q1.0,700.0,150,1.0,extrapolated,2.0154,0.712242946321133,source_intercept_control
N700_D0300_Q0.1,700.0,300,0.1,extrapolated,0.5,0.769596428091502,source_intercept_control
N700_D0300_Q0.2,700.0,300,0.2,extrapolated,0.5,0.7573437445764923,source_intercept_control
N700_D0300_Q0.4,700.0,300,0.4,extrapolated,0.5,0.7327975138528606,source_intercept_control
N700_D0300_Q0.6,700.0,300,0.6,extrapolated,0.9707,0.7081806417994885,source_intercept_control
N700_D0300_Q0.8,700.0,300,0.8,extrapolated,1.4829,0.6834545794282982,source_intercept_control
N700_D0300_Q0.9,700.0,300,0.9,extrapolated,1.7289,0.6710188679729592,source_intercept_control
N700_D0300_Q1.0,700.0,300,1.0,extrapolated,2.0155,0.6584360767687643,source_intercept_control
N700_D0500_Q0.1,700.0,500,0.1,extrapolated,0.5,0.7361150920452599,source_intercept_control
N700_D0500_Q0.2,700.0,500,0.2,extrapolated,0.5,0.7238624085302503,source_intercept_control
N700_D0500_Q0.4,700.0,500,0.4,extrapolated,0.5,0.6993161778066186,source_intercept_control
N700_D0500_Q0.6,700.0,500,0.6,extrapolated,0.9578,0.6746993057532462,source_intercept_control
N700_D0500_Q0.8,700.0,500,0.8,extrapolated,1.432,0.649973243382056,source_intercept_control
N700_D0500_Q0.9,700.0,500,0.9,extrapolated,1.6736,0.6375375319267171,source_intercept_control
N700_D0500_Q1.0,700.0,500,1.0,extrapolated,1.9675,0.6249547407225222,source_intercept_control
N700_D1000_Q0.1,700.0,1000,0.1,extrapolated,0.5,0.6977005729114605,source_intercept_control
N700_D1000_Q0.2,700.0,1000,0.2,extrapolated,0.5,0.6854478893964513,source_intercept_control
N700_D1000_Q0.4,700.0,1000,0.4,extrapolated,0.5,0.6609016586728196,source_intercept_control
N700_D1000_Q0.6,700.0,1000,0.6,extrapolated,0.9207,0.636284786619447,source_intercept_control
N700_D1000_Q0.8,700.0,1000,0.8,extrapolated,1.4235,0.6115587242482567,source_intercept_control
N700_D1000_Q0.9,700.0,1000,0.9,extrapolated,1.6964,0.5991230127929179,source_intercept_control
N700_D1000_Q1.0,700.0,1000,1.0,extrapolated,1.882,0.586540221588723,source_intercept_control
N700_D2000_Q0.1,700.0,2000,0.1,extrapolated,0.5,0.6660600473042011,source_intercept_control
N700_D2000_Q0.2,700.0,2000,0.2,extrapolated,0.5,0.6538073637891917,source_intercept_control
N700_D2000_Q0.4,700.0,2000,0.4,extrapolated,0.5,0.6292611330655602,source_intercept_control
N700_D2000_Q0.6,700.0,2000,0.6,extrapolated,0.8872,0.6046442610121876,source_intercept_control
N700_D2000_Q0.8,700.0,2000,0.8,extrapolated,1.3899,0.5799181986409974,source_intercept_control
N700_D2000_Q0.9,700.0,2000,0.9,extrapolated,1.6863,0.5674824871856585,source_intercept_control
N700_D2000_Q1.0,700.0,2000,1.0,extrapolated,1.8865,0.5548996959814636,source_intercept_control
N0.07_D0005_Q0.1,0.07,5,0.1,calibrated,1.1624,1.5420046890036931,source_q_only
N0.07_D0005_Q0.2,0.07,5,0.2,calibrated,1.4286,1.7340486166373976,source_q_only
N0.07_D0005_Q0.4,0.07,5,0.4,calibrated,1.8958,2.117954657070976,source_q_only
N0.07_D0005_Q0.6,0.07,5,0.6,calibrated,2.4434,2.501546393032954,source_q_only
N0.07_D0005_Q0.8,0.07,5,0.8,calibrated,2.8801,2.884652308508945,source_q_only
N0.07_D0005_Q0.9,0.07,5,0.9,calibrated,3.0925,3.075881889919495,source_q_only
N0.07_D0005_Q1.0,0.07,5,1.0,calibrated,3.3659,3.266457069396831,source_q_only
N0.07_D0020_Q0.1,0.07,20,0.1,calibrated,1.096,1.28779290885005,source_q_only
N0.07_D0020_Q0.2,0.07,20,0.2,calibrated,1.2839,1.4798368364837549,source_q_only
N0.07_D0020_Q0.4,0.07,20,0.4,calibrated,1.7688,1.8637428769173328,source_q_only
N0.07_D0020_Q0.6,0.07,20,0.6,calibrated,2.1816,2.2473346128793104,source_q_only
N0.07_D0020_Q0.8,0.07,20,0.8,calibrated,2.6428,2.630440528355302,source_q_only
N0.07_D0020_Q0.9,0.07,20,0.9,calibrated,2.926,2.8216701097658516,source_q_only
N0.07_D0020_Q1.0,0.07,20,1.0,calibrated,3.1277,3.0122452892431877,source_q_only
N0.07_D0100_Q0.1,0.07,100,0.1,calibrated,1.0093,1.0933042484054343,source_q_only
N0.07_D0100_Q0.2,0.07,100,0.2,calibrated,1.2339,1.2853481760391388,source_q_only
N0.07_D0100_Q0.4,0.07,100,0.4,calibrated,1.6433,1.669254216472717,source_q_only
N0.07_D0100_Q0.6,0.07,100,0.6,calibrated,2.104,2.052845952434695,source_q_only
N0.07_D0100_Q0.8,0.07,100,0.8,calibrated,2.4893,2.435951867910686,source_q_only
N0.07_D0100_Q0.9,0.07,100,0.9,calibrated,2.727,2.627181449321236,source_q_only
N0.07_D0100_Q1.0,0.07,100,1.0,calibrated,2.8644,2.817756628798572,source_q_only
N0.07_D0500_Q0.1,0.07,500,0.1,calibrated,0.9621,0.9693481584825516,source_q_only
N0.07_D0500_Q0.2,0.07,500,0.2,calibrated,1.1948,1.1613920861162566,source_q_only
N0.07_D0500_Q0.4,0.07,500,0.4,calibrated,1.5406,1.5452981265498344,source_q_only
N0.07_D0500_Q0.6,0.07,500,0.6,calibrated,1.9945,1.9288898625118123,source_q_only
N0.07_D0500_Q0.8,0.07,500,0.8,calibrated,2.4124,2.3119957779878035,source_q_only
N0.07_D0500_Q0.9,0.07,500,0.9,calibrated,2.6083,2.5032253593983533,source_q_only
N0.07_D0500_Q1.0,0.07,500,1.0,calibrated,2.8055,2.6938005388756894,source_q_only
N0.07_D1000_Q0.1,0.07,1000,0.1,calibrated,0.9414,0.9309336393487526,source_q_only
N0.07_D1000_Q0.2,0.07,1000,0.2,calibrated,1.1388,1.122977566982457,source_q_only
N0.07_D1000_Q0.4,0.07,1000,0.4,calibrated,1.5663,1.5068836074160354,source_q_only
N0.07_D1000_Q0.6,0.07,1000,0.6,calibrated,1.9928,1.8904753433780133,source_q_only
N0.07_D1000_Q0.8,0.07,1000,0.8,calibrated,2.3195,2.2735812588540045,source_q_only
N0.07_D1000_Q0.9,0.07,1000,0.9,calibrated,2.523,2.4648108402645543,source_q_only
N0.07_D1000_Q1.0,0.07,1000,1.0,calibrated,2.7431,2.6553860197418904,source_q_only
N0.07_D2000_Q0.1,0.07,2000,0.1,calibrated,0.9243,0.8992931137414932,source_q_only
N0.07_D2000_Q0.2,0.07,2000,0.2,calibrated,1.1409,1.0913370413751977,source_q_only
N0.07_D2000_Q0.4,0.07,2000,0.4,calibrated,1.5027,1.475243081808776,source_q_only
N0.07_D2000_Q0.6,0.07,2000,0.6,calibrated,1.9258,1.8588348177707539,source_q_only
N0.07_D2000_Q0.8,0.07,2000,0.8,calibrated,2.3261,2.241940733246745,source_q_only
N0.07_D2000_Q0.9,0.07,2000,0.9,calibrated,2.5085,2.433170314657295,source_q_only
N0.07_D2000_Q1.0,0.07,2000,1.0,calibrated,2.7374,2.623745494134631,source_q_only
N0.16_D0005_Q0.1,0.16,5,0.1,calibrated,0.9548,1.2657943754542784,source_q_only
N0.16_D0005_Q0.2,0.16,5,0.2,calibrated,1.1752,1.4646742861681559,source_q_only
N0.16_D0005_Q0.4,0.16,5,0.4,calibrated,1.6751,1.8622750913202717,source_q_only
N0.16_D0005_Q0.6,0.16,5,0.6,calibrated,2.1591,2.259601004014839,source_q_only
N0.16_D0005_Q0.8,0.16,5,0.8,calibrated,2.5952,2.656502015381595,source_q_only
N0.16_D0005_Q0.9,0.16,5,0.9,calibrated,2.8737,2.85466969431131,source_q_only
N0.16_D0005_Q1.0,0.16,5,1.0,calibrated,3.1013,3.0522650296318825,source_q_only
N0.16_D0020_Q0.1,0.16,20,0.1,calibrated,0.8548,1.0115825953006357,source_q_only
N0.16_D0020_Q0.2,0.16,20,0.2,calibrated,1.0782,1.210462506014513,source_q_only
N0.16_D0020_Q0.4,0.16,20,0.4,calibrated,1.5464,1.608063311166629,source_q_only
N0.16_D0020_Q0.6,0.16,20,0.6,calibrated,1.9486,2.0053892238611963,source_q_only
N0.16_D0020_Q0.8,0.16,20,0.8,calibrated,2.4177,2.402290235227952,source_q_only
N0.16_D0020_Q0.9,0.16,20,0.9,calibrated,2.6607,2.6004579141576674,source_q_only
N0.16_D0020_Q1.0,0.16,20,1.0,calibrated,2.8913,2.7980532494782397,source_q_only
N0.16_D0100_Q0.1,0.16,100,0.1,calibrated,0.8001,0.81709393485602,source_q_only
N0.16_D0100_Q0.2,0.16,100,0.2,calibrated,1.0158,1.0159738455698974,source_q_only
N0.16_D0100_Q0.4,0.16,100,0.4,calibrated,1.4134,1.4135746507220128,source_q_only
N0.16_D0100_Q0.6,0.16,100,0.6,calibrated,1.8608,1.8109005634165805,source_q_only
N0.16_D0100_Q0.8,0.16,100,0.8,calibrated,2.2318,2.2078015747833364,source_q_only
N0.16_D0100_Q0.9,0.16,100,0.9,calibrated,2.4932,2.4059692537130517,source_q_only
N0.16_D0100_Q1.0,0.16,100,1.0,calibrated,2.678,2.603564589033624,source_q_only
N0.16_D0500_Q0.1,0.16,500,0.1,calibrated,0.7769,0.6931378449331373,source_q_only
N0.16_D0500_Q0.2,0.16,500,0.2,calibrated,0.9664,0.8920177556470148,source_q_only
N0.16_D0500_Q0.4,0.16,500,0.4,calibrated,1.351,1.2896185607991306,source_q_only
N0.16_D0500_Q0.6,0.16,500,0.6,calibrated,1.7639,1.6869444734936978,source_q_only
N0.16_D0500_Q0.8,0.16,500,0.8,calibrated,2.1303,2.0838454848604537,source_q_only
N0.16_D0500_Q0.9,0.16,500,0.9,calibrated,2.3645,2.282013163790169,source_q_only
N0.16_D0500_Q1.0,0.16,500,1.0,calibrated,2.5293,2.4796084991107414,source_q_only
N0.16_D1000_Q0.1,0.16,1000,0.1,calibrated,0.7577,0.6547233257993383,source_q_only
N0.16_D1000_Q0.2,0.16,1000,0.2,calibrated,0.9466,0.8536032365132158,source_q_only
N0.16_D1000_Q0.4,0.16,1000,0.4,calibrated,1.3709,1.2512040416653312,source_q_only
N0.16_D1000_Q0.6,0.16,1000,0.6,calibrated,1.7116,1.6485299543598988,source_q_only
N0.16_D1000_Q0.8,0.16,1000,0.8,calibrated,2.0871,2.0454309657266547,source_q_only
N0.16_D1000_Q0.9,0.16,1000,0.9,calibrated,2.3054,2.24359864465637,source_q_only
N0.16_D1000_Q1.0,0.16,1000,1.0,calibrated,2.5056,2.4411939799769424,source_q_only
N0.16_D2000_Q0.1,0.16,2000,0.1,calibrated,0.7317,0.623082800192079,source_q_only
N0.16_D2000_Q0.2,0.16,2000,0.2,calibrated,0.9418,0.8219627109059564,source_q_only
N0.16_D2000_Q0.4,0.16,2000,0.4,calibrated,1.335,1.2195635160580718,source_q_only
N0.16_D2000_Q0.6,0.16,2000,0.6,calibrated,1.6953,1.6168894287526394,source_q_only
N0.16_D2000_Q0.8,0.16,2000,0.8,calibrated,2.0992,2.0137904401193953,source_q_only
N0.16_D2000_Q0.9,0.16,2000,0.9,calibrated,2.246,2.2119581190491107,source_q_only
N0.16_D2000_Q1.0,0.16,2000,1.0,calibrated,2.4771,2.409553454369683,source_q_only
N0.41_D0005_Q0.1,0.41,5,0.1,calibrated,0.7497,1.0239024535060373,source_q_only
N0.41_D0005_Q0.2,0.41,5,0.2,calibrated,1.0023,1.229526583776817,source_q_only
N0.41_D0005_Q0.4,0.41,5,0.4,calibrated,1.4755,1.6406383205621342,source_q_only
N0.41_D0005_Q0.6,0.41,5,0.6,calibrated,1.98,2.0515140478527236,source_q_only
N0.41_D0005_Q0.8,0.41,5,0.8,calibrated,2.4492,2.46202497521908,source_q_only
N0.41_D0005_Q0.9,0.41,5,0.9,calibrated,2.6707,2.667037617400996,source_q_only
N0.41_D0005_Q1.0,0.41,5,1.0,calibrated,3.0229,2.8715588727794725,source_q_only
N0.41_D0020_Q0.1,0.41,20,0.1,calibrated,0.695,0.7696906733523945,source_q_only
N0.41_D0020_Q0.2,0.41,20,0.2,calibrated,0.9131,0.9753148036231742,source_q_only
N0.41_D0020_Q0.4,0.41,20,0.4,calibrated,1.3143,1.3864265404084914,source_q_only
N0.41_D0020_Q0.6,0.41,20,0.6,calibrated,1.7915,1.797302267699081,source_q_only
N0.41_D0020_Q0.8,0.41,20,0.8,calibrated,2.246,2.2078131950654374,source_q_only
N0.41_D0020_Q0.9,0.41,20,0.9,calibrated,2.474,2.4128258372473534,source_q_only
N0.41_D0020_Q1.0,0.41,20,1.0,calibrated,2.7188,2.6173470926258298,source_q_only
N0.41_D0100_Q0.1,0.41,100,0.1,calibrated,0.6432,0.5752020129077788,source_q_only
N0.41_D0100_Q0.2,0.41,100,0.2,calibrated,0.8168,0.7808261431785586,source_q_only
N0.41_D0100_Q0.4,0.41,100,0.4,calibrated,1.2365,1.1919378799638758,source_q_only
N0.41_D0100_Q0.6,0.41,100,0.6,calibrated,1.6841,1.6028136072544654,source_q_only
N0.41_D0100_Q0.8,0.41,100,0.8,calibrated,2.0213,2.0133245346208217,source_q_only
N0.41_D0100_Q0.9,0.41,100,0.9,calibrated,2.2729,2.218337176802738,source_q_only
N0.41_D0100_Q1.0,0.41,100,1.0,calibrated,2.488,2.422858432181214,source_q_only
N0.41_D0500_Q0.1,0.41,500,0.1,calibrated,0.6047,0.4512459229848962,source_q_only
N0.41_D0500_Q0.2,0.41,500,0.2,calibrated,0.8045,0.6568700532556759,source_q_only
N0.41_D0500_Q0.4,0.41,500,0.4,calibrated,1.2031,1.0679817900409931,source_q_only
N0.41_D0500_Q0.6,0.41,500,0.6,calibrated,1.5817,1.4788575173315828,source_q_only
N0.41_D0500_Q0.8,0.41,500,0.8,calibrated,1.9863,1.889368444697939,source_q_only
N0.41_D0500_Q0.9,0.41,500,0.9,calibrated,2.1829,2.094381086879855,source_q_only
N0.41_D0500_Q1.0,0.41,500,1.0,calibrated,2.3631,2.2989023422583315,source_q_only
N0.41_D1000_Q0.1,0.41,1000,0.1,calibrated,0.5885,0.4128314038510972,source_q_only
N0.41_D1000_Q0.2,0.41,1000,0.2,calibrated,0.7592,0.6184555341218769,source_q_only
N0.41_D1000_Q0.4,0.41,1000,0.4,calibrated,1.2144,1.0295672709071941,source_q_only
N0.41_D1000_Q0.6,0.41,1000,0.6,calibrated,1.5743,1.4404429981977838,source_q_only
N0.41_D1000_Q0.8,0.41,1000,0.8,calibrated,1.9279,1.85095392556414,source_q_only
N0.41_D1000_Q0.9,0.41,1000,0.9,calibrated,2.1495,2.055966567746056,source_q_only
N0.41_D1000_Q1.0,0.41,1000,1.0,calibrated,2.4128,2.2604878231245324,source_q_only
N0.41_D2000_Q0.1,0.41,2000,0.1,calibrated,0.5802,0.3811908782438378,source_q_only
N0.41_D2000_Q0.2,0.41,2000,0.2,calibrated,0.7774,0.5868150085146175,source_q_only
N0.41_D2000_Q0.4,0.41,2000,0.4,calibrated,1.2122,0.9979267452999347,source_q_only
N0.41_D2000_Q0.6,0.41,2000,0.6,calibrated,1.5758,1.4088024725905244,source_q_only
N0.41_D2000_Q0.8,0.41,2000,0.8,calibrated,1.9375,1.8193133999568807,source_q_only
N0.41_D2000_Q0.9,0.41,2000,0.9,calibrated,2.0973,2.0243260421387967,source_q_only
N0.41_D2000_Q1.0,0.41,2000,1.0,calibrated,2.3248,2.228847297517273,source_q_only
N0.7_D0005_Q0.1,0.7,5,0.1,calibrated,0.651,0.9133587327532187,source_q_only
N0.7_D0005_Q0.2,0.7,5,0.2,calibrated,0.8807,1.1223823531902943,source_q_only
N0.7_D0005_Q0.4,0.7,5,0.4,calibrated,1.3678,1.5403044078837178,source_q_only
N0.7_D0005_Q0.6,0.7,5,0.6,calibrated,1.8832,1.9580100524220596,source_q_only
N0.7_D0005_Q0.8,0.7,5,0.8,calibrated,2.3581,2.3753811917394647,source_q_only
N0.7_D0005_Q0.9,0.7,5,0.9,calibrated,2.6571,2.583844104937647,source_q_only
N0.7_D0005_Q1.0,0.7,5,1.0,calibrated,2.862,2.791856438406145,source_q_only
N0.7_D0020_Q0.1,0.7,20,0.1,calibrated,0.5886,0.6591469525995755,source_q_only
N0.7_D0020_Q0.2,0.7,20,0.2,calibrated,0.82,0.8681705730366511,source_q_only
N0.7_D0020_Q0.4,0.7,20,0.4,calibrated,1.2544,1.2860926277300746,source_q_only
N0.7_D0020_Q0.6,0.7,20,0.6,calibrated,1.733,1.7037982722684164,source_q_only
N0.7_D0020_Q0.8,0.7,20,0.8,calibrated,2.1359,2.1211694115858215,source_q_only
N0.7_D0020_Q0.9,0.7,20,0.9,calibrated,2.4142,2.329632324784004,source_q_only
N0.7_D0020_Q1.0,0.7,20,1.0,calibrated,2.5856,2.5376446582525016,source_q_only
N0.7_D0100_Q0.1,0.7,100,0.1,calibrated,0.5313,0.4646582921549598,source_q_only
N0.7_D0100_Q0.2,0.7,100,0.2,calibrated,0.7638,0.6736819125920355,source_q_only
N0.7_D0100_Q0.4,0.7,100,0.4,calibrated,1.1979,1.091603967285459,source_q_only
N0.7_D0100_Q0.6,0.7,100,0.6,calibrated,1.5891,1.5093096118238007,source_q_only
N0.7_D0100_Q0.8,0.7,100,0.8,calibrated,2.017,1.9266807511412058,source_q_only
N0.7_D0100_Q0.9,0.7,100,0.9,calibrated,2.1928,2.135143664339388,source_q_only
N0.7_D0100_Q1.0,0.7,100,1.0,calibrated,2.4334,2.343155997807886,source_q_only
N0.7_D0500_Q0.1,0.7,500,0.1,calibrated,0.5138,0.34070220223207714,source_q_only
N0.7_D0500_Q0.2,0.7,500,0.2,calibrated,0.701,0.5497258226691528,source_q_only
N0.7_D0500_Q0.4,0.7,500,0.4,calibrated,1.1327,0.9676478773625763,source_q_only
N0.7_D0500_Q0.6,0.7,500,0.6,calibrated,1.5486,1.385353521900918,source_q_only
N0.7_D0500_Q0.8,0.7,500,0.8,calibrated,1.8982,1.8027246612183232,source_q_only
N0.7_D0500_Q0.9,0.7,500,0.9,calibrated,2.0978,2.0111875744165055,source_q_only
N0.7_D0500_Q1.0,0.7,500,1.0,calibrated,2.2912,2.2191999078850033,source_q_only
N0.7_D1000_Q0.1,0.7,1000,0.1,calibrated,0.5071,0.30228768309827814,source_q_only
N0.7_D1000_Q0.2,0.7,1000,0.2,calibrated,0.7115,0.5113113035353538,source_q_only
N0.7_D1000_Q0.4,0.7,1000,0.4,calibrated,1.1056,0.9292333582287773,source_q_only
N0.7_D1000_Q0.6,0.7,1000,0.6,calibrated,1.4614,1.346939002767119,source_q_only
N0.7_D1000_Q0.8,0.7,1000,0.8,calibrated,1.8896,1.7643101420845242,source_q_only
N0.7_D1000_Q0.9,0.7,1000,0.9,calibrated,2.0683,1.9727730552827065,source_q_only
N0.7_D1000_Q1.0,0.7,1000,1.0,calibrated,2.297,2.1807853887512043,source_q_only
N0.7_D2000_Q0.1,0.7,2000,0.1,calibrated,0.5001,0.27064715749101875,source_q_only
N0.7_D2000_Q0.2,0.7,2000,0.2,calibrated,0.6784,0.4796707779280944,source_q_only
N0.7_D2000_Q0.4,0.7,2000,0.4,calibrated,1.0904,0.8975928326215179,source_q_only
N0.7_D2000_Q0.6,0.7,2000,0.6,calibrated,1.4277,1.3152984771598597,source_q_only
N0.7_D2000_Q0.8,0.7,2000,0.8,calibrated,1.8579,1.7326696164772648,source_q_only
N0.7_D2000_Q0.9,0.7,2000,0.9,calibrated,2.0246,1.9411325296754471,source_q_only
N0.7_D2000_Q1.0,0.7,2000,1.0,calibrated,2.2183,2.149144863143945,source_q_only
N1.0_D0005_Q0.1,1.0,5,0.1,calibrated,0.5747,0.8485961505345014,source_q_only
N1.0_D0005_Q0.2,1.0,5,0.2,calibrated,0.8142,1.0597281117833321,source_q_only
N1.0_D0005_Q0.4,1.0,5,0.4,calibrated,1.3204,1.4818738795879272,source_q_only
N1.0_D0005_Q0.6,1.0,5,0.6,calibrated,1.8086,1.903815392615347,source_q_only
N1.0_D0005_Q0.8,1.0,5,0.8,calibrated,2.3623,2.3254411889919435,source_q_only
N1.0_D0005_Q0.9,1.0,5,0.9,calibrated,2.5719,2.536043936941622,source_q_only
N1.0_D0005_Q1.0,1.0,5,1.0,calibrated,2.8125,2.746221413432797,source_q_only
N1.0_D0020_Q0.1,1.0,20,0.1,calibrated,0.5188,0.5943843703808587,source_q_only
N1.0_D0020_Q0.2,1.0,20,0.2,calibrated,0.7381,0.8055163316296894,source_q_only
N1.0_D0020_Q0.4,1.0,20,0.4,calibrated,1.2279,1.2276620994342844,source_q_only
N1.0_D0020_Q0.6,1.0,20,0.6,calibrated,1.6574,1.6496036124617042,source_q_only
N1.0_D0020_Q0.8,1.0,20,0.8,calibrated,2.0844,2.0712294088383008,source_q_only
N1.0_D0020_Q0.9,1.0,20,0.9,calibrated,2.3062,2.281832156787979,source_q_only
N1.0_D0020_Q1.0,1.0,20,1.0,calibrated,2.6133,2.4920096332791544,source_q_only
N1.0_D0100_Q0.1,1.0,100,0.1,calibrated,0.5,0.399895709936243,source_q_only
N1.0_D0100_Q0.2,1.0,100,0.2,calibrated,0.7102,0.6110276711850737,source_q_only
N1.0_D0100_Q0.4,1.0,100,0.4,calibrated,1.1107,1.0331734389896687,source_q_only
N1.0_D0100_Q0.6,1.0,100,0.6,calibrated,1.5225,1.4551149520170885,source_q_only
N1.0_D0100_Q0.8,1.0,100,0.8,calibrated,1.9487,1.876740748393685,source_q_only
N1.0_D0100_Q0.9,1.0,100,0.9,calibrated,2.2185,2.0873434963433635,source_q_only
N1.0_D0100_Q1.0,1.0,100,1.0,calibrated,2.4489,2.2975209728345387,source_q_only
N1.0_D0500_Q0.1,1.0,500,0.1,calibrated,0.5,0.27593962001336036,source_q_only
N1.0_D0500_Q0.2,1.0,500,0.2,calibrated,0.6599,0.4870715812621911,source_q_only
N1.0_D0500_Q0.4,1.0,500,0.4,calibrated,1.0836,0.9092173490667861,source_q_only
N1.0_D0500_Q0.6,1.0,500,0.6,calibrated,1.4518,1.3311588620942059,source_q_only
N1.0_D0500_Q0.8,1.0,500,0.8,calibrated,1.8739,1.7527846584708024,source_q_only
N1.0_D0500_Q0.9,1.0,500,0.9,calibrated,2.0431,1.9633874064204808,source_q_only
N1.0_D0500_Q1.0,1.0,500,1.0,calibrated,2.2572,2.173564882911656,source_q_only
N1.0_D1000_Q0.1,1.0,1000,0.1,calibrated,0.5,0.23752510087956136,source_q_only
N1.0_D1000_Q0.2,1.0,1000,0.2,calibrated,0.6605,0.44865706212839207,source_q_only
N1.0_D1000_Q0.4,1.0,1000,0.4,calibrated,1.0525,0.8708028299329871,source_q_only
N1.0_D1000_Q0.6,1.0,1000,0.6,calibrated,1.407,1.2927443429604069,source_q_only
N1.0_D1000_Q0.8,1.0,1000,0.8,calibrated,1.8615,1.7143701393370034,source_q_only
N1.0_D1000_Q0.9,1.0,1000,0.9,calibrated,1.9758,1.9249728872866818,source_q_only
N1.0_D1000_Q1.0,1.0,1000,1.0,calibrated,2.1409,2.135150363777857,source_q_only
N1.0_D2000_Q0.1,1.0,2000,0.1,calibrated,0.5,0.20588457527230197,source_q_only
N1.0_D2000_Q0.2,1.0,2000,0.2,calibrated,0.6467,0.4170165365211327,source_q_only
N1.0_D2000_Q0.4,1.0,2000,0.4,calibrated,1.0295,0.8391623043257277,source_q_only
N1.0_D2000_Q0.6,1.0,2000,0.6,calibrated,1.4304,1.2611038173531475,source_q_only
N1.0_D2000_Q0.8,1.0,2000,0.8,calibrated,1.7725,1.682729613729744,source_q_only
N1.0_D2000_Q0.9,1.0,2000,0.9,calibrated,2.027,1.8933323616794224,source_q_only
N1.0_D2000_Q1.0,1.0,2000,1.0,calibrated,2.2081,2.1035098381705977,source_q_only
N2.8_D0005_Q0.1,2.8,5,0.1,calibrated,0.5,0.6946509513387213,source_q_only
N2.8_D0005_Q0.2,2.8,5,0.2,calibrated,0.6798,0.9112279321593904,source_q_only
N2.8_D0005_Q0.4,2.8,5,0.4,calibrated,1.2039,1.344281898689701,source_q_only
N2.8_D0005_Q0.6,2.8,5,0.6,calibrated,1.7229,1.7771630030290033,source_q_only
N2.8_D0005_Q0.8,2.8,5,0.8,calibrated,2.2056,2.209776914244337,source_q_only
N2.8_D0005_Q0.9,2.8,5,0.9,calibrated,2.4428,2.4259060182923426,source_q_only
N2.8_D0005_Q1.0,2.8,5,1.0,calibrated,2.721,2.641675212246167,source_q_only
N2.8_D0020_Q0.1,2.8,20,0.1,calibrated,0.5,0.4404391711850786,source_q_only
N2.8_D0020_Q0.2,2.8,20,0.2,calibrated,0.623,0.6570161520057476,source_q_only
N2.8_D0020_Q0.4,2.8,20,0.4,calibrated,1.0678,1.0900701185360582,source_q_only
N2.8_D0020_Q0.6,2.8,20,0.6,calibrated,1.5279,1.5229512228753606,source_q_only
N2.8_D0020_Q0.8,2.8,20,0.8,calibrated,2.0341,1.955565134090694,source_q_only
N2.8_D0020_Q0.9,2.8,20,0.9,calibrated,2.2362,2.1716942381387,source_q_only
N2.8_D0020_Q1.0,2.8,20,1.0,calibrated,2.5073,2.3874634320925243,source_q_only
N2.8_D0100_Q0.1,2.8,100,0.1,calibrated,0.5,0.24595051074046292,source_q_only
N2.8_D0100_Q0.2,2.8,100,0.2,calibrated,0.5671,0.46252749156113193,source_q_only
N2.8_D0100_Q0.4,2.8,100,0.4,calibrated,0.9718,0.8955814580914425,source_q_only
N2.8_D0100_Q0.6,2.8,100,0.6,calibrated,1.4075,1.328462562430745,source_q_only
N2.8_D0100_Q0.8,2.8,100,0.8,calibrated,1.8765,1.7610764736460784,source_q_only
N2.8_D0100_Q0.9,2.8,100,0.9,calibrated,2.0444,1.9772055776940842,source_q_only
N2.8_D0100_Q1.0,2.8,100,1.0,calibrated,2.2588,2.1929747716479087,source_q_only
N2.8_D0500_Q0.1,2.8,500,0.1,calibrated,0.5,0.12199442081758027,source_q_only
N2.8_D0500_Q0.2,2.8,500,0.2,calibrated,0.5387,0.3385714016382493,source_q_only
N2.8_D0500_Q0.4,2.8,500,0.4,calibrated,0.9045,0.7716253681685599,source_q_only
N2.8_D0500_Q0.6,2.8,500,0.6,calibrated,1.3308,1.2045064725078622,source_q_only
N2.8_D0500_Q0.8,2.8,500,0.8,calibrated,1.7571,1.6371203837231958,source_q_only
N2.8_D0500_Q0.9,2.8,500,0.9,calibrated,1.9167,1.8532494877712016,source_q_only
N2.8_D0500_Q1.0,2.8,500,1.0,calibrated,2.1517,2.069018681725026,source_q_only
N2.8_D1000_Q0.1,2.8,1000,0.1,calibrated,0.5,0.08357990168378127,source_q_only
N2.8_D1000_Q0.2,2.8,1000,0.2,calibrated,0.519,0.3001568825044503,source_q_only
N2.8_D1000_Q0.4,2.8,1000,0.4,calibrated,0.8987,0.7332108490347609,source_q_only
N2.8_D1000_Q0.6,2.8,1000,0.6,calibrated,1.3353,1.1660919533740632,source_q_only
N2.8_D1000_Q0.8,2.8,1000,0.8,calibrated,1.6984,1.5987058645893968,source_q_only
N2.8_D1000_Q0.9,2.8,1000,0.9,calibrated,1.9178,1.8148349686374026,source_q_only
N2.8_D1000_Q1.0,2.8,1000,1.0,calibrated,2.1237,2.030604162591227,source_q_only
N2.8_D2000_Q0.1,2.8,2000,0.1,calibrated,0.5,0.05193937607652188,source_q_only
N2.8_D2000_Q0.2,2.8,2000,0.2,calibrated,0.5242,0.2685163568971909,source_q_only
N2.8_D2000_Q0.4,2.8,2000,0.4,calibrated,0.9232,0.7015703234275015,source_q_only
N2.8_D2000_Q0.6,2.8,2000,0.6,calibrated,1.2855,1.1344514277668039,source_q_only
N2.8_D2000_Q0.8,2.8,2000,0.8,calibrated,1.6576,1.5670653389821374,source_q_only
N2.8_D2000_Q0.9,2.8,2000,0.9,calibrated,1.8775,1.7831944430301432,source_q_only
N2.8_D2000_Q1.0,2.8,2000,1.0,calibrated,2.0839,1.9989636369839676,source_q_only
N4.0_D0005_Q0.1,4.0,5,0.1,calibrated,0.5,0.6508876876035119,source_q_only
N4.0_D0005_Q0.2,4.0,5,0.2,calibrated,0.6084,0.8691487502639408,source_q_only
N4.0_D0005_Q0.4,4.0,5,0.4,calibrated,1.1447,1.30557649702334,source_q_only
N4.0_D0005_Q0.6,4.0,5,0.6,calibrated,1.6246,1.7418410909570643,source_q_only
N4.0_D0005_Q0.8,4.0,5,0.8,calibrated,2.1965,2.1778534995347982,source_q_only
N4.0_D0005_Q0.9,4.0,5,0.9,calibrated,2.4512,2.3956918418734015,source_q_only
N4.0_D0005_Q1.0,4.0,5,1.0,calibrated,2.6973,2.613190489634999,source_q_only
N4.0_D0020_Q0.1,4.0,20,0.1,calibrated,0.5,0.39667590744986914,source_q_only
N4.0_D0020_Q0.2,4.0,20,0.2,calibrated,0.5655,0.614936970110298,source_q_only
N4.0_D0020_Q0.4,4.0,20,0.4,calibrated,1.0284,1.0513647168696973,source_q_only
N4.0_D0020_Q0.6,4.0,20,0.6,calibrated,1.5025,1.4876293108034215,source_q_only
N4.0_D0020_Q0.8,4.0,20,0.8,calibrated,1.9253,1.9236417193811555,source_q_only
N4.0_D0020_Q0.9,4.0,20,0.9,calibrated,2.2398,2.1414800617197587,source_q_only
N4.0_D0020_Q1.0,4.0,20,1.0,calibrated,2.4139,2.3589787094813564,source_q_only
N4.0_D0100_Q0.1,4.0,100,0.1,calibrated,0.5,0.20218724700525348,source_q_only
N4.0_D0100_Q0.2,4.0,100,0.2,calibrated,0.5116,0.42044830966568236,source_q_only
N4.0_D0100_Q0.4,4.0,100,0.4,calibrated,0.9435,0.8568760564250817,source_q_only
N4.0_D0100_Q0.6,4.0,100,0.6,calibrated,1.3727,1.2931406503588059,source_q_only
N4.0_D0100_Q0.8,4.0,100,0.8,calibrated,1.8522,1.7291530589365398,source_q_only
N4.0_D0100_Q0.9,4.0,100,0.9,calibrated,2.1002,1.946991401275143,source_q_only
N4.0_D0100_Q1.0,4.0,100,1.0,calibrated,2.2786,2.1644900490367407,source_q_only
N4.0_D0500_Q0.1,4.0,500,0.1,calibrated,0.5,0.07823115708237083,source_q_only
N4.0_D0500_Q0.2,4.0,500,0.2,calibrated,0.5,0.2964922197427997,source_q_only
N4.0_D0500_Q0.4,4.0,500,0.4,calibrated,0.888,0.732919966502199,source_q_only
N4.0_D0500_Q0.6,4.0,500,0.6,calibrated,1.2876,1.1691845604359232,source_q_only
N4.0_D0500_Q0.8,4.0,500,0.8,calibrated,1.7157,1.6051969690136572,source_q_only
N4.0_D0500_Q0.9,4.0,500,0.9,calibrated,1.9644,1.8230353113522604,source_q_only
N4.0_D0500_Q1.0,4.0,500,1.0,calibrated,2.1365,2.040533959113858,source_q_only
N4.0_D1000_Q0.1,4.0,1000,0.1,calibrated,0.5,0.03981663794857182,source_q_only
N4.0_D1000_Q0.2,4.0,1000,0.2,calibrated,0.5,0.2580777006090007,source_q_only
N4.0_D1000_Q0.4,4.0,1000,0.4,calibrated,0.8604,0.6945054473684,source_q_only
N4.0_D1000_Q0.6,4.0,1000,0.6,calibrated,1.2945,1.1307700413021242,source_q_only
N4.0_D1000_Q0.8,4.0,1000,0.8,calibrated,1.7176,1.5667824498798582,source_q_only
N4.0_D1000_Q0.9,4.0,1000,0.9,calibrated,1.8943,1.7846207922184614,source_q_only
N4.0_D1000_Q1.0,4.0,1000,1.0,calibrated,2.1308,2.002119439980059,source_q_only
N4.0_D2000_Q0.1,4.0,2000,0.1,calibrated,0.5,0.008176112341312436,source_q_only
N4.0_D2000_Q0.2,4.0,2000,0.2,calibrated,0.5,0.22643717500174132,source_q_only
N4.0_D2000_Q0.4,4.0,2000,0.4,calibrated,0.8502,0.6628649217611406,source_q_only
N4.0_D2000_Q0.6,4.0,2000,0.6,calibrated,1.281,1.0991295156948648,source_q_only
N4.0_D2000_Q0.8,4.0,2000,0.8,calibrated,1.6704,1.5351419242725988,source_q_only
N4.0_D2000_Q0.9,4.0,2000,0.9,calibrated,1.8145,1.752980266611202,source_q_only
N4.0_D2000_Q1.0,4.0,2000,1.0,calibrated,2.0978,1.9704789143727997,source_q_only
N6.9_D0005_Q0.1,6.9,5,0.1,calibrated,0.5,0.5917900516271652,source_q_only
N6.9_D0005_Q0.2,6.9,5,0.2,calibrated,0.5546,0.8124444716657924,source_q_only
N6.9_D0005_Q0.4,6.9,5,0.4,calibrated,1.0436,1.2536669152226247,source_q_only
N6.9_D0005_Q0.6,6.9,5,0.6,calibrated,1.6422,1.6947400045594125,source_q_only
N6.9_D0005_Q0.8,6.9,5,0.8,calibrated,2.1078,2.1355822370477533,source_q_only
N6.9_D0005_Q0.9,6.9,5,0.9,calibrated,2.465,2.3558496882202156,source_q_only
N6.9_D0005_Q1.0,6.9,5,1.0,calibrated,2.633,2.5758061743916607,source_q_only
N6.9_D0020_Q0.1,6.9,20,0.1,calibrated,0.5,0.3375782714735225,source_q_only
N6.9_D0020_Q0.2,6.9,20,0.2,calibrated,0.5,0.5582326915121496,source_q_only
N6.9_D0020_Q0.4,6.9,20,0.4,calibrated,0.9636,0.999455135068982,source_q_only
N6.9_D0020_Q0.6,6.9,20,0.6,calibrated,1.4457,1.4405282244057698,source_q_only
N6.9_D0020_Q0.8,6.9,20,0.8,calibrated,1.9664,1.8813704568941105,source_q_only
N6.9_D0020_Q0.9,6.9,20,0.9,calibrated,2.1852,2.101637908066573,source_q_only
N6.9_D0020_Q1.0,6.9,20,1.0,calibrated,2.4144,2.321594394238018,source_q_only
N6.9_D0100_Q0.1,6.9,100,0.1,calibrated,0.5,0.14308961102890638,source_q_only
N6.9_D0100_Q0.2,6.9,100,0.2,calibrated,0.5,0.3637440310675335,source_q_only
N6.9_D0100_Q0.4,6.9,100,0.4,calibrated,0.882,0.8049664746243659,source_q_only
N6.9_D0100_Q0.6,6.9,100,0.6,calibrated,1.3304,1.2460395639611537,source_q_only
N6.9_D0100_Q0.8,6.9,100,0.8,calibrated,1.818,1.6868817964494944,source_q_only
N6.9_D0100_Q0.9,6.9,100,0.9,calibrated,1.9399,1.9071492476219567,source_q_only
N6.9_D0100_Q1.0,6.9,100,1.0,calibrated,2.2368,2.127105733793402,source_q_only
N6.9_D0500_Q0.1,6.9,500,0.1,calibrated,0.5,0.019133521106024176,source_q_only
N6.9_D0500_Q0.2,6.9,500,0.2,calibrated,0.5,0.2397879411446513,source_q_only
N6.9_D0500_Q0.4,6.9,500,0.4,calibrated,0.8513,0.6810103847014837,source_q_only
N6.9_D0500_Q0.6,6.9,500,0.6,calibrated,1.2524,1.1220834740382715,source_q_only
N6.9_D0500_Q0.8,6.9,500,0.8,calibrated,1.6838,1.5629257065266122,source_q_only
N6.9_D0500_Q0.9,6.9,500,0.9,calibrated,1.9071,1.7831931576990745,source_q_only
N6.9_D0500_Q1.0,6.9,500,1.0,calibrated,2.1285,2.0031496438705196,source_q_only
N6.9_D1000_Q0.1,6.9,1000,0.1,calibrated,0.5,-0.019280998027775276,source_q_only
N6.9_D1000_Q0.2,6.9,1000,0.2,calibrated,0.5,0.20137342201085184,source_q_only
N6.9_D1000_Q0.4,6.9,1000,0.4,calibrated,0.8559,0.6425958655676842,source_q_only
N6.9_D1000_Q0.6,6.9,1000,0.6,calibrated,1.2482,1.083668954904472,source_q_only
N6.9_D1000_Q0.8,6.9,1000,0.8,calibrated,1.6614,1.5245111873928128,source_q_only
N6.9_D1000_Q0.9,6.9,1000,0.9,calibrated,1.837,1.744778638565275,source_q_only
N6.9_D1000_Q1.0,6.9,1000,1.0,calibrated,2.0548,1.9647351247367202,source_q_only
N6.9_D2000_Q0.1,6.9,2000,0.1,calibrated,0.5,-0.05092152363503466,source_q_only
N6.9_D2000_Q0.2,6.9,2000,0.2,calibrated,0.5,0.16973289640359246,source_q_only
N6.9_D2000_Q0.4,6.9,2000,0.4,calibrated,0.8294,0.6109553399604248,source_q_only
N6.9_D2000_Q0.6,6.9,2000,0.6,calibrated,1.2332,1.0520284292972126,source_q_only
N6.9_D2000_Q0.8,6.9,2000,0.8,calibrated,1.651,1.4928706617855534,source_q_only
N6.9_D2000_Q0.9,6.9,2000,0.9,calibrated,1.8064,1.7131381129580157,source_q_only
N6.9_D2000_Q1.0,6.9,2000,1.0,calibrated,1.9935,1.9330945991294608,source_q_only
N12_D0005_Q0.1,12.0,5,0.1,calibrated,0.5,0.5401475000451805,source_q_only
N12_D0005_Q0.2,12.0,5,0.2,calibrated,0.5,0.7630241949248151,source_q_only
N12_D0005_Q0.4,12.0,5,0.4,calibrated,1.0113,1.208698599630555,source_q_only
N12_D0005_Q0.6,12.0,5,0.6,calibrated,1.5682,1.6542364623666954,source_q_only
N12_D0005_Q0.8,12.0,5,0.8,calibrated,2.0752,2.0995632721525204,source_q_only
N12_D0005_Q0.9,12.0,5,0.9,calibrated,2.3423,2.3220861940276554,source_q_only
N12_D0005_Q1.0,12.0,5,1.0,calibrated,2.701,2.5443248268234275,source_q_only
N12_D0020_Q0.1,12.0,20,0.1,calibrated,0.5,0.28593571989153777,source_q_only
N12_D0020_Q0.2,12.0,20,0.2,calibrated,0.5,0.5088124147711723,source_q_only
N12_D0020_Q0.4,12.0,20,0.4,calibrated,0.9074,0.9544868194769123,source_q_only
N12_D0020_Q0.6,12.0,20,0.6,calibrated,1.4022,1.4000246822130527,source_q_only
N12_D0020_Q0.8,12.0,20,0.8,calibrated,1.9488,1.8453514919988776,source_q_only
N12_D0020_Q0.9,12.0,20,0.9,calibrated,2.1859,2.0678744138740126,source_q_only
N12_D0020_Q1.0,12.0,20,1.0,calibrated,2.3472,2.2901130466697848,source_q_only
N12_D0050_Q0.1,12.0,50,0.1,calibrated,0.5,0.16462387893890362,source_q_only
N12_D0050_Q0.2,12.0,50,0.2,calibrated,0.5,0.3875005738185382,source_q_only
N12_D0050_Q0.4,12.0,50,0.4,calibrated,0.8712,0.8331749785242781,source_q_only
N12_D0050_Q0.6,12.0,50,0.6,calibrated,1.3567,1.2787128412604185,source_q_only
N12_D0050_Q0.8,12.0,50,0.8,calibrated,1.7878,1.7240396510462435,source_q_only
N12_D0050_Q0.9,12.0,50,0.9,calibrated,2.0117,1.9465625729213785,source_q_only
N12_D0050_Q1.0,12.0,50,1.0,calibrated,2.2387,2.1688012057171506,source_q_only
N12_D0100_Q0.1,12.0,100,0.1,calibrated,0.5,0.09144705944692211,source_q_only
N12_D0100_Q0.2,12.0,100,0.2,calibrated,0.5,0.3143237543265567,source_q_only
N12_D0100_Q0.4,12.0,100,0.4,calibrated,0.8496,0.7599981590322966,source_q_only
N12_D0100_Q0.6,12.0,100,0.6,calibrated,1.3174,1.205536021768437,source_q_only
N12_D0100_Q0.8,12.0,100,0.8,calibrated,1.762,1.650862831554262,source_q_only
N12_D0100_Q0.9,12.0,100,0.9,calibrated,1.9734,1.873385753429397,source_q_only
N12_D0100_Q1.0,12.0,100,1.0,calibrated,2.2111,2.095624386225169,source_q_only
N12_D0150_Q0.1,12.0,150,0.1,calibrated,0.5,0.054779175122650514,source_q_only
N12_D0150_Q0.2,12.0,150,0.2,calibrated,0.5,0.2776558700022851,source_q_only
N12_D0150_Q0.4,12.0,150,0.4,calibrated,0.8028,0.723330274708025,source_q_only
N12_D0150_Q0.6,12.0,150,0.6,calibrated,1.2578,1.1688681374441654,source_q_only
N12_D0150_Q0.8,12.0,150,0.8,calibrated,1.6931,1.6141949472299904,source_q_only
N12_D0150_Q0.9,12.0,150,0.9,calibrated,2.013,1.8367178691051254,source_q_only
N12_D0150_Q1.0,12.0,150,1.0,calibrated,2.0668,2.0589565019008975,source_q_only
N12_D0300_Q0.1,12.0,300,0.1,calibrated,0.5,0.0009723055702819394,source_q_only
N12_D0300_Q0.2,12.0,300,0.2,calibrated,0.5,0.2238490004499165,source_q_only
N12_D0300_Q0.4,12.0,300,0.4,calibrated,0.7936,0.6695234051556564,source_q_only
N12_D0300_Q0.6,12.0,300,0.6,calibrated,1.2252,1.1150612678917968,source_q_only
N12_D0300_Q0.8,12.0,300,0.8,calibrated,1.6725,1.5603880776776218,source_q_only
N12_D0300_Q0.9,12.0,300,0.9,calibrated,1.8741,1.7829109995527568,source_q_only
N12_D0300_Q1.0,12.0,300,1.0,calibrated,2.0381,2.005149632348529,source_q_only
N12_D0500_Q0.1,12.0,500,0.1,calibrated,0.5,-0.03250903047596054,source_q_only
N12_D0500_Q0.2,12.0,500,0.2,calibrated,0.5,0.19036766440367403,source_q_only
N12_D0500_Q0.4,12.0,500,0.4,calibrated,0.7966,0.636042069109414,source_q_only
N12_D0500_Q0.6,12.0,500,0.6,calibrated,1.2293,1.0815799318455543,source_q_only
N12_D0500_Q0.8,12.0,500,0.8,calibrated,1.6431,1.5269067416313793,source_q_only
N12_D0500_Q0.9,12.0,500,0.9,calibrated,1.8108,1.7494296635065143,source_q_only
N12_D0500_Q1.0,12.0,500,1.0,calibrated,2.0759,1.9716682963022865,source_q_only
N12_D1000_Q0.1,12.0,1000,0.1,calibrated,0.5,-0.07092354960975955,source_q_only
N12_D1000_Q0.2,12.0,1000,0.2,calibrated,0.5,0.15195314526987502,source_q_only
N12_D1000_Q0.4,12.0,1000,0.4,calibrated,0.7804,0.597627549975615,source_q_only
N12_D1000_Q0.6,12.0,1000,0.6,calibrated,1.193,1.0431654127117553,source_q_only
N12_D1000_Q0.8,12.0,1000,0.8,calibrated,1.5722,1.4884922224975803,source_q_only
N12_D1000_Q0.9,12.0,1000,0.9,calibrated,1.826,1.7110151443727153,source_q_only
N12_D1000_Q1.0,12.0,1000,1.0,calibrated,2.0468,1.9332537771684875,source_q_only
N12_D2000_Q0.1,12.0,2000,0.1,calibrated,0.5,-0.10256407521701894,source_q_only
N12_D2000_Q0.2,12.0,2000,0.2,calibrated,0.5,0.12031261966261564,source_q_only
N12_D2000_Q0.4,12.0,2000,0.4,calibrated,0.7469,0.5659870243683556,source_q_only
N12_D2000_Q0.6,12.0,2000,0.6,calibrated,1.1885,1.011524887104496,source_q_only
N12_D2000_Q0.8,12.0,2000,0.8,calibrated,1.6065,1.456851696890321,source_q_only
N12_D2000_Q0.9,12.0,2000,0.9,calibrated,1.7583,1.679374618765456,source_q_only
N12_D2000_Q1.0,12.0,2000,1.0,calibrated,1.9695,1.901613251561228,source_q_only
N20_D0005_Q0.1,20.0,5,0.1,extrapolated,0.5,0.49882951130580944,source_q_only
N20_D0005_Q0.2,20.0,5,0.2,extrapolated,0.5,0.7235879818256223,source_q_only
N20_D0005_Q0.4,20.0,5,0.4,extrapolated,0.9583,1.1730322136861515,source_q_only
N20_D0005_Q0.6,20.0,5,0.6,extrapolated,1.5155,1.622350752721543,source_q_only
N20_D0005_Q0.8,20.0,5,0.8,extrapolated,2.0429,2.0714750083314306,source_q_only
N20_D0005_Q0.9,20.0,5,0.9,extrapolated,2.3981,2.2959078154048793,source_q_only
N20_D0005_Q1.0,20.0,5,1.0,extrapolated,2.5772,2.5200789220088993,source_q_only
N20_D0020_Q0.1,20.0,20,0.1,extrapolated,0.5,0.24461773115216623,source_q_only
N20_D0020_Q0.2,20.0,20,0.2,extrapolated,0.5,0.46937620167197913,source_q_only
N20_D0020_Q0.4,20.0,20,0.4,extrapolated,0.8354,0.9188204335325088,source_q_only
N20_D0020_Q0.6,20.0,20,0.6,extrapolated,1.3714,1.3681389725678998,source_q_only
N20_D0020_Q0.8,20.0,20,0.8,extrapolated,1.8837,1.8172632281777874,source_q_only
N20_D0020_Q0.9,20.0,20,0.9,extrapolated,2.0254,2.041696035251236,source_q_only
N20_D0020_Q1.0,20.0,20,1.0,extrapolated,2.3884,2.265867141855256,source_q_only
N20_D0050_Q0.1,20.0,50,0.1,extrapolated,0.5,0.12330589019953253,source_q_only
N20_D0050_Q0.2,20.0,50,0.2,extrapolated,0.5,0.34806436071934543,source_q_only
N20_D0050_Q0.4,20.0,50,0.4,extrapolated,0.8172,0.7975085925798746,source_q_only
N20_D0050_Q0.6,20.0,50,0.6,extrapolated,1.2838,1.2468271316152661,source_q_only
N20_D0050_Q0.8,20.0,50,0.8,extrapolated,1.8085,1.6959513872251537,source_q_only
N20_D0050_Q0.9,20.0,50,0.9,extrapolated,2.0156,1.9203841942986024,source_q_only
N20_D0050_Q1.0,20.0,50,1.0,extrapolated,2.2835,2.1445553009026224,source_q_only
N20_D0100_Q0.1,20.0,100,0.1,extrapolated,0.5,0.05012907070755057,source_q_only
N20_D0100_Q0.2,20.0,100,0.2,extrapolated,0.5,0.2748875412273635,source_q_only
N20_D0100_Q0.4,20.0,100,0.4,extrapolated,0.793,0.7243317730878926,source_q_only
N20_D0100_Q0.6,20.0,100,0.6,extrapolated,1.2411,1.1736503121232842,source_q_only
N20_D0100_Q0.8,20.0,100,0.8,extrapolated,1.7346,1.6227745677331717,source_q_only
N20_D0100_Q0.9,20.0,100,0.9,extrapolated,1.9249,1.8472073748066205,source_q_only
N20_D0100_Q1.0,20.0,100,1.0,extrapolated,2.1626,2.0713784814106404,source_q_only
N20_D0150_Q0.1,20.0,150,0.1,extrapolated,0.5,0.013461186383278978,source_q_only
N20_D0150_Q0.2,20.0,150,0.2,extrapolated,0.5,0.23821965690309188,source_q_only
N20_D0150_Q0.4,20.0,150,0.4,extrapolated,0.7726,0.6876638887636215,source_q_only
N20_D0150_Q0.6,20.0,150,0.6,extrapolated,1.2131,1.1369824277990126,source_q_only
N20_D0150_Q0.8,20.0,150,0.8,extrapolated,1.6867,1.5861066834089002,source_q_only
N20_D0150_Q0.9,20.0,150,0.9,extrapolated,1.9415,1.8105394904823489,source_q_only
N20_D0150_Q1.0,20.0,150,1.0,extrapolated,2.202,2.034710597086369,source_q_only
N20_D0300_Q0.1,20.0,300,0.1,extrapolated,0.5,-0.0403456831690896,source_q_only
N20_D0300_Q0.2,20.0,300,0.2,extrapolated,0.5,0.1844127873507233,source_q_only
N20_D0300_Q0.4,20.0,300,0.4,extrapolated,0.7862,0.6338570192112529,source_q_only
N20_D0300_Q0.6,20.0,300,0.6,extrapolated,1.1855,1.083175558246644,source_q_only
N20_D0300_Q0.8,20.0,300,0.8,extrapolated,1.616,1.5322998138565316,source_q_only
N20_D0300_Q0.9,20.0,300,0.9,extrapolated,1.8103,1.7567326209299803,source_q_only
N20_D0300_Q1.0,20.0,300,1.0,extrapolated,2.0706,1.9809037275340002,source_q_only
N20_D0500_Q0.1,20.0,500,0.1,extrapolated,0.5,-0.07382701921533164,source_q_only
N20_D0500_Q0.2,20.0,500,0.2,extrapolated,0.5,0.15093145130448127,source_q_only
N20_D0500_Q0.4,20.0,500,0.4,extrapolated,0.7311,0.6003756831650104,source_q_only
N20_D0500_Q0.6,20.0,500,0.6,extrapolated,1.1533,1.049694222200402,source_q_only
N20_D0500_Q0.8,20.0,500,0.8,extrapolated,1.5833,1.4988184778102895,source_q_only
N20_D0500_Q0.9,20.0,500,0.9,extrapolated,1.8347,1.7232512848837382,source_q_only
N20_D0500_Q1.0,20.0,500,1.0,extrapolated,2.0683,1.9474223914877582,source_q_only
N20_D1000_Q0.1,20.0,1000,0.1,extrapolated,0.5,-0.11224153834913064,source_q_only
N20_D1000_Q0.2,20.0,1000,0.2,extrapolated,0.5,0.11251693217068182,source_q_only
N20_D1000_Q0.4,20.0,1000,0.4,extrapolated,0.7145,0.5619611640312114,source_q_only
N20_D1000_Q0.6,20.0,1000,0.6,extrapolated,1.156,1.0112797030666025,source_q_only
N20_D1000_Q0.8,20.0,1000,0.8,extrapolated,1.5928,1.46040395867649,source_q_only
N20_D1000_Q0.9,20.0,1000,0.9,extrapolated,1.8254,1.6848367657499392,source_q_only
N20_D1000_Q1.0,20.0,1000,1.0,extrapolated,1.9818,1.909007872353959,source_q_only
N20_D2000_Q0.1,20.0,2000,0.1,extrapolated,0.5,-0.14388206395639003,source_q_only
N20_D2000_Q0.2,20.0,2000,0.2,extrapolated,0.5,0.08087640656342243,source_q_only
N20_D2000_Q0.4,20.0,2000,0.4,extrapolated,0.7172,0.530320638423952,source_q_only
N20_D2000_Q0.6,20.0,2000,0.6,extrapolated,1.1399,0.9796391774593431,source_q_only
N20_D2000_Q0.8,20.0,2000,0.8,extrapolated,1.5389,1.4287634330692307,source_q_only
N20_D2000_Q0.9,20.0,2000,0.9,extrapolated,1.7931,1.6531962401426799,source_q_only
N20_D2000_Q1.0,20.0,2000,1.0,extrapolated,1.9584,1.8773673467466996,source_q_only
N40_D0005_Q0.1,40.0,5,0.1,extrapolated,0.5,0.4509734549440281,source_q_only
N40_D0005_Q0.2,40.0,5,0.2,extrapolated,0.5,0.6780485342993754,source_q_only
N40_D0005_Q0.4,40.0,5,0.4,extrapolated,0.867,1.1321337099093918,source_q_only
N40_D0005_Q0.6,40.0,5,0.6,extrapolated,1.4673,1.5861065488156811,source_q_only
N40_D0005_Q0.8,40.0,5,0.8,extrapolated,2.0255,2.0399057488560604,source_q_only
N40_D0005_Q0.9,40.0,5,0.9,extrapolated,2.2617,2.2666897697675474,source_q_only
N40_D0005_Q1.0,40.0,5,1.0,extrapolated,2.5961,2.4932398985052586,source_q_only
N40_D0020_Q0.1,40.0,20,0.1,extrapolated,0.5,0.19676167479038487,source_q_only
N40_D0020_Q0.2,40.0,20,0.2,extrapolated,0.5,0.4238367541457322,source_q_only
N40_D0020_Q0.4,40.0,20,0.4,extrapolated,0.7886,0.8779219297557486,source_q_only
N40_D0020_Q0.6,40.0,20,0.6,extrapolated,1.3092,1.331894768662038,source_q_only
N40_D0020_Q0.8,40.0,20,0.8,extrapolated,1.7885,1.7856939687024171,source_q_only
N40_D0020_Q0.9,40.0,20,0.9,extrapolated,2.0261,2.0124779896139042,source_q_only
N40_D0020_Q1.0,40.0,20,1.0,extrapolated,2.3679,2.2390281183516154,source_q_only
N40_D0050_Q0.1,40.0,50,0.1,extrapolated,0.5,0.07544983383775117,source_q_only
N40_D0050_Q0.2,40.0,50,0.2,extrapolated,0.5,0.3025249131930985,source_q_only
N40_D0050_Q0.4,40.0,50,0.4,extrapolated,0.7348,0.7566100888031149,source_q_only
N40_D0050_Q0.6,40.0,50,0.6,extrapolated,1.2307,1.2105829277094042,source_q_only
N40_D0050_Q0.8,40.0,50,0.8,extrapolated,1.6999,1.6643821277497834,source_q_only
N40_D0050_Q0.9,40.0,50,0.9,extrapolated,1.9707,1.8911661486612705,source_q_only
N40_D0050_Q1.0,40.0,50,1.0,extrapolated,2.262,2.1177162773989817,source_q_only
N40_D0100_Q0.1,40.0,100,0.1,extrapolated,0.5,0.0022730143457692087,source_q_only
N40_D0100_Q0.2,40.0,100,0.2,extrapolated,0.5,0.22934809370111653,source_q_only
N40_D0100_Q0.4,40.0,100,0.4,extrapolated,0.7481,0.6834332693111329,source_q_only
N40_D0100_Q0.6,40.0,100,0.6,extrapolated,1.1814,1.1374061082174223,source_q_only
N40_D0100_Q0.8,40.0,100,0.8,extrapolated,1.6703,1.5912053082578015,source_q_only
N40_D0100_Q0.9,40.0,100,0.9,extrapolated,1.9207,1.8179893291692886,source_q_only
N40_D0100_Q1.0,40.0,100,1.0,extrapolated,2.1214,2.0445394579069998,source_q_only
N40_D0150_Q0.1,40.0,150,0.1,extrapolated,0.5,-0.034394869978502385,source_q_only
N40_D0150_Q0.2,40.0,150,0.2,extrapolated,0.5,0.19268020937684494,source_q_only
N40_D0150_Q0.4,40.0,150,0.4,extrapolated,0.7164,0.6467653849868613,source_q_only
N40_D0150_Q0.6,40.0,150,0.6,extrapolated,1.2004,1.1007382238931507,source_q_only
N40_D0150_Q0.8,40.0,150,0.8,extrapolated,1.6463,1.55453742393353,source_q_only
N40_D0150_Q0.9,40.0,150,0.9,extrapolated,1.8339,1.781321444845017,source_q_only
N40_D0150_Q1.0,40.0,150,1.0,extrapolated,2.0917,2.007871573582728,source_q_only
N40_D0300_Q0.1,40.0,300,0.1,extrapolated,0.5,-0.08820173953087096,source_q_only
N40_D0300_Q0.2,40.0,300,0.2,extrapolated,0.5,0.13887333982447636,source_q_only
N40_D0300_Q0.4,40.0,300,0.4,extrapolated,0.6864,0.5929585154344927,source_q_only
N40_D0300_Q0.6,40.0,300,0.6,extrapolated,1.1336,1.046931354340782,source_q_only
N40_D0300_Q0.8,40.0,300,0.8,extrapolated,1.5375,1.5007305543811613,source_q_only
N40_D0300_Q0.9,40.0,300,0.9,extrapolated,1.8101,1.7275145752926484,source_q_only
N40_D0300_Q1.0,40.0,300,1.0,extrapolated,2.0147,1.9540647040303596,source_q_only
N40_D0500_Q0.1,40.0,500,0.1,extrapolated,0.5,-0.121683075577113,source_q_only
N40_D0500_Q0.2,40.0,500,0.2,extrapolated,0.5,0.10539200377823432,source_q_only
N40_D0500_Q0.4,40.0,500,0.4,extrapolated,0.7035,0.5594771793882507,source_q_only
N40_D0500_Q0.6,40.0,500,0.6,extrapolated,1.1238,1.01345001829454,source_q_only
N40_D0500_Q0.8,40.0,500,0.8,extrapolated,1.5771,1.4672492183349193,source_q_only
N40_D0500_Q0.9,40.0,500,0.9,extrapolated,1.7729,1.6940332392464064,source_q_only
N40_D0500_Q1.0,40.0,500,1.0,extrapolated,2.0298,1.9205833679841176,source_q_only
N40_D1000_Q0.1,40.0,1000,0.1,extrapolated,0.5,-0.160097594710912,source_q_only
N40_D1000_Q0.2,40.0,1000,0.2,extrapolated,0.5,0.06697748464443487,source_q_only
N40_D1000_Q0.4,40.0,1000,0.4,extrapolated,0.6682,0.5210626602544517,source_q_only
N40_D1000_Q0.6,40.0,1000,0.6,extrapolated,1.1087,0.9750354991607406,source_q_only
N40_D1000_Q0.8,40.0,1000,0.8,extrapolated,1.5165,1.4288346992011198,source_q_only
N40_D1000_Q0.9,40.0,1000,0.9,extrapolated,1.7375,1.6556187201126074,source_q_only
N40_D1000_Q1.0,40.0,1000,1.0,extrapolated,1.9394,1.8821688488503183,source_q_only
N40_D2000_Q0.1,40.0,2000,0.1,extrapolated,0.5,-0.1917381203181714,source_q_only
N40_D2000_Q0.2,40.0,2000,0.2,extrapolated,0.5,0.035336959037175486,source_q_only
N40_D2000_Q0.4,40.0,2000,0.4,extrapolated,0.6377,0.4894221346471923,source_q_only
N40_D2000_Q0.6,40.0,2000,0.6,extrapolated,1.0771,0.9433949735534812,source_q_only
N40_D2000_Q0.8,40.0,2000,0.8,extrapolated,1.5044,1.3971941735938609,source_q_only
N40_D2000_Q0.9,40.0,2000,0.9,extrapolated,1.7336,1.623978194505348,source_q_only
N40_D2000_Q1.0,40.0,2000,1.0,extrapolated,1.9275,1.850528323243059,source_q_only
N70_D0005_Q0.1,70.0,5,0.1,extrapolated,0.5,0.41814778417078946,source_q_only
N70_D0005_Q0.2,70.0,5,0.2,extrapolated,0.5,0.6469123252454847,source_q_only
N70_D0005_Q0.4,70.0,5,0.4,extrapolated,0.8232,1.104382058786102,source_q_only
N70_D0005_Q0.6,70.0,5,0.6,extrapolated,1.4166,1.5617491960053542,source_q_only
N70_D0005_Q0.8,70.0,5,0.8,extrapolated,2.0006,2.018957750069705,source_q_only
N70_D0005_Q0.9,70.0,5,0.9,extrapolated,2.2782,2.247456469514858,source_q_only
N70_D0005_Q1.0,70.0,5,1.0,extrapolated,2.6033,2.4757415768828417,source_q_only
N70_D0020_Q0.1,70.0,20,0.1,extrapolated,0.5,0.1639360040171467,source_q_only
N70_D0020_Q0.2,70.0,20,0.2,extrapolated,0.5,0.39270054509184193,source_q_only
N70_D0020_Q0.4,70.0,20,0.4,extrapolated,0.7217,0.8501702786324592,source_q_only
N70_D0020_Q0.6,70.0,20,0.6,extrapolated,1.2611,1.3075374158517115,source_q_only
N70_D0020_Q0.8,70.0,20,0.8,extrapolated,1.7756,1.7647459699160621,source_q_only
N70_D0020_Q0.9,70.0,20,0.9,extrapolated,2.0434,1.993244689361215,source_q_only
N70_D0020_Q1.0,70.0,20,1.0,extrapolated,2.3369,2.221529796729199,source_q_only
N70_D0050_Q0.1,70.0,50,0.1,extrapolated,0.5,0.042624163064512555,source_q_only
N70_D0050_Q0.2,70.0,50,0.2,extrapolated,0.5,0.2713887041392078,source_q_only
N70_D0050_Q0.4,70.0,50,0.4,extrapolated,0.7053,0.728858437679825,source_q_only
N70_D0050_Q0.6,70.0,50,0.6,extrapolated,1.1924,1.1862255748990773,source_q_only
N70_D0050_Q0.8,70.0,50,0.8,extrapolated,1.6973,1.643434128963428,source_q_only
N70_D0050_Q0.9,70.0,50,0.9,extrapolated,1.9752,1.8719328484085809,source_q_only
N70_D0050_Q1.0,70.0,50,1.0,extrapolated,2.2162,2.100217955776565,source_q_only
N70_D0100_Q0.1,70.0,100,0.1,extrapolated,0.5,-0.03055265642746896,source_q_only
N70_D0100_Q0.2,70.0,100,0.2,extrapolated,0.5,0.19821188464722628,source_q_only
N70_D0100_Q0.4,70.0,100,0.4,extrapolated,0.6765,0.6556816181878435,source_q_only
N70_D0100_Q0.6,70.0,100,0.6,extrapolated,1.1486,1.1130487554070958,source_q_only
N70_D0100_Q0.8,70.0,100,0.8,extrapolated,1.6395,1.5702573094714465,source_q_only
N70_D0100_Q0.9,70.0,100,0.9,extrapolated,1.905,1.7987560289165994,source_q_only
N70_D0100_Q1.0,70.0,100,1.0,extrapolated,2.1223,2.0270411362845833,source_q_only
N70_D0150_Q0.1,70.0,150,0.1,extrapolated,0.5,-0.06722054075174055,source_q_only
N70_D0150_Q0.2,70.0,150,0.2,extrapolated,0.5,0.16154400032295468,source_q_only
N70_D0150_Q0.4,70.0,150,0.4,extrapolated,0.6507,0.619013733863572,source_q_only
N70_D0150_Q0.6,70.0,150,0.6,extrapolated,1.1506,1.0763808710828242,source_q_only
N70_D0150_Q0.8,70.0,150,0.8,extrapolated,1.5779,1.533589425147175,source_q_only
N70_D0150_Q0.9,70.0,150,0.9,extrapolated,1.8604,1.7620881445923278,source_q_only
N70_D0150_Q1.0,70.0,150,1.0,extrapolated,2.0817,1.9903732519603117,source_q_only
N70_D0300_Q0.1,70.0,300,0.1,extrapolated,0.5,-0.12102741030410913,source_q_only
N70_D0300_Q0.2,70.0,300,0.2,extrapolated,0.5,0.10773713077058611,source_q_only
N70_D0300_Q0.4,70.0,300,0.4,extrapolated,0.6571,0.5652068643112034,source_q_only
N70_D0300_Q0.6,70.0,300,0.6,extrapolated,1.1181,1.0225740015304556,source_q_only
N70_D0300_Q0.8,70.0,300,0.8,extrapolated,1.5736,1.4797825555948063,source_q_only
N70_D0300_Q0.9,70.0,300,0.9,extrapolated,1.7826,1.7082812750399592,source_q_only
N70_D0300_Q1.0,70.0,300,1.0,extrapolated,2.0225,1.936566382407943,source_q_only
N70_D0500_Q0.1,70.0,500,0.1,extrapolated,0.5,-0.1545087463503516,source_q_only
N70_D0500_Q0.2,70.0,500,0.2,extrapolated,0.5,0.07425579472434407,source_q_only
N70_D0500_Q0.4,70.0,500,0.4,extrapolated,0.6398,0.5317255282649613,source_q_only
N70_D0500_Q0.6,70.0,500,0.6,extrapolated,1.0654,0.9890926654842136,source_q_only
N70_D0500_Q0.8,70.0,500,0.8,extrapolated,1.552,1.4463012195485638,source_q_only
N70_D0500_Q0.9,70.0,500,0.9,extrapolated,1.7856,1.6747999389937167,source_q_only
N70_D0500_Q1.0,70.0,500,1.0,extrapolated,2.0232,1.9030850463617008,source_q_only
N70_D1000_Q0.1,70.0,1000,0.1,extrapolated,0.5,-0.19292326548415062,source_q_only
N70_D1000_Q0.2,70.0,1000,0.2,extrapolated,0.5,0.03584127559054462,source_q_only
N70_D1000_Q0.4,70.0,1000,0.4,extrapolated,0.6331,0.4933110091311619,source_q_only
N70_D1000_Q0.6,70.0,1000,0.6,extrapolated,1.0717,0.9506781463504141,source_q_only
N70_D1000_Q0.8,70.0,1000,0.8,extrapolated,1.5113,1.4078867004147648,source_q_only
N70_D1000_Q0.9,70.0,1000,0.9,extrapolated,1.7324,1.6363854198599177,source_q_only
N70_D1000_Q1.0,70.0,1000,1.0,extrapolated,1.9314,1.8646705272279016,source_q_only
N70_D2000_Q0.1,70.0,2000,0.1,extrapolated,0.5,-0.22456379109141,source_q_only
N70_D2000_Q0.2,70.0,2000,0.2,extrapolated,0.5,0.004200749983285235,source_q_only
N70_D2000_Q0.4,70.0,2000,0.4,extrapolated,0.6095,0.4616704835239025,source_q_only
N70_D2000_Q0.6,70.0,2000,0.6,extrapolated,1.0279,0.9190376207431548,source_q_only
N70_D2000_Q0.8,70.0,2000,0.8,extrapolated,1.4713,1.3762461748075054,source_q_only
N70_D2000_Q0.9,70.0,2000,0.9,extrapolated,1.7312,1.6047448942526583,source_q_only
N70_D2000_Q1.0,70.0,2000,1.0,extrapolated,1.9285,1.8330300016206422,source_q_only
N120_D0005_Q0.1,120.0,5,0.1,extrapolated,0.5,0.3906619304729855,source_q_only
N120_D0005_Q0.2,120.0,5,0.2,extrapolated,0.5,0.6209150418788183,source_q_only
N120_D0005_Q0.4,120.0,5,0.4,extrapolated,0.759,1.081366880584537,source_q_only
N120_D0005_Q0.6,120.0,5,0.6,extrapolated,1.3529,1.5417247051368268,source_q_only
N120_D0005_Q0.8,120.0,5,0.8,extrapolated,1.8929,2.0019372119929497,source_q_only
N120_D0005_Q0.9,120.0,5,0.9,extrapolated,2.2776,2.2319467377113837,source_q_only
N120_D0005_Q1.0,120.0,5,1.0,extrapolated,2.5753,2.4617605199730366,source_q_only
N120_D0020_Q0.1,120.0,20,0.1,extrapolated,0.5,0.1364501503193427,source_q_only
N120_D0020_Q0.2,120.0,20,0.2,extrapolated,0.5,0.36670326172517553,source_q_only
N120_D0020_Q0.4,120.0,20,0.4,extrapolated,0.686,0.8271551004308941,source_q_only
N120_D0020_Q0.6,120.0,20,0.6,extrapolated,1.2186,1.287512924983184,source_q_only
N120_D0020_Q0.8,120.0,20,0.8,extrapolated,1.7489,1.747725431839307,source_q_only
N120_D0020_Q0.9,120.0,20,0.9,extrapolated,2.0566,1.977734957557741,source_q_only
N120_D0020_Q1.0,120.0,20,1.0,extrapolated,2.2493,2.207548739819394,source_q_only
N120_D0050_Q0.1,120.0,50,0.1,extrapolated,0.5,0.015138309366708569,source_q_only
N120_D0050_Q0.2,120.0,50,0.2,extrapolated,0.5,0.2453914207725414,source_q_only
N120_D0050_Q0.4,120.0,50,0.4,extrapolated,0.6689,0.70584325947826,source_q_only
N120_D0050_Q0.6,120.0,50,0.6,extrapolated,1.1614,1.16620108403055,source_q_only
N120_D0050_Q0.8,120.0,50,0.8,extrapolated,1.682,1.6264135908866728,source_q_only
N120_D0050_Q0.9,120.0,50,0.9,extrapolated,1.9395,1.8564231166051068,source_q_only
N120_D0050_Q1.0,120.0,50,1.0,extrapolated,2.2004,2.0862368988667597,source_q_only
N120_D0100_Q0.1,120.0,100,0.1,extrapolated,0.5,-0.058038510125272946,source_q_only
N120_D0100_Q0.2,120.0,100,0.2,extrapolated,0.5,0.17221460128055988,source_q_only
N120_D0100_Q0.4,120.0,100,0.4,extrapolated,0.6206,0.6326664399862785,source_q_only
N120_D0100_Q0.6,120.0,100,0.6,extrapolated,1.1099,1.0930242645385684,source_q_only
N120_D0100_Q0.8,120.0,100,0.8,extrapolated,1.5774,1.5532367713946913,source_q_only
N120_D0100_Q0.9,120.0,100,0.9,extrapolated,1.8321,1.7832462971131253,source_q_only
N120_D0100_Q1.0,120.0,100,1.0,extrapolated,2.1521,2.013060079374778,source_q_only
N120_D0150_Q0.1,120.0,150,0.1,extrapolated,0.5,-0.09470639444954454,source_q_only
N120_D0150_Q0.2,120.0,150,0.2,extrapolated,0.5,0.13554671695628828,source_q_only
N120_D0150_Q0.4,120.0,150,0.4,extrapolated,0.6188,0.5959985556620069,source_q_only
N120_D0150_Q0.6,120.0,150,0.6,extrapolated,1.0887,1.0563563802142968,source_q_only
N120_D0150_Q0.8,120.0,150,0.8,extrapolated,1.5564,1.5165688870704197,source_q_only
N120_D0150_Q0.9,120.0,150,0.9,extrapolated,1.8816,1.7465784127888537,source_q_only
N120_D0150_Q1.0,120.0,150,1.0,extrapolated,2.0881,1.9763921950505066,source_q_only
N120_D0300_Q0.1,120.0,300,0.1,extrapolated,0.5,-0.14851326400191311,source_q_only
N120_D0300_Q0.2,120.0,300,0.2,extrapolated,0.5,0.08173984740391971,source_q_only
N120_D0300_Q0.4,120.0,300,0.4,extrapolated,0.6045,0.5421916861096383,source_q_only
N120_D0300_Q0.6,120.0,300,0.6,extrapolated,1.092,1.0025495106619282,source_q_only
N120_D0300_Q0.8,120.0,300,0.8,extrapolated,1.5302,1.4627620175180511,source_q_only
N120_D0300_Q0.9,120.0,300,0.9,extrapolated,1.7838,1.6927715432364852,source_q_only
N120_D0300_Q1.0,120.0,300,1.0,extrapolated,2.0619,1.922585325498138,source_q_only
N120_D0500_Q0.1,120.0,500,0.1,extrapolated,0.5,-0.1819946000481556,source_q_only
N120_D0500_Q0.2,120.0,500,0.2,extrapolated,0.5,0.04825851135767767,source_q_only
N120_D0500_Q0.4,120.0,500,0.4,extrapolated,0.5807,0.5087103500633958,source_q_only
N120_D0500_Q0.6,120.0,500,0.6,extrapolated,1.0547,0.9690681746156862,source_q_only
N120_D0500_Q0.8,120.0,500,0.8,extrapolated,1.5164,1.4292806814718086,source_q_only
N120_D0500_Q0.9,120.0,500,0.9,extrapolated,1.7304,1.6592902071902431,source_q_only
N120_D0500_Q1.0,120.0,500,1.0,extrapolated,2.0294,1.8891039894518957,source_q_only
N120_D1000_Q0.1,120.0,1000,0.1,extrapolated,0.5,-0.2204091191819546,source_q_only
N120_D1000_Q0.2,120.0,1000,0.2,extrapolated,0.5,0.009843992223878217,source_q_only
N120_D1000_Q0.4,120.0,1000,0.4,extrapolated,0.5785,0.4702958309295968,source_q_only
N120_D1000_Q0.6,120.0,1000,0.6,extrapolated,1.0412,0.9306536554818867,source_q_only
N120_D1000_Q0.8,120.0,1000,0.8,extrapolated,1.485,1.3908661623380096,source_q_only
N120_D1000_Q0.9,120.0,1000,0.9,extrapolated,1.7223,1.6208756880564437,source_q_only
N120_D1000_Q1.0,120.0,1000,1.0,extrapolated,1.9082,1.8506894703180965,source_q_only
N120_D2000_Q0.1,120.0,2000,0.1,extrapolated,0.5,-0.252049644789214,source_q_only
N120_D2000_Q0.2,120.0,2000,0.2,extrapolated,0.5,-0.021796533383381167,source_q_only
N120_D2000_Q0.4,120.0,2000,0.4,extrapolated,0.5772,0.43865530532233743,source_q_only
N120_D2000_Q0.6,120.0,2000,0.6,extrapolated,1.0107,0.8990131298746276,source_q_only
N120_D2000_Q0.8,120.0,2000,0.8,extrapolated,1.4677,1.3592256367307503,source_q_only
N120_D2000_Q0.9,120.0,2000,0.9,extrapolated,1.6316,1.5892351624491843,source_q_only
N120_D2000_Q1.0,120.0,2000,1.0,extrapolated,1.9249,1.8190489447108371,source_q_only
N300_D0005_Q0.1,300.0,5,0.1,extrapolated,0.5,0.35163759317584997,source_q_only
N300_D0005_Q0.2,300.0,5,0.2,extrapolated,0.5,0.5841411096987472,source_q_only
N300_D0005_Q0.4,300.0,5,0.4,extrapolated,0.6853,1.0491012639222403,source_q_only
N300_D0005_Q0.6,300.0,5,0.6,extrapolated,1.3009,1.5139803784243735,source_q_only
N300_D0005_Q0.8,300.0,5,0.8,extrapolated,1.8604,1.9787342298126398,source_q_only
N300_D0005_Q0.9,300.0,5,0.9,extrapolated,2.2235,2.2110277767137925,source_q_only
N300_D0005_Q1.0,300.0,5,1.0,extrapolated,2.478,2.443152593752291,source_q_only
N300_D0020_Q0.1,300.0,20,0.1,extrapolated,0.5,0.09742581302220721,source_q_only
N300_D0020_Q0.2,300.0,20,0.2,extrapolated,0.5,0.32992932954510445,source_q_only
N300_D0020_Q0.4,300.0,20,0.4,extrapolated,0.6087,0.7948894837685976,source_q_only
N300_D0020_Q0.6,300.0,20,0.6,extrapolated,1.1745,1.2597685982707307,source_q_only
N300_D0020_Q0.8,300.0,20,0.8,extrapolated,1.7275,1.724522449658997,source_q_only
N300_D0020_Q0.9,300.0,20,0.9,extrapolated,1.993,1.9568159965601497,source_q_only
N300_D0020_Q1.0,300.0,20,1.0,extrapolated,2.3267,2.188940813598648,source_q_only
N300_D0050_Q0.1,300.0,50,0.1,extrapolated,0.5,-0.023886027930426934,source_q_only
N300_D0050_Q0.2,300.0,50,0.2,extrapolated,0.5,0.2086174885924703,source_q_only
N300_D0050_Q0.4,300.0,50,0.4,extrapolated,0.5737,0.6735776428159634,source_q_only
N300_D0050_Q0.6,300.0,50,0.6,extrapolated,1.0844,1.1384567573180966,source_q_only
N300_D0050_Q0.8,300.0,50,0.8,extrapolated,1.6524,1.603210608706363,source_q_only
N300_D0050_Q0.9,300.0,50,0.9,extrapolated,1.917,1.8355041556075156,source_q_only
N300_D0050_Q1.0,300.0,50,1.0,extrapolated,2.1404,2.067628972646014,source_q_only
N300_D0100_Q0.1,300.0,100,0.1,extrapolated,0.5,-0.09706284742240845,source_q_only
N300_D0100_Q0.2,300.0,100,0.2,extrapolated,0.5,0.1354406691004888,source_q_only
N300_D0100_Q0.4,300.0,100,0.4,extrapolated,0.5656,0.6004008233239819,source_q_only
N300_D0100_Q0.6,300.0,100,0.6,extrapolated,1.0582,1.065279937826115,source_q_only
N300_D0100_Q0.8,300.0,100,0.8,extrapolated,1.6239,1.5300337892143814,source_q_only
N300_D0100_Q0.9,300.0,100,0.9,extrapolated,1.7981,1.762327336115534,source_q_only
N300_D0100_Q1.0,300.0,100,1.0,extrapolated,2.018,1.9944521531540325,source_q_only
N300_D0150_Q0.1,300.0,150,0.1,extrapolated,0.5,-0.13373073174668004,source_q_only
N300_D0150_Q0.2,300.0,150,0.2,extrapolated,0.5,0.0987727847762172,source_q_only
N300_D0150_Q0.4,300.0,150,0.4,extrapolated,0.5498,0.5637329389997103,source_q_only
N300_D0150_Q0.6,300.0,150,0.6,extrapolated,1.0259,1.0286120535018435,source_q_only
N300_D0150_Q0.8,300.0,150,0.8,extrapolated,1.5543,1.4933659048901098,source_q_only
N300_D0150_Q0.9,300.0,150,0.9,extrapolated,1.8567,1.7256594517912625,source_q_only
N300_D0150_Q1.0,300.0,150,1.0,extrapolated,2.0823,1.9577842688297609,source_q_only
N300_D0300_Q0.1,300.0,300,0.1,extrapolated,0.5,-0.18753760129904906,source_q_only
N300_D0300_Q0.2,300.0,300,0.2,extrapolated,0.5,0.044965915223848185,source_q_only
N300_D0300_Q0.4,300.0,300,0.4,extrapolated,0.5355,0.5099260694473413,source_q_only
N300_D0300_Q0.6,300.0,300,0.6,extrapolated,1.0191,0.9748051839494749,source_q_only
N300_D0300_Q0.8,300.0,300,0.8,extrapolated,1.5064,1.4395590353377408,source_q_only
N300_D0300_Q0.9,300.0,300,0.9,extrapolated,1.708,1.6718525822388934,source_q_only
N300_D0300_Q1.0,300.0,300,1.0,extrapolated,1.9949,1.903977399277392,source_q_only
N300_D0500_Q0.1,300.0,500,0.1,extrapolated,0.5,-0.2210189373452911,source_q_only
N300_D0500_Q0.2,300.0,500,0.2,extrapolated,0.5,0.011484579177606147,source_q_only
N300_D0500_Q0.4,300.0,500,0.4,extrapolated,0.5242,0.4764447334010993,source_q_only
N300_D0500_Q0.6,300.0,500,0.6,extrapolated,1.004,0.9413238479032329,source_q_only
N300_D0500_Q0.8,300.0,500,0.8,extrapolated,1.4481,1.4060776992914992,source_q_only
N300_D0500_Q0.9,300.0,500,0.9,extrapolated,1.7684,1.6383712461926518,source_q_only
N300_D0500_Q1.0,300.0,500,1.0,extrapolated,1.92,1.87049606323115,source_q_only
N300_D1000_Q0.1,300.0,1000,0.1,extrapolated,0.5,-0.2594334564790901,source_q_only
N300_D1000_Q0.2,300.0,1000,0.2,extrapolated,0.5,-0.02692993995619286,source_q_only
N300_D1000_Q0.4,300.0,1000,0.4,extrapolated,0.5189,0.43803021426730027,source_q_only
N300_D1000_Q0.6,300.0,1000,0.6,extrapolated,1.0017,0.9029093287694334,source_q_only
N300_D1000_Q0.8,300.0,1000,0.8,extrapolated,1.4767,1.3676631801576997,source_q_only
N300_D1000_Q0.9,300.0,1000,0.9,extrapolated,1.6646,1.5999567270588524,source_q_only
N300_D1000_Q1.0,300.0,1000,1.0,extrapolated,1.9425,1.8320815440973508,source_q_only
N300_D2000_Q0.1,300.0,2000,0.1,extrapolated,0.5,-0.2910739820863495,source_q_only
N300_D2000_Q0.2,300.0,2000,0.2,extrapolated,0.5,-0.058570465563452245,source_q_only
N300_D2000_Q0.4,300.0,2000,0.4,extrapolated,0.5,0.40638968866004066,source_q_only
N300_D2000_Q0.6,300.0,2000,0.6,extrapolated,0.9783,0.871268803162174,source_q_only
N300_D2000_Q0.8,300.0,2000,0.8,extrapolated,1.4119,1.3360226545504403,source_q_only
N300_D2000_Q0.9,300.0,2000,0.9,extrapolated,1.6756,1.568316201451593,source_q_only
N300_D2000_Q1.0,300.0,2000,1.0,extrapolated,1.8777,1.8004410184900914,source_q_only
N700_D0005_Q0.1,700.0,5,0.1,extrapolated,0.5,0.3225324507696432,source_q_only
N700_D0005_Q0.2,700.0,5,0.2,extrapolated,0.5,0.556839560203823,source_q_only
N700_D0005_Q0.4,700.0,5,0.4,extrapolated,0.5981,1.0254129153785705,source_q_only
N700_D0005_Q0.6,700.0,5,0.6,extrapolated,1.2092,1.4939156292235765,source_q_only
N700_D0005_Q0.8,700.0,5,0.8,extrapolated,1.8853,1.9623091527507648,source_q_only
N700_D0005_Q0.9,700.0,5,0.9,extrapolated,2.2108,2.1964332342446156,source_q_only
N700_D0005_Q1.0,700.0,5,1.0,extrapolated,2.5391,2.43041023598961,source_q_only
N700_D0020_Q0.1,700.0,20,0.1,extrapolated,0.5,0.06832067061600045,source_q_only
N700_D0020_Q0.2,700.0,20,0.2,extrapolated,0.5,0.3026277800501802,source_q_only
N700_D0020_Q0.4,700.0,20,0.4,extrapolated,0.5501,0.7712011352249277,source_q_only
N700_D0020_Q0.6,700.0,20,0.6,extrapolated,1.1236,1.2397038490699337,source_q_only
N700_D0020_Q0.8,700.0,20,0.8,extrapolated,1.6984,1.708097372597122,source_q_only
N700_D0020_Q0.9,700.0,20,0.9,extrapolated,1.9239,1.9422214540909728,source_q_only
N700_D0020_Q1.0,700.0,20,1.0,extrapolated,2.2974,2.176198455835967,source_q_only
N700_D0050_Q0.1,700.0,50,0.1,extrapolated,0.5,-0.0529911703366337,source_q_only
N700_D0050_Q0.2,700.0,50,0.2,extrapolated,0.5,0.18131593909754606,source_q_only
N700_D0050_Q0.4,700.0,50,0.4,extrapolated,0.515,0.6498892942722936,source_q_only
N700_D0050_Q0.6,700.0,50,0.6,extrapolated,1.0355,1.1183920081172996,source_q_only
N700_D0050_Q0.8,700.0,50,0.8,extrapolated,1.584,1.5867855316444879,source_q_only
N700_D0050_Q0.9,700.0,50,0.9,extrapolated,1.9143,1.8209096131383387,source_q_only
N700_D0050_Q1.0,700.0,50,1.0,extrapolated,2.071,2.054886614883333,source_q_only
N700_D0100_Q0.1,700.0,100,0.1,extrapolated,0.5,-0.1261679898286152,source_q_only
N700_D0100_Q0.2,700.0,100,0.2,extrapolated,0.5,0.10813911960556499,source_q_only
N700_D0100_Q0.4,700.0,100,0.4,extrapolated,0.5,0.5767124747803121,source_q_only
N700_D0100_Q0.6,700.0,100,0.6,extrapolated,0.9905,1.045215188625318,source_q_only
N700_D0100_Q0.8,700.0,100,0.8,extrapolated,1.5329,1.5136087121525064,source_q_only
N700_D0100_Q0.9,700.0,100,0.9,extrapolated,1.7971,1.7477327936463571,source_q_only
N700_D0100_Q1.0,700.0,100,1.0,extrapolated,2.0708,1.9817097953913514,source_q_only
N700_D0150_Q0.1,700.0,150,0.1,extrapolated,0.5,-0.1628358741528868,source_q_only
N700_D0150_Q0.2,700.0,150,0.2,extrapolated,0.5,0.07147123528129296,source_q_only
N700_D0150_Q0.4,700.0,150,0.4,extrapolated,0.5,0.5400445904560405,source_q_only
N700_D0150_Q0.6,700.0,150,0.6,extrapolated,0.9957,1.0085473043010464,source_q_only
N700_D0150_Q0.8,700.0,150,0.8,extrapolated,1.4766,1.4769408278282348,source_q_only
N700_D0150_Q0.9,700.0,150,0.9,extrapolated,1.7601,1.7110649093220855,source_q_only
N700_D0150_Q1.0,700.0,150,1.0,extrapolated,2.0154,1.9450419110670798,source_q_only
N700_D0300_Q0.1,700.0,300,0.1,extrapolated,0.5,-0.21664274370525538,source_q_only
N700_D0300_Q0.2,700.0,300,0.2,extrapolated,0.5,0.01766436572892438,source_q_only
N700_D0300_Q0.4,700.0,300,0.4,extrapolated,0.5,0.48623772090367146,source_q_only
N700_D0300_Q0.6,700.0,300,0.6,extrapolated,0.9707,0.9547404347486779,source_q_only
N700_D0300_Q0.8,700.0,300,0.8,extrapolated,1.4829,1.4231339582758662,source_q_only
N700_D0300_Q0.9,700.0,300,0.9,extrapolated,1.7289,1.6572580397697165,source_q_only
N700_D0300_Q1.0,700.0,300,1.0,extrapolated,2.0155,1.891235041514711,source_q_only
N700_D0500_Q0.1,700.0,500,0.1,extrapolated,0.5,-0.2501240797514974,source_q_only
N700_D0500_Q0.2,700.0,500,0.2,extrapolated,0.5,-0.015816970317317658,source_q_only
N700_D0500_Q0.4,700.0,500,0.4,extrapolated,0.5,0.4527563848574294,source_q_only
N700_D0500_Q0.6,700.0,500,0.6,extrapolated,0.9578,0.9212590987024356,source_q_only
N700_D0500_Q0.8,700.0,500,0.8,extrapolated,1.432,1.3896526222296242,source_q_only
N700_D0500_Q0.9,700.0,500,0.9,extrapolated,1.6736,1.6237767037234745,source_q_only
N700_D0500_Q1.0,700.0,500,1.0,extrapolated,1.9675,1.857753705468469,source_q_only
N700_D1000_Q0.1,700.0,1000,0.1,extrapolated,0.5,-0.28853859888529687,source_q_only
N700_D1000_Q0.2,700.0,1000,0.2,extrapolated,0.5,-0.054231489451116666,source_q_only
N700_D1000_Q0.4,700.0,1000,0.4,extrapolated,0.5,0.4143418657236304,source_q_only
N700_D1000_Q0.6,700.0,1000,0.6,extrapolated,0.9207,0.8828445795686364,source_q_only
N700_D1000_Q0.8,700.0,1000,0.8,extrapolated,1.4235,1.3512381030958247,source_q_only
N700_D1000_Q0.9,700.0,1000,0.9,extrapolated,1.6964,1.5853621845896755,source_q_only
N700_D1000_Q1.0,700.0,1000,1.0,extrapolated,1.882,1.8193391863346697,source_q_only
N700_D2000_Q0.1,700.0,2000,0.1,extrapolated,0.5,-0.32017912449255626,source_q_only
N700_D2000_Q0.2,700.0,2000,0.2,extrapolated,0.5,-0.08587201505837627,source_q_only
N700_D2000_Q0.4,700.0,2000,0.4,extrapolated,0.5,0.382701340116371,source_q_only
N700_D2000_Q0.6,700.0,2000,0.6,extrapolated,0.8872,0.851204053961377,source_q_only
N700_D2000_Q0.8,700.0,2000,0.8,extrapolated,1.3899,1.3195975774885653,source_q_only
N700_D2000_Q0.9,700.0,2000,0.9,extrapolated,1.6863,1.553721658982416,source_q_only
N700_D2000_Q1.0,700.0,2000,1.0,extrapolated,1.8865,1.7876986607274103,source_q_only
