Model,accepted,method,open_weights,open_w1,open_w2,license_class,model_type,compute_source,submission_date,release_date,date_diff_days
0-hero/Matter-0.2-7B-DPO,False,unmatched,,False,False,permissive,chat_finetuned,missing,2024-08-05,,
01-ai/Yi-1.5-34B,True,normalized_exact_owner,Yes,True,True,permissive,pretrained,reported,2024-06-12,2024-05-13,30.0
01-ai/Yi-1.5-34B-32K,False,unmatched,,False,False,permissive,pretrained,missing,2024-06-12,,
01-ai/Yi-1.5-34B-Chat,False,unmatched,,False,False,permissive,chat_finetuned,missing,2024-06-12,,
01-ai/Yi-1.5-34B-Chat-16K,False,unmatched,,False,False,permissive,chat_finetuned,missing,2024-07-15,,
01-ai/Yi-1.5-6B,False,unmatched,,False,False,permissive,pretrained,missing,2024-08-10,,
01-ai/Yi-1.5-6B-Chat,False,unmatched,,False,False,permissive,chat_finetuned,missing,2024-10-22,,
01-ai/Yi-1.5-9B,True,normalized_exact_owner,Yes,True,True,permissive,pretrained,reported,2024-06-12,2024-05-13,30.0
01-ai/Yi-1.5-9B-32K,False,unmatched,,False,False,permissive,pretrained,missing,2024-06-12,,
01-ai/Yi-1.5-9B-Chat,False,unmatched,,False,False,permissive,chat_finetuned,missing,2024-06-12,,
01-ai/Yi-1.5-9B-Chat-16K,False,unmatched,,False,False,permissive,chat_finetuned,missing,2024-06-12,,
01-ai/Yi-34B,True,normalized_exact_owner,Yes,True,True,permissive,pretrained,reported,2024-06-12,2023-11-02,223.0
01-ai/Yi-34B-200K,False,unmatched,,False,False,permissive,pretrained,missing,2024-06-12,,
01-ai/Yi-34B-Chat,False,unmatched,,False,False,permissive,chat_finetuned,missing,2024-06-12,,
01-ai/Yi-6B,False,normalized_exact_owner_mismatch,,False,False,permissive,pretrained,missing,2024-06-12,,
01-ai/Yi-6B-200K,False,unmatched,,False,False,permissive,pretrained,missing,2024-06-12,,
01-ai/Yi-6B-Chat,False,unmatched,,False,False,permissive,chat_finetuned,missing,2024-06-12,,
01-ai/Yi-9B,False,unmatched,,False,False,permissive,pretrained,missing,2024-06-12,,
01-ai/Yi-9B-200K,False,unmatched,,False,False,permissive,pretrained,missing,2024-06-12,,
01-ai/Yi-Coder-9B-Chat,False,unmatched,,False,False,permissive,chat_finetuned,missing,2024-09-12,,
1-800-LLMs/Qwen-2.5-14B-Hindi,False,unmatched,,False,False,permissive,chat_finetuned,missing,2025-02-06,,
1-800-LLMs/Qwen-2.5-14B-Hindi-Custom-Instruct,False,unmatched,,False,False,permissive,chat_finetuned,missing,2025-02-06,,
1024m/PHI-4-Hindi,False,unmatched,,False,False,permissive,chat_finetuned,missing,2025-02-06,,
1024m/QWEN-14B-B100,False,unmatched,,False,False,permissive,chat_finetuned,missing,2025-02-06,,
152334H/miqu-1-70b-sf,False,unmatched,,False,False,missing,chat_finetuned,missing,2024-06-26,,
1TuanPham/T-VisStar-7B-v0.1,False,unmatched,,False,False,permissive,chat_finetuned,missing,2024-09-22,,
1TuanPham/T-VisStar-v0.1,False,unmatched,,False,False,permissive,chat_finetuned,missing,2024-09-20,,
3rd-Degree-Burn/L-3.1-Science-Writer-8B,False,unmatched,,False,False,missing,chat_finetuned,missing,2024-11-19,,
3rd-Degree-Burn/Llama-3.1-8B-Squareroot,False,unmatched,,False,False,permissive,other,missing,2024-10-10,,
3rd-Degree-Burn/Llama-3.1-8B-Squareroot-v1,False,unmatched,,False,False,missing,other,missing,2024-11-10,,
3rd-Degree-Burn/Llama-Squared-8B,False,unmatched,,False,False,missing,chat_finetuned,missing,2024-10-08,,
4season/final_model_test_v2,False,unmatched,,False,False,permissive,chat_finetuned,missing,2024-06-27,,
AALF/FuseChat-Llama-3.1-8B-Instruct-preview,False,unmatched,,False,False,permissive,chat_finetuned,missing,2024-11-20,,
AALF/FuseChat-Llama-3.1-8B-SFT-preview,False,unmatched,,False,False,missing,chat_finetuned,missing,2024-11-21,,
AALF/gemma-2-27b-it-SimPO-37K,False,unmatched,,False,False,custom,chat_finetuned,missing,2024-09-05,,
AALF/gemma-2-27b-it-SimPO-37K-100steps,False,unmatched,,False,False,custom,chat_finetuned,missing,2024-09-21,,
AELLM/gemma-2-aeria-infinity-9b,False,unmatched,,False,False,missing,other,missing,2024-10-09,,
AELLM/gemma-2-lyco-infinity-9b,False,unmatched,,False,False,missing,chat_finetuned,missing,2024-10-09,,
AGI-0/Art-v0-3B,False,unmatched,,False,False,unclear,chat_finetuned,missing,2025-01-19,,
AGI-0/Artificium-llama3.1-8B-001,False,unmatched,,False,False,unclear,chat_finetuned,missing,2024-09-08,,
AGI-0/smartllama3.1-8B-001,False,unmatched,,False,False,unclear,chat_finetuned,missing,2024-11-25,,
AI-MO/NuminaMath-7B-CoT,False,unmatched,,False,False,permissive,chat_finetuned,missing,2024-09-10,,
AI-MO/NuminaMath-7B-TIR,False,unmatched,,False,False,permissive,chat_finetuned,missing,2024-07-11,,
AI-Sweden-Models/Llama-3-8B-instruct,False,unmatched,,False,False,custom,chat_finetuned,missing,2024-06-27,,
AI-Sweden-Models/gpt-sw3-40b,False,normalized_exact_owner_mismatch,,False,False,unclear,pretrained,missing,2024-06-26,,
AI4free/Dhanishtha,False,unmatched,,False,False,permissive,pretrained,missing,2025-02-19,,
AI4free/t2,False,unmatched,,False,False,missing,other,missing,2025-02-27,,
AIDC-AI/Marco-o1,True,normalized_exact_owner,Yes,True,True,permissive,chat_finetuned,missing,2025-01-31,2024-10-16,107.0
Aashraf995/Creative-7B-nerd,False,unmatched,,False,False,permissive,other,missing,2024-12-13,,
Aashraf995/Gemma-Evo-10B,False,unmatched,,False,False,permissive,other,missing,2024-12-13,,
Aashraf995/Qwen-Evo-7B,False,unmatched,,False,False,permissive,other,missing,2024-12-13,,
Aashraf995/QwenStock-14B,False,unmatched,,False,False,permissive,other,missing,2024-12-13,,
AbacusResearch/Jallabi-34B,False,unmatched,,False,False,permissive,other,missing,2024-06-27,,
Ahdoot/StructuredThinker-v0.3-MoreStructure,False,unmatched,,False,False,missing,other,missing,2025-01-01,,
Ahdoot/Test_StealthThinker,False,unmatched,,False,False,permissive,chat_finetuned,missing,2025-01-05,,
AicoresSecurity/Cybernet-Sec-3B-R1-V0,False,unmatched,,False,False,missing,chat_finetuned,missing,2025-02-26,,
AicoresSecurity/Cybernet-Sec-3B-R1-V0-Coder,False,unmatched,,False,False,missing,chat_finetuned,missing,2025-02-26,,
AicoresSecurity/Cybernet-Sec-3B-R1-V1,False,unmatched,,False,False,missing,chat_finetuned,missing,2025-03-07,,
AicoresSecurity/Cybernet-Sec-3B-R1-V1.1,False,unmatched,,False,False,missing,chat_finetuned,missing,2025-03-07,,
Alepach/notHumpback-M0,False,unmatched,,False,False,permissive,chat_finetuned,missing,2025-01-17,,
Alepach/notHumpback-M1,False,unmatched,,False,False,permissive,chat_finetuned,missing,2025-01-17,,
Alepach/notHumpback-M1-v2,False,unmatched,,False,False,missing,chat_finetuned,missing,2025-01-19,,
Alibaba-NLP/gte-Qwen2-7B-instruct,False,unmatched,,False,False,permissive,chat_finetuned,missing,2024-08-05,,
Alsebay/Qwen2.5-7B-test-novelist,False,unmatched,,False,False,permissive,chat_finetuned,missing,2024-12-12,,
Amaorynho/BBAI2006,False,unmatched,,False,False,missing,other,missing,2025-02-27,,
Amaorynho/BBAI270V4,False,unmatched,,False,False,missing,other,missing,2025-02-26,,
Amaorynho/BBAIIFEV1,False,unmatched,,False,False,missing,other,missing,2025-03-01,,
Amaorynho/BBAI_375,False,unmatched,,False,False,missing,other,missing,2025-02-27,,
Amu/t1-1.5B,False,unmatched,,False,False,permissive,chat_finetuned,missing,2025-03-08,,
Amu/t1-3B,False,unmatched,,False,False,permissive,chat_finetuned,missing,2025-03-13,,
ArliAI/ArliAI-RPMax-12B-v1.1,False,unmatched,,False,False,permissive,chat_finetuned,missing,2024-09-05,,
ArliAI/Llama-3.1-8B-ArliAI-RPMax-v1.1,False,unmatched,,False,False,custom,chat_finetuned,missing,2024-09-19,,
Arthur-LAGACHERIE/Precis-1B-Instruct,False,unmatched,,False,False,custom,chat_finetuned,missing,2025-01-19,,
Artples/L-MChat-7b,False,unmatched,,False,False,permissive,other,missing,2024-07-07,,
Artples/L-MChat-Small,False,unmatched,,False,False,permissive,other,missing,2024-07-07,,
Aryanne/QwentileSwap,False,unmatched,,False,False,permissive,other,missing,2025-02-05,,
Aryanne/SHBA,False,unmatched,,False,False,missing,other,missing,2025-01-11,,
Aryanne/SuperHeart,False,unmatched,,False,False,custom,other,missing,2024-09-23,,
AtAndDev/Qwen2.5-1.5B-continuous-learnt,False,unmatched,,False,False,missing,chat_finetuned,missing,2024-10-13,,
AtAndDev/Qwen2.5-1.5B-continuous-learnt,False,unmatched,,False,False,missing,chat_finetuned,missing,2024-10-18,,
Ateron/Glowing-Forest-12B,False,unmatched,,False,False,missing,other,missing,2025-03-06,,
Ateron/Lotus-Magpic,False,unmatched,,False,False,missing,other,missing,2025-03-05,,
Ateron/Way_of_MagPicaro,False,unmatched,,False,False,missing,other,missing,2025-03-05,,
AuraIndustries/Aura-4B,False,unmatched,,False,False,permissive,chat_finetuned,missing,2024-12-13,,
AuraIndustries/Aura-8B,False,unmatched,,False,False,permissive,chat_finetuned,missing,2024-12-10,,
AuraIndustries/Aura-MoE-2x4B,False,unmatched,,False,False,missing,chat_finetuned,missing,2024-12-14,,
AuraIndustries/Aura-MoE-2x4B-v2,False,unmatched,,False,False,missing,chat_finetuned,missing,2024-12-15,,
Aurel9/testmerge-7b,False,unmatched,,False,False,missing,other,missing,2024-11-16,,
Ayush-Singh/Llama1B-sft-2,False,unmatched,,False,False,missing,chat_finetuned,missing,2025-02-05,,
Azure99/Blossom-V6-14B,False,unmatched,,False,False,permissive,chat_finetuned,missing,2025-01-30,,
Azure99/Blossom-V6-7B,False,unmatched,,False,False,permissive,chat_finetuned,missing,2025-01-30,,
Azure99/blossom-v5-32b,False,unmatched,,False,False,permissive,chat_finetuned,missing,2024-09-21,,
Azure99/blossom-v5-llama3-8b,False,unmatched,,False,False,permissive,chat_finetuned,missing,2024-09-21,,
Azure99/blossom-v5.1-34b,False,unmatched,,False,False,permissive,chat_finetuned,missing,2024-07-27,,
Azure99/blossom-v5.1-9b,False,unmatched,,False,False,permissive,chat_finetuned,missing,2024-07-24,,
BAAI/Gemma2-9B-IT-Simpo-Infinity-Preference,False,unmatched,,False,False,missing,chat_finetuned,missing,2024-09-05,,
BAAI/Infinity-Instruct-3M-0613-Llama3-70B,False,unmatched,,False,False,permissive,chat_finetuned,missing,2024-06-28,,
BAAI/Infinity-Instruct-3M-0613-Mistral-7B,False,unmatched,,False,False,permissive,chat_finetuned,missing,2024-06-27,,
BAAI/Infinity-Instruct-3M-0625-Llama3-70B,False,unmatched,,False,False,permissive,chat_finetuned,missing,2024-08-30,,
BAAI/Infinity-Instruct-3M-0625-Llama3-8B,False,unmatched,,False,False,permissive,chat_finetuned,missing,2024-07-13,,
BAAI/Infinity-Instruct-3M-0625-Mistral-7B,False,unmatched,,False,False,permissive,chat_finetuned,missing,2024-08-05,,
BAAI/Infinity-Instruct-3M-0625-Qwen2-7B,False,unmatched,,False,False,permissive,chat_finetuned,missing,2024-08-05,,
BAAI/Infinity-Instruct-3M-0625-Yi-1.5-9B,False,unmatched,,False,False,permissive,chat_finetuned,missing,2024-08-05,,
BAAI/Infinity-Instruct-7M-0729-Llama3_1-8B,False,unmatched,,False,False,custom,chat_finetuned,missing,2024-08-05,,
BAAI/Infinity-Instruct-7M-0729-mistral-7B,False,unmatched,,False,False,permissive,chat_finetuned,missing,2024-08-05,,
BAAI/Infinity-Instruct-7M-Gen-Llama3_1-70B,False,unmatched,,False,False,custom,chat_finetuned,missing,2024-09-26,,
BAAI/Infinity-Instruct-7M-Gen-Llama3_1-8B,False,unmatched,,False,False,custom,chat_finetuned,missing,2024-08-29,,
BAAI/Infinity-Instruct-7M-Gen-mistral-7B,False,unmatched,,False,False,permissive,chat_finetuned,missing,2024-08-29,,
BAAI/OPI-Llama-3.1-8B-Instruct,False,unmatched,,False,False,custom,chat_finetuned,missing,2024-09-21,,
BEE-spoke-data/Meta-Llama-3-8Bee,False,unmatched,,False,False,custom,chat_finetuned,missing,2024-07-04,,
BEE-spoke-data/smol_llama-101M-GQA,False,unmatched,,False,False,permissive,pretrained,missing,2024-07-06,,
BEE-spoke-data/smol_llama-220M-GQA,False,unmatched,,False,False,permissive,pretrained,missing,2024-06-26,,
BEE-spoke-data/smol_llama-220M-GQA-fineweb_edu,False,unmatched,,False,False,permissive,pretrained,missing,2024-06-26,,
BEE-spoke-data/smol_llama-220M-openhermes,False,unmatched,,False,False,permissive,chat_finetuned,missing,2024-09-21,,
BEE-spoke-data/tFINE-900m-e16-d32-flan,False,unmatched,,False,False,permissive,chat_finetuned,missing,2024-09-13,,
BEE-spoke-data/tFINE-900m-e16-d32-flan-infinity-instruct-7m-T2T_en-1024,False,unmatched,,False,False,permissive,chat_finetuned,missing,2024-09-14,,
BEE-spoke-data/tFINE-900m-e16-d32-instruct_2e,False,unmatched,,False,False,permissive,chat_finetuned,missing,2024-09-22,,
BEE-spoke-data/tFINE-900m-instruct-orpo,False,unmatched,,False,False,permissive,chat_finetuned,missing,2024-09-23,,
BSC-LT/salamandra-7b,False,unmatched,,False,False,permissive,pretrained,missing,2024-11-22,,
BSC-LT/salamandra-7b-instruct,False,unmatched,,False,False,permissive,pretrained,missing,2024-11-22,,
Ba2han/Llama-Phi-3_DoRA,False,unmatched,,False,False,permissive,chat_finetuned,missing,2024-06-26,,
Baptiste-HUVELLE-10/LeTriomphant2.2_ECE_iLAB,False,unmatched,,False,False,permissive,other,missing,2025-02-28,,
BenevolenceMessiah/Qwen2.5-72B-2x-Instruct-TIES-v1.0,False,unmatched,,False,False,missing,other,missing,2024-11-24,,
BenevolenceMessiah/Yi-Coder-9B-Chat-Instruct-TIES-MoE-v1.0,False,unmatched,,False,False,permissive,other,missing,2024-09-22,,
BlackBeenie/Bloslain-8B-v0.2,False,unmatched,,False,False,missing,other,missing,2024-11-19,,
BlackBeenie/Llama-3.1-8B-OpenO1-SFT-v0.1,False,unmatched,,False,False,permissive,chat_finetuned,missing,2024-12-29,,
BlackBeenie/Llama-3.1-8B-pythonic-passthrough-merge,False,unmatched,,False,False,missing,other,missing,2024-11-06,,
BlackBeenie/Neos-Gemma-2-9b,False,unmatched,,False,False,permissive,chat_finetuned,missing,2024-11-11,,
BlackBeenie/Neos-Llama-3.1-8B,False,unmatched,,False,False,permissive,chat_finetuned,missing,2024-11-12,,
BlackBeenie/Neos-Llama-3.1-base,False,unmatched,,False,False,missing,chat_finetuned,missing,2024-11-11,,
BlackBeenie/Neos-Phi-3-14B-v0.1,False,unmatched,,False,False,permissive,chat_finetuned,missing,2024-11-27,,
BlackBeenie/llama-3-luminous-merged,False,unmatched,,False,False,missing,other,missing,2024-10-11,,
BlackBeenie/llama-3.1-8B-Galore-openassistant-guanaco,False,unmatched,,False,False,missing,chat_finetuned,missing,2024-10-19,,
Bllossom/llama-3.2-Korean-Bllossom-AICA-5B,False,unmatched,,False,False,custom,chat_finetuned,missing,2024-12-16,,
BoltMonkey/DreadMix,False,unmatched,,False,False,missing,other,missing,2024-10-13,,
BoltMonkey/NeuralDaredevil-SuperNova-Lite-7B-DARETIES-abliterated,False,unmatched,,False,False,custom,other,missing,2024-10-10,,
BoltMonkey/NeuralDaredevil-SuperNova-Lite-7B-DARETIES-abliterated,False,unmatched,,False,False,custom,chat_finetuned,missing,2024-10-01,,
BoltMonkey/SuperNeuralDreadDevil-8b,False,unmatched,,False,False,missing,other,missing,2024-10-13,,
BrainWave-ML/llama3.2-3B-maths-orpo,False,unmatched,,False,False,permissive,chat_finetuned,missing,2024-10-24,,
BramVanroy/GEITje-7B-ultra,False,unmatched,,False,False,research-only,chat_finetuned,missing,2024-10-28,,
BramVanroy/fietje-2,False,unmatched,,False,False,permissive,pretrained,missing,2024-10-28,,
BramVanroy/fietje-2-chat,False,unmatched,,False,False,permissive,chat_finetuned,missing,2024-10-28,,
BramVanroy/fietje-2-instruct,False,unmatched,,False,False,permissive,chat_finetuned,missing,2024-10-28,,
CYFRAGOVPL/Llama-PLLuM-8B-base,False,unmatched,,False,False,custom,pretrained,missing,2025-02-28,,
CYFRAGOVPL/Llama-PLLuM-8B-chat,False,unmatched,,False,False,custom,chat_finetuned,missing,2025-02-28,,
CYFRAGOVPL/PLLuM-12B-base,False,unmatched,,False,False,permissive,pretrained,missing,2025-02-28,,
CYFRAGOVPL/PLLuM-12B-chat,False,unmatched,,False,False,permissive,chat_finetuned,missing,2025-02-28,,
CYFRAGOVPL/PLLuM-12B-nc-base,False,unmatched,,False,False,research-only,pretrained,missing,2025-02-28,,
CYFRAGOVPL/PLLuM-12B-nc-chat,False,unmatched,,False,False,research-only,chat_finetuned,missing,2025-02-28,,
CarrotAI/Llama-3.2-Rabbit-Ko-3B-Instruct,False,unmatched,,False,False,custom,chat_finetuned,missing,2024-12-20,,
CarrotAI/Llama-3.2-Rabbit-Ko-3B-Instruct-2412,False,unmatched,,False,False,custom,chat_finetuned,missing,2024-12-19,,
Casual-Autopsy/L3-Umbral-Mind-RP-v2.0-8B,False,unmatched,,False,False,custom,other,missing,2024-07-02,,
CausalLM/14B,False,unmatched,,False,False,custom,chat_finetuned,missing,2024-06-12,,
CausalLM/34b-beta,False,unmatched,,False,False,custom,chat_finetuned,missing,2024-06-26,,
CausalLM/preview-1-hf,False,unmatched,,False,False,missing,chat_finetuned,missing,2025-01-26,,
Changgil/K2S3-14b-v0.2,False,unmatched,,False,False,research-only,chat_finetuned,missing,2024-06-27,,
Changgil/K2S3-v0.1,False,unmatched,,False,False,research-only,chat_finetuned,missing,2024-06-27,,
ClaudioItaly/Albacus,False,unmatched,,False,False,permissive,other,missing,2024-09-08,,
ClaudioItaly/Book-Gut12B,False,unmatched,,False,False,permissive,other,missing,2024-09-17,,
ClaudioItaly/Evolutionstory-7B-v2.2,False,unmatched,,False,False,permissive,other,missing,2024-09-01,,
ClaudioItaly/intelligence-cod-rag-7b-v3,False,unmatched,,False,False,permissive,chat_finetuned,missing,2024-12-02,,
CohereForAI/aya-23-35B,False,unmatched,,False,False,research-only,chat_finetuned,missing,2024-06-12,,
CohereForAI/aya-23-8B,False,unmatched,,False,False,research-only,chat_finetuned,missing,2024-06-12,,
CohereForAI/aya-expanse-32b,False,normalized_exact_owner_mismatch,,False,False,research-only,chat_finetuned,missing,2024-10-24,,
CohereForAI/aya-expanse-8b,False,normalized_exact_owner_mismatch,,False,False,research-only,chat_finetuned,missing,2024-10-24,,
CohereForAI/c4ai-command-r-plus,False,unmatched,,False,False,research-only,chat_finetuned,missing,2024-06-13,,
CohereForAI/c4ai-command-r-plus-08-2024,False,unmatched,,False,False,research-only,chat_finetuned,missing,2024-09-19,,
CohereForAI/c4ai-command-r-v01,False,unmatched,,False,False,research-only,chat_finetuned,missing,2024-06-13,,
CohereForAI/c4ai-command-r7b-12-2024,False,unmatched,,False,False,research-only,chat_finetuned,missing,2024-12-20,,
Columbia-NLP/LION-Gemma-2b-dpo-v1.0,False,unmatched,,False,False,missing,chat_finetuned,missing,2024-07-04,,
Columbia-NLP/LION-Gemma-2b-dpo-v1.0,False,unmatched,,False,False,missing,chat_finetuned,missing,2024-07-04,,
Columbia-NLP/LION-Gemma-2b-odpo-v1.0,False,unmatched,,False,False,missing,chat_finetuned,missing,2024-07-13,,
Columbia-NLP/LION-Gemma-2b-sft-v1.0,False,unmatched,,False,False,missing,chat_finetuned,missing,2024-07-04,,
Columbia-NLP/LION-LLaMA-3-8b-dpo-v1.0,False,unmatched,,False,False,missing,chat_finetuned,missing,2024-07-04,,
Columbia-NLP/LION-LLaMA-3-8b-odpo-v1.0,False,unmatched,,False,False,missing,chat_finetuned,missing,2024-07-04,,
Columbia-NLP/LION-LLaMA-3-8b-sft-v1.0,False,unmatched,,False,False,missing,chat_finetuned,missing,2024-07-04,,
CombinHorizon/Josiefied-abliteratedV4-Qwen2.5-14B-Inst-BaseMerge-TIES,False,unmatched,,False,False,permissive,other,missing,2024-12-07,,
CombinHorizon/Rombos-Qwen2.5-7B-Inst-BaseMerge-TIES,False,unmatched,,False,False,permissive,other,missing,2024-10-29,,
CombinHorizon/YiSM-blossom5.1-34B-SLERP,False,unmatched,,False,False,permissive,other,missing,2024-08-27,,
CombinHorizon/huihui-ai-abliterated-Qwen2.5-32B-Inst-BaseMerge-TIES,False,unmatched,,False,False,permissive,other,missing,2024-12-07,,
CombinHorizon/huihui-ai-abliteratedV2-Qwen2.5-14B-Inst-BaseMerge-TIES,False,unmatched,,False,False,permissive,other,missing,2024-12-07,,
CombinHorizon/zetasepic-abliteratedV2-Qwen2.5-32B-Inst-BaseMerge-TIES,False,unmatched,,False,False,permissive,other,missing,2024-12-20,,
ContactDoctor/Bio-Medical-3B-CoT-012025,False,unmatched,,False,False,unclear,chat_finetuned,missing,2025-01-15,,
ContactDoctor/Bio-Medical-Llama-3-8B,False,unmatched,,False,False,unclear,chat_finetuned,missing,2024-12-24,,
CoolSpring/Qwen2-0.5B-Abyme,False,unmatched,,False,False,permissive,chat_finetuned,missing,2024-09-04,,
CoolSpring/Qwen2-0.5B-Abyme-merge2,False,unmatched,,False,False,permissive,other,missing,2024-07-27,,
CoolSpring/Qwen2-0.5B-Abyme-merge3,False,unmatched,,False,False,permissive,other,missing,2024-07-27,,
Corianas/Neural-Mistral-7B,False,unmatched,,False,False,permissive,chat_finetuned,missing,2024-12-06,,
Corianas/Quokka_2.7b,False,unmatched,,False,False,permissive,chat_finetuned,missing,2024-12-05,,
Corianas/llama-3-reactor,False,unmatched,,False,False,permissive,chat_finetuned,missing,2024-07-23,,
CortexLM/btlm-7b-base-v0.2,False,unmatched,,False,False,permissive,pretrained,missing,2024-06-26,,
Cran-May/SCE-2-24B,False,unmatched,,False,False,missing,chat_finetuned,missing,2025-02-04,,
Cran-May/SCE-3-24B,False,unmatched,,False,False,missing,chat_finetuned,missing,2025-02-04,,
Cran-May/T.E-8.1,False,unmatched,,False,False,research-only,chat_finetuned,missing,2024-09-29,,
Cran-May/merge_model_20250308_2,False,unmatched,,False,False,missing,other,missing,2025-03-08,,
Cran-May/merge_model_20250308_3,False,unmatched,,False,False,missing,other,missing,2025-03-08,,
Cran-May/merge_model_20250308_4,False,unmatched,,False,False,missing,other,missing,2025-03-08,,
Cran-May/tempmotacilla-cinerea-0308,False,unmatched,,False,False,missing,chat_finetuned,missing,2025-03-09,,
CreitinGameplays/Llama-3.1-8B-R1-v0.1,False,unmatched,,False,False,permissive,chat_finetuned,missing,2025-03-10,,
CultriX/Qwen2.5-14B-Broca,False,unmatched,,False,False,missing,other,missing,2024-12-23,,
CultriX/Qwen2.5-14B-BrocaV9,False,unmatched,,False,False,missing,other,missing,2025-01-10,,
CultriX/Qwen2.5-14B-Brocav3,False,unmatched,,False,False,missing,other,missing,2024-12-23,,
CultriX/Qwen2.5-14B-Brocav6,False,unmatched,,False,False,missing,other,missing,2024-12-23,,
CultriX/Qwen2.5-14B-Brocav7,False,unmatched,,False,False,missing,chat_finetuned,missing,2024-12-23,,
CultriX/Qwen2.5-14B-Emerged,False,unmatched,,False,False,missing,other,missing,2024-12-19,,
CultriX/Qwen2.5-14B-Emergedv3,False,unmatched,,False,False,missing,other,missing,2024-12-21,,
CultriX/Qwen2.5-14B-FinalMerge,False,unmatched,,False,False,missing,other,missing,2024-12-23,,
CultriX/Qwen2.5-14B-Hyper,False,unmatched,,False,False,missing,other,missing,2025-01-19,,
CultriX/Qwen2.5-14B-HyperMarck-dl,False,unmatched,,False,False,permissive,other,missing,2025-02-16,,
CultriX/Qwen2.5-14B-Hyperionv3,False,unmatched,,False,False,missing,other,missing,2025-01-19,,
CultriX/Qwen2.5-14B-Hyperionv4,False,unmatched,,False,False,missing,other,missing,2025-01-19,,
CultriX/Qwen2.5-14B-Hyperionv5,False,unmatched,,False,False,missing,other,missing,2025-01-19,,
CultriX/Qwen2.5-14B-MegaMerge-pt2,False,unmatched,,False,False,missing,other,missing,2024-10-25,,
CultriX/Qwen2.5-14B-MergeStock,False,unmatched,,False,False,missing,other,missing,2024-10-24,,
CultriX/Qwen2.5-14B-ReasoningMerge,False,unmatched,,False,False,permissive,other,missing,2025-02-18,,
CultriX/Qwen2.5-14B-Ultimav2,False,unmatched,,False,False,permissive,other,missing,2025-02-05,,
CultriX/Qwen2.5-14B-Unity,False,unmatched,,False,False,missing,other,missing,2024-12-21,,
CultriX/Qwen2.5-14B-Wernicke,False,unmatched,,False,False,permissive,other,missing,2024-10-22,,
CultriX/Qwen2.5-14B-Wernicke-SFT,False,unmatched,,False,False,permissive,chat_finetuned,missing,2024-11-17,,
CultriX/Qwen2.5-14B-Wernicke-SLERP,False,unmatched,,False,False,missing,other,missing,2024-10-25,,
CultriX/Qwen2.5-14B-Wernickev3,False,unmatched,,False,False,missing,other,missing,2024-12-19,,
CultriX/Qwen2.5-14B-partialmergept1,False,unmatched,,False,False,missing,other,missing,2025-01-19,,
CultriX/Qwenfinity-2.5-14B,False,unmatched,,False,False,missing,other,missing,2024-12-23,,
CultriX/Qwestion-14B,False,unmatched,,False,False,missing,other,missing,2024-11-23,,
CultriX/SeQwence-14B,False,unmatched,,False,False,permissive,chat_finetuned,missing,2024-11-20,,
CultriX/SeQwence-14B-EvolMerge,False,unmatched,,False,False,permissive,other,missing,2024-11-27,,
CultriX/SeQwence-14B-EvolMergev1,False,unmatched,,False,False,missing,other,missing,2024-11-27,,
CultriX/SeQwence-14B-v5,False,unmatched,,False,False,missing,other,missing,2024-11-18,,
CultriX/SeQwence-14Bv1,False,unmatched,,False,False,permissive,other,missing,2024-11-27,,
CultriX/SeQwence-14Bv2,False,unmatched,,False,False,missing,other,missing,2024-12-08,,
CultriX/SeQwence-14Bv3,False,unmatched,,False,False,missing,other,missing,2024-11-27,,
DRXD1000/Atlas-7B,False,unmatched,,False,False,permissive,chat_finetuned,missing,2024-12-10,,
DRXD1000/Phoenix-7B,False,unmatched,,False,False,permissive,chat_finetuned,missing,2024-12-11,,
DUAL-GPO/zephyr-7b-ipo-0k-15k-i1,False,unmatched,,False,False,missing,chat_finetuned,missing,2024-09-22,,
DZgas/GIGABATEMAN-7B,False,unmatched,,False,False,missing,other,missing,2024-09-15,,
Daemontatox/AetherDrake-SFT,False,unmatched,,False,False,permissive,chat_finetuned,missing,2024-12-25,,
Daemontatox/AetherSett,False,unmatched,,False,False,permissive,chat_finetuned,missing,2024-12-30,,
Daemontatox/AetherTOT,False,unmatched,,False,False,permissive,chat_finetuned,missing,2024-12-28,,
Daemontatox/AetherTOT,False,unmatched,,False,False,permissive,other,missing,2024-12-28,,
Daemontatox/AetherUncensored,False,unmatched,,False,False,missing,chat_finetuned,missing,2025-01-09,,
Daemontatox/Cogito-MIS,False,unmatched,,False,False,missing,chat_finetuned,missing,2025-02-18,,
Daemontatox/CogitoDistil,False,unmatched,,False,False,missing,chat_finetuned,missing,2025-01-22,,
Daemontatox/CogitoZ,False,unmatched,,False,False,permissive,chat_finetuned,missing,2025-02-13,,
Daemontatox/CogitoZ14,False,unmatched,,False,False,missing,chat_finetuned,missing,2025-01-07,,
Daemontatox/DocumentCogito,False,unmatched,,False,False,permissive,other,missing,2025-01-16,,
Daemontatox/DocumentCogito,False,unmatched,,False,False,permissive,other,missing,2025-03-09,,
Daemontatox/Llama3.3-70B-CogniLink,False,unmatched,,False,False,permissive,chat_finetuned,missing,2025-03-02,,
Daemontatox/Llama_cot,False,unmatched,,False,False,missing,other,missing,2025-03-09,,
Daemontatox/MawaredT1,False,unmatched,,False,False,permissive,chat_finetuned,missing,2025-01-02,,
Daemontatox/Mini_QwQ,False,unmatched,,False,False,missing,chat_finetuned,missing,2025-01-16,,
Daemontatox/NemoR,False,unmatched,,False,False,missing,chat_finetuned,missing,2024-12-31,,
Daemontatox/PathFinderAI2.0,False,unmatched,,False,False,permissive,chat_finetuned,missing,2025-01-21,,
Daemontatox/PathFinderAi3.0,False,unmatched,,False,False,permissive,chat_finetuned,missing,2025-01-21,,
Daemontatox/PathfinderAI,False,unmatched,,False,False,permissive,chat_finetuned,missing,2024-12-25,,
Daemontatox/PathfinderAI,False,unmatched,,False,False,permissive,chat_finetuned,missing,2024-12-30,,
Daemontatox/Phi-4-COT,False,unmatched,,False,False,missing,chat_finetuned,missing,2025-01-11,,
Daemontatox/PixelParse_AI,False,unmatched,,False,False,permissive,other,missing,2024-12-29,,
Daemontatox/RA2.0,False,unmatched,,False,False,missing,chat_finetuned,missing,2025-01-01,,
Daemontatox/RA_Reasoner,False,unmatched,,False,False,permissive,chat_finetuned,missing,2024-12-25,,
Daemontatox/RA_Reasoner2.0,False,unmatched,,False,False,permissive,chat_finetuned,missing,2024-12-29,,
Daemontatox/ReasonTest,False,unmatched,,False,False,missing,chat_finetuned,missing,2024-12-31,,
Daemontatox/Research_PathfinderAI,False,unmatched,,False,False,missing,chat_finetuned,missing,2025-02-21,,
Daemontatox/SphinX,False,unmatched,,False,False,permissive,chat_finetuned,missing,2024-12-31,,
Daemontatox/Sphinx2.0,False,unmatched,,False,False,permissive,chat_finetuned,missing,2024-12-30,,
Daemontatox/TinySphinx,False,unmatched,,False,False,missing,chat_finetuned,missing,2024-12-31,,
Daemontatox/TinySphinx2.0,False,unmatched,,False,False,missing,chat_finetuned,missing,2024-12-31,,
Daemontatox/Zirel-7B-Math,False,unmatched,,False,False,permissive,chat_finetuned,missing,2025-02-28,,
Daemontatox/Zirel_1.5,False,unmatched,,False,False,permissive,chat_finetuned,missing,2025-03-04,,
Daemontatox/mini-Cogito-R1,False,unmatched,,False,False,permissive,chat_finetuned,missing,2025-02-22,,
Daemontatox/mini_Pathfinder,False,unmatched,,False,False,missing,chat_finetuned,missing,2025-01-20,,
Dampfinchen/Llama-3.1-8B-Ultra-Instruct,False,unmatched,,False,False,custom,other,missing,2024-08-26,,
Danielbrdz/Barcenas-10b,False,unmatched,,False,False,permissive,chat_finetuned,missing,2025-01-06,,
Danielbrdz/Barcenas-14b-Phi-3-medium-ORPO,False,unmatched,,False,False,permissive,chat_finetuned,missing,2024-08-13,,
Danielbrdz/Barcenas-14b-phi-4,False,unmatched,,False,False,permissive,chat_finetuned,missing,2025-01-26,,
Danielbrdz/Barcenas-14b-phi-4-v2,False,unmatched,,False,False,permissive,chat_finetuned,missing,2025-02-05,,
Danielbrdz/Barcenas-3b-GRPO,False,unmatched,,False,False,custom,chat_finetuned,missing,2025-02-08,,
Danielbrdz/Barcenas-Llama3-8b-ORPO,False,unmatched,,False,False,unclear,chat_finetuned,missing,2024-06-29,,
Danielbrdz/Barcenas-R1-Qwen-1.5b,False,unmatched,,False,False,permissive,chat_finetuned,missing,2025-01-26,,
Dans-DiscountModels/12b-mn-dans-reasoning-test-2,False,unmatched,,False,False,missing,chat_finetuned,missing,2025-03-07,,
Dans-DiscountModels/12b-mn-dans-reasoning-test-3,False,unmatched,,False,False,missing,chat_finetuned,missing,2025-03-10,,
Dans-DiscountModels/Dans-Instruct-CoreCurriculum-12b-ChatML,False,unmatched,,False,False,permissive,chat_finetuned,missing,2024-09-04,,
Dans-DiscountModels/Dans-Instruct-Mix-8b-ChatML,False,unmatched,,False,False,missing,chat_finetuned,missing,2024-09-14,,
Dans-DiscountModels/Dans-Instruct-Mix-8b-ChatML-V0.1.0,False,unmatched,,False,False,missing,chat_finetuned,missing,2024-09-20,,
Dans-DiscountModels/Dans-Instruct-Mix-8b-ChatML-V0.1.1,False,unmatched,,False,False,missing,chat_finetuned,missing,2024-09-23,,
Dans-DiscountModels/Dans-Instruct-Mix-8b-ChatML-V0.2.0,False,unmatched,,False,False,missing,chat_finetuned,missing,2024-09-30,,
Dans-DiscountModels/Mistral-7b-v0.3-Test-E0.7,False,unmatched,,False,False,missing,chat_finetuned,missing,2024-11-15,,
Dans-DiscountModels/mistral-7b-test-merged,False,unmatched,,False,False,permissive,chat_finetuned,missing,2024-11-30,,
Darkknight535/OpenCrystal-12B-L3,False,unmatched,,False,False,missing,other,missing,2024-08-26,,
DavidAU/DeepHermes-3-Llama-3-8B-Preview-16.5B-Brainstorm,False,unmatched,,False,False,missing,chat_finetuned,missing,2025-03-10,,
DavidAU/DeepSeek-BlackRoot-R1-Distill-Llama-3.1-8B,False,unmatched,,False,False,missing,chat_finetuned,missing,2025-03-10,,
DavidAU/DeepSeek-Grand-Horror-SMB-R1-Distill-Llama-3.1-16B,False,unmatched,,False,False,missing,chat_finetuned,missing,2025-03-10,,
DavidAU/DeepSeek-MOE-4X8B-R1-Distill-Llama-3.1-Deep-Thinker-Uncensored-24B,False,unmatched,,False,False,missing,chat_finetuned,missing,2025-03-10,,
DavidAU/DeepSeek-MOE-4X8B-R1-Distill-Llama-3.1-Mad-Scientist-24B,False,unmatched,,False,False,missing,chat_finetuned,missing,2025-03-10,,
DavidAU/DeepSeek-R1-Distill-Qwen-25.5B-Brainstorm,False,unmatched,,False,False,missing,chat_finetuned,missing,2025-03-10,,
DavidAU/DeepSeek-V2-Grand-Horror-SMB-R1-Distill-Llama-3.1-Uncensored-16.5B,False,unmatched,,False,False,missing,chat_finetuned,missing,2025-03-10,,
DavidAU/DeepThought-MOE-8X3B-R1-Llama-3.2-Reasoning-18B,False,unmatched,,False,False,missing,chat_finetuned,missing,2025-03-10,,
DavidAU/Gemma-The-Writer-9B,False,unmatched,,False,False,missing,other,missing,2025-01-11,,
DavidAU/Gemma-The-Writer-DEADLINE-10B,False,unmatched,,False,False,missing,other,missing,2025-01-11,,
DavidAU/Gemma-The-Writer-J.GutenBerg-10B,False,unmatched,,False,False,missing,other,missing,2025-01-11,,
DavidAU/Gemma-The-Writer-Mighty-Sword-9B,False,unmatched,,False,False,missing,other,missing,2025-01-11,,
DavidAU/Gemma-The-Writer-N-Restless-Quill-10B-Uncensored,False,unmatched,,False,False,missing,other,missing,2025-01-11,,
DavidAU/L3-DARKEST-PLANET-16.5B,False,unmatched,,False,False,missing,other,missing,2025-01-11,,
DavidAU/L3-Dark-Planet-8B,False,unmatched,,False,False,missing,chat_finetuned,missing,2024-09-12,,
DavidAU/L3-Jamet-12.2B-MK.V-Blackroot-Instruct,False,unmatched,,False,False,missing,chat_finetuned,missing,2024-09-04,,
DavidAU/L3-Lumimaid-12.2B-v0.1-OAS-Instruct,False,unmatched,,False,False,missing,chat_finetuned,missing,2024-09-12,,
DavidAU/L3-SMB-Instruct-12.2B-F32,False,unmatched,,False,False,missing,chat_finetuned,missing,2024-09-12,,
DavidAU/L3-Stheno-Maid-Blackroot-Grand-HORROR-16B,False,unmatched,,False,False,missing,chat_finetuned,missing,2024-09-04,,
DavidAU/L3-Stheno-v3.2-12.2B-Instruct,False,unmatched,,False,False,missing,chat_finetuned,missing,2024-09-12,,
DavidAU/L3.1-Dark-Planet-SpinFire-Uncensored-8B,False,unmatched,,False,False,missing,other,missing,2025-01-11,,
DavidAU/L3.1-MOE-2X8B-Deepseek-DeepHermes-e32-uncensored-abliterated-13.7B,False,unmatched,,False,False,missing,chat_finetuned,missing,2025-03-10,,
DavidAU/Qwen2.5-MOE-2X1.5B-DeepSeek-Uncensored-Censored-4B,False,unmatched,,False,False,missing,chat_finetuned,missing,2025-03-10,,
DavidAU/Qwen2.5-MOE-2X7B-DeepSeek-Abliterated-Censored-19B,False,unmatched,,False,False,missing,chat_finetuned,missing,2025-03-10,,
DavidAU/Qwen2.5-MOE-6x1.5B-DeepSeek-Reasoning-e32,False,unmatched,,False,False,missing,chat_finetuned,missing,2025-03-10,,
Davidsv/SUONG-1,False,unmatched,,False,False,missing,other,missing,2025-02-14,,
DavieLion/Llama-3.2-1B-SPIN-iter0,False,unmatched,,False,False,custom,chat_finetuned,missing,2024-12-29,,
DavieLion/Llama-3.2-1B-SPIN-iter0,False,unmatched,,False,False,custom,chat_finetuned,missing,2024-12-29,,
DavieLion/Llama-3.2-1B-SPIN-iter1,False,unmatched,,False,False,custom,chat_finetuned,missing,2024-12-29,,
DavieLion/Llama-3.2-1B-SPIN-iter2,False,unmatched,,False,False,custom,chat_finetuned,missing,2024-12-29,,
DavieLion/Llama-3.2-1B-SPIN-iter3,False,unmatched,,False,False,custom,chat_finetuned,missing,2024-12-29,,
DavieLion/Llama-3.2-1B-SPIN-iter3,False,unmatched,,False,False,custom,chat_finetuned,missing,2024-12-29,,
DavieLion/Lllma-3.2-1B,False,unmatched,,False,False,custom,chat_finetuned,missing,2024-12-27,,
DebateLabKIT/Llama-3.1-Argunaut-1-8B-SFT,False,unmatched,,False,False,custom,chat_finetuned,missing,2025-01-02,,
Deci/DeciLM-7B,False,unmatched,,False,False,permissive,pretrained,missing,2024-06-12,,
Deci/DeciLM-7B-instruct,False,unmatched,,False,False,permissive,chat_finetuned,missing,2024-06-12,,
DeepAutoAI/Explore_Llama-3.1-8B-Inst,False,unmatched,,False,False,permissive,other,missing,2024-10-09,,
DeepAutoAI/Explore_Llama-3.2-1B-Inst,False,unmatched,,False,False,permissive,other,missing,2024-10-09,,
DeepAutoAI/Explore_Llama-3.2-1B-Inst_v0,False,unmatched,,False,False,missing,other,missing,2024-10-08,,
DeepAutoAI/Explore_Llama-3.2-1B-Inst_v1,False,unmatched,,False,False,permissive,other,missing,2024-10-08,,
DeepAutoAI/Explore_Llama-3.2-1B-Inst_v1.1,False,unmatched,,False,False,permissive,other,missing,2024-10-17,,
DeepAutoAI/causal_gpt2,False,unmatched,,False,False,missing,other,missing,2024-10-17,,
DeepAutoAI/d2nwg_Llama-3.1-8B-Instruct-v0.0,False,unmatched,,False,False,missing,other,missing,2024-09-10,,
DeepAutoAI/d2nwg_causal_gpt2,False,unmatched,,False,False,missing,other,missing,2024-10-18,,
DeepAutoAI/d2nwg_causal_gpt2_v1,False,unmatched,,False,False,missing,other,missing,2024-10-19,,
DeepAutoAI/ldm_soup_Llama-3.1-8B-Inst,False,unmatched,,False,False,permissive,other,missing,2024-10-09,,
DeepAutoAI/ldm_soup_Llama-3.1-8B-Instruct-v0.0,False,unmatched,,False,False,missing,other,missing,2024-09-15,,
DeepAutoAI/ldm_soup_Llama-3.1-8B-Instruct-v0.1,False,unmatched,,False,False,missing,other,missing,2024-09-16,,
DeepMount00/Lexora-Lite-3B,False,unmatched,,False,False,missing,chat_finetuned,missing,2024-10-20,,
DeepMount00/Lexora-Lite-3B_v2,False,unmatched,,False,False,missing,chat_finetuned,missing,2025-02-25,,
DeepMount00/Lexora-Medium-7B,False,unmatched,,False,False,permissive,chat_finetuned,missing,2024-09-24,,
DeepMount00/Llama-3-8b-Ita,False,unmatched,,False,False,custom,chat_finetuned,missing,2024-06-27,,
DeepMount00/Llama-3.1-8b-ITA,False,unmatched,,False,False,missing,chat_finetuned,missing,2024-10-28,,
DeepMount00/Llama-3.1-8b-Ita,False,unmatched,,False,False,missing,other,missing,,,
DeepMount00/Llama-3.1-Distilled,False,unmatched,,False,False,custom,chat_finetuned,missing,2024-10-25,,
DeepMount00/Qwen2-1.5B-Ita,False,unmatched,,False,False,permissive,chat_finetuned,missing,2025-02-28,,
DeepMount00/Qwen2-1.5B-Ita_v2,False,unmatched,,False,False,permissive,chat_finetuned,missing,2025-03-06,,
DeepMount00/Qwen2-1.5B-Ita_v3,False,unmatched,,False,False,permissive,chat_finetuned,missing,2025-03-06,,
DeepMount00/Qwen2-1.5B-Ita_v5,False,unmatched,,False,False,permissive,chat_finetuned,missing,2025-03-10,,
DeepMount00/Qwen2-1.5B-Ita_v6,False,unmatched,,False,False,missing,other,missing,2025-03-10,,
DeepMount00/Qwen2.5-7B-Instruct-MathCoder,False,unmatched,,False,False,missing,chat_finetuned,missing,2024-10-24,,
DeepMount00/mergekit-ties-okvgjfz,False,unmatched,,False,False,missing,chat_finetuned,missing,2024-10-24,,
Delta-Vector/Baldur-8B,False,unmatched,,False,False,missing,chat_finetuned,missing,2024-10-06,,
Delta-Vector/Control-8B,False,unmatched,,False,False,missing,chat_finetuned,missing,2024-11-25,,
Delta-Vector/Control-8B-V1.1,False,unmatched,,False,False,missing,chat_finetuned,missing,2024-11-25,,
Delta-Vector/Darkens-8B,False,unmatched,,False,False,missing,chat_finetuned,missing,2024-10-06,,
Delta-Vector/Henbane-7b-attempt2,False,unmatched,,False,False,permissive,chat_finetuned,missing,2024-10-11,,
Delta-Vector/Odin-9B,False,unmatched,,False,False,missing,chat_finetuned,missing,2024-10-06,,
Delta-Vector/Tor-8B,False,unmatched,,False,False,missing,chat_finetuned,missing,2024-10-06,,
DevQuasar/DevQuasar-R1-Uncensored-Llama-8B,False,unmatched,,False,False,permissive,other,missing,2025-02-09,,
Dongwei/DeepSeek-R1-Distill-Qwen-7B-GRPO,False,unmatched,,False,False,missing,chat_finetuned,missing,2025-02-05,,
DoppelReflEx/L3-8B-R1-WolfCore,False,unmatched,,False,False,research-only,other,missing,2025-02-28,,
DoppelReflEx/L3-8B-R1-WolfCore-V1.5-test,False,unmatched,,False,False,missing,other,missing,2025-03-01,,
DoppelReflEx/L3-8B-WolfCore,False,unmatched,,False,False,missing,other,missing,2025-02-28,,
DoppelReflEx/MN-12B-FoxFrame-test,False,unmatched,,False,False,missing,other,missing,2025-02-06,,
DoppelReflEx/MN-12B-FoxFrame2-test,False,unmatched,,False,False,research-only,other,missing,2025-02-08,,
DoppelReflEx/MN-12B-FoxFrame3-test,False,unmatched,,False,False,research-only,other,missing,2025-02-08,,
DoppelReflEx/MN-12B-Kakigori,False,unmatched,,False,False,research-only,other,missing,2025-01-29,,
DoppelReflEx/MN-12B-LilithFrame,False,unmatched,,False,False,missing,chat_finetuned,missing,2025-01-29,,
DoppelReflEx/MN-12B-LilithFrame,False,unmatched,,False,False,missing,other,missing,2025-01-29,,
DoppelReflEx/MN-12B-LilithFrame-Experiment-2,False,unmatched,,False,False,missing,other,missing,2025-01-29,,
DoppelReflEx/MN-12B-LilithFrame-Experiment-3,False,unmatched,,False,False,missing,other,missing,2025-01-29,,
DoppelReflEx/MN-12B-LilithFrame-Experiment-4,False,unmatched,,False,False,research-only,other,missing,2025-01-30,,
DoppelReflEx/MN-12B-Mimicore-GreenSnake,False,unmatched,,False,False,research-only,other,missing,2025-01-27,,
DoppelReflEx/MN-12B-Mimicore-Nocturne,False,unmatched,,False,False,research-only,other,missing,2025-03-09,,
DoppelReflEx/MN-12B-Mimicore-Orochi,False,unmatched,,False,False,research-only,other,missing,2025-01-28,,
DoppelReflEx/MN-12B-Mimicore-Orochi-v2-Experiment,False,unmatched,,False,False,missing,other,missing,2025-01-28,,
DoppelReflEx/MN-12B-Mimicore-Orochi-v3-Experiment,False,unmatched,,False,False,missing,other,missing,2025-01-28,,
DoppelReflEx/MN-12B-Mimicore-Orochi-v4-Experiment,False,unmatched,,False,False,missing,other,missing,2025-01-28,,
DoppelReflEx/MN-12B-Mimicore-WhiteSnake,False,unmatched,,False,False,research-only,other,missing,2025-01-27,,
DoppelReflEx/MN-12B-Mimicore-WhiteSnake-v2-Experiment-1,False,unmatched,,False,False,missing,other,missing,2025-01-29,,
DoppelReflEx/MN-12B-Mimicore-WhiteSnake-v2-Experiment-2,False,unmatched,,False,False,missing,other,missing,2025-01-29,,
DoppelReflEx/MN-12B-Mimicore-WhiteSnake-v2-Experiment-3,False,unmatched,,False,False,missing,other,missing,2025-01-29,,
DoppelReflEx/MN-12B-Mimicore-WhiteSnake-v2-Experiment-4,False,unmatched,,False,False,research-only,other,missing,2025-01-29,,
DoppelReflEx/MN-12B-Unleashed-Twilight,False,unmatched,,False,False,missing,other,missing,2025-02-10,,
DoppelReflEx/MN-12B-WolFrame,False,unmatched,,False,False,research-only,other,missing,2025-02-01,,
DoppelReflEx/MiniusLight-24B,False,unmatched,,False,False,research-only,other,missing,2025-03-04,,
DoppelReflEx/MiniusLight-24B-test,False,unmatched,,False,False,missing,other,missing,2025-03-04,,
DoppelReflEx/MiniusLight-24B-v1b-test,False,unmatched,,False,False,missing,other,missing,2025-03-04,,
DoppelReflEx/MiniusLight-24B-v1c-test,False,unmatched,,False,False,research-only,other,missing,2025-03-04,,
DoppelReflEx/MiniusLight-24B-v1d-test,False,unmatched,,False,False,research-only,other,missing,2025-03-07,,
DreadPoor/Again-8B-Model_Stock,False,unmatched,,False,False,missing,other,missing,2024-12-17,,
DreadPoor/Alita99-8B-LINEAR,False,unmatched,,False,False,permissive,other,missing,2024-11-26,,
DreadPoor/AnotherTest,False,unmatched,,False,False,missing,other,missing,2025-01-29,,
DreadPoor/Aspire-8B-model_stock,False,unmatched,,False,False,research-only,other,missing,2024-09-17,,
DreadPoor/Aspire_1.3-8B_model-stock,False,unmatched,,False,False,missing,other,missing,2024-11-01,,
DreadPoor/Aspire_V2-8B-Model_Stock,False,unmatched,,False,False,missing,other,missing,2025-01-20,,
DreadPoor/Aspire_V2.1-8B-Model_Stock,False,unmatched,,False,False,missing,other,missing,2025-01-20,,
DreadPoor/Aspire_V2_ALT-8B-Model_Stock,False,unmatched,,False,False,missing,other,missing,2025-01-20,,
DreadPoor/Aspire_V2_ALT_ROW-8B-Model_Stock,False,unmatched,,False,False,missing,other,missing,2025-01-20,,
DreadPoor/Aspire_V3-8B-Model_Stock,False,unmatched,,False,False,missing,other,missing,2025-01-21,,
DreadPoor/Aspire_V4-8B-Model_Stock,False,unmatched,,False,False,missing,other,missing,2025-01-22,,
DreadPoor/Aspire_V4_ALT-8B-Model_Stock,False,unmatched,,False,False,missing,other,missing,2025-01-22,,
DreadPoor/Asymmetric_Linearity-8B-Model_Stock,False,unmatched,,False,False,missing,other,missing,2024-12-20,,
DreadPoor/Aurora_faustus-8B-LINEAR,False,unmatched,,False,False,permissive,other,missing,2024-09-26,,
DreadPoor/Aurora_faustus-8B-LORABLATED,False,unmatched,,False,False,missing,other,missing,2024-09-29,,
DreadPoor/Aurora_faustus-8B-LORABLATED_ALT,False,unmatched,,False,False,missing,other,missing,2024-09-29,,
DreadPoor/Autumn_Dawn-8B-LINEAR,False,unmatched,,False,False,missing,other,missing,2025-02-01,,
DreadPoor/BaeZel-8B-LINEAR,False,unmatched,,False,False,permissive,other,missing,2024-11-08,,
DreadPoor/BaeZel-8B-Model_Stock,False,unmatched,,False,False,missing,other,missing,2024-12-29,,
DreadPoor/BaeZel_V2-8B-Model_Stock,False,unmatched,,False,False,missing,other,missing,2025-01-28,,
DreadPoor/BaeZel_V2_ALT-8B-Model_Stock,False,unmatched,,False,False,missing,other,missing,2025-01-28,,
DreadPoor/BaeZel_V3-8B-Model_Stock,False,unmatched,,False,False,missing,other,missing,2025-01-09,,
DreadPoor/Blunt_Edge-8B-SLERP,False,unmatched,,False,False,missing,other,missing,2025-01-18,,
DreadPoor/BulkUp,False,unmatched,,False,False,missing,other,missing,2025-01-27,,
DreadPoor/Cadence-8B-LINEAR,False,unmatched,,False,False,missing,other,missing,2025-02-25,,
DreadPoor/Caelid-8B-Model_Stock,False,unmatched,,False,False,missing,other,missing,2025-01-14,,
DreadPoor/Casuar-9B-Model_Stock,False,unmatched,,False,False,permissive,other,missing,2024-12-21,,
DreadPoor/Condensed_Milk-8B-Model_Stock,False,unmatched,,False,False,missing,other,missing,2024-11-27,,
DreadPoor/CoolerCoder-8B-LINEAR,False,unmatched,,False,False,missing,other,missing,2024-11-20,,
DreadPoor/Damasteel-8B-LINEAR,False,unmatched,,False,False,missing,other,missing,2024-11-01,,
DreadPoor/Dearly_Beloved-8B-TIES,False,unmatched,,False,False,missing,other,missing,2024-11-22,,
DreadPoor/Decayed-8B-LINEAR,False,unmatched,,False,False,missing,other,missing,2025-02-25,,
DreadPoor/Derivative-8B-Model_Stock,False,unmatched,,False,False,permissive,other,missing,2025-01-03,,
DreadPoor/Derivative_V2-8B-Model_Stock,False,unmatched,,False,False,missing,other,missing,2025-01-07,,
DreadPoor/Derivative_V2_ALT-8B-Model_Stock,False,unmatched,,False,False,missing,other,missing,2025-01-07,,
DreadPoor/Derivative_V3-8B-Model_Stock,False,unmatched,,False,False,missing,other,missing,2025-01-08,,
DreadPoor/Elusive_Dragon_Heart-8B-LINEAR,False,unmatched,,False,False,missing,other,missing,2024-12-18,,
DreadPoor/Emu_Eggs-9B-Model_Stock,False,unmatched,,False,False,missing,other,missing,2024-10-18,,
DreadPoor/Eunoia_Vespera-8B-LINEAR,False,unmatched,,False,False,missing,other,missing,2024-09-22,,
DreadPoor/Fu_sion_HA-8B-SLERP,False,unmatched,,False,False,missing,other,missing,2025-01-17,,
DreadPoor/HOT_STINKING_GARBAGE,False,unmatched,,False,False,missing,other,missing,2025-02-03,,
DreadPoor/H_the_eighth-8B-LINEAR,False,unmatched,,False,False,missing,other,missing,2025-03-06,,
DreadPoor/Happy_New_Year-8B-Model_Stock,False,unmatched,,False,False,missing,other,missing,2024-12-31,,
DreadPoor/Heart_Stolen-8B-Model_Stock,False,unmatched,,False,False,research-only,other,missing,2024-09-10,,
DreadPoor/Heart_Stolen-ALT-8B-Model_Stock,False,unmatched,,False,False,missing,other,missing,2024-09-11,,
DreadPoor/Here_We_Go_Again-8B-SLERP,False,unmatched,,False,False,missing,other,missing,2024-12-31,,
DreadPoor/Howdy-8B-LINEAR,False,unmatched,,False,False,missing,other,missing,2025-01-16,,
DreadPoor/Incidental-8B-Model_Stock,False,unmatched,,False,False,missing,other,missing,2025-01-13,,
DreadPoor/Irina-8B-model_stock,False,unmatched,,False,False,missing,other,missing,2024-08-30,,
DreadPoor/Kindling-8B-Model_Stock,False,unmatched,,False,False,missing,other,missing,2025-01-26,,
DreadPoor/L3.1-BaeZel-8B-Della,False,unmatched,,False,False,missing,other,missing,2024-11-15,,
DreadPoor/Laughing_Stock-8B-Model_Stock,False,unmatched,,False,False,missing,other,missing,2025-01-27,,
DreadPoor/Lava_Lamp-8B-SLERP,False,unmatched,,False,False,missing,other,missing,2025-01-18,,
DreadPoor/LemonP-8B-Model_Stock,False,unmatched,,False,False,permissive,other,missing,2025-01-19,,
DreadPoor/Lydia_of_Whiterun-8B-LINEAR,False,unmatched,,False,False,missing,other,missing,2025-02-26,,
DreadPoor/Matryoshka-8B-LINEAR,False,unmatched,,False,False,missing,other,missing,2024-12-02,,
DreadPoor/Mercury_In_Retrograde-8b-Model-Stock,False,unmatched,,False,False,missing,other,missing,2024-12-03,,
DreadPoor/Minthy-8B-Model_Stock,False,unmatched,,False,False,missing,other,missing,2025-01-26,,
DreadPoor/Minthy_ALT-8B-Model_Stock,False,unmatched,,False,False,missing,other,missing,2025-01-26,,
DreadPoor/Minthy_V2-8B-Model_Stock,False,unmatched,,False,False,missing,other,missing,2025-01-26,,
DreadPoor/Minus_Penus-8B-Model_Stock,False,unmatched,,False,False,missing,other,missing,2025-03-07,,
DreadPoor/Morphing-8B-Model_Stock,False,unmatched,,False,False,missing,other,missing,2025-01-14,,
DreadPoor/Not_Even_My_Final_Form-8B-Model_Stock,False,unmatched,,False,False,missing,other,missing,2025-01-14,,
DreadPoor/Nother_One-8B-Model_Stock,False,unmatched,,False,False,missing,other,missing,2025-01-19,,
DreadPoor/Noxis-8B-LINEAR,False,unmatched,,False,False,missing,other,missing,2025-03-13,,
DreadPoor/Nullsworn-12B-LINEAR,False,unmatched,,False,False,missing,other,missing,2025-03-10,,
DreadPoor/Nwah-8B-Model_Stock,False,unmatched,,False,False,missing,other,missing,2025-02-26,,
DreadPoor/ONeil-model_stock-8B,False,unmatched,,False,False,research-only,other,missing,2024-07-15,,
DreadPoor/Oh_Boy-8B-LINEAR,False,unmatched,,False,False,missing,other,missing,2025-01-29,,
DreadPoor/OrangeJ-8B-Model_Stock,False,unmatched,,False,False,missing,other,missing,2025-01-21,,
DreadPoor/Promissum_Mane-8B-LINEAR,False,unmatched,,False,False,missing,other,missing,2024-09-30,,
DreadPoor/Promissum_Mane-8B-LINEAR-lorablated,False,unmatched,,False,False,missing,other,missing,2024-09-30,,
DreadPoor/RPMash-8B-Model_Stock,False,unmatched,,False,False,missing,other,missing,2025-01-22,,
DreadPoor/RPMash_V3-8B-Model_Stock,False,unmatched,,False,False,missing,other,missing,2025-01-25,,
DreadPoor/Rusted_Gold-8B-LINEAR,False,unmatched,,False,False,missing,other,missing,2025-03-07,,
DreadPoor/Rusted_Platinum-8B-LINEAR,False,unmatched,,False,False,missing,other,missing,2025-03-06,,
DreadPoor/Rusted_Platinum-8B-Model_Stock,False,unmatched,,False,False,missing,other,missing,2025-03-06,,
DreadPoor/Sellen-8B-model_stock,False,unmatched,,False,False,missing,other,missing,2024-08-27,,
DreadPoor/Something-8B-Model_Stock,False,unmatched,,False,False,missing,other,missing,2025-01-15,,
DreadPoor/Spring_Dusk-8B-SCE,False,unmatched,,False,False,missing,other,missing,2025-02-02,,
DreadPoor/Summer_Dawn-8B-SCE,False,unmatched,,False,False,missing,other,missing,2025-02-02,,
DreadPoor/Summer_Dusk-8B-TIES,False,unmatched,,False,False,missing,other,missing,2025-02-05,,
DreadPoor/Summer_Rain-8B-SCE,False,unmatched,,False,False,missing,other,missing,2025-02-02,,
DreadPoor/Summer_Rain-8B-TIES,False,unmatched,,False,False,missing,other,missing,2025-02-02,,
DreadPoor/Sun-8B-Model_Stock,False,unmatched,,False,False,missing,other,missing,2025-01-27,,
DreadPoor/Sweetened_Condensed_Milk-8B-Model_Stock,False,unmatched,,False,False,missing,other,missing,2024-11-27,,
DreadPoor/TEST02-Ignore,False,unmatched,,False,False,missing,other,missing,2025-02-05,,
DreadPoor/TEST03-ignore,False,unmatched,,False,False,missing,other,missing,2025-02-05,,
DreadPoor/TEST06-ignore,False,unmatched,,False,False,missing,other,missing,2025-02-07,,
DreadPoor/TEST07-ignore,False,unmatched,,False,False,missing,other,missing,2025-02-07,,
DreadPoor/TEST08-ignore,False,unmatched,,False,False,missing,other,missing,2025-02-07,,
DreadPoor/Trinas_Nectar-8B-model_stock,False,unmatched,,False,False,research-only,other,missing,2024-08-27,,
DreadPoor/UNTESTED-VENN_1.2-8B-Model_Stock,False,unmatched,,False,False,missing,other,missing,2024-12-27,,
DreadPoor/VENN_1.2-8B-Model_Stock,False,unmatched,,False,False,missing,other,missing,2024-12-28,,
DreadPoor/WIP-Acacia-8B-Model_Stock,False,unmatched,,False,False,missing,other,missing,2024-11-28,,
DreadPoor/WIP_Damascus-8B-TIES,False,unmatched,,False,False,missing,other,missing,2024-10-29,,
DreadPoor/Wannabe-8B-Model_Stock,False,unmatched,,False,False,missing,other,missing,2025-01-28,,
DreadPoor/What_A_Thrill-8B-Model_Stock,False,unmatched,,False,False,missing,other,missing,2025-01-16,,
DreadPoor/Winter-8B-SCE,False,unmatched,,False,False,missing,other,missing,2025-02-02,,
DreadPoor/Winter_Dawn-8B-TIES,False,unmatched,,False,False,missing,other,missing,2025-02-01,,
DreadPoor/Winter_Dusk-8B-TIES,False,unmatched,,False,False,missing,other,missing,2025-02-01,,
DreadPoor/Winter_Night-8B-Model_Stock,False,unmatched,,False,False,missing,other,missing,2025-02-07,,
DreadPoor/Yafune-8B-Model_Stock,False,unmatched,,False,False,missing,other,missing,2025-02-12,,
DreadPoor/Yearn_V3-8B-Model_Stock,False,unmatched,,False,False,missing,other,missing,2025-01-25,,
DreadPoor/ZEUS-8B-V17-Abliterated_ALT,False,unmatched,,False,False,missing,other,missing,2025-01-18,,
DreadPoor/Zelus-8B-Model_Stock,False,unmatched,,False,False,permissive,other,missing,2025-01-15,,
DreadPoor/Zelus_V2-8B-Model_Stock,False,unmatched,,False,False,missing,other,missing,2025-01-15,,
DreadPoor/felix_dies-mistral-7B-model_stock,False,unmatched,,False,False,missing,other,missing,2024-09-30,,
DreadPoor/hakuchido-8B-MODEL_STOCK,False,unmatched,,False,False,missing,other,missing,2025-02-27,,
DreadPoor/ichor-8B-Model_Stock,False,unmatched,,False,False,missing,other,missing,2025-03-03,,
DreadPoor/ichor_1.1-8B-Model_Stock,False,unmatched,,False,False,missing,other,missing,2025-03-06,,
DreadPoor/inexpertus-8B-Model_Stock,False,unmatched,,False,False,missing,other,missing,2025-03-07,,
DreadPoor/inexpertus_1.1-8B-LINEAR,False,unmatched,,False,False,missing,other,missing,2025-03-07,,
DreadPoor/inexpertus_1.2-8B-LINEAR,False,unmatched,,False,False,missing,other,missing,2025-03-08,,
DreadPoor/mergekit-nuslerp-nqzkedi,False,unmatched,,False,False,missing,other,missing,2025-01-29,,
DreadPoor/remember_to_breathe-8b-Model-Stock,False,unmatched,,False,False,missing,other,missing,2024-12-06,,
DreadPoor/test,False,unmatched,,False,False,missing,other,missing,2025-01-28,,
DreadPoor/test_ALT,False,unmatched,,False,False,missing,other,missing,2025-01-28,,
DreadPoor/tests_pending-do_not_use_yet,False,unmatched,,False,False,missing,other,missing,2025-02-04,,
ECE-ILAB-PRYMMAL/ILAB-Merging-3B-V2,False,unmatched,,False,False,permissive,other,missing,2025-03-09,,
EVA-UNIT-01/EVA-Qwen2.5-14B-v0.2,False,unmatched,,False,False,permissive,chat_finetuned,missing,2024-12-26,,
EVA-UNIT-01/EVA-Qwen2.5-72B-v0.2,False,unmatched,,False,False,unclear,chat_finetuned,missing,2024-11-27,,
Edgerunners/meta-llama-3-8b-instruct-hf-ortho-baukit-34fail-3000total-bf16,False,unmatched,,False,False,research-only,chat_finetuned,missing,2025-01-30,,
EleutherAI/gpt-j-6b,False,normalized_exact_owner_mismatch,,False,False,permissive,pretrained,missing,2024-08-19,,
EleutherAI/gpt-neo-1.3B,False,normalized_exact_owner_mismatch,,False,False,permissive,pretrained,missing,2024-06-12,,
EleutherAI/gpt-neo-125m,False,normalized_exact_owner_mismatch,,False,False,permissive,pretrained,missing,2024-08-10,,
EleutherAI/gpt-neo-2.7B,True,normalized_exact_owner,Yes,True,True,permissive,pretrained,reported,2024-06-12,2021-03-21,1179.0
EleutherAI/gpt-neox-20b,False,normalized_exact_owner_mismatch,,False,False,permissive,pretrained,missing,2024-06-09,,
EleutherAI/pythia-1.4b,False,normalized_exact_owner_mismatch,,False,False,permissive,pretrained,missing,2025-01-28,,
EleutherAI/pythia-12b,False,normalized_exact_owner_mismatch,,False,False,permissive,pretrained,missing,2024-06-12,,
EleutherAI/pythia-160m,False,normalized_exact_owner_mismatch,,False,False,permissive,pretrained,missing,2024-06-09,,
EleutherAI/pythia-1b,False,normalized_exact_owner_mismatch,,False,False,permissive,pretrained,missing,2025-01-27,,
EleutherAI/pythia-2.8b,False,normalized_exact_owner_mismatch,,False,False,permissive,pretrained,missing,2024-06-12,,
EleutherAI/pythia-410m,False,normalized_exact_owner_mismatch,,False,False,permissive,pretrained,missing,2024-06-09,,
EleutherAI/pythia-6.9b,False,normalized_exact_owner_mismatch,,False,False,permissive,pretrained,missing,2024-06-12,,
Enno-Ai/EnnoAi-Pro-French-Llama-3-8B-v0.4,False,unmatched,,False,False,custom,chat_finetuned,missing,2024-06-30,,
Enno-Ai/EnnoAi-Pro-Llama-3-8B,False,unmatched,,False,False,custom,chat_finetuned,missing,2024-07-08,,
Enno-Ai/EnnoAi-Pro-Llama-3-8B-v0.3,False,unmatched,,False,False,custom,chat_finetuned,missing,2024-06-26,,
Enno-Ai/EnnoAi-Pro-Llama-3.1-8B-v0.9,False,unmatched,,False,False,permissive,chat_finetuned,missing,2024-09-06,,
EnnoAi/EnnoAi-7B-French-Instruct-202502,False,unmatched,,False,False,permissive,chat_finetuned,missing,2025-02-11,,
EnnoAi/EnnoAi-Pro-Llama-3.1-8B-v1.0,False,unmatched,,False,False,permissive,chat_finetuned,missing,2024-09-06,,
Epiculous/Azure_Dusk-v0.2,False,unmatched,,False,False,permissive,chat_finetuned,missing,2024-09-14,,
Epiculous/Crimson_Dawn-v0.2,False,unmatched,,False,False,permissive,chat_finetuned,missing,2024-09-05,,
Epiculous/NovaSpark,False,unmatched,,False,False,permissive,chat_finetuned,missing,2024-10-20,,
Epiculous/Violet_Twilight-v0.2,False,unmatched,,False,False,permissive,other,missing,2024-09-16,,
EpistemeAI/Alpaca-Llama3.1-8B,False,unmatched,,False,False,permissive,chat_finetuned,missing,2024-08-13,,
EpistemeAI/Athena-gemma-2-2b-it,False,unmatched,,False,False,permissive,chat_finetuned,missing,2024-09-06,,
EpistemeAI/Athena-gemma-2-2b-it-Philos,False,unmatched,,False,False,permissive,chat_finetuned,missing,2024-09-05,,
EpistemeAI/Athene-codegemma-2-7b-it-alpaca-v1.3,False,unmatched,,False,False,permissive,chat_finetuned,missing,2024-09-06,,
EpistemeAI/DeepPhi-3.5-mini-instruct,False,unmatched,,False,False,permissive,chat_finetuned,missing,2025-02-28,,
EpistemeAI/DeepThinkers-Phi4,False,unmatched,,False,False,permissive,chat_finetuned,missing,2025-03-01,,
EpistemeAI/FineLlama3.1-8B-Instruct,False,unmatched,,False,False,missing,chat_finetuned,missing,2024-08-10,,
EpistemeAI/Fireball-12B,False,unmatched,,False,False,permissive,chat_finetuned,missing,2024-08-21,,
EpistemeAI/Fireball-12B-v1.13a-philosophers,False,unmatched,,False,False,permissive,chat_finetuned,missing,2024-09-03,,
EpistemeAI/Fireball-Alpaca-Llama-3.1-8B-Philos-DPO-200,False,unmatched,,False,False,permissive,chat_finetuned,missing,2024-09-16,,
EpistemeAI/Fireball-Alpaca-Llama3.1.07-8B-Philos-Math-KTO-beta,False,unmatched,,False,False,permissive,chat_finetuned,missing,2024-09-14,,
EpistemeAI/Fireball-Alpaca-Llama3.1.08-8B-Philos-C-R2,False,unmatched,,False,False,permissive,chat_finetuned,missing,2024-09-14,,
EpistemeAI/Fireball-Meta-Llama-3.1-8B-Instruct-0.001-128K-auto,False,unmatched,,False,False,permissive,chat_finetuned,missing,2024-11-15,,
EpistemeAI/Fireball-Meta-Llama-3.1-8B-Instruct-Agent-0.003-128K,False,unmatched,,False,False,permissive,chat_finetuned,missing,2024-10-05,,
EpistemeAI/Fireball-Meta-Llama-3.1-8B-Instruct-Agent-0.003-128K-code,False,unmatched,,False,False,permissive,chat_finetuned,missing,2024-10-05,,
EpistemeAI/Fireball-Meta-Llama-3.1-8B-Instruct-Agent-0.003-128K-code-ds,False,unmatched,,False,False,custom,chat_finetuned,missing,2024-10-15,,
EpistemeAI/Fireball-Meta-Llama-3.1-8B-Instruct-Agent-0.003-128K-code-ds-auto,False,unmatched,,False,False,permissive,chat_finetuned,missing,2024-10-29,,
EpistemeAI/Fireball-Meta-Llama-3.1-8B-Instruct-Agent-0.003-128K-code-ds-auto,False,unmatched,,False,False,permissive,chat_finetuned,missing,2024-11-27,,
EpistemeAI/Fireball-Meta-Llama-3.1-8B-Instruct-Agent-0.004-128K-code-COT,False,unmatched,,False,False,permissive,chat_finetuned,missing,2024-10-11,,
EpistemeAI/Fireball-Meta-Llama-3.1-8B-Instruct-Agent-0.004-128K-code-ds-auto,False,unmatched,,False,False,permissive,chat_finetuned,missing,2024-11-14,,
EpistemeAI/Fireball-Meta-Llama-3.1-8B-Instruct-Math,False,unmatched,,False,False,permissive,chat_finetuned,missing,2024-09-23,,
EpistemeAI/Fireball-Meta-Llama-3.2-8B-Instruct-agent-003-128k-code-DPO,False,unmatched,,False,False,permissive,chat_finetuned,missing,2024-10-09,,
EpistemeAI/Fireball-Mistral-Nemo-Base-2407-v1-DPO2,False,unmatched,,False,False,permissive,chat_finetuned,missing,2024-08-19,,
EpistemeAI/Fireball-R1-Llama-3.1-8B,False,unmatched,,False,False,custom,chat_finetuned,missing,2025-02-12,,
EpistemeAI/Fireball-R1-Llama-3.1-8B-Medical-COT,False,unmatched,,False,False,permissive,chat_finetuned,missing,2025-02-28,,
EpistemeAI/Fireball-R1.1-Llama-3.1-8B,False,unmatched,,False,False,custom,chat_finetuned,missing,2025-03-02,,
EpistemeAI/Llama-3.2-3B-Agent007-Coder,False,unmatched,,False,False,permissive,chat_finetuned,missing,2024-10-08,,
EpistemeAI/Mistral-Nemo-Instruct-12B-Philosophy-Math,False,unmatched,,False,False,permissive,chat_finetuned,missing,2024-09-26,,
EpistemeAI/OpenReasoner-Llama-3.2-3B-rs1.0,False,unmatched,,False,False,custom,chat_finetuned,missing,2025-02-15,,
EpistemeAI/Polypsyche-Llama-3.1-8B-Instruct-Agent-0.003-128K-code-ds-auto-Empathy,False,unmatched,,False,False,permissive,chat_finetuned,missing,2024-12-13,,
EpistemeAI/Polypsyche-Llama-3.1-8B-Instruct-Agent-0.003-128K-code-ds-auto-Logic,False,unmatched,,False,False,permissive,chat_finetuned,missing,2024-12-20,,
EpistemeAI/Polypsyche-Llama-3.1-8B-Instruct-Agent-0.003-128K-code-ds-auto-divergent,False,unmatched,,False,False,permissive,chat_finetuned,missing,2024-12-20,,
EpistemeAI/Reasoning-Llama-3.1-CoT-RE1-NMT,False,unmatched,,False,False,permissive,chat_finetuned,missing,2025-01-29,,
EpistemeAI/Reasoning-Llama-3.1-CoT-RE1-NMT-V2-ORPO,False,unmatched,,False,False,permissive,chat_finetuned,missing,2025-01-31,,
EpistemeAI/Reasoning-Llama-3.2-1B-Instruct-v1.2,False,unmatched,,False,False,permissive,chat_finetuned,missing,2025-02-04,,
EpistemeAI/Reasoning-Llama-3.2-1B-Instruct-v1.3,False,unmatched,,False,False,permissive,chat_finetuned,missing,2025-02-05,,
EpistemeAI/Reasoning-Llama-3.2-3B-Math-Instruct-RE1,False,unmatched,,False,False,missing,chat_finetuned,missing,2025-02-04,,
EpistemeAI/Reasoning-Llama-3.2-3B-Math-Instruct-RE1-ORPO,False,unmatched,,False,False,permissive,chat_finetuned,missing,2025-02-04,,
EpistemeAI/ReasoningCore-1.0-3B-Instruct-r01-Reflect-Math,False,unmatched,,False,False,custom,chat_finetuned,missing,2025-03-08,,
EpistemeAI/ReasoningCore-3B-0,False,unmatched,,False,False,custom,chat_finetuned,missing,2025-02-07,,
EpistemeAI/ReasoningCore-3B-Instruct-r01-Reflect,False,unmatched,,False,False,custom,chat_finetuned,missing,2025-02-28,,
EpistemeAI/ReasoningCore-3B-R01,False,unmatched,,False,False,permissive,chat_finetuned,missing,2025-02-08,,
EpistemeAI/ReasoningCore-3B-RE1-V2,False,unmatched,,False,False,custom,chat_finetuned,missing,2025-02-19,,
EpistemeAI/ReasoningCore-3B-RE1-V2A,False,unmatched,,False,False,custom,chat_finetuned,missing,2025-02-25,,
EpistemeAI/ReasoningCore-3B-RE1-V2B,False,unmatched,,False,False,custom,chat_finetuned,missing,2025-02-25,,
EpistemeAI/ReasoningCore-3B-RE1-V2C,False,unmatched,,False,False,custom,chat_finetuned,missing,2025-02-27,,
EpistemeAI/ReasoningCore-3B-T1-V1,False,unmatched,,False,False,custom,chat_finetuned,missing,2025-02-11,,
EpistemeAI/ReasoningCore-3B-T1_1,False,unmatched,,False,False,permissive,chat_finetuned,missing,2025-02-06,,
EpistemeAI2/Athene-codegemma-2-7b-it-alpaca-v1.2,False,unmatched,,False,False,permissive,chat_finetuned,missing,2024-08-26,,
EpistemeAI2/Fireball-12B-v1.2,False,unmatched,,False,False,permissive,chat_finetuned,missing,2024-08-28,,
EpistemeAI2/Fireball-Alpaca-Llama3.1-8B-Philos,False,unmatched,,False,False,permissive,chat_finetuned,missing,2024-08-29,,
EpistemeAI2/Fireball-Alpaca-Llama3.1.01-8B-Philos,False,unmatched,,False,False,permissive,chat_finetuned,missing,2024-09-03,,
EpistemeAI2/Fireball-Alpaca-Llama3.1.03-8B-Philos,False,unmatched,,False,False,permissive,chat_finetuned,missing,2024-09-04,,
EpistemeAI2/Fireball-Alpaca-Llama3.1.04-8B-Philos,False,unmatched,,False,False,permissive,chat_finetuned,missing,2024-09-05,,
EpistemeAI2/Fireball-Alpaca-Llama3.1.06-8B-Philos-dpo,False,unmatched,,False,False,permissive,chat_finetuned,missing,2024-09-09,,
EpistemeAI2/Fireball-Alpaca-Llama3.1.07-8B-Philos-Math,False,unmatched,,False,False,permissive,chat_finetuned,missing,2024-09-10,,
EpistemeAI2/Fireball-Alpaca-Llama3.1.08-8B-C-R1-KTO-Reflection,False,unmatched,,False,False,permissive,chat_finetuned,missing,2024-09-16,,
EpistemeAI2/Fireball-Alpaca-Llama3.1.08-8B-Philos-C-R1,False,unmatched,,False,False,permissive,chat_finetuned,missing,2024-09-13,,
EpistemeAI2/Fireball-Llama-3.1-8B-Philos-Reflection,False,unmatched,,False,False,permissive,chat_finetuned,missing,2024-09-17,,
EpistemeAI2/Fireball-MathMistral-Nemo-Base-2407-v2dpo,False,unmatched,,False,False,permissive,chat_finetuned,missing,2024-08-24,,
EpistemeAI2/Fireball-Meta-Llama-3.1-8B-Instruct-Agent-0.003-128K-code-math,False,unmatched,,False,False,permissive,chat_finetuned,missing,2024-10-12,,
EpistemeAI2/Fireball-Meta-Llama-3.1-8B-Instruct-Agent-0.005-128K-code-COT,False,unmatched,,False,False,permissive,chat_finetuned,missing,2024-10-11,,
EpistemeAI2/Fireball-Phi-3-medium-4k-inst-Philos,False,unmatched,,False,False,permissive,chat_finetuned,missing,2024-09-20,,
Eric111/CatunaMayo,False,unmatched,,False,False,permissive,chat_finetuned,missing,2024-07-03,,
Eric111/CatunaMayo-DPO,False,unmatched,,False,False,permissive,chat_finetuned,missing,2024-06-27,,
Etherll/Chocolatine-3B-Instruct-DPO-Revised-Ties,False,unmatched,,False,False,missing,chat_finetuned,missing,2024-10-28,,
Etherll/Chocolatine-3B-Instruct-DPO-Revised-Ties-v2,False,unmatched,,False,False,missing,chat_finetuned,missing,2024-10-29,,
Etherll/Herplete-LLM-Llama-3.1-8b,False,unmatched,,False,False,missing,chat_finetuned,missing,2024-08-29,,
Etherll/Herplete-LLM-Llama-3.1-8b,False,unmatched,,False,False,missing,chat_finetuned,missing,2024-10-18,,
Etherll/Herplete-LLM-Llama-3.1-8b-Ties,False,unmatched,,False,False,missing,chat_finetuned,missing,2024-10-17,,
Etherll/Qwen2.5-7B-della-test,False,unmatched,,False,False,missing,other,missing,2024-11-14,,
Etherll/Qwen2.5-Coder-7B-Instruct-Ties,False,unmatched,,False,False,missing,chat_finetuned,missing,2024-10-28,,
Etherll/Replete-LLM-V3-Llama-3.1-8b,False,unmatched,,False,False,missing,chat_finetuned,missing,2024-08-26,,
Etherll/SuperHermes,False,unmatched,,False,False,missing,chat_finetuned,missing,2024-10-27,,
Eurdem/Defne-llama3.1-8B,False,unmatched,,False,False,custom,chat_finetuned,missing,2024-08-14,,
FINGU-AI/Chocolatine-Fusion-14B,False,unmatched,,False,False,permissive,other,missing,2025-02-02,,
FINGU-AI/L3-8B,False,unmatched,,False,False,custom,other,missing,2025-01-18,,
FINGU-AI/Phi-4-RRStock,False,unmatched,,False,False,permissive,other,missing,2025-02-05,,
FINGU-AI/Q-Small-3B,False,unmatched,,False,False,permissive,other,missing,2025-01-21,,
FINGU-AI/QwQ-Buddy-32B-Alpha,False,unmatched,,False,False,permissive,other,missing,2025-02-05,,
FINGU-AI/RomboUltima-32B,False,unmatched,,False,False,permissive,other,missing,2025-02-02,,
FINGU-AI/Ultimos-32B,False,unmatched,,False,False,permissive,other,missing,2025-02-10,,
FallenMerick/Chewy-Lemon-Cookie-11B,False,unmatched,,False,False,custom,other,missing,2024-06-27,,
Felladrin/Llama-160M-Chat-v1,False,unmatched,,False,False,permissive,chat_finetuned,missing,2024-07-23,,
Felladrin/Minueza-32M-UltraChat,False,unmatched,,False,False,permissive,chat_finetuned,missing,2024-07-23,,
FlofloB/100k_fineweb_continued_pretraining_Qwen2.5-0.5B-Instruct_Unsloth_merged_16bit,False,unmatched,,False,False,permissive,pretrained,missing,2024-11-29,,
FlofloB/10k_continued_pretraining_Phi-3-mini-4k-instruct_Unsloth_merged_16bit,False,unmatched,,False,False,permissive,pretrained,missing,2024-11-22,,
FlofloB/10k_continued_pretraining_Qwen2.5-0.5B-Instruct_Unsloth_merged_16bit,False,unmatched,,False,False,permissive,pretrained,missing,2024-11-25,,
FlofloB/40k_continued_pretraining_Qwen2.5-0.5B-Instruct_Unsloth_merged_16bit,False,unmatched,,False,False,permissive,pretrained,missing,2024-11-25,,
FlofloB/83k_continued_pretraining_Qwen2.5-0.5B-Instruct_Unsloth_merged_16bit,False,unmatched,,False,False,permissive,pretrained,missing,2024-11-26,,
FlofloB/smollm2-135M_pretrained_1000k_fineweb,False,unmatched,,False,False,permissive,pretrained,missing,2025-01-14,,
FlofloB/smollm2-135M_pretrained_1000k_fineweb_uncovai_human_removed,False,unmatched,,False,False,permissive,pretrained,missing,2025-01-27,,
FlofloB/smollm2-135M_pretrained_1000k_fineweb_uncovai_selected,False,unmatched,,False,False,permissive,pretrained,missing,2025-01-12,,
FlofloB/smollm2-135M_pretrained_1200k_fineweb,False,unmatched,,False,False,permissive,pretrained,missing,2025-01-12,,
FlofloB/smollm2-135M_pretrained_1200k_fineweb_uncovai_human_removed,False,unmatched,,False,False,permissive,pretrained,missing,2025-01-27,,
FlofloB/smollm2-135M_pretrained_1200k_fineweb_uncovai_selected,False,unmatched,,False,False,permissive,pretrained,missing,2025-01-14,,
FlofloB/smollm2-135M_pretrained_1400k_fineweb,False,unmatched,,False,False,permissive,pretrained,missing,2025-01-13,,
FlofloB/smollm2-135M_pretrained_1400k_fineweb_uncovai_human_removed,False,unmatched,,False,False,permissive,pretrained,missing,2025-01-28,,
FlofloB/smollm2-135M_pretrained_1400k_fineweb_uncovai_selected,False,unmatched,,False,False,permissive,pretrained,missing,2025-01-13,,
FlofloB/smollm2-135M_pretrained_200k_fineweb_uncovai_human_removed,False,unmatched,,False,False,permissive,pretrained,missing,2025-01-17,,
FlofloB/smollm2-135M_pretrained_200k_fineweb_uncovai_selected,False,unmatched,,False,False,permissive,pretrained,missing,2025-01-08,,
FlofloB/smollm2-135M_pretrained_400k_fineweb,False,unmatched,,False,False,permissive,pretrained,missing,2025-01-10,,
FlofloB/smollm2-135M_pretrained_400k_fineweb_uncovai_human_removed,False,unmatched,,False,False,permissive,pretrained,missing,2025-01-18,,
FlofloB/smollm2-135M_pretrained_400k_fineweb_uncovai_selected,False,unmatched,,False,False,permissive,pretrained,missing,2025-01-09,,
FlofloB/smollm2-135M_pretrained_600k_fineweb,False,unmatched,,False,False,permissive,pretrained,missing,2025-01-11,,
FlofloB/smollm2-135M_pretrained_600k_fineweb_uncovai_human_removed,False,unmatched,,False,False,permissive,pretrained,missing,2025-01-19,,
FlofloB/smollm2-135M_pretrained_600k_fineweb_uncovai_selected,False,unmatched,,False,False,permissive,pretrained,missing,2025-01-09,,
FlofloB/smollm2-135M_pretrained_800k_fineweb,False,unmatched,,False,False,permissive,pretrained,missing,2025-01-14,,
FlofloB/smollm2-135M_pretrained_800k_fineweb_uncovai_human_removed,False,unmatched,,False,False,permissive,pretrained,missing,2025-01-19,,
FlofloB/smollm2-135M_pretrained_800k_fineweb_uncovai_selected,False,unmatched,,False,False,permissive,pretrained,missing,2025-01-14,,
FlofloB/smollm2_pretrained_200k_fineweb,False,unmatched,,False,False,permissive,pretrained,missing,2025-01-08,,
FlofloB/test_continued_pretraining_Phi-3-mini-4k-instruct_Unsloth_merged_16bit,False,unmatched,,False,False,permissive,pretrained,missing,2024-11-21,,
FuJhen/ft-openhermes-25-mistral-7b-irca-dpo-pairs,False,unmatched,,False,False,permissive,chat_finetuned,missing,2024-09-12,,
FuJhen/mistral-instruct-7B-DPO,False,unmatched,,False,False,permissive,chat_finetuned,missing,2024-09-12,,
FuJhen/mistral_7b_v0.1_structedData_e2e,False,unmatched,,False,False,permissive,chat_finetuned,missing,2024-09-13,,
FuJhen/mistral_7b_v0.1_structedData_viggo,False,unmatched,,False,False,permissive,chat_finetuned,missing,2024-09-13,,
FuseAI/FuseChat-7B-v2.0,False,unmatched,,False,False,permissive,chat_finetuned,missing,2024-11-21,,
FuseAI/FuseChat-Llama-3.1-8B-Instruct,False,unmatched,,False,False,permissive,chat_finetuned,missing,2025-01-07,,
FuseAI/FuseChat-Llama-3.2-3B-Instruct,False,unmatched,,False,False,missing,chat_finetuned,missing,2025-02-08,,
FuseAI/FuseChat-Qwen-2.5-7B-Instruct,False,unmatched,,False,False,missing,chat_finetuned,missing,2024-12-21,,
GalrionSoftworks/MN-LooseCannon-12B-v1,False,unmatched,,False,False,missing,other,missing,2024-09-05,,
GalrionSoftworks/MagnusIntellectus-12B-v1,False,unmatched,,False,False,permissive,other,missing,2024-09-05,,
GenVRadmin/AryaBhatta-GemmaOrca-2-Merged,False,unmatched,,False,False,permissive,chat_finetuned,missing,2025-02-06,,
GenVRadmin/AryaBhatta-GemmaOrca-Merged,False,unmatched,,False,False,permissive,chat_finetuned,missing,2025-02-06,,
GenVRadmin/AryaBhatta-GemmaUltra-Merged,False,unmatched,,False,False,permissive,chat_finetuned,missing,2025-02-06,,
GenVRadmin/llama38bGenZ_Vikas-Merged,False,unmatched,,False,False,permissive,chat_finetuned,missing,2025-02-06,,
GoToCompany/gemma2-9b-cpt-sahabatai-v1-instruct,False,unmatched,,False,False,custom,chat_finetuned,missing,2024-11-20,,
GoToCompany/llama3-8b-cpt-sahabatai-v1-instruct,False,unmatched,,False,False,custom,chat_finetuned,missing,2024-11-20,,
Goekdeniz-Guelmez/Josiefied-Qwen2.5-0.5B-Instruct-abliterated-v1,False,unmatched,,False,False,permissive,chat_finetuned,missing,2024-11-18,,
Goekdeniz-Guelmez/Josiefied-Qwen2.5-0.5B-Instruct-abliterated-v1,False,unmatched,,False,False,permissive,chat_finetuned,missing,2024-11-18,,
Goekdeniz-Guelmez/Josiefied-Qwen2.5-1.5B-Instruct-abliterated-v1,False,unmatched,,False,False,permissive,chat_finetuned,missing,2024-09-28,,
Goekdeniz-Guelmez/Josiefied-Qwen2.5-1.5B-Instruct-abliterated-v2,False,unmatched,,False,False,permissive,chat_finetuned,missing,2024-09-28,,
Goekdeniz-Guelmez/Josiefied-Qwen2.5-1.5B-Instruct-abliterated-v3,False,unmatched,,False,False,permissive,chat_finetuned,missing,2024-09-28,,
Goekdeniz-Guelmez/Josiefied-Qwen2.5-14B-Instruct-abliterated-v4,False,unmatched,,False,False,permissive,chat_finetuned,missing,2024-10-23,,
Goekdeniz-Guelmez/Josiefied-Qwen2.5-7B-Instruct-abliterated-v2,False,unmatched,,False,False,permissive,chat_finetuned,missing,2024-10-08,,
Goekdeniz-Guelmez/j.o.s.i.e.v4o-1.5b-dpo-stage1-v1,False,unmatched,,False,False,permissive,chat_finetuned,missing,2024-10-08,,
Goekdeniz-Guelmez/josie-3b-v6.0,False,unmatched,,False,False,permissive,chat_finetuned,missing,2025-01-07,,
Goekdeniz-Guelmez/josie-7b-v6.0,False,unmatched,,False,False,permissive,chat_finetuned,missing,2025-01-07,,
Goekdeniz-Guelmez/josie-7b-v6.0-step2000,False,unmatched,,False,False,permissive,chat_finetuned,missing,2024-12-11,,
Goekdeniz-Guelmez/josie-7b-v6.0-step2000,False,unmatched,,False,False,permissive,chat_finetuned,missing,2024-12-11,,
GreenNode/GreenNode-small-9B-it,False,unmatched,,False,False,missing,pretrained,missing,2024-10-14,,
GritLM/GritLM-7B-KTO,False,unmatched,,False,False,permissive,chat_finetuned,missing,2024-08-04,,
GritLM/GritLM-8x7B-KTO,False,unmatched,,False,False,permissive,chat_finetuned,missing,2024-08-04,,
Groq/Llama-3-Groq-8B-Tool-Use,False,unmatched,,False,False,custom,chat_finetuned,missing,2025-01-01,,
Gryphe/Pantheon-RP-1.0-8b-Llama-3,False,unmatched,,False,False,permissive,chat_finetuned,missing,2024-06-27,,
Gryphe/Pantheon-RP-1.5-12b-Nemo,False,unmatched,,False,False,permissive,chat_finetuned,missing,2024-08-04,,
Gryphe/Pantheon-RP-1.6-12b-Nemo,False,unmatched,,False,False,permissive,chat_finetuned,missing,2024-08-31,,
Gryphe/Pantheon-RP-1.6-12b-Nemo-KTO,False,unmatched,,False,False,permissive,chat_finetuned,missing,2024-08-31,,
Gryphe/Pantheon-RP-Pure-1.6.2-22b-Small,False,unmatched,,False,False,unclear,chat_finetuned,missing,2024-10-15,,
GuilhermeNaturaUmana/Nature-Reason-1.2-reallysmall,False,unmatched,,False,False,missing,chat_finetuned,missing,2025-03-01,,
GuilhermeNaturaUmana/Nature-Reason-1.2-reallysmall,False,unmatched,,False,False,missing,chat_finetuned,missing,2025-03-01,,
Gunulhona/Gemma-Ko-Merge,False,unmatched,,False,False,missing,chat_finetuned,missing,2024-10-23,,
Gunulhona/Gemma-Ko-Merge-PEFT,False,unmatched,,False,False,missing,chat_finetuned,missing,2024-10-17,,
Gunulhona/Gemma-Ko-Merge-PEFT,False,unmatched,,False,False,missing,chat_finetuned,missing,2024-10-23,,
HPAI-BSC/Llama3-Aloe-8B-Alpha,False,unmatched,,False,False,research-only,chat_finetuned,missing,2024-10-29,,
HPAI-BSC/Llama3.1-Aloe-Beta-8B,False,unmatched,,False,False,custom,chat_finetuned,missing,2024-11-07,,
HPAI-BSC/Qwen2.5-Aloe-Beta-7B,False,unmatched,,False,False,permissive,chat_finetuned,missing,2024-12-17,,
HarbingerX/Zeitgeist-3b-V1,False,unmatched,,False,False,missing,chat_finetuned,missing,2025-02-17,,
HarbingerX/Zeitgeist-3b-V1.2,False,unmatched,,False,False,missing,chat_finetuned,missing,2025-02-26,,
Hastagaras/L3.2-JametMini-3B-MK.III,False,unmatched,,False,False,custom,chat_finetuned,missing,2025-02-26,,
Hastagaras/Llama-3.1-Jamet-8B-MK.I,False,unmatched,,False,False,custom,chat_finetuned,missing,2024-11-18,,
Hastagaras/Zabuza-8B-Llama-3.1,False,unmatched,,False,False,custom,other,missing,2024-11-05,,
HelpingAI/Cipher-20B,False,unmatched,,False,False,unclear,chat_finetuned,missing,2024-12-14,,
HelpingAI/Dhanishtha-Large,False,unmatched,,False,False,permissive,chat_finetuned,missing,2025-02-27,,
HelpingAI/Priya-10B,False,unmatched,,False,False,unclear,pretrained,missing,2024-12-18,,
HelpingAI/Priya-3B,False,unmatched,,False,False,unclear,pretrained,missing,2024-12-14,,
HeraiHench/DeepSeek-R1-Qwen-Coder-8B,False,unmatched,,False,False,missing,other,missing,2025-01-29,,
HeraiHench/Double-Down-Qwen-Math-7B,False,unmatched,,False,False,missing,other,missing,2025-01-30,,
HeraiHench/Marge-Qwen-Math-7B,False,unmatched,,False,False,missing,other,missing,2025-01-30,,
HeraiHench/Phi-4-slerp-ReasoningRP-14B,False,unmatched,,False,False,missing,other,missing,2025-01-29,,
HiroseKoichi/Llama-Salad-4x8B-V3,False,unmatched,,False,False,custom,other,missing,2024-06-26,,
HoangHa/Pensez-Llama3.1-8B,False,unmatched,,False,False,custom,chat_finetuned,missing,2025-02-19,,
HuggingFaceH4/zephyr-7b-alpha,False,unmatched,,False,False,permissive,chat_finetuned,missing,2024-06-12,,
HuggingFaceH4/zephyr-7b-beta,False,unmatched,,False,False,permissive,chat_finetuned,missing,2024-06-12,,
HuggingFaceH4/zephyr-7b-gemma-v0.1,False,unmatched,,False,False,unclear,chat_finetuned,missing,2024-06-12,,
HuggingFaceH4/zephyr-orpo-141b-A35b-v0.1,False,unmatched,,False,False,permissive,chat_finetuned,missing,2024-06-12,,
HuggingFaceTB/SmolLM-1.7B,True,normalized_exact_owner,Yes,True,True,permissive,pretrained,reported,2024-07-18,2024-07-16,2.0
HuggingFaceTB/SmolLM-1.7B-Instruct,False,unmatched,,False,False,permissive,chat_finetuned,missing,2024-07-18,,
HuggingFaceTB/SmolLM-135M,False,unmatched,,False,False,permissive,pretrained,missing,2024-07-18,,
HuggingFaceTB/SmolLM-135M-Instruct,False,unmatched,,False,False,permissive,chat_finetuned,missing,2024-10-12,,
HuggingFaceTB/SmolLM-360M,False,unmatched,,False,False,permissive,pretrained,missing,2024-07-18,,
HuggingFaceTB/SmolLM-360M-Instruct,False,unmatched,,False,False,permissive,chat_finetuned,missing,2024-08-20,,
HuggingFaceTB/SmolLM2-1.7B,False,unmatched,,False,False,permissive,pretrained,missing,2024-11-06,,
HuggingFaceTB/SmolLM2-1.7B-Instruct,False,unmatched,,False,False,permissive,chat_finetuned,missing,2024-11-06,,
HuggingFaceTB/SmolLM2-135M,False,unmatched,,False,False,permissive,pretrained,missing,2024-11-06,,
HuggingFaceTB/SmolLM2-135M-Instruct,False,unmatched,,False,False,permissive,chat_finetuned,missing,2024-11-06,,
HuggingFaceTB/SmolLM2-135M-Instruct,False,unmatched,,False,False,permissive,chat_finetuned,missing,2024-11-14,,
HuggingFaceTB/SmolLM2-360M,False,unmatched,,False,False,permissive,pretrained,missing,2024-11-06,,
HuggingFaceTB/SmolLM2-360M-Instruct,False,unmatched,,False,False,permissive,chat_finetuned,missing,2024-11-14,,
HuggingFaceTB/SmolLM2-360M-Instruct,False,unmatched,,False,False,permissive,chat_finetuned,missing,2024-11-06,,
HumanLLMs/Humanish-LLama3-8B-Instruct,False,unmatched,,False,False,custom,chat_finetuned,missing,2024-10-05,,
HumanLLMs/Humanish-Mistral-Nemo-Instruct-2407,False,unmatched,,False,False,permissive,chat_finetuned,missing,2024-10-06,,
HumanLLMs/Humanish-Qwen2.5-7B-Instruct,False,unmatched,,False,False,permissive,chat_finetuned,missing,2024-10-05,,
IDEA-CCNL/Ziya-LLaMA-13B-v1,False,unmatched,,False,False,custom,chat_finetuned,missing,2024-06-12,,
INSAIT-Institute/BgGPT-Gemma-2-27B-IT-v1.0,False,unmatched,,False,False,custom,pretrained,missing,2024-12-15,,
IlyaGusev/gemma-2-2b-it-abliterated,False,unmatched,,False,False,custom,chat_finetuned,missing,2025-01-07,,
IlyaGusev/gemma-2-9b-it-abliterated,False,unmatched,,False,False,custom,chat_finetuned,missing,2025-01-07,,
Infinirc/Infinirc-Llama3-8B-2G-Release-v1.0,False,unmatched,,False,False,custom,chat_finetuned,missing,2024-09-29,,
Intel/neural-chat-7b-v3,False,unmatched,,False,False,permissive,chat_finetuned,missing,2024-06-12,,
Intel/neural-chat-7b-v3-1,False,unmatched,,False,False,permissive,chat_finetuned,missing,2024-06-12,,
Intel/neural-chat-7b-v3-2,False,unmatched,,False,False,permissive,chat_finetuned,missing,2024-06-12,,
Intel/neural-chat-7b-v3-3,False,unmatched,,False,False,permissive,chat_finetuned,missing,2024-06-12,,
IntervitensInc/internlm2_5-20b-llamafied,False,unmatched,,False,False,permissive,pretrained,missing,2024-11-11,,
Invalid-Null/PeiYangMe-0.5,False,unmatched,,False,False,permissive,chat_finetuned,missing,2024-12-28,,
Invalid-Null/PeiYangMe-0.7,False,unmatched,,False,False,permissive,chat_finetuned,missing,2024-12-28,,
Isaak-Carter/JOSIEv4o-8b-stage1-v4,False,unmatched,,False,False,permissive,chat_finetuned,missing,2024-08-03,,
Isaak-Carter/JOSIEv4o-8b-stage1-v4,False,unmatched,,False,False,permissive,chat_finetuned,missing,2024-08-03,,
Isaak-Carter/Josiefied-Qwen2.5-7B-Instruct-abliterated,False,unmatched,,False,False,missing,chat_finetuned,missing,2024-09-21,,
Isaak-Carter/Josiefied-Qwen2.5-7B-Instruct-abliterated-v2,False,unmatched,,False,False,permissive,chat_finetuned,missing,2024-09-21,,
J-LAB/Thynk_orpo,False,unmatched,,False,False,missing,chat_finetuned,missing,2024-10-14,,
JackFram/llama-160m,False,unmatched,,False,False,permissive,pretrained,missing,2024-11-30,,
JackFram/llama-68m,False,unmatched,,False,False,permissive,pretrained,missing,2024-11-30,,
Jacoby746/Casual-Magnum-34B,False,unmatched,,False,False,permissive,chat_finetuned,missing,2024-10-23,,
Jacoby746/Inf-Silent-Kunoichi-v0.1-2x7B,False,unmatched,,False,False,permissive,other,missing,2024-09-20,,
Jacoby746/Inf-Silent-Kunoichi-v0.2-2x7B,False,unmatched,,False,False,permissive,other,missing,2024-09-21,,
Jacoby746/Proto-Athena-4x7B,False,unmatched,,False,False,permissive,other,missing,2024-09-21,,
Jacoby746/Proto-Athena-v0.2-4x7B,False,unmatched,,False,False,permissive,other,missing,2024-09-21,,
Jacoby746/Proto-Harpy-Blazing-Light-v0.1-2x7B,False,unmatched,,False,False,missing,other,missing,2024-09-30,,
Jacoby746/Proto-Harpy-Spark-v0.1-7B,False,unmatched,,False,False,permissive,other,missing,2024-09-30,,
JayHyeon/Qwen-0.5B-DPO-1epoch,False,unmatched,,False,False,permissive,chat_finetuned,missing,2024-12-26,,
JayHyeon/Qwen-0.5B-DPO-5epoch,False,unmatched,,False,False,permissive,chat_finetuned,missing,2024-12-26,,
JayHyeon/Qwen-0.5B-IRPO-1epoch,False,unmatched,,False,False,permissive,chat_finetuned,missing,2024-12-26,,
JayHyeon/Qwen-0.5B-IRPO-5epoch,False,unmatched,,False,False,permissive,chat_finetuned,missing,2024-12-26,,
JayHyeon/Qwen-0.5B-eDPO-1epoch,False,unmatched,,False,False,permissive,chat_finetuned,missing,2024-12-26,,
JayHyeon/Qwen-0.5B-eDPO-5epoch,False,unmatched,,False,False,permissive,chat_finetuned,missing,2024-12-26,,
JayHyeon/Qwen2.5-0.5B-Instruct-SFT,False,unmatched,,False,False,permissive,chat_finetuned,missing,2024-12-26,,
JayHyeon/Qwen2.5-0.5B-Instruct-SFT-DPO-1epoch_v1,False,unmatched,,False,False,permissive,chat_finetuned,missing,2024-12-26,,
JayHyeon/Qwen2.5-0.5B-Instruct-SFT-IRPO-1epoch_v1,False,unmatched,,False,False,permissive,chat_finetuned,missing,2024-12-26,,
JayHyeon/Qwen2.5-0.5B-Instruct-SFT-MDPO-1epoch_v1,False,unmatched,,False,False,permissive,chat_finetuned,missing,2024-12-26,,
JayHyeon/Qwen2.5-0.5B-SFT,False,unmatched,,False,False,permissive,chat_finetuned,missing,2024-12-27,,
JayHyeon/Qwen2.5-0.5B-SFT-1e-4,False,unmatched,,False,False,permissive,chat_finetuned,missing,2024-12-28,,
JayHyeon/Qwen2.5-0.5B-SFT-1e-4-2ep,False,unmatched,,False,False,missing,chat_finetuned,missing,2024-12-29,,
JayHyeon/Qwen2.5-0.5B-SFT-1e-4-3ep,False,unmatched,,False,False,permissive,chat_finetuned,missing,2024-12-29,,
JayHyeon/Qwen2.5-0.5B-SFT-1e-4-5ep,False,unmatched,,False,False,missing,chat_finetuned,missing,2024-12-29,,
JayHyeon/Qwen2.5-0.5B-SFT-1e-5,False,unmatched,,False,False,permissive,chat_finetuned,missing,2024-12-28,,
JayHyeon/Qwen2.5-0.5B-SFT-1e-5-2ep,False,unmatched,,False,False,missing,chat_finetuned,missing,2024-12-29,,
JayHyeon/Qwen2.5-0.5B-SFT-1e-5-3ep,False,unmatched,,False,False,permissive,chat_finetuned,missing,2024-12-29,,
JayHyeon/Qwen2.5-0.5B-SFT-1e-5-5ep,False,unmatched,,False,False,missing,chat_finetuned,missing,2024-12-29,,
JayHyeon/Qwen2.5-0.5B-SFT-2e-4,False,unmatched,,False,False,permissive,chat_finetuned,missing,2024-12-28,,
JayHyeon/Qwen2.5-0.5B-SFT-2e-4-2ep,False,unmatched,,False,False,missing,chat_finetuned,missing,2024-12-29,,
JayHyeon/Qwen2.5-0.5B-SFT-2e-4-3ep,False,unmatched,,False,False,permissive,chat_finetuned,missing,2024-12-29,,
JayHyeon/Qwen2.5-0.5B-SFT-2e-4-5ep,False,unmatched,,False,False,missing,chat_finetuned,missing,2024-12-29,,
JayHyeon/Qwen2.5-0.5B-SFT-2e-5,False,unmatched,,False,False,permissive,chat_finetuned,missing,2024-12-28,,
JayHyeon/Qwen2.5-0.5B-SFT-2e-5-2ep,False,unmatched,,False,False,missing,chat_finetuned,missing,2024-12-29,,
JayHyeon/Qwen2.5-0.5B-SFT-2e-5-2ep-DPOP_3e-7-3ep_0alp_5lam,False,unmatched,,False,False,missing,chat_finetuned,missing,2025-01-07,,
JayHyeon/Qwen2.5-0.5B-SFT-2e-5-2ep-DPOP_5e-6-1ep_0alp_5lam,False,unmatched,,False,False,missing,chat_finetuned,missing,2025-01-03,,
JayHyeon/Qwen2.5-0.5B-SFT-2e-5-2ep-DPOP_5e-6-2ep_0alp_5lam,False,unmatched,,False,False,missing,chat_finetuned,missing,2025-01-03,,
JayHyeon/Qwen2.5-0.5B-SFT-2e-5-2ep-DPOP_5e-6-3ep_0alp_5lam,False,unmatched,,False,False,missing,chat_finetuned,missing,2025-01-03,,
JayHyeon/Qwen2.5-0.5B-SFT-2e-5-2ep-DPOP_5e-7-1ep_0alp_5lam,False,unmatched,,False,False,missing,chat_finetuned,missing,2025-01-02,,
JayHyeon/Qwen2.5-0.5B-SFT-2e-5-2ep-DPOP_5e-7-2ep_0alp_5lam,False,unmatched,,False,False,missing,chat_finetuned,missing,2025-01-02,,
JayHyeon/Qwen2.5-0.5B-SFT-2e-5-2ep-DPOP_5e-7-3ep_0alp_5lam,False,unmatched,,False,False,missing,chat_finetuned,missing,2025-01-02,,
JayHyeon/Qwen2.5-0.5B-SFT-2e-5-2ep-DPO_1e-6-1ep_0alp_0lam,False,unmatched,,False,False,missing,chat_finetuned,missing,2025-01-02,,
JayHyeon/Qwen2.5-0.5B-SFT-2e-5-2ep-DPO_1e-6-2ep_0alp_0lam,False,unmatched,,False,False,missing,chat_finetuned,missing,2025-01-02,,
JayHyeon/Qwen2.5-0.5B-SFT-2e-5-2ep-DPO_1e-6-3ep_0alp_0lam,False,unmatched,,False,False,missing,chat_finetuned,missing,2025-01-02,,
JayHyeon/Qwen2.5-0.5B-SFT-2e-5-2ep-DPO_1e-7-2ep_0alp_0lam,False,unmatched,,False,False,missing,chat_finetuned,missing,2025-01-07,,
JayHyeon/Qwen2.5-0.5B-SFT-2e-5-2ep-DPO_1e-7-3ep_0alp_0lam,False,unmatched,,False,False,missing,chat_finetuned,missing,2025-01-07,,
JayHyeon/Qwen2.5-0.5B-SFT-2e-5-2ep-DPO_2e-6-1ep_0alp_0lam,False,unmatched,,False,False,missing,chat_finetuned,missing,2025-01-02,,
JayHyeon/Qwen2.5-0.5B-SFT-2e-5-2ep-DPO_2e-6-2ep_0alp_0lam,False,unmatched,,False,False,missing,chat_finetuned,missing,2025-01-02,,
JayHyeon/Qwen2.5-0.5B-SFT-2e-5-2ep-DPO_2e-6-3ep_0alp_0lam,False,unmatched,,False,False,missing,chat_finetuned,missing,2025-01-02,,
JayHyeon/Qwen2.5-0.5B-SFT-2e-5-2ep-DPO_3e-6-1ep_0alp_0lam,False,unmatched,,False,False,missing,chat_finetuned,missing,2025-01-02,,
JayHyeon/Qwen2.5-0.5B-SFT-2e-5-2ep-DPO_3e-6-2ep_0alp_0lam,False,unmatched,,False,False,missing,chat_finetuned,missing,2025-01-02,,
JayHyeon/Qwen2.5-0.5B-SFT-2e-5-2ep-DPO_3e-6-3ep_0alp_0lam,False,unmatched,,False,False,missing,chat_finetuned,missing,2025-01-02,,
JayHyeon/Qwen2.5-0.5B-SFT-2e-5-2ep-DPO_3e-7-3ep_0alp_0lam,False,unmatched,,False,False,missing,chat_finetuned,missing,2025-01-07,,
JayHyeon/Qwen2.5-0.5B-SFT-2e-5-2ep-DPO_5e-6-1ep_0alp_0lam,False,unmatched,,False,False,missing,chat_finetuned,missing,2025-01-02,,
JayHyeon/Qwen2.5-0.5B-SFT-2e-5-2ep-DPO_5e-6-2ep_0alp_0lam,False,unmatched,,False,False,missing,chat_finetuned,missing,2025-01-02,,
JayHyeon/Qwen2.5-0.5B-SFT-2e-5-2ep-DPO_5e-6-3ep_0alp_0lam,False,unmatched,,False,False,missing,chat_finetuned,missing,2025-01-03,,
JayHyeon/Qwen2.5-0.5B-SFT-2e-5-2ep-DPO_5e-7_1ep_0alp_0lam,False,unmatched,,False,False,missing,chat_finetuned,missing,2025-01-01,,
JayHyeon/Qwen2.5-0.5B-SFT-2e-5-2ep-DPO_5e-7_2ep_0alp_0lam,False,unmatched,,False,False,missing,chat_finetuned,missing,2025-01-01,,
JayHyeon/Qwen2.5-0.5B-SFT-2e-5-2ep-DPO_5e-7_3ep_0alp_0lam,False,unmatched,,False,False,missing,chat_finetuned,missing,2025-01-01,,
JayHyeon/Qwen2.5-0.5B-SFT-2e-5-2ep-DPO_7e-7_1ep_0alp_0lam,False,unmatched,,False,False,missing,chat_finetuned,missing,2025-01-01,,
JayHyeon/Qwen2.5-0.5B-SFT-2e-5-2ep-DPO_7e-7_2ep_0alp_0lam,False,unmatched,,False,False,missing,chat_finetuned,missing,2025-01-01,,
JayHyeon/Qwen2.5-0.5B-SFT-2e-5-2ep-DPO_7e-7_3ep_0alp_0lam,False,unmatched,,False,False,missing,chat_finetuned,missing,2025-01-01,,
JayHyeon/Qwen2.5-0.5B-SFT-2e-5-2ep-IRPO_1e-7-1ep_1alp_0lam,False,unmatched,,False,False,missing,chat_finetuned,missing,2025-01-07,,
JayHyeon/Qwen2.5-0.5B-SFT-2e-5-2ep-IRPO_1e-7-2ep_1alp_0lam,False,unmatched,,False,False,missing,chat_finetuned,missing,2025-01-07,,
JayHyeon/Qwen2.5-0.5B-SFT-2e-5-2ep-IRPO_1e-7-3ep_1alp_0lam,False,unmatched,,False,False,missing,chat_finetuned,missing,2025-01-07,,
JayHyeon/Qwen2.5-0.5B-SFT-2e-5-2ep-IRPO_3e-7-3ep_1alp_0lam,False,unmatched,,False,False,missing,chat_finetuned,missing,2025-01-07,,
JayHyeon/Qwen2.5-0.5B-SFT-2e-5-2ep-IRPO_5e-6-1ep_1alp_0lam,False,unmatched,,False,False,missing,chat_finetuned,missing,2025-01-03,,
JayHyeon/Qwen2.5-0.5B-SFT-2e-5-2ep-IRPO_5e-6-2ep_1alp_0lam,False,unmatched,,False,False,missing,chat_finetuned,missing,2025-01-03,,
JayHyeon/Qwen2.5-0.5B-SFT-2e-5-2ep-IRPO_5e-6-3ep_1alp_0lam,False,unmatched,,False,False,missing,chat_finetuned,missing,2025-01-03,,
JayHyeon/Qwen2.5-0.5B-SFT-2e-5-2ep-IRPO_5e-7-1ep_1alp_0lam,False,unmatched,,False,False,missing,chat_finetuned,missing,2025-01-02,,
JayHyeon/Qwen2.5-0.5B-SFT-2e-5-2ep-IRPO_5e-7-2ep_1alp_0lam,False,unmatched,,False,False,missing,chat_finetuned,missing,2025-01-02,,
JayHyeon/Qwen2.5-0.5B-SFT-2e-5-2ep-IRPO_5e-7-3ep_1alp_0lam,False,unmatched,,False,False,missing,chat_finetuned,missing,2025-01-02,,
JayHyeon/Qwen2.5-0.5B-SFT-2e-5-2ep-MDPO_0.5_1e-7-1ep_0alp_0lam,False,unmatched,,False,False,missing,chat_finetuned,missing,2025-01-07,,
JayHyeon/Qwen2.5-0.5B-SFT-2e-5-2ep-MDPO_0.5_1e-7-2ep_0alp_0lam,False,unmatched,,False,False,missing,chat_finetuned,missing,2025-01-07,,
JayHyeon/Qwen2.5-0.5B-SFT-2e-5-2ep-MDPO_0.5_1e-7-3ep_0alp_0lam,False,unmatched,,False,False,missing,chat_finetuned,missing,2025-01-07,,
JayHyeon/Qwen2.5-0.5B-SFT-2e-5-2ep-MDPO_1e-6-3ep_0alp_0lam,False,unmatched,,False,False,missing,chat_finetuned,missing,2025-01-01,,
JayHyeon/Qwen2.5-0.5B-SFT-2e-5-2ep-MDPO_1e-6_1ep_0alp_0lam,False,unmatched,,False,False,missing,chat_finetuned,missing,2025-01-01,,
JayHyeon/Qwen2.5-0.5B-SFT-2e-5-2ep-MDPO_1e-6_2ep_0alp_0lam,False,unmatched,,False,False,missing,chat_finetuned,missing,2025-01-01,,
JayHyeon/Qwen2.5-0.5B-SFT-2e-5-2ep-MDPO_2e-6-3ep_0alp_0lam,False,unmatched,,False,False,missing,chat_finetuned,missing,2025-01-01,,
JayHyeon/Qwen2.5-0.5B-SFT-2e-5-2ep-MDPO_2e-6_1ep_0alp_0lam,False,unmatched,,False,False,missing,chat_finetuned,missing,2025-01-01,,
JayHyeon/Qwen2.5-0.5B-SFT-2e-5-2ep-MDPO_2e-6_2ep_0alp_0lam,False,unmatched,,False,False,missing,chat_finetuned,missing,2025-01-01,,
JayHyeon/Qwen2.5-0.5B-SFT-2e-5-2ep-MDPO_3e-6-1ep_0alp_0lam,False,unmatched,,False,False,missing,chat_finetuned,missing,2025-01-02,,
JayHyeon/Qwen2.5-0.5B-SFT-2e-5-2ep-MDPO_3e-6-2ep_0alp_0lam,False,unmatched,,False,False,missing,chat_finetuned,missing,2025-01-02,,
JayHyeon/Qwen2.5-0.5B-SFT-2e-5-2ep-MDPO_3e-6-3ep_0alp_0lam,False,unmatched,,False,False,missing,chat_finetuned,missing,2025-01-02,,
JayHyeon/Qwen2.5-0.5B-SFT-2e-5-2ep-MDPO_5e-6-1ep_0alp_0lam,False,unmatched,,False,False,missing,chat_finetuned,missing,2025-01-02,,
JayHyeon/Qwen2.5-0.5B-SFT-2e-5-2ep-MDPO_5e-6-2ep_0alp_0lam,False,unmatched,,False,False,missing,chat_finetuned,missing,2025-01-02,,
JayHyeon/Qwen2.5-0.5B-SFT-2e-5-2ep-MDPO_5e-6-3ep_0alp_0lam,False,unmatched,,False,False,missing,chat_finetuned,missing,2025-01-02,,
JayHyeon/Qwen2.5-0.5B-SFT-2e-5-2ep-MDPO_5e-7-3ep_0alp_0lam,False,unmatched,,False,False,missing,chat_finetuned,missing,2024-12-31,,
JayHyeon/Qwen2.5-0.5B-SFT-2e-5-2ep-MDPO_5e-7_1ep_0alp_0lam,False,unmatched,,False,False,missing,chat_finetuned,missing,2024-12-31,,
JayHyeon/Qwen2.5-0.5B-SFT-2e-5-2ep-MDPO_5e-7_2ep_0alp_0lam,False,unmatched,,False,False,missing,chat_finetuned,missing,2024-12-31,,
JayHyeon/Qwen2.5-0.5B-SFT-2e-5-2ep-MDPO_7e-7-3ep_0alp_0lam,False,unmatched,,False,False,missing,chat_finetuned,missing,2025-01-01,,
JayHyeon/Qwen2.5-0.5B-SFT-2e-5-2ep-MDPO_7e-7_1ep_0alp_0lam,False,unmatched,,False,False,missing,chat_finetuned,missing,2025-01-01,,
JayHyeon/Qwen2.5-0.5B-SFT-2e-5-2ep-MDPO_7e-7_2ep_0alp_0lam,False,unmatched,,False,False,missing,chat_finetuned,missing,2025-01-01,,
JayHyeon/Qwen2.5-0.5B-SFT-2e-5-3ep,False,unmatched,,False,False,permissive,chat_finetuned,missing,2024-12-29,,
JayHyeon/Qwen2.5-0.5B-SFT-2e-5-5ep,False,unmatched,,False,False,missing,chat_finetuned,missing,2024-12-29,,
JayHyeon/Qwen2.5-0.5B-SFT-2e-5-5ep-MDPO_5e-7_3ep_0alp_0lam,False,unmatched,,False,False,missing,chat_finetuned,missing,2024-12-31,,
JayHyeon/Qwen2.5-0.5B-SFT-2e-5-5ep-MDPO_5e-7_3ep_0alp_0lam_1ep,False,unmatched,,False,False,missing,chat_finetuned,missing,2024-12-31,,
JayHyeon/Qwen2.5-0.5B-SFT-2e-5-5ep-MDPO_5e-7_3ep_0alp_0lam_2ep,False,unmatched,,False,False,missing,chat_finetuned,missing,2024-12-31,,
JayHyeon/Qwen2.5-0.5B-SFT-2e-5-5ep-MDPO_7e-7_3ep_0alp_0lam,False,unmatched,,False,False,missing,chat_finetuned,missing,2024-12-31,,
JayHyeon/Qwen2.5-0.5B-SFT-2e-5-5ep-MDPO_7e-7_3ep_0alp_0lam_1ep,False,unmatched,,False,False,missing,chat_finetuned,missing,2024-12-31,,
JayHyeon/Qwen2.5-0.5B-SFT-2e-5-5ep-MDPO_7e-7_3ep_0alp_0lam_2ep,False,unmatched,,False,False,missing,chat_finetuned,missing,2024-12-31,,
JayHyeon/Qwen2.5-0.5B-SFT-5e-5,False,unmatched,,False,False,permissive,chat_finetuned,missing,2024-12-28,,
JayHyeon/Qwen2.5-0.5B-SFT-5e-5-2ep,False,unmatched,,False,False,missing,chat_finetuned,missing,2024-12-29,,
JayHyeon/Qwen2.5-0.5B-SFT-5e-5-3ep,False,unmatched,,False,False,permissive,chat_finetuned,missing,2024-12-29,,
JayHyeon/Qwen2.5-0.5B-SFT-5e-5-5ep,False,unmatched,,False,False,missing,chat_finetuned,missing,2024-12-29,,
JayHyeon/Qwen2.5-0.5B-SFT-7e-5,False,unmatched,,False,False,permissive,chat_finetuned,missing,2024-12-28,,
JayHyeon/Qwen2.5-0.5B-SFT-7e-5-2ep,False,unmatched,,False,False,missing,chat_finetuned,missing,2024-12-29,,
JayHyeon/Qwen2.5-0.5B-SFT-7e-5-3ep,False,unmatched,,False,False,permissive,chat_finetuned,missing,2024-12-29,,
JayHyeon/Qwen2.5-0.5B-SFT-7e-5-5ep,False,unmatched,,False,False,missing,chat_finetuned,missing,2024-12-29,,
JayHyeon/Qwen2.5-0.5B-SFT-DPO-1epoch_v1,False,unmatched,,False,False,permissive,chat_finetuned,missing,2024-12-28,,
JayHyeon/Qwen2.5-0.5B-SFT-MDPO-1epoch_v1,False,unmatched,,False,False,permissive,chat_finetuned,missing,2024-12-27,,
JayHyeon/Qwen_0.5-DPOP_1e-6-3ep_0alp_5lam,False,unmatched,,False,False,missing,chat_finetuned,missing,2025-01-10,,
JayHyeon/Qwen_0.5-DPOP_1e-7-3ep_0alp_5lam,False,unmatched,,False,False,missing,chat_finetuned,missing,2025-01-10,,
JayHyeon/Qwen_0.5-DPOP_3e-6-1ep_0alp_5lam,False,unmatched,,False,False,missing,chat_finetuned,missing,2025-01-09,,
JayHyeon/Qwen_0.5-DPOP_3e-6-2ep_0alp_5lam,False,unmatched,,False,False,missing,chat_finetuned,missing,2025-01-09,,
JayHyeon/Qwen_0.5-DPOP_3e-6-3ep_0alp_5lam,False,unmatched,,False,False,missing,chat_finetuned,missing,2025-01-09,,
JayHyeon/Qwen_0.5-DPOP_3e-7-1ep_0alp_5lam,False,unmatched,,False,False,missing,chat_finetuned,missing,2025-01-15,,
JayHyeon/Qwen_0.5-DPOP_3e-7-2ep_0alp_5lam,False,unmatched,,False,False,missing,chat_finetuned,missing,2025-01-15,,
JayHyeon/Qwen_0.5-DPOP_3e-7-3ep_0alp_5lam,False,unmatched,,False,False,missing,chat_finetuned,missing,2025-01-15,,
JayHyeon/Qwen_0.5-DPOP_5e-7-1ep_0alp_5lam,False,unmatched,,False,False,missing,chat_finetuned,missing,2025-01-09,,
JayHyeon/Qwen_0.5-DPOP_5e-7-2ep_0alp_5lam,False,unmatched,,False,False,missing,chat_finetuned,missing,2025-01-09,,
JayHyeon/Qwen_0.5-DPOP_5e-7-3ep_0alp_5lam,False,unmatched,,False,False,missing,chat_finetuned,missing,2025-01-09,,
JayHyeon/Qwen_0.5-DPO_1e-6-3ep_0alp_0lam,False,unmatched,,False,False,missing,chat_finetuned,missing,2025-01-10,,
JayHyeon/Qwen_0.5-DPO_1e-7-3ep_0alp_0lam,False,unmatched,,False,False,missing,chat_finetuned,missing,2025-01-10,,
JayHyeon/Qwen_0.5-DPO_3e-6-1ep_0alp_0lam,False,unmatched,,False,False,missing,chat_finetuned,missing,2025-01-09,,
JayHyeon/Qwen_0.5-DPO_3e-6-2ep_0alp_0lam,False,unmatched,,False,False,missing,chat_finetuned,missing,2025-01-09,,
JayHyeon/Qwen_0.5-DPO_3e-6-3ep_0alp_0lam,False,unmatched,,False,False,missing,chat_finetuned,missing,2025-01-07,,
JayHyeon/Qwen_0.5-DPO_3e-7-1ep_0alp_0lam,False,unmatched,,False,False,missing,chat_finetuned,missing,2025-01-15,,
JayHyeon/Qwen_0.5-DPO_3e-7-2ep_0alp_0lam,False,unmatched,,False,False,missing,chat_finetuned,missing,2025-01-15,,
JayHyeon/Qwen_0.5-DPO_3e-7-3ep_0alp_0lam,False,unmatched,,False,False,missing,chat_finetuned,missing,2025-01-15,,
JayHyeon/Qwen_0.5-DPO_5e-7-1ep_0alp_0lam,False,unmatched,,False,False,missing,chat_finetuned,missing,2025-01-25,,
JayHyeon/Qwen_0.5-DPO_5e-7-2ep_0alp_0lam,False,unmatched,,False,False,missing,chat_finetuned,missing,2025-01-09,,
JayHyeon/Qwen_0.5-DPO_5e-7-3ep_0alp_0lam,False,unmatched,,False,False,missing,chat_finetuned,missing,2025-01-07,,
JayHyeon/Qwen_0.5-IPO_5e-7-1ep_0alp_0lam,False,unmatched,,False,False,missing,chat_finetuned,missing,2025-01-26,,
JayHyeon/Qwen_0.5-IPO_5e-7-3ep_0alp_0lam,False,unmatched,,False,False,missing,chat_finetuned,missing,2025-01-26,,
JayHyeon/Qwen_0.5-IRPO_1e-6-3ep_1alp_0lam,False,unmatched,,False,False,missing,chat_finetuned,missing,2025-01-10,,
JayHyeon/Qwen_0.5-IRPO_1e-7-3ep_1alp_0lam,False,unmatched,,False,False,missing,chat_finetuned,missing,2025-01-10,,
JayHyeon/Qwen_0.5-IRPO_3e-6-1ep_1alp_0lam,False,unmatched,,False,False,missing,chat_finetuned,missing,2025-01-09,,
JayHyeon/Qwen_0.5-IRPO_3e-6-2ep_1alp_0lam,False,unmatched,,False,False,missing,chat_finetuned,missing,2025-01-09,,
JayHyeon/Qwen_0.5-IRPO_3e-6-3ep_1alp_0lam,False,unmatched,,False,False,missing,chat_finetuned,missing,2025-01-09,,
JayHyeon/Qwen_0.5-IRPO_3e-7-1ep_1alp_0lam,False,unmatched,,False,False,missing,chat_finetuned,missing,2025-01-15,,
JayHyeon/Qwen_0.5-IRPO_3e-7-3ep_1alp_0lam,False,unmatched,,False,False,missing,chat_finetuned,missing,2025-01-15,,
JayHyeon/Qwen_0.5-IRPO_5e-7-1ep_1alp_0lam,False,unmatched,,False,False,missing,chat_finetuned,missing,2025-01-09,,
JayHyeon/Qwen_0.5-IRPO_5e-7-2ep_1alp_0lam,False,unmatched,,False,False,missing,chat_finetuned,missing,2025-01-09,,
JayHyeon/Qwen_0.5-IRPO_5e-7-3ep_1alp_0lam,False,unmatched,,False,False,missing,chat_finetuned,missing,2025-01-09,,
JayHyeon/Qwen_0.5-MDPO_0.1_3e-6-3ep_0alp_0lam,False,unmatched,,False,False,missing,chat_finetuned,missing,2025-01-10,,
JayHyeon/Qwen_0.5-MDPO_0.1_5e-7-3ep_0alp_0lam,False,unmatched,,False,False,missing,chat_finetuned,missing,2025-01-21,,
JayHyeon/Qwen_0.5-MDPO_0.3_3e-6-3ep_0alp_0lam,False,unmatched,,False,False,missing,chat_finetuned,missing,2025-01-09,,
JayHyeon/Qwen_0.5-MDPO_0.3_5e-7-3ep_0alp_0lam,False,unmatched,,False,False,missing,chat_finetuned,missing,2025-01-21,,
JayHyeon/Qwen_0.5-MDPO_0.5_1e-5-3ep_0alp_0lam,False,unmatched,,False,False,missing,chat_finetuned,missing,2025-01-10,,
JayHyeon/Qwen_0.5-MDPO_0.5_3e-7-1ep_0alp_0lam,False,unmatched,,False,False,missing,chat_finetuned,missing,2025-01-15,,
JayHyeon/Qwen_0.5-MDPO_0.5_3e-7-2ep_0alp_0lam,False,unmatched,,False,False,missing,chat_finetuned,missing,2025-01-15,,
JayHyeon/Qwen_0.5-MDPO_0.5_3e-7-3ep_0alp_0lam,False,unmatched,,False,False,missing,chat_finetuned,missing,2025-01-15,,
JayHyeon/Qwen_0.5-MDPO_0.5_4e-6-3ep_0alp_0lam,False,unmatched,,False,False,missing,chat_finetuned,missing,2025-01-10,,
JayHyeon/Qwen_0.5-MDPO_0.5_6e-6-3ep_0alp_0lam,False,unmatched,,False,False,missing,chat_finetuned,missing,2025-01-10,,
JayHyeon/Qwen_0.5-MDPO_0.5_7e-6-3ep_0alp_0lam,False,unmatched,,False,False,missing,chat_finetuned,missing,2025-01-10,,
JayHyeon/Qwen_0.5-MDPO_0.5_7e-7-3ep_0alp_0lam,False,unmatched,,False,False,missing,chat_finetuned,missing,2025-01-10,,
JayHyeon/Qwen_0.5-MDPO_0.7_3e-6-3ep_0alp_0lam,False,unmatched,,False,False,missing,chat_finetuned,missing,2025-01-09,,
JayHyeon/Qwen_0.5-MDPO_0.7_5e-7-3ep_0alp_0lam,False,unmatched,,False,False,missing,chat_finetuned,missing,2025-01-21,,
JayHyeon/Qwen_0.5-MDPO_0.9_5e-7-3ep_0alp_0lam,False,unmatched,,False,False,missing,chat_finetuned,missing,2025-01-21,,
JayHyeon/Qwen_0.5-VDPO_3e-6-1ep_3vpo_const,False,unmatched,,False,False,missing,chat_finetuned,missing,2025-02-27,,
JayHyeon/Qwen_0.5-VDPO_5e-7-1ep_0alp_0lam,False,unmatched,,False,False,missing,chat_finetuned,missing,2025-01-25,,
JayHyeon/Qwen_0.5-VDPO_5e-7-1ep_10vpo_const,False,unmatched,,False,False,missing,chat_finetuned,missing,2025-02-21,,
JayHyeon/Qwen_0.5-VDPO_5e-7-1ep_1vpo_const,False,unmatched,,False,False,missing,chat_finetuned,missing,2025-02-21,,
JayHyeon/Qwen_0.5-VDPO_5e-7-1ep_3vpo_const,False,unmatched,,False,False,missing,chat_finetuned,missing,2025-02-21,,
JayHyeon/Qwen_0.5-VDPO_5e-7-3ep_0alp_0lam,False,unmatched,,False,False,missing,chat_finetuned,missing,2025-01-25,,
JayHyeon/Qwen_0.5-VDPO_5e-7-3ep_1vpo_const,False,unmatched,,False,False,missing,chat_finetuned,missing,2025-02-10,,
JayHyeon/Qwen_0.5-VDPO_5e-7-3ep_3vpo_const,False,unmatched,,False,False,missing,chat_finetuned,missing,2025-02-10,,
JayHyeon/Qwen_0.5-VIPO_5e-7-1ep_0alp_0lam,False,unmatched,,False,False,missing,chat_finetuned,missing,2025-01-25,,
JayHyeon/Qwen_0.5-VIPO_5e-7-1ep_10vpo_const,False,unmatched,,False,False,missing,chat_finetuned,missing,2025-02-21,,
JayHyeon/Qwen_0.5-VIPO_5e-7-1ep_1vpo_const,False,unmatched,,False,False,missing,chat_finetuned,missing,2025-02-20,,
JayHyeon/Qwen_0.5-VIPO_5e-7-1ep_30vpo_const,False,unmatched,,False,False,missing,chat_finetuned,missing,2025-02-21,,
JayHyeon/Qwen_0.5-VIPO_5e-7-1ep_3vpo_const,False,unmatched,,False,False,missing,chat_finetuned,missing,2025-02-21,,
JayHyeon/Qwen_0.5-VIPO_5e-7-3ep_0alp_0lam,False,unmatched,,False,False,missing,chat_finetuned,missing,2025-01-25,,
JayHyeon/Qwen_0.5-VIPO_5e-7-3ep_10vpo_const,False,unmatched,,False,False,missing,chat_finetuned,missing,2025-02-08,,
JayHyeon/Qwen_0.5-VIPO_5e-7-3ep_1vpo_const,False,unmatched,,False,False,missing,chat_finetuned,missing,2025-02-08,,
JayHyeon/Qwen_0.5-VIPO_5e-7-3ep_30vpo_const,False,unmatched,,False,False,missing,chat_finetuned,missing,2025-02-08,,
JayHyeon/Qwen_0.5-VIPO_5e-7-3ep_3vpo_const,False,unmatched,,False,False,missing,chat_finetuned,missing,2025-02-08,,
JayHyeon/Qwen_0.5-cDPO_5e-7-3ep_0vpo_const_0.1,False,unmatched,,False,False,missing,chat_finetuned,missing,2025-02-20,,
JayHyeon/Qwen_0.5-cDPO_5e-7-3ep_0vpo_const_0.3,False,unmatched,,False,False,missing,chat_finetuned,missing,2025-02-17,,
JayHyeon/Qwen_0.5-rDPO_3e-6-1ep_0vpo_const_0.1,False,unmatched,,False,False,missing,chat_finetuned,missing,2025-02-27,,
JayHyeon/Qwen_0.5-rDPO_5e-7-3ep_0vpo_const_0.1,False,unmatched,,False,False,missing,chat_finetuned,missing,2025-02-20,,
JayHyeon/Qwen_0.5-rDPO_5e-7-3ep_0vpo_const_0.3,False,unmatched,,False,False,missing,chat_finetuned,missing,2025-02-17,,
Jimmy19991222/Llama-3-Instruct-8B-SimPO-v0.2,False,unmatched,,False,False,missing,chat_finetuned,missing,2024-09-06,,
Jimmy19991222/llama-3-8b-instruct-gapo-v2-bert-f1-beta10-gamma0.3-lr1.0e-6-1minus-rerun,False,unmatched,,False,False,custom,chat_finetuned,missing,2024-09-18,,
Jimmy19991222/llama-3-8b-instruct-gapo-v2-bert_f1-beta10-gamma0.3-lr1.0e-6-scale-log,False,unmatched,,False,False,custom,chat_finetuned,missing,2024-09-22,,
Jimmy19991222/llama-3-8b-instruct-gapo-v2-bert_p-beta10-gamma0.3-lr1.0e-6-scale-log,False,unmatched,,False,False,custom,chat_finetuned,missing,2024-09-22,,
Jimmy19991222/llama-3-8b-instruct-gapo-v2-bleu-beta0.1-no-length-scale-gamma0.4,False,unmatched,,False,False,missing,chat_finetuned,missing,2024-09-06,,
Jimmy19991222/llama-3-8b-instruct-gapo-v2-rouge2-beta10-1minus-gamma0.3-rerun,False,unmatched,,False,False,custom,chat_finetuned,missing,2024-09-15,,
Jimmy19991222/llama-3-8b-instruct-gapo-v2-rouge2-beta10-gamma0.3-lr1.0e-6-scale-log,False,unmatched,,False,False,custom,chat_finetuned,missing,2024-09-22,,
Jimmy19991222/llama-3-8b-instruct-gapo-v2-rougeL-beta10-gamma0.3-lr1.0e-6-scale-log,False,unmatched,,False,False,custom,chat_finetuned,missing,2024-09-22,,
Joseph717171/Hermes-3-Llama-3.1-8B_TIES_with_Base_Embeds_Initialized_to_Special_Instruct_Toks_dtypeF32,False,unmatched,,False,False,custom,chat_finetuned,missing,2024-10-25,,
Joseph717171/Llama-3.1-SuperNova-8B-Lite_TIES_with_Base,False,unmatched,,False,False,custom,chat_finetuned,missing,2024-10-03,,
Josephgflowers/Cinder-Phi-2-V1-F16-gguf,False,unmatched,,False,False,permissive,chat_finetuned,missing,2024-06-26,,
Josephgflowers/Differential-Attention-Liquid-Metal-Tinyllama,False,unmatched,,False,False,permissive,chat_finetuned,missing,2024-11-07,,
Josephgflowers/TinyLlama-Cinder-Agent-v1,False,unmatched,,False,False,permissive,chat_finetuned,missing,2024-06-26,,
Josephgflowers/TinyLlama-v1.1-Cinders-World,False,unmatched,,False,False,permissive,chat_finetuned,missing,2024-10-13,,
Josephgflowers/TinyLlama_v1.1_math_code-world-test-1,False,unmatched,,False,False,permissive,chat_finetuned,missing,2024-09-09,,
Josephgflowers/Tinyllama-STEM-Cinder-Agent-v1,False,unmatched,,False,False,permissive,chat_finetuned,missing,2024-11-27,,
Josephgflowers/Tinyllama-r1,False,unmatched,,False,False,custom,chat_finetuned,missing,2025-02-09,,
JungZoona/T3Q-Qwen2.5-14B-Instruct-1M-e3,False,unmatched,,False,False,permissive,other,missing,,,
JungZoona/T3Q-qwen2.5-14b-v1.0-e3,False,unmatched,,False,False,permissive,chat_finetuned,missing,2025-03-13,,
Junhoee/Qwen-Megumin,False,unmatched,,False,False,missing,chat_finetuned,missing,2024-11-26,,
KSU-HW-SEC/Llama3-70b-SVA-FT-1415,False,unmatched,,False,False,missing,chat_finetuned,missing,2024-09-08,,
KSU-HW-SEC/Llama3-70b-SVA-FT-500,False,unmatched,,False,False,missing,chat_finetuned,missing,2024-09-08,,
KSU-HW-SEC/Llama3-70b-SVA-FT-final,False,unmatched,,False,False,missing,chat_finetuned,missing,2024-09-08,,
KSU-HW-SEC/Llama3.1-70b-SVA-FT-1000step,False,unmatched,,False,False,missing,chat_finetuned,missing,2024-09-08,,
Khetterman/DarkAtom-12B-v3,False,unmatched,,False,False,missing,other,missing,2024-12-09,,
Khetterman/Kosmos-8B-v1,False,unmatched,,False,False,missing,other,missing,2024-12-27,,
Kimargin/GPT-NEO-1.3B-wiki,False,unmatched,,False,False,permissive,chat_finetuned,missing,2024-10-24,,
KingNish/Qwen2.5-0.5b-Test-ft,False,unmatched,,False,False,permissive,chat_finetuned,missing,2024-09-29,,
KingNish/Reasoning-0.5b,False,unmatched,,False,False,permissive,chat_finetuned,missing,2025-03-07,,
KingNish/Reasoning-Llama-3b-v0.1,False,unmatched,,False,False,custom,chat_finetuned,missing,2024-10-26,,
KingNish/qwen-1b-continued,False,unmatched,,False,False,permissive,pretrained,missing,2025-03-07,,
KingNish/qwen-1b-continued-v2,False,unmatched,,False,False,permissive,pretrained,missing,2025-03-07,,
KingNish/qwen-1b-continued-v2.1,False,unmatched,,False,False,permissive,pretrained,missing,2025-03-08,,
KingNish/qwen-1b-continued-v2.2,False,unmatched,,False,False,permissive,pretrained,missing,2025-03-09,,
Kquant03/CognitiveFusion2-4x7B-BF16,False,unmatched,,False,False,permissive,other,missing,2024-07-31,,
Kquant03/L3-Pneuma-8B,False,unmatched,,False,False,custom,chat_finetuned,missing,2024-10-16,,
Krystalan/DRT-o1-14B,False,unmatched,,False,False,research-only,chat_finetuned,missing,2024-12-27,,
Krystalan/DRT-o1-7B,False,unmatched,,False,False,research-only,other,missing,2025-02-05,,
Kukedlc/NeuralExperiment-7b-MagicCoder-v7.5,False,unmatched,,False,False,permissive,chat_finetuned,missing,2024-07-30,,
Kukedlc/NeuralLLaMa-3-8b-DT-v0.1,False,unmatched,,False,False,unclear,other,missing,2024-09-17,,
Kukedlc/NeuralLLaMa-3-8b-ORPO-v0.3,False,unmatched,,False,False,permissive,chat_finetuned,missing,2024-07-28,,
Kukedlc/NeuralSynthesis-7B-v0.1,False,unmatched,,False,False,permissive,other,missing,2024-06-29,,
Kukedlc/NeuralSynthesis-7B-v0.3,False,unmatched,,False,False,permissive,other,missing,2024-07-31,,
Kukedlc/NeuralSynthesis-7b-v0.4-slerp,False,unmatched,,False,False,permissive,other,missing,2024-07-31,,
Kukedlc/Qwen-2.5-7b-Spanish-o1-CoT,False,unmatched,,False,False,permissive,chat_finetuned,missing,2024-12-04,,
Kumar955/Hemanth-llm,False,unmatched,,False,False,missing,other,missing,2024-09-24,,
L-RAGE/3_PRYMMAL-ECE-7B-SLERP-V1,False,unmatched,,False,False,permissive,other,missing,2024-10-29,,
LEESM/llama-2-7b-hf-lora-oki100p,False,unmatched,,False,False,permissive,chat_finetuned,missing,2024-11-08,,
LEESM/llama-2-7b-hf-lora-oki10p,False,unmatched,,False,False,permissive,chat_finetuned,missing,2024-11-08,,
LEESM/llama-3-8b-bnb-4b-kowiki231101,False,unmatched,,False,False,permissive,chat_finetuned,missing,2024-11-08,,
LEESM/llama-3-Korean-Bllossom-8B-trexlab-oki10p,False,unmatched,,False,False,permissive,chat_finetuned,missing,2024-11-08,,
LGAI-EXAONE/EXAONE-3.0-7.8B-Instruct,False,unmatched,,False,False,unclear,chat_finetuned,missing,2024-08-18,,
LGAI-EXAONE/EXAONE-3.5-2.4B-Instruct,False,unmatched,,False,False,unclear,chat_finetuned,missing,2024-12-11,,
LGAI-EXAONE/EXAONE-3.5-32B-Instruct,False,unmatched,,False,False,unclear,chat_finetuned,missing,2025-01-13,,
LGAI-EXAONE/EXAONE-3.5-7.8B-Instruct,False,unmatched,,False,False,unclear,chat_finetuned,missing,2024-12-11,,
LLM360/K2,False,unmatched,,False,False,permissive,pretrained,missing,2024-06-26,,
LLM360/K2-Chat,False,unmatched,,False,False,permissive,chat_finetuned,missing,2024-06-12,,
LLM4Binary/llm4decompile-1.3b-v2,False,unmatched,,False,False,permissive,chat_finetuned,missing,2024-11-16,,
Lambent/qwen2.5-reinstruct-alternate-lumen-14B,False,unmatched,,False,False,missing,other,missing,2024-09-28,,
Langboat/Mengzi3-8B-Chat,False,unmatched,,False,False,permissive,chat_finetuned,missing,2024-10-21,,
Lawnakk/BBA100,False,unmatched,,False,False,missing,other,missing,2025-02-26,,
Lawnakk/BBALAW1,False,unmatched,,False,False,missing,other,missing,2025-02-27,,
Lawnakk/BBALAW1.0,False,unmatched,,False,False,missing,other,missing,2025-02-27,,
Lawnakk/BBALAW1.2,False,unmatched,,False,False,missing,other,missing,2025-02-27,,
Lawnakk/BBALAW1.3,False,unmatched,,False,False,missing,other,missing,2025-02-27,,
Lawnakk/BBALAW1.6,False,unmatched,,False,False,missing,other,missing,2025-02-27,,
Lawnakk/BBALAW1.61,False,unmatched,,False,False,missing,other,missing,2025-02-28,,
Lawnakk/BBALAW1.62,False,unmatched,,False,False,missing,other,missing,2025-02-28,,
Lawnakk/BBALAW1.63,False,unmatched,,False,False,missing,other,missing,2025-02-28,,
Lawnakk/BBALAW1.64,False,unmatched,,False,False,missing,other,missing,2025-02-28,,
LenguajeNaturalAI/leniachat-gemma-2b-v0,False,unmatched,,False,False,permissive,chat_finetuned,missing,2024-09-01,,
LenguajeNaturalAI/leniachat-qwen2-1.5B-v0,False,unmatched,,False,False,permissive,chat_finetuned,missing,2024-09-30,,
LeroyDyer/CheckPoint_A,False,unmatched,,False,False,missing,chat_finetuned,missing,2025-02-05,,
LeroyDyer/CheckPoint_B,False,unmatched,,False,False,missing,chat_finetuned,missing,2025-02-05,,
LeroyDyer/CheckPoint_C,False,unmatched,,False,False,missing,chat_finetuned,missing,2025-02-05,,
LeroyDyer/CheckPoint_R1,False,unmatched,,False,False,missing,chat_finetuned,missing,2025-02-11,,
LeroyDyer/LCARS_AI_001,False,unmatched,,False,False,missing,chat_finetuned,missing,2024-08-06,,
LeroyDyer/LCARS_AI_1x4_003_SuperAI,False,unmatched,,False,False,permissive,chat_finetuned,missing,2024-08-07,,
LeroyDyer/LCARS_AI_StarTrek_Computer,False,unmatched,,False,False,permissive,chat_finetuned,missing,2024-08-07,,
LeroyDyer/LCARS_TOP_SCORE,False,unmatched,,False,False,custom,chat_finetuned,missing,2024-08-08,,
LeroyDyer/Mixtral_AI_SwahiliTron_7b,False,unmatched,,False,False,permissive,chat_finetuned,missing,2024-07-12,,
LeroyDyer/SpydazWebAI_Human_AGI,False,unmatched,,False,False,missing,other,missing,2024-10-16,,
LeroyDyer/SpydazWebAI_Human_AGI_001,False,unmatched,,False,False,missing,chat_finetuned,missing,2024-11-18,,
LeroyDyer/SpydazWeb_AI_CyberTron_Ultra_7b,False,unmatched,,False,False,permissive,chat_finetuned,missing,2024-07-12,,
LeroyDyer/SpydazWeb_AI_HumanAGI_001_M2,False,unmatched,,False,False,missing,other,missing,2025-01-15,,
LeroyDyer/SpydazWeb_AI_HumanAGI_002,False,unmatched,,False,False,permissive,chat_finetuned,missing,2025-01-15,,
LeroyDyer/SpydazWeb_AI_HumanAI_001,False,unmatched,,False,False,missing,chat_finetuned,missing,2024-10-17,,
LeroyDyer/SpydazWeb_AI_HumanAI_006,False,unmatched,,False,False,missing,chat_finetuned,missing,2024-11-18,,
LeroyDyer/SpydazWeb_AI_HumanAI_007,False,unmatched,,False,False,missing,chat_finetuned,missing,2024-11-18,,
LeroyDyer/SpydazWeb_AI_HumanAI_009_CHAT,False,unmatched,,False,False,missing,chat_finetuned,missing,2024-11-26,,
LeroyDyer/SpydazWeb_AI_HumanAI_010_CHAT,False,unmatched,,False,False,missing,chat_finetuned,missing,2024-11-26,,
LeroyDyer/SpydazWeb_AI_HumanAI_011_INSTRUCT,False,unmatched,,False,False,missing,chat_finetuned,missing,2024-11-26,,
LeroyDyer/SpydazWeb_AI_HumanAI_011_INSTRUCT_ML,False,unmatched,,False,False,missing,other,missing,2024-11-27,,
LeroyDyer/SpydazWeb_AI_HumanAI_011_INSTRUCT_ML_r1,False,unmatched,,False,False,missing,other,missing,2024-11-27,,
LeroyDyer/SpydazWeb_AI_HumanAI_012_INSTRUCT_IA,False,unmatched,,False,False,missing,chat_finetuned,missing,2024-12-04,,
LeroyDyer/SpydazWeb_AI_HumanAI_012_INSTRUCT_IA,False,unmatched,,False,False,missing,chat_finetuned,missing,2024-12-04,,
LeroyDyer/SpydazWeb_AI_HumanAI_012_INSTRUCT_MX,False,unmatched,,False,False,missing,other,missing,2024-12-04,,
LeroyDyer/SpydazWeb_AI_HumanAI_012_INSTRUCT_XA,False,unmatched,,False,False,missing,chat_finetuned,missing,2024-12-04,,
LeroyDyer/SpydazWeb_AI_HumanAI_012_INSTRUCT_XA,False,unmatched,,False,False,missing,chat_finetuned,missing,2024-12-04,,
LeroyDyer/SpydazWeb_AI_HumanAI_RP,False,unmatched,,False,False,permissive,chat_finetuned,missing,2024-11-18,,
LeroyDyer/SpydazWeb_AI_HumanAI_TextVision,False,unmatched,,False,False,missing,chat_finetuned,missing,2024-11-18,,
LeroyDyer/SpydazWeb_HumanAI_M1,False,unmatched,,False,False,missing,other,missing,2024-10-16,,
LeroyDyer/SpydazWeb_HumanAI_M2,False,unmatched,,False,False,missing,other,missing,2024-10-16,,
LeroyDyer/SpydazWeb_HumanAI_M3,False,unmatched,,False,False,missing,other,missing,2024-10-16,,
LeroyDyer/_Spydaz_Web_AI_12,False,unmatched,,False,False,missing,chat_finetuned,missing,2024-09-19,,
LeroyDyer/_Spydaz_Web_AI_14,False,unmatched,,False,False,missing,chat_finetuned,missing,2024-09-23,,
LeroyDyer/_Spydaz_Web_AI_AGI_R1_001,False,unmatched,,False,False,permissive,chat_finetuned,missing,2025-02-27,,
LeroyDyer/_Spydaz_Web_AI_AGI_R1_002,False,unmatched,,False,False,permissive,chat_finetuned,missing,2025-02-28,,
LeroyDyer/_Spydaz_Web_AI_AGI_R1_MUSR,False,unmatched,,False,False,missing,chat_finetuned,missing,2025-03-01,,
LeroyDyer/_Spydaz_Web_AI_AGI_R1_MasterCoder,False,unmatched,,False,False,missing,chat_finetuned,missing,2025-02-28,,
LeroyDyer/_Spydaz_Web_AI_AGI_R1_Math_001,False,unmatched,,False,False,missing,chat_finetuned,missing,2025-03-10,,
LeroyDyer/_Spydaz_Web_AI_AGI_R1_Math_003,False,unmatched,,False,False,missing,chat_finetuned,missing,2025-03-11,,
LeroyDyer/_Spydaz_Web_AI_AGI_R1_Math_AdvancedStudent,False,unmatched,,False,False,missing,chat_finetuned,missing,2025-03-07,,
LeroyDyer/_Spydaz_Web_AI_AGI_R1_Math_Student,False,unmatched,,False,False,missing,chat_finetuned,missing,2025-03-06,,
LeroyDyer/_Spydaz_Web_AI_AGI_R1_Math_Teacher,False,unmatched,,False,False,missing,chat_finetuned,missing,2025-03-07,,
LeroyDyer/_Spydaz_Web_AI_AGI_R1_OmG_001,False,unmatched,,False,False,permissive,chat_finetuned,missing,2025-03-02,,
LeroyDyer/_Spydaz_Web_AI_AGI_R1_OmG_002,False,unmatched,,False,False,missing,chat_finetuned,missing,2025-03-08,,
LeroyDyer/_Spydaz_Web_AI_AGI_R1_OmG_Coder,False,unmatched,,False,False,permissive,chat_finetuned,missing,2025-03-03,,
LeroyDyer/_Spydaz_Web_AI_AGI_R1_OmG_Math,False,unmatched,,False,False,missing,chat_finetuned,missing,2025-03-07,,
LeroyDyer/_Spydaz_Web_AI_AGI_R1_OmG_MathMaster,False,unmatched,,False,False,missing,chat_finetuned,missing,2025-03-08,,
LeroyDyer/_Spydaz_Web_AI_AGI_R1_Student_Coder,False,unmatched,,False,False,missing,chat_finetuned,missing,2025-02-28,,
LeroyDyer/_Spydaz_Web_AI_AGI_R1_Teacher_Coder,False,unmatched,,False,False,missing,chat_finetuned,missing,2025-02-28,,
LeroyDyer/_Spydaz_Web_AI_AGI_R1_Top_Student,False,unmatched,,False,False,missing,other,missing,2025-03-12,,
LeroyDyer/_Spydaz_Web_AI_AGI_R1_X1,False,unmatched,,False,False,missing,other,missing,2025-02-28,,
LeroyDyer/_Spydaz_Web_AI_AGI_R1_X2,False,unmatched,,False,False,missing,other,missing,2025-02-28,,
LeroyDyer/_Spydaz_Web_AI_AGI_RP_R1,False,unmatched,,False,False,permissive,chat_finetuned,missing,2025-02-28,,
LeroyDyer/_Spydaz_Web_AI_BIBLE_002,False,unmatched,,False,False,permissive,chat_finetuned,missing,2024-09-14,,
LeroyDyer/_Spydaz_Web_AI_ChatML_002,False,unmatched,,False,False,missing,chat_finetuned,missing,2024-09-01,,
LeroyDyer/_Spydaz_Web_AI_ChatQA,False,unmatched,,False,False,missing,chat_finetuned,missing,2024-08-06,,
LeroyDyer/_Spydaz_Web_AI_ChatQA_003,False,unmatched,,False,False,missing,chat_finetuned,missing,2024-09-14,,
LeroyDyer/_Spydaz_Web_AI_TEMP_,False,unmatched,,False,False,missing,other,missing,2025-03-13,,
LeroyDyer/_Spydaz_Web_AI_Top_Teacher_,False,unmatched,,False,False,missing,other,missing,2025-03-13,,
LightningRodLabs/Flashlight-v1.0,False,unmatched,,False,False,permissive,chat_finetuned,missing,2025-01-18,,
LightningRodLabs/Flashlight-v1.1,False,unmatched,,False,False,unclear,chat_finetuned,missing,2025-01-24,,
LightningRodLabs/Flashlight-v1.2,False,unmatched,,False,False,unclear,chat_finetuned,missing,2025-01-30,,
Lil-R/2_PRYMMAL-ECE-2B-SLERP-V1,False,unmatched,,False,False,permissive,other,missing,2024-11-07,,
Lil-R/2_PRYMMAL-ECE-2B-SLERP-V2,False,unmatched,,False,False,permissive,other,missing,2024-11-05,,
Lil-R/2_PRYMMAL-ECE-7B-SLERP,False,unmatched,,False,False,permissive,other,missing,2024-11-04,,
Lil-R/2_PRYMMAL-ECE-7B-SLERP-V1,False,unmatched,,False,False,permissive,other,missing,2024-10-28,,
Lil-R/2_PRYMMAL-ECE-7B-SLERP-V2,False,unmatched,,False,False,permissive,other,missing,2024-10-28,,
Lil-R/2_PRYMMAL-ECE-7B-SLERP-V3,False,unmatched,,False,False,missing,other,missing,2024-10-28,,
Lil-R/PRYMMAL-ECE-1B-SLERP-V1,False,unmatched,,False,False,permissive,other,missing,2024-10-29,,
Lil-R/PRYMMAL-ECE-7B-SLERP-V8,False,unmatched,,False,False,permissive,other,missing,2024-10-28,,
LilRg/10PRYMMAL-3B-slerp,False,unmatched,,False,False,permissive,other,missing,2024-09-24,,
LilRg/ECE-1B-merge-PRYMMAL,False,unmatched,,False,False,permissive,other,missing,2024-10-07,,
LilRg/ECE_Finetunning,False,unmatched,,False,False,permissive,chat_finetuned,missing,2024-09-28,,
LilRg/PRYMMAL-6B-slerp,False,unmatched,,False,False,permissive,other,missing,2024-09-24,,
LilRg/PRYMMAL-ECE-7B-SLERP-V3,False,unmatched,,False,False,missing,other,missing,2024-10-26,,
LilRg/PRYMMAL-ECE-7B-SLERP-V4,False,unmatched,,False,False,missing,other,missing,2024-10-26,,
LilRg/PRYMMAL-ECE-7B-SLERP-V5,False,unmatched,,False,False,missing,other,missing,2024-10-26,,
LilRg/PRYMMAL-ECE-7B-SLERP-V6,False,unmatched,,False,False,missing,other,missing,2024-10-26,,
LilRg/PRYMMAL-ECE-7B-SLERP-V7,False,unmatched,,False,False,missing,other,missing,2024-10-26,,
LilRg/PRYMMAL-slerp-Merge,False,unmatched,,False,False,permissive,other,missing,2024-09-24,,
LimYeri/CodeMind-Llama3-8B-unsloth_v2-merged,False,unmatched,,False,False,permissive,chat_finetuned,missing,2024-08-28,,
LimYeri/CodeMind-Llama3-8B-unsloth_v3-merged,False,unmatched,,False,False,missing,chat_finetuned,missing,2024-08-28,,
LimYeri/CodeMind-Llama3-8B-unsloth_v4-one-DPO-merged,False,unmatched,,False,False,permissive,chat_finetuned,missing,2024-08-28,,
LimYeri/CodeMind-Llama3-8B-unsloth_v4-one-merged,False,unmatched,,False,False,permissive,chat_finetuned,missing,2024-08-28,,
LimYeri/CodeMind-Llama3.1-8B-unsloth-merged,False,unmatched,,False,False,permissive,chat_finetuned,missing,2024-08-31,,
Locutusque/CollectiveLM-Falcon-3-7B,False,unmatched,,False,False,missing,chat_finetuned,missing,2025-01-08,,
Locutusque/Hercules-6.0-Llama-3.1-8B,False,unmatched,,False,False,custom,chat_finetuned,missing,2024-09-26,,
Locutusque/Hercules-6.1-Llama-3.1-8B,False,unmatched,,False,False,custom,chat_finetuned,missing,2024-10-01,,
Locutusque/Llama-3-NeuralHercules-5.0-8B,False,unmatched,,False,False,custom,chat_finetuned,missing,2024-06-26,,
Locutusque/Llama-3-Yggdrasil-2.0-8B,False,unmatched,,False,False,missing,other,missing,2024-06-26,,
Locutusque/TinyMistral-248M-v2.5,False,unmatched,,False,False,permissive,pretrained,missing,2024-09-17,,
Luni/StarDust-12b-v1,False,unmatched,,False,False,permissive,other,missing,2024-09-03,,
Luni/StarDust-12b-v2,False,unmatched,,False,False,permissive,other,missing,2024-09-03,,
Lunzima/NQLSG-Qwen2.5-14B-MegaFusion-v3,False,unmatched,,False,False,missing,other,missing,2025-02-18,,
Lunzima/NQLSG-Qwen2.5-14B-MegaFusion-v4,False,unmatched,,False,False,permissive,chat_finetuned,missing,2025-02-19,,
Lunzima/NQLSG-Qwen2.5-14B-MegaFusion-v5,False,unmatched,,False,False,permissive,chat_finetuned,missing,2025-02-20,,
Lunzima/NQLSG-Qwen2.5-14B-MegaFusion-v6,False,unmatched,,False,False,missing,chat_finetuned,missing,2025-02-25,,
Lunzima/NQLSG-Qwen2.5-14B-MegaFusion-v6-cpt,False,unmatched,,False,False,missing,chat_finetuned,missing,2025-02-26,,
Lunzima/NQLSG-Qwen2.5-14B-MegaFusion-v7,False,unmatched,,False,False,missing,other,missing,2025-02-28,,
Lunzima/NQLSG-Qwen2.5-14B-MegaFusion-v7-rebase,False,unmatched,,False,False,missing,other,missing,2025-02-28,,
Lunzima/NQLSG-Qwen2.5-14B-MegaFusion-v8,False,unmatched,,False,False,permissive,other,missing,2025-03-09,,
Lunzima/NQLSG-Qwen2.5-14B-MegaFusion-v8.5,False,unmatched,,False,False,missing,other,missing,2025-02-28,,
Lunzima/NQLSG-Qwen2.5-14B-MegaFusion-v8.6,False,unmatched,,False,False,missing,other,missing,2025-03-01,,
Lunzima/NQLSG-Qwen2.5-14B-MegaFusion-v8.7,False,unmatched,,False,False,permissive,other,missing,2025-03-09,,
Lunzima/NQLSG-Qwen2.5-14B-MegaFusion-v8.8,False,unmatched,,False,False,missing,other,missing,2025-03-01,,
Lunzima/NQLSG-Qwen2.5-14B-MegaFusion-v8.9,False,unmatched,,False,False,permissive,other,missing,2025-03-09,,
Lunzima/NQLSG-Qwen2.5-14B-MegaFusion-v9,False,unmatched,,False,False,missing,other,missing,2025-03-07,,
Lunzima/NQLSG-Qwen2.5-14B-MegaFusion-v9-stock,False,unmatched,,False,False,missing,other,missing,2025-03-07,,
Lunzima/NQLSG-Qwen2.5-14B-MegaFusion-v9.1,False,unmatched,,False,False,missing,other,missing,2025-03-10,,
Lunzima/NQLSG-Qwen2.5-14B-MegaFusion-v9.2,False,unmatched,,False,False,permissive,other,missing,2025-03-13,,
Lunzima/NQLSG-Qwen2.5-14B-OriginalFusion,False,unmatched,,False,False,missing,other,missing,2025-03-01,,
Lyte/Llama-3.1-8B-Instruct-Reasoner-1o1_v0.3,False,unmatched,,False,False,missing,chat_finetuned,missing,2024-09-17,,
Lyte/Llama-3.2-1B-Instruct-COT-RL-Expriement1-EP04,False,unmatched,,False,False,missing,chat_finetuned,missing,2024-09-26,,
Lyte/Llama-3.2-3B-Overthinker,False,unmatched,,False,False,permissive,chat_finetuned,missing,2024-10-18,,
M4-ai/TinyMistral-248M-v3,False,unmatched,,False,False,permissive,pretrained,missing,2024-10-18,,
MEscriva/ECE-PRYMMAL-0.5B-FT-V5-MUSR-Mathis,False,unmatched,,False,False,missing,chat_finetuned,missing,2024-11-19,,
MLP-KTLim/llama-3-Korean-Bllossom-8B,False,unmatched,,False,False,custom,chat_finetuned,missing,2024-07-09,,
MTSAIR/Cotype-Nano,False,unmatched,,False,False,unclear,chat_finetuned,missing,2024-12-01,,
MTSAIR/MultiVerse_70B,True,normalized_exact_owner,Yes,True,False,unclear,chat_finetuned,missing,2024-06-29,2024-03-25,96.0
Magpie-Align/Llama-3-8B-Magpie-Align-SFT-v0.1,False,unmatched,,False,False,custom,chat_finetuned,missing,2024-09-17,,
Magpie-Align/Llama-3-8B-Magpie-Align-SFT-v0.3,False,unmatched,,False,False,custom,chat_finetuned,missing,2024-08-06,,
Magpie-Align/Llama-3-8B-Magpie-Align-v0.1,False,unmatched,,False,False,custom,chat_finetuned,missing,2024-07-03,,
Magpie-Align/Llama-3-8B-Magpie-Align-v0.1,False,unmatched,,False,False,custom,chat_finetuned,missing,2024-07-03,,
Magpie-Align/Llama-3-8B-Magpie-Align-v0.3,False,unmatched,,False,False,custom,chat_finetuned,missing,2024-08-06,,
Magpie-Align/Llama-3.1-8B-Magpie-Align-SFT-v0.1,False,unmatched,,False,False,custom,chat_finetuned,missing,2024-09-17,,
Magpie-Align/Llama-3.1-8B-Magpie-Align-v0.1,False,unmatched,,False,False,custom,chat_finetuned,missing,2024-09-17,,
Magpie-Align/MagpieLM-8B-Chat-v0.1,False,unmatched,,False,False,custom,chat_finetuned,missing,2024-09-19,,
Magpie-Align/MagpieLM-8B-SFT-v0.1,False,unmatched,,False,False,custom,chat_finetuned,missing,2024-09-19,,
MagusCorp/grpo_lora_enem_llama3_7b,False,unmatched,,False,False,permissive,other,missing,2025-02-11,,
ManoloPueblo/ContentCuisine_1-7B-slerp,False,unmatched,,False,False,missing,other,missing,2024-11-12,,
ManoloPueblo/LLM_MERGE_CC2,False,unmatched,,False,False,permissive,other,missing,2024-11-12,,
ManoloPueblo/LLM_MERGE_CC3,False,unmatched,,False,False,permissive,other,missing,2024-11-12,,
MarinaraSpaghetti/NemoReRemix-12B,False,unmatched,,False,False,missing,other,missing,2024-09-17,,
MarinaraSpaghetti/Nemomix-v4.0-12B,False,unmatched,,False,False,missing,other,missing,2024-08-02,,
Marsouuu/MiniMathExpert-2_61B-ECE-PRYMMAL-Martial,False,unmatched,,False,False,permissive,other,missing,2024-10-06,,
Marsouuu/MiniQwenMathExpert-ECE-PRYMMAL-Martial,False,unmatched,,False,False,missing,other,missing,2024-10-07,,
Marsouuu/MistralBase-4x7B-MoE-ECE-PRYMMAL-Martial,False,unmatched,,False,False,permissive,other,missing,2024-10-03,,
Marsouuu/general3B-ECE-PRYMMAL-Martial,False,unmatched,,False,False,permissive,other,missing,2024-10-23,,
Marsouuu/general3Bv2-ECE-PRYMMAL-Martial,False,unmatched,,False,False,permissive,chat_finetuned,missing,2024-11-06,,
Marsouuu/lareneg1_78B-ECE-PRYMMAL-Martial,False,unmatched,,False,False,permissive,other,missing,2024-10-23,,
Marsouuu/lareneg3B-ECE-PRYMMAL-Martial,False,unmatched,,False,False,permissive,other,missing,2024-11-06,,
Marsouuu/lareneg3Bv2-ECE-PRYMMAL-Martial,False,unmatched,,False,False,permissive,other,missing,2024-11-06,,
MaziyarPanahi/Calme-4x7B-MoE-v0.1,False,unmatched,,False,False,permissive,other,missing,2024-08-05,,
MaziyarPanahi/Calme-4x7B-MoE-v0.2,False,unmatched,,False,False,permissive,other,missing,2024-08-05,,
MaziyarPanahi/Llama-3-70B-Instruct-v0.1,False,unmatched,,False,False,custom,chat_finetuned,missing,2024-06-26,,
MaziyarPanahi/Llama-3-8B-Instruct-v0.10,False,unmatched,,False,False,unclear,chat_finetuned,missing,2024-06-26,,
MaziyarPanahi/Llama-3-8B-Instruct-v0.8,False,unmatched,,False,False,unclear,chat_finetuned,missing,2024-07-11,,
MaziyarPanahi/Llama-3-8B-Instruct-v0.9,False,unmatched,,False,False,unclear,chat_finetuned,missing,2024-08-06,,
MaziyarPanahi/Qwen1.5-MoE-A2.7B-Wikihow,False,unmatched,,False,False,permissive,chat_finetuned,missing,2024-09-12,,
MaziyarPanahi/Qwen2-7B-Instruct-v0.1,False,unmatched,,False,False,permissive,chat_finetuned,missing,2024-07-07,,
MaziyarPanahi/Qwen2-7B-Instruct-v0.8,False,unmatched,,False,False,permissive,chat_finetuned,missing,2024-07-07,,
MaziyarPanahi/calme-2.1-llama3.1-70b,False,unmatched,,False,False,missing,chat_finetuned,missing,2024-07-24,,
MaziyarPanahi/calme-2.1-phi3-4b,False,unmatched,,False,False,permissive,chat_finetuned,missing,2024-06-26,,
MaziyarPanahi/calme-2.1-phi3.5-4b,False,unmatched,,False,False,permissive,chat_finetuned,missing,2024-08-23,,
MaziyarPanahi/calme-2.1-qwen2-72b,False,unmatched,,False,False,unclear,chat_finetuned,missing,2024-06-26,,
MaziyarPanahi/calme-2.1-qwen2-7b,False,unmatched,,False,False,permissive,chat_finetuned,missing,2024-09-18,,
MaziyarPanahi/calme-2.1-qwen2.5-72b,False,unmatched,,False,False,unclear,chat_finetuned,missing,2024-09-26,,
MaziyarPanahi/calme-2.1-rys-78b,False,unmatched,,False,False,permissive,chat_finetuned,missing,2024-08-08,,
MaziyarPanahi/calme-2.2-llama3-70b,False,unmatched,,False,False,custom,chat_finetuned,missing,2024-06-26,,
MaziyarPanahi/calme-2.2-llama3.1-70b,False,unmatched,,False,False,missing,chat_finetuned,missing,2024-09-09,,
MaziyarPanahi/calme-2.2-phi3-4b,False,unmatched,,False,False,permissive,chat_finetuned,missing,2024-06-26,,
MaziyarPanahi/calme-2.2-qwen2-72b,False,unmatched,,False,False,unclear,chat_finetuned,missing,2024-08-06,,
MaziyarPanahi/calme-2.2-qwen2-7b,False,unmatched,,False,False,permissive,chat_finetuned,missing,2024-09-18,,
MaziyarPanahi/calme-2.2-qwen2.5-72b,False,unmatched,,False,False,unclear,chat_finetuned,missing,2024-09-26,,
MaziyarPanahi/calme-2.2-rys-78b,False,unmatched,,False,False,permissive,chat_finetuned,missing,2024-08-08,,
MaziyarPanahi/calme-2.3-llama3-70b,False,unmatched,,False,False,custom,chat_finetuned,missing,2024-08-30,,
MaziyarPanahi/calme-2.3-llama3.1-70b,False,unmatched,,False,False,missing,chat_finetuned,missing,2024-09-18,,
MaziyarPanahi/calme-2.3-phi3-4b,False,unmatched,,False,False,permissive,chat_finetuned,missing,2024-06-26,,
MaziyarPanahi/calme-2.3-qwen2-72b,False,unmatched,,False,False,unclear,chat_finetuned,missing,2024-09-15,,
MaziyarPanahi/calme-2.3-qwen2-7b,False,unmatched,,False,False,permissive,chat_finetuned,missing,2024-09-18,,
MaziyarPanahi/calme-2.3-rys-78b,False,unmatched,,False,False,permissive,chat_finetuned,missing,2024-09-03,,
MaziyarPanahi/calme-2.4-llama3-70b,False,unmatched,,False,False,custom,chat_finetuned,missing,2024-06-26,,
MaziyarPanahi/calme-2.4-qwen2-7b,False,unmatched,,False,False,permissive,chat_finetuned,missing,2024-09-18,,
MaziyarPanahi/calme-2.4-rys-78b,False,unmatched,,False,False,permissive,chat_finetuned,missing,2024-09-03,,
MaziyarPanahi/calme-2.5-qwen2-7b,False,unmatched,,False,False,permissive,chat_finetuned,missing,2024-09-29,,
MaziyarPanahi/calme-2.6-qwen2-7b,False,unmatched,,False,False,permissive,chat_finetuned,missing,2024-09-29,,
MaziyarPanahi/calme-2.7-qwen2-7b,False,unmatched,,False,False,permissive,chat_finetuned,missing,2024-09-18,,
MaziyarPanahi/calme-3.1-baguette-3b,False,unmatched,,False,False,unclear,chat_finetuned,missing,2024-11-08,,
MaziyarPanahi/calme-3.1-instruct-3b,False,unmatched,,False,False,unclear,chat_finetuned,missing,2024-11-08,,
MaziyarPanahi/calme-3.1-instruct-78b,False,unmatched,,False,False,unclear,chat_finetuned,missing,2024-11-27,,
MaziyarPanahi/calme-3.1-llamaloi-3b,False,unmatched,,False,False,custom,chat_finetuned,missing,2024-11-08,,
MaziyarPanahi/calme-3.2-baguette-3b,False,unmatched,,False,False,unclear,chat_finetuned,missing,2024-11-08,,
MaziyarPanahi/calme-3.2-instruct-3b,False,unmatched,,False,False,unclear,chat_finetuned,missing,2024-11-08,,
MaziyarPanahi/calme-3.2-instruct-78b,False,unmatched,,False,False,unclear,chat_finetuned,missing,2024-11-28,,
MaziyarPanahi/calme-3.3-baguette-3b,False,unmatched,,False,False,unclear,chat_finetuned,missing,2024-11-08,,
MaziyarPanahi/calme-3.3-instruct-3b,False,unmatched,,False,False,unclear,chat_finetuned,missing,2024-11-08,,
Minami-su/Amara-o1-7B-Qwen,False,unmatched,,False,False,permissive,chat_finetuned,missing,2025-01-08,,
Minami-su/Amara-o2-7B-Qwen,False,unmatched,,False,False,permissive,chat_finetuned,missing,2025-01-09,,
Minami-su/test-7B-00,False,unmatched,,False,False,missing,chat_finetuned,missing,2024-12-24,,
Minami-su/test-7B-01,False,unmatched,,False,False,missing,chat_finetuned,missing,2024-12-24,,
Minami-su/test-v2-7B-00,False,unmatched,,False,False,missing,chat_finetuned,missing,2024-12-25,,
ModelCloud/Llama-3.2-1B-Instruct-gptqmodel-4bit-vortex-v1,False,unmatched,,False,False,custom,chat_finetuned,missing,2025-01-02,,
ModelSpace/GemmaX2-28-9B-v0.1,False,unmatched,,False,False,custom,chat_finetuned,missing,2025-02-24,,
MoonRide/Llama-3.2-3B-Khelavaster,False,unmatched,,False,False,custom,other,missing,2025-03-10,,
Mostafa8Mehrabi/llama-3.2-1b-Insomnia-ChatBot-merged,False,unmatched,,False,False,missing,other,missing,2025-03-10,,
MrRobotoAI/MrRoboto-ProLong-8b-v4i,False,unmatched,,False,False,missing,other,missing,2024-12-29,,
MrRobotoAI/MrRoboto-ProLongBASE-pt8-unaligned-8b,False,unmatched,,False,False,missing,other,missing,2024-12-29,,
MultivexAI/Gladiator-Mini-Exp-1211-3B,False,unmatched,,False,False,permissive,chat_finetuned,missing,2024-12-11,,
MultivexAI/Gladiator-Mini-Exp-1221-3B-Instruct,False,unmatched,,False,False,permissive,chat_finetuned,missing,2024-12-20,,
MultivexAI/Gladiator-Mini-Exp-1221-3B-Instruct-V2,False,unmatched,,False,False,permissive,chat_finetuned,missing,2024-12-21,,
MultivexAI/Gladiator-Mini-Exp-1222-3B-Instruct,False,unmatched,,False,False,permissive,chat_finetuned,missing,2024-12-22,,
MultivexAI/Phi-3.5-Mini-Instruct-MultiVex-v0.25-GGUF,False,unmatched,,False,False,missing,chat_finetuned,missing,2024-11-13,,
Mxode/NanoLM-0.3B-Instruct-v1,False,unmatched,,False,False,custom,chat_finetuned,missing,2024-09-05,,
Mxode/NanoLM-0.3B-Instruct-v1.1,False,unmatched,,False,False,custom,chat_finetuned,missing,2024-09-05,,
Mxode/NanoLM-0.3B-Instruct-v2,False,unmatched,,False,False,custom,chat_finetuned,missing,2024-09-08,,
Mxode/NanoLM-1B-Instruct-v1.1,False,unmatched,,False,False,custom,chat_finetuned,missing,2024-09-08,,
Mxode/NanoLM-1B-Instruct-v2,False,unmatched,,False,False,custom,chat_finetuned,missing,2024-09-09,,
NAPS-ai/naps-gemma-2-27b-v-0.1.0,False,unmatched,,False,False,permissive,chat_finetuned,missing,2024-11-11,,
NAPS-ai/naps-gemma-2-27b-v0.1.0,False,unmatched,,False,False,permissive,chat_finetuned,missing,2024-11-11,,
NAPS-ai/naps-llama-3_1-8b-instruct-v0.3,False,unmatched,,False,False,permissive,chat_finetuned,missing,2024-09-30,,
NAPS-ai/naps-llama-3_1-8b-instruct-v0.4,False,unmatched,,False,False,permissive,chat_finetuned,missing,2024-09-30,,
NAPS-ai/naps-llama-3_1-instruct-v0.5.0,False,unmatched,,False,False,permissive,chat_finetuned,missing,2024-09-30,,
NAPS-ai/naps-llama-3_1_instruct-v0.6.0,False,unmatched,,False,False,permissive,chat_finetuned,missing,2024-11-13,,
NAPS-ai/naps-llama3.1-70B-v0.2-fp16,False,unmatched,,False,False,permissive,chat_finetuned,missing,2024-12-12,,
NCSOFT/Llama-VARCO-8B-Instruct,False,unmatched,,False,False,custom,chat_finetuned,missing,2024-12-21,,
NJS26/NJS_777,False,unmatched,,False,False,missing,other,missing,2025-02-27,,
NLPark/AnFeng_v3.1-Avocet,False,unmatched,,False,False,research-only,chat_finetuned,missing,2024-08-07,,
NLPark/B-and-W_Flycatcher-3AD1E,False,unmatched,,False,False,permissive,chat_finetuned,missing,2024-09-28,,
NLPark/Shi-Ci-Robin-Test_3AD80,False,unmatched,,False,False,custom,chat_finetuned,missing,2024-10-25,,
NTQAI/NxMobileLM-1.5B-SFT,False,unmatched,,False,False,permissive,chat_finetuned,missing,2025-01-15,,
NTQAI/Nxcode-CQ-7B-orpo,False,unmatched,,False,False,unclear,chat_finetuned,missing,2024-08-10,,
NYTK/PULI-GPTrio,False,normalized_exact_owner_mismatch,,False,False,research-only,pretrained,missing,2024-08-24,,
NYTK/PULI-LlumiX-32K,False,unmatched,,False,False,custom,pretrained,missing,2024-08-24,,
Naveenpoliasetty/llama3-8B-V2,False,unmatched,,False,False,missing,chat_finetuned,missing,2024-06-26,,
NbAiLab/nb-llama-3.1-8B-Instruct,False,unmatched,,False,False,missing,chat_finetuned,missing,2024-12-10,,
NbAiLab/nb-llama-3.1-8B-sft,False,unmatched,,False,False,custom,chat_finetuned,missing,2024-12-11,,
Nekochu/Llama-3.1-8B-German-ORPO,False,unmatched,,False,False,custom,chat_finetuned,missing,2024-09-24,,
Nekochu/Llama-3.1-8B-french-DPO,False,unmatched,,False,False,permissive,chat_finetuned,missing,2024-10-12,,
Nekochu/Luminia-13B-v3,False,unmatched,,False,False,permissive,chat_finetuned,missing,2024-09-25,,
Nekochu/Luminia-8B-RP,False,unmatched,,False,False,permissive,chat_finetuned,missing,2024-09-24,,
NeverSleep/Lumimaid-v0.2-12B,False,unmatched,,False,False,research-only,chat_finetuned,missing,2024-07-31,,
NeverSleep/Lumimaid-v0.2-8B,False,unmatched,,False,False,research-only,chat_finetuned,missing,2024-08-09,,
Nexesenex/Dolphin3.0-Llama3.1-1B-abliterated,False,unmatched,,False,False,custom,other,missing,2025-03-05,,
Nexesenex/Llama_3.1_8b_DeepDive_3_Prev_v1.0,False,unmatched,,False,False,custom,other,missing,2025-02-28,,
Nexesenex/Llama_3.1_8b_DeepDive_3_R1_Prev_v1.0,False,unmatched,,False,False,custom,other,missing,2025-02-27,,
Nexesenex/Llama_3.1_8b_DobHerWild_R1_v1.1R,False,unmatched,,False,False,custom,other,missing,2025-02-27,,
Nexesenex/Llama_3.1_8b_DoberWild_v2.01,False,unmatched,,False,False,custom,other,missing,2025-02-27,,
Nexesenex/Llama_3.1_8b_DoberWild_v2.02,False,unmatched,,False,False,custom,other,missing,2025-02-28,,
Nexesenex/Llama_3.1_8b_DoberWild_v2.03,False,unmatched,,False,False,custom,other,missing,2025-02-28,,
Nexesenex/Llama_3.1_8b_DodoWild_v2.01,False,unmatched,,False,False,custom,other,missing,2025-02-27,,
Nexesenex/Llama_3.1_8b_DodoWild_v2.02,False,unmatched,,False,False,custom,other,missing,2025-02-28,,
Nexesenex/Llama_3.1_8b_DodoWild_v2.03,False,unmatched,,False,False,custom,other,missing,2025-02-28,,
Nexesenex/Llama_3.1_8b_DodoWild_v2.10,False,unmatched,,False,False,custom,other,missing,2025-03-01,,
Nexesenex/Llama_3.1_8b_Dolermed_R1_V1.01,False,unmatched,,False,False,custom,other,missing,2025-02-28,,
Nexesenex/Llama_3.1_8b_Dolermed_R1_V1.03,False,unmatched,,False,False,custom,other,missing,2025-02-28,,
Nexesenex/Llama_3.1_8b_Dolermed_V1.01,False,unmatched,,False,False,custom,other,missing,2025-02-28,,
Nexesenex/Llama_3.1_8b_Dolerstormed_V1.04,False,unmatched,,False,False,custom,other,missing,2025-03-01,,
Nexesenex/Llama_3.1_8b_Hermedash_R1_V1.04,False,unmatched,,False,False,custom,other,missing,2025-02-28,,
Nexesenex/Llama_3.1_8b_Hermedive_R1_V1.01,False,unmatched,,False,False,custom,other,missing,2025-02-28,,
Nexesenex/Llama_3.1_8b_Hermedive_R1_V1.03,False,unmatched,,False,False,custom,other,missing,2025-02-28,,
Nexesenex/Llama_3.1_8b_Hermedive_V1.01,False,unmatched,,False,False,custom,other,missing,2025-02-28,,
Nexesenex/Llama_3.1_8b_Mediver_V1.01,False,unmatched,,False,False,custom,other,missing,2025-02-27,,
Nexesenex/Llama_3.1_8b_Medusa_v1.01,False,unmatched,,False,False,custom,other,missing,2025-02-27,,
Nexesenex/Llama_3.1_8b_Smarteaz_0.2_R1,False,unmatched,,False,False,custom,other,missing,2025-02-27,,
Nexesenex/Llama_3.1_8b_Smarteaz_V1.01,False,unmatched,,False,False,custom,other,missing,2025-02-27,,
Nexesenex/Llama_3.1_8b_Stormeder_v1.04,False,unmatched,,False,False,custom,other,missing,2025-02-28,,
Nexesenex/Llama_3.1_8b_Typhoon_v1.03,False,unmatched,,False,False,custom,other,missing,2025-02-28,,
Nexesenex/Llama_3.2_1b_AquaSyn_0.1,False,unmatched,,False,False,custom,other,missing,2025-02-22,,
Nexesenex/Llama_3.2_1b_AquaSyn_0.11,False,unmatched,,False,False,missing,other,missing,2025-02-26,,
Nexesenex/Llama_3.2_1b_Dolto_0.1,False,unmatched,,False,False,custom,other,missing,2025-02-22,,
Nexesenex/Llama_3.2_1b_Odyssea_V1,False,unmatched,,False,False,custom,other,missing,2025-02-22,,
Nexesenex/Llama_3.2_1b_Odyssea_V1.01,False,unmatched,,False,False,missing,other,missing,2025-02-26,,
Nexesenex/Llama_3.2_1b_OpenTree_R1_0.1,False,unmatched,,False,False,custom,other,missing,2025-02-22,,
Nexesenex/Llama_3.2_1b_OrcaSun_V1,False,unmatched,,False,False,custom,other,missing,2025-03-06,,
Nexesenex/Llama_3.2_1b_RandomLego_RP_R1_0.1,False,unmatched,,False,False,custom,other,missing,2025-02-22,,
Nexesenex/Llama_3.2_1b_SunOrca_V1,False,unmatched,,False,False,custom,other,missing,2025-03-06,,
Nexesenex/Llama_3.2_1b_Sydonia_0.1,False,unmatched,,False,False,custom,other,missing,2025-02-22,,
Nexesenex/Llama_3.2_1b_Syneridol_0.2,False,unmatched,,False,False,custom,other,missing,2025-02-22,,
Nexesenex/Llama_3.2_1b_Synopsys_0.1,False,unmatched,,False,False,custom,other,missing,2025-02-22,,
Nexesenex/Llama_3.2_1b_Synopsys_0.11,False,unmatched,,False,False,missing,other,missing,2025-02-26,,
Nexesenex/Llama_3.2_3b_Kermes_v1,False,unmatched,,False,False,custom,other,missing,2025-02-13,,
Nexesenex/Llama_3.2_3b_Kermes_v2,False,unmatched,,False,False,custom,other,missing,2025-02-12,,
Nexesenex/Llama_3.2_3b_Kermes_v2.1,False,unmatched,,False,False,custom,other,missing,2025-02-13,,
Nexesenex/Nemotron_W_4b_Halo_0.1,False,unmatched,,False,False,missing,other,missing,2025-02-21,,
Nexesenex/Nemotron_W_4b_MagLight_0.1,False,unmatched,,False,False,missing,other,missing,2025-02-21,,
Nexesenex/Qwen_2.5_3b_Smarteaz_0.01a,False,unmatched,,False,False,missing,other,missing,2025-02-27,,
Nexesenex/pankajmathur_orca_mini_v9_6_1B-instruct-Abliterated-LPL,False,unmatched,,False,False,custom,other,missing,2025-03-05,,
Nexusflow/NexusRaven-V2-13B,False,unmatched,,False,False,unclear,chat_finetuned,missing,2024-06-12,,
NikolaSigmoid/AceMath-1.5B-Instruct-1epoch,False,unmatched,,False,False,missing,chat_finetuned,missing,2025-03-06,,
NikolaSigmoid/AceMath-1.5B-Instruct-dolphin-r1-200,False,unmatched,,False,False,permissive,chat_finetuned,missing,2025-03-06,,
NikolaSigmoid/DeepSeek-R1-Distill-Qwen-1.5B-500,False,unmatched,,False,False,permissive,chat_finetuned,missing,2025-03-04,,
NikolaSigmoid/acemath-200,False,unmatched,,False,False,permissive,chat_finetuned,missing,2025-03-04,,
NikolaSigmoid/phi-4-14b,False,unmatched,,False,False,permissive,chat_finetuned,missing,2025-02-28,,
NikolaSigmoid/phi-4-1steps,False,unmatched,,False,False,permissive,chat_finetuned,missing,2025-03-06,,
NikolaSigmoid/phi-4-300steps,False,unmatched,,False,False,permissive,chat_finetuned,missing,2025-03-07,,
Nitral-AI/Captain-Eris-BMO_Violent-GRPO-v0.420,False,unmatched,,False,False,unclear,other,missing,2025-02-23,,
Nitral-AI/Captain-Eris_BMO-Violent-12B,False,unmatched,,False,False,unclear,other,missing,2025-02-23,,
Nitral-AI/Captain-Eris_Violet-GRPO-v0.420,False,unmatched,,False,False,unclear,chat_finetuned,missing,2025-02-17,,
Nitral-AI/Captain-Eris_Violet-V0.420-12B,False,unmatched,,False,False,unclear,other,missing,2025-01-04,,
Nitral-AI/Captain_BMO-12B,False,unmatched,,False,False,unclear,chat_finetuned,missing,2025-01-04,,
Nitral-AI/Hathor_Stable-v0.2-L3-8B,False,unmatched,,False,False,unclear,chat_finetuned,missing,2024-07-02,,
Nitral-AI/Hathor_Tahsin-L3-8B-v0.85,False,unmatched,,False,False,unclear,chat_finetuned,missing,2025-01-26,,
Nitral-AI/Nera_Noctis-12B,False,unmatched,,False,False,unclear,chat_finetuned,missing,2025-01-26,,
Nohobby/MS-Schisandra-22B-v0.1,False,unmatched,,False,False,unclear,other,missing,2024-10-30,,
Nohobby/MS-Schisandra-22B-v0.2,False,unmatched,,False,False,unclear,other,missing,2024-11-02,,
Norquinal/Alpha,False,unmatched,,False,False,missing,chat_finetuned,missing,2024-11-30,,
Norquinal/Bravo,False,unmatched,,False,False,missing,chat_finetuned,missing,2024-11-30,,
Norquinal/Charlie,False,unmatched,,False,False,missing,chat_finetuned,missing,2024-11-30,,
Norquinal/Delta,False,unmatched,,False,False,missing,chat_finetuned,missing,2024-11-30,,
Norquinal/Echo,False,unmatched,,False,False,missing,chat_finetuned,missing,2024-11-30,,
Norquinal/Foxtrot,False,unmatched,,False,False,missing,chat_finetuned,missing,2024-11-30,,
Norquinal/Golf,False,unmatched,,False,False,missing,chat_finetuned,missing,2024-11-30,,
Norquinal/Hotel,False,unmatched,,False,False,missing,chat_finetuned,missing,2024-11-30,,
NotASI/FineTome-Llama3.2-1B-0929,False,unmatched,,False,False,custom,chat_finetuned,missing,2024-10-04,,
NotASI/FineTome-Llama3.2-3B-1002,False,unmatched,,False,False,custom,chat_finetuned,missing,2024-10-05,,
NotASI/FineTome-v1.5-Llama3.2-1B-1007,False,unmatched,,False,False,custom,chat_finetuned,missing,2024-10-07,,
NotASI/FineTome-v1.5-Llama3.2-3B-1007,False,unmatched,,False,False,custom,chat_finetuned,missing,2024-10-07,,
NousResearch/DeepHermes-3-Mistral-24B-Preview,False,unmatched,,False,False,permissive,chat_finetuned,missing,2025-03-13,,
NousResearch/Hermes-2-Pro-Llama-3-8B,False,unmatched,,False,False,custom,chat_finetuned,missing,2024-06-13,,
NousResearch/Hermes-2-Pro-Mistral-7B,False,unmatched,,False,False,permissive,chat_finetuned,missing,2024-06-12,,
NousResearch/Hermes-2-Theta-Llama-3-8B,False,unmatched,,False,False,permissive,chat_finetuned,missing,2024-07-11,,
NousResearch/Hermes-3-Llama-3.1-70B,False,unmatched,,False,False,custom,chat_finetuned,missing,2024-08-28,,
NousResearch/Hermes-3-Llama-3.1-8B,False,unmatched,,False,False,custom,chat_finetuned,missing,2024-08-28,,
NousResearch/Hermes-3-Llama-3.2-3B,False,unmatched,,False,False,custom,chat_finetuned,missing,2024-12-20,,
NousResearch/Nous-Hermes-2-Mistral-7B-DPO,False,unmatched,,False,False,permissive,chat_finetuned,missing,2024-06-12,,
NousResearch/Nous-Hermes-2-Mixtral-8x7B-DPO,False,unmatched,,False,False,permissive,chat_finetuned,missing,2024-07-27,,
NousResearch/Nous-Hermes-2-Mixtral-8x7B-SFT,False,unmatched,,False,False,permissive,chat_finetuned,missing,2024-06-12,,
NousResearch/Nous-Hermes-2-SOLAR-10.7B,False,unmatched,,False,False,permissive,chat_finetuned,missing,2024-06-12,,
NousResearch/Nous-Hermes-llama-2-7b,False,unmatched,,False,False,permissive,chat_finetuned,missing,2024-06-12,,
NousResearch/Yarn-Llama-2-13b-128k,False,unmatched,,False,False,missing,pretrained,missing,2024-06-13,,
NousResearch/Yarn-Llama-2-7b-128k,False,unmatched,,False,False,missing,pretrained,missing,2024-06-13,,
NousResearch/Yarn-Llama-2-7b-64k,False,unmatched,,False,False,missing,pretrained,missing,2024-06-13,,
NousResearch/Yarn-Mistral-7b-128k,False,unmatched,,False,False,permissive,pretrained,missing,2024-06-12,,
NousResearch/Yarn-Mistral-7b-64k,False,unmatched,,False,False,permissive,pretrained,missing,2024-06-12,,
NousResearch/Yarn-Solar-10b-32k,False,unmatched,,False,False,permissive,pretrained,missing,2024-06-12,,
NousResearch/Yarn-Solar-10b-64k,False,unmatched,,False,False,permissive,pretrained,missing,2024-06-12,,
Novaciano/ASTAROTH-3.2-1B,False,unmatched,,False,False,missing,other,missing,2025-03-10,,
Novaciano/BLAST_PROCESSING-3.2-1B,False,unmatched,,False,False,missing,other,missing,2025-03-09,,
Novaciano/Cerberus-3.2-1B,False,unmatched,,False,False,missing,other,missing,2025-03-10,,
Novaciano/Cultist-3.2-1B,False,unmatched,,False,False,missing,other,missing,2025-03-10,,
Novaciano/FuseChat-3.2-1B-GRPO_Creative_RP,False,unmatched,,False,False,missing,other,missing,2025-03-10,,
Novaciano/Fusetrix-3.2-1B-GRPO_RP_Creative,False,unmatched,,False,False,missing,other,missing,2025-03-10,,
Novaciano/Fusetrix-Dolphin-3.2-1B-GRPO_Creative_RP,False,unmatched,,False,False,missing,other,missing,2025-03-10,,
Novaciano/HarmfulProject-3.2-1B,False,unmatched,,False,False,missing,other,missing,2025-03-09,,
Novaciano/LEWD-Mental-Cultist-3.2-1B,False,unmatched,,False,False,missing,other,missing,2025-03-10,,
Novaciano/La_Mejor_Mezcla-3.2-1B,False,unmatched,,False,False,permissive,other,missing,2025-03-10,,
Novaciano/Sigil-Of-Satan-3.2-1B,False,unmatched,,False,False,missing,other,missing,2025-03-10,,
NucleusAI/nucleus-22B-token-500B,False,unmatched,,False,False,permissive,pretrained,missing,2024-06-26,,
NyxKrage/Microsoft_Phi-4,False,unmatched,,False,False,unclear,chat_finetuned,missing,2024-12-21,,
OEvortex/Emotional-llama-8B,False,unmatched,,False,False,custom,other,missing,2024-12-29,,
OEvortex/HelpingAI-15B,False,unmatched,,False,False,unclear,pretrained,missing,2024-07-13,,
OEvortex/HelpingAI-3B-reloaded,False,unmatched,,False,False,unclear,pretrained,missing,2024-10-31,,
OEvortex/HelpingAI2-9B,False,unmatched,,False,False,unclear,pretrained,missing,2024-10-11,,
OEvortex/HelpingAI2.5-10B,False,unmatched,,False,False,unclear,pretrained,missing,2024-11-19,,
OliveiraJLT/Sagui-7B-Instruct-v0.1,False,unmatched,,False,False,unclear,chat_finetuned,missing,2024-07-18,,
Omkar1102/code-yi,False,unmatched,,False,False,missing,other,missing,2024-11-16,,
Omkar1102/code-yi,False,unmatched,,False,False,missing,chat_finetuned,missing,2024-11-16,,
OmnicromsBrain/NeuralStar_FusionWriter_4x7b,False,unmatched,,False,False,permissive,other,missing,2024-07-01,,
OnlyCheeini/greesychat-turbo,False,unmatched,,False,False,permissive,chat_finetuned,missing,2024-12-18,,
Open-Orca/Mistral-7B-OpenOrca,False,unmatched,,False,False,permissive,chat_finetuned,missing,2024-06-12,,
OpenAssistant/oasst-sft-1-pythia-12b,False,unmatched,,False,False,permissive,chat_finetuned,missing,2024-06-12,,
OpenBuddy/openbuddy-falcon3-10b-v24.2-131k,False,unmatched,,False,False,missing,chat_finetuned,missing,2025-01-02,,
OpenBuddy/openbuddy-llama3-70b-v21.2-32k,False,unmatched,,False,False,unclear,chat_finetuned,missing,2024-09-05,,
OpenBuddy/openbuddy-llama3-8b-v21.1-8k,False,unmatched,,False,False,unclear,chat_finetuned,missing,2024-08-03,,
OpenBuddy/openbuddy-llama3-8b-v21.2-32k,False,unmatched,,False,False,unclear,chat_finetuned,missing,2024-06-26,,
OpenBuddy/openbuddy-llama3.1-70b-v22.1-131k,False,unmatched,,False,False,unclear,chat_finetuned,missing,2024-08-24,,
OpenBuddy/openbuddy-llama3.1-8b-v22.2-131k,False,unmatched,,False,False,unclear,chat_finetuned,missing,2024-07-29,,
OpenBuddy/openbuddy-llama3.1-8b-v22.3-131k,False,unmatched,,False,False,unclear,chat_finetuned,missing,2024-08-24,,
OpenBuddy/openbuddy-llama3.2-1b-v23.1-131k,False,unmatched,,False,False,custom,chat_finetuned,missing,2024-10-09,,
OpenBuddy/openbuddy-llama3.2-3b-v23.2-131k,False,unmatched,,False,False,custom,chat_finetuned,missing,2024-10-15,,
OpenBuddy/openbuddy-llama3.3-70b-v24.1-131k,False,unmatched,,False,False,custom,chat_finetuned,missing,2024-12-08,,
OpenBuddy/openbuddy-mixtral-7bx8-v18.1-32k,False,unmatched,,False,False,permissive,chat_finetuned,missing,2024-06-26,,
OpenBuddy/openbuddy-nemotron-70b-v23.1-131k,False,unmatched,,False,False,custom,chat_finetuned,missing,2024-10-23,,
OpenBuddy/openbuddy-nemotron-70b-v23.2-131k,False,unmatched,,False,False,custom,chat_finetuned,missing,2024-10-24,,
OpenBuddy/openbuddy-qwen2.5llamaify-14b-v23.1-200k,False,unmatched,,False,False,permissive,chat_finetuned,missing,2024-09-23,,
OpenBuddy/openbuddy-qwen2.5llamaify-14b-v23.3-200k,False,unmatched,,False,False,permissive,chat_finetuned,missing,2024-10-11,,
OpenBuddy/openbuddy-qwen2.5llamaify-7b-v23.1-200k,False,unmatched,,False,False,permissive,chat_finetuned,missing,2024-10-10,,
OpenBuddy/openbuddy-qwq-32b-v24.1-200k,False,unmatched,,False,False,permissive,chat_finetuned,missing,2024-12-22,,
OpenBuddy/openbuddy-qwq-32b-v24.2-200k,False,unmatched,,False,False,permissive,chat_finetuned,missing,2024-12-30,,
OpenBuddy/openbuddy-yi1.5-34b-v21.3-32k,False,unmatched,,False,False,permissive,chat_finetuned,missing,2024-08-30,,
OpenBuddy/openbuddy-zero-14b-v22.3-32k,False,unmatched,,False,False,unclear,chat_finetuned,missing,2024-07-29,,
OpenBuddy/openbuddy-zero-3b-v21.2-32k,False,unmatched,,False,False,unclear,chat_finetuned,missing,2024-06-26,,
OpenBuddy/openbuddy-zero-56b-v21.2-32k,False,unmatched,,False,False,unclear,other,missing,2024-06-26,,
OpenGenerativeAI/Bifrost,False,unmatched,,False,False,permissive,chat_finetuned,missing,2025-03-07,,
OpenGenerativeAI/Bifrost-14B,False,unmatched,,False,False,permissive,chat_finetuned,missing,2025-03-07,,
OpenLLM-France/Lucie-7B,False,unmatched,,False,False,permissive,pretrained,missing,2025-01-14,,
OpenLLM-France/Lucie-7B-Instruct,False,unmatched,,False,False,missing,chat_finetuned,missing,2025-01-14,,
OpenLLM-France/Lucie-7B-Instruct-human-data,False,unmatched,,False,False,permissive,chat_finetuned,missing,2025-01-14,,
OpenLLM-France/Lucie-7B-Instruct-v1.1,False,unmatched,,False,False,permissive,chat_finetuned,missing,2025-02-25,,
OpenLeecher/llama3-8b-lima,False,unmatched,,False,False,missing,chat_finetuned,missing,2024-10-01,,
OpenScholar/Llama-3.1_OpenScholar-8B,False,unmatched,,False,False,permissive,chat_finetuned,missing,2024-12-03,,
Orenguteng/Llama-3.1-8B-Lexi-Uncensored,False,unmatched,,False,False,custom,chat_finetuned,missing,2024-07-29,,
Orenguteng/Llama-3.1-8B-Lexi-Uncensored-V2,False,unmatched,,False,False,custom,chat_finetuned,missing,2024-08-28,,
Orion-zhen/Qwen2.5-7B-Instruct-Uncensored,False,unmatched,,False,False,custom,chat_finetuned,missing,2024-10-19,,
Orion-zhen/phi-4-abliterated,False,unmatched,,False,False,custom,chat_finetuned,missing,2024-12-20,,
P0x0/Astra-v1-12B,False,unmatched,,False,False,permissive,chat_finetuned,missing,2024-09-23,,
PJMixers/LLaMa-3-CursedStock-v2.0-8B,False,unmatched,,False,False,custom,other,missing,2024-06-27,,
PJMixers-Dev/L3.2-Instruct-Thinking-v0.1-1B,False,unmatched,,False,False,missing,chat_finetuned,missing,2025-01-11,,
PJMixers-Dev/LLaMa-3.1-Instruct-Interleaved-Zeroed-13B,False,unmatched,,False,False,custom,chat_finetuned,missing,2024-12-18,,
PJMixers-Dev/LLaMa-3.1-RomboTiesTest-8B,False,unmatched,,False,False,missing,other,missing,2024-12-20,,
PJMixers-Dev/LLaMa-3.1-RomboTiesTest2-8B,False,unmatched,,False,False,missing,other,missing,2024-12-21,,
PJMixers-Dev/LLaMa-3.2-Instruct-JankMix-v0.1-SFT-3B,False,unmatched,,False,False,custom,chat_finetuned,missing,2024-10-12,,
PJMixers-Dev/LLaMa-3.2-Instruct-JankMix-v0.2-SFT-3B,False,unmatched,,False,False,custom,chat_finetuned,missing,2024-10-14,,
PJMixers-Dev/LLaMa-3.2-Instruct-JankMix-v0.2-SFT-HailMary-v0.1-KTO-3B,False,unmatched,,False,False,custom,chat_finetuned,missing,2024-10-28,,
PJMixers-Dev/LLaMa-3.2-Instruct-JankMixBread-v0.1-3B,False,unmatched,,False,False,custom,other,missing,2024-10-12,,
PJMixers-Dev/Qwen2.5-RomboTiesTest-7B,False,unmatched,,False,False,missing,other,missing,2024-12-21,,
Parissa3/test-model,False,unmatched,,False,False,missing,other,missing,2024-11-16,,
Pinkstack/PARM-V1.5-base-QwQ-Qwen-2.5-o1-3B,False,unmatched,,False,False,permissive,chat_finetuned,missing,2025-01-16,,
Pinkstack/SuperThoughts-CoT-14B-16k-o1-QwQ,False,unmatched,,False,False,permissive,chat_finetuned,missing,2025-01-16,,
Pinkstack/Superthoughts-lite-1.8B-experimental-o1,False,unmatched,,False,False,permissive,pretrained,missing,2025-01-31,,
Pinkstack/Superthoughts-lite-v1,False,unmatched,,False,False,permissive,chat_finetuned,missing,2025-02-13,,
PocketDoc/Dans-Instruct-CoreCurriculum-12b,False,unmatched,,False,False,missing,chat_finetuned,missing,2024-09-01,,
PocketDoc/Dans-PersonalityEngine-V1.1.0-12b,False,unmatched,,False,False,permissive,chat_finetuned,missing,2024-12-19,,
PocketDoc/Dans-PersonalityEngine-V1.2.0-24b,False,unmatched,,False,False,permissive,chat_finetuned,missing,2025-02-19,,
PocketDoc/Dans-PersonalityEngine-v1.0.0-8b,False,unmatched,,False,False,permissive,chat_finetuned,missing,2024-10-08,,
PocketDoc/Dans-SakuraKaze-V1.0.0-12b,False,unmatched,,False,False,permissive,chat_finetuned,missing,2025-02-28,,
PowerInfer/SmallThinker-3B-Preview,False,unmatched,,False,False,missing,chat_finetuned,missing,2025-01-07,,
PranavHarshan/LaMistral-V4,False,unmatched,,False,False,permissive,chat_finetuned,missing,2024-10-05,,
PranavHarshan/MedNarra-X1,False,unmatched,,False,False,missing,chat_finetuned,missing,2024-10-09,,
Pretergeek/OpenChat-3.5-0106_10.7B_48Layers-Appended,False,unmatched,,False,False,permissive,other,missing,2024-07-31,,
Pretergeek/OpenChat-3.5-0106_10.7B_48Layers-Interleaved,False,unmatched,,False,False,permissive,chat_finetuned,missing,2024-08-16,,
Pretergeek/OpenChat-3.5-0106_32K-PoSE,False,unmatched,,False,False,permissive,chat_finetuned,missing,2024-11-02,,
Pretergeek/OpenChat-3.5-0106_8.11B_36Layers-Appended,False,unmatched,,False,False,permissive,other,missing,2024-07-27,,
Pretergeek/OpenChat-3.5-0106_8.11B_36Layers-Interleaved,False,unmatched,,False,False,permissive,chat_finetuned,missing,2024-08-16,,
Pretergeek/OpenChat-3.5-0106_8.99B_40Layers-Appended,False,unmatched,,False,False,permissive,other,missing,2024-07-27,,
Pretergeek/OpenChat-3.5-0106_8.99B_40Layers-Interleaved,False,unmatched,,False,False,permissive,chat_finetuned,missing,2024-08-16,,
Pretergeek/OpenChat-3.5-0106_9.86B_44Layers-Appended,False,unmatched,,False,False,permissive,other,missing,2024-07-27,,
Pretergeek/openchat-3.5-0106_Rebased_Mistral-7B-v0.2,False,unmatched,,False,False,permissive,chat_finetuned,missing,2024-07-21,,
PrimeIntellect/INTELLECT-1,False,normalized_exact_owner_mismatch,,False,False,permissive,pretrained,missing,2024-11-29,,
PrimeIntellect/INTELLECT-1,False,normalized_exact_owner_mismatch,,False,False,permissive,pretrained,missing,2024-12-03,,
PrimeIntellect/INTELLECT-1-Instruct,False,unmatched,,False,False,permissive,chat_finetuned,missing,2024-11-29,,
PuxAI/LUA_model,False,unmatched,,False,False,missing,chat_finetuned,missing,2024-12-18,,
PygmalionAI/pygmalion-6b,False,unmatched,,False,False,custom,chat_finetuned,missing,2024-06-12,,
Q-bert/MetaMath-1B,False,unmatched,,False,False,missing,chat_finetuned,missing,2024-09-30,,
Quazim0t0/1up-14b,False,unmatched,,False,False,missing,other,missing,2025-02-27,,
Quazim0t0/Adamant-14B-sce,False,unmatched,,False,False,missing,other,missing,2025-02-04,,
Quazim0t0/Alice-14B,False,unmatched,,False,False,missing,other,missing,2025-03-10,,
Quazim0t0/Alien-CoT-14B-sce,False,unmatched,,False,False,missing,other,missing,2025-02-03,,
Quazim0t0/Aura-8B-Linear,False,unmatched,,False,False,missing,other,missing,2025-02-07,,
Quazim0t0/Casa-14b-sce,False,unmatched,,False,False,missing,chat_finetuned,missing,2025-02-06,,
Quazim0t0/Casa-14b-sce,False,unmatched,,False,False,missing,other,missing,2025-02-06,,
Quazim0t0/Charlie-8B-Linear,False,unmatched,,False,False,missing,other,missing,2025-02-08,,
Quazim0t0/Chromatic-8b-sce,False,unmatched,,False,False,missing,other,missing,2025-02-06,,
Quazim0t0/CoT_Phi,False,unmatched,,False,False,missing,other,missing,2025-02-27,,
Quazim0t0/Dyson-14b,False,unmatched,,False,False,missing,other,missing,2025-03-09,,
Quazim0t0/Edu-14B-Linear,False,unmatched,,False,False,missing,other,missing,2025-02-27,,
Quazim0t0/Fugazi14b,False,unmatched,,False,False,missing,other,missing,2025-02-27,,
Quazim0t0/GZA-14B-sce,False,unmatched,,False,False,missing,other,missing,2025-01-31,,
Quazim0t0/Geedorah-14B,False,unmatched,,False,False,missing,other,missing,2025-03-13,,
Quazim0t0/GivingTree-8b-sce,False,unmatched,,False,False,missing,other,missing,2025-02-06,,
Quazim0t0/GuiltySpark-14B-ties,False,unmatched,,False,False,missing,other,missing,2025-02-06,,
Quazim0t0/Halo-14B-sce,False,unmatched,,False,False,missing,other,missing,2025-02-04,,
Quazim0t0/Heretic1.5b,False,unmatched,,False,False,missing,other,missing,2025-02-27,,
Quazim0t0/Hyde-14b-sce,False,unmatched,,False,False,missing,other,missing,2025-02-07,,
Quazim0t0/Imagine-v0.5-16bit,False,unmatched,,False,False,permissive,chat_finetuned,missing,2025-03-09,,
Quazim0t0/Imbue-14b,False,unmatched,,False,False,missing,other,missing,2025-03-09,,
Quazim0t0/Insom,False,unmatched,,False,False,missing,other,missing,2025-02-27,,
Quazim0t0/InspectorDeck-14B-sce,False,unmatched,,False,False,missing,other,missing,2025-02-05,,
Quazim0t0/Jekyl-8b-sce,False,unmatched,,False,False,missing,other,missing,2025-02-06,,
Quazim0t0/Jigsaw-14B-Linear,False,unmatched,,False,False,missing,other,missing,2025-02-27,,
Quazim0t0/Katana-8b-sce,False,unmatched,,False,False,missing,other,missing,2025-02-06,,
Quazim0t0/Knot-CoT-14B-sce,False,unmatched,,False,False,missing,other,missing,2025-02-03,,
Quazim0t0/Lineage-14B,False,unmatched,,False,False,missing,other,missing,2025-03-13,,
Quazim0t0/Lo-Phi-14b,False,unmatched,,False,False,missing,other,missing,2025-03-09,,
Quazim0t0/Loke-14B-sce,False,unmatched,,False,False,missing,other,missing,2025-02-04,,
Quazim0t0/MFDOOM-14B,False,unmatched,,False,False,missing,other,missing,2025-03-09,,
Quazim0t0/MFGRIMM-14B,False,unmatched,,False,False,missing,other,missing,2025-03-09,,
Quazim0t0/Math_Phi4_Reason,False,unmatched,,False,False,missing,other,missing,2025-02-27,,
Quazim0t0/Mithril-14B-sce,False,unmatched,,False,False,missing,other,missing,2025-02-04,,
Quazim0t0/Mononoke-14B-sce,False,unmatched,,False,False,missing,other,missing,2025-02-03,,
Quazim0t0/Motion-8B-Linear,False,unmatched,,False,False,missing,other,missing,2025-02-08,,
Quazim0t0/Mouse-9B,False,unmatched,,False,False,missing,other,missing,2025-03-13,,
Quazim0t0/Nova-14b-sce,False,unmatched,,False,False,missing,chat_finetuned,missing,2025-02-06,,
Quazim0t0/NovaScotia-14b-stock,False,unmatched,,False,False,missing,other,missing,2025-02-05,,
Quazim0t0/ODB-14B-sce,False,unmatched,,False,False,missing,other,missing,,,
Quazim0t0/ODB-14b-sce,False,unmatched,,False,False,missing,other,missing,2025-02-06,,
Quazim0t0/Oasis-14B-ties,False,unmatched,,False,False,missing,other,missing,2025-02-06,,
Quazim0t0/Origami-14B-sce,False,unmatched,,False,False,missing,other,missing,2025-02-03,,
Quazim0t0/Phi4.Turn.R1Distill.16bit,False,unmatched,,False,False,permissive,chat_finetuned,missing,2025-01-30,,
Quazim0t0/Phi4.Turn.R1Distill_v1.5.1-Tensors,False,unmatched,,False,False,permissive,chat_finetuned,missing,2025-01-31,,
Quazim0t0/Phi4Basis-14B-sce,False,unmatched,,False,False,missing,other,missing,2025-02-03,,
Quazim0t0/Ponder-14B-linear,False,unmatched,,False,False,missing,other,missing,2025-02-06,,
Quazim0t0/RZA-14B-sce,False,unmatched,,False,False,missing,other,missing,2025-01-31,,
Quazim0t0/Rosemary-14b,False,unmatched,,False,False,missing,other,missing,2025-03-01,,
Quazim0t0/Rune-14b,False,unmatched,,False,False,missing,other,missing,2025-03-01,,
Quazim0t0/SZA-14B-sce,False,unmatched,,False,False,missing,other,missing,2025-02-05,,
Quazim0t0/Sake-20b,False,unmatched,,False,False,missing,other,missing,2025-03-13,,
Quazim0t0/Spok-14b-sce,False,unmatched,,False,False,missing,other,missing,2025-02-07,,
Quazim0t0/Sumatra-20b,False,unmatched,,False,False,missing,other,missing,2025-02-06,,
Quazim0t0/SuperNova14b,False,unmatched,,False,False,missing,other,missing,2025-02-27,,
Quazim0t0/TB0-8B-sce,False,unmatched,,False,False,missing,other,missing,2025-02-07,,
Quazim0t0/TBL-8B-sce,False,unmatched,,False,False,missing,other,missing,2025-02-07,,
Quazim0t0/ThinkPhi1.1-Tensors,False,unmatched,,False,False,permissive,chat_finetuned,missing,2025-01-30,,
Quazim0t0/Venti-20b,False,unmatched,,False,False,missing,other,missing,2025-02-05,,
Quazim0t0/Venti-Blend-sce,False,unmatched,,False,False,missing,other,missing,2025-02-05,,
Quazim0t0/Vine-14b-sce,False,unmatched,,False,False,missing,other,missing,2025-02-06,,
Quazim0t0/Wendy-14B,False,unmatched,,False,False,missing,other,missing,2025-03-10,,
Quazim0t0/Wu-14b-sce,False,unmatched,,False,False,missing,other,missing,2025-02-07,,
Quazim0t0/bloom-14b-stock,False,unmatched,,False,False,missing,other,missing,2025-02-05,,
Quazim0t0/caramel-14B,False,unmatched,,False,False,missing,other,missing,2025-03-13,,
Quazim0t0/graphite-14b-sce,False,unmatched,,False,False,missing,other,missing,2025-02-05,,
Quazim0t0/mocha-14B,False,unmatched,,False,False,missing,other,missing,2025-03-13,,
Quazim0t0/mosaic-14b-sce,False,unmatched,,False,False,missing,other,missing,2025-02-05,,
Quazim0t0/tesseract-14b-stock,False,unmatched,,False,False,missing,other,missing,2025-02-05,,
Quazim0t0/time-14b-stock,False,unmatched,,False,False,missing,other,missing,2025-02-05,,
Qwen/QwQ-32B,False,speculative_metadata,,False,False,permissive,chat_finetuned,missing,2025-03-11,,
Qwen/QwQ-32B-Preview,False,unmatched,,False,False,permissive,chat_finetuned,missing,2024-11-29,,
Qwen/Qwen1.5-0.5B,False,unmatched,,False,False,unclear,pretrained,missing,2024-06-13,,
Qwen/Qwen1.5-0.5B-Chat,False,unmatched,,False,False,unclear,chat_finetuned,missing,2024-06-12,,
Qwen/Qwen1.5-1.8B,False,unmatched,,False,False,unclear,pretrained,missing,2024-06-13,,
Qwen/Qwen1.5-1.8B-Chat,False,unmatched,,False,False,unclear,chat_finetuned,missing,2024-06-12,,
Qwen/Qwen1.5-110B,True,normalized_exact_owner,Yes,True,False,unclear,pretrained,missing,2024-06-13,2024-04-25,49.0
Qwen/Qwen1.5-110B-Chat,False,unmatched,,False,False,unclear,chat_finetuned,missing,2024-06-12,,
Qwen/Qwen1.5-14B,True,normalized_exact_owner,Yes,True,False,unclear,pretrained,reported,2024-06-13,2024-02-04,130.0
Qwen/Qwen1.5-14B-Chat,False,unmatched,,False,False,unclear,chat_finetuned,missing,2024-06-12,,
Qwen/Qwen1.5-32B,True,normalized_exact_owner,Yes,True,False,unclear,pretrained,missing,2024-06-13,2024-02-05,129.0
Qwen/Qwen1.5-32B-Chat,False,unmatched,,False,False,unclear,chat_finetuned,missing,2024-06-12,,
Qwen/Qwen1.5-4B,False,unmatched,,False,False,unclear,pretrained,missing,2024-06-13,,
Qwen/Qwen1.5-4B-Chat,False,unmatched,,False,False,unclear,chat_finetuned,missing,2024-06-12,,
Qwen/Qwen1.5-7B,True,normalized_exact_owner,Yes,True,False,unclear,pretrained,reported,2024-06-09,2024-02-04,126.0
Qwen/Qwen1.5-7B-Chat,False,unmatched,,False,False,unclear,chat_finetuned,missing,2024-06-12,,
Qwen/Qwen1.5-MoE-A2.7B,False,unmatched,,False,False,unclear,pretrained,missing,2024-06-13,,
Qwen/Qwen1.5-MoE-A2.7B-Chat,False,unmatched,,False,False,unclear,chat_finetuned,missing,2024-06-12,,
Qwen/Qwen2-0.5B,True,normalized_exact_owner,Yes,True,True,permissive,pretrained,reported,2024-11-30,2024-06-07,176.0
Qwen/Qwen2-0.5B-Instruct,False,unmatched,,False,False,permissive,chat_finetuned,missing,2024-06-12,,
Qwen/Qwen2-1.5B,True,normalized_exact_owner,Yes,True,True,permissive,pretrained,reported,2024-06-09,2024-06-07,2.0
Qwen/Qwen2-1.5B-Instruct,False,unmatched,,False,False,permissive,chat_finetuned,missing,2024-06-12,,
Qwen/Qwen2-57B-A14B,True,normalized_exact_owner,Yes,True,True,permissive,pretrained,reported,2024-06-13,2024-06-07,6.0
Qwen/Qwen2-57B-A14B-Instruct,False,unmatched,,False,False,permissive,chat_finetuned,missing,2024-08-14,,
Qwen/Qwen2-72B,True,normalized_exact_owner,Yes,True,False,unclear,pretrained,reported,2024-06-26,2024-06-07,19.0
Qwen/Qwen2-72B-Instruct,False,unmatched,,False,False,unclear,chat_finetuned,missing,2024-06-26,,
Qwen/Qwen2-7B,True,normalized_exact_owner,Yes,True,True,permissive,pretrained,reported,2024-06-09,2024-06-07,2.0
Qwen/Qwen2-7B-Instruct,False,unmatched,,False,False,permissive,chat_finetuned,missing,2024-06-12,,
Qwen/Qwen2-Math-72B-Instruct,False,unmatched,,False,False,unclear,chat_finetuned,missing,2024-08-19,,
Qwen/Qwen2-Math-7B,True,normalized_exact_owner,Yes,True,True,permissive,chat_finetuned,missing,2024-08-19,2024-08-09,10.0
Qwen/Qwen2-VL-72B-Instruct,False,unmatched,,False,False,unclear,other,missing,2024-10-20,,
Qwen/Qwen2-VL-7B-Instruct,False,unmatched,,False,False,permissive,other,missing,2024-10-20,,
Qwen/Qwen2.5-0.5B,False,unmatched,,False,False,permissive,pretrained,missing,2024-09-19,,
Qwen/Qwen2.5-0.5B-Instruct,False,unmatched,,False,False,permissive,chat_finetuned,missing,2024-09-19,,
Qwen/Qwen2.5-0.5B-Instruct,False,unmatched,,False,False,permissive,chat_finetuned,missing,2024-10-16,,
Qwen/Qwen2.5-1.5B,True,normalized_exact_owner,Yes,True,True,permissive,pretrained,reported,2024-09-19,2024-09-19,0.0
Qwen/Qwen2.5-1.5B-Instruct,False,unmatched,,False,False,permissive,chat_finetuned,missing,2024-09-19,,
Qwen/Qwen2.5-14B,True,normalized_exact_owner,Yes,True,True,permissive,pretrained,reported,2024-09-19,2024-09-19,0.0
Qwen/Qwen2.5-14B-Instruct,False,unmatched,,False,False,permissive,chat_finetuned,missing,2024-09-18,,
Qwen/Qwen2.5-14B-Instruct-1M,False,unmatched,,False,False,permissive,chat_finetuned,missing,2025-01-26,,
Qwen/Qwen2.5-32B,True,normalized_exact_owner,Yes,True,True,permissive,pretrained,reported,2024-09-19,2024-09-17,2.0
Qwen/Qwen2.5-32B-Instruct,False,unmatched,,False,False,permissive,chat_finetuned,missing,2024-09-19,,
Qwen/Qwen2.5-3B,True,normalized_exact_owner,Yes,True,False,unclear,pretrained,reported,2024-09-27,2024-09-19,8.0
Qwen/Qwen2.5-3B-Instruct,False,unmatched,,False,False,unclear,chat_finetuned,missing,2024-09-19,,
Qwen/Qwen2.5-72B,True,normalized_exact_owner,Yes,True,False,unclear,pretrained,reported,2024-09-19,2024-09-19,0.0
Qwen/Qwen2.5-72B-Instruct,False,unmatched,,False,False,unclear,chat_finetuned,missing,2024-10-16,,
Qwen/Qwen2.5-7B,True,normalized_exact_owner,Yes,True,True,permissive,pretrained,reported,2024-09-19,2024-09-19,0.0
Qwen/Qwen2.5-7B-Instruct,False,unmatched,,False,False,permissive,chat_finetuned,missing,2024-09-18,,
Qwen/Qwen2.5-7B-Instruct-1M,False,unmatched,,False,False,permissive,chat_finetuned,missing,2025-01-26,,
Qwen/Qwen2.5-Coder-14B,False,unmatched,,False,False,permissive,pretrained,missing,2024-11-12,,
Qwen/Qwen2.5-Coder-14B-Instruct,False,unmatched,,False,False,permissive,chat_finetuned,missing,2024-11-12,,
Qwen/Qwen2.5-Coder-32B,True,normalized_exact_owner,Yes,True,True,permissive,pretrained,reported,2024-12-10,2024-11-12,28.0
Qwen/Qwen2.5-Coder-32B-Instruct,False,unmatched,,False,False,permissive,chat_finetuned,missing,2024-12-10,,
Qwen/Qwen2.5-Coder-7B,True,normalized_exact_owner,Yes,True,True,permissive,pretrained,reported,2024-09-21,2024-09-18,3.0
Qwen/Qwen2.5-Coder-7B-Instruct,False,unmatched,,False,False,permissive,chat_finetuned,missing,2024-11-07,,
Qwen/Qwen2.5-Coder-7B-Instruct,False,unmatched,,False,False,permissive,chat_finetuned,missing,2024-11-07,,
Qwen/Qwen2.5-Math-1.5B-Instruct,False,unmatched,,False,False,permissive,chat_finetuned,missing,2025-03-06,,
Qwen/Qwen2.5-Math-72B-Instruct,False,unmatched,,False,False,unclear,chat_finetuned,missing,2024-09-29,,
Qwen/Qwen2.5-Math-7B,False,unmatched,,False,False,permissive,pretrained,missing,2024-09-21,,
Qwen/Qwen2.5-Math-7B-Instruct,False,unmatched,,False,False,permissive,chat_finetuned,missing,2024-09-19,,
RDson/WomboCombo-R1-Coder-14B-Preview,False,unmatched,,False,False,missing,other,missing,2025-02-06,,
RESMPDEV/EVA-Qwen2.5-1.5B-FRFR,False,unmatched,,False,False,permissive,chat_finetuned,missing,2025-01-14,,
RESMPDEV/Qwen2-Wukong-0.5B,False,unmatched,,False,False,permissive,chat_finetuned,missing,2024-06-30,,
RLHFlow/ArmoRM-Llama3-8B-v0.1,False,unmatched,,False,False,custom,chat_finetuned,missing,2024-10-08,,
RLHFlow/LLaMA3-iterative-DPO-final,False,unmatched,,False,False,custom,chat_finetuned,missing,2024-06-26,,
RWKV/rwkv-raven-14b,False,unmatched,,False,False,missing,chat_finetuned,missing,2024-07-08,,
Rakuten/RakutenAI-2.0-mini-instruct,False,unmatched,,False,False,permissive,chat_finetuned,missing,2025-02-26,,
Rakuten/RakutenAI-7B,False,unmatched,,False,False,permissive,chat_finetuned,missing,2024-09-06,,
Rakuten/RakutenAI-7B-chat,False,unmatched,,False,False,permissive,chat_finetuned,missing,2024-09-08,,
Replete-AI/L3-Pneuma-8B,False,unmatched,,False,False,custom,chat_finetuned,missing,2024-10-15,,
Replete-AI/L3.1-Pneuma-8B,False,unmatched,,False,False,custom,chat_finetuned,missing,2024-11-13,,
Replete-AI/Llama3-8B-Instruct-Replete-Adapted,False,unmatched,,False,False,missing,chat_finetuned,missing,2024-07-09,,
Replete-AI/Replete-Coder-Instruct-8b-Merged,False,unmatched,,False,False,missing,other,missing,2024-07-11,,
Replete-AI/Replete-Coder-Llama3-8B,False,unmatched,,False,False,missing,chat_finetuned,missing,2024-06-26,,
Replete-AI/Replete-Coder-Qwen2-1.5b,False,unmatched,,False,False,missing,chat_finetuned,missing,2024-06-26,,
Replete-AI/Replete-LLM-Qwen2-7b,False,unmatched,,False,False,missing,chat_finetuned,missing,2024-08-13,,
Replete-AI/Replete-LLM-Qwen2-7b,False,unmatched,,False,False,missing,chat_finetuned,missing,2024-08-13,,
Replete-AI/Replete-LLM-Qwen2-7b_Beta-Preview,False,unmatched,,False,False,missing,chat_finetuned,missing,2024-07-26,,
Replete-AI/Replete-LLM-V2-Llama-3.1-8b,False,unmatched,,False,False,missing,chat_finetuned,missing,2024-08-30,,
RezVortex/JAJUKA-WEWILLNEVERFORGETYOU-3B,False,unmatched,,False,False,missing,other,missing,2025-02-26,,
RezVortex/Jajuka-3b,False,unmatched,,False,False,missing,other,missing,2025-02-26,,
Ro-xe/FMixIA-7B-DARE-0,False,unmatched,,False,False,permissive,other,missing,2024-12-13,,
Ro-xe/FMixIA-7B-SLERP-27,False,unmatched,,False,False,permissive,other,missing,2024-12-12,,
Ro-xe/FMixIA-7B-TIES-1,False,unmatched,,False,False,permissive,other,missing,2024-12-13,,
Ro-xe/FMixIA-FrankenMerge-9.5B-PT-9,False,unmatched,,False,False,permissive,other,missing,2024-12-13,,
Rombo-Org/Rombo-LLM-V2.5-Qwen-7b,False,unmatched,,False,False,permissive,other,missing,2025-01-13,,
RubielLabarta/LogoS-7Bx2-MoE-13B-v0.2,False,unmatched,,False,False,permissive,other,missing,2024-08-05,,
SaisExperiments/Evil-Alpaca-3B-L3.2,False,unmatched,,False,False,missing,chat_finetuned,missing,2024-09-28,,
SaisExperiments/Gemma-2-2B-Opus-Instruct,False,unmatched,,False,False,custom,chat_finetuned,missing,2024-10-07,,
SaisExperiments/Gemma-2-2B-Stheno-Filtered,False,unmatched,,False,False,custom,chat_finetuned,missing,2024-10-08,,
SaisExperiments/Not-So-Small-Alpaca-24B,False,unmatched,,False,False,permissive,chat_finetuned,missing,2025-02-07,,
SaisExperiments/QwOwO-7B-V1,False,unmatched,,False,False,permissive,chat_finetuned,missing,2025-02-26,,
SaisExperiments/RightSheep-Llama3.2-3B,False,unmatched,,False,False,custom,chat_finetuned,missing,2025-01-25,,
Sakalti/Anemoi-3B,False,unmatched,,False,False,unclear,chat_finetuned,missing,2025-01-14,,
Sakalti/Euphrates-14B,False,unmatched,,False,False,missing,other,missing,2025-01-15,,
Sakalti/Llama3.2-3B-Uranus-1,False,unmatched,,False,False,custom,chat_finetuned,missing,2025-01-09,,
Sakalti/Magro-7B-v1.1,False,unmatched,,False,False,permissive,other,missing,2024-12-12,,
Sakalti/Neptuno-3B,False,unmatched,,False,False,unclear,chat_finetuned,missing,2025-01-08,,
Sakalti/Neptuno-Alpha,False,unmatched,,False,False,unclear,chat_finetuned,missing,2025-01-09,,
Sakalti/Oxyge1-33B,False,unmatched,,False,False,permissive,chat_finetuned,missing,2024-12-18,,
Sakalti/Phi3.5-Comets-3.8B,False,unmatched,,False,False,permissive,other,missing,2024-12-21,,
Sakalti/Qwen2.5-1B-Instruct,False,unmatched,,False,False,permissive,chat_finetuned,missing,2025-01-18,,
Sakalti/QwenTest-7,False,unmatched,,False,False,permissive,chat_finetuned,missing,2025-01-19,,
Sakalti/SJT-0.5B,False,unmatched,,False,False,permissive,chat_finetuned,missing,2025-01-17,,
Sakalti/SJT-1.5B-Alpha,False,unmatched,,False,False,permissive,chat_finetuned,missing,2025-01-19,,
Sakalti/SJT-1.5B-Alpha-1.1,False,unmatched,,False,False,permissive,chat_finetuned,missing,2025-01-19,,
Sakalti/SJT-1.7B,False,unmatched,,False,False,permissive,chat_finetuned,missing,2025-01-18,,
Sakalti/SJT-14B,False,unmatched,,False,False,permissive,other,missing,2025-01-14,,
Sakalti/SJT-2.4B,False,unmatched,,False,False,missing,chat_finetuned,missing,2025-01-23,,
Sakalti/SJT-24B-Alpha,False,unmatched,,False,False,missing,chat_finetuned,missing,2025-02-02,,
Sakalti/SJT-2B,False,unmatched,,False,False,custom,chat_finetuned,missing,2025-01-17,,
Sakalti/SJT-2B-V1.1,False,unmatched,,False,False,custom,chat_finetuned,missing,2025-02-04,,
Sakalti/SJT-3.7B,False,unmatched,,False,False,permissive,chat_finetuned,missing,2025-01-21,,
Sakalti/SJT-4B,False,unmatched,,False,False,permissive,chat_finetuned,missing,2025-01-14,,
Sakalti/SJT-7.5B,False,unmatched,,False,False,missing,chat_finetuned,missing,2025-02-01,,
Sakalti/SJT-7B-V1.1,False,unmatched,,False,False,missing,chat_finetuned,missing,2025-02-03,,
Sakalti/SJT-7B-V1.1-Multilingal,False,unmatched,,False,False,missing,chat_finetuned,missing,2025-02-04,,
Sakalti/SJT-8B,False,unmatched,,False,False,missing,chat_finetuned,missing,2025-02-02,,
Sakalti/SJT-8B-V1.1,False,unmatched,,False,False,missing,chat_finetuned,missing,2025-02-04,,
Sakalti/SJT-900M,False,unmatched,,False,False,permissive,chat_finetuned,missing,2025-01-19,,
Sakalti/SJT-Moe2x7.5B,False,unmatched,,False,False,permissive,chat_finetuned,missing,2025-02-01,,
Sakalti/SJTPass-2,False,unmatched,,False,False,permissive,chat_finetuned,missing,2025-01-25,,
Sakalti/SJTPass-4,False,unmatched,,False,False,missing,chat_finetuned,missing,2025-01-25,,
Sakalti/SJTPass-5,False,unmatched,,False,False,missing,chat_finetuned,missing,2025-01-25,,
Sakalti/Saba-Passthrough-2,False,unmatched,,False,False,permissive,other,missing,2024-12-20,,
Sakalti/Saba1-1.8B,False,unmatched,,False,False,permissive,chat_finetuned,missing,2024-12-14,,
Sakalti/Saba1-7B,False,unmatched,,False,False,missing,chat_finetuned,missing,2025-01-13,,
Sakalti/Saba1.5-1.5B,False,unmatched,,False,False,permissive,chat_finetuned,missing,2024-12-14,,
Sakalti/Saba1.5-Pro-3B,False,unmatched,,False,False,permissive,other,missing,2024-12-15,,
Sakalti/Saba2-14B-Preview,False,unmatched,,False,False,permissive,other,missing,2024-12-14,,
Sakalti/Saba2-3B,False,unmatched,,False,False,unclear,chat_finetuned,missing,2025-01-05,,
Sakalti/Sailor-japanese,False,unmatched,,False,False,missing,chat_finetuned,missing,2024-12-22,,
Sakalti/Saka-1.5B,False,unmatched,,False,False,missing,chat_finetuned,missing,2025-02-07,,
Sakalti/Saka-14B,False,unmatched,,False,False,missing,chat_finetuned,missing,2025-02-06,,
Sakalti/Saka-24B,False,unmatched,,False,False,missing,chat_finetuned,missing,2025-02-06,,
Sakalti/Saka-7.2B,False,unmatched,,False,False,permissive,chat_finetuned,missing,2025-02-06,,
Sakalti/Saka-7.6B,False,unmatched,,False,False,missing,chat_finetuned,missing,2025-02-07,,
Sakalti/SakaMoe-3x1.6B-Instruct,False,unmatched,,False,False,permissive,chat_finetuned,missing,2025-02-09,,
Sakalti/SakalFusion-7B-Alpha,False,unmatched,,False,False,missing,chat_finetuned,missing,2025-01-13,,
Sakalti/SakalFusion-7B-Beta,False,unmatched,,False,False,missing,other,missing,2025-01-28,,
Sakalti/Tara-3.8B-v1.1,False,unmatched,,False,False,permissive,chat_finetuned,missing,2025-01-10,,
Sakalti/light-1.1-3B,False,unmatched,,False,False,unclear,chat_finetuned,missing,2025-01-07,,
Sakalti/light-3B,False,unmatched,,False,False,unclear,other,missing,2025-01-06,,
Sakalti/light-3b-beta,False,unmatched,,False,False,unclear,chat_finetuned,missing,2025-01-14,,
Sakalti/light-7b-beta,False,unmatched,,False,False,permissive,chat_finetuned,missing,2025-01-14,,
Sakalti/llama-3-yanyuedao-8b-instruct,False,unmatched,,False,False,custom,other,missing,2024-12-13,,
Sakalti/magro-7B,False,unmatched,,False,False,permissive,chat_finetuned,missing,2024-12-12,,
Sakalti/mergekit-01,False,unmatched,,False,False,missing,chat_finetuned,missing,2025-02-01,,
Sakalti/mergekit-della_linear-vmeykci,False,unmatched,,False,False,missing,chat_finetuned,missing,2025-02-02,,
Sakalti/model-3,False,unmatched,,False,False,missing,chat_finetuned,missing,2025-01-10,,
Sakalti/qwen2.5-2.3B,False,unmatched,,False,False,permissive,chat_finetuned,missing,2025-01-18,,
Sakalti/tara-3.8B,False,unmatched,,False,False,permissive,chat_finetuned,missing,2025-01-10,,
Sakalti/ultiima-14B,False,unmatched,,False,False,permissive,chat_finetuned,missing,2025-01-17,,
Sakalti/ultiima-14B-v0.2,False,unmatched,,False,False,missing,chat_finetuned,missing,2025-01-24,,
Sakalti/ultiima-14B-v0.3,False,unmatched,,False,False,missing,chat_finetuned,missing,2025-01-25,,
Sakalti/ultiima-14B-v0.4,False,unmatched,,False,False,missing,chat_finetuned,missing,2025-02-02,,
Sakalti/ultiima-32B,False,unmatched,,False,False,permissive,other,missing,2024-12-23,,
Sakalti/ultiima-72B,False,unmatched,,False,False,unclear,chat_finetuned,missing,2025-01-09,,
Sakalti/ultiima-72B-v1.5,False,unmatched,,False,False,unclear,chat_finetuned,missing,2025-01-25,,
Salesforce/LLaMA-3-8B-SFR-Iterative-DPO-R,False,unmatched,,False,False,custom,chat_finetuned,missing,2024-07-02,,
SanjiWatsuki/Kunoichi-DPO-v2-7B,False,unmatched,,False,False,research-only,chat_finetuned,missing,2024-06-28,,
SanjiWatsuki/Silicon-Maid-7B,False,unmatched,,False,False,custom,other,missing,2024-09-08,,
Sao10K/70B-L3.3-Cirrus-x1,False,unmatched,,False,False,custom,chat_finetuned,missing,2025-01-12,,
Sao10K/Fimbulvetr-11B-v2,False,unmatched,,False,False,research-only,chat_finetuned,missing,2024-07-01,,
Sao10K/L3-70B-Euryale-v2.1,False,unmatched,,False,False,research-only,chat_finetuned,missing,2024-07-01,,
Sao10K/L3-70B-Euryale-v2.1,False,unmatched,,False,False,research-only,chat_finetuned,missing,2024-06-26,,
Sao10K/L3-8B-Lunaris-v1,False,unmatched,,False,False,custom,other,missing,2024-07-22,,
Sao10K/L3-8B-Niitama-v1,False,unmatched,,False,False,research-only,chat_finetuned,missing,2025-01-07,,
Sao10K/L3-8B-Stheno-v3.2,False,unmatched,,False,False,research-only,chat_finetuned,missing,2024-06-30,,
Sao10K/L3-8B-Stheno-v3.3-32K,False,unmatched,,False,False,research-only,chat_finetuned,missing,2024-06-26,,
Sao10K/MN-12B-Lyra-v3,False,unmatched,,False,False,research-only,chat_finetuned,missing,2024-09-03,,
Saxo/Linkbricks-Horizon-AI-Avengers-V1-32B,False,unmatched,,False,False,permissive,chat_finetuned,missing,2024-12-29,,
Saxo/Linkbricks-Horizon-AI-Avengers-V2-32B,False,unmatched,,False,False,permissive,chat_finetuned,missing,2024-12-30,,
Saxo/Linkbricks-Horizon-AI-Avengers-V3-32B,False,unmatched,,False,False,permissive,chat_finetuned,missing,2024-12-31,,
Saxo/Linkbricks-Horizon-AI-Avengers-V4-32B,False,unmatched,,False,False,permissive,chat_finetuned,missing,2024-12-31,,
Saxo/Linkbricks-Horizon-AI-Avengers-V5-32B,False,unmatched,,False,False,permissive,chat_finetuned,missing,2024-12-31,,
Saxo/Linkbricks-Horizon-AI-Avengers-V6-32B,False,unmatched,,False,False,permissive,chat_finetuned,missing,2025-01-01,,
Saxo/Linkbricks-Horizon-AI-Korean-Avengers-V2-27B,False,unmatched,,False,False,permissive,chat_finetuned,missing,2024-12-29,,
Saxo/Linkbricks-Horizon-AI-Korean-Avengers-V3-27B,False,unmatched,,False,False,permissive,chat_finetuned,missing,2024-12-29,,
Saxo/Linkbricks-Horizon-AI-Korean-Superb-22B,False,unmatched,,False,False,permissive,chat_finetuned,missing,2024-12-25,,
Saxo/Linkbricks-Horizon-AI-Korean-Superb-27B,False,unmatched,,False,False,permissive,chat_finetuned,missing,2024-11-17,,
Saxo/Linkbricks-Horizon-AI-Superb-27B,False,unmatched,,False,False,permissive,chat_finetuned,missing,2024-12-25,,
SeaLLMs/SeaLLM-7B-v2,False,normalized_exact_owner_mismatch,,False,False,unclear,chat_finetuned,missing,2024-09-17,,
SeaLLMs/SeaLLM-7B-v2.5,False,normalized_exact_owner_mismatch,,False,False,unclear,chat_finetuned,missing,2024-07-29,,
SeaLLMs/SeaLLMs-v3-7B-Chat,False,unmatched,,False,False,unclear,chat_finetuned,missing,2024-07-29,,
SenseLLM/ReflectionCoder-CL-34B,False,unmatched,,False,False,permissive,chat_finetuned,missing,2024-09-15,,
SenseLLM/ReflectionCoder-DS-33B,False,unmatched,,False,False,permissive,chat_finetuned,missing,2024-09-15,,
SentientAGI/Dobby-Mini-Leashed-Llama-3.1-8B,False,unmatched,,False,False,custom,chat_finetuned,missing,2025-02-04,,
SentientAGI/Dobby-Mini-Unhinged-Llama-3.1-8B,False,unmatched,,False,False,custom,chat_finetuned,missing,2025-02-04,,
SeppeV/SmolLM_pretrained_with_sft_trained_with_1pc_data_on_a_preference_dpo,False,unmatched,,False,False,missing,chat_finetuned,missing,2024-10-12,,
Sharathhebbar24/SSH_355M,False,unmatched,,False,False,permissive,chat_finetuned,missing,2025-01-11,,
Sharathhebbar24/chat_gpt2_dpo,False,unmatched,,False,False,permissive,chat_finetuned,missing,2025-01-02,,
Shreyash2010/Uma-4x4B-Instruct-v0.1,False,unmatched,,False,False,missing,other,missing,2024-08-25,,
Sicarius-Prototyping/Brainy_LLAMA,False,unmatched,,False,False,permissive,chat_finetuned,missing,2024-12-04,,
Sicarius-Prototyping/Micropenis_1B,False,unmatched,,False,False,missing,chat_finetuned,missing,2024-12-26,,
Sicarius-Prototyping/bacon_and_food,False,unmatched,,False,False,custom,chat_finetuned,missing,2024-11-22,,
SicariusSicariiStuff/2B-ad,False,unmatched,,False,False,custom,chat_finetuned,missing,2024-10-11,,
SicariusSicariiStuff/2B_or_not_2B,False,unmatched,,False,False,custom,chat_finetuned,missing,2024-10-11,,
SicariusSicariiStuff/Dusk_Rainbow,False,unmatched,,False,False,custom,chat_finetuned,missing,2024-10-08,,
SicariusSicariiStuff/Eximius_Persona_5B,False,unmatched,,False,False,custom,other,missing,2025-01-22,,
SicariusSicariiStuff/Impish_LLAMA_3B,False,unmatched,,False,False,custom,chat_finetuned,missing,2024-10-07,,
SicariusSicariiStuff/Impish_Mind_8B,False,unmatched,,False,False,custom,chat_finetuned,missing,2024-12-05,,
SicariusSicariiStuff/Impish_QWEN_14B-1M,False,unmatched,,False,False,permissive,chat_finetuned,missing,2025-01-27,,
SicariusSicariiStuff/Impish_QWEN_7B-1M,False,unmatched,,False,False,permissive,chat_finetuned,missing,2025-01-27,,
SicariusSicariiStuff/LLAMA-3_8B_Unaligned_BETA,False,unmatched,,False,False,custom,chat_finetuned,missing,2024-10-18,,
SicariusSicariiStuff/Phi-Line_14B,False,unmatched,,False,False,permissive,chat_finetuned,missing,2025-02-18,,
SicariusSicariiStuff/Phi-lthy4,False,unmatched,,False,False,permissive,chat_finetuned,missing,2025-02-12,,
SicariusSicariiStuff/Qwen2.5-14B_Uncencored,False,unmatched,,False,False,missing,chat_finetuned,missing,2024-09-20,,
SicariusSicariiStuff/Qwen2.5-14B_Uncensored,False,unmatched,,False,False,missing,chat_finetuned,missing,2024-09-21,,
SicariusSicariiStuff/Qwen2.5-14B_Uncensored_Instruct,False,unmatched,,False,False,missing,chat_finetuned,missing,2024-09-21,,
SicariusSicariiStuff/Redemption_Wind_24B,False,unmatched,,False,False,permissive,chat_finetuned,missing,2025-02-07,,
SicariusSicariiStuff/Winged_Imp_8B,False,unmatched,,False,False,missing,other,missing,2025-01-24,,
SicariusSicariiStuff/Wingless_Imp_8B,False,unmatched,,False,False,custom,chat_finetuned,missing,2025-01-24,,
SicariusSicariiStuff/Zion_Alpha,False,unmatched,,False,False,permissive,chat_finetuned,missing,2024-10-18,,
SicariusSicariiStuff/dn_ep02,False,unmatched,,False,False,missing,chat_finetuned,missing,2024-11-19,,
SkyOrbis/SKY-Ko-Llama3.1-8B-lora,False,unmatched,,False,False,custom,chat_finetuned,missing,2024-12-31,,
SkyOrbis/SKY-Ko-Llama3.1-8B-lora-epoch1,False,unmatched,,False,False,custom,chat_finetuned,missing,2025-01-02,,
SkyOrbis/SKY-Ko-Llama3.2-1B-lora-epoch3,False,unmatched,,False,False,custom,chat_finetuned,missing,2024-12-23,,
SkyOrbis/SKY-Ko-Llama3.2-1B-lora-epoch5,False,unmatched,,False,False,custom,chat_finetuned,missing,2024-12-27,,
SkyOrbis/SKY-Ko-Llama3.2-1B-lora-v2-epoch3,False,unmatched,,False,False,custom,chat_finetuned,missing,2024-12-27,,
SkyOrbis/SKY-Ko-Llama3.2-1B-lora-v2-epoch5,False,unmatched,,False,False,custom,chat_finetuned,missing,2024-12-28,,
SkyOrbis/SKY-Ko-Llama3.2-3B-lora-epoch1,False,unmatched,,False,False,custom,chat_finetuned,missing,2024-12-27,,
SkyOrbis/SKY-Ko-Llama3.2-3B-lora-epoch2,False,unmatched,,False,False,custom,chat_finetuned,missing,2024-12-30,,
SkyOrbis/SKY-Ko-Llama3.2-3B-lora-epoch3,False,unmatched,,False,False,custom,chat_finetuned,missing,2024-12-31,,
SkyOrbis/SKY-Ko-Qwen2.5-3B-Instruct,False,unmatched,,False,False,missing,chat_finetuned,missing,2025-01-09,,
SkyOrbis/SKY-Ko-Qwen2.5-7B-Instruct-SFT-step-15000,False,unmatched,,False,False,missing,chat_finetuned,missing,2025-02-01,,
SkyOrbis/SKY-Ko-Qwen2.5-7B-Instruct-SFT-step-5000,False,unmatched,,False,False,missing,chat_finetuned,missing,2025-02-04,,
Skywork/Skywork-Reward-Gemma-2-27B-v0.2,False,unmatched,,False,False,missing,chat_finetuned,missing,2024-12-27,,
Skywork/Skywork-o1-Open-Llama-3.1-8B,False,unmatched,,False,False,unclear,chat_finetuned,missing,2025-01-01,,
Solshine/Brimful-merged-replete,False,unmatched,,False,False,missing,other,missing,2024-10-01,,
Solshine/Llama-3-1-big-thoughtful-passthrough-merge-2,False,unmatched,,False,False,missing,other,missing,2024-09-24,,
Sorawiz/Gemma-9B-Base,False,unmatched,,False,False,missing,other,missing,2025-02-12,,
Sorawiz/Gemma-Creative-9B-Base,False,unmatched,,False,False,missing,other,missing,2025-02-12,,
Sourjayon/DeepSeek-R1-8b-Sify,False,unmatched,,False,False,permissive,chat_finetuned,missing,2025-02-10,,
Sourjayon/DeepSeek-R1-ForumNXT,False,unmatched,,False,False,permissive,chat_finetuned,missing,2025-02-03,,
SpaceYL/ECE_Poirot,False,unmatched,,False,False,permissive,other,missing,2025-02-20,,
Spestly/Athena-1-3B,False,unmatched,,False,False,unclear,chat_finetuned,missing,2025-01-28,,
Spestly/Atlas-Pro-1.5B-Preview,False,unmatched,,False,False,permissive,chat_finetuned,missing,2025-01-27,,
Spestly/Atlas-Pro-7B-Preview,False,unmatched,,False,False,permissive,chat_finetuned,missing,2025-01-27,,
Stark2008/GutenLaserPi,False,unmatched,,False,False,missing,other,missing,2024-07-11,,
Stark2008/LayleleFlamPi,False,unmatched,,False,False,missing,other,missing,2024-07-12,,
Stark2008/VisFlamCat,False,unmatched,,False,False,missing,other,missing,2024-07-12,,
Steelskull/L3.3-MS-Nevoria-70b,False,unmatched,,False,False,unclear,other,missing,2025-01-17,,
Steelskull/L3.3-Nevoria-R1-70b,False,unmatched,,False,False,unclear,other,missing,2025-02-05,,
StelleX/Qwen2.5_Math_7B_Cot,False,unmatched,,False,False,missing,chat_finetuned,missing,2024-10-29,,
StelleX/Vorisatex-7B-preview,False,unmatched,,False,False,missing,chat_finetuned,missing,2024-10-29,,
SultanR/SmolTulu-1.7b-Instruct,False,unmatched,,False,False,permissive,chat_finetuned,missing,2024-12-01,,
SultanR/SmolTulu-1.7b-Reinforced,False,unmatched,,False,False,permissive,chat_finetuned,missing,2024-12-16,,
SultanR/SmolTulu-1.7b-it-v0,False,unmatched,,False,False,permissive,chat_finetuned,missing,2024-12-01,,
Supichi/BBA-123,False,unmatched,,False,False,missing,chat_finetuned,missing,2025-02-26,,
Supichi/BBA99,False,unmatched,,False,False,missing,chat_finetuned,missing,2025-02-26,,
Supichi/BBAIK29,False,unmatched,,False,False,missing,other,missing,2025-02-27,,
Supichi/BBAI_135_Gemma,False,unmatched,,False,False,missing,other,missing,2025-02-26,,
Supichi/BBAI_250_Xia0_gZ,False,unmatched,,False,False,missing,other,missing,2025-02-27,,
Supichi/BBAI_275_Tsunami_gZ,False,unmatched,,False,False,missing,other,missing,2025-02-27,,
Supichi/BBAI_525_Tsu_gZ_Xia0,False,unmatched,,False,False,missing,other,missing,2025-02-27,,
Supichi/BBAI_78B_Calme_3_1_Ties,False,unmatched,,False,False,missing,other,missing,2025-02-28,,
Supichi/BBAI_QWEEN_V000000_LUMEN_14B,False,unmatched,,False,False,missing,chat_finetuned,missing,2025-02-26,,
Supichi/HF_TOKEN,False,unmatched,,False,False,missing,other,missing,2025-02-26,,
Supichi/NJS26,False,unmatched,,False,False,missing,other,missing,2025-02-26,,
Svak/MN-12B-Inferor-v0.0,False,unmatched,,False,False,missing,other,missing,2024-11-08,,
Svak/MN-12B-Inferor-v0.1,False,unmatched,,False,False,missing,other,missing,2024-11-08,,
Syed-Hasan-8503/Phi-3-mini-4K-instruct-cpo-simpo,False,unmatched,,False,False,permissive,chat_finetuned,missing,2024-06-26,,
T145/KRONOS-8B-V1-P1,False,unmatched,,False,False,missing,chat_finetuned,missing,2025-02-05,,
T145/KRONOS-8B-V1-P2,False,unmatched,,False,False,missing,chat_finetuned,missing,2025-02-06,,
T145/KRONOS-8B-V1-P3,False,unmatched,,False,False,missing,chat_finetuned,missing,2025-02-05,,
T145/KRONOS-8B-V2,False,unmatched,,False,False,custom,chat_finetuned,missing,2024-12-13,,
T145/KRONOS-8B-V3,False,unmatched,,False,False,missing,chat_finetuned,missing,2024-12-18,,
T145/KRONOS-8B-V4,False,unmatched,,False,False,missing,chat_finetuned,missing,2024-12-19,,
T145/KRONOS-8B-V5,False,unmatched,,False,False,missing,chat_finetuned,missing,2024-12-20,,
T145/KRONOS-8B-V6,False,unmatched,,False,False,missing,chat_finetuned,missing,2024-12-20,,
T145/KRONOS-8B-V7,False,unmatched,,False,False,missing,chat_finetuned,missing,2024-12-25,,
T145/KRONOS-8B-V8,False,unmatched,,False,False,missing,other,missing,2025-02-01,,
T145/KRONOS-8B-V9,False,unmatched,,False,False,missing,other,missing,2025-02-02,,
T145/Llama-3.1-8B-Instruct-Zeus,False,unmatched,,False,False,permissive,chat_finetuned,missing,2024-11-28,,
T145/Llama-3.1-8B-Zeus,False,unmatched,,False,False,missing,chat_finetuned,missing,2024-11-28,,
T145/Meta-Llama-3.1-8B-Instruct-TIES,False,unmatched,,False,False,missing,chat_finetuned,missing,2024-12-22,,
T145/ZEUS-8B-V10,False,unmatched,,False,False,missing,chat_finetuned,missing,2024-12-24,,
T145/ZEUS-8B-V11,False,unmatched,,False,False,missing,chat_finetuned,missing,2024-12-27,,
T145/ZEUS-8B-V12,False,unmatched,,False,False,missing,chat_finetuned,missing,2024-12-29,,
T145/ZEUS-8B-V13,False,unmatched,,False,False,custom,chat_finetuned,missing,2024-12-30,,
T145/ZEUS-8B-V13-abliterated,False,unmatched,,False,False,custom,chat_finetuned,missing,2025-01-01,,
T145/ZEUS-8B-V14,False,unmatched,,False,False,missing,chat_finetuned,missing,2024-12-30,,
T145/ZEUS-8B-V15,False,unmatched,,False,False,missing,chat_finetuned,missing,2024-12-31,,
T145/ZEUS-8B-V16,False,unmatched,,False,False,missing,other,missing,2024-12-31,,
T145/ZEUS-8B-V17,False,unmatched,,False,False,missing,other,missing,2025-01-01,,
T145/ZEUS-8B-V17-abliterated,False,unmatched,,False,False,missing,other,missing,2025-01-01,,
T145/ZEUS-8B-V17-abliterated-V2,False,unmatched,,False,False,missing,other,missing,2025-01-04,,
T145/ZEUS-8B-V17-abliterated-V4,False,unmatched,,False,False,custom,chat_finetuned,missing,2025-01-05,,
T145/ZEUS-8B-V18,False,unmatched,,False,False,missing,other,missing,2025-01-02,,
T145/ZEUS-8B-V19,False,unmatched,,False,False,missing,other,missing,2025-01-03,,
T145/ZEUS-8B-V2,False,unmatched,,False,False,missing,chat_finetuned,missing,2024-12-01,,
T145/ZEUS-8B-V2-ORPO,False,unmatched,,False,False,missing,chat_finetuned,missing,2024-12-31,,
T145/ZEUS-8B-V2-abliterated,False,unmatched,,False,False,custom,chat_finetuned,missing,2024-12-31,,
T145/ZEUS-8B-V20,False,unmatched,,False,False,missing,other,missing,2025-01-07,,
T145/ZEUS-8B-V21,False,unmatched,,False,False,missing,other,missing,2025-01-08,,
T145/ZEUS-8B-V22,False,unmatched,,False,False,custom,other,missing,2025-01-09,,
T145/ZEUS-8B-V23,False,unmatched,,False,False,missing,other,missing,2025-01-10,,
T145/ZEUS-8B-V24,False,unmatched,,False,False,missing,other,missing,2025-01-23,,
T145/ZEUS-8B-V25,False,unmatched,,False,False,missing,other,missing,2025-01-23,,
T145/ZEUS-8B-V26,False,unmatched,,False,False,missing,other,missing,2025-01-25,,
T145/ZEUS-8B-V27,False,unmatched,,False,False,missing,other,missing,2025-01-26,,
T145/ZEUS-8B-V28,False,unmatched,,False,False,missing,other,missing,2025-01-28,,
T145/ZEUS-8B-V29,False,unmatched,,False,False,missing,other,missing,2025-02-02,,
T145/ZEUS-8B-V2L1,False,unmatched,,False,False,missing,chat_finetuned,missing,2024-12-02,,
T145/ZEUS-8B-V2L2,False,unmatched,,False,False,missing,chat_finetuned,missing,2024-12-03,,
T145/ZEUS-8B-V3,False,unmatched,,False,False,missing,chat_finetuned,missing,2024-12-05,,
T145/ZEUS-8B-V30,False,unmatched,,False,False,custom,other,missing,2025-02-07,,
T145/ZEUS-8B-V4,False,unmatched,,False,False,missing,chat_finetuned,missing,2024-12-06,,
T145/ZEUS-8B-V6,False,unmatched,,False,False,missing,chat_finetuned,missing,2024-12-09,,
T145/ZEUS-8B-V7,False,unmatched,,False,False,custom,chat_finetuned,missing,2024-12-11,,
T145/ZEUS-8B-V8,False,unmatched,,False,False,custom,chat_finetuned,missing,2024-12-12,,
T145/ZEUS-8B-V9,False,unmatched,,False,False,missing,chat_finetuned,missing,2024-12-21,,
T145/qwen-2.5-3B-merge-test,False,unmatched,,False,False,missing,chat_finetuned,missing,2024-11-16,,
THUDM/glm-4-9b,False,unmatched,,False,False,unclear,pretrained,missing,2024-07-04,,
THUDM/glm-4-9b-chat,False,unmatched,,False,False,unclear,chat_finetuned,missing,2024-07-09,,
THUDM/glm-4-9b-chat-1m,False,unmatched,,False,False,unclear,chat_finetuned,missing,2024-10-09,,
THUDM/glm-4-9b-chat-1m-hf,False,unmatched,,False,False,unclear,chat_finetuned,missing,2025-01-15,,
THUDM/glm-4-9b-chat-hf,False,unmatched,,False,False,unclear,chat_finetuned,missing,2025-01-15,,
TIGER-Lab/AceCodeRM-7B,False,unmatched,,False,False,permissive,chat_finetuned,missing,2025-03-07,,
TIGER-Lab/AceCoder-Qwen2.5-7B-Ins-Rule,False,unmatched,,False,False,permissive,chat_finetuned,missing,2025-03-07,,
TIGER-Lab/AceCoder-Qwen2.5-Coder-7B-Base-Rule,False,unmatched,,False,False,permissive,chat_finetuned,missing,2025-03-07,,
TIGER-Lab/AceCoder-Qwen2.5-Coder-7B-Ins-Rule,False,unmatched,,False,False,permissive,chat_finetuned,missing,2025-03-07,,
TIGER-Lab/MAmmoTH2-7B-Plus,False,unmatched,,False,False,permissive,chat_finetuned,missing,2024-06-27,,
TIGER-Lab/Qwen2.5-Math-7B-CFT,False,unmatched,,False,False,permissive,chat_finetuned,missing,2025-03-07,,
TTTXXX01/Mistral-7B-Base-SimPO2-5e-7,False,unmatched,,False,False,permissive,chat_finetuned,missing,2024-09-01,,
Tarek07/Progenitor-V1.1-LLaMa-70B,False,unmatched,,False,False,custom,other,missing,2025-01-25,,
Tarek07/Thalassic-Alpha-LLaMa-70B,False,unmatched,,False,False,custom,other,missing,2025-01-28,,
TeeZee/DoubleBagel-57B-v1.0,False,unmatched,,False,False,permissive,other,missing,2024-08-10,,
Telugu-LLM-Labs/Indic-gemma-2b-finetuned-sft-Navarasa-2.0,False,unmatched,,False,False,unclear,chat_finetuned,missing,2025-02-06,,
Telugu-LLM-Labs/Indic-gemma-7b-finetuned-sft-Navarasa-2.0,False,unmatched,,False,False,unclear,chat_finetuned,missing,2025-02-06,,
TencentARC/LLaMA-Pro-8B,False,unmatched,,False,False,custom,chat_finetuned,missing,2024-06-12,,
TencentARC/LLaMA-Pro-8B-Instruct,False,unmatched,,False,False,custom,chat_finetuned,missing,2024-06-12,,
TencentARC/MetaMath-Mistral-Pro,False,unmatched,,False,False,permissive,chat_finetuned,missing,2024-06-12,,
TencentARC/Mistral_Pro_8B_v0.1,False,unmatched,,False,False,permissive,chat_finetuned,missing,2024-06-12,,
TheDrummer/Cydonia-22B-v1.2,False,unmatched,,False,False,unclear,chat_finetuned,missing,2024-10-26,,
TheDrummer/Gemmasutra-9B-v1,False,unmatched,,False,False,missing,other,missing,2024-09-19,,
TheDrummer/Gemmasutra-Mini-2B-v1,False,unmatched,,False,False,unclear,chat_finetuned,missing,2024-10-28,,
TheDrummer/Llama-3SOME-8B-v2,False,unmatched,,False,False,research-only,chat_finetuned,missing,2025-01-12,,
TheDrummer/Ministrations-8B-v1,False,unmatched,,False,False,unclear,chat_finetuned,missing,2024-11-14,,
TheDrummer/Rocinante-12B-v1,False,unmatched,,False,False,unclear,chat_finetuned,missing,2024-09-03,,
TheDrummer/Tiger-Gemma-9B-v1,False,unmatched,,False,False,missing,chat_finetuned,missing,2025-01-07,,
TheDrummer/Tiger-Gemma-9B-v2,False,unmatched,,False,False,missing,chat_finetuned,missing,2025-01-07,,
TheDrummer/Tiger-Gemma-9B-v3,False,unmatched,,False,False,missing,chat_finetuned,missing,2025-01-07,,
TheDrunkenSnail/Daughter-of-Rhodia-12B,False,unmatched,,False,False,missing,other,missing,2025-01-17,,
TheDrunkenSnail/Mother-of-Rhodia-12B,False,unmatched,,False,False,unclear,other,missing,2025-01-27,,
TheDrunkenSnail/Son-of-Rhodia,False,unmatched,,False,False,unclear,other,missing,2024-12-31,,
TheHierophant/Underground-Cognitive-V0.3-test,False,unmatched,,False,False,missing,other,missing,2024-11-22,,
TheTsar1209/nemo-carpmuscle-v0.1,False,unmatched,,False,False,permissive,chat_finetuned,missing,2024-10-10,,
TheTsar1209/qwen-carpmuscle-r-v0.3,False,unmatched,,False,False,missing,chat_finetuned,missing,2024-10-23,,
TheTsar1209/qwen-carpmuscle-v0.1,False,unmatched,,False,False,permissive,chat_finetuned,missing,2024-10-10,,
TheTsar1209/qwen-carpmuscle-v0.2,False,unmatched,,False,False,permissive,chat_finetuned,missing,2024-10-19,,
TheTsar1209/qwen-carpmuscle-v0.3,False,unmatched,,False,False,permissive,chat_finetuned,missing,2024-10-28,,
TheTsar1209/qwen-carpmuscle-v0.4,False,unmatched,,False,False,permissive,chat_finetuned,missing,2024-11-18,,
TheTsar1209/qwen-carpmuscle-v0.4.1,False,unmatched,,False,False,permissive,chat_finetuned,missing,2025-01-19,,
Tijmen2/cosmosage-v3,False,unmatched,,False,False,permissive,chat_finetuned,missing,2024-08-27,,
TinyLlama/TinyLlama-1.1B-Chat-v0.1,False,unmatched,,False,False,permissive,chat_finetuned,missing,2024-12-02,,
TinyLlama/TinyLlama-1.1B-Chat-v0.5,False,unmatched,,False,False,permissive,chat_finetuned,missing,2024-10-23,,
TinyLlama/TinyLlama-1.1B-Chat-v0.6,False,unmatched,,False,False,permissive,chat_finetuned,missing,2024-10-23,,
TinyLlama/TinyLlama-1.1B-Chat-v1.0,False,unmatched,,False,False,permissive,chat_finetuned,missing,2024-08-04,,
TinyLlama/TinyLlama-1.1B-intermediate-step-1431k-3T,False,unmatched,,False,False,permissive,pretrained,missing,2024-11-27,,
TinyLlama/TinyLlama_v1.1,False,unmatched,,False,False,permissive,pretrained,missing,2024-06-12,,
ToastyPigeon/Sto-vo-kor-12B,False,unmatched,,False,False,permissive,chat_finetuned,missing,2025-01-22,,
Trappu/Magnum-Picaro-0.7-v2-12b,False,unmatched,,False,False,permissive,other,missing,2024-09-12,,
Trappu/Nemo-Picaro-12B,False,unmatched,,False,False,permissive,chat_finetuned,missing,2024-09-22,,
Tremontaine/L3-12B-Lunaris-v1,False,unmatched,,False,False,missing,chat_finetuned,missing,2024-07-15,,
Triangle104/Annunaki-12b,False,unmatched,,False,False,permissive,other,missing,2025-01-27,,
Triangle104/BigTalker-Lite-8B,False,unmatched,,False,False,custom,other,missing,2025-01-30,,
Triangle104/Chatty-Harry_V2.0,False,unmatched,,False,False,permissive,other,missing,2025-01-27,,
Triangle104/Chatty-Harry_V3.0,False,unmatched,,False,False,permissive,other,missing,2025-01-27,,
Triangle104/Chronos-Prism_V1.0,False,unmatched,,False,False,missing,other,missing,2025-01-30,,
Triangle104/DS-Distilled-Hermes-Llama-3.1,False,unmatched,,False,False,missing,other,missing,2025-01-27,,
Triangle104/DS-Distilled-Hermes-Llama-3.1_TIES,False,unmatched,,False,False,custom,other,missing,2025-01-30,,
Triangle104/DS-R1-Distill-Q2.5-10B-Harmony,False,unmatched,,False,False,permissive,other,missing,2025-01-27,,
Triangle104/DS-R1-Distill-Q2.5-14B-Harmony_V0.1,False,unmatched,,False,False,permissive,other,missing,2025-01-28,,
Triangle104/DS-R1-Distill-Q2.5-7B-RP,False,unmatched,,False,False,permissive,other,missing,2025-01-27,,
Triangle104/DS-R1-Llama-8B-Harmony,False,unmatched,,False,False,missing,other,missing,2025-01-27,,
Triangle104/DSR1-Distill-Llama-Lit-8B,False,unmatched,,False,False,permissive,other,missing,2025-02-11,,
Triangle104/DSR1-Distill-Qwen-7B-RP,False,unmatched,,False,False,permissive,other,missing,2025-02-09,,
Triangle104/Dark-Chivalry_V1.0,False,unmatched,,False,False,permissive,other,missing,2025-01-30,,
Triangle104/Distilled-DarkPlanet-Allades-8B,False,unmatched,,False,False,custom,other,missing,2025-01-29,,
Triangle104/Distilled-DarkPlanet-Allades-8B_TIES,False,unmatched,,False,False,custom,other,missing,2025-02-05,,
Triangle104/Distilled-Whiskey-8b,False,unmatched,,False,False,missing,other,missing,2025-01-27,,
Triangle104/Dolphin3-Llama3.2-Smart,False,unmatched,,False,False,missing,other,missing,2025-01-27,,
Triangle104/Gemmadevi-Stock-10B,False,unmatched,,False,False,missing,other,missing,2025-02-05,,
Triangle104/Hermes-Llama-3.2-CoT,False,unmatched,,False,False,custom,other,missing,2025-01-27,,
Triangle104/Hermes-Llama-3.2-CoT-Summary,False,unmatched,,False,False,custom,other,missing,2025-01-27,,
Triangle104/Hermes3-L3.1-DirtyHarry-8B,False,unmatched,,False,False,missing,other,missing,2025-01-27,,
Triangle104/Herodotos-14B,False,unmatched,,False,False,permissive,other,missing,2025-01-27,,
Triangle104/Herodotos-14B_V0.1,False,unmatched,,False,False,permissive,other,missing,2025-02-11,,
Triangle104/L3.1-8B-Dusky-Ink,False,unmatched,,False,False,missing,other,missing,2025-02-05,,
Triangle104/L3.1-8B-Dusky-Ink_v0.r1,False,unmatched,,False,False,custom,other,missing,2025-02-09,,
Triangle104/LThreePointOne-8B-HermesBlackroot,False,unmatched,,False,False,permissive,other,missing,2025-02-19,,
Triangle104/LThreePointOne-8B-HermesInk,False,unmatched,,False,False,permissive,other,missing,2025-02-19,,
Triangle104/Llama3.1-Allades-Lit-8b,False,unmatched,,False,False,missing,other,missing,2025-02-11,,
Triangle104/Llama3.1-cc-Lit-8b,False,unmatched,,False,False,permissive,other,missing,2025-02-11,,
Triangle104/Minerva-1.5b,False,unmatched,,False,False,permissive,other,missing,2025-01-27,,
Triangle104/Minerva-1.5b_V0.2,False,unmatched,,False,False,permissive,other,missing,2025-01-27,,
Triangle104/Minerva-10b,False,unmatched,,False,False,permissive,other,missing,2025-01-27,,
Triangle104/Minerva-14b,False,unmatched,,False,False,permissive,other,missing,2025-01-27,,
Triangle104/Minerva-14b-V0.1,False,unmatched,,False,False,missing,chat_finetuned,missing,2025-01-27,,
Triangle104/Minerva-7b,False,unmatched,,False,False,permissive,other,missing,2025-01-27,,
Triangle104/Minerva-8b,False,unmatched,,False,False,permissive,chat_finetuned,missing,2025-01-27,,
Triangle104/Mistral-Redemption-Arc,False,unmatched,,False,False,permissive,other,missing,2025-02-08,,
Triangle104/Mistral-Small-24b-Harmony,False,unmatched,,False,False,permissive,other,missing,2025-02-20,,
Triangle104/Pans_Gutenbergum_V0.1,False,unmatched,,False,False,permissive,other,missing,2025-01-30,,
Triangle104/Pans_Gutenbergum_V0.2,False,unmatched,,False,False,missing,other,missing,2025-01-30,,
Triangle104/Pantheon_ChatWaifu_V0.2,False,unmatched,,False,False,missing,other,missing,2025-01-30,,
Triangle104/Phi-4-AbliteratedRP,False,unmatched,,False,False,permissive,other,missing,2025-01-27,,
Triangle104/Phi4-RP-o1,False,unmatched,,False,False,permissive,other,missing,2025-01-30,,
Triangle104/Phi4-RP-o1-Ablit,False,unmatched,,False,False,missing,other,missing,2025-02-09,,
Triangle104/Porpoise-R1-Llama3.2-3b,False,unmatched,,False,False,custom,other,missing,2025-02-08,,
Triangle104/Q2.5-14B-Instruct-1M-Harmony,False,unmatched,,False,False,permissive,other,missing,2025-02-02,,
Triangle104/Q2.5-AthensCOT,False,unmatched,,False,False,permissive,chat_finetuned,missing,2025-01-27,,
Triangle104/Q2.5-CodeR1-3B,False,unmatched,,False,False,permissive,other,missing,2025-02-24,,
Triangle104/Q2.5-EVACOT-7b,False,unmatched,,False,False,permissive,other,missing,2025-01-27,,
Triangle104/Q2.5-EvaHumane-RP,False,unmatched,,False,False,missing,other,missing,2025-01-27,,
Triangle104/Q2.5-Humane-RP,False,unmatched,,False,False,permissive,other,missing,2025-01-27,,
Triangle104/Q2.5-Instruct-1M_Harmony,False,unmatched,,False,False,permissive,other,missing,2025-01-29,,
Triangle104/Q2.5-R1-3B,False,unmatched,,False,False,permissive,other,missing,2025-02-24,,
Triangle104/Q2.5-R1-7B,False,unmatched,,False,False,permissive,other,missing,2025-02-27,,
Triangle104/Robo-Gutenberg_V1.0,False,unmatched,,False,False,permissive,other,missing,2025-01-30,,
Triangle104/Rocinante-Prism_V2.0,False,unmatched,,False,False,missing,other,missing,2025-01-30,,
Triangle104/Rocinante-Prism_V2.1,False,unmatched,,False,False,missing,other,missing,2025-01-30,,
Triangle104/RomboHermes3-R1-Llama3.2-3b,False,unmatched,,False,False,custom,other,missing,2025-02-09,,
Triangle104/Rombos-Novasky-7B_V1c,False,unmatched,,False,False,permissive,other,missing,2025-02-20,,
Triangle104/Set-70b,False,unmatched,,False,False,custom,other,missing,2025-01-27,,
Tsunami-th/Tsunami-0.5-7B-Instruct,False,unmatched,,False,False,permissive,chat_finetuned,missing,2024-10-12,,
Tsunami-th/Tsunami-0.5x-7B-Instruct,False,unmatched,,False,False,permissive,chat_finetuned,missing,2024-10-16,,
Tsunami-th/Tsunami-1.0-14B-Instruct,False,unmatched,,False,False,permissive,chat_finetuned,missing,2024-10-25,,
Tsunami-th/Tsunami-1.0-7B-Instruct,False,unmatched,,False,False,permissive,chat_finetuned,missing,2024-10-28,,
UCLA-AGI/Gemma-2-9B-It-SPPO-Iter1,False,unmatched,,False,False,custom,chat_finetuned,missing,2024-09-21,,
UCLA-AGI/Gemma-2-9B-It-SPPO-Iter2,False,unmatched,,False,False,custom,chat_finetuned,missing,2024-08-07,,
UCLA-AGI/Gemma-2-9B-It-SPPO-Iter3,False,unmatched,,False,False,custom,chat_finetuned,missing,2024-07-31,,
UCLA-AGI/Llama-3-Instruct-8B-SPPO-Iter1,False,unmatched,,False,False,permissive,chat_finetuned,missing,2024-09-21,,
UCLA-AGI/Llama-3-Instruct-8B-SPPO-Iter2,False,unmatched,,False,False,permissive,chat_finetuned,missing,2024-08-07,,
UCLA-AGI/Llama-3-Instruct-8B-SPPO-Iter3,False,unmatched,,False,False,permissive,chat_finetuned,missing,2024-07-02,,
UCLA-AGI/Llama-3-Instruct-8B-SPPO-Iter3,False,unmatched,,False,False,permissive,chat_finetuned,missing,2024-06-28,,
UCLA-AGI/Mistral7B-PairRM-SPPO,False,unmatched,,False,False,permissive,chat_finetuned,missing,2024-09-21,,
UCLA-AGI/Mistral7B-PairRM-SPPO-Iter1,False,unmatched,,False,False,permissive,chat_finetuned,missing,2024-09-21,,
UCLA-AGI/Mistral7B-PairRM-SPPO-Iter2,False,unmatched,,False,False,permissive,chat_finetuned,missing,2024-08-07,,
UCLA-AGI/Mistral7B-PairRM-SPPO-Iter3,False,unmatched,,False,False,permissive,chat_finetuned,missing,2024-08-07,,
UKzExecution/LlamaExecutor-8B-3.0.5,False,unmatched,,False,False,missing,other,missing,2024-07-30,,
Unbabel/TowerInstruct-Mistral-7B-v0.2,False,unmatched,,False,False,research-only,chat_finetuned,missing,2024-09-06,,
Undi95/MG-FinalMix-72B,False,unmatched,,False,False,unclear,chat_finetuned,missing,2024-07-13,,
Undi95/Phi4-abliterated,False,unmatched,,False,False,missing,chat_finetuned,missing,2025-01-23,,
V3N0M/Jenna-Tiny-2.0,False,unmatched,,False,False,missing,chat_finetuned,missing,2025-01-17,,
VAGOsolutions/Llama-3-SauerkrautLM-70b-Instruct,False,unmatched,,False,False,unclear,chat_finetuned,missing,2024-06-26,,
VAGOsolutions/Llama-3-SauerkrautLM-8b-Instruct,False,unmatched,,False,False,unclear,chat_finetuned,missing,2024-07-22,,
VAGOsolutions/Llama-3.1-SauerkrautLM-70b-Instruct,False,unmatched,,False,False,custom,chat_finetuned,missing,2024-08-26,,
VAGOsolutions/Llama-3.1-SauerkrautLM-8b-Instruct,False,unmatched,,False,False,custom,chat_finetuned,missing,2024-07-29,,
VAGOsolutions/SauerkrautLM-1.5b,False,unmatched,,False,False,permissive,chat_finetuned,missing,2024-06-26,,
VAGOsolutions/SauerkrautLM-7b-HerO,False,unmatched,,False,False,permissive,chat_finetuned,missing,2024-06-26,,
VAGOsolutions/SauerkrautLM-7b-LaserChat,False,unmatched,,False,False,permissive,chat_finetuned,missing,2024-06-26,,
VAGOsolutions/SauerkrautLM-Gemma-2b,False,unmatched,,False,False,unclear,chat_finetuned,missing,2024-06-26,,
VAGOsolutions/SauerkrautLM-Gemma-7b,False,unmatched,,False,False,unclear,chat_finetuned,missing,2024-06-26,,
VAGOsolutions/SauerkrautLM-Mixtral-8x7B-Instruct,False,unmatched,,False,False,permissive,chat_finetuned,missing,2024-06-26,,
VAGOsolutions/SauerkrautLM-Nemo-12b-Instruct,False,unmatched,,False,False,permissive,chat_finetuned,missing,2024-07-22,,
VAGOsolutions/SauerkrautLM-Phi-3-medium,False,unmatched,,False,False,permissive,chat_finetuned,missing,2024-09-19,,
VAGOsolutions/SauerkrautLM-SOLAR-Instruct,False,unmatched,,False,False,research-only,chat_finetuned,missing,2024-06-26,,
VAGOsolutions/SauerkrautLM-gemma-2-2b-it,False,unmatched,,False,False,custom,chat_finetuned,missing,2024-08-26,,
VAGOsolutions/SauerkrautLM-gemma-2-9b-it,False,unmatched,,False,False,custom,chat_finetuned,missing,2024-08-26,,
VAGOsolutions/SauerkrautLM-v2-14b-DPO,False,unmatched,,False,False,permissive,chat_finetuned,missing,2024-11-04,,
VAGOsolutions/SauerkrautLM-v2-14b-SFT,False,unmatched,,False,False,permissive,chat_finetuned,missing,2024-11-04,,
VIRNECT/llama-3-Korean-8B,False,unmatched,,False,False,custom,chat_finetuned,missing,2024-07-17,,
VIRNECT/llama-3-Korean-8B,False,unmatched,,False,False,custom,chat_finetuned,missing,2024-07-17,,
VIRNECT/llama-3-Korean-8B-r-v-0.1,False,unmatched,,False,False,custom,chat_finetuned,missing,2024-07-18,,
ValiantLabs/Llama3-70B-Fireplace,False,unmatched,,False,False,custom,chat_finetuned,missing,2024-06-26,,
ValiantLabs/Llama3-70B-ShiningValiant2,False,unmatched,,False,False,custom,chat_finetuned,missing,2024-07-25,,
ValiantLabs/Llama3.1-70B-ShiningValiant2,False,unmatched,,False,False,custom,chat_finetuned,missing,2024-10-30,,
ValiantLabs/Llama3.1-8B-Cobalt,False,unmatched,,False,False,custom,chat_finetuned,missing,2024-10-02,,
ValiantLabs/Llama3.1-8B-Cobalt,False,unmatched,,False,False,custom,chat_finetuned,missing,2024-09-20,,
ValiantLabs/Llama3.1-8B-Enigma,False,unmatched,,False,False,custom,chat_finetuned,missing,2024-10-02,,
ValiantLabs/Llama3.1-8B-Esper2,False,unmatched,,False,False,custom,chat_finetuned,missing,2024-10-09,,
ValiantLabs/Llama3.1-8B-Fireplace2,False,unmatched,,False,False,custom,chat_finetuned,missing,2024-07-25,,
ValiantLabs/Llama3.1-8B-Fireplace2,False,unmatched,,False,False,custom,chat_finetuned,missing,2024-08-10,,
ValiantLabs/Llama3.1-8B-ShiningValiant2,False,unmatched,,False,False,custom,chat_finetuned,missing,2024-08-10,,
ValiantLabs/Llama3.1-8B-ShiningValiant2,False,unmatched,,False,False,custom,chat_finetuned,missing,2024-11-05,,
ValiantLabs/Llama3.2-3B-Enigma,False,unmatched,,False,False,custom,chat_finetuned,missing,2024-10-02,,
ValiantLabs/Llama3.2-3B-Esper2,False,unmatched,,False,False,custom,chat_finetuned,missing,2024-10-09,,
ValiantLabs/Llama3.2-3B-ShiningValiant2,False,unmatched,,False,False,custom,chat_finetuned,missing,2024-11-05,,
Vikhrmodels/Vikhr-Llama3.1-8B-Instruct-R-21-09-24,False,unmatched,,False,False,permissive,chat_finetuned,missing,2024-09-21,,
Vikhrmodels/Vikhr-Nemo-12B-Instruct-R-21-09-24,False,unmatched,,False,False,permissive,chat_finetuned,missing,2024-09-21,,
Weyaxi/Bagel-Hermes-2x34B,False,unmatched,,False,False,permissive,chat_finetuned,missing,2024-10-28,,
Weyaxi/Bagel-Hermes-34B-Slerp,False,unmatched,,False,False,permissive,other,missing,2024-08-30,,
Weyaxi/Einstein-v4-7B,False,unmatched,,False,False,unclear,chat_finetuned,missing,2024-06-26,,
Weyaxi/Einstein-v6.1-Llama3-8B,False,unmatched,,False,False,unclear,chat_finetuned,missing,2024-06-26,,
Weyaxi/Einstein-v6.1-developed-by-Weyaxi-Llama3-8B,False,unmatched,,False,False,unclear,chat_finetuned,missing,2024-06-26,,
Weyaxi/Einstein-v7-Qwen2-7B,False,unmatched,,False,False,unclear,chat_finetuned,missing,2024-06-26,,
Weyaxi/Einstein-v8-Llama3.2-1B,False,unmatched,,False,False,custom,chat_finetuned,missing,2024-09-30,,
Weyaxi/SauerkrautLM-UNA-SOLAR-Instruct,False,unmatched,,False,False,research-only,chat_finetuned,missing,2024-06-26,,
WizardLMTeam/WizardLM-13B-V1.0,False,unmatched,,False,False,missing,chat_finetuned,missing,2024-06-13,,
WizardLMTeam/WizardLM-13B-V1.2,True,normalized_exact_owner,Yes,True,False,custom,chat_finetuned,missing,2024-06-12,2023-07-25,323.0
WizardLMTeam/WizardLM-70B-V1.0,False,unmatched,,False,False,custom,chat_finetuned,missing,2024-06-12,,
Wladastic/Mini-Think-Base-1B,False,unmatched,,False,False,custom,pretrained,missing,2025-02-22,,
Xclbr7/Arcanum-12b,False,unmatched,,False,False,permissive,chat_finetuned,missing,2024-09-17,,
Xclbr7/Hyena-12b,False,unmatched,,False,False,permissive,chat_finetuned,missing,2024-09-19,,
Xclbr7/caliburn-12b,False,unmatched,,False,False,permissive,chat_finetuned,missing,2024-09-14,,
Xclbr7/caliburn-v2-12b,False,unmatched,,False,False,permissive,chat_finetuned,missing,2024-09-16,,
Xiaojian9992024/Llama3.2-1B-THREADRIPPER,False,unmatched,,False,False,missing,other,missing,2025-02-03,,
Xiaojian9992024/Llama3.2-1B-THREADRIPPER-v0.2,False,unmatched,,False,False,missing,other,missing,2025-02-03,,
Xiaojian9992024/Phi-4-Megatron-Empathetic,False,unmatched,,False,False,missing,other,missing,2025-02-17,,
Xiaojian9992024/Phi-4-mini-UNOFFICAL,False,unmatched,,False,False,missing,other,missing,2025-01-25,,
Xiaojian9992024/Qwen2.5-7B-MS-Destroyer,False,unmatched,,False,False,missing,other,missing,2025-03-03,,
Xiaojian9992024/Qwen2.5-Dyanka-7B-Preview,False,unmatched,,False,False,permissive,other,missing,2025-02-25,,
Xiaojian9992024/Qwen2.5-Dyanka-7B-Preview-v0.2,False,unmatched,,False,False,missing,other,missing,2025-02-26,,
Xiaojian9992024/Qwen2.5-THREADRIPPER-Medium-Censored,False,unmatched,,False,False,missing,other,missing,2025-02-07,,
Xiaojian9992024/Qwen2.5-THREADRIPPER-Small,False,unmatched,,False,False,missing,other,missing,2025-02-05,,
Xiaojian9992024/Qwen2.5-THREADRIPPER-Small-AnniversaryEdition,False,unmatched,,False,False,missing,other,missing,2025-02-19,,
Xiaojian9992024/Qwen2.5-Ultra-1.5B-25.02-Exp,False,unmatched,,False,False,missing,other,missing,2025-02-20,,
Xiaojian9992024/Reflection-L3.2-JametMiniMix-3B,False,unmatched,,False,False,missing,other,missing,2025-02-17,,
Xkev/Llama-3.2V-11B-cot,False,unmatched,,False,False,permissive,other,missing,2024-12-26,,
YOYO-AI/Qwen2.5-14B-1M-YOYO-V3,False,unmatched,,False,False,permissive,other,missing,2025-02-22,,
YOYO-AI/Qwen2.5-14B-YOYO-0505,False,unmatched,,False,False,missing,other,missing,2025-01-27,,
YOYO-AI/Qwen2.5-14B-YOYO-0510-v2,False,unmatched,,False,False,permissive,other,missing,2025-01-29,,
YOYO-AI/Qwen2.5-14B-YOYO-0805,False,unmatched,,False,False,missing,other,missing,2025-01-27,,
YOYO-AI/Qwen2.5-14B-YOYO-1005,False,unmatched,,False,False,permissive,other,missing,2025-01-26,,
YOYO-AI/Qwen2.5-14B-YOYO-1005-v2,False,unmatched,,False,False,permissive,other,missing,2025-01-29,,
YOYO-AI/Qwen2.5-14B-YOYO-1010,False,unmatched,,False,False,permissive,other,missing,2025-01-25,,
YOYO-AI/Qwen2.5-14B-YOYO-1010,False,unmatched,,False,False,permissive,other,missing,2025-01-25,,
YOYO-AI/Qwen2.5-14B-YOYO-1010-v2,False,unmatched,,False,False,permissive,other,missing,2025-01-29,,
YOYO-AI/Qwen2.5-14B-YOYO-SCE,False,unmatched,,False,False,permissive,other,missing,2025-01-31,,
YOYO-AI/Qwen2.5-14B-YOYO-V4,False,unmatched,,False,False,permissive,other,missing,2025-03-03,,
YOYO-AI/Qwen2.5-14B-YOYO-V4-p1,False,unmatched,,False,False,permissive,other,missing,2025-02-28,,
YOYO-AI/Qwen2.5-14B-YOYO-V4-p2,False,unmatched,,False,False,permissive,other,missing,2025-03-01,,
YOYO-AI/Qwen2.5-14B-YOYO-latest,False,unmatched,,False,False,permissive,other,missing,2025-02-02,,
YOYO-AI/Qwen2.5-14B-YOYO-latest-V2,False,unmatched,,False,False,permissive,other,missing,2025-02-18,,
YOYO-AI/Qwen2.5-14B-it-restore,False,unmatched,,False,False,permissive,other,missing,2025-03-09,,
YOYO-AI/Qwen2.5-7B-it-restore,False,unmatched,,False,False,permissive,other,missing,2025-03-10,,
YOYO-AI/Qwen2.5-Coder-14B-YOYO-1010,False,unmatched,,False,False,permissive,other,missing,2025-01-28,,
YOYO-AI/ZYH-LLM-Qwen2.5-14B,False,unmatched,,False,False,permissive,other,missing,2025-02-05,,
YOYO-AI/ZYH-LLM-Qwen2.5-14B-V2,False,unmatched,,False,False,permissive,other,missing,2025-02-08,,
YOYO-AI/ZYH-LLM-Qwen2.5-14B-V3,False,unmatched,,False,False,permissive,other,missing,2025-02-24,,
YOYO-AI/ZYH-LLM-Qwen2.5-14B-V4,False,unmatched,,False,False,permissive,other,missing,2025-03-13,,
Yash21/TinyYi-7B-Test,False,unmatched,,False,False,permissive,pretrained,missing,2024-07-03,,
Youlln/1PARAMMYL-8B-ModelStock,False,unmatched,,False,False,missing,other,missing,2024-09-20,,
Youlln/2PRYMMAL-Yi1.5-6B-SLERP,False,unmatched,,False,False,permissive,other,missing,2024-09-23,,
Youlln/3PRYMMAL-PHI3-3B-SLERP,False,unmatched,,False,False,permissive,other,missing,2024-09-23,,
Youlln/4PRYMMAL-GEMMA2-9B-SLERP,False,unmatched,,False,False,permissive,other,missing,2024-09-23,,
Youlln/ECE-MIRAGE-1-12B,False,unmatched,,False,False,permissive,other,missing,2025-02-11,,
Youlln/ECE-MIRAGE-1-15B,False,unmatched,,False,False,permissive,chat_finetuned,missing,2025-02-21,,
Youlln/ECE-PRYMMAL-0.5B-FT-V3,False,unmatched,,False,False,permissive,chat_finetuned,missing,2024-10-16,,
Youlln/ECE-PRYMMAL-0.5B-FT-V3-MUSR,False,unmatched,,False,False,permissive,chat_finetuned,missing,2024-10-21,,
Youlln/ECE-PRYMMAL-0.5B-FT-V4-MUSR,False,unmatched,,False,False,permissive,chat_finetuned,missing,2024-10-21,,
Youlln/ECE-PRYMMAL-0.5B-SLERP-V2,False,unmatched,,False,False,permissive,other,missing,2024-10-22,,
Youlln/ECE-PRYMMAL-0.5B-SLERP-V3,False,unmatched,,False,False,permissive,other,missing,2024-10-22,,
Youlln/ECE-PRYMMAL-YL-1B-SLERP-V1,False,unmatched,,False,False,permissive,other,missing,2024-11-08,,
Youlln/ECE-PRYMMAL-YL-1B-SLERP-V2,False,unmatched,,False,False,permissive,other,missing,2024-11-08,,
Youlln/ECE-PRYMMAL-YL-7B-SLERP-V4,False,unmatched,,False,False,permissive,other,missing,2024-11-06,,
Youlln/ECE-PRYMMAL0.5-FT,False,unmatched,,False,False,permissive,chat_finetuned,missing,2024-10-02,,
Youlln/ECE-PRYMMAL0.5B-Youri,False,unmatched,,False,False,missing,other,missing,2024-10-07,,
Youlln/ECE-PRYMMAL1B-FT-V1,False,unmatched,,False,False,permissive,chat_finetuned,missing,2024-10-12,,
Youlln/ECE-Qwen0.5B-FT-V2,False,unmatched,,False,False,permissive,chat_finetuned,missing,2024-10-11,,
Youlln/ECE.EIFFEIL.ia-0.5B-SLERP,False,unmatched,,False,False,permissive,other,missing,2024-10-14,,
YoungPanda/qwenqwen,False,unmatched,,False,False,missing,chat_finetuned,missing,2024-09-12,,
Yuma42/KangalKhan-RawRuby-7B,False,unmatched,,False,False,permissive,other,missing,2024-06-26,,
Yuma42/Llama3.1-IgneousIguana-8B,False,unmatched,,False,False,custom,other,missing,2025-03-10,,
Yuma42/Llama3.1-SuperHawk-8B,False,unmatched,,False,False,custom,other,missing,2025-03-10,,
Z1-Coder/Z1-Coder-7B,False,unmatched,,False,False,permissive,chat_finetuned,missing,2025-03-01,,
ZHLiu627/zephyr-7b-gemma-dpo-avg,False,unmatched,,False,False,missing,chat_finetuned,missing,2025-02-25,,
ZHLiu627/zephyr-7b-gemma-rpo-avg,False,unmatched,,False,False,permissive,chat_finetuned,missing,2025-02-25,,
ZeroXClem/L3-Aspire-Heart-Matrix-8B,False,unmatched,,False,False,permissive,other,missing,2024-11-22,,
ZeroXClem/Llama-3.1-8B-AthenaSky-MegaMix,False,unmatched,,False,False,permissive,other,missing,2025-03-11,,
ZeroXClem/Llama-3.1-8B-RainbowLight-EtherealMix,False,unmatched,,False,False,permissive,other,missing,2025-03-11,,
ZeroXClem/Llama-3.1-8B-SpecialTitanFusion,False,unmatched,,False,False,permissive,other,missing,2025-03-11,,
ZeroXClem/Llama-3.1-8B-SuperNova-EtherealHermes,False,unmatched,,False,False,permissive,other,missing,2025-03-11,,
ZeroXClem/Llama-3.1-8B-SuperTulu-LexiNova,False,unmatched,,False,False,permissive,other,missing,2025-03-10,,
ZeroXClem/Qwen-2.5-Aether-SlerpFusion-7B,False,unmatched,,False,False,permissive,other,missing,2024-11-20,,
ZeroXClem/Qwen2.5-7B-CelestialHarmony-1M,False,unmatched,,False,False,permissive,other,missing,2025-02-05,,
ZeroXClem/Qwen2.5-7B-HomerAnvita-NerdMix,False,unmatched,,False,False,permissive,other,missing,2024-11-21,,
ZeroXClem/Qwen2.5-7B-HomerCreative-Mix,False,unmatched,,False,False,permissive,other,missing,2024-11-21,,
ZeroXClem/Qwen2.5-7B-Qandora-CySec,False,unmatched,,False,False,permissive,chat_finetuned,missing,2024-11-12,,
ZeusLabs/L3-Aethora-15B-V2,False,unmatched,,False,False,custom,chat_finetuned,missing,2024-06-27,,
ZhangShenao/SELM-Llama-3-8B-Instruct-iter-3,False,unmatched,,False,False,permissive,chat_finetuned,missing,2024-07-02,,
aaditya/Llama3-OpenBioLLM-70B,False,unmatched,,False,False,custom,chat_finetuned,missing,2024-08-30,,
abacusai/Dracarys-72B-Instruct,False,unmatched,,False,False,unclear,chat_finetuned,missing,2024-08-16,,
abacusai/Liberated-Qwen1.5-14B,False,unmatched,,False,False,unclear,chat_finetuned,missing,2024-09-05,,
abacusai/Llama-3-Smaug-8B,False,unmatched,,False,False,custom,chat_finetuned,missing,2024-07-02,,
abacusai/Smaug-34B-v0.1,False,unmatched,,False,False,permissive,chat_finetuned,missing,2024-06-12,,
abacusai/Smaug-72B-v0.1,False,unmatched,,False,False,unclear,chat_finetuned,missing,2024-06-12,,
abacusai/Smaug-Llama-3-70B-Instruct-32K,False,unmatched,,False,False,custom,chat_finetuned,missing,2024-08-06,,
abacusai/Smaug-Mixtral-v0.1,False,unmatched,,False,False,permissive,chat_finetuned,missing,2024-08-30,,
abacusai/Smaug-Qwen2-72B-Instruct,False,unmatched,,False,False,unclear,chat_finetuned,missing,2024-07-29,,
abacusai/bigstral-12b-32k,False,unmatched,,False,False,permissive,other,missing,2024-09-04,,
abacusai/bigyi-15b,False,unmatched,,False,False,unclear,other,missing,2024-09-17,,
abhishek/autotrain-0tmgq-5tpbg,False,unmatched,,False,False,unclear,chat_finetuned,missing,2024-12-03,,
abhishek/autotrain-0tmgq-5tpbg,False,unmatched,,False,False,unclear,chat_finetuned,missing,2024-12-04,,
abhishek/autotrain-llama3-70b-orpo-v1,False,unmatched,,False,False,unclear,chat_finetuned,missing,2024-08-30,,
abhishek/autotrain-llama3-70b-orpo-v2,False,unmatched,,False,False,unclear,chat_finetuned,missing,2024-08-21,,
abhishek/autotrain-llama3-orpo-v2,False,unmatched,,False,False,unclear,chat_finetuned,missing,2024-06-26,,
abhishek/autotrain-vr4a1-e5mms,False,unmatched,,False,False,unclear,chat_finetuned,missing,2024-09-06,,
abideen/MedPhi-4-14B-v1,False,unmatched,,False,False,missing,chat_finetuned,missing,2025-01-13,,
adamo1139/Yi-34B-200K-AEZAKMI-v2,False,unmatched,,False,False,permissive,chat_finetuned,missing,2024-06-26,,
adriszmar/QAIMath-Qwen2.5-7B-TIES,False,unmatched,,False,False,permissive,other,missing,2024-10-27,,
adriszmar/QAIMath-Qwen2.5-7B-TIES,False,unmatched,,False,False,permissive,other,missing,2024-10-27,,
aevalone/distill_qw_test,False,unmatched,,False,False,permissive,chat_finetuned,missing,2025-03-05,,
agentlans/Gemma2-9B-AdvancedFuse,False,unmatched,,False,False,custom,other,missing,2025-01-21,,
agentlans/Llama-3.2-1B-Instruct-CrashCourse12K,False,unmatched,,False,False,custom,chat_finetuned,missing,2025-01-05,,
agentlans/Llama3.1-8B-drill,False,unmatched,,False,False,missing,other,missing,2024-12-27,,
agentlans/Llama3.1-Daredevilish,False,unmatched,,False,False,custom,other,missing,2025-01-22,,
agentlans/Llama3.1-Daredevilish-Instruct,False,unmatched,,False,False,custom,other,missing,2025-01-22,,
agentlans/Llama3.1-LexiHermes-SuperStorm,False,unmatched,,False,False,custom,other,missing,2025-02-19,,
agentlans/Llama3.1-SuperDeepFuse,False,unmatched,,False,False,custom,other,missing,2025-01-21,,
agentlans/Llama3.1-SuperDeepFuse-CrashCourse12K,False,unmatched,,False,False,custom,chat_finetuned,missing,2025-01-24,,
agentlans/Qwen2.5-0.5B-Instruct-CrashCourse-dropout,False,unmatched,,False,False,permissive,chat_finetuned,missing,2025-01-01,,
ahmeda335/13_outOf_32_pruned_layers_llama3.1-8b,False,unmatched,,False,False,permissive,chat_finetuned,missing,2024-12-03,,
ai21labs/Jamba-v0.1,False,unmatched,,False,False,permissive,pretrained,missing,2024-09-16,,
ai4bharat/Airavata,False,unmatched,,False,False,custom,chat_finetuned,missing,2025-02-06,,
aixonlab/Aether-12b,False,unmatched,,False,False,permissive,other,missing,2024-10-09,,
aixonlab/Grey-12b,False,unmatched,,False,False,permissive,other,missing,2024-10-09,,
aixonlab/Zara-14b-v1.2,False,unmatched,,False,False,permissive,chat_finetuned,missing,2025-02-24,,
akhadangi/Llama3.2.1B.0.01-First,False,unmatched,,False,False,custom,chat_finetuned,missing,2025-03-10,,
akhadangi/Llama3.2.1B.0.01-Last,False,unmatched,,False,False,custom,chat_finetuned,missing,2025-03-10,,
akhadangi/Llama3.2.1B.0.1-First,False,unmatched,,False,False,custom,chat_finetuned,missing,2025-03-10,,
akhadangi/Llama3.2.1B.0.1-Last,False,unmatched,,False,False,custom,chat_finetuned,missing,2025-03-10,,
akhadangi/Llama3.2.1B.BaseFiT,False,unmatched,,False,False,custom,chat_finetuned,missing,2025-03-10,,
akjindal53244/Llama-3.1-Storm-8B,False,unmatched,,False,False,custom,chat_finetuned,missing,2024-10-27,,
akjindal53244/Llama-3.1-Storm-8B,False,unmatched,,False,False,custom,chat_finetuned,missing,2024-11-26,,
alcholjung/llama3_medical_tuned,False,unmatched,,False,False,missing,chat_finetuned,missing,2024-08-14,,
allenai/Llama-3.1-Tulu-3-70B,False,unmatched,,False,False,custom,chat_finetuned,missing,2024-11-27,,
allenai/Llama-3.1-Tulu-3-70B,False,unmatched,,False,False,custom,chat_finetuned,missing,2024-11-27,,
allenai/Llama-3.1-Tulu-3-70B-DPO,False,unmatched,,False,False,custom,chat_finetuned,missing,2024-11-27,,
allenai/Llama-3.1-Tulu-3-70B-SFT,False,unmatched,,False,False,custom,chat_finetuned,missing,2024-11-27,,
allenai/Llama-3.1-Tulu-3-8B,False,unmatched,,False,False,custom,chat_finetuned,missing,2024-11-21,,
allenai/Llama-3.1-Tulu-3-8B,False,unmatched,,False,False,custom,chat_finetuned,missing,2024-11-28,,
allenai/Llama-3.1-Tulu-3-8B-DPO,False,unmatched,,False,False,custom,chat_finetuned,missing,2024-11-22,,
allenai/Llama-3.1-Tulu-3-8B-RM,False,unmatched,,False,False,custom,chat_finetuned,missing,2024-11-22,,
allenai/Llama-3.1-Tulu-3-8B-SFT,False,unmatched,,False,False,custom,chat_finetuned,missing,2024-11-22,,
allenai/OLMo-1.7-7B-hf,False,unmatched,,False,False,permissive,other,missing,,,
allenai/OLMo-1B-hf,False,unmatched,,False,False,permissive,pretrained,missing,2024-06-12,,
allenai/OLMo-2-1124-7B-Instruct,False,unmatched,,False,False,permissive,chat_finetuned,missing,2025-01-07,,
allenai/OLMo-7B-Instruct-hf,False,unmatched,,False,False,permissive,chat_finetuned,missing,2024-06-27,,
allenai/OLMo-7B-hf,False,unmatched,,False,False,permissive,pretrained,missing,2024-06-27,,
allenai/OLMoE-1B-7B-0125-Instruct,False,unmatched,,False,False,permissive,pretrained,missing,2025-02-18,,
allenai/OLMoE-1B-7B-0924,False,unmatched,,False,False,permissive,pretrained,missing,2024-09-30,,
allenai/OLMoE-1B-7B-0924-Instruct,False,unmatched,,False,False,permissive,chat_finetuned,missing,2024-09-30,,
allknowingroger/Chocolatine-24B,False,unmatched,,False,False,permissive,other,missing,2024-09-02,,
allknowingroger/Gemma2Slerp1-2.6B,False,unmatched,,False,False,missing,other,missing,2024-12-06,,
allknowingroger/Gemma2Slerp1-27B,False,unmatched,,False,False,permissive,other,missing,2024-12-06,,
allknowingroger/Gemma2Slerp2-2.6B,False,unmatched,,False,False,missing,other,missing,2024-12-06,,
allknowingroger/Gemma2Slerp2-27B,False,unmatched,,False,False,permissive,other,missing,2024-12-06,,
allknowingroger/Gemma2Slerp3-27B,False,unmatched,,False,False,permissive,other,missing,2024-12-06,,
allknowingroger/Gemma2Slerp4-27B,False,unmatched,,False,False,permissive,other,missing,2024-12-06,,
allknowingroger/GemmaSlerp-9B,False,unmatched,,False,False,permissive,other,missing,2024-11-22,,
allknowingroger/GemmaSlerp2-9B,False,unmatched,,False,False,permissive,other,missing,2024-11-22,,
allknowingroger/GemmaSlerp4-10B,False,unmatched,,False,False,permissive,other,missing,2024-11-22,,
allknowingroger/GemmaSlerp5-10B,False,unmatched,,False,False,permissive,other,missing,2024-11-22,,
allknowingroger/GemmaStock1-27B,False,unmatched,,False,False,permissive,other,missing,2024-12-06,,
allknowingroger/HomerSlerp1-7B,False,unmatched,,False,False,permissive,other,missing,2024-11-22,,
allknowingroger/HomerSlerp2-7B,False,unmatched,,False,False,permissive,other,missing,2024-11-22,,
allknowingroger/HomerSlerp3-7B,False,unmatched,,False,False,permissive,other,missing,2024-11-22,,
allknowingroger/HomerSlerp4-7B,False,unmatched,,False,False,permissive,other,missing,2024-11-22,,
allknowingroger/LimyQstar-7B-slerp,False,unmatched,,False,False,permissive,other,missing,2024-06-26,,
allknowingroger/Llama3.1-60B,False,unmatched,,False,False,missing,other,missing,2024-10-08,,
allknowingroger/Marco-01-slerp1-7B,False,unmatched,,False,False,permissive,other,missing,2024-11-22,,
allknowingroger/Meme-7B-slerp,False,unmatched,,False,False,permissive,other,missing,2024-06-26,,
allknowingroger/Ministral-8B-slerp,False,unmatched,,False,False,missing,other,missing,2024-10-21,,
allknowingroger/MistralPhi3-11B,False,unmatched,,False,False,permissive,other,missing,2024-09-02,,
allknowingroger/Mistralmash1-7B-s,False,unmatched,,False,False,permissive,other,missing,2024-09-02,,
allknowingroger/Mistralmash2-7B-s,False,unmatched,,False,False,permissive,other,missing,2024-09-02,,
allknowingroger/MixTAO-19B-pass,False,unmatched,,False,False,permissive,other,missing,2024-06-26,,
allknowingroger/MixTaoTruthful-13B-slerp,False,unmatched,,False,False,permissive,other,missing,2024-06-26,,
allknowingroger/MultiCalm-7B-slerp,False,unmatched,,False,False,permissive,other,missing,2024-06-26,,
allknowingroger/MultiMash-12B-slerp,False,unmatched,,False,False,permissive,other,missing,2024-06-26,,
allknowingroger/MultiMash10-13B-slerp,False,unmatched,,False,False,permissive,other,missing,2024-06-26,,
allknowingroger/MultiMash11-13B-slerp,False,unmatched,,False,False,permissive,other,missing,2024-06-26,,
allknowingroger/MultiMash2-12B-slerp,False,unmatched,,False,False,permissive,other,missing,2024-06-26,,
allknowingroger/MultiMash5-12B-slerp,False,unmatched,,False,False,missing,other,missing,2024-06-26,,
allknowingroger/MultiMash6-12B-slerp,False,unmatched,,False,False,permissive,other,missing,2024-06-26,,
allknowingroger/MultiMash7-12B-slerp,False,unmatched,,False,False,permissive,other,missing,2024-06-26,,
allknowingroger/MultiMash8-13B-slerp,False,unmatched,,False,False,permissive,other,missing,2024-09-02,,
allknowingroger/MultiMash9-13B-slerp,False,unmatched,,False,False,permissive,other,missing,2024-06-26,,
allknowingroger/MultiMerge-7B-slerp,False,unmatched,,False,False,permissive,other,missing,2024-06-26,,
allknowingroger/Multimash3-12B-slerp,False,unmatched,,False,False,permissive,other,missing,2024-06-26,,
allknowingroger/Multimerge-19B-pass,False,unmatched,,False,False,missing,other,missing,2024-06-26,,
allknowingroger/MultiverseEx26-7B-slerp,False,unmatched,,False,False,permissive,other,missing,2024-06-26,,
allknowingroger/NeuralWestSeverus-7B-slerp,False,unmatched,,False,False,permissive,other,missing,2024-06-26,,
allknowingroger/Neuralcoven-7B-slerp,False,unmatched,,False,False,permissive,other,missing,2024-06-26,,
allknowingroger/Neuralmultiverse-7B-slerp,False,unmatched,,False,False,permissive,other,missing,2024-06-26,,
allknowingroger/Ph3della5-14B,False,unmatched,,False,False,permissive,other,missing,2024-10-08,,
allknowingroger/Ph3merge-14B,False,unmatched,,False,False,permissive,other,missing,2024-09-02,,
allknowingroger/Ph3merge2-14B,False,unmatched,,False,False,missing,other,missing,2024-10-08,,
allknowingroger/Ph3merge3-14B,False,unmatched,,False,False,missing,other,missing,2024-09-02,,
allknowingroger/Ph3task1-14B,False,unmatched,,False,False,permissive,other,missing,2024-10-08,,
allknowingroger/Ph3task2-14B,False,unmatched,,False,False,permissive,other,missing,2024-10-08,,
allknowingroger/Ph3task3-14B,False,unmatched,,False,False,permissive,other,missing,2024-10-08,,
allknowingroger/Ph3unsloth-3B-slerp,False,unmatched,,False,False,permissive,other,missing,2024-06-26,,
allknowingroger/Phi3mash1-17B-pass,False,unmatched,,False,False,permissive,other,missing,2024-09-02,,
allknowingroger/Quen2-65B,False,unmatched,,False,False,missing,other,missing,2024-09-19,,
allknowingroger/Qwen2.5-42B-AGI,False,unmatched,,False,False,missing,other,missing,2024-10-21,,
allknowingroger/Qwen2.5-7B-task2,False,unmatched,,False,False,permissive,other,missing,2024-11-04,,
allknowingroger/Qwen2.5-7B-task3,False,unmatched,,False,False,permissive,other,missing,2024-11-04,,
allknowingroger/Qwen2.5-7B-task4,False,unmatched,,False,False,permissive,other,missing,2024-11-04,,
allknowingroger/Qwen2.5-7B-task7,False,unmatched,,False,False,permissive,other,missing,2024-11-04,,
allknowingroger/Qwen2.5-7B-task8,False,unmatched,,False,False,permissive,other,missing,2024-11-04,,
allknowingroger/Qwen2.5-slerp-14B,False,unmatched,,False,False,permissive,other,missing,2024-10-21,,
allknowingroger/QwenSlerp12-7B,False,unmatched,,False,False,permissive,other,missing,2024-11-22,,
allknowingroger/QwenSlerp4-14B,False,unmatched,,False,False,missing,other,missing,2024-12-06,,
allknowingroger/QwenSlerp5-14B,False,unmatched,,False,False,missing,other,missing,2024-12-06,,
allknowingroger/QwenSlerp6-14B,False,unmatched,,False,False,permissive,other,missing,2024-12-06,,
allknowingroger/QwenStock1-14B,False,unmatched,,False,False,permissive,other,missing,2024-12-06,,
allknowingroger/QwenStock2-14B,False,unmatched,,False,False,permissive,other,missing,2024-12-06,,
allknowingroger/QwenStock3-14B,False,unmatched,,False,False,permissive,other,missing,2024-12-06,,
allknowingroger/Qwenslerp2-14B,False,unmatched,,False,False,permissive,other,missing,2024-10-21,,
allknowingroger/Qwenslerp2-7B,False,unmatched,,False,False,permissive,other,missing,2024-11-04,,
allknowingroger/Qwenslerp3-14B,False,unmatched,,False,False,permissive,other,missing,2024-10-21,,
allknowingroger/Qwenslerp3-7B,False,unmatched,,False,False,permissive,other,missing,2024-11-04,,
allknowingroger/ROGERphi-7B-slerp,False,unmatched,,False,False,permissive,other,missing,2024-06-26,,
allknowingroger/RogerMerge-7B-slerp,False,unmatched,,False,False,permissive,other,missing,2024-06-26,,
allknowingroger/Rombos-LLM-V2.5-Qwen-42b,False,unmatched,,False,False,missing,other,missing,2024-10-21,,
allknowingroger/Strangecoven-7B-slerp,False,unmatched,,False,False,permissive,other,missing,2024-06-26,,
allknowingroger/Weirdslerp2-25B,False,unmatched,,False,False,missing,other,missing,2024-10-21,,
allknowingroger/WestlakeMaziyar-7B-slerp,False,unmatched,,False,False,permissive,other,missing,2024-06-26,,
allknowingroger/YamMaths-7B-slerp,False,unmatched,,False,False,permissive,other,missing,2024-06-26,,
allknowingroger/Yi-1.5-34B,False,normalized_exact_owner_mismatch,,False,False,missing,other,missing,2024-10-21,,
allknowingroger/Yi-blossom-40B,False,unmatched,,False,False,missing,other,missing,2024-09-19,,
allknowingroger/Yibuddy-35B,False,unmatched,,False,False,permissive,other,missing,2024-10-08,,
allknowingroger/Yillama-40B,False,unmatched,,False,False,missing,other,missing,2024-09-19,,
allknowingroger/Yislerp-34B,False,unmatched,,False,False,permissive,other,missing,2024-09-19,,
allknowingroger/Yislerp2-34B,False,unmatched,,False,False,permissive,other,missing,2024-10-08,,
allknowingroger/Yunconglong-13B-slerp,False,unmatched,,False,False,missing,other,missing,2024-06-26,,
allknowingroger/limyClown-7B-slerp,False,unmatched,,False,False,permissive,other,missing,2024-06-26,,
allknowingroger/llama3-Jallabi-40B-s,False,unmatched,,False,False,missing,other,missing,2024-09-19,,
allknowingroger/llama3AnFeng-40B,False,unmatched,,False,False,missing,other,missing,2024-09-19,,
allura-org/L3.1-8b-RP-Ink,False,unmatched,,False,False,custom,chat_finetuned,missing,2025-02-23,,
allura-org/MN-12b-RP-Ink,False,unmatched,,False,False,permissive,chat_finetuned,missing,2025-02-23,,
allura-org/MS-Meadowlark-22B,False,unmatched,,False,False,unclear,chat_finetuned,missing,2024-10-24,,
allura-org/Mistral-Small-24b-Sertraline-0304,False,unmatched,,False,False,permissive,chat_finetuned,missing,2025-03-04,,
allura-org/Mistral-Small-Sisyphus-24b-2503,False,unmatched,,False,False,permissive,chat_finetuned,missing,2025-03-03,,
allura-org/MoE-Girl-1BA-7BT,False,unmatched,,False,False,permissive,chat_finetuned,missing,2024-10-10,,
allura-org/TQ2.5-14B-Aletheia-v1,False,unmatched,,False,False,permissive,chat_finetuned,missing,2024-12-29,,
allura-org/TQ2.5-14B-Neon-v1,False,unmatched,,False,False,permissive,chat_finetuned,missing,2025-02-17,,
allura-org/Teleut-7b,False,unmatched,,False,False,permissive,chat_finetuned,missing,2025-01-01,,
aloobun/Meta-Llama-3-7B-28Layers,False,unmatched,,False,False,custom,chat_finetuned,missing,2024-06-26,,
aloobun/d-SmolLM2-360M,False,unmatched,,False,False,permissive,chat_finetuned,missing,2024-11-26,,
alpindale/WizardLM-2-8x22B,True,normalized_exact_owner,Yes,True,True,permissive,chat_finetuned,missing,2024-06-28,2024-04-15,74.0
alpindale/magnum-72b-v1,False,unmatched,,False,False,unclear,chat_finetuned,missing,2024-07-25,,
altomek/YiSM-34B-0rn,False,unmatched,,False,False,permissive,other,missing,2024-06-27,,
amazon/MegaBeam-Mistral-7B-300k,False,unmatched,,False,False,permissive,chat_finetuned,missing,2024-10-07,,
amd/AMD-Llama-135m,False,unmatched,,False,False,permissive,chat_finetuned,missing,2024-09-29,,
amd/AMD-Llama-135m,False,unmatched,,False,False,permissive,pretrained,missing,2024-10-01,,
anakin87/gemma-2b-orpo,False,unmatched,,False,False,unclear,chat_finetuned,missing,2024-07-06,,
anthracite-org/magnum-v1-72b,False,unmatched,,False,False,unclear,chat_finetuned,missing,2024-09-21,,
anthracite-org/magnum-v2-12b,False,unmatched,,False,False,permissive,chat_finetuned,missing,2024-09-05,,
anthracite-org/magnum-v2-72b,False,unmatched,,False,False,unclear,chat_finetuned,missing,2024-09-05,,
anthracite-org/magnum-v2.5-12b-kto,False,unmatched,,False,False,permissive,chat_finetuned,missing,2024-08-29,,
anthracite-org/magnum-v3-27b-kto,False,unmatched,,False,False,custom,chat_finetuned,missing,2024-09-15,,
anthracite-org/magnum-v3-34b,False,unmatched,,False,False,permissive,chat_finetuned,missing,2024-09-18,,
anthracite-org/magnum-v3-9b-chatml,False,unmatched,,False,False,custom,chat_finetuned,missing,2024-09-18,,
anthracite-org/magnum-v3-9b-customgemma2,False,unmatched,,False,False,custom,chat_finetuned,missing,2024-09-18,,
anthracite-org/magnum-v4-12b,False,unmatched,,False,False,permissive,chat_finetuned,missing,2024-10-23,,
anthracite-org/magnum-v4-22b,False,unmatched,,False,False,unclear,chat_finetuned,missing,2024-10-23,,
anthracite-org/magnum-v4-27b,False,unmatched,,False,False,custom,chat_finetuned,missing,2024-10-23,,
anthracite-org/magnum-v4-9b,False,unmatched,,False,False,custom,chat_finetuned,missing,2024-10-23,,
apple/DCLM-7B,True,normalized_exact_owner,Yes,True,False,custom,pretrained,reported,2024-08-16,2024-07-20,27.0
appvoid/arco-2,False,unmatched,,False,False,permissive,other,missing,2024-12-23,,
appvoid/arco-2-instruct,False,unmatched,,False,False,permissive,other,missing,2024-12-27,,
arcee-ai/Arcee-Blitz,False,unmatched,,False,False,permissive,chat_finetuned,missing,2025-02-21,,
arcee-ai/Arcee-Maestro-7B-Preview,False,unmatched,,False,False,permissive,chat_finetuned,missing,2025-02-21,,
arcee-ai/Arcee-Nova,False,unmatched,,False,False,unclear,chat_finetuned,missing,2024-09-19,,
arcee-ai/Arcee-Spark,False,unmatched,,False,False,permissive,chat_finetuned,missing,2024-06-26,,
arcee-ai/Arcee-Spark,False,unmatched,,False,False,permissive,chat_finetuned,missing,2024-06-26,,
arcee-ai/Llama-3.1-SuperNova-Lite,False,unmatched,,False,False,custom,chat_finetuned,missing,2024-09-17,,
arcee-ai/Llama-Spark,False,unmatched,,False,False,custom,chat_finetuned,missing,2024-08-08,,
arcee-ai/SuperNova-Medius,False,unmatched,,False,False,permissive,chat_finetuned,missing,2024-10-22,,
arcee-ai/Virtuoso-Lite,False,unmatched,,False,False,unclear,chat_finetuned,missing,2025-01-28,,
arcee-ai/Virtuoso-Small,False,unmatched,,False,False,permissive,chat_finetuned,missing,2024-12-03,,
arcee-ai/Virtuoso-Small-v2,False,unmatched,,False,False,permissive,chat_finetuned,missing,2025-01-30,,
arcee-ai/raspberry-3B,False,unmatched,,False,False,unclear,chat_finetuned,missing,2024-10-07,,
argilla/notus-7b-v1,False,unmatched,,False,False,permissive,chat_finetuned,missing,2024-06-27,,
argilla/notux-8x7b-v1,False,unmatched,,False,False,permissive,chat_finetuned,missing,2024-06-12,,
argilla-warehouse/Llama-3.1-8B-MagPie-Ultra,False,unmatched,,False,False,custom,chat_finetuned,missing,2024-09-30,,
arisin/orca-platypus-13B-slerp,False,unmatched,,False,False,permissive,other,missing,2024-11-23,,
arshiaafshani/Arsh-V1,False,unmatched,,False,False,missing,chat_finetuned,missing,2025-02-25,,
asharsha30/LLAMA_Harsha_8_B_ORDP_10k,False,unmatched,,False,False,permissive,chat_finetuned,missing,2024-12-01,,
ashercn97/a1-v0.0.1,False,unmatched,,False,False,missing,chat_finetuned,missing,2024-11-28,,
ashercn97/a1-v002,False,unmatched,,False,False,permissive,chat_finetuned,missing,2024-11-29,,
assskelad/smollm2-360M-sft_SmallThoughts,False,unmatched,,False,False,missing,chat_finetuned,missing,2025-03-12,,
athirdpath/Llama-3.1-Instruct_NSFW-pretrained_e1-plus_reddit,False,unmatched,,False,False,permissive,chat_finetuned,missing,2024-08-01,,
automerger/YamshadowExperiment28-7B,False,unmatched,,False,False,permissive,other,missing,2024-06-29,,
avemio/GRAG-NEMO-12B-ORPO-HESSIAN-AI,False,unmatched,,False,False,permissive,chat_finetuned,missing,2025-01-15,,
awnr/Mistral-7B-v0.1-signtensors-1-over-2,False,unmatched,,False,False,permissive,pretrained,missing,2024-07-30,,
awnr/Mistral-7B-v0.1-signtensors-1-over-4,False,unmatched,,False,False,permissive,pretrained,missing,2024-07-29,,
awnr/Mistral-7B-v0.1-signtensors-3-over-8,False,unmatched,,False,False,permissive,pretrained,missing,2024-07-29,,
awnr/Mistral-7B-v0.1-signtensors-5-over-16,False,unmatched,,False,False,permissive,pretrained,missing,2024-07-29,,
awnr/Mistral-7B-v0.1-signtensors-7-over-16,False,unmatched,,False,False,permissive,pretrained,missing,2024-07-29,,
aws-prototyping/MegaBeam-Mistral-7B-512k,False,unmatched,,False,False,permissive,chat_finetuned,missing,2024-10-07,,
axolotl-ai-co/romulus-mistral-nemo-12b-simpo,False,unmatched,,False,False,permissive,chat_finetuned,missing,2024-09-21,,
baconnier/Napoleon_24B_V0.0,False,unmatched,,False,False,missing,chat_finetuned,missing,2025-03-03,,
baconnier/Napoleon_24B_V0.2,False,unmatched,,False,False,missing,other,missing,2025-02-17,,
baebee/7B-Cetacea,False,unmatched,,False,False,missing,other,missing,2025-03-10,,
baebee/mergekit-model_stock-nzjnheg,False,unmatched,,False,False,missing,other,missing,2025-02-27,,
baebee/mergekit-ties-fnjenli,False,unmatched,,False,False,missing,other,missing,2025-02-24,,
bamec66557/MISCHIEVOUS-12B,False,unmatched,,False,False,permissive,other,missing,2024-12-18,,
bamec66557/MISCHIEVOUS-12B-Mix_0.1v,False,unmatched,,False,False,permissive,chat_finetuned,missing,2024-12-18,,
bamec66557/MISCHIEVOUS-12B-Mix_0.2v,False,unmatched,,False,False,permissive,other,missing,2024-12-18,,
bamec66557/MISCHIEVOUS-12B-Mix_0.3v,False,unmatched,,False,False,permissive,other,missing,2024-12-18,,
bamec66557/MISCHIEVOUS-12B-Mix_0.4v,False,unmatched,,False,False,permissive,other,missing,2024-12-16,,
bamec66557/MISCHIEVOUS-12B-Mix_0.5v,False,unmatched,,False,False,permissive,other,missing,2024-12-16,,
bamec66557/MISCHIEVOUS-12B-Mix_0.6v,False,unmatched,,False,False,permissive,other,missing,2024-12-19,,
bamec66557/MISCHIEVOUS-12B-Mix_III_IV_V,False,unmatched,,False,False,permissive,other,missing,2024-12-19,,
bamec66557/MISCHIEVOUS-12B-Mix_III_ex_V,False,unmatched,,False,False,permissive,other,missing,2024-12-18,,
bamec66557/MISCHIEVOUS-12B-Mix_Neo,False,unmatched,,False,False,permissive,chat_finetuned,missing,2024-12-19,,
bamec66557/Mistral-Nemo-VICIOUS_MESH-12B-2407,False,unmatched,,False,False,permissive,other,missing,2024-12-22,,
bamec66557/NameLess-12B-prob,False,unmatched,,False,False,permissive,other,missing,2024-12-25,,
bamec66557/VICIOUS_MESH-12B,False,unmatched,,False,False,missing,other,missing,2024-12-18,,
bamec66557/VICIOUS_MESH-12B-0.1v,False,unmatched,,False,False,missing,other,missing,2024-12-18,,
bamec66557/VICIOUS_MESH-12B-0.X.ver,False,unmatched,,False,False,missing,other,missing,2024-12-18,,
bamec66557/VICIOUS_MESH-12B-ALPHA,False,unmatched,,False,False,permissive,chat_finetuned,missing,2024-12-20,,
bamec66557/VICIOUS_MESH-12B-BETA,False,unmatched,,False,False,permissive,other,missing,2024-12-20,,
bamec66557/VICIOUS_MESH-12B-DELTA,False,unmatched,,False,False,missing,chat_finetuned,missing,2024-12-21,,
bamec66557/VICIOUS_MESH-12B-DIGAMMA,False,unmatched,,False,False,missing,other,missing,2024-12-21,,
bamec66557/VICIOUS_MESH-12B-EPSILON,False,unmatched,,False,False,missing,other,missing,2024-12-21,,
bamec66557/VICIOUS_MESH-12B-GAMMA,False,unmatched,,False,False,permissive,other,missing,2024-12-20,,
bamec66557/VICIOUS_MESH-12B-NEMO,False,unmatched,,False,False,permissive,chat_finetuned,missing,2024-12-22,,
bamec66557/VICIOUS_MESH-12B-OMEGA,False,unmatched,,False,False,permissive,other,missing,2024-12-22,,
bamec66557/VICIOUS_MESH-12B-UNION,False,unmatched,,False,False,missing,other,missing,2024-12-21,,
bamec66557/VICIOUS_MESH-12B_Razor,False,unmatched,,False,False,missing,other,missing,2024-12-18,,
bamec66557/mergekit-model_stock-zdaysvi,False,unmatched,,False,False,missing,chat_finetuned,missing,2024-12-20,,
bamec66557/mergekit-ties-sinbkow,False,unmatched,,False,False,missing,other,missing,2024-12-21,,
belztjti/dffghgjh,False,unmatched,,False,False,missing,chat_finetuned,missing,2025-01-30,,
belztjti/dtfgv,False,unmatched,,False,False,missing,chat_finetuned,missing,2025-01-29,,
benhaotang/phi4-qwq-sky-t1,False,unmatched,,False,False,permissive,other,missing,2025-01-21,,
beomi/gemma-mling-7b,False,unmatched,,False,False,unclear,pretrained,missing,2024-07-17,,
beowolx/CodeNinja-1.0-OpenChat-7B,False,unmatched,,False,False,permissive,chat_finetuned,missing,2024-07-30,,
berkeley-nest/Starling-LM-7B-alpha,False,normalized_exact_owner_mismatch,,False,False,permissive,chat_finetuned,missing,2024-06-12,,
bfuzzy1/Gunny,False,unmatched,,False,False,missing,chat_finetuned,missing,2024-12-20,,
bfuzzy1/acheron,False,unmatched,,False,False,missing,other,missing,2024-12-24,,
bfuzzy1/acheron-c,False,unmatched,,False,False,missing,other,missing,2024-12-23,,
bfuzzy1/acheron-d,False,unmatched,,False,False,missing,other,missing,2025-01-03,,
bfuzzy1/acheron-m,False,unmatched,,False,False,unclear,chat_finetuned,missing,2025-01-10,,
bfuzzy1/acheron-m1a-llama,False,unmatched,,False,False,unclear,chat_finetuned,missing,2025-01-10,,
bfuzzy1/llambses-1,False,unmatched,,False,False,permissive,other,missing,2025-01-03,,
bhuvneshsaini/merged_model,False,unmatched,,False,False,permissive,chat_finetuned,missing,2024-12-17,,
bigcode/starcoder2-15b,False,normalized_exact_owner_mismatch,,False,False,custom,pretrained,missing,2024-06-09,,
bigcode/starcoder2-3b,False,normalized_exact_owner_mismatch,,False,False,custom,pretrained,missing,2024-06-09,,
bigcode/starcoder2-7b,True,normalized_exact_owner,Yes,True,False,custom,pretrained,reported,2024-06-09,2024-02-29,101.0
bigscience/bloom-1b1,False,unmatched,,False,False,custom,pretrained,missing,2024-06-13,,
bigscience/bloom-1b7,False,unmatched,,False,False,custom,pretrained,missing,2024-06-13,,
bigscience/bloom-3b,False,normalized_exact_owner_mismatch,,False,False,custom,pretrained,missing,2024-06-13,,
bigscience/bloom-560m,False,normalized_exact_owner_mismatch,,False,False,custom,pretrained,missing,2024-06-13,,
bigscience/bloom-7b1,False,unmatched,,False,False,custom,pretrained,missing,2024-06-13,,
bluuwhale/L3-SthenoMaid-8B-V1,False,unmatched,,False,False,missing,other,missing,2025-01-07,,
bond005/meno-tiny-0.1,False,unmatched,,False,False,permissive,chat_finetuned,missing,2025-01-11,,
bosonai/Higgs-Llama-3-70B,False,unmatched,,False,False,unclear,chat_finetuned,missing,2024-09-18,,
braindao/DeepSeek-R1-Distill-Qwen-1.5B-Blunt,False,unmatched,,False,False,missing,chat_finetuned,missing,2025-02-20,,
braindao/DeepSeek-R1-Distill-Qwen-1.5B-Reflective,False,unmatched,,False,False,missing,chat_finetuned,missing,2025-02-20,,
braindao/DeepSeek-R1-Distill-Qwen-14B,False,normalized_exact_owner_mismatch,,False,False,permissive,chat_finetuned,missing,2025-03-04,,
braindao/DeepSeek-R1-Distill-Qwen-14B-ABUB-ST,False,unmatched,,False,False,permissive,chat_finetuned,missing,2025-03-12,,
braindao/DeepSeek-R1-Distill-Qwen-14B-Blunt,False,unmatched,,False,False,missing,chat_finetuned,missing,2025-03-03,,
braindao/DeepSeek-R1-Distill-Qwen-14B-Blunt-Uncensored,False,unmatched,,False,False,missing,chat_finetuned,missing,2025-03-06,,
braindao/DeepSeek-R1-Distill-Qwen-14B-Blunt-Uncensored-Blunt,False,unmatched,,False,False,missing,chat_finetuned,missing,2025-03-03,,
braindao/DeepSeek-R1-Distill-Qwen-14B-Blunt-Uncensored-Blunt-Reflective,False,unmatched,,False,False,missing,chat_finetuned,missing,2025-03-05,,
braindao/DeepSeek-R1-Distill-Qwen-14B-Blunt-Uncensored-Reflective,False,unmatched,,False,False,missing,chat_finetuned,missing,2025-03-05,,
braindao/DeepSeek-R1-Distill-Qwen-14B-Reflective,False,unmatched,,False,False,missing,chat_finetuned,missing,2025-03-03,,
braindao/DeepSeek-R1-Distill-Qwen-7B,False,normalized_exact_owner_mismatch,,False,False,permissive,chat_finetuned,missing,2025-03-04,,
braindao/DeepSeek-R1-Distill-Qwen-7B-Blunt,False,unmatched,,False,False,missing,chat_finetuned,missing,2025-03-03,,
braindao/DeepSeek-R1-Distill-Qwen-7B-ORPO-Uncensored,False,unmatched,,False,False,permissive,chat_finetuned,missing,2025-03-13,,
braindao/DeepSeek-R1-Distill-Qwen-7B-Reflective,False,unmatched,,False,False,missing,chat_finetuned,missing,2025-03-03,,
braindao/Qwen2.5-14B,False,normalized_exact_owner_mismatch,,False,False,permissive,pretrained,missing,2025-03-06,,
braindao/Qwen2.5-14B-Instruct,False,unmatched,,False,False,permissive,chat_finetuned,missing,2025-03-06,,
braindao/iq-code-evmind-0.5b,False,unmatched,,False,False,permissive,chat_finetuned,missing,2025-02-20,,
brgx53/3Bgeneral-ECE-PRYMMAL-Martial,False,unmatched,,False,False,permissive,other,missing,2024-10-23,,
brgx53/3Bgeneralv2-ECE-PRYMMAL-Martial,False,unmatched,,False,False,permissive,other,missing,2024-11-08,,
brgx53/3Blareneg-ECE-PRYMMAL-Martial,False,unmatched,,False,False,permissive,other,missing,2024-10-23,,
brgx53/3Blarenegv2-ECE-PRYMMAL-Martial,False,unmatched,,False,False,permissive,other,missing,2024-11-08,,
brgx53/Barracuda-PRYMMAL-ECE-TW3,False,unmatched,,False,False,missing,other,missing,2025-03-10,,
brgx53/LaConfiance-PRYMMAL-ECE-TW3,False,unmatched,,False,False,missing,other,missing,2025-03-10,,
bunnycore/Best-Mix-Llama-3.1-8B,False,unmatched,,False,False,missing,other,missing,2024-10-10,,
bunnycore/Blabbertron-1.0,False,unmatched,,False,False,missing,other,missing,2025-03-03,,
bunnycore/Blabbertron-1.1,False,unmatched,,False,False,missing,other,missing,2025-03-04,,
bunnycore/CyberCore-Qwen-2.1-7B,False,unmatched,,False,False,missing,other,missing,2024-11-23,,
bunnycore/DeepQwen-3B-LCoT-SCE,False,unmatched,,False,False,missing,other,missing,2025-02-26,,
bunnycore/DeepSeek-R1-Distill-Qwen-7B-RRP-Ex,False,unmatched,,False,False,missing,chat_finetuned,missing,2025-01-27,,
bunnycore/DeepThinker-7B-Sce-v1,False,unmatched,,False,False,missing,other,missing,2025-02-06,,
bunnycore/DeepThinker-7B-Sce-v2,False,unmatched,,False,False,missing,other,missing,2025-02-06,,
bunnycore/FuseCyberMix-Qwen-2.5-7B-Instruct,False,unmatched,,False,False,missing,other,missing,2024-12-20,,
bunnycore/FuseQwQen-7B,False,unmatched,,False,False,missing,other,missing,2024-12-22,,
bunnycore/FwF-Qwen-7B-0.1,False,unmatched,,False,False,missing,other,missing,2025-01-06,,
bunnycore/FwF-Qwen-7B-0.2,False,unmatched,,False,False,missing,other,missing,2025-01-15,,
bunnycore/Gemma-2-2B-Smart,False,unmatched,,False,False,missing,chat_finetuned,missing,2025-01-13,,
bunnycore/Gemma2-9B-TitanFusion,False,unmatched,,False,False,missing,other,missing,2025-02-13,,
bunnycore/HyperLlama-3.1-8B,False,unmatched,,False,False,permissive,other,missing,2024-09-05,,
bunnycore/Llama-3.1-8B-TitanFusion-Mix,False,unmatched,,False,False,missing,other,missing,2024-09-23,,
bunnycore/Llama-3.1-8B-TitanFusion-v3,False,unmatched,,False,False,missing,other,missing,2024-09-22,,
bunnycore/Llama-3.2-3B-All-Mix,False,unmatched,,False,False,missing,other,missing,2024-10-20,,
bunnycore/Llama-3.2-3B-Bespoke-Thought,False,unmatched,,False,False,missing,chat_finetuned,missing,2025-02-02,,
bunnycore/Llama-3.2-3B-Booval,False,unmatched,,False,False,missing,chat_finetuned,missing,2024-10-28,,
bunnycore/Llama-3.2-3B-Deep-Test,False,unmatched,,False,False,missing,other,missing,2025-01-01,,
bunnycore/Llama-3.2-3B-Deep-Test,False,unmatched,,False,False,missing,other,missing,2025-01-02,,
bunnycore/Llama-3.2-3B-Della,False,unmatched,,False,False,missing,other,missing,2025-01-19,,
bunnycore/Llama-3.2-3B-Long-Think,False,unmatched,,False,False,missing,chat_finetuned,missing,2024-10-24,,
bunnycore/Llama-3.2-3B-Mix-Skill,False,unmatched,,False,False,missing,chat_finetuned,missing,2024-10-24,,
bunnycore/Llama-3.2-3B-ProdigyPlus,False,unmatched,,False,False,missing,chat_finetuned,missing,2024-10-25,,
bunnycore/Llama-3.2-3B-ProdigyPlusPlus,False,unmatched,,False,False,missing,chat_finetuned,missing,2024-10-28,,
bunnycore/Llama-3.2-3B-RP-DeepThink,False,unmatched,,False,False,missing,other,missing,2024-12-27,,
bunnycore/Llama-3.2-3B-RRStock,False,unmatched,,False,False,missing,other,missing,2025-02-03,,
bunnycore/Llama-3.2-3B-ToxicKod,False,unmatched,,False,False,missing,other,missing,2025-03-11,,
bunnycore/Llama-3.2-3b-RP-Toxic-Fuse,False,unmatched,,False,False,missing,other,missing,2025-03-11,,
bunnycore/Maestro-S1k-7B-Sce,False,unmatched,,False,False,missing,other,missing,2025-02-21,,
bunnycore/Phi-3.5-mini-TitanFusion-0.1,False,unmatched,,False,False,missing,other,missing,2024-10-13,,
bunnycore/Phi-4-Model-Stock,False,unmatched,,False,False,permissive,other,missing,2025-01-11,,
bunnycore/Phi-4-Model-Stock-v2,False,unmatched,,False,False,missing,other,missing,2025-01-17,,
bunnycore/Phi-4-Model-Stock-v3,False,unmatched,,False,False,missing,other,missing,2025-01-18,,
bunnycore/Phi-4-Model-Stock-v4,False,unmatched,,False,False,missing,other,missing,2025-01-25,,
bunnycore/Phi-4-RP-v0,False,unmatched,,False,False,permissive,other,missing,2025-01-10,,
bunnycore/Phi-4-RR-Shoup,False,unmatched,,False,False,missing,other,missing,2025-02-02,,
bunnycore/Phi-4-RStock-v0.1,False,unmatched,,False,False,missing,other,missing,2025-02-02,,
bunnycore/Phi-4-ReasoningRP,False,unmatched,,False,False,permissive,chat_finetuned,missing,2025-01-28,,
bunnycore/Phi-4-Sce-exp-v0.1,False,unmatched,,False,False,missing,other,missing,2025-02-07,,
bunnycore/Phi-4-Stock-Ex,False,unmatched,,False,False,missing,other,missing,2025-01-16,,
bunnycore/Phi-4-Stock-RP,False,unmatched,,False,False,permissive,chat_finetuned,missing,2025-01-12,,
bunnycore/Phi-4-Trim-Exp1,False,unmatched,,False,False,missing,other,missing,2025-02-14,,
bunnycore/Phi-Seek-4-Sce-V1,False,unmatched,,False,False,missing,other,missing,2025-02-06,,
bunnycore/Qandora-2.5-7B-Creative,False,unmatched,,False,False,missing,other,missing,2024-11-20,,
bunnycore/QandoraExp-7B,False,unmatched,,False,False,missing,other,missing,2024-11-11,,
bunnycore/QandoraExp-7B-Persona,False,unmatched,,False,False,missing,other,missing,2024-11-12,,
bunnycore/QandoraExp-7B-v2,False,unmatched,,False,False,missing,other,missing,2024-11-12,,
bunnycore/QwQen-3B-LCoT,False,unmatched,,False,False,missing,other,missing,2024-12-26,,
bunnycore/QwQen-3B-LCoT-R1,False,unmatched,,False,False,missing,chat_finetuned,missing,2025-02-23,,
bunnycore/Qwen-2.5-7B-Deep-Sky-T1,False,unmatched,,False,False,missing,other,missing,2025-02-16,,
bunnycore/Qwen-2.5-7B-Deep-Stock-v1,False,unmatched,,False,False,missing,other,missing,2025-01-25,,
bunnycore/Qwen-2.5-7B-Deep-Stock-v4,False,unmatched,,False,False,missing,other,missing,2025-01-26,,
bunnycore/Qwen-2.5-7B-Deep-Stock-v5,False,unmatched,,False,False,missing,other,missing,2025-02-16,,
bunnycore/Qwen-2.5-7B-Exp-Sce,False,unmatched,,False,False,missing,other,missing,2025-02-08,,
bunnycore/Qwen-2.5-7B-R1-Stock,False,unmatched,,False,False,missing,other,missing,2025-01-24,,
bunnycore/Qwen-2.5-7B-Stock-Deep-Bespoke,False,unmatched,,False,False,missing,other,missing,2025-01-25,,
bunnycore/Qwen-2.5-7b-S1k,False,unmatched,,False,False,missing,chat_finetuned,missing,2025-02-20,,
bunnycore/Qwen2.5-1.5B-Model-Stock,False,unmatched,,False,False,missing,other,missing,2025-02-28,,
bunnycore/Qwen2.5-3B-Model-Stock,False,unmatched,,False,False,missing,other,missing,2025-01-15,,
bunnycore/Qwen2.5-3B-Model-Stock-v2,False,unmatched,,False,False,missing,other,missing,2025-01-15,,
bunnycore/Qwen2.5-3B-Model-Stock-v3.1,False,unmatched,,False,False,missing,other,missing,2025-02-25,,
bunnycore/Qwen2.5-3B-Model-Stock-v3.2,False,unmatched,,False,False,missing,chat_finetuned,missing,2025-02-26,,
bunnycore/Qwen2.5-3B-Model-Stock-v4.1,False,unmatched,,False,False,missing,other,missing,2025-02-28,,
bunnycore/Qwen2.5-3B-RP-Mix,False,unmatched,,False,False,missing,chat_finetuned,missing,2024-10-22,,
bunnycore/Qwen2.5-3B-RP-Thinker,False,unmatched,,False,False,missing,other,missing,2024-12-31,,
bunnycore/Qwen2.5-3B-RP-Thinker-V2,False,unmatched,,False,False,missing,other,missing,2024-12-31,,
bunnycore/Qwen2.5-7B-CyberRombos,False,unmatched,,False,False,missing,other,missing,2024-11-05,,
bunnycore/Qwen2.5-7B-Fuse-Exp,False,unmatched,,False,False,missing,other,missing,2025-03-13,,
bunnycore/Qwen2.5-7B-Instruct-Fusion,False,unmatched,,False,False,missing,other,missing,2024-11-02,,
bunnycore/Qwen2.5-7B-Instruct-Merge-Stock-v0.1,False,unmatched,,False,False,missing,other,missing,2025-03-01,,
bunnycore/Qwen2.5-7B-MixStock-Sce-V0.3,False,unmatched,,False,False,missing,chat_finetuned,missing,2025-02-14,,
bunnycore/Qwen2.5-7B-MixStock-V0.1,False,unmatched,,False,False,missing,other,missing,2025-02-05,,
bunnycore/Qwen2.5-7B-R1-Bespoke-Stock,False,unmatched,,False,False,missing,other,missing,2025-01-25,,
bunnycore/Qwen2.5-7B-R1-Bespoke-Task,False,unmatched,,False,False,missing,other,missing,2025-01-25,,
bunnycore/Qwen2.5-7B-RRP-1M,False,unmatched,,False,False,missing,chat_finetuned,missing,2025-01-26,,
bunnycore/Qwen2.5-7B-RRP-1M-Thinker,False,unmatched,,False,False,missing,other,missing,2025-02-18,,
bunnycore/Qwen2.5-7B-RRP-ID,False,unmatched,,False,False,missing,chat_finetuned,missing,2025-01-27,,
bunnycore/Qwen2.5-7B-Sky-R1-Mini,False,unmatched,,False,False,missing,other,missing,2025-02-18,,
bunnycore/QwenMosaic-7B,False,unmatched,,False,False,missing,other,missing,2024-12-02,,
bunnycore/Smol-Llama-3.2-3B,False,unmatched,,False,False,missing,other,missing,2024-12-29,,
bunnycore/SmolLM2-1.7-Persona,False,unmatched,,False,False,permissive,chat_finetuned,missing,2024-11-15,,
bunnycore/SmolLM2-1.7B-roleplay-lora,False,unmatched,,False,False,permissive,chat_finetuned,missing,2024-11-15,,
bunnycore/Tulu-3.1-8B-SuperNova,False,unmatched,,False,False,missing,other,missing,2024-11-23,,
byroneverson/Mistral-Small-Instruct-2409-abliterated,False,unmatched,,False,False,unclear,chat_finetuned,missing,2024-10-13,,
byroneverson/Yi-1.5-9B-Chat-16K-abliterated,False,unmatched,,False,False,permissive,chat_finetuned,missing,2024-09-03,,
byroneverson/Yi-1.5-9B-Chat-abliterated,False,unmatched,,False,False,permissive,chat_finetuned,missing,2024-09-17,,
c10x/Q-Pluse,False,unmatched,,False,False,missing,other,missing,2024-10-10,,
c10x/longthinker,False,unmatched,,False,False,missing,other,missing,2024-10-10,,
carsenk/flippa-v6,False,unmatched,,False,False,custom,chat_finetuned,missing,2024-08-24,,
carsenk/phi3.5_mini_exp_825_uncensored,False,unmatched,,False,False,permissive,chat_finetuned,missing,2024-08-29,,
cat-searcher/gemma-2-9b-it-sppo-iter-1,False,unmatched,,False,False,missing,chat_finetuned,missing,2024-08-09,,
cat-searcher/gemma-2-9b-it-sppo-iter-1-evol-1,False,unmatched,,False,False,missing,chat_finetuned,missing,2024-08-09,,
cckm/tinymistral_950m,False,unmatched,,False,False,permissive,pretrained,missing,2025-01-13,,
cgato/TheSalt-L3-8b-v0.3.2,False,unmatched,,False,False,research-only,chat_finetuned,missing,2024-06-26,,
chargoddard/prometheus-2-llama-3-8b,False,unmatched,,False,False,permissive,chat_finetuned,missing,2024-06-26,,
chujiezheng/Llama-3-Instruct-8B-SimPO-ExPO,False,unmatched,,False,False,custom,chat_finetuned,missing,2024-06-26,,
chujiezheng/Mistral7B-PairRM-SPPO-ExPO,False,unmatched,,False,False,permissive,chat_finetuned,missing,2024-09-21,,
cjvt/GaMS-1B,False,unmatched,,False,False,permissive,pretrained,missing,2025-02-13,,
cloudyu/Llama-3-70Bx2-MOE,False,unmatched,,False,False,custom,chat_finetuned,missing,2024-06-27,,
cloudyu/Llama-3.2-3Bx4,False,unmatched,,False,False,missing,chat_finetuned,missing,2025-01-27,,
cloudyu/Mixtral_11Bx2_MoE_19B,False,unmatched,,False,False,research-only,chat_finetuned,missing,2025-02-16,,
cloudyu/Mixtral_34Bx2_MoE_60B,False,unmatched,,False,False,permissive,other,missing,2024-08-22,,
cloudyu/Mixtral_7Bx2_MoE,False,unmatched,,False,False,research-only,chat_finetuned,missing,2024-12-31,,
cloudyu/S1-Llama-3.2-3Bx4-MoE,False,unmatched,,False,False,custom,chat_finetuned,missing,2025-02-05,,
cloudyu/Yi-34Bx2-MoE-60B-DPO,False,unmatched,,False,False,permissive,chat_finetuned,missing,2024-08-06,,
cluebbers/Llama-3.1-8B-paraphrase-type-generation-apty-ipo,False,unmatched,,False,False,permissive,chat_finetuned,missing,2024-11-18,,
cluebbers/Llama-3.1-8B-paraphrase-type-generation-apty-sigmoid,False,unmatched,,False,False,permissive,chat_finetuned,missing,2024-11-18,,
cluebbers/Llama-3.1-8B-paraphrase-type-generation-etpc,False,unmatched,,False,False,permissive,chat_finetuned,missing,2024-11-18,,
cognitivecomputations/Dolphin3.0-Llama3.1-8B,False,unmatched,,False,False,custom,chat_finetuned,missing,2025-01-05,,
cognitivecomputations/Dolphin3.0-Llama3.2-1B,False,unmatched,,False,False,custom,chat_finetuned,missing,2025-03-12,,
cognitivecomputations/Dolphin3.0-Qwen2.5-0.5B,False,unmatched,,False,False,permissive,chat_finetuned,missing,2025-03-02,,
cognitivecomputations/Dolphin3.0-R1-Mistral-24B,False,unmatched,,False,False,missing,chat_finetuned,missing,2025-02-07,,
cognitivecomputations/dolphin-2.9-llama3-8b,False,unmatched,,False,False,unclear,chat_finetuned,missing,2024-06-12,,
cognitivecomputations/dolphin-2.9.1-llama-3-70b,False,unmatched,,False,False,custom,chat_finetuned,missing,2024-06-27,,
cognitivecomputations/dolphin-2.9.1-yi-1.5-34b,False,unmatched,,False,False,permissive,chat_finetuned,missing,2024-07-27,,
cognitivecomputations/dolphin-2.9.1-yi-1.5-9b,False,unmatched,,False,False,permissive,chat_finetuned,missing,2024-08-02,,
cognitivecomputations/dolphin-2.9.2-Phi-3-Medium,False,unmatched,,False,False,permissive,chat_finetuned,missing,2024-08-05,,
cognitivecomputations/dolphin-2.9.2-Phi-3-Medium-abliterated,False,unmatched,,False,False,permissive,chat_finetuned,missing,2024-06-27,,
cognitivecomputations/dolphin-2.9.2-Phi-3-Medium-abliterated,False,unmatched,,False,False,permissive,chat_finetuned,missing,2024-08-05,,
cognitivecomputations/dolphin-2.9.2-qwen2-72b,False,unmatched,,False,False,unclear,chat_finetuned,missing,2024-10-20,,
cognitivecomputations/dolphin-2.9.2-qwen2-7b,False,unmatched,,False,False,permissive,chat_finetuned,missing,2024-07-10,,
cognitivecomputations/dolphin-2.9.3-Yi-1.5-34B-32k,False,unmatched,,False,False,permissive,chat_finetuned,missing,2024-07-27,,
cognitivecomputations/dolphin-2.9.3-mistral-7B-32k,False,unmatched,,False,False,permissive,chat_finetuned,missing,2024-07-04,,
cognitivecomputations/dolphin-2.9.3-mistral-nemo-12b,False,unmatched,,False,False,permissive,chat_finetuned,missing,2024-07-26,,
cognitivecomputations/dolphin-2.9.4-gemma2-2b,False,unmatched,,False,False,custom,chat_finetuned,missing,2024-08-25,,
cognitivecomputations/dolphin-2.9.4-llama3.1-8b,False,unmatched,,False,False,custom,chat_finetuned,missing,2024-09-17,,
collaiborateorg/Collaiborator-MEDLLM-Llama-3-8B-v2,False,unmatched,,False,False,missing,chat_finetuned,missing,2024-06-27,,
cpayne1303/cp2024,False,unmatched,,False,False,permissive,pretrained,missing,2024-11-26,,
cpayne1303/cp2024-instruct,False,unmatched,,False,False,permissive,pretrained,missing,2024-11-27,,
cpayne1303/llama-43m-beta,False,unmatched,,False,False,permissive,pretrained,missing,2024-11-30,,
cpayne1303/llama-43m-beta,False,unmatched,,False,False,permissive,pretrained,missing,2024-12-04,,
cpayne1303/smallcp2024,False,unmatched,,False,False,permissive,pretrained,missing,2024-11-27,,
crestf411/MN-Slush,False,unmatched,,False,False,missing,pretrained,missing,2025-01-04,,
cstr/llama3.1-8b-spaetzle-v90,False,unmatched,,False,False,custom,other,missing,2024-09-15,,
cyberagent/calm3-22b-chat,False,unmatched,,False,False,permissive,chat_finetuned,missing,2024-07-04,,
darkc0de/BuddyGlassNeverSleeps,False,unmatched,,False,False,missing,chat_finetuned,missing,2024-09-16,,
darkc0de/BuddyGlassUncensored2025.2,False,unmatched,,False,False,permissive,chat_finetuned,missing,2025-01-15,,
darkc0de/BuddyGlass_v0.3_Xortron7MethedUpSwitchedUp,False,unmatched,,False,False,missing,other,missing,2024-09-15,,
databricks/dbrx-base,False,unmatched,,False,False,unclear,other,missing,,,
databricks/dbrx-instruct,False,unmatched,,False,False,unclear,chat_finetuned,missing,2024-06-12,,
databricks/dolly-v1-6b,False,unmatched,,False,False,research-only,pretrained,missing,2024-06-12,,
databricks/dolly-v2-12b,False,unmatched,,False,False,permissive,chat_finetuned,missing,2024-06-12,,
databricks/dolly-v2-3b,False,unmatched,,False,False,permissive,chat_finetuned,missing,2024-06-12,,
databricks/dolly-v2-7b,False,unmatched,,False,False,permissive,chat_finetuned,missing,2024-06-12,,
davidkim205/Rhea-72b-v0.5,False,unmatched,,False,False,permissive,chat_finetuned,missing,2024-09-15,,
davidkim205/nox-solar-10.7b-v4,False,unmatched,,False,False,permissive,chat_finetuned,missing,2024-10-04,,
deepseek-ai/DeepSeek-R1-Distill-Llama-70B,False,speculative_metadata,,False,False,permissive,chat_finetuned,missing,2025-01-22,,
deepseek-ai/DeepSeek-R1-Distill-Llama-8B,False,speculative_metadata,,False,False,permissive,chat_finetuned,missing,2025-01-20,,
deepseek-ai/DeepSeek-R1-Distill-Qwen-1.5B,False,speculative_metadata,,False,False,permissive,chat_finetuned,missing,2025-01-20,,
deepseek-ai/DeepSeek-R1-Distill-Qwen-14B,False,speculative_metadata,,False,False,permissive,chat_finetuned,missing,2025-01-20,,
deepseek-ai/DeepSeek-R1-Distill-Qwen-32B,False,normalized_exact_owner_mismatch,,False,False,permissive,chat_finetuned,missing,2025-01-21,,
deepseek-ai/DeepSeek-R1-Distill-Qwen-7B,False,speculative_metadata,,False,False,permissive,chat_finetuned,missing,2025-01-20,,
deepseek-ai/deepseek-llm-67b-chat,False,unmatched,,False,False,unclear,chat_finetuned,missing,2024-06-12,,
deepseek-ai/deepseek-llm-7b-base,False,unmatched,,False,False,unclear,pretrained,missing,2024-06-12,,
deepseek-ai/deepseek-llm-7b-chat,False,unmatched,,False,False,unclear,chat_finetuned,missing,2024-06-12,,
deepseek-ai/deepseek-moe-16b-base,False,unmatched,,False,False,unclear,pretrained,missing,2024-06-12,,
deepseek-ai/deepseek-moe-16b-chat,False,unmatched,,False,False,unclear,chat_finetuned,missing,2024-06-12,,
dfurman/CalmeRys-78B-Orpo-v0.1,False,unmatched,,False,False,permissive,chat_finetuned,missing,2024-09-24,,
dfurman/Llama-3-70B-Orpo-v0.1,False,unmatched,,False,False,custom,chat_finetuned,missing,2024-08-30,,
dfurman/Llama-3-8B-Orpo-v0.1,False,unmatched,,False,False,custom,chat_finetuned,missing,2024-08-30,,
dfurman/Llama-3-8B-Orpo-v0.1,False,unmatched,,False,False,custom,chat_finetuned,missing,2024-08-30,,
dfurman/Qwen2-72B-Orpo-v0.1,False,unmatched,,False,False,unclear,chat_finetuned,missing,2024-08-22,,
dicta-il/dictalm2.0,False,unmatched,,False,False,permissive,pretrained,missing,2024-07-31,,
dicta-il/dictalm2.0-instruct,False,unmatched,,False,False,permissive,chat_finetuned,missing,2024-07-31,,
distilbert/distilgpt2,False,unmatched,,False,False,permissive,pretrained,missing,2024-06-12,,
divyanshukunwar/SASTRI_1_9B,False,unmatched,,False,False,permissive,chat_finetuned,missing,2024-11-23,,
djuna/G2-BigGSHT-27B-2,False,unmatched,,False,False,missing,other,missing,2024-11-06,,
djuna/G2-GSHT,False,unmatched,,False,False,missing,other,missing,2024-10-05,,
djuna/Gemma-2-gemmama-9b,False,unmatched,,False,False,missing,other,missing,2024-10-05,,
djuna/L3.1-ForStHS,False,unmatched,,False,False,missing,other,missing,2024-09-15,,
djuna/L3.1-Promissum_Mane-8B-Della-1.5-calc,False,unmatched,,False,False,missing,other,missing,2024-10-29,,
djuna/L3.1-Promissum_Mane-8B-Della-calc,False,unmatched,,False,False,missing,other,missing,2024-10-20,,
djuna/L3.1-Purosani-2-8B,False,unmatched,,False,False,missing,other,missing,2024-10-20,,
djuna/L3.1-Suze-Vume-calc,False,unmatched,,False,False,missing,other,missing,2024-09-04,,
djuna/MN-Chinofun,False,unmatched,,False,False,missing,other,missing,2024-09-23,,
djuna/MN-Chinofun-12B-2,False,unmatched,,False,False,missing,other,missing,2024-11-26,,
djuna/MN-Chinofun-12B-3,False,unmatched,,False,False,missing,other,missing,2024-12-05,,
djuna/MN-Chinofun-12B-4,False,unmatched,,False,False,missing,other,missing,2025-01-26,,
djuna/Q2.5-Partron-7B,False,unmatched,,False,False,missing,other,missing,2024-11-08,,
djuna/Q2.5-Veltha-14B,False,unmatched,,False,False,missing,other,missing,2024-12-22,,
djuna/Q2.5-Veltha-14B-0.5,False,unmatched,,False,False,missing,other,missing,2024-12-22,,
djuna-test-lab/TEST-L3.2-ReWish-3B,False,unmatched,,False,False,missing,other,missing,2024-10-24,,
djuna-test-lab/TEST-L3.2-ReWish-3B-ties-w-base,False,unmatched,,False,False,missing,other,missing,2024-10-23,,
dnhkng/RYS-Medium,False,unmatched,,False,False,permissive,pretrained,missing,2024-07-17,,
dnhkng/RYS-Llama-3-8B-Instruct,False,unmatched,,False,False,permissive,chat_finetuned,missing,2024-08-07,,
dnhkng/RYS-Llama-3-Huge-Instruct,False,unmatched,,False,False,permissive,chat_finetuned,missing,2024-08-07,,
dnhkng/RYS-Llama-3-Large-Instruct,False,unmatched,,False,False,permissive,chat_finetuned,missing,2024-08-07,,
dnhkng/RYS-Llama-3.1-8B-Instruct,False,unmatched,,False,False,permissive,chat_finetuned,missing,2024-08-30,,
dnhkng/RYS-Llama3.1-Large,False,unmatched,,False,False,permissive,chat_finetuned,missing,2024-08-22,,
dnhkng/RYS-Phi-3-medium-4k-instruct,False,unmatched,,False,False,permissive,pretrained,missing,2024-08-07,,
dnhkng/RYS-XLarge,False,unmatched,,False,False,permissive,chat_finetuned,missing,2024-08-07,,
dnhkng/RYS-XLarge-base,False,unmatched,,False,False,permissive,chat_finetuned,missing,2024-08-30,,
dnhkng/RYS-XLarge2,False,unmatched,,False,False,missing,chat_finetuned,missing,2024-10-11,,
dreamgen/WizardLM-2-7B,True,normalized_exact_owner,Yes,True,True,permissive,chat_finetuned,missing,2024-06-27,2024-04-15,73.0
dustinwloring1988/Reflexis-8b-chat-v1,False,unmatched,,False,False,missing,chat_finetuned,missing,2024-09-14,,
dustinwloring1988/Reflexis-8b-chat-v2,False,unmatched,,False,False,missing,chat_finetuned,missing,2024-09-14,,
dustinwloring1988/Reflexis-8b-chat-v3,False,unmatched,,False,False,missing,chat_finetuned,missing,2024-09-14,,
dustinwloring1988/Reflexis-8b-chat-v4,False,unmatched,,False,False,missing,chat_finetuned,missing,2024-09-14,,
dustinwloring1988/Reflexis-8b-chat-v5,False,unmatched,,False,False,missing,chat_finetuned,missing,2024-09-14,,
dustinwloring1988/Reflexis-8b-chat-v6,False,unmatched,,False,False,missing,chat_finetuned,missing,2024-09-14,,
dustinwloring1988/Reflexis-8b-chat-v7,False,unmatched,,False,False,missing,chat_finetuned,missing,2024-09-14,,
duyhv1411/Llama-3.2-1B-en-vi,False,unmatched,,False,False,missing,chat_finetuned,missing,2025-03-06,,
duyhv1411/Llama-3.2-3B-en-vi,False,unmatched,,False,False,missing,chat_finetuned,missing,2025-03-06,,
dwikitheduck/gemma-2-2b-id,False,unmatched,,False,False,custom,chat_finetuned,missing,2024-11-14,,
dwikitheduck/gemma-2-2b-id-inst,False,unmatched,,False,False,custom,chat_finetuned,missing,2024-11-24,,
dwikitheduck/gemma-2-2b-id-instruct,False,unmatched,,False,False,custom,chat_finetuned,missing,2024-11-15,,
dwikitheduck/gen-inst-1,False,unmatched,,False,False,permissive,chat_finetuned,missing,2024-11-24,,
dwikitheduck/gen-try1,False,unmatched,,False,False,permissive,chat_finetuned,missing,2024-11-12,,
dwikitheduck/gen-try1-notemp,False,unmatched,,False,False,missing,chat_finetuned,missing,2024-11-13,,
dzakwan/dzakwan-MoE-4x7b-Beta,False,unmatched,,False,False,permissive,other,missing,2024-08-05,,
ehristoforu/Falcon3-8B-Franken-Basestruct,False,unmatched,,False,False,missing,chat_finetuned,missing,2025-01-06,,
ehristoforu/Falcon3-MoE-2x7B-Insruct,False,unmatched,,False,False,unclear,pretrained,missing,2024-12-22,,
ehristoforu/Gemma2-9B-it-psy10k-mental_health,False,unmatched,,False,False,permissive,chat_finetuned,missing,2024-07-31,,
ehristoforu/Gemma2-9b-it-train6,False,unmatched,,False,False,permissive,chat_finetuned,missing,2024-07-31,,
ehristoforu/HappyLlama1,False,unmatched,,False,False,permissive,chat_finetuned,missing,2024-11-30,,
ehristoforu/QwenQwen2.5-7B-IT,False,unmatched,,False,False,missing,chat_finetuned,missing,2025-01-30,,
ehristoforu/QwenQwen2.5-7B-IT-Dare,False,unmatched,,False,False,missing,chat_finetuned,missing,2025-01-30,,
ehristoforu/RQwen-v0.1,False,unmatched,,False,False,permissive,chat_finetuned,missing,2024-11-24,,
ehristoforu/RQwen-v0.2,False,unmatched,,False,False,permissive,chat_finetuned,missing,2024-11-25,,
ehristoforu/SoRu-0009,False,unmatched,,False,False,permissive,chat_finetuned,missing,2024-11-27,,
ehristoforu/coolqwen-3b-it,False,unmatched,,False,False,unclear,chat_finetuned,missing,2025-01-02,,
ehristoforu/della-70b-test-v1,False,unmatched,,False,False,missing,chat_finetuned,missing,2025-02-06,,
ehristoforu/falcon3-ultraset,False,unmatched,,False,False,permissive,chat_finetuned,missing,2025-01-02,,
ehristoforu/fd-lora-merged-16x32,False,unmatched,,False,False,permissive,chat_finetuned,missing,2025-02-02,,
ehristoforu/fd-lora-merged-64x128,False,unmatched,,False,False,permissive,chat_finetuned,missing,2025-02-02,,
ehristoforu/fp4-14b-it-v1,False,unmatched,,False,False,missing,chat_finetuned,missing,2025-01-19,,
ehristoforu/fp4-14b-v1-fix,False,unmatched,,False,False,missing,chat_finetuned,missing,2025-01-20,,
ehristoforu/fq2.5-7b-it-normalize_false,False,unmatched,,False,False,missing,chat_finetuned,missing,2025-01-16,,
ehristoforu/fq2.5-7b-it-normalize_true,False,unmatched,,False,False,missing,chat_finetuned,missing,2025-01-16,,
ehristoforu/frqwen2.5-from7b-duable4layers-it,False,unmatched,,False,False,missing,chat_finetuned,missing,2025-01-17,,
ehristoforu/frqwen2.5-from7b-it,False,unmatched,,False,False,missing,chat_finetuned,missing,2025-01-17,,
ehristoforu/mllama-3.1-8b-instruct,False,unmatched,,False,False,missing,other,missing,2024-12-04,,
ehristoforu/mllama-3.1-8b-it,False,unmatched,,False,False,missing,other,missing,2024-12-04,,
ehristoforu/moremerge,False,unmatched,,False,False,missing,chat_finetuned,missing,2025-01-27,,
ehristoforu/moremerge-upscaled,False,unmatched,,False,False,missing,chat_finetuned,missing,2025-01-27,,
ehristoforu/phi-4-25b,False,unmatched,,False,False,missing,chat_finetuned,missing,2025-01-12,,
ehristoforu/qwen2.5-test-32b-it,False,unmatched,,False,False,missing,chat_finetuned,missing,2024-12-07,,
ehristoforu/qwen2.5-with-lora-think-3b-it,False,unmatched,,False,False,unclear,chat_finetuned,missing,2025-01-10,,
ehristoforu/rmoe-v1,False,unmatched,,False,False,permissive,chat_finetuned,missing,2025-01-31,,
ehristoforu/rufalcon3-3b-it,False,unmatched,,False,False,permissive,chat_finetuned,missing,2025-01-02,,
ehristoforu/ruphi-4b,False,unmatched,,False,False,permissive,chat_finetuned,missing,2025-01-02,,
ehristoforu/testq-32b,False,unmatched,,False,False,missing,chat_finetuned,missing,2025-01-19,,
ehristoforu/tmoe,False,unmatched,,False,False,permissive,chat_finetuned,missing,2025-01-23,,
ehristoforu/tmoe-v2,False,unmatched,,False,False,permissive,chat_finetuned,missing,2025-01-24,,
ehristoforu/trd-7b-it,False,unmatched,,False,False,missing,chat_finetuned,missing,2025-01-31,,
ehristoforu/ud-14b,False,unmatched,,False,False,missing,chat_finetuned,missing,2025-01-28,,
elinas/Chronos-Gold-12B-1.0,False,unmatched,,False,False,permissive,chat_finetuned,missing,2024-09-15,,
ell44ot/gemma-2b-def,False,unmatched,,False,False,permissive,pretrained,missing,2024-11-28,,
euclaise/ReMask-3B,False,unmatched,,False,False,custom,chat_finetuned,missing,2024-08-10,,
eworojoshua/vas-01,False,unmatched,,False,False,missing,other,missing,2025-02-26,,
ewre324/Thinker-Llama-3.2-3B-Instruct-Reasoning,False,unmatched,,False,False,custom,chat_finetuned,missing,2025-01-07,,
ewre324/Thinker-Qwen2.5-0.5B-Instruct-Reasoning,False,unmatched,,False,False,permissive,chat_finetuned,missing,2025-01-07,,
ewre324/Thinker-SmolLM2-135M-Instruct-Reasoning,False,unmatched,,False,False,permissive,chat_finetuned,missing,2025-01-07,,
ewre324/ewre324-R1-SmolLM2-135M-Distill,False,unmatched,,False,False,missing,chat_finetuned,missing,2025-01-30,,
experiment-llm/exp-3-q-r,False,unmatched,,False,False,permissive,chat_finetuned,missing,2024-12-02,,
facebook/opt-1.3b,False,normalized_exact_owner_mismatch,,False,False,unclear,pretrained,missing,2024-06-12,,
facebook/opt-30b,False,normalized_exact_owner_mismatch,,False,False,unclear,pretrained,missing,2024-06-12,,
failspy/Llama-3-8B-Instruct-MopeyMule,False,unmatched,,False,False,unclear,chat_finetuned,missing,2024-09-21,,
failspy/Llama-3-8B-Instruct-abliterated,False,unmatched,,False,False,custom,chat_finetuned,missing,2024-07-03,,
failspy/Meta-Llama-3-70B-Instruct-abliterated-v3.5,False,unmatched,,False,False,custom,chat_finetuned,missing,2024-08-30,,
failspy/Meta-Llama-3-8B-Instruct-abliterated-v3,False,unmatched,,False,False,custom,chat_finetuned,missing,2025-02-12,,
failspy/Phi-3-medium-4k-instruct-abliterated-v3,False,unmatched,,False,False,permissive,chat_finetuned,missing,2024-07-29,,
failspy/llama-3-70B-Instruct-abliterated,False,unmatched,,False,False,custom,chat_finetuned,missing,2024-07-03,,
fblgit/TheBeagle-v2beta-32B-MGS,False,unmatched,,False,False,unclear,chat_finetuned,missing,2024-10-30,,
fblgit/TheBeagle-v2beta-32B-MGS,False,unmatched,,False,False,unclear,chat_finetuned,missing,2024-10-20,,
fblgit/UNA-SimpleSmaug-34b-v1beta,False,unmatched,,False,False,permissive,chat_finetuned,missing,2024-06-30,,
fblgit/UNA-TheBeagle-7b-v1,False,unmatched,,False,False,research-only,chat_finetuned,missing,2024-06-30,,
fblgit/UNA-ThePitbull-21.4B-v2,False,unmatched,,False,False,custom,chat_finetuned,missing,2024-06-30,,
fblgit/cybertron-v4-qw7B-MGS,False,unmatched,,False,False,unclear,chat_finetuned,missing,2024-10-29,,
fblgit/cybertron-v4-qw7B-UNAMGS,False,unmatched,,False,False,unclear,chat_finetuned,missing,2024-11-18,,
fblgit/juanako-7b-UNA,False,unmatched,,False,False,permissive,chat_finetuned,missing,2024-06-30,,
fblgit/miniclaus-qw1.5B-UNAMGS,False,unmatched,,False,False,unclear,chat_finetuned,missing,2024-11-01,,
fblgit/miniclaus-qw1.5B-UNAMGS-GRPO,False,unmatched,,False,False,unclear,chat_finetuned,missing,2025-02-03,,
fblgit/pancho-v1-qw25-3B-UNAMGS,False,unmatched,,False,False,unclear,pretrained,missing,2024-11-12,,
fblgit/una-cybertron-7b-v2-bf16,False,unmatched,,False,False,permissive,chat_finetuned,missing,2024-06-30,,
fhai50032/RolePlayLake-7B,False,unmatched,,False,False,permissive,chat_finetuned,missing,2025-01-17,,
fhai50032/Unaligned-Thinker-PHI-4,False,unmatched,,False,False,permissive,chat_finetuned,missing,2025-01-17,,
flammenai/Llama3.1-Flammades-70B,False,unmatched,,False,False,custom,chat_finetuned,missing,2024-10-13,,
flammenai/Mahou-1.2a-llama3-8B,False,unmatched,,False,False,custom,chat_finetuned,missing,2024-09-03,,
flammenai/Mahou-1.2a-mistral-7B,False,unmatched,,False,False,permissive,chat_finetuned,missing,2024-09-03,,
flammenai/Mahou-1.5-llama3.1-70B,False,unmatched,,False,False,custom,chat_finetuned,missing,2024-10-14,,
flammenai/Mahou-1.5-mistral-nemo-12B,False,unmatched,,False,False,permissive,chat_finetuned,missing,2024-10-07,,
flammenai/flammen15-gutenberg-DPO-v1-7B,False,unmatched,,False,False,permissive,chat_finetuned,missing,2024-07-10,,
fluently-lm/FluentlyLM-Prinum,False,unmatched,,False,False,permissive,chat_finetuned,missing,2025-02-16,,
fluently-lm/Llama-TI-8B,False,unmatched,,False,False,permissive,chat_finetuned,missing,2024-12-07,,
fluently-lm/Llama-TI-8B-Instruct,False,unmatched,,False,False,permissive,chat_finetuned,missing,2025-01-16,,
fluently-sets/FalconThink3-10B-IT,False,unmatched,,False,False,permissive,chat_finetuned,missing,2024-12-29,,
fluently-sets/reasoning-1-1k-demo,False,unmatched,,False,False,permissive,chat_finetuned,missing,2024-12-21,,
formulae/mita-elite-sce-gen1.1-v1-7b-2-26-2025-exp,False,unmatched,,False,False,missing,other,missing,2025-02-25,,
formulae/mita-elite-v1.1-7b-2-25-2025,False,unmatched,,False,False,missing,other,missing,2025-02-25,,
formulae/mita-elite-v1.1-gen2-7b-2-25-2025,False,unmatched,,False,False,missing,other,missing,2025-02-25,,
formulae/mita-elite-v1.2-7b-2-26-2025,False,unmatched,,False,False,missing,other,missing,2025-02-25,,
formulae/mita-gen3-7b-2-26-2025,False,unmatched,,False,False,missing,other,missing,2025-02-25,,
formulae/mita-gen3-v1.2-7b-2-26-2025,False,unmatched,,False,False,missing,other,missing,2025-02-25,,
formulae/mita-math-v2.3-2-25-2025,False,unmatched,,False,False,missing,other,missing,2025-02-25,,
formulae/mita-v1-7b,False,unmatched,,False,False,missing,other,missing,2025-02-24,,
formulae/mita-v1.1-7b-2-24-2025,False,unmatched,,False,False,missing,other,missing,2025-02-24,,
formulae/mita-v1.2-7b-2-24-2025,False,unmatched,,False,False,missing,other,missing,2025-02-24,,
frameai/Loxa-4B,False,unmatched,,False,False,missing,pretrained,missing,2025-01-14,,
freewheelin/free-evo-qwen72b-v0.8-re,False,unmatched,,False,False,permissive,chat_finetuned,missing,2024-09-15,,
freewheelin/free-solar-evo-v0.1,False,unmatched,,False,False,permissive,chat_finetuned,missing,2024-08-07,,
freewheelin/free-solar-evo-v0.11,False,unmatched,,False,False,permissive,chat_finetuned,missing,2024-08-07,,
freewheelin/free-solar-evo-v0.13,False,unmatched,,False,False,permissive,chat_finetuned,missing,2024-08-07,,
fulim/FineLlama-3.1-8B,False,unmatched,,False,False,permissive,chat_finetuned,missing,2024-12-15,,
gabrielmbmb/SmolLM-1.7B-Instruct-IFEval,False,unmatched,,False,False,missing,chat_finetuned,missing,2024-10-11,,
gaverfraxz/Meta-Llama-3.1-8B-Instruct-HalfAbliterated-DELLA,False,unmatched,,False,False,custom,other,missing,2024-09-23,,
gaverfraxz/Meta-Llama-3.1-8B-Instruct-HalfAbliterated-TIES,False,unmatched,,False,False,custom,other,missing,2024-09-19,,
gbueno86/Brinebreath-Llama-3.1-70B,False,unmatched,,False,False,custom,other,missing,2024-08-29,,
gbueno86/Meta-LLama-3-Cat-Smaug-LLama-70b,False,unmatched,,False,False,custom,other,missing,2024-06-27,,
ghost-x/ghost-8b-beta-1608,False,unmatched,,False,False,unclear,chat_finetuned,missing,2024-09-17,,
glaiveai/Reflection-Llama-3.1-70B,False,unmatched,,False,False,missing,chat_finetuned,missing,2024-10-07,,
gmonsoon/SahabatAI-Llama-11B-Test,False,unmatched,,False,False,custom,other,missing,2024-11-23,,
gmonsoon/SahabatAI-MediChatIndo-8B-v1,False,unmatched,,False,False,custom,chat_finetuned,missing,2024-11-19,,
gmonsoon/SahabatAI-Rebase-8B-Test,False,unmatched,,False,False,missing,chat_finetuned,missing,2024-11-23,,
gmonsoon/StockSeaLLMs-7B-v1,False,unmatched,,False,False,missing,chat_finetuned,missing,2024-11-20,,
gmonsoon/gemma2-9b-sahabatai-v1-instruct-BaseTIES,False,unmatched,,False,False,custom,other,missing,2024-11-17,,
godlikehhd/alpaca_data_full_2,False,unmatched,,False,False,permissive,chat_finetuned,missing,2025-01-14,,
godlikehhd/alpaca_data_full_3B,False,unmatched,,False,False,permissive,chat_finetuned,missing,2025-01-16,,
godlikehhd/alpaca_data_ifd_max_2600,False,unmatched,,False,False,permissive,chat_finetuned,missing,2025-01-14,,
godlikehhd/alpaca_data_ifd_max_2600_3B,False,unmatched,,False,False,permissive,chat_finetuned,missing,2025-01-16,,
godlikehhd/alpaca_data_ifd_me_max_5200,False,unmatched,,False,False,missing,chat_finetuned,missing,2025-01-09,,
godlikehhd/alpaca_data_ifd_min_2600,False,unmatched,,False,False,permissive,chat_finetuned,missing,2025-01-15,,
godlikehhd/alpaca_data_ins_ans_max_5200,False,unmatched,,False,False,missing,chat_finetuned,missing,2025-01-09,,
godlikehhd/alpaca_data_ins_max_5200,False,unmatched,,False,False,permissive,chat_finetuned,missing,2025-01-09,,
godlikehhd/alpaca_data_ins_min_2600,False,unmatched,,False,False,permissive,chat_finetuned,missing,2025-01-14,,
godlikehhd/alpaca_data_ins_min_5200,False,unmatched,,False,False,permissive,chat_finetuned,missing,2025-01-09,,
godlikehhd/alpaca_data_sampled_ifd_5200,False,unmatched,,False,False,permissive,chat_finetuned,missing,2025-01-09,,
godlikehhd/alpaca_data_sampled_ifd_new_5200,False,unmatched,,False,False,permissive,chat_finetuned,missing,2025-01-09,,
godlikehhd/alpaca_data_score_max_0.1_2600,False,unmatched,,False,False,permissive,chat_finetuned,missing,2025-01-14,,
godlikehhd/alpaca_data_score_max_0.3_2600,False,unmatched,,False,False,permissive,chat_finetuned,missing,2025-01-15,,
godlikehhd/alpaca_data_score_max_0.7_2600,False,unmatched,,False,False,permissive,chat_finetuned,missing,2025-01-14,,
godlikehhd/alpaca_data_score_max_2500,False,unmatched,,False,False,permissive,chat_finetuned,missing,2025-01-13,,
godlikehhd/alpaca_data_score_max_2600_3B,False,unmatched,,False,False,permissive,chat_finetuned,missing,2025-01-15,,
godlikehhd/alpaca_data_score_max_5200,False,unmatched,,False,False,permissive,chat_finetuned,missing,2025-01-10,,
godlikehhd/ifd_2500_qwen,False,unmatched,,False,False,missing,chat_finetuned,missing,2024-12-31,,
godlikehhd/ifd_new_correct_all_sample_2500_qwen,False,unmatched,,False,False,missing,chat_finetuned,missing,2024-12-31,,
godlikehhd/ifd_new_correct_sample_2500_qwen,False,unmatched,,False,False,missing,chat_finetuned,missing,2024-12-31,,
godlikehhd/ifd_new_qwen_2500,False,unmatched,,False,False,missing,chat_finetuned,missing,2024-12-31,,
godlikehhd/qwen-2.5-1.5b-cherry,False,unmatched,,False,False,missing,chat_finetuned,missing,2024-12-29,,
godlikehhd/qwen_2.5-1.5b-cherry_new,False,unmatched,,False,False,missing,chat_finetuned,missing,2024-12-29,,
godlikehhd/qwen_full_data_alpaca,False,unmatched,,False,False,missing,chat_finetuned,missing,2024-12-29,,
godlikehhd/qwen_ins_ans_2500,False,unmatched,,False,False,missing,chat_finetuned,missing,2024-12-29,,
google/codegemma-1.1-2b,False,unmatched,,False,False,custom,pretrained,missing,2024-08-12,,
google/flan-t5-base,False,unmatched,,False,False,permissive,pretrained,missing,2024-08-14,,
google/flan-t5-large,False,unmatched,,False,False,permissive,pretrained,missing,2024-08-14,,
google/flan-t5-small,False,unmatched,,False,False,permissive,pretrained,missing,2024-06-27,,
google/flan-t5-xl,False,unmatched,,False,False,permissive,pretrained,missing,2024-08-07,,
google/flan-t5-xl,False,unmatched,,False,False,permissive,pretrained,missing,2024-08-07,,
google/flan-t5-xxl,False,unmatched,,False,False,permissive,chat_finetuned,missing,2024-09-06,,
google/flan-ul2,False,normalized_exact_owner_mismatch,,False,False,permissive,pretrained,missing,2024-08-07,,
google/gemma-1.1-2b-it,False,unmatched,,False,False,custom,chat_finetuned,missing,2024-06-12,,
google/gemma-1.1-7b-it,False,unmatched,,False,False,custom,chat_finetuned,missing,2024-06-12,,
google/gemma-2-27b,True,normalized_exact_owner,Yes,True,False,custom,pretrained,reported,2024-08-24,2024-06-24,61.0
google/gemma-2-27b-it,False,unmatched,,False,False,custom,chat_finetuned,missing,2024-08-07,,
google/gemma-2-2b,False,normalized_exact_owner_mismatch,,False,False,custom,pretrained,missing,2024-07-31,,
google/gemma-2-2b,False,normalized_exact_owner_mismatch,,False,False,custom,pretrained,missing,2024-07-31,,
google/gemma-2-2b-it,False,unmatched,,False,False,custom,chat_finetuned,missing,2024-07-31,,
google/gemma-2-2b-jpn-it,False,unmatched,,False,False,custom,pretrained,missing,2024-10-11,,
google/gemma-2-2b-jpn-it,False,unmatched,,False,False,custom,chat_finetuned,missing,2024-10-14,,
google/gemma-2-9b,True,normalized_exact_owner,Yes,True,False,custom,pretrained,reported,2024-07-11,2024-06-24,17.0
google/gemma-2-9b-it,False,unmatched,,False,False,custom,chat_finetuned,missing,2024-07-11,,
google/gemma-2b,False,normalized_exact_owner_mismatch,,False,False,custom,pretrained,missing,2024-06-12,,
google/gemma-2b-it,False,unmatched,,False,False,custom,chat_finetuned,missing,2024-06-12,,
google/gemma-7b,False,normalized_exact_owner_mismatch,,False,False,custom,pretrained,missing,2024-06-08,,
google/gemma-7b-it,False,unmatched,,False,False,custom,chat_finetuned,missing,2024-06-12,,
google/mt5-base,False,unmatched,,False,False,permissive,chat_finetuned,missing,2024-09-06,,
google/mt5-small,False,unmatched,,False,False,permissive,chat_finetuned,missing,2024-09-06,,
google/mt5-xl,False,unmatched,,False,False,permissive,chat_finetuned,missing,2024-09-06,,
google/mt5-xxl,False,normalized_exact_owner_mismatch,,False,False,permissive,chat_finetuned,missing,2024-09-06,,
google/recurrentgemma-2b,False,unmatched,,False,False,custom,pretrained,missing,2024-06-13,,
google/recurrentgemma-2b-it,False,unmatched,,False,False,custom,chat_finetuned,missing,2024-06-12,,
google/recurrentgemma-9b,False,unmatched,,False,False,custom,pretrained,missing,2024-07-04,,
google/recurrentgemma-9b-it,False,unmatched,,False,False,custom,chat_finetuned,missing,2024-07-05,,
google/switch-base-8,False,unmatched,,False,False,permissive,chat_finetuned,missing,2024-09-06,,
google/umt5-base,False,unmatched,,False,False,permissive,chat_finetuned,missing,2024-09-06,,
goulue5/merging_LLM,False,unmatched,,False,False,missing,other,missing,2024-11-22,,
gpt2,False,unmatched,,False,False,permissive,pretrained,missing,2024-06-26,,
gpt2,False,unmatched,,False,False,permissive,pretrained,missing,2024-06-26,,
gradientai/Llama-3-8B-Instruct-Gradient-1048k,False,unmatched,,False,False,custom,chat_finetuned,missing,2024-06-12,,
grimjim/DeepSauerHuatuoSkywork-R1-o1-Llama-3.1-8B,False,unmatched,,False,False,custom,other,missing,2025-01-30,,
grimjim/Gigantes-v1-gemma2-9b-it,False,unmatched,,False,False,custom,other,missing,2024-12-28,,
grimjim/Gigantes-v2-gemma2-9b-it,False,unmatched,,False,False,custom,other,missing,2024-12-29,,
grimjim/Gigantes-v3-gemma2-9b-it,False,unmatched,,False,False,custom,other,missing,2024-12-29,,
grimjim/HuatuoSkywork-o1-Llama-3.1-8B,False,unmatched,,False,False,custom,other,missing,2025-01-03,,
grimjim/Llama-3-Instruct-8B-SPPO-Iter3-SimPO-merge,False,unmatched,,False,False,custom,other,missing,2024-06-29,,
grimjim/Llama-3-Instruct-8B-SimPO-SPPO-Iter3-merge,False,unmatched,,False,False,custom,other,missing,2024-09-17,,
grimjim/Llama-3.1-8B-Instruct-abliterated_via_adapter,False,unmatched,,False,False,custom,chat_finetuned,missing,2024-09-17,,
grimjim/Llama-3.1-Bonsaikraft-8B-Instruct,False,unmatched,,False,False,custom,other,missing,2025-01-25,,
grimjim/Llama-Nephilim-Metamorphosis-v2-8B,False,unmatched,,False,False,custom,other,missing,2025-01-02,,
grimjim/Llama3.1-SuperNovaLite-HuatuoSkywork-o1-8B,False,unmatched,,False,False,custom,other,missing,2025-01-07,,
grimjim/Magnolia-v1-Gemma2-8k-9B,False,unmatched,,False,False,custom,other,missing,2024-12-30,,
grimjim/Magnolia-v2-12B,False,unmatched,,False,False,permissive,other,missing,2024-12-30,,
grimjim/Magnolia-v2-Gemma2-8k-9B,False,unmatched,,False,False,custom,other,missing,2024-12-29,,
grimjim/Magnolia-v3-12B,False,unmatched,,False,False,permissive,other,missing,2024-12-28,,
grimjim/Magnolia-v3-Gemma2-8k-9B,False,unmatched,,False,False,custom,other,missing,2024-12-30,,
grimjim/Magnolia-v4-12B,False,unmatched,,False,False,permissive,other,missing,2025-02-21,,
grimjim/Magnolia-v5a-12B,False,unmatched,,False,False,permissive,other,missing,2025-02-21,,
grimjim/Magot-v1-Gemma2-8k-9B,False,unmatched,,False,False,custom,other,missing,2024-09-19,,
grimjim/Magot-v2-Gemma2-8k-9B,False,unmatched,,False,False,custom,other,missing,2024-12-30,,
grimjim/SauerHuatuoSkywork-o1-Llama-3.1-8B,False,unmatched,,False,False,custom,other,missing,2025-01-27,,
grimjim/llama-3-Nephilim-v1-8B,False,unmatched,,False,False,research-only,other,missing,2024-06-26,,
grimjim/llama-3-Nephilim-v2-8B,False,unmatched,,False,False,research-only,other,missing,2024-09-18,,
grimjim/llama-3-Nephilim-v2.1-8B,False,unmatched,,False,False,research-only,other,missing,2024-09-18,,
grimjim/llama-3-Nephilim-v3-8B,False,unmatched,,False,False,research-only,other,missing,2024-08-26,,
gupta-tanish/llama-7b-dpo-baseline,False,unmatched,,False,False,permissive,chat_finetuned,missing,2024-09-29,,
gz987/qwen2.5-7b-cabs-v0.1,False,unmatched,,False,False,permissive,other,missing,2025-02-18,,
gz987/qwen2.5-7b-cabs-v0.2,False,unmatched,,False,False,permissive,other,missing,2025-02-18,,
gz987/qwen2.5-7b-cabs-v0.3,False,unmatched,,False,False,permissive,other,missing,2025-02-18,,
gz987/qwen2.5-7b-cabs-v0.4,False,unmatched,,False,False,permissive,other,missing,2025-02-18,,
h2oai/h2o-danube-1.8b-chat,False,unmatched,,False,False,permissive,chat_finetuned,missing,2025-03-05,,
h2oai/h2o-danube3-4b-base,False,unmatched,,False,False,permissive,pretrained,missing,2024-08-10,,
h2oai/h2o-danube3-4b-chat,False,unmatched,,False,False,permissive,chat_finetuned,missing,2024-07-15,,
h2oai/h2o-danube3-500m-chat,False,unmatched,,False,False,permissive,chat_finetuned,missing,2024-10-11,,
h2oai/h2o-danube3.1-4b-chat,False,unmatched,,False,False,permissive,chat_finetuned,missing,2024-11-29,,
haoranxu/ALMA-13B-R,False,unmatched,,False,False,permissive,chat_finetuned,missing,2024-10-01,,
haoranxu/Llama-3-Instruct-8B-CPO-SimPO,False,unmatched,,False,False,permissive,chat_finetuned,missing,2024-07-28,,
haoranxu/Llama-3-Instruct-8B-SimPO,False,unmatched,,False,False,custom,chat_finetuned,missing,2024-07-28,,
hatemmahmoud/qwen2.5-1.5b-sft-raft-grpo-hra-doc,False,unmatched,,False,False,missing,chat_finetuned,missing,2025-03-12,,
hon9kon9ize/CantoneseLLMChat-v0.5,False,unmatched,,False,False,permissive,pretrained,missing,2024-07-07,,
hon9kon9ize/CantoneseLLMChat-v1.0-7B,False,unmatched,,False,False,unclear,chat_finetuned,missing,2024-10-10,,
hongbai12/li-0.4-pre,False,unmatched,,False,False,missing,other,missing,2025-03-05,,
hotmailuser/Deepseek-qwen-modelstock-2B,False,unmatched,,False,False,permissive,other,missing,2025-01-26,,
hotmailuser/Falcon3Slerp1-10B,False,unmatched,,False,False,unclear,other,missing,2024-12-23,,
hotmailuser/Falcon3Slerp2-10B,False,unmatched,,False,False,unclear,other,missing,2024-12-23,,
hotmailuser/Falcon3Slerp4-10B,False,unmatched,,False,False,unclear,other,missing,2024-12-23,,
hotmailuser/FalconSlerp-3B,False,unmatched,,False,False,permissive,other,missing,2025-01-08,,
hotmailuser/FalconSlerp1-7B,False,unmatched,,False,False,unclear,other,missing,2024-12-23,,
hotmailuser/FalconSlerp2-7B,False,unmatched,,False,False,unclear,other,missing,2024-12-23,,
hotmailuser/FalconSlerp3-10B,False,unmatched,,False,False,unclear,other,missing,2024-12-23,,
hotmailuser/FalconSlerp3-7B,False,unmatched,,False,False,unclear,other,missing,2024-12-23,,
hotmailuser/FalconSlerp4-7B,False,unmatched,,False,False,missing,other,missing,2025-01-08,,
hotmailuser/FalconSlerp6-7B,False,unmatched,,False,False,unclear,other,missing,2025-01-26,,
hotmailuser/Gemma2Crono-27B,False,unmatched,,False,False,permissive,other,missing,2024-12-02,,
hotmailuser/Gemma2SimPO-27B,False,unmatched,,False,False,missing,other,missing,2024-12-01,,
hotmailuser/Gemma2atlas-27B,False,unmatched,,False,False,permissive,other,missing,2024-12-01,,
hotmailuser/Gemma2magnum-27b,False,unmatched,,False,False,missing,other,missing,2024-12-02,,
hotmailuser/Llama-Hermes-slerp-8B,False,unmatched,,False,False,permissive,other,missing,2024-12-23,,
hotmailuser/Llama-Hermes-slerp2-8B,False,unmatched,,False,False,permissive,other,missing,2024-12-23,,
hotmailuser/LlamaStock-8B,False,unmatched,,False,False,permissive,other,missing,2025-01-08,,
hotmailuser/Mistral-modelstock-24B,False,unmatched,,False,False,permissive,other,missing,2025-02-13,,
hotmailuser/Mistral-modelstock2-24B,False,unmatched,,False,False,permissive,other,missing,2025-02-13,,
hotmailuser/Phi4-Slerp4-14B,False,unmatched,,False,False,missing,other,missing,2025-01-26,,
hotmailuser/Qwen2.5-HomerSlerp-7B,False,unmatched,,False,False,permissive,other,missing,2024-12-07,,
hotmailuser/QwenModelStock-1.8B,False,unmatched,,False,False,permissive,other,missing,2025-01-08,,
hotmailuser/QwenSlerp-14B,False,unmatched,,False,False,permissive,other,missing,2025-01-08,,
hotmailuser/QwenSlerp-3B,False,unmatched,,False,False,permissive,other,missing,2025-01-08,,
hotmailuser/QwenSlerp-7B,False,unmatched,,False,False,permissive,other,missing,2024-12-23,,
hotmailuser/QwenSlerp2-14B,False,unmatched,,False,False,permissive,other,missing,2025-01-08,,
hotmailuser/QwenSlerp2-3B,False,unmatched,,False,False,permissive,other,missing,2025-01-08,,
hotmailuser/QwenSlerp3-14B,False,unmatched,,False,False,permissive,other,missing,2025-01-08,,
hotmailuser/QwenSparse-7B,False,unmatched,,False,False,permissive,other,missing,2025-01-08,,
hotmailuser/QwenStock-0.5B,False,unmatched,,False,False,permissive,other,missing,2025-01-08,,
hotmailuser/QwenStock-1.7B,False,unmatched,,False,False,permissive,other,missing,2025-01-08,,
hotmailuser/QwenStock1-14B,False,unmatched,,False,False,permissive,other,missing,2025-01-08,,
hotmailuser/RombosBeagle-v2beta-MGS-32B,False,unmatched,,False,False,permissive,other,missing,2024-12-23,,
huggyllama/llama-13b,False,normalized_exact_owner_mismatch,,False,False,unclear,chat_finetuned,missing,2024-07-04,,
huggyllama/llama-65b,False,normalized_exact_owner_mismatch,,False,False,unclear,pretrained,missing,2024-06-26,,
huggyllama/llama-7b,False,normalized_exact_owner_mismatch,,False,False,unclear,chat_finetuned,missing,2024-07-04,,
huihui-ai/DeepSeek-R1-Distill-Qwen-14B-abliterated-v2,False,unmatched,,False,False,missing,chat_finetuned,missing,2025-01-29,,
huihui-ai/QwQ-32B-Coder-Fusion-7030,False,unmatched,,False,False,permissive,other,missing,2025-01-03,,
huihui-ai/QwQ-32B-Coder-Fusion-8020,False,unmatched,,False,False,permissive,other,missing,2025-01-03,,
huihui-ai/QwQ-32B-Coder-Fusion-9010,False,unmatched,,False,False,permissive,other,missing,2024-12-07,,
huihui-ai/Qwen2.5-14B-Instruct-abliterated-v2,False,unmatched,,False,False,permissive,chat_finetuned,missing,2024-12-07,,
huihui-ai/Qwen2.5-72B-Instruct-abliterated,False,unmatched,,False,False,unclear,chat_finetuned,missing,2024-12-07,,
huihui-ai/Qwen2.5-7B-Instruct-abliterated,False,unmatched,,False,False,permissive,chat_finetuned,missing,2024-09-24,,
huihui-ai/Qwen2.5-7B-Instruct-abliterated-v2,False,unmatched,,False,False,permissive,chat_finetuned,missing,2024-09-24,,
huu-ontocord/wide_3b_orpo_stage1.1-ss1-orpo3,False,unmatched,,False,False,missing,pretrained,missing,2025-03-03,,
iFaz/llama31_8B_en_emo_v4,False,unmatched,,False,False,missing,chat_finetuned,missing,2025-02-28,,
iFaz/llama32_1B_en_emo_v1,False,unmatched,,False,False,permissive,chat_finetuned,missing,2025-01-14,,
iFaz/llama32_3B_en_emo_1000_stp,False,unmatched,,False,False,permissive,chat_finetuned,missing,2025-03-08,,
iFaz/llama32_3B_en_emo_2000_stp,False,unmatched,,False,False,permissive,chat_finetuned,missing,2025-03-07,,
iFaz/llama32_3B_en_emo_300_stp,False,unmatched,,False,False,permissive,chat_finetuned,missing,2025-03-07,,
iFaz/llama32_3B_en_emo_5000_stp,False,unmatched,,False,False,permissive,chat_finetuned,missing,2025-03-08,,
iFaz/llama32_3B_en_emo_v2,False,unmatched,,False,False,permissive,chat_finetuned,missing,2024-12-26,,
iFaz/llama32_3B_en_emo_v3,False,unmatched,,False,False,permissive,chat_finetuned,missing,2025-02-28,,
iRyanBell/ARC1,False,unmatched,,False,False,custom,chat_finetuned,missing,2024-06-26,,
iRyanBell/ARC1-II,False,unmatched,,False,False,custom,chat_finetuned,missing,2024-06-26,,
ibivibiv/colossus_120b,False,unmatched,,False,False,permissive,chat_finetuned,missing,2024-06-27,,
ibivibiv/multimaster-7b-v6,False,unmatched,,False,False,permissive,chat_finetuned,missing,2024-06-28,,
ibm/PowerLM-3b,False,unmatched,,False,False,permissive,pretrained,missing,2025-01-07,,
ibm/merlinite-7b,False,unmatched,,False,False,permissive,chat_finetuned,missing,2024-06-09,,
ibm-granite/granite-3.0-1b-a400m-base,False,unmatched,,False,False,permissive,pretrained,missing,,,
ibm-granite/granite-3.0-1b-a400m-instruct,False,unmatched,,False,False,permissive,chat_finetuned,missing,,,
ibm-granite/granite-3.0-2b-base,False,unmatched,,False,False,permissive,pretrained,missing,,,
ibm-granite/granite-3.0-2b-instruct,False,unmatched,,False,False,permissive,chat_finetuned,missing,,,
ibm-granite/granite-3.0-3b-a800m-base,False,unmatched,,False,False,permissive,pretrained,missing,,,
ibm-granite/granite-3.0-3b-a800m-instruct,False,unmatched,,False,False,permissive,chat_finetuned,missing,2024-10-20,,
ibm-granite/granite-3.0-8b-base,False,unmatched,,False,False,permissive,pretrained,missing,2024-10-20,,
ibm-granite/granite-3.0-8b-instruct,False,unmatched,,False,False,permissive,chat_finetuned,missing,2024-10-20,,
ibm-granite/granite-3.1-1b-a400m-base,False,unmatched,,False,False,permissive,pretrained,missing,2024-12-16,,
ibm-granite/granite-3.1-1b-a400m-instruct,False,unmatched,,False,False,permissive,chat_finetuned,missing,2024-12-16,,
ibm-granite/granite-3.1-2b-base,False,unmatched,,False,False,permissive,pretrained,missing,2024-12-16,,
ibm-granite/granite-3.1-2b-instruct,False,unmatched,,False,False,permissive,chat_finetuned,missing,2024-12-16,,
ibm-granite/granite-3.1-3b-a800m-base,False,unmatched,,False,False,permissive,pretrained,missing,2024-12-16,,
ibm-granite/granite-3.1-3b-a800m-instruct,False,unmatched,,False,False,permissive,chat_finetuned,missing,2024-12-16,,
ibm-granite/granite-3.1-8b-base,False,unmatched,,False,False,permissive,pretrained,missing,2024-12-16,,
ibm-granite/granite-3.1-8b-instruct,False,unmatched,,False,False,permissive,chat_finetuned,missing,2024-12-16,,
ibm-granite/granite-3.2-2b-instruct,False,unmatched,,False,False,permissive,chat_finetuned,missing,2025-02-28,,
ibm-granite/granite-3.2-8b-instruct,False,unmatched,,False,False,permissive,chat_finetuned,missing,2025-02-28,,
ibm-granite/granite-7b-base,False,unmatched,,False,False,permissive,pretrained,missing,2024-06-12,,
ibm-granite/granite-7b-instruct,False,unmatched,,False,False,permissive,chat_finetuned,missing,2024-10-02,,
icefog72/Ice0.15-02.10-RP,False,unmatched,,False,False,research-only,other,missing,2024-10-02,,
icefog72/Ice0.16-02.10-RP,False,unmatched,,False,False,research-only,other,missing,2024-10-02,,
icefog72/Ice0.17-03.10-RP,False,unmatched,,False,False,research-only,other,missing,2024-10-03,,
icefog72/Ice0.27-06.11-RP,False,unmatched,,False,False,missing,other,missing,2024-11-06,,
icefog72/Ice0.29-06.11-RP,False,unmatched,,False,False,missing,other,missing,2024-11-06,,
icefog72/Ice0.31-08.11-RP,False,unmatched,,False,False,research-only,other,missing,2024-11-08,,
icefog72/Ice0.32-10.11-RP,False,unmatched,,False,False,research-only,other,missing,2024-11-11,,
icefog72/Ice0.34b-14.11-RP,False,unmatched,,False,False,research-only,other,missing,2024-11-14,,
icefog72/Ice0.34n-14.11-RP,False,unmatched,,False,False,research-only,other,missing,2024-11-14,,
icefog72/Ice0.37-18.11-RP,False,unmatched,,False,False,research-only,other,missing,2024-11-18,,
icefog72/Ice0.38-19.11-RP,False,unmatched,,False,False,missing,other,missing,2024-11-19,,
icefog72/Ice0.39-19.11-RP,False,unmatched,,False,False,missing,other,missing,2024-11-20,,
icefog72/Ice0.40-20.11-RP,False,unmatched,,False,False,research-only,other,missing,2024-11-21,,
icefog72/Ice0.41-22.11-RP,False,unmatched,,False,False,research-only,other,missing,2024-11-22,,
icefog72/Ice0.50-16.01-RP,False,unmatched,,False,False,missing,other,missing,2025-01-16,,
icefog72/Ice0.50.1-16.01-RP,False,unmatched,,False,False,missing,other,missing,2025-01-16,,
icefog72/Ice0.51-16.01-RP,False,unmatched,,False,False,missing,other,missing,2025-01-16,,
icefog72/Ice0.51.1-16.01-RP,False,unmatched,,False,False,missing,other,missing,2025-01-16,,
icefog72/Ice0.52-16.01-RP,False,unmatched,,False,False,missing,other,missing,2025-01-16,,
icefog72/Ice0.52.1-16.01-RP,False,unmatched,,False,False,missing,other,missing,2025-01-16,,
icefog72/Ice0.53-16.01-RP,False,unmatched,,False,False,missing,other,missing,2025-01-16,,
icefog72/Ice0.54-17.01-RP,False,unmatched,,False,False,missing,other,missing,2025-01-17,,
icefog72/Ice0.55-17.01-RP,False,unmatched,,False,False,missing,other,missing,2025-01-17,,
icefog72/Ice0.57-17.01-RP,False,unmatched,,False,False,missing,other,missing,2025-01-17,,
icefog72/Ice0.60-18.01-RP,False,unmatched,,False,False,missing,other,missing,2025-01-18,,
icefog72/Ice0.60.1-18.01-RP,False,unmatched,,False,False,missing,other,missing,2025-01-18,,
icefog72/Ice0.61-18.01-RP,False,unmatched,,False,False,missing,other,missing,2025-01-18,,
icefog72/Ice0.62-18.01-RP,False,unmatched,,False,False,missing,other,missing,2025-01-18,,
icefog72/Ice0.62.1-24.01-RP,False,unmatched,,False,False,missing,other,missing,2025-01-24,,
icefog72/Ice0.64-24.01-RP,False,unmatched,,False,False,missing,other,missing,2025-01-24,,
icefog72/Ice0.64.1-24.01-RP,False,unmatched,,False,False,missing,other,missing,2025-01-24,,
icefog72/Ice0.65-25.01-RP,False,unmatched,,False,False,missing,other,missing,2025-01-25,,
icefog72/Ice0.66-25.01-RP,False,unmatched,,False,False,missing,other,missing,2025-01-25,,
icefog72/Ice0.67-25.01-RP,False,unmatched,,False,False,missing,other,missing,2025-01-25,,
icefog72/Ice0.68-25.01-RP,False,unmatched,,False,False,research-only,other,missing,2025-01-25,,
icefog72/Ice0.69-25.01-RP,False,unmatched,,False,False,research-only,other,missing,2025-01-26,,
icefog72/Ice0.7-29.09-RP,False,unmatched,,False,False,missing,other,missing,2024-10-03,,
icefog72/Ice0.70-25.01-RP,False,unmatched,,False,False,research-only,other,missing,2025-01-26,,
icefog72/Ice0.70.1-01.02-RP,False,unmatched,,False,False,missing,other,missing,2025-02-01,,
icefog72/Ice0.73-01.02-RP,False,unmatched,,False,False,missing,other,missing,2025-02-01,,
icefog72/Ice0.74-02.02-RP,False,unmatched,,False,False,missing,other,missing,2025-02-02,,
icefog72/Ice0.76-02.02-RP,False,unmatched,,False,False,missing,other,missing,2025-02-02,,
icefog72/Ice0.77-02.02-RP,False,unmatched,,False,False,research-only,other,missing,2025-02-05,,
icefog72/Ice0.78-02.02-RP,False,unmatched,,False,False,missing,other,missing,2025-02-02,,
icefog72/Ice0.80-03.02-RP,False,unmatched,,False,False,missing,other,missing,2025-02-03,,
icefog72/IceCocoaRP-7b,False,unmatched,,False,False,research-only,other,missing,2024-06-26,,
icefog72/IceCoffeeRP-7b,False,unmatched,,False,False,research-only,other,missing,2024-06-26,,
icefog72/IceDrinkByFrankensteinV3RP,False,unmatched,,False,False,research-only,other,missing,2024-10-03,,
icefog72/IceDrinkNameGoesHereRP-7b-Model_Stock,False,unmatched,,False,False,research-only,other,missing,2024-09-24,,
icefog72/IceDrinkNameNotFoundRP-7b-Model_Stock,False,unmatched,,False,False,research-only,other,missing,2024-09-15,,
icefog72/IceDrunkCherryRP-7b,False,unmatched,,False,False,research-only,other,missing,2024-09-24,,
icefog72/IceDrunkenCherryRP-7b,False,unmatched,,False,False,research-only,other,missing,2024-11-25,,
icefog72/IceEspressoRPv2-7b,False,unmatched,,False,False,missing,other,missing,2024-09-11,,
icefog72/IceLemonTeaRP-32k-7b,False,unmatched,,False,False,research-only,other,missing,2024-07-27,,
icefog72/IceMartiniRP-7b,False,unmatched,,False,False,research-only,chat_finetuned,missing,2024-09-24,,
icefog72/IceNalyvkaRP-7b,False,unmatched,,False,False,research-only,other,missing,2025-03-01,,
icefog72/IceSakeRP-7b,False,unmatched,,False,False,research-only,other,missing,2024-08-22,,
icefog72/IceSakeV4RP-7b,False,unmatched,,False,False,missing,other,missing,2024-06-26,,
icefog72/IceSakeV6RP-7b,False,unmatched,,False,False,missing,other,missing,2024-06-26,,
icefog72/IceSakeV8RP-7b,False,unmatched,,False,False,research-only,other,missing,2024-06-26,,
icefog72/IceTea21EnergyDrinkRPV13-DPOv3,False,unmatched,,False,False,missing,other,missing,2024-09-06,,
icefog72/IceTea21EnergyDrinkRPV13-DPOv3.5,False,unmatched,,False,False,missing,other,missing,2024-09-25,,
ifable/gemma-2-Ifable-9B,False,unmatched,,False,False,custom,chat_finetuned,missing,2024-09-25,,
ilsp/Llama-Krikri-8B-Instruct,False,unmatched,,False,False,custom,chat_finetuned,missing,2025-02-10,,
inflatebot/MN-12B-Mag-Mell-R1,False,unmatched,,False,False,missing,other,missing,2025-01-04,,
informatiker/Qwen2-7B-Instruct-abliterated,False,unmatched,,False,False,missing,chat_finetuned,missing,2024-09-15,,
insightfactory/Llama-3.2-3B-Instruct-unsloth-bnb-4bitlora_model,False,unmatched,,False,False,permissive,chat_finetuned,missing,2025-02-19,,
instruction-pretrain/InstructLM-500M,False,unmatched,,False,False,permissive,pretrained,missing,2024-06-27,,
internlm/internlm2-1_8b,False,unmatched,,False,False,unclear,pretrained,missing,2024-06-12,,
internlm/internlm2-7b,False,unmatched,,False,False,unclear,other,missing,,,
internlm/internlm2-chat-1_8b,False,unmatched,,False,False,unclear,chat_finetuned,missing,2024-06-12,,
internlm/internlm2_5-1_8b-chat,False,unmatched,,False,False,unclear,chat_finetuned,missing,2024-08-07,,
internlm/internlm2_5-20b-chat,False,unmatched,,False,False,unclear,chat_finetuned,missing,2024-08-12,,
internlm/internlm2_5-7b-chat,False,unmatched,,False,False,unclear,chat_finetuned,missing,2024-07-03,,
intervitens/mini-magnum-12b-v1.1,False,unmatched,,False,False,permissive,chat_finetuned,missing,2024-07-25,,
inumulaisk/eval_model,False,unmatched,,False,False,missing,chat_finetuned,missing,2025-03-06,,
invalid-coder/Sakura-SOLAR-Instruct-CarbonVillain-en-10.7B-v2-slerp,False,unmatched,,False,False,permissive,other,missing,2024-07-25,,
invisietch/EtherealRainbow-v0.2-8B,False,unmatched,,False,False,custom,other,missing,2024-07-01,,
invisietch/EtherealRainbow-v0.3-8B,False,unmatched,,False,False,custom,other,missing,2024-07-01,,
invisietch/MiS-Firefly-v0.2-22B,False,unmatched,,False,False,unclear,chat_finetuned,missing,2024-11-07,,
invisietch/Nimbus-Miqu-v0.1-70B,False,unmatched,,False,False,unclear,other,missing,2024-07-03,,
irahulpandey/mistralai-7B-slerp-v0.1,False,unmatched,,False,False,permissive,other,missing,2025-01-30,,
jaredjoss/pythia-410m-roberta-lr_8e7-kl_01-steps_12000-rlhf-model,False,unmatched,,False,False,permissive,chat_finetuned,missing,2024-08-06,,
jaspionjader/Auro-Kosmos-EVAA-v2-8B,False,unmatched,,False,False,missing,other,missing,2024-12-27,,
jaspionjader/Auro-Kosmos-EVAA-v2.1-8B,False,unmatched,,False,False,missing,other,missing,2024-12-27,,
jaspionjader/Auro-Kosmos-EVAA-v2.2-8B,False,unmatched,,False,False,missing,other,missing,2024-12-27,,
jaspionjader/Auro-Kosmos-EVAA-v2.3-8B,False,unmatched,,False,False,missing,other,missing,2024-12-27,,
jaspionjader/Kosmos-Aurora_faustus-8B,False,unmatched,,False,False,missing,other,missing,2024-12-27,,
jaspionjader/Kosmos-EVAA-8B,False,unmatched,,False,False,missing,other,missing,2024-12-27,,
jaspionjader/Kosmos-EVAA-Franken-Immersive-v39-8B,False,unmatched,,False,False,missing,other,missing,2025-01-05,,
jaspionjader/Kosmos-EVAA-Franken-v38-8B,False,unmatched,,False,False,missing,other,missing,2025-01-04,,
jaspionjader/Kosmos-EVAA-Fusion-8B,False,unmatched,,False,False,missing,other,missing,2024-12-27,,
jaspionjader/Kosmos-EVAA-Fusion-8B,False,unmatched,,False,False,missing,other,missing,2024-12-27,,
jaspionjader/Kosmos-EVAA-PRP-8B,False,unmatched,,False,False,missing,other,missing,2024-12-29,,
jaspionjader/Kosmos-EVAA-PRP-light-8B,False,unmatched,,False,False,missing,other,missing,2024-12-29,,
jaspionjader/Kosmos-EVAA-PRP-v23-8B,False,unmatched,,False,False,missing,other,missing,2024-12-29,,
jaspionjader/Kosmos-EVAA-PRP-v24-8B,False,unmatched,,False,False,missing,other,missing,2024-12-29,,
jaspionjader/Kosmos-EVAA-PRP-v25-8B,False,unmatched,,False,False,missing,other,missing,2024-12-29,,
jaspionjader/Kosmos-EVAA-PRP-v26-8B,False,unmatched,,False,False,missing,other,missing,2024-12-29,,
jaspionjader/Kosmos-EVAA-PRP-v27-8B,False,unmatched,,False,False,missing,other,missing,2024-12-29,,
jaspionjader/Kosmos-EVAA-PRP-v28-8B,False,unmatched,,False,False,missing,other,missing,2024-12-29,,
jaspionjader/Kosmos-EVAA-PRP-v29-8B,False,unmatched,,False,False,missing,other,missing,2024-12-29,,
jaspionjader/Kosmos-EVAA-PRP-v30-8B,False,unmatched,,False,False,missing,other,missing,2024-12-30,,
jaspionjader/Kosmos-EVAA-PRP-v31-8B,False,unmatched,,False,False,missing,other,missing,2024-12-30,,
jaspionjader/Kosmos-EVAA-PRP-v32-8B,False,unmatched,,False,False,missing,other,missing,2024-12-30,,
jaspionjader/Kosmos-EVAA-PRP-v33-8B,False,unmatched,,False,False,missing,other,missing,2024-12-30,,
jaspionjader/Kosmos-EVAA-PRP-v34-8B,False,unmatched,,False,False,missing,other,missing,2024-12-30,,
jaspionjader/Kosmos-EVAA-TSN-8B,False,unmatched,,False,False,missing,chat_finetuned,missing,2024-12-28,,
jaspionjader/Kosmos-EVAA-TSN-light-8B,False,unmatched,,False,False,missing,other,missing,2024-12-28,,
jaspionjader/Kosmos-EVAA-TSN-v19-8B,False,unmatched,,False,False,missing,other,missing,2024-12-28,,
jaspionjader/Kosmos-EVAA-TSN-v20-8B,False,unmatched,,False,False,missing,other,missing,2024-12-28,,
jaspionjader/Kosmos-EVAA-TSN-v21-8B,False,unmatched,,False,False,missing,other,missing,2024-12-28,,
jaspionjader/Kosmos-EVAA-TSN-v22-8B,False,unmatched,,False,False,missing,other,missing,2024-12-28,,
jaspionjader/Kosmos-EVAA-gamma-8B,False,unmatched,,False,False,missing,other,missing,2024-12-27,,
jaspionjader/Kosmos-EVAA-gamma-alt-8B,False,unmatched,,False,False,missing,other,missing,2024-12-27,,
jaspionjader/Kosmos-EVAA-gamma-light-8B,False,unmatched,,False,False,missing,other,missing,2024-12-27,,
jaspionjader/Kosmos-EVAA-gamma-light-alt-8B,False,unmatched,,False,False,missing,other,missing,2024-12-27,,
jaspionjader/Kosmos-EVAA-gamma-ultra-light-8B,False,unmatched,,False,False,missing,other,missing,2024-12-28,,
jaspionjader/Kosmos-EVAA-gamma-v13-8B,False,unmatched,,False,False,missing,other,missing,2024-12-27,,
jaspionjader/Kosmos-EVAA-gamma-v14-8B,False,unmatched,,False,False,missing,other,missing,2024-12-28,,
jaspionjader/Kosmos-EVAA-gamma-v15-8B,False,unmatched,,False,False,missing,other,missing,2024-12-28,,
jaspionjader/Kosmos-EVAA-gamma-v16-8B,False,unmatched,,False,False,missing,other,missing,2024-12-28,,
jaspionjader/Kosmos-EVAA-gamma-v17-8B,False,unmatched,,False,False,missing,other,missing,2024-12-28,,
jaspionjader/Kosmos-EVAA-gamma-v18-8B,False,unmatched,,False,False,missing,other,missing,2024-12-28,,
jaspionjader/Kosmos-EVAA-immersive-sof-v44-8B,False,unmatched,,False,False,missing,other,missing,2025-01-26,,
jaspionjader/Kosmos-EVAA-v10-8B,False,unmatched,,False,False,missing,other,missing,2024-12-27,,
jaspionjader/Kosmos-EVAA-v11-8B,False,unmatched,,False,False,missing,other,missing,2024-12-27,,
jaspionjader/Kosmos-EVAA-v12-8B,False,unmatched,,False,False,missing,other,missing,2024-12-27,,
jaspionjader/Kosmos-EVAA-v2-8B,False,unmatched,,False,False,missing,other,missing,2024-12-27,,
jaspionjader/Kosmos-EVAA-v3-8B,False,unmatched,,False,False,missing,other,missing,2024-12-27,,
jaspionjader/Kosmos-EVAA-v4-8B,False,unmatched,,False,False,missing,other,missing,2024-12-27,,
jaspionjader/Kosmos-EVAA-v5-8B,False,unmatched,,False,False,missing,other,missing,2024-12-27,,
jaspionjader/Kosmos-EVAA-v6-8B,False,unmatched,,False,False,missing,other,missing,2024-12-27,,
jaspionjader/Kosmos-EVAA-v7-8B,False,unmatched,,False,False,missing,other,missing,2024-12-27,,
jaspionjader/Kosmos-EVAA-v8-8B,False,unmatched,,False,False,missing,other,missing,2024-12-27,,
jaspionjader/Kosmos-EVAA-v9-8B,False,unmatched,,False,False,missing,other,missing,2024-12-27,,
jaspionjader/Kosmos-EVAA-v9-TitanFusion-Mix-8B,False,unmatched,,False,False,missing,other,missing,2024-12-27,,
jaspionjader/Kosmos-Elusive-8b,False,unmatched,,False,False,missing,other,missing,2024-12-27,,
jaspionjader/Kosmos-Elusive-VENN-8B,False,unmatched,,False,False,missing,other,missing,2024-12-27,,
jaspionjader/Kosmos-Elusive-VENN-Asymmetric-8B,False,unmatched,,False,False,missing,other,missing,2024-12-27,,
jaspionjader/Kosmos-Elusive-VENN-Aurora_faustus-8B,False,unmatched,,False,False,missing,other,missing,2024-12-27,,
jaspionjader/Kosmos-VENN-8B,False,unmatched,,False,False,missing,other,missing,2024-12-27,,
jaspionjader/PRP-Kosmos-EVAA-8B,False,unmatched,,False,False,missing,other,missing,2024-12-29,,
jaspionjader/PRP-Kosmos-EVAA-light-8B,False,unmatched,,False,False,missing,other,missing,2024-12-29,,
jaspionjader/TSN-Kosmos-EVAA-8B,False,unmatched,,False,False,missing,other,missing,2024-12-28,,
jaspionjader/TSN-Kosmos-EVAA-v2-8B,False,unmatched,,False,False,missing,other,missing,2024-12-28,,
jaspionjader/bbb-1,False,unmatched,,False,False,missing,other,missing,2025-01-17,,
jaspionjader/bbb-2,False,unmatched,,False,False,missing,other,missing,2025-01-17,,
jaspionjader/bbb-3,False,unmatched,,False,False,missing,other,missing,2025-01-17,,
jaspionjader/bbb-4,False,unmatched,,False,False,missing,other,missing,2025-01-17,,
jaspionjader/bbb-5,False,unmatched,,False,False,missing,other,missing,2025-01-17,,
jaspionjader/bbb-6,False,unmatched,,False,False,missing,other,missing,2025-01-17,,
jaspionjader/bbb-7,False,unmatched,,False,False,missing,other,missing,2025-01-17,,
jaspionjader/bh-1,False,unmatched,,False,False,missing,other,missing,2025-02-02,,
jaspionjader/bh-10,False,unmatched,,False,False,missing,other,missing,2025-02-02,,
jaspionjader/bh-11,False,unmatched,,False,False,missing,other,missing,2025-02-02,,
jaspionjader/bh-12,False,unmatched,,False,False,missing,other,missing,2025-02-02,,
jaspionjader/bh-13,False,unmatched,,False,False,missing,other,missing,2025-02-02,,
jaspionjader/bh-15,False,unmatched,,False,False,missing,other,missing,2025-02-02,,
jaspionjader/bh-16,False,unmatched,,False,False,missing,other,missing,2025-02-02,,
jaspionjader/bh-17,False,unmatched,,False,False,missing,other,missing,2025-02-02,,
jaspionjader/bh-18,False,unmatched,,False,False,missing,other,missing,2025-02-02,,
jaspionjader/bh-19,False,unmatched,,False,False,missing,other,missing,2025-02-02,,
jaspionjader/bh-2,False,unmatched,,False,False,missing,other,missing,2025-02-02,,
jaspionjader/bh-20,False,unmatched,,False,False,missing,other,missing,2025-02-02,,
jaspionjader/bh-21,False,unmatched,,False,False,missing,other,missing,2025-02-02,,
jaspionjader/bh-22,False,unmatched,,False,False,missing,other,missing,2025-02-02,,
jaspionjader/bh-23,False,unmatched,,False,False,missing,other,missing,2025-02-03,,
jaspionjader/bh-24,False,unmatched,,False,False,missing,other,missing,2025-02-03,,
jaspionjader/bh-25,False,unmatched,,False,False,missing,other,missing,2025-02-03,,
jaspionjader/bh-26,False,unmatched,,False,False,missing,other,missing,2025-02-03,,
jaspionjader/bh-27,False,unmatched,,False,False,missing,other,missing,2025-02-03,,
jaspionjader/bh-28,False,unmatched,,False,False,missing,other,missing,2025-02-03,,
jaspionjader/bh-29,False,unmatched,,False,False,missing,other,missing,2025-02-03,,
jaspionjader/bh-3,False,unmatched,,False,False,missing,other,missing,2025-02-02,,
jaspionjader/bh-30,False,unmatched,,False,False,missing,other,missing,2025-02-03,,
jaspionjader/bh-31,False,unmatched,,False,False,missing,other,missing,2025-02-03,,
jaspionjader/bh-32,False,unmatched,,False,False,missing,other,missing,2025-02-03,,
jaspionjader/bh-33,False,unmatched,,False,False,missing,other,missing,2025-02-03,,
jaspionjader/bh-34,False,unmatched,,False,False,missing,other,missing,2025-02-03,,
jaspionjader/bh-35,False,unmatched,,False,False,missing,other,missing,2025-02-03,,
jaspionjader/bh-36,False,unmatched,,False,False,missing,other,missing,2025-02-03,,
jaspionjader/bh-37,False,unmatched,,False,False,missing,other,missing,2025-02-03,,
jaspionjader/bh-38,False,unmatched,,False,False,missing,other,missing,2025-02-03,,
jaspionjader/bh-39,False,unmatched,,False,False,missing,other,missing,2025-02-03,,
jaspionjader/bh-4,False,unmatched,,False,False,missing,other,missing,2025-02-02,,
jaspionjader/bh-40,False,unmatched,,False,False,missing,other,missing,2025-02-03,,
jaspionjader/bh-41,False,unmatched,,False,False,missing,other,missing,2025-02-03,,
jaspionjader/bh-42,False,unmatched,,False,False,missing,other,missing,2025-02-03,,
jaspionjader/bh-43,False,unmatched,,False,False,missing,other,missing,2025-02-03,,
jaspionjader/bh-44,False,unmatched,,False,False,missing,other,missing,2025-02-03,,
jaspionjader/bh-46,False,unmatched,,False,False,missing,other,missing,2025-02-03,,
jaspionjader/bh-47,False,unmatched,,False,False,missing,other,missing,2025-02-03,,
jaspionjader/bh-48,False,unmatched,,False,False,missing,other,missing,2025-02-03,,
jaspionjader/bh-49,False,unmatched,,False,False,missing,other,missing,2025-02-03,,
jaspionjader/bh-5,False,unmatched,,False,False,missing,other,missing,2025-02-02,,
jaspionjader/bh-50,False,unmatched,,False,False,missing,other,missing,2025-02-03,,
jaspionjader/bh-51,False,unmatched,,False,False,missing,other,missing,2025-02-03,,
jaspionjader/bh-52,False,unmatched,,False,False,missing,other,missing,2025-02-03,,
jaspionjader/bh-53,False,unmatched,,False,False,missing,other,missing,2025-02-03,,
jaspionjader/bh-54,False,unmatched,,False,False,missing,other,missing,2025-02-03,,
jaspionjader/bh-55,False,unmatched,,False,False,missing,other,missing,2025-02-03,,
jaspionjader/bh-56,False,unmatched,,False,False,missing,other,missing,2025-02-03,,
jaspionjader/bh-57,False,unmatched,,False,False,missing,other,missing,2025-02-03,,
jaspionjader/bh-58,False,unmatched,,False,False,missing,other,missing,2025-02-03,,
jaspionjader/bh-59,False,unmatched,,False,False,missing,other,missing,2025-02-05,,
jaspionjader/bh-6,False,unmatched,,False,False,missing,other,missing,2025-02-02,,
jaspionjader/bh-60,False,unmatched,,False,False,missing,other,missing,2025-02-06,,
jaspionjader/bh-61,False,unmatched,,False,False,missing,other,missing,2025-02-06,,
jaspionjader/bh-62,False,unmatched,,False,False,missing,other,missing,2025-02-06,,
jaspionjader/bh-63,False,unmatched,,False,False,missing,other,missing,2025-02-18,,
jaspionjader/bh-64,False,unmatched,,False,False,missing,other,missing,2025-02-18,,
jaspionjader/bh-7,False,unmatched,,False,False,missing,other,missing,2025-02-02,,
jaspionjader/bh-8,False,unmatched,,False,False,missing,other,missing,2025-02-02,,
jaspionjader/bh-9,False,unmatched,,False,False,missing,other,missing,2025-02-02,,
jaspionjader/dp-6-8b,False,unmatched,,False,False,missing,other,missing,2025-01-02,,
jaspionjader/dp-7-8b,False,unmatched,,False,False,missing,other,missing,2025-01-02,,
jaspionjader/ek-6,False,unmatched,,False,False,missing,other,missing,2025-01-23,,
jaspionjader/ek-7,False,unmatched,,False,False,missing,other,missing,2025-01-23,,
jaspionjader/f-1-8b,False,unmatched,,False,False,missing,other,missing,2025-01-01,,
jaspionjader/f-2-8b,False,unmatched,,False,False,missing,other,missing,2025-01-01,,
jaspionjader/f-3-8b,False,unmatched,,False,False,missing,other,missing,2025-01-01,,
jaspionjader/f-4-8b,False,unmatched,,False,False,missing,other,missing,2025-01-01,,
jaspionjader/f-5-8b,False,unmatched,,False,False,missing,other,missing,2025-01-01,,
jaspionjader/f-6-8b,False,unmatched,,False,False,missing,other,missing,2025-01-02,,
jaspionjader/f-7-8b,False,unmatched,,False,False,missing,other,missing,2025-01-02,,
jaspionjader/f-8-8b,False,unmatched,,False,False,missing,other,missing,2025-01-02,,
jaspionjader/f-9-8b,False,unmatched,,False,False,missing,other,missing,2025-01-02,,
jaspionjader/fct-14-8b,False,unmatched,,False,False,missing,other,missing,2025-01-04,,
jaspionjader/fct-9-8b,False,unmatched,,False,False,missing,other,missing,2025-01-04,,
jaspionjader/fr-1-8b,False,unmatched,,False,False,missing,other,missing,2025-01-05,,
jaspionjader/fr-10-8b,False,unmatched,,False,False,missing,other,missing,2025-01-05,,
jaspionjader/fr-3-8b,False,unmatched,,False,False,missing,other,missing,2025-01-05,,
jaspionjader/gamma-Kosmos-EVAA-8B,False,unmatched,,False,False,missing,other,missing,2024-12-28,,
jaspionjader/gamma-Kosmos-EVAA-v2-8B,False,unmatched,,False,False,missing,other,missing,2024-12-28,,
jaspionjader/gamma-Kosmos-EVAA-v3-8B,False,unmatched,,False,False,missing,other,missing,2024-12-28,,
jaspionjader/knf-2-8b,False,unmatched,,False,False,missing,other,missing,2025-01-14,,
jaspionjader/knfp-2-8b,False,unmatched,,False,False,missing,other,missing,2025-01-15,,
jaspionjader/knfp-3-8b,False,unmatched,,False,False,missing,other,missing,2025-01-15,,
jaspionjader/kstc-1-8b,False,unmatched,,False,False,missing,other,missing,2025-01-16,,
jaspionjader/kstc-11-8b,False,unmatched,,False,False,missing,other,missing,2025-01-16,,
jaspionjader/kstc-4-8b,False,unmatched,,False,False,missing,other,missing,2025-01-16,,
jaspionjader/kstc-5-8b,False,unmatched,,False,False,missing,other,missing,2025-01-17,,
jaspionjader/kstc-6-8b,False,unmatched,,False,False,missing,other,missing,2025-01-16,,
jaspionjader/kstc-8-8b,False,unmatched,,False,False,missing,other,missing,2025-01-16,,
jaspionjader/kstc-9-8b,False,unmatched,,False,False,missing,other,missing,2025-01-16,,
jaspionjader/slu-10,False,unmatched,,False,False,missing,other,missing,2025-02-02,,
jaspionjader/slu-11,False,unmatched,,False,False,missing,other,missing,2025-02-02,,
jaspionjader/slu-13,False,unmatched,,False,False,missing,other,missing,2025-02-02,,
jaspionjader/slu-14,False,unmatched,,False,False,missing,other,missing,2025-02-02,,
jaspionjader/slu-17,False,unmatched,,False,False,missing,other,missing,2025-02-02,,
jaspionjader/slu-2,False,unmatched,,False,False,missing,other,missing,2025-02-02,,
jaspionjader/slu-20,False,unmatched,,False,False,missing,chat_finetuned,missing,2025-02-02,,
jaspionjader/slu-22,False,unmatched,,False,False,missing,other,missing,2025-02-02,,
jaspionjader/slu-23,False,unmatched,,False,False,missing,other,missing,2025-02-02,,
jaspionjader/slu-25,False,unmatched,,False,False,missing,other,missing,2025-02-02,,
jaspionjader/slu-29,False,unmatched,,False,False,missing,other,missing,2025-02-02,,
jaspionjader/slu-32,False,unmatched,,False,False,missing,other,missing,2025-02-02,,
jaspionjader/slu-33,False,unmatched,,False,False,missing,other,missing,2025-02-02,,
jaspionjader/slu-34,False,unmatched,,False,False,missing,other,missing,2025-02-02,,
jaspionjader/slu-35,False,unmatched,,False,False,missing,other,missing,2025-02-02,,
jaspionjader/slu-36,False,unmatched,,False,False,missing,other,missing,2025-02-02,,
jaspionjader/slu-37,False,unmatched,,False,False,missing,other,missing,2025-02-02,,
jaspionjader/slu-6,False,unmatched,,False,False,missing,other,missing,2025-02-02,,
jaspionjader/slu-mix-1,False,unmatched,,False,False,missing,other,missing,2025-02-02,,
jaspionjader/sof-1,False,unmatched,,False,False,missing,other,missing,2025-01-26,,
jaspionjader/sof-10,False,unmatched,,False,False,missing,other,missing,2025-01-26,,
jaspionjader/sof-3,False,unmatched,,False,False,missing,chat_finetuned,missing,2025-01-26,,
jaspionjader/sof-6,False,unmatched,,False,False,missing,other,missing,2025-01-26,,
jaspionjader/test-10,False,unmatched,,False,False,missing,other,missing,2024-12-31,,
jaspionjader/test-11,False,unmatched,,False,False,missing,other,missing,2024-12-31,,
jaspionjader/test-12,False,unmatched,,False,False,missing,other,missing,2025-01-01,,
jaspionjader/test-13,False,unmatched,,False,False,missing,other,missing,2025-01-01,,
jaspionjader/test-14,False,unmatched,,False,False,missing,other,missing,2025-01-01,,
jaspionjader/test-15,False,unmatched,,False,False,missing,other,missing,2025-01-01,,
jaspionjader/test-16,False,unmatched,,False,False,missing,other,missing,2025-01-01,,
jaspionjader/test-17,False,unmatched,,False,False,missing,other,missing,2025-01-01,,
jaspionjader/test-18,False,unmatched,,False,False,missing,other,missing,2025-01-01,,
jaspionjader/test-19,False,unmatched,,False,False,missing,other,missing,2025-01-01,,
jaspionjader/test-20,False,unmatched,,False,False,missing,other,missing,2025-01-01,,
jayasuryajsk/Qwen2.5-3B-reasoner,False,unmatched,,False,False,permissive,chat_finetuned,missing,2025-02-07,,
jeanmichela/o-distil-qwen,False,unmatched,,False,False,missing,other,missing,2025-02-24,,
jebcarter/psyonic-cetacean-20B,False,unmatched,,False,False,unclear,other,missing,2024-06-30,,
jebish7/Llama-3-Nanda-10B-Chat,False,unmatched,,False,False,missing,pretrained,missing,2025-02-08,,
jebish7/Llama-3.1-8B-Instruct,False,unmatched,,False,False,custom,pretrained,missing,2025-02-06,,
jebish7/Nemotron-4-Mini-Hindi-4B-Base,False,unmatched,,False,False,missing,pretrained,missing,2025-02-06,,
jebish7/Nemotron-4-Mini-Hindi-4B-Instruct,False,unmatched,,False,False,missing,pretrained,missing,2025-02-06,,
jebish7/Nemotron-Mini-4B-Instruct,False,unmatched,,False,False,missing,pretrained,missing,2025-02-06,,
jebish7/aya-expanse-8b,False,normalized_exact_owner_mismatch,,False,False,research-only,pretrained,missing,2025-02-06,,
jebish7/gemma-2-2b-it,False,unmatched,,False,False,custom,pretrained,missing,2025-02-06,,
jebish7/gemma-2-9b-it,False,unmatched,,False,False,custom,pretrained,missing,2025-02-06,,
jebish7/qwen2.5-0.5B-IHA-Hin,False,unmatched,,False,False,missing,chat_finetuned,missing,2025-02-11,,
jeffmeloy/Qwen-7B-nerd-uncensored-v1.0,False,unmatched,,False,False,permissive,chat_finetuned,missing,2024-10-30,,
jeffmeloy/Qwen2.5-7B-minperplexity-2,False,unmatched,,False,False,permissive,chat_finetuned,missing,2024-12-03,,
jeffmeloy/Qwen2.5-7B-nerd-uncensored-v0.9,False,unmatched,,False,False,permissive,chat_finetuned,missing,2024-11-13,,
jeffmeloy/Qwen2.5-7B-nerd-uncensored-v1.0,False,unmatched,,False,False,permissive,other,missing,2024-11-14,,
jeffmeloy/Qwen2.5-7B-nerd-uncensored-v1.1,False,unmatched,,False,False,permissive,chat_finetuned,missing,2024-11-09,,
jeffmeloy/Qwen2.5-7B-nerd-uncensored-v1.2,False,unmatched,,False,False,permissive,chat_finetuned,missing,2024-11-09,,
jeffmeloy/Qwen2.5-7B-nerd-uncensored-v1.3,False,unmatched,,False,False,permissive,chat_finetuned,missing,2024-11-09,,
jeffmeloy/Qwen2.5-7B-nerd-uncensored-v1.4,False,unmatched,,False,False,permissive,chat_finetuned,missing,2024-11-17,,
jeffmeloy/Qwen2.5-7B-nerd-uncensored-v1.5,False,unmatched,,False,False,permissive,chat_finetuned,missing,2024-11-17,,
jeffmeloy/Qwen2.5-7B-nerd-uncensored-v1.7,False,unmatched,,False,False,permissive,chat_finetuned,missing,2024-11-17,,
jeffmeloy/Qwen2.5-7B-nerd-uncensored-v1.8,False,unmatched,,False,False,permissive,chat_finetuned,missing,2025-01-17,,
jeffmeloy/Qwen2.5-7B-olm-v1.0,False,unmatched,,False,False,permissive,chat_finetuned,missing,2024-12-12,,
jeffmeloy/Qwen2.5-7B-olm-v1.1,False,unmatched,,False,False,permissive,chat_finetuned,missing,2024-12-29,,
jeffmeloy/Qwen2.5-7B-olm-v1.2,False,unmatched,,False,False,permissive,chat_finetuned,missing,2025-01-01,,
jeffmeloy/Qwen2.5-7B-olm-v1.3,False,unmatched,,False,False,permissive,chat_finetuned,missing,2025-01-18,,
jeffmeloy/Qwen2.5-7B-olm-v1.4,False,unmatched,,False,False,permissive,chat_finetuned,missing,2025-01-30,,
jeffmeloy/Qwen2.5-7B-olm-v1.5,False,unmatched,,False,False,permissive,other,missing,2025-02-27,,
jeffmeloy/jeffmeloy_Qwen2.5-7B-minperplexity-1,False,unmatched,,False,False,permissive,chat_finetuned,missing,2024-11-27,,
jeonsworld/CarbonVillain-en-10.7B-v4,False,unmatched,,False,False,research-only,other,missing,2024-07-25,,
jiangxinyang-shanda/Homer-LLama3-8B,False,unmatched,,False,False,missing,chat_finetuned,missing,2024-11-08,,
jieliu/Storm-7B,False,unmatched,,False,False,permissive,chat_finetuned,missing,2024-06-26,,
jiviai/medX_v2,False,unmatched,,False,False,permissive,chat_finetuned,missing,2025-01-30,,
jlzhou/Qwen2.5-3B-Infinity-Instruct-0625,False,unmatched,,False,False,unclear,chat_finetuned,missing,2025-02-07,,
johnsutor/Llama-3-8B-Instruct_breadcrumbs-density-0.1-gamma-0.01,False,unmatched,,False,False,permissive,other,missing,2024-06-26,,
johnsutor/Llama-3-8B-Instruct_breadcrumbs-density-0.1-gamma-0.1,False,unmatched,,False,False,permissive,other,missing,2024-06-26,,
johnsutor/Llama-3-8B-Instruct_breadcrumbs-density-0.3-gamma-0.01,False,unmatched,,False,False,permissive,other,missing,2024-06-26,,
johnsutor/Llama-3-8B-Instruct_breadcrumbs-density-0.3-gamma-0.1,False,unmatched,,False,False,permissive,other,missing,2024-06-26,,
johnsutor/Llama-3-8B-Instruct_breadcrumbs-density-0.5-gamma-0.01,False,unmatched,,False,False,permissive,other,missing,2024-06-26,,
johnsutor/Llama-3-8B-Instruct_breadcrumbs-density-0.5-gamma-0.1,False,unmatched,,False,False,permissive,other,missing,2024-06-26,,
johnsutor/Llama-3-8B-Instruct_breadcrumbs-density-0.7-gamma-0.01,False,unmatched,,False,False,permissive,other,missing,2024-06-26,,
johnsutor/Llama-3-8B-Instruct_breadcrumbs-density-0.7-gamma-0.1,False,unmatched,,False,False,permissive,other,missing,2024-06-26,,
johnsutor/Llama-3-8B-Instruct_breadcrumbs-density-0.9-gamma-0.01,False,unmatched,,False,False,permissive,other,missing,2024-06-26,,
johnsutor/Llama-3-8B-Instruct_breadcrumbs-density-0.9-gamma-0.1,False,unmatched,,False,False,permissive,other,missing,2024-06-26,,
johnsutor/Llama-3-8B-Instruct_breadcrumbs_ties-density-0.1-gamma-0.01,False,unmatched,,False,False,permissive,other,missing,2024-06-26,,
johnsutor/Llama-3-8B-Instruct_breadcrumbs_ties-density-0.1-gamma-0.1,False,unmatched,,False,False,permissive,other,missing,2024-06-26,,
johnsutor/Llama-3-8B-Instruct_breadcrumbs_ties-density-0.3-gamma-0.01,False,unmatched,,False,False,permissive,other,missing,2024-06-26,,
johnsutor/Llama-3-8B-Instruct_breadcrumbs_ties-density-0.3-gamma-0.1,False,unmatched,,False,False,permissive,other,missing,2024-06-26,,
johnsutor/Llama-3-8B-Instruct_breadcrumbs_ties-density-0.5-gamma-0.01,False,unmatched,,False,False,permissive,other,missing,2024-06-26,,
johnsutor/Llama-3-8B-Instruct_breadcrumbs_ties-density-0.5-gamma-0.1,False,unmatched,,False,False,permissive,other,missing,2024-06-26,,
johnsutor/Llama-3-8B-Instruct_breadcrumbs_ties-density-0.7-gamma-0.01,False,unmatched,,False,False,permissive,other,missing,2024-06-26,,
johnsutor/Llama-3-8B-Instruct_breadcrumbs_ties-density-0.7-gamma-0.1,False,unmatched,,False,False,permissive,other,missing,2024-06-26,,
johnsutor/Llama-3-8B-Instruct_breadcrumbs_ties-density-0.9-gamma-0.01,False,unmatched,,False,False,permissive,other,missing,2024-06-26,,
johnsutor/Llama-3-8B-Instruct_breadcrumbs_ties-density-0.9-gamma-0.1,False,unmatched,,False,False,permissive,other,missing,2024-06-26,,
johnsutor/Llama-3-8B-Instruct_dare_linear,False,unmatched,,False,False,permissive,other,missing,2024-06-26,,
johnsutor/Llama-3-8B-Instruct_dare_ties-density-0.1,False,unmatched,,False,False,permissive,other,missing,2024-06-26,,
johnsutor/Llama-3-8B-Instruct_dare_ties-density-0.3,False,unmatched,,False,False,permissive,other,missing,2024-06-26,,
johnsutor/Llama-3-8B-Instruct_dare_ties-density-0.7,False,unmatched,,False,False,permissive,other,missing,2024-06-26,,
johnsutor/Llama-3-8B-Instruct_dare_ties-density-0.9,False,unmatched,,False,False,permissive,other,missing,2024-06-26,,
johnsutor/Llama-3-8B-Instruct_linear,False,unmatched,,False,False,permissive,other,missing,2024-06-26,,
johnsutor/Llama-3-8B-Instruct_ties-density-0.1,False,unmatched,,False,False,permissive,other,missing,2024-06-26,,
johnsutor/Llama-3-8B-Instruct_ties-density-0.3,False,unmatched,,False,False,permissive,other,missing,2024-06-26,,
johnsutor/Llama-3-8B-Instruct_ties-density-0.5,False,unmatched,,False,False,permissive,other,missing,2024-06-26,,
johnsutor/Llama-3-8B-Instruct_ties-density-0.7,False,unmatched,,False,False,permissive,other,missing,2024-06-26,,
johnsutor/Llama-3-8B-Instruct_ties-density-0.9,False,unmatched,,False,False,permissive,other,missing,2024-06-26,,
jpacifico/Chocolatine-14B-Instruct-4k-DPO,False,unmatched,,False,False,permissive,chat_finetuned,missing,2024-08-08,,
jpacifico/Chocolatine-14B-Instruct-DPO-v1.2,False,unmatched,,False,False,permissive,chat_finetuned,missing,2024-08-28,,
jpacifico/Chocolatine-14B-Instruct-DPO-v1.3,False,unmatched,,False,False,permissive,chat_finetuned,missing,2025-01-20,,
jpacifico/Chocolatine-2-14B-Instruct-DPO-v2.0b1,False,unmatched,,False,False,missing,chat_finetuned,missing,2025-01-22,,
jpacifico/Chocolatine-2-14B-Instruct-v2.0,False,unmatched,,False,False,permissive,chat_finetuned,missing,2025-02-05,,
jpacifico/Chocolatine-2-14B-Instruct-v2.0.1,False,unmatched,,False,False,missing,chat_finetuned,missing,2025-02-03,,
jpacifico/Chocolatine-2-14B-Instruct-v2.0.3,False,unmatched,,False,False,permissive,chat_finetuned,missing,2025-02-06,,
jpacifico/Chocolatine-2-14B-Instruct-v2.0b2,False,unmatched,,False,False,permissive,chat_finetuned,missing,2025-01-24,,
jpacifico/Chocolatine-2-14B-Instruct-v2.0b3,False,unmatched,,False,False,permissive,chat_finetuned,missing,2025-01-27,,
jpacifico/Chocolatine-3B-Instruct-DPO-Revised,False,unmatched,,False,False,permissive,chat_finetuned,missing,2024-07-19,,
jpacifico/Chocolatine-3B-Instruct-DPO-v1.0,False,unmatched,,False,False,permissive,chat_finetuned,missing,2024-07-11,,
jpacifico/Chocolatine-3B-Instruct-DPO-v1.2,False,unmatched,,False,False,permissive,chat_finetuned,missing,2024-08-28,,
jpacifico/Distilucie-7B-Math-Instruct-DPO-v0.1,False,unmatched,,False,False,permissive,chat_finetuned,missing,2025-03-02,,
jpacifico/Lucie-7B-Instruct-DPO-v1.1,False,unmatched,,False,False,permissive,chat_finetuned,missing,2025-02-25,,
jpacifico/Lucie-7B-Instruct-DPO-v1.1.3,False,unmatched,,False,False,missing,chat_finetuned,missing,2025-03-04,,
jpacifico/Lucie-7B-Instruct-Merged-Model_Stock-v1.0,False,unmatched,,False,False,missing,other,missing,2025-02-26,,
jpacifico/Lucie-7B-Instruct-Merged-Model_Stock-v1.1,False,unmatched,,False,False,missing,other,missing,2025-03-02,,
jpacifico/Lucie-Boosted-7B-Instruct,False,unmatched,,False,False,permissive,chat_finetuned,missing,2025-01-27,,
jsfs11/L3-8B-Stheno-slerp,False,unmatched,,False,False,missing,other,missing,2025-01-07,,
jsfs11/MixtureofMerges-MoE-4x7b-v4,False,unmatched,,False,False,permissive,other,missing,2024-08-05,,
jsfs11/MixtureofMerges-MoE-4x7b-v5,False,unmatched,,False,False,permissive,other,missing,2024-08-05,,
kaist-ai/janus-7b,False,unmatched,,False,False,permissive,chat_finetuned,missing,2024-10-09,,
kaist-ai/janus-dpo-7b,False,unmatched,,False,False,permissive,chat_finetuned,missing,2024-10-09,,
kaist-ai/janus-rm-7b,False,unmatched,,False,False,permissive,chat_finetuned,missing,2024-10-09,,
kaist-ai/mistral-orpo-capybara-7k,False,unmatched,,False,False,permissive,chat_finetuned,missing,2024-10-09,,
kavonalds/BunderMaxx-0710,False,unmatched,,False,False,missing,other,missing,2025-02-26,,
kavonalds/BunderMaxx-0710,False,unmatched,,False,False,missing,other,missing,2025-02-26,,
kavonalds/BunderMaxx-1010,False,unmatched,,False,False,missing,other,missing,2025-02-26,,
kavonalds/Lancer-1-1b-Instruct,False,unmatched,,False,False,missing,chat_finetuned,missing,2025-02-16,,
kayfour/T3Q-Qwen2.5-7B-it-KOR-Safe,False,unmatched,,False,False,permissive,chat_finetuned,missing,2025-02-20,,
keeeeenw/MicroLlama,False,unmatched,,False,False,permissive,pretrained,missing,2024-09-15,,
kekmodel/StopCarbon-10.7B-v5,False,unmatched,,False,False,research-only,other,missing,2024-07-25,,
kevin009/llamaRAGdrama,False,unmatched,,False,False,permissive,chat_finetuned,missing,2024-06-26,,
khoantap/cheap-moe-merge,False,unmatched,,False,False,missing,other,missing,2025-01-21,,
khoantap/llama-3-8b-stock-merge,False,unmatched,,False,False,missing,chat_finetuned,missing,2025-01-21,,
khoantap/llama-breadcrumbs-ties-merge,False,unmatched,,False,False,missing,other,missing,2025-01-21,,
khoantap/llama-evolve-ties-best-merge,False,unmatched,,False,False,missing,other,missing,2025-01-21,,
khoantap/llama-linear-0.5-0.5-1-merge,False,unmatched,,False,False,missing,chat_finetuned,missing,2025-01-21,,
khoantap/llama-linear-0.5-1-0.5-merge,False,unmatched,,False,False,missing,chat_finetuned,missing,2025-01-21,,
khoantap/llama-linear-1-0.5-0.5-merge,False,unmatched,,False,False,missing,other,missing,2025-01-21,,
khoantap/llama-slerp-merge,False,unmatched,,False,False,missing,other,missing,2025-01-21,,
khoantap/moe-out-merge,False,unmatched,,False,False,missing,other,missing,2025-01-21,,
khulaifi95/Llama-3.1-8B-Reason-Blend-888k,False,unmatched,,False,False,unclear,chat_finetuned,missing,2024-12-27,,
kms7530/chemeng_llama-3-8b-Instruct-bnb-4bit_24_1_100_1,False,unmatched,,False,False,permissive,chat_finetuned,missing,2024-10-14,,
kms7530/chemeng_phi-3-mini-4k-instruct-bnb-4bit_16_4_100_1_nonmath,False,unmatched,,False,False,permissive,chat_finetuned,missing,2024-11-25,,
kms7530/chemeng_qwen-math-7b_24_1_100_1,False,unmatched,,False,False,permissive,chat_finetuned,missing,2024-10-14,,
kms7530/chemeng_qwen-math-7b_24_1_100_1_nonmath,False,unmatched,,False,False,permissive,chat_finetuned,missing,2024-11-22,,
kno10/ende-chat-0.0.5,False,unmatched,,False,False,permissive,chat_finetuned,missing,2024-06-27,,
kno10/ende-chat-0.0.7,False,unmatched,,False,False,permissive,chat_finetuned,missing,2024-07-30,,
kyutai/helium-1-preview-2b,False,unmatched,,False,False,custom,pretrained,missing,2025-01-14,,
kz919/QwQ-0.5B-Distilled-SFT,False,unmatched,,False,False,permissive,chat_finetuned,missing,2025-01-10,,
ladydaina/ECE-FDF,False,unmatched,,False,False,missing,other,missing,2024-11-14,,
laislemke/LLaMA-2-vicuna-7b-slerp,False,unmatched,,False,False,custom,other,missing,2024-07-03,,
lalainy/ECE-PRYMMAL-0.5B-FT-V5-MUSR,False,unmatched,,False,False,permissive,chat_finetuned,missing,2024-10-22,,
lalainy/ECE-PRYMMAL-0.5B-SLERP-V4,False,unmatched,,False,False,permissive,other,missing,2024-10-22,,
lalainy/ECE-PRYMMAL-YL-0.5B-SLERP-BIS-V1,False,unmatched,,False,False,permissive,other,missing,2024-11-12,,
lalainy/ECE-PRYMMAL-YL-1B-SLERP-V3,False,unmatched,,False,False,permissive,other,missing,2024-11-12,,
lalainy/ECE-PRYMMAL-YL-1B-SLERP-V4,False,unmatched,,False,False,permissive,other,missing,2024-11-12,,
lalainy/ECE-PRYMMAL-YL-6B-SLERP-V1,False,unmatched,,False,False,permissive,other,missing,2024-11-08,,
lalainy/ECE-PRYMMAL-YL-6B-SLERP-V2,False,unmatched,,False,False,permissive,other,missing,2024-11-09,,
langgptai/Qwen-las-v0.1,False,unmatched,,False,False,unclear,chat_finetuned,missing,2024-06-27,,
langgptai/qwen1.5-7b-chat-sa-v0.1,False,unmatched,,False,False,unclear,chat_finetuned,missing,2024-06-27,,
lars1234/Mistral-Small-24B-Instruct-2501-writer,False,unmatched,,False,False,permissive,chat_finetuned,missing,2025-03-07,,
leafspark/Llama-3.1-8B-MultiReflection-Instruct,False,unmatched,,False,False,custom,chat_finetuned,missing,2024-09-15,,
lemon07r/Gemma-2-Ataraxy-9B,False,unmatched,,False,False,custom,chat_finetuned,missing,2024-08-27,,
lemon07r/Gemma-2-Ataraxy-Advanced-9B,False,unmatched,,False,False,missing,chat_finetuned,missing,2024-09-30,,
lemon07r/Gemma-2-Ataraxy-Remix-9B,False,unmatched,,False,False,missing,chat_finetuned,missing,2024-09-30,,
lemon07r/Gemma-2-Ataraxy-v2-9B,False,unmatched,,False,False,missing,chat_finetuned,missing,2024-09-28,,
lemon07r/Gemma-2-Ataraxy-v2a-9B,False,unmatched,,False,False,missing,chat_finetuned,missing,2024-09-29,,
lemon07r/Gemma-2-Ataraxy-v2f-9B,False,unmatched,,False,False,missing,chat_finetuned,missing,2024-09-30,,
lemon07r/Gemma-2-Ataraxy-v3-Advanced-9B,False,unmatched,,False,False,missing,chat_finetuned,missing,2024-10-09,,
lemon07r/Gemma-2-Ataraxy-v3b-9B,False,unmatched,,False,False,missing,chat_finetuned,missing,2024-10-08,,
lemon07r/Gemma-2-Ataraxy-v3i-9B,False,unmatched,,False,False,missing,chat_finetuned,missing,2024-10-06,,
lemon07r/Gemma-2-Ataraxy-v3j-9B,False,unmatched,,False,False,missing,chat_finetuned,missing,2024-10-09,,
lemon07r/Gemma-2-Ataraxy-v4-Advanced-9B,False,unmatched,,False,False,missing,other,missing,2024-10-14,,
lemon07r/Gemma-2-Ataraxy-v4a-Advanced-9B,False,unmatched,,False,False,missing,other,missing,2024-10-14,,
lemon07r/Gemma-2-Ataraxy-v4b-9B,False,unmatched,,False,False,missing,chat_finetuned,missing,2024-10-22,,
lemon07r/Gemma-2-Ataraxy-v4c-9B,False,unmatched,,False,False,missing,other,missing,2024-10-16,,
lemon07r/Gemma-2-Ataraxy-v4d-9B,False,unmatched,,False,False,custom,other,missing,2024-10-25,,
lemon07r/Llama-3-RedMagic4-8B,False,unmatched,,False,False,custom,chat_finetuned,missing,2024-06-26,,
lemon07r/llama-3-NeuralMahou-8b,False,unmatched,,False,False,custom,chat_finetuned,missing,2024-06-26,,
lesubra/ECE-EIFFEL-3B,False,unmatched,,False,False,permissive,other,missing,2024-10-01,,
lesubra/ECE-EIFFEL-3Bv2,False,unmatched,,False,False,permissive,other,missing,2024-10-03,,
lesubra/ECE-EIFFEL-3Bv3,False,unmatched,,False,False,permissive,other,missing,2024-10-07,,
lesubra/ECE-PRYMMAL-3B-SLERP-V1,False,unmatched,,False,False,permissive,other,missing,2024-10-28,,
lesubra/ECE-PRYMMAL-3B-SLERP-V2,False,unmatched,,False,False,permissive,other,missing,2024-10-28,,
lesubra/ECE-PRYMMAL-3B-SLERP_2-V1,False,unmatched,,False,False,permissive,other,missing,2024-11-06,,
lesubra/ECE-PRYMMAL-3B-SLERP_2-V2,False,unmatched,,False,False,permissive,other,missing,2024-11-06,,
lesubra/merge-test,False,unmatched,,False,False,permissive,chat_finetuned,missing,2024-09-27,,
lightblue/suzume-llama-3-8B-multilingual,False,unmatched,,False,False,unclear,chat_finetuned,missing,2024-07-30,,
lightblue/suzume-llama-3-8B-multilingual-orpo-borda-full,False,unmatched,,False,False,research-only,chat_finetuned,missing,2024-07-29,,
lightblue/suzume-llama-3-8B-multilingual-orpo-borda-half,False,unmatched,,False,False,research-only,chat_finetuned,missing,2024-06-29,,
lightblue/suzume-llama-3-8B-multilingual-orpo-borda-top25,False,unmatched,,False,False,research-only,chat_finetuned,missing,2024-06-29,,
lightblue/suzume-llama-3-8B-multilingual-orpo-borda-top75,False,unmatched,,False,False,research-only,chat_finetuned,missing,2024-06-29,,
lkoenig/BBAI_145_,False,unmatched,,False,False,missing,other,missing,2025-02-26,,
lkoenig/BBAI_200_Gemma,False,unmatched,,False,False,missing,other,missing,2025-02-26,,
lkoenig/BBAI_212_QwenLawLo,False,unmatched,,False,False,missing,other,missing,2025-03-01,,
lkoenig/BBAI_212_Qwencore,False,unmatched,,False,False,missing,other,missing,2025-02-27,,
lkoenig/BBAI_230_Xiaqwen,False,unmatched,,False,False,missing,other,missing,2025-02-26,,
lkoenig/BBAI_375_QwenDyancabs,False,unmatched,,False,False,missing,other,missing,2025-02-27,,
lkoenig/BBAI_456_QwenKoen,False,unmatched,,False,False,missing,other,missing,2025-03-01,,
lkoenig/BBAI_7B_KoenQwenDyan,False,unmatched,,False,False,missing,other,missing,2025-03-08,,
lkoenig/BBAI_7B_Qwen2.5koen,False,unmatched,,False,False,missing,other,missing,2025-03-01,,
lkoenig/BBAI_7B_QwenDyanKoenLo,False,unmatched,,False,False,missing,other,missing,2025-03-08,,
lkoenig/BBAI_7B_QwenDyancabsLAW,False,unmatched,,False,False,missing,other,missing,2025-03-01,,
llmat/Mistral-v0.3-7B-ORPO,False,unmatched,,False,False,permissive,chat_finetuned,missing,2024-09-02,,
llmat/Mistral-v0.3-7B-ORPO,False,unmatched,,False,False,permissive,chat_finetuned,missing,2024-08-06,,
llnYou/ECE-PRYMMAL-YL-1B-SLERP-V5,False,unmatched,,False,False,permissive,other,missing,2024-11-12,,
llnYou/ECE-PRYMMAL-YL-1B-SLERP-V6,False,unmatched,,False,False,permissive,other,missing,2024-11-13,,
llnYou/ECE-PRYMMAL-YL-3B-SLERP-V1,False,unmatched,,False,False,permissive,other,missing,2024-11-13,,
llnYou/ECE-PRYMMAL-YL-3B-SLERP-V2,False,unmatched,,False,False,permissive,other,missing,2024-11-13,,
llnYou/ECE-PRYMMAL-YL-3B-SLERP-V3,False,unmatched,,False,False,permissive,other,missing,2024-11-13,,
lmsys/vicuna-13b-v1.3,False,normalized_exact_owner_mismatch,,False,False,missing,chat_finetuned,missing,2024-06-28,,
lmsys/vicuna-7b-v1.3,False,normalized_exact_owner_mismatch,,False,False,missing,chat_finetuned,missing,2024-06-28,,
lmsys/vicuna-7b-v1.5,False,normalized_exact_owner_mismatch,,False,False,custom,chat_finetuned,missing,2024-06-12,,
lodrick-the-lafted/llama-3.1-8b-instruct-ortho-v7,False,unmatched,,False,False,custom,chat_finetuned,missing,2024-07-30,,
lordjia/Llama-3-Cantonese-8B-Instruct,False,unmatched,,False,False,custom,chat_finetuned,missing,2024-08-03,,
lordjia/Qwen2-Cantonese-7B-Instruct,False,unmatched,,False,False,permissive,chat_finetuned,missing,2024-08-03,,
lt-asset/nova-1.3b,False,unmatched,,False,False,permissive,chat_finetuned,missing,2024-11-16,,
lunahr/thea-3b-50r-u1,False,unmatched,,False,False,custom,chat_finetuned,missing,2025-01-11,,
lunahr/thea-v2-3b-50r,False,unmatched,,False,False,custom,chat_finetuned,missing,2024-12-14,,
m42-health/Llama3-Med42-70B,False,unmatched,,False,False,custom,chat_finetuned,missing,2024-12-11,,
macadeliccc/Samantha-Qwen-2-7B,False,unmatched,,False,False,permissive,chat_finetuned,missing,2024-08-05,,
macadeliccc/magistrate-3.2-3b-base,False,unmatched,,False,False,custom,pretrained,missing,2024-10-01,,
macadeliccc/magistrate-3.2-3b-it,False,unmatched,,False,False,custom,chat_finetuned,missing,2024-10-01,,
magnifi/Phi3_intent_v56_3_w_unknown_5_lr_0.002,False,unmatched,,False,False,permissive,chat_finetuned,missing,2025-03-10,,
maldv/Awqward2.5-32B-Instruct,False,unmatched,,False,False,permissive,other,missing,2024-12-18,,
maldv/Lytta2.5-32B-Instruct,False,unmatched,,False,False,permissive,other,missing,2025-01-07,,
maldv/Qwentile2.5-32B-Instruct,False,unmatched,,False,False,permissive,other,missing,2024-12-19,,
maldv/badger-kappa-llama-3-8b,False,unmatched,,False,False,custom,other,missing,2024-06-27,,
maldv/badger-lambda-llama-3-8b,False,unmatched,,False,False,research-only,other,missing,2024-06-26,,
maldv/badger-mu-llama-3-8b,False,unmatched,,False,False,research-only,other,missing,2024-06-27,,
maldv/badger-writer-llama-3-8b,False,unmatched,,False,False,research-only,chat_finetuned,missing,2024-06-26,,
marcuscedricridia/Cheng-1,False,unmatched,,False,False,permissive,other,missing,2025-03-12,,
marcuscedricridia/Cheng-2,False,unmatched,,False,False,missing,other,missing,2025-03-12,,
marcuscedricridia/Cheng-2-v1.1,False,unmatched,,False,False,missing,other,missing,2025-03-12,,
marcuscedricridia/Hush-Qwen2.5-7B-MST,False,unmatched,,False,False,missing,other,missing,2025-03-09,,
marcuscedricridia/Hush-Qwen2.5-7B-MST-v1.1,False,unmatched,,False,False,missing,other,missing,2025-03-09,,
marcuscedricridia/Hush-Qwen2.5-7B-MST-v1.3,False,unmatched,,False,False,missing,other,missing,2025-03-09,,
marcuscedricridia/Hush-Qwen2.5-7B-Preview,False,unmatched,,False,False,missing,other,missing,2025-03-07,,
marcuscedricridia/Hush-Qwen2.5-7B-RP-v1.4-1M,False,unmatched,,False,False,missing,other,missing,2025-03-10,,
marcuscedricridia/Hush-Qwen2.5-7B-v1.1,False,unmatched,,False,False,missing,other,missing,2025-03-08,,
marcuscedricridia/Hush-Qwen2.5-7B-v1.2,False,unmatched,,False,False,missing,other,missing,2025-03-08,,
marcuscedricridia/Hush-Qwen2.5-7B-v1.3,False,unmatched,,False,False,missing,other,missing,2025-03-08,,
marcuscedricridia/Hush-Qwen2.5-7B-v1.4,False,unmatched,,False,False,missing,other,missing,2025-03-08,,
marcuscedricridia/Qwen2.5-7B-Preview,False,unmatched,,False,False,missing,chat_finetuned,missing,2025-03-09,,
marcuscedricridia/Yell-Qwen2.5-7B-Preview,False,unmatched,,False,False,missing,other,missing,2025-03-08,,
marcuscedricridia/Yell-Qwen2.5-7B-Preview-v1.1,False,unmatched,,False,False,missing,other,missing,2025-03-08,,
marcuscedricridia/absolute-o1-7b,False,unmatched,,False,False,missing,other,missing,2025-02-27,,
marcuscedricridia/cursa-o1-7b,False,unmatched,,False,False,missing,other,missing,2025-02-27,,
marcuscedricridia/cursa-o1-7b-2-28-2025,False,unmatched,,False,False,missing,other,missing,2025-02-27,,
marcuscedricridia/cursa-o1-7b-v1.1,False,unmatched,,False,False,missing,other,missing,2025-02-28,,
marcuscedricridia/cursa-o1-7b-v1.2-normalize-false,False,unmatched,,False,False,missing,other,missing,2025-02-28,,
marcuscedricridia/cursor-o1-7b,False,unmatched,,False,False,missing,other,missing,2025-02-26,,
marcuscedricridia/cursorr-o1.2-7b,False,unmatched,,False,False,missing,other,missing,2025-02-26,,
marcuscedricridia/etr1o-explicit-v1.1,False,unmatched,,False,False,missing,other,missing,2025-03-03,,
marcuscedricridia/etr1o-explicit-v1.2,False,unmatched,,False,False,missing,other,missing,2025-03-03,,
marcuscedricridia/etr1o-v1.1,False,unmatched,,False,False,missing,other,missing,2025-03-04,,
marcuscedricridia/etr1o-v1.2,False,unmatched,,False,False,missing,other,missing,2025-03-04,,
marcuscedricridia/fan-o1-7b,False,unmatched,,False,False,missing,other,missing,2025-02-27,,
marcuscedricridia/olmner-7b,False,unmatched,,False,False,missing,other,missing,2025-02-27,,
marcuscedricridia/olmner-della-7b,False,unmatched,,False,False,missing,other,missing,2025-02-27,,
marcuscedricridia/olmner-o1-7b,False,unmatched,,False,False,missing,other,missing,2025-02-27,,
marcuscedricridia/olmner-sbr-7b,False,unmatched,,False,False,missing,other,missing,2025-03-01,,
marcuscedricridia/post-cursa-o1,False,unmatched,,False,False,missing,other,missing,2025-02-28,,
marcuscedricridia/pre-cursa-o1,False,unmatched,,False,False,missing,other,missing,2025-02-28,,
marcuscedricridia/pre-cursa-o1-v1.2,False,unmatched,,False,False,missing,other,missing,2025-02-28,,
marcuscedricridia/pre-cursa-o1-v1.3,False,unmatched,,False,False,missing,other,missing,2025-02-28,,
marcuscedricridia/pre-cursa-o1-v1.4,False,unmatched,,False,False,missing,chat_finetuned,missing,2025-02-28,,
marcuscedricridia/pre-cursa-o1-v1.6,False,unmatched,,False,False,missing,other,missing,2025-02-28,,
marcuscedricridia/r1o-et,False,unmatched,,False,False,missing,other,missing,2025-03-02,,
marcuscedricridia/sbr-o1-7b,False,unmatched,,False,False,missing,other,missing,2025-02-27,,
marcuscedricridia/stray-r1o-et,False,unmatched,,False,False,missing,other,missing,2025-03-03,,
matouLeLoup/ECE-PRYMMAL-0.5B-FT-EnhancedMUSREnsembleV3,False,unmatched,,False,False,missing,chat_finetuned,missing,2024-11-01,,
matouLeLoup/ECE-PRYMMAL-0.5B-FT-MUSR-ENSEMBLE-V2Mathis,False,unmatched,,False,False,missing,chat_finetuned,missing,2024-10-31,,
matouLeLoup/ECE-PRYMMAL-0.5B-FT-V4-MUSR-ENSEMBLE-Mathis,False,unmatched,,False,False,missing,chat_finetuned,missing,2024-10-31,,
matouLeLoup/ECE-PRYMMAL-0.5B-FT-V4-MUSR-Mathis,False,unmatched,,False,False,missing,chat_finetuned,missing,2024-10-31,,
matouLeLoup/ECE-PRYMMAL-0.5B-FT-V5-MUSR-Mathis,False,unmatched,,False,False,missing,chat_finetuned,missing,2024-11-12,,
mattshumer/Reflection-Llama-3.1-70B,False,unmatched,,False,False,custom,chat_finetuned,missing,2024-12-25,,
mattshumer/ref_70_e3,False,unmatched,,False,False,custom,chat_finetuned,missing,2024-09-08,,
maywell/Qwen2-7B-Multilingual-RP,False,unmatched,,False,False,permissive,chat_finetuned,missing,2024-09-05,,
meditsolutions/Llama-3.1-MedIT-SUN-8B,False,unmatched,,False,False,custom,chat_finetuned,missing,2024-11-06,,
meditsolutions/Llama-3.2-SUN-1B-Instruct,False,unmatched,,False,False,custom,chat_finetuned,missing,2024-11-27,,
meditsolutions/Llama-3.2-SUN-1B-chat,False,unmatched,,False,False,custom,chat_finetuned,missing,2024-11-07,,
meditsolutions/Llama-3.2-SUN-2.4B-checkpoint-26000,False,unmatched,,False,False,custom,chat_finetuned,missing,2024-10-04,,
meditsolutions/Llama-3.2-SUN-2.4B-checkpoint-34800,False,unmatched,,False,False,custom,chat_finetuned,missing,2024-10-05,,
meditsolutions/Llama-3.2-SUN-2.4B-v1.0.0,False,unmatched,,False,False,custom,chat_finetuned,missing,2024-10-20,,
meditsolutions/Llama-3.2-SUN-2.5B-chat,False,unmatched,,False,False,custom,chat_finetuned,missing,2024-10-26,,
meditsolutions/Llama-3.2-SUN-HDIC-1B-Instruct,False,unmatched,,False,False,custom,chat_finetuned,missing,2024-12-11,,
meditsolutions/MSH-Lite-7B-v1-Bielik-v2.3-Instruct-Llama-Prune,False,unmatched,,False,False,permissive,chat_finetuned,missing,2024-11-13,,
meditsolutions/MSH-v1-Bielik-v2.3-Instruct-MedIT-merge,False,unmatched,,False,False,permissive,chat_finetuned,missing,2024-11-06,,
meditsolutions/MedIT-Mesh-3B-Instruct,False,unmatched,,False,False,permissive,chat_finetuned,missing,2024-11-01,,
meditsolutions/SmolLM2-MedIT-Upscale-2B,False,unmatched,,False,False,permissive,chat_finetuned,missing,2024-12-02,,
meetkai/functionary-small-v3.1,False,unmatched,,False,False,permissive,chat_finetuned,missing,2024-11-10,,
meraGPT/mera-mix-4x7B,False,unmatched,,False,False,permissive,other,missing,2024-06-27,,
mergekit-community/JAJUKA-WEWILLNEVERFORGETYOU-3B,False,unmatched,,False,False,missing,other,missing,2025-02-26,,
mergekit-community/SuperQwen-2.5-1.5B,False,unmatched,,False,False,missing,other,missing,2025-01-25,,
mergekit-community/VirtuosoSmall-InstructModelStock,False,unmatched,,False,False,missing,other,missing,2024-12-19,,
mergekit-community/diabolic6045_ELN-AOC-CAIN,False,unmatched,,False,False,missing,chat_finetuned,missing,2025-01-05,,
mergekit-community/mergekit-dare_ties-ajgjgea,False,unmatched,,False,False,missing,other,missing,2025-01-25,,
mergekit-community/mergekit-della-zgowfmf,False,unmatched,,False,False,missing,other,missing,2024-12-19,,
mergekit-community/mergekit-model_stock-azgztvm,False,unmatched,,False,False,missing,other,missing,2024-12-20,,
mergekit-community/mergekit-slerp-fmrazcr,False,unmatched,,False,False,missing,other,missing,2024-12-26,,
mergekit-community/mergekit-ties-rraxdhv,False,unmatched,,False,False,missing,other,missing,2025-01-26,,
mergekit-community/mergekit-ties-ykqemwr,False,unmatched,,False,False,missing,other,missing,2024-12-25,,
mergekit-community/sexeh_time_testing,False,unmatched,,False,False,missing,other,missing,2024-12-27,,
meta-llama/Llama-2-13b-chat-hf,False,unmatched,,False,False,custom,chat_finetuned,missing,2024-06-12,,
meta-llama/Llama-2-13b-hf,False,unmatched,,False,False,custom,pretrained,missing,2024-06-12,,
meta-llama/Llama-2-70b-chat-hf,False,unmatched,,False,False,custom,chat_finetuned,missing,2024-06-12,,
meta-llama/Llama-2-70b-hf,False,unmatched,,False,False,custom,pretrained,missing,2024-06-12,,
meta-llama/Llama-2-7b-chat-hf,False,unmatched,,False,False,custom,pretrained,missing,2024-08-30,,
meta-llama/Llama-2-7b-hf,False,unmatched,,False,False,custom,pretrained,missing,2024-06-12,,
meta-llama/Llama-3.1-70B,True,normalized_exact_owner,Yes,True,False,custom,pretrained,reported,2024-07-23,2024-07-23,0.0
meta-llama/Llama-3.1-70B-Instruct,False,unmatched,,False,False,custom,chat_finetuned,missing,2024-08-15,,
meta-llama/Llama-3.1-8B,True,normalized_exact_owner,Yes,True,False,custom,chat_finetuned,reported,2024-12-07,2024-07-23,137.0
meta-llama/Llama-3.1-8B-Instruct,False,unmatched,,False,False,custom,pretrained,missing,2025-02-06,,
meta-llama/Llama-3.2-1B,False,normalized_exact_owner_mismatch,,False,False,custom,pretrained,missing,2024-09-23,,
meta-llama/Llama-3.2-1B-Instruct,False,unmatched,,False,False,custom,chat_finetuned,missing,2024-09-23,,
meta-llama/Llama-3.2-3B,False,normalized_exact_owner_mismatch,,False,False,custom,pretrained,missing,2024-09-27,,
meta-llama/Llama-3.2-3B-Instruct,False,unmatched,,False,False,custom,chat_finetuned,missing,2024-09-27,,
meta-llama/Llama-3.3-70B-Instruct,False,unmatched,,False,False,custom,chat_finetuned,missing,2024-12-03,,
meta-llama/Meta-Llama-3-70B,False,unmatched,,False,False,custom,pretrained,missing,2024-06-12,,
meta-llama/Meta-Llama-3-70B-Instruct,False,unmatched,,False,False,custom,chat_finetuned,missing,2024-06-12,,
meta-llama/Meta-Llama-3-8B,False,unmatched,,False,False,custom,pretrained,missing,2024-06-12,,
meta-llama/Meta-Llama-3-8B-Instruct,False,unmatched,,False,False,custom,chat_finetuned,missing,2024-06-12,,
meta-llama/Meta-Llama-3-8B-Instruct,False,unmatched,,False,False,custom,chat_finetuned,missing,2024-07-08,,
mhl1/Qwen2.5-0.5B-cinstruct-stage1,False,unmatched,,False,False,permissive,chat_finetuned,missing,2025-01-08,,
microsoft/DialoGPT-medium,False,unmatched,,False,False,permissive,chat_finetuned,missing,2024-06-13,,
microsoft/Orca-2-13b,False,normalized_exact_owner_mismatch,,False,False,unclear,chat_finetuned,missing,2024-06-12,,
microsoft/Orca-2-7b,False,unmatched,,False,False,unclear,chat_finetuned,missing,2024-06-12,,
microsoft/Phi-3-medium-128k-instruct,False,unmatched,,False,False,permissive,chat_finetuned,missing,2024-08-21,,
microsoft/Phi-3-medium-4k-instruct,False,unmatched,,False,False,permissive,chat_finetuned,missing,2024-06-12,,
microsoft/Phi-3-mini-128k-instruct,False,unmatched,,False,False,permissive,chat_finetuned,missing,2024-08-21,,
microsoft/Phi-3-mini-4k-instruct,False,unmatched,,False,False,permissive,chat_finetuned,missing,2024-06-12,,
microsoft/Phi-3-mini-4k-instruct,False,unmatched,,False,False,permissive,chat_finetuned,missing,2024-07-02,,
microsoft/Phi-3-small-128k-instruct,False,unmatched,,False,False,permissive,chat_finetuned,missing,2024-06-13,,
microsoft/Phi-3-small-8k-instruct,False,unmatched,,False,False,permissive,chat_finetuned,missing,2024-06-13,,
microsoft/Phi-3.5-MoE-instruct,False,unmatched,,False,False,permissive,chat_finetuned,missing,2024-08-21,,
microsoft/Phi-3.5-mini-instruct,False,unmatched,,False,False,permissive,chat_finetuned,missing,2024-08-21,,
microsoft/Phi-4-mini-instruct,False,unmatched,,False,False,permissive,chat_finetuned,missing,2025-02-28,,
microsoft/phi-1,True,normalized_exact_owner,Yes,True,True,permissive,pretrained,reported,2024-06-13,2023-10-02,255.0
microsoft/phi-1_5,False,normalized_exact_owner_mismatch,,False,False,permissive,pretrained,missing,2024-06-09,,
microsoft/phi-2,False,normalized_exact_owner_mismatch,,False,False,permissive,pretrained,missing,2024-06-09,,
microsoft/phi-4,True,normalized_exact_owner,Yes,True,True,permissive,pretrained,reported,2025-01-08,2024-12-12,27.0
microsoft/phi-4,True,normalized_exact_owner,Yes,True,True,permissive,chat_finetuned,reported,2025-01-08,2024-12-12,27.0
migtissera/Llama-3-70B-Synthia-v3.5,True,normalized_exact_owner,Yes,True,False,custom,chat_finetuned,missing,2024-08-28,2024-05-26,94.0
migtissera/Llama-3-8B-Synthia-v3.5,False,unmatched,,False,False,custom,chat_finetuned,missing,2024-08-28,,
migtissera/Tess-3-7B-SFT,False,unmatched,,False,False,permissive,chat_finetuned,missing,2024-07-20,,
migtissera/Tess-3-Mistral-Nemo-12B,False,unmatched,,False,False,permissive,chat_finetuned,missing,2024-09-16,,
migtissera/Tess-v2.5-Phi-3-medium-128k-14B,False,unmatched,,False,False,permissive,chat_finetuned,missing,2024-08-30,,
migtissera/Tess-v2.5.2-Qwen2-72B,False,unmatched,,False,False,unclear,chat_finetuned,missing,2024-08-10,,
migtissera/Trinity-2-Codestral-22B,False,unmatched,,False,False,unclear,chat_finetuned,missing,2024-09-16,,
migtissera/Trinity-2-Codestral-22B-v0.2,False,unmatched,,False,False,unclear,chat_finetuned,missing,2024-08-28,,
migtissera/Trinity-2-Codestral-22B-v0.2,False,unmatched,,False,False,unclear,chat_finetuned,missing,2024-09-16,,
mindw96/DeepSeek-llama3.3-Bllossom-8B-DACON-LLM3,False,unmatched,,False,False,missing,chat_finetuned,missing,2025-02-17,,
minghaowu/Qwen1.5-1.8B-OpenHermes-2.5,False,unmatched,,False,False,missing,chat_finetuned,missing,2024-09-12,,
ministral/Ministral-3b-instruct,False,unmatched,,False,False,permissive,chat_finetuned,missing,2024-10-25,,
mistral-community/Mistral-7B-v0.2,False,unmatched,,False,False,permissive,pretrained,missing,2024-06-12,,
mistral-community/Mixtral-8x22B-v0.1,False,unmatched,,False,False,permissive,other,missing,,,
mistral-community/mixtral-8x22B-v0.3,False,unmatched,,False,False,permissive,pretrained,missing,2024-06-13,,
mistralai/Codestral-22B-v0.1,False,unmatched,,False,False,unclear,pretrained,missing,2024-09-28,,
mistralai/Ministral-8B-Instruct-2410,False,unmatched,,False,False,unclear,chat_finetuned,missing,2024-12-01,,
mistralai/Mistral-7B-Instruct-v0.1,False,unmatched,,False,False,permissive,chat_finetuned,missing,2024-06-27,,
mistralai/Mistral-7B-Instruct-v0.2,False,unmatched,,False,False,permissive,chat_finetuned,missing,2024-06-12,,
mistralai/Mistral-7B-Instruct-v0.3,False,unmatched,,False,False,permissive,chat_finetuned,missing,2024-06-12,,
mistralai/Mistral-7B-v0.1,False,unmatched,,False,False,permissive,pretrained,missing,2024-06-12,,
mistralai/Mistral-7B-v0.3,False,unmatched,,False,False,permissive,pretrained,missing,2024-06-12,,
mistralai/Mistral-Large-Instruct-2411,False,unmatched,,False,False,unclear,chat_finetuned,missing,2024-11-19,,
mistralai/Mistral-Nemo-Base-2407,False,unmatched,,False,False,permissive,pretrained,missing,2024-07-19,,
mistralai/Mistral-Nemo-Instruct-2407,False,unmatched,,False,False,permissive,chat_finetuned,missing,2024-08-29,,
mistralai/Mistral-Small-24B-Base-2501,False,unmatched,,False,False,permissive,pretrained,missing,2025-01-30,,
mistralai/Mistral-Small-Instruct-2409,False,unmatched,,False,False,unclear,chat_finetuned,missing,2024-09-19,,
mistralai/Mistral-Small-Instruct-2409,False,unmatched,,False,False,unclear,chat_finetuned,missing,2024-09-25,,
mistralai/Mixtral-8x22B-Instruct-v0.1,False,unmatched,,False,False,permissive,chat_finetuned,missing,2024-06-12,,
mistralai/Mixtral-8x22B-v0.1,False,unmatched,,False,False,permissive,pretrained,missing,2024-06-12,,
mistralai/Mixtral-8x7B-Instruct-v0.1,False,unmatched,,False,False,permissive,chat_finetuned,missing,2024-06-12,,
mistralai/Mixtral-8x7B-v0.1,False,unmatched,,False,False,permissive,pretrained,missing,2024-08-20,,
mistralai/Mixtral-8x7B-v0.1,False,unmatched,,False,False,permissive,chat_finetuned,missing,2024-06-27,,
mixtao/MixTAO-7Bx2-MoE-v8.1,False,unmatched,,False,False,permissive,chat_finetuned,missing,2024-10-04,,
mkurman/llama-3.2-MEDIT-3B-o1,False,unmatched,,False,False,custom,chat_finetuned,missing,2025-01-07,,
mkurman/phi-4-MedIT-11B-exp-1,False,unmatched,,False,False,missing,chat_finetuned,missing,2025-01-10,,
mkurman/phi4-MedIT-10B-o1,False,unmatched,,False,False,permissive,chat_finetuned,missing,2025-01-18,,
mkxu/llama-3-8b-instruct-fpo,False,unmatched,,False,False,missing,chat_finetuned,missing,2025-02-18,,
mkxu/llama-3-8b-po1,False,unmatched,,False,False,missing,chat_finetuned,missing,2024-11-29,,
mlabonne/AlphaMonarch-7B,False,unmatched,,False,False,research-only,chat_finetuned,missing,2024-06-12,,
mlabonne/Beyonder-4x7B-v3,False,unmatched,,False,False,research-only,other,missing,2024-06-12,,
mlabonne/BigQwen2.5-52B-Instruct,False,unmatched,,False,False,permissive,other,missing,2024-09-25,,
mlabonne/BigQwen2.5-Echo-47B-Instruct,False,unmatched,,False,False,permissive,other,missing,2024-09-24,,
mlabonne/ChimeraLlama-3-8B-v2,False,unmatched,,False,False,unclear,other,missing,2024-08-25,,
mlabonne/ChimeraLlama-3-8B-v3,False,unmatched,,False,False,unclear,other,missing,2024-08-25,,
mlabonne/Daredevil-8B,False,unmatched,,False,False,unclear,chat_finetuned,missing,2024-07-02,,
mlabonne/Daredevil-8B-abliterated,False,unmatched,,False,False,unclear,chat_finetuned,missing,2024-07-02,,
mlabonne/Hermes-3-Llama-3.1-70B-lorablated,False,unmatched,,False,False,missing,chat_finetuned,missing,2024-11-27,,
mlabonne/Meta-Llama-3.1-8B-Instruct-abliterated,False,unmatched,,False,False,custom,chat_finetuned,missing,2024-10-13,,
mlabonne/NeuralBeagle14-7B,False,unmatched,,False,False,research-only,chat_finetuned,missing,2024-06-27,,
mlabonne/NeuralDaredevil-8B-abliterated,False,unmatched,,False,False,custom,other,missing,2024-07-25,,
mlabonne/NeuralDaredevil-8B-abliterated,False,unmatched,,False,False,custom,chat_finetuned,missing,2024-06-27,,
mlabonne/OrpoLlama-3-8B,False,unmatched,,False,False,unclear,chat_finetuned,missing,2024-06-12,,
mlabonne/phixtral-2x2_8,False,unmatched,,False,False,permissive,other,missing,2024-06-12,,
mlx-community/Josiefied-Qwen2.5-0.5B-Instruct-abliterated-v1-float32,False,unmatched,,False,False,permissive,chat_finetuned,missing,2025-01-07,,
mlx-community/Mistral-Small-24B-Instruct-2501-bf16,False,unmatched,,False,False,permissive,chat_finetuned,missing,2025-02-06,,
mmnga/Llama-3-70B-japanese-suzume-vector-v0.1,False,unmatched,,False,False,custom,chat_finetuned,missing,2024-09-19,,
mobiuslabsgmbh/DeepSeek-R1-ReDistill-Llama3-8B-v1.1,False,unmatched,,False,False,permissive,chat_finetuned,missing,2025-02-16,,
mobiuslabsgmbh/DeepSeek-R1-ReDistill-Qwen-7B-v1.1,False,unmatched,,False,False,permissive,chat_finetuned,missing,2025-02-16,,
moeru-ai/L3.1-Moe-2x8B-v0.2,False,unmatched,,False,False,custom,other,missing,2024-10-25,,
moeru-ai/L3.1-Moe-4x8B-v0.1,False,unmatched,,False,False,custom,other,missing,2024-10-23,,
moeru-ai/L3.1-Moe-4x8B-v0.2,False,unmatched,,False,False,custom,other,missing,2024-10-30,,
monsterapi/Llama-3_1-8B-Instruct-orca-ORPO,False,unmatched,,False,False,permissive,chat_finetuned,missing,2024-08-30,,
monsterapi/gemma-2-2b-LoRA-MonsterInstruct,False,unmatched,,False,False,custom,chat_finetuned,missing,2024-08-05,,
mosaicml/mpt-7b,True,normalized_exact_owner,Yes,True,True,permissive,pretrained,reported,2024-06-08,2023-05-05,400.0
mosama/Qwen2.5-1.5B-Instruct-CoT-Reflection,False,unmatched,,False,False,permissive,chat_finetuned,missing,2024-12-22,,
mrdayl/OpenCogito,False,unmatched,,False,False,missing,chat_finetuned,missing,2025-03-07,,
mrdayl/OpenCognito,False,unmatched,,False,False,permissive,chat_finetuned,missing,2025-03-07,,
mrdayl/OpenCognito-r1,False,unmatched,,False,False,permissive,chat_finetuned,missing,2025-03-11,,
mrdayl/OpenCognito-r2,False,unmatched,,False,False,permissive,chat_finetuned,missing,2025-03-13,,
mrdayl/OpenThink,False,unmatched,,False,False,permissive,chat_finetuned,missing,2025-02-27,,
mrm8488/phi-4-14B-grpo-gsm8k-3e,False,unmatched,,False,False,permissive,chat_finetuned,missing,2025-02-13,,
mrm8488/phi-4-14B-grpo-limo,False,unmatched,,False,False,permissive,chat_finetuned,missing,2025-02-13,,
mukaj/Llama-3.1-Hawkish-8B,False,unmatched,,False,False,unclear,chat_finetuned,missing,2024-12-18,,
natong19/Mistral-Nemo-Instruct-2407-abliterated,False,unmatched,,False,False,permissive,chat_finetuned,missing,2024-09-21,,
natong19/Qwen2-7B-Instruct-abliterated,False,unmatched,,False,False,permissive,chat_finetuned,missing,2024-07-29,,
nazimali/Mistral-Nemo-Kurdish,False,unmatched,,False,False,permissive,pretrained,missing,2024-10-14,,
nazimali/Mistral-Nemo-Kurdish-Instruct,False,unmatched,,False,False,permissive,chat_finetuned,missing,2024-10-14,,
nazimali/Mistral-Nemo-Kurdish-Instruct,False,unmatched,,False,False,permissive,chat_finetuned,missing,2024-10-14,,
nbeerbower/BigKartoffel-mistral-nemo-20B,False,unmatched,,False,False,permissive,other,missing,2025-03-05,,
nbeerbower/DoppelKartoffel-Mistral-Nemo-23B,False,unmatched,,False,False,permissive,chat_finetuned,missing,2025-02-15,,
nbeerbower/DoublePotato-Mistral-Nemo-13B,False,unmatched,,False,False,missing,other,missing,2025-02-21,,
nbeerbower/Dumpling-Qwen2.5-1.5B,False,unmatched,,False,False,permissive,chat_finetuned,missing,2025-01-29,,
nbeerbower/Dumpling-Qwen2.5-14B,False,unmatched,,False,False,permissive,chat_finetuned,missing,2025-02-15,,
nbeerbower/Dumpling-Qwen2.5-7B-1k-r16,False,unmatched,,False,False,permissive,chat_finetuned,missing,2025-02-21,,
nbeerbower/Dumpling-Qwen2.5-7B-1k-r64-2e-5,False,unmatched,,False,False,permissive,chat_finetuned,missing,2025-02-21,,
nbeerbower/EVA-abliterated-TIES-Qwen2.5-1.5B,False,unmatched,,False,False,permissive,other,missing,2025-01-29,,
nbeerbower/EVA-abliterated-TIES-Qwen2.5-14B,False,unmatched,,False,False,permissive,other,missing,2025-02-09,,
nbeerbower/Flammades-Mistral-Nemo-12B,False,unmatched,,False,False,permissive,chat_finetuned,missing,2024-10-06,,
nbeerbower/Gemma2-Gutenberg-Doppel-9B,False,unmatched,,False,False,custom,chat_finetuned,missing,2024-10-01,,
nbeerbower/Gutensuppe-mistral-nemo-12B,False,unmatched,,False,False,missing,chat_finetuned,missing,2024-09-03,,
nbeerbower/Hermes2-Gutenberg2-Mistral-7B,False,unmatched,,False,False,permissive,chat_finetuned,missing,2024-10-01,,
nbeerbower/Kartoffel-Deepfry-12B,False,unmatched,,False,False,permissive,chat_finetuned,missing,2025-03-01,,
nbeerbower/Llama-3.1-Nemotron-lorablated-70B,False,unmatched,,False,False,custom,chat_finetuned,missing,2024-11-27,,
nbeerbower/Llama3.1-Gutenberg-Doppel-70B,False,unmatched,,False,False,custom,chat_finetuned,missing,2024-10-12,,
nbeerbower/Lyra-Gutenberg-mistral-nemo-12B,False,unmatched,,False,False,research-only,chat_finetuned,missing,2024-09-03,,
nbeerbower/Lyra4-Gutenberg-12B,False,unmatched,,False,False,research-only,chat_finetuned,missing,2024-09-12,,
nbeerbower/Lyra4-Gutenberg2-12B,False,unmatched,,False,False,research-only,chat_finetuned,missing,2024-10-01,,
nbeerbower/Mahou-1.5-mistral-nemo-12B-lorablated,False,unmatched,,False,False,permissive,other,missing,2024-10-19,,
nbeerbower/Mistral-Gutenberg-Doppel-7B-FFT,False,unmatched,,False,False,permissive,chat_finetuned,missing,2024-11-18,,
nbeerbower/Mistral-Nemo-Gutenberg-Doppel-12B,False,unmatched,,False,False,permissive,chat_finetuned,missing,2024-09-26,,
nbeerbower/Mistral-Nemo-Gutenberg-Doppel-12B-v2,False,unmatched,,False,False,permissive,chat_finetuned,missing,2024-10-09,,
nbeerbower/Mistral-Nemo-Moderne-12B-FFT-experimental,False,unmatched,,False,False,permissive,chat_finetuned,missing,2024-11-26,,
nbeerbower/Mistral-Nemo-Prism-12B,False,unmatched,,False,False,permissive,chat_finetuned,missing,2024-11-12,,
nbeerbower/Mistral-Nemo-Prism-12B-v2,False,unmatched,,False,False,permissive,chat_finetuned,missing,2024-11-26,,
nbeerbower/Mistral-Nemo-Prism-12B-v7,False,unmatched,,False,False,permissive,chat_finetuned,missing,2024-11-26,,
nbeerbower/Mistral-Small-Drummer-22B,False,unmatched,,False,False,unclear,chat_finetuned,missing,2024-10-01,,
nbeerbower/Mistral-Small-Gutenberg-Doppel-22B,False,unmatched,,False,False,unclear,chat_finetuned,missing,2024-09-25,,
nbeerbower/Nemo-Loony-12B-experimental,False,unmatched,,False,False,missing,other,missing,2024-11-26,,
nbeerbower/Nemoties-ChatML-12B,False,unmatched,,False,False,missing,other,missing,2025-02-21,,
nbeerbower/Qwen2.5-Gutenberg-Doppel-14B,False,unmatched,,False,False,permissive,chat_finetuned,missing,2024-11-11,,
nbeerbower/SmolNemo-12B-FFT-experimental,False,unmatched,,False,False,permissive,chat_finetuned,missing,2024-11-26,,
nbeerbower/Stella-mistral-nemo-12B-v2,False,unmatched,,False,False,missing,chat_finetuned,missing,2024-09-14,,
nbeerbower/gemma2-gutenberg-27B,False,unmatched,,False,False,custom,chat_finetuned,missing,2024-09-23,,
nbeerbower/gemma2-gutenberg-9B,False,unmatched,,False,False,custom,chat_finetuned,missing,2024-08-03,,
nbeerbower/llama-3-gutenberg-8B,False,unmatched,,False,False,unclear,chat_finetuned,missing,2024-07-10,,
nbeerbower/llama3.1-cc-8B,False,unmatched,,False,False,custom,chat_finetuned,missing,2024-09-14,,
nbeerbower/llama3.1-kartoffeldes-70B,False,unmatched,,False,False,custom,chat_finetuned,missing,2025-01-19,,
nbeerbower/mistral-nemo-bophades-12B,False,unmatched,,False,False,permissive,other,missing,2024-09-03,,
nbeerbower/mistral-nemo-bophades3-12B,False,unmatched,,False,False,permissive,chat_finetuned,missing,2025-01-13,,
nbeerbower/mistral-nemo-cc-12B,False,unmatched,,False,False,permissive,chat_finetuned,missing,2024-09-14,,
nbeerbower/mistral-nemo-gutades-12B,False,unmatched,,False,False,permissive,chat_finetuned,missing,2024-09-23,,
nbeerbower/mistral-nemo-gutenberg-12B,False,unmatched,,False,False,permissive,chat_finetuned,missing,2024-09-03,,
nbeerbower/mistral-nemo-gutenberg-12B-v2,False,unmatched,,False,False,permissive,chat_finetuned,missing,2024-09-03,,
nbeerbower/mistral-nemo-gutenberg-12B-v3,False,unmatched,,False,False,permissive,chat_finetuned,missing,2024-09-03,,
nbeerbower/mistral-nemo-gutenberg-12B-v4,False,unmatched,,False,False,permissive,chat_finetuned,missing,2024-09-03,,
nbeerbower/mistral-nemo-gutenberg2-12B-test,False,unmatched,,False,False,permissive,chat_finetuned,missing,2024-09-25,,
nbeerbower/mistral-nemo-kartoffel-12B,False,unmatched,,False,False,permissive,chat_finetuned,missing,2025-01-12,,
nbeerbower/mistral-nemo-narwhal-12B,False,unmatched,,False,False,permissive,chat_finetuned,missing,2025-01-13,,
nbeerbower/mistral-nemo-wissenschaft-12B,False,unmatched,,False,False,permissive,chat_finetuned,missing,2024-08-30,,
nbrahme/IndusQ,False,unmatched,,False,False,custom,chat_finetuned,missing,2024-09-18,,
necva/IE-cont-Llama3.1-8B,False,unmatched,,False,False,permissive,chat_finetuned,missing,2025-03-06,,
necva/replica-IEPile,False,unmatched,,False,False,missing,chat_finetuned,missing,2025-03-01,,
neopolita/jessi-v0.1-bf16-falcon3-7b-instruct,False,unmatched,,False,False,missing,other,missing,2025-01-08,,
neopolita/jessi-v0.1-falcon3-10b-instruct,False,unmatched,,False,False,missing,other,missing,2025-01-19,,
neopolita/jessi-v0.1-qwen2.5-7b-instruct,False,unmatched,,False,False,permissive,other,missing,2025-01-26,,
neopolita/jessi-v0.1-virtuoso-small,False,unmatched,,False,False,permissive,other,missing,2025-01-15,,
neopolita/jessi-v0.2-falcon3-10b-instruct,False,unmatched,,False,False,missing,other,missing,2025-01-21,,
neopolita/jessi-v0.2-falcon3-7b-instruct,False,unmatched,,False,False,unclear,other,missing,2025-01-08,,
neopolita/jessi-v0.3-falcon3-7b-instruct,False,unmatched,,False,False,unclear,other,missing,2025-01-08,,
neopolita/jessi-v0.4-falcon3-7b-instruct,False,unmatched,,False,False,unclear,other,missing,2025-01-17,,
neopolita/jessi-v0.5-falcon3-7b-instruct,False,unmatched,,False,False,unclear,other,missing,2025-01-09,,
neopolita/jessi-v0.6-falcon3-7b-instruct,False,unmatched,,False,False,unclear,other,missing,2025-01-20,,
neopolita/loki-v0.1-virtuoso,False,unmatched,,False,False,permissive,other,missing,2025-01-23,,
netcat420/DeepSeek-R1-Distill-Qwen-MFANN-Slerp-7b,False,unmatched,,False,False,missing,other,missing,2025-01-23,,
netcat420/DeepSeek-R1-MFANN-TIES-unretrained-7b,False,unmatched,,False,False,missing,other,missing,2025-01-22,,
netcat420/Llama3.1-MFANN-8b,False,unmatched,,False,False,custom,chat_finetuned,missing,2024-12-23,,
netcat420/MFANN-Llama3.1-Abliterated-SLERP-TIES-V2,False,unmatched,,False,False,permissive,other,missing,2024-11-09,,
netcat420/MFANN-Llama3.1-Abliterated-SLERP-TIES-V3,False,unmatched,,False,False,missing,chat_finetuned,missing,2024-11-26,,
netcat420/MFANN-Llama3.1-Abliterated-SLERP-V4,False,unmatched,,False,False,permissive,other,missing,2024-11-09,,
netcat420/MFANN-Llama3.1-Abliterated-SLERP-V5,False,unmatched,,False,False,missing,other,missing,2024-11-26,,
netcat420/MFANN-Llama3.1-Abliterated-Slerp-TIES,False,unmatched,,False,False,missing,other,missing,2024-10-29,,
netcat420/MFANN-Llama3.1-Abliterated-Slerp-V3.2,False,unmatched,,False,False,missing,other,missing,2024-10-29,,
netcat420/MFANN-SFT,False,unmatched,,False,False,missing,other,missing,2024-12-20,,
netcat420/MFANN-abliterated-phi2-merge-unretrained,False,unmatched,,False,False,missing,chat_finetuned,missing,2025-01-15,,
netcat420/MFANN-llama3.1-Abliterated-SLERP,False,unmatched,,False,False,missing,other,missing,2024-10-07,,
netcat420/MFANN-llama3.1-abliterated-SLERP-v3,False,unmatched,,False,False,custom,chat_finetuned,missing,2024-10-07,,
netcat420/MFANN-llama3.1-abliterated-SLERP-v3.1,False,unmatched,,False,False,custom,other,missing,2024-10-17,,
netcat420/MFANN-llama3.1-abliterated-v2,False,unmatched,,False,False,missing,other,missing,2024-10-07,,
netcat420/MFANN-phigments-slerp-V2,False,unmatched,,False,False,missing,other,missing,2024-10-26,,
netcat420/MFANN-phigments-slerp-V3.2,False,unmatched,,False,False,missing,other,missing,2025-02-06,,
netcat420/MFANN-phigments-slerp-V3.3,False,unmatched,,False,False,missing,other,missing,2025-02-06,,
netcat420/MFANN3b,False,unmatched,,False,False,permissive,chat_finetuned,missing,2024-12-14,,
netcat420/MFANN3bv0.15,False,unmatched,,False,False,permissive,chat_finetuned,missing,2024-07-05,,
netcat420/MFANN3bv0.18,False,unmatched,,False,False,permissive,chat_finetuned,missing,2024-07-25,,
netcat420/MFANN3bv0.19,False,unmatched,,False,False,missing,chat_finetuned,missing,2024-08-08,,
netcat420/MFANN3bv0.20,False,unmatched,,False,False,permissive,chat_finetuned,missing,2024-08-29,,
netcat420/MFANN3bv0.21,False,unmatched,,False,False,permissive,chat_finetuned,missing,2024-09-24,,
netcat420/MFANN3bv0.22,False,unmatched,,False,False,permissive,chat_finetuned,missing,2024-10-26,,
netcat420/MFANN3bv0.23,False,unmatched,,False,False,missing,chat_finetuned,missing,2024-11-07,,
netcat420/MFANN3bv0.24,False,unmatched,,False,False,permissive,chat_finetuned,missing,2024-11-22,,
netcat420/MFANN3bv1.1,False,unmatched,,False,False,missing,chat_finetuned,missing,2025-01-03,,
netcat420/MFANN3bv1.2,False,unmatched,,False,False,permissive,chat_finetuned,missing,2025-01-22,,
netcat420/MFANN3bv1.3,False,unmatched,,False,False,missing,chat_finetuned,missing,2025-02-01,,
netcat420/MFANN3bv1.4,False,unmatched,,False,False,permissive,chat_finetuned,missing,2025-02-06,,
netcat420/MFANNv0.19,False,unmatched,,False,False,custom,chat_finetuned,missing,2024-07-27,,
netcat420/MFANNv0.20,False,unmatched,,False,False,custom,chat_finetuned,missing,2024-08-08,,
netcat420/MFANNv0.21,False,unmatched,,False,False,custom,chat_finetuned,missing,2024-09-02,,
netcat420/MFANNv0.22.1,False,unmatched,,False,False,custom,chat_finetuned,missing,2024-10-05,,
netcat420/MFANNv0.23,False,unmatched,,False,False,custom,chat_finetuned,missing,2024-10-29,,
netcat420/MFANNv0.24,False,unmatched,,False,False,custom,chat_finetuned,missing,2024-11-09,,
netcat420/MFANNv0.25,False,unmatched,,False,False,custom,other,missing,2024-11-26,,
netcat420/Qwen2.5-7B-nerd-uncensored-v0.9-MFANN,False,unmatched,,False,False,permissive,chat_finetuned,missing,2025-01-02,,
netcat420/Qwen2.5-7b-MFANN-slerp,False,unmatched,,False,False,permissive,other,missing,2025-01-25,,
netcat420/Qwen2.5-7b-nerd-uncensored-MFANN-slerp,False,unmatched,,False,False,missing,other,missing,2025-01-25,,
netcat420/Qwen2.5-Coder-Scholar-7B-Abliterated-MFANN,False,unmatched,,False,False,permissive,chat_finetuned,missing,2025-01-01,,
netcat420/Qwen2.5-Coder-Scholar-7B-Abliterated-MFANN-Slerp-Unretrained,False,unmatched,,False,False,missing,other,missing,2025-01-19,,
netcat420/Qwen2.5-DeepSeek-R1-MFANN-Slerp-7b,False,unmatched,,False,False,missing,other,missing,2025-01-23,,
netcat420/Qwen2.5-MFANN-7b,False,unmatched,,False,False,missing,chat_finetuned,missing,2025-01-24,,
netcat420/qwen2.5-MFANN-7b-SLERP-V1.2,False,unmatched,,False,False,permissive,other,missing,2025-02-09,,
netcat420/qwen2.5-MFANN-7b-SLERPv1.1,False,unmatched,,False,False,missing,other,missing,2025-02-03,,
netcat420/qwen2.5-MFANN-7b-v1.1,False,unmatched,,False,False,missing,chat_finetuned,missing,2025-02-09,,
netease-youdao/Confucius-o1-14B,False,unmatched,,False,False,permissive,chat_finetuned,missing,2025-01-27,,
newsbang/Homer-7B-v0.1,False,unmatched,,False,False,permissive,chat_finetuned,missing,2024-11-14,,
newsbang/Homer-7B-v0.2,False,unmatched,,False,False,missing,chat_finetuned,missing,2024-11-15,,
newsbang/Homer-v0.3-Qwen2.5-7B,False,unmatched,,False,False,missing,chat_finetuned,missing,2024-11-18,,
newsbang/Homer-v0.4-Qwen2.5-7B,False,unmatched,,False,False,missing,chat_finetuned,missing,2024-11-18,,
newsbang/Homer-v0.5-Qwen2.5-7B,False,unmatched,,False,False,missing,chat_finetuned,missing,2024-11-20,,
newsbang/Homer-v1.0-Qwen2.5-72B,False,unmatched,,False,False,permissive,chat_finetuned,missing,2024-12-16,,
newsbang/Homer-v1.0-Qwen2.5-7B,False,unmatched,,False,False,permissive,chat_finetuned,missing,2024-12-04,,
nguyentd/FinancialAdvice-Qwen2.5-7B,False,unmatched,,False,False,permissive,chat_finetuned,missing,2024-11-18,,
ngxson/MiniThinky-1B-Llama-3.2,False,unmatched,,False,False,missing,chat_finetuned,missing,2025-01-07,,
ngxson/MiniThinky-v2-1B-Llama-3.2,False,unmatched,,False,False,missing,chat_finetuned,missing,2025-01-09,,
nhyha/N3N_Delirium-v1_1030_0227,False,unmatched,,False,False,permissive,chat_finetuned,missing,2024-11-04,,
nhyha/N3N_Llama-3.1-8B-Instruct_1028_0216,False,unmatched,,False,False,permissive,chat_finetuned,missing,2024-11-04,,
nhyha/N3N_gemma-2-9b-it_20241029_1532,False,unmatched,,False,False,custom,chat_finetuned,missing,2024-11-04,,
nhyha/N3N_gemma-2-9b-it_20241110_2026,False,unmatched,,False,False,custom,chat_finetuned,missing,2024-11-12,,
nhyha/merge_Qwen2.5-7B-Instruct_20241023_0314,False,unmatched,,False,False,permissive,chat_finetuned,missing,2024-11-04,,
nidum/Nidum-Limitless-Gemma-2B,False,unmatched,,False,False,permissive,chat_finetuned,missing,2024-08-07,,
nisten/franqwenstein-35b,False,unmatched,,False,False,permissive,other,missing,2024-10-03,,
nisten/franqwenstein-35b,False,unmatched,,False,False,permissive,chat_finetuned,missing,2024-10-03,,
nisten/tqwendo-36b,False,unmatched,,False,False,permissive,chat_finetuned,missing,2024-12-21,,
nlpguy/Lion-Lamarck-v.1.0.8,False,unmatched,,False,False,missing,other,missing,2025-01-27,,
nlpguy/Lion-Lamarck-v.1.0.9,False,unmatched,,False,False,missing,other,missing,2025-01-28,,
nlpguy/Lion-Lamarck-v.1.1.0,False,unmatched,,False,False,missing,other,missing,2025-01-30,,
nlpguy/Miisce-one,False,unmatched,,False,False,missing,other,missing,2025-02-10,,
nlpguy/Mistral-NeMo-Minitron-Upscale-v1,False,unmatched,,False,False,unclear,pretrained,missing,2024-09-29,,
nlpguy/Mistral-NeMo-Minitron-Upscale-v2,False,unmatched,,False,False,unclear,pretrained,missing,2024-09-29,,
nlpguy/Mistral-NeMo-Minitron-Upscale-v3,False,unmatched,,False,False,unclear,pretrained,missing,2024-10-04,,
nlpguy/StableProse,False,unmatched,,False,False,missing,other,missing,2024-08-17,,
nlpguy/StarFusion-alpha1,False,unmatched,,False,False,permissive,other,missing,2024-06-26,,
noname0202/Llama-3.2-4x3B-Instruct,False,unmatched,,False,False,missing,other,missing,2025-01-26,,
noname0202/gemma-2-2b-it-ties,False,unmatched,,False,False,missing,other,missing,2025-01-29,,
noname0202/gemma-2-9b-sft-jp-en-zh-v1,False,unmatched,,False,False,missing,chat_finetuned,missing,2025-01-05,,
noname0202/gemma-2-9b-sft-jp-en-zh-v2,False,unmatched,,False,False,missing,chat_finetuned,missing,2025-01-05,,
noname0202/llama-math-1b-r16-0to512tokens-test,False,unmatched,,False,False,missing,chat_finetuned,missing,2025-01-25,,
noname0202/llama-math-1b-r32-0to512tokens-test,False,unmatched,,False,False,missing,chat_finetuned,missing,2025-01-24,,
noname0202/llama-math-1b-r32-test,False,unmatched,,False,False,missing,chat_finetuned,missing,2025-01-24,,
noname0202/llama-math-1b-r8-512tokens-test,False,unmatched,,False,False,missing,chat_finetuned,missing,2025-01-24,,
notbdq/Qwen2.5-14B-Instruct-1M-GRPO-Reasoning,False,unmatched,,False,False,missing,chat_finetuned,missing,2025-02-05,,
nothingiisreal/L3.1-8B-Celeste-V1.5,False,unmatched,,False,False,custom,chat_finetuned,missing,2024-12-04,,
nothingiisreal/MN-12B-Starcannon-v2,False,unmatched,,False,False,permissive,other,missing,2024-09-03,,
nothingiisreal/MN-12B-Starcannon-v3,False,unmatched,,False,False,missing,other,missing,2024-09-03,,
nvidia/AceInstruct-1.5B,False,unmatched,,False,False,research-only,chat_finetuned,missing,2025-01-24,,
nvidia/AceInstruct-72B,False,unmatched,,False,False,research-only,chat_finetuned,missing,2025-01-24,,
nvidia/AceInstruct-7B,False,unmatched,,False,False,research-only,chat_finetuned,missing,2025-01-24,,
nvidia/AceMath-1.5B-Instruct,False,unmatched,,False,False,research-only,chat_finetuned,missing,2025-01-24,,
nvidia/AceMath-72B-Instruct,False,unmatched,,False,False,research-only,chat_finetuned,missing,2025-01-24,,
nvidia/AceMath-72B-RM,False,unmatched,,False,False,research-only,chat_finetuned,missing,2025-01-24,,
nvidia/AceMath-7B-Instruct,False,unmatched,,False,False,research-only,chat_finetuned,missing,2025-01-24,,
nvidia/AceMath-7B-RM,False,unmatched,,False,False,research-only,chat_finetuned,missing,2025-01-24,,
nvidia/Hymba-1.5B-Base,False,unmatched,,False,False,unclear,pretrained,missing,2024-12-06,,
nvidia/Hymba-1.5B-Instruct,False,unmatched,,False,False,unclear,chat_finetuned,missing,2024-12-06,,
nvidia/Llama-3.1-Minitron-4B-Depth-Base,False,unmatched,,False,False,unclear,chat_finetuned,missing,2024-09-25,,
nvidia/Llama-3.1-Nemotron-70B-Instruct-HF,False,unmatched,,False,False,custom,chat_finetuned,missing,2024-10-16,,
nvidia/Minitron-4B-Base,False,unmatched,,False,False,unclear,pretrained,missing,2024-09-25,,
nvidia/Minitron-8B-Base,False,unmatched,,False,False,unclear,pretrained,missing,2024-09-25,,
nvidia/Mistral-NeMo-Minitron-8B-Base,False,unmatched,,False,False,unclear,chat_finetuned,missing,2024-08-22,,
nvidia/Mistral-NeMo-Minitron-8B-Instruct,False,unmatched,,False,False,unclear,chat_finetuned,missing,2024-10-04,,
nvidia/Nemotron-Mini-4B-Instruct,False,unmatched,,False,False,unclear,chat_finetuned,missing,2024-09-25,,
nvidia/OpenMath2-Llama3.1-8B,False,unmatched,,False,False,custom,chat_finetuned,missing,2024-12-07,,
nxmwxm/Beast-Soul-new,False,unmatched,,False,False,missing,other,missing,2024-08-07,,
occiglot/occiglot-7b-es-en-instruct,False,unmatched,,False,False,permissive,chat_finetuned,missing,2024-09-02,,
odyssey-labs/Astral-1-10B,False,unmatched,,False,False,missing,chat_finetuned,missing,2025-01-28,,
olabs-ai/reflection_model,False,unmatched,,False,False,permissive,chat_finetuned,missing,2024-09-08,,
ontocord/Llama_3.2_1b-autoredteam_helpfulness-train,False,unmatched,,False,False,custom,chat_finetuned,missing,2025-01-31,,
ontocord/RedPajama-3B-v1-AutoRedteam,False,unmatched,,False,False,missing,chat_finetuned,missing,2025-01-14,,
ontocord/RedPajama-3B-v1-AutoRedteam-Harmless-only,False,unmatched,,False,False,permissive,chat_finetuned,missing,2025-01-28,,
ontocord/RedPajama3b_v1-autoredteam_helpfulness-train,False,unmatched,,False,False,permissive,chat_finetuned,missing,2025-01-26,,
ontocord/merged_0.2_expert_0.8,False,unmatched,,False,False,missing,pretrained,missing,2025-03-10,,
ontocord/merged_0.2_expert_0.8-stack_2x,False,unmatched,,False,False,missing,pretrained,missing,2025-03-10,,
ontocord/merged_0.5_expert_0.5,False,unmatched,,False,False,missing,pretrained,missing,2025-03-10,,
ontocord/ontocord_wide_3b-stage1_shuf_sample1_jsonl-pretrained-autoredteam_helpful-0.25_helpful,False,unmatched,,False,False,missing,pretrained,missing,2025-02-27,,
ontocord/ontocord_wide_7b-stacked-stage1,False,unmatched,,False,False,missing,pretrained,missing,2025-02-27,,
ontocord/ontocord_wide_7b-stacked-stage1-instruct,False,unmatched,,False,False,missing,pretrained,missing,2025-02-27,,
ontocord/starcoder2-29b-ls,False,unmatched,,False,False,missing,chat_finetuned,missing,2025-02-12,,
ontocord/starcoder2_3b-AutoRedteam,False,unmatched,,False,False,custom,chat_finetuned,missing,2025-01-27,,
ontocord/wide_3b-merge_test,False,unmatched,,False,False,missing,pretrained,missing,2025-03-06,,
ontocord/wide_3b-stage1_shuf_sample1_jsonl-pretrained,False,unmatched,,False,False,missing,pretrained,missing,2025-02-27,,
ontocord/wide_3b_sft_stag1.2-lyrical_law_news_software_howto_formattedtext_math_wiki-merge,False,unmatched,,False,False,missing,pretrained,missing,2025-03-06,,
ontocord/wide_3b_sft_stag1.2-lyrical_news_software_howto_formattedtext-merge,False,unmatched,,False,False,missing,pretrained,missing,2025-03-06,,
ontocord/wide_3b_sft_stage1.1-ss1-no_redteam_skg_poem.no_issue,False,unmatched,,False,False,missing,pretrained,missing,2025-03-06,,
ontocord/wide_3b_sft_stage1.1-ss1-with_generics_intr.no_issue,False,unmatched,,False,False,missing,pretrained,missing,2025-03-06,,
ontocord/wide_3b_sft_stage1.1-ss1-with_generics_intr_math.no_issue,False,unmatched,,False,False,missing,pretrained,missing,2025-03-06,,
ontocord/wide_3b_sft_stage1.1-ss1-with_generics_intr_math_stories.no_issue,False,unmatched,,False,False,missing,pretrained,missing,2025-03-02,,
ontocord/wide_3b_sft_stage1.1-ss1-with_generics_intr_math_stories.no_issue,False,unmatched,,False,False,missing,pretrained,missing,2025-03-06,,
ontocord/wide_3b_sft_stage1.1-ss1-with_generics_intr_math_stories_no_orig_instr.no_issue,False,unmatched,,False,False,missing,pretrained,missing,2025-03-06,,
ontocord/wide_3b_sft_stage1.1-ss1-with_generics_intr_stories.no_issue,False,unmatched,,False,False,missing,pretrained,missing,2025-03-06,,
ontocord/wide_3b_sft_stage1.1-ss1-with_generics_math.no_issue,False,unmatched,,False,False,missing,pretrained,missing,2025-03-06,,
ontocord/wide_3b_sft_stage1.1-ss1-with_math.no_issue,False,unmatched,,False,False,missing,pretrained,missing,2025-03-06,,
ontocord/wide_3b_sft_stage1.1-ss1-with_r1_generics_intr_math_stories.no_issue,False,unmatched,,False,False,missing,pretrained,missing,2025-03-02,,
ontocord/wide_3b_sft_stage1.2-ss1-expert_fictional_lyrical,False,unmatched,,False,False,missing,pretrained,missing,2025-03-05,,
ontocord/wide_3b_sft_stage1.2-ss1-expert_formatted_text,False,unmatched,,False,False,missing,pretrained,missing,2025-03-06,,
ontocord/wide_3b_sft_stage1.2-ss1-expert_how-to,False,unmatched,,False,False,permissive,pretrained,missing,2025-03-06,,
ontocord/wide_3b_sft_stage1.2-ss1-expert_math,False,unmatched,,False,False,missing,pretrained,missing,2025-03-06,,
ontocord/wide_3b_sft_stage1.2-ss1-expert_news,False,unmatched,,False,False,missing,pretrained,missing,2025-03-05,,
ontocord/wide_3b_sft_stage1.2-ss1-expert_software,False,unmatched,,False,False,missing,pretrained,missing,2025-03-05,,
ontocord/wide_6.6b_sft_stag1.2-lyrical_law_news_software_howto_formattedtext_math_wiki-merge-stacked,False,unmatched,,False,False,missing,pretrained,missing,2025-03-07,,
oobabooga/CodeBooga-34B-v0.1,False,unmatched,,False,False,custom,other,missing,2024-07-29,,
oopere/Llama-FinSent-S,False,unmatched,,False,False,custom,chat_finetuned,missing,2025-02-08,,
oopere/Llama-FinSent-S,False,unmatched,,False,False,custom,chat_finetuned,missing,2025-02-19,,
oopere/pruned10-llama-3.2-3B,False,unmatched,,False,False,custom,pretrained,missing,2024-12-22,,
oopere/pruned20-llama-1b,False,unmatched,,False,False,custom,other,missing,2024-11-16,,
oopere/pruned20-llama-3.2-3b,False,unmatched,,False,False,custom,pretrained,missing,2024-12-12,,
oopere/pruned40-llama-1b,False,unmatched,,False,False,custom,pretrained,missing,2024-11-26,,
oopere/pruned40-llama-3.2-1B,False,unmatched,,False,False,custom,pretrained,missing,2025-02-19,,
oopere/pruned40-llama-3.2-3b,False,unmatched,,False,False,custom,pretrained,missing,2024-12-12,,
oopere/pruned60-llama-1b,False,unmatched,,False,False,custom,pretrained,missing,2024-11-25,,
oopere/pruned60-llama-3.2-3b,False,unmatched,,False,False,custom,pretrained,missing,2024-12-13,,
open-atlas/Atlas-Flash-1.5B-Preview,False,unmatched,,False,False,permissive,chat_finetuned,missing,2025-02-01,,
open-atlas/Atlas-Flash-7B-Preview,False,unmatched,,False,False,permissive,chat_finetuned,missing,2025-02-01,,
open-neo/Kyro-n1-3B,False,unmatched,,False,False,unclear,chat_finetuned,missing,2025-03-13,,
open-neo/Kyro-n1-7B,False,unmatched,,False,False,permissive,chat_finetuned,missing,2025-03-13,,
open-thoughts/OpenThinker-7B,False,unmatched,,False,False,permissive,chat_finetuned,missing,2025-02-14,,
openai-community/gpt2,False,unmatched,,False,False,permissive,pretrained,missing,2024-06-12,,
openai-community/gpt2,False,unmatched,,False,False,permissive,pretrained,missing,2024-08-12,,
openai-community/gpt2-large,False,unmatched,,False,False,permissive,pretrained,missing,2024-06-12,,
openai-community/gpt2-medium,False,unmatched,,False,False,permissive,pretrained,missing,2024-06-12,,
openai-community/gpt2-xl,False,unmatched,,False,False,permissive,pretrained,missing,2024-06-12,,
openbmb/MiniCPM-S-1B-sft-llama-format,False,unmatched,,False,False,permissive,chat_finetuned,missing,2024-11-19,,
openchat/openchat-3.5-0106,False,unmatched,,False,False,permissive,chat_finetuned,missing,2024-06-27,,
openchat/openchat-3.5-1210,False,unmatched,,False,False,permissive,chat_finetuned,missing,2024-06-12,,
openchat/openchat-3.6-8b-20240522,False,unmatched,,False,False,custom,chat_finetuned,missing,2024-06-26,,
openchat/openchat_3.5,False,unmatched,,False,False,permissive,chat_finetuned,missing,2024-06-12,,
openchat/openchat_v3.2,False,unmatched,,False,False,custom,chat_finetuned,missing,2024-06-12,,
openchat/openchat_v3.2_super,False,unmatched,,False,False,custom,chat_finetuned,missing,2024-06-12,,
orai-nlp/Llama-eus-8B,False,unmatched,,False,False,missing,pretrained,missing,2024-09-30,,
oxyapi/oxy-1-small,False,unmatched,,False,False,permissive,chat_finetuned,missing,2024-12-02,,
ozone-ai/0x-lite,False,unmatched,,False,False,permissive,chat_finetuned,missing,2025-01-28,,
ozone-research/Chirp-01,False,unmatched,,False,False,unclear,chat_finetuned,missing,2025-02-23,,
paloalma/ECE-TW3-JRGL-V1,False,unmatched,,False,False,permissive,other,missing,2024-08-04,,
paloalma/ECE-TW3-JRGL-V2,False,unmatched,,False,False,permissive,other,missing,2024-09-19,,
paloalma/ECE-TW3-JRGL-V5,False,unmatched,,False,False,permissive,other,missing,2024-08-30,,
paloalma/Le_Triomphant-ECE-TW3,True,normalized_exact_owner,Yes,True,True,permissive,other,missing,2024-07-25,2024-04-01,115.0
paloalma/TW3-JRGL-v2,True,normalized_exact_owner,Yes,True,True,permissive,other,missing,2024-08-29,2024-04-01,150.0
pankajmathur/Al_Dente_v1_8b,False,unmatched,,False,False,custom,chat_finetuned,missing,2024-06-26,,
pankajmathur/model_007_13b_v2,False,unmatched,,False,False,custom,chat_finetuned,missing,2024-06-26,,
pankajmathur/orca_mini_3b,False,unmatched,,False,False,research-only,chat_finetuned,missing,2024-06-26,,
pankajmathur/orca_mini_7b,False,unmatched,,False,False,research-only,chat_finetuned,missing,2024-06-26,,
pankajmathur/orca_mini_phi-4,False,unmatched,,False,False,permissive,chat_finetuned,missing,2025-01-22,,
pankajmathur/orca_mini_v2_7b,False,unmatched,,False,False,research-only,chat_finetuned,missing,2024-06-26,,
pankajmathur/orca_mini_v3_13b,False,unmatched,,False,False,unclear,chat_finetuned,missing,2024-06-26,,
pankajmathur/orca_mini_v3_70b,False,unmatched,,False,False,unclear,chat_finetuned,missing,2024-06-26,,
pankajmathur/orca_mini_v3_7b,False,unmatched,,False,False,unclear,chat_finetuned,missing,2024-06-26,,
pankajmathur/orca_mini_v5_8b,False,unmatched,,False,False,custom,chat_finetuned,missing,2024-06-26,,
pankajmathur/orca_mini_v5_8b_dpo,False,unmatched,,False,False,custom,chat_finetuned,missing,2024-06-26,,
pankajmathur/orca_mini_v5_8b_orpo,False,unmatched,,False,False,custom,chat_finetuned,missing,2024-06-26,,
pankajmathur/orca_mini_v6_8b,False,unmatched,,False,False,custom,chat_finetuned,missing,2024-06-26,,
pankajmathur/orca_mini_v6_8b_dpo,False,unmatched,,False,False,custom,chat_finetuned,missing,2024-06-26,,
pankajmathur/orca_mini_v7_72b,False,unmatched,,False,False,permissive,chat_finetuned,missing,2025-01-02,,
pankajmathur/orca_mini_v7_7b,False,unmatched,,False,False,permissive,chat_finetuned,missing,2024-06-26,,
pankajmathur/orca_mini_v8_1_70b,False,unmatched,,False,False,custom,chat_finetuned,missing,2024-12-21,,
pankajmathur/orca_mini_v9_0_3B-Instruct,False,unmatched,,False,False,custom,chat_finetuned,missing,2024-12-29,,
pankajmathur/orca_mini_v9_1_1B-Instruct,False,unmatched,,False,False,custom,chat_finetuned,missing,2024-12-29,,
pankajmathur/orca_mini_v9_2_14B,False,unmatched,,False,False,permissive,chat_finetuned,missing,2025-01-21,,
pankajmathur/orca_mini_v9_2_70b,False,unmatched,,False,False,custom,chat_finetuned,missing,2025-01-02,,
pankajmathur/orca_mini_v9_4_70B,False,unmatched,,False,False,custom,chat_finetuned,missing,2025-01-17,,
pankajmathur/orca_mini_v9_5_1B-Instruct,False,unmatched,,False,False,custom,chat_finetuned,missing,2025-01-02,,
pankajmathur/orca_mini_v9_5_1B-Instruct_preview,False,unmatched,,False,False,custom,chat_finetuned,missing,2024-12-30,,
pankajmathur/orca_mini_v9_5_3B-Instruct,False,unmatched,,False,False,custom,chat_finetuned,missing,2025-01-01,,
pankajmathur/orca_mini_v9_6_1B-Instruct,False,unmatched,,False,False,custom,chat_finetuned,missing,2025-01-06,,
pankajmathur/orca_mini_v9_6_3B-Instruct,False,unmatched,,False,False,custom,chat_finetuned,missing,2025-01-03,,
pankajmathur/orca_mini_v9_7_1B-Instruct,False,unmatched,,False,False,custom,chat_finetuned,missing,2025-01-05,,
pankajmathur/orca_mini_v9_7_3B-Instruct,False,unmatched,,False,False,custom,chat_finetuned,missing,2025-01-05,,
paulml/ECE-ILAB-Q1,False,unmatched,,False,False,unclear,other,missing,2024-09-16,,
pints-ai/1.5-Pints-16K-v0.1,False,unmatched,,False,False,permissive,pretrained,missing,2024-09-09,,
pints-ai/1.5-Pints-2K-v0.1,False,unmatched,,False,False,permissive,pretrained,missing,2024-09-09,,
piotr25691/thea-3b-25r,False,unmatched,,False,False,custom,chat_finetuned,missing,2024-10-12,,
piotr25691/thea-c-3b-25r,False,unmatched,,False,False,custom,chat_finetuned,missing,2024-10-17,,
piotr25691/thea-rp-3b-25r,False,unmatched,,False,False,custom,chat_finetuned,missing,2024-10-16,,
postbot/gpt2-medium-emailgen,False,unmatched,,False,False,permissive,pretrained,missing,2024-11-17,,
prince-canuma/Ministral-8B-Instruct-2410-HF,False,unmatched,,False,False,unclear,chat_finetuned,missing,2024-10-17,,
princeton-nlp/Llama-3-8B-ProLong-512k-Base,False,unmatched,,False,False,custom,pretrained,missing,2024-10-16,,
princeton-nlp/Llama-3-8B-ProLong-512k-Instruct,False,unmatched,,False,False,custom,chat_finetuned,missing,2024-11-16,,
princeton-nlp/Llama-3-8B-ProLong-512k-Instruct,False,unmatched,,False,False,custom,chat_finetuned,missing,2024-11-16,,
princeton-nlp/Llama-3-8B-ProLong-64k-Base,False,unmatched,,False,False,custom,pretrained,missing,2024-10-16,,
princeton-nlp/Llama-3-8B-ProLong-64k-Instruct,False,unmatched,,False,False,custom,chat_finetuned,missing,2024-10-16,,
princeton-nlp/Llama-3-Base-8B-SFT,False,unmatched,,False,False,missing,chat_finetuned,missing,2024-10-07,,
princeton-nlp/Llama-3-Base-8B-SFT-CPO,False,unmatched,,False,False,missing,chat_finetuned,missing,2024-10-07,,
princeton-nlp/Llama-3-Base-8B-SFT-DPO,False,unmatched,,False,False,missing,chat_finetuned,missing,2024-10-07,,
princeton-nlp/Llama-3-Base-8B-SFT-IPO,False,unmatched,,False,False,missing,chat_finetuned,missing,2024-10-07,,
princeton-nlp/Llama-3-Base-8B-SFT-KTO,False,unmatched,,False,False,missing,chat_finetuned,missing,2024-10-07,,
princeton-nlp/Llama-3-Base-8B-SFT-ORPO,False,unmatched,,False,False,missing,chat_finetuned,missing,2024-10-07,,
princeton-nlp/Llama-3-Base-8B-SFT-RDPO,False,unmatched,,False,False,missing,chat_finetuned,missing,2024-10-07,,
princeton-nlp/Llama-3-Base-8B-SFT-RRHF,False,unmatched,,False,False,missing,chat_finetuned,missing,2024-10-07,,
princeton-nlp/Llama-3-Base-8B-SFT-SLiC-HF,False,unmatched,,False,False,missing,chat_finetuned,missing,2024-10-07,,
princeton-nlp/Llama-3-Base-8B-SFT-SimPO,False,unmatched,,False,False,missing,chat_finetuned,missing,2024-09-28,,
princeton-nlp/Llama-3-Instruct-8B-CPO,False,unmatched,,False,False,missing,chat_finetuned,missing,2024-09-28,,
princeton-nlp/Llama-3-Instruct-8B-CPO-v0.2,False,unmatched,,False,False,missing,chat_finetuned,missing,2024-09-28,,
princeton-nlp/Llama-3-Instruct-8B-DPO,False,unmatched,,False,False,missing,chat_finetuned,missing,2024-09-28,,
princeton-nlp/Llama-3-Instruct-8B-DPO-v0.2,False,unmatched,,False,False,missing,chat_finetuned,missing,2024-09-28,,
princeton-nlp/Llama-3-Instruct-8B-KTO,False,unmatched,,False,False,missing,chat_finetuned,missing,2024-09-28,,
princeton-nlp/Llama-3-Instruct-8B-KTO-v0.2,False,unmatched,,False,False,missing,chat_finetuned,missing,2024-09-28,,
princeton-nlp/Llama-3-Instruct-8B-ORPO,False,unmatched,,False,False,missing,chat_finetuned,missing,2024-09-28,,
princeton-nlp/Llama-3-Instruct-8B-ORPO-v0.2,False,unmatched,,False,False,missing,chat_finetuned,missing,2024-09-28,,
princeton-nlp/Llama-3-Instruct-8B-RDPO,False,unmatched,,False,False,missing,chat_finetuned,missing,2024-09-28,,
princeton-nlp/Llama-3-Instruct-8B-RDPO-v0.2,False,unmatched,,False,False,missing,chat_finetuned,missing,2024-09-28,,
princeton-nlp/Llama-3-Instruct-8B-RRHF,False,unmatched,,False,False,missing,chat_finetuned,missing,2024-10-07,,
princeton-nlp/Llama-3-Instruct-8B-RRHF-v0.2,False,unmatched,,False,False,missing,chat_finetuned,missing,2024-10-07,,
princeton-nlp/Llama-3-Instruct-8B-SLiC-HF,False,unmatched,,False,False,missing,chat_finetuned,missing,2024-10-07,,
princeton-nlp/Llama-3-Instruct-8B-SLiC-HF-v0.2,False,unmatched,,False,False,missing,chat_finetuned,missing,2024-10-07,,
princeton-nlp/Llama-3-Instruct-8B-SimPO,False,unmatched,,False,False,missing,chat_finetuned,missing,2024-09-28,,
princeton-nlp/Llama-3-Instruct-8B-SimPO-v0.2,False,unmatched,,False,False,missing,chat_finetuned,missing,2024-09-28,,
princeton-nlp/Mistral-7B-Base-SFT-CPO,False,unmatched,,False,False,missing,chat_finetuned,missing,2024-10-07,,
princeton-nlp/Mistral-7B-Base-SFT-DPO,False,unmatched,,False,False,missing,chat_finetuned,missing,2024-10-07,,
princeton-nlp/Mistral-7B-Base-SFT-IPO,False,unmatched,,False,False,missing,chat_finetuned,missing,2024-10-07,,
princeton-nlp/Mistral-7B-Base-SFT-KTO,False,unmatched,,False,False,missing,chat_finetuned,missing,2024-10-07,,
princeton-nlp/Mistral-7B-Base-SFT-RDPO,False,unmatched,,False,False,missing,chat_finetuned,missing,2024-10-07,,
princeton-nlp/Mistral-7B-Base-SFT-RRHF,False,unmatched,,False,False,missing,chat_finetuned,missing,2024-10-07,,
princeton-nlp/Mistral-7B-Base-SFT-SLiC-HF,False,unmatched,,False,False,missing,chat_finetuned,missing,2024-10-07,,
princeton-nlp/Mistral-7B-Base-SFT-SimPO,False,unmatched,,False,False,missing,chat_finetuned,missing,2024-09-21,,
princeton-nlp/Mistral-7B-Instruct-CPO,False,unmatched,,False,False,missing,chat_finetuned,missing,2024-10-07,,
princeton-nlp/Mistral-7B-Instruct-DPO,False,unmatched,,False,False,missing,chat_finetuned,missing,2024-10-07,,
princeton-nlp/Mistral-7B-Instruct-IPO,False,unmatched,,False,False,missing,chat_finetuned,missing,2024-10-07,,
princeton-nlp/Mistral-7B-Instruct-KTO,False,unmatched,,False,False,missing,chat_finetuned,missing,2024-10-07,,
princeton-nlp/Mistral-7B-Instruct-ORPO,False,unmatched,,False,False,missing,chat_finetuned,missing,2024-10-07,,
princeton-nlp/Mistral-7B-Instruct-RDPO,False,unmatched,,False,False,missing,chat_finetuned,missing,2024-10-07,,
princeton-nlp/Mistral-7B-Instruct-RRHF,False,unmatched,,False,False,missing,chat_finetuned,missing,2024-10-07,,
princeton-nlp/Mistral-7B-Instruct-SLiC-HF,False,unmatched,,False,False,missing,chat_finetuned,missing,2024-10-16,,
princeton-nlp/Mistral-7B-Instruct-SimPO,False,unmatched,,False,False,missing,chat_finetuned,missing,2024-09-21,,
princeton-nlp/Sheared-LLaMA-1.3B,False,unmatched,,False,False,permissive,pretrained,missing,2024-07-29,,
princeton-nlp/Sheared-LLaMA-2.7B,False,unmatched,,False,False,permissive,pretrained,missing,2024-07-29,,
princeton-nlp/gemma-2-9b-it-DPO,False,unmatched,,False,False,missing,chat_finetuned,missing,2024-09-19,,
princeton-nlp/gemma-2-9b-it-SimPO,False,unmatched,,False,False,permissive,chat_finetuned,missing,2024-08-10,,
prithivMLmods/Bellatrix-1.5B-xElite,False,unmatched,,False,False,permissive,chat_finetuned,missing,2025-01-27,,
prithivMLmods/Bellatrix-Tiny-1.5B-R1,False,unmatched,,False,False,permissive,chat_finetuned,missing,2025-02-02,,
prithivMLmods/Bellatrix-Tiny-1B-v2,False,unmatched,,False,False,custom,chat_finetuned,missing,2025-01-27,,
prithivMLmods/Blaze-14B-xElite,False,unmatched,,False,False,custom,chat_finetuned,missing,2025-01-28,,
prithivMLmods/COCO-7B-Instruct-1M,False,unmatched,,False,False,permissive,chat_finetuned,missing,2025-01-27,,
prithivMLmods/Calcium-Opus-14B-Elite,False,unmatched,,False,False,permissive,chat_finetuned,missing,2025-01-23,,
prithivMLmods/Calcium-Opus-14B-Elite,False,unmatched,,False,False,permissive,chat_finetuned,missing,2025-01-23,,
prithivMLmods/Calcium-Opus-14B-Elite-1M,False,unmatched,,False,False,permissive,chat_finetuned,missing,2025-01-27,,
prithivMLmods/Calcium-Opus-14B-Elite-Stock,False,unmatched,,False,False,missing,other,missing,2025-01-25,,
prithivMLmods/Calcium-Opus-14B-Elite2,False,unmatched,,False,False,permissive,chat_finetuned,missing,2025-01-25,,
prithivMLmods/Calcium-Opus-14B-Elite2-R1,False,unmatched,,False,False,permissive,chat_finetuned,missing,2025-02-02,,
prithivMLmods/Calcium-Opus-14B-Elite3,False,unmatched,,False,False,permissive,chat_finetuned,missing,2025-01-25,,
prithivMLmods/Calcium-Opus-14B-Elite4,False,unmatched,,False,False,permissive,chat_finetuned,missing,2025-01-25,,
prithivMLmods/Calcium-Opus-14B-Merge,False,unmatched,,False,False,missing,other,missing,2025-01-24,,
prithivMLmods/Calcium-Opus-20B-v1,False,unmatched,,False,False,permissive,chat_finetuned,missing,2025-01-23,,
prithivMLmods/Codepy-Deepthink-3B,False,unmatched,,False,False,custom,chat_finetuned,missing,2025-01-12,,
prithivMLmods/Coma-II-14B,False,unmatched,,False,False,permissive,chat_finetuned,missing,2025-03-03,,
prithivMLmods/Condor-Opus-14B-Exp,False,unmatched,,False,False,permissive,chat_finetuned,missing,2025-03-03,,
prithivMLmods/Cygnus-II-14B,False,unmatched,,False,False,permissive,chat_finetuned,missing,2025-03-03,,
prithivMLmods/Deepthink-Llama-3-8B-Preview,False,unmatched,,False,False,custom,chat_finetuned,missing,2025-03-12,,
prithivMLmods/Deepthink-Reasoning-14B,False,unmatched,,False,False,permissive,chat_finetuned,missing,2025-01-22,,
prithivMLmods/Deepthink-Reasoning-7B,False,unmatched,,False,False,custom,chat_finetuned,missing,2025-01-09,,
prithivMLmods/Dinobot-Opus-14B-Exp,False,unmatched,,False,False,permissive,chat_finetuned,missing,2025-02-15,,
prithivMLmods/Elita-0.1-Distilled-R1-abliterated,False,unmatched,,False,False,permissive,chat_finetuned,missing,2025-02-09,,
prithivMLmods/Elita-1,False,unmatched,,False,False,permissive,chat_finetuned,missing,2025-02-07,,
prithivMLmods/Epimetheus-14B-Axo,False,unmatched,,False,False,permissive,chat_finetuned,missing,2025-03-04,,
prithivMLmods/Equuleus-Opus-14B-Exp,False,unmatched,,False,False,permissive,chat_finetuned,missing,2025-02-27,,
prithivMLmods/Eridanus-Opus-14B-r999,False,unmatched,,False,False,permissive,chat_finetuned,missing,2025-03-01,,
prithivMLmods/Evac-Opus-14B-Exp,False,unmatched,,False,False,permissive,chat_finetuned,missing,2025-02-16,,
prithivMLmods/FastThink-0.5B-Tiny,False,unmatched,,False,False,permissive,chat_finetuned,missing,2025-01-24,,
prithivMLmods/GWQ-9B-Preview,False,unmatched,,False,False,custom,chat_finetuned,missing,2025-01-08,,
prithivMLmods/GWQ-9B-Preview2,False,unmatched,,False,False,custom,chat_finetuned,missing,2025-01-08,,
prithivMLmods/GWQ2b,False,unmatched,,False,False,custom,chat_finetuned,missing,2025-01-12,,
prithivMLmods/Gaea-Opus-14B-Exp,False,unmatched,,False,False,permissive,chat_finetuned,missing,2025-03-13,,
prithivMLmods/Galactic-Qwen-14B-Exp1,False,unmatched,,False,False,permissive,chat_finetuned,missing,2025-03-12,,
prithivMLmods/Galactic-Qwen-14B-Exp2,False,unmatched,,False,False,permissive,chat_finetuned,missing,2025-03-13,,
prithivMLmods/Gauss-Opus-14B-R999,False,unmatched,,False,False,permissive,chat_finetuned,missing,2025-03-04,,
prithivMLmods/Jolt-v0.1,False,unmatched,,False,False,permissive,chat_finetuned,missing,2025-02-07,,
prithivMLmods/Lacerta-Opus-14B-Elite8,False,unmatched,,False,False,permissive,chat_finetuned,missing,2025-02-27,,
prithivMLmods/Llama-3.1-5B-Instruct,False,unmatched,,False,False,custom,chat_finetuned,missing,2025-01-12,,
prithivMLmods/Llama-3.1-8B-Open-SFT,False,unmatched,,False,False,custom,chat_finetuned,missing,2025-01-12,,
prithivMLmods/Llama-3.2-3B-Math-Oct,False,unmatched,,False,False,custom,chat_finetuned,missing,2025-01-24,,
prithivMLmods/Llama-3.2-6B-AlgoCode,False,unmatched,,False,False,custom,chat_finetuned,missing,2025-01-12,,
prithivMLmods/Llama-8B-Distill-CoT,False,unmatched,,False,False,custom,chat_finetuned,missing,2025-01-22,,
prithivMLmods/Llama-Deepsync-1B,False,unmatched,,False,False,custom,chat_finetuned,missing,2025-01-12,,
prithivMLmods/Llama-Deepsync-3B,False,unmatched,,False,False,custom,chat_finetuned,missing,2025-01-12,,
prithivMLmods/Llama-Express.1-Math,False,unmatched,,False,False,custom,chat_finetuned,missing,2025-01-25,,
prithivMLmods/LwQ-10B-Instruct,False,unmatched,,False,False,custom,chat_finetuned,missing,2025-01-19,,
prithivMLmods/LwQ-Reasoner-10B,False,unmatched,,False,False,custom,chat_finetuned,missing,2025-01-19,,
prithivMLmods/Magellanic-Opus-14B-Exp,False,unmatched,,False,False,permissive,chat_finetuned,missing,2025-02-14,,
prithivMLmods/Magellanic-Qwen-25B-R999,False,unmatched,,False,False,missing,chat_finetuned,missing,2025-03-04,,
prithivMLmods/Megatron-Corpus-14B-Exp,False,unmatched,,False,False,permissive,chat_finetuned,missing,2025-02-13,,
prithivMLmods/Megatron-Corpus-14B-Exp.v2,False,unmatched,,False,False,permissive,chat_finetuned,missing,2025-02-07,,
prithivMLmods/Megatron-Opus-14B-2.0,False,unmatched,,False,False,custom,chat_finetuned,missing,2025-02-09,,
prithivMLmods/Megatron-Opus-14B-2.1,False,unmatched,,False,False,custom,chat_finetuned,missing,2025-02-21,,
prithivMLmods/Megatron-Opus-14B-Exp,False,unmatched,,False,False,permissive,chat_finetuned,missing,2025-02-03,,
prithivMLmods/Megatron-Opus-14B-Stock,False,unmatched,,False,False,missing,other,missing,2025-02-03,,
prithivMLmods/Megatron-Opus-7B-Exp,False,unmatched,,False,False,custom,chat_finetuned,missing,2025-02-03,,
prithivMLmods/Messier-Opus-14B-Elite7,False,unmatched,,False,False,permissive,chat_finetuned,missing,2025-02-27,,
prithivMLmods/Omni-Reasoner-Merged,False,unmatched,,False,False,missing,chat_finetuned,missing,2025-01-17,,
prithivMLmods/Omni-Reasoner3-Merged,False,unmatched,,False,False,missing,chat_finetuned,missing,2025-01-17,,
prithivMLmods/Pegasus-Opus-14B-Exp,False,unmatched,,False,False,permissive,chat_finetuned,missing,2025-03-01,,
prithivMLmods/Phi-4-Empathetic,False,unmatched,,False,False,permissive,chat_finetuned,missing,2025-01-12,,
prithivMLmods/Phi-4-Math-IO,False,unmatched,,False,False,permissive,chat_finetuned,missing,2025-01-12,,
prithivMLmods/Phi-4-QwQ,False,unmatched,,False,False,permissive,chat_finetuned,missing,2025-01-12,,
prithivMLmods/Phi-4-Super,False,unmatched,,False,False,missing,other,missing,2025-01-24,,
prithivMLmods/Phi-4-Super-1,False,unmatched,,False,False,missing,other,missing,2025-01-24,,
prithivMLmods/Phi-4-Super-o1,False,unmatched,,False,False,missing,other,missing,2025-01-24,,
prithivMLmods/Phi-4-o1,False,unmatched,,False,False,permissive,chat_finetuned,missing,2025-01-09,,
prithivMLmods/Phi4-Super,False,unmatched,,False,False,missing,chat_finetuned,missing,2025-01-23,,
prithivMLmods/Porpoise-Opus-14B-Exp,False,unmatched,,False,False,permissive,chat_finetuned,missing,2025-02-27,,
prithivMLmods/Primal-Opus-14B-Optimus-v1,False,unmatched,,False,False,permissive,chat_finetuned,missing,2025-02-03,,
prithivMLmods/Primal-Opus-14B-Optimus-v2,False,unmatched,,False,False,permissive,chat_finetuned,missing,2025-02-27,,
prithivMLmods/QwQ-LCoT-14B-Conversational,False,unmatched,,False,False,permissive,chat_finetuned,missing,2025-01-19,,
prithivMLmods/QwQ-LCoT-3B-Instruct,False,unmatched,,False,False,custom,chat_finetuned,missing,2025-01-12,,
prithivMLmods/QwQ-LCoT-7B-Instruct,False,unmatched,,False,False,custom,chat_finetuned,missing,2025-01-07,,
prithivMLmods/QwQ-LCoT1-Merged,False,unmatched,,False,False,missing,chat_finetuned,missing,2025-01-22,,
prithivMLmods/QwQ-LCoT2-7B-Instruct,False,unmatched,,False,False,permissive,chat_finetuned,missing,2025-01-24,,
prithivMLmods/QwQ-MathOct-7B,False,unmatched,,False,False,permissive,chat_finetuned,missing,2025-01-19,,
prithivMLmods/QwQ-R1-Distill-1.5B-CoT,False,unmatched,,False,False,permissive,chat_finetuned,missing,2025-01-22,,
prithivMLmods/QwQ-R1-Distill-7B-CoT,False,unmatched,,False,False,permissive,chat_finetuned,missing,2025-01-22,,
prithivMLmods/Qwen-7B-Distill-Reasoner,False,unmatched,,False,False,permissive,chat_finetuned,missing,2025-01-28,,
prithivMLmods/Qwen2.5-1.5B-DeepSeek-R1-Instruct,False,unmatched,,False,False,missing,other,missing,2025-01-29,,
prithivMLmods/Qwen2.5-14B-DeepSeek-R1-1M,False,unmatched,,False,False,missing,other,missing,2025-02-01,,
prithivMLmods/Qwen2.5-7B-DeepSeek-R1-1M,False,unmatched,,False,False,missing,other,missing,2025-01-29,,
prithivMLmods/SmolLM2-CoT-360M,False,unmatched,,False,False,permissive,chat_finetuned,missing,2025-01-07,,
prithivMLmods/Sombrero-Opus-14B-Elite5,False,unmatched,,False,False,permissive,chat_finetuned,missing,2025-02-13,,
prithivMLmods/Sombrero-Opus-14B-Elite6,False,unmatched,,False,False,permissive,chat_finetuned,missing,2025-02-25,,
prithivMLmods/Sombrero-Opus-14B-Sm1,False,unmatched,,False,False,permissive,chat_finetuned,missing,2025-03-08,,
prithivMLmods/Sombrero-Opus-14B-Sm2,False,unmatched,,False,False,permissive,chat_finetuned,missing,2025-03-08,,
prithivMLmods/Sombrero-Opus-14B-Sm4,False,unmatched,,False,False,permissive,chat_finetuned,missing,2025-03-12,,
prithivMLmods/Sombrero-Opus-14B-Sm5,False,unmatched,,False,False,permissive,chat_finetuned,missing,2025-03-08,,
prithivMLmods/Sqweeks-7B-Instruct,False,unmatched,,False,False,permissive,chat_finetuned,missing,2025-02-07,,
prithivMLmods/Tadpole-Opus-14B-Exp,False,unmatched,,False,False,permissive,chat_finetuned,missing,2025-02-26,,
prithivMLmods/Taurus-Opus-7B,False,unmatched,,False,False,permissive,chat_finetuned,missing,2025-01-27,,
prithivMLmods/Triangulum-10B,False,unmatched,,False,False,custom,chat_finetuned,missing,2025-01-07,,
prithivMLmods/Triangulum-5B,False,unmatched,,False,False,custom,chat_finetuned,missing,2025-01-07,,
prithivMLmods/Triangulum-v2-10B,False,unmatched,,False,False,custom,chat_finetuned,missing,2025-01-31,,
prithivMLmods/Tucana-Opus-14B-r999,False,unmatched,,False,False,permissive,chat_finetuned,missing,2025-03-01,,
prithivMLmods/Tulu-MathLingo-8B,False,unmatched,,False,False,custom,chat_finetuned,missing,2025-01-12,,
prithivMLmods/Viper-Coder-7B-Elite14,False,unmatched,,False,False,missing,chat_finetuned,missing,2025-03-13,,
prithivMLmods/Viper-Coder-Hybrid-v1.2,False,unmatched,,False,False,permissive,chat_finetuned,missing,2025-02-21,,
prithivMLmods/Viper-Coder-Hybrid-v1.3,False,unmatched,,False,False,permissive,chat_finetuned,missing,2025-02-22,,
prithivMLmods/Viper-Coder-HybridMini-v1.3,False,unmatched,,False,False,permissive,chat_finetuned,missing,2025-02-22,,
prithivMLmods/Viper-Coder-v0.1,False,unmatched,,False,False,permissive,chat_finetuned,missing,2025-02-07,,
prithivMLmods/Viper-Coder-v1.1,False,unmatched,,False,False,permissive,chat_finetuned,missing,2025-02-14,,
prithivMLmods/Viper-Coder-v1.6-r999,False,unmatched,,False,False,permissive,chat_finetuned,missing,2025-03-01,,
prithivMLmods/Viper-Coder-v1.7-Vsm6,False,unmatched,,False,False,permissive,chat_finetuned,missing,2025-03-07,,
prithivMLmods/Viper-OneCoder-UIGEN,False,unmatched,,False,False,permissive,chat_finetuned,missing,2025-02-27,,
prithivMLmods/Volans-Opus-14B-Exp,False,unmatched,,False,False,permissive,chat_finetuned,missing,2025-03-13,,
prithivMLmods/WebMind-7B-v0.1,False,unmatched,,False,False,permissive,chat_finetuned,missing,2025-02-07,,
pszemraj/Llama-3-6.3b-v0.1,False,unmatched,,False,False,custom,pretrained,missing,2024-06-26,,
pszemraj/Mistral-v0.3-6B,False,unmatched,,False,False,permissive,pretrained,missing,2024-06-26,,
qingy2019/LLaMa_3.2_3B_Catalysts,False,unmatched,,False,False,permissive,chat_finetuned,missing,2024-10-29,,
qingy2019/OpenMath2-Llama3.1-8B,False,unmatched,,False,False,missing,chat_finetuned,missing,2024-11-23,,
qingy2019/Oracle-14B,False,unmatched,,False,False,missing,other,missing,2024-11-23,,
qingy2019/Oracle-14B,False,unmatched,,False,False,missing,other,missing,2024-11-24,,
qingy2019/Qwen2.5-Math-14B-Instruct,False,unmatched,,False,False,permissive,chat_finetuned,missing,2024-12-01,,
qingy2019/Qwen2.5-Math-14B-Instruct,False,unmatched,,False,False,permissive,chat_finetuned,missing,2024-12-01,,
qingy2019/Qwen2.5-Math-14B-Instruct-Alpha,False,unmatched,,False,False,permissive,chat_finetuned,missing,2024-12-03,,
qingy2019/Qwen2.5-Math-14B-Instruct-Pro,False,unmatched,,False,False,missing,chat_finetuned,missing,2024-12-03,,
qingy2019/Qwen2.5-Ultimate-14B-Instruct,False,unmatched,,False,False,missing,other,missing,2024-12-02,,
qingy2024/Benchmaxx-Llama-3.2-1B-Instruct,False,unmatched,,False,False,missing,chat_finetuned,missing,2025-02-22,,
qingy2024/Eyas-17B-Instruct,False,unmatched,,False,False,missing,chat_finetuned,missing,2024-12-23,,
qingy2024/Falcon3-2x10B-MoE-Instruct,False,unmatched,,False,False,permissive,pretrained,missing,2024-12-25,,
qingy2024/Fusion-14B-Instruct,False,unmatched,,False,False,missing,chat_finetuned,missing,2024-12-05,,
qingy2024/Fusion2-14B-Instruct,False,unmatched,,False,False,missing,chat_finetuned,missing,2024-12-06,,
qingy2024/Fusion4-14B-Instruct,False,unmatched,,False,False,missing,chat_finetuned,missing,2024-12-25,,
qingy2024/OwO-14B-Instruct,False,unmatched,,False,False,permissive,chat_finetuned,missing,2024-12-30,,
qingy2024/QwEnlarge-16B-Instruct,False,unmatched,,False,False,missing,chat_finetuned,missing,2025-03-06,,
qingy2024/QwQ-14B-Math-v0.2,False,unmatched,,False,False,permissive,chat_finetuned,missing,2024-12-23,,
qingy2024/Qwarkstar-4B,False,unmatched,,False,False,missing,pretrained,missing,2025-01-10,,
qingy2024/Qwarkstar-4B-Instruct-Preview,False,unmatched,,False,False,permissive,chat_finetuned,missing,2025-01-17,,
qingy2024/Qwen2.5-4B,False,unmatched,,False,False,missing,pretrained,missing,2025-01-16,,
qingy2024/Qwen2.5-Coder-Draft-1.5B-Instruct,False,unmatched,,False,False,missing,chat_finetuned,missing,2025-01-31,,
qingy2024/Qwen2.5-Math-14B-Instruct-Alpha,False,unmatched,,False,False,permissive,chat_finetuned,missing,2024-12-10,,
qingy2024/Qwen2.5-Math-14B-Instruct-Preview,False,unmatched,,False,False,permissive,chat_finetuned,missing,2024-12-10,,
qingy2024/Qwen2.6-14B-Instruct,False,unmatched,,False,False,missing,other,missing,2024-12-04,,
qingy2024/Qwen2.6-Math-14B-Instruct,False,unmatched,,False,False,permissive,chat_finetuned,missing,2024-12-04,,
qq8933/OpenLongCoT-Base-Gemma2-2B,False,unmatched,,False,False,unclear,chat_finetuned,missing,2024-11-12,,
raphgg/test-2.5-72B,False,unmatched,,False,False,permissive,chat_finetuned,missing,2024-12-27,,
rasyosef/Mistral-NeMo-Minitron-8B-Chat,False,unmatched,,False,False,unclear,chat_finetuned,missing,2024-08-26,,
rasyosef/Phi-1_5-Instruct-v0.1,False,unmatched,,False,False,permissive,chat_finetuned,missing,2024-07-25,,
rasyosef/phi-2-instruct-apo,False,unmatched,,False,False,permissive,chat_finetuned,missing,2024-09-17,,
rasyosef/phi-2-instruct-v0.1,False,unmatched,,False,False,permissive,chat_finetuned,missing,2024-08-10,,
realtreetune/rho-1b-sft-MATH,False,unmatched,,False,False,missing,chat_finetuned,missing,2024-10-05,,
recoilme/Gemma-2-Ataraxy-Gemmasutra-9B-slerp,False,unmatched,,False,False,permissive,chat_finetuned,missing,2024-09-12,,
recoilme/Gemma-2-Ataraxy-Gemmasutra-9B-slerp,False,unmatched,,False,False,permissive,other,missing,2024-09-27,,
recoilme/recoilme-gemma-2-9B-v0.1,False,unmatched,,False,False,missing,chat_finetuned,missing,2024-09-18,,
recoilme/recoilme-gemma-2-9B-v0.2,False,unmatched,,False,False,research-only,chat_finetuned,missing,2024-09-18,,
recoilme/recoilme-gemma-2-9B-v0.2,False,unmatched,,False,False,research-only,other,missing,2024-09-27,,
recoilme/recoilme-gemma-2-9B-v0.3,False,unmatched,,False,False,research-only,chat_finetuned,missing,2024-09-18,,
recoilme/recoilme-gemma-2-9B-v0.3,False,unmatched,,False,False,research-only,other,missing,2024-09-27,,
recoilme/recoilme-gemma-2-9B-v0.4,False,unmatched,,False,False,research-only,other,missing,2024-09-19,,
recoilme/recoilme-gemma-2-9B-v0.5,False,unmatched,,False,False,missing,chat_finetuned,missing,2024-11-26,,
redrix/AngelSlayer-12B-Unslop-Mell-RPMax-DARKNESS,False,unmatched,,False,False,permissive,other,missing,2024-12-12,,
redrix/patricide-12B-Unslop-Mell,False,unmatched,,False,False,permissive,other,missing,2024-12-12,,
refuelai/Llama-3-Refueled,False,unmatched,,False,False,research-only,chat_finetuned,missing,2024-06-12,,
rhplus0831/maid-yuzu-v7,False,unmatched,,False,False,missing,chat_finetuned,missing,2024-09-08,,
rhymes-ai/Aria,True,normalized_exact_owner,Yes,True,True,permissive,other,reported,2024-10-10,2024-10-08,2.0
rhysjones/phi-2-orange-v2,False,unmatched,,False,False,permissive,chat_finetuned,missing,2024-06-28,,
riaz/FineLlama-3.1-8B,False,unmatched,,False,False,permissive,chat_finetuned,missing,2024-10-12,,
riaz/FineLlama-3.1-8B,False,unmatched,,False,False,permissive,chat_finetuned,missing,2024-10-12,,
rmdhirr/Gluon-8B,False,unmatched,,False,False,permissive,other,missing,2024-09-14,,
rombodawg/Rombos-Coder-V2.5-Qwen-14b,False,unmatched,,False,False,permissive,chat_finetuned,missing,2025-02-06,,
rombodawg/Rombos-Coder-V2.5-Qwen-7b,False,unmatched,,False,False,permissive,chat_finetuned,missing,2025-02-06,,
rombodawg/Rombos-LLM-V2.5-Qwen-0.5b,False,unmatched,,False,False,permissive,chat_finetuned,missing,2024-09-29,,
rombodawg/Rombos-LLM-V2.5-Qwen-1.5b,False,unmatched,,False,False,permissive,chat_finetuned,missing,2024-09-29,,
rombodawg/Rombos-LLM-V2.5-Qwen-14b,False,unmatched,,False,False,permissive,chat_finetuned,missing,2024-09-29,,
rombodawg/Rombos-LLM-V2.5-Qwen-32b,False,unmatched,,False,False,permissive,chat_finetuned,missing,2024-10-07,,
rombodawg/Rombos-LLM-V2.5-Qwen-3b,False,unmatched,,False,False,unclear,chat_finetuned,missing,2024-09-29,,
rombodawg/Rombos-LLM-V2.5-Qwen-72b,False,unmatched,,False,False,unclear,other,missing,2024-12-19,,
rombodawg/Rombos-LLM-V2.5-Qwen-7b,False,unmatched,,False,False,permissive,chat_finetuned,missing,2024-09-29,,
rombodawg/Rombos-LLM-V2.5.1-Qwen-3b,False,unmatched,,False,False,unclear,other,missing,2024-10-08,,
rombodawg/Rombos-LLM-V2.5.1-Qwen-3b,False,unmatched,,False,False,unclear,chat_finetuned,missing,2024-11-14,,
rombodawg/Rombos-LLM-V2.6-Nemotron-70b,False,unmatched,,False,False,custom,chat_finetuned,missing,2024-10-17,,
rombodawg/Rombos-LLM-V2.6-Qwen-14b,False,unmatched,,False,False,permissive,chat_finetuned,missing,2024-12-07,,
rombodawg/rombos_Replete-Coder-Instruct-8b-Merged,False,unmatched,,False,False,permissive,other,missing,2024-10-14,,
rombodawg/rombos_Replete-Coder-Llama3-8B,False,unmatched,,False,False,unclear,chat_finetuned,missing,2024-10-14,,
rootxhacker/Apollo-70B,False,unmatched,,False,False,permissive,other,missing,2025-03-02,,
rootxhacker/Apollo_v2-32B,False,unmatched,,False,False,permissive,other,missing,2025-03-11,,
rootxhacker/apollo-7B,False,normalized_exact_owner_mismatch,,False,False,permissive,chat_finetuned,missing,2025-03-02,,
rsh345/mistral-ft-optimized-1218-NeuralHermes-2.5-Mistral-7B,False,unmatched,,False,False,missing,other,missing,2025-01-27,,
rubenroy/Geneva-12B-GCv2-5m,False,unmatched,,False,False,permissive,chat_finetuned,missing,2025-02-27,,
rubenroy/Gilgamesh-72B,False,unmatched,,False,False,unclear,chat_finetuned,missing,2025-02-25,,
rubenroy/Zurich-14B-GCv2-5m,False,unmatched,,False,False,permissive,chat_finetuned,missing,2025-02-27,,
ruizhe1217/sft-s1-qwen-0.5b,False,unmatched,,False,False,permissive,chat_finetuned,missing,2025-02-27,,
rwitz/go-bruins-v2,False,unmatched,,False,False,missing,chat_finetuned,missing,2024-06-26,,
sabersaleh/Llama2-7B-CPO,False,unmatched,,False,False,permissive,chat_finetuned,missing,2024-11-30,,
sabersaleh/Llama2-7B-DPO,False,unmatched,,False,False,permissive,chat_finetuned,missing,2024-11-30,,
sabersaleh/Llama2-7B-IPO,False,unmatched,,False,False,permissive,chat_finetuned,missing,2024-11-30,,
sabersaleh/Llama2-7B-KTO,False,unmatched,,False,False,permissive,chat_finetuned,missing,2024-11-30,,
sabersaleh/Llama2-7B-SPO,False,unmatched,,False,False,permissive,chat_finetuned,missing,2024-11-30,,
sabersaleh/Llama2-7B-SimPO,False,unmatched,,False,False,permissive,chat_finetuned,missing,2024-11-30,,
sabersaleh/Llama3,False,unmatched,,False,False,permissive,chat_finetuned,missing,2024-11-29,,
sabersalehk/Llama3-001-300,False,unmatched,,False,False,permissive,chat_finetuned,missing,2024-12-03,,
sabersalehk/Llama3-SimPO,False,unmatched,,False,False,permissive,chat_finetuned,missing,2024-12-02,,
sabersalehk/Llama3_001_200,False,unmatched,,False,False,permissive,chat_finetuned,missing,2024-12-03,,
sabersalehk/Llama3_01_300,False,unmatched,,False,False,permissive,chat_finetuned,missing,2024-12-03,,
saishf/Fimbulvetr-Kuro-Lotus-10.7B,False,unmatched,,False,False,research-only,other,missing,2024-07-09,,
saishf/Neural-SOVLish-Devil-8B-L3,False,unmatched,,False,False,research-only,other,missing,2025-02-02,,
saishshinde15/TethysAI_Base_Reasoning,False,unmatched,,False,False,permissive,chat_finetuned,missing,2025-02-25,,
saishshinde15/TethysAI_Vortex,False,unmatched,,False,False,missing,chat_finetuned,missing,2025-02-25,,
saishshinde15/TethysAI_Vortex_Reasoning,False,unmatched,,False,False,permissive,chat_finetuned,missing,2025-02-25,,
sakaltcommunity/novablast-preview,False,unmatched,,False,False,permissive,other,missing,2024-12-18,,
sakaltcommunity/sakaltum-7b,False,unmatched,,False,False,permissive,other,missing,2024-12-13,,
sakhan10/quantized_open_llama_3b_v2,False,unmatched,,False,False,missing,chat_finetuned,missing,2024-08-28,,
saltlux/luxia-21.4b-alignment-v1.0,False,unmatched,,False,False,permissive,chat_finetuned,missing,2024-06-29,,
saltlux/luxia-21.4b-alignment-v1.2,False,unmatched,,False,False,permissive,chat_finetuned,missing,2024-07-30,,
sam-paech/Darkest-muse-v1,False,unmatched,,False,False,permissive,other,missing,2024-10-26,,
sam-paech/Delirium-v1,False,unmatched,,False,False,custom,chat_finetuned,missing,2024-10-26,,
sam-paech/Quill-v1,False,unmatched,,False,False,missing,chat_finetuned,missing,2024-10-26,,
sarvamai/OpenHathi-7B-Hi-v0.1-Base,False,unmatched,,False,False,custom,chat_finetuned,missing,2025-02-06,,
schnapss/testmerge-7b,False,unmatched,,False,False,missing,other,missing,2024-11-16,,
sci-m-wang/Mistral-7B-Instruct-sa-v0.1,False,unmatched,,False,False,unclear,chat_finetuned,missing,2024-06-27,,
sci-m-wang/Phi-3-mini-4k-instruct-sa-v0.1,False,unmatched,,False,False,unclear,chat_finetuned,missing,2024-06-27,,
sci-m-wang/deepseek-llm-7b-chat-sa-v0.1,False,unmatched,,False,False,unclear,chat_finetuned,missing,2024-06-27,,
securin/Securin-LLM-V2.5-Qwen-1.5B,False,unmatched,,False,False,missing,chat_finetuned,missing,2024-12-08,,
senseable/WestLake-7B-v2,False,unmatched,,False,False,permissive,chat_finetuned,missing,2024-07-23,,
sequelbox/Llama3.1-70B-PlumChat,False,unmatched,,False,False,custom,other,missing,2024-11-27,,
sequelbox/Llama3.1-8B-MOTH,False,unmatched,,False,False,custom,chat_finetuned,missing,2024-09-19,,
sequelbox/Llama3.1-8B-PlumChat,False,unmatched,,False,False,custom,chat_finetuned,missing,2024-10-03,,
sequelbox/Llama3.1-8B-PlumCode,False,unmatched,,False,False,custom,chat_finetuned,missing,2024-10-03,,
sequelbox/Llama3.1-8B-PlumMath,False,unmatched,,False,False,custom,chat_finetuned,missing,2024-10-03,,
sequelbox/gemma-2-9B-MOTH,False,unmatched,,False,False,custom,chat_finetuned,missing,2024-09-10,,
sethuiyer/Llama-3.1-8B-Experimental-1206-Instruct,False,unmatched,,False,False,missing,chat_finetuned,missing,2025-01-19,,
sethuiyer/Llama-3.1-8B-Experimental-1208-Instruct,False,unmatched,,False,False,missing,chat_finetuned,missing,2025-01-18,,
sethuiyer/LlamaZero-3.1-8B-Experimental-1208,False,unmatched,,False,False,missing,other,missing,2025-01-20,,
sethuiyer/Llamaverse-3.1-8B-Instruct,False,unmatched,,False,False,custom,other,missing,2025-01-14,,
sethuiyer/Llamazing-3.1-8B-Instruct,False,unmatched,,False,False,missing,chat_finetuned,missing,2025-01-19,,
sethuiyer/Qwen2.5-7B-Anvita,False,unmatched,,False,False,permissive,other,missing,2024-10-27,,
shadowml/BeagSake-7B,False,unmatched,,False,False,research-only,other,missing,2024-10-29,,
shadowml/Mixolar-4x7b,False,unmatched,,False,False,permissive,other,missing,2024-08-05,,
shastraai/Shastra-LLAMA2-Math-Commonsense-SFT,False,unmatched,,False,False,missing,other,missing,2024-10-27,,
shivam9980/NEPALI-LLM,False,unmatched,,False,False,permissive,pretrained,missing,2024-09-24,,
shivam9980/mistral-7b-news-cnn-merged,False,unmatched,,False,False,permissive,chat_finetuned,missing,2024-09-12,,
shivank21/mistral_dpo_self,False,unmatched,,False,False,missing,chat_finetuned,missing,2025-02-05,,
shuttleai/shuttle-3,False,unmatched,,False,False,unclear,chat_finetuned,missing,2024-12-04,,
shyamieee/Padma-v7.0,False,unmatched,,False,False,permissive,other,missing,2024-06-26,,
silma-ai/SILMA-9B-Instruct-v1.0,False,unmatched,,False,False,custom,chat_finetuned,missing,2024-11-12,,
silma-ai/SILMA-Kashif-2B-Instruct-v1.0,False,unmatched,,False,False,custom,chat_finetuned,missing,2025-01-27,,
siqi00/Mistral-7B-DFT,False,unmatched,,False,False,permissive,chat_finetuned,missing,2025-02-05,,
siqi00/Mistral-7B-DFT2,False,unmatched,,False,False,permissive,chat_finetuned,missing,2025-02-26,,
skumar9/Llama-medx_v2,False,unmatched,,False,False,permissive,chat_finetuned,missing,2025-01-29,,
skymizer/Llama2-7b-sft-chat-custom-template-dpo,False,unmatched,,False,False,custom,chat_finetuned,missing,2024-07-01,,
someon98/qwen-CoMa-0.5b,False,unmatched,,False,False,missing,chat_finetuned,missing,2024-12-29,,
sometimesanotion/ChocoTrio-14B-v1,False,unmatched,,False,False,missing,other,missing,2025-03-01,,
sometimesanotion/IF-reasoning-experiment-40,False,unmatched,,False,False,missing,other,missing,2024-12-29,,
sometimesanotion/IF-reasoning-experiment-80,False,unmatched,,False,False,missing,other,missing,2024-12-29,,
sometimesanotion/KytheraMix-7B-v0.2,False,unmatched,,False,False,missing,other,missing,2025-02-05,,
sometimesanotion/Lamarck-14B-v0.1-experimental,False,unmatched,,False,False,missing,other,missing,2024-12-09,,
sometimesanotion/Lamarck-14B-v0.3,False,unmatched,,False,False,permissive,other,missing,2024-12-09,,
sometimesanotion/Lamarck-14B-v0.4-Qwenvergence,False,unmatched,,False,False,missing,other,missing,2024-12-12,,
sometimesanotion/Lamarck-14B-v0.6,False,unmatched,,False,False,permissive,other,missing,2025-01-05,,
sometimesanotion/Lamarck-14B-v0.6-002-model_stock,False,unmatched,,False,False,missing,other,missing,2025-01-01,,
sometimesanotion/Lamarck-14B-v0.6-model_stock,False,unmatched,,False,False,missing,other,missing,2024-12-31,,
sometimesanotion/Lamarck-14B-v0.7-Fusion,False,unmatched,,False,False,permissive,other,missing,2025-02-23,,
sometimesanotion/Lamarck-14B-v0.7-rc1,False,unmatched,,False,False,missing,other,missing,2025-01-19,,
sometimesanotion/Lamarck-14B-v0.7-rc4,False,unmatched,,False,False,permissive,other,missing,2025-01-21,,
sometimesanotion/LamarckInfusion-14B-v1,False,unmatched,,False,False,missing,other,missing,2025-02-25,,
sometimesanotion/LamarckInfusion-14B-v2,False,unmatched,,False,False,missing,other,missing,2025-03-01,,
sometimesanotion/LamarckInfusion-14B-v2-hi,False,unmatched,,False,False,missing,other,missing,2025-03-01,,
sometimesanotion/LamarckInfusion-14B-v2-lo,False,unmatched,,False,False,missing,other,missing,2025-03-01,,
sometimesanotion/LamarckInfusion-14B-v3,False,unmatched,,False,False,missing,other,missing,2025-03-01,,
sometimesanotion/Qwen-14B-ProseStock-v4,False,unmatched,,False,False,missing,other,missing,2024-12-24,,
sometimesanotion/Qwen-2.5-14B-Virmarckeoso,False,unmatched,,False,False,missing,other,missing,2024-12-10,,
sometimesanotion/Qwen2.5-14B-Vimarckoso,False,unmatched,,False,False,missing,other,missing,2024-12-11,,
sometimesanotion/Qwen2.5-14B-Vimarckoso-v2,False,unmatched,,False,False,missing,other,missing,2024-12-26,,
sometimesanotion/Qwen2.5-14B-Vimarckoso-v3,False,unmatched,,False,False,permissive,other,missing,2024-12-27,,
sometimesanotion/Qwen2.5-14B-Vimarckoso-v3-IF-Variant,False,unmatched,,False,False,missing,other,missing,2024-12-28,,
sometimesanotion/Qwen2.5-14B-Vimarckoso-v3-Prose01,False,unmatched,,False,False,missing,other,missing,2024-12-30,,
sometimesanotion/Qwen2.5-14B-Vimarckoso-v3-model_stock,False,unmatched,,False,False,missing,other,missing,2024-12-27,,
sometimesanotion/Qwen2.5-7B-Gordion-v0.1,False,unmatched,,False,False,missing,other,missing,2025-02-07,,
sometimesanotion/Qwen2.5-7B-Gordion-v0.1-Prose,False,unmatched,,False,False,missing,other,missing,2025-02-08,,
sometimesanotion/Qwen2.5-7B-Gordion-v0.1-Reason,False,unmatched,,False,False,missing,other,missing,2025-02-08,,
sometimesanotion/Qwentessential-14B-v1,False,unmatched,,False,False,missing,other,missing,2025-02-16,,
sometimesanotion/Qwentinuum-14B-v013,False,unmatched,,False,False,missing,other,missing,2024-12-26,,
sometimesanotion/Qwentinuum-14B-v1,False,unmatched,,False,False,missing,other,missing,2024-12-21,,
sometimesanotion/Qwentinuum-14B-v2,False,unmatched,,False,False,missing,other,missing,2024-12-21,,
sometimesanotion/Qwentinuum-14B-v3,False,unmatched,,False,False,missing,other,missing,2024-12-22,,
sometimesanotion/Qwentinuum-14B-v5,False,unmatched,,False,False,missing,other,missing,2024-12-22,,
sometimesanotion/Qwentinuum-14B-v6,False,unmatched,,False,False,missing,other,missing,2024-12-22,,
sometimesanotion/Qwentinuum-14B-v6-Prose,False,unmatched,,False,False,missing,other,missing,2024-12-26,,
sometimesanotion/Qwentinuum-14B-v7,False,unmatched,,False,False,missing,other,missing,2024-12-22,,
sometimesanotion/Qwentinuum-14B-v8,False,unmatched,,False,False,missing,other,missing,2024-12-22,,
sometimesanotion/Qwentinuum-14B-v9,False,unmatched,,False,False,missing,other,missing,2024-12-22,,
sometimesanotion/Qwenvergence-14B-qv256,False,unmatched,,False,False,missing,other,missing,2025-01-01,,
sometimesanotion/Qwenvergence-14B-v0.6-004-model_stock,False,unmatched,,False,False,missing,other,missing,2025-01-01,,
sometimesanotion/Qwenvergence-14B-v10,False,unmatched,,False,False,missing,other,missing,2025-01-22,,
sometimesanotion/Qwenvergence-14B-v11,False,unmatched,,False,False,permissive,other,missing,2025-01-29,,
sometimesanotion/Qwenvergence-14B-v12-Prose,False,unmatched,,False,False,missing,other,missing,2025-01-30,,
sometimesanotion/Qwenvergence-14B-v12-Prose-DS,False,unmatched,,False,False,missing,other,missing,2025-01-30,,
sometimesanotion/Qwenvergence-14B-v13-Prose-DS,False,unmatched,,False,False,permissive,other,missing,2025-02-05,,
sometimesanotion/Qwenvergence-14B-v15-Prose-MS,False,unmatched,,False,False,missing,other,missing,2025-02-26,,
sometimesanotion/Qwenvergence-14B-v2-Prose,False,unmatched,,False,False,missing,other,missing,2024-12-15,,
sometimesanotion/Qwenvergence-14B-v3,False,unmatched,,False,False,missing,other,missing,2024-12-21,,
sometimesanotion/Qwenvergence-14B-v3-Prose,False,unmatched,,False,False,permissive,other,missing,2024-12-21,,
sometimesanotion/Qwenvergence-14B-v3-Reason,False,unmatched,,False,False,missing,chat_finetuned,missing,2024-12-21,,
sometimesanotion/Qwenvergence-14B-v3-Reason,False,unmatched,,False,False,missing,other,missing,2024-12-21,,
sometimesanotion/Qwenvergence-14B-v6-Prose,False,unmatched,,False,False,permissive,other,missing,2024-12-26,,
sometimesanotion/Qwenvergence-14B-v6-Prose-model_stock,False,unmatched,,False,False,missing,other,missing,2024-12-26,,
sometimesanotion/Qwenvergence-14B-v8,False,unmatched,,False,False,missing,other,missing,2025-01-16,,
sometimesanotion/Qwenvergence-14B-v9,False,unmatched,,False,False,missing,other,missing,2025-01-17,,
sometimesanotion/lamarck-14b-prose-model_stock,False,unmatched,,False,False,missing,other,missing,2024-12-09,,
sometimesanotion/lamarck-14b-reason-model_stock,False,unmatched,,False,False,missing,other,missing,2024-12-09,,
sonthenguyen/ft-unsloth-zephyr-sft-bnb-4bit-20241014-161415,False,unmatched,,False,False,permissive,chat_finetuned,missing,2024-10-16,,
sonthenguyen/ft-unsloth-zephyr-sft-bnb-4bit-20241014-164205,False,unmatched,,False,False,permissive,chat_finetuned,missing,2024-10-16,,
sonthenguyen/ft-unsloth-zephyr-sft-bnb-4bit-20241014-170522,False,unmatched,,False,False,permissive,chat_finetuned,missing,2024-10-16,,
sonthenguyen/zephyr-sft-bnb-4bit-DPO-mtbc-213steps,False,unmatched,,False,False,permissive,chat_finetuned,missing,2024-10-03,,
sonthenguyen/zephyr-sft-bnb-4bit-DPO-mtbo-180steps,False,unmatched,,False,False,permissive,chat_finetuned,missing,2024-10-03,,
sonthenguyen/zephyr-sft-bnb-4bit-DPO-mtbr-180steps,False,unmatched,,False,False,permissive,chat_finetuned,missing,2024-10-03,,
sophosympatheia/Midnight-Miqu-70B-v1.5,False,unmatched,,False,False,unclear,other,missing,2024-10-22,,
speakleash/Bielik-11B-v2,True,normalized_exact_owner,Yes,True,True,permissive,pretrained,proxy,2024-10-16,2024-08-28,49.0
speakleash/Bielik-11B-v2.0-Instruct,False,unmatched,,False,False,permissive,chat_finetuned,missing,2024-10-16,,
speakleash/Bielik-11B-v2.1-Instruct,False,unmatched,,False,False,permissive,chat_finetuned,missing,2024-10-16,,
speakleash/Bielik-11B-v2.2-Instruct,False,unmatched,,False,False,permissive,chat_finetuned,missing,2024-10-16,,
speakleash/Bielik-11B-v2.3-Instruct,False,unmatched,,False,False,permissive,chat_finetuned,missing,2024-10-16,,
spmurrayzzz/Mistral-Syndicate-7B,False,unmatched,,False,False,permissive,chat_finetuned,missing,2024-06-27,,
spow12/ChatWaifu_12B_v2.0,False,unmatched,,False,False,research-only,chat_finetuned,missing,2024-10-14,,
spow12/ChatWaifu_22B_v2.0_preview,False,unmatched,,False,False,research-only,chat_finetuned,missing,2024-09-24,,
spow12/ChatWaifu_v1.4,False,unmatched,,False,False,research-only,chat_finetuned,missing,2024-09-05,,
spow12/ChatWaifu_v2.0_22B,False,unmatched,,False,False,research-only,chat_finetuned,missing,2024-10-11,,
spow12/ChatWaifu_v2.0_22B,False,unmatched,,False,False,research-only,chat_finetuned,missing,2024-10-14,,
ssmits/Qwen2.5-95B-Instruct,False,unmatched,,False,False,unclear,chat_finetuned,missing,2024-09-26,,
stabilityai/StableBeluga2,False,normalized_exact_owner_mismatch,,False,False,missing,chat_finetuned,missing,2024-06-13,,
stabilityai/stablelm-2-12b,False,normalized_exact_owner_mismatch,,False,False,unclear,pretrained,missing,2024-06-12,,
stabilityai/stablelm-2-12b-chat,False,unmatched,,False,False,unclear,chat_finetuned,missing,2024-06-12,,
stabilityai/stablelm-2-1_6b,True,normalized_exact_owner,Yes,True,False,unclear,pretrained,reported,2024-06-12,2024-01-18,146.0
stabilityai/stablelm-2-1_6b-chat,False,unmatched,,False,False,unclear,chat_finetuned,missing,2024-06-12,,
stabilityai/stablelm-2-zephyr-1_6b,False,unmatched,,False,False,unclear,chat_finetuned,missing,2024-06-12,,
stabilityai/stablelm-3b-4e1t,False,normalized_exact_owner_mismatch,,False,False,custom,pretrained,missing,2024-08-10,,
stabilityai/stablelm-zephyr-3b,True,normalized_exact_owner,Yes,True,False,unclear,chat_finetuned,missing,2024-06-12,2023-12-07,188.0
sthenno/tempesthenno-0120,False,unmatched,,False,False,missing,chat_finetuned,missing,2025-01-29,,
sthenno/tempesthenno-fusion-0309,False,unmatched,,False,False,permissive,chat_finetuned,missing,2025-03-08,,
sthenno/tempesthenno-kto-0205-ckpt80,False,unmatched,,False,False,permissive,chat_finetuned,missing,2025-02-05,,
sthenno/tempesthenno-nuslerp-001,False,unmatched,,False,False,permissive,chat_finetuned,missing,2025-01-27,,
sthenno/tempesthenno-nuslerp-0124,False,unmatched,,False,False,permissive,chat_finetuned,missing,2025-01-29,,
sthenno/tempesthenno-ppo-ckpt40,False,unmatched,,False,False,permissive,chat_finetuned,missing,2025-01-27,,
sthenno/tempesthenno-sft-0309-ckpt10,False,unmatched,,False,False,permissive,chat_finetuned,missing,2025-03-08,,
sthenno/tempesthenno-sft-0314-stage1-ckpt50,False,unmatched,,False,False,permissive,chat_finetuned,missing,2025-03-13,,
sthenno/tempestissimo-14b-0309,False,unmatched,,False,False,permissive,chat_finetuned,missing,2025-03-08,,
sthenno-com/miscii-14b-0130,False,unmatched,,False,False,permissive,chat_finetuned,missing,2025-01-30,,
sthenno-com/miscii-14b-0218,False,unmatched,,False,False,permissive,chat_finetuned,missing,2025-02-19,,
sthenno-com/miscii-14b-1028,False,unmatched,,False,False,permissive,chat_finetuned,missing,2024-11-17,,
sthenno-com/miscii-14b-1225,False,unmatched,,False,False,permissive,chat_finetuned,missing,2024-12-24,,
streamerbtw1002/Nexuim-R1-7B-Instruct,False,unmatched,,False,False,permissive,chat_finetuned,missing,2025-03-12,,
stupidity-ai/Llama-3-8B-Instruct-MultiMoose,False,unmatched,,False,False,custom,other,missing,2025-03-07,,
suayptalha/Clarus-7B-v0.1,False,unmatched,,False,False,permissive,other,missing,2025-02-24,,
suayptalha/Clarus-7B-v0.2,False,unmatched,,False,False,permissive,other,missing,2025-02-24,,
suayptalha/Clarus-7B-v0.3,False,unmatched,,False,False,permissive,other,missing,2025-02-28,,
suayptalha/DeepSeek-R1-Distill-Llama-3B,False,unmatched,,False,False,permissive,chat_finetuned,missing,2025-02-24,,
suayptalha/Falcon3-Jessi-v0.4-7B-Slerp,False,unmatched,,False,False,unclear,other,missing,2025-01-20,,
suayptalha/HomerCreativeAnvita-Mix-Qw7B,False,unmatched,,False,False,permissive,other,missing,2024-11-24,,
suayptalha/Komodo-Llama-3.2-3B-v2-fp16,False,unmatched,,False,False,permissive,chat_finetuned,missing,2024-11-19,,
suayptalha/Lamarckvergence-14B,False,unmatched,,False,False,permissive,other,missing,2025-02-06,,
suayptalha/Lix-14B-v0.1,False,unmatched,,False,False,permissive,other,missing,2025-03-06,,
suayptalha/Luminis-phi-4,False,unmatched,,False,False,permissive,other,missing,2025-02-06,,
suayptalha/Maestro-10B,False,unmatched,,False,False,unclear,chat_finetuned,missing,2025-01-31,,
suayptalha/Rombos-2.5-T.E-8.1,False,unmatched,,False,False,research-only,other,missing,2024-11-16,,
sumink/Qmerft,False,unmatched,,False,False,missing,other,missing,2025-01-15,,
sumink/Qwenftmodel,False,unmatched,,False,False,unclear,chat_finetuned,missing,2024-12-05,,
sumink/Qwenmplus,False,unmatched,,False,False,unclear,chat_finetuned,missing,2025-01-03,,
sumink/Qwensci,False,unmatched,,False,False,unclear,chat_finetuned,missing,2025-01-03,,
sumink/bbhqwen,False,unmatched,,False,False,missing,chat_finetuned,missing,2025-02-25,,
sumink/bbhqwen2,False,unmatched,,False,False,missing,chat_finetuned,missing,2025-02-25,,
sumink/bbhqwen3,False,unmatched,,False,False,missing,chat_finetuned,missing,2025-02-25,,
sumink/bbhqwen4,False,unmatched,,False,False,missing,chat_finetuned,missing,2025-02-25,,
sumink/bbhqwen5,False,unmatched,,False,False,missing,chat_finetuned,missing,2025-02-25,,
sumink/bbhqwen6,False,unmatched,,False,False,missing,chat_finetuned,missing,2025-02-25,,
sumink/flflmillama,False,unmatched,,False,False,missing,chat_finetuned,missing,2025-02-05,,
sumink/ftgpt,False,unmatched,,False,False,permissive,chat_finetuned,missing,2024-11-20,,
sumink/llamaft,False,unmatched,,False,False,missing,chat_finetuned,missing,2025-02-05,,
sumink/llamamerge,False,unmatched,,False,False,custom,other,missing,2025-01-14,,
sumink/llftfl7,False,unmatched,,False,False,missing,chat_finetuned,missing,2025-02-05,,
sumink/llmer,False,unmatched,,False,False,missing,other,missing,2025-01-15,,
sumink/qwft,False,unmatched,,False,False,unclear,chat_finetuned,missing,2025-01-14,,
sumink/qwmer,False,unmatched,,False,False,missing,other,missing,2025-01-15,,
sumink/solarmer3,False,unmatched,,False,False,missing,other,missing,2025-01-23,,
sumink/somer,False,unmatched,,False,False,missing,other,missing,2025-01-15,,
sumink/somer2,False,unmatched,,False,False,missing,other,missing,2025-01-15,,
sumink/somerft,False,unmatched,,False,False,missing,chat_finetuned,missing,2025-01-17,,
sunbaby/BrainCog-8B-0.1-Instruct,False,unmatched,,False,False,permissive,chat_finetuned,missing,2024-08-27,,
swap-uniba/LLaMAntino-3-ANITA-8B-Inst-DPO-ITA,False,unmatched,,False,False,custom,chat_finetuned,missing,2024-10-25,,
synergetic/FrankenQwen2.5-14B,False,unmatched,,False,False,missing,chat_finetuned,missing,2024-11-30,,
talha2001/Beast-Soul-new,False,unmatched,,False,False,missing,other,missing,2024-08-07,,
tangledgroup/tangled-llama-pints-1.5b-v0.1-instruct,False,unmatched,,False,False,permissive,chat_finetuned,missing,2024-08-29,,
tangledgroup/tangled-llama-pints-1.5b-v0.2-instruct,False,unmatched,,False,False,permissive,chat_finetuned,missing,2024-09-15,,
tanliboy/lambda-gemma-2-9b-dpo,False,unmatched,,False,False,custom,chat_finetuned,missing,2024-09-18,,
tanliboy/lambda-gemma-2-9b-dpo,False,unmatched,,False,False,custom,chat_finetuned,missing,2024-09-18,,
tanliboy/lambda-qwen2.5-14b-dpo-test,False,unmatched,,False,False,permissive,chat_finetuned,missing,2024-09-20,,
tanliboy/lambda-qwen2.5-32b-dpo-test,False,unmatched,,False,False,permissive,chat_finetuned,missing,2024-09-30,,
tannedbum/Ellaria-9B,False,unmatched,,False,False,missing,other,missing,2025-01-07,,
tannedbum/L3-Nymeria-Maid-8B,False,unmatched,,False,False,research-only,other,missing,2025-01-07,,
tannedbum/L3-Nymeria-v2-8B,False,unmatched,,False,False,research-only,other,missing,2025-01-07,,
tannedbum/L3-Rhaenys-8B,False,unmatched,,False,False,research-only,other,missing,2025-01-07,,
teknium/CollectiveCognition-v1.1-Mistral-7B,False,unmatched,,False,False,permissive,chat_finetuned,missing,2024-06-12,,
teknium/OpenHermes-13B,False,unmatched,,False,False,permissive,chat_finetuned,missing,2024-06-12,,
teknium/OpenHermes-2-Mistral-7B,False,unmatched,,False,False,permissive,chat_finetuned,missing,2024-06-12,,
teknium/OpenHermes-2.5-Mistral-7B,False,unmatched,,False,False,permissive,chat_finetuned,missing,2024-06-12,,
teknium/OpenHermes-7B,False,unmatched,,False,False,permissive,chat_finetuned,missing,2024-06-12,,
tensopolis/falcon3-10b-tensopolis-v1,False,unmatched,,False,False,unclear,other,missing,2025-03-08,,
tensopolis/falcon3-10b-tensopolis-v2,False,unmatched,,False,False,unclear,other,missing,2025-03-08,,
tensopolis/lamarckvergence-14b-tensopolis-v1,False,unmatched,,False,False,permissive,other,missing,2025-03-10,,
tensopolis/mistral-small-2501-tensopolis-v1,False,unmatched,,False,False,permissive,other,missing,2025-02-08,,
tensopolis/mistral-small-r1-tensopolis,False,unmatched,,False,False,permissive,chat_finetuned,missing,2025-02-24,,
tensopolis/phi-4-tensopolis-v1,False,unmatched,,False,False,permissive,other,missing,2025-03-09,,
tensopolis/qwen2.5-14b-tensopolis-v1,False,unmatched,,False,False,permissive,other,missing,2025-03-09,,
tensopolis/qwen2.5-3b-or1-tensopolis,False,unmatched,,False,False,missing,chat_finetuned,missing,2025-02-24,,
tensopolis/qwen2.5-7b-tensopolis-v1,False,unmatched,,False,False,permissive,other,missing,2025-03-07,,
tensopolis/qwen2.5-7b-tensopolis-v2,False,unmatched,,False,False,permissive,other,missing,2025-03-08,,
tensopolis/virtuoso-lite-tensopolis-v1,False,unmatched,,False,False,unclear,other,missing,2025-03-08,,
tensopolis/virtuoso-lite-tensopolis-v2,False,unmatched,,False,False,unclear,other,missing,2025-03-09,,
tensopolis/virtuoso-small-tensopolis-v1,False,unmatched,,False,False,permissive,other,missing,2025-01-28,,
tensopolis/virtuoso-small-tensopolis-v2,False,unmatched,,False,False,permissive,other,missing,2025-02-17,,
tensopolis/virtuoso-small-v2-tensopolis-v1,False,unmatched,,False,False,permissive,other,missing,2025-03-09,,
tensoropera/Fox-1-1.6B,False,unmatched,,False,False,permissive,pretrained,missing,2024-06-29,,
tenyx/Llama3-TenyxChat-70B,False,unmatched,,False,False,custom,chat_finetuned,missing,2024-08-04,,
theo77186/Qwen2.5-Coder-7B-Instruct-20241106,False,unmatched,,False,False,permissive,chat_finetuned,missing,2025-01-19,,
theprint/Boptruth-Agatha-7B,False,unmatched,,False,False,missing,chat_finetuned,missing,2024-09-30,,
theprint/CleverBoi-7B-v2,False,unmatched,,False,False,permissive,chat_finetuned,missing,2024-09-13,,
theprint/CleverBoi-7B-v3,False,unmatched,,False,False,permissive,chat_finetuned,missing,2024-09-22,,
theprint/CleverBoi-Llama-3.1-8B-Instruct,False,unmatched,,False,False,permissive,chat_finetuned,missing,2024-09-13,,
theprint/CleverBoi-Llama-3.1-8B-v2,False,unmatched,,False,False,permissive,chat_finetuned,missing,2024-09-22,,
theprint/CleverBoi-Nemo-12B-v2,False,unmatched,,False,False,permissive,chat_finetuned,missing,2024-09-24,,
theprint/Code-Llama-Bagel-8B,False,unmatched,,False,False,custom,other,missing,2024-09-13,,
theprint/Conversely-Mistral-7B,False,unmatched,,False,False,permissive,chat_finetuned,missing,2024-12-07,,
theprint/Llama-3.2-3B-VanRossum,False,unmatched,,False,False,permissive,chat_finetuned,missing,2024-11-14,,
theprint/ReWiz-7B,False,unmatched,,False,False,permissive,chat_finetuned,missing,2024-10-08,,
theprint/ReWiz-Llama-3.1-8B-v2,False,unmatched,,False,False,permissive,chat_finetuned,missing,2024-11-03,,
theprint/ReWiz-Llama-3.2-3B,False,unmatched,,False,False,permissive,chat_finetuned,missing,2024-10-28,,
theprint/ReWiz-Nemo-12B-Instruct,False,unmatched,,False,False,permissive,chat_finetuned,missing,2024-11-02,,
theprint/ReWiz-Qwen-2.5-14B,False,unmatched,,False,False,permissive,chat_finetuned,missing,2024-11-10,,
theprint/ReWiz-Worldbuilder-7B,False,unmatched,,False,False,missing,other,missing,2024-10-28,,
theprint/RuDolph-Hermes-7B,False,unmatched,,False,False,missing,chat_finetuned,missing,2024-11-10,,
theprint/WorldBuilder-12B,False,unmatched,,False,False,permissive,chat_finetuned,missing,2024-11-18,,
theprint/phi-3-mini-4k-python,False,unmatched,,False,False,permissive,chat_finetuned,missing,2024-09-13,,
thinkcoder/llama3-8b-instruct-lora-8-sft,False,unmatched,,False,False,missing,chat_finetuned,missing,2025-03-10,,
thirdeyeai/elevate360m,False,unmatched,,False,False,missing,chat_finetuned,missing,2025-01-29,,
thomas-yanxin/XinYuan-Qwen2-1_5B,False,unmatched,,False,False,unclear,chat_finetuned,missing,2024-09-04,,
thomas-yanxin/XinYuan-Qwen2-7B,False,unmatched,,False,False,unclear,chat_finetuned,missing,2024-09-03,,
thomas-yanxin/XinYuan-Qwen2-7B-0917,False,unmatched,,False,False,unclear,chat_finetuned,missing,2024-09-17,,
thomas-yanxin/XinYuan-Qwen2.5-7B-0917,False,unmatched,,False,False,unclear,chat_finetuned,missing,2024-09-24,,
tianyil1/MistralForCausalLM_Cal_DPO,False,unmatched,,False,False,permissive,chat_finetuned,missing,2025-01-25,,
tiiuae/Falcon3-10B-Base,False,unmatched,,False,False,unclear,pretrained,missing,2024-12-12,,
tiiuae/Falcon3-10B-Instruct,False,unmatched,,False,False,unclear,chat_finetuned,missing,2024-12-16,,
tiiuae/Falcon3-1B-Base,False,unmatched,,False,False,unclear,pretrained,missing,2024-12-16,,
tiiuae/Falcon3-1B-Instruct,False,unmatched,,False,False,unclear,chat_finetuned,missing,2024-12-16,,
tiiuae/Falcon3-3B-Base,False,unmatched,,False,False,unclear,pretrained,missing,2024-12-13,,
tiiuae/Falcon3-3B-Instruct,False,unmatched,,False,False,unclear,chat_finetuned,missing,2024-12-16,,
tiiuae/Falcon3-7B-Base,False,unmatched,,False,False,unclear,pretrained,missing,2024-12-12,,
tiiuae/Falcon3-7B-Instruct,False,unmatched,,False,False,unclear,chat_finetuned,missing,2024-12-16,,
tiiuae/Falcon3-Mamba-7B-Base,False,unmatched,,False,False,unclear,pretrained,missing,2024-12-12,,
tiiuae/Falcon3-Mamba-7B-Instruct,False,unmatched,,False,False,unclear,chat_finetuned,missing,2024-12-13,,
tiiuae/falcon-11B,False,unmatched,,False,False,unclear,pretrained,missing,2024-06-09,,
tiiuae/falcon-40b,False,normalized_exact_owner_mismatch,,False,False,permissive,pretrained,missing,2024-06-09,,
tiiuae/falcon-40b-instruct,False,unmatched,,False,False,permissive,chat_finetuned,missing,2024-06-09,,
tiiuae/falcon-7b,True,normalized_exact_owner,Yes,True,True,permissive,pretrained,reported,2024-06-09,2023-04-24,412.0
tiiuae/falcon-7b-instruct,False,unmatched,,False,False,permissive,chat_finetuned,missing,2024-06-09,,
tiiuae/falcon-mamba-7b,False,unmatched,,False,False,unclear,pretrained,missing,2024-07-23,,
tinycompany/BiBo-v0.3,False,unmatched,,False,False,missing,chat_finetuned,missing,2025-03-13,,
tinycompany/BiBo-v0.7,False,unmatched,,False,False,permissive,chat_finetuned,missing,2025-03-12,,
tinycompany/ShawtyIsBad-bgem3,False,unmatched,,False,False,permissive,pretrained,missing,2025-03-08,,
tinycompany/ShawtyIsBad-e5-large,False,unmatched,,False,False,permissive,pretrained,missing,2025-03-08,,
tinycompany/ShawtyIsBad-ib,False,unmatched,,False,False,permissive,pretrained,missing,2025-03-08,,
tinycompany/ShawtyIsBad-nomic-moe,False,unmatched,,False,False,permissive,pretrained,missing,2025-03-09,,
tinycompany/ShawtyIsBad-nomic1.5,False,unmatched,,False,False,permissive,pretrained,missing,2025-03-08,,
tinycompany/SigmaBoi-base,False,unmatched,,False,False,permissive,pretrained,missing,2025-03-09,,
tinycompany/SigmaBoi-bge-m3,False,unmatched,,False,False,permissive,pretrained,missing,2025-03-08,,
tinycompany/SigmaBoi-bgem3,False,unmatched,,False,False,permissive,chat_finetuned,missing,2025-03-08,,
tinycompany/SigmaBoi-ib,False,unmatched,,False,False,permissive,pretrained,missing,2025-03-08,,
tinycompany/SigmaBoi-nomic-moe,False,unmatched,,False,False,permissive,pretrained,missing,2025-03-09,,
tinycompany/SigmaBoi-nomic1.5,False,unmatched,,False,False,permissive,pretrained,missing,2025-03-08,,
tinycompany/SigmaBoi-nomic1.5-fp32,False,unmatched,,False,False,permissive,pretrained,missing,2025-03-08,,
tinycompany/Tamed-Shawty,False,unmatched,,False,False,permissive,chat_finetuned,missing,2025-03-10,,
tklohj/WindyFloLLM,False,unmatched,,False,False,missing,pretrained,missing,2024-07-10,,
togethercomputer/GPT-JT-6B-v1,False,unmatched,,False,False,permissive,chat_finetuned,missing,2024-06-12,,
togethercomputer/GPT-NeoXT-Chat-Base-20B,False,unmatched,,False,False,permissive,chat_finetuned,missing,2024-06-12,,
togethercomputer/LLaMA-2-7B-32K,False,unmatched,,False,False,custom,chat_finetuned,missing,2024-06-12,,
togethercomputer/Llama-2-7B-32K-Instruct,False,unmatched,,False,False,custom,chat_finetuned,missing,2024-06-12,,
togethercomputer/RedPajama-INCITE-7B-Base,False,normalized_exact_owner_mismatch,,False,False,permissive,pretrained,missing,2024-06-12,,
togethercomputer/RedPajama-INCITE-7B-Chat,False,unmatched,,False,False,permissive,chat_finetuned,missing,2024-06-13,,
togethercomputer/RedPajama-INCITE-7B-Instruct,False,unmatched,,False,False,permissive,chat_finetuned,missing,2024-06-12,,
togethercomputer/RedPajama-INCITE-Base-3B-v1,False,unmatched,,False,False,permissive,pretrained,missing,2024-06-12,,
togethercomputer/RedPajama-INCITE-Chat-3B-v1,False,unmatched,,False,False,permissive,chat_finetuned,missing,2024-06-13,,
togethercomputer/RedPajama-INCITE-Instruct-3B-v1,False,unmatched,,False,False,permissive,chat_finetuned,missing,2024-06-12,,
tokyotech-llm/Llama-3-Swallow-8B-Instruct-v0.1,False,unmatched,,False,False,custom,chat_finetuned,missing,2024-09-12,,
tomasmcm/sky-t1-coder-32b-flash,False,unmatched,,False,False,permissive,other,missing,2025-02-22,,
trthminh1112/autotrain-llama32-1b-finetune,False,unmatched,,False,False,unclear,chat_finetuned,missing,2025-03-03,,
tugstugi/Qwen2.5-7B-Instruct-QwQ-v0.1,False,unmatched,,False,False,permissive,chat_finetuned,missing,2025-01-19,,
universalml/NepaliGPT-2.0,False,unmatched,,False,False,permissive,chat_finetuned,missing,2025-03-13,,
unsloth/Llama-3.2-1B-Instruct,False,unmatched,,False,False,custom,chat_finetuned,missing,2025-01-23,,
unsloth/Llama-3.2-1B-Instruct-no-system-message,False,unmatched,,False,False,missing,chat_finetuned,missing,2025-01-24,,
unsloth/Phi-3-mini-4k-instruct,False,unmatched,,False,False,permissive,other,missing,2024-11-25,,
unsloth/phi-4,False,normalized_exact_owner_mismatch,,False,False,permissive,chat_finetuned,missing,2025-01-09,,
unsloth/phi-4-bnb-4bit,False,unmatched,,False,False,permissive,chat_finetuned,missing,2025-01-09,,
unsloth/phi-4-unsloth-bnb-4bit,False,unmatched,,False,False,permissive,chat_finetuned,missing,2025-01-09,,
upstage/SOLAR-10.7B-Instruct-v1.0,False,unmatched,,False,False,research-only,chat_finetuned,missing,2024-06-12,,
upstage/SOLAR-10.7B-v1.0,False,unmatched,,False,False,permissive,pretrained,missing,2024-06-12,,
upstage/solar-pro-preview-instruct,False,unmatched,,False,False,permissive,chat_finetuned,missing,2024-09-11,,
utkmst/chimera-beta-test2-lora-merged,False,unmatched,,False,False,custom,chat_finetuned,missing,2025-03-08,,
uukuguy/speechless-code-mistral-7b-v1.0,False,unmatched,,False,False,permissive,chat_finetuned,missing,2024-06-26,,
uukuguy/speechless-codellama-34b-v2.0,False,unmatched,,False,False,custom,chat_finetuned,missing,2024-06-26,,
uukuguy/speechless-coder-ds-6.7b,False,unmatched,,False,False,permissive,chat_finetuned,missing,2024-06-26,,
uukuguy/speechless-instruct-mistral-7b-v0.2,False,unmatched,,False,False,permissive,chat_finetuned,missing,2024-06-26,,
uukuguy/speechless-llama2-hermes-orca-platypus-wizardlm-13b,False,unmatched,,False,False,missing,chat_finetuned,missing,2024-06-26,,
uukuguy/speechless-mistral-dolphin-orca-platypus-samantha-7b,False,unmatched,,False,False,custom,chat_finetuned,missing,2024-06-26,,
uukuguy/speechless-zephyr-code-functionary-7b,False,unmatched,,False,False,permissive,chat_finetuned,missing,2024-06-26,,
v000000/L3-8B-Stheno-v3.2-abliterated,False,unmatched,,False,False,missing,chat_finetuned,missing,2025-01-07,,
v000000/L3.1-Niitorm-8B-DPO-t0.0001,False,unmatched,,False,False,missing,chat_finetuned,missing,2024-09-19,,
v000000/L3.1-Storniitova-8B,False,unmatched,,False,False,missing,other,missing,2024-09-18,,
v000000/Qwen2.5-14B-Gutenberg-1e-Delta,False,unmatched,,False,False,permissive,chat_finetuned,missing,2024-09-28,,
v000000/Qwen2.5-14B-Gutenberg-Instruct-Slerpeno,False,unmatched,,False,False,permissive,other,missing,2024-12-07,,
v000000/Qwen2.5-Lumen-14B,False,unmatched,,False,False,permissive,chat_finetuned,missing,2024-09-20,,
vhab10/Llama-3.1-8B-Base-Instruct-SLERP,False,unmatched,,False,False,permissive,other,missing,2024-09-29,,
vhab10/Llama-3.2-Instruct-3B-TIES,False,unmatched,,False,False,permissive,other,missing,2024-11-23,,
vhab10/llama-3-8b-merged-linear,False,unmatched,,False,False,permissive,other,missing,2024-09-26,,
vicgalle/CarbonBeagle-11B,False,unmatched,,False,False,permissive,chat_finetuned,missing,2024-06-26,,
vicgalle/CarbonBeagle-11B-truthy,False,unmatched,,False,False,permissive,chat_finetuned,missing,2024-07-13,,
vicgalle/Configurable-Hermes-2-Pro-Llama-3-8B,False,unmatched,,False,False,permissive,chat_finetuned,missing,2024-07-24,,
vicgalle/Configurable-Llama-3.1-8B-Instruct,False,unmatched,,False,False,permissive,chat_finetuned,missing,2024-08-05,,
vicgalle/Configurable-Yi-1.5-9B-Chat,False,unmatched,,False,False,permissive,chat_finetuned,missing,2024-06-26,,
vicgalle/ConfigurableBeagle-11B,False,unmatched,,False,False,permissive,chat_finetuned,missing,2024-06-26,,
vicgalle/ConfigurableHermes-7B,False,unmatched,,False,False,permissive,chat_finetuned,missing,2024-06-26,,
vicgalle/ConfigurableSOLAR-10.7B,False,unmatched,,False,False,permissive,chat_finetuned,missing,2024-06-26,,
vicgalle/Humanish-RP-Llama-3.1-8B,False,unmatched,,False,False,permissive,chat_finetuned,missing,2024-08-03,,
vicgalle/Merge-Mistral-Prometheus-7B,False,unmatched,,False,False,permissive,other,missing,2024-06-26,,
vicgalle/Merge-Mixtral-Prometheus-8x7B,False,unmatched,,False,False,permissive,other,missing,2024-06-26,,
vicgalle/Roleplay-Llama-3-8B,False,unmatched,,False,False,permissive,chat_finetuned,missing,2024-06-26,,
viettelsecurity-ai/security-llama3.2-3b,False,unmatched,,False,False,missing,chat_finetuned,missing,2025-03-04,,
vihangd/smart-dan-sft-v0.1,False,unmatched,,False,False,permissive,chat_finetuned,missing,2024-08-20,,
voidful/smol-360m-ft,False,unmatched,,False,False,permissive,chat_finetuned,missing,2024-11-28,,
vonjack/MobileLLM-125M-HF,False,unmatched,,False,False,research-only,pretrained,missing,2024-11-15,,
vonjack/Phi-3-mini-4k-instruct-LLaMAfied,False,unmatched,,False,False,permissive,chat_finetuned,missing,2025-01-03,,
vonjack/Phi-3.5-mini-instruct-hermes-fc-json,False,unmatched,,False,False,permissive,chat_finetuned,missing,2024-11-05,,
vonjack/Qwen2.5-Coder-0.5B-Merged,False,unmatched,,False,False,missing,chat_finetuned,missing,2024-11-19,,
vonjack/SmolLM2-1.7B-Merged,False,unmatched,,False,False,missing,chat_finetuned,missing,2024-11-18,,
vonjack/SmolLM2-135M-Merged,False,unmatched,,False,False,missing,chat_finetuned,missing,2024-11-15,,
vonjack/SmolLM2-360M-Merged,False,unmatched,,False,False,missing,chat_finetuned,missing,2024-11-15,,
w4r10ck/SOLAR-10.7B-Instruct-v1.0-uncensored,False,unmatched,,False,False,permissive,chat_finetuned,missing,2024-10-11,,
wanlige/li-14b-v0.4,False,unmatched,,False,False,missing,other,missing,2025-02-26,,
wanlige/li-14b-v0.4-slerp,False,unmatched,,False,False,missing,other,missing,2025-02-26,,
wanlige/li-14b-v0.4-slerp0.1,False,unmatched,,False,False,missing,other,missing,2025-02-26,,
wannaphong/KhanomTanLLM-Instruct,False,unmatched,,False,False,permissive,chat_finetuned,missing,2024-08-29,,
waqasali1707/Beast-Soul-new,False,unmatched,,False,False,missing,other,missing,2024-08-07,,
wave-on-discord/qwent-7b,False,unmatched,,False,False,missing,other,missing,2024-09-30,,
weathermanj/Menda-3B-500,False,unmatched,,False,False,unclear,chat_finetuned,missing,2025-03-10,,
weathermanj/Menda-3b-750,False,unmatched,,False,False,unclear,chat_finetuned,missing,2025-03-09,,
weathermanj/Menda-3b-Optim-100,False,unmatched,,False,False,unclear,chat_finetuned,missing,2025-03-10,,
weathermanj/Menda-3b-Optim-200,False,unmatched,,False,False,unclear,chat_finetuned,missing,2025-03-10,,
win10/ArliAI-RPMax-v1.3-merge-13.3B,False,unmatched,,False,False,missing,other,missing,2024-11-17,,
win10/Breeze-13B-32k-Instruct-v1_0,False,unmatched,,False,False,permissive,other,missing,2024-06-26,,
win10/EVA-Norns-Qwen2.5-v0.1,False,unmatched,,False,False,missing,other,missing,2024-11-18,,
win10/Llama-3.2-3B-Instruct-24-9-29,False,unmatched,,False,False,custom,chat_finetuned,missing,2024-10-11,,
win10/Norns-Qwen2.5-12B,False,unmatched,,False,False,missing,other,missing,2024-11-17,,
win10/Norns-Qwen2.5-7B,False,unmatched,,False,False,missing,other,missing,2024-11-18,,
win10/Qwen2.5-2B-Instruct,False,unmatched,,False,False,missing,other,missing,2024-12-20,,
win10/llama3-13.45b-Instruct,False,unmatched,,False,False,custom,chat_finetuned,missing,2024-06-26,,
win10/miscii-14b-1M-0128,False,unmatched,,False,False,permissive,other,missing,2025-01-30,,
winglian/Llama-3-8b-64k-PoSE,False,unmatched,,False,False,missing,chat_finetuned,missing,2024-06-26,,
winglian/llama-3-8b-256k-PoSE,False,unmatched,,False,False,missing,chat_finetuned,missing,2024-06-26,,
wzhouad/gemma-2-9b-it-WPO-HB,False,unmatched,,False,False,missing,chat_finetuned,missing,2025-01-07,,
x0000001/Deepseek-Lumen-R1-Qwen2.5-14B,False,unmatched,,False,False,permissive,chat_finetuned,missing,2025-01-29,,
xMaulana/FinMatcha-3B-Instruct,False,unmatched,,False,False,permissive,chat_finetuned,missing,2024-10-22,,
xinchen9/Llama3.1_8B_Instruct_CoT,False,unmatched,,False,False,permissive,chat_finetuned,missing,2024-09-19,,
xinchen9/Llama3.1_CoT,False,unmatched,,False,False,permissive,chat_finetuned,missing,2024-09-06,,
xinchen9/Llama3.1_CoT_V1,False,unmatched,,False,False,permissive,chat_finetuned,missing,2024-09-07,,
xinchen9/Mistral-7B-CoT,False,unmatched,,False,False,permissive,chat_finetuned,missing,2024-09-23,,
xinchen9/llama3-b8-ft-dis,False,unmatched,,False,False,permissive,chat_finetuned,missing,2024-07-11,,
xkp24/Llama-3-8B-Instruct-SPPO-Iter2_bt_2b-table,False,unmatched,,False,False,missing,chat_finetuned,missing,2024-10-01,,
xkp24/Llama-3-8B-Instruct-SPPO-Iter2_bt_8b-table,False,unmatched,,False,False,missing,chat_finetuned,missing,2024-10-01,,
xkp24/Llama-3-8B-Instruct-SPPO-Iter2_gp_2b-table,False,unmatched,,False,False,missing,chat_finetuned,missing,2024-09-30,,
xkp24/Llama-3-8B-Instruct-SPPO-Iter2_gp_8b-table,False,unmatched,,False,False,missing,chat_finetuned,missing,2024-09-30,,
xkp24/Llama-3-8B-Instruct-SPPO-score-Iter2_bt_2b-table-0.001,False,unmatched,,False,False,missing,chat_finetuned,missing,2024-10-01,,
xkp24/Llama-3-8B-Instruct-SPPO-score-Iter2_bt_8b-table-0.002,False,unmatched,,False,False,missing,chat_finetuned,missing,2024-10-01,,
xkp24/Llama-3-8B-Instruct-SPPO-score-Iter2_gp_2b-table-0.001,False,unmatched,,False,False,missing,chat_finetuned,missing,2024-09-30,,
xkp24/Llama-3-8B-Instruct-SPPO-score-Iter2_gp_8b-table-0.002,False,unmatched,,False,False,missing,chat_finetuned,missing,2024-10-01,,
xukp20/Llama-3-8B-Instruct-SPPO-Iter3_bt_2b-table,False,unmatched,,False,False,missing,chat_finetuned,missing,2024-09-29,,
xukp20/Llama-3-8B-Instruct-SPPO-Iter3_bt_8b-table,False,unmatched,,False,False,missing,chat_finetuned,missing,2024-09-29,,
xukp20/Llama-3-8B-Instruct-SPPO-Iter3_gp_2b-table,False,unmatched,,False,False,missing,chat_finetuned,missing,2024-09-29,,
xukp20/Llama-3-8B-Instruct-SPPO-Iter3_gp_8b-table,False,unmatched,,False,False,missing,chat_finetuned,missing,2024-09-29,,
xukp20/Llama-3-8B-Instruct-SPPO-score-Iter3_bt_2b-table-0.001,False,unmatched,,False,False,missing,chat_finetuned,missing,2024-09-29,,
xukp20/Llama-3-8B-Instruct-SPPO-score-Iter3_bt_8b-table-0.002,False,unmatched,,False,False,missing,chat_finetuned,missing,2024-09-29,,
xukp20/Llama-3-8B-Instruct-SPPO-score-Iter3_gp_2b-table-0.001,False,unmatched,,False,False,missing,chat_finetuned,missing,2024-09-29,,
xukp20/llama-3-8b-instruct-sppo-iter1-gp-2b-tau01-table,False,unmatched,,False,False,missing,chat_finetuned,missing,2024-09-23,,
xwen-team/Xwen-7B-Chat,False,unmatched,,False,False,permissive,chat_finetuned,missing,2025-02-13,,
xxx777xxxASD/L3.1-ClaudeMaid-4x8B,False,unmatched,,False,False,custom,other,missing,2024-07-28,,
yam-peleg/Hebrew-Gemma-11B-Instruct,False,unmatched,,False,False,unclear,chat_finetuned,missing,2024-07-31,,
yam-peleg/Hebrew-Mistral-7B,False,unmatched,,False,False,permissive,chat_finetuned,missing,2024-07-11,,
yam-peleg/Hebrew-Mistral-7B-200K,False,unmatched,,False,False,permissive,chat_finetuned,missing,2024-07-11,,
yam-peleg/Hebrew-Mistral-7B-200K,False,unmatched,,False,False,permissive,pretrained,missing,2024-08-06,,
yanng1242/Marcoro14-7B-slerp,False,unmatched,,False,False,permissive,other,missing,2025-01-19,,
yasserrmd/Coder-GRPO-3B,False,unmatched,,False,False,permissive,chat_finetuned,missing,2025-03-05,,
yasserrmd/Text2SQL-1.5B,False,unmatched,,False,False,permissive,chat_finetuned,missing,2025-03-06,,
ycros/BagelMIsteryTour-v2-8x7B,False,unmatched,,False,False,research-only,chat_finetuned,missing,2024-06-28,,
ycros/BagelMIsteryTour-v2-8x7B,False,unmatched,,False,False,research-only,chat_finetuned,missing,2024-08-04,,
yfzp/Llama-3-8B-Instruct-SPPO-Iter1_bt_2b-table,False,unmatched,,False,False,missing,chat_finetuned,missing,2024-09-30,,
yfzp/Llama-3-8B-Instruct-SPPO-Iter1_bt_8b-table,False,unmatched,,False,False,missing,chat_finetuned,missing,2024-09-30,,
yfzp/Llama-3-8B-Instruct-SPPO-Iter1_gp_2b-table,False,unmatched,,False,False,missing,chat_finetuned,missing,2024-09-29,,
yfzp/Llama-3-8B-Instruct-SPPO-Iter1_gp_8b-table,False,unmatched,,False,False,missing,chat_finetuned,missing,2024-09-29,,
yfzp/Llama-3-8B-Instruct-SPPO-score-Iter1_bt_2b-table-0.001,False,unmatched,,False,False,missing,chat_finetuned,missing,2024-09-30,,
yfzp/Llama-3-8B-Instruct-SPPO-score-Iter1_bt_8b-table-0.002,False,unmatched,,False,False,missing,chat_finetuned,missing,2024-09-30,,
yfzp/Llama-3-8B-Instruct-SPPO-score-Iter1_gp_2b-table-0.001,False,unmatched,,False,False,missing,chat_finetuned,missing,2024-09-29,,
yfzp/Llama-3-8B-Instruct-SPPO-score-Iter1_gp_8b-table-0.002,False,unmatched,,False,False,missing,chat_finetuned,missing,2024-09-29,,
yifAI/Llama-3-8B-Instruct-SPPO-score-Iter3_gp_8b-table-0.002,False,unmatched,,False,False,missing,chat_finetuned,missing,2024-09-30,,
ylalain/ECE-PRYMMAL-YL-1B-SLERP-V8,False,unmatched,,False,False,permissive,other,missing,2024-11-13,,
ymcki/Llama-3.1-8B-GRPO-Instruct,False,unmatched,,False,False,custom,chat_finetuned,missing,2025-02-20,,
ymcki/Llama-3.1-8B-SFT-GRPO-Instruct,False,unmatched,,False,False,custom,chat_finetuned,missing,2025-03-12,,
ymcki/gemma-2-2b-ORPO-jpn-it-abliterated-18,False,unmatched,,False,False,custom,chat_finetuned,missing,2024-11-16,,
ymcki/gemma-2-2b-ORPO-jpn-it-abliterated-18-merge,False,unmatched,,False,False,custom,chat_finetuned,missing,2024-11-16,,
ymcki/gemma-2-2b-jpn-it-abliterated-17,False,unmatched,,False,False,custom,chat_finetuned,missing,2024-10-18,,
ymcki/gemma-2-2b-jpn-it-abliterated-17-18-24,False,unmatched,,False,False,custom,chat_finetuned,missing,2024-11-06,,
ymcki/gemma-2-2b-jpn-it-abliterated-17-ORPO,False,unmatched,,False,False,custom,chat_finetuned,missing,2024-10-27,,
ymcki/gemma-2-2b-jpn-it-abliterated-17-ORPO-alpaca,False,unmatched,,False,False,missing,chat_finetuned,missing,2024-10-27,,
ymcki/gemma-2-2b-jpn-it-abliterated-18,False,unmatched,,False,False,custom,chat_finetuned,missing,2024-10-18,,
ymcki/gemma-2-2b-jpn-it-abliterated-18-ORPO,False,unmatched,,False,False,custom,chat_finetuned,missing,2024-10-22,,
ymcki/gemma-2-2b-jpn-it-abliterated-24,False,unmatched,,False,False,custom,chat_finetuned,missing,2024-10-25,,
yuchenxie/ArlowGPT-3B-Multilingual,False,unmatched,,False,False,permissive,chat_finetuned,missing,2025-01-12,,
yuchenxie/ArlowGPT-8B,False,unmatched,,False,False,permissive,chat_finetuned,missing,2025-01-12,,
yuvraj17/Llama3-8B-SuperNova-Spectrum-Hermes-DPO,False,unmatched,,False,False,permissive,chat_finetuned,missing,2024-09-30,,
yuvraj17/Llama3-8B-SuperNova-Spectrum-dare_ties,False,unmatched,,False,False,permissive,other,missing,2024-09-23,,
yuvraj17/Llama3-8B-abliterated-Spectrum-slerp,False,unmatched,,False,False,permissive,other,missing,2024-09-23,,
zake7749/gemma-2-2b-it-chinese-kyara-dpo,False,unmatched,,False,False,custom,chat_finetuned,missing,2024-10-17,,
zake7749/gemma-2-9b-it-chinese-kyara,False,unmatched,,False,False,custom,chat_finetuned,missing,2025-02-24,,
zelk12/Gemma-2-TM-9B,False,unmatched,,False,False,missing,other,missing,2024-11-06,,
zelk12/MT-Gen1-gemma-2-9B,False,unmatched,,False,False,missing,other,missing,2024-10-23,,
zelk12/MT-Gen2-GI-gemma-2-9B,False,unmatched,,False,False,missing,other,missing,2024-11-28,,
zelk12/MT-Gen2-gemma-2-9B,False,unmatched,,False,False,missing,other,missing,2024-11-10,,
zelk12/MT-Gen3-gemma-2-9B,False,unmatched,,False,False,missing,other,missing,2024-11-30,,
zelk12/MT-Gen4-gemma-2-9B,False,unmatched,,False,False,custom,other,missing,2024-12-13,,
zelk12/MT-Gen5-gemma-2-9B,False,unmatched,,False,False,custom,other,missing,2024-12-22,,
zelk12/MT-Gen6-gemma-2-9B,False,unmatched,,False,False,custom,other,missing,2025-01-23,,
zelk12/MT-Gen6fix-gemma-2-9B,False,unmatched,,False,False,custom,other,missing,2025-02-02,,
zelk12/MT-Gen7-gemma-2-9B,False,unmatched,,False,False,custom,other,missing,2025-02-15,,
zelk12/MT-Max-Merge_02012025163610-gemma-2-9B,False,unmatched,,False,False,custom,other,missing,2025-01-02,,
zelk12/MT-Merge-gemma-2-9B,False,unmatched,,False,False,missing,other,missing,2024-10-22,,
zelk12/MT-Merge1-gemma-2-9B,False,unmatched,,False,False,missing,other,missing,2024-11-07,,
zelk12/MT-Merge2-MU-gemma-2-MTg2MT1g2-9B,False,unmatched,,False,False,missing,other,missing,2024-11-28,,
zelk12/MT-Merge2-gemma-2-9B,False,unmatched,,False,False,missing,other,missing,2024-11-25,,
zelk12/MT-Merge3-gemma-2-9B,False,unmatched,,False,False,custom,other,missing,2024-12-11,,
zelk12/MT-Merge4-gemma-2-9B,False,unmatched,,False,False,custom,other,missing,2024-12-21,,
zelk12/MT-Merge5-gemma-2-9B,False,unmatched,,False,False,custom,other,missing,2024-12-30,,
zelk12/MT-Merge6-gemma-2-9B,False,unmatched,,False,False,custom,other,missing,2025-02-13,,
zelk12/MT-gemma-2-9B,False,unmatched,,False,False,missing,other,missing,2024-10-11,,
zelk12/MT1-Gen1-gemma-2-9B,False,unmatched,,False,False,missing,other,missing,2024-10-24,,
zelk12/MT1-Gen2-gemma-2-9B,False,unmatched,,False,False,missing,other,missing,2024-11-11,,
zelk12/MT1-Gen3-gemma-2-9B,False,unmatched,,False,False,missing,other,missing,2024-12-01,,
zelk12/MT1-Gen4-gemma-2-9B,False,unmatched,,False,False,custom,other,missing,2024-12-14,,
zelk12/MT1-Gen5-IF-gemma-2-S2DMv1-9B,False,unmatched,,False,False,missing,other,missing,2024-12-31,,
zelk12/MT1-Gen5-gemma-2-9B,False,unmatched,,False,False,custom,other,missing,2024-12-24,,
zelk12/MT1-Gen6-gemma-2-9B,False,unmatched,,False,False,custom,other,missing,2025-02-04,,
zelk12/MT1-Gen7-gemma-2-9B,False,unmatched,,False,False,custom,other,missing,2025-02-19,,
zelk12/MT1-Max-Merge_02012025163610-gemma-2-9B,False,unmatched,,False,False,custom,other,missing,2025-01-04,,
zelk12/MT1-gemma-2-9B,False,unmatched,,False,False,missing,other,missing,2024-10-14,,
zelk12/MT2-Gen1-gemma-2-9B,False,unmatched,,False,False,missing,other,missing,2024-10-27,,
zelk12/MT2-Gen2-gemma-2-9B,False,unmatched,,False,False,missing,other,missing,2024-11-12,,
zelk12/MT2-Gen3-gemma-2-9B,False,unmatched,,False,False,missing,other,missing,2024-12-04,,
zelk12/MT2-Gen4-gemma-2-9B,False,unmatched,,False,False,custom,other,missing,2024-12-15,,
zelk12/MT2-Gen5-gemma-2-9B,False,unmatched,,False,False,custom,other,missing,2024-12-25,,
zelk12/MT2-Gen6-gemma-2-9B,False,unmatched,,False,False,custom,other,missing,2025-02-05,,
zelk12/MT2-Gen7-gemma-2-9B,False,unmatched,,False,False,custom,other,missing,2025-02-22,,
zelk12/MT2-Max-Merge_02012025163610-gemma-2-9B,False,unmatched,,False,False,custom,other,missing,2025-01-07,,
zelk12/MT2-gemma-2-9B,False,unmatched,,False,False,missing,other,missing,2024-10-15,,
zelk12/MT3-Gen1-gemma-2-9B,False,unmatched,,False,False,missing,other,missing,2024-10-28,,
zelk12/MT3-Gen2-gemma-2-9B,False,unmatched,,False,False,missing,other,missing,2024-11-20,,
zelk12/MT3-Gen3-gemma-2-9B,False,unmatched,,False,False,missing,other,missing,2024-12-07,,
zelk12/MT3-Gen4-gemma-2-9B,False,unmatched,,False,False,custom,other,missing,2024-12-16,,
zelk12/MT3-Gen5-gemma-2-9B,False,unmatched,,False,False,custom,other,missing,2024-12-26,,
zelk12/MT3-Gen5-gemma-2-9B_v1,False,unmatched,,False,False,custom,other,missing,2024-12-27,,
zelk12/MT3-Gen6-gemma-2-9B,False,unmatched,,False,False,custom,other,missing,2025-02-12,,
zelk12/MT3-Max-Merge_02012025163610-gemma-2-9B,False,unmatched,,False,False,custom,other,missing,2025-01-09,,
zelk12/MT3-gemma-2-9B,False,unmatched,,False,False,missing,other,missing,2024-10-16,,
zelk12/MT4-Gen1-gemma-2-9B,False,unmatched,,False,False,missing,other,missing,2024-10-29,,
zelk12/MT4-Gen2-gemma-2-9B,False,unmatched,,False,False,missing,other,missing,2024-11-22,,
zelk12/MT4-Gen3-gemma-2-9B,False,unmatched,,False,False,missing,other,missing,2024-12-08,,
zelk12/MT4-Gen4-gemma-2-9B,False,unmatched,,False,False,custom,other,missing,2024-12-19,,
zelk12/MT4-Gen5-gemma-2-9B,False,unmatched,,False,False,custom,other,missing,2024-12-28,,
zelk12/MT4-Max-Merge_02012025163610-gemma-2-9B,False,unmatched,,False,False,custom,other,missing,2025-01-11,,
zelk12/MT4-gemma-2-9B,False,unmatched,,False,False,missing,other,missing,2024-10-20,,
zelk12/MT5-Gen1-gemma-2-9B,False,unmatched,,False,False,missing,other,missing,2024-10-31,,
zelk12/MT5-Gen2-gemma-2-9B,False,unmatched,,False,False,missing,other,missing,2024-11-23,,
zelk12/MT5-Gen3-gemma-2-9B,False,unmatched,,False,False,missing,other,missing,2024-12-08,,
zelk12/MT5-Gen4-gemma-2-9B,False,unmatched,,False,False,custom,other,missing,2024-12-20,,
zelk12/MT5-Gen5-gemma-2-9B,False,unmatched,,False,False,custom,other,missing,2024-12-29,,
zelk12/MT5-Max-Merge_02012025163610-gemma-2-9B,False,unmatched,,False,False,custom,other,missing,2025-01-14,,
zelk12/MT5-gemma-2-9B,False,unmatched,,False,False,missing,other,missing,2024-10-21,,
zelk12/MTM-Merge-gemma-2-9B,False,unmatched,,False,False,custom,other,missing,2025-01-01,,
zelk12/MTMaMe-Merge_02012025163610-gemma-2-9B,False,unmatched,,False,False,custom,other,missing,2025-01-16,,
zelk12/Rv0.4DMv1t0.25-gemma-2-9B,False,unmatched,,False,False,missing,other,missing,2024-12-31,,
zelk12/Rv0.4DMv1t0.25Tt0.25-gemma-2-9B,False,unmatched,,False,False,custom,other,missing,2024-12-31,,
zelk12/Rv0.4MT4g2-gemma-2-9B,False,unmatched,,False,False,custom,other,missing,2025-01-04,,
zelk12/T31122024203920-gemma-2-9B,False,unmatched,,False,False,custom,other,missing,2024-12-31,,
zelk12/Test01012025155054,False,unmatched,,False,False,missing,other,missing,2025-01-01,,
zelk12/Test01012025155054t0.5_gemma-2,False,unmatched,,False,False,missing,other,missing,2025-01-01,,
zelk12/gemma-2-S2MTM-9B,False,unmatched,,False,False,custom,other,missing,2024-12-11,,
zelk12/recoilme-gemma-2-Ataraxy-9B-v0.1,False,unmatched,,False,False,missing,other,missing,2024-10-03,,
zelk12/recoilme-gemma-2-Ataraxy-9B-v0.1-t0.25,False,unmatched,,False,False,missing,other,missing,2024-10-04,,
zelk12/recoilme-gemma-2-Ataraxy-9B-v0.1-t0.75,False,unmatched,,False,False,missing,other,missing,2024-10-04,,
zelk12/recoilme-gemma-2-Ataraxy-9B-v0.2,False,unmatched,,False,False,missing,other,missing,2024-10-11,,
zelk12/recoilme-gemma-2-Gutenberg-Doppel-9B-v0.1,False,unmatched,,False,False,missing,other,missing,2024-10-07,,
zelk12/recoilme-gemma-2-Ifable-9B-v0.1,False,unmatched,,False,False,missing,other,missing,2024-10-07,,
zelk12/recoilme-gemma-2-psy10k-mental_healt-9B-v0.1,False,unmatched,,False,False,missing,other,missing,2024-10-07,,
zetasepic/Qwen2.5-32B-Instruct-abliterated-v2,False,unmatched,,False,False,permissive,chat_finetuned,missing,2024-12-07,,
zetasepic/Qwen2.5-72B-Instruct-abliterated,False,unmatched,,False,False,unclear,chat_finetuned,missing,2024-11-08,,
zhengr/MixTAO-7Bx2-MoE-v8.1,False,unmatched,,False,False,permissive,chat_finetuned,missing,2024-06-27,,
