model,row_id,held_N_B,observed,predicted
classic,0,0.070542,4.7388,4.738647259
classic,1,0.070542,4.3541,4.35479647031
classic,2,0.070542,4.0384,4.03785971255
classic,3,0.070542,3.7776,3.77757846614
classic,4,0.070542,3.5698,3.56994976314
classic,5,0.070542,3.3922,3.39217486058
classic,6,0.070542,3.3024,3.30309347725
classic,7,0.070542,3.2452,3.24572410461
classic,8,0.070542,3.2041,3.20432134448
classic,9,0.070542,3.172,3.17235963821
classic,10,0.070542,3.1466,3.14657959011
classic,11,0.070542,3.1248,3.12512915914
classic,12,0.070542,3.1064,3.10686240675
classic,13,0.070542,3.0913,3.09101753101
classic,14,0.070542,3.077,3.0770880103
classic,15,0.070542,3.0646,3.06469161755
classic,16,0.070542,3.0531,3.05355146689
classic,17,0.070542,3.0432,3.04345735334
classic,18,0.070542,3.0342,3.03424622629
classic,19,0.070542,3.0254,3.0257892669
classic,20,0.070542,3.018,3.01797949099
classic,21,0.070542,3.0105,3.01074015374
classic,22,0.070542,3.0039,3.00399805094
classic,23,0.070542,2.9975,2.99769543503
classic,24,0.070542,2.9921,2.99178374041
classic,25,0.070542,2.9861,2.98622176623
classic,26,0.070542,2.9807,2.9809742833
classic,27,0.070542,2.9761,2.97600864891
classic,28,0.070542,2.971,2.97130328798
classic,29,0.070542,2.9668,2.96683283584
classic,30,0.070542,2.9621,2.96257718448
classic,31,0.070542,2.9582,2.95851861264
classic,32,0.070542,2.9546,2.9546414291
classic,33,0.070542,2.951,2.95092994818
classic,34,0.070542,2.9473,2.94737524299
classic,35,0.070542,2.9439,2.94396433774
classic,36,0.070542,2.9406,2.94068718697
classic,37,0.070542,2.9372,2.93753472483
classic,38,0.070542,2.9343,2.93449874398
classic,39,0.070542,2.9314,2.93157179251
classic,40,0.070542,2.9289,2.92874576201
classic,41,0.070542,2.926,2.92601715069
classic,42,0.070542,2.923,2.92337892022
classic,43,0.070542,2.9208,2.92082587212
classic,44,0.070542,2.9182,2.91835322748
classic,45,0.070542,2.9158,2.91595658386
classic,46,0.070542,2.9137,2.91363078544
classic,47,0.070542,2.9115,2.91137428963
classic,48,0.070542,2.9093,2.90918248893
classic,49,0.070542,2.9068,2.90705215156
classic,50,0.070542,2.9049,2.90498027298
classic,51,0.070542,2.903,2.90296405553
classic,52,0.070542,2.9011,2.90100089022
classic,53,0.070542,2.8989,2.89908744008
classic,54,0.070542,2.8971,2.89722324954
classic,55,0.070542,2.8951,2.89540526069
classic,56,0.070542,2.8933,2.89363147252
classic,57,0.070542,2.892,2.89190000635
classic,58,0.070542,2.8904,2.89020909631
classic,59,0.070542,2.8885,2.88855630183
classic,60,0.070542,2.8871,2.88694163234
classic,61,0.070542,2.8854,2.88536281446
classic,62,0.070542,2.8836,2.88381845433
classic,63,0.070542,2.8823,2.88230723477
classic,64,0.070542,2.8811,2.88082790981
classic,65,0.070542,2.8793,2.8793792998
classic,66,0.070542,2.8782,2.87795961704
classic,67,0.070542,2.876,2.87656915423
classic,68,0.070542,2.8753,2.87520622125
classic,69,0.070542,2.8738,2.87386986193
classic,70,0.070542,2.8724,2.87255916718
classic,71,0.070542,2.8712,2.87127327198
classic,72,0.070542,2.8696,2.87001135262
classic,73,0.070542,2.8687,2.86877203892
classic,74,0.070542,2.8676,2.86755576355
classic,75,0.070542,2.8666,2.86636121616
classic,76,0.070542,2.865,2.86518771483
classic,77,0.070542,2.8638,2.864034608
classic,78,0.070542,2.8628,2.86290127275
classic,79,0.070542,2.8619,2.86178658633
classic,80,0.070542,2.8607,2.86069104073
classic,81,0.070542,2.8595,2.85961355381
classic,82,0.070542,2.8586,2.85855360206
classic,83,0.070542,2.8575,2.85751068349
classic,84,0.070542,2.8566,2.85648431659
classic,85,0.070542,2.8553,2.85547403913
classic,86,0.070542,2.8544,2.85447893663
classic,87,0.070542,2.8534,2.85349953108
classic,88,0.070542,2.8522,2.85253493456
classic,89,0.070542,2.8516,2.85158475285
classic,90,0.070542,2.8506,2.85064860664
classic,91,0.070542,2.8497,2.84972613085
classic,92,0.070542,2.8487,2.84881654344
classic,93,0.070542,2.8476,2.84792037265
classic,94,0.070542,2.8469,2.84703685533
classic,95,0.070542,2.8461,2.84616567668
classic,96,0.070542,2.8451,2.84530653307
classic,97,0.070542,2.8444,2.84445913149
classic,98,0.070542,2.8436,2.84362318909
classic,99,0.070542,2.8431,2.84279804205
classic,100,0.070542,2.842,2.84198421298
classic,101,0.070542,2.8412,2.84118105093
classic,102,0.070542,2.8403,2.84038830937
classic,103,0.070542,2.8392,2.83960574986
classic,104,0.070542,2.8388,2.83883314177
classic,105,0.070542,2.838,2.83806990038
classic,106,0.070542,2.8377,2.83731653712
classic,107,0.070542,2.8365,2.83657247666
classic,108,0.070542,2.8358,2.83583751633
classic,109,0.070542,2.8351,2.83511145973
classic,110,0.070542,2.8341,2.83439411654
classic,111,0.070542,2.8338,2.83368530219
classic,112,0.070542,2.8331,2.83298450567
classic,113,0.070542,2.8324,2.83229222133
classic,114,0.070542,2.8314,2.8316079447
classic,115,0.070542,2.8311,2.83093151226
classic,116,0.070542,2.83,2.83026276526
classic,117,0.070542,2.8297,2.82960154951
classic,118,0.070542,2.8293,2.82894771524
classic,119,0.070542,2.8281,2.82830081031
classic,120,0.070542,2.8275,2.8276613099
classic,121,0.070542,2.827,2.82702876648
classic,122,0.070542,2.8263,2.82640304638
classic,123,0.070542,2.8255,2.82578401956
classic,124,0.070542,2.8251,2.82517155956
classic,125,0.070542,2.8243,2.82456525581
classic,126,0.070542,2.824,2.82396556648
classic,127,0.070542,2.8232,2.82337208445
classic,128,0.070542,2.823,2.82278469618
classic,129,0.070542,2.822,2.8222032911
classic,130,0.070542,2.8215,2.8216277615
classic,131,0.070542,2.8212,2.82105800244
classic,132,0.070542,2.8202,2.820493644
classic,133,0.070542,2.8199,2.81993512445
classic,134,0.070542,2.8196,2.81938207629
classic,135,0.070542,2.8185,2.81883440476
classic,136,0.070542,2.8183,2.81829201744
classic,137,0.070542,2.8178,2.8177548242
classic,138,0.070542,2.8173,2.81722248456
classic,139,0.070542,2.8164,2.81669542014
classic,140,0.070542,2.8159,2.81617329223
classic,141,0.070542,2.8157,2.81565601907
classic,142,0.070542,2.8152,2.81514352083
classic,143,0.070542,2.8146,2.81463571955
classic,144,0.070542,2.8142,2.81413253911
classic,145,0.070542,2.8135,2.81363366841
classic,146,0.070542,2.8131,2.81313951033
classic,147,0.162405,4.5235,4.52331069409
classic,148,0.162405,4.1397,4.13944678234
classic,149,0.162405,3.8226,3.82250370507
classic,150,0.162405,3.5629,3.56222097804
classic,151,0.162405,3.3548,3.35459400059
classic,152,0.162405,3.1771,3.17682305859
classic,153,0.162405,3.0883,3.08774467789
classic,154,0.162405,3.0304,3.03037764948
classic,155,0.162405,2.9888,2.98897679892
classic,156,0.162405,2.9568,2.95701670005
classic,157,0.162405,2.9311,2.93123803761
classic,158,0.162405,2.9098,2.90978882299
classic,159,0.162405,2.8916,2.89152315356
classic,160,0.162405,2.8757,2.87567925352
classic,161,0.162405,2.8619,2.86175061928
classic,162,0.162405,2.8494,2.84935503863
classic,163,0.162405,2.8385,2.83821563688
classic,164,0.162405,2.8281,2.8281222179
classic,165,0.162405,2.8195,2.8189117382
classic,166,0.162405,2.8106,2.81045538473
classic,167,0.162405,2.8025,2.80264617842
classic,168,0.162405,2.7952,2.79540737792
classic,169,0.162405,2.7888,2.78866578271
classic,170,0.162405,2.7823,2.7823636481
classic,171,0.162405,2.7766,2.77645241101
classic,172,0.162405,2.771,2.77089087274
classic,173,0.162405,2.7656,2.76564380596
classic,174,0.162405,2.7605,2.76067856982
classic,175,0.162405,2.7557,2.75597359028
classic,176,0.162405,2.7514,2.75150350416
classic,177,0.162405,2.7474,2.7472482046
classic,178,0.162405,2.7432,2.74318997137
classic,179,0.162405,2.7391,2.73931311413
classic,180,0.162405,2.7356,2.7356019482
classic,181,0.162405,2.7321,2.73204754713
classic,182,0.162405,2.7285,2.72863693596
classic,183,0.162405,2.7254,2.72536006984
classic,184,0.162405,2.7222,2.72220788347
classic,185,0.162405,2.719,2.71917217005
classic,186,0.162405,2.7163,2.71624547811
classic,187,0.162405,2.7135,2.71341969981
classic,188,0.162405,2.7109,2.71069133351
classic,189,0.162405,2.7082,2.70805334137
classic,190,0.162405,2.7053,2.70550052525
classic,191,0.162405,2.7029,2.70302810655
classic,192,0.162405,2.7007,2.70063168313
classic,193,0.162405,2.6984,2.69830609954
classic,194,0.162405,2.6961,2.69604981322
classic,195,0.162405,2.6945,2.69385821705
classic,196,0.162405,2.6918,2.69172807943
classic,197,0.162405,2.6898,2.68965639605
classic,198,0.162405,2.6878,2.68764036943
classic,199,0.162405,2.6858,2.68567739077
classic,200,0.162405,2.6837,2.68376412336
classic,201,0.162405,2.682,2.68190011161
classic,202,0.162405,2.68,2.68008229785
classic,203,0.162405,2.6783,2.67830868121
classic,204,0.162405,2.6765,2.67657738316
classic,205,0.162405,2.6749,2.67488663794
classic,206,0.162405,2.6736,2.67323400517
classic,207,0.162405,2.6713,2.67161949426
classic,208,0.162405,2.6702,2.67004083201
classic,209,0.162405,2.6683,2.66849662466
classic,210,0.162405,2.6669,2.66698555512
classic,211,0.162405,2.6657,2.66550637753
classic,212,0.162405,2.6641,2.66405791231
classic,213,0.162405,2.6625,2.66263837192
classic,214,0.162405,2.6611,2.661248049
classic,215,0.162405,2.66,2.65988525358
classic,216,0.162405,2.6584,2.65854902957
classic,217,0.162405,2.6573,2.65723846793
classic,218,0.162405,2.656,2.65595270371
classic,219,0.162405,2.6546,2.65469091328
classic,220,0.162405,2.6538,2.65345172656
classic,221,0.162405,2.6523,2.65223557618
classic,222,0.162405,2.6507,2.65104115188
classic,223,0.162405,2.6499,2.64986777181
classic,224,0.162405,2.6486,2.64871478446
classic,225,0.162405,2.6477,2.64758156695
classic,226,0.162405,2.6464,2.64646699664
classic,227,0.162405,2.6454,2.64537156545
classic,228,0.162405,2.6444,2.64429419134
classic,229,0.162405,2.6434,2.64323435084
classic,230,0.162405,2.642,2.64219154202
classic,231,0.162405,2.6411,2.64116528337
classic,232,0.162405,2.6401,2.64015511274
classic,233,0.162405,2.6391,2.6391601157
classic,234,0.162405,2.6385,2.63818081419
classic,235,0.162405,2.6373,2.63721632038
classic,236,0.162405,2.6361,2.63626624007
classic,237,0.162405,2.6355,2.63533019399
classic,238,0.162405,2.6347,2.63440781707
classic,239,0.162405,2.6337,2.63349832738
classic,240,0.162405,2.6324,2.63260225307
classic,241,0.162405,2.6317,2.63171883106
classic,242,0.162405,2.6311,2.6308477466
classic,243,0.162405,2.6299,2.62998869606
classic,244,0.162405,2.6292,2.62914138646
classic,245,0.162405,2.6284,2.62830553499
classic,246,0.162405,2.6274,2.62748047788
classic,247,0.162405,2.6267,2.62666673769
classic,248,0.162405,2.6254,2.62586366352
classic,249,0.162405,2.6249,2.62507100885
classic,250,0.162405,2.6243,2.6242885353
classic,251,0.162405,2.6234,2.62351601222
classic,252,0.162405,2.623,2.62275285497
classic,253,0.162405,2.6218,2.62199957491
classic,254,0.162405,2.6212,2.62125559677
classic,255,0.162405,2.6206,2.6205207179
classic,256,0.162405,2.62,2.61979474192
classic,257,0.162405,2.6189,2.61907747851
classic,258,0.162405,2.6186,2.61836874314
classic,259,0.162405,2.6177,2.61766802482
classic,260,0.162405,2.6169,2.61697581788
classic,261,0.162405,2.6164,2.61629161788
classic,262,0.162405,2.6157,2.61561526132
classic,263,0.162405,2.6149,2.61494658945
classic,264,0.162405,2.6143,2.6142854481
classic,265,0.162405,2.6136,2.61363168753
classic,266,0.162405,2.613,2.61298485563
classic,267,0.162405,2.6125,2.61234542753
classic,268,0.162405,2.612,2.61171295574
classic,269,0.162405,2.6109,2.6110873066
classic,270,0.162405,2.6108,2.61046835011
classic,271,0.162405,2.6096,2.60985595977
classic,272,0.162405,2.6092,2.6092497251
classic,273,0.162405,2.6088,2.6086501042
classic,274,0.162405,2.6081,2.60805668998
classic,275,0.162405,2.6074,2.60746936892
classic,276,0.162405,2.6069,2.60688803047
classic,277,0.162405,2.6063,2.60631256691
classic,278,0.162405,2.6057,2.60574287333
classic,279,0.162405,2.6053,2.60517857984
classic,280,0.162405,2.6047,2.60462012466
classic,281,0.162405,2.604,2.60406714032
classic,282,0.162405,2.6037,2.60351953207
classic,283,0.162405,2.603,2.60297720751
classic,284,0.162405,2.6026,2.60244007652
classic,285,0.162405,2.602,2.60190779864
classic,286,0.162405,2.6013,2.60138079544
classic,287,0.162405,2.6008,2.60085872827
classic,288,0.162405,2.6005,2.60034151535
classic,289,0.162405,2.5999,2.59982907688
classic,290,0.162405,2.5993,2.59932133489
classic,291,0.162405,2.5989,2.59881821328
classic,292,0.162405,2.5985,2.59831940097
classic,293,0.162405,2.5978,2.59782530081
classic,294,0.409009,4.3461,4.34639417479
classic,295,0.409009,3.9625,3.96251773616
classic,296,0.409009,3.6458,3.64556519778
classic,297,0.409009,3.3856,3.38527542539
classic,298,0.409009,3.1777,3.1776433955
classic,299,0.409009,2.9999,2.99986861251
classic,300,0.409009,2.9109,2.91078850596
classic,301,0.409009,2.8533,2.85342044624
classic,302,0.409009,2.8125,2.81201889394
classic,303,0.409009,2.7799,2.78005827938
classic,304,0.409009,2.754,2.75427921839
classic,305,0.409009,2.733,2.73282968454
classic,306,0.409009,2.7147,2.71456375247
classic,307,0.409009,2.6988,2.6987196317
classic,308,0.409009,2.6849,2.68479080902
classic,309,0.409009,2.6724,2.67239506521
classic,310,0.409009,2.6611,2.66125552056
classic,311,0.409009,2.6512,2.65116197522
classic,312,0.409009,2.6418,2.64195138285
classic,313,0.409009,2.6336,2.63349492821
classic,314,0.409009,2.6256,2.62568563043
classic,315,0.409009,2.6183,2.61844674684
classic,316,0.409009,2.6116,2.61170507576
classic,317,0.409009,2.6055,2.60540287156
classic,318,0.409009,2.5994,2.59949157037
classic,319,0.409009,2.5938,2.59392997286
classic,320,0.409009,2.5887,2.58868285115
classic,321,0.409009,2.5837,2.58371756389
classic,322,0.409009,2.5789,2.5790125367
classic,323,0.409009,2.5745,2.57454240604
classic,324,0.409009,2.5703,2.57028706472
classic,325,0.409009,2.566,2.56622879227
classic,326,0.409009,2.5621,2.56235189812
classic,327,0.409009,2.5585,2.55864069737
classic,328,0.409009,2.555,2.55508626343
classic,329,0.409009,2.5517,2.55167562115
classic,330,0.409009,2.5486,2.54839872555
classic,331,0.409009,2.5454,2.54524651122
classic,332,0.409009,2.5422,2.54221077122
classic,333,0.409009,2.5393,2.539284054
classic,334,0.409009,2.5363,2.5364582516
classic,335,0.409009,2.5337,2.53372986233
classic,336,0.409009,2.531,2.53109184825
classic,337,0.409009,2.5286,2.52853901116
classic,338,0.409009,2.5259,2.52606657241
classic,339,0.409009,2.5237,2.52367012978
classic,340,0.409009,2.5215,2.52134452778
classic,341,0.409009,2.5191,2.51908822381
classic,342,0.409009,2.5169,2.51689661068
classic,343,0.409009,2.5148,2.51476645678
classic,344,0.409009,2.5126,2.51269475774
classic,345,0.409009,2.5107,2.51067871606
classic,346,0.409009,2.5087,2.50871572289
classic,347,0.409009,2.5068,2.50680244151
classic,348,0.409009,2.5048,2.50493841628
classic,349,0.409009,2.5031,2.50312058953
classic,350,0.409009,2.5014,2.50134696035
classic,351,0.409009,2.4998,2.49961565018
classic,352,0.409009,2.498,2.49792489326
classic,353,0.409009,2.4965,2.49627224918
classic,354,0.409009,2.4946,2.49465772732
classic,355,0.409009,2.4932,2.49307905448
classic,356,0.409009,2.4916,2.49153483689
classic,357,0.409009,2.4903,2.49002375742
classic,358,0.409009,2.4884,2.48854457021
classic,359,0.409009,2.487,2.48709609567
classic,360,0.409009,2.4856,2.48567654624
classic,361,0.409009,2.484,2.48428621455
classic,362,0.409009,2.4829,2.48292341062
classic,363,0.409009,2.4815,2.48158717834
classic,364,0.409009,2.4803,2.48027660868
classic,365,0.409009,2.479,2.47899083666
classic,366,0.409009,2.478,2.47772903865
classic,367,0.409009,2.4766,2.47648984457
classic,368,0.409009,2.4752,2.47527368702
classic,369,0.409009,2.474,2.47407925576
classic,370,0.409009,2.473,2.47290586891
classic,371,0.409009,2.4716,2.47175287496
classic,372,0.409009,2.4708,2.47061965102
classic,373,0.409009,2.4696,2.46950507446
classic,374,0.409009,2.4683,2.46840963718
classic,375,0.409009,2.4671,2.46733225714
classic,376,0.409009,2.4664,2.46627241085
classic,377,0.409009,2.4652,2.46522959639
classic,378,0.409009,2.4644,2.46420333224
classic,379,0.409009,2.463,2.46319315625
classic,380,0.409009,2.4621,2.46219815398
classic,381,0.409009,2.4612,2.46121884737
classic,382,0.409009,2.4603,2.46025434857
classic,383,0.409009,2.4592,2.4593042634
classic,384,0.409009,2.4584,2.45836821258
classic,385,0.409009,2.4573,2.45744583103
classic,386,0.409009,2.4565,2.45653633681
classic,387,0.409009,2.4557,2.45564025808
classic,388,0.409009,2.4548,2.45475683175
classic,389,0.409009,2.454,2.45388574307
classic,390,0.409009,2.4529,2.4530266884
classic,391,0.409009,2.452,2.45217937478
classic,392,0.409009,2.4515,2.45134351937
classic,393,0.409009,2.4506,2.4505184584
classic,394,0.409009,2.4496,2.44970471444
classic,395,0.409009,2.4491,2.44890163658
classic,396,0.409009,2.4481,2.44810897831
classic,397,0.409009,2.4475,2.44732650123
classic,398,0.409009,2.4466,2.44655397471
classic,399,0.409009,2.446,2.44579081407
classic,400,0.409009,2.4452,2.44503753071
classic,401,0.409009,2.4443,2.44429354934
classic,402,0.409009,2.4437,2.44355866729
classic,403,0.409009,2.4429,2.44283268821
classic,404,0.409009,2.4423,2.44211542176
classic,405,0.409009,2.4413,2.44140668342
classic,406,0.409009,2.4408,2.44070596219
classic,407,0.409009,2.4401,2.44001375239
classic,408,0.409009,2.4391,2.43932954959
classic,409,0.409009,2.4385,2.43865319029
classic,410,0.409009,2.4377,2.43798451573
classic,411,0.409009,2.4373,2.43732337176
classic,412,0.409009,2.4368,2.43666960861
classic,413,0.409009,2.4362,2.43602277418
classic,414,0.409009,2.4354,2.4353833436
classic,415,0.409009,2.4349,2.43475086939
classic,416,0.409009,2.434,2.43412521787
classic,417,0.409009,2.4333,2.43350625903
classic,418,0.409009,2.4329,2.43289386641
classic,419,0.409009,2.4323,2.43228762949
classic,420,0.409009,2.4317,2.43168800638
classic,421,0.409009,2.4309,2.43109459
classic,422,0.409009,2.4305,2.43050726683
classic,423,0.409009,2.4298,2.42992592629
classic,424,0.409009,2.4294,2.4293504607
classic,425,0.409009,2.4288,2.42878076512
classic,426,0.409009,2.4281,2.42821646966
classic,427,0.409009,2.4276,2.42765801255
classic,428,0.409009,2.427,2.42710502632
classic,429,0.409009,2.4266,2.42655741621
classic,430,0.409009,2.4261,2.42601508983
classic,431,0.409009,2.4254,2.42547795705
classic,432,0.409009,2.425,2.42494567741
classic,433,0.409009,2.4244,2.4244186725
classic,434,0.409009,2.4238,2.42389660363
classic,435,0.409009,2.4234,2.42337938905
classic,436,0.409009,2.4228,2.42286694895
classic,437,0.409009,2.4223,2.42235920537
classic,438,0.409009,2.4217,2.42185608218
classic,439,0.409009,2.4216,2.42135726833
classic,440,0.409009,2.4209,2.42086316665
classic,441,1.040867,4.2153,4.2159539929
classic,442,1.040867,3.8315,3.83205336492
classic,443,1.040867,3.5146,3.51508323168
classic,444,1.040867,3.2545,3.25478096261
classic,445,1.040867,3.0476,3.04714049434
classic,446,1.040867,2.8697,2.86935979358
classic,447,1.040867,2.7802,2.78027725765
classic,448,1.040867,2.723,2.72290784949
classic,449,1.040867,2.6816,2.68150543869
classic,450,1.040867,2.6501,2.64954423154
classic,451,1.040867,2.6239,2.62376473951
classic,452,1.040867,2.6023,2.60231488038
classic,453,1.040867,2.5839,2.58404869615
classic,454,1.040867,2.5679,2.56820437575
classic,455,1.040867,2.5543,2.55427539269
classic,456,1.040867,2.5417,2.54187951837
classic,457,1.040867,2.5305,2.5307398665
classic,458,1.040867,2.5205,2.52064623241
classic,459,1.040867,2.5113,2.51143556618
classic,460,1.040867,2.5032,2.50297904982
classic,461,1.040867,2.4953,2.49516970034
classic,462,1.040867,2.4879,2.48793077343
classic,463,1.040867,2.4814,2.48118906605
classic,464,1.040867,2.4749,2.47488683152
classic,465,1.040867,2.4688,2.46897550507
classic,466,1.040867,2.4636,2.46341388666
classic,467,1.040867,2.4582,2.45816674781
classic,468,1.040867,2.453,2.45320144667
classic,469,1.040867,2.4485,2.44849640844
classic,470,1.040867,2.4439,2.44402626923
classic,471,1.040867,2.4396,2.43977092154
classic,472,1.040867,2.4358,2.43571264464
classic,473,1.040867,2.4321,2.43183574773
classic,474,1.040867,2.4279,2.42812454573
classic,475,1.040867,2.4246,2.42457011187
classic,476,1.040867,2.4211,2.42115947085
classic,477,1.040867,2.4178,2.41788257759
classic,478,1.040867,2.4146,2.41473036653
classic,479,1.040867,2.4116,2.41169463064
classic,480,1.040867,2.4088,2.40876791828
classic,481,1.040867,2.4058,2.40594212143
classic,482,1.040867,2.4032,2.40321373832
classic,483,1.040867,2.4006,2.40057573094
classic,484,1.040867,2.398,2.39802290105
classic,485,1.040867,2.3954,2.39555046993
classic,486,1.040867,2.3931,2.39315403533
classic,487,1.040867,2.3909,2.39082844172
classic,488,1.040867,2.3886,2.38857214646
classic,489,1.040867,2.3863,2.38638054234
classic,490,1.040867,2.3842,2.38425039769
classic,491,1.040867,2.3822,2.38217870814
classic,492,1.040867,2.38,2.38016267617
classic,493,1.040867,2.3782,2.37819969288
classic,494,1.040867,2.3762,2.37628642156
classic,495,1.040867,2.3745,2.37442240653
classic,496,1.040867,2.3725,2.37260459012
classic,497,1.040867,2.3706,2.37083097138
classic,498,1.040867,2.3689,2.36909967178
classic,499,1.040867,2.3674,2.3674089255
classic,500,1.040867,2.3658,2.36575629215
classic,501,1.040867,2.364,2.36414178109
classic,502,1.040867,2.3626,2.36256311911
classic,503,1.040867,2.3608,2.36101891242
classic,504,1.040867,2.3595,2.3595078439
classic,505,1.040867,2.3579,2.35802866767
classic,506,1.040867,2.3565,2.35658020414
classic,507,1.040867,2.3552,2.35516066575
classic,508,1.040867,2.3537,2.35377034511
classic,509,1.040867,2.3524,2.35240755225
classic,510,1.040867,2.3512,2.35107133104
classic,511,1.040867,2.3497,2.34976077245
classic,512,1.040867,2.3485,2.3484750115
classic,513,1.040867,2.3471,2.34721322456
classic,514,1.040867,2.346,2.34597404153
classic,515,1.040867,2.3449,2.34475789502
classic,516,1.040867,2.3433,2.34356347479
classic,517,1.040867,2.3423,2.34239009895
classic,518,1.040867,2.3413,2.34123711598
classic,519,1.040867,2.3401,2.34010390301
classic,520,1.040867,2.339,2.33898933739
classic,521,1.040867,2.3378,2.33789391103
classic,522,1.040867,2.3368,2.33681654187
classic,523,1.040867,2.3357,2.33575670643
classic,524,1.040867,2.3348,2.33471390279
classic,525,1.040867,2.3337,2.33368764944
classic,526,1.040867,2.3327,2.3326774842
classic,527,1.040867,2.3316,2.33168249265
classic,528,1.040867,2.3306,2.33070319672
classic,529,1.040867,2.3297,2.32973870857
classic,530,1.040867,2.3288,2.32878863401
classic,531,1.040867,2.3278,2.32785259375
classic,532,1.040867,2.3269,2.32693022273
classic,533,1.040867,2.3262,2.326020739
classic,534,1.040867,2.3252,2.32512467072
classic,535,1.040867,2.3242,2.3242412548
classic,536,1.040867,2.3235,2.32337017648
classic,537,1.040867,2.3225,2.32251113214
classic,538,1.040867,2.3215,2.32166382879
classic,539,1.040867,2.3207,2.32082798362
classic,540,1.040867,2.3198,2.32000293285
classic,541,1.040867,2.3191,2.31918919904
classic,542,1.040867,2.3184,2.31838613128
classic,543,1.040867,2.3178,2.31759348307
classic,544,1.040867,2.3168,2.31681101601
classic,545,1.040867,2.316,2.31603849946
classic,546,1.040867,2.3153,2.31527534876
classic,547,1.040867,2.3143,2.31452207528
classic,548,1.040867,2.3138,2.31377810375
classic,549,1.040867,2.3131,2.3130432315
classic,550,1.040867,2.3122,2.31231726218
classic,551,1.040867,2.3117,2.31160000544
classic,552,1.040867,2.3109,2.31089127676
classic,553,1.040867,2.3101,2.31019056516
classic,554,1.040867,2.3096,2.30949836494
classic,555,1.040867,2.309,2.30881417168
classic,556,1.040867,2.3081,2.30813782187
classic,557,1.040867,2.3075,2.30746915676
classic,558,1.040867,2.3068,2.30680802219
classic,559,1.040867,2.3061,2.3061542684
classic,560,1.040867,2.3056,2.30550744329
classic,561,1.040867,2.3048,2.30486802199
classic,562,1.040867,2.3042,2.30423555701
classic,563,1.040867,2.3036,2.30360991468
classic,564,1.040867,2.303,2.302990965
classic,565,1.040867,2.3024,2.30237858148
classic,566,1.040867,2.3019,2.30177235364
classic,567,1.040867,2.3011,2.30117273955
classic,568,1.040867,2.3005,2.30057933216
classic,569,1.040867,2.2999,2.29999201792
classic,570,1.040867,2.2994,2.29941068629
classic,571,1.040867,2.2989,2.29883522955
classic,572,1.040867,2.2983,2.29826554279
classic,573,1.040867,2.2976,2.29770125612
classic,574,1.040867,2.2972,2.29714280775
classic,575,1.040867,2.2967,2.29658983022
classic,576,1.040867,2.2961,2.29604222877
classic,577,1.040867,2.2957,2.29549991102
classic,578,1.040867,2.2949,2.29496278682
classic,579,1.040867,2.2943,2.29443051573
classic,580,1.040867,2.2937,2.29390351932
classic,581,1.040867,2.2935,2.29338145892
classic,582,1.040867,2.2929,2.29286425277
classic,583,1.040867,2.2923,2.29235182106
classic,584,1.040867,2.2919,2.29184408583
classic,585,1.040867,2.2912,2.29134097096
classic,586,1.040867,2.2911,2.2908421654
classic,587,1.040867,2.2904,2.29034807196
classic,588,1.416184,4.1816,4.18109053737
classic,589,1.416184,3.7976,3.79724889375
classic,590,1.416184,3.4805,3.48032002258
classic,591,1.416184,3.22,3.22004552871
classic,592,1.416184,3.0125,3.01242242835
classic,593,1.416184,2.8347,2.83465250747
classic,594,1.416184,2.7458,2.74557369609
classic,595,1.416184,2.6879,2.68820601035
classic,596,1.416184,2.6471,2.64680448381
classic,597,1.416184,2.6148,2.61484373975
classic,598,1.416184,2.589,2.58906447438
classic,599,1.416184,2.5674,2.56761469941
classic,600,1.416184,2.5491,2.54934850916
classic,601,1.416184,2.5336,2.53350412372
classic,602,1.416184,2.5196,2.51957503618
classic,603,1.416184,2.507,2.50717903065
classic,604,1.416184,2.4958,2.49603922939
classic,605,1.416184,2.4859,2.48594543363
classic,606,1.416184,2.4769,2.47673459757
classic,607,1.416184,2.4682,2.46827790619
classic,608,1.416184,2.4602,2.46046837855
classic,609,1.416184,2.4532,2.45322927208
classic,610,1.416184,2.4464,2.44648738478
classic,611,1.416184,2.4398,2.44018497083
classic,612,1.416184,2.4342,2.43427346609
classic,613,1.416184,2.4287,2.42871167097
classic,614,1.416184,2.4235,2.42346435733
classic,615,1.416184,2.4187,2.41849888348
classic,616,1.416184,2.4139,2.41379367496
classic,617,1.416184,2.4093,2.4093233679
classic,618,1.416184,2.4049,2.40506785489
classic,619,1.416184,2.4013,2.40100941525
classic,620,1.416184,2.3971,2.39713235818
classic,621,1.416184,2.3934,2.39342099854
classic,622,1.416184,2.3898,2.38986640969
classic,623,1.416184,2.3865,2.38645561623
classic,624,1.416184,2.3831,2.38317857303
classic,625,1.416184,2.3799,2.38002621451
classic,626,1.416184,2.3769,2.3769903336
classic,627,1.416184,2.374,2.37406347859
classic,628,1.416184,2.3712,2.37123754135
classic,629,1.416184,2.3684,2.36850902019
classic,630,1.416184,2.3659,2.365870877
classic,631,1.416184,2.3633,2.36331791346
classic,632,1.416184,2.361,2.36084535081
classic,633,1.416184,2.3581,2.35844878675
classic,634,1.416184,2.3562,2.35612306563
classic,635,1.416184,2.354,2.35386664488
classic,636,1.416184,2.3514,2.35167491718
classic,637,1.416184,2.3495,2.34954465083
classic,638,1.416184,2.3474,2.34747284139
classic,639,1.416184,2.3453,2.34545669129
classic,640,1.416184,2.3434,2.34349359161
classic,641,1.416184,2.3414,2.34158020551
classic,642,1.416184,2.3399,2.33971607742
classic,643,1.416184,2.338,2.33789814952
classic,644,1.416184,2.3362,2.33612442086
classic,645,1.416184,2.3345,2.33439301285
classic,646,1.416184,2.3326,2.33270215965
classic,647,1.416184,2.331,2.33104942077
classic,648,1.416184,2.3295,2.32943480563
classic,649,1.416184,2.3277,2.32785604095
classic,650,1.416184,2.3264,2.3263117329
classic,651,1.416184,2.3248,2.32480056434
classic,652,1.416184,2.3233,2.32332128934
classic,653,1.416184,2.3219,2.32187272829
classic,654,1.416184,2.3205,2.32045309355
classic,655,1.416184,2.319,2.3190626778
classic,656,1.416184,2.3178,2.31769979098
classic,657,1.416184,2.3162,2.31636347696
classic,658,1.416184,2.3151,2.31505282666
classic,659,1.416184,2.3138,2.3137669751
classic,660,1.416184,2.3125,2.3125050986
classic,661,1.416184,2.3113,2.31126582701
classic,662,1.416184,2.3099,2.310049593
classic,663,1.416184,2.3089,2.30885508627
classic,664,1.416184,2.3077,2.30768162489
classic,665,1.416184,2.3065,2.30652855735
classic,666,1.416184,2.3055,2.30539526073
classic,667,1.416184,2.3042,2.30428061233
classic,668,1.416184,2.303,2.30318510412
classic,669,1.416184,2.3019,2.302107654
classic,670,1.416184,2.3011,2.30104773846
classic,671,1.416184,2.2999,2.30000485556
classic,672,1.416184,2.2991,2.29897852376
classic,673,1.416184,2.2978,2.29796828089
classic,674,1.416184,2.2971,2.29697321246
classic,675,1.416184,2.296,2.29599384047
classic,676,1.416184,2.295,2.29502927702
classic,677,1.416184,2.294,2.29407912789
classic,678,1.416184,2.2932,2.29314301382
classic,679,1.416184,2.2922,2.2922205697
classic,680,1.416184,2.2914,2.29131101353
classic,681,1.416184,2.2904,2.29041487355
classic,682,1.416184,2.2895,2.28953138661
classic,683,1.416184,2.2886,2.28866023793
classic,684,1.416184,2.2878,2.28780112389
classic,685,1.416184,2.287,2.28695375149
classic,686,1.416184,2.286,2.28611783789
classic,687,1.416184,2.2852,2.28529271929
classic,688,1.416184,2.2845,2.28447891829
classic,689,1.416184,2.2837,2.28367578395
classic,690,1.416184,2.2829,2.28288306975
classic,691,1.416184,2.2821,2.28210053727
classic,692,1.416184,2.2814,2.28132795587
classic,693,1.416184,2.2805,2.28056474086
classic,694,1.416184,2.2797,2.27981140365
classic,695,1.416184,2.2791,2.27906736893
classic,696,1.416184,2.2782,2.27833243402
classic,697,1.416184,2.2776,2.27760640257
classic,698,1.416184,2.2767,2.27688908421
classic,699,1.416184,2.2763,2.27618029443
classic,700,1.416184,2.2755,2.2754795222
classic,701,1.416184,2.2748,2.27478726186
classic,702,1.416184,2.2742,2.27410300898
classic,703,1.416184,2.2736,2.27342660002
classic,704,1.416184,2.2728,2.27275787623
classic,705,1.416184,2.2719,2.27209668344
classic,706,1.416184,2.2713,2.2714428719
classic,707,1.416184,2.2707,2.27079598945
classic,708,1.416184,2.2702,2.27015651128
classic,709,1.416184,2.2696,2.26952398987
classic,710,1.416184,2.2688,2.26889829153
classic,711,1.416184,2.2683,2.26827928627
classic,712,1.416184,2.2676,2.26766684759
classic,713,1.416184,2.267,2.26706056497
classic,714,1.416184,2.2663,2.26646089654
classic,715,1.416184,2.2658,2.26586743519
classic,716,1.416184,2.2652,2.2652800674
classic,717,1.416184,2.2646,2.2646986826
classic,718,1.416184,2.2642,2.26412317309
classic,719,1.416184,2.2635,2.26355343392
classic,720,1.416184,2.2632,2.26298909519
classic,721,1.416184,2.2625,2.26243059516
classic,722,1.416184,2.2619,2.26187756632
classic,723,1.416184,2.2613,2.26132991393
classic,724,1.416184,2.2609,2.26078754558
classic,725,1.416184,2.2602,2.26025037114
classic,726,1.416184,2.2597,2.25971805012
classic,727,1.416184,2.2594,2.25919100415
classic,728,1.416184,2.2587,2.25866889452
classic,729,1.416184,2.2583,2.25815163948
classic,730,1.416184,2.2576,2.25763915919
classic,731,1.416184,2.2571,2.25713137571
classic,732,1.416184,2.2568,2.25662821291
classic,733,1.416184,2.2561,2.2561293597
classic,734,1.416184,2.2558,2.25563521896
classic,735,2.782831,4.1162,4.1166571295
classic,736,2.782831,3.7324,3.73277583561
classic,737,2.782831,3.4164,3.41581933587
classic,738,2.782831,3.1558,3.15552634927
classic,739,2.782831,2.9476,2.94789178596
classic,740,2.782831,2.7702,2.77011485994
classic,741,2.782831,2.6811,2.68103369024
classic,742,2.782831,2.6238,2.62366495017
classic,743,2.782831,2.5824,2.58226290915
classic,744,2.782831,2.5504,2.55030191872
classic,745,2.782831,2.5246,2.52452255549
classic,746,2.782831,2.503,2.50307277083
classic,747,2.782831,2.4846,2.48480662567
classic,748,2.782831,2.469,2.46896232044
classic,749,2.782831,2.455,2.45503333591
classic,750,2.782831,2.4427,2.4426374483
classic,751,2.782831,2.4313,2.43149777463
classic,752,2.782831,2.4212,2.42140411255
classic,753,2.782831,2.4123,2.41219341379
classic,754,2.782831,2.4037,2.40373686159
classic,755,2.782831,2.396,2.39592747383
classic,756,2.782831,2.3887,2.38868850693
classic,757,2.782831,2.3819,2.38194675832
classic,758,2.782831,2.3757,2.37564448174
classic,759,2.782831,2.3697,2.36973311272
classic,760,2.782831,2.3642,2.36417145144
classic,761,2.782831,2.3589,2.35892426962
classic,762,2.782831,2.3539,2.35395892553
classic,763,2.782831,2.3492,2.34925384452
classic,764,2.782831,2.3448,2.34478366277
classic,765,2.782831,2.3405,2.34052827286
classic,766,2.782831,2.3366,2.33646995409
classic,767,2.782831,2.3325,2.33259301572
classic,768,2.782831,2.3288,2.32888177268
classic,769,2.782831,2.3253,2.32532729825
classic,770,2.782831,2.3221,2.32191661715
classic,771,2.782831,2.3186,2.31863968428
classic,772,2.782831,2.3156,2.31548743411
classic,773,2.782831,2.3123,2.31245165961
classic,774,2.782831,2.3095,2.30952490915
classic,775,2.782831,2.3068,2.30669907467
classic,776,2.782831,2.304,2.30397065444
classic,777,2.782831,2.3014,2.30133261045
classic,778,2.782831,2.2987,2.29877974443
classic,779,2.782831,2.2964,2.29630727766
classic,780,2.782831,2.2941,2.2939108079
classic,781,2.782831,2.2915,2.29158517957
classic,782,2.782831,2.2893,2.28932885008
classic,783,2.782831,2.2873,2.28713721217
classic,784,2.782831,2.2851,2.28500703419
classic,785,2.782831,2.2829,2.28293531174
classic,786,2.782831,2.2809,2.28091924729
classic,787,2.782831,2.2789,2.27895623196
classic,788,2.782831,2.2769,2.27704292898
classic,789,2.782831,2.2751,2.27517888273
classic,790,2.782831,2.2733,2.27336103548
classic,791,2.782831,2.2715,2.2715873863
classic,792,2.782831,2.2698,2.26985605663
classic,793,2.782831,2.2682,2.26816528066
classic,794,2.782831,2.2666,2.26651261797
classic,795,2.782831,2.2648,2.26489807794
classic,796,2.782831,2.2634,2.26331938733
classic,797,2.782831,2.2617,2.26177515237
classic,798,2.782831,2.2603,2.26026405591
classic,799,2.782831,2.2588,2.25878485207
classic,800,2.782831,2.2572,2.25733636124
classic,801,2.782831,2.2559,2.25591679587
classic,802,2.782831,2.2545,2.25452644856
classic,803,2.782831,2.2532,2.25316362933
classic,804,2.782831,2.2518,2.25182738205
classic,805,2.782831,2.2507,2.25051679768
classic,806,2.782831,2.2492,2.24923101124
classic,807,2.782831,2.2479,2.24796919908
classic,808,2.782831,2.2467,2.2467299911
classic,809,2.782831,2.2455,2.24551381992
classic,810,2.782831,2.2443,2.24431937527
classic,811,2.782831,2.2432,2.24314597528
classic,812,2.782831,2.2421,2.24199296841
classic,813,2.782831,2.2408,2.24085973179
classic,814,2.782831,2.2397,2.23974514275
classic,815,2.782831,2.2387,2.23864969321
classic,816,2.782831,2.2375,2.23757230111
classic,817,2.782831,2.2366,2.23651244297
classic,818,2.782831,2.2355,2.23546961684
classic,819,2.782831,2.2343,2.23444334123
classic,820,2.782831,2.2336,2.23343315394
classic,821,2.782831,2.2326,2.23243814055
classic,822,2.782831,2.2314,2.231458823
classic,823,2.782831,2.2305,2.23049431343
classic,824,2.782831,2.2296,2.22954421764
classic,825,2.782831,2.2286,2.22860815637
classic,826,2.782831,2.2277,2.22768576453
classic,827,2.782831,2.2269,2.22677626016
classic,828,2.782831,2.2259,2.22588017143
classic,829,2.782831,2.2249,2.22499673525
classic,830,2.782831,2.224,2.22412563685
classic,831,2.782831,2.2232,2.2232665726
classic,832,2.782831,2.2224,2.22241924954
classic,833,2.782831,2.2217,2.22158338481
classic,834,2.782831,2.2207,2.22075831465
classic,835,2.782831,2.22,2.21994456162
classic,836,2.782831,2.2191,2.21914147482
classic,837,2.782831,2.2184,2.21834880772
classic,838,2.782831,2.2178,2.21756632192
classic,839,2.782831,2.2168,2.2167937868
classic,840,2.782831,2.216,2.21603061767
classic,841,2.782831,2.2154,2.21527732592
classic,842,2.782831,2.2146,2.21453333627
classic,843,2.782831,2.214,2.21379844605
classic,844,2.782831,2.2131,2.2130724589
classic,845,2.782831,2.2123,2.21235518447
classic,846,2.782831,2.2117,2.21164643825
classic,847,2.782831,2.211,2.21094570923
classic,848,2.782831,2.2103,2.21025349174
classic,849,2.782831,2.2096,2.20956928134
classic,850,2.782831,2.209,2.20889291452
classic,851,2.782831,2.2083,2.20822423254
classic,852,2.782831,2.2077,2.20756308122
classic,853,2.782831,2.207,2.20690931081
classic,854,2.782831,2.2063,2.20626246919
classic,855,2.782831,2.2056,2.20562303152
classic,856,2.782831,2.2051,2.20499055029
classic,857,2.782831,2.2043,2.20436489182
classic,858,2.782831,2.2038,2.20374592612
classic,859,2.782831,2.2031,2.2031335267
classic,860,2.782831,2.2025,2.20252728306
classic,861,2.782831,2.202,2.20192765331
classic,862,2.782831,2.2014,2.20133423035
classic,863,2.782831,2.2008,2.20074690066
classic,864,2.782831,2.2001,2.20016555368
classic,865,2.782831,2.1997,2.19959008171
classic,866,2.782831,2.1991,2.19902037981
classic,867,2.782831,2.1986,2.1984560781
classic,868,2.782831,2.1979,2.19789761481
classic,869,2.782831,2.1974,2.19734462245
classic,870,2.782831,2.1968,2.19679700628
classic,871,2.782831,2.1964,2.19625467389
classic,872,2.782831,2.1957,2.19571753516
classic,873,2.782831,2.1952,2.19518524963
classic,874,2.782831,2.1947,2.19465823888
classic,875,2.782831,2.1942,2.19413616424
classic,876,2.782831,2.1936,2.19361894394
classic,877,2.782831,2.1931,2.19310649817
classic,878,2.782831,2.1927,2.19259874897
classic,879,2.782831,2.192,2.19209562021
classic,880,2.782831,2.1916,2.19159680085
classic,881,2.782831,2.1911,2.19110269371
classic,882,6.86104,4.0512,4.05059041562
classic,883,6.86104,3.6658,3.66672694519
classic,884,6.86104,3.3494,3.34978216495
classic,885,6.86104,3.0899,3.08949634131
classic,886,6.86104,2.8818,2.88186556303
classic,887,6.86104,2.7039,2.70409022997
classic,888,6.86104,2.6151,2.61500918291
classic,889,6.86104,2.5577,2.55764024942
classic,890,6.86104,2.5161,2.51623792429
classic,891,6.86104,2.4841,2.4842766261
classic,892,6.86104,2.4586,2.45849695548
classic,893,6.86104,2.4371,2.43704687297
classic,894,6.86104,2.4187,2.4187804429
classic,895,6.86104,2.4032,2.40293586642
classic,896,6.86104,2.3889,2.38900662437
classic,897,6.86104,2.3764,2.3766104922
classic,898,6.86104,2.3654,2.36547058606
classic,899,6.86104,2.3553,2.35537670275
classic,900,6.86104,2.3462,2.34616579313
classic,901,6.86104,2.3377,2.33770903964
classic,902,6.86104,2.3299,2.32989945933
classic,903,6.86104,2.3225,2.32266030813
classic,904,6.86104,2.3161,2.31591838279
classic,905,6.86104,2.3096,2.30961593646
classic,906,6.86104,2.3038,2.30370440419
classic,907,6.86104,2.2982,2.29814258571
classic,908,6.86104,2.2929,2.29289525233
classic,909,6.86104,2.288,2.28792976187
classic,910,6.86104,2.2832,2.2832245395
classic,911,6.86104,2.2788,2.278754221
classic,912,6.86104,2.2746,2.27449869868
classic,913,6.86104,2.2704,2.27044025159
classic,914,6.86104,2.2666,2.26656318875
classic,915,6.86104,2.2628,2.2628518248
classic,916,6.86104,2.2594,2.25929723296
classic,917,6.86104,2.2558,2.2558864377
classic,918,6.86104,2.2528,2.25260939376
classic,919,6.86104,2.2494,2.24945703543
classic,920,6.86104,2.2463,2.24642115556
classic,921,6.86104,2.2435,2.24349430237
classic,922,6.86104,2.2406,2.24066836764
classic,923,6.86104,2.238,2.23793984961
classic,924,6.86104,2.2352,2.23530171011
classic,925,6.86104,2.2327,2.23274875076
classic,926,6.86104,2.2301,2.23027619277
classic,927,6.86104,2.2278,2.2278796338
classic,928,6.86104,2.2253,2.22555391814
classic,929,6.86104,2.2231,2.22329750319
classic,930,6.86104,2.2212,2.22110578161
classic,931,6.86104,2.219,2.21897552166
classic,932,6.86104,2.2169,2.21690371887
classic,933,6.86104,2.2148,2.21488757566
classic,934,6.86104,2.2129,2.21292448308
classic,935,6.86104,2.211,2.21101110428
classic,936,6.86104,2.209,2.20914698365
classic,937,6.86104,2.2074,2.20732906338
classic,938,6.86104,2.2056,2.20555534249
classic,939,6.86104,2.2038,2.20382394237
classic,940,6.86104,2.2021,2.20213309718
classic,941,6.86104,2.2005,2.20048036642
classic,942,6.86104,2.1987,2.19886575949
classic,943,6.86104,2.1973,2.1972870031
classic,944,6.86104,2.1957,2.19574270342
classic,945,6.86104,2.1941,2.19423154329
classic,946,6.86104,2.1927,2.19275227678
classic,947,6.86104,2.1914,2.19130372427
classic,948,6.86104,2.1899,2.18988409813
classic,949,6.86104,2.1884,2.188493691
classic,950,6.86104,2.1872,2.18713081285
classic,951,6.86104,2.1859,2.18579450752
classic,952,6.86104,2.1845,2.18448386594
classic,953,6.86104,2.1832,2.18319802311
classic,954,6.86104,2.1819,2.18193615536
classic,955,6.86104,2.1807,2.18069689254
classic,956,6.86104,2.1795,2.1794806673
classic,957,6.86104,2.1783,2.17828616934
classic,958,6.86104,2.1772,2.17711271674
classic,959,6.86104,2.176,2.17595965797
classic,960,6.86104,2.1748,2.17482637012
classic,961,6.86104,2.1738,2.1737117305
classic,962,6.86104,2.1726,2.17261623105
classic,963,6.86104,2.1717,2.17153878967
classic,964,6.86104,2.1704,2.17047888287
classic,965,6.86104,2.1696,2.16943600869
classic,966,6.86104,2.1684,2.1684096856
classic,967,6.86104,2.1673,2.16739945141
classic,968,6.86104,2.1664,2.16640439167
classic,969,6.86104,2.1654,2.16542502833
classic,970,6.86104,2.1645,2.16446047351
classic,971,6.86104,2.1635,2.163510333
classic,972,6.86104,2.1625,2.16257422751
classic,973,6.86104,2.1616,2.16165179195
classic,974,6.86104,2.1609,2.16074224434
classic,975,6.86104,2.16,2.15984611287
classic,976,6.86104,2.159,2.15896263441
classic,977,6.86104,2.1581,2.1580914942
classic,978,6.86104,2.1572,2.15723238859
classic,979,6.86104,2.1564,2.1563850246
classic,980,6.86104,2.1555,2.15554911939
classic,981,6.86104,2.1547,2.15472400914
classic,982,6.86104,2.1538,2.15391021646
classic,983,6.86104,2.1531,2.15310709042
classic,984,6.86104,2.1524,2.15231438447
classic,985,6.86104,2.1515,2.15153186022
classic,986,6.86104,2.1509,2.15075928703
classic,987,6.86104,2.1499,2.14999608019
classic,988,6.86104,2.1491,2.14924275112
classic,989,6.86104,2.1485,2.14849872451
classic,990,6.86104,2.1478,2.14776379768
classic,991,6.86104,2.1472,2.14703777427
classic,992,6.86104,2.1463,2.14632046393
classic,993,6.86104,2.1457,2.14561168214
classic,994,6.86104,2.1449,2.14491091785
classic,995,6.86104,2.1442,2.14421866544
classic,996,6.86104,2.1436,2.14353442044
classic,997,6.86104,2.1429,2.14285801933
classic,998,6.86104,2.1421,2.14218930337
classic,999,6.86104,2.1416,2.14152811838
classic,1000,6.86104,2.141,2.14087431459
classic,1001,6.86104,2.1402,2.14022743987
classic,1002,6.86104,2.1396,2.1395879694
classic,1003,6.86104,2.139,2.13895545565
classic,1004,6.86104,2.1384,2.13832976495
classic,1005,6.86104,2.1377,2.13771076729
classic,1006,6.86104,2.1371,2.13709833618
classic,1007,6.86104,2.1365,2.1364920611
classic,1008,6.86104,2.136,2.13589240017
classic,1009,6.86104,2.1353,2.1352989463
classic,1010,6.86104,2.1347,2.13471158596
classic,1011,6.86104,2.1342,2.13413020857
classic,1012,6.86104,2.1334,2.13355470644
classic,1013,6.86104,2.1331,2.13298497462
classic,1014,6.86104,2.1323,2.13242064321
classic,1015,6.86104,2.1318,2.13186215047
classic,1016,6.86104,2.1312,2.13130912889
classic,1017,6.86104,2.1307,2.13076148373
classic,1018,6.86104,2.1303,2.13021912258
classic,1019,6.86104,2.1297,2.1296819553
classic,1020,6.86104,2.1292,2.12914964143
classic,1021,6.86104,2.1286,2.12862260256
classic,1022,6.86104,2.1281,2.12810050001
classic,1023,6.86104,2.1276,2.12758325202
classic,1024,6.86104,2.127,2.12707077875
classic,1025,6.86104,2.1266,2.12656300226
classic,1026,6.86104,2.126,2.12605984642
classic,1027,6.86104,2.1255,2.12556100015
classic,1028,6.86104,2.125,2.12506686631
classic,1029,11.965825,4.0188,4.01888330995
classic,1030,11.965825,3.6351,3.63501436839
classic,1031,11.965825,3.3185,3.31806713216
classic,1032,11.965825,3.058,3.05778098473
classic,1033,11.965825,2.8502,2.85015127496
classic,1034,11.965825,2.6724,2.67237799022
classic,1035,11.965825,2.5833,2.58329843426
classic,1036,11.965825,2.5261,2.52593064841
classic,1037,11.965825,2.4845,2.48452925094
classic,1038,11.965825,2.4527,2.45256872969
classic,1039,11.965825,2.4268,2.42678972645
classic,1040,11.965825,2.4053,2.40534022817
classic,1041,11.965825,2.3868,2.38707431714
classic,1042,11.965825,2.3713,2.37123020746
classic,1043,11.965825,2.3573,2.3573013889
classic,1044,11.965825,2.345,2.34490564418
classic,1045,11.965825,2.3334,2.33376609496
classic,1046,11.965825,2.3239,2.32367254234
classic,1047,11.965825,2.3144,2.31446194067
classic,1048,11.965825,2.3061,2.3060054752
classic,1049,11.965825,2.2981,2.29819616546
classic,1050,11.965825,2.291,2.29095726906
classic,1051,11.965825,2.2841,2.28421558452
classic,1052,11.965825,2.2778,2.27791336641
classic,1053,11.965825,2.2722,2.27200205099
classic,1054,11.965825,2.2664,2.266440439
classic,1055,11.965825,2.2612,2.26119330268
classic,1056,11.965825,2.2563,2.25622800072
classic,1057,11.965825,2.2516,2.25152295881
classic,1058,11.965825,2.2471,2.24705281343
classic,1059,11.965825,2.2428,2.24279745745
classic,1060,11.965825,2.239,2.2387391704
classic,1061,11.965825,2.2349,2.23486226175
classic,1062,11.965825,2.2312,2.2311510466
classic,1063,11.965825,2.2277,2.2275965984
classic,1064,11.965825,2.2243,2.22418594198
classic,1065,11.965825,2.221,2.2209090324
classic,1066,11.965825,2.2178,2.21775680422
classic,1067,11.965825,2.2146,2.21472105052
classic,1068,11.965825,2.2119,2.21179431976
classic,1069,11.965825,2.2089,2.20896850396
classic,1070,11.965825,2.2063,2.20624010147
classic,1071,11.965825,2.2035,2.20360207432
classic,1072,11.965825,2.201,2.20104922432
classic,1073,11.965825,2.1986,2.19857677281
classic,1074,11.965825,2.1962,2.19618031758
classic,1075,11.965825,2.1939,2.19385470313
classic,1076,11.965825,2.1917,2.19159838687
classic,1077,11.965825,2.1894,2.1894067616
classic,1078,11.965825,2.1873,2.18727659571
classic,1079,11.965825,2.1853,2.18520488483
classic,1080,11.965825,2.1833,2.18318883145
classic,1081,11.965825,2.1811,2.18122582673
classic,1082,11.965825,2.1794,2.17931253392
classic,1083,11.965825,2.1775,2.17744849742
classic,1084,11.965825,2.1756,2.17563065953
classic,1085,11.965825,2.174,2.17385701934
classic,1086,11.965825,2.1721,2.1721256983
classic,1087,11.965825,2.1704,2.17043493062
classic,1088,11.965825,2.1688,2.16878227591
classic,1089,11.965825,2.1672,2.16716774356
classic,1090,11.965825,2.1655,2.16558906034
classic,1091,11.965825,2.1639,2.16404483249
classic,1092,11.965825,2.1627,2.16253374288
classic,1093,11.965825,2.161,2.16105454564
classic,1094,11.965825,2.1595,2.15960606118
classic,1095,11.965825,2.158,2.15818650194
classic,1096,11.965825,2.1568,2.15679616056
classic,1097,11.965825,2.1553,2.15543334703
classic,1098,11.965825,2.1542,2.15409710527
classic,1099,11.965825,2.1529,2.15278652622
classic,1100,11.965825,2.1515,2.15150074492
classic,1101,11.965825,2.1504,2.15023893773
classic,1102,11.965825,2.1491,2.14899973455
classic,1103,11.965825,2.1478,2.147783568
classic,1104,11.965825,2.1464,2.14658912784
classic,1105,11.965825,2.1456,2.14541573218
classic,1106,11.965825,2.1442,2.1442627295
classic,1107,11.965825,2.143,2.14312949694
classic,1108,11.965825,2.1421,2.14201491182
classic,1109,11.965825,2.1411,2.14091946607
classic,1110,11.965825,2.1399,2.13984207765
classic,1111,11.965825,2.1388,2.13878222306
classic,1112,11.965825,2.1378,2.13773940038
classic,1113,11.965825,2.1368,2.1367131281
classic,1114,11.965825,2.1358,2.13570294404
classic,1115,11.965825,2.1347,2.13470793378
classic,1116,11.965825,2.1337,2.13372861926
classic,1117,11.965825,2.1328,2.13276411262
classic,1118,11.965825,2.1318,2.13181401968
classic,1119,11.965825,2.1309,2.13087796116
classic,1120,11.965825,2.1298,2.12995557199
classic,1121,11.965825,2.129,2.1290460702
classic,1122,11.965825,2.1281,2.12814998399
classic,1123,11.965825,2.1272,2.12726655024
classic,1124,11.965825,2.1264,2.12639545419
classic,1125,11.965825,2.1256,2.12553639223
classic,1126,11.965825,2.1248,2.12468907137
classic,1127,11.965825,2.1238,2.12385320879
classic,1128,11.965825,2.123,2.12302814071
classic,1129,11.965825,2.1223,2.1222143897
classic,1130,11.965825,2.1214,2.12141130485
classic,1131,11.965825,2.1206,2.12061863965
classic,1132,11.965825,2.1199,2.11983615569
classic,1133,11.965825,2.119,2.11906362234
classic,1134,11.965825,2.1183,2.11830045495
classic,1135,11.965825,2.1175,2.11754716487
classic,1136,11.965825,2.1168,2.11680317684
classic,1137,11.965825,2.1161,2.11606828819
classic,1138,11.965825,2.1152,2.11534230256
classic,1139,11.965825,2.1147,2.11462502961
classic,1140,11.965825,2.1139,2.11391628482
classic,1141,11.965825,2.1133,2.11321555719
classic,1142,11.965825,2.1125,2.11252334104
classic,1143,11.965825,2.1119,2.11183913194
classic,1144,11.965825,2.1112,2.11116276638
classic,1145,11.965825,2.1105,2.11049408562
classic,1146,11.965825,2.1099,2.10983293548
classic,1147,11.965825,2.1092,2.10917916622
classic,1148,11.965825,2.1085,2.10853232571
classic,1149,11.965825,2.1079,2.10789288911
classic,1150,11.965825,2.1072,2.10726040891
classic,1151,11.965825,2.1066,2.10663475145
classic,1152,11.965825,2.1059,2.10601578672
classic,1153,11.965825,2.1055,2.10540338824
classic,1154,11.965825,2.1047,2.10479714551
classic,1155,11.965825,2.1042,2.10419751663
classic,1156,11.965825,2.1036,2.10360409452
classic,1157,11.965825,2.1031,2.10301676565
classic,1158,11.965825,2.1024,2.10243541946
classic,1159,11.965825,2.102,2.10185994825
classic,1160,11.965825,2.1013,2.10129024709
classic,1161,11.965825,2.1008,2.10072594609
classic,1162,11.965825,2.1001,2.10016748348
classic,1163,11.965825,2.0998,2.09961449179
classic,1164,11.965825,2.099,2.09906687625
classic,1165,11.965825,2.0986,2.09852454448
classic,1166,11.965825,2.098,2.09798740634
classic,1167,11.965825,2.0975,2.09745512138
classic,1168,11.965825,2.0969,2.09692811117
classic,1169,11.965825,2.0964,2.09640603705
classic,1170,11.965825,2.0959,2.09588881726
classic,1171,11.965825,2.0954,2.09537637197
classic,1172,11.965825,2.0949,2.09486862323
classic,1173,11.965825,2.0945,2.09436549492
classic,1174,11.965825,2.0938,2.09386667598
classic,1175,11.965825,2.0933,2.09337256924
interaction,0,0.070542,4.7388,4.73887833037
interaction,1,0.070542,4.3541,4.35497818689
interaction,2,0.070542,4.0384,4.03800067789
interaction,3,0.070542,3.7776,3.77768596481
interaction,4,0.070542,3.5698,3.57003056507
interaction,5,0.070542,3.3922,3.39223280429
interaction,6,0.070542,3.3024,3.30313996688
interaction,7,0.070542,3.2452,3.24576321768
interaction,8,0.070542,3.2041,3.20435513397
interaction,9,0.070542,3.172,3.17238931806
interaction,10,0.070542,3.1466,3.14660595515
interaction,11,0.070542,3.1248,3.12515276607
interaction,12,0.070542,3.1064,3.10688366493
interaction,13,0.070542,3.0913,3.09103675184
interaction,14,0.070542,3.077,3.07710544007
interaction,15,0.070542,3.0646,3.06470745338
interaction,16,0.070542,3.0531,3.05356587031
interaction,17,0.070542,3.0432,3.04347045885
interaction,18,0.070542,3.0342,3.03425814743
interaction,19,0.070542,3.0254,3.02580010063
interaction,20,0.070542,3.018,3.01798932053
interaction,21,0.070542,3.0105,3.01074905244
interaction,22,0.070542,3.0039,3.00400608274
interaction,23,0.070542,2.9975,2.99770265643
interaction,24,0.070542,2.9921,2.99179020168
interaction,25,0.070542,2.9861,2.98622751233
interaction,26,0.070542,2.9807,2.98097935467
interaction,27,0.070542,2.9761,2.9760130818
interaction,28,0.070542,2.971,2.97130711584
interaction,29,0.070542,2.9668,2.96683608889
interaction,30,0.070542,2.9621,2.96257989033
interaction,31,0.070542,2.9582,2.95852079664
interaction,32,0.070542,2.9546,2.95464311456
interaction,33,0.070542,2.951,2.95093115641
interaction,34,0.070542,2.9473,2.94737599416
interaction,35,0.070542,2.9439,2.94396465033
interaction,36,0.070542,2.9406,2.94068707818
interaction,37,0.070542,2.9372,2.93753421069
interaction,38,0.070542,2.9343,2.93449783948
interaction,39,0.070542,2.9314,2.93157051165
interaction,40,0.070542,2.9289,2.92874411778
interaction,41,0.070542,2.926,2.92601515561
interaction,42,0.070542,2.923,2.92337658591
interaction,43,0.070542,2.9208,2.92082320953
interaction,44,0.070542,2.9182,2.91835024695
interaction,45,0.070542,2.9158,2.91595329517
interaction,46,0.070542,2.9137,2.9136271977
interaction,47,0.070542,2.9115,2.91137041174
interaction,48,0.070542,2.9093,2.90917832922
interaction,49,0.070542,2.9068,2.90704771793
interaction,50,0.070542,2.9049,2.90497557294
interaction,51,0.070542,2.903,2.90295909625
interaction,52,0.070542,2.9011,2.9009956785
interaction,53,0.070542,2.8989,2.89908198234
interaction,54,0.070542,2.8971,2.89721755209
interaction,55,0.070542,2.8951,2.89539932948
interaction,56,0.070542,2.8933,2.89362531323
interaction,57,0.070542,2.892,2.89189362443
interaction,58,0.070542,2.8904,2.89020249698
interaction,59,0.070542,2.8885,2.88854948998
interaction,60,0.070542,2.8871,2.88693461286
interaction,61,0.070542,2.8854,2.88535559198
interaction,62,0.070542,2.8836,2.88381103328
interaction,63,0.070542,2.8823,2.8822996194
interaction,64,0.070542,2.8811,2.88082010422
interaction,65,0.070542,2.8793,2.87937130795
interaction,66,0.070542,2.8782,2.87795144265
interaction,67,0.070542,2.876,2.87656080104
interaction,68,0.070542,2.8753,2.87519769281
interaction,69,0.070542,2.8738,2.87386116167
interaction,70,0.070542,2.8724,2.87255029839
interaction,71,0.070542,2.8712,2.87126423784
interaction,72,0.070542,2.8696,2.87000215622
interaction,73,0.070542,2.8687,2.86876268317
interaction,74,0.070542,2.8676,2.86754625141
interaction,75,0.070542,2.8666,2.86635155042
interaction,76,0.070542,2.865,2.8651778982
interaction,77,0.070542,2.8638,2.8640246431
interaction,78,0.070542,2.8628,2.86289116213
interaction,79,0.070542,2.8619,2.86177633238
interaction,80,0.070542,2.8607,2.86068064591
interaction,81,0.070542,2.8595,2.85960302045
interaction,82,0.070542,2.8586,2.8585429324
interaction,83,0.070542,2.8575,2.85749987974
interaction,84,0.070542,2.8566,2.85647338086
interaction,85,0.070542,2.8553,2.8554629735
interaction,86,0.070542,2.8544,2.85446774305
interaction,87,0.070542,2.8534,2.85348821156
interaction,88,0.070542,2.8522,2.85252349101
interaction,89,0.070542,2.8516,2.85157318712
interaction,90,0.070542,2.8506,2.85063692055
interaction,91,0.070542,2.8497,2.84971432614
interaction,92,0.070542,2.8487,2.84880462177
interaction,93,0.070542,2.8476,2.84790833576
interaction,94,0.070542,2.8469,2.84702470483
interaction,95,0.070542,2.8461,2.84615341416
interaction,96,0.070542,2.8451,2.84529416008
interaction,97,0.070542,2.8444,2.84444664954
interaction,98,0.070542,2.8436,2.84361059965
interaction,99,0.070542,2.8431,2.84278534651
interaction,100,0.070542,2.842,2.8419714128
interaction,101,0.070542,2.8412,2.84116814748
interaction,102,0.070542,2.8403,2.84037530398
interaction,103,0.070542,2.8392,2.83959264385
interaction,104,0.070542,2.8388,2.83881993642
interaction,105,0.070542,2.838,2.83805659689
interaction,106,0.070542,2.8377,2.83730313676
interaction,107,0.070542,2.8365,2.83655898063
interaction,108,0.070542,2.8358,2.83582392579
interaction,109,0.070542,2.8351,2.83509777584
interaction,110,0.070542,2.8341,2.83438034041
interaction,111,0.070542,2.8338,2.83367143492
interaction,112,0.070542,2.8331,2.83297054828
interaction,113,0.070542,2.8324,2.83227817493
interaction,114,0.070542,2.8314,2.83159381032
interaction,115,0.070542,2.8311,2.8309172909
interaction,116,0.070542,2.83,2.83024845791
interaction,117,0.070542,2.8297,2.82958715714
interaction,118,0.070542,2.8293,2.8289332388
interaction,119,0.070542,2.8281,2.82828625069
interaction,120,0.070542,2.8275,2.82764666805
interaction,121,0.070542,2.827,2.8270140433
interaction,122,0.070542,2.8263,2.82638824274
interaction,123,0.070542,2.8255,2.82576913633
interaction,124,0.070542,2.8251,2.82515659757
interaction,125,0.070542,2.8243,2.82455021587
interaction,126,0.070542,2.824,2.82395044943
interaction,127,0.070542,2.8232,2.82335689108
interaction,128,0.070542,2.823,2.82276942728
interaction,129,0.070542,2.822,2.82218794744
interaction,130,0.070542,2.8215,2.82161234384
interaction,131,0.070542,2.8212,2.82104251152
interaction,132,0.070542,2.8202,2.82047808052
interaction,133,0.070542,2.8199,2.81991948916
interaction,134,0.070542,2.8196,2.81936636988
interaction,135,0.070542,2.8185,2.81881862793
interaction,136,0.070542,2.8183,2.81827617087
interaction,137,0.070542,2.8178,2.81773890856
interaction,138,0.070542,2.8173,2.81720650047
interaction,139,0.070542,2.8164,2.81667936828
interaction,140,0.070542,2.8159,2.81615717323
interaction,141,0.070542,2.8157,2.81563983356
interaction,142,0.070542,2.8152,2.81512726942
interaction,143,0.070542,2.8146,2.81461940285
interaction,144,0.070542,2.8142,2.8141161577
interaction,145,0.070542,2.8135,2.81361722285
interaction,146,0.070542,2.8131,2.81312300124
interaction,147,0.162405,4.5235,4.52327777635
interaction,148,0.162405,4.1397,4.13942089642
interaction,149,0.162405,3.8226,3.82248362497
interaction,150,0.162405,3.5629,3.56220566576
interaction,151,0.162405,3.3548,3.35458249151
interaction,152,0.162405,3.1771,3.17681480577
interaction,153,0.162405,3.0883,3.0877380567
interaction,154,0.162405,3.0304,3.03037207906
interaction,155,0.162405,2.9888,2.98897198682
interaction,156,0.162405,2.9568,2.95701247335
interaction,157,0.162405,2.9311,2.93123428308
interaction,158,0.162405,2.9098,2.90978546133
interaction,159,0.162405,2.8916,2.89152012647
interaction,160,0.162405,2.8757,2.87567651662
interaction,161,0.162405,2.8619,2.8617481375
interaction,162,0.162405,2.8494,2.84935278389
interaction,163,0.162405,2.8385,2.83821358617
interaction,164,0.162405,2.8281,2.82812035206
interaction,165,0.162405,2.8195,2.81891004105
interaction,166,0.162405,2.8106,2.81045384247
interaction,167,0.162405,2.8025,2.8026447792
interaction,168,0.162405,2.7952,2.79540611128
interaction,169,0.162405,2.7888,2.78866463954
interaction,170,0.162405,2.7823,2.78236262037
interaction,171,0.162405,2.7766,2.77645149155
interaction,172,0.162405,2.771,2.77089005514
interaction,173,0.162405,2.7656,2.76564308447
interaction,174,0.162405,2.7605,2.76067793926
interaction,175,0.162405,2.7557,2.7559730459
interaction,176,0.162405,2.7514,2.75150304166
interaction,177,0.162405,2.7474,2.74724782003
interaction,178,0.162405,2.7432,2.74318966113
interaction,179,0.162405,2.7391,2.7393128749
interaction,180,0.162405,2.7356,2.73560177694
interaction,181,0.162405,2.7321,2.73204744097
interaction,182,0.162405,2.7285,2.72863689226
interaction,183,0.162405,2.7254,2.72536008616
interaction,184,0.162405,2.7222,2.72220795754
interaction,185,0.162405,2.719,2.71917229971
interaction,186,0.162405,2.7163,2.71624566138
interaction,187,0.162405,2.7135,2.71341993483
interaction,188,0.162405,2.7109,2.71069161851
interaction,189,0.162405,2.7082,2.70805367468
interaction,190,0.162405,2.7053,2.70550090531
interaction,191,0.162405,2.7029,2.7030285319
interaction,192,0.162405,2.7007,2.70063215237
interaction,193,0.162405,2.6984,2.69830661137
interaction,194,0.162405,2.6961,2.69605036638
interaction,195,0.162405,2.6945,2.69385881034
interaction,196,0.162405,2.6918,2.69172871174
interaction,197,0.162405,2.6898,2.6896570663
interaction,198,0.162405,2.6878,2.68764107661
interaction,199,0.162405,2.6858,2.6856781339
interaction,200,0.162405,2.6837,2.68376490154
interaction,201,0.162405,2.682,2.68190092393
interaction,202,0.162405,2.68,2.68008314346
interaction,203,0.162405,2.6783,2.6783095593
interaction,204,0.162405,2.6765,2.67657829296
interaction,205,0.162405,2.6749,2.67488757871
interaction,206,0.162405,2.6736,2.67323497621
interaction,207,0.162405,2.6713,2.67162049487
interaction,208,0.162405,2.6702,2.67004186153
interaction,209,0.162405,2.6683,2.66849768246
interaction,210,0.162405,2.6669,2.6669866406
interaction,211,0.162405,2.6657,2.6655074901
interaction,212,0.162405,2.6641,2.66405905141
interaction,213,0.162405,2.6625,2.66263953702
interaction,214,0.162405,2.6611,2.66124923957
interaction,215,0.162405,2.66,2.65988646911
interaction,216,0.162405,2.6584,2.65855026957
interaction,217,0.162405,2.6573,2.65723973193
interaction,218,0.162405,2.656,2.65595399126
interaction,219,0.162405,2.6546,2.65469222394
interaction,220,0.162405,2.6538,2.65345305992
interaction,221,0.162405,2.6523,2.65223693181
interaction,222,0.162405,2.6507,2.65104252939
interaction,223,0.162405,2.6499,2.64986917081
interaction,224,0.162405,2.6486,2.64871620457
interaction,225,0.162405,2.6477,2.64758300781
interaction,226,0.162405,2.6464,2.64646845792
interaction,227,0.162405,2.6454,2.64537304679
interaction,228,0.162405,2.6444,2.64429569242
interaction,229,0.162405,2.6434,2.64323587133
interaction,230,0.162405,2.642,2.64219308161
interaction,231,0.162405,2.6411,2.64116684176
interaction,232,0.162405,2.6401,2.64015668962
interaction,233,0.162405,2.6391,2.63916171081
interaction,234,0.162405,2.6385,2.63818242724
interaction,235,0.162405,2.6373,2.63721795109
interaction,236,0.162405,2.6361,2.63626788817
interaction,237,0.162405,2.6355,2.63533185924
interaction,238,0.162405,2.6347,2.63440949922
interaction,239,0.162405,2.6337,2.63350002618
interaction,240,0.162405,2.6324,2.63260396829
interaction,241,0.162405,2.6317,2.63172056246
interaction,242,0.162405,2.6311,2.63084949394
interaction,243,0.162405,2.6299,2.62999045914
interaction,244,0.162405,2.6292,2.62914316506
interaction,245,0.162405,2.6284,2.6283073289
interaction,246,0.162405,2.6274,2.6274822869
interaction,247,0.162405,2.6267,2.62666856161
interaction,248,0.162405,2.6254,2.62586550215
interaction,249,0.162405,2.6249,2.625072862
interaction,250,0.162405,2.6243,2.62429040278
interaction,251,0.162405,2.6234,2.62351789385
interaction,252,0.162405,2.623,2.62275475058
interaction,253,0.162405,2.6218,2.62200148431
interaction,254,0.162405,2.6212,2.6212575198
interaction,255,0.162405,2.6206,2.62052265438
interaction,256,0.162405,2.62,2.6197966917
interaction,257,0.162405,2.6189,2.61907944143
interaction,258,0.162405,2.6186,2.61837071904
interaction,259,0.162405,2.6177,2.61767001356
interaction,260,0.162405,2.6169,2.61697781929
interaction,261,0.162405,2.6164,2.61629363182
interaction,262,0.162405,2.6157,2.61561728765
interaction,263,0.162405,2.6149,2.61494862802
interaction,264,0.162405,2.6143,2.61428749879
interaction,265,0.162405,2.6136,2.61363375019
interaction,266,0.162405,2.613,2.61298693013
interaction,267,0.162405,2.6125,2.61234751375
interaction,268,0.162405,2.612,2.61171505355
interaction,269,0.162405,2.6109,2.61108941587
interaction,270,0.162405,2.6108,2.6104704707
interaction,271,0.162405,2.6096,2.60985809159
interaction,272,0.162405,2.6092,2.60925186802
interaction,273,0.162405,2.6088,2.6086522581
interaction,274,0.162405,2.6081,2.60805885475
interaction,275,0.162405,2.6074,2.60747154445
interaction,276,0.162405,2.6069,2.60689021664
interaction,277,0.162405,2.6063,2.60631476362
interaction,278,0.162405,2.6057,2.60574508048
interaction,279,0.162405,2.6053,2.60518079732
interaction,280,0.162405,2.6047,2.60462235237
interaction,281,0.162405,2.604,2.60406937815
interaction,282,0.162405,2.6037,2.60352177993
interaction,283,0.162405,2.603,2.60297946531
interaction,284,0.162405,2.6026,2.60244234415
interaction,285,0.162405,2.602,2.60191007602
interaction,286,0.162405,2.6013,2.60138308248
interaction,287,0.162405,2.6008,2.60086102486
interaction,288,0.162405,2.6005,2.60034382142
interaction,289,0.162405,2.5999,2.59983139233
interaction,290,0.162405,2.5993,2.59932365965
interaction,291,0.162405,2.5989,2.59882054725
interaction,292,0.162405,2.5985,2.59832174408
interaction,293,0.162405,2.5978,2.59782765297
interaction,294,0.409009,4.3461,4.34640074883
interaction,295,0.409009,3.9625,3.96252290567
interaction,296,0.409009,3.6458,3.64556920771
interaction,297,0.409009,3.3856,3.3852784831
interaction,298,0.409009,3.1777,3.17764569367
interaction,299,0.409009,2.9999,2.99987026041
interaction,300,0.409009,2.9109,2.91078982803
interaction,301,0.409009,2.8533,2.85342155848
interaction,302,0.409009,2.8125,2.81201985476
interaction,303,0.409009,2.7799,2.7800591233
interaction,304,0.409009,2.754,2.75427996803
interaction,305,0.409009,2.733,2.73283035573
interaction,306,0.409009,2.7147,2.71456435686
interaction,307,0.409009,2.6988,2.69872017814
interaction,308,0.409009,2.6849,2.68479130452
interaction,309,0.409009,2.6724,2.67239551538
interaction,310,0.409009,2.6611,2.66125592999
interaction,311,0.409009,2.6512,2.65116234774
interaction,312,0.409009,2.6418,2.64195172168
interaction,313,0.409009,2.6336,2.63349523611
interaction,314,0.409009,2.6256,2.62568590978
interaction,315,0.409009,2.6183,2.61844699972
interaction,316,0.409009,2.6116,2.61170530398
interaction,317,0.409009,2.6055,2.60540307673
interaction,318,0.409009,2.5994,2.59949175393
interaction,319,0.409009,2.5938,2.59393013608
interaction,320,0.409009,2.5887,2.58868299518
interaction,321,0.409009,2.5837,2.58371768977
interaction,322,0.409009,2.5789,2.57901264537
interaction,323,0.409009,2.5745,2.57454249836
interaction,324,0.409009,2.5703,2.57028714148
interaction,325,0.409009,2.566,2.56622885418
interaction,326,0.409009,2.5621,2.56235194586
interaction,327,0.409009,2.5585,2.55864073154
interaction,328,0.409009,2.555,2.5550862846
interaction,329,0.409009,2.5517,2.55167562984
interaction,330,0.409009,2.5486,2.54839872227
interaction,331,0.409009,2.5454,2.54524649641
interaction,332,0.409009,2.5422,2.54221074531
interaction,333,0.409009,2.5393,2.53928401739
interaction,334,0.409009,2.5363,2.53645820465
interaction,335,0.409009,2.5337,2.5337298054
interaction,336,0.409009,2.531,2.53109178168
interaction,337,0.409009,2.5286,2.52853893525
interaction,338,0.409009,2.5259,2.52606648746
interaction,339,0.409009,2.5237,2.52367003607
interaction,340,0.409009,2.5215,2.52134442556
interaction,341,0.409009,2.5191,2.51908811334
interaction,342,0.409009,2.5169,2.5168964922
interaction,343,0.409009,2.5148,2.51476633051
interaction,344,0.409009,2.5126,2.51269462389
interaction,345,0.409009,2.5107,2.51067857484
interaction,346,0.409009,2.5087,2.5087155745
interaction,347,0.409009,2.5068,2.50680228612
interaction,348,0.409009,2.5048,2.50493825408
interaction,349,0.409009,2.5031,2.50312042068
interaction,350,0.409009,2.5014,2.50134678501
interaction,351,0.409009,2.4998,2.49961546851
interaction,352,0.409009,2.498,2.49792470541
interaction,353,0.409009,2.4965,2.49627205528
interaction,354,0.409009,2.4946,2.49465752752
interaction,355,0.409009,2.4932,2.49307884891
interaction,356,0.409009,2.4916,2.49153462567
interaction,357,0.409009,2.4903,2.49002354068
interaction,358,0.409009,2.4884,2.48854434806
interaction,359,0.409009,2.487,2.48709586822
interaction,360,0.409009,2.4856,2.4856763136
interaction,361,0.409009,2.484,2.48428597682
interaction,362,0.409009,2.4829,2.48292316791
interaction,363,0.409009,2.4815,2.48158693075
interaction,364,0.409009,2.4803,2.48027635629
interaction,365,0.409009,2.479,2.47899057957
interaction,366,0.409009,2.478,2.47772877695
interaction,367,0.409009,2.4766,2.47648957833
interaction,368,0.409009,2.4752,2.47527341634
interaction,369,0.409009,2.474,2.47407898071
interaction,370,0.409009,2.473,2.47290558957
interaction,371,0.409009,2.4716,2.4717525914
interaction,372,0.409009,2.4708,2.47061936333
interaction,373,0.409009,2.4696,2.46950478268
interaction,374,0.409009,2.4683,2.4684093414
interaction,375,0.409009,2.4671,2.46733195742
interaction,376,0.409009,2.4664,2.46627210725
interaction,377,0.409009,2.4652,2.46522928898
interaction,378,0.409009,2.4644,2.46420302108
interaction,379,0.409009,2.463,2.46319284139
interaction,380,0.409009,2.4621,2.46219783549
interaction,381,0.409009,2.4612,2.4612185253
interaction,382,0.409009,2.4603,2.46025402297
interaction,383,0.409009,2.4592,2.45930393433
interaction,384,0.409009,2.4584,2.45836788008
interaction,385,0.409009,2.4573,2.45744549516
interaction,386,0.409009,2.4565,2.45653599761
interaction,387,0.409009,2.4557,2.45563991561
interaction,388,0.409009,2.4548,2.45475648605
interaction,389,0.409009,2.454,2.45388539418
interaction,390,0.409009,2.4529,2.45302633638
interaction,391,0.409009,2.452,2.45217901966
interaction,392,0.409009,2.4515,2.45134316119
interaction,393,0.409009,2.4506,2.45051809721
interaction,394,0.409009,2.4496,2.44970435027
interaction,395,0.409009,2.4491,2.44890126947
interaction,396,0.409009,2.4481,2.44810860831
interaction,397,0.409009,2.4475,2.44732612836
interaction,398,0.409009,2.4466,2.44655359901
interaction,399,0.409009,2.446,2.44579043559
interaction,400,0.409009,2.4452,2.44503714947
interaction,401,0.409009,2.4443,2.44429316538
interaction,402,0.409009,2.4437,2.44355828065
interaction,403,0.409009,2.4429,2.44283229891
interaction,404,0.409009,2.4423,2.44211502984
interaction,405,0.409009,2.4413,2.4414062889
interaction,406,0.409009,2.4408,2.44070556511
interaction,407,0.409009,2.4401,2.44001335278
interaction,408,0.409009,2.4391,2.43932914748
interaction,409,0.409009,2.4385,2.43865278571
interaction,410,0.409009,2.4377,2.43798410871
interaction,411,0.409009,2.4373,2.43732296232
interaction,412,0.409009,2.4368,2.43666919678
interaction,413,0.409009,2.4362,2.43602235998
interaction,414,0.409009,2.4354,2.43538292706
interaction,415,0.409009,2.4349,2.43475045054
interaction,416,0.409009,2.434,2.43412479673
interaction,417,0.409009,2.4333,2.43350583563
interaction,418,0.409009,2.4329,2.43289344077
interaction,419,0.409009,2.4323,2.43228720164
interaction,420,0.409009,2.4317,2.43168757634
interaction,421,0.409009,2.4309,2.43109415779
interaction,422,0.409009,2.4305,2.43050683246
interaction,423,0.409009,2.4298,2.4299254898
interaction,424,0.409009,2.4294,2.4293500221
interaction,425,0.409009,2.4288,2.42878032444
interaction,426,0.409009,2.4281,2.42821602692
interaction,427,0.409009,2.4276,2.42765756777
interaction,428,0.409009,2.427,2.42710457951
interaction,429,0.409009,2.4266,2.4265569674
interaction,430,0.409009,2.4261,2.42601463904
interaction,431,0.409009,2.4254,2.42547750429
interaction,432,0.409009,2.425,2.42494522271
interaction,433,0.409009,2.4244,2.42441821587
interaction,434,0.409009,2.4238,2.42389614509
interaction,435,0.409009,2.4234,2.42337892862
interaction,436,0.409009,2.4228,2.42286648665
interaction,437,0.409009,2.4223,2.42235874121
interaction,438,0.409009,2.4217,2.42185561618
interaction,439,0.409009,2.4216,2.42135680051
interaction,440,0.409009,2.4209,2.42086269702
interaction,441,1.040867,4.2153,4.21595226503
interaction,442,1.040867,3.8315,3.83205200609
interaction,443,1.040867,3.5146,3.51508217756
interaction,444,1.040867,3.2545,3.25478015875
interaction,445,1.040867,3.0476,3.04713989011
interaction,446,1.040867,2.8697,2.8693593603
interaction,447,1.040867,2.7802,2.78027691002
interaction,448,1.040867,2.723,2.72290755703
interaction,449,1.040867,2.6816,2.68150518604
interaction,450,1.040867,2.6501,2.64954400963
interaction,451,1.040867,2.6239,2.62376454239
interaction,452,1.040867,2.6023,2.60231470389
interaction,453,1.040867,2.5839,2.58404853721
interaction,454,1.040867,2.5679,2.56820423205
interaction,455,1.040867,2.5543,2.55427526239
interaction,456,1.040867,2.5417,2.54187939999
interaction,457,1.040867,2.5305,2.53073975883
interaction,458,1.040867,2.5205,2.52064613445
interaction,459,1.040867,2.5113,2.51143547708
interaction,460,1.040867,2.5032,2.50297896886
interaction,461,1.040867,2.4953,2.49516962688
interaction,462,1.040867,2.4879,2.48793070694
interaction,463,1.040867,2.4814,2.48118900604
interaction,464,1.040867,2.4749,2.47488677757
interaction,465,1.040867,2.4688,2.46897545681
interaction,466,1.040867,2.4636,2.46341384374
interaction,467,1.040867,2.4582,2.45816670994
interaction,468,1.040867,2.453,2.45320141358
interaction,469,1.040867,2.4485,2.44849637987
interaction,470,1.040867,2.4439,2.44402624496
interaction,471,1.040867,2.4396,2.43977090136
interaction,472,1.040867,2.4358,2.43571262836
interaction,473,1.040867,2.4321,2.43183573518
interaction,474,1.040867,2.4279,2.42812453675
interaction,475,1.040867,2.4246,2.42457010631
interaction,476,1.040867,2.4211,2.42115946858
interaction,477,1.040867,2.4178,2.41788257846
interaction,478,1.040867,2.4146,2.41473037043
interaction,479,1.040867,2.4116,2.41169463746
interaction,480,1.040867,2.4088,2.40876792792
interaction,481,1.040867,2.4058,2.40594213379
interaction,482,1.040867,2.4032,2.4032137533
interaction,483,1.040867,2.4006,2.40057574846
interaction,484,1.040867,2.398,2.39802292102
interaction,485,1.040867,2.3954,2.39555049228
interaction,486,1.040867,2.3931,2.39315405999
interaction,487,1.040867,2.3909,2.39082846861
interaction,488,1.040867,2.3886,2.38857217552
interaction,489,1.040867,2.3863,2.38638057351
interaction,490,1.040867,2.3842,2.38425043091
interaction,491,1.040867,2.3822,2.38217874335
interaction,492,1.040867,2.38,2.38016271332
interaction,493,1.040867,2.3782,2.37819973192
interaction,494,1.040867,2.3762,2.37628646243
interaction,495,1.040867,2.3745,2.37442244921
interaction,496,1.040867,2.3725,2.37260463454
interaction,497,1.040867,2.3706,2.37083101751
interaction,498,1.040867,2.3689,2.36909971957
interaction,499,1.040867,2.3674,2.36740897492
interaction,500,1.040867,2.3658,2.36575634316
interaction,501,1.040867,2.364,2.36414183365
interaction,502,1.040867,2.3626,2.36256317318
interaction,503,1.040867,2.3608,2.36101896798
interaction,504,1.040867,2.3595,2.35950790092
interaction,505,1.040867,2.3579,2.35802872611
interaction,506,1.040867,2.3565,2.35658026397
interaction,507,1.040867,2.3552,2.35516072695
interaction,508,1.040867,2.3537,2.35377040765
interaction,509,1.040867,2.3524,2.35240761609
interaction,510,1.040867,2.3512,2.35107139617
interaction,511,1.040867,2.3497,2.34976083884
interaction,512,1.040867,2.3485,2.34847507913
interaction,513,1.040867,2.3471,2.3472132934
interaction,514,1.040867,2.346,2.34597411156
interaction,515,1.040867,2.3449,2.34475796623
interaction,516,1.040867,2.3433,2.34356354714
interaction,517,1.040867,2.3423,2.34239017243
interaction,518,1.040867,2.3413,2.34123719057
interaction,519,1.040867,2.3401,2.34010397869
interaction,520,1.040867,2.339,2.33898941415
interaction,521,1.040867,2.3378,2.33789398883
interaction,522,1.040867,2.3368,2.33681662071
interaction,523,1.040867,2.3357,2.33575678629
interaction,524,1.040867,2.3348,2.33471398366
interaction,525,1.040867,2.3337,2.33368773129
interaction,526,1.040867,2.3327,2.33267756702
interaction,527,1.040867,2.3316,2.33168257643
interaction,528,1.040867,2.3306,2.33070328145
interaction,529,1.040867,2.3297,2.32973879422
interaction,530,1.040867,2.3288,2.32878872057
interaction,531,1.040867,2.3278,2.32785268122
interaction,532,1.040867,2.3269,2.32693031109
interaction,533,1.040867,2.3262,2.32602082823
interaction,534,1.040867,2.3252,2.32512476081
interaction,535,1.040867,2.3242,2.32424134574
interaction,536,1.040867,2.3235,2.32337026825
interaction,537,1.040867,2.3225,2.32251122474
interaction,538,1.040867,2.3215,2.32166392221
interaction,539,1.040867,2.3207,2.32082807784
interaction,540,1.040867,2.3198,2.32000302786
interaction,541,1.040867,2.3191,2.31918929483
interaction,542,1.040867,2.3184,2.31838622785
interaction,543,1.040867,2.3178,2.31759358041
interaction,544,1.040867,2.3168,2.31681111409
interaction,545,1.040867,2.316,2.31603859829
interaction,546,1.040867,2.3153,2.31527544832
interaction,547,1.040867,2.3143,2.31452217557
interaction,548,1.040867,2.3138,2.31377820475
interaction,549,1.040867,2.3131,2.31304333321
interaction,550,1.040867,2.3122,2.31231736458
interaction,551,1.040867,2.3117,2.31160010854
interaction,552,1.040867,2.3109,2.31089138054
interaction,553,1.040867,2.3101,2.31019066961
interaction,554,1.040867,2.3096,2.30949847006
interaction,555,1.040867,2.309,2.30881427745
interaction,556,1.040867,2.3081,2.30813792829
interaction,557,1.040867,2.3075,2.30746926383
interaction,558,1.040867,2.3068,2.30680812989
interaction,559,1.040867,2.3061,2.30615437674
interaction,560,1.040867,2.3056,2.30550755225
interaction,561,1.040867,2.3048,2.30486813156
interaction,562,1.040867,2.3042,2.30423566719
interaction,563,1.040867,2.3036,2.30361002546
interaction,564,1.040867,2.303,2.30299107637
interaction,565,1.040867,2.3024,2.30237869345
interaction,566,1.040867,2.3019,2.30177246619
interaction,567,1.040867,2.3011,2.30117285268
interaction,568,1.040867,2.3005,2.30057944585
interaction,569,1.040867,2.2999,2.29999213218
interaction,570,1.040867,2.2994,2.29941080111
interaction,571,1.040867,2.2989,2.29883534493
interaction,572,1.040867,2.2983,2.29826565872
interaction,573,1.040867,2.2976,2.29770137258
interaction,574,1.040867,2.2972,2.29714292475
interaction,575,1.040867,2.2967,2.29658994775
interaction,576,1.040867,2.2961,2.29604234684
interaction,577,1.040867,2.2957,2.2955000296
interaction,578,1.040867,2.2949,2.29496290592
interaction,579,1.040867,2.2943,2.29443063534
interaction,580,1.040867,2.2937,2.29390363944
interaction,581,1.040867,2.2935,2.29338157954
interaction,582,1.040867,2.2929,2.29286437389
interaction,583,1.040867,2.2923,2.29235194267
interaction,584,1.040867,2.2919,2.29184420793
interaction,585,1.040867,2.2912,2.29134109354
interaction,586,1.040867,2.2911,2.29084228846
interaction,587,1.040867,2.2904,2.2903481955
interaction,588,1.416184,4.1816,4.18107458633
interaction,589,1.416184,3.7976,3.79723634925
interaction,590,1.416184,3.4805,3.48031029093
interaction,591,1.416184,3.22,3.22003810721
interaction,592,1.416184,3.0125,3.01241684978
interaction,593,1.416184,2.8347,2.83464850694
interaction,594,1.416184,2.7458,2.74557048633
interaction,595,1.416184,2.6879,2.68820330987
interaction,596,1.416184,2.6471,2.64680215087
interaction,597,1.416184,2.6148,2.61484169056
interaction,598,1.416184,2.589,2.58906265406
interaction,599,1.416184,2.5674,2.56761306952
interaction,600,1.416184,2.5491,2.54934704144
interaction,601,1.416184,2.5336,2.53350279666
interaction,602,1.416184,2.5196,2.51957383279
interaction,603,1.416184,2.507,2.50717793732
interaction,604,1.416184,2.4958,2.49603823496
interaction,605,1.416184,2.4859,2.48594452882
interaction,606,1.416184,2.4769,2.47673377453
interaction,607,1.416184,2.4682,2.46827715824
interaction,608,1.416184,2.4602,2.46046769994
interaction,609,1.416184,2.4532,2.45322865774
interaction,610,1.416184,2.4464,2.4464868303
interaction,611,1.416184,2.4398,2.44018447231
interaction,612,1.416184,2.4342,2.43427302005
interaction,613,1.416184,2.4287,2.42871127431
interaction,614,1.416184,2.4235,2.42346400727
interaction,615,1.416184,2.4187,2.4184985775
interaction,616,1.416184,2.4139,2.41379341076
interaction,617,1.416184,2.4093,2.40932314339
interaction,618,1.416184,2.4049,2.40506766817
interaction,619,1.416184,2.4013,2.40100926456
interaction,620,1.416184,2.3971,2.39713224192
interaction,621,1.416184,2.3934,2.39342091523
interaction,622,1.416184,2.3898,2.38986635794
interaction,623,1.416184,2.3865,2.38645559477
interaction,624,1.416184,2.3831,2.38317858066
interaction,625,1.416184,2.3799,2.38002625014
interaction,626,1.416184,2.3769,2.37699039617
interaction,627,1.416184,2.374,2.37406356716
interaction,628,1.416184,2.3712,2.37123765501
interaction,629,1.416184,2.3684,2.36850915808
interaction,630,1.416184,2.3659,2.36587103831
interaction,631,1.416184,2.3633,2.36331809743
interaction,632,1.416184,2.361,2.36084555674
interaction,633,1.416184,2.3581,2.35844901396
interaction,634,1.416184,2.3562,2.35612331349
interaction,635,1.416184,2.354,2.35386691278
interaction,636,1.416184,2.3514,2.35167520454
interaction,637,1.416184,2.3495,2.3495449571
interaction,638,1.416184,2.3474,2.34747316606
interaction,639,1.416184,2.3453,2.34545703386
interaction,640,1.416184,2.3434,2.34349395162
interaction,641,1.416184,2.3414,2.34158058251
interaction,642,1.416184,2.3399,2.33971647096
interaction,643,1.416184,2.338,2.33789855921
interaction,644,1.416184,2.3362,2.3361248463
interaction,645,1.416184,2.3345,2.33439345366
interaction,646,1.416184,2.3326,2.33270261547
interaction,647,1.416184,2.331,2.33104989127
interaction,648,1.416184,2.3295,2.32943529047
interaction,649,1.416184,2.3277,2.32785653981
interaction,650,1.416184,2.3264,2.32631224547
interaction,651,1.416184,2.3248,2.32480109033
interaction,652,1.416184,2.3233,2.32332182846
interaction,653,1.416184,2.3219,2.32187328027
interaction,654,1.416184,2.3205,2.32045365814
interaction,655,1.416184,2.319,2.31906325473
interaction,656,1.416184,2.3178,2.31770038002
interaction,657,1.416184,2.3162,2.31636407786
interaction,658,1.416184,2.3151,2.31505343921
interaction,659,1.416184,2.3138,2.31376759906
interaction,660,1.416184,2.3125,2.31250573376
interaction,661,1.416184,2.3113,2.31126647318
interaction,662,1.416184,2.3099,2.31005024998
interaction,663,1.416184,2.3089,2.30885575384
interaction,664,1.416184,2.3077,2.30768230289
interaction,665,1.416184,2.3065,2.30652924558
interaction,666,1.416184,2.3055,2.30539595903
interaction,667,1.416184,2.3042,2.30428132053
interaction,668,1.416184,2.303,2.30318582205
interaction,669,1.416184,2.3019,2.30210838149
interaction,670,1.416184,2.3011,2.30104847537
interaction,671,1.416184,2.2999,2.30000560172
interaction,672,1.416184,2.2991,2.29897927904
interaction,673,1.416184,2.2978,2.29796904513
interaction,674,1.416184,2.2971,2.29697398555
interaction,675,1.416184,2.296,2.29599462225
interaction,676,1.416184,2.295,2.29503006736
interaction,677,1.416184,2.294,2.29407992668
interaction,678,1.416184,2.2932,2.29314382091
interaction,679,1.416184,2.2922,2.29222138498
interaction,680,1.416184,2.2914,2.2913118369
interaction,681,1.416184,2.2904,2.29041570487
interaction,682,1.416184,2.2895,2.28953222577
interaction,683,1.416184,2.2886,2.28866108483
interaction,684,1.416184,2.2878,2.28780197842
interaction,685,1.416184,2.287,2.28695461355
interaction,686,1.416184,2.286,2.28611870737
interaction,687,1.416184,2.2852,2.2852935961
interaction,688,1.416184,2.2845,2.28447980232
interaction,689,1.416184,2.2837,2.28367667512
interaction,690,1.416184,2.2829,2.28288396795
interaction,691,1.416184,2.2821,2.28210144242
interaction,692,1.416184,2.2814,2.28132886788
interaction,693,1.416184,2.2805,2.28056565965
interaction,694,1.416184,2.2797,2.27981232913
interaction,695,1.416184,2.2791,2.27906830101
interaction,696,1.416184,2.2782,2.27833337264
interaction,697,1.416184,2.2776,2.27760734763
interaction,698,1.416184,2.2767,2.27689003564
interaction,699,1.416184,2.2763,2.27618125216
interaction,700,1.416184,2.2755,2.27548048614
interaction,701,1.416184,2.2748,2.27478823196
interaction,702,1.416184,2.2742,2.27410398515
interaction,703,1.416184,2.2736,2.27342758219
interaction,704,1.416184,2.2728,2.27275886434
interaction,705,1.416184,2.2719,2.27209767743
interaction,706,1.416184,2.2713,2.27144387169
interaction,707,1.416184,2.2707,2.27079699498
interaction,708,1.416184,2.2702,2.27015752249
interaction,709,1.416184,2.2696,2.2695250067
interaction,710,1.416184,2.2688,2.26889931392
interaction,711,1.416184,2.2683,2.26828031415
interaction,712,1.416184,2.2676,2.26766788091
interaction,713,1.416184,2.267,2.26706160367
interaction,714,1.416184,2.2663,2.26646194057
interaction,715,1.416184,2.2658,2.26586848449
interaction,716,1.416184,2.2652,2.26528112192
interaction,717,1.416184,2.2646,2.26469974228
interaction,718,1.416184,2.2642,2.26412423788
interaction,719,1.416184,2.2635,2.26355450377
interaction,720,1.416184,2.2632,2.26299017005
interaction,721,1.416184,2.2625,2.26243167498
interaction,722,1.416184,2.2619,2.26187865105
interaction,723,1.416184,2.2613,2.26133100353
interaction,724,1.416184,2.2609,2.26078864
interaction,725,1.416184,2.2602,2.26025147032
interaction,726,1.416184,2.2597,2.25971915403
interaction,727,1.416184,2.2594,2.25919211274
interaction,728,1.416184,2.2587,2.25867000775
interaction,729,1.416184,2.2583,2.2581527573
interaction,730,1.416184,2.2576,2.25764028156
interaction,731,1.416184,2.2571,2.25713250259
interaction,732,1.416184,2.2568,2.25662934426
interaction,733,1.416184,2.2561,2.25613049548
interaction,734,1.416184,2.2558,2.25563635913
interaction,735,2.782831,4.1162,4.11665234336
interaction,736,2.782831,3.7324,3.73277207176
interaction,737,2.782831,3.4164,3.4158164161
interaction,738,2.782831,3.1558,3.15552412271
interaction,739,2.782831,2.9476,2.94789011237
interaction,740,2.782831,2.7702,2.77011365982
interaction,741,2.782831,2.6811,2.68103272737
interaction,742,2.782831,2.6238,2.62366414009
interaction,743,2.782831,2.5824,2.58226220934
interaction,744,2.782831,2.5504,2.55030130404
interaction,745,2.782831,2.5246,2.52452200947
interaction,746,2.782831,2.503,2.50307228194
interaction,747,2.782831,2.4846,2.48480618543
interaction,748,2.782831,2.469,2.4689619224
interaction,749,2.782831,2.455,2.45503297497
interaction,750,2.782831,2.4427,2.44263712038
interaction,751,2.782831,2.4313,2.43149747637
interaction,752,2.782831,2.4212,2.42140384118
interaction,753,2.782831,2.4123,2.41219316695
interaction,754,2.782831,2.4037,2.40373663728
interaction,755,2.782831,2.396,2.39592727032
interaction,756,2.782831,2.3887,2.38868832269
interaction,757,2.782831,2.3819,2.38194659205
interaction,758,2.782831,2.3757,2.37564433225
interaction,759,2.782831,2.3697,2.36973297897
interaction,760,2.782831,2.3642,2.3641713325
interaction,761,2.782831,2.3589,2.35892416466
interaction,762,2.782831,2.3539,2.3539588338
interaction,763,2.782831,2.3492,2.34925376532
interaction,764,2.782831,2.3448,2.34478359548
interaction,765,2.782831,2.3405,2.3405282169
interaction,766,2.782831,2.3366,2.33646990894
interaction,767,2.782831,2.3325,2.3325929809
interaction,768,2.782831,2.3288,2.32888174774
interaction,769,2.782831,2.3253,2.32532728278
interaction,770,2.782831,2.3221,2.32191661076
interaction,771,2.782831,2.3186,2.31863968662
interaction,772,2.782831,2.3156,2.31548744485
interaction,773,2.782831,2.3123,2.31245167843
interaction,774,2.782831,2.3095,2.30952493577
interaction,775,2.782831,2.3068,2.30669910882
interaction,776,2.782831,2.304,2.30397069586
interaction,777,2.782831,2.3014,2.30133265889
interaction,778,2.782831,2.2987,2.29877979967
interaction,779,2.782831,2.2964,2.29630733949
interaction,780,2.782831,2.2941,2.29391087611
interaction,781,2.782831,2.2915,2.29158525398
interaction,782,2.782831,2.2893,2.28932893049
interaction,783,2.782831,2.2873,2.28713729842
interaction,784,2.782831,2.2851,2.28500712611
interaction,785,2.782831,2.2829,2.28293540918
interaction,786,2.782831,2.2809,2.28091935011
interaction,787,2.782831,2.2789,2.27895634
interaction,788,2.782831,2.2769,2.27704304212
interaction,789,2.782831,2.2751,2.27517900084
interaction,790,2.782831,2.2733,2.27336115842
interaction,791,2.782831,2.2715,2.27158751397
interaction,792,2.782831,2.2698,2.26985618891
interaction,793,2.782831,2.2682,2.26816541744
interaction,794,2.782831,2.2666,2.26651275916
interaction,795,2.782831,2.2648,2.26489822343
interaction,796,2.782831,2.2634,2.26331953703
interaction,797,2.782831,2.2617,2.26177530617
interaction,798,2.782831,2.2603,2.26026421374
interaction,799,2.782831,2.2588,2.25878501384
interaction,800,2.782831,2.2572,2.25733652687
interaction,801,2.782831,2.2559,2.25591696528
interaction,802,2.782831,2.2545,2.25452662167
interaction,803,2.782831,2.2532,2.25316380607
interaction,804,2.782831,2.2518,2.25182756235
interaction,805,2.782831,2.2507,2.25051698148
interaction,806,2.782831,2.2492,2.24923119846
interaction,807,2.782831,2.2479,2.24796938966
interaction,808,2.782831,2.2467,2.24673018498
interaction,809,2.782831,2.2455,2.24551401704
interaction,810,2.782831,2.2443,2.24431957557
interaction,811,2.782831,2.2432,2.2431461787
interaction,812,2.782831,2.2421,2.24199317491
interaction,813,2.782831,2.2408,2.24085994131
interaction,814,2.782831,2.2397,2.23974535523
interaction,815,2.782831,2.2387,2.23864990861
interaction,816,2.782831,2.2375,2.23757251938
interaction,817,2.782831,2.2366,2.23651266406
interaction,818,2.782831,2.2355,2.23546984072
interaction,819,2.782831,2.2343,2.23444356783
interaction,820,2.782831,2.2336,2.23343338324
interaction,821,2.782831,2.2326,2.2324383725
interaction,822,2.782831,2.2314,2.23145905755
interaction,823,2.782831,2.2305,2.23049455055
interaction,824,2.782831,2.2296,2.2295444573
interaction,825,2.782831,2.2286,2.22860839852
interaction,826,2.782831,2.2277,2.22768600914
interaction,827,2.782831,2.2269,2.22677650718
interaction,828,2.782831,2.2259,2.22588042085
interaction,829,2.782831,2.2249,2.22499698702
interaction,830,2.782831,2.224,2.22412589094
interaction,831,2.782831,2.2232,2.22326682898
interaction,832,2.782831,2.2224,2.22241950817
interaction,833,2.782831,2.2217,2.22158364567
interaction,834,2.782831,2.2207,2.22075857771
interaction,835,2.782831,2.22,2.21994482685
interaction,836,2.782831,2.2191,2.21914174218
interaction,837,2.782831,2.2184,2.2183490772
interaction,838,2.782831,2.2178,2.21756659348
interaction,839,2.782831,2.2168,2.21679406042
interaction,840,2.782831,2.216,2.21603089332
interaction,841,2.782831,2.2154,2.21527760358
interaction,842,2.782831,2.2146,2.21453361591
interaction,843,2.782831,2.214,2.21379872765
interaction,844,2.782831,2.2131,2.21307274243
interaction,845,2.782831,2.2123,2.21235546991
interaction,846,2.782831,2.2117,2.21164672558
interaction,847,2.782831,2.211,2.21094599843
interaction,848,2.782831,2.2103,2.21025378278
interaction,849,2.782831,2.2096,2.2095695742
interaction,850,2.782831,2.209,2.20889320918
interaction,851,2.782831,2.2083,2.20822452898
interaction,852,2.782831,2.2077,2.20756337943
interaction,853,2.782831,2.207,2.20690961076
interaction,854,2.782831,2.2063,2.20626277086
interaction,855,2.782831,2.2056,2.20562333489
interaction,856,2.782831,2.2051,2.20499085534
interaction,857,2.782831,2.2043,2.20436519855
interaction,858,2.782831,2.2038,2.20374623449
interaction,859,2.782831,2.2031,2.20313383671
interaction,860,2.782831,2.2025,2.20252759468
interaction,861,2.782831,2.202,2.20192796652
interaction,862,2.782831,2.2014,2.20133454514
interaction,863,2.782831,2.2008,2.20074721702
interaction,864,2.782831,2.2001,2.20016587159
interaction,865,2.782831,2.1997,2.19959040115
interaction,866,2.782831,2.1991,2.19902070077
interaction,867,2.782831,2.1986,2.19845640056
interaction,868,2.782831,2.1979,2.19789793876
interaction,869,2.782831,2.1974,2.19734494787
interaction,870,2.782831,2.1968,2.19679733316
interaction,871,2.782831,2.1964,2.19625500222
interaction,872,2.782831,2.1957,2.19571786492
interaction,873,2.782831,2.1952,2.19518558081
interaction,874,2.782831,2.1947,2.19465857147
interaction,875,2.782831,2.1942,2.19413649821
interaction,876,2.782831,2.1936,2.19361927929
interaction,877,2.782831,2.1931,2.19310683488
interaction,878,2.782831,2.1927,2.19259908703
interaction,879,2.782831,2.192,2.19209595962
interaction,880,2.782831,2.1916,2.19159714159
interaction,881,2.782831,2.1911,2.19110303576
interaction,882,6.86104,4.0512,4.05057961478
interaction,883,6.86104,3.6658,3.66671845128
interaction,884,6.86104,3.3494,3.34977557583
interaction,885,6.86104,3.0899,3.08949131653
interaction,886,6.86104,2.8818,2.88186178614
interaction,887,6.86104,2.7039,2.70408752157
interaction,888,6.86104,2.6151,2.61500700992
interaction,889,6.86104,2.5577,2.55763842124
interaction,890,6.86104,2.5161,2.51623634496
interaction,891,6.86104,2.4841,2.48427523887
interaction,892,6.86104,2.4586,2.45849572321
interaction,893,6.86104,2.4371,2.43704576963
interaction,894,6.86104,2.4187,2.41877944935
interaction,895,6.86104,2.4032,2.40293496811
interaction,896,6.86104,2.3889,2.38900580979
interaction,897,6.86104,2.3764,2.37660975212
interaction,898,6.86104,2.3654,2.36546991294
interaction,899,6.86104,2.3553,2.3553760903
interaction,900,6.86104,2.3462,2.34616523604
interaction,901,6.86104,2.3377,2.33770853339
interaction,902,6.86104,2.3299,2.32989900002
interaction,903,6.86104,2.3225,2.32265989234
interaction,904,6.86104,2.3161,2.31591800752
interaction,905,6.86104,2.3096,2.30961559907
interaction,906,6.86104,2.3038,2.30370410233
interaction,907,6.86104,2.2982,2.29814231728
interaction,908,6.86104,2.2929,2.29289501545
interaction,909,6.86104,2.288,2.28792955483
interaction,910,6.86104,2.2832,2.28322436075
interaction,911,6.86104,2.2788,2.27875406912
interaction,912,6.86104,2.2746,2.27449857237
interaction,913,6.86104,2.2704,2.27044014968
interaction,914,6.86104,2.2666,2.26656311014
interaction,915,6.86104,2.2628,2.2628517685
interaction,916,6.86104,2.2594,2.25929719804
interaction,917,6.86104,2.2558,2.25588642328
interaction,918,6.86104,2.2528,2.25260939903
interaction,919,6.86104,2.2494,2.24945705965
interaction,920,6.86104,2.2463,2.24642119803
interaction,921,6.86104,2.2435,2.24349436243
interaction,922,6.86104,2.2406,2.24066844469
interaction,923,6.86104,2.238,2.23793994306
interaction,924,6.86104,2.2352,2.23530181941
interaction,925,6.86104,2.2327,2.23274887541
interaction,926,6.86104,2.2301,2.23027633229
interaction,927,6.86104,2.2278,2.22787978772
interaction,928,6.86104,2.2253,2.22555408604
interaction,929,6.86104,2.2231,2.22329768466
interaction,930,6.86104,2.2212,2.22110597625
interaction,931,6.86104,2.219,2.2189757291
interaction,932,6.86104,2.2169,2.21690393877
interaction,933,6.86104,2.2148,2.21488780768
interaction,934,6.86104,2.2129,2.2129247269
interaction,935,6.86104,2.211,2.2110113596
interaction,936,6.86104,2.209,2.20914725017
interaction,937,6.86104,2.2074,2.20732934083
interaction,938,6.86104,2.2056,2.2055556306
interaction,939,6.86104,2.2038,2.20382424089
interaction,940,6.86104,2.2021,2.20213340586
interaction,941,6.86104,2.2005,2.20048068503
interaction,942,6.86104,2.1987,2.19886608782
interaction,943,6.86104,2.1973,2.19728734092
interaction,944,6.86104,2.1957,2.19574305052
interaction,945,6.86104,2.1941,2.19423189947
interaction,946,6.86104,2.1927,2.19275264186
interaction,947,6.86104,2.1914,2.19130409805
interaction,948,6.86104,2.1899,2.18988448044
interaction,949,6.86104,2.1884,2.18849408168
interaction,950,6.86104,2.1872,2.18713121171
interaction,951,6.86104,2.1859,2.18579491441
interaction,952,6.86104,2.1845,2.18448428071
interaction,953,6.86104,2.1832,2.18319844561
interaction,954,6.86104,2.1819,2.18193658545
interaction,955,6.86104,2.1807,2.18069733008
interaction,956,6.86104,2.1795,2.17948111215
interaction,957,6.86104,2.1783,2.17828662136
interaction,958,6.86104,2.1772,2.17711317582
interaction,959,6.86104,2.176,2.17596012398
interaction,960,6.86104,2.1748,2.17482684295
interaction,961,6.86104,2.1738,2.17371221002
interaction,962,6.86104,2.1726,2.17261671716
interaction,963,6.86104,2.1717,2.17153928226
interaction,964,6.86104,2.1704,2.17047938183
interaction,965,6.86104,2.1696,2.16943651392
interaction,966,6.86104,2.1684,2.168410197
interaction,967,6.86104,2.1673,2.16739996889
interaction,968,6.86104,2.1664,2.16640491512
interaction,969,6.86104,2.1654,2.16542555767
interaction,970,6.86104,2.1645,2.16446100865
interaction,971,6.86104,2.1635,2.16351087385
interaction,972,6.86104,2.1625,2.16257477399
interaction,973,6.86104,2.1616,2.16165234397
interaction,974,6.86104,2.1609,2.16074280182
interaction,975,6.86104,2.16,2.15984667574
interaction,976,6.86104,2.159,2.1589632026
interaction,977,6.86104,2.1581,2.15809206762
interaction,978,6.86104,2.1572,2.15723296718
interaction,979,6.86104,2.1564,2.15638560828
interaction,980,6.86104,2.1555,2.15554970809
interaction,981,6.86104,2.1547,2.15472460281
interaction,982,6.86104,2.1538,2.15391081502
interaction,983,6.86104,2.1531,2.1531076938
interaction,984,6.86104,2.1524,2.15231499262
interaction,985,6.86104,2.1515,2.15153247308
interaction,986,6.86104,2.1509,2.15075990453
interaction,987,6.86104,2.1499,2.14999670228
interaction,988,6.86104,2.1491,2.14924337774
interaction,989,6.86104,2.1485,2.14849935559
interaction,990,6.86104,2.1478,2.14776443319
interaction,991,6.86104,2.1472,2.14703841414
interaction,992,6.86104,2.1463,2.14632110811
interaction,993,6.86104,2.1457,2.14561233058
interaction,994,6.86104,2.1449,2.14491157051
interaction,995,6.86104,2.1442,2.14421932226
interaction,996,6.86104,2.1436,2.14353508137
interaction,997,6.86104,2.1429,2.14285868433
interaction,998,6.86104,2.1421,2.14218997238
interaction,999,6.86104,2.1416,2.14152879137
interaction,1000,6.86104,2.141,2.14087499151
interaction,1001,6.86104,2.1402,2.14022812068
interaction,1002,6.86104,2.1396,2.13958865405
interaction,1003,6.86104,2.139,2.1389561441
interaction,1004,6.86104,2.1384,2.13833045717
interaction,1005,6.86104,2.1377,2.13771146322
interaction,1006,6.86104,2.1371,2.13709903579
interaction,1007,6.86104,2.1365,2.13649276436
interaction,1008,6.86104,2.136,2.13589310704
interaction,1009,6.86104,2.1353,2.13529965674
interaction,1010,6.86104,2.1347,2.13471229992
interaction,1011,6.86104,2.1342,2.13413092603
interaction,1012,6.86104,2.1334,2.13355542735
interaction,1013,6.86104,2.1331,2.13298569896
interaction,1014,6.86104,2.1323,2.13242137095
interaction,1015,6.86104,2.1318,2.13186288156
interaction,1016,6.86104,2.1312,2.13130986331
interaction,1017,6.86104,2.1307,2.13076222144
interaction,1018,6.86104,2.1303,2.13021986355
interaction,1019,6.86104,2.1297,2.1296826995
interaction,1020,6.86104,2.1292,2.12915038882
interaction,1021,6.86104,2.1286,2.12862335313
interaction,1022,6.86104,2.1281,2.12810125372
interaction,1023,6.86104,2.1276,2.12758400883
interaction,1024,6.86104,2.127,2.12707153864
interaction,1025,6.86104,2.1266,2.12656376521
interaction,1026,6.86104,2.126,2.12606061239
interaction,1027,6.86104,2.1255,2.12556176912
interaction,1028,6.86104,2.125,2.12506763825
interaction,1029,11.965825,4.0188,4.01882998909
interaction,1030,11.965825,3.6351,3.63497243662
interaction,1031,11.965825,3.3185,3.3180346041
interaction,1032,11.965825,3.058,3.05775617938
interaction,1033,11.965825,2.8502,2.85013263008
interaction,1034,11.965825,2.6724,2.67236462004
interaction,1035,11.965825,2.5833,2.58328770717
interaction,1036,11.965825,2.5261,2.52592162351
interaction,1037,11.965825,2.4845,2.48452145448
interaction,1038,11.965825,2.4527,2.45256188156
interaction,1039,11.965825,2.4268,2.42678364323
interaction,1040,11.965825,2.4053,2.4053347814
interaction,1041,11.965825,2.3868,2.38706941235
interaction,1042,11.965825,2.3713,2.3712257728
interaction,1043,11.965825,2.3573,2.35729736754
interaction,1044,11.965825,2.345,2.34490199063
interaction,1045,11.965825,2.3334,2.33376277195
interaction,1046,11.965825,2.3239,2.32366951883
interaction,1047,11.965825,2.3144,2.31445919045
interaction,1048,11.965825,2.3061,2.30600297591
interaction,1049,11.965825,2.2981,2.29819389788
interaction,1050,11.965825,2.291,2.29095521628
interaction,1051,11.965825,2.2841,2.28421373179
interaction,1052,11.965825,2.2778,2.27791170068
interaction,1053,11.965825,2.2722,2.27200056066
interaction,1054,11.965825,2.2664,2.2664391137
interaction,1055,11.965825,2.2612,2.26119213308
interaction,1056,11.965825,2.2563,2.25622697845
interaction,1057,11.965825,2.2516,2.25152207614
interaction,1058,11.965825,2.2471,2.24705206341
interaction,1059,11.965825,2.2428,2.24279683369
interaction,1060,11.965825,2.239,2.23873866707
interaction,1061,11.965825,2.2349,2.23486187346
interaction,1062,11.965825,2.2312,2.23115076843
interaction,1063,11.965825,2.2277,2.22759642569
interaction,1064,11.965825,2.2243,2.22418587048
interaction,1065,11.965825,2.221,2.22090905813
interaction,1066,11.965825,2.2178,2.21775692349
interaction,1067,11.965825,2.2146,2.21472125988
interaction,1068,11.965825,2.2119,2.21179461596
interaction,1069,11.965825,2.2089,2.20896888401
interaction,1070,11.965825,2.2063,2.20624056247
interaction,1071,11.965825,2.2035,2.20360261361
interaction,1072,11.965825,2.201,2.20104983935
interaction,1073,11.965825,2.1986,2.19857746121
interaction,1074,11.965825,2.1962,2.19618107709
interaction,1075,11.965825,2.1939,2.19385553165
interaction,1076,11.965825,2.1917,2.19159928234
interaction,1077,11.965825,2.1894,2.1894077221
interaction,1078,11.965825,2.1873,2.18727761942
interaction,1079,11.965825,2.1853,2.18520597001
interaction,1080,11.965825,2.1833,2.18318997646
interaction,1081,11.965825,2.1811,2.18122702998
interaction,1082,11.965825,2.1794,2.17931379395
interaction,1083,11.965825,2.1775,2.17744981276
interaction,1084,11.965825,2.1756,2.17563202881
interaction,1085,11.965825,2.174,2.17385844125
interaction,1086,11.965825,2.1721,2.17212717158
interaction,1087,11.965825,2.1704,2.17043645408
interaction,1088,11.965825,2.1688,2.16878384841
interaction,1089,11.965825,2.1672,2.16716936396
interaction,1090,11.965825,2.1655,2.16559072759
interaction,1091,11.965825,2.1639,2.16404654556
interaction,1092,11.965825,2.1627,2.16253550079
interaction,1093,11.965825,2.161,2.16105634744
interaction,1094,11.965825,2.1595,2.15960790596
interaction,1095,11.965825,2.158,2.15818838885
interaction,1096,11.965825,2.1568,2.15679808872
interaction,1097,11.965825,2.1553,2.15543531563
interaction,1098,11.965825,2.1542,2.15409911352
interaction,1099,11.965825,2.1529,2.15278857336
interaction,1100,11.965825,2.1515,2.15150283021
interaction,1101,11.965825,2.1504,2.15024106046
interaction,1102,11.965825,2.1491,2.14900189405
interaction,1103,11.965825,2.1478,2.1477857636
interaction,1104,11.965825,2.1464,2.14659135888
interaction,1105,11.965825,2.1456,2.14541799803
interaction,1106,11.965825,2.1442,2.14426502957
interaction,1107,11.965825,2.143,2.14313183063
interaction,1108,11.965825,2.1421,2.14201727859
interaction,1109,11.965825,2.1411,2.14092186535
interaction,1110,11.965825,2.1399,2.1398445089
interaction,1111,11.965825,2.1388,2.13878468576
interaction,1112,11.965825,2.1378,2.13774189402
interaction,1113,11.965825,2.1368,2.13671565219
interaction,1114,11.965825,2.1358,2.13570549811
interaction,1115,11.965825,2.1347,2.13471051737
interaction,1116,11.965825,2.1337,2.13373123191
interaction,1117,11.965825,2.1328,2.13276675389
interaction,1118,11.965825,2.1318,2.13181668915
interaction,1119,11.965825,2.1309,2.1308806584
interaction,1120,11.965825,2.1298,2.1299582966
interaction,1121,11.965825,2.129,2.1290488218
interaction,1122,11.965825,2.1281,2.12815276217
interaction,1123,11.965825,2.1272,2.12726935464
interaction,1124,11.965825,2.1264,2.12639828444
interaction,1125,11.965825,2.1256,2.12553924797
interaction,1126,11.965825,2.1248,2.12469195226
interaction,1127,11.965825,2.1238,2.12385611448
interaction,1128,11.965825,2.123,2.12303107088
interaction,1129,11.965825,2.1223,2.12221734402
interaction,1130,11.965825,2.1214,2.121414283
interaction,1131,11.965825,2.1206,2.12062164132
interaction,1132,11.965825,2.1199,2.11983918058
interaction,1133,11.965825,2.119,2.11906667016
interaction,1134,11.965825,2.1183,2.1183035254
interaction,1135,11.965825,2.1175,2.11755025768
interaction,1136,11.965825,2.1168,2.11680629173
interaction,1137,11.965825,2.1161,2.11607142489
interaction,1138,11.965825,2.1152,2.1153454608
interaction,1139,11.965825,2.1147,2.11462820913
interaction,1140,11.965825,2.1139,2.11391948537
interaction,1141,11.965825,2.1133,2.11321877853
interaction,1142,11.965825,2.1125,2.11252658292
interaction,1143,11.965825,2.1119,2.11184239413
interaction,1144,11.965825,2.1112,2.11116604864
interaction,1145,11.965825,2.1105,2.11049738772
interaction,1146,11.965825,2.1099,2.1098362572
interaction,1147,11.965825,2.1092,2.10918250734
interaction,1148,11.965825,2.1085,2.10853568602
interaction,1149,11.965825,2.1079,2.1078962684
interaction,1150,11.965825,2.1072,2.10726380697
interaction,1151,11.965825,2.1066,2.10663816807
interaction,1152,11.965825,2.1059,2.10601922171
interaction,1153,11.965825,2.1055,2.1054068414
interaction,1154,11.965825,2.1047,2.10480061666
interaction,1155,11.965825,2.1042,2.10420100557
interaction,1156,11.965825,2.1036,2.10360760107
interaction,1157,11.965825,2.1031,2.10302028963
interaction,1158,11.965825,2.1024,2.10243896069
interaction,1159,11.965825,2.102,2.10186350656
interaction,1160,11.965825,2.1013,2.10129382231
interaction,1161,11.965825,2.1008,2.10072953805
interaction,1162,11.965825,2.1001,2.10017109201
interaction,1163,11.965825,2.0998,2.09961811672
interaction,1164,11.965825,2.099,2.09907051744
interaction,1165,11.965825,2.0986,2.09852820176
interaction,1166,11.965825,2.098,2.09799107956
interaction,1167,11.965825,2.0975,2.09745881039
interaction,1168,11.965825,2.0969,2.09693181583
interaction,1169,11.965825,2.0964,2.0964097572
interaction,1170,11.965825,2.0959,2.09589255275
interaction,1171,11.965825,2.0954,2.09538012266
interaction,1172,11.965825,2.0949,2.09487238899
interaction,1173,11.965825,2.0945,2.09436927561
interaction,1174,11.965825,2.0938,2.09387047147
interaction,1175,11.965825,2.0933,2.0933763794
broken_N,0,0.070542,4.7388,4.73868319999
broken_N,1,0.070542,4.3541,4.3548324113
broken_N,2,0.070542,4.0384,4.03789565354
broken_N,3,0.070542,3.7776,3.77761440713
broken_N,4,0.070542,3.5698,3.56998570413
broken_N,5,0.070542,3.3922,3.39221080157
broken_N,6,0.070542,3.3024,3.30312941824
broken_N,7,0.070542,3.2452,3.2457600456
broken_N,8,0.070542,3.2041,3.20435728546
broken_N,9,0.070542,3.172,3.1723955792
broken_N,10,0.070542,3.1466,3.1466155311
broken_N,11,0.070542,3.1248,3.12516510013
broken_N,12,0.070542,3.1064,3.10689834774
broken_N,13,0.070542,3.0913,3.09105347199
broken_N,14,0.070542,3.077,3.07712395129
broken_N,15,0.070542,3.0646,3.06472755854
broken_N,16,0.070542,3.0531,3.05358740787
broken_N,17,0.070542,3.0432,3.04349329433
broken_N,18,0.070542,3.0342,3.03428216728
broken_N,19,0.070542,3.0254,3.02582520788
broken_N,20,0.070542,3.018,3.01801543198
broken_N,21,0.070542,3.0105,3.01077609473
broken_N,22,0.070542,3.0039,3.00403399193
broken_N,23,0.070542,2.9975,2.99773137602
broken_N,24,0.070542,2.9921,2.9918196814
broken_N,25,0.070542,2.9861,2.98625770722
broken_N,26,0.070542,2.9807,2.98101022429
broken_N,27,0.070542,2.9761,2.9760445899
broken_N,28,0.070542,2.971,2.97133922897
broken_N,29,0.070542,2.9668,2.96686877683
broken_N,30,0.070542,2.9621,2.96261312546
broken_N,31,0.070542,2.9582,2.95855455363
broken_N,32,0.070542,2.9546,2.95467737008
broken_N,33,0.070542,2.951,2.95096588917
broken_N,34,0.070542,2.9473,2.94741118398
broken_N,35,0.070542,2.9439,2.94400027873
broken_N,36,0.070542,2.9406,2.94072312796
broken_N,37,0.070542,2.9372,2.93757066582
broken_N,38,0.070542,2.9343,2.93453468497
broken_N,39,0.070542,2.9314,2.9316077335
broken_N,40,0.070542,2.9289,2.928781703
broken_N,41,0.070542,2.926,2.92605309168
broken_N,42,0.070542,2.923,2.92341486121
broken_N,43,0.070542,2.9208,2.92086181311
broken_N,44,0.070542,2.9182,2.91838916847
broken_N,45,0.070542,2.9158,2.91599252485
broken_N,46,0.070542,2.9137,2.91366672643
broken_N,47,0.070542,2.9115,2.91141023062
broken_N,48,0.070542,2.9093,2.90921842992
broken_N,49,0.070542,2.9068,2.90708809255
broken_N,50,0.070542,2.9049,2.90501621397
broken_N,51,0.070542,2.903,2.90299999652
broken_N,52,0.070542,2.9011,2.90103683121
broken_N,53,0.070542,2.8989,2.89912338107
broken_N,54,0.070542,2.8971,2.89725919053
broken_N,55,0.070542,2.8951,2.89544120168
broken_N,56,0.070542,2.8933,2.89366741351
broken_N,57,0.070542,2.892,2.89193594734
broken_N,58,0.070542,2.8904,2.8902450373
broken_N,59,0.070542,2.8885,2.88859224282
broken_N,60,0.070542,2.8871,2.88697757333
broken_N,61,0.070542,2.8854,2.88539875545
broken_N,62,0.070542,2.8836,2.88385439532
broken_N,63,0.070542,2.8823,2.88234317576
broken_N,64,0.070542,2.8811,2.8808638508
broken_N,65,0.070542,2.8793,2.87941524079
broken_N,66,0.070542,2.8782,2.87799555803
broken_N,67,0.070542,2.876,2.87660509522
broken_N,68,0.070542,2.8753,2.87524216224
broken_N,69,0.070542,2.8738,2.87390580292
broken_N,70,0.070542,2.8724,2.87259510817
broken_N,71,0.070542,2.8712,2.87130921297
broken_N,72,0.070542,2.8696,2.87004729361
broken_N,73,0.070542,2.8687,2.86880797991
broken_N,74,0.070542,2.8676,2.86759170454
broken_N,75,0.070542,2.8666,2.86639715715
broken_N,76,0.070542,2.865,2.86522365582
broken_N,77,0.070542,2.8638,2.86407054899
broken_N,78,0.070542,2.8628,2.86293721374
broken_N,79,0.070542,2.8619,2.86182252732
broken_N,80,0.070542,2.8607,2.86072698172
broken_N,81,0.070542,2.8595,2.8596494948
broken_N,82,0.070542,2.8586,2.85858954304
broken_N,83,0.070542,2.8575,2.85754662448
broken_N,84,0.070542,2.8566,2.85652025758
broken_N,85,0.070542,2.8553,2.85550998012
broken_N,86,0.070542,2.8544,2.85451487762
broken_N,87,0.070542,2.8534,2.85353547207
broken_N,88,0.070542,2.8522,2.85257087555
broken_N,89,0.070542,2.8516,2.85162069383
broken_N,90,0.070542,2.8506,2.85068454763
broken_N,91,0.070542,2.8497,2.84976207184
broken_N,92,0.070542,2.8487,2.84885248443
broken_N,93,0.070542,2.8476,2.84795631364
broken_N,94,0.070542,2.8469,2.84707279632
broken_N,95,0.070542,2.8461,2.84620161767
broken_N,96,0.070542,2.8451,2.84534247406
broken_N,97,0.070542,2.8444,2.84449507248
broken_N,98,0.070542,2.8436,2.84365913008
broken_N,99,0.070542,2.8431,2.84283398304
broken_N,100,0.070542,2.842,2.84202015397
broken_N,101,0.070542,2.8412,2.84121699192
broken_N,102,0.070542,2.8403,2.84042425036
broken_N,103,0.070542,2.8392,2.83964169085
broken_N,104,0.070542,2.8388,2.83886908276
broken_N,105,0.070542,2.838,2.83810584137
broken_N,106,0.070542,2.8377,2.83735247811
broken_N,107,0.070542,2.8365,2.83660841765
broken_N,108,0.070542,2.8358,2.83587345732
broken_N,109,0.070542,2.8351,2.83514740072
broken_N,110,0.070542,2.8341,2.83443005752
broken_N,111,0.070542,2.8338,2.83372124318
broken_N,112,0.070542,2.8331,2.83302044665
broken_N,113,0.070542,2.8324,2.83232816231
broken_N,114,0.070542,2.8314,2.83164388569
broken_N,115,0.070542,2.8311,2.83096745325
broken_N,116,0.070542,2.83,2.83029870625
broken_N,117,0.070542,2.8297,2.8296374905
broken_N,118,0.070542,2.8293,2.82898365623
broken_N,119,0.070542,2.8281,2.82833675129
broken_N,120,0.070542,2.8275,2.82769725089
broken_N,121,0.070542,2.827,2.82706470747
broken_N,122,0.070542,2.8263,2.82643898737
broken_N,123,0.070542,2.8255,2.82581996055
broken_N,124,0.070542,2.8251,2.82520750055
broken_N,125,0.070542,2.8243,2.8246011968
broken_N,126,0.070542,2.824,2.82400150747
broken_N,127,0.070542,2.8232,2.82340802544
broken_N,128,0.070542,2.823,2.82282063717
broken_N,129,0.070542,2.822,2.82223923208
broken_N,130,0.070542,2.8215,2.82166370248
broken_N,131,0.070542,2.8212,2.82109394343
broken_N,132,0.070542,2.8202,2.82052958499
broken_N,133,0.070542,2.8199,2.81997106544
broken_N,134,0.070542,2.8196,2.81941801728
broken_N,135,0.070542,2.8185,2.81887034575
broken_N,136,0.070542,2.8183,2.81832795843
broken_N,137,0.070542,2.8178,2.81779076519
broken_N,138,0.070542,2.8173,2.81725842555
broken_N,139,0.070542,2.8164,2.81673136113
broken_N,140,0.070542,2.8159,2.81620923322
broken_N,141,0.070542,2.8157,2.81569196006
broken_N,142,0.070542,2.8152,2.81517946182
broken_N,143,0.070542,2.8146,2.81467166054
broken_N,144,0.070542,2.8142,2.8141684801
broken_N,145,0.070542,2.8135,2.8136696094
broken_N,146,0.070542,2.8131,2.81317545132
broken_N,147,0.162405,4.5235,4.52332397201
broken_N,148,0.162405,4.1397,4.13946006026
broken_N,149,0.162405,3.8226,3.82251698298
broken_N,150,0.162405,3.5629,3.56223425596
broken_N,151,0.162405,3.3548,3.35460727851
broken_N,152,0.162405,3.1771,3.17683633651
broken_N,153,0.162405,3.0883,3.08775795581
broken_N,154,0.162405,3.0304,3.03039092739
broken_N,155,0.162405,2.9888,2.98899007683
broken_N,156,0.162405,2.9568,2.95702997797
broken_N,157,0.162405,2.9311,2.93125131553
broken_N,158,0.162405,2.9098,2.9098021009
broken_N,159,0.162405,2.8916,2.89153643148
broken_N,160,0.162405,2.8757,2.87569253143
broken_N,161,0.162405,2.8619,2.86176389719
broken_N,162,0.162405,2.8494,2.84936831655
broken_N,163,0.162405,2.8385,2.8382289148
broken_N,164,0.162405,2.8281,2.82813549582
broken_N,165,0.162405,2.8195,2.81892501611
broken_N,166,0.162405,2.8106,2.81046866265
broken_N,167,0.162405,2.8025,2.80265945634
broken_N,168,0.162405,2.7952,2.79542065584
broken_N,169,0.162405,2.7888,2.78867906062
broken_N,170,0.162405,2.7823,2.78237692602
broken_N,171,0.162405,2.7766,2.77646568893
broken_N,172,0.162405,2.771,2.77090415065
broken_N,173,0.162405,2.7656,2.76565708388
broken_N,174,0.162405,2.7605,2.76069184774
broken_N,175,0.162405,2.7557,2.75598686819
broken_N,176,0.162405,2.7514,2.75151678208
broken_N,177,0.162405,2.7474,2.74726148252
broken_N,178,0.162405,2.7432,2.74320324929
broken_N,179,0.162405,2.7391,2.73932639205
broken_N,180,0.162405,2.7356,2.73561522612
broken_N,181,0.162405,2.7321,2.73206082505
broken_N,182,0.162405,2.7285,2.72865021387
broken_N,183,0.162405,2.7254,2.72537334775
broken_N,184,0.162405,2.7222,2.72222116139
broken_N,185,0.162405,2.719,2.71918544797
broken_N,186,0.162405,2.7163,2.71625875603
broken_N,187,0.162405,2.7135,2.71343297773
broken_N,188,0.162405,2.7109,2.71070461143
broken_N,189,0.162405,2.7082,2.70806661929
broken_N,190,0.162405,2.7053,2.70551380316
broken_N,191,0.162405,2.7029,2.70304138447
broken_N,192,0.162405,2.7007,2.70064496104
broken_N,193,0.162405,2.6984,2.69831937745
broken_N,194,0.162405,2.6961,2.69606309114
broken_N,195,0.162405,2.6945,2.69387149496
broken_N,196,0.162405,2.6918,2.69174135734
broken_N,197,0.162405,2.6898,2.68966967396
broken_N,198,0.162405,2.6878,2.68765364735
broken_N,199,0.162405,2.6858,2.68569066869
broken_N,200,0.162405,2.6837,2.68377740128
broken_N,201,0.162405,2.682,2.68191338953
broken_N,202,0.162405,2.68,2.68009557577
broken_N,203,0.162405,2.6783,2.67832195913
broken_N,204,0.162405,2.6765,2.67659066108
broken_N,205,0.162405,2.6749,2.67489991585
broken_N,206,0.162405,2.6736,2.67324728309
broken_N,207,0.162405,2.6713,2.67163277218
broken_N,208,0.162405,2.6702,2.67005410992
broken_N,209,0.162405,2.6683,2.66850990258
broken_N,210,0.162405,2.6669,2.66699883304
broken_N,211,0.162405,2.6657,2.66551965544
broken_N,212,0.162405,2.6641,2.66407119022
broken_N,213,0.162405,2.6625,2.66265164984
broken_N,214,0.162405,2.6611,2.66126132692
broken_N,215,0.162405,2.66,2.6598985315
broken_N,216,0.162405,2.6584,2.65856230749
broken_N,217,0.162405,2.6573,2.65725174585
broken_N,218,0.162405,2.656,2.65596598163
broken_N,219,0.162405,2.6546,2.6547041912
broken_N,220,0.162405,2.6538,2.65346500448
broken_N,221,0.162405,2.6523,2.65224885409
broken_N,222,0.162405,2.6507,2.6510544298
broken_N,223,0.162405,2.6499,2.64988104973
broken_N,224,0.162405,2.6486,2.64872806238
broken_N,225,0.162405,2.6477,2.64759484486
broken_N,226,0.162405,2.6464,2.64648027456
broken_N,227,0.162405,2.6454,2.64538484337
broken_N,228,0.162405,2.6444,2.64430746926
broken_N,229,0.162405,2.6434,2.64324762876
broken_N,230,0.162405,2.642,2.64220481994
broken_N,231,0.162405,2.6411,2.64117856129
broken_N,232,0.162405,2.6401,2.64016839066
broken_N,233,0.162405,2.6391,2.63917339362
broken_N,234,0.162405,2.6385,2.63819409211
broken_N,235,0.162405,2.6373,2.6372295983
broken_N,236,0.162405,2.6361,2.63627951798
broken_N,237,0.162405,2.6355,2.63534347191
broken_N,238,0.162405,2.6347,2.63442109499
broken_N,239,0.162405,2.6337,2.6335116053
broken_N,240,0.162405,2.6324,2.63261553099
broken_N,241,0.162405,2.6317,2.63173210898
broken_N,242,0.162405,2.6311,2.63086102451
broken_N,243,0.162405,2.6299,2.63000197397
broken_N,244,0.162405,2.6292,2.62915466438
broken_N,245,0.162405,2.6284,2.62831881291
broken_N,246,0.162405,2.6274,2.6274937558
broken_N,247,0.162405,2.6267,2.62668001561
broken_N,248,0.162405,2.6254,2.62587694143
broken_N,249,0.162405,2.6249,2.62508428677
broken_N,250,0.162405,2.6243,2.62430181321
broken_N,251,0.162405,2.6234,2.62352929014
broken_N,252,0.162405,2.623,2.62276613289
broken_N,253,0.162405,2.6218,2.62201285283
broken_N,254,0.162405,2.6212,2.62126887469
broken_N,255,0.162405,2.6206,2.62053399581
broken_N,256,0.162405,2.62,2.61980801983
broken_N,257,0.162405,2.6189,2.61909075642
broken_N,258,0.162405,2.6186,2.61838202106
broken_N,259,0.162405,2.6177,2.61768130274
broken_N,260,0.162405,2.6169,2.6169890958
broken_N,261,0.162405,2.6164,2.6163048958
broken_N,262,0.162405,2.6157,2.61562853923
broken_N,263,0.162405,2.6149,2.61495986736
broken_N,264,0.162405,2.6143,2.61429872602
broken_N,265,0.162405,2.6136,2.61364496545
broken_N,266,0.162405,2.613,2.61299813354
broken_N,267,0.162405,2.6125,2.61235870544
broken_N,268,0.162405,2.612,2.61172623366
broken_N,269,0.162405,2.6109,2.61110058452
broken_N,270,0.162405,2.6108,2.61048162802
broken_N,271,0.162405,2.6096,2.60986923769
broken_N,272,0.162405,2.6092,2.60926300302
broken_N,273,0.162405,2.6088,2.60866338212
broken_N,274,0.162405,2.6081,2.6080699679
broken_N,275,0.162405,2.6074,2.60748264684
broken_N,276,0.162405,2.6069,2.60690130838
broken_N,277,0.162405,2.6063,2.60632584483
broken_N,278,0.162405,2.6057,2.60575615125
broken_N,279,0.162405,2.6053,2.60519185776
broken_N,280,0.162405,2.6047,2.60463340258
broken_N,281,0.162405,2.604,2.60408041823
broken_N,282,0.162405,2.6037,2.60353280999
broken_N,283,0.162405,2.603,2.60299048543
broken_N,284,0.162405,2.6026,2.60245335443
broken_N,285,0.162405,2.602,2.60192107655
broken_N,286,0.162405,2.6013,2.60139407336
broken_N,287,0.162405,2.6008,2.60087200618
broken_N,288,0.162405,2.6005,2.60035479327
broken_N,289,0.162405,2.5999,2.59984235479
broken_N,290,0.162405,2.5993,2.59933461281
broken_N,291,0.162405,2.5989,2.5988314912
broken_N,292,0.162405,2.5985,2.59833267889
broken_N,293,0.162405,2.5978,2.59783857873
broken_N,294,0.409009,4.3461,4.3464015539
broken_N,295,0.409009,3.9625,3.96252511527
broken_N,296,0.409009,3.6458,3.64557257689
broken_N,297,0.409009,3.3856,3.3852828045
broken_N,298,0.409009,3.1777,3.17765077461
broken_N,299,0.409009,2.9999,2.99987599163
broken_N,300,0.409009,2.9109,2.91079588507
broken_N,301,0.409009,2.8533,2.85342782535
broken_N,302,0.409009,2.8125,2.81202627305
broken_N,303,0.409009,2.7799,2.78006565849
broken_N,304,0.409009,2.754,2.7542865975
broken_N,305,0.409009,2.733,2.73283706365
broken_N,306,0.409009,2.7147,2.71457113159
broken_N,307,0.409009,2.6988,2.69872701081
broken_N,308,0.409009,2.6849,2.68479818813
broken_N,309,0.409009,2.6724,2.67240244432
broken_N,310,0.409009,2.6611,2.66126289967
broken_N,311,0.409009,2.6512,2.65116935434
broken_N,312,0.409009,2.6418,2.64195876196
broken_N,313,0.409009,2.6336,2.63350230732
broken_N,314,0.409009,2.6256,2.62569300954
broken_N,315,0.409009,2.6183,2.61845412595
broken_N,316,0.409009,2.6116,2.61171245487
broken_N,317,0.409009,2.6055,2.60541025067
broken_N,318,0.409009,2.5994,2.59949894949
broken_N,319,0.409009,2.5938,2.59393735197
broken_N,320,0.409009,2.5887,2.58869023027
broken_N,321,0.409009,2.5837,2.58372494301
broken_N,322,0.409009,2.5789,2.57901991582
broken_N,323,0.409009,2.5745,2.57454978515
broken_N,324,0.409009,2.5703,2.57029444383
broken_N,325,0.409009,2.566,2.56623617138
broken_N,326,0.409009,2.5621,2.56235927723
broken_N,327,0.409009,2.5585,2.55864807648
broken_N,328,0.409009,2.555,2.55509364254
broken_N,329,0.409009,2.5517,2.55168300026
broken_N,330,0.409009,2.5486,2.54840610467
broken_N,331,0.409009,2.5454,2.54525389034
broken_N,332,0.409009,2.5422,2.54221815034
broken_N,333,0.409009,2.5393,2.53929143311
broken_N,334,0.409009,2.5363,2.53646563071
broken_N,335,0.409009,2.5337,2.53373724144
broken_N,336,0.409009,2.531,2.53109922736
broken_N,337,0.409009,2.5286,2.52854639027
broken_N,338,0.409009,2.5259,2.52607395152
broken_N,339,0.409009,2.5237,2.52367750889
broken_N,340,0.409009,2.5215,2.52135190689
broken_N,341,0.409009,2.5191,2.51909560292
broken_N,342,0.409009,2.5169,2.51690398979
broken_N,343,0.409009,2.5148,2.51477383589
broken_N,344,0.409009,2.5126,2.51270213685
broken_N,345,0.409009,2.5107,2.51068609517
broken_N,346,0.409009,2.5087,2.508723102
broken_N,347,0.409009,2.5068,2.50680982062
broken_N,348,0.409009,2.5048,2.5049457954
broken_N,349,0.409009,2.5031,2.50312796864
broken_N,350,0.409009,2.5014,2.50135433946
broken_N,351,0.409009,2.4998,2.4996230293
broken_N,352,0.409009,2.498,2.49793227237
broken_N,353,0.409009,2.4965,2.49627962829
broken_N,354,0.409009,2.4946,2.49466510644
broken_N,355,0.409009,2.4932,2.4930864336
broken_N,356,0.409009,2.4916,2.491542216
broken_N,357,0.409009,2.4903,2.49003113654
broken_N,358,0.409009,2.4884,2.48855194932
broken_N,359,0.409009,2.487,2.48710347478
broken_N,360,0.409009,2.4856,2.48568392535
broken_N,361,0.409009,2.484,2.48429359366
broken_N,362,0.409009,2.4829,2.48293078973
broken_N,363,0.409009,2.4815,2.48159455745
broken_N,364,0.409009,2.4803,2.48028398779
broken_N,365,0.409009,2.479,2.47899821577
broken_N,366,0.409009,2.478,2.47773641777
broken_N,367,0.409009,2.4766,2.47649722368
broken_N,368,0.409009,2.4752,2.47528106613
broken_N,369,0.409009,2.474,2.47408663487
broken_N,370,0.409009,2.473,2.47291324802
broken_N,371,0.409009,2.4716,2.47176025407
broken_N,372,0.409009,2.4708,2.47062703014
broken_N,373,0.409009,2.4696,2.46951245357
broken_N,374,0.409009,2.4683,2.46841701629
broken_N,375,0.409009,2.4671,2.46733963625
broken_N,376,0.409009,2.4664,2.46627978996
broken_N,377,0.409009,2.4652,2.4652369755
broken_N,378,0.409009,2.4644,2.46421071135
broken_N,379,0.409009,2.463,2.46320053536
broken_N,380,0.409009,2.4621,2.46220553309
broken_N,381,0.409009,2.4612,2.46122622648
broken_N,382,0.409009,2.4603,2.46026172768
broken_N,383,0.409009,2.4592,2.45931164251
broken_N,384,0.409009,2.4584,2.45837559169
broken_N,385,0.409009,2.4573,2.45745321014
broken_N,386,0.409009,2.4565,2.45654371592
broken_N,387,0.409009,2.4557,2.45564763719
broken_N,388,0.409009,2.4548,2.45476421086
broken_N,389,0.409009,2.454,2.45389312218
broken_N,390,0.409009,2.4529,2.45303406751
broken_N,391,0.409009,2.452,2.45218675389
broken_N,392,0.409009,2.4515,2.45135089848
broken_N,393,0.409009,2.4506,2.45052583752
broken_N,394,0.409009,2.4496,2.44971209355
broken_N,395,0.409009,2.4491,2.44890901569
broken_N,396,0.409009,2.4481,2.44811635742
broken_N,397,0.409009,2.4475,2.44733388034
broken_N,398,0.409009,2.4466,2.44656135382
broken_N,399,0.409009,2.446,2.44579819319
broken_N,400,0.409009,2.4452,2.44504490982
broken_N,401,0.409009,2.4443,2.44430092845
broken_N,402,0.409009,2.4437,2.4435660464
broken_N,403,0.409009,2.4429,2.44284006732
broken_N,404,0.409009,2.4423,2.44212280087
broken_N,405,0.409009,2.4413,2.44141406253
broken_N,406,0.409009,2.4408,2.4407133413
broken_N,407,0.409009,2.4401,2.4400211315
broken_N,408,0.409009,2.4391,2.4393369287
broken_N,409,0.409009,2.4385,2.4386605694
broken_N,410,0.409009,2.4377,2.43799189485
broken_N,411,0.409009,2.4373,2.43733075087
broken_N,412,0.409009,2.4368,2.43667698772
broken_N,413,0.409009,2.4362,2.43603015329
broken_N,414,0.409009,2.4354,2.43539072271
broken_N,415,0.409009,2.4349,2.4347582485
broken_N,416,0.409009,2.434,2.43413259698
broken_N,417,0.409009,2.4333,2.43351363814
broken_N,418,0.409009,2.4329,2.43290124552
broken_N,419,0.409009,2.4323,2.4322950086
broken_N,420,0.409009,2.4317,2.4316953855
broken_N,421,0.409009,2.4309,2.43110196912
broken_N,422,0.409009,2.4305,2.43051464594
broken_N,423,0.409009,2.4298,2.4299333054
broken_N,424,0.409009,2.4294,2.42935783981
broken_N,425,0.409009,2.4288,2.42878814423
broken_N,426,0.409009,2.4281,2.42822384877
broken_N,427,0.409009,2.4276,2.42766539166
broken_N,428,0.409009,2.427,2.42711240543
broken_N,429,0.409009,2.4266,2.42656479532
broken_N,430,0.409009,2.4261,2.42602246895
broken_N,431,0.409009,2.4254,2.42548533616
broken_N,432,0.409009,2.425,2.42495305652
broken_N,433,0.409009,2.4244,2.42442605161
broken_N,434,0.409009,2.4238,2.42390398274
broken_N,435,0.409009,2.4234,2.42338676816
broken_N,436,0.409009,2.4228,2.42287432806
broken_N,437,0.409009,2.4223,2.42236658448
broken_N,438,0.409009,2.4217,2.42186346129
broken_N,439,0.409009,2.4216,2.42136464744
broken_N,440,0.409009,2.4209,2.42087054576
broken_N,441,1.040867,4.2153,4.21593928478
broken_N,442,1.040867,3.8315,3.83203865681
broken_N,443,1.040867,3.5146,3.51506852356
broken_N,444,1.040867,3.2545,3.25476625449
broken_N,445,1.040867,3.0476,3.04712578622
broken_N,446,1.040867,2.8697,2.86934508547
broken_N,447,1.040867,2.7802,2.78026254953
broken_N,448,1.040867,2.723,2.72289314137
broken_N,449,1.040867,2.6816,2.68149073057
broken_N,450,1.040867,2.6501,2.64952952343
broken_N,451,1.040867,2.6239,2.6237500314
broken_N,452,1.040867,2.6023,2.60230017227
broken_N,453,1.040867,2.5839,2.58403398803
broken_N,454,1.040867,2.5679,2.56818966763
broken_N,455,1.040867,2.5543,2.55426068458
broken_N,456,1.040867,2.5417,2.54186481026
broken_N,457,1.040867,2.5305,2.53072515838
broken_N,458,1.040867,2.5205,2.5206315243
broken_N,459,1.040867,2.5113,2.51142085806
broken_N,460,1.040867,2.5032,2.50296434171
broken_N,461,1.040867,2.4953,2.49515499222
broken_N,462,1.040867,2.4879,2.48791606532
broken_N,463,1.040867,2.4814,2.48117435794
broken_N,464,1.040867,2.4749,2.4748721234
broken_N,465,1.040867,2.4688,2.46896079696
broken_N,466,1.040867,2.4636,2.46339917855
broken_N,467,1.040867,2.4582,2.4581520397
broken_N,468,1.040867,2.453,2.45318673856
broken_N,469,1.040867,2.4485,2.44848170033
broken_N,470,1.040867,2.4439,2.44401156111
broken_N,471,1.040867,2.4396,2.43975621342
broken_N,472,1.040867,2.4358,2.43569793652
broken_N,473,1.040867,2.4321,2.43182103961
broken_N,474,1.040867,2.4279,2.42810983761
broken_N,475,1.040867,2.4246,2.42455540375
broken_N,476,1.040867,2.4211,2.42114476274
broken_N,477,1.040867,2.4178,2.41786786947
broken_N,478,1.040867,2.4146,2.41471565841
broken_N,479,1.040867,2.4116,2.41167992252
broken_N,480,1.040867,2.4088,2.40875321017
broken_N,481,1.040867,2.4058,2.40592741332
broken_N,482,1.040867,2.4032,2.4031990302
broken_N,483,1.040867,2.4006,2.40056102283
broken_N,484,1.040867,2.398,2.39800819293
broken_N,485,1.040867,2.3954,2.39553576181
broken_N,486,1.040867,2.3931,2.39313932722
broken_N,487,1.040867,2.3909,2.39081373361
broken_N,488,1.040867,2.3886,2.38855743835
broken_N,489,1.040867,2.3863,2.38636583422
broken_N,490,1.040867,2.3842,2.38423568957
broken_N,491,1.040867,2.3822,2.38216400003
broken_N,492,1.040867,2.38,2.38014796805
broken_N,493,1.040867,2.3782,2.37818498477
broken_N,494,1.040867,2.3762,2.37627171344
broken_N,495,1.040867,2.3745,2.37440769842
broken_N,496,1.040867,2.3725,2.372589882
broken_N,497,1.040867,2.3706,2.37081626327
broken_N,498,1.040867,2.3689,2.36908496366
broken_N,499,1.040867,2.3674,2.36739421738
broken_N,500,1.040867,2.3658,2.36574158404
broken_N,501,1.040867,2.364,2.36412707298
broken_N,502,1.040867,2.3626,2.36254841099
broken_N,503,1.040867,2.3608,2.3610042043
broken_N,504,1.040867,2.3595,2.35949313579
broken_N,505,1.040867,2.3579,2.35801395956
broken_N,506,1.040867,2.3565,2.35656549603
broken_N,507,1.040867,2.3552,2.35514595764
broken_N,508,1.040867,2.3537,2.353755637
broken_N,509,1.040867,2.3524,2.35239284413
broken_N,510,1.040867,2.3512,2.35105662293
broken_N,511,1.040867,2.3497,2.34974606433
broken_N,512,1.040867,2.3485,2.34846030339
broken_N,513,1.040867,2.3471,2.34719851644
broken_N,514,1.040867,2.346,2.34595933342
broken_N,515,1.040867,2.3449,2.34474318691
broken_N,516,1.040867,2.3433,2.34354876667
broken_N,517,1.040867,2.3423,2.34237539083
broken_N,518,1.040867,2.3413,2.34122240787
broken_N,519,1.040867,2.3401,2.3400891949
broken_N,520,1.040867,2.339,2.33897462928
broken_N,521,1.040867,2.3378,2.33787920291
broken_N,522,1.040867,2.3368,2.33680183375
broken_N,523,1.040867,2.3357,2.33574199832
broken_N,524,1.040867,2.3348,2.33469919468
broken_N,525,1.040867,2.3337,2.33367294132
broken_N,526,1.040867,2.3327,2.33266277608
broken_N,527,1.040867,2.3316,2.33166778454
broken_N,528,1.040867,2.3306,2.33068848861
broken_N,529,1.040867,2.3297,2.32972400046
broken_N,530,1.040867,2.3288,2.32877392589
broken_N,531,1.040867,2.3278,2.32783788564
broken_N,532,1.040867,2.3269,2.32691551462
broken_N,533,1.040867,2.3262,2.32600603089
broken_N,534,1.040867,2.3252,2.32510996261
broken_N,535,1.040867,2.3242,2.32422654669
broken_N,536,1.040867,2.3235,2.32335546836
broken_N,537,1.040867,2.3225,2.32249642402
broken_N,538,1.040867,2.3215,2.32164912068
broken_N,539,1.040867,2.3207,2.3208132755
broken_N,540,1.040867,2.3198,2.31998822473
broken_N,541,1.040867,2.3191,2.31917449092
broken_N,542,1.040867,2.3184,2.31837142317
broken_N,543,1.040867,2.3178,2.31757877496
broken_N,544,1.040867,2.3168,2.31679630789
broken_N,545,1.040867,2.316,2.31602379134
broken_N,546,1.040867,2.3153,2.31526064065
broken_N,547,1.040867,2.3143,2.31450736717
broken_N,548,1.040867,2.3138,2.31376339563
broken_N,549,1.040867,2.3131,2.31302852339
broken_N,550,1.040867,2.3122,2.31230255406
broken_N,551,1.040867,2.3117,2.31158529732
broken_N,552,1.040867,2.3109,2.31087656865
broken_N,553,1.040867,2.3101,2.31017585704
broken_N,554,1.040867,2.3096,2.30948365682
broken_N,555,1.040867,2.309,2.30879946356
broken_N,556,1.040867,2.3081,2.30812311375
broken_N,557,1.040867,2.3075,2.30745444864
broken_N,558,1.040867,2.3068,2.30679331407
broken_N,559,1.040867,2.3061,2.30613956029
broken_N,560,1.040867,2.3056,2.30549273518
broken_N,561,1.040867,2.3048,2.30485331387
broken_N,562,1.040867,2.3042,2.3042208489
broken_N,563,1.040867,2.3036,2.30359520657
broken_N,564,1.040867,2.303,2.30297625688
broken_N,565,1.040867,2.3024,2.30236387337
broken_N,566,1.040867,2.3019,2.30175764552
broken_N,567,1.040867,2.3011,2.30115803144
broken_N,568,1.040867,2.3005,2.30056462404
broken_N,569,1.040867,2.2999,2.29997730981
broken_N,570,1.040867,2.2994,2.29939597817
broken_N,571,1.040867,2.2989,2.29882052144
broken_N,572,1.040867,2.2983,2.29825083468
broken_N,573,1.040867,2.2976,2.297686548
broken_N,574,1.040867,2.2972,2.29712809964
broken_N,575,1.040867,2.2967,2.2965751221
broken_N,576,1.040867,2.2961,2.29602752066
broken_N,577,1.040867,2.2957,2.2954852029
broken_N,578,1.040867,2.2949,2.2949480787
broken_N,579,1.040867,2.2943,2.29441580761
broken_N,580,1.040867,2.2937,2.2938888112
broken_N,581,1.040867,2.2935,2.2933667508
broken_N,582,1.040867,2.2929,2.29284954466
broken_N,583,1.040867,2.2923,2.29233711294
broken_N,584,1.040867,2.2919,2.29182937772
broken_N,585,1.040867,2.2912,2.29132626285
broken_N,586,1.040867,2.2911,2.29082745728
broken_N,587,1.040867,2.2904,2.29033336385
broken_N,588,1.416184,4.1816,4.18107495967
broken_N,589,1.416184,3.7976,3.79723331605
broken_N,590,1.416184,3.4805,3.48030444488
broken_N,591,1.416184,3.22,3.220029951
broken_N,592,1.416184,3.0125,3.01240685064
broken_N,593,1.416184,2.8347,2.83463692976
broken_N,594,1.416184,2.7458,2.74555811839
broken_N,595,1.416184,2.6879,2.68819043264
broken_N,596,1.416184,2.6471,2.6467889061
broken_N,597,1.416184,2.6148,2.61482816205
broken_N,598,1.416184,2.589,2.58904889668
broken_N,599,1.416184,2.5674,2.56759912171
broken_N,600,1.416184,2.5491,2.54933293146
broken_N,601,1.416184,2.5336,2.53348854601
broken_N,602,1.416184,2.5196,2.51955945848
broken_N,603,1.416184,2.507,2.50716345295
broken_N,604,1.416184,2.4958,2.49602365169
broken_N,605,1.416184,2.4859,2.48592985592
broken_N,606,1.416184,2.4769,2.47671901986
broken_N,607,1.416184,2.4682,2.46826232849
broken_N,608,1.416184,2.4602,2.46045280085
broken_N,609,1.416184,2.4532,2.45321369437
broken_N,610,1.416184,2.4464,2.44647180708
broken_N,611,1.416184,2.4398,2.44016939312
broken_N,612,1.416184,2.4342,2.43425788839
broken_N,613,1.416184,2.4287,2.42869609326
broken_N,614,1.416184,2.4235,2.42344877962
broken_N,615,1.416184,2.4187,2.41848330577
broken_N,616,1.416184,2.4139,2.41377809725
broken_N,617,1.416184,2.4093,2.4093077902
broken_N,618,1.416184,2.4049,2.40505227719
broken_N,619,1.416184,2.4013,2.40099383754
broken_N,620,1.416184,2.3971,2.39711678048
broken_N,621,1.416184,2.3934,2.39340542084
broken_N,622,1.416184,2.3898,2.38985083198
broken_N,623,1.416184,2.3865,2.38644003853
broken_N,624,1.416184,2.3831,2.38316299533
broken_N,625,1.416184,2.3799,2.38001063681
broken_N,626,1.416184,2.3769,2.37697475589
broken_N,627,1.416184,2.374,2.37404790089
broken_N,628,1.416184,2.3712,2.37122196365
broken_N,629,1.416184,2.3684,2.36849344249
broken_N,630,1.416184,2.3659,2.3658552993
broken_N,631,1.416184,2.3633,2.36330233575
broken_N,632,1.416184,2.361,2.3608297731
broken_N,633,1.416184,2.3581,2.35843320905
broken_N,634,1.416184,2.3562,2.35610748792
broken_N,635,1.416184,2.354,2.35385106718
broken_N,636,1.416184,2.3514,2.35165933948
broken_N,637,1.416184,2.3495,2.34952907313
broken_N,638,1.416184,2.3474,2.34745726369
broken_N,639,1.416184,2.3453,2.34544111359
broken_N,640,1.416184,2.3434,2.34347801391
broken_N,641,1.416184,2.3414,2.34156462781
broken_N,642,1.416184,2.3399,2.33970049971
broken_N,643,1.416184,2.338,2.33788257181
broken_N,644,1.416184,2.3362,2.33610884316
broken_N,645,1.416184,2.3345,2.33437743515
broken_N,646,1.416184,2.3326,2.33268658194
broken_N,647,1.416184,2.331,2.33103384306
broken_N,648,1.416184,2.3295,2.32941922793
broken_N,649,1.416184,2.3277,2.32784046325
broken_N,650,1.416184,2.3264,2.3262961552
broken_N,651,1.416184,2.3248,2.32478498664
broken_N,652,1.416184,2.3233,2.32330571164
broken_N,653,1.416184,2.3219,2.32185715058
broken_N,654,1.416184,2.3205,2.32043751584
broken_N,655,1.416184,2.319,2.31904710009
broken_N,656,1.416184,2.3178,2.31768421327
broken_N,657,1.416184,2.3162,2.31634789925
broken_N,658,1.416184,2.3151,2.31503724896
broken_N,659,1.416184,2.3138,2.31375139739
broken_N,660,1.416184,2.3125,2.31248952089
broken_N,661,1.416184,2.3113,2.31125024931
broken_N,662,1.416184,2.3099,2.3100340153
broken_N,663,1.416184,2.3089,2.30883950856
broken_N,664,1.416184,2.3077,2.30766604719
broken_N,665,1.416184,2.3065,2.30651297964
broken_N,666,1.416184,2.3055,2.30537968303
broken_N,667,1.416184,2.3042,2.30426503463
broken_N,668,1.416184,2.303,2.30316952642
broken_N,669,1.416184,2.3019,2.3020920763
broken_N,670,1.416184,2.3011,2.30103216076
broken_N,671,1.416184,2.2999,2.29998927785
broken_N,672,1.416184,2.2991,2.29896294606
broken_N,673,1.416184,2.2978,2.29795270318
broken_N,674,1.416184,2.2971,2.29695763476
broken_N,675,1.416184,2.296,2.29597826277
broken_N,676,1.416184,2.295,2.29501369931
broken_N,677,1.416184,2.294,2.29406355019
broken_N,678,1.416184,2.2932,2.29312743611
broken_N,679,1.416184,2.2922,2.29220499199
broken_N,680,1.416184,2.2914,2.29129543583
broken_N,681,1.416184,2.2904,2.29039929585
broken_N,682,1.416184,2.2895,2.2895158089
broken_N,683,1.416184,2.2886,2.28864466022
broken_N,684,1.416184,2.2878,2.28778554618
broken_N,685,1.416184,2.287,2.28693817379
broken_N,686,1.416184,2.286,2.28610226019
broken_N,687,1.416184,2.2852,2.28527714159
broken_N,688,1.416184,2.2845,2.28446334059
broken_N,689,1.416184,2.2837,2.28366020625
broken_N,690,1.416184,2.2829,2.28286749204
broken_N,691,1.416184,2.2821,2.28208495956
broken_N,692,1.416184,2.2814,2.28131237817
broken_N,693,1.416184,2.2805,2.28054916316
broken_N,694,1.416184,2.2797,2.27979582594
broken_N,695,1.416184,2.2791,2.27905179122
broken_N,696,1.416184,2.2782,2.27831685632
broken_N,697,1.416184,2.2776,2.27759082486
broken_N,698,1.416184,2.2767,2.27687350651
broken_N,699,1.416184,2.2763,2.27616471673
broken_N,700,1.416184,2.2755,2.27546394449
broken_N,701,1.416184,2.2748,2.27477168416
broken_N,702,1.416184,2.2742,2.27408743127
broken_N,703,1.416184,2.2736,2.27341102231
broken_N,704,1.416184,2.2728,2.27274229852
broken_N,705,1.416184,2.2719,2.27208110574
broken_N,706,1.416184,2.2713,2.27142729419
broken_N,707,1.416184,2.2707,2.27078041174
broken_N,708,1.416184,2.2702,2.27014093357
broken_N,709,1.416184,2.2696,2.26950841216
broken_N,710,1.416184,2.2688,2.26888271383
broken_N,711,1.416184,2.2683,2.26826370856
broken_N,712,1.416184,2.2676,2.26765126989
broken_N,713,1.416184,2.267,2.26704498726
broken_N,714,1.416184,2.2663,2.26644531883
broken_N,715,1.416184,2.2658,2.26585185749
broken_N,716,1.416184,2.2652,2.2652644897
broken_N,717,1.416184,2.2646,2.2646831049
broken_N,718,1.416184,2.2642,2.26410759539
broken_N,719,1.416184,2.2635,2.26353785622
broken_N,720,1.416184,2.2632,2.26297351749
broken_N,721,1.416184,2.2625,2.26241501745
broken_N,722,1.416184,2.2619,2.26186198862
broken_N,723,1.416184,2.2613,2.26131433623
broken_N,724,1.416184,2.2609,2.26077196788
broken_N,725,1.416184,2.2602,2.26023479343
broken_N,726,1.416184,2.2597,2.25970247242
broken_N,727,1.416184,2.2594,2.25917542645
broken_N,728,1.416184,2.2587,2.25865331682
broken_N,729,1.416184,2.2583,2.25813606177
broken_N,730,1.416184,2.2576,2.25762358149
broken_N,731,1.416184,2.2571,2.25711579801
broken_N,732,1.416184,2.2568,2.25661263521
broken_N,733,1.416184,2.2561,2.256113782
broken_N,734,1.416184,2.2558,2.25561964126
broken_N,735,2.782831,4.1162,4.11664238801
broken_N,736,2.782831,3.7324,3.73276109412
broken_N,737,2.782831,3.4164,3.41580459437
broken_N,738,2.782831,3.1558,3.15551160778
broken_N,739,2.782831,2.9476,2.94787704447
broken_N,740,2.782831,2.7702,2.77010011845
broken_N,741,2.782831,2.6811,2.68101894875
broken_N,742,2.782831,2.6238,2.62365020867
broken_N,743,2.782831,2.5824,2.58224816766
broken_N,744,2.782831,2.5504,2.55028717722
broken_N,745,2.782831,2.5246,2.524507814
broken_N,746,2.782831,2.503,2.50305802933
broken_N,747,2.782831,2.4846,2.48479188418
broken_N,748,2.782831,2.469,2.46894757895
broken_N,749,2.782831,2.455,2.45501859442
broken_N,750,2.782831,2.4427,2.44262270681
broken_N,751,2.782831,2.4313,2.43148303314
broken_N,752,2.782831,2.4212,2.42138937106
broken_N,753,2.782831,2.4123,2.4121786723
broken_N,754,2.782831,2.4037,2.4037221201
broken_N,755,2.782831,2.396,2.39591273234
broken_N,756,2.782831,2.3887,2.38867376543
broken_N,757,2.782831,2.3819,2.38193201683
broken_N,758,2.782831,2.3757,2.37562974025
broken_N,759,2.782831,2.3697,2.36971837122
broken_N,760,2.782831,2.3642,2.36415670994
broken_N,761,2.782831,2.3589,2.35890952813
broken_N,762,2.782831,2.3539,2.35394418404
broken_N,763,2.782831,2.3492,2.34923910303
broken_N,764,2.782831,2.3448,2.34476892128
broken_N,765,2.782831,2.3405,2.34051353136
broken_N,766,2.782831,2.3366,2.3364552126
broken_N,767,2.782831,2.3325,2.33257827423
broken_N,768,2.782831,2.3288,2.32886703119
broken_N,769,2.782831,2.3253,2.32531255676
broken_N,770,2.782831,2.3221,2.32190187566
broken_N,771,2.782831,2.3186,2.31862494279
broken_N,772,2.782831,2.3156,2.31547269262
broken_N,773,2.782831,2.3123,2.31243691812
broken_N,774,2.782831,2.3095,2.30951016766
broken_N,775,2.782831,2.3068,2.30668433318
broken_N,776,2.782831,2.304,2.30395591295
broken_N,777,2.782831,2.3014,2.30131786896
broken_N,778,2.782831,2.2987,2.29876500294
broken_N,779,2.782831,2.2964,2.29629253617
broken_N,780,2.782831,2.2941,2.29389606641
broken_N,781,2.782831,2.2915,2.29157043808
broken_N,782,2.782831,2.2893,2.28931410859
broken_N,783,2.782831,2.2873,2.28712247068
broken_N,784,2.782831,2.2851,2.28499229269
broken_N,785,2.782831,2.2829,2.28292057025
broken_N,786,2.782831,2.2809,2.2809045058
broken_N,787,2.782831,2.2789,2.27894149047
broken_N,788,2.782831,2.2769,2.27702818749
broken_N,789,2.782831,2.2751,2.27516414124
broken_N,790,2.782831,2.2733,2.27334629399
broken_N,791,2.782831,2.2715,2.27157264481
broken_N,792,2.782831,2.2698,2.26984131514
broken_N,793,2.782831,2.2682,2.26815053917
broken_N,794,2.782831,2.2666,2.26649787648
broken_N,795,2.782831,2.2648,2.26488333645
broken_N,796,2.782831,2.2634,2.26330464584
broken_N,797,2.782831,2.2617,2.26176041088
broken_N,798,2.782831,2.2603,2.26024931442
broken_N,799,2.782831,2.2588,2.25877011058
broken_N,800,2.782831,2.2572,2.25732161975
broken_N,801,2.782831,2.2559,2.25590205437
broken_N,802,2.782831,2.2545,2.25451170707
broken_N,803,2.782831,2.2532,2.25314888783
broken_N,804,2.782831,2.2518,2.25181264056
broken_N,805,2.782831,2.2507,2.25050205619
broken_N,806,2.782831,2.2492,2.24921626975
broken_N,807,2.782831,2.2479,2.24795445759
broken_N,808,2.782831,2.2467,2.24671524961
broken_N,809,2.782831,2.2455,2.24549907843
broken_N,810,2.782831,2.2443,2.24430463378
broken_N,811,2.782831,2.2432,2.24313123379
broken_N,812,2.782831,2.2421,2.24197822692
broken_N,813,2.782831,2.2408,2.2408449903
broken_N,814,2.782831,2.2397,2.23973040126
broken_N,815,2.782831,2.2387,2.23863495172
broken_N,816,2.782831,2.2375,2.23755755962
broken_N,817,2.782831,2.2366,2.23649770148
broken_N,818,2.782831,2.2355,2.23545487535
broken_N,819,2.782831,2.2343,2.23442859973
broken_N,820,2.782831,2.2336,2.23341841245
broken_N,821,2.782831,2.2326,2.23242339906
broken_N,822,2.782831,2.2314,2.23144408151
broken_N,823,2.782831,2.2305,2.23047957194
broken_N,824,2.782831,2.2296,2.22952947615
broken_N,825,2.782831,2.2286,2.22859341488
broken_N,826,2.782831,2.2277,2.22767102304
broken_N,827,2.782831,2.2269,2.22676151866
broken_N,828,2.782831,2.2259,2.22586542994
broken_N,829,2.782831,2.2249,2.22498199376
broken_N,830,2.782831,2.224,2.22411089536
broken_N,831,2.782831,2.2232,2.22325183111
broken_N,832,2.782831,2.2224,2.22240450805
broken_N,833,2.782831,2.2217,2.22156864332
broken_N,834,2.782831,2.2207,2.22074357316
broken_N,835,2.782831,2.22,2.21992982013
broken_N,836,2.782831,2.2191,2.21912673333
broken_N,837,2.782831,2.2184,2.21833406623
broken_N,838,2.782831,2.2178,2.21755158043
broken_N,839,2.782831,2.2168,2.21677904531
broken_N,840,2.782831,2.216,2.21601587618
broken_N,841,2.782831,2.2154,2.21526258443
broken_N,842,2.782831,2.2146,2.21451859478
broken_N,843,2.782831,2.214,2.21378370456
broken_N,844,2.782831,2.2131,2.21305771741
broken_N,845,2.782831,2.2123,2.21234044298
broken_N,846,2.782831,2.2117,2.21163169676
broken_N,847,2.782831,2.211,2.21093096774
broken_N,848,2.782831,2.2103,2.21023875025
broken_N,849,2.782831,2.2096,2.20955453985
broken_N,850,2.782831,2.209,2.20887817303
broken_N,851,2.782831,2.2083,2.20820949105
broken_N,852,2.782831,2.2077,2.20754833973
broken_N,853,2.782831,2.207,2.20689456932
broken_N,854,2.782831,2.2063,2.2062477277
broken_N,855,2.782831,2.2056,2.20560829003
broken_N,856,2.782831,2.2051,2.2049758088
broken_N,857,2.782831,2.2043,2.20435015033
broken_N,858,2.782831,2.2038,2.20373118463
broken_N,859,2.782831,2.2031,2.20311878521
broken_N,860,2.782831,2.2025,2.20251254157
broken_N,861,2.782831,2.202,2.20191291182
broken_N,862,2.782831,2.2014,2.20131948886
broken_N,863,2.782831,2.2008,2.20073215917
broken_N,864,2.782831,2.2001,2.20015081219
broken_N,865,2.782831,2.1997,2.19957534022
broken_N,866,2.782831,2.1991,2.19900563832
broken_N,867,2.782831,2.1986,2.19844133661
broken_N,868,2.782831,2.1979,2.19788287332
broken_N,869,2.782831,2.1974,2.19732988096
broken_N,870,2.782831,2.1968,2.19678226479
broken_N,871,2.782831,2.1964,2.1962399324
broken_N,872,2.782831,2.1957,2.19570279367
broken_N,873,2.782831,2.1952,2.19517050814
broken_N,874,2.782831,2.1947,2.19464349739
broken_N,875,2.782831,2.1942,2.19412142275
broken_N,876,2.782831,2.1936,2.19360420245
broken_N,877,2.782831,2.1931,2.19309175668
broken_N,878,2.782831,2.1927,2.19258400748
broken_N,879,2.782831,2.192,2.19208087872
broken_N,880,2.782831,2.1916,2.19158205936
broken_N,881,2.782831,2.1911,2.19108795222
broken_N,882,6.86104,4.0512,4.05061328747
broken_N,883,6.86104,3.6658,3.66674981704
broken_N,884,6.86104,3.3494,3.3498050368
broken_N,885,6.86104,3.0899,3.08951921317
broken_N,886,6.86104,2.8818,2.88188843489
broken_N,887,6.86104,2.7039,2.70411310183
broken_N,888,6.86104,2.6151,2.61503205477
broken_N,889,6.86104,2.5577,2.55766312127
broken_N,890,6.86104,2.5161,2.51626079614
broken_N,891,6.86104,2.4841,2.48429949795
broken_N,892,6.86104,2.4586,2.45851982733
broken_N,893,6.86104,2.4371,2.43706974483
broken_N,894,6.86104,2.4187,2.41880331475
broken_N,895,6.86104,2.4032,2.40295873827
broken_N,896,6.86104,2.3889,2.38902949623
broken_N,897,6.86104,2.3764,2.37663336405
broken_N,898,6.86104,2.3654,2.36549345792
broken_N,899,6.86104,2.3553,2.3553995746
broken_N,900,6.86104,2.3462,2.34618866498
broken_N,901,6.86104,2.3377,2.33773191149
broken_N,902,6.86104,2.3299,2.32992233118
broken_N,903,6.86104,2.3225,2.32268317998
broken_N,904,6.86104,2.3161,2.31594125464
broken_N,905,6.86104,2.3096,2.30963880831
broken_N,906,6.86104,2.3038,2.30372727604
broken_N,907,6.86104,2.2982,2.29816545756
broken_N,908,6.86104,2.2929,2.29291812418
broken_N,909,6.86104,2.288,2.28795263372
broken_N,910,6.86104,2.2832,2.28324741135
broken_N,911,6.86104,2.2788,2.27877709286
broken_N,912,6.86104,2.2746,2.27452157053
broken_N,913,6.86104,2.2704,2.27046312344
broken_N,914,6.86104,2.2666,2.2665860606
broken_N,915,6.86104,2.2628,2.26287469665
broken_N,916,6.86104,2.2594,2.25932010482
broken_N,917,6.86104,2.2558,2.25590930956
broken_N,918,6.86104,2.2528,2.25263226561
broken_N,919,6.86104,2.2494,2.24947990729
broken_N,920,6.86104,2.2463,2.24644402742
broken_N,921,6.86104,2.2435,2.24351717423
broken_N,922,6.86104,2.2406,2.24069123949
broken_N,923,6.86104,2.238,2.23796272146
broken_N,924,6.86104,2.2352,2.23532458196
broken_N,925,6.86104,2.2327,2.23277162261
broken_N,926,6.86104,2.2301,2.23029906463
broken_N,927,6.86104,2.2278,2.22790250565
broken_N,928,6.86104,2.2253,2.22557678999
broken_N,929,6.86104,2.2231,2.22332037505
broken_N,930,6.86104,2.2212,2.22112865347
broken_N,931,6.86104,2.219,2.21899839351
broken_N,932,6.86104,2.2169,2.21692659073
broken_N,933,6.86104,2.2148,2.21491044752
broken_N,934,6.86104,2.2129,2.21294735494
broken_N,935,6.86104,2.211,2.21103397614
broken_N,936,6.86104,2.209,2.2091698555
broken_N,937,6.86104,2.2074,2.20735193523
broken_N,938,6.86104,2.2056,2.20557821434
broken_N,939,6.86104,2.2038,2.20384681422
broken_N,940,6.86104,2.2021,2.20215596903
broken_N,941,6.86104,2.2005,2.20050323827
broken_N,942,6.86104,2.1987,2.19888863135
broken_N,943,6.86104,2.1973,2.19730987495
broken_N,944,6.86104,2.1957,2.19576557528
broken_N,945,6.86104,2.1941,2.19425441514
broken_N,946,6.86104,2.1927,2.19277514864
broken_N,947,6.86104,2.1914,2.19132659613
broken_N,948,6.86104,2.1899,2.18990696998
broken_N,949,6.86104,2.1884,2.18851656286
broken_N,950,6.86104,2.1872,2.1871536847
broken_N,951,6.86104,2.1859,2.18581737937
broken_N,952,6.86104,2.1845,2.18450673779
broken_N,953,6.86104,2.1832,2.18322089496
broken_N,954,6.86104,2.1819,2.18195902721
broken_N,955,6.86104,2.1807,2.18071976439
broken_N,956,6.86104,2.1795,2.17950353915
broken_N,957,6.86104,2.1783,2.17830904119
broken_N,958,6.86104,2.1772,2.17713558859
broken_N,959,6.86104,2.176,2.17598252982
broken_N,960,6.86104,2.1748,2.17484924198
broken_N,961,6.86104,2.1738,2.17373460235
broken_N,962,6.86104,2.1726,2.1726391029
broken_N,963,6.86104,2.1717,2.17156166153
broken_N,964,6.86104,2.1704,2.17050175472
broken_N,965,6.86104,2.1696,2.16945888054
broken_N,966,6.86104,2.1684,2.16843255745
broken_N,967,6.86104,2.1673,2.16742232327
broken_N,968,6.86104,2.1664,2.16642726352
broken_N,969,6.86104,2.1654,2.16544790018
broken_N,970,6.86104,2.1645,2.16448334536
broken_N,971,6.86104,2.1635,2.16353320485
broken_N,972,6.86104,2.1625,2.16259709936
broken_N,973,6.86104,2.1616,2.16167466381
broken_N,974,6.86104,2.1609,2.16076511619
broken_N,975,6.86104,2.16,2.15986898472
broken_N,976,6.86104,2.159,2.15898550627
broken_N,977,6.86104,2.1581,2.15811436605
broken_N,978,6.86104,2.1572,2.15725526045
broken_N,979,6.86104,2.1564,2.15640789646
broken_N,980,6.86104,2.1555,2.15557199124
broken_N,981,6.86104,2.1547,2.154746881
broken_N,982,6.86104,2.1538,2.15393308832
broken_N,983,6.86104,2.1531,2.15312996227
broken_N,984,6.86104,2.1524,2.15233725633
broken_N,985,6.86104,2.1515,2.15155473208
broken_N,986,6.86104,2.1509,2.15078215888
broken_N,987,6.86104,2.1499,2.15001895205
broken_N,988,6.86104,2.1491,2.14926562298
broken_N,989,6.86104,2.1485,2.14852159636
broken_N,990,6.86104,2.1478,2.14778666954
broken_N,991,6.86104,2.1472,2.14706064613
broken_N,992,6.86104,2.1463,2.14634333579
broken_N,993,6.86104,2.1457,2.14563455399
broken_N,994,6.86104,2.1449,2.14493378971
broken_N,995,6.86104,2.1442,2.14424153729
broken_N,996,6.86104,2.1436,2.14355729229
broken_N,997,6.86104,2.1429,2.14288089119
broken_N,998,6.86104,2.1421,2.14221217523
broken_N,999,6.86104,2.1416,2.14155099023
broken_N,1000,6.86104,2.141,2.14089718645
broken_N,1001,6.86104,2.1402,2.14025031173
broken_N,1002,6.86104,2.1396,2.13961084125
broken_N,1003,6.86104,2.139,2.13897832751
broken_N,1004,6.86104,2.1384,2.13835263681
broken_N,1005,6.86104,2.1377,2.13773363914
broken_N,1006,6.86104,2.1371,2.13712120803
broken_N,1007,6.86104,2.1365,2.13651493295
broken_N,1008,6.86104,2.136,2.13591527203
broken_N,1009,6.86104,2.1353,2.13532181816
broken_N,1010,6.86104,2.1347,2.13473445781
broken_N,1011,6.86104,2.1342,2.13415308042
broken_N,1012,6.86104,2.1334,2.13357757829
broken_N,1013,6.86104,2.1331,2.13300784647
broken_N,1014,6.86104,2.1323,2.13244351507
broken_N,1015,6.86104,2.1318,2.13188502232
broken_N,1016,6.86104,2.1312,2.13133200074
broken_N,1017,6.86104,2.1307,2.13078435558
broken_N,1018,6.86104,2.1303,2.13024199443
broken_N,1019,6.86104,2.1297,2.12970482715
broken_N,1020,6.86104,2.1292,2.12917251328
broken_N,1021,6.86104,2.1286,2.12864547442
broken_N,1022,6.86104,2.1281,2.12812337186
broken_N,1023,6.86104,2.1276,2.12760612387
broken_N,1024,6.86104,2.127,2.1270936506
broken_N,1025,6.86104,2.1266,2.12658587411
broken_N,1026,6.86104,2.126,2.12608271827
broken_N,1027,6.86104,2.1255,2.125583872
broken_N,1028,6.86104,2.125,2.12508973816
broken_N,1029,11.965825,4.0188,4.01884920509
broken_N,1030,11.965825,3.6351,3.63498026353
broken_N,1031,11.965825,3.3185,3.3180330273
broken_N,1032,11.965825,3.058,3.05774687987
broken_N,1033,11.965825,2.8502,2.85011717009
broken_N,1034,11.965825,2.6724,2.67234388536
broken_N,1035,11.965825,2.5833,2.58326432939
broken_N,1036,11.965825,2.5261,2.52589654355
broken_N,1037,11.965825,2.4845,2.48449514607
broken_N,1038,11.965825,2.4527,2.45253462483
broken_N,1039,11.965825,2.4268,2.42675562158
broken_N,1040,11.965825,2.4053,2.40530612331
broken_N,1041,11.965825,2.3868,2.38704021227
broken_N,1042,11.965825,2.3713,2.3711961026
broken_N,1043,11.965825,2.3573,2.35726728403
broken_N,1044,11.965825,2.345,2.34487153932
broken_N,1045,11.965825,2.3334,2.3337319901
broken_N,1046,11.965825,2.3239,2.32363843748
broken_N,1047,11.965825,2.3144,2.31442783581
broken_N,1048,11.965825,2.3061,2.30597137034
broken_N,1049,11.965825,2.2981,2.2981620606
broken_N,1050,11.965825,2.291,2.29092316419
broken_N,1051,11.965825,2.2841,2.28418147966
broken_N,1052,11.965825,2.2778,2.27787926155
broken_N,1053,11.965825,2.2722,2.27196794612
broken_N,1054,11.965825,2.2664,2.26640633414
broken_N,1055,11.965825,2.2612,2.26115919782
broken_N,1056,11.965825,2.2563,2.25619389586
broken_N,1057,11.965825,2.2516,2.25148885394
broken_N,1058,11.965825,2.2471,2.24701870857
broken_N,1059,11.965825,2.2428,2.24276335258
broken_N,1060,11.965825,2.239,2.23870506554
broken_N,1061,11.965825,2.2349,2.23482815689
broken_N,1062,11.965825,2.2312,2.23111694174
broken_N,1063,11.965825,2.2277,2.22756249353
broken_N,1064,11.965825,2.2243,2.22415183712
broken_N,1065,11.965825,2.221,2.22087492753
broken_N,1066,11.965825,2.2178,2.21772269936
broken_N,1067,11.965825,2.2146,2.21468694566
broken_N,1068,11.965825,2.2119,2.2117602149
broken_N,1069,11.965825,2.2089,2.2089343991
broken_N,1070,11.965825,2.2063,2.2062059966
broken_N,1071,11.965825,2.2035,2.20356796946
broken_N,1072,11.965825,2.201,2.20101511946
broken_N,1073,11.965825,2.1986,2.19854266795
broken_N,1074,11.965825,2.1962,2.19614621272
broken_N,1075,11.965825,2.1939,2.19382059827
broken_N,1076,11.965825,2.1917,2.19156428201
broken_N,1077,11.965825,2.1894,2.18937265674
broken_N,1078,11.965825,2.1873,2.18724249085
broken_N,1079,11.965825,2.1853,2.18517077997
broken_N,1080,11.965825,2.1833,2.18315472659
broken_N,1081,11.965825,2.1811,2.18119172187
broken_N,1082,11.965825,2.1794,2.17927842906
broken_N,1083,11.965825,2.1775,2.17741439256
broken_N,1084,11.965825,2.1756,2.17559655467
broken_N,1085,11.965825,2.174,2.17382291447
broken_N,1086,11.965825,2.1721,2.17209159343
broken_N,1087,11.965825,2.1704,2.17040082576
broken_N,1088,11.965825,2.1688,2.16874817105
broken_N,1089,11.965825,2.1672,2.1671336387
broken_N,1090,11.965825,2.1655,2.16555495548
broken_N,1091,11.965825,2.1639,2.16401072763
broken_N,1092,11.965825,2.1627,2.16249963802
broken_N,1093,11.965825,2.161,2.16102044078
broken_N,1094,11.965825,2.1595,2.15957195632
broken_N,1095,11.965825,2.158,2.15815239708
broken_N,1096,11.965825,2.1568,2.15676205569
broken_N,1097,11.965825,2.1553,2.15539924217
broken_N,1098,11.965825,2.1542,2.15406300041
broken_N,1099,11.965825,2.1529,2.15275242136
broken_N,1100,11.965825,2.1515,2.15146664006
broken_N,1101,11.965825,2.1504,2.15020483287
broken_N,1102,11.965825,2.1491,2.14896562969
broken_N,1103,11.965825,2.1478,2.14774946314
broken_N,1104,11.965825,2.1464,2.14655502298
broken_N,1105,11.965825,2.1456,2.14538162732
broken_N,1106,11.965825,2.1442,2.14422862464
broken_N,1107,11.965825,2.143,2.14309539208
broken_N,1108,11.965825,2.1421,2.14198080696
broken_N,1109,11.965825,2.1411,2.14088536121
broken_N,1110,11.965825,2.1399,2.13980797279
broken_N,1111,11.965825,2.1388,2.1387481182
broken_N,1112,11.965825,2.1378,2.13770529552
broken_N,1113,11.965825,2.1368,2.13667902324
broken_N,1114,11.965825,2.1358,2.13566883918
broken_N,1115,11.965825,2.1347,2.13467382892
broken_N,1116,11.965825,2.1337,2.1336945144
broken_N,1117,11.965825,2.1328,2.13273000776
broken_N,1118,11.965825,2.1318,2.13177991482
broken_N,1119,11.965825,2.1309,2.1308438563
broken_N,1120,11.965825,2.1298,2.12992146713
broken_N,1121,11.965825,2.129,2.12901196534
broken_N,1122,11.965825,2.1281,2.12811587913
broken_N,1123,11.965825,2.1272,2.12723244537
broken_N,1124,11.965825,2.1264,2.12636134933
broken_N,1125,11.965825,2.1256,2.12550228737
broken_N,1126,11.965825,2.1248,2.12465496651
broken_N,1127,11.965825,2.1238,2.12381910393
broken_N,1128,11.965825,2.123,2.12299403585
broken_N,1129,11.965825,2.1223,2.12218028484
broken_N,1130,11.965825,2.1214,2.12137719999
broken_N,1131,11.965825,2.1206,2.12058453479
broken_N,1132,11.965825,2.1199,2.11980205083
broken_N,1133,11.965825,2.119,2.11902951748
broken_N,1134,11.965825,2.1183,2.11826635009
broken_N,1135,11.965825,2.1175,2.11751306001
broken_N,1136,11.965825,2.1168,2.11676907198
broken_N,1137,11.965825,2.1161,2.11603418333
broken_N,1138,11.965825,2.1152,2.1153081977
broken_N,1139,11.965825,2.1147,2.11459092475
broken_N,1140,11.965825,2.1139,2.11388217996
broken_N,1141,11.965825,2.1133,2.11318145233
broken_N,1142,11.965825,2.1125,2.11248923618
broken_N,1143,11.965825,2.1119,2.11180502708
broken_N,1144,11.965825,2.1112,2.11112866152
broken_N,1145,11.965825,2.1105,2.11045998076
broken_N,1146,11.965825,2.1099,2.10979883062
broken_N,1147,11.965825,2.1092,2.10914506136
broken_N,1148,11.965825,2.1085,2.10849822085
broken_N,1149,11.965825,2.1079,2.10785878425
broken_N,1150,11.965825,2.1072,2.10722630405
broken_N,1151,11.965825,2.1066,2.10660064659
broken_N,1152,11.965825,2.1059,2.10598168186
broken_N,1153,11.965825,2.1055,2.10536928338
broken_N,1154,11.965825,2.1047,2.10476304065
broken_N,1155,11.965825,2.1042,2.10416341177
broken_N,1156,11.965825,2.1036,2.10356998966
broken_N,1157,11.965825,2.1031,2.10298266079
broken_N,1158,11.965825,2.1024,2.1024013146
broken_N,1159,11.965825,2.102,2.10182584339
broken_N,1160,11.965825,2.1013,2.10125614223
broken_N,1161,11.965825,2.1008,2.10069184123
broken_N,1162,11.965825,2.1001,2.10013337863
broken_N,1163,11.965825,2.0998,2.09958038693
broken_N,1164,11.965825,2.099,2.09903277139
broken_N,1165,11.965825,2.0986,2.09849043962
broken_N,1166,11.965825,2.098,2.09795330148
broken_N,1167,11.965825,2.0975,2.09742101652
broken_N,1168,11.965825,2.0969,2.09689400632
broken_N,1169,11.965825,2.0964,2.09637193219
broken_N,1170,11.965825,2.0959,2.0958547124
broken_N,1171,11.965825,2.0954,2.09534226711
broken_N,1172,11.965825,2.0949,2.09483451837
broken_N,1173,11.965825,2.0945,2.09433139006
broken_N,1174,11.965825,2.0938,2.09383257112
broken_N,1175,11.965825,2.0933,2.09333846438
