experiment_id,N_params_B,D_tokens_B,Q_score,data_type,observed,predicted,model
N0.07_D0005_Q0.05,0.07,5,0.05,calibrated,1.0401,3.8763383806521263,zero_shot_Model_C
N0.07_D0005_Q0.1,0.07,5,0.1,calibrated,1.1624,3.849100037978037,zero_shot_Model_C
N0.07_D0005_Q0.2,0.07,5,0.2,calibrated,1.4286,3.794584172662552,zero_shot_Model_C
N0.07_D0005_Q0.3,0.07,5,0.3,calibrated,1.6112,3.740010498118582,zero_shot_Model_C
N0.07_D0005_Q0.4,0.07,5,0.4,calibrated,1.8958,3.6853706271977518,zero_shot_Model_C
N0.07_D0005_Q0.5,0.07,5,0.5,calibrated,2.1434,3.6306533286795677,zero_shot_Model_C
N0.07_D0005_Q0.6,0.07,5,0.6,calibrated,2.4434,3.575842777261351,zero_shot_Model_C
N0.07_D0005_Q0.7,0.07,5,0.7,calibrated,2.6519,3.520914980104403,zero_shot_Model_C
N0.07_D0005_Q0.8,0.07,5,0.8,calibrated,2.8801,3.4658291068389637,zero_shot_Model_C
N0.07_D0005_Q0.9,0.07,5,0.9,calibrated,3.0925,3.410498895300324,zero_shot_Model_C
N0.07_D0005_Q0.95,0.07,5,0.95,calibrated,3.2372,3.3826711508286005,zero_shot_Model_C
N0.07_D0005_Q1.0,0.07,5,1.0,calibrated,3.3659,3.354514281828471,zero_shot_Model_C
N0.07_D0020_Q0.05,0.07,20,0.05,calibrated,0.9701,3.6221266004984827,zero_shot_Model_C
N0.07_D0020_Q0.1,0.07,20,0.1,calibrated,1.096,3.594888257824394,zero_shot_Model_C
N0.07_D0020_Q0.2,0.07,20,0.2,calibrated,1.2839,3.5403723925089094,zero_shot_Model_C
N0.07_D0020_Q0.3,0.07,20,0.3,calibrated,1.4876,3.485798717964939,zero_shot_Model_C
N0.07_D0020_Q0.4,0.07,20,0.4,calibrated,1.7688,3.4311588470441086,zero_shot_Model_C
N0.07_D0020_Q0.5,0.07,20,0.5,calibrated,1.9631,3.376441548525924,zero_shot_Model_C
N0.07_D0020_Q0.6,0.07,20,0.6,calibrated,2.1816,3.321630997107708,zero_shot_Model_C
N0.07_D0020_Q0.7,0.07,20,0.7,calibrated,2.4162,3.2667031999507596,zero_shot_Model_C
N0.07_D0020_Q0.8,0.07,20,0.8,calibrated,2.6428,3.2116173266853205,zero_shot_Model_C
N0.07_D0020_Q0.9,0.07,20,0.9,calibrated,2.926,3.156287115146681,zero_shot_Model_C
N0.07_D0020_Q0.95,0.07,20,0.95,calibrated,2.984,3.1284593706749573,zero_shot_Model_C
N0.07_D0020_Q1.0,0.07,20,1.0,calibrated,3.1277,3.1003025016748276,zero_shot_Model_C
N0.07_D0050_Q0.05,0.07,50,0.05,calibrated,0.9392,3.5008147595458485,zero_shot_Model_C
N0.07_D0050_Q0.95,0.07,50,0.95,calibrated,2.8636,3.007147529722323,zero_shot_Model_C
N0.07_D0100_Q0.05,0.07,100,0.05,calibrated,0.891,3.4276379400538675,zero_shot_Model_C
N0.07_D0100_Q0.1,0.07,100,0.1,calibrated,1.0093,3.4003995973797783,zero_shot_Model_C
N0.07_D0100_Q0.2,0.07,100,0.2,calibrated,1.2339,3.3458837320642933,zero_shot_Model_C
N0.07_D0100_Q0.3,0.07,100,0.3,calibrated,1.4034,3.2913100575203234,zero_shot_Model_C
N0.07_D0100_Q0.4,0.07,100,0.4,calibrated,1.6433,3.236670186599493,zero_shot_Model_C
N0.07_D0100_Q0.5,0.07,100,0.5,calibrated,1.8327,3.181952888081309,zero_shot_Model_C
N0.07_D0100_Q0.6,0.07,100,0.6,calibrated,2.104,3.127142336663092,zero_shot_Model_C
N0.07_D0100_Q0.7,0.07,100,0.7,calibrated,2.3189,3.072214539506144,zero_shot_Model_C
N0.07_D0100_Q0.8,0.07,100,0.8,calibrated,2.4893,3.017128666240705,zero_shot_Model_C
N0.07_D0100_Q0.9,0.07,100,0.9,calibrated,2.727,2.9617984547020653,zero_shot_Model_C
N0.07_D0100_Q0.95,0.07,100,0.95,calibrated,2.7802,2.9339707102303416,zero_shot_Model_C
N0.07_D0100_Q1.0,0.07,100,1.0,calibrated,2.8644,2.905813841230212,zero_shot_Model_C
N0.07_D0150_Q0.05,0.07,150,0.05,calibrated,0.8911,3.3909700557295954,zero_shot_Model_C
N0.07_D0150_Q0.95,0.07,150,0.95,calibrated,2.7592,2.89730282590607,zero_shot_Model_C
N0.07_D0300_Q0.05,0.07,300,0.05,calibrated,0.8812,3.337163186177227,zero_shot_Model_C
N0.07_D0300_Q0.95,0.07,300,0.95,calibrated,2.6843,2.843495956353701,zero_shot_Model_C
N0.07_D0500_Q0.05,0.07,500,0.05,calibrated,0.861,3.3036818501309844,zero_shot_Model_C
N0.07_D0500_Q0.1,0.07,500,0.1,calibrated,0.9621,3.2764435074568956,zero_shot_Model_C
N0.07_D0500_Q0.2,0.07,500,0.2,calibrated,1.1948,3.221927642141411,zero_shot_Model_C
N0.07_D0500_Q0.3,0.07,500,0.3,calibrated,1.3491,3.1673539675974407,zero_shot_Model_C
N0.07_D0500_Q0.4,0.07,500,0.4,calibrated,1.5406,3.1127140966766103,zero_shot_Model_C
N0.07_D0500_Q0.5,0.07,500,0.5,calibrated,1.7858,3.0579967981584257,zero_shot_Model_C
N0.07_D0500_Q0.6,0.07,500,0.6,calibrated,1.9945,3.0031862467402095,zero_shot_Model_C
N0.07_D0500_Q0.7,0.07,500,0.7,calibrated,2.1765,2.9482584495832613,zero_shot_Model_C
N0.07_D0500_Q0.8,0.07,500,0.8,calibrated,2.4124,2.893172576317822,zero_shot_Model_C
N0.07_D0500_Q0.9,0.07,500,0.9,calibrated,2.6083,2.8378423647791826,zero_shot_Model_C
N0.07_D0500_Q0.95,0.07,500,0.95,calibrated,2.7105,2.810014620307459,zero_shot_Model_C
N0.07_D0500_Q1.0,0.07,500,1.0,calibrated,2.8055,2.7818577513073293,zero_shot_Model_C
N0.07_D1000_Q0.05,0.07,1000,0.05,calibrated,0.8471,3.265267330997186,zero_shot_Model_C
N0.07_D1000_Q0.1,0.07,1000,0.1,calibrated,0.9414,3.2380289883230966,zero_shot_Model_C
N0.07_D1000_Q0.2,0.07,1000,0.2,calibrated,1.1388,3.1835131230076117,zero_shot_Model_C
N0.07_D1000_Q0.3,0.07,1000,0.3,calibrated,1.3853,3.1289394484636417,zero_shot_Model_C
N0.07_D1000_Q0.4,0.07,1000,0.4,calibrated,1.5663,3.0742995775428112,zero_shot_Model_C
N0.07_D1000_Q0.5,0.07,1000,0.5,calibrated,1.7504,3.019582279024627,zero_shot_Model_C
N0.07_D1000_Q0.6,0.07,1000,0.6,calibrated,1.9928,2.9647717276064105,zero_shot_Model_C
N0.07_D1000_Q0.7,0.07,1000,0.7,calibrated,2.1482,2.9098439304494623,zero_shot_Model_C
N0.07_D1000_Q0.8,0.07,1000,0.8,calibrated,2.3195,2.854758057184023,zero_shot_Model_C
N0.07_D1000_Q0.9,0.07,1000,0.9,calibrated,2.523,2.7994278456453836,zero_shot_Model_C
N0.07_D1000_Q0.95,0.07,1000,0.95,calibrated,2.6048,2.77160010117366,zero_shot_Model_C
N0.07_D1000_Q1.0,0.07,1000,1.0,calibrated,2.7431,2.7434432321735303,zero_shot_Model_C
N0.07_D2000_Q0.05,0.07,2000,0.05,calibrated,0.8539,3.2336268053899264,zero_shot_Model_C
N0.07_D2000_Q0.1,0.07,2000,0.1,calibrated,0.9243,3.206388462715837,zero_shot_Model_C
N0.07_D2000_Q0.2,0.07,2000,0.2,calibrated,1.1409,3.1518725974003523,zero_shot_Model_C
N0.07_D2000_Q0.3,0.07,2000,0.3,calibrated,1.3364,3.0972989228563823,zero_shot_Model_C
N0.07_D2000_Q0.4,0.07,2000,0.4,calibrated,1.5027,3.042659051935552,zero_shot_Model_C
N0.07_D2000_Q0.5,0.07,2000,0.5,calibrated,1.7429,2.987941753417368,zero_shot_Model_C
N0.07_D2000_Q0.6,0.07,2000,0.6,calibrated,1.9258,2.933131201999151,zero_shot_Model_C
N0.07_D2000_Q0.7,0.07,2000,0.7,calibrated,2.1457,2.878203404842203,zero_shot_Model_C
N0.07_D2000_Q0.8,0.07,2000,0.8,calibrated,2.3261,2.823117531576764,zero_shot_Model_C
N0.07_D2000_Q0.9,0.07,2000,0.9,calibrated,2.5085,2.767787320038124,zero_shot_Model_C
N0.07_D2000_Q0.95,0.07,2000,0.95,calibrated,2.5794,2.7399595755664006,zero_shot_Model_C
N0.07_D2000_Q1.0,0.07,2000,1.0,calibrated,2.7374,2.711802706566271,zero_shot_Model_C
N0.16_D0005_Q0.05,0.16,5,0.05,calibrated,0.8104,3.5967125320364612,zero_shot_Model_C
N0.16_D0005_Q0.1,0.16,5,0.1,calibrated,0.9548,3.5728897244286224,zero_shot_Model_C
N0.16_D0005_Q0.2,0.16,5,0.2,calibrated,1.1752,3.5252098421933105,zero_shot_Model_C
N0.16_D0005_Q0.3,0.16,5,0.3,calibrated,1.4476,3.4774793996818225,zero_shot_Model_C
N0.16_D0005_Q0.4,0.16,5,0.4,calibrated,1.6751,3.4296910614470475,zero_shot_Model_C
N0.16_D0005_Q0.5,0.16,5,0.5,calibrated,1.9108,3.3818350046004104,zero_shot_Model_C
N0.16_D0005_Q0.6,0.16,5,0.6,calibrated,2.1591,3.333897388243236,zero_shot_Model_C
N0.16_D0005_Q0.7,0.16,5,0.7,calibrated,2.4836,3.285857228103936,zero_shot_Model_C
N0.16_D0005_Q0.8,0.16,5,0.8,calibrated,2.5952,3.2376788137116135,zero_shot_Model_C
N0.16_D0005_Q0.9,0.16,5,0.9,calibrated,2.8737,3.1892866996921394,zero_shot_Model_C
N0.16_D0005_Q0.95,0.16,5,0.95,calibrated,2.9535,3.1649483979590975,zero_shot_Model_C
N0.16_D0005_Q1.0,0.16,5,1.0,calibrated,3.1013,3.1403222420635224,zero_shot_Model_C
N0.16_D0020_Q0.05,0.16,20,0.05,calibrated,0.7755,3.3425007518828185,zero_shot_Model_C
N0.16_D0020_Q0.1,0.16,20,0.1,calibrated,0.8548,3.3186779442749796,zero_shot_Model_C
N0.16_D0020_Q0.2,0.16,20,0.2,calibrated,1.0782,3.2709980620396677,zero_shot_Model_C
N0.16_D0020_Q0.3,0.16,20,0.3,calibrated,1.3357,3.2232676195281798,zero_shot_Model_C
N0.16_D0020_Q0.4,0.16,20,0.4,calibrated,1.5464,3.1754792812934047,zero_shot_Model_C
N0.16_D0020_Q0.5,0.16,20,0.5,calibrated,1.7183,3.1276232244467677,zero_shot_Model_C
N0.16_D0020_Q0.6,0.16,20,0.6,calibrated,1.9486,3.0796856080895934,zero_shot_Model_C
N0.16_D0020_Q0.7,0.16,20,0.7,calibrated,2.2366,3.0316454479502934,zero_shot_Model_C
N0.16_D0020_Q0.8,0.16,20,0.8,calibrated,2.4177,2.9834670335579707,zero_shot_Model_C
N0.16_D0020_Q0.9,0.16,20,0.9,calibrated,2.6607,2.9350749195384966,zero_shot_Model_C
N0.16_D0020_Q0.95,0.16,20,0.95,calibrated,2.8283,2.910736617805455,zero_shot_Model_C
N0.16_D0020_Q1.0,0.16,20,1.0,calibrated,2.8913,2.8861104619098796,zero_shot_Model_C
N0.16_D0050_Q0.05,0.16,50,0.05,calibrated,0.7379,3.2211889109301843,zero_shot_Model_C
N0.16_D0050_Q0.95,0.16,50,0.95,calibrated,2.6024,2.7894247768528206,zero_shot_Model_C
N0.16_D0100_Q0.05,0.16,100,0.05,calibrated,0.7109,3.148012091438203,zero_shot_Model_C
N0.16_D0100_Q0.1,0.16,100,0.1,calibrated,0.8001,3.124189283830364,zero_shot_Model_C
N0.16_D0100_Q0.2,0.16,100,0.2,calibrated,1.0158,3.076509401595052,zero_shot_Model_C
N0.16_D0100_Q0.3,0.16,100,0.3,calibrated,1.2359,3.0287789590835645,zero_shot_Model_C
N0.16_D0100_Q0.4,0.16,100,0.4,calibrated,1.4134,2.9809906208487886,zero_shot_Model_C
N0.16_D0100_Q0.5,0.16,100,0.5,calibrated,1.6514,2.933134564002152,zero_shot_Model_C
N0.16_D0100_Q0.6,0.16,100,0.6,calibrated,1.8608,2.8851969476449777,zero_shot_Model_C
N0.16_D0100_Q0.7,0.16,100,0.7,calibrated,2.0787,2.837156787505678,zero_shot_Model_C
N0.16_D0100_Q0.8,0.16,100,0.8,calibrated,2.2318,2.788978373113355,zero_shot_Model_C
N0.16_D0100_Q0.9,0.16,100,0.9,calibrated,2.4932,2.740586259093881,zero_shot_Model_C
N0.16_D0100_Q0.95,0.16,100,0.95,calibrated,2.6163,2.716247957360839,zero_shot_Model_C
N0.16_D0100_Q1.0,0.16,100,1.0,calibrated,2.678,2.691621801465264,zero_shot_Model_C
N0.16_D0150_Q0.05,0.16,150,0.05,calibrated,0.6932,3.1113442071139312,zero_shot_Model_C
N0.16_D0150_Q0.95,0.16,150,0.95,calibrated,2.5091,2.6795800730365675,zero_shot_Model_C
N0.16_D0300_Q0.05,0.16,300,0.05,calibrated,0.6809,3.0575373375615627,zero_shot_Model_C
N0.16_D0300_Q0.95,0.16,300,0.95,calibrated,2.4941,2.625773203484199,zero_shot_Model_C
N0.16_D0500_Q0.05,0.16,500,0.05,calibrated,0.6974,3.02405600151532,zero_shot_Model_C
N0.16_D0500_Q0.1,0.16,500,0.1,calibrated,0.7769,3.0002331939074813,zero_shot_Model_C
N0.16_D0500_Q0.2,0.16,500,0.2,calibrated,0.9664,2.9525533116721694,zero_shot_Model_C
N0.16_D0500_Q0.3,0.16,500,0.3,calibrated,1.1736,2.9048228691606814,zero_shot_Model_C
N0.16_D0500_Q0.4,0.16,500,0.4,calibrated,1.351,2.8570345309259064,zero_shot_Model_C
N0.16_D0500_Q0.5,0.16,500,0.5,calibrated,1.5896,2.8091784740792693,zero_shot_Model_C
N0.16_D0500_Q0.6,0.16,500,0.6,calibrated,1.7639,2.761240857722095,zero_shot_Model_C
N0.16_D0500_Q0.7,0.16,500,0.7,calibrated,1.9757,2.713200697582795,zero_shot_Model_C
N0.16_D0500_Q0.8,0.16,500,0.8,calibrated,2.1303,2.6650222831904724,zero_shot_Model_C
N0.16_D0500_Q0.9,0.16,500,0.9,calibrated,2.3645,2.6166301691709983,zero_shot_Model_C
N0.16_D0500_Q0.95,0.16,500,0.95,calibrated,2.4958,2.5922918674379565,zero_shot_Model_C
N0.16_D0500_Q1.0,0.16,500,1.0,calibrated,2.5293,2.5676657115423813,zero_shot_Model_C
N0.16_D1000_Q0.05,0.16,1000,0.05,calibrated,0.6787,2.985641482381521,zero_shot_Model_C
N0.16_D1000_Q0.1,0.16,1000,0.1,calibrated,0.7577,2.9618186747736823,zero_shot_Model_C
N0.16_D1000_Q0.2,0.16,1000,0.2,calibrated,0.9466,2.9141387925383704,zero_shot_Model_C
N0.16_D1000_Q0.3,0.16,1000,0.3,calibrated,1.1493,2.866408350026883,zero_shot_Model_C
N0.16_D1000_Q0.4,0.16,1000,0.4,calibrated,1.3709,2.818620011792107,zero_shot_Model_C
N0.16_D1000_Q0.5,0.16,1000,0.5,calibrated,1.5609,2.7707639549454703,zero_shot_Model_C
N0.16_D1000_Q0.6,0.16,1000,0.6,calibrated,1.7116,2.722826338588296,zero_shot_Model_C
N0.16_D1000_Q0.7,0.16,1000,0.7,calibrated,2.0044,2.674786178448996,zero_shot_Model_C
N0.16_D1000_Q0.8,0.16,1000,0.8,calibrated,2.0871,2.6266077640566734,zero_shot_Model_C
N0.16_D1000_Q0.9,0.16,1000,0.9,calibrated,2.3054,2.5782156500371993,zero_shot_Model_C
N0.16_D1000_Q0.95,0.16,1000,0.95,calibrated,2.4884,2.5538773483041575,zero_shot_Model_C
N0.16_D1000_Q1.0,0.16,1000,1.0,calibrated,2.5056,2.5292511924085823,zero_shot_Model_C
N0.16_D2000_Q0.05,0.16,2000,0.05,calibrated,0.6532,2.9540009567742618,zero_shot_Model_C
N0.16_D2000_Q0.1,0.16,2000,0.1,calibrated,0.7317,2.930178149166423,zero_shot_Model_C
N0.16_D2000_Q0.2,0.16,2000,0.2,calibrated,0.9418,2.882498266931111,zero_shot_Model_C
N0.16_D2000_Q0.3,0.16,2000,0.3,calibrated,1.1205,2.8347678244196235,zero_shot_Model_C
N0.16_D2000_Q0.4,0.16,2000,0.4,calibrated,1.335,2.7869794861848476,zero_shot_Model_C
N0.16_D2000_Q0.5,0.16,2000,0.5,calibrated,1.5166,2.739123429338211,zero_shot_Model_C
N0.16_D2000_Q0.6,0.16,2000,0.6,calibrated,1.6953,2.6911858129810367,zero_shot_Model_C
N0.16_D2000_Q0.7,0.16,2000,0.7,calibrated,1.9296,2.6431456528417367,zero_shot_Model_C
N0.16_D2000_Q0.8,0.16,2000,0.8,calibrated,2.0992,2.594967238449414,zero_shot_Model_C
N0.16_D2000_Q0.9,0.16,2000,0.9,calibrated,2.246,2.54657512442994,zero_shot_Model_C
N0.16_D2000_Q0.95,0.16,2000,0.95,calibrated,2.3649,2.522236822696898,zero_shot_Model_C
N0.16_D2000_Q1.0,0.16,2000,1.0,calibrated,2.4771,2.497610666801323,zero_shot_Model_C
N0.41_D0005_Q0.05,0.41,5,0.05,calibrated,0.622,3.3514509238088754,zero_shot_Model_C
N0.41_D0005_Q0.1,0.41,5,0.1,calibrated,0.7497,3.3309978024803812,zero_shot_Model_C
N0.41_D0005_Q0.2,0.41,5,0.2,calibrated,1.0023,3.2900621398019716,zero_shot_Model_C
N0.41_D0005_Q0.3,0.41,5,0.3,calibrated,1.2344,3.249083068492638,zero_shot_Model_C
N0.41_D0005_Q0.4,0.41,5,0.4,calibrated,1.4755,3.20805429068891,zero_shot_Model_C
N0.41_D0005_Q0.5,0.41,5,0.5,calibrated,1.6916,3.1669673729292462,zero_shot_Model_C
N0.41_D0005_Q0.6,0.41,5,0.6,calibrated,1.98,3.125810432081121,zero_shot_Model_C
N0.41_D0005_Q0.7,0.41,5,0.7,calibrated,2.2447,3.084565452054247,zero_shot_Model_C
N0.41_D0005_Q0.8,0.41,5,0.8,calibrated,2.4492,3.043201773549099,zero_shot_Model_C
N0.41_D0005_Q0.9,0.41,5,0.9,calibrated,2.6707,3.0016546227818255,zero_shot_Model_C
N0.41_D0005_Q0.95,0.41,5,0.95,calibrated,2.861,2.980758922893304,zero_shot_Model_C
N0.41_D0005_Q1.0,0.41,5,1.0,calibrated,3.0229,2.9596160852111124,zero_shot_Model_C
N0.41_D0020_Q0.05,0.41,20,0.05,calibrated,0.581,3.0972391436552327,zero_shot_Model_C
N0.41_D0020_Q0.1,0.41,20,0.1,calibrated,0.695,3.0767860223267385,zero_shot_Model_C
N0.41_D0020_Q0.2,0.41,20,0.2,calibrated,0.9131,3.035850359648329,zero_shot_Model_C
N0.41_D0020_Q0.3,0.41,20,0.3,calibrated,1.1552,2.994871288338995,zero_shot_Model_C
N0.41_D0020_Q0.4,0.41,20,0.4,calibrated,1.3143,2.9538425105352673,zero_shot_Model_C
N0.41_D0020_Q0.5,0.41,20,0.5,calibrated,1.5963,2.9127555927756035,zero_shot_Model_C
N0.41_D0020_Q0.6,0.41,20,0.6,calibrated,1.7915,2.8715986519274783,zero_shot_Model_C
N0.41_D0020_Q0.7,0.41,20,0.7,calibrated,2.0338,2.830353671900604,zero_shot_Model_C
N0.41_D0020_Q0.8,0.41,20,0.8,calibrated,2.246,2.788989993395456,zero_shot_Model_C
N0.41_D0020_Q0.9,0.41,20,0.9,calibrated,2.474,2.7474428426281827,zero_shot_Model_C
N0.41_D0020_Q0.95,0.41,20,0.95,calibrated,2.5494,2.726547142739661,zero_shot_Model_C
N0.41_D0020_Q1.0,0.41,20,1.0,calibrated,2.7188,2.7054043050574696,zero_shot_Model_C
N0.41_D0050_Q0.05,0.41,50,0.05,calibrated,0.536,2.9759273027025985,zero_shot_Model_C
N0.41_D0050_Q0.95,0.41,50,0.95,calibrated,2.4497,2.605235301787027,zero_shot_Model_C
N0.41_D0100_Q0.05,0.41,100,0.05,calibrated,0.535,2.902750483210617,zero_shot_Model_C
N0.41_D0100_Q0.1,0.41,100,0.1,calibrated,0.6432,2.882297361882123,zero_shot_Model_C
N0.41_D0100_Q0.2,0.41,100,0.2,calibrated,0.8168,2.841361699203713,zero_shot_Model_C
N0.41_D0100_Q0.3,0.41,100,0.3,calibrated,1.0559,2.8003826278943795,zero_shot_Model_C
N0.41_D0100_Q0.4,0.41,100,0.4,calibrated,1.2365,2.7593538500906516,zero_shot_Model_C
N0.41_D0100_Q0.5,0.41,100,0.5,calibrated,1.477,2.718266932330988,zero_shot_Model_C
N0.41_D0100_Q0.6,0.41,100,0.6,calibrated,1.6841,2.6771099914828627,zero_shot_Model_C
N0.41_D0100_Q0.7,0.41,100,0.7,calibrated,1.8979,2.6358650114559885,zero_shot_Model_C
N0.41_D0100_Q0.8,0.41,100,0.8,calibrated,2.0213,2.5945013329508404,zero_shot_Model_C
N0.41_D0100_Q0.9,0.41,100,0.9,calibrated,2.2729,2.552954182183567,zero_shot_Model_C
N0.41_D0100_Q0.95,0.41,100,0.95,calibrated,2.4488,2.532058482295045,zero_shot_Model_C
N0.41_D0100_Q1.0,0.41,100,1.0,calibrated,2.488,2.510915644612854,zero_shot_Model_C
N0.41_D0150_Q0.05,0.41,150,0.05,calibrated,0.5231,2.8660825988863454,zero_shot_Model_C
N0.41_D0150_Q0.95,0.41,150,0.95,calibrated,2.3801,2.495390597970774,zero_shot_Model_C
N0.41_D0300_Q0.05,0.41,300,0.05,calibrated,0.5209,2.812275729333977,zero_shot_Model_C
N0.41_D0300_Q0.95,0.41,300,0.95,calibrated,2.3692,2.441583728418405,zero_shot_Model_C
N0.41_D0500_Q0.05,0.41,500,0.05,calibrated,0.5057,2.7787943932877344,zero_shot_Model_C
N0.41_D0500_Q0.1,0.41,500,0.1,calibrated,0.6047,2.75834127195924,zero_shot_Model_C
N0.41_D0500_Q0.2,0.41,500,0.2,calibrated,0.8045,2.7174056092808305,zero_shot_Model_C
N0.41_D0500_Q0.3,0.41,500,0.3,calibrated,1.0122,2.676426537971497,zero_shot_Model_C
N0.41_D0500_Q0.4,0.41,500,0.4,calibrated,1.2031,2.635397760167769,zero_shot_Model_C
N0.41_D0500_Q0.5,0.41,500,0.5,calibrated,1.427,2.594310842408105,zero_shot_Model_C
N0.41_D0500_Q0.6,0.41,500,0.6,calibrated,1.5817,2.55315390155998,zero_shot_Model_C
N0.41_D0500_Q0.7,0.41,500,0.7,calibrated,1.7811,2.511908921533106,zero_shot_Model_C
N0.41_D0500_Q0.8,0.41,500,0.8,calibrated,1.9863,2.4705452430279577,zero_shot_Model_C
N0.41_D0500_Q0.9,0.41,500,0.9,calibrated,2.1829,2.4289980922606844,zero_shot_Model_C
N0.41_D0500_Q0.95,0.41,500,0.95,calibrated,2.3182,2.4081023923721627,zero_shot_Model_C
N0.41_D0500_Q1.0,0.41,500,1.0,calibrated,2.3631,2.3869595546899713,zero_shot_Model_C
N0.41_D1000_Q0.05,0.41,1000,0.05,calibrated,0.5,2.7403798741539354,zero_shot_Model_C
N0.41_D1000_Q0.1,0.41,1000,0.1,calibrated,0.5885,2.719926752825441,zero_shot_Model_C
N0.41_D1000_Q0.2,0.41,1000,0.2,calibrated,0.7592,2.6789910901470315,zero_shot_Model_C
N0.41_D1000_Q0.3,0.41,1000,0.3,calibrated,0.9951,2.638012018837698,zero_shot_Model_C
N0.41_D1000_Q0.4,0.41,1000,0.4,calibrated,1.2144,2.59698324103397,zero_shot_Model_C
N0.41_D1000_Q0.5,0.41,1000,0.5,calibrated,1.3941,2.555896323274306,zero_shot_Model_C
N0.41_D1000_Q0.6,0.41,1000,0.6,calibrated,1.5743,2.514739382426181,zero_shot_Model_C
N0.41_D1000_Q0.7,0.41,1000,0.7,calibrated,1.759,2.473494402399307,zero_shot_Model_C
N0.41_D1000_Q0.8,0.41,1000,0.8,calibrated,1.9279,2.4321307238941587,zero_shot_Model_C
N0.41_D1000_Q0.9,0.41,1000,0.9,calibrated,2.1495,2.3905835731268854,zero_shot_Model_C
N0.41_D1000_Q0.95,0.41,1000,0.95,calibrated,2.2212,2.3696878732383633,zero_shot_Model_C
N0.41_D1000_Q1.0,0.41,1000,1.0,calibrated,2.4128,2.3485450355561723,zero_shot_Model_C
N0.41_D2000_Q0.05,0.41,2000,0.05,calibrated,0.5,2.708739348546676,zero_shot_Model_C
N0.41_D2000_Q0.1,0.41,2000,0.1,calibrated,0.5802,2.688286227218182,zero_shot_Model_C
N0.41_D2000_Q0.2,0.41,2000,0.2,calibrated,0.7774,2.647350564539772,zero_shot_Model_C
N0.41_D2000_Q0.3,0.41,2000,0.3,calibrated,0.9982,2.6063714932304385,zero_shot_Model_C
N0.41_D2000_Q0.4,0.41,2000,0.4,calibrated,1.2122,2.5653427154267106,zero_shot_Model_C
N0.41_D2000_Q0.5,0.41,2000,0.5,calibrated,1.3202,2.5242557976670468,zero_shot_Model_C
N0.41_D2000_Q0.6,0.41,2000,0.6,calibrated,1.5758,2.4830988568189216,zero_shot_Model_C
N0.41_D2000_Q0.7,0.41,2000,0.7,calibrated,1.7331,2.4418538767920475,zero_shot_Model_C
N0.41_D2000_Q0.8,0.41,2000,0.8,calibrated,1.9375,2.4004901982868994,zero_shot_Model_C
N0.41_D2000_Q0.9,0.41,2000,0.9,calibrated,2.0973,2.358943047519626,zero_shot_Model_C
N0.41_D2000_Q0.95,0.41,2000,0.95,calibrated,2.2225,2.338047347631104,zero_shot_Model_C
N0.41_D2000_Q1.0,0.41,2000,1.0,calibrated,2.3248,2.316904509948913,zero_shot_Model_C
N0.7_D0005_Q0.05,0.7,5,0.05,calibrated,0.5148,3.239208679561457,zero_shot_Model_C
N0.7_D0005_Q0.1,0.7,5,0.1,calibrated,0.651,3.2204540817275626,zero_shot_Model_C
N0.7_D0005_Q0.2,0.7,5,0.2,calibrated,0.8807,3.182917909215449,zero_shot_Model_C
N0.7_D0005_Q0.3,0.7,5,0.3,calibrated,1.1486,3.1453419329295045,zero_shot_Model_C
N0.7_D0005_Q0.4,0.7,5,0.4,calibrated,1.3678,3.1077203780104936,zero_shot_Model_C
N0.7_D0005_Q0.5,0.7,5,0.5,calibrated,1.6627,3.0700455113512275,zero_shot_Model_C
N0.7_D0005_Q0.6,0.7,5,0.6,calibrated,1.8832,3.032306436650457,zero_shot_Model_C
N0.7_D0005_Q0.7,0.7,5,0.7,calibrated,2.1501,2.9944866339588545,zero_shot_Model_C
N0.7_D0005_Q0.8,0.7,5,0.8,calibrated,2.3581,2.9565579900694834,zero_shot_Model_C
N0.7_D0005_Q0.9,0.7,5,0.9,calibrated,2.6571,2.9184611103184763,zero_shot_Model_C
N0.7_D0005_Q0.95,0.7,5,0.95,calibrated,2.7097,2.899300687731972,zero_shot_Model_C
N0.7_D0005_Q1.0,0.7,5,1.0,calibrated,2.862,2.8799136508377847,zero_shot_Model_C
N0.7_D0020_Q0.05,0.7,20,0.05,calibrated,0.5,2.9849968994078138,zero_shot_Model_C
N0.7_D0020_Q0.1,0.7,20,0.1,calibrated,0.5886,2.9662423015739194,zero_shot_Model_C
N0.7_D0020_Q0.2,0.7,20,0.2,calibrated,0.82,2.9287061290618057,zero_shot_Model_C
N0.7_D0020_Q0.3,0.7,20,0.3,calibrated,1.0213,2.8911301527758613,zero_shot_Model_C
N0.7_D0020_Q0.4,0.7,20,0.4,calibrated,1.2544,2.8535085978568504,zero_shot_Model_C
N0.7_D0020_Q0.5,0.7,20,0.5,calibrated,1.5102,2.8158337311975843,zero_shot_Model_C
N0.7_D0020_Q0.6,0.7,20,0.6,calibrated,1.733,2.7780946564968136,zero_shot_Model_C
N0.7_D0020_Q0.7,0.7,20,0.7,calibrated,1.9575,2.7402748538052113,zero_shot_Model_C
N0.7_D0020_Q0.8,0.7,20,0.8,calibrated,2.1359,2.70234620991584,zero_shot_Model_C
N0.7_D0020_Q0.9,0.7,20,0.9,calibrated,2.4142,2.664249330164833,zero_shot_Model_C
N0.7_D0020_Q0.95,0.7,20,0.95,calibrated,2.5456,2.645088907578329,zero_shot_Model_C
N0.7_D0020_Q1.0,0.7,20,1.0,calibrated,2.5856,2.6257018706841415,zero_shot_Model_C
N0.7_D0050_Q0.05,0.7,50,0.05,calibrated,0.5,2.8636850584551796,zero_shot_Model_C
N0.7_D0050_Q0.95,0.7,50,0.95,calibrated,2.3802,2.5237770666256947,zero_shot_Model_C
N0.7_D0100_Q0.05,0.7,100,0.05,calibrated,0.5,2.790508238963198,zero_shot_Model_C
N0.7_D0100_Q0.1,0.7,100,0.1,calibrated,0.5313,2.771753641129304,zero_shot_Model_C
N0.7_D0100_Q0.2,0.7,100,0.2,calibrated,0.7638,2.73421746861719,zero_shot_Model_C
N0.7_D0100_Q0.3,0.7,100,0.3,calibrated,0.9699,2.6966414923312456,zero_shot_Model_C
N0.7_D0100_Q0.4,0.7,100,0.4,calibrated,1.1979,2.6590199374122347,zero_shot_Model_C
N0.7_D0100_Q0.5,0.7,100,0.5,calibrated,1.3973,2.6213450707529686,zero_shot_Model_C
N0.7_D0100_Q0.6,0.7,100,0.6,calibrated,1.5891,2.583605996052198,zero_shot_Model_C
N0.7_D0100_Q0.7,0.7,100,0.7,calibrated,1.8109,2.5457861933605956,zero_shot_Model_C
N0.7_D0100_Q0.8,0.7,100,0.8,calibrated,2.017,2.5078575494712245,zero_shot_Model_C
N0.7_D0100_Q0.9,0.7,100,0.9,calibrated,2.1928,2.4697606697202175,zero_shot_Model_C
N0.7_D0100_Q0.95,0.7,100,0.95,calibrated,2.3158,2.450600247133713,zero_shot_Model_C
N0.7_D0100_Q1.0,0.7,100,1.0,calibrated,2.4334,2.431213210239526,zero_shot_Model_C
N0.7_D0150_Q0.05,0.7,150,0.05,calibrated,0.5,2.7538403546389265,zero_shot_Model_C
N0.7_D0150_Q0.95,0.7,150,0.95,calibrated,2.3482,2.4139323628094416,zero_shot_Model_C
N0.7_D0300_Q0.05,0.7,300,0.05,calibrated,0.5,2.7000334850865575,zero_shot_Model_C
N0.7_D0300_Q0.95,0.7,300,0.95,calibrated,2.2639,2.3601254932570725,zero_shot_Model_C
N0.7_D0500_Q0.05,0.7,500,0.05,calibrated,0.5,2.6665521490403155,zero_shot_Model_C
N0.7_D0500_Q0.1,0.7,500,0.1,calibrated,0.5138,2.647797551206421,zero_shot_Model_C
N0.7_D0500_Q0.2,0.7,500,0.2,calibrated,0.701,2.6102613786943074,zero_shot_Model_C
N0.7_D0500_Q0.3,0.7,500,0.3,calibrated,0.9241,2.572685402408363,zero_shot_Model_C
N0.7_D0500_Q0.4,0.7,500,0.4,calibrated,1.1327,2.535063847489352,zero_shot_Model_C
N0.7_D0500_Q0.5,0.7,500,0.5,calibrated,1.3085,2.497388980830086,zero_shot_Model_C
N0.7_D0500_Q0.6,0.7,500,0.6,calibrated,1.5486,2.4596499061293153,zero_shot_Model_C
N0.7_D0500_Q0.7,0.7,500,0.7,calibrated,1.7063,2.421830103437713,zero_shot_Model_C
N0.7_D0500_Q0.8,0.7,500,0.8,calibrated,1.8982,2.383901459548342,zero_shot_Model_C
N0.7_D0500_Q0.9,0.7,500,0.9,calibrated,2.0978,2.345804579797335,zero_shot_Model_C
N0.7_D0500_Q0.95,0.7,500,0.95,calibrated,2.1997,2.3266441572108305,zero_shot_Model_C
N0.7_D0500_Q1.0,0.7,500,1.0,calibrated,2.2912,2.307257120316643,zero_shot_Model_C
N0.7_D1000_Q0.05,0.7,1000,0.05,calibrated,0.5,2.6281376299065164,zero_shot_Model_C
N0.7_D1000_Q0.1,0.7,1000,0.1,calibrated,0.5071,2.609383032072622,zero_shot_Model_C
N0.7_D1000_Q0.2,0.7,1000,0.2,calibrated,0.7115,2.5718468595605084,zero_shot_Model_C
N0.7_D1000_Q0.3,0.7,1000,0.3,calibrated,0.9132,2.534270883274564,zero_shot_Model_C
N0.7_D1000_Q0.4,0.7,1000,0.4,calibrated,1.1056,2.496649328355553,zero_shot_Model_C
N0.7_D1000_Q0.5,0.7,1000,0.5,calibrated,1.322,2.458974461696287,zero_shot_Model_C
N0.7_D1000_Q0.6,0.7,1000,0.6,calibrated,1.4614,2.4212353869955163,zero_shot_Model_C
N0.7_D1000_Q0.7,0.7,1000,0.7,calibrated,1.7068,2.383415584303914,zero_shot_Model_C
N0.7_D1000_Q0.8,0.7,1000,0.8,calibrated,1.8896,2.345486940414543,zero_shot_Model_C
N0.7_D1000_Q0.9,0.7,1000,0.9,calibrated,2.0683,2.307390060663536,zero_shot_Model_C
N0.7_D1000_Q0.95,0.7,1000,0.95,calibrated,2.1816,2.2882296380770315,zero_shot_Model_C
N0.7_D1000_Q1.0,0.7,1000,1.0,calibrated,2.297,2.268842601182844,zero_shot_Model_C
N0.7_D2000_Q0.05,0.7,2000,0.05,calibrated,0.5,2.596497104299257,zero_shot_Model_C
N0.7_D2000_Q0.1,0.7,2000,0.1,calibrated,0.5001,2.5777425064653627,zero_shot_Model_C
N0.7_D2000_Q0.2,0.7,2000,0.2,calibrated,0.6784,2.540206333953249,zero_shot_Model_C
N0.7_D2000_Q0.3,0.7,2000,0.3,calibrated,0.8706,2.5026303576673046,zero_shot_Model_C
N0.7_D2000_Q0.4,0.7,2000,0.4,calibrated,1.0904,2.4650088027482937,zero_shot_Model_C
N0.7_D2000_Q0.5,0.7,2000,0.5,calibrated,1.2499,2.4273339360890276,zero_shot_Model_C
N0.7_D2000_Q0.6,0.7,2000,0.6,calibrated,1.4277,2.389594861388257,zero_shot_Model_C
N0.7_D2000_Q0.7,0.7,2000,0.7,calibrated,1.6336,2.3517750586966546,zero_shot_Model_C
N0.7_D2000_Q0.8,0.7,2000,0.8,calibrated,1.8579,2.3138464148072835,zero_shot_Model_C
N0.7_D2000_Q0.9,0.7,2000,0.9,calibrated,2.0246,2.2757495350562764,zero_shot_Model_C
N0.7_D2000_Q0.95,0.7,2000,0.95,calibrated,2.1556,2.256589112469772,zero_shot_Model_C
N0.7_D2000_Q1.0,0.7,2000,1.0,calibrated,2.2183,2.237202075575585,zero_shot_Model_C
N1.0_D0005_Q0.05,1.0,5,0.05,calibrated,0.5,3.173392684557819,zero_shot_Model_C
N1.0_D0005_Q0.1,1.0,5,0.1,calibrated,0.5747,3.1556914995088454,zero_shot_Model_C
N1.0_D0005_Q0.2,1.0,5,0.2,calibrated,0.8142,3.1202636678084867,zero_shot_Model_C
N1.0_D0005_Q0.3,1.0,5,0.3,calibrated,1.0733,3.0847982680422876,zero_shot_Model_C
N1.0_D0005_Q0.4,1.0,5,0.4,calibrated,1.3204,3.049289849714703,zero_shot_Model_C
N1.0_D0005_Q0.5,1.0,5,0.5,calibrated,1.5528,3.0137311140735776,zero_shot_Model_C
N1.0_D0005_Q0.6,1.0,5,0.6,calibrated,1.8086,2.978111776843744,zero_shot_Model_C
N1.0_D0005_Q0.7,1.0,5,0.7,calibrated,2.0374,2.942416245972384,zero_shot_Model_C
N1.0_D0005_Q0.8,1.0,5,0.8,calibrated,2.3623,2.906617987321962,zero_shot_Model_C
N1.0_D0005_Q0.9,1.0,5,0.9,calibrated,2.5719,2.870660942322451,zero_shot_Model_C
N1.0_D0005_Q0.95,1.0,5,0.95,calibrated,2.7672,2.8525767269836777,zero_shot_Model_C
N1.0_D0005_Q1.0,1.0,5,1.0,calibrated,2.8125,2.834278625864437,zero_shot_Model_C
N1.0_D0020_Q0.05,1.0,20,0.05,calibrated,0.5,2.9191809044041763,zero_shot_Model_C
N1.0_D0020_Q0.1,1.0,20,0.1,calibrated,0.5188,2.9014797193552027,zero_shot_Model_C
N1.0_D0020_Q0.2,1.0,20,0.2,calibrated,0.7381,2.866051887654844,zero_shot_Model_C
N1.0_D0020_Q0.3,1.0,20,0.3,calibrated,0.9701,2.830586487888645,zero_shot_Model_C
N1.0_D0020_Q0.4,1.0,20,0.4,calibrated,1.2279,2.79507806956106,zero_shot_Model_C
N1.0_D0020_Q0.5,1.0,20,0.5,calibrated,1.4233,2.759519333919935,zero_shot_Model_C
N1.0_D0020_Q0.6,1.0,20,0.6,calibrated,1.6574,2.7238999966901014,zero_shot_Model_C
N1.0_D0020_Q0.7,1.0,20,0.7,calibrated,1.8968,2.688204465818741,zero_shot_Model_C
N1.0_D0020_Q0.8,1.0,20,0.8,calibrated,2.0844,2.6524062071683194,zero_shot_Model_C
N1.0_D0020_Q0.9,1.0,20,0.9,calibrated,2.3062,2.6164491621688084,zero_shot_Model_C
N1.0_D0020_Q0.95,1.0,20,0.95,calibrated,2.4517,2.598364946830035,zero_shot_Model_C
N1.0_D0020_Q1.0,1.0,20,1.0,calibrated,2.6133,2.5800668457107943,zero_shot_Model_C
N1.0_D0050_Q0.05,1.0,50,0.05,calibrated,0.5,2.797869063451542,zero_shot_Model_C
N1.0_D0050_Q0.95,1.0,50,0.95,calibrated,2.3371,2.477053105877401,zero_shot_Model_C
N1.0_D0100_Q0.05,1.0,100,0.05,calibrated,0.5,2.7246922439595607,zero_shot_Model_C
N1.0_D0100_Q0.1,1.0,100,0.1,calibrated,0.5,2.706991058910587,zero_shot_Model_C
N1.0_D0100_Q0.2,1.0,100,0.2,calibrated,0.7102,2.6715632272102283,zero_shot_Model_C
N1.0_D0100_Q0.3,1.0,100,0.3,calibrated,0.9137,2.636097827444029,zero_shot_Model_C
N1.0_D0100_Q0.4,1.0,100,0.4,calibrated,1.1107,2.6005894091164445,zero_shot_Model_C
N1.0_D0100_Q0.5,1.0,100,0.5,calibrated,1.3086,2.565030673475319,zero_shot_Model_C
N1.0_D0100_Q0.6,1.0,100,0.6,calibrated,1.5225,2.5294113362454858,zero_shot_Model_C
N1.0_D0100_Q0.7,1.0,100,0.7,calibrated,1.7077,2.4937158053741255,zero_shot_Model_C
N1.0_D0100_Q0.8,1.0,100,0.8,calibrated,1.9487,2.4579175467237038,zero_shot_Model_C
N1.0_D0100_Q0.9,1.0,100,0.9,calibrated,2.2185,2.4219605017241927,zero_shot_Model_C
N1.0_D0100_Q0.95,1.0,100,0.95,calibrated,2.3344,2.4038762863854193,zero_shot_Model_C
N1.0_D0100_Q1.0,1.0,100,1.0,calibrated,2.4489,2.3855781852661786,zero_shot_Model_C
N1.0_D0150_Q0.05,1.0,150,0.05,calibrated,0.5,2.688024359635289,zero_shot_Model_C
N1.0_D0150_Q0.95,1.0,150,0.95,calibrated,2.1674,2.3672084020611477,zero_shot_Model_C
N1.0_D0300_Q0.05,1.0,300,0.05,calibrated,0.5,2.6342174900829205,zero_shot_Model_C
N1.0_D0300_Q0.95,1.0,300,0.95,calibrated,2.1877,2.313401532508779,zero_shot_Model_C
N1.0_D0500_Q0.05,1.0,500,0.05,calibrated,0.5,2.600736154036678,zero_shot_Model_C
N1.0_D0500_Q0.1,1.0,500,0.1,calibrated,0.5,2.5830349689877043,zero_shot_Model_C
N1.0_D0500_Q0.2,1.0,500,0.2,calibrated,0.6599,2.5476071372873457,zero_shot_Model_C
N1.0_D0500_Q0.3,1.0,500,0.3,calibrated,0.8544,2.5121417375211466,zero_shot_Model_C
N1.0_D0500_Q0.4,1.0,500,0.4,calibrated,1.0836,2.476633319193562,zero_shot_Model_C
N1.0_D0500_Q0.5,1.0,500,0.5,calibrated,1.2157,2.4410745835524366,zero_shot_Model_C
N1.0_D0500_Q0.6,1.0,500,0.6,calibrated,1.4518,2.405455246322603,zero_shot_Model_C
N1.0_D0500_Q0.7,1.0,500,0.7,calibrated,1.707,2.369759715451243,zero_shot_Model_C
N1.0_D0500_Q0.8,1.0,500,0.8,calibrated,1.8739,2.333961456800821,zero_shot_Model_C
N1.0_D0500_Q0.9,1.0,500,0.9,calibrated,2.0431,2.29800441180131,zero_shot_Model_C
N1.0_D0500_Q0.95,1.0,500,0.95,calibrated,2.1733,2.2799201964625366,zero_shot_Model_C
N1.0_D0500_Q1.0,1.0,500,1.0,calibrated,2.2572,2.261622095343296,zero_shot_Model_C
N1.0_D1000_Q0.05,1.0,1000,0.05,calibrated,0.5,2.562321634902879,zero_shot_Model_C
N1.0_D1000_Q0.1,1.0,1000,0.1,calibrated,0.5,2.5446204498539053,zero_shot_Model_C
N1.0_D1000_Q0.2,1.0,1000,0.2,calibrated,0.6605,2.5091926181535467,zero_shot_Model_C
N1.0_D1000_Q0.3,1.0,1000,0.3,calibrated,0.8357,2.4737272183873475,zero_shot_Model_C
N1.0_D1000_Q0.4,1.0,1000,0.4,calibrated,1.0525,2.438218800059763,zero_shot_Model_C
N1.0_D1000_Q0.5,1.0,1000,0.5,calibrated,1.2565,2.4026600644186376,zero_shot_Model_C
N1.0_D1000_Q0.6,1.0,1000,0.6,calibrated,1.407,2.367040727188804,zero_shot_Model_C
N1.0_D1000_Q0.7,1.0,1000,0.7,calibrated,1.6907,2.331345196317444,zero_shot_Model_C
N1.0_D1000_Q0.8,1.0,1000,0.8,calibrated,1.8615,2.295546937667022,zero_shot_Model_C
N1.0_D1000_Q0.9,1.0,1000,0.9,calibrated,1.9758,2.259589892667511,zero_shot_Model_C
N1.0_D1000_Q0.95,1.0,1000,0.95,calibrated,2.1305,2.2415056773287376,zero_shot_Model_C
N1.0_D1000_Q1.0,1.0,1000,1.0,calibrated,2.1409,2.223207576209497,zero_shot_Model_C
N1.0_D2000_Q0.05,1.0,2000,0.05,calibrated,0.5,2.5306811092956196,zero_shot_Model_C
N1.0_D2000_Q0.1,1.0,2000,0.1,calibrated,0.5,2.512979924246646,zero_shot_Model_C
N1.0_D2000_Q0.2,1.0,2000,0.2,calibrated,0.6467,2.4775520925462873,zero_shot_Model_C
N1.0_D2000_Q0.3,1.0,2000,0.3,calibrated,0.8314,2.442086692780088,zero_shot_Model_C
N1.0_D2000_Q0.4,1.0,2000,0.4,calibrated,1.0295,2.4065782744525035,zero_shot_Model_C
N1.0_D2000_Q0.5,1.0,2000,0.5,calibrated,1.2251,2.371019538811378,zero_shot_Model_C
N1.0_D2000_Q0.6,1.0,2000,0.6,calibrated,1.4304,2.3354002015815447,zero_shot_Model_C
N1.0_D2000_Q0.7,1.0,2000,0.7,calibrated,1.5995,2.2997046707101845,zero_shot_Model_C
N1.0_D2000_Q0.8,1.0,2000,0.8,calibrated,1.7725,2.2639064120597627,zero_shot_Model_C
N1.0_D2000_Q0.9,1.0,2000,0.9,calibrated,2.027,2.2279493670602517,zero_shot_Model_C
N1.0_D2000_Q0.95,1.0,2000,0.95,calibrated,2.0759,2.2098651517214782,zero_shot_Model_C
N1.0_D2000_Q1.0,1.0,2000,1.0,calibrated,2.2081,2.1915670506022376,zero_shot_Model_C
N2.8_D0005_Q0.05,2.8,5,0.05,calibrated,0.5,3.0167269322146835,zero_shot_Model_C
N2.8_D0005_Q0.1,2.8,5,0.1,calibrated,0.5,3.0017463003130653,zero_shot_Model_C
N2.8_D0005_Q0.2,2.8,5,0.2,calibrated,0.6798,2.971763488184545,zero_shot_Model_C
N2.8_D0005_Q0.3,2.8,5,0.3,calibrated,0.9253,2.9417488819493554,zero_shot_Model_C
N2.8_D0005_Q0.4,2.8,5,0.4,calibrated,1.2039,2.9116978688164767,zero_shot_Model_C
N2.8_D0005_Q0.5,2.8,5,0.5,calibrated,1.4628,2.881604271802895,zero_shot_Model_C
N2.8_D0005_Q0.6,2.8,5,0.6,calibrated,1.7229,2.8514593872574006,zero_shot_Model_C
N2.8_D0005_Q0.7,2.8,5,0.7,calibrated,2.0084,2.8212500195208774,zero_shot_Model_C
N2.8_D0005_Q0.8,2.8,5,0.8,calibrated,2.2056,2.7909537125743555,zero_shot_Model_C
N2.8_D0005_Q0.9,2.8,5,0.9,calibrated,2.4428,2.760523023673172,zero_shot_Model_C
N2.8_D0005_Q0.95,2.8,5,0.95,calibrated,2.6201,2.745218230662408,zero_shot_Model_C
N2.8_D0005_Q1.0,2.8,5,1.0,calibrated,2.721,2.729732424677807,zero_shot_Model_C
N2.8_D0020_Q0.05,2.8,20,0.05,calibrated,0.5,2.7625151520610407,zero_shot_Model_C
N2.8_D0020_Q0.1,2.8,20,0.1,calibrated,0.5,2.7475345201594226,zero_shot_Model_C
N2.8_D0020_Q0.2,2.8,20,0.2,calibrated,0.623,2.717551708030902,zero_shot_Model_C
N2.8_D0020_Q0.3,2.8,20,0.3,calibrated,0.8308,2.6875371017957126,zero_shot_Model_C
N2.8_D0020_Q0.4,2.8,20,0.4,calibrated,1.0678,2.657486088662834,zero_shot_Model_C
N2.8_D0020_Q0.5,2.8,20,0.5,calibrated,1.2966,2.6273924916492524,zero_shot_Model_C
N2.8_D0020_Q0.6,2.8,20,0.6,calibrated,1.5279,2.597247607103758,zero_shot_Model_C
N2.8_D0020_Q0.7,2.8,20,0.7,calibrated,1.7488,2.5670382393672346,zero_shot_Model_C
N2.8_D0020_Q0.8,2.8,20,0.8,calibrated,2.0341,2.5367419324207128,zero_shot_Model_C
N2.8_D0020_Q0.9,2.8,20,0.9,calibrated,2.2362,2.506311243519529,zero_shot_Model_C
N2.8_D0020_Q0.95,2.8,20,0.95,calibrated,2.3457,2.4910064505087655,zero_shot_Model_C
N2.8_D0020_Q1.0,2.8,20,1.0,calibrated,2.5073,2.475520644524164,zero_shot_Model_C
N2.8_D0050_Q0.05,2.8,50,0.05,calibrated,0.5,2.6412033111084066,zero_shot_Model_C
N2.8_D0050_Q0.95,2.8,50,0.95,calibrated,2.253,2.3696946095561313,zero_shot_Model_C
N2.8_D0100_Q0.05,2.8,100,0.05,calibrated,0.5,2.568026491616425,zero_shot_Model_C
N2.8_D0100_Q0.1,2.8,100,0.1,calibrated,0.5,2.553045859714807,zero_shot_Model_C
N2.8_D0100_Q0.2,2.8,100,0.2,calibrated,0.5671,2.5230630475862865,zero_shot_Model_C
N2.8_D0100_Q0.3,2.8,100,0.3,calibrated,0.7708,2.493048441351097,zero_shot_Model_C
N2.8_D0100_Q0.4,2.8,100,0.4,calibrated,0.9718,2.4629974282182183,zero_shot_Model_C
N2.8_D0100_Q0.5,2.8,100,0.5,calibrated,1.1999,2.4329038312046367,zero_shot_Model_C
N2.8_D0100_Q0.6,2.8,100,0.6,calibrated,1.4075,2.402758946659142,zero_shot_Model_C
N2.8_D0100_Q0.7,2.8,100,0.7,calibrated,1.6363,2.372549578922619,zero_shot_Model_C
N2.8_D0100_Q0.8,2.8,100,0.8,calibrated,1.8765,2.342253271976097,zero_shot_Model_C
N2.8_D0100_Q0.9,2.8,100,0.9,calibrated,2.0444,2.3118225830749135,zero_shot_Model_C
N2.8_D0100_Q0.95,2.8,100,0.95,calibrated,2.1982,2.29651779006415,zero_shot_Model_C
N2.8_D0100_Q1.0,2.8,100,1.0,calibrated,2.2588,2.2810319840795485,zero_shot_Model_C
N2.8_D0150_Q0.05,2.8,150,0.05,calibrated,0.5,2.5313586072921535,zero_shot_Model_C
N2.8_D0150_Q0.95,2.8,150,0.95,calibrated,2.1192,2.259849905739878,zero_shot_Model_C
N2.8_D0300_Q0.05,2.8,300,0.05,calibrated,0.5,2.477551737739785,zero_shot_Model_C
N2.8_D0300_Q0.95,2.8,300,0.95,calibrated,2.0528,2.2060430361875096,zero_shot_Model_C
N2.8_D0500_Q0.05,2.8,500,0.05,calibrated,0.5,2.4440704016935424,zero_shot_Model_C
N2.8_D0500_Q0.1,2.8,500,0.1,calibrated,0.5,2.4290897697919243,zero_shot_Model_C
N2.8_D0500_Q0.2,2.8,500,0.2,calibrated,0.5387,2.399106957663404,zero_shot_Model_C
N2.8_D0500_Q0.3,2.8,500,0.3,calibrated,0.7277,2.3690923514282143,zero_shot_Model_C
N2.8_D0500_Q0.4,2.8,500,0.4,calibrated,0.9045,2.3390413382953357,zero_shot_Model_C
N2.8_D0500_Q0.5,2.8,500,0.5,calibrated,1.16,2.308947741281754,zero_shot_Model_C
N2.8_D0500_Q0.6,2.8,500,0.6,calibrated,1.3308,2.2788028567362595,zero_shot_Model_C
N2.8_D0500_Q0.7,2.8,500,0.7,calibrated,1.5099,2.2485934889997363,zero_shot_Model_C
N2.8_D0500_Q0.8,2.8,500,0.8,calibrated,1.7571,2.2182971820532145,zero_shot_Model_C
N2.8_D0500_Q0.9,2.8,500,0.9,calibrated,1.9167,2.187866493152031,zero_shot_Model_C
N2.8_D0500_Q0.95,2.8,500,0.95,calibrated,2.0846,2.172561700141267,zero_shot_Model_C
N2.8_D0500_Q1.0,2.8,500,1.0,calibrated,2.1517,2.157075894156666,zero_shot_Model_C
N2.8_D1000_Q0.05,2.8,1000,0.05,calibrated,0.5,2.4056558825597434,zero_shot_Model_C
N2.8_D1000_Q0.1,2.8,1000,0.1,calibrated,0.5,2.3906752506581253,zero_shot_Model_C
N2.8_D1000_Q0.2,2.8,1000,0.2,calibrated,0.519,2.360692438529605,zero_shot_Model_C
N2.8_D1000_Q0.3,2.8,1000,0.3,calibrated,0.7239,2.3306778322944153,zero_shot_Model_C
N2.8_D1000_Q0.4,2.8,1000,0.4,calibrated,0.8987,2.3006268191615367,zero_shot_Model_C
N2.8_D1000_Q0.5,2.8,1000,0.5,calibrated,1.1398,2.270533222147955,zero_shot_Model_C
N2.8_D1000_Q0.6,2.8,1000,0.6,calibrated,1.3353,2.2403883376024605,zero_shot_Model_C
N2.8_D1000_Q0.7,2.8,1000,0.7,calibrated,1.5354,2.2101789698659373,zero_shot_Model_C
N2.8_D1000_Q0.8,2.8,1000,0.8,calibrated,1.6984,2.1798826629194155,zero_shot_Model_C
N2.8_D1000_Q0.9,2.8,1000,0.9,calibrated,1.9178,2.149451974018232,zero_shot_Model_C
N2.8_D1000_Q0.95,2.8,1000,0.95,calibrated,2.0038,2.134147181007468,zero_shot_Model_C
N2.8_D1000_Q1.0,2.8,1000,1.0,calibrated,2.1237,2.118661375022867,zero_shot_Model_C
N2.8_D2000_Q0.05,2.8,2000,0.05,calibrated,0.5,2.374015356952484,zero_shot_Model_C
N2.8_D2000_Q0.1,2.8,2000,0.1,calibrated,0.5,2.359034725050866,zero_shot_Model_C
N2.8_D2000_Q0.2,2.8,2000,0.2,calibrated,0.5242,2.3290519129223455,zero_shot_Model_C
N2.8_D2000_Q0.3,2.8,2000,0.3,calibrated,0.6887,2.299037306687156,zero_shot_Model_C
N2.8_D2000_Q0.4,2.8,2000,0.4,calibrated,0.9232,2.2689862935542773,zero_shot_Model_C
N2.8_D2000_Q0.5,2.8,2000,0.5,calibrated,1.1045,2.2388926965406957,zero_shot_Model_C
N2.8_D2000_Q0.6,2.8,2000,0.6,calibrated,1.2855,2.208747811995201,zero_shot_Model_C
N2.8_D2000_Q0.7,2.8,2000,0.7,calibrated,1.4788,2.178538444258678,zero_shot_Model_C
N2.8_D2000_Q0.8,2.8,2000,0.8,calibrated,1.6576,2.148242137312156,zero_shot_Model_C
N2.8_D2000_Q0.9,2.8,2000,0.9,calibrated,1.8775,2.1178114484109725,zero_shot_Model_C
N2.8_D2000_Q0.95,2.8,2000,0.95,calibrated,1.8822,2.1025066554002088,zero_shot_Model_C
N2.8_D2000_Q1.0,2.8,2000,1.0,calibrated,2.0839,2.0870208494156075,zero_shot_Model_C
N4.0_D0005_Q0.05,4.0,5,0.05,calibrated,0.5,2.9721222327253662,zero_shot_Model_C
N4.0_D0005_Q0.1,4.0,5,0.1,calibrated,0.5,2.957983036577856,zero_shot_Model_C
N4.0_D0005_Q0.2,4.0,5,0.2,calibrated,0.6084,2.9296843062890954,zero_shot_Model_C
N4.0_D0005_Q0.3,4.0,5,0.3,calibrated,0.8843,2.901355567712735,zero_shot_Model_C
N4.0_D0005_Q0.4,4.0,5,0.4,calibrated,1.1447,2.872992467150116,zero_shot_Model_C
N4.0_D0005_Q0.5,4.0,5,0.5,calibrated,1.3943,2.8445891745684997,zero_shot_Model_C
N4.0_D0005_Q0.6,4.0,5,0.6,calibrated,1.6246,2.8161374751854615,zero_shot_Model_C
N4.0_D0005_Q0.7,4.0,5,0.7,calibrated,1.9244,2.787624914518856,zero_shot_Model_C
N4.0_D0005_Q0.8,4.0,5,0.8,calibrated,2.1965,2.759030297864817,zero_shot_Model_C
N4.0_D0005_Q0.9,4.0,5,0.9,calibrated,2.4512,2.7303088472542307,zero_shot_Model_C
N4.0_D0005_Q0.95,4.0,5,0.95,calibrated,2.5824,2.715863697557117,zero_shot_Model_C
N4.0_D0005_Q1.0,4.0,5,1.0,calibrated,2.6973,2.701247702066639,zero_shot_Model_C
N4.0_D0020_Q0.05,4.0,20,0.05,calibrated,0.5,2.7179104525717235,zero_shot_Model_C
N4.0_D0020_Q0.1,4.0,20,0.1,calibrated,0.5,2.703771256424213,zero_shot_Model_C
N4.0_D0020_Q0.2,4.0,20,0.2,calibrated,0.5655,2.6754725261354526,zero_shot_Model_C
N4.0_D0020_Q0.3,4.0,20,0.3,calibrated,0.8094,2.6471437875590924,zero_shot_Model_C
N4.0_D0020_Q0.4,4.0,20,0.4,calibrated,1.0284,2.618780686996473,zero_shot_Model_C
N4.0_D0020_Q0.5,4.0,20,0.5,calibrated,1.2902,2.590377394414857,zero_shot_Model_C
N4.0_D0020_Q0.6,4.0,20,0.6,calibrated,1.5025,2.5619256950318188,zero_shot_Model_C
N4.0_D0020_Q0.7,4.0,20,0.7,calibrated,1.7203,2.533413134365213,zero_shot_Model_C
N4.0_D0020_Q0.8,4.0,20,0.8,calibrated,1.9253,2.504818517711174,zero_shot_Model_C
N4.0_D0020_Q0.9,4.0,20,0.9,calibrated,2.2398,2.476097067100588,zero_shot_Model_C
N4.0_D0020_Q0.95,4.0,20,0.95,calibrated,2.2806,2.4616519174034743,zero_shot_Model_C
N4.0_D0020_Q1.0,4.0,20,1.0,calibrated,2.4139,2.4470359219129962,zero_shot_Model_C
N4.0_D0050_Q0.05,4.0,50,0.05,calibrated,0.5,2.5965986116190893,zero_shot_Model_C
N4.0_D0050_Q0.95,4.0,50,0.95,calibrated,2.2424,2.34034007645084,zero_shot_Model_C
N4.0_D0100_Q0.05,4.0,100,0.05,calibrated,0.5,2.523421792127108,zero_shot_Model_C
N4.0_D0100_Q0.1,4.0,100,0.1,calibrated,0.5,2.5092825959795975,zero_shot_Model_C
N4.0_D0100_Q0.2,4.0,100,0.2,calibrated,0.5116,2.480983865690837,zero_shot_Model_C
N4.0_D0100_Q0.3,4.0,100,0.3,calibrated,0.722,2.4526551271144768,zero_shot_Model_C
N4.0_D0100_Q0.4,4.0,100,0.4,calibrated,0.9435,2.4242920265518575,zero_shot_Model_C
N4.0_D0100_Q0.5,4.0,100,0.5,calibrated,1.1487,2.3958887339702413,zero_shot_Model_C
N4.0_D0100_Q0.6,4.0,100,0.6,calibrated,1.3727,2.367437034587203,zero_shot_Model_C
N4.0_D0100_Q0.7,4.0,100,0.7,calibrated,1.6045,2.3389244739205974,zero_shot_Model_C
N4.0_D0100_Q0.8,4.0,100,0.8,calibrated,1.8522,2.3103298572665585,zero_shot_Model_C
N4.0_D0100_Q0.9,4.0,100,0.9,calibrated,2.1002,2.2816084066559723,zero_shot_Model_C
N4.0_D0100_Q0.95,4.0,100,0.95,calibrated,2.1195,2.2671632569588587,zero_shot_Model_C
N4.0_D0100_Q1.0,4.0,100,1.0,calibrated,2.2786,2.2525472614683806,zero_shot_Model_C
N4.0_D0150_Q0.05,4.0,150,0.05,calibrated,0.5,2.4867539078028362,zero_shot_Model_C
N4.0_D0150_Q0.95,4.0,150,0.95,calibrated,2.1044,2.230495372634587,zero_shot_Model_C
N4.0_D0300_Q0.05,4.0,300,0.05,calibrated,0.5,2.4329470382504677,zero_shot_Model_C
N4.0_D0300_Q0.95,4.0,300,0.95,calibrated,2.0785,2.1766885030822185,zero_shot_Model_C
N4.0_D0500_Q0.05,4.0,500,0.05,calibrated,0.5,2.399465702204225,zero_shot_Model_C
N4.0_D0500_Q0.1,4.0,500,0.1,calibrated,0.5,2.385326506056715,zero_shot_Model_C
N4.0_D0500_Q0.2,4.0,500,0.2,calibrated,0.5,2.3570277757679543,zero_shot_Model_C
N4.0_D0500_Q0.3,4.0,500,0.3,calibrated,0.6833,2.328699037191594,zero_shot_Model_C
N4.0_D0500_Q0.4,4.0,500,0.4,calibrated,0.888,2.300335936628975,zero_shot_Model_C
N4.0_D0500_Q0.5,4.0,500,0.5,calibrated,1.0678,2.2719326440473586,zero_shot_Model_C
N4.0_D0500_Q0.6,4.0,500,0.6,calibrated,1.2876,2.2434809446643205,zero_shot_Model_C
N4.0_D0500_Q0.7,4.0,500,0.7,calibrated,1.5155,2.214968383997715,zero_shot_Model_C
N4.0_D0500_Q0.8,4.0,500,0.8,calibrated,1.7157,2.186373767343676,zero_shot_Model_C
N4.0_D0500_Q0.9,4.0,500,0.9,calibrated,1.9644,2.1576523167330897,zero_shot_Model_C
N4.0_D0500_Q0.95,4.0,500,0.95,calibrated,1.9848,2.143207167035976,zero_shot_Model_C
N4.0_D0500_Q1.0,4.0,500,1.0,calibrated,2.1365,2.128591171545498,zero_shot_Model_C
N4.0_D1000_Q0.05,4.0,1000,0.05,calibrated,0.5,2.361051183070426,zero_shot_Model_C
N4.0_D1000_Q0.1,4.0,1000,0.1,calibrated,0.5,2.346911986922916,zero_shot_Model_C
N4.0_D1000_Q0.2,4.0,1000,0.2,calibrated,0.5,2.3186132566341553,zero_shot_Model_C
N4.0_D1000_Q0.3,4.0,1000,0.3,calibrated,0.6866,2.290284518057795,zero_shot_Model_C
N4.0_D1000_Q0.4,4.0,1000,0.4,calibrated,0.8604,2.261921417495176,zero_shot_Model_C
N4.0_D1000_Q0.5,4.0,1000,0.5,calibrated,1.1039,2.2335181249135596,zero_shot_Model_C
N4.0_D1000_Q0.6,4.0,1000,0.6,calibrated,1.2945,2.2050664255305215,zero_shot_Model_C
N4.0_D1000_Q0.7,4.0,1000,0.7,calibrated,1.4835,2.1765538648639158,zero_shot_Model_C
N4.0_D1000_Q0.8,4.0,1000,0.8,calibrated,1.7176,2.147959248209877,zero_shot_Model_C
N4.0_D1000_Q0.9,4.0,1000,0.9,calibrated,1.8943,2.1192377975992907,zero_shot_Model_C
N4.0_D1000_Q0.95,4.0,1000,0.95,calibrated,1.9293,2.104792647902177,zero_shot_Model_C
N4.0_D1000_Q1.0,4.0,1000,1.0,calibrated,2.1308,2.090176652411699,zero_shot_Model_C
N4.0_D2000_Q0.05,4.0,2000,0.05,calibrated,0.5,2.329410657463167,zero_shot_Model_C
N4.0_D2000_Q0.1,4.0,2000,0.1,calibrated,0.5,2.3152714613156564,zero_shot_Model_C
N4.0_D2000_Q0.2,4.0,2000,0.2,calibrated,0.5,2.286972731026896,zero_shot_Model_C
N4.0_D2000_Q0.3,4.0,2000,0.3,calibrated,0.642,2.2586439924505357,zero_shot_Model_C
N4.0_D2000_Q0.4,4.0,2000,0.4,calibrated,0.8502,2.2302808918879165,zero_shot_Model_C
N4.0_D2000_Q0.5,4.0,2000,0.5,calibrated,1.0844,2.2018775993063002,zero_shot_Model_C
N4.0_D2000_Q0.6,4.0,2000,0.6,calibrated,1.281,2.173425899923262,zero_shot_Model_C
N4.0_D2000_Q0.7,4.0,2000,0.7,calibrated,1.4643,2.1449133392566564,zero_shot_Model_C
N4.0_D2000_Q0.8,4.0,2000,0.8,calibrated,1.6704,2.1163187226026174,zero_shot_Model_C
N4.0_D2000_Q0.9,4.0,2000,0.9,calibrated,1.8145,2.0875972719920313,zero_shot_Model_C
N4.0_D2000_Q0.95,4.0,2000,0.95,calibrated,1.9664,2.0731521222949176,zero_shot_Model_C
N4.0_D2000_Q1.0,4.0,2000,1.0,calibrated,2.0978,2.0585361268044395,zero_shot_Model_C
N6.9_D0005_Q0.05,6.9,5,0.05,calibrated,0.5,2.9118287781000505,zero_shot_Model_C
N6.9_D0005_Q0.1,6.9,5,0.1,calibrated,0.5,2.8988854006015092,zero_shot_Model_C
N6.9_D0005_Q0.2,6.9,5,0.2,calibrated,0.5546,2.872980027690947,zero_shot_Model_C
N6.9_D0005_Q0.3,6.9,5,0.3,calibrated,0.7947,2.847047184435506,zero_shot_Model_C
N6.9_D0005_Q0.4,6.9,5,0.4,calibrated,1.0436,2.8210828853494005,zero_shot_Model_C
N6.9_D0005_Q0.5,6.9,5,0.5,calibrated,1.3381,2.7950817934733174,zero_shot_Model_C
N6.9_D0005_Q0.6,6.9,5,0.6,calibrated,1.6422,2.7690363887878098,zero_shot_Model_C
N6.9_D0005_Q0.7,6.9,5,0.7,calibrated,1.8729,2.742935270145155,zero_shot_Model_C
N6.9_D0005_Q0.8,6.9,5,0.8,calibrated,2.1078,2.716759035377772,zero_shot_Model_C
N6.9_D0005_Q0.9,6.9,5,0.9,calibrated,2.465,2.690466693601045,zero_shot_Model_C
N6.9_D0005_Q0.95,6.9,5,0.95,calibrated,2.5263,2.6772432384907203,zero_shot_Model_C
N6.9_D0005_Q1.0,6.9,5,1.0,calibrated,2.633,2.6638633868233006,zero_shot_Model_C
N6.9_D0020_Q0.05,6.9,20,0.05,calibrated,0.5,2.6576169979464077,zero_shot_Model_C
N6.9_D0020_Q0.1,6.9,20,0.1,calibrated,0.5,2.6446736204478665,zero_shot_Model_C
N6.9_D0020_Q0.2,6.9,20,0.2,calibrated,0.5,2.618768247537304,zero_shot_Model_C
N6.9_D0020_Q0.3,6.9,20,0.3,calibrated,0.7321,2.592835404281863,zero_shot_Model_C
N6.9_D0020_Q0.4,6.9,20,0.4,calibrated,0.9636,2.566871105195758,zero_shot_Model_C
N6.9_D0020_Q0.5,6.9,20,0.5,calibrated,1.2142,2.5408700133196747,zero_shot_Model_C
N6.9_D0020_Q0.6,6.9,20,0.6,calibrated,1.4457,2.514824608634167,zero_shot_Model_C
N6.9_D0020_Q0.7,6.9,20,0.7,calibrated,1.6657,2.488723489991512,zero_shot_Model_C
N6.9_D0020_Q0.8,6.9,20,0.8,calibrated,1.9664,2.462547255224129,zero_shot_Model_C
N6.9_D0020_Q0.9,6.9,20,0.9,calibrated,2.1852,2.436254913447402,zero_shot_Model_C
N6.9_D0020_Q0.95,6.9,20,0.95,calibrated,2.2902,2.4230314583370776,zero_shot_Model_C
N6.9_D0020_Q1.0,6.9,20,1.0,calibrated,2.4144,2.409651606669658,zero_shot_Model_C
N6.9_D0050_Q0.05,6.9,50,0.05,calibrated,0.5,2.5363051569937736,zero_shot_Model_C
N6.9_D0050_Q0.95,6.9,50,0.95,calibrated,2.1785,2.3017196173844434,zero_shot_Model_C
N6.9_D0100_Q0.05,6.9,100,0.05,calibrated,0.5,2.4631283375017916,zero_shot_Model_C
N6.9_D0100_Q0.1,6.9,100,0.1,calibrated,0.5,2.4501849600032504,zero_shot_Model_C
N6.9_D0100_Q0.2,6.9,100,0.2,calibrated,0.5,2.424279587092688,zero_shot_Model_C
N6.9_D0100_Q0.3,6.9,100,0.3,calibrated,0.6647,2.398346743837247,zero_shot_Model_C
N6.9_D0100_Q0.4,6.9,100,0.4,calibrated,0.882,2.3723824447511417,zero_shot_Model_C
N6.9_D0100_Q0.5,6.9,100,0.5,calibrated,1.1201,2.3463813528750586,zero_shot_Model_C
N6.9_D0100_Q0.6,6.9,100,0.6,calibrated,1.3304,2.320335948189551,zero_shot_Model_C
N6.9_D0100_Q0.7,6.9,100,0.7,calibrated,1.5242,2.294234829546896,zero_shot_Model_C
N6.9_D0100_Q0.8,6.9,100,0.8,calibrated,1.818,2.268058594779513,zero_shot_Model_C
N6.9_D0100_Q0.9,6.9,100,0.9,calibrated,1.9399,2.241766253002786,zero_shot_Model_C
N6.9_D0100_Q0.95,6.9,100,0.95,calibrated,2.1119,2.2285427978924615,zero_shot_Model_C
N6.9_D0100_Q1.0,6.9,100,1.0,calibrated,2.2368,2.2151629462250417,zero_shot_Model_C
N6.9_D0150_Q0.05,6.9,150,0.05,calibrated,0.5,2.42646045317752,zero_shot_Model_C
N6.9_D0150_Q0.95,6.9,150,0.95,calibrated,2.0784,2.19187491356819,zero_shot_Model_C
N6.9_D0300_Q0.05,6.9,300,0.05,calibrated,0.5,2.3726535836251514,zero_shot_Model_C
N6.9_D0300_Q0.95,6.9,300,0.95,calibrated,1.98,2.1380680440158213,zero_shot_Model_C
N6.9_D0500_Q0.05,6.9,500,0.05,calibrated,0.5,2.3391722475789094,zero_shot_Model_C
N6.9_D0500_Q0.1,6.9,500,0.1,calibrated,0.5,2.326228870080368,zero_shot_Model_C
N6.9_D0500_Q0.2,6.9,500,0.2,calibrated,0.5,2.300323497169806,zero_shot_Model_C
N6.9_D0500_Q0.3,6.9,500,0.3,calibrated,0.6224,2.274390653914365,zero_shot_Model_C
N6.9_D0500_Q0.4,6.9,500,0.4,calibrated,0.8513,2.2484263548282595,zero_shot_Model_C
N6.9_D0500_Q0.5,6.9,500,0.5,calibrated,1.0567,2.2224252629521764,zero_shot_Model_C
N6.9_D0500_Q0.6,6.9,500,0.6,calibrated,1.2524,2.1963798582666687,zero_shot_Model_C
N6.9_D0500_Q0.7,6.9,500,0.7,calibrated,1.4759,2.1702787396240137,zero_shot_Model_C
N6.9_D0500_Q0.8,6.9,500,0.8,calibrated,1.6838,2.144102504856631,zero_shot_Model_C
N6.9_D0500_Q0.9,6.9,500,0.9,calibrated,1.9071,2.1178101630799038,zero_shot_Model_C
N6.9_D0500_Q0.95,6.9,500,0.95,calibrated,1.9975,2.1045867079695793,zero_shot_Model_C
N6.9_D0500_Q1.0,6.9,500,1.0,calibrated,2.1285,2.0912068563021595,zero_shot_Model_C
N6.9_D1000_Q0.05,6.9,1000,0.05,calibrated,0.5,2.30075772844511,zero_shot_Model_C
N6.9_D1000_Q0.1,6.9,1000,0.1,calibrated,0.5,2.2878143509465687,zero_shot_Model_C
N6.9_D1000_Q0.2,6.9,1000,0.2,calibrated,0.5,2.2619089780360064,zero_shot_Model_C
N6.9_D1000_Q0.3,6.9,1000,0.3,calibrated,0.6085,2.2359761347805653,zero_shot_Model_C
N6.9_D1000_Q0.4,6.9,1000,0.4,calibrated,0.8559,2.21001183569446,zero_shot_Model_C
N6.9_D1000_Q0.5,6.9,1000,0.5,calibrated,1.0114,2.184010743818377,zero_shot_Model_C
N6.9_D1000_Q0.6,6.9,1000,0.6,calibrated,1.2482,2.1579653391328693,zero_shot_Model_C
N6.9_D1000_Q0.7,6.9,1000,0.7,calibrated,1.4349,2.1318642204902143,zero_shot_Model_C
N6.9_D1000_Q0.8,6.9,1000,0.8,calibrated,1.6614,2.1056879857228314,zero_shot_Model_C
N6.9_D1000_Q0.9,6.9,1000,0.9,calibrated,1.837,2.0793956439461043,zero_shot_Model_C
N6.9_D1000_Q0.95,6.9,1000,0.95,calibrated,1.9432,2.06617218883578,zero_shot_Model_C
N6.9_D1000_Q1.0,6.9,1000,1.0,calibrated,2.0548,2.05279233716836,zero_shot_Model_C
N6.9_D2000_Q0.05,6.9,2000,0.05,calibrated,0.5,2.2691172028378506,zero_shot_Model_C
N6.9_D2000_Q0.1,6.9,2000,0.1,calibrated,0.5,2.2561738253393093,zero_shot_Model_C
N6.9_D2000_Q0.2,6.9,2000,0.2,calibrated,0.5,2.230268452428747,zero_shot_Model_C
N6.9_D2000_Q0.3,6.9,2000,0.3,calibrated,0.6165,2.204335609173306,zero_shot_Model_C
N6.9_D2000_Q0.4,6.9,2000,0.4,calibrated,0.8294,2.1783713100872006,zero_shot_Model_C
N6.9_D2000_Q0.5,6.9,2000,0.5,calibrated,1.005,2.1523702182111175,zero_shot_Model_C
N6.9_D2000_Q0.6,6.9,2000,0.6,calibrated,1.2332,2.12632481352561,zero_shot_Model_C
N6.9_D2000_Q0.7,6.9,2000,0.7,calibrated,1.4283,2.100223694882955,zero_shot_Model_C
N6.9_D2000_Q0.8,6.9,2000,0.8,calibrated,1.651,2.074047460115572,zero_shot_Model_C
N6.9_D2000_Q0.9,6.9,2000,0.9,calibrated,1.8064,2.047755118338845,zero_shot_Model_C
N6.9_D2000_Q0.95,6.9,2000,0.95,calibrated,1.9399,2.0345316632285204,zero_shot_Model_C
N6.9_D2000_Q1.0,6.9,2000,1.0,calibrated,1.9935,2.0211518115611007,zero_shot_Model_C
N12_D0005_Q0.05,12.0,5,0.05,calibrated,0.5,2.859075887660101,zero_shot_Model_C
N12_D0005_Q0.1,12.0,5,0.1,calibrated,0.5,2.8472428490195245,zero_shot_Model_C
N12_D0005_Q0.2,12.0,5,0.2,calibrated,0.5,2.8235597509499697,zero_shot_Model_C
N12_D0005_Q0.3,12.0,5,0.3,calibrated,0.7234,2.7998515390604353,zero_shot_Model_C
N12_D0005_Q0.4,12.0,5,0.4,calibrated,1.0113,2.776114569757331,zero_shot_Model_C
N12_D0005_Q0.5,12.0,5,0.5,calibrated,1.2841,2.7523439639087766,zero_shot_Model_C
N12_D0005_Q0.6,12.0,5,0.6,calibrated,1.5682,2.7285328465950927,zero_shot_Model_C
N12_D0005_Q0.7,12.0,5,0.7,calibrated,1.7793,2.7046707947082793,zero_shot_Model_C
N12_D0005_Q0.8,12.0,5,0.8,calibrated,2.0752,2.680740070482539,zero_shot_Model_C
N12_D0005_Q0.9,12.0,5,0.9,calibrated,2.3423,2.6567031994084847,zero_shot_Model_C
N12_D0005_Q0.95,12.0,5,0.95,calibrated,2.4625,2.644614109424048,zero_shot_Model_C
N12_D0005_Q1.0,12.0,5,1.0,calibrated,2.701,2.6323820392550674,zero_shot_Model_C
N12_D0020_Q0.05,12.0,20,0.05,calibrated,0.5,2.604864107506458,zero_shot_Model_C
N12_D0020_Q0.1,12.0,20,0.1,calibrated,0.5,2.5930310688658817,zero_shot_Model_C
N12_D0020_Q0.2,12.0,20,0.2,calibrated,0.5,2.569347970796327,zero_shot_Model_C
N12_D0020_Q0.3,12.0,20,0.3,calibrated,0.6648,2.5456397589067925,zero_shot_Model_C
N12_D0020_Q0.4,12.0,20,0.4,calibrated,0.9074,2.521902789603688,zero_shot_Model_C
N12_D0020_Q0.5,12.0,20,0.5,calibrated,1.1529,2.498132183755134,zero_shot_Model_C
N12_D0020_Q0.6,12.0,20,0.6,calibrated,1.4022,2.47432106644145,zero_shot_Model_C
N12_D0020_Q0.7,12.0,20,0.7,calibrated,1.6378,2.4504590145546365,zero_shot_Model_C
N12_D0020_Q0.8,12.0,20,0.8,calibrated,1.9488,2.4265282903288963,zero_shot_Model_C
N12_D0020_Q0.9,12.0,20,0.9,calibrated,2.1859,2.402491419254842,zero_shot_Model_C
N12_D0020_Q0.95,12.0,20,0.95,calibrated,2.2362,2.390402329270405,zero_shot_Model_C
N12_D0020_Q1.0,12.0,20,1.0,calibrated,2.3472,2.3781702591014247,zero_shot_Model_C
N12_D0050_Q0.05,12.0,50,0.05,calibrated,0.5,2.483552266553824,zero_shot_Model_C
N12_D0050_Q0.1,12.0,50,0.1,calibrated,0.5,2.4717192279132476,zero_shot_Model_C
N12_D0050_Q0.2,12.0,50,0.2,calibrated,0.5,2.448036129843693,zero_shot_Model_C
N12_D0050_Q0.3,12.0,50,0.3,calibrated,0.6406,2.4243279179541584,zero_shot_Model_C
N12_D0050_Q0.4,12.0,50,0.4,calibrated,0.8712,2.400590948651054,zero_shot_Model_C
N12_D0050_Q0.5,12.0,50,0.5,calibrated,1.1272,2.3768203428024997,zero_shot_Model_C
N12_D0050_Q0.6,12.0,50,0.6,calibrated,1.3567,2.3530092254888157,zero_shot_Model_C
N12_D0050_Q0.7,12.0,50,0.7,calibrated,1.542,2.3291471736020024,zero_shot_Model_C
N12_D0050_Q0.8,12.0,50,0.8,calibrated,1.7878,2.305216449376262,zero_shot_Model_C
N12_D0050_Q0.9,12.0,50,0.9,calibrated,2.0117,2.2811795783022077,zero_shot_Model_C
N12_D0050_Q0.95,12.0,50,0.95,calibrated,2.1497,2.269090488317771,zero_shot_Model_C
N12_D0050_Q1.0,12.0,50,1.0,calibrated,2.2387,2.2568584181487905,zero_shot_Model_C
N12_D0100_Q0.05,12.0,100,0.05,calibrated,0.5,2.4103754470618424,zero_shot_Model_C
N12_D0100_Q0.1,12.0,100,0.1,calibrated,0.5,2.398542408421266,zero_shot_Model_C
N12_D0100_Q0.2,12.0,100,0.2,calibrated,0.5,2.3748593103517113,zero_shot_Model_C
N12_D0100_Q0.3,12.0,100,0.3,calibrated,0.6166,2.351151098462177,zero_shot_Model_C
N12_D0100_Q0.4,12.0,100,0.4,calibrated,0.8496,2.3274141291590724,zero_shot_Model_C
N12_D0100_Q0.5,12.0,100,0.5,calibrated,1.0745,2.303643523310518,zero_shot_Model_C
N12_D0100_Q0.6,12.0,100,0.6,calibrated,1.3174,2.2798324059968342,zero_shot_Model_C
N12_D0100_Q0.7,12.0,100,0.7,calibrated,1.5083,2.255970354110021,zero_shot_Model_C
N12_D0100_Q0.8,12.0,100,0.8,calibrated,1.762,2.2320396298842806,zero_shot_Model_C
N12_D0100_Q0.9,12.0,100,0.9,calibrated,1.9734,2.2080027588102262,zero_shot_Model_C
N12_D0100_Q0.95,12.0,100,0.95,calibrated,2.0303,2.1959136688257894,zero_shot_Model_C
N12_D0100_Q1.0,12.0,100,1.0,calibrated,2.2111,2.183681598656809,zero_shot_Model_C
N12_D0150_Q0.05,12.0,150,0.05,calibrated,0.5,2.3737075627375708,zero_shot_Model_C
N12_D0150_Q0.1,12.0,150,0.1,calibrated,0.5,2.3618745240969945,zero_shot_Model_C
N12_D0150_Q0.2,12.0,150,0.2,calibrated,0.5,2.3381914260274397,zero_shot_Model_C
N12_D0150_Q0.3,12.0,150,0.3,calibrated,0.5971,2.3144832141379053,zero_shot_Model_C
N12_D0150_Q0.4,12.0,150,0.4,calibrated,0.8028,2.290746244834801,zero_shot_Model_C
N12_D0150_Q0.5,12.0,150,0.5,calibrated,1.04,2.2669756389862465,zero_shot_Model_C
N12_D0150_Q0.6,12.0,150,0.6,calibrated,1.2578,2.2431645216725626,zero_shot_Model_C
N12_D0150_Q0.7,12.0,150,0.7,calibrated,1.4982,2.2193024697857493,zero_shot_Model_C
N12_D0150_Q0.8,12.0,150,0.8,calibrated,1.6931,2.195371745560009,zero_shot_Model_C
N12_D0150_Q0.9,12.0,150,0.9,calibrated,2.013,2.1713348744859546,zero_shot_Model_C
N12_D0150_Q0.95,12.0,150,0.95,calibrated,2.0249,2.159245784501518,zero_shot_Model_C
N12_D0150_Q1.0,12.0,150,1.0,calibrated,2.0668,2.1470137143325374,zero_shot_Model_C
N12_D0300_Q0.05,12.0,300,0.05,calibrated,0.5,2.319900693185202,zero_shot_Model_C
N12_D0300_Q0.1,12.0,300,0.1,calibrated,0.5,2.308067654544626,zero_shot_Model_C
N12_D0300_Q0.2,12.0,300,0.2,calibrated,0.5,2.284384556475071,zero_shot_Model_C
N12_D0300_Q0.3,12.0,300,0.3,calibrated,0.5782,2.2606763445855367,zero_shot_Model_C
N12_D0300_Q0.4,12.0,300,0.4,calibrated,0.7936,2.2369393752824323,zero_shot_Model_C
N12_D0300_Q0.5,12.0,300,0.5,calibrated,0.9871,2.213168769433878,zero_shot_Model_C
N12_D0300_Q0.6,12.0,300,0.6,calibrated,1.2252,2.189357652120194,zero_shot_Model_C
N12_D0300_Q0.7,12.0,300,0.7,calibrated,1.4255,2.1654956002333807,zero_shot_Model_C
N12_D0300_Q0.8,12.0,300,0.8,calibrated,1.6725,2.1415648760076404,zero_shot_Model_C
N12_D0300_Q0.9,12.0,300,0.9,calibrated,1.8741,2.117528004933586,zero_shot_Model_C
N12_D0300_Q0.95,12.0,300,0.95,calibrated,1.9887,2.1054389149491493,zero_shot_Model_C
N12_D0300_Q1.0,12.0,300,1.0,calibrated,2.0381,2.093206844780169,zero_shot_Model_C
N12_D0500_Q0.05,12.0,500,0.05,calibrated,0.5,2.2864193571389597,zero_shot_Model_C
N12_D0500_Q0.1,12.0,500,0.1,calibrated,0.5,2.2745863184983834,zero_shot_Model_C
N12_D0500_Q0.2,12.0,500,0.2,calibrated,0.5,2.2509032204288286,zero_shot_Model_C
N12_D0500_Q0.3,12.0,500,0.3,calibrated,0.558,2.227195008539294,zero_shot_Model_C
N12_D0500_Q0.4,12.0,500,0.4,calibrated,0.7966,2.2034580392361898,zero_shot_Model_C
N12_D0500_Q0.5,12.0,500,0.5,calibrated,0.9859,2.1796874333876355,zero_shot_Model_C
N12_D0500_Q0.6,12.0,500,0.6,calibrated,1.2293,2.1558763160739516,zero_shot_Model_C
N12_D0500_Q0.7,12.0,500,0.7,calibrated,1.4001,2.1320142641871382,zero_shot_Model_C
N12_D0500_Q0.8,12.0,500,0.8,calibrated,1.6431,2.108083539961398,zero_shot_Model_C
N12_D0500_Q0.9,12.0,500,0.9,calibrated,1.8108,2.0840466688873436,zero_shot_Model_C
N12_D0500_Q0.95,12.0,500,0.95,calibrated,1.9414,2.0719575789029068,zero_shot_Model_C
N12_D0500_Q1.0,12.0,500,1.0,calibrated,2.0759,2.0597255087339263,zero_shot_Model_C
N12_D1000_Q0.05,12.0,1000,0.05,calibrated,0.5,2.2480048380051607,zero_shot_Model_C
N12_D1000_Q0.1,12.0,1000,0.1,calibrated,0.5,2.2361717993645844,zero_shot_Model_C
N12_D1000_Q0.2,12.0,1000,0.2,calibrated,0.5,2.2124887012950296,zero_shot_Model_C
N12_D1000_Q0.3,12.0,1000,0.3,calibrated,0.544,2.188780489405495,zero_shot_Model_C
N12_D1000_Q0.4,12.0,1000,0.4,calibrated,0.7804,2.1650435201023908,zero_shot_Model_C
N12_D1000_Q0.5,12.0,1000,0.5,calibrated,0.9814,2.1412729142538365,zero_shot_Model_C
N12_D1000_Q0.6,12.0,1000,0.6,calibrated,1.193,2.1174617969401526,zero_shot_Model_C
N12_D1000_Q0.7,12.0,1000,0.7,calibrated,1.4183,2.0935997450533392,zero_shot_Model_C
N12_D1000_Q0.8,12.0,1000,0.8,calibrated,1.5722,2.069669020827599,zero_shot_Model_C
N12_D1000_Q0.9,12.0,1000,0.9,calibrated,1.826,2.0456321497535446,zero_shot_Model_C
N12_D1000_Q0.95,12.0,1000,0.95,calibrated,1.9075,2.0335430597691078,zero_shot_Model_C
N12_D1000_Q1.0,12.0,1000,1.0,calibrated,2.0468,2.0213109896001273,zero_shot_Model_C
N12_D2000_Q0.05,12.0,2000,0.05,calibrated,0.5,2.2163643123979013,zero_shot_Model_C
N12_D2000_Q0.1,12.0,2000,0.1,calibrated,0.5,2.204531273757325,zero_shot_Model_C
N12_D2000_Q0.2,12.0,2000,0.2,calibrated,0.5,2.1808481756877702,zero_shot_Model_C
N12_D2000_Q0.3,12.0,2000,0.3,calibrated,0.5484,2.157139963798236,zero_shot_Model_C
N12_D2000_Q0.4,12.0,2000,0.4,calibrated,0.7469,2.1334029944951314,zero_shot_Model_C
N12_D2000_Q0.5,12.0,2000,0.5,calibrated,0.9661,2.109632388646577,zero_shot_Model_C
N12_D2000_Q0.6,12.0,2000,0.6,calibrated,1.1885,2.085821271332893,zero_shot_Model_C
N12_D2000_Q0.7,12.0,2000,0.7,calibrated,1.3664,2.06195921944608,zero_shot_Model_C
N12_D2000_Q0.8,12.0,2000,0.8,calibrated,1.6065,2.0380284952203396,zero_shot_Model_C
N12_D2000_Q0.9,12.0,2000,0.9,calibrated,1.7583,2.013991624146285,zero_shot_Model_C
N12_D2000_Q0.95,12.0,2000,0.95,calibrated,1.9375,2.0019025341618484,zero_shot_Model_C
N12_D2000_Q1.0,12.0,2000,1.0,calibrated,1.9695,1.989670463992868,zero_shot_Model_C
N20_D0005_Q0.05,20.0,5,0.05,extrapolated,0.5,2.816817687306619,zero_shot_Model_C
N20_D0005_Q0.1,20.0,5,0.1,extrapolated,0.5,2.8059248602801534,zero_shot_Model_C
N20_D0005_Q0.2,20.0,5,0.2,extrapolated,0.5,2.784123537850777,zero_shot_Model_C
N20_D0005_Q0.3,20.0,5,0.3,extrapolated,0.6738,2.76229909705719,zero_shot_Model_C
N20_D0005_Q0.4,20.0,5,0.4,extrapolated,0.9583,2.7404481838129273,zero_shot_Model_C
N20_D0005_Q0.5,20.0,5,0.5,extrapolated,1.2067,2.7185663066647616,zero_shot_Model_C
N20_D0005_Q0.6,20.0,5,0.6,extrapolated,1.5155,2.6966471369499403,zero_shot_Model_C
N20_D0005_Q0.7,20.0,5,0.7,extrapolated,1.7701,2.6746810797439493,zero_shot_Model_C
N20_D0005_Q0.8,20.0,5,0.8,extrapolated,2.0429,2.6526518066614493,zero_shot_Model_C
N20_D0005_Q0.9,20.0,5,0.9,extrapolated,2.3981,2.6305248207857086,zero_shot_Model_C
N20_D0005_Q0.95,20.0,5,0.95,extrapolated,2.5077,2.619396287354212,zero_shot_Model_C
N20_D0005_Q1.0,20.0,5,1.0,extrapolated,2.5772,2.608136134440539,zero_shot_Model_C
N20_D0020_Q0.05,20.0,20,0.05,extrapolated,0.5,2.562605907152976,zero_shot_Model_C
N20_D0020_Q0.1,20.0,20,0.1,extrapolated,0.5,2.55171308012651,zero_shot_Model_C
N20_D0020_Q0.2,20.0,20,0.2,extrapolated,0.5,2.5299117576971337,zero_shot_Model_C
N20_D0020_Q0.3,20.0,20,0.3,extrapolated,0.5948,2.5080873169035467,zero_shot_Model_C
N20_D0020_Q0.4,20.0,20,0.4,extrapolated,0.8354,2.4862364036592846,zero_shot_Model_C
N20_D0020_Q0.5,20.0,20,0.5,extrapolated,1.0991,2.4643545265111184,zero_shot_Model_C
N20_D0020_Q0.6,20.0,20,0.6,extrapolated,1.3714,2.442435356796297,zero_shot_Model_C
N20_D0020_Q0.7,20.0,20,0.7,extrapolated,1.6057,2.420469299590306,zero_shot_Model_C
N20_D0020_Q0.8,20.0,20,0.8,extrapolated,1.8837,2.398440026507806,zero_shot_Model_C
N20_D0020_Q0.9,20.0,20,0.9,extrapolated,2.0254,2.3763130406320654,zero_shot_Model_C
N20_D0020_Q0.95,20.0,20,0.95,extrapolated,2.2272,2.365184507200569,zero_shot_Model_C
N20_D0020_Q1.0,20.0,20,1.0,extrapolated,2.3884,2.353924354286896,zero_shot_Model_C
N20_D0050_Q0.05,20.0,50,0.05,extrapolated,0.5,2.441294066200342,zero_shot_Model_C
N20_D0050_Q0.1,20.0,50,0.1,extrapolated,0.5,2.4304012391738765,zero_shot_Model_C
N20_D0050_Q0.2,20.0,50,0.2,extrapolated,0.5,2.4085999167445,zero_shot_Model_C
N20_D0050_Q0.3,20.0,50,0.3,extrapolated,0.5672,2.386775475950913,zero_shot_Model_C
N20_D0050_Q0.4,20.0,50,0.4,extrapolated,0.8172,2.3649245627066504,zero_shot_Model_C
N20_D0050_Q0.5,20.0,50,0.5,extrapolated,1.0322,2.3430426855584847,zero_shot_Model_C
N20_D0050_Q0.6,20.0,50,0.6,extrapolated,1.2838,2.3211235158436634,zero_shot_Model_C
N20_D0050_Q0.7,20.0,50,0.7,extrapolated,1.5601,2.2991574586376724,zero_shot_Model_C
N20_D0050_Q0.8,20.0,50,0.8,extrapolated,1.8085,2.2771281855551724,zero_shot_Model_C
N20_D0050_Q0.9,20.0,50,0.9,extrapolated,2.0156,2.2550011996794317,zero_shot_Model_C
N20_D0050_Q0.95,20.0,50,0.95,extrapolated,2.0825,2.243872666247935,zero_shot_Model_C
N20_D0050_Q1.0,20.0,50,1.0,extrapolated,2.2835,2.2326125133342622,zero_shot_Model_C
N20_D0100_Q0.05,20.0,100,0.05,extrapolated,0.5,2.36811724670836,zero_shot_Model_C
N20_D0100_Q0.1,20.0,100,0.1,extrapolated,0.5,2.3572244196818946,zero_shot_Model_C
N20_D0100_Q0.2,20.0,100,0.2,extrapolated,0.5,2.335423097252518,zero_shot_Model_C
N20_D0100_Q0.3,20.0,100,0.3,extrapolated,0.5564,2.313598656458931,zero_shot_Model_C
N20_D0100_Q0.4,20.0,100,0.4,extrapolated,0.793,2.2917477432146685,zero_shot_Model_C
N20_D0100_Q0.5,20.0,100,0.5,extrapolated,0.9903,2.2698658660665028,zero_shot_Model_C
N20_D0100_Q0.6,20.0,100,0.6,extrapolated,1.2411,2.2479466963516814,zero_shot_Model_C
N20_D0100_Q0.7,20.0,100,0.7,extrapolated,1.4352,2.2259806391456904,zero_shot_Model_C
N20_D0100_Q0.8,20.0,100,0.8,extrapolated,1.7346,2.2039513660631904,zero_shot_Model_C
N20_D0100_Q0.9,20.0,100,0.9,extrapolated,1.9249,2.1818243801874497,zero_shot_Model_C
N20_D0100_Q0.95,20.0,100,0.95,extrapolated,2.0146,2.170695846755953,zero_shot_Model_C
N20_D0100_Q1.0,20.0,100,1.0,extrapolated,2.1626,2.1594356938422803,zero_shot_Model_C
N20_D0150_Q0.05,20.0,150,0.05,extrapolated,0.5,2.3314493623840886,zero_shot_Model_C
N20_D0150_Q0.1,20.0,150,0.1,extrapolated,0.5,2.320556535357623,zero_shot_Model_C
N20_D0150_Q0.2,20.0,150,0.2,extrapolated,0.5,2.2987552129282465,zero_shot_Model_C
N20_D0150_Q0.3,20.0,150,0.3,extrapolated,0.5609,2.2769307721346594,zero_shot_Model_C
N20_D0150_Q0.4,20.0,150,0.4,extrapolated,0.7726,2.2550798588903973,zero_shot_Model_C
N20_D0150_Q0.5,20.0,150,0.5,extrapolated,1.0014,2.233197981742231,zero_shot_Model_C
N20_D0150_Q0.6,20.0,150,0.6,extrapolated,1.2131,2.21127881202741,zero_shot_Model_C
N20_D0150_Q0.7,20.0,150,0.7,extrapolated,1.4349,2.189312754821419,zero_shot_Model_C
N20_D0150_Q0.8,20.0,150,0.8,extrapolated,1.6867,2.167283481738919,zero_shot_Model_C
N20_D0150_Q0.9,20.0,150,0.9,extrapolated,1.9415,2.145156495863178,zero_shot_Model_C
N20_D0150_Q0.95,20.0,150,0.95,extrapolated,1.9787,2.1340279624316816,zero_shot_Model_C
N20_D0150_Q1.0,20.0,150,1.0,extrapolated,2.202,2.1227678095180087,zero_shot_Model_C
N20_D0300_Q0.05,20.0,300,0.05,extrapolated,0.5,2.27764249283172,zero_shot_Model_C
N20_D0300_Q0.1,20.0,300,0.1,extrapolated,0.5,2.2667496658052544,zero_shot_Model_C
N20_D0300_Q0.2,20.0,300,0.2,extrapolated,0.5,2.244948343375878,zero_shot_Model_C
N20_D0300_Q0.3,20.0,300,0.3,extrapolated,0.5245,2.223123902582291,zero_shot_Model_C
N20_D0300_Q0.4,20.0,300,0.4,extrapolated,0.7862,2.2012729893380287,zero_shot_Model_C
N20_D0300_Q0.5,20.0,300,0.5,extrapolated,0.9918,2.1793911121898626,zero_shot_Model_C
N20_D0300_Q0.6,20.0,300,0.6,extrapolated,1.1855,2.1574719424750413,zero_shot_Model_C
N20_D0300_Q0.7,20.0,300,0.7,extrapolated,1.4233,2.1355058852690503,zero_shot_Model_C
N20_D0300_Q0.8,20.0,300,0.8,extrapolated,1.616,2.1134766121865503,zero_shot_Model_C
N20_D0300_Q0.9,20.0,300,0.9,extrapolated,1.8103,2.0913496263108096,zero_shot_Model_C
N20_D0300_Q0.95,20.0,300,0.95,extrapolated,1.931,2.080221092879313,zero_shot_Model_C
N20_D0300_Q1.0,20.0,300,1.0,extrapolated,2.0706,2.06896093996564,zero_shot_Model_C
N20_D0500_Q0.05,20.0,500,0.05,extrapolated,0.5,2.244161156785478,zero_shot_Model_C
N20_D0500_Q0.1,20.0,500,0.1,extrapolated,0.5,2.2332683297590123,zero_shot_Model_C
N20_D0500_Q0.2,20.0,500,0.2,extrapolated,0.5,2.211467007329636,zero_shot_Model_C
N20_D0500_Q0.3,20.0,500,0.3,extrapolated,0.5267,2.189642566536049,zero_shot_Model_C
N20_D0500_Q0.4,20.0,500,0.4,extrapolated,0.7311,2.1677916532917862,zero_shot_Model_C
N20_D0500_Q0.5,20.0,500,0.5,extrapolated,0.9588,2.1459097761436206,zero_shot_Model_C
N20_D0500_Q0.6,20.0,500,0.6,extrapolated,1.1533,2.123990606428799,zero_shot_Model_C
N20_D0500_Q0.7,20.0,500,0.7,extrapolated,1.3975,2.1020245492228082,zero_shot_Model_C
N20_D0500_Q0.8,20.0,500,0.8,extrapolated,1.5833,2.079995276140308,zero_shot_Model_C
N20_D0500_Q0.9,20.0,500,0.9,extrapolated,1.8347,2.0578682902645675,zero_shot_Model_C
N20_D0500_Q0.95,20.0,500,0.95,extrapolated,1.9382,2.046739756833071,zero_shot_Model_C
N20_D0500_Q1.0,20.0,500,1.0,extrapolated,2.0683,2.035479603919398,zero_shot_Model_C
N20_D1000_Q0.05,20.0,1000,0.05,extrapolated,0.5,2.2057466376516786,zero_shot_Model_C
N20_D1000_Q0.1,20.0,1000,0.1,extrapolated,0.5,2.1948538106252133,zero_shot_Model_C
N20_D1000_Q0.2,20.0,1000,0.2,extrapolated,0.5,2.1730524881958364,zero_shot_Model_C
N20_D1000_Q0.3,20.0,1000,0.3,extrapolated,0.5122,2.1512280474022494,zero_shot_Model_C
N20_D1000_Q0.4,20.0,1000,0.4,extrapolated,0.7145,2.1293771341579872,zero_shot_Model_C
N20_D1000_Q0.5,20.0,1000,0.5,extrapolated,0.9421,2.1074952570098215,zero_shot_Model_C
N20_D1000_Q0.6,20.0,1000,0.6,extrapolated,1.156,2.0855760872949998,zero_shot_Model_C
N20_D1000_Q0.7,20.0,1000,0.7,extrapolated,1.3503,2.0636100300890092,zero_shot_Model_C
N20_D1000_Q0.8,20.0,1000,0.8,extrapolated,1.5928,2.0415807570065088,zero_shot_Model_C
N20_D1000_Q0.9,20.0,1000,0.9,extrapolated,1.8254,2.0194537711307685,zero_shot_Model_C
N20_D1000_Q0.95,20.0,1000,0.95,extrapolated,1.8833,2.0083252376992715,zero_shot_Model_C
N20_D1000_Q1.0,20.0,1000,1.0,extrapolated,1.9818,1.9970650847855989,zero_shot_Model_C
N20_D2000_Q0.05,20.0,2000,0.05,extrapolated,0.5,2.174106112044419,zero_shot_Model_C
N20_D2000_Q0.1,20.0,2000,0.1,extrapolated,0.5,2.163213285017954,zero_shot_Model_C
N20_D2000_Q0.2,20.0,2000,0.2,extrapolated,0.5,2.141411962588577,zero_shot_Model_C
N20_D2000_Q0.3,20.0,2000,0.3,extrapolated,0.5,2.11958752179499,zero_shot_Model_C
N20_D2000_Q0.4,20.0,2000,0.4,extrapolated,0.7172,2.097736608550728,zero_shot_Model_C
N20_D2000_Q0.5,20.0,2000,0.5,extrapolated,0.9179,2.075854731402562,zero_shot_Model_C
N20_D2000_Q0.6,20.0,2000,0.6,extrapolated,1.1399,2.0539355616877404,zero_shot_Model_C
N20_D2000_Q0.7,20.0,2000,0.7,extrapolated,1.352,2.03196950448175,zero_shot_Model_C
N20_D2000_Q0.8,20.0,2000,0.8,extrapolated,1.5389,2.0099402313992494,zero_shot_Model_C
N20_D2000_Q0.9,20.0,2000,0.9,extrapolated,1.7931,1.9878132455235091,zero_shot_Model_C
N20_D2000_Q0.95,20.0,2000,0.95,extrapolated,1.8594,1.9766847120920124,zero_shot_Model_C
N20_D2000_Q1.0,20.0,2000,1.0,extrapolated,1.9584,1.9654245591783395,zero_shot_Model_C
N40_D0005_Q0.05,40.0,5,0.05,extrapolated,0.5,2.767804158988024,zero_shot_Model_C
N40_D0005_Q0.1,40.0,5,0.1,extrapolated,0.5,2.758068803918372,zero_shot_Model_C
N40_D0005_Q0.2,40.0,5,0.2,extrapolated,0.5,2.73858409032453,zero_shot_Model_C
N40_D0005_Q0.3,40.0,5,0.3,extrapolated,0.5852,2.7190787149241915,zero_shot_Model_C
N40_D0005_Q0.4,40.0,5,0.4,extrapolated,0.867,2.6995496800361676,zero_shot_Model_C
N40_D0005_Q0.5,40.0,5,0.5,extrapolated,1.1797,2.6799929714691157,zero_shot_Model_C
N40_D0005_Q0.6,40.0,5,0.6,extrapolated,1.4673,2.6604029330440784,zero_shot_Model_C
N40_D0005_Q0.7,40.0,5,0.7,extrapolated,1.664,2.640770989393359,zero_shot_Model_C
N40_D0005_Q0.8,40.0,5,0.8,extrapolated,2.0255,2.621082547186079,zero_shot_Model_C
N40_D0005_Q0.9,40.0,5,0.9,extrapolated,2.2617,2.6013067751483767,zero_shot_Model_C
N40_D0005_Q0.95,40.0,5,0.95,extrapolated,2.4282,2.5913607598396893,zero_shot_Model_C
N40_D0005_Q1.0,40.0,5,1.0,extrapolated,2.5961,2.5812971109368985,zero_shot_Model_C
N40_D0020_Q0.05,40.0,20,0.05,extrapolated,0.5,2.513592378834381,zero_shot_Model_C
N40_D0020_Q0.1,40.0,20,0.1,extrapolated,0.5,2.503857023764729,zero_shot_Model_C
N40_D0020_Q0.2,40.0,20,0.2,extrapolated,0.5,2.4843723101708868,zero_shot_Model_C
N40_D0020_Q0.3,40.0,20,0.3,extrapolated,0.5362,2.4648669347705483,zero_shot_Model_C
N40_D0020_Q0.4,40.0,20,0.4,extrapolated,0.7886,2.4453378998825244,zero_shot_Model_C
N40_D0020_Q0.5,40.0,20,0.5,extrapolated,1.0198,2.4257811913154725,zero_shot_Model_C
N40_D0020_Q0.6,40.0,20,0.6,extrapolated,1.3092,2.406191152890435,zero_shot_Model_C
N40_D0020_Q0.7,40.0,20,0.7,extrapolated,1.562,2.386559209239716,zero_shot_Model_C
N40_D0020_Q0.8,40.0,20,0.8,extrapolated,1.7885,2.366870767032436,zero_shot_Model_C
N40_D0020_Q0.9,40.0,20,0.9,extrapolated,2.0261,2.3470949949947335,zero_shot_Model_C
N40_D0020_Q0.95,40.0,20,0.95,extrapolated,2.1982,2.337148979686046,zero_shot_Model_C
N40_D0020_Q1.0,40.0,20,1.0,extrapolated,2.3679,2.3270853307832553,zero_shot_Model_C
N40_D0050_Q0.05,40.0,50,0.05,extrapolated,0.5,2.392280537881747,zero_shot_Model_C
N40_D0050_Q0.1,40.0,50,0.1,extrapolated,0.5,2.382545182812095,zero_shot_Model_C
N40_D0050_Q0.2,40.0,50,0.2,extrapolated,0.5,2.363060469218253,zero_shot_Model_C
N40_D0050_Q0.3,40.0,50,0.3,extrapolated,0.5011,2.3435550938179146,zero_shot_Model_C
N40_D0050_Q0.4,40.0,50,0.4,extrapolated,0.7348,2.3240260589298907,zero_shot_Model_C
N40_D0050_Q0.5,40.0,50,0.5,extrapolated,1.0179,2.304469350362839,zero_shot_Model_C
N40_D0050_Q0.6,40.0,50,0.6,extrapolated,1.2307,2.2848793119378015,zero_shot_Model_C
N40_D0050_Q0.7,40.0,50,0.7,extrapolated,1.4863,2.265247368287082,zero_shot_Model_C
N40_D0050_Q0.8,40.0,50,0.8,extrapolated,1.6999,2.245558926079802,zero_shot_Model_C
N40_D0050_Q0.9,40.0,50,0.9,extrapolated,1.9707,2.2257831540421,zero_shot_Model_C
N40_D0050_Q0.95,40.0,50,0.95,extrapolated,2.0827,2.2158371387334124,zero_shot_Model_C
N40_D0050_Q1.0,40.0,50,1.0,extrapolated,2.262,2.2057734898306216,zero_shot_Model_C
N40_D0100_Q0.05,40.0,100,0.05,extrapolated,0.5,2.319103718389765,zero_shot_Model_C
N40_D0100_Q0.1,40.0,100,0.1,extrapolated,0.5,2.309368363320113,zero_shot_Model_C
N40_D0100_Q0.2,40.0,100,0.2,extrapolated,0.5,2.289883649726271,zero_shot_Model_C
N40_D0100_Q0.3,40.0,100,0.3,extrapolated,0.5,2.2703782743259326,zero_shot_Model_C
N40_D0100_Q0.4,40.0,100,0.4,extrapolated,0.7481,2.2508492394379087,zero_shot_Model_C
N40_D0100_Q0.5,40.0,100,0.5,extrapolated,0.9344,2.231292530870857,zero_shot_Model_C
N40_D0100_Q0.6,40.0,100,0.6,extrapolated,1.1814,2.2117024924458195,zero_shot_Model_C
N40_D0100_Q0.7,40.0,100,0.7,extrapolated,1.417,2.1920705487951,zero_shot_Model_C
N40_D0100_Q0.8,40.0,100,0.8,extrapolated,1.6703,2.17238210658782,zero_shot_Model_C
N40_D0100_Q0.9,40.0,100,0.9,extrapolated,1.9207,2.152606334550118,zero_shot_Model_C
N40_D0100_Q0.95,40.0,100,0.95,extrapolated,2.0172,2.1426603192414304,zero_shot_Model_C
N40_D0100_Q1.0,40.0,100,1.0,extrapolated,2.1214,2.1325966703386396,zero_shot_Model_C
N40_D0150_Q0.05,40.0,150,0.05,extrapolated,0.5,2.2824358340654936,zero_shot_Model_C
N40_D0150_Q0.1,40.0,150,0.1,extrapolated,0.5,2.2727004789958416,zero_shot_Model_C
N40_D0150_Q0.2,40.0,150,0.2,extrapolated,0.5,2.2532157654019995,zero_shot_Model_C
N40_D0150_Q0.3,40.0,150,0.3,extrapolated,0.5,2.233710390001661,zero_shot_Model_C
N40_D0150_Q0.4,40.0,150,0.4,extrapolated,0.7164,2.214181355113637,zero_shot_Model_C
N40_D0150_Q0.5,40.0,150,0.5,extrapolated,0.9445,2.1946246465465853,zero_shot_Model_C
N40_D0150_Q0.6,40.0,150,0.6,extrapolated,1.2004,2.175034608121548,zero_shot_Model_C
N40_D0150_Q0.7,40.0,150,0.7,extrapolated,1.4026,2.1554026644708286,zero_shot_Model_C
N40_D0150_Q0.8,40.0,150,0.8,extrapolated,1.6463,2.1357142222635486,zero_shot_Model_C
N40_D0150_Q0.9,40.0,150,0.9,extrapolated,1.8339,2.1159384502258463,zero_shot_Model_C
N40_D0150_Q0.95,40.0,150,0.95,extrapolated,1.9979,2.105992434917159,zero_shot_Model_C
N40_D0150_Q1.0,40.0,150,1.0,extrapolated,2.0917,2.095928786014368,zero_shot_Model_C
N40_D0300_Q0.05,40.0,300,0.05,extrapolated,0.5,2.228628964513125,zero_shot_Model_C
N40_D0300_Q0.1,40.0,300,0.1,extrapolated,0.5,2.218893609443473,zero_shot_Model_C
N40_D0300_Q0.2,40.0,300,0.2,extrapolated,0.5,2.199408895849631,zero_shot_Model_C
N40_D0300_Q0.3,40.0,300,0.3,extrapolated,0.5,2.1799035204492925,zero_shot_Model_C
N40_D0300_Q0.4,40.0,300,0.4,extrapolated,0.6864,2.1603744855612685,zero_shot_Model_C
N40_D0300_Q0.5,40.0,300,0.5,extrapolated,0.9212,2.1408177769942167,zero_shot_Model_C
N40_D0300_Q0.6,40.0,300,0.6,extrapolated,1.1336,2.1212277385691793,zero_shot_Model_C
N40_D0300_Q0.7,40.0,300,0.7,extrapolated,1.3816,2.10159579491846,zero_shot_Model_C
N40_D0300_Q0.8,40.0,300,0.8,extrapolated,1.5375,2.08190735271118,zero_shot_Model_C
N40_D0300_Q0.9,40.0,300,0.9,extrapolated,1.8101,2.0621315806734777,zero_shot_Model_C
N40_D0300_Q0.95,40.0,300,0.95,extrapolated,1.9054,2.0521855653647902,zero_shot_Model_C
N40_D0300_Q1.0,40.0,300,1.0,extrapolated,2.0147,2.0421219164619995,zero_shot_Model_C
N40_D0500_Q0.05,40.0,500,0.05,extrapolated,0.5,2.195147628466883,zero_shot_Model_C
N40_D0500_Q0.1,40.0,500,0.1,extrapolated,0.5,2.185412273397231,zero_shot_Model_C
N40_D0500_Q0.2,40.0,500,0.2,extrapolated,0.5,2.165927559803389,zero_shot_Model_C
N40_D0500_Q0.3,40.0,500,0.3,extrapolated,0.5,2.1464221844030504,zero_shot_Model_C
N40_D0500_Q0.4,40.0,500,0.4,extrapolated,0.7035,2.1268931495150265,zero_shot_Model_C
N40_D0500_Q0.5,40.0,500,0.5,extrapolated,0.8866,2.1073364409479747,zero_shot_Model_C
N40_D0500_Q0.6,40.0,500,0.6,extrapolated,1.1238,2.0877464025229373,zero_shot_Model_C
N40_D0500_Q0.7,40.0,500,0.7,extrapolated,1.351,2.068114458872218,zero_shot_Model_C
N40_D0500_Q0.8,40.0,500,0.8,extrapolated,1.5771,2.048426016664938,zero_shot_Model_C
N40_D0500_Q0.9,40.0,500,0.9,extrapolated,1.7729,2.0286502446272356,zero_shot_Model_C
N40_D0500_Q0.95,40.0,500,0.95,extrapolated,1.8226,2.018704229318548,zero_shot_Model_C
N40_D0500_Q1.0,40.0,500,1.0,extrapolated,2.0298,2.0086405804157574,zero_shot_Model_C
N40_D1000_Q0.05,40.0,1000,0.05,extrapolated,0.5,2.1567331093330835,zero_shot_Model_C
N40_D1000_Q0.1,40.0,1000,0.1,extrapolated,0.5,2.146997754263432,zero_shot_Model_C
N40_D1000_Q0.2,40.0,1000,0.2,extrapolated,0.5,2.1275130406695895,zero_shot_Model_C
N40_D1000_Q0.3,40.0,1000,0.3,extrapolated,0.5,2.108007665269251,zero_shot_Model_C
N40_D1000_Q0.4,40.0,1000,0.4,extrapolated,0.6682,2.0884786303812275,zero_shot_Model_C
N40_D1000_Q0.5,40.0,1000,0.5,extrapolated,0.8929,2.0689219218141757,zero_shot_Model_C
N40_D1000_Q0.6,40.0,1000,0.6,extrapolated,1.1087,2.049331883389138,zero_shot_Model_C
N40_D1000_Q0.7,40.0,1000,0.7,extrapolated,1.3121,2.0296999397384186,zero_shot_Model_C
N40_D1000_Q0.8,40.0,1000,0.8,extrapolated,1.5165,2.0100114975311385,zero_shot_Model_C
N40_D1000_Q0.9,40.0,1000,0.9,extrapolated,1.7375,1.9902357254934366,zero_shot_Model_C
N40_D1000_Q0.95,40.0,1000,0.95,extrapolated,1.8219,1.980289710184749,zero_shot_Model_C
N40_D1000_Q1.0,40.0,1000,1.0,extrapolated,1.9394,1.9702260612819582,zero_shot_Model_C
N40_D2000_Q0.05,40.0,2000,0.05,extrapolated,0.5,2.125092583725824,zero_shot_Model_C
N40_D2000_Q0.1,40.0,2000,0.1,extrapolated,0.5,2.1153572286561726,zero_shot_Model_C
N40_D2000_Q0.2,40.0,2000,0.2,extrapolated,0.5,2.09587251506233,zero_shot_Model_C
N40_D2000_Q0.3,40.0,2000,0.3,extrapolated,0.5,2.0763671396619916,zero_shot_Model_C
N40_D2000_Q0.4,40.0,2000,0.4,extrapolated,0.6377,2.056838104773968,zero_shot_Model_C
N40_D2000_Q0.5,40.0,2000,0.5,extrapolated,0.8589,2.0372813962069163,zero_shot_Model_C
N40_D2000_Q0.6,40.0,2000,0.6,extrapolated,1.0771,2.0176913577818785,zero_shot_Model_C
N40_D2000_Q0.7,40.0,2000,0.7,extrapolated,1.3187,1.9980594141311592,zero_shot_Model_C
N40_D2000_Q0.8,40.0,2000,0.8,extrapolated,1.5044,1.9783709719238793,zero_shot_Model_C
N40_D2000_Q0.9,40.0,2000,0.9,extrapolated,1.7336,1.9585951998861773,zero_shot_Model_C
N40_D2000_Q0.95,40.0,2000,0.95,extrapolated,1.7276,1.9486491845774896,zero_shot_Model_C
N40_D2000_Q1.0,40.0,2000,1.0,extrapolated,1.9275,1.9385855356746988,zero_shot_Model_C
N70_D0005_Q0.05,70.0,5,0.05,extrapolated,0.5,2.7341343644541136,zero_shot_Model_C
N70_D0005_Q0.1,70.0,5,0.1,extrapolated,0.5,2.7252431331451334,zero_shot_Model_C
N70_D0005_Q0.2,70.0,5,0.2,extrapolated,0.5,2.7074478812706393,zero_shot_Model_C
N70_D0005_Q0.3,70.0,5,0.3,extrapolated,0.5039,2.6896337591136024,zero_shot_Model_C
N70_D0005_Q0.4,70.0,5,0.4,extrapolated,0.8232,2.6717980289128778,zero_shot_Model_C
N70_D0005_Q0.5,70.0,5,0.5,extrapolated,1.1008,2.6539370245357468,zero_shot_Model_C
N70_D0005_Q0.6,70.0,5,0.6,extrapolated,1.4166,2.6360455802337515,zero_shot_Model_C
N70_D0005_Q0.7,70.0,5,0.7,extrapolated,1.6785,2.6181158641838924,zero_shot_Model_C
N70_D0005_Q0.8,70.0,5,0.8,extrapolated,2.0006,2.6001345483997236,zero_shot_Model_C
N70_D0005_Q0.9,70.0,5,0.9,extrapolated,2.2782,2.582073474895687,zero_shot_Model_C
N70_D0005_Q0.95,70.0,5,0.95,extrapolated,2.4175,2.5729898490721284,zero_shot_Model_C
N70_D0005_Q1.0,70.0,5,1.0,extrapolated,2.6033,2.5637987893144816,zero_shot_Model_C
N70_D0020_Q0.05,70.0,20,0.05,extrapolated,0.5,2.479922584300471,zero_shot_Model_C
N70_D0020_Q0.1,70.0,20,0.1,extrapolated,0.5,2.4710313529914907,zero_shot_Model_C
N70_D0020_Q0.2,70.0,20,0.2,extrapolated,0.5,2.4532361011169965,zero_shot_Model_C
N70_D0020_Q0.3,70.0,20,0.3,extrapolated,0.5,2.4354219789599596,zero_shot_Model_C
N70_D0020_Q0.4,70.0,20,0.4,extrapolated,0.7217,2.417586248759235,zero_shot_Model_C
N70_D0020_Q0.5,70.0,20,0.5,extrapolated,0.9839,2.399725244382104,zero_shot_Model_C
N70_D0020_Q0.6,70.0,20,0.6,extrapolated,1.2611,2.3818338000801087,zero_shot_Model_C
N70_D0020_Q0.7,70.0,20,0.7,extrapolated,1.5062,2.3639040840302497,zero_shot_Model_C
N70_D0020_Q0.8,70.0,20,0.8,extrapolated,1.7756,2.345922768246081,zero_shot_Model_C
N70_D0020_Q0.9,70.0,20,0.9,extrapolated,2.0434,2.3278616947420443,zero_shot_Model_C
N70_D0020_Q0.95,70.0,20,0.95,extrapolated,2.1901,2.3187780689184856,zero_shot_Model_C
N70_D0020_Q1.0,70.0,20,1.0,extrapolated,2.3369,2.309587009160839,zero_shot_Model_C
N70_D0050_Q0.05,70.0,50,0.05,extrapolated,0.5,2.3586107433478367,zero_shot_Model_C
N70_D0050_Q0.1,70.0,50,0.1,extrapolated,0.5,2.3497195120388565,zero_shot_Model_C
N70_D0050_Q0.2,70.0,50,0.2,extrapolated,0.5,2.3319242601643624,zero_shot_Model_C
N70_D0050_Q0.3,70.0,50,0.3,extrapolated,0.5,2.3141101380073255,zero_shot_Model_C
N70_D0050_Q0.4,70.0,50,0.4,extrapolated,0.7053,2.296274407806601,zero_shot_Model_C
N70_D0050_Q0.5,70.0,50,0.5,extrapolated,0.9448,2.27841340342947,zero_shot_Model_C
N70_D0050_Q0.6,70.0,50,0.6,extrapolated,1.1924,2.2605219591274746,zero_shot_Model_C
N70_D0050_Q0.7,70.0,50,0.7,extrapolated,1.4475,2.2425922430776155,zero_shot_Model_C
N70_D0050_Q0.8,70.0,50,0.8,extrapolated,1.6973,2.2246109272934467,zero_shot_Model_C
N70_D0050_Q0.9,70.0,50,0.9,extrapolated,1.9752,2.20654985378941,zero_shot_Model_C
N70_D0050_Q0.95,70.0,50,0.95,extrapolated,2.1097,2.1974662279658514,zero_shot_Model_C
N70_D0050_Q1.0,70.0,50,1.0,extrapolated,2.2162,2.1882751682082047,zero_shot_Model_C
N70_D0100_Q0.05,70.0,100,0.05,extrapolated,0.5,2.285433923855855,zero_shot_Model_C
N70_D0100_Q0.1,70.0,100,0.1,extrapolated,0.5,2.276542692546875,zero_shot_Model_C
N70_D0100_Q0.2,70.0,100,0.2,extrapolated,0.5,2.258747440672381,zero_shot_Model_C
N70_D0100_Q0.3,70.0,100,0.3,extrapolated,0.5,2.240933318515344,zero_shot_Model_C
N70_D0100_Q0.4,70.0,100,0.4,extrapolated,0.6765,2.2230975883146193,zero_shot_Model_C
N70_D0100_Q0.5,70.0,100,0.5,extrapolated,0.9072,2.2052365839374883,zero_shot_Model_C
N70_D0100_Q0.6,70.0,100,0.6,extrapolated,1.1486,2.187345139635493,zero_shot_Model_C
N70_D0100_Q0.7,70.0,100,0.7,extrapolated,1.3726,2.169415423585634,zero_shot_Model_C
N70_D0100_Q0.8,70.0,100,0.8,extrapolated,1.6395,2.151434107801465,zero_shot_Model_C
N70_D0100_Q0.9,70.0,100,0.9,extrapolated,1.905,2.1333730342974286,zero_shot_Model_C
N70_D0100_Q0.95,70.0,100,0.95,extrapolated,1.9747,2.12428940847387,zero_shot_Model_C
N70_D0100_Q1.0,70.0,100,1.0,extrapolated,2.1223,2.115098348716223,zero_shot_Model_C
N70_D0150_Q0.05,70.0,150,0.05,extrapolated,0.5,2.2487660395315836,zero_shot_Model_C
N70_D0150_Q0.1,70.0,150,0.1,extrapolated,0.5,2.2398748082226034,zero_shot_Model_C
N70_D0150_Q0.2,70.0,150,0.2,extrapolated,0.5,2.2220795563481093,zero_shot_Model_C
N70_D0150_Q0.3,70.0,150,0.3,extrapolated,0.5,2.2042654341910723,zero_shot_Model_C
N70_D0150_Q0.4,70.0,150,0.4,extrapolated,0.6507,2.1864297039903478,zero_shot_Model_C
N70_D0150_Q0.5,70.0,150,0.5,extrapolated,0.8903,2.1685686996132167,zero_shot_Model_C
N70_D0150_Q0.6,70.0,150,0.6,extrapolated,1.1506,2.1506772553112214,zero_shot_Model_C
N70_D0150_Q0.7,70.0,150,0.7,extrapolated,1.3601,2.1327475392613624,zero_shot_Model_C
N70_D0150_Q0.8,70.0,150,0.8,extrapolated,1.5779,2.1147662234771936,zero_shot_Model_C
N70_D0150_Q0.9,70.0,150,0.9,extrapolated,1.8604,2.096705149973157,zero_shot_Model_C
N70_D0150_Q0.95,70.0,150,0.95,extrapolated,1.9377,2.0876215241495983,zero_shot_Model_C
N70_D0150_Q1.0,70.0,150,1.0,extrapolated,2.0817,2.0784304643919516,zero_shot_Model_C
N70_D0300_Q0.05,70.0,300,0.05,extrapolated,0.5,2.194959169979215,zero_shot_Model_C
N70_D0300_Q0.1,70.0,300,0.1,extrapolated,0.5,2.186067938670235,zero_shot_Model_C
N70_D0300_Q0.2,70.0,300,0.2,extrapolated,0.5,2.1682726867957407,zero_shot_Model_C
N70_D0300_Q0.3,70.0,300,0.3,extrapolated,0.5,2.1504585646387038,zero_shot_Model_C
N70_D0300_Q0.4,70.0,300,0.4,extrapolated,0.6571,2.132622834437979,zero_shot_Model_C
N70_D0300_Q0.5,70.0,300,0.5,extrapolated,0.8554,2.114761830060848,zero_shot_Model_C
N70_D0300_Q0.6,70.0,300,0.6,extrapolated,1.1181,2.096870385758853,zero_shot_Model_C
N70_D0300_Q0.7,70.0,300,0.7,extrapolated,1.3754,2.078940669708994,zero_shot_Model_C
N70_D0300_Q0.8,70.0,300,0.8,extrapolated,1.5736,2.060959353924825,zero_shot_Model_C
N70_D0300_Q0.9,70.0,300,0.9,extrapolated,1.7826,2.0428982804207885,zero_shot_Model_C
N70_D0300_Q0.95,70.0,300,0.95,extrapolated,1.9317,2.0338146545972298,zero_shot_Model_C
N70_D0300_Q1.0,70.0,300,1.0,extrapolated,2.0225,2.024623594839583,zero_shot_Model_C
N70_D0500_Q0.05,70.0,500,0.05,extrapolated,0.5,2.161477833932973,zero_shot_Model_C
N70_D0500_Q0.1,70.0,500,0.1,extrapolated,0.5,2.1525866026239924,zero_shot_Model_C
N70_D0500_Q0.2,70.0,500,0.2,extrapolated,0.5,2.1347913507494987,zero_shot_Model_C
N70_D0500_Q0.3,70.0,500,0.3,extrapolated,0.5,2.1169772285924617,zero_shot_Model_C
N70_D0500_Q0.4,70.0,500,0.4,extrapolated,0.6398,2.099141498391737,zero_shot_Model_C
N70_D0500_Q0.5,70.0,500,0.5,extrapolated,0.8696,2.081280494014606,zero_shot_Model_C
N70_D0500_Q0.6,70.0,500,0.6,extrapolated,1.0654,2.063389049712611,zero_shot_Model_C
N70_D0500_Q0.7,70.0,500,0.7,extrapolated,1.3269,2.0454593336627513,zero_shot_Model_C
N70_D0500_Q0.8,70.0,500,0.8,extrapolated,1.552,2.0274780178785825,zero_shot_Model_C
N70_D0500_Q0.9,70.0,500,0.9,extrapolated,1.7856,2.009416944374546,zero_shot_Model_C
N70_D0500_Q0.95,70.0,500,0.95,extrapolated,1.8785,2.0003333185509873,zero_shot_Model_C
N70_D0500_Q1.0,70.0,500,1.0,extrapolated,2.0232,1.9911422587933407,zero_shot_Model_C
N70_D1000_Q0.05,70.0,1000,0.05,extrapolated,0.5,2.1230633147991735,zero_shot_Model_C
N70_D1000_Q0.1,70.0,1000,0.1,extrapolated,0.5,2.1141720834901934,zero_shot_Model_C
N70_D1000_Q0.2,70.0,1000,0.2,extrapolated,0.5,2.096376831615699,zero_shot_Model_C
N70_D1000_Q0.3,70.0,1000,0.3,extrapolated,0.5,2.0785627094586623,zero_shot_Model_C
N70_D1000_Q0.4,70.0,1000,0.4,extrapolated,0.6331,2.0607269792579377,zero_shot_Model_C
N70_D1000_Q0.5,70.0,1000,0.5,extrapolated,0.8268,2.0428659748808067,zero_shot_Model_C
N70_D1000_Q0.6,70.0,1000,0.6,extrapolated,1.0717,2.0249745305788114,zero_shot_Model_C
N70_D1000_Q0.7,70.0,1000,0.7,extrapolated,1.3056,2.0070448145289523,zero_shot_Model_C
N70_D1000_Q0.8,70.0,1000,0.8,extrapolated,1.5113,1.9890634987447835,zero_shot_Model_C
N70_D1000_Q0.9,70.0,1000,0.9,extrapolated,1.7324,1.9710024252407468,zero_shot_Model_C
N70_D1000_Q0.95,70.0,1000,0.95,extrapolated,1.8305,1.9619187994171883,zero_shot_Model_C
N70_D1000_Q1.0,70.0,1000,1.0,extrapolated,1.9314,1.9527277396595415,zero_shot_Model_C
N70_D2000_Q0.05,70.0,2000,0.05,extrapolated,0.5,2.091422789191914,zero_shot_Model_C
N70_D2000_Q0.1,70.0,2000,0.1,extrapolated,0.5,2.082531557882934,zero_shot_Model_C
N70_D2000_Q0.2,70.0,2000,0.2,extrapolated,0.5,2.06473630600844,zero_shot_Model_C
N70_D2000_Q0.3,70.0,2000,0.3,extrapolated,0.5,2.046922183851403,zero_shot_Model_C
N70_D2000_Q0.4,70.0,2000,0.4,extrapolated,0.6095,2.0290864536506783,zero_shot_Model_C
N70_D2000_Q0.5,70.0,2000,0.5,extrapolated,0.8205,2.0112254492735473,zero_shot_Model_C
N70_D2000_Q0.6,70.0,2000,0.6,extrapolated,1.0279,1.993334004971552,zero_shot_Model_C
N70_D2000_Q0.7,70.0,2000,0.7,extrapolated,1.2745,1.975404288921693,zero_shot_Model_C
N70_D2000_Q0.8,70.0,2000,0.8,extrapolated,1.4713,1.9574229731375241,zero_shot_Model_C
N70_D2000_Q0.9,70.0,2000,0.9,extrapolated,1.7312,1.9393618996334874,zero_shot_Model_C
N70_D2000_Q0.95,70.0,2000,0.95,extrapolated,1.7959,1.930278273809929,zero_shot_Model_C
N70_D2000_Q1.0,70.0,2000,1.0,extrapolated,1.9285,1.921087214052282,zero_shot_Model_C
N120_D0005_Q0.05,120.0,5,0.05,extrapolated,0.5,2.705904760500501,zero_shot_Model_C
N120_D0005_Q0.1,120.0,5,0.1,extrapolated,0.5,2.6977572794473295,zero_shot_Model_C
N120_D0005_Q0.2,120.0,5,0.2,extrapolated,0.5,2.681450597903973,zero_shot_Model_C
N120_D0005_Q0.3,120.0,5,0.3,extrapolated,0.5,2.66512662457457,zero_shot_Model_C
N120_D0005_Q0.4,120.0,5,0.4,extrapolated,0.759,2.6487828507113127,zero_shot_Model_C
N120_D0005_Q0.5,120.0,5,0.5,extrapolated,1.0383,2.6324159168529713,zero_shot_Model_C
N120_D0005_Q0.6,120.0,5,0.6,extrapolated,1.3529,2.616021089365224,zero_shot_Model_C
N120_D0005_Q0.7,120.0,5,0.7,extrapolated,1.6294,2.599591191555971,zero_shot_Model_C
N120_D0005_Q0.8,120.0,5,0.8,extrapolated,1.8929,2.5831140103229684,zero_shot_Model_C
N120_D0005_Q0.9,120.0,5,0.9,extrapolated,2.2776,2.566563743092213,zero_shot_Model_C
N120_D0005_Q0.95,120.0,5,0.95,extrapolated,2.3327,2.5582399612987063,zero_shot_Model_C
N120_D0005_Q1.0,120.0,5,1.0,extrapolated,2.5753,2.5498177324046765,zero_shot_Model_C
N120_D0020_Q0.05,120.0,20,0.05,extrapolated,0.5,2.4516929803468583,zero_shot_Model_C
N120_D0020_Q0.1,120.0,20,0.1,extrapolated,0.5,2.4435454992936867,zero_shot_Model_C
N120_D0020_Q0.2,120.0,20,0.2,extrapolated,0.5,2.42723881775033,zero_shot_Model_C
N120_D0020_Q0.3,120.0,20,0.3,extrapolated,0.5,2.4109148444209274,zero_shot_Model_C
N120_D0020_Q0.4,120.0,20,0.4,extrapolated,0.686,2.39457107055767,zero_shot_Model_C
N120_D0020_Q0.5,120.0,20,0.5,extrapolated,0.9324,2.3782041366993285,zero_shot_Model_C
N120_D0020_Q0.6,120.0,20,0.6,extrapolated,1.2186,2.3618093092115813,zero_shot_Model_C
N120_D0020_Q0.7,120.0,20,0.7,extrapolated,1.4699,2.345379411402328,zero_shot_Model_C
N120_D0020_Q0.8,120.0,20,0.8,extrapolated,1.7489,2.3289022301693256,zero_shot_Model_C
N120_D0020_Q0.9,120.0,20,0.9,extrapolated,2.0566,2.3123519629385703,zero_shot_Model_C
N120_D0020_Q0.95,120.0,20,0.95,extrapolated,2.1247,2.3040281811450636,zero_shot_Model_C
N120_D0020_Q1.0,120.0,20,1.0,extrapolated,2.2493,2.2956059522510337,zero_shot_Model_C
N120_D0050_Q0.05,120.0,50,0.05,extrapolated,0.5,2.330381139394224,zero_shot_Model_C
N120_D0050_Q0.1,120.0,50,0.1,extrapolated,0.5,2.3222336583410526,zero_shot_Model_C
N120_D0050_Q0.2,120.0,50,0.2,extrapolated,0.5,2.305926976797696,zero_shot_Model_C
N120_D0050_Q0.3,120.0,50,0.3,extrapolated,0.5,2.2896030034682933,zero_shot_Model_C
N120_D0050_Q0.4,120.0,50,0.4,extrapolated,0.6689,2.273259229605036,zero_shot_Model_C
N120_D0050_Q0.5,120.0,50,0.5,extrapolated,0.9237,2.2568922957466944,zero_shot_Model_C
N120_D0050_Q0.6,120.0,50,0.6,extrapolated,1.1614,2.240497468258947,zero_shot_Model_C
N120_D0050_Q0.7,120.0,50,0.7,extrapolated,1.3938,2.224067570449694,zero_shot_Model_C
N120_D0050_Q0.8,120.0,50,0.8,extrapolated,1.682,2.2075903892166915,zero_shot_Model_C
N120_D0050_Q0.9,120.0,50,0.9,extrapolated,1.9395,2.191040121985936,zero_shot_Model_C
N120_D0050_Q0.95,120.0,50,0.95,extrapolated,2.0853,2.1827163401924294,zero_shot_Model_C
N120_D0050_Q1.0,120.0,50,1.0,extrapolated,2.2004,2.1742941112983996,zero_shot_Model_C
N120_D0100_Q0.05,120.0,100,0.05,extrapolated,0.5,2.2572043199022427,zero_shot_Model_C
N120_D0100_Q0.1,120.0,100,0.1,extrapolated,0.5,2.249056838849071,zero_shot_Model_C
N120_D0100_Q0.2,120.0,100,0.2,extrapolated,0.5,2.2327501573057145,zero_shot_Model_C
N120_D0100_Q0.3,120.0,100,0.3,extrapolated,0.5,2.2164261839763117,zero_shot_Model_C
N120_D0100_Q0.4,120.0,100,0.4,extrapolated,0.6206,2.2000824101130543,zero_shot_Model_C
N120_D0100_Q0.5,120.0,100,0.5,extrapolated,0.8829,2.183715476254713,zero_shot_Model_C
N120_D0100_Q0.6,120.0,100,0.6,extrapolated,1.1099,2.1673206487669656,zero_shot_Model_C
N120_D0100_Q0.7,120.0,100,0.7,extrapolated,1.3531,2.1508907509577124,zero_shot_Model_C
N120_D0100_Q0.8,120.0,100,0.8,extrapolated,1.5774,2.13441356972471,zero_shot_Model_C
N120_D0100_Q0.9,120.0,100,0.9,extrapolated,1.8321,2.1178633024939546,zero_shot_Model_C
N120_D0100_Q0.95,120.0,100,0.95,extrapolated,1.9432,2.109539520700448,zero_shot_Model_C
N120_D0100_Q1.0,120.0,100,1.0,extrapolated,2.1521,2.101117291806418,zero_shot_Model_C
N120_D0150_Q0.05,120.0,150,0.05,extrapolated,0.5,2.220536435577971,zero_shot_Model_C
N120_D0150_Q0.1,120.0,150,0.1,extrapolated,0.5,2.2123889545247994,zero_shot_Model_C
N120_D0150_Q0.2,120.0,150,0.2,extrapolated,0.5,2.196082272981443,zero_shot_Model_C
N120_D0150_Q0.3,120.0,150,0.3,extrapolated,0.5,2.17975829965204,zero_shot_Model_C
N120_D0150_Q0.4,120.0,150,0.4,extrapolated,0.6188,2.1634145257887827,zero_shot_Model_C
N120_D0150_Q0.5,120.0,150,0.5,extrapolated,0.8572,2.1470475919304413,zero_shot_Model_C
N120_D0150_Q0.6,120.0,150,0.6,extrapolated,1.0887,2.130652764442694,zero_shot_Model_C
N120_D0150_Q0.7,120.0,150,0.7,extrapolated,1.3605,2.114222866633441,zero_shot_Model_C
N120_D0150_Q0.8,120.0,150,0.8,extrapolated,1.5564,2.0977456854004384,zero_shot_Model_C
N120_D0150_Q0.9,120.0,150,0.9,extrapolated,1.8816,2.081195418169683,zero_shot_Model_C
N120_D0150_Q0.95,120.0,150,0.95,extrapolated,1.9557,2.0728716363761763,zero_shot_Model_C
N120_D0150_Q1.0,120.0,150,1.0,extrapolated,2.0881,2.0644494074821464,zero_shot_Model_C
N120_D0300_Q0.05,120.0,300,0.05,extrapolated,0.5,2.1667295660256025,zero_shot_Model_C
N120_D0300_Q0.1,120.0,300,0.1,extrapolated,0.5,2.158582084972431,zero_shot_Model_C
N120_D0300_Q0.2,120.0,300,0.2,extrapolated,0.5,2.1422754034290743,zero_shot_Model_C
N120_D0300_Q0.3,120.0,300,0.3,extrapolated,0.5,2.1259514300996716,zero_shot_Model_C
N120_D0300_Q0.4,120.0,300,0.4,extrapolated,0.6045,2.109607656236414,zero_shot_Model_C
N120_D0300_Q0.5,120.0,300,0.5,extrapolated,0.8569,2.0932407223780727,zero_shot_Model_C
N120_D0300_Q0.6,120.0,300,0.6,extrapolated,1.092,2.0768458948903255,zero_shot_Model_C
N120_D0300_Q0.7,120.0,300,0.7,extrapolated,1.2863,2.0604159970810723,zero_shot_Model_C
N120_D0300_Q0.8,120.0,300,0.8,extrapolated,1.5302,2.04393881584807,zero_shot_Model_C
N120_D0300_Q0.9,120.0,300,0.9,extrapolated,1.7838,2.0273885486173144,zero_shot_Model_C
N120_D0300_Q0.95,120.0,300,0.95,extrapolated,1.9031,2.0190647668238078,zero_shot_Model_C
N120_D0300_Q1.0,120.0,300,1.0,extrapolated,2.0619,2.010642537929778,zero_shot_Model_C
N120_D0500_Q0.05,120.0,500,0.05,extrapolated,0.5,2.1332482299793605,zero_shot_Model_C
N120_D0500_Q0.1,120.0,500,0.1,extrapolated,0.5,2.1251007489261884,zero_shot_Model_C
N120_D0500_Q0.2,120.0,500,0.2,extrapolated,0.5,2.1087940673828323,zero_shot_Model_C
N120_D0500_Q0.3,120.0,500,0.3,extrapolated,0.5,2.092470094053429,zero_shot_Model_C
N120_D0500_Q0.4,120.0,500,0.4,extrapolated,0.5807,2.0761263201901716,zero_shot_Model_C
N120_D0500_Q0.5,120.0,500,0.5,extrapolated,0.8175,2.05975938633183,zero_shot_Model_C
N120_D0500_Q0.6,120.0,500,0.6,extrapolated,1.0547,2.0433645588440834,zero_shot_Model_C
N120_D0500_Q0.7,120.0,500,0.7,extrapolated,1.2832,2.02693466103483,zero_shot_Model_C
N120_D0500_Q0.8,120.0,500,0.8,extrapolated,1.5164,2.0104574798018273,zero_shot_Model_C
N120_D0500_Q0.9,120.0,500,0.9,extrapolated,1.7304,1.9939072125710722,zero_shot_Model_C
N120_D0500_Q0.95,120.0,500,0.95,extrapolated,1.8749,1.9855834307775655,zero_shot_Model_C
N120_D0500_Q1.0,120.0,500,1.0,extrapolated,2.0294,1.9771612018835356,zero_shot_Model_C
N120_D1000_Q0.05,120.0,1000,0.05,extrapolated,0.5,2.094833710845561,zero_shot_Model_C
N120_D1000_Q0.1,120.0,1000,0.1,extrapolated,0.5,2.0866862297923894,zero_shot_Model_C
N120_D1000_Q0.2,120.0,1000,0.2,extrapolated,0.5,2.070379548249033,zero_shot_Model_C
N120_D1000_Q0.3,120.0,1000,0.3,extrapolated,0.5,2.05405557491963,zero_shot_Model_C
N120_D1000_Q0.4,120.0,1000,0.4,extrapolated,0.5785,2.0377118010563726,zero_shot_Model_C
N120_D1000_Q0.5,120.0,1000,0.5,extrapolated,0.7972,2.021344867198031,zero_shot_Model_C
N120_D1000_Q0.6,120.0,1000,0.6,extrapolated,1.0412,2.004950039710284,zero_shot_Model_C
N120_D1000_Q0.7,120.0,1000,0.7,extrapolated,1.2562,1.9885201419010308,zero_shot_Model_C
N120_D1000_Q0.8,120.0,1000,0.8,extrapolated,1.485,1.9720429606680283,zero_shot_Model_C
N120_D1000_Q0.9,120.0,1000,0.9,extrapolated,1.7223,1.955492693437273,zero_shot_Model_C
N120_D1000_Q0.95,120.0,1000,0.95,extrapolated,1.8568,1.9471689116437663,zero_shot_Model_C
N120_D1000_Q1.0,120.0,1000,1.0,extrapolated,1.9082,1.9387466827497364,zero_shot_Model_C
N120_D2000_Q0.05,120.0,2000,0.05,extrapolated,0.5,2.0631931852383016,zero_shot_Model_C
N120_D2000_Q0.1,120.0,2000,0.1,extrapolated,0.5,2.05504570418513,zero_shot_Model_C
N120_D2000_Q0.2,120.0,2000,0.2,extrapolated,0.5,2.0387390226417734,zero_shot_Model_C
N120_D2000_Q0.3,120.0,2000,0.3,extrapolated,0.5,2.0224150493123707,zero_shot_Model_C
N120_D2000_Q0.4,120.0,2000,0.4,extrapolated,0.5772,2.0060712754491132,zero_shot_Model_C
N120_D2000_Q0.5,120.0,2000,0.5,extrapolated,0.7936,1.9897043415907716,zero_shot_Model_C
N120_D2000_Q0.6,120.0,2000,0.6,extrapolated,1.0107,1.9733095141030248,zero_shot_Model_C
N120_D2000_Q0.7,120.0,2000,0.7,extrapolated,1.2063,1.9568796162937714,zero_shot_Model_C
N120_D2000_Q0.8,120.0,2000,0.8,extrapolated,1.4677,1.940402435060769,zero_shot_Model_C
N120_D2000_Q0.9,120.0,2000,0.9,extrapolated,1.6316,1.9238521678300136,zero_shot_Model_C
N120_D2000_Q0.95,120.0,2000,0.95,extrapolated,1.8387,1.9155283860365069,zero_shot_Model_C
N120_D2000_Q1.0,120.0,2000,1.0,extrapolated,1.9249,1.907106157142477,zero_shot_Model_C
N300_D0005_Q0.05,300.0,5,0.05,extrapolated,0.5,2.6657560293158364,zero_shot_Model_C
N300_D0005_Q0.1,300.0,5,0.1,extrapolated,0.5,2.658732942150194,zero_shot_Model_C
N300_D0005_Q0.2,300.0,5,0.2,extrapolated,0.5,2.644676665723902,zero_shot_Model_C
N300_D0005_Q0.3,300.0,5,0.3,extrapolated,0.5,2.6306054838661193,zero_shot_Model_C
N300_D0005_Q0.4,300.0,5,0.4,extrapolated,0.6853,2.616517234049016,zero_shot_Model_C
N300_D0005_Q0.5,300.0,5,0.5,extrapolated,0.9862,2.602409020434124,zero_shot_Model_C
N300_D0005_Q0.6,300.0,5,0.6,extrapolated,1.3009,2.5882767626527707,zero_shot_Model_C
N300_D0005_Q0.7,300.0,5,0.7,extrapolated,1.6208,2.574114274432923,zero_shot_Model_C
N300_D0005_Q0.8,300.0,5,0.8,extrapolated,1.8604,2.5599110281426585,zero_shot_Model_C
N300_D0005_Q0.9,300.0,5,0.9,extrapolated,2.2235,2.5456447820946217,zero_shot_Model_C
N300_D0005_Q0.95,300.0,5,0.95,extrapolated,2.4307,2.5384697245888637,zero_shot_Model_C
N300_D0005_Q1.0,300.0,5,1.0,extrapolated,2.478,2.5312098061839308,zero_shot_Model_C
N300_D0020_Q0.05,300.0,20,0.05,extrapolated,0.5,2.4115442491621937,zero_shot_Model_C
N300_D0020_Q0.1,300.0,20,0.1,extrapolated,0.5,2.404521161996551,zero_shot_Model_C
N300_D0020_Q0.2,300.0,20,0.2,extrapolated,0.5,2.390464885570259,zero_shot_Model_C
N300_D0020_Q0.3,300.0,20,0.3,extrapolated,0.5,2.3763937037124765,zero_shot_Model_C
N300_D0020_Q0.4,300.0,20,0.4,extrapolated,0.6087,2.3623054538953734,zero_shot_Model_C
N300_D0020_Q0.5,300.0,20,0.5,extrapolated,0.8857,2.348197240280481,zero_shot_Model_C
N300_D0020_Q0.6,300.0,20,0.6,extrapolated,1.1745,2.334064982499128,zero_shot_Model_C
N300_D0020_Q0.7,300.0,20,0.7,extrapolated,1.445,2.31990249427928,zero_shot_Model_C
N300_D0020_Q0.8,300.0,20,0.8,extrapolated,1.7275,2.3056992479890157,zero_shot_Model_C
N300_D0020_Q0.9,300.0,20,0.9,extrapolated,1.993,2.291433001940979,zero_shot_Model_C
N300_D0020_Q0.95,300.0,20,0.95,extrapolated,2.1129,2.284257944435221,zero_shot_Model_C
N300_D0020_Q1.0,300.0,20,1.0,extrapolated,2.3267,2.276998026030288,zero_shot_Model_C
N300_D0050_Q0.05,300.0,50,0.05,extrapolated,0.5,2.2902324082095595,zero_shot_Model_C
N300_D0050_Q0.1,300.0,50,0.1,extrapolated,0.5,2.283209321043917,zero_shot_Model_C
N300_D0050_Q0.2,300.0,50,0.2,extrapolated,0.5,2.269153044617625,zero_shot_Model_C
N300_D0050_Q0.3,300.0,50,0.3,extrapolated,0.5,2.2550818627598423,zero_shot_Model_C
N300_D0050_Q0.4,300.0,50,0.4,extrapolated,0.5737,2.2409936129427392,zero_shot_Model_C
N300_D0050_Q0.5,300.0,50,0.5,extrapolated,0.8188,2.226885399327847,zero_shot_Model_C
N300_D0050_Q0.6,300.0,50,0.6,extrapolated,1.0844,2.212753141546494,zero_shot_Model_C
N300_D0050_Q0.7,300.0,50,0.7,extrapolated,1.3817,2.198590653326646,zero_shot_Model_C
N300_D0050_Q0.8,300.0,50,0.8,extrapolated,1.6524,2.1843874070363816,zero_shot_Model_C
N300_D0050_Q0.9,300.0,50,0.9,extrapolated,1.917,2.170121160988345,zero_shot_Model_C
N300_D0050_Q0.95,300.0,50,0.95,extrapolated,2.0545,2.1629461034825868,zero_shot_Model_C
N300_D0050_Q1.0,300.0,50,1.0,extrapolated,2.1404,2.155686185077654,zero_shot_Model_C
N300_D0100_Q0.05,300.0,100,0.05,extrapolated,0.5,2.217055588717578,zero_shot_Model_C
N300_D0100_Q0.1,300.0,100,0.1,extrapolated,0.5,2.2100325015519355,zero_shot_Model_C
N300_D0100_Q0.2,300.0,100,0.2,extrapolated,0.5,2.1959762251256434,zero_shot_Model_C
N300_D0100_Q0.3,300.0,100,0.3,extrapolated,0.5,2.181905043267861,zero_shot_Model_C
N300_D0100_Q0.4,300.0,100,0.4,extrapolated,0.5656,2.1678167934507577,zero_shot_Model_C
N300_D0100_Q0.5,300.0,100,0.5,extrapolated,0.7851,2.1537085798358655,zero_shot_Model_C
N300_D0100_Q0.6,300.0,100,0.6,extrapolated,1.0582,2.1395763220545123,zero_shot_Model_C
N300_D0100_Q0.7,300.0,100,0.7,extrapolated,1.2974,2.1254138338346644,zero_shot_Model_C
N300_D0100_Q0.8,300.0,100,0.8,extrapolated,1.6239,2.1112105875444,zero_shot_Model_C
N300_D0100_Q0.9,300.0,100,0.9,extrapolated,1.7981,2.0969443414963633,zero_shot_Model_C
N300_D0100_Q0.95,300.0,100,0.95,extrapolated,1.9909,2.0897692839906052,zero_shot_Model_C
N300_D0100_Q1.0,300.0,100,1.0,extrapolated,2.018,2.0825093655856723,zero_shot_Model_C
N300_D0150_Q0.05,300.0,150,0.05,extrapolated,0.5,2.1803877043933064,zero_shot_Model_C
N300_D0150_Q0.1,300.0,150,0.1,extrapolated,0.5,2.173364617227664,zero_shot_Model_C
N300_D0150_Q0.2,300.0,150,0.2,extrapolated,0.5,2.159308340801372,zero_shot_Model_C
N300_D0150_Q0.3,300.0,150,0.3,extrapolated,0.5,2.1452371589435892,zero_shot_Model_C
N300_D0150_Q0.4,300.0,150,0.4,extrapolated,0.5498,2.131148909126486,zero_shot_Model_C
N300_D0150_Q0.5,300.0,150,0.5,extrapolated,0.7913,2.117040695511594,zero_shot_Model_C
N300_D0150_Q0.6,300.0,150,0.6,extrapolated,1.0259,2.1029084377302407,zero_shot_Model_C
N300_D0150_Q0.7,300.0,150,0.7,extrapolated,1.3071,2.088745949510393,zero_shot_Model_C
N300_D0150_Q0.8,300.0,150,0.8,extrapolated,1.5543,2.0745427032201285,zero_shot_Model_C
N300_D0150_Q0.9,300.0,150,0.9,extrapolated,1.8567,2.0602764571720917,zero_shot_Model_C
N300_D0150_Q0.95,300.0,150,0.95,extrapolated,1.9405,2.0531013996663336,zero_shot_Model_C
N300_D0150_Q1.0,300.0,150,1.0,extrapolated,2.0823,2.0458414812614008,zero_shot_Model_C
N300_D0300_Q0.05,300.0,300,0.05,extrapolated,0.5,2.1265808348409374,zero_shot_Model_C
N300_D0300_Q0.1,300.0,300,0.1,extrapolated,0.5,2.119557747675295,zero_shot_Model_C
N300_D0300_Q0.2,300.0,300,0.2,extrapolated,0.5,2.1055014712490028,zero_shot_Model_C
N300_D0300_Q0.3,300.0,300,0.3,extrapolated,0.5,2.0914302893912207,zero_shot_Model_C
N300_D0300_Q0.4,300.0,300,0.4,extrapolated,0.5355,2.077342039574117,zero_shot_Model_C
N300_D0300_Q0.5,300.0,300,0.5,extrapolated,0.7618,2.063233825959225,zero_shot_Model_C
N300_D0300_Q0.6,300.0,300,0.6,extrapolated,1.0191,2.049101568177872,zero_shot_Model_C
N300_D0300_Q0.7,300.0,300,0.7,extrapolated,1.2421,2.0349390799580243,zero_shot_Model_C
N300_D0300_Q0.8,300.0,300,0.8,extrapolated,1.5064,2.0207358336677594,zero_shot_Model_C
N300_D0300_Q0.9,300.0,300,0.9,extrapolated,1.708,2.0064695876197227,zero_shot_Model_C
N300_D0300_Q0.95,300.0,300,0.95,extrapolated,1.8785,1.9992945301139646,zero_shot_Model_C
N300_D0300_Q1.0,300.0,300,1.0,extrapolated,1.9949,1.992034611709032,zero_shot_Model_C
N300_D0500_Q0.05,300.0,500,0.05,extrapolated,0.5,2.0930994987946954,zero_shot_Model_C
N300_D0500_Q0.1,300.0,500,0.1,extrapolated,0.5,2.086076411629053,zero_shot_Model_C
N300_D0500_Q0.2,300.0,500,0.2,extrapolated,0.5,2.0720201352027607,zero_shot_Model_C
N300_D0500_Q0.3,300.0,500,0.3,extrapolated,0.5,2.0579489533449786,zero_shot_Model_C
N300_D0500_Q0.4,300.0,500,0.4,extrapolated,0.5242,2.043860703527875,zero_shot_Model_C
N300_D0500_Q0.5,300.0,500,0.5,extrapolated,0.764,2.029752489912983,zero_shot_Model_C
N300_D0500_Q0.6,300.0,500,0.6,extrapolated,1.004,2.01562023213163,zero_shot_Model_C
N300_D0500_Q0.7,300.0,500,0.7,extrapolated,1.2386,2.001457743911782,zero_shot_Model_C
N300_D0500_Q0.8,300.0,500,0.8,extrapolated,1.4481,1.9872544976215176,zero_shot_Model_C
N300_D0500_Q0.9,300.0,500,0.9,extrapolated,1.7684,1.972988251573481,zero_shot_Model_C
N300_D0500_Q0.95,300.0,500,0.95,extrapolated,1.8116,1.9658131940677226,zero_shot_Model_C
N300_D0500_Q1.0,300.0,500,1.0,extrapolated,1.92,1.95855327566279,zero_shot_Model_C
N300_D1000_Q0.05,300.0,1000,0.05,extrapolated,0.5,2.0546849796608964,zero_shot_Model_C
N300_D1000_Q0.1,300.0,1000,0.1,extrapolated,0.5,2.047661892495254,zero_shot_Model_C
N300_D1000_Q0.2,300.0,1000,0.2,extrapolated,0.5,2.0336056160689617,zero_shot_Model_C
N300_D1000_Q0.3,300.0,1000,0.3,extrapolated,0.5,2.019534434211179,zero_shot_Model_C
N300_D1000_Q0.4,300.0,1000,0.4,extrapolated,0.5189,2.005446184394076,zero_shot_Model_C
N300_D1000_Q0.5,300.0,1000,0.5,extrapolated,0.7381,1.9913379707791838,zero_shot_Model_C
N300_D1000_Q0.6,300.0,1000,0.6,extrapolated,1.0017,1.9772057129978307,zero_shot_Model_C
N300_D1000_Q0.7,300.0,1000,0.7,extrapolated,1.2048,1.9630432247779828,zero_shot_Model_C
N300_D1000_Q0.8,300.0,1000,0.8,extrapolated,1.4767,1.9488399784877184,zero_shot_Model_C
N300_D1000_Q0.9,300.0,1000,0.9,extrapolated,1.6646,1.9345737324396817,zero_shot_Model_C
N300_D1000_Q0.95,300.0,1000,0.95,extrapolated,1.8451,1.9273986749339234,zero_shot_Model_C
N300_D1000_Q1.0,300.0,1000,1.0,extrapolated,1.9425,1.9201387565289907,zero_shot_Model_C
N300_D2000_Q0.05,300.0,2000,0.05,extrapolated,0.5,2.023044454053637,zero_shot_Model_C
N300_D2000_Q0.1,300.0,2000,0.1,extrapolated,0.5,2.0160213668879945,zero_shot_Model_C
N300_D2000_Q0.2,300.0,2000,0.2,extrapolated,0.5,2.0019650904617023,zero_shot_Model_C
N300_D2000_Q0.3,300.0,2000,0.3,extrapolated,0.5,1.98789390860392,zero_shot_Model_C
N300_D2000_Q0.4,300.0,2000,0.4,extrapolated,0.5,1.9738056587868165,zero_shot_Model_C
N300_D2000_Q0.5,300.0,2000,0.5,extrapolated,0.7402,1.9596974451719245,zero_shot_Model_C
N300_D2000_Q0.6,300.0,2000,0.6,extrapolated,0.9783,1.9455651873905713,zero_shot_Model_C
N300_D2000_Q0.7,300.0,2000,0.7,extrapolated,1.1809,1.9314026991707234,zero_shot_Model_C
N300_D2000_Q0.8,300.0,2000,0.8,extrapolated,1.4119,1.917199452880459,zero_shot_Model_C
N300_D2000_Q0.9,300.0,2000,0.9,extrapolated,1.6756,1.9029332068324223,zero_shot_Model_C
N300_D2000_Q0.95,300.0,2000,0.95,extrapolated,1.7414,1.895758149326664,zero_shot_Model_C
N300_D2000_Q1.0,300.0,2000,1.0,extrapolated,1.8777,1.8884982309217313,zero_shot_Model_C
N700_D0005_Q0.05,700.0,5,0.05,extrapolated,0.5,2.6357497385654223,zero_shot_Model_C
N700_D0005_Q0.1,700.0,5,0.1,extrapolated,0.5,2.629627799743987,zero_shot_Model_C
N700_D0005_Q0.2,700.0,5,0.2,extrapolated,0.5,2.6173751162289776,zero_shot_Model_C
N700_D0005_Q0.3,700.0,5,0.3,extrapolated,0.5,2.6051094398324137,zero_shot_Model_C
N700_D0005_Q0.4,700.0,5,0.4,extrapolated,0.5981,2.5928288855053463,zero_shot_Model_C
N700_D0005_Q0.5,700.0,5,0.5,extrapolated,0.9159,2.5805309289809513,zero_shot_Model_C
N700_D0005_Q0.6,700.0,5,0.6,extrapolated,1.2092,2.5682120134519737,zero_shot_Model_C
N700_D0005_Q0.7,700.0,5,0.7,extrapolated,1.587,2.5558667464210645,zero_shot_Model_C
N700_D0005_Q0.8,700.0,5,0.8,extrapolated,1.8853,2.5434859510807835,zero_shot_Model_C
N700_D0005_Q0.9,700.0,5,0.9,extrapolated,2.2108,2.531050239625445,zero_shot_Model_C
N700_D0005_Q0.95,700.0,5,0.95,extrapolated,2.4127,2.5247958301251017,zero_shot_Model_C
N700_D0005_Q1.0,700.0,5,1.0,extrapolated,2.5391,2.5184674484212497,zero_shot_Model_C
N700_D0020_Q0.05,700.0,20,0.05,extrapolated,0.5,2.3815379584117795,zero_shot_Model_C
N700_D0020_Q0.1,700.0,20,0.1,extrapolated,0.5,2.3754160195903444,zero_shot_Model_C
N700_D0020_Q0.2,700.0,20,0.2,extrapolated,0.5,2.363163336075335,zero_shot_Model_C
N700_D0020_Q0.3,700.0,20,0.3,extrapolated,0.5,2.350897659678771,zero_shot_Model_C
N700_D0020_Q0.4,700.0,20,0.4,extrapolated,0.5501,2.3386171053517035,zero_shot_Model_C
N700_D0020_Q0.5,700.0,20,0.5,extrapolated,0.8411,2.3263191488273085,zero_shot_Model_C
N700_D0020_Q0.6,700.0,20,0.6,extrapolated,1.1236,2.314000233298331,zero_shot_Model_C
N700_D0020_Q0.7,700.0,20,0.7,extrapolated,1.4239,2.3016549662674217,zero_shot_Model_C
N700_D0020_Q0.8,700.0,20,0.8,extrapolated,1.6984,2.2892741709271407,zero_shot_Model_C
N700_D0020_Q0.9,700.0,20,0.9,extrapolated,1.9239,2.276838459471802,zero_shot_Model_C
N700_D0020_Q0.95,700.0,20,0.95,extrapolated,2.0927,2.270584049971459,zero_shot_Model_C
N700_D0020_Q1.0,700.0,20,1.0,extrapolated,2.2974,2.264255668267607,zero_shot_Model_C
N700_D0050_Q0.05,700.0,50,0.05,extrapolated,0.5,2.2602261174591454,zero_shot_Model_C
N700_D0050_Q0.1,700.0,50,0.1,extrapolated,0.5,2.2541041786377103,zero_shot_Model_C
N700_D0050_Q0.2,700.0,50,0.2,extrapolated,0.5,2.2418514951227007,zero_shot_Model_C
N700_D0050_Q0.3,700.0,50,0.3,extrapolated,0.5,2.229585818726137,zero_shot_Model_C
N700_D0050_Q0.4,700.0,50,0.4,extrapolated,0.515,2.2173052643990694,zero_shot_Model_C
N700_D0050_Q0.5,700.0,50,0.5,extrapolated,0.7581,2.2050073078746744,zero_shot_Model_C
N700_D0050_Q0.6,700.0,50,0.6,extrapolated,1.0355,2.192688392345697,zero_shot_Model_C
N700_D0050_Q0.7,700.0,50,0.7,extrapolated,1.3068,2.1803431253147876,zero_shot_Model_C
N700_D0050_Q0.8,700.0,50,0.8,extrapolated,1.584,2.1679623299745066,zero_shot_Model_C
N700_D0050_Q0.9,700.0,50,0.9,extrapolated,1.9143,2.155526618519168,zero_shot_Model_C
N700_D0050_Q0.95,700.0,50,0.95,extrapolated,2.0439,2.1492722090188248,zero_shot_Model_C
N700_D0050_Q1.0,700.0,50,1.0,extrapolated,2.071,2.142943827314973,zero_shot_Model_C
N700_D0100_Q0.05,700.0,100,0.05,extrapolated,0.5,2.187049297967164,zero_shot_Model_C
N700_D0100_Q0.1,700.0,100,0.1,extrapolated,0.5,2.1809273591457288,zero_shot_Model_C
N700_D0100_Q0.2,700.0,100,0.2,extrapolated,0.5,2.1686746756307196,zero_shot_Model_C
N700_D0100_Q0.3,700.0,100,0.3,extrapolated,0.5,2.1564089992341553,zero_shot_Model_C
N700_D0100_Q0.4,700.0,100,0.4,extrapolated,0.5,2.144128444907088,zero_shot_Model_C
N700_D0100_Q0.5,700.0,100,0.5,extrapolated,0.7348,2.131830488382693,zero_shot_Model_C
N700_D0100_Q0.6,700.0,100,0.6,extrapolated,0.9905,2.1195115728537153,zero_shot_Model_C
N700_D0100_Q0.7,700.0,100,0.7,extrapolated,1.2988,2.1071663058228065,zero_shot_Model_C
N700_D0100_Q0.8,700.0,100,0.8,extrapolated,1.5329,2.094785510482525,zero_shot_Model_C
N700_D0100_Q0.9,700.0,100,0.9,extrapolated,1.7971,2.0823497990271864,zero_shot_Model_C
N700_D0100_Q0.95,700.0,100,0.95,extrapolated,1.9362,2.0760953895268432,zero_shot_Model_C
N700_D0100_Q1.0,700.0,100,1.0,extrapolated,2.0708,2.0697670078229913,zero_shot_Model_C
N700_D0150_Q0.05,700.0,150,0.05,extrapolated,0.5,2.1503814136428923,zero_shot_Model_C
N700_D0150_Q0.1,700.0,150,0.1,extrapolated,0.5,2.144259474821457,zero_shot_Model_C
N700_D0150_Q0.2,700.0,150,0.2,extrapolated,0.5,2.1320067913064475,zero_shot_Model_C
N700_D0150_Q0.3,700.0,150,0.3,extrapolated,0.5,2.1197411149098837,zero_shot_Model_C
N700_D0150_Q0.4,700.0,150,0.4,extrapolated,0.5,2.1074605605828163,zero_shot_Model_C
N700_D0150_Q0.5,700.0,150,0.5,extrapolated,0.7523,2.0951626040584213,zero_shot_Model_C
N700_D0150_Q0.6,700.0,150,0.6,extrapolated,0.9957,2.0828436885294437,zero_shot_Model_C
N700_D0150_Q0.7,700.0,150,0.7,extrapolated,1.2155,2.0704984214985345,zero_shot_Model_C
N700_D0150_Q0.8,700.0,150,0.8,extrapolated,1.4766,2.0581176261582534,zero_shot_Model_C
N700_D0150_Q0.9,700.0,150,0.9,extrapolated,1.7601,2.045681914702915,zero_shot_Model_C
N700_D0150_Q0.95,700.0,150,0.95,extrapolated,1.8874,2.0394275052025717,zero_shot_Model_C
N700_D0150_Q1.0,700.0,150,1.0,extrapolated,2.0154,2.0330991234987197,zero_shot_Model_C
N700_D0300_Q0.05,700.0,300,0.05,extrapolated,0.5,2.0965745440905237,zero_shot_Model_C
N700_D0300_Q0.1,700.0,300,0.1,extrapolated,0.5,2.0904526052690886,zero_shot_Model_C
N700_D0300_Q0.2,700.0,300,0.2,extrapolated,0.5,2.078199921754079,zero_shot_Model_C
N700_D0300_Q0.3,700.0,300,0.3,extrapolated,0.5,2.065934245357515,zero_shot_Model_C
N700_D0300_Q0.4,700.0,300,0.4,extrapolated,0.5,2.0536536910304473,zero_shot_Model_C
N700_D0300_Q0.5,700.0,300,0.5,extrapolated,0.7304,2.0413557345060522,zero_shot_Model_C
N700_D0300_Q0.6,700.0,300,0.6,extrapolated,0.9707,2.029036818977075,zero_shot_Model_C
N700_D0300_Q0.7,700.0,300,0.7,extrapolated,1.208,2.016691551946166,zero_shot_Model_C
N700_D0300_Q0.8,700.0,300,0.8,extrapolated,1.4829,2.004310756605885,zero_shot_Model_C
N700_D0300_Q0.9,700.0,300,0.9,extrapolated,1.7289,1.9918750451505458,zero_shot_Model_C
N700_D0300_Q0.95,700.0,300,0.95,extrapolated,1.8991,1.9856206356502029,zero_shot_Model_C
N700_D0300_Q1.0,700.0,300,1.0,extrapolated,2.0155,1.9792922539463509,zero_shot_Model_C
N700_D0500_Q0.05,700.0,500,0.05,extrapolated,0.5,2.0630932080442816,zero_shot_Model_C
N700_D0500_Q0.1,700.0,500,0.1,extrapolated,0.5,2.0569712692228466,zero_shot_Model_C
N700_D0500_Q0.2,700.0,500,0.2,extrapolated,0.5,2.044718585707837,zero_shot_Model_C
N700_D0500_Q0.3,700.0,500,0.3,extrapolated,0.5,2.032452909311273,zero_shot_Model_C
N700_D0500_Q0.4,700.0,500,0.4,extrapolated,0.5,2.020172354984205,zero_shot_Model_C
N700_D0500_Q0.5,700.0,500,0.5,extrapolated,0.6974,2.00787439845981,zero_shot_Model_C
N700_D0500_Q0.6,700.0,500,0.6,extrapolated,0.9578,1.9955554829308328,zero_shot_Model_C
N700_D0500_Q0.7,700.0,500,0.7,extrapolated,1.2213,1.9832102158999239,zero_shot_Model_C
N700_D0500_Q0.8,700.0,500,0.8,extrapolated,1.432,1.9708294205596426,zero_shot_Model_C
N700_D0500_Q0.9,700.0,500,0.9,extrapolated,1.6736,1.9583937091043038,zero_shot_Model_C
N700_D0500_Q0.95,700.0,500,0.95,extrapolated,1.8314,1.9521392996039608,zero_shot_Model_C
N700_D0500_Q1.0,700.0,500,1.0,extrapolated,1.9675,1.9458109179001088,zero_shot_Model_C
N700_D1000_Q0.05,700.0,1000,0.05,extrapolated,0.5,2.024678688910482,zero_shot_Model_C
N700_D1000_Q0.1,700.0,1000,0.1,extrapolated,0.5,2.018556750089047,zero_shot_Model_C
N700_D1000_Q0.2,700.0,1000,0.2,extrapolated,0.5,2.006304066574038,zero_shot_Model_C
N700_D1000_Q0.3,700.0,1000,0.3,extrapolated,0.5,1.9940383901774736,zero_shot_Model_C
N700_D1000_Q0.4,700.0,1000,0.4,extrapolated,0.5,1.9817578358504062,zero_shot_Model_C
N700_D1000_Q0.5,700.0,1000,0.5,extrapolated,0.7003,1.969459879326011,zero_shot_Model_C
N700_D1000_Q0.6,700.0,1000,0.6,extrapolated,0.9207,1.9571409637970336,zero_shot_Model_C
N700_D1000_Q0.7,700.0,1000,0.7,extrapolated,1.1975,1.9447956967661246,zero_shot_Model_C
N700_D1000_Q0.8,700.0,1000,0.8,extrapolated,1.4235,1.9324149014258434,zero_shot_Model_C
N700_D1000_Q0.9,700.0,1000,0.9,extrapolated,1.6964,1.9199791899705045,zero_shot_Model_C
N700_D1000_Q0.95,700.0,1000,0.95,extrapolated,1.818,1.9137247804701616,zero_shot_Model_C
N700_D1000_Q1.0,700.0,1000,1.0,extrapolated,1.882,1.9073963987663096,zero_shot_Model_C
N700_D2000_Q0.05,700.0,2000,0.05,extrapolated,0.5,1.993038163303223,zero_shot_Model_C
N700_D2000_Q0.1,700.0,2000,0.1,extrapolated,0.5,1.9869162244817877,zero_shot_Model_C
N700_D2000_Q0.2,700.0,2000,0.2,extrapolated,0.5,1.9746635409667783,zero_shot_Model_C
N700_D2000_Q0.3,700.0,2000,0.3,extrapolated,0.5,1.9623978645702143,zero_shot_Model_C
N700_D2000_Q0.4,700.0,2000,0.4,extrapolated,0.5,1.9501173102431468,zero_shot_Model_C
N700_D2000_Q0.5,700.0,2000,0.5,extrapolated,0.6792,1.9378193537187516,zero_shot_Model_C
N700_D2000_Q0.6,700.0,2000,0.6,extrapolated,0.8872,1.9255004381897742,zero_shot_Model_C
N700_D2000_Q0.7,700.0,2000,0.7,extrapolated,1.1635,1.9131551711588652,zero_shot_Model_C
N700_D2000_Q0.8,700.0,2000,0.8,extrapolated,1.3899,1.900774375818584,zero_shot_Model_C
N700_D2000_Q0.9,700.0,2000,0.9,extrapolated,1.6863,1.8883386643632452,zero_shot_Model_C
N700_D2000_Q0.95,700.0,2000,0.95,extrapolated,1.7351,1.8820842548629022,zero_shot_Model_C
N700_D2000_Q1.0,700.0,2000,1.0,extrapolated,1.8865,1.8757558731590502,zero_shot_Model_C
N0.07_D0005_Q0.05,0.07,5,0.05,calibrated,1.0401,2.6427710904440187,source_intercept_control
N0.07_D0005_Q0.1,0.07,5,0.1,calibrated,1.1624,2.6155327477699295,source_intercept_control
N0.07_D0005_Q0.2,0.07,5,0.2,calibrated,1.4286,2.5610168824544446,source_intercept_control
N0.07_D0005_Q0.3,0.07,5,0.3,calibrated,1.6112,2.5064432079104746,source_intercept_control
N0.07_D0005_Q0.4,0.07,5,0.4,calibrated,1.8958,2.451803336989644,source_intercept_control
N0.07_D0005_Q0.5,0.07,5,0.5,calibrated,2.1434,2.39708603847146,source_intercept_control
N0.07_D0005_Q0.6,0.07,5,0.6,calibrated,2.4434,2.3422754870532434,source_intercept_control
N0.07_D0005_Q0.7,0.07,5,0.7,calibrated,2.6519,2.287347689896295,source_intercept_control
N0.07_D0005_Q0.8,0.07,5,0.8,calibrated,2.8801,2.232261816630856,source_intercept_control
N0.07_D0005_Q0.9,0.07,5,0.9,calibrated,3.0925,2.1769316050922165,source_intercept_control
N0.07_D0005_Q0.95,0.07,5,0.95,calibrated,3.2372,2.149103860620493,source_intercept_control
N0.07_D0005_Q1.0,0.07,5,1.0,calibrated,3.3659,2.120946991620363,source_intercept_control
N0.07_D0020_Q0.05,0.07,20,0.05,calibrated,0.9701,2.388559310290375,source_intercept_control
N0.07_D0020_Q0.1,0.07,20,0.1,calibrated,1.096,2.3613209676162863,source_intercept_control
N0.07_D0020_Q0.2,0.07,20,0.2,calibrated,1.2839,2.306805102300802,source_intercept_control
N0.07_D0020_Q0.3,0.07,20,0.3,calibrated,1.4876,2.2522314277568314,source_intercept_control
N0.07_D0020_Q0.4,0.07,20,0.4,calibrated,1.7688,2.197591556836001,source_intercept_control
N0.07_D0020_Q0.5,0.07,20,0.5,calibrated,1.9631,2.1428742583178164,source_intercept_control
N0.07_D0020_Q0.6,0.07,20,0.6,calibrated,2.1816,2.0880637068996,source_intercept_control
N0.07_D0020_Q0.7,0.07,20,0.7,calibrated,2.4162,2.033135909742652,source_intercept_control
N0.07_D0020_Q0.8,0.07,20,0.8,calibrated,2.6428,1.978050036477213,source_intercept_control
N0.07_D0020_Q0.9,0.07,20,0.9,calibrated,2.926,1.9227198249385733,source_intercept_control
N0.07_D0020_Q0.95,0.07,20,0.95,calibrated,2.984,1.8948920804668496,source_intercept_control
N0.07_D0020_Q1.0,0.07,20,1.0,calibrated,3.1277,1.86673521146672,source_intercept_control
N0.07_D0050_Q0.05,0.07,50,0.05,calibrated,0.9392,2.267247469337741,source_intercept_control
N0.07_D0050_Q0.95,0.07,50,0.95,calibrated,2.8636,1.7735802395142155,source_intercept_control
N0.07_D0100_Q0.05,0.07,100,0.05,calibrated,0.891,2.19407064984576,source_intercept_control
N0.07_D0100_Q0.1,0.07,100,0.1,calibrated,1.0093,2.1668323071716706,source_intercept_control
N0.07_D0100_Q0.2,0.07,100,0.2,calibrated,1.2339,2.1123164418561857,source_intercept_control
N0.07_D0100_Q0.3,0.07,100,0.3,calibrated,1.4034,2.0577427673122157,source_intercept_control
N0.07_D0100_Q0.4,0.07,100,0.4,calibrated,1.6433,2.0031028963913853,source_intercept_control
N0.07_D0100_Q0.5,0.07,100,0.5,calibrated,1.8327,1.9483855978732012,source_intercept_control
N0.07_D0100_Q0.6,0.07,100,0.6,calibrated,2.104,1.8935750464549845,source_intercept_control
N0.07_D0100_Q0.7,0.07,100,0.7,calibrated,2.3189,1.8386472492980364,source_intercept_control
N0.07_D0100_Q0.8,0.07,100,0.8,calibrated,2.4893,1.7835613760325972,source_intercept_control
N0.07_D0100_Q0.9,0.07,100,0.9,calibrated,2.727,1.7282311644939576,source_intercept_control
N0.07_D0100_Q0.95,0.07,100,0.95,calibrated,2.7802,1.700403420022234,source_intercept_control
N0.07_D0100_Q1.0,0.07,100,1.0,calibrated,2.8644,1.6722465510221043,source_intercept_control
N0.07_D0150_Q0.05,0.07,150,0.05,calibrated,0.8911,2.157402765521488,source_intercept_control
N0.07_D0150_Q0.95,0.07,150,0.95,calibrated,2.7592,1.6637355356979624,source_intercept_control
N0.07_D0300_Q0.05,0.07,300,0.05,calibrated,0.8812,2.1035958959691192,source_intercept_control
N0.07_D0300_Q0.95,0.07,300,0.95,calibrated,2.6843,1.6099286661455934,source_intercept_control
N0.07_D0500_Q0.05,0.07,500,0.05,calibrated,0.861,2.0701145599228767,source_intercept_control
N0.07_D0500_Q0.1,0.07,500,0.1,calibrated,0.9621,2.042876217248788,source_intercept_control
N0.07_D0500_Q0.2,0.07,500,0.2,calibrated,1.1948,1.9883603519333035,source_intercept_control
N0.07_D0500_Q0.3,0.07,500,0.3,calibrated,1.3491,1.933786677389333,source_intercept_control
N0.07_D0500_Q0.4,0.07,500,0.4,calibrated,1.5406,1.8791468064685026,source_intercept_control
N0.07_D0500_Q0.5,0.07,500,0.5,calibrated,1.7858,1.824429507950318,source_intercept_control
N0.07_D0500_Q0.6,0.07,500,0.6,calibrated,1.9945,1.7696189565321019,source_intercept_control
N0.07_D0500_Q0.7,0.07,500,0.7,calibrated,2.1765,1.7146911593751537,source_intercept_control
N0.07_D0500_Q0.8,0.07,500,0.8,calibrated,2.4124,1.6596052861097146,source_intercept_control
N0.07_D0500_Q0.9,0.07,500,0.9,calibrated,2.6083,1.604275074571075,source_intercept_control
N0.07_D0500_Q0.95,0.07,500,0.95,calibrated,2.7105,1.5764473300993513,source_intercept_control
N0.07_D0500_Q1.0,0.07,500,1.0,calibrated,2.8055,1.5482904610992216,source_intercept_control
N0.07_D1000_Q0.05,0.07,1000,0.05,calibrated,0.8471,2.031700040789078,source_intercept_control
N0.07_D1000_Q0.1,0.07,1000,0.1,calibrated,0.9414,2.004461698114989,source_intercept_control
N0.07_D1000_Q0.2,0.07,1000,0.2,calibrated,1.1388,1.949945832799504,source_intercept_control
N0.07_D1000_Q0.3,0.07,1000,0.3,calibrated,1.3853,1.895372158255534,source_intercept_control
N0.07_D1000_Q0.4,0.07,1000,0.4,calibrated,1.5663,1.8407322873347036,source_intercept_control
N0.07_D1000_Q0.5,0.07,1000,0.5,calibrated,1.7504,1.7860149888165195,source_intercept_control
N0.07_D1000_Q0.6,0.07,1000,0.6,calibrated,1.9928,1.7312044373983029,source_intercept_control
N0.07_D1000_Q0.7,0.07,1000,0.7,calibrated,2.1482,1.6762766402413547,source_intercept_control
N0.07_D1000_Q0.8,0.07,1000,0.8,calibrated,2.3195,1.6211907669759156,source_intercept_control
N0.07_D1000_Q0.9,0.07,1000,0.9,calibrated,2.523,1.565860555437276,source_intercept_control
N0.07_D1000_Q0.95,0.07,1000,0.95,calibrated,2.6048,1.5380328109655523,source_intercept_control
N0.07_D1000_Q1.0,0.07,1000,1.0,calibrated,2.7431,1.5098759419654226,source_intercept_control
N0.07_D2000_Q0.05,0.07,2000,0.05,calibrated,0.8539,2.000059515181819,source_intercept_control
N0.07_D2000_Q0.1,0.07,2000,0.1,calibrated,0.9243,1.9728211725077296,source_intercept_control
N0.07_D2000_Q0.2,0.07,2000,0.2,calibrated,1.1409,1.9183053071922447,source_intercept_control
N0.07_D2000_Q0.3,0.07,2000,0.3,calibrated,1.3364,1.8637316326482747,source_intercept_control
N0.07_D2000_Q0.4,0.07,2000,0.4,calibrated,1.5027,1.8090917617274442,source_intercept_control
N0.07_D2000_Q0.5,0.07,2000,0.5,calibrated,1.7429,1.7543744632092602,source_intercept_control
N0.07_D2000_Q0.6,0.07,2000,0.6,calibrated,1.9258,1.6995639117910435,source_intercept_control
N0.07_D2000_Q0.7,0.07,2000,0.7,calibrated,2.1457,1.6446361146340953,source_intercept_control
N0.07_D2000_Q0.8,0.07,2000,0.8,calibrated,2.3261,1.5895502413686562,source_intercept_control
N0.07_D2000_Q0.9,0.07,2000,0.9,calibrated,2.5085,1.5342200298300166,source_intercept_control
N0.07_D2000_Q0.95,0.07,2000,0.95,calibrated,2.5794,1.506392285358293,source_intercept_control
N0.07_D2000_Q1.0,0.07,2000,1.0,calibrated,2.7374,1.4782354163581632,source_intercept_control
N0.16_D0005_Q0.05,0.16,5,0.05,calibrated,0.8104,2.3631452418283536,source_intercept_control
N0.16_D0005_Q0.1,0.16,5,0.1,calibrated,0.9548,2.339322434220515,source_intercept_control
N0.16_D0005_Q0.2,0.16,5,0.2,calibrated,1.1752,2.291642551985203,source_intercept_control
N0.16_D0005_Q0.3,0.16,5,0.3,calibrated,1.4476,2.243912109473715,source_intercept_control
N0.16_D0005_Q0.4,0.16,5,0.4,calibrated,1.6751,2.19612377123894,source_intercept_control
N0.16_D0005_Q0.5,0.16,5,0.5,calibrated,1.9108,2.148267714392303,source_intercept_control
N0.16_D0005_Q0.6,0.16,5,0.6,calibrated,2.1591,2.1003300980351285,source_intercept_control
N0.16_D0005_Q0.7,0.16,5,0.7,calibrated,2.4836,2.0522899378958286,source_intercept_control
N0.16_D0005_Q0.8,0.16,5,0.8,calibrated,2.5952,2.004111523503506,source_intercept_control
N0.16_D0005_Q0.9,0.16,5,0.9,calibrated,2.8737,1.9557194094840318,source_intercept_control
N0.16_D0005_Q0.95,0.16,5,0.95,calibrated,2.9535,1.93138110775099,source_intercept_control
N0.16_D0005_Q1.0,0.16,5,1.0,calibrated,3.1013,1.9067549518554148,source_intercept_control
N0.16_D0020_Q0.05,0.16,20,0.05,calibrated,0.7755,2.108933461674711,source_intercept_control
N0.16_D0020_Q0.1,0.16,20,0.1,calibrated,0.8548,2.085110654066872,source_intercept_control
N0.16_D0020_Q0.2,0.16,20,0.2,calibrated,1.0782,2.03743077183156,source_intercept_control
N0.16_D0020_Q0.3,0.16,20,0.3,calibrated,1.3357,1.9897003293200721,source_intercept_control
N0.16_D0020_Q0.4,0.16,20,0.4,calibrated,1.5464,1.941911991085297,source_intercept_control
N0.16_D0020_Q0.5,0.16,20,0.5,calibrated,1.7183,1.89405593423866,source_intercept_control
N0.16_D0020_Q0.6,0.16,20,0.6,calibrated,1.9486,1.8461183178814857,source_intercept_control
N0.16_D0020_Q0.7,0.16,20,0.7,calibrated,2.2366,1.7980781577421858,source_intercept_control
N0.16_D0020_Q0.8,0.16,20,0.8,calibrated,2.4177,1.749899743349863,source_intercept_control
N0.16_D0020_Q0.9,0.16,20,0.9,calibrated,2.6607,1.701507629330389,source_intercept_control
N0.16_D0020_Q0.95,0.16,20,0.95,calibrated,2.8283,1.6771693275973472,source_intercept_control
N0.16_D0020_Q1.0,0.16,20,1.0,calibrated,2.8913,1.652543171701772,source_intercept_control
N0.16_D0050_Q0.05,0.16,50,0.05,calibrated,0.7379,1.9876216207220767,source_intercept_control
N0.16_D0050_Q0.95,0.16,50,0.95,calibrated,2.6024,1.555857486644713,source_intercept_control
N0.16_D0100_Q0.05,0.16,100,0.05,calibrated,0.7109,1.9144448012300952,source_intercept_control
N0.16_D0100_Q0.1,0.16,100,0.1,calibrated,0.8001,1.8906219936222564,source_intercept_control
N0.16_D0100_Q0.2,0.16,100,0.2,calibrated,1.0158,1.8429421113869444,source_intercept_control
N0.16_D0100_Q0.3,0.16,100,0.3,calibrated,1.2359,1.795211668875457,source_intercept_control
N0.16_D0100_Q0.4,0.16,100,0.4,calibrated,1.4134,1.747423330640681,source_intercept_control
N0.16_D0100_Q0.5,0.16,100,0.5,calibrated,1.6514,1.6995672737940444,source_intercept_control
N0.16_D0100_Q0.6,0.16,100,0.6,calibrated,1.8608,1.65162965743687,source_intercept_control
N0.16_D0100_Q0.7,0.16,100,0.7,calibrated,2.0787,1.6035894972975702,source_intercept_control
N0.16_D0100_Q0.8,0.16,100,0.8,calibrated,2.2318,1.5554110829052474,source_intercept_control
N0.16_D0100_Q0.9,0.16,100,0.9,calibrated,2.4932,1.5070189688857734,source_intercept_control
N0.16_D0100_Q0.95,0.16,100,0.95,calibrated,2.6163,1.4826806671527315,source_intercept_control
N0.16_D0100_Q1.0,0.16,100,1.0,calibrated,2.678,1.4580545112571563,source_intercept_control
N0.16_D0150_Q0.05,0.16,150,0.05,calibrated,0.6932,1.8777769169058236,source_intercept_control
N0.16_D0150_Q0.95,0.16,150,0.95,calibrated,2.5091,1.44601278282846,source_intercept_control
N0.16_D0300_Q0.05,0.16,300,0.05,calibrated,0.6809,1.823970047353455,source_intercept_control
N0.16_D0300_Q0.95,0.16,300,0.95,calibrated,2.4941,1.3922059132760913,source_intercept_control
N0.16_D0500_Q0.05,0.16,500,0.05,calibrated,0.6974,1.7904887113072125,source_intercept_control
N0.16_D0500_Q0.1,0.16,500,0.1,calibrated,0.7769,1.7666659036993737,source_intercept_control
N0.16_D0500_Q0.2,0.16,500,0.2,calibrated,0.9664,1.7189860214640618,source_intercept_control
N0.16_D0500_Q0.3,0.16,500,0.3,calibrated,1.1736,1.6712555789525738,source_intercept_control
N0.16_D0500_Q0.4,0.16,500,0.4,calibrated,1.351,1.6234672407177988,source_intercept_control
N0.16_D0500_Q0.5,0.16,500,0.5,calibrated,1.5896,1.5756111838711617,source_intercept_control
N0.16_D0500_Q0.6,0.16,500,0.6,calibrated,1.7639,1.5276735675139874,source_intercept_control
N0.16_D0500_Q0.7,0.16,500,0.7,calibrated,1.9757,1.4796334073746875,source_intercept_control
N0.16_D0500_Q0.8,0.16,500,0.8,calibrated,2.1303,1.4314549929823648,source_intercept_control
N0.16_D0500_Q0.9,0.16,500,0.9,calibrated,2.3645,1.3830628789628907,source_intercept_control
N0.16_D0500_Q0.95,0.16,500,0.95,calibrated,2.4958,1.3587245772298489,source_intercept_control
N0.16_D0500_Q1.0,0.16,500,1.0,calibrated,2.5293,1.3340984213342737,source_intercept_control
N0.16_D1000_Q0.05,0.16,1000,0.05,calibrated,0.6787,1.7520741921734135,source_intercept_control
N0.16_D1000_Q0.1,0.16,1000,0.1,calibrated,0.7577,1.7282513845655747,source_intercept_control
N0.16_D1000_Q0.2,0.16,1000,0.2,calibrated,0.9466,1.6805715023302628,source_intercept_control
N0.16_D1000_Q0.3,0.16,1000,0.3,calibrated,1.1493,1.6328410598187753,source_intercept_control
N0.16_D1000_Q0.4,0.16,1000,0.4,calibrated,1.3709,1.5850527215839993,source_intercept_control
N0.16_D1000_Q0.5,0.16,1000,0.5,calibrated,1.5609,1.5371966647373627,source_intercept_control
N0.16_D1000_Q0.6,0.16,1000,0.6,calibrated,1.7116,1.4892590483801884,source_intercept_control
N0.16_D1000_Q0.7,0.16,1000,0.7,calibrated,2.0044,1.4412188882408885,source_intercept_control
N0.16_D1000_Q0.8,0.16,1000,0.8,calibrated,2.0871,1.3930404738485658,source_intercept_control
N0.16_D1000_Q0.9,0.16,1000,0.9,calibrated,2.3054,1.3446483598290917,source_intercept_control
N0.16_D1000_Q0.95,0.16,1000,0.95,calibrated,2.4884,1.3203100580960498,source_intercept_control
N0.16_D1000_Q1.0,0.16,1000,1.0,calibrated,2.5056,1.2956839022004747,source_intercept_control
N0.16_D2000_Q0.05,0.16,2000,0.05,calibrated,0.6532,1.7204336665661542,source_intercept_control
N0.16_D2000_Q0.1,0.16,2000,0.1,calibrated,0.7317,1.6966108589583153,source_intercept_control
N0.16_D2000_Q0.2,0.16,2000,0.2,calibrated,0.9418,1.6489309767230034,source_intercept_control
N0.16_D2000_Q0.3,0.16,2000,0.3,calibrated,1.1205,1.6012005342115159,source_intercept_control
N0.16_D2000_Q0.4,0.16,2000,0.4,calibrated,1.335,1.55341219597674,source_intercept_control
N0.16_D2000_Q0.5,0.16,2000,0.5,calibrated,1.5166,1.5055561391301033,source_intercept_control
N0.16_D2000_Q0.6,0.16,2000,0.6,calibrated,1.6953,1.457618522772929,source_intercept_control
N0.16_D2000_Q0.7,0.16,2000,0.7,calibrated,1.9296,1.4095783626336291,source_intercept_control
N0.16_D2000_Q0.8,0.16,2000,0.8,calibrated,2.0992,1.3613999482413064,source_intercept_control
N0.16_D2000_Q0.9,0.16,2000,0.9,calibrated,2.246,1.3130078342218323,source_intercept_control
N0.16_D2000_Q0.95,0.16,2000,0.95,calibrated,2.3649,1.2886695324887905,source_intercept_control
N0.16_D2000_Q1.0,0.16,2000,1.0,calibrated,2.4771,1.2640433765932153,source_intercept_control
N0.41_D0005_Q0.05,0.41,5,0.05,calibrated,0.622,2.117883633600768,source_intercept_control
N0.41_D0005_Q0.1,0.41,5,0.1,calibrated,0.7497,2.0974305122722736,source_intercept_control
N0.41_D0005_Q0.2,0.41,5,0.2,calibrated,1.0023,2.056494849593864,source_intercept_control
N0.41_D0005_Q0.3,0.41,5,0.3,calibrated,1.2344,2.0155157782845303,source_intercept_control
N0.41_D0005_Q0.4,0.41,5,0.4,calibrated,1.4755,1.9744870004808024,source_intercept_control
N0.41_D0005_Q0.5,0.41,5,0.5,calibrated,1.6916,1.9334000827211386,source_intercept_control
N0.41_D0005_Q0.6,0.41,5,0.6,calibrated,1.98,1.8922431418730135,source_intercept_control
N0.41_D0005_Q0.7,0.41,5,0.7,calibrated,2.2447,1.8509981618461393,source_intercept_control
N0.41_D0005_Q0.8,0.41,5,0.8,calibrated,2.4492,1.8096344833409912,source_intercept_control
N0.41_D0005_Q0.9,0.41,5,0.9,calibrated,2.6707,1.7680873325737179,source_intercept_control
N0.41_D0005_Q0.95,0.41,5,0.95,calibrated,2.861,1.7471916326851962,source_intercept_control
N0.41_D0005_Q1.0,0.41,5,1.0,calibrated,3.0229,1.7260487950030048,source_intercept_control
N0.41_D0020_Q0.05,0.41,20,0.05,calibrated,0.581,1.863671853447125,source_intercept_control
N0.41_D0020_Q0.1,0.41,20,0.1,calibrated,0.695,1.8432187321186309,source_intercept_control
N0.41_D0020_Q0.2,0.41,20,0.2,calibrated,0.9131,1.8022830694402212,source_intercept_control
N0.41_D0020_Q0.3,0.41,20,0.3,calibrated,1.1552,1.7613039981308876,source_intercept_control
N0.41_D0020_Q0.4,0.41,20,0.4,calibrated,1.3143,1.7202752203271596,source_intercept_control
N0.41_D0020_Q0.5,0.41,20,0.5,calibrated,1.5963,1.6791883025674958,source_intercept_control
N0.41_D0020_Q0.6,0.41,20,0.6,calibrated,1.7915,1.6380313617193707,source_intercept_control
N0.41_D0020_Q0.7,0.41,20,0.7,calibrated,2.0338,1.5967863816924965,source_intercept_control
N0.41_D0020_Q0.8,0.41,20,0.8,calibrated,2.246,1.5554227031873484,source_intercept_control
N0.41_D0020_Q0.9,0.41,20,0.9,calibrated,2.474,1.513875552420075,source_intercept_control
N0.41_D0020_Q0.95,0.41,20,0.95,calibrated,2.5494,1.4929798525315534,source_intercept_control
N0.41_D0020_Q1.0,0.41,20,1.0,calibrated,2.7188,1.471837014849362,source_intercept_control
N0.41_D0050_Q0.05,0.41,50,0.05,calibrated,0.536,1.742360012494491,source_intercept_control
N0.41_D0050_Q0.95,0.41,50,0.95,calibrated,2.4497,1.3716680115789193,source_intercept_control
N0.41_D0100_Q0.05,0.41,100,0.05,calibrated,0.535,1.6691831930025094,source_intercept_control
N0.41_D0100_Q0.1,0.41,100,0.1,calibrated,0.6432,1.6487300716740152,source_intercept_control
N0.41_D0100_Q0.2,0.41,100,0.2,calibrated,0.8168,1.6077944089956056,source_intercept_control
N0.41_D0100_Q0.3,0.41,100,0.3,calibrated,1.0559,1.566815337686272,source_intercept_control
N0.41_D0100_Q0.4,0.41,100,0.4,calibrated,1.2365,1.525786559882544,source_intercept_control
N0.41_D0100_Q0.5,0.41,100,0.5,calibrated,1.477,1.4846996421228802,source_intercept_control
N0.41_D0100_Q0.6,0.41,100,0.6,calibrated,1.6841,1.443542701274755,source_intercept_control
N0.41_D0100_Q0.7,0.41,100,0.7,calibrated,1.8979,1.4022977212478809,source_intercept_control
N0.41_D0100_Q0.8,0.41,100,0.8,calibrated,2.0213,1.3609340427427328,source_intercept_control
N0.41_D0100_Q0.9,0.41,100,0.9,calibrated,2.2729,1.3193868919754594,source_intercept_control
N0.41_D0100_Q0.95,0.41,100,0.95,calibrated,2.4488,1.2984911920869373,source_intercept_control
N0.41_D0100_Q1.0,0.41,100,1.0,calibrated,2.488,1.2773483544047464,source_intercept_control
N0.41_D0150_Q0.05,0.41,150,0.05,calibrated,0.5231,1.6325153086782378,source_intercept_control
N0.41_D0150_Q0.95,0.41,150,0.95,calibrated,2.3801,1.2618233077626662,source_intercept_control
N0.41_D0300_Q0.05,0.41,300,0.05,calibrated,0.5209,1.5787084391258692,source_intercept_control
N0.41_D0300_Q0.95,0.41,300,0.95,calibrated,2.3692,1.2080164382102976,source_intercept_control
N0.41_D0500_Q0.05,0.41,500,0.05,calibrated,0.5057,1.5452271030796267,source_intercept_control
N0.41_D0500_Q0.1,0.41,500,0.1,calibrated,0.6047,1.5247739817511325,source_intercept_control
N0.41_D0500_Q0.2,0.41,500,0.2,calibrated,0.8045,1.483838319072723,source_intercept_control
N0.41_D0500_Q0.3,0.41,500,0.3,calibrated,1.0122,1.4428592477633893,source_intercept_control
N0.41_D0500_Q0.4,0.41,500,0.4,calibrated,1.2031,1.4018304699596613,source_intercept_control
N0.41_D0500_Q0.5,0.41,500,0.5,calibrated,1.427,1.3607435521999975,source_intercept_control
N0.41_D0500_Q0.6,0.41,500,0.6,calibrated,1.5817,1.3195866113518724,source_intercept_control
N0.41_D0500_Q0.7,0.41,500,0.7,calibrated,1.7811,1.2783416313249982,source_intercept_control
N0.41_D0500_Q0.8,0.41,500,0.8,calibrated,1.9863,1.2369779528198501,source_intercept_control
N0.41_D0500_Q0.9,0.41,500,0.9,calibrated,2.1829,1.1954308020525768,source_intercept_control
N0.41_D0500_Q0.95,0.41,500,0.95,calibrated,2.3182,1.174535102164055,source_intercept_control
N0.41_D0500_Q1.0,0.41,500,1.0,calibrated,2.3631,1.1533922644818637,source_intercept_control
N0.41_D1000_Q0.05,0.41,1000,0.05,calibrated,0.5,1.5068125839458277,source_intercept_control
N0.41_D1000_Q0.1,0.41,1000,0.1,calibrated,0.5885,1.4863594626173335,source_intercept_control
N0.41_D1000_Q0.2,0.41,1000,0.2,calibrated,0.7592,1.445423799938924,source_intercept_control
N0.41_D1000_Q0.3,0.41,1000,0.3,calibrated,0.9951,1.4044447286295902,source_intercept_control
N0.41_D1000_Q0.4,0.41,1000,0.4,calibrated,1.2144,1.3634159508258623,source_intercept_control
N0.41_D1000_Q0.5,0.41,1000,0.5,calibrated,1.3941,1.3223290330661985,source_intercept_control
N0.41_D1000_Q0.6,0.41,1000,0.6,calibrated,1.5743,1.2811720922180734,source_intercept_control
N0.41_D1000_Q0.7,0.41,1000,0.7,calibrated,1.759,1.2399271121911992,source_intercept_control
N0.41_D1000_Q0.8,0.41,1000,0.8,calibrated,1.9279,1.1985634336860511,source_intercept_control
N0.41_D1000_Q0.9,0.41,1000,0.9,calibrated,2.1495,1.1570162829187778,source_intercept_control
N0.41_D1000_Q0.95,0.41,1000,0.95,calibrated,2.2212,1.1361205830302556,source_intercept_control
N0.41_D1000_Q1.0,0.41,1000,1.0,calibrated,2.4128,1.1149777453480647,source_intercept_control
N0.41_D2000_Q0.05,0.41,2000,0.05,calibrated,0.5,1.4751720583385683,source_intercept_control
N0.41_D2000_Q0.1,0.41,2000,0.1,calibrated,0.5802,1.4547189370100742,source_intercept_control
N0.41_D2000_Q0.2,0.41,2000,0.2,calibrated,0.7774,1.4137832743316645,source_intercept_control
N0.41_D2000_Q0.3,0.41,2000,0.3,calibrated,0.9982,1.3728042030223309,source_intercept_control
N0.41_D2000_Q0.4,0.41,2000,0.4,calibrated,1.2122,1.331775425218603,source_intercept_control
N0.41_D2000_Q0.5,0.41,2000,0.5,calibrated,1.3202,1.2906885074589391,source_intercept_control
N0.41_D2000_Q0.6,0.41,2000,0.6,calibrated,1.5758,1.249531566610814,source_intercept_control
N0.41_D2000_Q0.7,0.41,2000,0.7,calibrated,1.7331,1.2082865865839398,source_intercept_control
N0.41_D2000_Q0.8,0.41,2000,0.8,calibrated,1.9375,1.1669229080787917,source_intercept_control
N0.41_D2000_Q0.9,0.41,2000,0.9,calibrated,2.0973,1.1253757573115184,source_intercept_control
N0.41_D2000_Q0.95,0.41,2000,0.95,calibrated,2.2225,1.1044800574229963,source_intercept_control
N0.41_D2000_Q1.0,0.41,2000,1.0,calibrated,2.3248,1.0833372197408053,source_intercept_control
N0.7_D0005_Q0.05,0.7,5,0.05,calibrated,0.5148,2.0056413893533493,source_intercept_control
N0.7_D0005_Q0.1,0.7,5,0.1,calibrated,0.651,1.986886791519455,source_intercept_control
N0.7_D0005_Q0.2,0.7,5,0.2,calibrated,0.8807,1.9493506190073413,source_intercept_control
N0.7_D0005_Q0.3,0.7,5,0.3,calibrated,1.1486,1.9117746427213969,source_intercept_control
N0.7_D0005_Q0.4,0.7,5,0.4,calibrated,1.3678,1.874153087802386,source_intercept_control
N0.7_D0005_Q0.5,0.7,5,0.5,calibrated,1.6627,1.8364782211431199,source_intercept_control
N0.7_D0005_Q0.6,0.7,5,0.6,calibrated,1.8832,1.7987391464423492,source_intercept_control
N0.7_D0005_Q0.7,0.7,5,0.7,calibrated,2.1501,1.7609193437507469,source_intercept_control
N0.7_D0005_Q0.8,0.7,5,0.8,calibrated,2.3581,1.7229906998613758,source_intercept_control
N0.7_D0005_Q0.9,0.7,5,0.9,calibrated,2.6571,1.6848938201103687,source_intercept_control
N0.7_D0005_Q0.95,0.7,5,0.95,calibrated,2.7097,1.6657333975238644,source_intercept_control
N0.7_D0005_Q1.0,0.7,5,1.0,calibrated,2.862,1.646346360629677,source_intercept_control
N0.7_D0020_Q0.05,0.7,20,0.05,calibrated,0.5,1.7514296091997061,source_intercept_control
N0.7_D0020_Q0.1,0.7,20,0.1,calibrated,0.5886,1.7326750113658118,source_intercept_control
N0.7_D0020_Q0.2,0.7,20,0.2,calibrated,0.82,1.695138838853698,source_intercept_control
N0.7_D0020_Q0.3,0.7,20,0.3,calibrated,1.0213,1.6575628625677536,source_intercept_control
N0.7_D0020_Q0.4,0.7,20,0.4,calibrated,1.2544,1.6199413076487428,source_intercept_control
N0.7_D0020_Q0.5,0.7,20,0.5,calibrated,1.5102,1.5822664409894767,source_intercept_control
N0.7_D0020_Q0.6,0.7,20,0.6,calibrated,1.733,1.544527366288706,source_intercept_control
N0.7_D0020_Q0.7,0.7,20,0.7,calibrated,1.9575,1.5067075635971037,source_intercept_control
N0.7_D0020_Q0.8,0.7,20,0.8,calibrated,2.1359,1.4687789197077326,source_intercept_control
N0.7_D0020_Q0.9,0.7,20,0.9,calibrated,2.4142,1.4306820399567255,source_intercept_control
N0.7_D0020_Q0.95,0.7,20,0.95,calibrated,2.5456,1.4115216173702212,source_intercept_control
N0.7_D0020_Q1.0,0.7,20,1.0,calibrated,2.5856,1.392134580476034,source_intercept_control
N0.7_D0050_Q0.05,0.7,50,0.05,calibrated,0.5,1.630117768247072,source_intercept_control
N0.7_D0050_Q0.95,0.7,50,0.95,calibrated,2.3802,1.290209776417587,source_intercept_control
N0.7_D0100_Q0.05,0.7,100,0.05,calibrated,0.5,1.5569409487550905,source_intercept_control
N0.7_D0100_Q0.1,0.7,100,0.1,calibrated,0.5313,1.5381863509211962,source_intercept_control
N0.7_D0100_Q0.2,0.7,100,0.2,calibrated,0.7638,1.5006501784090824,source_intercept_control
N0.7_D0100_Q0.3,0.7,100,0.3,calibrated,0.9699,1.463074202123138,source_intercept_control
N0.7_D0100_Q0.4,0.7,100,0.4,calibrated,1.1979,1.4254526472041271,source_intercept_control
N0.7_D0100_Q0.5,0.7,100,0.5,calibrated,1.3973,1.387777780544861,source_intercept_control
N0.7_D0100_Q0.6,0.7,100,0.6,calibrated,1.5891,1.3500387058440904,source_intercept_control
N0.7_D0100_Q0.7,0.7,100,0.7,calibrated,1.8109,1.312218903152488,source_intercept_control
N0.7_D0100_Q0.8,0.7,100,0.8,calibrated,2.017,1.274290259263117,source_intercept_control
N0.7_D0100_Q0.9,0.7,100,0.9,calibrated,2.1928,1.2361933795121098,source_intercept_control
N0.7_D0100_Q0.95,0.7,100,0.95,calibrated,2.3158,1.2170329569256055,source_intercept_control
N0.7_D0100_Q1.0,0.7,100,1.0,calibrated,2.4334,1.1976459200314182,source_intercept_control
N0.7_D0150_Q0.05,0.7,150,0.05,calibrated,0.5,1.5202730644308189,source_intercept_control
N0.7_D0150_Q0.95,0.7,150,0.95,calibrated,2.3482,1.180365072601334,source_intercept_control
N0.7_D0300_Q0.05,0.7,300,0.05,calibrated,0.5,1.4664661948784499,source_intercept_control
N0.7_D0300_Q0.95,0.7,300,0.95,calibrated,2.2639,1.126558203048965,source_intercept_control
N0.7_D0500_Q0.05,0.7,500,0.05,calibrated,0.5,1.4329848588322078,source_intercept_control
N0.7_D0500_Q0.1,0.7,500,0.1,calibrated,0.5138,1.4142302609983135,source_intercept_control
N0.7_D0500_Q0.2,0.7,500,0.2,calibrated,0.701,1.3766940884861998,source_intercept_control
N0.7_D0500_Q0.3,0.7,500,0.3,calibrated,0.9241,1.3391181122002553,source_intercept_control
N0.7_D0500_Q0.4,0.7,500,0.4,calibrated,1.1327,1.3014965572812445,source_intercept_control
N0.7_D0500_Q0.5,0.7,500,0.5,calibrated,1.3085,1.2638216906219784,source_intercept_control
N0.7_D0500_Q0.6,0.7,500,0.6,calibrated,1.5486,1.2260826159212077,source_intercept_control
N0.7_D0500_Q0.7,0.7,500,0.7,calibrated,1.7063,1.1882628132296054,source_intercept_control
N0.7_D0500_Q0.8,0.7,500,0.8,calibrated,1.8982,1.1503341693402342,source_intercept_control
N0.7_D0500_Q0.9,0.7,500,0.9,calibrated,2.0978,1.1122372895892272,source_intercept_control
N0.7_D0500_Q0.95,0.7,500,0.95,calibrated,2.1997,1.0930768670027229,source_intercept_control
N0.7_D0500_Q1.0,0.7,500,1.0,calibrated,2.2912,1.0736898301085356,source_intercept_control
N0.7_D1000_Q0.05,0.7,1000,0.05,calibrated,0.5,1.3945703396984088,source_intercept_control
N0.7_D1000_Q0.1,0.7,1000,0.1,calibrated,0.5071,1.3758157418645145,source_intercept_control
N0.7_D1000_Q0.2,0.7,1000,0.2,calibrated,0.7115,1.3382795693524008,source_intercept_control
N0.7_D1000_Q0.3,0.7,1000,0.3,calibrated,0.9132,1.3007035930664563,source_intercept_control
N0.7_D1000_Q0.4,0.7,1000,0.4,calibrated,1.1056,1.2630820381474455,source_intercept_control
N0.7_D1000_Q0.5,0.7,1000,0.5,calibrated,1.322,1.2254071714881793,source_intercept_control
N0.7_D1000_Q0.6,0.7,1000,0.6,calibrated,1.4614,1.1876680967874087,source_intercept_control
N0.7_D1000_Q0.7,0.7,1000,0.7,calibrated,1.7068,1.1498482940958064,source_intercept_control
N0.7_D1000_Q0.8,0.7,1000,0.8,calibrated,1.8896,1.1119196502064352,source_intercept_control
N0.7_D1000_Q0.9,0.7,1000,0.9,calibrated,2.0683,1.0738227704554282,source_intercept_control
N0.7_D1000_Q0.95,0.7,1000,0.95,calibrated,2.1816,1.0546623478689239,source_intercept_control
N0.7_D1000_Q1.0,0.7,1000,1.0,calibrated,2.297,1.0352753109747366,source_intercept_control
N0.7_D2000_Q0.05,0.7,2000,0.05,calibrated,0.5,1.3629298140911494,source_intercept_control
N0.7_D2000_Q0.1,0.7,2000,0.1,calibrated,0.5001,1.3441752162572551,source_intercept_control
N0.7_D2000_Q0.2,0.7,2000,0.2,calibrated,0.6784,1.3066390437451414,source_intercept_control
N0.7_D2000_Q0.3,0.7,2000,0.3,calibrated,0.8706,1.269063067459197,source_intercept_control
N0.7_D2000_Q0.4,0.7,2000,0.4,calibrated,1.0904,1.231441512540186,source_intercept_control
N0.7_D2000_Q0.5,0.7,2000,0.5,calibrated,1.2499,1.19376664588092,source_intercept_control
N0.7_D2000_Q0.6,0.7,2000,0.6,calibrated,1.4277,1.1560275711801493,source_intercept_control
N0.7_D2000_Q0.7,0.7,2000,0.7,calibrated,1.6336,1.118207768488547,source_intercept_control
N0.7_D2000_Q0.8,0.7,2000,0.8,calibrated,1.8579,1.0802791245991759,source_intercept_control
N0.7_D2000_Q0.9,0.7,2000,0.9,calibrated,2.0246,1.0421822448481688,source_intercept_control
N0.7_D2000_Q0.95,0.7,2000,0.95,calibrated,2.1556,1.0230218222616645,source_intercept_control
N0.7_D2000_Q1.0,0.7,2000,1.0,calibrated,2.2183,1.0036347853674772,source_intercept_control
N1.0_D0005_Q0.05,1.0,5,0.05,calibrated,0.5,1.9398253943497115,source_intercept_control
N1.0_D0005_Q0.1,1.0,5,0.1,calibrated,0.5747,1.9221242093007378,source_intercept_control
N1.0_D0005_Q0.2,1.0,5,0.2,calibrated,0.8142,1.8866963776003791,source_intercept_control
N1.0_D0005_Q0.3,1.0,5,0.3,calibrated,1.0733,1.85123097783418,source_intercept_control
N1.0_D0005_Q0.4,1.0,5,0.4,calibrated,1.3204,1.8157225595065953,source_intercept_control
N1.0_D0005_Q0.5,1.0,5,0.5,calibrated,1.5528,1.78016382386547,source_intercept_control
N1.0_D0005_Q0.6,1.0,5,0.6,calibrated,1.8086,1.7445444866356365,source_intercept_control
N1.0_D0005_Q0.7,1.0,5,0.7,calibrated,2.0374,1.7088489557642763,source_intercept_control
N1.0_D0005_Q0.8,1.0,5,0.8,calibrated,2.3623,1.6730506971138546,source_intercept_control
N1.0_D0005_Q0.9,1.0,5,0.9,calibrated,2.5719,1.6370936521143435,source_intercept_control
N1.0_D0005_Q0.95,1.0,5,0.95,calibrated,2.7672,1.61900943677557,source_intercept_control
N1.0_D0005_Q1.0,1.0,5,1.0,calibrated,2.8125,1.6007113356563294,source_intercept_control
N1.0_D0020_Q0.05,1.0,20,0.05,calibrated,0.5,1.6856136141960687,source_intercept_control
N1.0_D0020_Q0.1,1.0,20,0.1,calibrated,0.5188,1.667912429147095,source_intercept_control
N1.0_D0020_Q0.2,1.0,20,0.2,calibrated,0.7381,1.6324845974467364,source_intercept_control
N1.0_D0020_Q0.3,1.0,20,0.3,calibrated,0.9701,1.5970191976805372,source_intercept_control
N1.0_D0020_Q0.4,1.0,20,0.4,calibrated,1.2279,1.5615107793529526,source_intercept_control
N1.0_D0020_Q0.5,1.0,20,0.5,calibrated,1.4233,1.5259520437118272,source_intercept_control
N1.0_D0020_Q0.6,1.0,20,0.6,calibrated,1.6574,1.4903327064819938,source_intercept_control
N1.0_D0020_Q0.7,1.0,20,0.7,calibrated,1.8968,1.4546371756106335,source_intercept_control
N1.0_D0020_Q0.8,1.0,20,0.8,calibrated,2.0844,1.4188389169602118,source_intercept_control
N1.0_D0020_Q0.9,1.0,20,0.9,calibrated,2.3062,1.3828818719607008,source_intercept_control
N1.0_D0020_Q0.95,1.0,20,0.95,calibrated,2.4517,1.3647976566219273,source_intercept_control
N1.0_D0020_Q1.0,1.0,20,1.0,calibrated,2.6133,1.3464995555026866,source_intercept_control
N1.0_D0050_Q0.05,1.0,50,0.05,calibrated,0.5,1.5643017732434346,source_intercept_control
N1.0_D0050_Q0.95,1.0,50,0.95,calibrated,2.3371,1.2434858156692932,source_intercept_control
N1.0_D0100_Q0.05,1.0,100,0.05,calibrated,0.5,1.491124953751453,source_intercept_control
N1.0_D0100_Q0.1,1.0,100,0.1,calibrated,0.5,1.4734237687024794,source_intercept_control
N1.0_D0100_Q0.2,1.0,100,0.2,calibrated,0.7102,1.4379959370021207,source_intercept_control
N1.0_D0100_Q0.3,1.0,100,0.3,calibrated,0.9137,1.4025305372359216,source_intercept_control
N1.0_D0100_Q0.4,1.0,100,0.4,calibrated,1.1107,1.367022118908337,source_intercept_control
N1.0_D0100_Q0.5,1.0,100,0.5,calibrated,1.3086,1.3314633832672116,source_intercept_control
N1.0_D0100_Q0.6,1.0,100,0.6,calibrated,1.5225,1.2958440460373781,source_intercept_control
N1.0_D0100_Q0.7,1.0,100,0.7,calibrated,1.7077,1.260148515166018,source_intercept_control
N1.0_D0100_Q0.8,1.0,100,0.8,calibrated,1.9487,1.2243502565155961,source_intercept_control
N1.0_D0100_Q0.9,1.0,100,0.9,calibrated,2.2185,1.1883932115160851,source_intercept_control
N1.0_D0100_Q0.95,1.0,100,0.95,calibrated,2.3344,1.1703089961773117,source_intercept_control
N1.0_D0100_Q1.0,1.0,100,1.0,calibrated,2.4489,1.152010895058071,source_intercept_control
N1.0_D0150_Q0.05,1.0,150,0.05,calibrated,0.5,1.4544570694271814,source_intercept_control
N1.0_D0150_Q0.95,1.0,150,0.95,calibrated,2.1674,1.13364111185304,source_intercept_control
N1.0_D0300_Q0.05,1.0,300,0.05,calibrated,0.5,1.4006501998748129,source_intercept_control
N1.0_D0300_Q0.95,1.0,300,0.95,calibrated,2.1877,1.0798342423006715,source_intercept_control
N1.0_D0500_Q0.05,1.0,500,0.05,calibrated,0.5,1.3671688638285704,source_intercept_control
N1.0_D0500_Q0.1,1.0,500,0.1,calibrated,0.5,1.3494676787795967,source_intercept_control
N1.0_D0500_Q0.2,1.0,500,0.2,calibrated,0.6599,1.314039847079238,source_intercept_control
N1.0_D0500_Q0.3,1.0,500,0.3,calibrated,0.8544,1.278574447313039,source_intercept_control
N1.0_D0500_Q0.4,1.0,500,0.4,calibrated,1.0836,1.2430660289854543,source_intercept_control
N1.0_D0500_Q0.5,1.0,500,0.5,calibrated,1.2157,1.207507293344329,source_intercept_control
N1.0_D0500_Q0.6,1.0,500,0.6,calibrated,1.4518,1.1718879561144955,source_intercept_control
N1.0_D0500_Q0.7,1.0,500,0.7,calibrated,1.707,1.1361924252431352,source_intercept_control
N1.0_D0500_Q0.8,1.0,500,0.8,calibrated,1.8739,1.1003941665927135,source_intercept_control
N1.0_D0500_Q0.9,1.0,500,0.9,calibrated,2.0431,1.0644371215932025,source_intercept_control
N1.0_D0500_Q0.95,1.0,500,0.95,calibrated,2.1733,1.046352906254429,source_intercept_control
N1.0_D0500_Q1.0,1.0,500,1.0,calibrated,2.2572,1.0280548051351883,source_intercept_control
N1.0_D1000_Q0.05,1.0,1000,0.05,calibrated,0.5,1.3287543446947714,source_intercept_control
N1.0_D1000_Q0.1,1.0,1000,0.1,calibrated,0.5,1.3110531596457977,source_intercept_control
N1.0_D1000_Q0.2,1.0,1000,0.2,calibrated,0.6605,1.275625327945439,source_intercept_control
N1.0_D1000_Q0.3,1.0,1000,0.3,calibrated,0.8357,1.24015992817924,source_intercept_control
N1.0_D1000_Q0.4,1.0,1000,0.4,calibrated,1.0525,1.2046515098516553,source_intercept_control
N1.0_D1000_Q0.5,1.0,1000,0.5,calibrated,1.2565,1.16909277421053,source_intercept_control
N1.0_D1000_Q0.6,1.0,1000,0.6,calibrated,1.407,1.1334734369806965,source_intercept_control
N1.0_D1000_Q0.7,1.0,1000,0.7,calibrated,1.6907,1.0977779061093362,source_intercept_control
N1.0_D1000_Q0.8,1.0,1000,0.8,calibrated,1.8615,1.0619796474589145,source_intercept_control
N1.0_D1000_Q0.9,1.0,1000,0.9,calibrated,1.9758,1.0260226024594035,source_intercept_control
N1.0_D1000_Q0.95,1.0,1000,0.95,calibrated,2.1305,1.00793838712063,source_intercept_control
N1.0_D1000_Q1.0,1.0,1000,1.0,calibrated,2.1409,0.9896402860013893,source_intercept_control
N1.0_D2000_Q0.05,1.0,2000,0.05,calibrated,0.5,1.297113819087512,source_intercept_control
N1.0_D2000_Q0.1,1.0,2000,0.1,calibrated,0.5,1.2794126340385383,source_intercept_control
N1.0_D2000_Q0.2,1.0,2000,0.2,calibrated,0.6467,1.2439848023381797,source_intercept_control
N1.0_D2000_Q0.3,1.0,2000,0.3,calibrated,0.8314,1.2085194025719805,source_intercept_control
N1.0_D2000_Q0.4,1.0,2000,0.4,calibrated,1.0295,1.1730109842443959,source_intercept_control
N1.0_D2000_Q0.5,1.0,2000,0.5,calibrated,1.2251,1.1374522486032705,source_intercept_control
N1.0_D2000_Q0.6,1.0,2000,0.6,calibrated,1.4304,1.101832911373437,source_intercept_control
N1.0_D2000_Q0.7,1.0,2000,0.7,calibrated,1.5995,1.0661373805020768,source_intercept_control
N1.0_D2000_Q0.8,1.0,2000,0.8,calibrated,1.7725,1.030339121851655,source_intercept_control
N1.0_D2000_Q0.9,1.0,2000,0.9,calibrated,2.027,0.9943820768521441,source_intercept_control
N1.0_D2000_Q0.95,1.0,2000,0.95,calibrated,2.0759,0.9762978615133706,source_intercept_control
N1.0_D2000_Q1.0,1.0,2000,1.0,calibrated,2.2081,0.9579997603941299,source_intercept_control
N2.8_D0005_Q0.05,2.8,5,0.05,calibrated,0.5,1.7831596420065758,source_intercept_control
N2.8_D0005_Q0.1,2.8,5,0.1,calibrated,0.5,1.7681790101049577,source_intercept_control
N2.8_D0005_Q0.2,2.8,5,0.2,calibrated,0.6798,1.7381961979764373,source_intercept_control
N2.8_D0005_Q0.3,2.8,5,0.3,calibrated,0.9253,1.7081815917412477,source_intercept_control
N2.8_D0005_Q0.4,2.8,5,0.4,calibrated,1.2039,1.6781305786083691,source_intercept_control
N2.8_D0005_Q0.5,2.8,5,0.5,calibrated,1.4628,1.6480369815947875,source_intercept_control
N2.8_D0005_Q0.6,2.8,5,0.6,calibrated,1.7229,1.617892097049293,source_intercept_control
N2.8_D0005_Q0.7,2.8,5,0.7,calibrated,2.0084,1.5876827293127698,source_intercept_control
N2.8_D0005_Q0.8,2.8,5,0.8,calibrated,2.2056,1.557386422366248,source_intercept_control
N2.8_D0005_Q0.9,2.8,5,0.9,calibrated,2.4428,1.5269557334650643,source_intercept_control
N2.8_D0005_Q0.95,2.8,5,0.95,calibrated,2.6201,1.5116509404543006,source_intercept_control
N2.8_D0005_Q1.0,2.8,5,1.0,calibrated,2.721,1.4961651344696993,source_intercept_control
N2.8_D0020_Q0.05,2.8,20,0.05,calibrated,0.5,1.528947861852933,source_intercept_control
N2.8_D0020_Q0.1,2.8,20,0.1,calibrated,0.5,1.513967229951315,source_intercept_control
N2.8_D0020_Q0.2,2.8,20,0.2,calibrated,0.623,1.4839844178227946,source_intercept_control
N2.8_D0020_Q0.3,2.8,20,0.3,calibrated,0.8308,1.453969811587605,source_intercept_control
N2.8_D0020_Q0.4,2.8,20,0.4,calibrated,1.0678,1.4239187984547264,source_intercept_control
N2.8_D0020_Q0.5,2.8,20,0.5,calibrated,1.2966,1.3938252014411447,source_intercept_control
N2.8_D0020_Q0.6,2.8,20,0.6,calibrated,1.5279,1.3636803168956502,source_intercept_control
N2.8_D0020_Q0.7,2.8,20,0.7,calibrated,1.7488,1.333470949159127,source_intercept_control
N2.8_D0020_Q0.8,2.8,20,0.8,calibrated,2.0341,1.3031746422126051,source_intercept_control
N2.8_D0020_Q0.9,2.8,20,0.9,calibrated,2.2362,1.2727439533114215,source_intercept_control
N2.8_D0020_Q0.95,2.8,20,0.95,calibrated,2.3457,1.2574391603006578,source_intercept_control
N2.8_D0020_Q1.0,2.8,20,1.0,calibrated,2.5073,1.2419533543160566,source_intercept_control
N2.8_D0050_Q0.05,2.8,50,0.05,calibrated,0.5,1.407636020900299,source_intercept_control
N2.8_D0050_Q0.95,2.8,50,0.95,calibrated,2.253,1.1361273193480237,source_intercept_control
N2.8_D0100_Q0.05,2.8,100,0.05,calibrated,0.5,1.3344592014083174,source_intercept_control
N2.8_D0100_Q0.1,2.8,100,0.1,calibrated,0.5,1.3194785695066993,source_intercept_control
N2.8_D0100_Q0.2,2.8,100,0.2,calibrated,0.5671,1.289495757378179,source_intercept_control
N2.8_D0100_Q0.3,2.8,100,0.3,calibrated,0.7708,1.2594811511429893,source_intercept_control
N2.8_D0100_Q0.4,2.8,100,0.4,calibrated,0.9718,1.2294301380101107,source_intercept_control
N2.8_D0100_Q0.5,2.8,100,0.5,calibrated,1.1999,1.199336540996529,source_intercept_control
N2.8_D0100_Q0.6,2.8,100,0.6,calibrated,1.4075,1.1691916564510345,source_intercept_control
N2.8_D0100_Q0.7,2.8,100,0.7,calibrated,1.6363,1.1389822887145113,source_intercept_control
N2.8_D0100_Q0.8,2.8,100,0.8,calibrated,1.8765,1.1086859817679895,source_intercept_control
N2.8_D0100_Q0.9,2.8,100,0.9,calibrated,2.0444,1.0782552928668059,source_intercept_control
N2.8_D0100_Q0.95,2.8,100,0.95,calibrated,2.1982,1.0629504998560422,source_intercept_control
N2.8_D0100_Q1.0,2.8,100,1.0,calibrated,2.2588,1.047464693871441,source_intercept_control
N2.8_D0150_Q0.05,2.8,150,0.05,calibrated,0.5,1.2977913170840458,source_intercept_control
N2.8_D0150_Q0.95,2.8,150,0.95,calibrated,2.1192,1.0262826155317706,source_intercept_control
N2.8_D0300_Q0.05,2.8,300,0.05,calibrated,0.5,1.2439844475316773,source_intercept_control
N2.8_D0300_Q0.95,2.8,300,0.95,calibrated,2.0528,0.972475745979402,source_intercept_control
N2.8_D0500_Q0.05,2.8,500,0.05,calibrated,0.5,1.2105031114854348,source_intercept_control
N2.8_D0500_Q0.1,2.8,500,0.1,calibrated,0.5,1.1955224795838166,source_intercept_control
N2.8_D0500_Q0.2,2.8,500,0.2,calibrated,0.5387,1.1655396674552962,source_intercept_control
N2.8_D0500_Q0.3,2.8,500,0.3,calibrated,0.7277,1.1355250612201067,source_intercept_control
N2.8_D0500_Q0.4,2.8,500,0.4,calibrated,0.9045,1.105474048087228,source_intercept_control
N2.8_D0500_Q0.5,2.8,500,0.5,calibrated,1.16,1.0753804510736464,source_intercept_control
N2.8_D0500_Q0.6,2.8,500,0.6,calibrated,1.3308,1.0452355665281519,source_intercept_control
N2.8_D0500_Q0.7,2.8,500,0.7,calibrated,1.5099,1.0150261987916287,source_intercept_control
N2.8_D0500_Q0.8,2.8,500,0.8,calibrated,1.7571,0.9847298918451068,source_intercept_control
N2.8_D0500_Q0.9,2.8,500,0.9,calibrated,1.9167,0.9542992029439232,source_intercept_control
N2.8_D0500_Q0.95,2.8,500,0.95,calibrated,2.0846,0.9389944099331595,source_intercept_control
N2.8_D0500_Q1.0,2.8,500,1.0,calibrated,2.1517,0.9235086039485583,source_intercept_control
N2.8_D1000_Q0.05,2.8,1000,0.05,calibrated,0.5,1.1720885923516358,source_intercept_control
N2.8_D1000_Q0.1,2.8,1000,0.1,calibrated,0.5,1.1571079604500176,source_intercept_control
N2.8_D1000_Q0.2,2.8,1000,0.2,calibrated,0.519,1.1271251483214972,source_intercept_control
N2.8_D1000_Q0.3,2.8,1000,0.3,calibrated,0.7239,1.0971105420863076,source_intercept_control
N2.8_D1000_Q0.4,2.8,1000,0.4,calibrated,0.8987,1.067059528953429,source_intercept_control
N2.8_D1000_Q0.5,2.8,1000,0.5,calibrated,1.1398,1.0369659319398474,source_intercept_control
N2.8_D1000_Q0.6,2.8,1000,0.6,calibrated,1.3353,1.0068210473943529,source_intercept_control
N2.8_D1000_Q0.7,2.8,1000,0.7,calibrated,1.5354,0.9766116796578297,source_intercept_control
N2.8_D1000_Q0.8,2.8,1000,0.8,calibrated,1.6984,0.9463153727113078,source_intercept_control
N2.8_D1000_Q0.9,2.8,1000,0.9,calibrated,1.9178,0.9158846838101242,source_intercept_control
N2.8_D1000_Q0.95,2.8,1000,0.95,calibrated,2.0038,0.9005798907993605,source_intercept_control
N2.8_D1000_Q1.0,2.8,1000,1.0,calibrated,2.1237,0.8850940848147593,source_intercept_control
N2.8_D2000_Q0.05,2.8,2000,0.05,calibrated,0.5,1.1404480667443764,source_intercept_control
N2.8_D2000_Q0.1,2.8,2000,0.1,calibrated,0.5,1.1254674348427582,source_intercept_control
N2.8_D2000_Q0.2,2.8,2000,0.2,calibrated,0.5242,1.0954846227142379,source_intercept_control
N2.8_D2000_Q0.3,2.8,2000,0.3,calibrated,0.6887,1.0654700164790483,source_intercept_control
N2.8_D2000_Q0.4,2.8,2000,0.4,calibrated,0.9232,1.0354190033461697,source_intercept_control
N2.8_D2000_Q0.5,2.8,2000,0.5,calibrated,1.1045,1.005325406332588,source_intercept_control
N2.8_D2000_Q0.6,2.8,2000,0.6,calibrated,1.2855,0.9751805217870935,source_intercept_control
N2.8_D2000_Q0.7,2.8,2000,0.7,calibrated,1.4788,0.9449711540505703,source_intercept_control
N2.8_D2000_Q0.8,2.8,2000,0.8,calibrated,1.6576,0.9146748471040484,source_intercept_control
N2.8_D2000_Q0.9,2.8,2000,0.9,calibrated,1.8775,0.8842441582028648,source_intercept_control
N2.8_D2000_Q0.95,2.8,2000,0.95,calibrated,1.8822,0.8689393651921011,source_intercept_control
N2.8_D2000_Q1.0,2.8,2000,1.0,calibrated,2.0839,0.8534535592074999,source_intercept_control
N4.0_D0005_Q0.05,4.0,5,0.05,calibrated,0.5,1.7385549425172586,source_intercept_control
N4.0_D0005_Q0.1,4.0,5,0.1,calibrated,0.5,1.7244157463697483,source_intercept_control
N4.0_D0005_Q0.2,4.0,5,0.2,calibrated,0.6084,1.6961170160809877,source_intercept_control
N4.0_D0005_Q0.3,4.0,5,0.3,calibrated,0.8843,1.6677882775046275,source_intercept_control
N4.0_D0005_Q0.4,4.0,5,0.4,calibrated,1.1447,1.6394251769420083,source_intercept_control
N4.0_D0005_Q0.5,4.0,5,0.5,calibrated,1.3943,1.611021884360392,source_intercept_control
N4.0_D0005_Q0.6,4.0,5,0.6,calibrated,1.6246,1.582570184977354,source_intercept_control
N4.0_D0005_Q0.7,4.0,5,0.7,calibrated,1.9244,1.5540576243107482,source_intercept_control
N4.0_D0005_Q0.8,4.0,5,0.8,calibrated,2.1965,1.5254630076567093,source_intercept_control
N4.0_D0005_Q0.9,4.0,5,0.9,calibrated,2.4512,1.496741557046123,source_intercept_control
N4.0_D0005_Q0.95,4.0,5,0.95,calibrated,2.5824,1.4822964073490095,source_intercept_control
N4.0_D0005_Q1.0,4.0,5,1.0,calibrated,2.6973,1.4676804118585314,source_intercept_control
N4.0_D0020_Q0.05,4.0,20,0.05,calibrated,0.5,1.4843431623636159,source_intercept_control
N4.0_D0020_Q0.1,4.0,20,0.1,calibrated,0.5,1.4702039662161055,source_intercept_control
N4.0_D0020_Q0.2,4.0,20,0.2,calibrated,0.5655,1.441905235927345,source_intercept_control
N4.0_D0020_Q0.3,4.0,20,0.3,calibrated,0.8094,1.4135764973509848,source_intercept_control
N4.0_D0020_Q0.4,4.0,20,0.4,calibrated,1.0284,1.3852133967883655,source_intercept_control
N4.0_D0020_Q0.5,4.0,20,0.5,calibrated,1.2902,1.3568101042067493,source_intercept_control
N4.0_D0020_Q0.6,4.0,20,0.6,calibrated,1.5025,1.3283584048237111,source_intercept_control
N4.0_D0020_Q0.7,4.0,20,0.7,calibrated,1.7203,1.2998458441571055,source_intercept_control
N4.0_D0020_Q0.8,4.0,20,0.8,calibrated,1.9253,1.2712512275030665,source_intercept_control
N4.0_D0020_Q0.9,4.0,20,0.9,calibrated,2.2398,1.2425297768924803,source_intercept_control
N4.0_D0020_Q0.95,4.0,20,0.95,calibrated,2.2806,1.2280846271953667,source_intercept_control
N4.0_D0020_Q1.0,4.0,20,1.0,calibrated,2.4139,1.2134686317048886,source_intercept_control
N4.0_D0050_Q0.05,4.0,50,0.05,calibrated,0.5,1.3630313214109817,source_intercept_control
N4.0_D0050_Q0.95,4.0,50,0.95,calibrated,2.2424,1.1067727862427326,source_intercept_control
N4.0_D0100_Q0.05,4.0,100,0.05,calibrated,0.5,1.2898545019190002,source_intercept_control
N4.0_D0100_Q0.1,4.0,100,0.1,calibrated,0.5,1.2757153057714898,source_intercept_control
N4.0_D0100_Q0.2,4.0,100,0.2,calibrated,0.5116,1.2474165754827293,source_intercept_control
N4.0_D0100_Q0.3,4.0,100,0.3,calibrated,0.722,1.2190878369063691,source_intercept_control
N4.0_D0100_Q0.4,4.0,100,0.4,calibrated,0.9435,1.1907247363437499,source_intercept_control
N4.0_D0100_Q0.5,4.0,100,0.5,calibrated,1.1487,1.1623214437621336,source_intercept_control
N4.0_D0100_Q0.6,4.0,100,0.6,calibrated,1.3727,1.1338697443790955,source_intercept_control
N4.0_D0100_Q0.7,4.0,100,0.7,calibrated,1.6045,1.1053571837124898,source_intercept_control
N4.0_D0100_Q0.8,4.0,100,0.8,calibrated,1.8522,1.0767625670584509,source_intercept_control
N4.0_D0100_Q0.9,4.0,100,0.9,calibrated,2.1002,1.0480411164478647,source_intercept_control
N4.0_D0100_Q0.95,4.0,100,0.95,calibrated,2.1195,1.033595966750751,source_intercept_control
N4.0_D0100_Q1.0,4.0,100,1.0,calibrated,2.2786,1.018979971260273,source_intercept_control
N4.0_D0150_Q0.05,4.0,150,0.05,calibrated,0.5,1.2531866175947286,source_intercept_control
N4.0_D0150_Q0.95,4.0,150,0.95,calibrated,2.1044,0.9969280824264795,source_intercept_control
N4.0_D0300_Q0.05,4.0,300,0.05,calibrated,0.5,1.19937974804236,source_intercept_control
N4.0_D0300_Q0.95,4.0,300,0.95,calibrated,2.0785,0.9431212128741109,source_intercept_control
N4.0_D0500_Q0.05,4.0,500,0.05,calibrated,0.5,1.1658984119961175,source_intercept_control
N4.0_D0500_Q0.1,4.0,500,0.1,calibrated,0.5,1.1517592158486072,source_intercept_control
N4.0_D0500_Q0.2,4.0,500,0.2,calibrated,0.5,1.1234604855598467,source_intercept_control
N4.0_D0500_Q0.3,4.0,500,0.3,calibrated,0.6833,1.0951317469834865,source_intercept_control
N4.0_D0500_Q0.4,4.0,500,0.4,calibrated,0.888,1.0667686464208672,source_intercept_control
N4.0_D0500_Q0.5,4.0,500,0.5,calibrated,1.0678,1.038365353839251,source_intercept_control
N4.0_D0500_Q0.6,4.0,500,0.6,calibrated,1.2876,1.0099136544562128,source_intercept_control
N4.0_D0500_Q0.7,4.0,500,0.7,calibrated,1.5155,0.9814010937896072,source_intercept_control
N4.0_D0500_Q0.8,4.0,500,0.8,calibrated,1.7157,0.9528064771355682,source_intercept_control
N4.0_D0500_Q0.9,4.0,500,0.9,calibrated,1.9644,0.924085026524982,source_intercept_control
N4.0_D0500_Q0.95,4.0,500,0.95,calibrated,1.9848,0.9096398768278684,source_intercept_control
N4.0_D0500_Q1.0,4.0,500,1.0,calibrated,2.1365,0.8950238813373903,source_intercept_control
N4.0_D1000_Q0.05,4.0,1000,0.05,calibrated,0.5,1.1274838928623185,source_intercept_control
N4.0_D1000_Q0.1,4.0,1000,0.1,calibrated,0.5,1.1133446967148082,source_intercept_control
N4.0_D1000_Q0.2,4.0,1000,0.2,calibrated,0.5,1.0850459664260477,source_intercept_control
N4.0_D1000_Q0.3,4.0,1000,0.3,calibrated,0.6866,1.0567172278496875,source_intercept_control
N4.0_D1000_Q0.4,4.0,1000,0.4,calibrated,0.8604,1.0283541272870682,source_intercept_control
N4.0_D1000_Q0.5,4.0,1000,0.5,calibrated,1.1039,0.999950834705452,source_intercept_control
N4.0_D1000_Q0.6,4.0,1000,0.6,calibrated,1.2945,0.9714991353224138,source_intercept_control
N4.0_D1000_Q0.7,4.0,1000,0.7,calibrated,1.4835,0.9429865746558082,source_intercept_control
N4.0_D1000_Q0.8,4.0,1000,0.8,calibrated,1.7176,0.9143919580017692,source_intercept_control
N4.0_D1000_Q0.9,4.0,1000,0.9,calibrated,1.8943,0.885670507391183,source_intercept_control
N4.0_D1000_Q0.95,4.0,1000,0.95,calibrated,1.9293,0.8712253576940694,source_intercept_control
N4.0_D1000_Q1.0,4.0,1000,1.0,calibrated,2.1308,0.8566093622035913,source_intercept_control
N4.0_D2000_Q0.05,4.0,2000,0.05,calibrated,0.5,1.0958433672550592,source_intercept_control
N4.0_D2000_Q0.1,4.0,2000,0.1,calibrated,0.5,1.0817041711075488,source_intercept_control
N4.0_D2000_Q0.2,4.0,2000,0.2,calibrated,0.5,1.0534054408187883,source_intercept_control
N4.0_D2000_Q0.3,4.0,2000,0.3,calibrated,0.642,1.025076702242428,source_intercept_control
N4.0_D2000_Q0.4,4.0,2000,0.4,calibrated,0.8502,0.9967136016798088,source_intercept_control
N4.0_D2000_Q0.5,4.0,2000,0.5,calibrated,1.0844,0.9683103090981926,source_intercept_control
N4.0_D2000_Q0.6,4.0,2000,0.6,calibrated,1.281,0.9398586097151544,source_intercept_control
N4.0_D2000_Q0.7,4.0,2000,0.7,calibrated,1.4643,0.9113460490485488,source_intercept_control
N4.0_D2000_Q0.8,4.0,2000,0.8,calibrated,1.6704,0.8827514323945098,source_intercept_control
N4.0_D2000_Q0.9,4.0,2000,0.9,calibrated,1.8145,0.8540299817839236,source_intercept_control
N4.0_D2000_Q0.95,4.0,2000,0.95,calibrated,1.9664,0.83958483208681,source_intercept_control
N4.0_D2000_Q1.0,4.0,2000,1.0,calibrated,2.0978,0.8249688365963319,source_intercept_control
N6.9_D0005_Q0.05,6.9,5,0.05,calibrated,0.5,1.6782614878919428,source_intercept_control
N6.9_D0005_Q0.1,6.9,5,0.1,calibrated,0.5,1.6653181103934016,source_intercept_control
N6.9_D0005_Q0.2,6.9,5,0.2,calibrated,0.5546,1.6394127374828393,source_intercept_control
N6.9_D0005_Q0.3,6.9,5,0.3,calibrated,0.7947,1.6134798942273982,source_intercept_control
N6.9_D0005_Q0.4,6.9,5,0.4,calibrated,1.0436,1.587515595141293,source_intercept_control
N6.9_D0005_Q0.5,6.9,5,0.5,calibrated,1.3381,1.5615145032652098,source_intercept_control
N6.9_D0005_Q0.6,6.9,5,0.6,calibrated,1.6422,1.5354690985797022,source_intercept_control
N6.9_D0005_Q0.7,6.9,5,0.7,calibrated,1.8729,1.5093679799370472,source_intercept_control
N6.9_D0005_Q0.8,6.9,5,0.8,calibrated,2.1078,1.4831917451696643,source_intercept_control
N6.9_D0005_Q0.9,6.9,5,0.9,calibrated,2.465,1.4568994033929372,source_intercept_control
N6.9_D0005_Q0.95,6.9,5,0.95,calibrated,2.5263,1.4436759482826127,source_intercept_control
N6.9_D0005_Q1.0,6.9,5,1.0,calibrated,2.633,1.430296096615193,source_intercept_control
N6.9_D0020_Q0.05,6.9,20,0.05,calibrated,0.5,1.4240497077383,source_intercept_control
N6.9_D0020_Q0.1,6.9,20,0.1,calibrated,0.5,1.4111063302397588,source_intercept_control
N6.9_D0020_Q0.2,6.9,20,0.2,calibrated,0.5,1.3852009573291966,source_intercept_control
N6.9_D0020_Q0.3,6.9,20,0.3,calibrated,0.7321,1.3592681140737555,source_intercept_control
N6.9_D0020_Q0.4,6.9,20,0.4,calibrated,0.9636,1.3333038149876502,source_intercept_control
N6.9_D0020_Q0.5,6.9,20,0.5,calibrated,1.2142,1.307302723111567,source_intercept_control
N6.9_D0020_Q0.6,6.9,20,0.6,calibrated,1.4457,1.2812573184260594,source_intercept_control
N6.9_D0020_Q0.7,6.9,20,0.7,calibrated,1.6657,1.2551561997834044,source_intercept_control
N6.9_D0020_Q0.8,6.9,20,0.8,calibrated,1.9664,1.2289799650160216,source_intercept_control
N6.9_D0020_Q0.9,6.9,20,0.9,calibrated,2.1852,1.2026876232392945,source_intercept_control
N6.9_D0020_Q0.95,6.9,20,0.95,calibrated,2.2902,1.18946416812897,source_intercept_control
N6.9_D0020_Q1.0,6.9,20,1.0,calibrated,2.4144,1.1760843164615502,source_intercept_control
N6.9_D0050_Q0.05,6.9,50,0.05,calibrated,0.5,1.302737866785666,source_intercept_control
N6.9_D0050_Q0.95,6.9,50,0.95,calibrated,2.1785,1.0681523271763358,source_intercept_control
N6.9_D0100_Q0.05,6.9,100,0.05,calibrated,0.5,1.229561047293684,source_intercept_control
N6.9_D0100_Q0.1,6.9,100,0.1,calibrated,0.5,1.2166176697951427,source_intercept_control
N6.9_D0100_Q0.2,6.9,100,0.2,calibrated,0.5,1.1907122968845805,source_intercept_control
N6.9_D0100_Q0.3,6.9,100,0.3,calibrated,0.6647,1.1647794536291394,source_intercept_control
N6.9_D0100_Q0.4,6.9,100,0.4,calibrated,0.882,1.138815154543034,source_intercept_control
N6.9_D0100_Q0.5,6.9,100,0.5,calibrated,1.1201,1.112814062666951,source_intercept_control
N6.9_D0100_Q0.6,6.9,100,0.6,calibrated,1.3304,1.0867686579814433,source_intercept_control
N6.9_D0100_Q0.7,6.9,100,0.7,calibrated,1.5242,1.0606675393387883,source_intercept_control
N6.9_D0100_Q0.8,6.9,100,0.8,calibrated,1.818,1.0344913045714055,source_intercept_control
N6.9_D0100_Q0.9,6.9,100,0.9,calibrated,1.9399,1.0081989627946784,source_intercept_control
N6.9_D0100_Q0.95,6.9,100,0.95,calibrated,2.1119,0.9949755076843538,source_intercept_control
N6.9_D0100_Q1.0,6.9,100,1.0,calibrated,2.2368,0.9815956560169341,source_intercept_control
N6.9_D0150_Q0.05,6.9,150,0.05,calibrated,0.5,1.1928931629694124,source_intercept_control
N6.9_D0150_Q0.95,6.9,150,0.95,calibrated,2.0784,0.9583076233600822,source_intercept_control
N6.9_D0300_Q0.05,6.9,300,0.05,calibrated,0.5,1.1390862934170438,source_intercept_control
N6.9_D0300_Q0.95,6.9,300,0.95,calibrated,1.98,0.9045007538077137,source_intercept_control
N6.9_D0500_Q0.05,6.9,500,0.05,calibrated,0.5,1.1056049573708018,source_intercept_control
N6.9_D0500_Q0.1,6.9,500,0.1,calibrated,0.5,1.0926615798722605,source_intercept_control
N6.9_D0500_Q0.2,6.9,500,0.2,calibrated,0.5,1.0667562069616983,source_intercept_control
N6.9_D0500_Q0.3,6.9,500,0.3,calibrated,0.6224,1.0408233637062572,source_intercept_control
N6.9_D0500_Q0.4,6.9,500,0.4,calibrated,0.8513,1.0148590646201519,source_intercept_control
N6.9_D0500_Q0.5,6.9,500,0.5,calibrated,1.0567,0.9888579727440687,source_intercept_control
N6.9_D0500_Q0.6,6.9,500,0.6,calibrated,1.2524,0.9628125680585611,source_intercept_control
N6.9_D0500_Q0.7,6.9,500,0.7,calibrated,1.4759,0.9367114494159061,source_intercept_control
N6.9_D0500_Q0.8,6.9,500,0.8,calibrated,1.6838,0.9105352146485233,source_intercept_control
N6.9_D0500_Q0.9,6.9,500,0.9,calibrated,1.9071,0.8842428728717961,source_intercept_control
N6.9_D0500_Q0.95,6.9,500,0.95,calibrated,1.9975,0.8710194177614716,source_intercept_control
N6.9_D0500_Q1.0,6.9,500,1.0,calibrated,2.1285,0.8576395660940519,source_intercept_control
N6.9_D1000_Q0.05,6.9,1000,0.05,calibrated,0.5,1.0671904382370023,source_intercept_control
N6.9_D1000_Q0.1,6.9,1000,0.1,calibrated,0.5,1.054247060738461,source_intercept_control
N6.9_D1000_Q0.2,6.9,1000,0.2,calibrated,0.5,1.0283416878278988,source_intercept_control
N6.9_D1000_Q0.3,6.9,1000,0.3,calibrated,0.6085,1.0024088445724577,source_intercept_control
N6.9_D1000_Q0.4,6.9,1000,0.4,calibrated,0.8559,0.9764445454863524,source_intercept_control
N6.9_D1000_Q0.5,6.9,1000,0.5,calibrated,1.0114,0.9504434536102693,source_intercept_control
N6.9_D1000_Q0.6,6.9,1000,0.6,calibrated,1.2482,0.9243980489247616,source_intercept_control
N6.9_D1000_Q0.7,6.9,1000,0.7,calibrated,1.4349,0.8982969302821067,source_intercept_control
N6.9_D1000_Q0.8,6.9,1000,0.8,calibrated,1.6614,0.8721206955147238,source_intercept_control
N6.9_D1000_Q0.9,6.9,1000,0.9,calibrated,1.837,0.8458283537379967,source_intercept_control
N6.9_D1000_Q0.95,6.9,1000,0.95,calibrated,1.9432,0.8326048986276722,source_intercept_control
N6.9_D1000_Q1.0,6.9,1000,1.0,calibrated,2.0548,0.8192250469602524,source_intercept_control
N6.9_D2000_Q0.05,6.9,2000,0.05,calibrated,0.5,1.035549912629743,source_intercept_control
N6.9_D2000_Q0.1,6.9,2000,0.1,calibrated,0.5,1.0226065351312017,source_intercept_control
N6.9_D2000_Q0.2,6.9,2000,0.2,calibrated,0.5,0.9967011622206394,source_intercept_control
N6.9_D2000_Q0.3,6.9,2000,0.3,calibrated,0.6165,0.9707683189651983,source_intercept_control
N6.9_D2000_Q0.4,6.9,2000,0.4,calibrated,0.8294,0.944804019879093,source_intercept_control
N6.9_D2000_Q0.5,6.9,2000,0.5,calibrated,1.005,0.9188029280030099,source_intercept_control
N6.9_D2000_Q0.6,6.9,2000,0.6,calibrated,1.2332,0.8927575233175022,source_intercept_control
N6.9_D2000_Q0.7,6.9,2000,0.7,calibrated,1.4283,0.8666564046748473,source_intercept_control
N6.9_D2000_Q0.8,6.9,2000,0.8,calibrated,1.651,0.8404801699074644,source_intercept_control
N6.9_D2000_Q0.9,6.9,2000,0.9,calibrated,1.8064,0.8141878281307373,source_intercept_control
N6.9_D2000_Q0.95,6.9,2000,0.95,calibrated,1.9399,0.8009643730204128,source_intercept_control
N6.9_D2000_Q1.0,6.9,2000,1.0,calibrated,1.9935,0.7875845213529931,source_intercept_control
N12_D0005_Q0.05,12.0,5,0.05,calibrated,0.5,1.6255085974519932,source_intercept_control
N12_D0005_Q0.1,12.0,5,0.1,calibrated,0.5,1.6136755588114169,source_intercept_control
N12_D0005_Q0.2,12.0,5,0.2,calibrated,0.5,1.589992460741862,source_intercept_control
N12_D0005_Q0.3,12.0,5,0.3,calibrated,0.7234,1.5662842488523276,source_intercept_control
N12_D0005_Q0.4,12.0,5,0.4,calibrated,1.0113,1.5425472795492232,source_intercept_control
N12_D0005_Q0.5,12.0,5,0.5,calibrated,1.2841,1.518776673700669,source_intercept_control
N12_D0005_Q0.6,12.0,5,0.6,calibrated,1.5682,1.494965556386985,source_intercept_control
N12_D0005_Q0.7,12.0,5,0.7,calibrated,1.7793,1.4711035045001717,source_intercept_control
N12_D0005_Q0.8,12.0,5,0.8,calibrated,2.0752,1.4471727802744314,source_intercept_control
N12_D0005_Q0.9,12.0,5,0.9,calibrated,2.3423,1.423135909200377,source_intercept_control
N12_D0005_Q0.95,12.0,5,0.95,calibrated,2.4625,1.4110468192159402,source_intercept_control
N12_D0005_Q1.0,12.0,5,1.0,calibrated,2.701,1.3988147490469598,source_intercept_control
N12_D0020_Q0.05,12.0,20,0.05,calibrated,0.5,1.3712968172983504,source_intercept_control
N12_D0020_Q0.1,12.0,20,0.1,calibrated,0.5,1.3594637786577741,source_intercept_control
N12_D0020_Q0.2,12.0,20,0.2,calibrated,0.5,1.3357806805882193,source_intercept_control
N12_D0020_Q0.3,12.0,20,0.3,calibrated,0.6648,1.3120724686986849,source_intercept_control
N12_D0020_Q0.4,12.0,20,0.4,calibrated,0.9074,1.2883354993955805,source_intercept_control
N12_D0020_Q0.5,12.0,20,0.5,calibrated,1.1529,1.2645648935470262,source_intercept_control
N12_D0020_Q0.6,12.0,20,0.6,calibrated,1.4022,1.2407537762333423,source_intercept_control
N12_D0020_Q0.7,12.0,20,0.7,calibrated,1.6378,1.216891724346529,source_intercept_control
N12_D0020_Q0.8,12.0,20,0.8,calibrated,1.9488,1.1929610001207887,source_intercept_control
N12_D0020_Q0.9,12.0,20,0.9,calibrated,2.1859,1.1689241290467343,source_intercept_control
N12_D0020_Q0.95,12.0,20,0.95,calibrated,2.2362,1.1568350390622975,source_intercept_control
N12_D0020_Q1.0,12.0,20,1.0,calibrated,2.3472,1.144602968893317,source_intercept_control
N12_D0050_Q0.05,12.0,50,0.05,calibrated,0.5,1.2499849763457163,source_intercept_control
N12_D0050_Q0.1,12.0,50,0.1,calibrated,0.5,1.23815193770514,source_intercept_control
N12_D0050_Q0.2,12.0,50,0.2,calibrated,0.5,1.2144688396355852,source_intercept_control
N12_D0050_Q0.3,12.0,50,0.3,calibrated,0.6406,1.1907606277460507,source_intercept_control
N12_D0050_Q0.4,12.0,50,0.4,calibrated,0.8712,1.1670236584429463,source_intercept_control
N12_D0050_Q0.5,12.0,50,0.5,calibrated,1.1272,1.143253052594392,source_intercept_control
N12_D0050_Q0.6,12.0,50,0.6,calibrated,1.3567,1.1194419352807081,source_intercept_control
N12_D0050_Q0.7,12.0,50,0.7,calibrated,1.542,1.0955798833938948,source_intercept_control
N12_D0050_Q0.8,12.0,50,0.8,calibrated,1.7878,1.0716491591681545,source_intercept_control
N12_D0050_Q0.9,12.0,50,0.9,calibrated,2.0117,1.0476122880941001,source_intercept_control
N12_D0050_Q0.95,12.0,50,0.95,calibrated,2.1497,1.0355231981096633,source_intercept_control
N12_D0050_Q1.0,12.0,50,1.0,calibrated,2.2387,1.0232911279406829,source_intercept_control
N12_D0100_Q0.05,12.0,100,0.05,calibrated,0.5,1.1768081568537347,source_intercept_control
N12_D0100_Q0.1,12.0,100,0.1,calibrated,0.5,1.1649751182131585,source_intercept_control
N12_D0100_Q0.2,12.0,100,0.2,calibrated,0.5,1.1412920201436036,source_intercept_control
N12_D0100_Q0.3,12.0,100,0.3,calibrated,0.6166,1.1175838082540692,source_intercept_control
N12_D0100_Q0.4,12.0,100,0.4,calibrated,0.8496,1.0938468389509648,source_intercept_control
N12_D0100_Q0.5,12.0,100,0.5,calibrated,1.0745,1.0700762331024105,source_intercept_control
N12_D0100_Q0.6,12.0,100,0.6,calibrated,1.3174,1.0462651157887266,source_intercept_control
N12_D0100_Q0.7,12.0,100,0.7,calibrated,1.5083,1.0224030639019133,source_intercept_control
N12_D0100_Q0.8,12.0,100,0.8,calibrated,1.762,0.998472339676173,source_intercept_control
N12_D0100_Q0.9,12.0,100,0.9,calibrated,1.9734,0.9744354686021186,source_intercept_control
N12_D0100_Q0.95,12.0,100,0.95,calibrated,2.0303,0.9623463786176818,source_intercept_control
N12_D0100_Q1.0,12.0,100,1.0,calibrated,2.2111,0.9501143084487014,source_intercept_control
N12_D0150_Q0.05,12.0,150,0.05,calibrated,0.5,1.1401402725294632,source_intercept_control
N12_D0150_Q0.1,12.0,150,0.1,calibrated,0.5,1.1283072338888869,source_intercept_control
N12_D0150_Q0.2,12.0,150,0.2,calibrated,0.5,1.104624135819332,source_intercept_control
N12_D0150_Q0.3,12.0,150,0.3,calibrated,0.5971,1.0809159239297976,source_intercept_control
N12_D0150_Q0.4,12.0,150,0.4,calibrated,0.8028,1.0571789546266932,source_intercept_control
N12_D0150_Q0.5,12.0,150,0.5,calibrated,1.04,1.033408348778139,source_intercept_control
N12_D0150_Q0.6,12.0,150,0.6,calibrated,1.2578,1.009597231464455,source_intercept_control
N12_D0150_Q0.7,12.0,150,0.7,calibrated,1.4982,0.9857351795776417,source_intercept_control
N12_D0150_Q0.8,12.0,150,0.8,calibrated,1.6931,0.9618044553519014,source_intercept_control
N12_D0150_Q0.9,12.0,150,0.9,calibrated,2.013,0.937767584277847,source_intercept_control
N12_D0150_Q0.95,12.0,150,0.95,calibrated,2.0249,0.9256784942934102,source_intercept_control
N12_D0150_Q1.0,12.0,150,1.0,calibrated,2.0668,0.9134464241244298,source_intercept_control
N12_D0300_Q0.05,12.0,300,0.05,calibrated,0.5,1.0863334029770946,source_intercept_control
N12_D0300_Q0.1,12.0,300,0.1,calibrated,0.5,1.0745003643365183,source_intercept_control
N12_D0300_Q0.2,12.0,300,0.2,calibrated,0.5,1.0508172662669635,source_intercept_control
N12_D0300_Q0.3,12.0,300,0.3,calibrated,0.5782,1.027109054377429,source_intercept_control
N12_D0300_Q0.4,12.0,300,0.4,calibrated,0.7936,1.0033720850743246,source_intercept_control
N12_D0300_Q0.5,12.0,300,0.5,calibrated,0.9871,0.9796014792257703,source_intercept_control
N12_D0300_Q0.6,12.0,300,0.6,calibrated,1.2252,0.9557903619120864,source_intercept_control
N12_D0300_Q0.7,12.0,300,0.7,calibrated,1.4255,0.9319283100252731,source_intercept_control
N12_D0300_Q0.8,12.0,300,0.8,calibrated,1.6725,0.9079975857995328,source_intercept_control
N12_D0300_Q0.9,12.0,300,0.9,calibrated,1.8741,0.8839607147254784,source_intercept_control
N12_D0300_Q0.95,12.0,300,0.95,calibrated,1.9887,0.8718716247410416,source_intercept_control
N12_D0300_Q1.0,12.0,300,1.0,calibrated,2.0381,0.8596395545720612,source_intercept_control
N12_D0500_Q0.05,12.0,500,0.05,calibrated,0.5,1.052852066930852,source_intercept_control
N12_D0500_Q0.1,12.0,500,0.1,calibrated,0.5,1.0410190282902758,source_intercept_control
N12_D0500_Q0.2,12.0,500,0.2,calibrated,0.5,1.017335930220721,source_intercept_control
N12_D0500_Q0.3,12.0,500,0.3,calibrated,0.558,0.9936277183311866,source_intercept_control
N12_D0500_Q0.4,12.0,500,0.4,calibrated,0.7966,0.9698907490280821,source_intercept_control
N12_D0500_Q0.5,12.0,500,0.5,calibrated,0.9859,0.9461201431795279,source_intercept_control
N12_D0500_Q0.6,12.0,500,0.6,calibrated,1.2293,0.922309025865844,source_intercept_control
N12_D0500_Q0.7,12.0,500,0.7,calibrated,1.4001,0.8984469739790306,source_intercept_control
N12_D0500_Q0.8,12.0,500,0.8,calibrated,1.6431,0.8745162497532903,source_intercept_control
N12_D0500_Q0.9,12.0,500,0.9,calibrated,1.8108,0.850479378679236,source_intercept_control
N12_D0500_Q0.95,12.0,500,0.95,calibrated,1.9414,0.8383902886947991,source_intercept_control
N12_D0500_Q1.0,12.0,500,1.0,calibrated,2.0759,0.8261582185258187,source_intercept_control
N12_D1000_Q0.05,12.0,1000,0.05,calibrated,0.5,1.014437547797053,source_intercept_control
N12_D1000_Q0.1,12.0,1000,0.1,calibrated,0.5,1.0026045091564768,source_intercept_control
N12_D1000_Q0.2,12.0,1000,0.2,calibrated,0.5,0.978921411086922,source_intercept_control
N12_D1000_Q0.3,12.0,1000,0.3,calibrated,0.544,0.9552131991973876,source_intercept_control
N12_D1000_Q0.4,12.0,1000,0.4,calibrated,0.7804,0.9314762298942831,source_intercept_control
N12_D1000_Q0.5,12.0,1000,0.5,calibrated,0.9814,0.9077056240457289,source_intercept_control
N12_D1000_Q0.6,12.0,1000,0.6,calibrated,1.193,0.883894506732045,source_intercept_control
N12_D1000_Q0.7,12.0,1000,0.7,calibrated,1.4183,0.8600324548452316,source_intercept_control
N12_D1000_Q0.8,12.0,1000,0.8,calibrated,1.5722,0.8361017306194913,source_intercept_control
N12_D1000_Q0.9,12.0,1000,0.9,calibrated,1.826,0.812064859545437,source_intercept_control
N12_D1000_Q0.95,12.0,1000,0.95,calibrated,1.9075,0.7999757695610001,source_intercept_control
N12_D1000_Q1.0,12.0,1000,1.0,calibrated,2.0468,0.7877436993920197,source_intercept_control
N12_D2000_Q0.05,12.0,2000,0.05,calibrated,0.5,0.9827970221897937,source_intercept_control
N12_D2000_Q0.1,12.0,2000,0.1,calibrated,0.5,0.9709639835492174,source_intercept_control
N12_D2000_Q0.2,12.0,2000,0.2,calibrated,0.5,0.9472808854796626,source_intercept_control
N12_D2000_Q0.3,12.0,2000,0.3,calibrated,0.5484,0.9235726735901282,source_intercept_control
N12_D2000_Q0.4,12.0,2000,0.4,calibrated,0.7469,0.8998357042870238,source_intercept_control
N12_D2000_Q0.5,12.0,2000,0.5,calibrated,0.9661,0.8760650984384695,source_intercept_control
N12_D2000_Q0.6,12.0,2000,0.6,calibrated,1.1885,0.8522539811247856,source_intercept_control
N12_D2000_Q0.7,12.0,2000,0.7,calibrated,1.3664,0.8283919292379722,source_intercept_control
N12_D2000_Q0.8,12.0,2000,0.8,calibrated,1.6065,0.804461205012232,source_intercept_control
N12_D2000_Q0.9,12.0,2000,0.9,calibrated,1.7583,0.7804243339381776,source_intercept_control
N12_D2000_Q0.95,12.0,2000,0.95,calibrated,1.9375,0.7683352439537408,source_intercept_control
N12_D2000_Q1.0,12.0,2000,1.0,calibrated,1.9695,0.7561031737847603,source_intercept_control
N20_D0005_Q0.05,20.0,5,0.05,extrapolated,0.5,1.5832503970985115,source_intercept_control
N20_D0005_Q0.1,20.0,5,0.1,extrapolated,0.5,1.5723575700720458,source_intercept_control
N20_D0005_Q0.2,20.0,5,0.2,extrapolated,0.5,1.5505562476426693,source_intercept_control
N20_D0005_Q0.3,20.0,5,0.3,extrapolated,0.6738,1.5287318068490823,source_intercept_control
N20_D0005_Q0.4,20.0,5,0.4,extrapolated,0.9583,1.5068808936048197,source_intercept_control
N20_D0005_Q0.5,20.0,5,0.5,extrapolated,1.2067,1.484999016456654,source_intercept_control
N20_D0005_Q0.6,20.0,5,0.6,extrapolated,1.5155,1.4630798467418327,source_intercept_control
N20_D0005_Q0.7,20.0,5,0.7,extrapolated,1.7701,1.4411137895358417,source_intercept_control
N20_D0005_Q0.8,20.0,5,0.8,extrapolated,2.0429,1.4190845164533417,source_intercept_control
N20_D0005_Q0.9,20.0,5,0.9,extrapolated,2.3981,1.396957530577601,source_intercept_control
N20_D0005_Q0.95,20.0,5,0.95,extrapolated,2.5077,1.3858289971461044,source_intercept_control
N20_D0005_Q1.0,20.0,5,1.0,extrapolated,2.5772,1.3745688442324315,source_intercept_control
N20_D0020_Q0.05,20.0,20,0.05,extrapolated,0.5,1.3290386169448682,source_intercept_control
N20_D0020_Q0.1,20.0,20,0.1,extrapolated,0.5,1.3181457899184026,source_intercept_control
N20_D0020_Q0.2,20.0,20,0.2,extrapolated,0.5,1.296344467489026,source_intercept_control
N20_D0020_Q0.3,20.0,20,0.3,extrapolated,0.5948,1.274520026695439,source_intercept_control
N20_D0020_Q0.4,20.0,20,0.4,extrapolated,0.8354,1.252669113451177,source_intercept_control
N20_D0020_Q0.5,20.0,20,0.5,extrapolated,1.0991,1.2307872363030108,source_intercept_control
N20_D0020_Q0.6,20.0,20,0.6,extrapolated,1.3714,1.2088680665881895,source_intercept_control
N20_D0020_Q0.7,20.0,20,0.7,extrapolated,1.6057,1.1869020093821985,source_intercept_control
N20_D0020_Q0.8,20.0,20,0.8,extrapolated,1.8837,1.1648727362996985,source_intercept_control
N20_D0020_Q0.9,20.0,20,0.9,extrapolated,2.0254,1.1427457504239578,source_intercept_control
N20_D0020_Q0.95,20.0,20,0.95,extrapolated,2.2272,1.1316172169924612,source_intercept_control
N20_D0020_Q1.0,20.0,20,1.0,extrapolated,2.3884,1.1203570640787883,source_intercept_control
N20_D0050_Q0.05,20.0,50,0.05,extrapolated,0.5,1.2077267759922345,source_intercept_control
N20_D0050_Q0.1,20.0,50,0.1,extrapolated,0.5,1.196833948965769,source_intercept_control
N20_D0050_Q0.2,20.0,50,0.2,extrapolated,0.5,1.1750326265363924,source_intercept_control
N20_D0050_Q0.3,20.0,50,0.3,extrapolated,0.5672,1.1532081857428054,source_intercept_control
N20_D0050_Q0.4,20.0,50,0.4,extrapolated,0.8172,1.1313572724985428,source_intercept_control
N20_D0050_Q0.5,20.0,50,0.5,extrapolated,1.0322,1.109475395350377,source_intercept_control
N20_D0050_Q0.6,20.0,50,0.6,extrapolated,1.2838,1.0875562256355558,source_intercept_control
N20_D0050_Q0.7,20.0,50,0.7,extrapolated,1.5601,1.0655901684295648,source_intercept_control
N20_D0050_Q0.8,20.0,50,0.8,extrapolated,1.8085,1.0435608953470648,source_intercept_control
N20_D0050_Q0.9,20.0,50,0.9,extrapolated,2.0156,1.021433909471324,source_intercept_control
N20_D0050_Q0.95,20.0,50,0.95,extrapolated,2.0825,1.0103053760398275,source_intercept_control
N20_D0050_Q1.0,20.0,50,1.0,extrapolated,2.2835,0.9990452231261546,source_intercept_control
N20_D0100_Q0.05,20.0,100,0.05,extrapolated,0.5,1.1345499565002526,source_intercept_control
N20_D0100_Q0.1,20.0,100,0.1,extrapolated,0.5,1.123657129473787,source_intercept_control
N20_D0100_Q0.2,20.0,100,0.2,extrapolated,0.5,1.1018558070444104,source_intercept_control
N20_D0100_Q0.3,20.0,100,0.3,extrapolated,0.5564,1.0800313662508234,source_intercept_control
N20_D0100_Q0.4,20.0,100,0.4,extrapolated,0.793,1.0581804530065608,source_intercept_control
N20_D0100_Q0.5,20.0,100,0.5,extrapolated,0.9903,1.0362985758583951,source_intercept_control
N20_D0100_Q0.6,20.0,100,0.6,extrapolated,1.2411,1.0143794061435738,source_intercept_control
N20_D0100_Q0.7,20.0,100,0.7,extrapolated,1.4352,0.9924133489375828,source_intercept_control
N20_D0100_Q0.8,20.0,100,0.8,extrapolated,1.7346,0.9703840758550828,source_intercept_control
N20_D0100_Q0.9,20.0,100,0.9,extrapolated,1.9249,0.9482570899793421,source_intercept_control
N20_D0100_Q0.95,20.0,100,0.95,extrapolated,2.0146,0.9371285565478455,source_intercept_control
N20_D0100_Q1.0,20.0,100,1.0,extrapolated,2.1626,0.9258684036341727,source_intercept_control
N20_D0150_Q0.05,20.0,150,0.05,extrapolated,0.5,1.097882072175981,source_intercept_control
N20_D0150_Q0.1,20.0,150,0.1,extrapolated,0.5,1.0869892451495153,source_intercept_control
N20_D0150_Q0.2,20.0,150,0.2,extrapolated,0.5,1.0651879227201388,source_intercept_control
N20_D0150_Q0.3,20.0,150,0.3,extrapolated,0.5609,1.0433634819265518,source_intercept_control
N20_D0150_Q0.4,20.0,150,0.4,extrapolated,0.7726,1.0215125686822897,source_intercept_control
N20_D0150_Q0.5,20.0,150,0.5,extrapolated,1.0014,0.9996306915341235,source_intercept_control
N20_D0150_Q0.6,20.0,150,0.6,extrapolated,1.2131,0.9777115218193022,source_intercept_control
N20_D0150_Q0.7,20.0,150,0.7,extrapolated,1.4349,0.9557454646133112,source_intercept_control
N20_D0150_Q0.8,20.0,150,0.8,extrapolated,1.6867,0.9337161915308112,source_intercept_control
N20_D0150_Q0.9,20.0,150,0.9,extrapolated,1.9415,0.9115892056550705,source_intercept_control
N20_D0150_Q0.95,20.0,150,0.95,extrapolated,1.9787,0.900460672223574,source_intercept_control
N20_D0150_Q1.0,20.0,150,1.0,extrapolated,2.202,0.8892005193099011,source_intercept_control
N20_D0300_Q0.05,20.0,300,0.05,extrapolated,0.5,1.0440752026236124,source_intercept_control
N20_D0300_Q0.1,20.0,300,0.1,extrapolated,0.5,1.0331823755971468,source_intercept_control
N20_D0300_Q0.2,20.0,300,0.2,extrapolated,0.5,1.0113810531677703,source_intercept_control
N20_D0300_Q0.3,20.0,300,0.3,extrapolated,0.5245,0.9895566123741832,source_intercept_control
N20_D0300_Q0.4,20.0,300,0.4,extrapolated,0.7862,0.9677056991299211,source_intercept_control
N20_D0300_Q0.5,20.0,300,0.5,extrapolated,0.9918,0.945823821981755,source_intercept_control
N20_D0300_Q0.6,20.0,300,0.6,extrapolated,1.1855,0.9239046522669336,source_intercept_control
N20_D0300_Q0.7,20.0,300,0.7,extrapolated,1.4233,0.9019385950609426,source_intercept_control
N20_D0300_Q0.8,20.0,300,0.8,extrapolated,1.616,0.8799093219784426,source_intercept_control
N20_D0300_Q0.9,20.0,300,0.9,extrapolated,1.8103,0.8577823361027019,source_intercept_control
N20_D0300_Q0.95,20.0,300,0.95,extrapolated,1.931,0.8466538026712054,source_intercept_control
N20_D0300_Q1.0,20.0,300,1.0,extrapolated,2.0706,0.8353936497575325,source_intercept_control
N20_D0500_Q0.05,20.0,500,0.05,extrapolated,0.5,1.0105938665773704,source_intercept_control
N20_D0500_Q0.1,20.0,500,0.1,extrapolated,0.5,0.9997010395509047,source_intercept_control
N20_D0500_Q0.2,20.0,500,0.2,extrapolated,0.5,0.9778997171215282,source_intercept_control
N20_D0500_Q0.3,20.0,500,0.3,extrapolated,0.5267,0.9560752763279412,source_intercept_control
N20_D0500_Q0.4,20.0,500,0.4,extrapolated,0.7311,0.9342243630836786,source_intercept_control
N20_D0500_Q0.5,20.0,500,0.5,extrapolated,0.9588,0.9123424859355129,source_intercept_control
N20_D0500_Q0.6,20.0,500,0.6,extrapolated,1.1533,0.8904233162206916,source_intercept_control
N20_D0500_Q0.7,20.0,500,0.7,extrapolated,1.3975,0.8684572590147006,source_intercept_control
N20_D0500_Q0.8,20.0,500,0.8,extrapolated,1.5833,0.8464279859322006,source_intercept_control
N20_D0500_Q0.9,20.0,500,0.9,extrapolated,1.8347,0.8243010000564599,source_intercept_control
N20_D0500_Q0.95,20.0,500,0.95,extrapolated,1.9382,0.8131724666249633,source_intercept_control
N20_D0500_Q1.0,20.0,500,1.0,extrapolated,2.0683,0.8019123137112905,source_intercept_control
N20_D1000_Q0.05,20.0,1000,0.05,extrapolated,0.5,0.9721793474435709,source_intercept_control
N20_D1000_Q0.1,20.0,1000,0.1,extrapolated,0.5,0.9612865204171057,source_intercept_control
N20_D1000_Q0.2,20.0,1000,0.2,extrapolated,0.5,0.9394851979877288,source_intercept_control
N20_D1000_Q0.3,20.0,1000,0.3,extrapolated,0.5122,0.9176607571941418,source_intercept_control
N20_D1000_Q0.4,20.0,1000,0.4,extrapolated,0.7145,0.8958098439498796,source_intercept_control
N20_D1000_Q0.5,20.0,1000,0.5,extrapolated,0.9421,0.8739279668017139,source_intercept_control
N20_D1000_Q0.6,20.0,1000,0.6,extrapolated,1.156,0.8520087970868921,source_intercept_control
N20_D1000_Q0.7,20.0,1000,0.7,extrapolated,1.3503,0.8300427398809016,source_intercept_control
N20_D1000_Q0.8,20.0,1000,0.8,extrapolated,1.5928,0.8080134667984011,source_intercept_control
N20_D1000_Q0.9,20.0,1000,0.9,extrapolated,1.8254,0.7858864809226609,source_intercept_control
N20_D1000_Q0.95,20.0,1000,0.95,extrapolated,1.8833,0.7747579474911639,source_intercept_control
N20_D1000_Q1.0,20.0,1000,1.0,extrapolated,1.9818,0.7634977945774912,source_intercept_control
N20_D2000_Q0.05,20.0,2000,0.05,extrapolated,0.5,0.9405388218363115,source_intercept_control
N20_D2000_Q0.1,20.0,2000,0.1,extrapolated,0.5,0.9296459948098463,source_intercept_control
N20_D2000_Q0.2,20.0,2000,0.2,extrapolated,0.5,0.9078446723804694,source_intercept_control
N20_D2000_Q0.3,20.0,2000,0.3,extrapolated,0.5,0.8860202315868824,source_intercept_control
N20_D2000_Q0.4,20.0,2000,0.4,extrapolated,0.7172,0.8641693183426202,source_intercept_control
N20_D2000_Q0.5,20.0,2000,0.5,extrapolated,0.9179,0.8422874411944545,source_intercept_control
N20_D2000_Q0.6,20.0,2000,0.6,extrapolated,1.1399,0.8203682714796328,source_intercept_control
N20_D2000_Q0.7,20.0,2000,0.7,extrapolated,1.352,0.7984022142736422,source_intercept_control
N20_D2000_Q0.8,20.0,2000,0.8,extrapolated,1.5389,0.7763729411911418,source_intercept_control
N20_D2000_Q0.9,20.0,2000,0.9,extrapolated,1.7931,0.7542459553154015,source_intercept_control
N20_D2000_Q0.95,20.0,2000,0.95,extrapolated,1.8594,0.7431174218839047,source_intercept_control
N20_D2000_Q1.0,20.0,2000,1.0,extrapolated,1.9584,0.7318572689702318,source_intercept_control
N40_D0005_Q0.05,40.0,5,0.05,extrapolated,0.5,1.5342368687799164,source_intercept_control
N40_D0005_Q0.1,40.0,5,0.1,extrapolated,0.5,1.5245015137102644,source_intercept_control
N40_D0005_Q0.2,40.0,5,0.2,extrapolated,0.5,1.5050168001164224,source_intercept_control
N40_D0005_Q0.3,40.0,5,0.3,extrapolated,0.5852,1.4855114247160839,source_intercept_control
N40_D0005_Q0.4,40.0,5,0.4,extrapolated,0.867,1.46598238982806,source_intercept_control
N40_D0005_Q0.5,40.0,5,0.5,extrapolated,1.1797,1.4464256812610081,source_intercept_control
N40_D0005_Q0.6,40.0,5,0.6,extrapolated,1.4673,1.4268356428359708,source_intercept_control
N40_D0005_Q0.7,40.0,5,0.7,extrapolated,1.664,1.4072036991852515,source_intercept_control
N40_D0005_Q0.8,40.0,5,0.8,extrapolated,2.0255,1.3875152569779714,source_intercept_control
N40_D0005_Q0.9,40.0,5,0.9,extrapolated,2.2617,1.367739484940269,source_intercept_control
N40_D0005_Q0.95,40.0,5,0.95,extrapolated,2.4282,1.3577934696315817,source_intercept_control
N40_D0005_Q1.0,40.0,5,1.0,extrapolated,2.5961,1.3477298207287909,source_intercept_control
N40_D0020_Q0.05,40.0,20,0.05,extrapolated,0.5,1.2800250886262732,source_intercept_control
N40_D0020_Q0.1,40.0,20,0.1,extrapolated,0.5,1.2702897335566212,source_intercept_control
N40_D0020_Q0.2,40.0,20,0.2,extrapolated,0.5,1.2508050199627792,source_intercept_control
N40_D0020_Q0.3,40.0,20,0.3,extrapolated,0.5362,1.2312996445624407,source_intercept_control
N40_D0020_Q0.4,40.0,20,0.4,extrapolated,0.7886,1.2117706096744167,source_intercept_control
N40_D0020_Q0.5,40.0,20,0.5,extrapolated,1.0198,1.192213901107365,source_intercept_control
N40_D0020_Q0.6,40.0,20,0.6,extrapolated,1.3092,1.1726238626823275,source_intercept_control
N40_D0020_Q0.7,40.0,20,0.7,extrapolated,1.562,1.1529919190316082,source_intercept_control
N40_D0020_Q0.8,40.0,20,0.8,extrapolated,1.7885,1.1333034768243282,source_intercept_control
N40_D0020_Q0.9,40.0,20,0.9,extrapolated,2.0261,1.1135277047866259,source_intercept_control
N40_D0020_Q0.95,40.0,20,0.95,extrapolated,2.1982,1.1035816894779384,source_intercept_control
N40_D0020_Q1.0,40.0,20,1.0,extrapolated,2.3679,1.0935180405751477,source_intercept_control
N40_D0050_Q0.05,40.0,50,0.05,extrapolated,0.5,1.1587132476736395,source_intercept_control
N40_D0050_Q0.1,40.0,50,0.1,extrapolated,0.5,1.1489778926039875,source_intercept_control
N40_D0050_Q0.2,40.0,50,0.2,extrapolated,0.5,1.1294931790101455,source_intercept_control
N40_D0050_Q0.3,40.0,50,0.3,extrapolated,0.5011,1.109987803609807,source_intercept_control
N40_D0050_Q0.4,40.0,50,0.4,extrapolated,0.7348,1.090458768721783,source_intercept_control
N40_D0050_Q0.5,40.0,50,0.5,extrapolated,1.0179,1.0709020601547312,source_intercept_control
N40_D0050_Q0.6,40.0,50,0.6,extrapolated,1.2307,1.0513120217296938,source_intercept_control
N40_D0050_Q0.7,40.0,50,0.7,extrapolated,1.4863,1.0316800780789745,source_intercept_control
N40_D0050_Q0.8,40.0,50,0.8,extrapolated,1.6999,1.0119916358716945,source_intercept_control
N40_D0050_Q0.9,40.0,50,0.9,extrapolated,1.9707,0.9922158638339922,source_intercept_control
N40_D0050_Q0.95,40.0,50,0.95,extrapolated,2.0827,0.9822698485253047,source_intercept_control
N40_D0050_Q1.0,40.0,50,1.0,extrapolated,2.262,0.972206199622514,source_intercept_control
N40_D0100_Q0.05,40.0,100,0.05,extrapolated,0.5,1.0855364281816575,source_intercept_control
N40_D0100_Q0.1,40.0,100,0.1,extrapolated,0.5,1.0758010731120056,source_intercept_control
N40_D0100_Q0.2,40.0,100,0.2,extrapolated,0.5,1.0563163595181635,source_intercept_control
N40_D0100_Q0.3,40.0,100,0.3,extrapolated,0.5,1.036810984117825,source_intercept_control
N40_D0100_Q0.4,40.0,100,0.4,extrapolated,0.7481,1.017281949229801,source_intercept_control
N40_D0100_Q0.5,40.0,100,0.5,extrapolated,0.9344,0.9977252406627493,source_intercept_control
N40_D0100_Q0.6,40.0,100,0.6,extrapolated,1.1814,0.9781352022377119,source_intercept_control
N40_D0100_Q0.7,40.0,100,0.7,extrapolated,1.417,0.9585032585869926,source_intercept_control
N40_D0100_Q0.8,40.0,100,0.8,extrapolated,1.6703,0.9388148163797125,source_intercept_control
N40_D0100_Q0.9,40.0,100,0.9,extrapolated,1.9207,0.9190390443420102,source_intercept_control
N40_D0100_Q0.95,40.0,100,0.95,extrapolated,2.0172,0.9090930290333228,source_intercept_control
N40_D0100_Q1.0,40.0,100,1.0,extrapolated,2.1214,0.899029380130532,source_intercept_control
N40_D0150_Q0.05,40.0,150,0.05,extrapolated,0.5,1.048868543857386,source_intercept_control
N40_D0150_Q0.1,40.0,150,0.1,extrapolated,0.5,1.039133188787734,source_intercept_control
N40_D0150_Q0.2,40.0,150,0.2,extrapolated,0.5,1.019648475193892,source_intercept_control
N40_D0150_Q0.3,40.0,150,0.3,extrapolated,0.5,1.0001430997935534,source_intercept_control
N40_D0150_Q0.4,40.0,150,0.4,extrapolated,0.7164,0.9806140649055295,source_intercept_control
N40_D0150_Q0.5,40.0,150,0.5,extrapolated,0.9445,0.9610573563384777,source_intercept_control
N40_D0150_Q0.6,40.0,150,0.6,extrapolated,1.2004,0.9414673179134403,source_intercept_control
N40_D0150_Q0.7,40.0,150,0.7,extrapolated,1.4026,0.921835374262721,source_intercept_control
N40_D0150_Q0.8,40.0,150,0.8,extrapolated,1.6463,0.9021469320554409,source_intercept_control
N40_D0150_Q0.9,40.0,150,0.9,extrapolated,1.8339,0.8823711600177386,source_intercept_control
N40_D0150_Q0.95,40.0,150,0.95,extrapolated,1.9979,0.8724251447090512,source_intercept_control
N40_D0150_Q1.0,40.0,150,1.0,extrapolated,2.0917,0.8623614958062604,source_intercept_control
N40_D0300_Q0.05,40.0,300,0.05,extrapolated,0.5,0.9950616743050174,source_intercept_control
N40_D0300_Q0.1,40.0,300,0.1,extrapolated,0.5,0.9853263192353654,source_intercept_control
N40_D0300_Q0.2,40.0,300,0.2,extrapolated,0.5,0.9658416056415233,source_intercept_control
N40_D0300_Q0.3,40.0,300,0.3,extrapolated,0.5,0.9463362302411849,source_intercept_control
N40_D0300_Q0.4,40.0,300,0.4,extrapolated,0.6864,0.9268071953531609,source_intercept_control
N40_D0300_Q0.5,40.0,300,0.5,extrapolated,0.9212,0.9072504867861091,source_intercept_control
N40_D0300_Q0.6,40.0,300,0.6,extrapolated,1.1336,0.8876604483610717,source_intercept_control
N40_D0300_Q0.7,40.0,300,0.7,extrapolated,1.3816,0.8680285047103524,source_intercept_control
N40_D0300_Q0.8,40.0,300,0.8,extrapolated,1.5375,0.8483400625030724,source_intercept_control
N40_D0300_Q0.9,40.0,300,0.9,extrapolated,1.8101,0.8285642904653701,source_intercept_control
N40_D0300_Q0.95,40.0,300,0.95,extrapolated,1.9054,0.8186182751566826,source_intercept_control
N40_D0300_Q1.0,40.0,300,1.0,extrapolated,2.0147,0.8085546262538919,source_intercept_control
N40_D0500_Q0.05,40.0,500,0.05,extrapolated,0.5,0.9615803382587753,source_intercept_control
N40_D0500_Q0.1,40.0,500,0.1,extrapolated,0.5,0.9518449831891234,source_intercept_control
N40_D0500_Q0.2,40.0,500,0.2,extrapolated,0.5,0.9323602695952813,source_intercept_control
N40_D0500_Q0.3,40.0,500,0.3,extrapolated,0.5,0.9128548941949428,source_intercept_control
N40_D0500_Q0.4,40.0,500,0.4,extrapolated,0.7035,0.8933258593069189,source_intercept_control
N40_D0500_Q0.5,40.0,500,0.5,extrapolated,0.8866,0.873769150739867,source_intercept_control
N40_D0500_Q0.6,40.0,500,0.6,extrapolated,1.1238,0.8541791123148297,source_intercept_control
N40_D0500_Q0.7,40.0,500,0.7,extrapolated,1.351,0.8345471686641104,source_intercept_control
N40_D0500_Q0.8,40.0,500,0.8,extrapolated,1.5771,0.8148587264568303,source_intercept_control
N40_D0500_Q0.9,40.0,500,0.9,extrapolated,1.7729,0.795082954419128,source_intercept_control
N40_D0500_Q0.95,40.0,500,0.95,extrapolated,1.8226,0.7851369391104406,source_intercept_control
N40_D0500_Q1.0,40.0,500,1.0,extrapolated,2.0298,0.7750732902076498,source_intercept_control
N40_D1000_Q0.05,40.0,1000,0.05,extrapolated,0.5,0.9231658191249759,source_intercept_control
N40_D1000_Q0.1,40.0,1000,0.1,extrapolated,0.5,0.9134304640553244,source_intercept_control
N40_D1000_Q0.2,40.0,1000,0.2,extrapolated,0.5,0.8939457504614818,source_intercept_control
N40_D1000_Q0.3,40.0,1000,0.3,extrapolated,0.5,0.8744403750611434,source_intercept_control
N40_D1000_Q0.4,40.0,1000,0.4,extrapolated,0.6682,0.8549113401731199,source_intercept_control
N40_D1000_Q0.5,40.0,1000,0.5,extrapolated,0.8929,0.835354631606068,source_intercept_control
N40_D1000_Q0.6,40.0,1000,0.6,extrapolated,1.1087,0.8157645931810302,source_intercept_control
N40_D1000_Q0.7,40.0,1000,0.7,extrapolated,1.3121,0.7961326495303109,source_intercept_control
N40_D1000_Q0.8,40.0,1000,0.8,extrapolated,1.5165,0.7764442073230309,source_intercept_control
N40_D1000_Q0.9,40.0,1000,0.9,extrapolated,1.7375,0.756668435285329,source_intercept_control
N40_D1000_Q0.95,40.0,1000,0.95,extrapolated,1.8219,0.7467224199766413,source_intercept_control
N40_D1000_Q1.0,40.0,1000,1.0,extrapolated,1.9394,0.7366587710738506,source_intercept_control
N40_D2000_Q0.05,40.0,2000,0.05,extrapolated,0.5,0.8915252935177165,source_intercept_control
N40_D2000_Q0.1,40.0,2000,0.1,extrapolated,0.5,0.881789938448065,source_intercept_control
N40_D2000_Q0.2,40.0,2000,0.2,extrapolated,0.5,0.8623052248542225,source_intercept_control
N40_D2000_Q0.3,40.0,2000,0.3,extrapolated,0.5,0.842799849453884,source_intercept_control
N40_D2000_Q0.4,40.0,2000,0.4,extrapolated,0.6377,0.8232708145658605,source_intercept_control
N40_D2000_Q0.5,40.0,2000,0.5,extrapolated,0.8589,0.8037141059988087,source_intercept_control
N40_D2000_Q0.6,40.0,2000,0.6,extrapolated,1.0771,0.7841240675737708,source_intercept_control
N40_D2000_Q0.7,40.0,2000,0.7,extrapolated,1.3187,0.7644921239230515,source_intercept_control
N40_D2000_Q0.8,40.0,2000,0.8,extrapolated,1.5044,0.7448036817157717,source_intercept_control
N40_D2000_Q0.9,40.0,2000,0.9,extrapolated,1.7336,0.7250279096780696,source_intercept_control
N40_D2000_Q0.95,40.0,2000,0.95,extrapolated,1.7276,0.715081894369382,source_intercept_control
N40_D2000_Q1.0,40.0,2000,1.0,extrapolated,1.9275,0.7050182454665912,source_intercept_control
N70_D0005_Q0.05,70.0,5,0.05,extrapolated,0.5,1.500567074246006,source_intercept_control
N70_D0005_Q0.1,70.0,5,0.1,extrapolated,0.5,1.4916758429370258,source_intercept_control
N70_D0005_Q0.2,70.0,5,0.2,extrapolated,0.5,1.4738805910625317,source_intercept_control
N70_D0005_Q0.3,70.0,5,0.3,extrapolated,0.5039,1.4560664689054947,source_intercept_control
N70_D0005_Q0.4,70.0,5,0.4,extrapolated,0.8232,1.4382307387047701,source_intercept_control
N70_D0005_Q0.5,70.0,5,0.5,extrapolated,1.1008,1.4203697343276391,source_intercept_control
N70_D0005_Q0.6,70.0,5,0.6,extrapolated,1.4166,1.4024782900256438,source_intercept_control
N70_D0005_Q0.7,70.0,5,0.7,extrapolated,1.6785,1.3845485739757848,source_intercept_control
N70_D0005_Q0.8,70.0,5,0.8,extrapolated,2.0006,1.366567258191616,source_intercept_control
N70_D0005_Q0.9,70.0,5,0.9,extrapolated,2.2782,1.3485061846875794,source_intercept_control
N70_D0005_Q0.95,70.0,5,0.95,extrapolated,2.4175,1.3394225588640207,source_intercept_control
N70_D0005_Q1.0,70.0,5,1.0,extrapolated,2.6033,1.330231499106374,source_intercept_control
N70_D0020_Q0.05,70.0,20,0.05,extrapolated,0.5,1.2463552940923632,source_intercept_control
N70_D0020_Q0.1,70.0,20,0.1,extrapolated,0.5,1.237464062783383,source_intercept_control
N70_D0020_Q0.2,70.0,20,0.2,extrapolated,0.5,1.219668810908889,source_intercept_control
N70_D0020_Q0.3,70.0,20,0.3,extrapolated,0.5,1.201854688751852,source_intercept_control
N70_D0020_Q0.4,70.0,20,0.4,extrapolated,0.7217,1.1840189585511274,source_intercept_control
N70_D0020_Q0.5,70.0,20,0.5,extrapolated,0.9839,1.1661579541739964,source_intercept_control
N70_D0020_Q0.6,70.0,20,0.6,extrapolated,1.2611,1.148266509872001,source_intercept_control
N70_D0020_Q0.7,70.0,20,0.7,extrapolated,1.5062,1.130336793822142,source_intercept_control
N70_D0020_Q0.8,70.0,20,0.8,extrapolated,1.7756,1.1123554780379732,source_intercept_control
N70_D0020_Q0.9,70.0,20,0.9,extrapolated,2.0434,1.0942944045339367,source_intercept_control
N70_D0020_Q0.95,70.0,20,0.95,extrapolated,2.1901,1.085210778710378,source_intercept_control
N70_D0020_Q1.0,70.0,20,1.0,extrapolated,2.3369,1.0760197189527312,source_intercept_control
N70_D0050_Q0.05,70.0,50,0.05,extrapolated,0.5,1.125043453139729,source_intercept_control
N70_D0050_Q0.1,70.0,50,0.1,extrapolated,0.5,1.116152221830749,source_intercept_control
N70_D0050_Q0.2,70.0,50,0.2,extrapolated,0.5,1.0983569699562548,source_intercept_control
N70_D0050_Q0.3,70.0,50,0.3,extrapolated,0.5,1.0805428477992178,source_intercept_control
N70_D0050_Q0.4,70.0,50,0.4,extrapolated,0.7053,1.0627071175984932,source_intercept_control
N70_D0050_Q0.5,70.0,50,0.5,extrapolated,0.9448,1.0448461132213622,source_intercept_control
N70_D0050_Q0.6,70.0,50,0.6,extrapolated,1.1924,1.026954668919367,source_intercept_control
N70_D0050_Q0.7,70.0,50,0.7,extrapolated,1.4475,1.0090249528695079,source_intercept_control
N70_D0050_Q0.8,70.0,50,0.8,extrapolated,1.6973,0.991043637085339,source_intercept_control
N70_D0050_Q0.9,70.0,50,0.9,extrapolated,1.9752,0.9729825635813025,source_intercept_control
N70_D0050_Q0.95,70.0,50,0.95,extrapolated,2.1097,0.9638989377577438,source_intercept_control
N70_D0050_Q1.0,70.0,50,1.0,extrapolated,2.2162,0.954707878000097,source_intercept_control
N70_D0100_Q0.05,70.0,100,0.05,extrapolated,0.5,1.0518666336477476,source_intercept_control
N70_D0100_Q0.1,70.0,100,0.1,extrapolated,0.5,1.0429754023387674,source_intercept_control
N70_D0100_Q0.2,70.0,100,0.2,extrapolated,0.5,1.0251801504642732,source_intercept_control
N70_D0100_Q0.3,70.0,100,0.3,extrapolated,0.5,1.0073660283072363,source_intercept_control
N70_D0100_Q0.4,70.0,100,0.4,extrapolated,0.6765,0.9895302981065117,source_intercept_control
N70_D0100_Q0.5,70.0,100,0.5,extrapolated,0.9072,0.9716692937293807,source_intercept_control
N70_D0100_Q0.6,70.0,100,0.6,extrapolated,1.1486,0.9537778494273854,source_intercept_control
N70_D0100_Q0.7,70.0,100,0.7,extrapolated,1.3726,0.9358481333775264,source_intercept_control
N70_D0100_Q0.8,70.0,100,0.8,extrapolated,1.6395,0.9178668175933575,source_intercept_control
N70_D0100_Q0.9,70.0,100,0.9,extrapolated,1.905,0.899805744089321,source_intercept_control
N70_D0100_Q0.95,70.0,100,0.95,extrapolated,1.9747,0.8907221182657623,source_intercept_control
N70_D0100_Q1.0,70.0,100,1.0,extrapolated,2.1223,0.8815310585081155,source_intercept_control
N70_D0150_Q0.05,70.0,150,0.05,extrapolated,0.5,1.015198749323476,source_intercept_control
N70_D0150_Q0.1,70.0,150,0.1,extrapolated,0.5,1.0063075180144958,source_intercept_control
N70_D0150_Q0.2,70.0,150,0.2,extrapolated,0.5,0.9885122661400016,source_intercept_control
N70_D0150_Q0.3,70.0,150,0.3,extrapolated,0.5,0.9706981439829647,source_intercept_control
N70_D0150_Q0.4,70.0,150,0.4,extrapolated,0.6507,0.9528624137822401,source_intercept_control
N70_D0150_Q0.5,70.0,150,0.5,extrapolated,0.8903,0.9350014094051091,source_intercept_control
N70_D0150_Q0.6,70.0,150,0.6,extrapolated,1.1506,0.9171099651031138,source_intercept_control
N70_D0150_Q0.7,70.0,150,0.7,extrapolated,1.3601,0.8991802490532548,source_intercept_control
N70_D0150_Q0.8,70.0,150,0.8,extrapolated,1.5779,0.8811989332690859,source_intercept_control
N70_D0150_Q0.9,70.0,150,0.9,extrapolated,1.8604,0.8631378597650494,source_intercept_control
N70_D0150_Q0.95,70.0,150,0.95,extrapolated,1.9377,0.8540542339414907,source_intercept_control
N70_D0150_Q1.0,70.0,150,1.0,extrapolated,2.0817,0.8448631741838439,source_intercept_control
N70_D0300_Q0.05,70.0,300,0.05,extrapolated,0.5,0.9613918797711074,source_intercept_control
N70_D0300_Q0.1,70.0,300,0.1,extrapolated,0.5,0.9525006484621272,source_intercept_control
N70_D0300_Q0.2,70.0,300,0.2,extrapolated,0.5,0.9347053965876331,source_intercept_control
N70_D0300_Q0.3,70.0,300,0.3,extrapolated,0.5,0.9168912744305961,source_intercept_control
N70_D0300_Q0.4,70.0,300,0.4,extrapolated,0.6571,0.8990555442298716,source_intercept_control
N70_D0300_Q0.5,70.0,300,0.5,extrapolated,0.8554,0.8811945398527405,source_intercept_control
N70_D0300_Q0.6,70.0,300,0.6,extrapolated,1.1181,0.8633030955507452,source_intercept_control
N70_D0300_Q0.7,70.0,300,0.7,extrapolated,1.3754,0.8453733795008862,source_intercept_control
N70_D0300_Q0.8,70.0,300,0.8,extrapolated,1.5736,0.8273920637167174,source_intercept_control
N70_D0300_Q0.9,70.0,300,0.9,extrapolated,1.7826,0.8093309902126808,source_intercept_control
N70_D0300_Q0.95,70.0,300,0.95,extrapolated,1.9317,0.8002473643891221,source_intercept_control
N70_D0300_Q1.0,70.0,300,1.0,extrapolated,2.0225,0.7910563046314754,source_intercept_control
N70_D0500_Q0.05,70.0,500,0.05,extrapolated,0.5,0.9279105437248654,source_intercept_control
N70_D0500_Q0.1,70.0,500,0.1,extrapolated,0.5,0.9190193124158847,source_intercept_control
N70_D0500_Q0.2,70.0,500,0.2,extrapolated,0.5,0.901224060541391,source_intercept_control
N70_D0500_Q0.3,70.0,500,0.3,extrapolated,0.5,0.8834099383843541,source_intercept_control
N70_D0500_Q0.4,70.0,500,0.4,extrapolated,0.6398,0.8655742081836295,source_intercept_control
N70_D0500_Q0.5,70.0,500,0.5,extrapolated,0.8696,0.8477132038064985,source_intercept_control
N70_D0500_Q0.6,70.0,500,0.6,extrapolated,1.0654,0.8298217595045032,source_intercept_control
N70_D0500_Q0.7,70.0,500,0.7,extrapolated,1.3269,0.8118920434546437,source_intercept_control
N70_D0500_Q0.8,70.0,500,0.8,extrapolated,1.552,0.7939107276704749,source_intercept_control
N70_D0500_Q0.9,70.0,500,0.9,extrapolated,1.7856,0.7758496541664384,source_intercept_control
N70_D0500_Q0.95,70.0,500,0.95,extrapolated,1.8785,0.7667660283428797,source_intercept_control
N70_D0500_Q1.0,70.0,500,1.0,extrapolated,2.0232,0.7575749685852331,source_intercept_control
N70_D1000_Q0.05,70.0,1000,0.05,extrapolated,0.5,0.8894960245910659,source_intercept_control
N70_D1000_Q0.1,70.0,1000,0.1,extrapolated,0.5,0.8806047932820857,source_intercept_control
N70_D1000_Q0.2,70.0,1000,0.2,extrapolated,0.5,0.8628095414075916,source_intercept_control
N70_D1000_Q0.3,70.0,1000,0.3,extrapolated,0.5,0.8449954192505547,source_intercept_control
N70_D1000_Q0.4,70.0,1000,0.4,extrapolated,0.6331,0.8271596890498301,source_intercept_control
N70_D1000_Q0.5,70.0,1000,0.5,extrapolated,0.8268,0.809298684672699,source_intercept_control
N70_D1000_Q0.6,70.0,1000,0.6,extrapolated,1.0717,0.7914072403707038,source_intercept_control
N70_D1000_Q0.7,70.0,1000,0.7,extrapolated,1.3056,0.7734775243208447,source_intercept_control
N70_D1000_Q0.8,70.0,1000,0.8,extrapolated,1.5113,0.7554962085366759,source_intercept_control
N70_D1000_Q0.9,70.0,1000,0.9,extrapolated,1.7324,0.7374351350326391,source_intercept_control
N70_D1000_Q0.95,70.0,1000,0.95,extrapolated,1.8305,0.7283515092090806,source_intercept_control
N70_D1000_Q1.0,70.0,1000,1.0,extrapolated,1.9314,0.7191604494514339,source_intercept_control
N70_D2000_Q0.05,70.0,2000,0.05,extrapolated,0.5,0.8578554989838065,source_intercept_control
N70_D2000_Q0.1,70.0,2000,0.1,extrapolated,0.5,0.8489642676748264,source_intercept_control
N70_D2000_Q0.2,70.0,2000,0.2,extrapolated,0.5,0.8311690158003322,source_intercept_control
N70_D2000_Q0.3,70.0,2000,0.3,extrapolated,0.5,0.8133548936432953,source_intercept_control
N70_D2000_Q0.4,70.0,2000,0.4,extrapolated,0.6095,0.7955191634425707,source_intercept_control
N70_D2000_Q0.5,70.0,2000,0.5,extrapolated,0.8205,0.7776581590654397,source_intercept_control
N70_D2000_Q0.6,70.0,2000,0.6,extrapolated,1.0279,0.7597667147634444,source_intercept_control
N70_D2000_Q0.7,70.0,2000,0.7,extrapolated,1.2745,0.7418369987135853,source_intercept_control
N70_D2000_Q0.8,70.0,2000,0.8,extrapolated,1.4713,0.7238556829294165,source_intercept_control
N70_D2000_Q0.9,70.0,2000,0.9,extrapolated,1.7312,0.7057946094253797,source_intercept_control
N70_D2000_Q0.95,70.0,2000,0.95,extrapolated,1.7959,0.6967109836018213,source_intercept_control
N70_D2000_Q1.0,70.0,2000,1.0,extrapolated,1.9285,0.6875199238441745,source_intercept_control
N120_D0005_Q0.05,120.0,5,0.05,extrapolated,0.5,1.4723374702923935,source_intercept_control
N120_D0005_Q0.1,120.0,5,0.1,extrapolated,0.5,1.4641899892392218,source_intercept_control
N120_D0005_Q0.2,120.0,5,0.2,extrapolated,0.5,1.4478833076958653,source_intercept_control
N120_D0005_Q0.3,120.0,5,0.3,extrapolated,0.5,1.4315593343664625,source_intercept_control
N120_D0005_Q0.4,120.0,5,0.4,extrapolated,0.759,1.415215560503205,source_intercept_control
N120_D0005_Q0.5,120.0,5,0.5,extrapolated,1.0383,1.3988486266448636,source_intercept_control
N120_D0005_Q0.6,120.0,5,0.6,extrapolated,1.3529,1.3824537991571164,source_intercept_control
N120_D0005_Q0.7,120.0,5,0.7,extrapolated,1.6294,1.3660239013478632,source_intercept_control
N120_D0005_Q0.8,120.0,5,0.8,extrapolated,1.8929,1.3495467201148608,source_intercept_control
N120_D0005_Q0.9,120.0,5,0.9,extrapolated,2.2776,1.3329964528841054,source_intercept_control
N120_D0005_Q0.95,120.0,5,0.95,extrapolated,2.3327,1.3246726710905987,source_intercept_control
N120_D0005_Q1.0,120.0,5,1.0,extrapolated,2.5753,1.3162504421965688,source_intercept_control
N120_D0020_Q0.05,120.0,20,0.05,extrapolated,0.5,1.2181256901387507,source_intercept_control
N120_D0020_Q0.1,120.0,20,0.1,extrapolated,0.5,1.209978209085579,source_intercept_control
N120_D0020_Q0.2,120.0,20,0.2,extrapolated,0.5,1.1936715275422225,source_intercept_control
N120_D0020_Q0.3,120.0,20,0.3,extrapolated,0.5,1.1773475542128198,source_intercept_control
N120_D0020_Q0.4,120.0,20,0.4,extrapolated,0.686,1.1610037803495623,source_intercept_control
N120_D0020_Q0.5,120.0,20,0.5,extrapolated,0.9324,1.1446368464912209,source_intercept_control
N120_D0020_Q0.6,120.0,20,0.6,extrapolated,1.2186,1.1282420190034737,source_intercept_control
N120_D0020_Q0.7,120.0,20,0.7,extrapolated,1.4699,1.1118121211942205,source_intercept_control
N120_D0020_Q0.8,120.0,20,0.8,extrapolated,1.7489,1.095334939961218,source_intercept_control
N120_D0020_Q0.9,120.0,20,0.9,extrapolated,2.0566,1.0787846727304626,source_intercept_control
N120_D0020_Q0.95,120.0,20,0.95,extrapolated,2.1247,1.070460890936956,source_intercept_control
N120_D0020_Q1.0,120.0,20,1.0,extrapolated,2.2493,1.062038662042926,source_intercept_control
N120_D0050_Q0.05,120.0,50,0.05,extrapolated,0.5,1.0968138491861166,source_intercept_control
N120_D0050_Q0.1,120.0,50,0.1,extrapolated,0.5,1.088666368132945,source_intercept_control
N120_D0050_Q0.2,120.0,50,0.2,extrapolated,0.5,1.0723596865895884,source_intercept_control
N120_D0050_Q0.3,120.0,50,0.3,extrapolated,0.5,1.0560357132601856,source_intercept_control
N120_D0050_Q0.4,120.0,50,0.4,extrapolated,0.6689,1.0396919393969282,source_intercept_control
N120_D0050_Q0.5,120.0,50,0.5,extrapolated,0.9237,1.0233250055385867,source_intercept_control
N120_D0050_Q0.6,120.0,50,0.6,extrapolated,1.1614,1.0069301780508395,source_intercept_control
N120_D0050_Q0.7,120.0,50,0.7,extrapolated,1.3938,0.9905002802415863,source_intercept_control
N120_D0050_Q0.8,120.0,50,0.8,extrapolated,1.682,0.9740230990085839,source_intercept_control
N120_D0050_Q0.9,120.0,50,0.9,extrapolated,1.9395,0.9574728317778285,source_intercept_control
N120_D0050_Q0.95,120.0,50,0.95,extrapolated,2.0853,0.9491490499843218,source_intercept_control
N120_D0050_Q1.0,120.0,50,1.0,extrapolated,2.2004,0.9407268210902919,source_intercept_control
N120_D0100_Q0.05,120.0,100,0.05,extrapolated,0.5,1.023637029694135,source_intercept_control
N120_D0100_Q0.1,120.0,100,0.1,extrapolated,0.5,1.0154895486409634,source_intercept_control
N120_D0100_Q0.2,120.0,100,0.2,extrapolated,0.5,0.9991828670976068,source_intercept_control
N120_D0100_Q0.3,120.0,100,0.3,extrapolated,0.5,0.9828588937682041,source_intercept_control
N120_D0100_Q0.4,120.0,100,0.4,extrapolated,0.6206,0.9665151199049467,source_intercept_control
N120_D0100_Q0.5,120.0,100,0.5,extrapolated,0.8829,0.9501481860466052,source_intercept_control
N120_D0100_Q0.6,120.0,100,0.6,extrapolated,1.1099,0.933753358558858,source_intercept_control
N120_D0100_Q0.7,120.0,100,0.7,extrapolated,1.3531,0.9173234607496048,source_intercept_control
N120_D0100_Q0.8,120.0,100,0.8,extrapolated,1.5774,0.9008462795166023,source_intercept_control
N120_D0100_Q0.9,120.0,100,0.9,extrapolated,1.8321,0.884296012285847,source_intercept_control
N120_D0100_Q0.95,120.0,100,0.95,extrapolated,1.9432,0.8759722304923403,source_intercept_control
N120_D0100_Q1.0,120.0,100,1.0,extrapolated,2.1521,0.8675500015983104,source_intercept_control
N120_D0150_Q0.05,120.0,150,0.05,extrapolated,0.5,0.9869691453698635,source_intercept_control
N120_D0150_Q0.1,120.0,150,0.1,extrapolated,0.5,0.9788216643166918,source_intercept_control
N120_D0150_Q0.2,120.0,150,0.2,extrapolated,0.5,0.9625149827733352,source_intercept_control
N120_D0150_Q0.3,120.0,150,0.3,extrapolated,0.5,0.9461910094439325,source_intercept_control
N120_D0150_Q0.4,120.0,150,0.4,extrapolated,0.6188,0.9298472355806751,source_intercept_control
N120_D0150_Q0.5,120.0,150,0.5,extrapolated,0.8572,0.9134803017223336,source_intercept_control
N120_D0150_Q0.6,120.0,150,0.6,extrapolated,1.0887,0.8970854742345864,source_intercept_control
N120_D0150_Q0.7,120.0,150,0.7,extrapolated,1.3605,0.8806555764253332,source_intercept_control
N120_D0150_Q0.8,120.0,150,0.8,extrapolated,1.5564,0.8641783951923308,source_intercept_control
N120_D0150_Q0.9,120.0,150,0.9,extrapolated,1.8816,0.8476281279615754,source_intercept_control
N120_D0150_Q0.95,120.0,150,0.95,extrapolated,1.9557,0.8393043461680687,source_intercept_control
N120_D0150_Q1.0,120.0,150,1.0,extrapolated,2.0881,0.8308821172740388,source_intercept_control
N120_D0300_Q0.05,120.0,300,0.05,extrapolated,0.5,0.9331622758174949,source_intercept_control
N120_D0300_Q0.1,120.0,300,0.1,extrapolated,0.5,0.9250147947643232,source_intercept_control
N120_D0300_Q0.2,120.0,300,0.2,extrapolated,0.5,0.9087081132209667,source_intercept_control
N120_D0300_Q0.3,120.0,300,0.3,extrapolated,0.5,0.892384139891564,source_intercept_control
N120_D0300_Q0.4,120.0,300,0.4,extrapolated,0.6045,0.8760403660283065,source_intercept_control
N120_D0300_Q0.5,120.0,300,0.5,extrapolated,0.8569,0.8596734321699651,source_intercept_control
N120_D0300_Q0.6,120.0,300,0.6,extrapolated,1.092,0.8432786046822178,source_intercept_control
N120_D0300_Q0.7,120.0,300,0.7,extrapolated,1.2863,0.8268487068729646,source_intercept_control
N120_D0300_Q0.8,120.0,300,0.8,extrapolated,1.5302,0.8103715256399622,source_intercept_control
N120_D0300_Q0.9,120.0,300,0.9,extrapolated,1.7838,0.7938212584092068,source_intercept_control
N120_D0300_Q0.95,120.0,300,0.95,extrapolated,1.9031,0.7854974766157001,source_intercept_control
N120_D0300_Q1.0,120.0,300,1.0,extrapolated,2.0619,0.7770752477216702,source_intercept_control
N120_D0500_Q0.05,120.0,500,0.05,extrapolated,0.5,0.8996809397712529,source_intercept_control
N120_D0500_Q0.1,120.0,500,0.1,extrapolated,0.5,0.8915334587180808,source_intercept_control
N120_D0500_Q0.2,120.0,500,0.2,extrapolated,0.5,0.8752267771747246,source_intercept_control
N120_D0500_Q0.3,120.0,500,0.3,extrapolated,0.5,0.8589028038453215,source_intercept_control
N120_D0500_Q0.4,120.0,500,0.4,extrapolated,0.5807,0.842559029982064,source_intercept_control
N120_D0500_Q0.5,120.0,500,0.5,extrapolated,0.8175,0.8261920961237226,source_intercept_control
N120_D0500_Q0.6,120.0,500,0.6,extrapolated,1.0547,0.8097972686359758,source_intercept_control
N120_D0500_Q0.7,120.0,500,0.7,extrapolated,1.2832,0.7933673708267226,source_intercept_control
N120_D0500_Q0.8,120.0,500,0.8,extrapolated,1.5164,0.7768901895937197,source_intercept_control
N120_D0500_Q0.9,120.0,500,0.9,extrapolated,1.7304,0.7603399223629645,source_intercept_control
N120_D0500_Q0.95,120.0,500,0.95,extrapolated,1.8749,0.7520161405694579,source_intercept_control
N120_D0500_Q1.0,120.0,500,1.0,extrapolated,2.0294,0.743593911675428,source_intercept_control
N120_D1000_Q0.05,120.0,1000,0.05,extrapolated,0.5,0.8612664206374534,source_intercept_control
N120_D1000_Q0.1,120.0,1000,0.1,extrapolated,0.5,0.8531189395842818,source_intercept_control
N120_D1000_Q0.2,120.0,1000,0.2,extrapolated,0.5,0.8368122580409252,source_intercept_control
N120_D1000_Q0.3,120.0,1000,0.3,extrapolated,0.5,0.8204882847115225,source_intercept_control
N120_D1000_Q0.4,120.0,1000,0.4,extrapolated,0.5785,0.804144510848265,source_intercept_control
N120_D1000_Q0.5,120.0,1000,0.5,extrapolated,0.7972,0.7877775769899236,source_intercept_control
N120_D1000_Q0.6,120.0,1000,0.6,extrapolated,1.0412,0.7713827495021763,source_intercept_control
N120_D1000_Q0.7,120.0,1000,0.7,extrapolated,1.2562,0.7549528516929231,source_intercept_control
N120_D1000_Q0.8,120.0,1000,0.8,extrapolated,1.485,0.7384756704599207,source_intercept_control
N120_D1000_Q0.9,120.0,1000,0.9,extrapolated,1.7223,0.7219254032291653,source_intercept_control
N120_D1000_Q0.95,120.0,1000,0.95,extrapolated,1.8568,0.7136016214356586,source_intercept_control
N120_D1000_Q1.0,120.0,1000,1.0,extrapolated,1.9082,0.7051793925416288,source_intercept_control
N120_D2000_Q0.05,120.0,2000,0.05,extrapolated,0.5,0.829625895030194,source_intercept_control
N120_D2000_Q0.1,120.0,2000,0.1,extrapolated,0.5,0.8214784139770224,source_intercept_control
N120_D2000_Q0.2,120.0,2000,0.2,extrapolated,0.5,0.8051717324336658,source_intercept_control
N120_D2000_Q0.3,120.0,2000,0.3,extrapolated,0.5,0.7888477591042631,source_intercept_control
N120_D2000_Q0.4,120.0,2000,0.4,extrapolated,0.5772,0.7725039852410056,source_intercept_control
N120_D2000_Q0.5,120.0,2000,0.5,extrapolated,0.7936,0.756137051382664,source_intercept_control
N120_D2000_Q0.6,120.0,2000,0.6,extrapolated,1.0107,0.7397422238949172,source_intercept_control
N120_D2000_Q0.7,120.0,2000,0.7,extrapolated,1.2063,0.7233123260856638,source_intercept_control
N120_D2000_Q0.8,120.0,2000,0.8,extrapolated,1.4677,0.7068351448526613,source_intercept_control
N120_D2000_Q0.9,120.0,2000,0.9,extrapolated,1.6316,0.6902848776219059,source_intercept_control
N120_D2000_Q0.95,120.0,2000,0.95,extrapolated,1.8387,0.6819610958283993,source_intercept_control
N120_D2000_Q1.0,120.0,2000,1.0,extrapolated,1.9249,0.6735388669343694,source_intercept_control
N300_D0005_Q0.05,300.0,5,0.05,extrapolated,0.5,1.4321887391077288,source_intercept_control
N300_D0005_Q0.1,300.0,5,0.1,extrapolated,0.5,1.4251656519420863,source_intercept_control
N300_D0005_Q0.2,300.0,5,0.2,extrapolated,0.5,1.4111093755157942,source_intercept_control
N300_D0005_Q0.3,300.0,5,0.3,extrapolated,0.5,1.3970381936580116,source_intercept_control
N300_D0005_Q0.4,300.0,5,0.4,extrapolated,0.6853,1.3829499438409085,source_intercept_control
N300_D0005_Q0.5,300.0,5,0.5,extrapolated,0.9862,1.3688417302260163,source_intercept_control
N300_D0005_Q0.6,300.0,5,0.6,extrapolated,1.3009,1.354709472444663,source_intercept_control
N300_D0005_Q0.7,300.0,5,0.7,extrapolated,1.6208,1.3405469842248152,source_intercept_control
N300_D0005_Q0.8,300.0,5,0.8,extrapolated,1.8604,1.3263437379345508,source_intercept_control
N300_D0005_Q0.9,300.0,5,0.9,extrapolated,2.2235,1.3120774918865141,source_intercept_control
N300_D0005_Q0.95,300.0,5,0.95,extrapolated,2.4307,1.304902434380756,source_intercept_control
N300_D0005_Q1.0,300.0,5,1.0,extrapolated,2.478,1.2976425159758231,source_intercept_control
N300_D0020_Q0.05,300.0,20,0.05,extrapolated,0.5,1.177976958954086,source_intercept_control
N300_D0020_Q0.1,300.0,20,0.1,extrapolated,0.5,1.1709538717884436,source_intercept_control
N300_D0020_Q0.2,300.0,20,0.2,extrapolated,0.5,1.1568975953621514,source_intercept_control
N300_D0020_Q0.3,300.0,20,0.3,extrapolated,0.5,1.1428264135043689,source_intercept_control
N300_D0020_Q0.4,300.0,20,0.4,extrapolated,0.6087,1.1287381636872658,source_intercept_control
N300_D0020_Q0.5,300.0,20,0.5,extrapolated,0.8857,1.1146299500723735,source_intercept_control
N300_D0020_Q0.6,300.0,20,0.6,extrapolated,1.1745,1.1004976922910203,source_intercept_control
N300_D0020_Q0.7,300.0,20,0.7,extrapolated,1.445,1.0863352040711725,source_intercept_control
N300_D0020_Q0.8,300.0,20,0.8,extrapolated,1.7275,1.072131957780908,source_intercept_control
N300_D0020_Q0.9,300.0,20,0.9,extrapolated,1.993,1.0578657117328714,source_intercept_control
N300_D0020_Q0.95,300.0,20,0.95,extrapolated,2.1129,1.0506906542271133,source_intercept_control
N300_D0020_Q1.0,300.0,20,1.0,extrapolated,2.3267,1.0434307358221804,source_intercept_control
N300_D0050_Q0.05,300.0,50,0.05,extrapolated,0.5,1.056665118001452,source_intercept_control
N300_D0050_Q0.1,300.0,50,0.1,extrapolated,0.5,1.0496420308358094,source_intercept_control
N300_D0050_Q0.2,300.0,50,0.2,extrapolated,0.5,1.0355857544095173,source_intercept_control
N300_D0050_Q0.3,300.0,50,0.3,extrapolated,0.5,1.0215145725517347,source_intercept_control
N300_D0050_Q0.4,300.0,50,0.4,extrapolated,0.5737,1.0074263227346316,source_intercept_control
N300_D0050_Q0.5,300.0,50,0.5,extrapolated,0.8188,0.9933181091197394,source_intercept_control
N300_D0050_Q0.6,300.0,50,0.6,extrapolated,1.0844,0.9791858513383862,source_intercept_control
N300_D0050_Q0.7,300.0,50,0.7,extrapolated,1.3817,0.9650233631185383,source_intercept_control
N300_D0050_Q0.8,300.0,50,0.8,extrapolated,1.6524,0.9508201168282739,source_intercept_control
N300_D0050_Q0.9,300.0,50,0.9,extrapolated,1.917,0.9365538707802372,source_intercept_control
N300_D0050_Q0.95,300.0,50,0.95,extrapolated,2.0545,0.9293788132744791,source_intercept_control
N300_D0050_Q1.0,300.0,50,1.0,extrapolated,2.1404,0.9221188948695462,source_intercept_control
N300_D0100_Q0.05,300.0,100,0.05,extrapolated,0.5,0.9834882985094704,source_intercept_control
N300_D0100_Q0.1,300.0,100,0.1,extrapolated,0.5,0.9764652113438279,source_intercept_control
N300_D0100_Q0.2,300.0,100,0.2,extrapolated,0.5,0.9624089349175358,source_intercept_control
N300_D0100_Q0.3,300.0,100,0.3,extrapolated,0.5,0.9483377530597532,source_intercept_control
N300_D0100_Q0.4,300.0,100,0.4,extrapolated,0.5656,0.9342495032426501,source_intercept_control
N300_D0100_Q0.5,300.0,100,0.5,extrapolated,0.7851,0.9201412896277579,source_intercept_control
N300_D0100_Q0.6,300.0,100,0.6,extrapolated,1.0582,0.9060090318464047,source_intercept_control
N300_D0100_Q0.7,300.0,100,0.7,extrapolated,1.2974,0.8918465436265568,source_intercept_control
N300_D0100_Q0.8,300.0,100,0.8,extrapolated,1.6239,0.8776432973362924,source_intercept_control
N300_D0100_Q0.9,300.0,100,0.9,extrapolated,1.7981,0.8633770512882557,source_intercept_control
N300_D0100_Q0.95,300.0,100,0.95,extrapolated,1.9909,0.8562019937824976,source_intercept_control
N300_D0100_Q1.0,300.0,100,1.0,extrapolated,2.018,0.8489420753775647,source_intercept_control
N300_D0150_Q0.05,300.0,150,0.05,extrapolated,0.5,0.9468204141851988,source_intercept_control
N300_D0150_Q0.1,300.0,150,0.1,extrapolated,0.5,0.9397973270195563,source_intercept_control
N300_D0150_Q0.2,300.0,150,0.2,extrapolated,0.5,0.9257410505932642,source_intercept_control
N300_D0150_Q0.3,300.0,150,0.3,extrapolated,0.5,0.9116698687354816,source_intercept_control
N300_D0150_Q0.4,300.0,150,0.4,extrapolated,0.5498,0.8975816189183785,source_intercept_control
N300_D0150_Q0.5,300.0,150,0.5,extrapolated,0.7913,0.8834734053034863,source_intercept_control
N300_D0150_Q0.6,300.0,150,0.6,extrapolated,1.0259,0.8693411475221331,source_intercept_control
N300_D0150_Q0.7,300.0,150,0.7,extrapolated,1.3071,0.8551786593022852,source_intercept_control
N300_D0150_Q0.8,300.0,150,0.8,extrapolated,1.5543,0.8409754130120208,source_intercept_control
N300_D0150_Q0.9,300.0,150,0.9,extrapolated,1.8567,0.8267091669639841,source_intercept_control
N300_D0150_Q0.95,300.0,150,0.95,extrapolated,1.9405,0.819534109458226,source_intercept_control
N300_D0150_Q1.0,300.0,150,1.0,extrapolated,2.0823,0.8122741910532931,source_intercept_control
N300_D0300_Q0.05,300.0,300,0.05,extrapolated,0.5,0.8930135446328298,source_intercept_control
N300_D0300_Q0.1,300.0,300,0.1,extrapolated,0.5,0.8859904574671873,source_intercept_control
N300_D0300_Q0.2,300.0,300,0.2,extrapolated,0.5,0.8719341810408952,source_intercept_control
N300_D0300_Q0.3,300.0,300,0.3,extrapolated,0.5,0.857862999183113,source_intercept_control
N300_D0300_Q0.4,300.0,300,0.4,extrapolated,0.5355,0.8437747493660095,source_intercept_control
N300_D0300_Q0.5,300.0,300,0.5,extrapolated,0.7618,0.8296665357511173,source_intercept_control
N300_D0300_Q0.6,300.0,300,0.6,extrapolated,1.0191,0.8155342779697645,source_intercept_control
N300_D0300_Q0.7,300.0,300,0.7,extrapolated,1.2421,0.8013717897499166,source_intercept_control
N300_D0300_Q0.8,300.0,300,0.8,extrapolated,1.5064,0.7871685434596518,source_intercept_control
N300_D0300_Q0.9,300.0,300,0.9,extrapolated,1.708,0.7729022974116151,source_intercept_control
N300_D0300_Q0.95,300.0,300,0.95,extrapolated,1.8785,0.765727239905857,source_intercept_control
N300_D0300_Q1.0,300.0,300,1.0,extrapolated,1.9949,0.7584673215009243,source_intercept_control
N300_D0500_Q0.05,300.0,500,0.05,extrapolated,0.5,0.8595322085865877,source_intercept_control
N300_D0500_Q0.1,300.0,500,0.1,extrapolated,0.5,0.8525091214209453,source_intercept_control
N300_D0500_Q0.2,300.0,500,0.2,extrapolated,0.5,0.8384528449946531,source_intercept_control
N300_D0500_Q0.3,300.0,500,0.3,extrapolated,0.5,0.824381663136871,source_intercept_control
N300_D0500_Q0.4,300.0,500,0.4,extrapolated,0.5242,0.8102934133197675,source_intercept_control
N300_D0500_Q0.5,300.0,500,0.5,extrapolated,0.764,0.7961851997048752,source_intercept_control
N300_D0500_Q0.6,300.0,500,0.6,extrapolated,1.004,0.7820529419235225,source_intercept_control
N300_D0500_Q0.7,300.0,500,0.7,extrapolated,1.2386,0.7678904537036746,source_intercept_control
N300_D0500_Q0.8,300.0,500,0.8,extrapolated,1.4481,0.75368720741341,source_intercept_control
N300_D0500_Q0.9,300.0,500,0.9,extrapolated,1.7684,0.7394209613653733,source_intercept_control
N300_D0500_Q0.95,300.0,500,0.95,extrapolated,1.8116,0.732245903859615,source_intercept_control
N300_D0500_Q1.0,300.0,500,1.0,extrapolated,1.92,0.7249859854546823,source_intercept_control
N300_D1000_Q0.05,300.0,1000,0.05,extrapolated,0.5,0.8211176894527887,source_intercept_control
N300_D1000_Q0.1,300.0,1000,0.1,extrapolated,0.5,0.8140946022871463,source_intercept_control
N300_D1000_Q0.2,300.0,1000,0.2,extrapolated,0.5,0.8000383258608541,source_intercept_control
N300_D1000_Q0.3,300.0,1000,0.3,extrapolated,0.5,0.7859671440030715,source_intercept_control
N300_D1000_Q0.4,300.0,1000,0.4,extrapolated,0.5189,0.7718788941859684,source_intercept_control
N300_D1000_Q0.5,300.0,1000,0.5,extrapolated,0.7381,0.7577706805710762,source_intercept_control
N300_D1000_Q0.6,300.0,1000,0.6,extrapolated,1.0017,0.743638422789723,source_intercept_control
N300_D1000_Q0.7,300.0,1000,0.7,extrapolated,1.2048,0.7294759345698751,source_intercept_control
N300_D1000_Q0.8,300.0,1000,0.8,extrapolated,1.4767,0.7152726882796108,source_intercept_control
N300_D1000_Q0.9,300.0,1000,0.9,extrapolated,1.6646,0.701006442231574,source_intercept_control
N300_D1000_Q0.95,300.0,1000,0.95,extrapolated,1.8451,0.6938313847258157,source_intercept_control
N300_D1000_Q1.0,300.0,1000,1.0,extrapolated,1.9425,0.6865714663208831,source_intercept_control
N300_D2000_Q0.05,300.0,2000,0.05,extrapolated,0.5,0.7894771638455294,source_intercept_control
N300_D2000_Q0.1,300.0,2000,0.1,extrapolated,0.5,0.7824540766798869,source_intercept_control
N300_D2000_Q0.2,300.0,2000,0.2,extrapolated,0.5,0.7683978002535947,source_intercept_control
N300_D2000_Q0.3,300.0,2000,0.3,extrapolated,0.5,0.7543266183958124,source_intercept_control
N300_D2000_Q0.4,300.0,2000,0.4,extrapolated,0.5,0.7402383685787088,source_intercept_control
N300_D2000_Q0.5,300.0,2000,0.5,extrapolated,0.7402,0.7261301549638168,source_intercept_control
N300_D2000_Q0.6,300.0,2000,0.6,extrapolated,0.9783,0.7119978971824636,source_intercept_control
N300_D2000_Q0.7,300.0,2000,0.7,extrapolated,1.1809,0.6978354089626158,source_intercept_control
N300_D2000_Q0.8,300.0,2000,0.8,extrapolated,1.4119,0.6836321626723514,source_intercept_control
N300_D2000_Q0.9,300.0,2000,0.9,extrapolated,1.6756,0.6693659166243147,source_intercept_control
N300_D2000_Q0.95,300.0,2000,0.95,extrapolated,1.7414,0.6621908591185564,source_intercept_control
N300_D2000_Q1.0,300.0,2000,1.0,extrapolated,1.8777,0.6549309407136237,source_intercept_control
N700_D0005_Q0.05,700.0,5,0.05,extrapolated,0.5,1.4021824483573146,source_intercept_control
N700_D0005_Q0.1,700.0,5,0.1,extrapolated,0.5,1.3960605095358796,source_intercept_control
N700_D0005_Q0.2,700.0,5,0.2,extrapolated,0.5,1.38380782602087,source_intercept_control
N700_D0005_Q0.3,700.0,5,0.3,extrapolated,0.5,1.371542149624306,source_intercept_control
N700_D0005_Q0.4,700.0,5,0.4,extrapolated,0.5981,1.3592615952972387,source_intercept_control
N700_D0005_Q0.5,700.0,5,0.5,extrapolated,0.9159,1.3469636387728436,source_intercept_control
N700_D0005_Q0.6,700.0,5,0.6,extrapolated,1.2092,1.334644723243866,source_intercept_control
N700_D0005_Q0.7,700.0,5,0.7,extrapolated,1.587,1.3222994562129569,source_intercept_control
N700_D0005_Q0.8,700.0,5,0.8,extrapolated,1.8853,1.3099186608726758,source_intercept_control
N700_D0005_Q0.9,700.0,5,0.9,extrapolated,2.2108,1.2974829494173372,source_intercept_control
N700_D0005_Q0.95,700.0,5,0.95,extrapolated,2.4127,1.291228539916994,source_intercept_control
N700_D0005_Q1.0,700.0,5,1.0,extrapolated,2.5391,1.284900158213142,source_intercept_control
N700_D0020_Q0.05,700.0,20,0.05,extrapolated,0.5,1.1479706682036719,source_intercept_control
N700_D0020_Q0.1,700.0,20,0.1,extrapolated,0.5,1.1418487293822368,source_intercept_control
N700_D0020_Q0.2,700.0,20,0.2,extrapolated,0.5,1.1295960458672272,source_intercept_control
N700_D0020_Q0.3,700.0,20,0.3,extrapolated,0.5,1.1173303694706633,source_intercept_control
N700_D0020_Q0.4,700.0,20,0.4,extrapolated,0.5501,1.105049815143596,source_intercept_control
N700_D0020_Q0.5,700.0,20,0.5,extrapolated,0.8411,1.0927518586192009,source_intercept_control
N700_D0020_Q0.6,700.0,20,0.6,extrapolated,1.1236,1.0804329430902233,source_intercept_control
N700_D0020_Q0.7,700.0,20,0.7,extrapolated,1.4239,1.068087676059314,source_intercept_control
N700_D0020_Q0.8,700.0,20,0.8,extrapolated,1.6984,1.055706880719033,source_intercept_control
N700_D0020_Q0.9,700.0,20,0.9,extrapolated,1.9239,1.0432711692636945,source_intercept_control
N700_D0020_Q0.95,700.0,20,0.95,extrapolated,2.0927,1.0370167597633513,source_intercept_control
N700_D0020_Q1.0,700.0,20,1.0,extrapolated,2.2974,1.0306883780594993,source_intercept_control
N700_D0050_Q0.05,700.0,50,0.05,extrapolated,0.5,1.0266588272510377,source_intercept_control
N700_D0050_Q0.1,700.0,50,0.1,extrapolated,0.5,1.0205368884296027,source_intercept_control
N700_D0050_Q0.2,700.0,50,0.2,extrapolated,0.5,1.008284204914593,source_intercept_control
N700_D0050_Q0.3,700.0,50,0.3,extrapolated,0.5,0.9960185285180292,source_intercept_control
N700_D0050_Q0.4,700.0,50,0.4,extrapolated,0.515,0.9837379741909618,source_intercept_control
N700_D0050_Q0.5,700.0,50,0.5,extrapolated,0.7581,0.9714400176665667,source_intercept_control
N700_D0050_Q0.6,700.0,50,0.6,extrapolated,1.0355,0.9591211021375892,source_intercept_control
N700_D0050_Q0.7,700.0,50,0.7,extrapolated,1.3068,0.94677583510668,source_intercept_control
N700_D0050_Q0.8,700.0,50,0.8,extrapolated,1.584,0.9343950397663989,source_intercept_control
N700_D0050_Q0.9,700.0,50,0.9,extrapolated,1.9143,0.9219593283110603,source_intercept_control
N700_D0050_Q0.95,700.0,50,0.95,extrapolated,2.0439,0.9157049188107171,source_intercept_control
N700_D0050_Q1.0,700.0,50,1.0,extrapolated,2.071,0.9093765371068652,source_intercept_control
N700_D0100_Q0.05,700.0,100,0.05,extrapolated,0.5,0.9534820077590562,source_intercept_control
N700_D0100_Q0.1,700.0,100,0.1,extrapolated,0.5,0.9473600689376211,source_intercept_control
N700_D0100_Q0.2,700.0,100,0.2,extrapolated,0.5,0.935107385422612,source_intercept_control
N700_D0100_Q0.3,700.0,100,0.3,extrapolated,0.5,0.9228417090260477,source_intercept_control
N700_D0100_Q0.4,700.0,100,0.4,extrapolated,0.5,0.9105611546989802,source_intercept_control
N700_D0100_Q0.5,700.0,100,0.5,extrapolated,0.7348,0.8982631981745852,source_intercept_control
N700_D0100_Q0.6,700.0,100,0.6,extrapolated,0.9905,0.8859442826456077,source_intercept_control
N700_D0100_Q0.7,700.0,100,0.7,extrapolated,1.2988,0.8735990156146989,source_intercept_control
N700_D0100_Q0.8,700.0,100,0.8,extrapolated,1.5329,0.8612182202744174,source_intercept_control
N700_D0100_Q0.9,700.0,100,0.9,extrapolated,1.7971,0.8487825088190788,source_intercept_control
N700_D0100_Q0.95,700.0,100,0.95,extrapolated,1.9362,0.8425280993187356,source_intercept_control
N700_D0100_Q1.0,700.0,100,1.0,extrapolated,2.0708,0.8361997176148837,source_intercept_control
N700_D0150_Q0.05,700.0,150,0.05,extrapolated,0.5,0.9168141234347846,source_intercept_control
N700_D0150_Q0.1,700.0,150,0.1,extrapolated,0.5,0.9106921846133496,source_intercept_control
N700_D0150_Q0.2,700.0,150,0.2,extrapolated,0.5,0.8984395010983399,source_intercept_control
N700_D0150_Q0.3,700.0,150,0.3,extrapolated,0.5,0.8861738247017761,source_intercept_control
N700_D0150_Q0.4,700.0,150,0.4,extrapolated,0.5,0.8738932703747087,source_intercept_control
N700_D0150_Q0.5,700.0,150,0.5,extrapolated,0.7523,0.8615953138503136,source_intercept_control
N700_D0150_Q0.6,700.0,150,0.6,extrapolated,0.9957,0.8492763983213361,source_intercept_control
N700_D0150_Q0.7,700.0,150,0.7,extrapolated,1.2155,0.8369311312904268,source_intercept_control
N700_D0150_Q0.8,700.0,150,0.8,extrapolated,1.4766,0.8245503359501458,source_intercept_control
N700_D0150_Q0.9,700.0,150,0.9,extrapolated,1.7601,0.8121146244948072,source_intercept_control
N700_D0150_Q0.95,700.0,150,0.95,extrapolated,1.8874,0.805860214994464,source_intercept_control
N700_D0150_Q1.0,700.0,150,1.0,extrapolated,2.0154,0.7995318332906121,source_intercept_control
N700_D0300_Q0.05,700.0,300,0.05,extrapolated,0.5,0.8630072538824161,source_intercept_control
N700_D0300_Q0.1,700.0,300,0.1,extrapolated,0.5,0.856885315060981,source_intercept_control
N700_D0300_Q0.2,700.0,300,0.2,extrapolated,0.5,0.8446326315459713,source_intercept_control
N700_D0300_Q0.3,700.0,300,0.3,extrapolated,0.5,0.8323669551494075,source_intercept_control
N700_D0300_Q0.4,700.0,300,0.4,extrapolated,0.5,0.8200864008223396,source_intercept_control
N700_D0300_Q0.5,700.0,300,0.5,extrapolated,0.7304,0.8077884442979446,source_intercept_control
N700_D0300_Q0.6,700.0,300,0.6,extrapolated,0.9707,0.7954695287689675,source_intercept_control
N700_D0300_Q0.7,700.0,300,0.7,extrapolated,1.208,0.7831242617380583,source_intercept_control
N700_D0300_Q0.8,700.0,300,0.8,extrapolated,1.4829,0.7707434663977772,source_intercept_control
N700_D0300_Q0.9,700.0,300,0.9,extrapolated,1.7289,0.7583077549424382,source_intercept_control
N700_D0300_Q0.95,700.0,300,0.95,extrapolated,1.8991,0.7520533454420952,source_intercept_control
N700_D0300_Q1.0,700.0,300,1.0,extrapolated,2.0155,0.7457249637382433,source_intercept_control
N700_D0500_Q0.05,700.0,500,0.05,extrapolated,0.5,0.829525917836174,source_intercept_control
N700_D0500_Q0.1,700.0,500,0.1,extrapolated,0.5,0.8234039790147389,source_intercept_control
N700_D0500_Q0.2,700.0,500,0.2,extrapolated,0.5,0.8111512954997293,source_intercept_control
N700_D0500_Q0.3,700.0,500,0.3,extrapolated,0.5,0.7988856191031655,source_intercept_control
N700_D0500_Q0.4,700.0,500,0.4,extrapolated,0.5,0.7866050647760976,source_intercept_control
N700_D0500_Q0.5,700.0,500,0.5,extrapolated,0.6974,0.7743071082517026,source_intercept_control
N700_D0500_Q0.6,700.0,500,0.6,extrapolated,0.9578,0.7619881927227252,source_intercept_control
N700_D0500_Q0.7,700.0,500,0.7,extrapolated,1.2213,0.7496429256918162,source_intercept_control
N700_D0500_Q0.8,700.0,500,0.8,extrapolated,1.432,0.737262130351535,source_intercept_control
N700_D0500_Q0.9,700.0,500,0.9,extrapolated,1.6736,0.7248264188961961,source_intercept_control
N700_D0500_Q0.95,700.0,500,0.95,extrapolated,1.8314,0.7185720093958532,source_intercept_control
N700_D0500_Q1.0,700.0,500,1.0,extrapolated,1.9675,0.7122436276920012,source_intercept_control
N700_D1000_Q0.05,700.0,1000,0.05,extrapolated,0.5,0.7911113987023746,source_intercept_control
N700_D1000_Q0.1,700.0,1000,0.1,extrapolated,0.5,0.7849894598809395,source_intercept_control
N700_D1000_Q0.2,700.0,1000,0.2,extrapolated,0.5,0.7727367763659303,source_intercept_control
N700_D1000_Q0.3,700.0,1000,0.3,extrapolated,0.5,0.760471099969366,source_intercept_control
N700_D1000_Q0.4,700.0,1000,0.4,extrapolated,0.5,0.7481905456422986,source_intercept_control
N700_D1000_Q0.5,700.0,1000,0.5,extrapolated,0.7003,0.7358925891179033,source_intercept_control
N700_D1000_Q0.6,700.0,1000,0.6,extrapolated,0.9207,0.723573673588926,source_intercept_control
N700_D1000_Q0.7,700.0,1000,0.7,extrapolated,1.1975,0.711228406558017,source_intercept_control
N700_D1000_Q0.8,700.0,1000,0.8,extrapolated,1.4235,0.6988476112177358,source_intercept_control
N700_D1000_Q0.9,700.0,1000,0.9,extrapolated,1.6964,0.6864118997623969,source_intercept_control
N700_D1000_Q0.95,700.0,1000,0.95,extrapolated,1.818,0.680157490262054,source_intercept_control
N700_D1000_Q1.0,700.0,1000,1.0,extrapolated,1.882,0.673829108558202,source_intercept_control
N700_D2000_Q0.05,700.0,2000,0.05,extrapolated,0.5,0.7594708730951154,source_intercept_control
N700_D2000_Q0.1,700.0,2000,0.1,extrapolated,0.5,0.7533489342736801,source_intercept_control
N700_D2000_Q0.2,700.0,2000,0.2,extrapolated,0.5,0.7410962507586707,source_intercept_control
N700_D2000_Q0.3,700.0,2000,0.3,extrapolated,0.5,0.7288305743621066,source_intercept_control
N700_D2000_Q0.4,700.0,2000,0.4,extrapolated,0.5,0.7165500200350392,source_intercept_control
N700_D2000_Q0.5,700.0,2000,0.5,extrapolated,0.6792,0.704252063510644,source_intercept_control
N700_D2000_Q0.6,700.0,2000,0.6,extrapolated,0.8872,0.6919331479816666,source_intercept_control
N700_D2000_Q0.7,700.0,2000,0.7,extrapolated,1.1635,0.6795878809507576,source_intercept_control
N700_D2000_Q0.8,700.0,2000,0.8,extrapolated,1.3899,0.6672070856104764,source_intercept_control
N700_D2000_Q0.9,700.0,2000,0.9,extrapolated,1.6863,0.6547713741551375,source_intercept_control
N700_D2000_Q0.95,700.0,2000,0.95,extrapolated,1.7351,0.6485169646547946,source_intercept_control
N700_D2000_Q1.0,700.0,2000,1.0,extrapolated,1.8865,0.6421885829509426,source_intercept_control
N0.07_D0005_Q0.05,0.07,5,0.05,calibrated,1.0401,1.451259762149947,source_q_only
N0.07_D0005_Q0.1,0.07,5,0.1,calibrated,1.1624,1.546857638887618,source_q_only
N0.07_D0005_Q0.2,0.07,5,0.2,calibrated,1.4286,1.7380142123956528,source_q_only
N0.07_D0005_Q0.3,0.07,5,0.3,calibrated,1.6112,1.9291129766752029,source_q_only
N0.07_D0005_Q0.4,0.07,5,0.4,calibrated,1.8958,2.1201455445778925,source_q_only
N0.07_D0005_Q0.5,0.07,5,0.5,calibrated,2.1434,2.311100684883228,source_q_only
N0.07_D0005_Q0.6,0.07,5,0.6,calibrated,2.4434,2.501962572288531,source_q_only
N0.07_D0005_Q0.7,0.07,5,0.7,calibrated,2.6519,2.692707213955103,source_q_only
N0.07_D0005_Q0.8,0.07,5,0.8,calibrated,2.8801,2.883293779513184,source_q_only
N0.07_D0005_Q0.9,0.07,5,0.9,calibrated,3.0925,3.0736360067980644,source_q_only
N0.07_D0005_Q0.95,0.07,5,0.95,calibrated,3.2372,3.1686444817381005,source_q_only
N0.07_D0005_Q1.0,0.07,5,1.0,calibrated,3.3659,3.2633238321497307,source_q_only
N0.07_D0020_Q0.05,0.07,20,0.05,calibrated,0.9701,1.1970479819963034,source_q_only
N0.07_D0020_Q0.1,0.07,20,0.1,calibrated,1.096,1.2926458587339749,source_q_only
N0.07_D0020_Q0.2,0.07,20,0.2,calibrated,1.2839,1.48380243224201,source_q_only
N0.07_D0020_Q0.3,0.07,20,0.3,calibrated,1.4876,1.6749011965215597,source_q_only
N0.07_D0020_Q0.4,0.07,20,0.4,calibrated,1.7688,1.8659337644242493,source_q_only
N0.07_D0020_Q0.5,0.07,20,0.5,calibrated,1.9631,2.0568889047295844,source_q_only
N0.07_D0020_Q0.6,0.07,20,0.6,calibrated,2.1816,2.2477507921348883,source_q_only
N0.07_D0020_Q0.7,0.07,20,0.7,calibrated,2.4162,2.4384954338014597,source_q_only
N0.07_D0020_Q0.8,0.07,20,0.8,calibrated,2.6428,2.6290819993595407,source_q_only
N0.07_D0020_Q0.9,0.07,20,0.9,calibrated,2.926,2.819424226644421,source_q_only
N0.07_D0020_Q0.95,0.07,20,0.95,calibrated,2.984,2.914432701584457,source_q_only
N0.07_D0020_Q1.0,0.07,20,1.0,calibrated,3.1277,3.0091120519960874,source_q_only
N0.07_D0050_Q0.05,0.07,50,0.05,calibrated,0.9392,1.0757361410436692,source_q_only
N0.07_D0050_Q0.95,0.07,50,0.95,calibrated,2.8636,2.7931208606318227,source_q_only
N0.07_D0100_Q0.05,0.07,100,0.05,calibrated,0.891,1.0025593215516881,source_q_only
N0.07_D0100_Q0.1,0.07,100,0.1,calibrated,1.0093,1.0981571982893592,source_q_only
N0.07_D0100_Q0.2,0.07,100,0.2,calibrated,1.2339,1.289313771797394,source_q_only
N0.07_D0100_Q0.3,0.07,100,0.3,calibrated,1.4034,1.480412536076944,source_q_only
N0.07_D0100_Q0.4,0.07,100,0.4,calibrated,1.6433,1.6714451039796336,source_q_only
N0.07_D0100_Q0.5,0.07,100,0.5,calibrated,1.8327,1.8624002442849692,source_q_only
N0.07_D0100_Q0.6,0.07,100,0.6,calibrated,2.104,2.053262131690272,source_q_only
N0.07_D0100_Q0.7,0.07,100,0.7,calibrated,2.3189,2.244006773356844,source_q_only
N0.07_D0100_Q0.8,0.07,100,0.8,calibrated,2.4893,2.434593338914925,source_q_only
N0.07_D0100_Q0.9,0.07,100,0.9,calibrated,2.727,2.6249355661998055,source_q_only
N0.07_D0100_Q0.95,0.07,100,0.95,calibrated,2.7802,2.7199440411398417,source_q_only
N0.07_D0100_Q1.0,0.07,100,1.0,calibrated,2.8644,2.814623391551472,source_q_only
N0.07_D0150_Q0.05,0.07,150,0.05,calibrated,0.8911,0.9658914372274161,source_q_only
N0.07_D0150_Q0.95,0.07,150,0.95,calibrated,2.7592,2.6832761568155696,source_q_only
N0.07_D0300_Q0.05,0.07,300,0.05,calibrated,0.8812,0.9120845676750475,source_q_only
N0.07_D0300_Q0.95,0.07,300,0.95,calibrated,2.6843,2.629469287263201,source_q_only
N0.07_D0500_Q0.05,0.07,500,0.05,calibrated,0.861,0.878603231628805,source_q_only
N0.07_D0500_Q0.1,0.07,500,0.1,calibrated,0.9621,0.9742011083664766,source_q_only
N0.07_D0500_Q0.2,0.07,500,0.2,calibrated,1.1948,1.1653576818745117,source_q_only
N0.07_D0500_Q0.3,0.07,500,0.3,calibrated,1.3491,1.3564564461540614,source_q_only
N0.07_D0500_Q0.4,0.07,500,0.4,calibrated,1.5406,1.547489014056751,source_q_only
N0.07_D0500_Q0.5,0.07,500,0.5,calibrated,1.7858,1.738444154362086,source_q_only
N0.07_D0500_Q0.6,0.07,500,0.6,calibrated,1.9945,1.9293060417673897,source_q_only
N0.07_D0500_Q0.7,0.07,500,0.7,calibrated,2.1765,2.1200506834339614,source_q_only
N0.07_D0500_Q0.8,0.07,500,0.8,calibrated,2.4124,2.3106372489920424,source_q_only
N0.07_D0500_Q0.9,0.07,500,0.9,calibrated,2.6083,2.500979476276923,source_q_only
N0.07_D0500_Q0.95,0.07,500,0.95,calibrated,2.7105,2.5959879512169586,source_q_only
N0.07_D0500_Q1.0,0.07,500,1.0,calibrated,2.8055,2.690667301628589,source_q_only
N0.07_D1000_Q0.05,0.07,1000,0.05,calibrated,0.8471,0.8401887124950065,source_q_only
N0.07_D1000_Q0.1,0.07,1000,0.1,calibrated,0.9414,0.9357865892326775,source_q_only
N0.07_D1000_Q0.2,0.07,1000,0.2,calibrated,1.1388,1.1269431627407123,source_q_only
N0.07_D1000_Q0.3,0.07,1000,0.3,calibrated,1.3853,1.3180419270202623,source_q_only
N0.07_D1000_Q0.4,0.07,1000,0.4,calibrated,1.5663,1.509074494922952,source_q_only
N0.07_D1000_Q0.5,0.07,1000,0.5,calibrated,1.7504,1.7000296352282875,source_q_only
N0.07_D1000_Q0.6,0.07,1000,0.6,calibrated,1.9928,1.8908915226335907,source_q_only
N0.07_D1000_Q0.7,0.07,1000,0.7,calibrated,2.1482,2.0816361643001624,source_q_only
N0.07_D1000_Q0.8,0.07,1000,0.8,calibrated,2.3195,2.2722227298582434,source_q_only
N0.07_D1000_Q0.9,0.07,1000,0.9,calibrated,2.523,2.462564957143124,source_q_only
N0.07_D1000_Q0.95,0.07,1000,0.95,calibrated,2.6048,2.55757343208316,source_q_only
N0.07_D1000_Q1.0,0.07,1000,1.0,calibrated,2.7431,2.65225278249479,source_q_only
N0.07_D2000_Q0.05,0.07,2000,0.05,calibrated,0.8539,0.8085481868877471,source_q_only
N0.07_D2000_Q0.1,0.07,2000,0.1,calibrated,0.9243,0.9041460636254182,source_q_only
N0.07_D2000_Q0.2,0.07,2000,0.2,calibrated,1.1409,1.0953026371334529,source_q_only
N0.07_D2000_Q0.3,0.07,2000,0.3,calibrated,1.3364,1.286401401413003,source_q_only
N0.07_D2000_Q0.4,0.07,2000,0.4,calibrated,1.5027,1.4774339693156926,source_q_only
N0.07_D2000_Q0.5,0.07,2000,0.5,calibrated,1.7429,1.6683891096210282,source_q_only
N0.07_D2000_Q0.6,0.07,2000,0.6,calibrated,1.9258,1.8592509970263313,source_q_only
N0.07_D2000_Q0.7,0.07,2000,0.7,calibrated,2.1457,2.049995638692903,source_q_only
N0.07_D2000_Q0.8,0.07,2000,0.8,calibrated,2.3261,2.240582204250984,source_q_only
N0.07_D2000_Q0.9,0.07,2000,0.9,calibrated,2.5085,2.4309244315358645,source_q_only
N0.07_D2000_Q0.95,0.07,2000,0.95,calibrated,2.5794,2.5259329064759006,source_q_only
N0.07_D2000_Q1.0,0.07,2000,1.0,calibrated,2.7374,2.6206122568875307,source_q_only
N0.16_D0005_Q0.05,0.16,5,0.05,calibrated,0.8104,1.171633913534282,source_q_only
N0.16_D0005_Q0.1,0.16,5,0.1,calibrated,0.9548,1.2706473253382033,source_q_only
N0.16_D0005_Q0.2,0.16,5,0.2,calibrated,1.1752,1.468639881926411,source_q_only
N0.16_D0005_Q0.3,0.16,5,0.3,calibrated,1.4476,1.6665818782384432,source_q_only
N0.16_D0005_Q0.4,0.16,5,0.4,calibrated,1.6751,1.8644659788271882,source_q_only
N0.16_D0005_Q0.5,0.16,5,0.5,calibrated,1.9108,2.062282360804071,source_q_only
N0.16_D0005_Q0.6,0.16,5,0.6,calibrated,2.1591,2.260017183270416,source_q_only
N0.16_D0005_Q0.7,0.16,5,0.7,calibrated,2.4836,2.4576494619546363,source_q_only
N0.16_D0005_Q0.8,0.16,5,0.8,calibrated,2.5952,2.6551434863858336,source_q_only
N0.16_D0005_Q0.9,0.16,5,0.9,calibrated,2.8737,2.8524238111898796,source_q_only
N0.16_D0005_Q0.95,0.16,5,0.95,calibrated,2.9535,2.9509217288685976,source_q_only
N0.16_D0005_Q1.0,0.16,5,1.0,calibrated,3.1013,3.0491317923847823,source_q_only
N0.16_D0020_Q0.05,0.16,20,0.05,calibrated,0.7755,0.9174221333806392,source_q_only
N0.16_D0020_Q0.1,0.16,20,0.1,calibrated,0.8548,1.0164355451845606,source_q_only
N0.16_D0020_Q0.2,0.16,20,0.2,calibrated,1.0782,1.2144281017727683,source_q_only
N0.16_D0020_Q0.3,0.16,20,0.3,calibrated,1.3357,1.4123700980848004,source_q_only
N0.16_D0020_Q0.4,0.16,20,0.4,calibrated,1.5464,1.6102541986735455,source_q_only
N0.16_D0020_Q0.5,0.16,20,0.5,calibrated,1.7183,1.808070580650428,source_q_only
N0.16_D0020_Q0.6,0.16,20,0.6,calibrated,1.9486,2.0058054031167734,source_q_only
N0.16_D0020_Q0.7,0.16,20,0.7,calibrated,2.2366,2.2034376818009935,source_q_only
N0.16_D0020_Q0.8,0.16,20,0.8,calibrated,2.4177,2.400931706232191,source_q_only
N0.16_D0020_Q0.9,0.16,20,0.9,calibrated,2.6607,2.598212031036237,source_q_only
N0.16_D0020_Q0.95,0.16,20,0.95,calibrated,2.8283,2.696709948714955,source_q_only
N0.16_D0020_Q1.0,0.16,20,1.0,calibrated,2.8913,2.7949200122311395,source_q_only
N0.16_D0050_Q0.05,0.16,50,0.05,calibrated,0.7379,0.796110292428005,source_q_only
N0.16_D0050_Q0.95,0.16,50,0.95,calibrated,2.6024,2.5753981077623207,source_q_only
N0.16_D0100_Q0.05,0.16,100,0.05,calibrated,0.7109,0.7229334729360235,source_q_only
N0.16_D0100_Q0.1,0.16,100,0.1,calibrated,0.8001,0.8219468847399449,source_q_only
N0.16_D0100_Q0.2,0.16,100,0.2,calibrated,1.0158,1.0199394413281526,source_q_only
N0.16_D0100_Q0.3,0.16,100,0.3,calibrated,1.2359,1.2178814376401852,source_q_only
N0.16_D0100_Q0.4,0.16,100,0.4,calibrated,1.4134,1.4157655382289294,source_q_only
N0.16_D0100_Q0.5,0.16,100,0.5,calibrated,1.6514,1.6135819202058124,source_q_only
N0.16_D0100_Q0.6,0.16,100,0.6,calibrated,1.8608,1.811316742672158,source_q_only
N0.16_D0100_Q0.7,0.16,100,0.7,calibrated,2.0787,2.008949021356378,source_q_only
N0.16_D0100_Q0.8,0.16,100,0.8,calibrated,2.2318,2.206443045787575,source_q_only
N0.16_D0100_Q0.9,0.16,100,0.9,calibrated,2.4932,2.4037233705916212,source_q_only
N0.16_D0100_Q0.95,0.16,100,0.95,calibrated,2.6163,2.5022212882703387,source_q_only
N0.16_D0100_Q1.0,0.16,100,1.0,calibrated,2.678,2.600431351786524,source_q_only
N0.16_D0150_Q0.05,0.16,150,0.05,calibrated,0.6932,0.6862655886117519,source_q_only
N0.16_D0150_Q0.95,0.16,150,0.95,calibrated,2.5091,2.4655534039460676,source_q_only
N0.16_D0300_Q0.05,0.16,300,0.05,calibrated,0.6809,0.6324587190593833,source_q_only
N0.16_D0300_Q0.95,0.16,300,0.95,calibrated,2.4941,2.411746534393699,source_q_only
N0.16_D0500_Q0.05,0.16,500,0.05,calibrated,0.6974,0.5989773830131409,source_q_only
N0.16_D0500_Q0.1,0.16,500,0.1,calibrated,0.7769,0.6979907948170623,source_q_only
N0.16_D0500_Q0.2,0.16,500,0.2,calibrated,0.9664,0.89598335140527,source_q_only
N0.16_D0500_Q0.3,0.16,500,0.3,calibrated,1.1736,1.093925347717302,source_q_only
N0.16_D0500_Q0.4,0.16,500,0.4,calibrated,1.351,1.2918094483060472,source_q_only
N0.16_D0500_Q0.5,0.16,500,0.5,calibrated,1.5896,1.4896258302829297,source_q_only
N0.16_D0500_Q0.6,0.16,500,0.6,calibrated,1.7639,1.6873606527492753,source_q_only
N0.16_D0500_Q0.7,0.16,500,0.7,calibrated,1.9757,1.8849929314334952,source_q_only
N0.16_D0500_Q0.8,0.16,500,0.8,calibrated,2.1303,2.0824869558646926,source_q_only
N0.16_D0500_Q0.9,0.16,500,0.9,calibrated,2.3645,2.2797672806687386,source_q_only
N0.16_D0500_Q0.95,0.16,500,0.95,calibrated,2.4958,2.3782651983474565,source_q_only
N0.16_D0500_Q1.0,0.16,500,1.0,calibrated,2.5293,2.476475261863641,source_q_only
N0.16_D1000_Q0.05,0.16,1000,0.05,calibrated,0.6787,0.5605628638793418,source_q_only
N0.16_D1000_Q0.1,0.16,1000,0.1,calibrated,0.7577,0.6595762756832633,source_q_only
N0.16_D1000_Q0.2,0.16,1000,0.2,calibrated,0.9466,0.857568832271471,source_q_only
N0.16_D1000_Q0.3,0.16,1000,0.3,calibrated,1.1493,1.0555108285835035,source_q_only
N0.16_D1000_Q0.4,0.16,1000,0.4,calibrated,1.3709,1.2533949291722477,source_q_only
N0.16_D1000_Q0.5,0.16,1000,0.5,calibrated,1.5609,1.4512113111491307,source_q_only
N0.16_D1000_Q0.6,0.16,1000,0.6,calibrated,1.7116,1.6489461336154763,source_q_only
N0.16_D1000_Q0.7,0.16,1000,0.7,calibrated,2.0044,1.8465784122996962,source_q_only
N0.16_D1000_Q0.8,0.16,1000,0.8,calibrated,2.0871,2.0440724367308936,source_q_only
N0.16_D1000_Q0.9,0.16,1000,0.9,calibrated,2.3054,2.2413527615349396,source_q_only
N0.16_D1000_Q0.95,0.16,1000,0.95,calibrated,2.4884,2.339850679213657,source_q_only
N0.16_D1000_Q1.0,0.16,1000,1.0,calibrated,2.5056,2.438060742729842,source_q_only
N0.16_D2000_Q0.05,0.16,2000,0.05,calibrated,0.6532,0.5289223382720825,source_q_only
N0.16_D2000_Q0.1,0.16,2000,0.1,calibrated,0.7317,0.6279357500760039,source_q_only
N0.16_D2000_Q0.2,0.16,2000,0.2,calibrated,0.9418,0.8259283066642116,source_q_only
N0.16_D2000_Q0.3,0.16,2000,0.3,calibrated,1.1205,1.0238703029762442,source_q_only
N0.16_D2000_Q0.4,0.16,2000,0.4,calibrated,1.335,1.2217544035649883,source_q_only
N0.16_D2000_Q0.5,0.16,2000,0.5,calibrated,1.5166,1.4195707855418713,source_q_only
N0.16_D2000_Q0.6,0.16,2000,0.6,calibrated,1.6953,1.6173056080082169,source_q_only
N0.16_D2000_Q0.7,0.16,2000,0.7,calibrated,1.9296,1.8149378866924368,source_q_only
N0.16_D2000_Q0.8,0.16,2000,0.8,calibrated,2.0992,2.012431911123634,source_q_only
N0.16_D2000_Q0.9,0.16,2000,0.9,calibrated,2.246,2.20971223592768,source_q_only
N0.16_D2000_Q0.95,0.16,2000,0.95,calibrated,2.3649,2.3082101536063977,source_q_only
N0.16_D2000_Q1.0,0.16,2000,1.0,calibrated,2.4771,2.406420217122583,source_q_only
N0.41_D0005_Q0.05,0.41,5,0.05,calibrated,0.622,0.9263723053066961,source_q_only
N0.41_D0005_Q0.1,0.41,5,0.1,calibrated,0.7497,1.0287554033899622,source_q_only
N0.41_D0005_Q0.2,0.41,5,0.2,calibrated,1.0023,1.2334921795350722,source_q_only
N0.41_D0005_Q0.3,0.41,5,0.3,calibrated,1.2344,1.4381855470492586,source_q_only
N0.41_D0005_Q0.4,0.41,5,0.4,calibrated,1.4755,1.6428292080690508,source_q_only
N0.41_D0005_Q0.5,0.41,5,0.5,calibrated,1.6916,1.8474147291329066,source_q_only
N0.41_D0005_Q0.6,0.41,5,0.6,calibrated,1.98,2.0519302271083015,source_q_only
N0.41_D0005_Q0.7,0.41,5,0.7,calibrated,2.2447,2.256357685904947,source_q_only
N0.41_D0005_Q0.8,0.41,5,0.8,calibrated,2.4492,2.460666446223319,source_q_only
N0.41_D0005_Q0.9,0.41,5,0.9,calibrated,2.6707,2.6647917342795657,source_q_only
N0.41_D0005_Q0.95,0.41,5,0.95,calibrated,2.861,2.766732253802804,source_q_only
N0.41_D0005_Q1.0,0.41,5,1.0,calibrated,3.0229,2.8684256355323723,source_q_only
N0.41_D0020_Q0.05,0.41,20,0.05,calibrated,0.581,0.6721605251530534,source_q_only
N0.41_D0020_Q0.1,0.41,20,0.1,calibrated,0.695,0.7745436232363194,source_q_only
N0.41_D0020_Q0.2,0.41,20,0.2,calibrated,0.9131,0.9792803993814294,source_q_only
N0.41_D0020_Q0.3,0.41,20,0.3,calibrated,1.1552,1.1839737668956158,source_q_only
N0.41_D0020_Q0.4,0.41,20,0.4,calibrated,1.3143,1.388617427915408,source_q_only
N0.41_D0020_Q0.5,0.41,20,0.5,calibrated,1.5963,1.5932029489792638,source_q_only
N0.41_D0020_Q0.6,0.41,20,0.6,calibrated,1.7915,1.7977184469546585,source_q_only
N0.41_D0020_Q0.7,0.41,20,0.7,calibrated,2.0338,2.0021459057513042,source_q_only
N0.41_D0020_Q0.8,0.41,20,0.8,calibrated,2.246,2.206454666069676,source_q_only
N0.41_D0020_Q0.9,0.41,20,0.9,calibrated,2.474,2.410579954125923,source_q_only
N0.41_D0020_Q0.95,0.41,20,0.95,calibrated,2.5494,2.512520473649161,source_q_only
N0.41_D0020_Q1.0,0.41,20,1.0,calibrated,2.7188,2.6142138553787295,source_q_only
N0.41_D0050_Q0.05,0.41,50,0.05,calibrated,0.536,0.5508486842004192,source_q_only
N0.41_D0050_Q0.95,0.41,50,0.95,calibrated,2.4497,2.391208632696527,source_q_only
N0.41_D0100_Q0.05,0.41,100,0.05,calibrated,0.535,0.4776718647084377,source_q_only
N0.41_D0100_Q0.1,0.41,100,0.1,calibrated,0.6432,0.5800549627917038,source_q_only
N0.41_D0100_Q0.2,0.41,100,0.2,calibrated,0.8168,0.7847917389368138,source_q_only
N0.41_D0100_Q0.3,0.41,100,0.3,calibrated,1.0559,0.9894851064510002,source_q_only
N0.41_D0100_Q0.4,0.41,100,0.4,calibrated,1.2365,1.1941287674707923,source_q_only
N0.41_D0100_Q0.5,0.41,100,0.5,calibrated,1.477,1.3987142885346482,source_q_only
N0.41_D0100_Q0.6,0.41,100,0.6,calibrated,1.6841,1.6032297865100429,source_q_only
N0.41_D0100_Q0.7,0.41,100,0.7,calibrated,1.8979,1.8076572453066886,source_q_only
N0.41_D0100_Q0.8,0.41,100,0.8,calibrated,2.0213,2.0119660056250606,source_q_only
N0.41_D0100_Q0.9,0.41,100,0.9,calibrated,2.2729,2.2160912936813073,source_q_only
N0.41_D0100_Q0.95,0.41,100,0.95,calibrated,2.4488,2.318031813204545,source_q_only
N0.41_D0100_Q1.0,0.41,100,1.0,calibrated,2.488,2.419725194934114,source_q_only
N0.41_D0150_Q0.05,0.41,150,0.05,calibrated,0.5231,0.4410039803841661,source_q_only
N0.41_D0150_Q0.95,0.41,150,0.95,calibrated,2.3801,2.281363928880274,source_q_only
N0.41_D0300_Q0.05,0.41,300,0.05,calibrated,0.5209,0.38719711083179753,source_q_only
N0.41_D0300_Q0.95,0.41,300,0.95,calibrated,2.3692,2.2275570593279053,source_q_only
N0.41_D0500_Q0.05,0.41,500,0.05,calibrated,0.5057,0.35371577478555505,source_q_only
N0.41_D0500_Q0.1,0.41,500,0.1,calibrated,0.6047,0.4560988728688211,source_q_only
N0.41_D0500_Q0.2,0.41,500,0.2,calibrated,0.8045,0.6608356490139311,source_q_only
N0.41_D0500_Q0.3,0.41,500,0.3,calibrated,1.0122,0.8655290165281175,source_q_only
N0.41_D0500_Q0.4,0.41,500,0.4,calibrated,1.2031,1.0701726775479097,source_q_only
N0.41_D0500_Q0.5,0.41,500,0.5,calibrated,1.427,1.2747581986117655,source_q_only
N0.41_D0500_Q0.6,0.41,500,0.6,calibrated,1.5817,1.4792736965871602,source_q_only
N0.41_D0500_Q0.7,0.41,500,0.7,calibrated,1.7811,1.683701155383806,source_q_only
N0.41_D0500_Q0.8,0.41,500,0.8,calibrated,1.9863,1.888009915702178,source_q_only
N0.41_D0500_Q0.9,0.41,500,0.9,calibrated,2.1829,2.0921352037584247,source_q_only
N0.41_D0500_Q0.95,0.41,500,0.95,calibrated,2.3182,2.194075723281663,source_q_only
N0.41_D0500_Q1.0,0.41,500,1.0,calibrated,2.3631,2.295769105011231,source_q_only
N0.41_D1000_Q0.05,0.41,1000,0.05,calibrated,0.5,0.31530125565175604,source_q_only
N0.41_D1000_Q0.1,0.41,1000,0.1,calibrated,0.5885,0.4176843537350221,source_q_only
N0.41_D1000_Q0.2,0.41,1000,0.2,calibrated,0.7592,0.6224211298801321,source_q_only
N0.41_D1000_Q0.3,0.41,1000,0.3,calibrated,0.9951,0.8271144973943185,source_q_only
N0.41_D1000_Q0.4,0.41,1000,0.4,calibrated,1.2144,1.0317581584141107,source_q_only
N0.41_D1000_Q0.5,0.41,1000,0.5,calibrated,1.3941,1.2363436794779665,source_q_only
N0.41_D1000_Q0.6,0.41,1000,0.6,calibrated,1.5743,1.4408591774533612,source_q_only
N0.41_D1000_Q0.7,0.41,1000,0.7,calibrated,1.759,1.645286636250007,source_q_only
N0.41_D1000_Q0.8,0.41,1000,0.8,calibrated,1.9279,1.849595396568379,source_q_only
N0.41_D1000_Q0.9,0.41,1000,0.9,calibrated,2.1495,2.0537206846246256,source_q_only
N0.41_D1000_Q0.95,0.41,1000,0.95,calibrated,2.2212,2.1556612041478633,source_q_only
N0.41_D1000_Q1.0,0.41,1000,1.0,calibrated,2.4128,2.257354585877432,source_q_only
N0.41_D2000_Q0.05,0.41,2000,0.05,calibrated,0.5,0.28366073004449666,source_q_only
N0.41_D2000_Q0.1,0.41,2000,0.1,calibrated,0.5802,0.3860438281277627,source_q_only
N0.41_D2000_Q0.2,0.41,2000,0.2,calibrated,0.7774,0.5907806042728727,source_q_only
N0.41_D2000_Q0.3,0.41,2000,0.3,calibrated,0.9982,0.7954739717870591,source_q_only
N0.41_D2000_Q0.4,0.41,2000,0.4,calibrated,1.2122,1.0001176328068513,source_q_only
N0.41_D2000_Q0.5,0.41,2000,0.5,calibrated,1.3202,1.2047031538707071,source_q_only
N0.41_D2000_Q0.6,0.41,2000,0.6,calibrated,1.5758,1.4092186518461018,source_q_only
N0.41_D2000_Q0.7,0.41,2000,0.7,calibrated,1.7331,1.6136461106427475,source_q_only
N0.41_D2000_Q0.8,0.41,2000,0.8,calibrated,1.9375,1.8179548709611195,source_q_only
N0.41_D2000_Q0.9,0.41,2000,0.9,calibrated,2.0973,2.0220801590173663,source_q_only
N0.41_D2000_Q0.95,0.41,2000,0.95,calibrated,2.2225,2.124020678540604,source_q_only
N0.41_D2000_Q1.0,0.41,2000,1.0,calibrated,2.3248,2.225714060270173,source_q_only
N0.7_D0005_Q0.05,0.7,5,0.05,calibrated,0.5148,0.8141300610592777,source_q_only
N0.7_D0005_Q0.1,0.7,5,0.1,calibrated,0.651,0.9182116826371436,source_q_only
N0.7_D0005_Q0.2,0.7,5,0.2,calibrated,0.8807,1.1263479489485495,source_q_only
N0.7_D0005_Q0.3,0.7,5,0.3,calibrated,1.1486,1.3344444114861251,source_q_only
N0.7_D0005_Q0.4,0.7,5,0.4,calibrated,1.3678,1.5424952953906343,source_q_only
N0.7_D0005_Q0.5,0.7,5,0.5,calibrated,1.6627,1.7504928675548879,source_q_only
N0.7_D0005_Q0.6,0.7,5,0.6,calibrated,1.8832,1.958426231677637,source_q_only
N0.7_D0005_Q0.7,0.7,5,0.7,calibrated,2.1501,2.1662788678095546,source_q_only
N0.7_D0005_Q0.8,0.7,5,0.8,calibrated,2.3581,2.3740226627437035,source_q_only
N0.7_D0005_Q0.9,0.7,5,0.9,calibrated,2.6571,2.5815982218162166,source_q_only
N0.7_D0005_Q0.95,0.7,5,0.95,calibrated,2.7097,2.685274018641472,source_q_only
N0.7_D0005_Q1.0,0.7,5,1.0,calibrated,2.862,2.7887232011590446,source_q_only
N0.7_D0020_Q0.05,0.7,20,0.05,calibrated,0.5,0.5599182809056344,source_q_only
N0.7_D0020_Q0.1,0.7,20,0.1,calibrated,0.5886,0.6639999024835004,source_q_only
N0.7_D0020_Q0.2,0.7,20,0.2,calibrated,0.82,0.8721361687949063,source_q_only
N0.7_D0020_Q0.3,0.7,20,0.3,calibrated,1.0213,1.080232631332482,source_q_only
N0.7_D0020_Q0.4,0.7,20,0.4,calibrated,1.2544,1.2882835152369911,source_q_only
N0.7_D0020_Q0.5,0.7,20,0.5,calibrated,1.5102,1.4962810874012447,source_q_only
N0.7_D0020_Q0.6,0.7,20,0.6,calibrated,1.733,1.7042144515239939,source_q_only
N0.7_D0020_Q0.7,0.7,20,0.7,calibrated,1.9575,1.9120670876559114,source_q_only
N0.7_D0020_Q0.8,0.7,20,0.8,calibrated,2.1359,2.1198108825900603,source_q_only
N0.7_D0020_Q0.9,0.7,20,0.9,calibrated,2.4142,2.3273864416625734,source_q_only
N0.7_D0020_Q0.95,0.7,20,0.95,calibrated,2.5456,2.4310622384878284,source_q_only
N0.7_D0020_Q1.0,0.7,20,1.0,calibrated,2.5856,2.5345114210054014,source_q_only
N0.7_D0050_Q0.05,0.7,50,0.05,calibrated,0.5,0.4386064399530003,source_q_only
N0.7_D0050_Q0.95,0.7,50,0.95,calibrated,2.3802,2.3097503975351943,source_q_only
N0.7_D0100_Q0.05,0.7,100,0.05,calibrated,0.5,0.3654296204610188,source_q_only
N0.7_D0100_Q0.1,0.7,100,0.1,calibrated,0.5313,0.4695112420388847,source_q_only
N0.7_D0100_Q0.2,0.7,100,0.2,calibrated,0.7638,0.6776475083502906,source_q_only
N0.7_D0100_Q0.3,0.7,100,0.3,calibrated,0.9699,0.8857439708878663,source_q_only
N0.7_D0100_Q0.4,0.7,100,0.4,calibrated,1.1979,1.0937948547923755,source_q_only
N0.7_D0100_Q0.5,0.7,100,0.5,calibrated,1.3973,1.301792426956629,source_q_only
N0.7_D0100_Q0.6,0.7,100,0.6,calibrated,1.5891,1.5097257910793782,source_q_only
N0.7_D0100_Q0.7,0.7,100,0.7,calibrated,1.8109,1.7175784272112957,source_q_only
N0.7_D0100_Q0.8,0.7,100,0.8,calibrated,2.017,1.9253222221454447,source_q_only
N0.7_D0100_Q0.9,0.7,100,0.9,calibrated,2.1928,2.1328977812179577,source_q_only
N0.7_D0100_Q0.95,0.7,100,0.95,calibrated,2.3158,2.236573578043213,source_q_only
N0.7_D0100_Q1.0,0.7,100,1.0,calibrated,2.4334,2.3400227605607857,source_q_only
N0.7_D0150_Q0.05,0.7,150,0.05,calibrated,0.5,0.3287617361367472,source_q_only
N0.7_D0150_Q0.95,0.7,150,0.95,calibrated,2.3482,2.199905693718941,source_q_only
N0.7_D0300_Q0.05,0.7,300,0.05,calibrated,0.5,0.2749548665843782,source_q_only
N0.7_D0300_Q0.95,0.7,300,0.95,calibrated,2.2639,2.1460988241665726,source_q_only
N0.7_D0500_Q0.05,0.7,500,0.05,calibrated,0.5,0.24147353053813614,source_q_only
N0.7_D0500_Q0.1,0.7,500,0.1,calibrated,0.5138,0.3455551521160021,source_q_only
N0.7_D0500_Q0.2,0.7,500,0.2,calibrated,0.701,0.553691418427408,source_q_only
N0.7_D0500_Q0.3,0.7,500,0.3,calibrated,0.9241,0.7617878809649836,source_q_only
N0.7_D0500_Q0.4,0.7,500,0.4,calibrated,1.1327,0.9698387648694928,source_q_only
N0.7_D0500_Q0.5,0.7,500,0.5,calibrated,1.3085,1.1778363370337464,source_q_only
N0.7_D0500_Q0.6,0.7,500,0.6,calibrated,1.5486,1.3857697011564956,source_q_only
N0.7_D0500_Q0.7,0.7,500,0.7,calibrated,1.7063,1.593622337288413,source_q_only
N0.7_D0500_Q0.8,0.7,500,0.8,calibrated,1.8982,1.801366132222562,source_q_only
N0.7_D0500_Q0.9,0.7,500,0.9,calibrated,2.0978,2.008941691295075,source_q_only
N0.7_D0500_Q0.95,0.7,500,0.95,calibrated,2.1997,2.11261748812033,source_q_only
N0.7_D0500_Q1.0,0.7,500,1.0,calibrated,2.2912,2.216066670637903,source_q_only
N0.7_D1000_Q0.05,0.7,1000,0.05,calibrated,0.5,0.20305901140433713,source_q_only
N0.7_D1000_Q0.1,0.7,1000,0.1,calibrated,0.5071,0.30714063298220307,source_q_only
N0.7_D1000_Q0.2,0.7,1000,0.2,calibrated,0.7115,0.515276899293609,source_q_only
N0.7_D1000_Q0.3,0.7,1000,0.3,calibrated,0.9132,0.7233733618311846,source_q_only
N0.7_D1000_Q0.4,0.7,1000,0.4,calibrated,1.1056,0.9314242457356938,source_q_only
N0.7_D1000_Q0.5,0.7,1000,0.5,calibrated,1.322,1.1394218178999473,source_q_only
N0.7_D1000_Q0.6,0.7,1000,0.6,calibrated,1.4614,1.3473551820226966,source_q_only
N0.7_D1000_Q0.7,0.7,1000,0.7,calibrated,1.7068,1.555207818154614,source_q_only
N0.7_D1000_Q0.8,0.7,1000,0.8,calibrated,1.8896,1.762951613088763,source_q_only
N0.7_D1000_Q0.9,0.7,1000,0.9,calibrated,2.0683,1.970527172161276,source_q_only
N0.7_D1000_Q0.95,0.7,1000,0.95,calibrated,2.1816,2.0742029689865316,source_q_only
N0.7_D1000_Q1.0,0.7,1000,1.0,calibrated,2.297,2.177652151504104,source_q_only
N0.7_D2000_Q0.05,0.7,2000,0.05,calibrated,0.5,0.17141848579707775,source_q_only
N0.7_D2000_Q0.1,0.7,2000,0.1,calibrated,0.5001,0.2755001073749437,source_q_only
N0.7_D2000_Q0.2,0.7,2000,0.2,calibrated,0.6784,0.4836363736863496,source_q_only
N0.7_D2000_Q0.3,0.7,2000,0.3,calibrated,0.8706,0.6917328362239252,source_q_only
N0.7_D2000_Q0.4,0.7,2000,0.4,calibrated,1.0904,0.8997837201284344,source_q_only
N0.7_D2000_Q0.5,0.7,2000,0.5,calibrated,1.2499,1.107781292292688,source_q_only
N0.7_D2000_Q0.6,0.7,2000,0.6,calibrated,1.4277,1.3157146564154372,source_q_only
N0.7_D2000_Q0.7,0.7,2000,0.7,calibrated,1.6336,1.5235672925473547,source_q_only
N0.7_D2000_Q0.8,0.7,2000,0.8,calibrated,1.8579,1.7313110874815036,source_q_only
N0.7_D2000_Q0.9,0.7,2000,0.9,calibrated,2.0246,1.9388866465540167,source_q_only
N0.7_D2000_Q0.95,0.7,2000,0.95,calibrated,2.1556,2.042562443379272,source_q_only
N0.7_D2000_Q1.0,0.7,2000,1.0,calibrated,2.2183,2.1460116258968447,source_q_only
N1.0_D0005_Q0.05,1.0,5,0.05,calibrated,0.5,0.7483140660556398,source_q_only
N1.0_D0005_Q0.1,1.0,5,0.1,calibrated,0.5747,0.8534491004184264,source_q_only
N1.0_D0005_Q0.2,1.0,5,0.2,calibrated,0.8142,1.0636937075415873,source_q_only
N1.0_D0005_Q0.3,1.0,5,0.3,calibrated,1.0733,1.2739007465989083,source_q_only
N1.0_D0005_Q0.4,1.0,5,0.4,calibrated,1.3204,1.4840647670948437,source_q_only
N1.0_D0005_Q0.5,1.0,5,0.5,calibrated,1.5528,1.694178470277238,source_q_only
N1.0_D0005_Q0.6,1.0,5,0.6,calibrated,1.8086,1.9042315718709244,source_q_only
N1.0_D0005_Q0.7,1.0,5,0.7,calibrated,2.0374,2.114208479823084,source_q_only
N1.0_D0005_Q0.8,1.0,5,0.8,calibrated,2.3623,2.3240826599961824,source_q_only
N1.0_D0005_Q0.9,1.0,5,0.9,calibrated,2.5719,2.5337980538201914,source_q_only
N1.0_D0005_Q0.95,1.0,5,0.95,calibrated,2.7672,2.6385500578931778,source_q_only
N1.0_D0005_Q1.0,1.0,5,1.0,calibrated,2.8125,2.743088176185697,source_q_only
N1.0_D0020_Q0.05,1.0,20,0.05,calibrated,0.5,0.494102285901997,source_q_only
N1.0_D0020_Q0.1,1.0,20,0.1,calibrated,0.5188,0.5992373202647836,source_q_only
N1.0_D0020_Q0.2,1.0,20,0.2,calibrated,0.7381,0.8094819273879446,source_q_only
N1.0_D0020_Q0.3,1.0,20,0.3,calibrated,0.9701,1.0196889664452655,source_q_only
N1.0_D0020_Q0.4,1.0,20,0.4,calibrated,1.2279,1.229852986941201,source_q_only
N1.0_D0020_Q0.5,1.0,20,0.5,calibrated,1.4233,1.4399666901235952,source_q_only
N1.0_D0020_Q0.6,1.0,20,0.6,calibrated,1.6574,1.6500197917172816,source_q_only
N1.0_D0020_Q0.7,1.0,20,0.7,calibrated,1.8968,1.8599966996694413,source_q_only
N1.0_D0020_Q0.8,1.0,20,0.8,calibrated,2.0844,2.0698708798425396,source_q_only
N1.0_D0020_Q0.9,1.0,20,0.9,calibrated,2.3062,2.2795862736665486,source_q_only
N1.0_D0020_Q0.95,1.0,20,0.95,calibrated,2.4517,2.384338277739535,source_q_only
N1.0_D0020_Q1.0,1.0,20,1.0,calibrated,2.6133,2.488876396032054,source_q_only
N1.0_D0050_Q0.05,1.0,50,0.05,calibrated,0.5,0.37279044494936286,source_q_only
N1.0_D0050_Q0.95,1.0,50,0.95,calibrated,2.3371,2.263026436786901,source_q_only
N1.0_D0100_Q0.05,1.0,100,0.05,calibrated,0.5,0.29961362545738135,source_q_only
N1.0_D0100_Q0.1,1.0,100,0.1,calibrated,0.5,0.40474865982016794,source_q_only
N1.0_D0100_Q0.2,1.0,100,0.2,calibrated,0.7102,0.6149932669433289,source_q_only
N1.0_D0100_Q0.3,1.0,100,0.3,calibrated,0.9137,0.8252003060006499,source_q_only
N1.0_D0100_Q0.4,1.0,100,0.4,calibrated,1.1107,1.0353643264965853,source_q_only
N1.0_D0100_Q0.5,1.0,100,0.5,calibrated,1.3086,1.2454780296789796,source_q_only
N1.0_D0100_Q0.6,1.0,100,0.6,calibrated,1.5225,1.455531131272666,source_q_only
N1.0_D0100_Q0.7,1.0,100,0.7,calibrated,1.7077,1.6655080392248256,source_q_only
N1.0_D0100_Q0.8,1.0,100,0.8,calibrated,1.9487,1.875382219397924,source_q_only
N1.0_D0100_Q0.9,1.0,100,0.9,calibrated,2.2185,2.085097613221933,source_q_only
N1.0_D0100_Q0.95,1.0,100,0.95,calibrated,2.3344,2.189849617294919,source_q_only
N1.0_D0100_Q1.0,1.0,100,1.0,calibrated,2.4489,2.2943877355874385,source_q_only
N1.0_D0150_Q0.05,1.0,150,0.05,calibrated,0.5,0.26294574113310976,source_q_only
N1.0_D0150_Q0.95,1.0,150,0.95,calibrated,2.1674,2.1531817329706477,source_q_only
N1.0_D0300_Q0.05,1.0,300,0.05,calibrated,0.5,0.20913887158074118,source_q_only
N1.0_D0300_Q0.95,1.0,300,0.95,calibrated,2.1877,2.099374863418279,source_q_only
N1.0_D0500_Q0.05,1.0,500,0.05,calibrated,0.5,0.1756575355344987,source_q_only
N1.0_D0500_Q0.1,1.0,500,0.1,calibrated,0.5,0.2807925698972853,source_q_only
N1.0_D0500_Q0.2,1.0,500,0.2,calibrated,0.6599,0.49103717702044625,source_q_only
N1.0_D0500_Q0.3,1.0,500,0.3,calibrated,0.8544,0.7012442160777672,source_q_only
N1.0_D0500_Q0.4,1.0,500,0.4,calibrated,1.0836,0.9114082365737026,source_q_only
N1.0_D0500_Q0.5,1.0,500,0.5,calibrated,1.2157,1.121521939756097,source_q_only
N1.0_D0500_Q0.6,1.0,500,0.6,calibrated,1.4518,1.3315750413497833,source_q_only
N1.0_D0500_Q0.7,1.0,500,0.7,calibrated,1.707,1.541551949301943,source_q_only
N1.0_D0500_Q0.8,1.0,500,0.8,calibrated,1.8739,1.7514261294750413,source_q_only
N1.0_D0500_Q0.9,1.0,500,0.9,calibrated,2.0431,1.9611415232990503,source_q_only
N1.0_D0500_Q0.95,1.0,500,0.95,calibrated,2.1733,2.0658935273720367,source_q_only
N1.0_D0500_Q1.0,1.0,500,1.0,calibrated,2.2572,2.170431645664556,source_q_only
N1.0_D1000_Q0.05,1.0,1000,0.05,calibrated,0.5,0.1372430164006997,source_q_only
N1.0_D1000_Q0.1,1.0,1000,0.1,calibrated,0.5,0.24237805076348629,source_q_only
N1.0_D1000_Q0.2,1.0,1000,0.2,calibrated,0.6605,0.45262265788664724,source_q_only
N1.0_D1000_Q0.3,1.0,1000,0.3,calibrated,0.8357,0.6628296969439682,source_q_only
N1.0_D1000_Q0.4,1.0,1000,0.4,calibrated,1.0525,0.8729937174399036,source_q_only
N1.0_D1000_Q0.5,1.0,1000,0.5,calibrated,1.2565,1.083107420622298,source_q_only
N1.0_D1000_Q0.6,1.0,1000,0.6,calibrated,1.407,1.2931605222159843,source_q_only
N1.0_D1000_Q0.7,1.0,1000,0.7,calibrated,1.6907,1.503137430168144,source_q_only
N1.0_D1000_Q0.8,1.0,1000,0.8,calibrated,1.8615,1.7130116103412423,source_q_only
N1.0_D1000_Q0.9,1.0,1000,0.9,calibrated,1.9758,1.9227270041652513,source_q_only
N1.0_D1000_Q0.95,1.0,1000,0.95,calibrated,2.1305,2.0274790082382372,source_q_only
N1.0_D1000_Q1.0,1.0,1000,1.0,calibrated,2.1409,2.132017126530757,source_q_only
N1.0_D2000_Q0.05,1.0,2000,0.05,calibrated,0.5,0.1056024907934403,source_q_only
N1.0_D2000_Q0.1,1.0,2000,0.1,calibrated,0.5,0.2107375251562269,source_q_only
N1.0_D2000_Q0.2,1.0,2000,0.2,calibrated,0.6467,0.42098213227938786,source_q_only
N1.0_D2000_Q0.3,1.0,2000,0.3,calibrated,0.8314,0.6311891713367088,source_q_only
N1.0_D2000_Q0.4,1.0,2000,0.4,calibrated,1.0295,0.8413531918326442,source_q_only
N1.0_D2000_Q0.5,1.0,2000,0.5,calibrated,1.2251,1.0514668950150385,source_q_only
N1.0_D2000_Q0.6,1.0,2000,0.6,calibrated,1.4304,1.261519996608725,source_q_only
N1.0_D2000_Q0.7,1.0,2000,0.7,calibrated,1.5995,1.4714969045608846,source_q_only
N1.0_D2000_Q0.8,1.0,2000,0.8,calibrated,1.7725,1.681371084733983,source_q_only
N1.0_D2000_Q0.9,1.0,2000,0.9,calibrated,2.027,1.891086478557992,source_q_only
N1.0_D2000_Q0.95,1.0,2000,0.95,calibrated,2.0759,1.995838482630978,source_q_only
N1.0_D2000_Q1.0,1.0,2000,1.0,calibrated,2.2081,2.1003766009234974,source_q_only
N2.8_D0005_Q0.05,2.8,5,0.05,calibrated,0.5,0.5916483137125041,source_q_only
N2.8_D0005_Q0.1,2.8,5,0.1,calibrated,0.5,0.6995039012226463,source_q_only
N2.8_D0005_Q0.2,2.8,5,0.2,calibrated,0.6798,0.9151935279176455,source_q_only
N2.8_D0005_Q0.3,2.8,5,0.3,calibrated,0.9253,1.130851360505976,source_q_only
N2.8_D0005_Q0.4,2.8,5,0.4,calibrated,1.2039,1.3464727861966175,source_q_only
N2.8_D0005_Q0.5,2.8,5,0.5,calibrated,1.4628,1.5620516280065555,source_q_only
N2.8_D0005_Q0.6,2.8,5,0.6,calibrated,1.7229,1.7775791822845808,source_q_only
N2.8_D0005_Q0.7,2.8,5,0.7,calibrated,2.0084,1.9930422533715775,source_q_only
N2.8_D0005_Q0.8,2.8,5,0.8,calibrated,2.2056,2.2084183852485757,source_q_only
N2.8_D0005_Q0.9,2.8,5,0.9,calibrated,2.4428,2.423660135170912,source_q_only
N2.8_D0005_Q0.95,2.8,5,0.95,calibrated,2.6201,2.531191561571908,source_q_only
N2.8_D0005_Q1.0,2.8,5,1.0,calibrated,2.721,2.638541974999067,source_q_only
N2.8_D0020_Q0.05,2.8,20,0.05,calibrated,0.5,0.3374365335588614,source_q_only
N2.8_D0020_Q0.1,2.8,20,0.1,calibrated,0.5,0.4452921210690035,source_q_only
N2.8_D0020_Q0.2,2.8,20,0.2,calibrated,0.623,0.6609817477640028,source_q_only
N2.8_D0020_Q0.3,2.8,20,0.3,calibrated,0.8308,0.8766395803523332,source_q_only
N2.8_D0020_Q0.4,2.8,20,0.4,calibrated,1.0678,1.0922610060429747,source_q_only
N2.8_D0020_Q0.5,2.8,20,0.5,calibrated,1.2966,1.3078398478529127,source_q_only
N2.8_D0020_Q0.6,2.8,20,0.6,calibrated,1.5279,1.523367402130938,source_q_only
N2.8_D0020_Q0.7,2.8,20,0.7,calibrated,1.7488,1.7388304732179347,source_q_only
N2.8_D0020_Q0.8,2.8,20,0.8,calibrated,2.0341,1.954206605094933,source_q_only
N2.8_D0020_Q0.9,2.8,20,0.9,calibrated,2.2362,2.1694483550172694,source_q_only
N2.8_D0020_Q0.95,2.8,20,0.95,calibrated,2.3457,2.276979781418265,source_q_only
N2.8_D0020_Q1.0,2.8,20,1.0,calibrated,2.5073,2.384330194845424,source_q_only
N2.8_D0050_Q0.05,2.8,50,0.05,calibrated,0.5,0.21612469260622724,source_q_only
N2.8_D0050_Q0.95,2.8,50,0.95,calibrated,2.253,2.155667940465631,source_q_only
N2.8_D0100_Q0.05,2.8,100,0.05,calibrated,0.5,0.14294787311424573,source_q_only
N2.8_D0100_Q0.1,2.8,100,0.1,calibrated,0.5,0.25080346062438785,source_q_only
N2.8_D0100_Q0.2,2.8,100,0.2,calibrated,0.5671,0.4664930873193871,source_q_only
N2.8_D0100_Q0.3,2.8,100,0.3,calibrated,0.7708,0.6821509199077176,source_q_only
N2.8_D0100_Q0.4,2.8,100,0.4,calibrated,0.9718,0.8977723455983591,source_q_only
N2.8_D0100_Q0.5,2.8,100,0.5,calibrated,1.1999,1.113351187408297,source_q_only
N2.8_D0100_Q0.6,2.8,100,0.6,calibrated,1.4075,1.3288787416863224,source_q_only
N2.8_D0100_Q0.7,2.8,100,0.7,calibrated,1.6363,1.544341812773319,source_q_only
N2.8_D0100_Q0.8,2.8,100,0.8,calibrated,1.8765,1.7597179446503173,source_q_only
N2.8_D0100_Q0.9,2.8,100,0.9,calibrated,2.0444,1.9749596945726537,source_q_only
N2.8_D0100_Q0.95,2.8,100,0.95,calibrated,2.1982,2.08249112097365,source_q_only
N2.8_D0100_Q1.0,2.8,100,1.0,calibrated,2.2588,2.1898415344008084,source_q_only
N2.8_D0150_Q0.05,2.8,150,0.05,calibrated,0.5,0.10627998878997413,source_q_only
N2.8_D0150_Q0.95,2.8,150,0.95,calibrated,2.1192,2.045823236649378,source_q_only
N2.8_D0300_Q0.05,2.8,300,0.05,calibrated,0.5,0.05247311923760556,source_q_only
N2.8_D0300_Q0.95,2.8,300,0.95,calibrated,2.0528,1.9920163670970095,source_q_only
N2.8_D0500_Q0.05,2.8,500,0.05,calibrated,0.5,0.018991783191363076,source_q_only
N2.8_D0500_Q0.1,2.8,500,0.1,calibrated,0.5,0.1268473707015052,source_q_only
N2.8_D0500_Q0.2,2.8,500,0.2,calibrated,0.5387,0.34253699739650445,source_q_only
N2.8_D0500_Q0.3,2.8,500,0.3,calibrated,0.7277,0.5581948299848349,source_q_only
N2.8_D0500_Q0.4,2.8,500,0.4,calibrated,0.9045,0.7738162556754764,source_q_only
N2.8_D0500_Q0.5,2.8,500,0.5,calibrated,1.16,0.9893950974854144,source_q_only
N2.8_D0500_Q0.6,2.8,500,0.6,calibrated,1.3308,1.2049226517634397,source_q_only
N2.8_D0500_Q0.7,2.8,500,0.7,calibrated,1.5099,1.4203857228504364,source_q_only
N2.8_D0500_Q0.8,2.8,500,0.8,calibrated,1.7571,1.6357618547274346,source_q_only
N2.8_D0500_Q0.9,2.8,500,0.9,calibrated,1.9167,1.851003604649771,source_q_only
N2.8_D0500_Q0.95,2.8,500,0.95,calibrated,2.0846,1.958535031050767,source_q_only
N2.8_D0500_Q1.0,2.8,500,1.0,calibrated,2.1517,2.0658854444779258,source_q_only
N2.8_D1000_Q0.05,2.8,1000,0.05,calibrated,0.5,-0.01942273594243593,source_q_only
N2.8_D1000_Q0.1,2.8,1000,0.1,calibrated,0.5,0.0884328515677062,source_q_only
N2.8_D1000_Q0.2,2.8,1000,0.2,calibrated,0.519,0.30412247826270544,source_q_only
N2.8_D1000_Q0.3,2.8,1000,0.3,calibrated,0.7239,0.5197803108510359,source_q_only
N2.8_D1000_Q0.4,2.8,1000,0.4,calibrated,0.8987,0.7354017365416774,source_q_only
N2.8_D1000_Q0.5,2.8,1000,0.5,calibrated,1.1398,0.9509805783516154,source_q_only
N2.8_D1000_Q0.6,2.8,1000,0.6,calibrated,1.3353,1.1665081326296407,source_q_only
N2.8_D1000_Q0.7,2.8,1000,0.7,calibrated,1.5354,1.3819712037166374,source_q_only
N2.8_D1000_Q0.8,2.8,1000,0.8,calibrated,1.6984,1.5973473355936356,source_q_only
N2.8_D1000_Q0.9,2.8,1000,0.9,calibrated,1.9178,1.812589085515972,source_q_only
N2.8_D1000_Q0.95,2.8,1000,0.95,calibrated,2.0038,1.920120511916968,source_q_only
N2.8_D1000_Q1.0,2.8,1000,1.0,calibrated,2.1237,2.0274709253441268,source_q_only
N2.8_D2000_Q0.05,2.8,2000,0.05,calibrated,0.5,-0.051063261549695316,source_q_only
N2.8_D2000_Q0.1,2.8,2000,0.1,calibrated,0.5,0.05679232596044681,source_q_only
N2.8_D2000_Q0.2,2.8,2000,0.2,calibrated,0.5242,0.27248195265544606,source_q_only
N2.8_D2000_Q0.3,2.8,2000,0.3,calibrated,0.6887,0.48813978524377655,source_q_only
N2.8_D2000_Q0.4,2.8,2000,0.4,calibrated,0.9232,0.703761210934418,source_q_only
N2.8_D2000_Q0.5,2.8,2000,0.5,calibrated,1.1045,0.919340052744356,source_q_only
N2.8_D2000_Q0.6,2.8,2000,0.6,calibrated,1.2855,1.1348676070223813,source_q_only
N2.8_D2000_Q0.7,2.8,2000,0.7,calibrated,1.4788,1.350330678109378,source_q_only
N2.8_D2000_Q0.8,2.8,2000,0.8,calibrated,1.6576,1.5657068099863762,source_q_only
N2.8_D2000_Q0.9,2.8,2000,0.9,calibrated,1.8775,1.7809485599087127,source_q_only
N2.8_D2000_Q0.95,2.8,2000,0.95,calibrated,1.8822,1.8884799863097086,source_q_only
N2.8_D2000_Q1.0,2.8,2000,1.0,calibrated,2.0839,1.9958303997368674,source_q_only
N4.0_D0005_Q0.05,4.0,5,0.05,calibrated,0.5,0.5470436142231869,source_q_only
N4.0_D0005_Q0.1,4.0,5,0.1,calibrated,0.5,0.6557406374874368,source_q_only
N4.0_D0005_Q0.2,4.0,5,0.2,calibrated,0.6084,0.873114346022196,source_q_only
N4.0_D0005_Q0.3,4.0,5,0.3,calibrated,0.8843,1.0904580462693558,source_q_only
N4.0_D0005_Q0.4,4.0,5,0.4,calibrated,1.1447,1.3077673845302566,source_q_only
N4.0_D0005_Q0.5,4.0,5,0.5,calibrated,1.3943,1.52503653077216,source_q_only
N4.0_D0005_Q0.6,4.0,5,0.6,calibrated,1.6246,1.7422572702126418,source_q_only
N4.0_D0005_Q0.7,4.0,5,0.7,calibrated,1.9244,1.959417148369556,source_q_only
N4.0_D0005_Q0.8,4.0,5,0.8,calibrated,2.1965,2.176494970539037,source_q_only
N4.0_D0005_Q0.9,4.0,5,0.9,calibrated,2.4512,2.393445958751971,source_q_only
N4.0_D0005_Q0.95,4.0,5,0.95,calibrated,2.5824,2.5018370284666167,source_q_only
N4.0_D0005_Q1.0,4.0,5,1.0,calibrated,2.6973,2.610057252387899,source_q_only
N4.0_D0020_Q0.05,4.0,20,0.05,calibrated,0.5,0.29283183406954416,source_q_only
N4.0_D0020_Q0.1,4.0,20,0.1,calibrated,0.5,0.40152885733379406,source_q_only
N4.0_D0020_Q0.2,4.0,20,0.2,calibrated,0.5655,0.6189025658685532,source_q_only
N4.0_D0020_Q0.3,4.0,20,0.3,calibrated,0.8094,0.8362462661157131,source_q_only
N4.0_D0020_Q0.4,4.0,20,0.4,calibrated,1.0284,1.0535556043766139,source_q_only
N4.0_D0020_Q0.5,4.0,20,0.5,calibrated,1.2902,1.2708247506185173,source_q_only
N4.0_D0020_Q0.6,4.0,20,0.6,calibrated,1.5025,1.488045490058999,source_q_only
N4.0_D0020_Q0.7,4.0,20,0.7,calibrated,1.7203,1.7052053682159132,source_q_only
N4.0_D0020_Q0.8,4.0,20,0.8,calibrated,1.9253,1.9222831903853943,source_q_only
N4.0_D0020_Q0.9,4.0,20,0.9,calibrated,2.2398,2.139234178598328,source_q_only
N4.0_D0020_Q0.95,4.0,20,0.95,calibrated,2.2806,2.247625248312974,source_q_only
N4.0_D0020_Q1.0,4.0,20,1.0,calibrated,2.4139,2.355845472234256,source_q_only
N4.0_D0050_Q0.05,4.0,50,0.05,calibrated,0.5,0.17151999311691002,source_q_only
N4.0_D0050_Q0.95,4.0,50,0.95,calibrated,2.2424,2.12631340736034,source_q_only
N4.0_D0100_Q0.05,4.0,100,0.05,calibrated,0.5,0.0983431736249285,source_q_only
N4.0_D0100_Q0.1,4.0,100,0.1,calibrated,0.5,0.2070401968891784,source_q_only
N4.0_D0100_Q0.2,4.0,100,0.2,calibrated,0.5116,0.42441390542393753,source_q_only
N4.0_D0100_Q0.3,4.0,100,0.3,calibrated,0.722,0.6417576056710974,source_q_only
N4.0_D0100_Q0.4,4.0,100,0.4,calibrated,0.9435,0.8590669439319982,source_q_only
N4.0_D0100_Q0.5,4.0,100,0.5,calibrated,1.1487,1.0763360901739016,source_q_only
N4.0_D0100_Q0.6,4.0,100,0.6,calibrated,1.3727,1.2935568296143833,source_q_only
N4.0_D0100_Q0.7,4.0,100,0.7,calibrated,1.6045,1.5107167077712975,source_q_only
N4.0_D0100_Q0.8,4.0,100,0.8,calibrated,1.8522,1.7277945299407786,source_q_only
N4.0_D0100_Q0.9,4.0,100,0.9,calibrated,2.1002,1.9447455181537125,source_q_only
N4.0_D0100_Q0.95,4.0,100,0.95,calibrated,2.1195,2.0531365878683587,source_q_only
N4.0_D0100_Q1.0,4.0,100,1.0,calibrated,2.2786,2.1613568117896405,source_q_only
N4.0_D0150_Q0.05,4.0,150,0.05,calibrated,0.5,0.06167528930065691,source_q_only
N4.0_D0150_Q0.95,4.0,150,0.95,calibrated,2.1044,2.0164687035440867,source_q_only
N4.0_D0300_Q0.05,4.0,300,0.05,calibrated,0.5,0.007868419748288336,source_q_only
N4.0_D0300_Q0.95,4.0,300,0.95,calibrated,2.0785,1.9626618339917183,source_q_only
N4.0_D0500_Q0.05,4.0,500,0.05,calibrated,0.5,-0.025612916297954147,source_q_only
N4.0_D0500_Q0.1,4.0,500,0.1,calibrated,0.5,0.08308410696629576,source_q_only
N4.0_D0500_Q0.2,4.0,500,0.2,calibrated,0.5,0.3004578155010549,source_q_only
N4.0_D0500_Q0.3,4.0,500,0.3,calibrated,0.6833,0.5178015157482148,source_q_only
N4.0_D0500_Q0.4,4.0,500,0.4,calibrated,0.888,0.7351108540091156,source_q_only
N4.0_D0500_Q0.5,4.0,500,0.5,calibrated,1.0678,0.952380000251019,source_q_only
N4.0_D0500_Q0.6,4.0,500,0.6,calibrated,1.2876,1.1696007396915007,source_q_only
N4.0_D0500_Q0.7,4.0,500,0.7,calibrated,1.5155,1.3867606178484149,source_q_only
N4.0_D0500_Q0.8,4.0,500,0.8,calibrated,1.7157,1.603838440017896,source_q_only
N4.0_D0500_Q0.9,4.0,500,0.9,calibrated,1.9644,1.82078942823083,source_q_only
N4.0_D0500_Q0.95,4.0,500,0.95,calibrated,1.9848,1.9291804979454759,source_q_only
N4.0_D0500_Q1.0,4.0,500,1.0,calibrated,2.1365,2.037400721866758,source_q_only
N4.0_D1000_Q0.05,4.0,1000,0.05,calibrated,0.5,-0.06402743543175315,source_q_only
N4.0_D1000_Q0.1,4.0,1000,0.1,calibrated,0.5,0.04466958783249675,source_q_only
N4.0_D1000_Q0.2,4.0,1000,0.2,calibrated,0.5,0.2620432963672559,source_q_only
N4.0_D1000_Q0.3,4.0,1000,0.3,calibrated,0.6866,0.47938699661441575,source_q_only
N4.0_D1000_Q0.4,4.0,1000,0.4,calibrated,0.8604,0.6966963348753166,source_q_only
N4.0_D1000_Q0.5,4.0,1000,0.5,calibrated,1.1039,0.91396548111722,source_q_only
N4.0_D1000_Q0.6,4.0,1000,0.6,calibrated,1.2945,1.1311862205577017,source_q_only
N4.0_D1000_Q0.7,4.0,1000,0.7,calibrated,1.4835,1.3483460987146159,source_q_only
N4.0_D1000_Q0.8,4.0,1000,0.8,calibrated,1.7176,1.565423920884097,source_q_only
N4.0_D1000_Q0.9,4.0,1000,0.9,calibrated,1.8943,1.782374909097031,source_q_only
N4.0_D1000_Q0.95,4.0,1000,0.95,calibrated,1.9293,1.8907659788116769,source_q_only
N4.0_D1000_Q1.0,4.0,1000,1.0,calibrated,2.1308,1.9989862027329588,source_q_only
N4.0_D2000_Q0.05,4.0,2000,0.05,calibrated,0.5,-0.09566796103901254,source_q_only
N4.0_D2000_Q0.1,4.0,2000,0.1,calibrated,0.5,0.013029062225237364,source_q_only
N4.0_D2000_Q0.2,4.0,2000,0.2,calibrated,0.5,0.2304027707599965,source_q_only
N4.0_D2000_Q0.3,4.0,2000,0.3,calibrated,0.642,0.44774647100715637,source_q_only
N4.0_D2000_Q0.4,4.0,2000,0.4,calibrated,0.8502,0.6650558092680572,source_q_only
N4.0_D2000_Q0.5,4.0,2000,0.5,calibrated,1.0844,0.8823249555099606,source_q_only
N4.0_D2000_Q0.6,4.0,2000,0.6,calibrated,1.281,1.0995456949504423,source_q_only
N4.0_D2000_Q0.7,4.0,2000,0.7,calibrated,1.4643,1.3167055731073565,source_q_only
N4.0_D2000_Q0.8,4.0,2000,0.8,calibrated,1.6704,1.5337833952768376,source_q_only
N4.0_D2000_Q0.9,4.0,2000,0.9,calibrated,1.8145,1.7507343834897715,source_q_only
N4.0_D2000_Q0.95,4.0,2000,0.95,calibrated,1.9664,1.8591254532044175,source_q_only
N4.0_D2000_Q1.0,4.0,2000,1.0,calibrated,2.0978,1.9673456771256994,source_q_only
N6.9_D0005_Q0.05,6.9,5,0.05,calibrated,0.5,0.48675015959787116,source_q_only
N6.9_D0005_Q0.1,6.9,5,0.1,calibrated,0.5,0.5966430015110902,source_q_only
N6.9_D0005_Q0.2,6.9,5,0.2,calibrated,0.5546,0.8164100674240475,source_q_only
N6.9_D0005_Q0.3,6.9,5,0.3,calibrated,0.7947,1.0361496629921265,source_q_only
N6.9_D0005_Q0.4,6.9,5,0.4,calibrated,1.0436,1.2558578027295413,source_q_only
N6.9_D0005_Q0.5,6.9,5,0.5,calibrated,1.3381,1.4755291496769778,source_q_only
N6.9_D0005_Q0.6,6.9,5,0.6,calibrated,1.6422,1.69515618381499,source_q_only
N6.9_D0005_Q0.7,6.9,5,0.7,calibrated,1.8729,1.914727503995855,source_q_only
N6.9_D0005_Q0.8,6.9,5,0.8,calibrated,2.1078,2.134223708051992,source_q_only
N6.9_D0005_Q0.9,6.9,5,0.9,calibrated,2.465,2.353603805098785,source_q_only
N6.9_D0005_Q0.95,6.9,5,0.95,calibrated,2.5263,2.4632165694002204,source_q_only
N6.9_D0005_Q1.0,6.9,5,1.0,calibrated,2.633,2.5726729371445605,source_q_only
N6.9_D0020_Q0.05,6.9,20,0.05,calibrated,0.5,0.2325383794442284,source_q_only
N6.9_D0020_Q0.1,6.9,20,0.1,calibrated,0.5,0.3424312213574474,source_q_only
N6.9_D0020_Q0.2,6.9,20,0.2,calibrated,0.5,0.5621982872704048,source_q_only
N6.9_D0020_Q0.3,6.9,20,0.3,calibrated,0.7321,0.7819378828384838,source_q_only
N6.9_D0020_Q0.4,6.9,20,0.4,calibrated,0.9636,1.0016460225758985,source_q_only
N6.9_D0020_Q0.5,6.9,20,0.5,calibrated,1.2142,1.221317369523335,source_q_only
N6.9_D0020_Q0.6,6.9,20,0.6,calibrated,1.4457,1.4409444036613472,source_q_only
N6.9_D0020_Q0.7,6.9,20,0.7,calibrated,1.6657,1.6605157238422121,source_q_only
N6.9_D0020_Q0.8,6.9,20,0.8,calibrated,1.9664,1.8800119278983494,source_q_only
N6.9_D0020_Q0.9,6.9,20,0.9,calibrated,2.1852,2.0993920249451423,source_q_only
N6.9_D0020_Q0.95,6.9,20,0.95,calibrated,2.2902,2.2090047892465776,source_q_only
N6.9_D0020_Q1.0,6.9,20,1.0,calibrated,2.4144,2.3184611569909177,source_q_only
N6.9_D0050_Q0.05,6.9,50,0.05,calibrated,0.5,0.11122653849159425,source_q_only
N6.9_D0050_Q0.95,6.9,50,0.95,calibrated,2.1785,2.0876929482939435,source_q_only
N6.9_D0100_Q0.05,6.9,100,0.05,calibrated,0.5,0.03804971899961229,source_q_only
N6.9_D0100_Q0.1,6.9,100,0.1,calibrated,0.5,0.1479425609128313,source_q_only
N6.9_D0100_Q0.2,6.9,100,0.2,calibrated,0.5,0.36770962682578867,source_q_only
N6.9_D0100_Q0.3,6.9,100,0.3,calibrated,0.6647,0.5874492223938677,source_q_only
N6.9_D0100_Q0.4,6.9,100,0.4,calibrated,0.882,0.8071573621312824,source_q_only
N6.9_D0100_Q0.5,6.9,100,0.5,calibrated,1.1201,1.026828709078719,source_q_only
N6.9_D0100_Q0.6,6.9,100,0.6,calibrated,1.3304,1.2464557432167311,source_q_only
N6.9_D0100_Q0.7,6.9,100,0.7,calibrated,1.5242,1.466027063397596,source_q_only
N6.9_D0100_Q0.8,6.9,100,0.8,calibrated,1.818,1.6855232674537333,source_q_only
N6.9_D0100_Q0.9,6.9,100,0.9,calibrated,1.9399,1.9049033645005262,source_q_only
N6.9_D0100_Q0.95,6.9,100,0.95,calibrated,2.1119,2.0145161288019615,source_q_only
N6.9_D0100_Q1.0,6.9,100,1.0,calibrated,2.2368,2.1239724965463016,source_q_only
N6.9_D0150_Q0.05,6.9,150,0.05,calibrated,0.5,0.0013818346753406985,source_q_only
N6.9_D0150_Q0.95,6.9,150,0.95,calibrated,2.0784,1.9778482444776897,source_q_only
N6.9_D0300_Q0.05,6.9,300,0.05,calibrated,0.5,-0.052425034877027876,source_q_only
N6.9_D0300_Q0.95,6.9,300,0.95,calibrated,1.98,1.9240413749253211,source_q_only
N6.9_D0500_Q0.05,6.9,500,0.05,calibrated,0.5,-0.08590637092326991,source_q_only
N6.9_D0500_Q0.1,6.9,500,0.1,calibrated,0.5,0.023986470989949105,source_q_only
N6.9_D0500_Q0.2,6.9,500,0.2,calibrated,0.5,0.24375353690290646,source_q_only
N6.9_D0500_Q0.3,6.9,500,0.3,calibrated,0.6224,0.46349313247098545,source_q_only
N6.9_D0500_Q0.4,6.9,500,0.4,calibrated,0.8513,0.6832012722084002,source_q_only
N6.9_D0500_Q0.5,6.9,500,0.5,calibrated,1.0567,0.9028726191558367,source_q_only
N6.9_D0500_Q0.6,6.9,500,0.6,calibrated,1.2524,1.122499653293849,source_q_only
N6.9_D0500_Q0.7,6.9,500,0.7,calibrated,1.4759,1.3420709734747138,source_q_only
N6.9_D0500_Q0.8,6.9,500,0.8,calibrated,1.6838,1.561567177530851,source_q_only
N6.9_D0500_Q0.9,6.9,500,0.9,calibrated,1.9071,1.780947274577644,source_q_only
N6.9_D0500_Q0.95,6.9,500,0.95,calibrated,1.9975,1.890560038879079,source_q_only
N6.9_D0500_Q1.0,6.9,500,1.0,calibrated,2.1285,2.0000164066234194,source_q_only
N6.9_D1000_Q0.05,6.9,1000,0.05,calibrated,0.5,-0.12432089005706937,source_q_only
N6.9_D1000_Q0.1,6.9,1000,0.1,calibrated,0.5,-0.014428048143850347,source_q_only
N6.9_D1000_Q0.2,6.9,1000,0.2,calibrated,0.5,0.205339017769107,source_q_only
N6.9_D1000_Q0.3,6.9,1000,0.3,calibrated,0.6085,0.425078613337186,source_q_only
N6.9_D1000_Q0.4,6.9,1000,0.4,calibrated,0.8559,0.6447867530746008,source_q_only
N6.9_D1000_Q0.5,6.9,1000,0.5,calibrated,1.0114,0.8644581000220373,source_q_only
N6.9_D1000_Q0.6,6.9,1000,0.6,calibrated,1.2482,1.0840851341600495,source_q_only
N6.9_D1000_Q0.7,6.9,1000,0.7,calibrated,1.4349,1.3036564543409144,source_q_only
N6.9_D1000_Q0.8,6.9,1000,0.8,calibrated,1.6614,1.5231526583970516,source_q_only
N6.9_D1000_Q0.9,6.9,1000,0.9,calibrated,1.837,1.7425327554438446,source_q_only
N6.9_D1000_Q0.95,6.9,1000,0.95,calibrated,1.9432,1.8521455197452796,source_q_only
N6.9_D1000_Q1.0,6.9,1000,1.0,calibrated,2.0548,1.96160188748962,source_q_only
N6.9_D2000_Q0.05,6.9,2000,0.05,calibrated,0.5,-0.15596141566432875,source_q_only
N6.9_D2000_Q0.1,6.9,2000,0.1,calibrated,0.5,-0.04606857375110973,source_q_only
N6.9_D2000_Q0.2,6.9,2000,0.2,calibrated,0.5,0.17369849216184763,source_q_only
N6.9_D2000_Q0.3,6.9,2000,0.3,calibrated,0.6165,0.3934380877299266,source_q_only
N6.9_D2000_Q0.4,6.9,2000,0.4,calibrated,0.8294,0.6131462274673414,source_q_only
N6.9_D2000_Q0.5,6.9,2000,0.5,calibrated,1.005,0.8328175744147779,source_q_only
N6.9_D2000_Q0.6,6.9,2000,0.6,calibrated,1.2332,1.05244460855279,source_q_only
N6.9_D2000_Q0.7,6.9,2000,0.7,calibrated,1.4283,1.272015928733655,source_q_only
N6.9_D2000_Q0.8,6.9,2000,0.8,calibrated,1.651,1.4915121327897922,source_q_only
N6.9_D2000_Q0.9,6.9,2000,0.9,calibrated,1.8064,1.7108922298365852,source_q_only
N6.9_D2000_Q0.95,6.9,2000,0.95,calibrated,1.9399,1.8205049941380202,source_q_only
N6.9_D2000_Q1.0,6.9,2000,1.0,calibrated,1.9935,1.9299613618823606,source_q_only
N12_D0005_Q0.05,12.0,5,0.05,calibrated,0.5,0.4339972691579215,source_q_only
N12_D0005_Q0.1,12.0,5,0.1,calibrated,0.5,0.5450004499291055,source_q_only
N12_D0005_Q0.2,12.0,5,0.2,calibrated,0.5,0.7669897906830703,source_q_only
N12_D0005_Q0.3,12.0,5,0.3,calibrated,0.7234,0.9889540176170559,source_q_only
N12_D0005_Q0.4,12.0,5,0.4,calibrated,1.0113,1.2108894871374716,source_q_only
N12_D0005_Q0.5,12.0,5,0.5,calibrated,1.2841,1.432791320112437,source_q_only
N12_D0005_Q0.6,12.0,5,0.6,calibrated,1.5682,1.6546526416222729,source_q_only
N12_D0005_Q0.7,12.0,5,0.7,calibrated,1.7793,1.8764630285589794,source_q_only
N12_D0005_Q0.8,12.0,5,0.8,calibrated,2.0752,2.098204743156759,source_q_only
N12_D0005_Q0.9,12.0,5,0.9,calibrated,2.3423,2.319840310906225,source_q_only
N12_D0005_Q0.95,12.0,5,0.95,calibrated,2.4625,2.4305874403335475,source_q_only
N12_D0005_Q1.0,12.0,5,1.0,calibrated,2.701,2.5411915895763273,source_q_only
N12_D0020_Q0.05,12.0,20,0.05,calibrated,0.5,0.1797854890042787,source_q_only
N12_D0020_Q0.1,12.0,20,0.1,calibrated,0.5,0.2907886697754627,source_q_only
N12_D0020_Q0.2,12.0,20,0.2,calibrated,0.5,0.5127780105294275,source_q_only
N12_D0020_Q0.3,12.0,20,0.3,calibrated,0.6648,0.7347422374634132,source_q_only
N12_D0020_Q0.4,12.0,20,0.4,calibrated,0.9074,0.9566777069838288,source_q_only
N12_D0020_Q0.5,12.0,20,0.5,calibrated,1.1529,1.1785795399587942,source_q_only
N12_D0020_Q0.6,12.0,20,0.6,calibrated,1.4022,1.4004408614686301,source_q_only
N12_D0020_Q0.7,12.0,20,0.7,calibrated,1.6378,1.6222512484053366,source_q_only
N12_D0020_Q0.8,12.0,20,0.8,calibrated,1.9488,1.8439929630031164,source_q_only
N12_D0020_Q0.9,12.0,20,0.9,calibrated,2.1859,2.065628530752582,source_q_only
N12_D0020_Q0.95,12.0,20,0.95,calibrated,2.2362,2.1763756601799047,source_q_only
N12_D0020_Q1.0,12.0,20,1.0,calibrated,2.3472,2.2869798094226845,source_q_only
N12_D0050_Q0.05,12.0,50,0.05,calibrated,0.5,0.05847364805164457,source_q_only
N12_D0050_Q0.1,12.0,50,0.1,calibrated,0.5,0.16947682882282855,source_q_only
N12_D0050_Q0.2,12.0,50,0.2,calibrated,0.5,0.39146616957679337,source_q_only
N12_D0050_Q0.3,12.0,50,0.3,calibrated,0.6406,0.613430396510779,source_q_only
N12_D0050_Q0.4,12.0,50,0.4,calibrated,0.8712,0.8353658660311947,source_q_only
N12_D0050_Q0.5,12.0,50,0.5,calibrated,1.1272,1.05726769900616,source_q_only
N12_D0050_Q0.6,12.0,50,0.6,calibrated,1.3567,1.279129020515996,source_q_only
N12_D0050_Q0.7,12.0,50,0.7,calibrated,1.542,1.5009394074527025,source_q_only
N12_D0050_Q0.8,12.0,50,0.8,calibrated,1.7878,1.7226811220504823,source_q_only
N12_D0050_Q0.9,12.0,50,0.9,calibrated,2.0117,1.944316689799948,source_q_only
N12_D0050_Q0.95,12.0,50,0.95,calibrated,2.1497,2.0550638192272705,source_q_only
N12_D0050_Q1.0,12.0,50,1.0,calibrated,2.2387,2.1656679684700504,source_q_only
N12_D0100_Q0.05,12.0,100,0.05,calibrated,0.5,-0.014703171440336948,source_q_only
N12_D0100_Q0.1,12.0,100,0.1,calibrated,0.5,0.09630000933084704,source_q_only
N12_D0100_Q0.2,12.0,100,0.2,calibrated,0.5,0.31828935008481185,source_q_only
N12_D0100_Q0.3,12.0,100,0.3,calibrated,0.6166,0.5402535770187975,source_q_only
N12_D0100_Q0.4,12.0,100,0.4,calibrated,0.8496,0.7621890465392132,source_q_only
N12_D0100_Q0.5,12.0,100,0.5,calibrated,1.0745,0.9840908795141785,source_q_only
N12_D0100_Q0.6,12.0,100,0.6,calibrated,1.3174,1.2059522010240145,source_q_only
N12_D0100_Q0.7,12.0,100,0.7,calibrated,1.5083,1.427762587960721,source_q_only
N12_D0100_Q0.8,12.0,100,0.8,calibrated,1.762,1.6495043025585008,source_q_only
N12_D0100_Q0.9,12.0,100,0.9,calibrated,1.9734,1.8711398703079665,source_q_only
N12_D0100_Q0.95,12.0,100,0.95,calibrated,2.0303,1.9818869997352893,source_q_only
N12_D0100_Q1.0,12.0,100,1.0,calibrated,2.2111,2.092491148978069,source_q_only
N12_D0150_Q0.05,12.0,150,0.05,calibrated,0.5,-0.05137105576460854,source_q_only
N12_D0150_Q0.1,12.0,150,0.1,calibrated,0.5,0.05963212500657544,source_q_only
N12_D0150_Q0.2,12.0,150,0.2,calibrated,0.5,0.28162146576054026,source_q_only
N12_D0150_Q0.3,12.0,150,0.3,calibrated,0.5971,0.5035856926945259,source_q_only
N12_D0150_Q0.4,12.0,150,0.4,calibrated,0.8028,0.7255211622149416,source_q_only
N12_D0150_Q0.5,12.0,150,0.5,calibrated,1.04,0.9474229951899069,source_q_only
N12_D0150_Q0.6,12.0,150,0.6,calibrated,1.2578,1.1692843166997429,source_q_only
N12_D0150_Q0.7,12.0,150,0.7,calibrated,1.4982,1.3910947036364494,source_q_only
N12_D0150_Q0.8,12.0,150,0.8,calibrated,1.6931,1.6128364182342292,source_q_only
N12_D0150_Q0.9,12.0,150,0.9,calibrated,2.013,1.8344719859836949,source_q_only
N12_D0150_Q0.95,12.0,150,0.95,calibrated,2.0249,1.9452191154110177,source_q_only
N12_D0150_Q1.0,12.0,150,1.0,calibrated,2.0668,2.0558232646537973,source_q_only
N12_D0300_Q0.05,12.0,300,0.05,calibrated,0.5,-0.10517792531697712,source_q_only
N12_D0300_Q0.1,12.0,300,0.1,calibrated,0.5,0.005825255454206868,source_q_only
N12_D0300_Q0.2,12.0,300,0.2,calibrated,0.5,0.22781459620817168,source_q_only
N12_D0300_Q0.3,12.0,300,0.3,calibrated,0.5782,0.44977882314215734,source_q_only
N12_D0300_Q0.4,12.0,300,0.4,calibrated,0.7936,0.671714292662573,source_q_only
N12_D0300_Q0.5,12.0,300,0.5,calibrated,0.9871,0.8936161256375383,source_q_only
N12_D0300_Q0.6,12.0,300,0.6,calibrated,1.2252,1.1154774471473743,source_q_only
N12_D0300_Q0.7,12.0,300,0.7,calibrated,1.4255,1.3372878340840808,source_q_only
N12_D0300_Q0.8,12.0,300,0.8,calibrated,1.6725,1.5590295486818606,source_q_only
N12_D0300_Q0.9,12.0,300,0.9,calibrated,1.8741,1.7806651164313263,source_q_only
N12_D0300_Q0.95,12.0,300,0.95,calibrated,1.9887,1.891412245858649,source_q_only
N12_D0300_Q1.0,12.0,300,1.0,calibrated,2.0381,2.0020163951014287,source_q_only
N12_D0500_Q0.05,12.0,500,0.05,calibrated,0.5,-0.1386592613632196,source_q_only
N12_D0500_Q0.1,12.0,500,0.1,calibrated,0.5,-0.027656080592035615,source_q_only
N12_D0500_Q0.2,12.0,500,0.2,calibrated,0.5,0.1943332601619292,source_q_only
N12_D0500_Q0.3,12.0,500,0.3,calibrated,0.558,0.41629748709591485,source_q_only
N12_D0500_Q0.4,12.0,500,0.4,calibrated,0.7966,0.6382329566163305,source_q_only
N12_D0500_Q0.5,12.0,500,0.5,calibrated,0.9859,0.8601347895912959,source_q_only
N12_D0500_Q0.6,12.0,500,0.6,calibrated,1.2293,1.0819961111011318,source_q_only
N12_D0500_Q0.7,12.0,500,0.7,calibrated,1.4001,1.3038064980378383,source_q_only
N12_D0500_Q0.8,12.0,500,0.8,calibrated,1.6431,1.5255482126356181,source_q_only
N12_D0500_Q0.9,12.0,500,0.9,calibrated,1.8108,1.7471837803850838,source_q_only
N12_D0500_Q0.95,12.0,500,0.95,calibrated,1.9414,1.8579309098124066,source_q_only
N12_D0500_Q1.0,12.0,500,1.0,calibrated,2.0759,1.9685350590551862,source_q_only
N12_D1000_Q0.05,12.0,1000,0.05,calibrated,0.5,-0.1770737804970186,source_q_only
N12_D1000_Q0.1,12.0,1000,0.1,calibrated,0.5,-0.06607059972583462,source_q_only
N12_D1000_Q0.2,12.0,1000,0.2,calibrated,0.5,0.1559187410281302,source_q_only
N12_D1000_Q0.3,12.0,1000,0.3,calibrated,0.544,0.37788296796211585,source_q_only
N12_D1000_Q0.4,12.0,1000,0.4,calibrated,0.7804,0.5998184374825315,source_q_only
N12_D1000_Q0.5,12.0,1000,0.5,calibrated,0.9814,0.8217202704574968,source_q_only
N12_D1000_Q0.6,12.0,1000,0.6,calibrated,1.193,1.0435815919673328,source_q_only
N12_D1000_Q0.7,12.0,1000,0.7,calibrated,1.4183,1.2653919789040393,source_q_only
N12_D1000_Q0.8,12.0,1000,0.8,calibrated,1.5722,1.4871336935018191,source_q_only
N12_D1000_Q0.9,12.0,1000,0.9,calibrated,1.826,1.7087692612512848,source_q_only
N12_D1000_Q0.95,12.0,1000,0.95,calibrated,1.9075,1.8195163906786076,source_q_only
N12_D1000_Q1.0,12.0,1000,1.0,calibrated,2.0468,1.9301205399213872,source_q_only
N12_D2000_Q0.05,12.0,2000,0.05,calibrated,0.5,-0.208714306104278,source_q_only
N12_D2000_Q0.1,12.0,2000,0.1,calibrated,0.5,-0.097711125333094,source_q_only
N12_D2000_Q0.2,12.0,2000,0.2,calibrated,0.5,0.12427821542087081,source_q_only
N12_D2000_Q0.3,12.0,2000,0.3,calibrated,0.5484,0.34624244235485646,source_q_only
N12_D2000_Q0.4,12.0,2000,0.4,calibrated,0.7469,0.5681779118752721,source_q_only
N12_D2000_Q0.5,12.0,2000,0.5,calibrated,0.9661,0.7900797448502375,source_q_only
N12_D2000_Q0.6,12.0,2000,0.6,calibrated,1.1885,1.0119410663600734,source_q_only
N12_D2000_Q0.7,12.0,2000,0.7,calibrated,1.3664,1.23375145329678,source_q_only
N12_D2000_Q0.8,12.0,2000,0.8,calibrated,1.6065,1.4554931678945597,source_q_only
N12_D2000_Q0.9,12.0,2000,0.9,calibrated,1.7583,1.6771287356440254,source_q_only
N12_D2000_Q0.95,12.0,2000,0.95,calibrated,1.9375,1.7878758650713482,source_q_only
N12_D2000_Q1.0,12.0,2000,1.0,calibrated,1.9695,1.8984800143141278,source_q_only
N20_D0005_Q0.05,20.0,5,0.05,extrapolated,0.5,0.39173906880443976,source_q_only
N20_D0005_Q0.1,20.0,5,0.1,extrapolated,0.5,0.5036824611897344,source_q_only
N20_D0005_Q0.2,20.0,5,0.2,extrapolated,0.5,0.7275535775838775,source_q_only
N20_D0005_Q0.3,20.0,5,0.3,extrapolated,0.6738,0.9514015756138106,source_q_only
N20_D0005_Q0.4,20.0,5,0.4,extrapolated,0.9583,1.175223101193068,source_q_only
N20_D0005_Q0.5,20.0,5,0.5,extrapolated,1.2067,1.399013662868422,source_q_only
N20_D0005_Q0.6,20.0,5,0.6,extrapolated,1.5155,1.6227669319771205,source_q_only
N20_D0005_Q0.7,20.0,5,0.7,extrapolated,1.7701,1.8464733135946494,source_q_only
N20_D0005_Q0.8,20.0,5,0.8,extrapolated,2.0429,2.0701164793356694,source_q_only
N20_D0005_Q0.9,20.0,5,0.9,extrapolated,2.3981,2.293661932283449,source_q_only
N20_D0005_Q0.95,20.0,5,0.95,extrapolated,2.5077,2.4053696182637117,source_q_only
N20_D0005_Q1.0,20.0,5,1.0,extrapolated,2.5772,2.516945684761799,source_q_only
N20_D0020_Q0.05,20.0,20,0.05,extrapolated,0.5,0.13752728865079655,source_q_only
N20_D0020_Q0.1,20.0,20,0.1,extrapolated,0.5,0.24947068103609116,source_q_only
N20_D0020_Q0.2,20.0,20,0.2,extrapolated,0.5,0.4733417974302343,source_q_only
N20_D0020_Q0.3,20.0,20,0.3,extrapolated,0.5948,0.6971897954601673,source_q_only
N20_D0020_Q0.4,20.0,20,0.4,extrapolated,0.8354,0.9210113210394253,source_q_only
N20_D0020_Q0.5,20.0,20,0.5,extrapolated,1.0991,1.1448018827147788,source_q_only
N20_D0020_Q0.6,20.0,20,0.6,extrapolated,1.3714,1.3685551518234773,source_q_only
N20_D0020_Q0.7,20.0,20,0.7,extrapolated,1.6057,1.5922615334410062,source_q_only
N20_D0020_Q0.8,20.0,20,0.8,extrapolated,1.8837,1.8159046991820262,source_q_only
N20_D0020_Q0.9,20.0,20,0.9,extrapolated,2.0254,2.0394501521298056,source_q_only
N20_D0020_Q0.95,20.0,20,0.95,extrapolated,2.2272,2.151157838110069,source_q_only
N20_D0020_Q1.0,20.0,20,1.0,extrapolated,2.3884,2.262733904608156,source_q_only
N20_D0050_Q0.05,20.0,50,0.05,extrapolated,0.5,0.016215447698162855,source_q_only
N20_D0050_Q0.1,20.0,50,0.1,extrapolated,0.5,0.12815884008345746,source_q_only
N20_D0050_Q0.2,20.0,50,0.2,extrapolated,0.5,0.3520299564776006,source_q_only
N20_D0050_Q0.3,20.0,50,0.3,extrapolated,0.5672,0.5758779545075337,source_q_only
N20_D0050_Q0.4,20.0,50,0.4,extrapolated,0.8172,0.7996994800867911,source_q_only
N20_D0050_Q0.5,20.0,50,0.5,extrapolated,1.0322,1.023490041762145,source_q_only
N20_D0050_Q0.6,20.0,50,0.6,extrapolated,1.2838,1.2472433108708436,source_q_only
N20_D0050_Q0.7,20.0,50,0.7,extrapolated,1.5601,1.4709496924883725,source_q_only
N20_D0050_Q0.8,20.0,50,0.8,extrapolated,1.8085,1.6945928582293925,source_q_only
N20_D0050_Q0.9,20.0,50,0.9,extrapolated,2.0156,1.918138311177172,source_q_only
N20_D0050_Q0.95,20.0,50,0.95,extrapolated,2.0825,2.0298459971574347,source_q_only
N20_D0050_Q1.0,20.0,50,1.0,extrapolated,2.2835,2.141422063655522,source_q_only
N20_D0100_Q0.05,20.0,100,0.05,extrapolated,0.5,-0.056961371793819104,source_q_only
N20_D0100_Q0.1,20.0,100,0.1,extrapolated,0.5,0.0549820205914755,source_q_only
N20_D0100_Q0.2,20.0,100,0.2,extrapolated,0.5,0.27885313698561864,source_q_only
N20_D0100_Q0.3,20.0,100,0.3,extrapolated,0.5564,0.5027011350155517,source_q_only
N20_D0100_Q0.4,20.0,100,0.4,extrapolated,0.793,0.7265226605948092,source_q_only
N20_D0100_Q0.5,20.0,100,0.5,extrapolated,0.9903,0.9503132222701631,source_q_only
N20_D0100_Q0.6,20.0,100,0.6,extrapolated,1.2411,1.1740664913788617,source_q_only
N20_D0100_Q0.7,20.0,100,0.7,extrapolated,1.4352,1.3977728729963905,source_q_only
N20_D0100_Q0.8,20.0,100,0.8,extrapolated,1.7346,1.6214160387374106,source_q_only
N20_D0100_Q0.9,20.0,100,0.9,extrapolated,1.9249,1.84496149168519,source_q_only
N20_D0100_Q0.95,20.0,100,0.95,extrapolated,2.0146,1.956669177665453,source_q_only
N20_D0100_Q1.0,20.0,100,1.0,extrapolated,2.1626,2.06824524416354,source_q_only
N20_D0150_Q0.05,20.0,150,0.05,extrapolated,0.5,-0.0936292561180907,source_q_only
N20_D0150_Q0.1,20.0,150,0.1,extrapolated,0.5,0.018314136267203907,source_q_only
N20_D0150_Q0.2,20.0,150,0.2,extrapolated,0.5,0.24218525266134705,source_q_only
N20_D0150_Q0.3,20.0,150,0.3,extrapolated,0.5609,0.4660332506912801,source_q_only
N20_D0150_Q0.4,20.0,150,0.4,extrapolated,0.7726,0.689854776270538,source_q_only
N20_D0150_Q0.5,20.0,150,0.5,extrapolated,1.0014,0.9136453379458915,source_q_only
N20_D0150_Q0.6,20.0,150,0.6,extrapolated,1.2131,1.13739860705459,source_q_only
N20_D0150_Q0.7,20.0,150,0.7,extrapolated,1.4349,1.361104988672119,source_q_only
N20_D0150_Q0.8,20.0,150,0.8,extrapolated,1.6867,1.584748154413139,source_q_only
N20_D0150_Q0.9,20.0,150,0.9,extrapolated,1.9415,1.8082936073609184,source_q_only
N20_D0150_Q0.95,20.0,150,0.95,extrapolated,1.9787,1.9200012933411814,source_q_only
N20_D0150_Q1.0,20.0,150,1.0,extrapolated,2.202,2.0315773598392686,source_q_only
N20_D0300_Q0.05,20.0,300,0.05,extrapolated,0.5,-0.14743612567045927,source_q_only
N20_D0300_Q0.1,20.0,300,0.1,extrapolated,0.5,-0.03549273328516467,source_q_only
N20_D0300_Q0.2,20.0,300,0.2,extrapolated,0.5,0.18837838310897848,source_q_only
N20_D0300_Q0.3,20.0,300,0.3,extrapolated,0.5245,0.4122263811389115,source_q_only
N20_D0300_Q0.4,20.0,300,0.4,extrapolated,0.7862,0.6360479067181695,source_q_only
N20_D0300_Q0.5,20.0,300,0.5,extrapolated,0.9918,0.859838468393523,source_q_only
N20_D0300_Q0.6,20.0,300,0.6,extrapolated,1.1855,1.0835917375022215,source_q_only
N20_D0300_Q0.7,20.0,300,0.7,extrapolated,1.4233,1.3072981191197504,source_q_only
N20_D0300_Q0.8,20.0,300,0.8,extrapolated,1.616,1.5309412848607704,source_q_only
N20_D0300_Q0.9,20.0,300,0.9,extrapolated,1.8103,1.7544867378085498,source_q_only
N20_D0300_Q0.95,20.0,300,0.95,extrapolated,1.931,1.8661944237888128,source_q_only
N20_D0300_Q1.0,20.0,300,1.0,extrapolated,2.0706,1.9777704902869,source_q_only
N20_D0500_Q0.05,20.0,500,0.05,extrapolated,0.5,-0.1809174617167013,source_q_only
N20_D0500_Q0.1,20.0,500,0.1,extrapolated,0.5,-0.0689740693314067,source_q_only
N20_D0500_Q0.2,20.0,500,0.2,extrapolated,0.5,0.15489704706273644,source_q_only
N20_D0500_Q0.3,20.0,500,0.3,extrapolated,0.5267,0.3787450450926695,source_q_only
N20_D0500_Q0.4,20.0,500,0.4,extrapolated,0.7311,0.602566570671927,source_q_only
N20_D0500_Q0.5,20.0,500,0.5,extrapolated,0.9588,0.8263571323472809,source_q_only
N20_D0500_Q0.6,20.0,500,0.6,extrapolated,1.1533,1.0501104014559794,source_q_only
N20_D0500_Q0.7,20.0,500,0.7,extrapolated,1.3975,1.2738167830735083,source_q_only
N20_D0500_Q0.8,20.0,500,0.8,extrapolated,1.5833,1.4974599488145284,source_q_only
N20_D0500_Q0.9,20.0,500,0.9,extrapolated,1.8347,1.7210054017623078,source_q_only
N20_D0500_Q0.95,20.0,500,0.95,extrapolated,1.9382,1.8327130877425708,source_q_only
N20_D0500_Q1.0,20.0,500,1.0,extrapolated,2.0683,1.944289154240658,source_q_only
N20_D1000_Q0.05,20.0,1000,0.05,extrapolated,0.5,-0.21933198085050076,source_q_only
N20_D1000_Q0.1,20.0,1000,0.1,extrapolated,0.5,-0.10738858846520571,source_q_only
N20_D1000_Q0.2,20.0,1000,0.2,extrapolated,0.5,0.11648252792893699,source_q_only
N20_D1000_Q0.3,20.0,1000,0.3,extrapolated,0.5122,0.34033052595887003,source_q_only
N20_D1000_Q0.4,20.0,1000,0.4,extrapolated,0.7145,0.564152051538128,source_q_only
N20_D1000_Q0.5,20.0,1000,0.5,extrapolated,0.9421,0.7879426132134819,source_q_only
N20_D1000_Q0.6,20.0,1000,0.6,extrapolated,1.156,1.01169588232218,source_q_only
N20_D1000_Q0.7,20.0,1000,0.7,extrapolated,1.3503,1.2354022639397093,source_q_only
N20_D1000_Q0.8,20.0,1000,0.8,extrapolated,1.5928,1.459045429680729,source_q_only
N20_D1000_Q0.9,20.0,1000,0.9,extrapolated,1.8254,1.6825908826285088,source_q_only
N20_D1000_Q0.95,20.0,1000,0.95,extrapolated,1.8833,1.7942985686087713,source_q_only
N20_D1000_Q1.0,20.0,1000,1.0,extrapolated,1.9818,1.9058746351068587,source_q_only
N20_D2000_Q0.05,20.0,2000,0.05,extrapolated,0.5,-0.25097250645776015,source_q_only
N20_D2000_Q0.1,20.0,2000,0.1,extrapolated,0.5,-0.1390291140724651,source_q_only
N20_D2000_Q0.2,20.0,2000,0.2,extrapolated,0.5,0.0848420023216776,source_q_only
N20_D2000_Q0.3,20.0,2000,0.3,extrapolated,0.5,0.30869000035161065,source_q_only
N20_D2000_Q0.4,20.0,2000,0.4,extrapolated,0.7172,0.5325115259308686,source_q_only
N20_D2000_Q0.5,20.0,2000,0.5,extrapolated,0.9179,0.7563020876062225,source_q_only
N20_D2000_Q0.6,20.0,2000,0.6,extrapolated,1.1399,0.9800553567149206,source_q_only
N20_D2000_Q0.7,20.0,2000,0.7,extrapolated,1.352,1.20376173833245,source_q_only
N20_D2000_Q0.8,20.0,2000,0.8,extrapolated,1.5389,1.4274049040734695,source_q_only
N20_D2000_Q0.9,20.0,2000,0.9,extrapolated,1.7931,1.6509503570212494,source_q_only
N20_D2000_Q0.95,20.0,2000,0.95,extrapolated,1.8594,1.7626580430015122,source_q_only
N20_D2000_Q1.0,20.0,2000,1.0,extrapolated,1.9584,1.8742341094995993,source_q_only
N40_D0005_Q0.05,40.0,5,0.05,extrapolated,0.5,0.3427255404858447,source_q_only
N40_D0005_Q0.1,40.0,5,0.1,extrapolated,0.5,0.455826404827953,source_q_only
N40_D0005_Q0.2,40.0,5,0.2,extrapolated,0.5,0.6820141300576306,source_q_only
N40_D0005_Q0.3,40.0,5,0.3,extrapolated,0.5852,0.9081811934808122,source_q_only
N40_D0005_Q0.4,40.0,5,0.4,extrapolated,0.867,1.1343245974163083,source_q_only
N40_D0005_Q0.5,40.0,5,0.5,extrapolated,1.1797,1.3604403276727761,source_q_only
N40_D0005_Q0.6,40.0,5,0.6,extrapolated,1.4673,1.5865227280712586,source_q_only
N40_D0005_Q0.7,40.0,5,0.7,extrapolated,1.664,1.8125632232440592,source_q_only
N40_D0005_Q0.8,40.0,5,0.8,extrapolated,2.0255,2.038547219860299,source_q_only
N40_D0005_Q0.9,40.0,5,0.9,extrapolated,2.2617,2.264443886646117,source_q_only
N40_D0005_Q0.95,40.0,5,0.95,extrapolated,2.4282,2.377334090749189,source_q_only
N40_D0005_Q1.0,40.0,5,1.0,extrapolated,2.5961,2.4901066612581584,source_q_only
N40_D0020_Q0.05,40.0,20,0.05,extrapolated,0.5,0.08851376033220149,source_q_only
N40_D0020_Q0.1,40.0,20,0.1,extrapolated,0.5,0.2016146246743098,source_q_only
N40_D0020_Q0.2,40.0,20,0.2,extrapolated,0.5,0.42780234990398736,source_q_only
N40_D0020_Q0.3,40.0,20,0.3,extrapolated,0.5362,0.653969413327169,source_q_only
N40_D0020_Q0.4,40.0,20,0.4,extrapolated,0.7886,0.8801128172626651,source_q_only
N40_D0020_Q0.5,40.0,20,0.5,extrapolated,1.0198,1.106228547519133,source_q_only
N40_D0020_Q0.6,40.0,20,0.6,extrapolated,1.3092,1.3323109479176154,source_q_only
N40_D0020_Q0.7,40.0,20,0.7,extrapolated,1.562,1.558351443090416,source_q_only
N40_D0020_Q0.8,40.0,20,0.8,extrapolated,1.7885,1.784335439706656,source_q_only
N40_D0020_Q0.9,40.0,20,0.9,extrapolated,2.0261,2.0102321064924737,source_q_only
N40_D0020_Q0.95,40.0,20,0.95,extrapolated,2.1982,2.123122310595546,source_q_only
N40_D0020_Q1.0,40.0,20,1.0,extrapolated,2.3679,2.235894881104515,source_q_only
N40_D0050_Q0.05,40.0,50,0.05,extrapolated,0.5,-0.03279808062043221,source_q_only
N40_D0050_Q0.1,40.0,50,0.1,extrapolated,0.5,0.0803027837216761,source_q_only
N40_D0050_Q0.2,40.0,50,0.2,extrapolated,0.5,0.30649050895135366,source_q_only
N40_D0050_Q0.3,40.0,50,0.3,extrapolated,0.5011,0.5326575723745353,source_q_only
N40_D0050_Q0.4,40.0,50,0.4,extrapolated,0.7348,0.7588009763100314,source_q_only
N40_D0050_Q0.5,40.0,50,0.5,extrapolated,1.0179,0.9849167065664992,source_q_only
N40_D0050_Q0.6,40.0,50,0.6,extrapolated,1.2307,1.2109991069649817,source_q_only
N40_D0050_Q0.7,40.0,50,0.7,extrapolated,1.4863,1.4370396021377823,source_q_only
N40_D0050_Q0.8,40.0,50,0.8,extrapolated,1.6999,1.6630235987540223,source_q_only
N40_D0050_Q0.9,40.0,50,0.9,extrapolated,1.9707,1.88892026553984,source_q_only
N40_D0050_Q0.95,40.0,50,0.95,extrapolated,2.0827,2.001810469642912,source_q_only
N40_D0050_Q1.0,40.0,50,1.0,extrapolated,2.262,2.1145830401518815,source_q_only
N40_D0100_Q0.05,40.0,100,0.05,extrapolated,0.5,-0.10597490011241417,source_q_only
N40_D0100_Q0.1,40.0,100,0.1,extrapolated,0.5,0.007125964229694137,source_q_only
N40_D0100_Q0.2,40.0,100,0.2,extrapolated,0.5,0.2333136894593717,source_q_only
N40_D0100_Q0.3,40.0,100,0.3,extrapolated,0.5,0.4594807528825533,source_q_only
N40_D0100_Q0.4,40.0,100,0.4,extrapolated,0.7481,0.6856241568180494,source_q_only
N40_D0100_Q0.5,40.0,100,0.5,extrapolated,0.9344,0.9117398870745173,source_q_only
N40_D0100_Q0.6,40.0,100,0.6,extrapolated,1.1814,1.1378222874729997,source_q_only
N40_D0100_Q0.7,40.0,100,0.7,extrapolated,1.417,1.3638627826458003,source_q_only
N40_D0100_Q0.8,40.0,100,0.8,extrapolated,1.6703,1.5898467792620403,source_q_only
N40_D0100_Q0.9,40.0,100,0.9,extrapolated,1.9207,1.815743446047858,source_q_only
N40_D0100_Q0.95,40.0,100,0.95,extrapolated,2.0172,1.9286336501509302,source_q_only
N40_D0100_Q1.0,40.0,100,1.0,extrapolated,2.1214,2.0414062206598995,source_q_only
N40_D0150_Q0.05,40.0,150,0.05,extrapolated,0.5,-0.14264278443668577,source_q_only
N40_D0150_Q0.1,40.0,150,0.1,extrapolated,0.5,-0.029541920094577456,source_q_only
N40_D0150_Q0.2,40.0,150,0.2,extrapolated,0.5,0.1966458051351001,source_q_only
N40_D0150_Q0.3,40.0,150,0.3,extrapolated,0.5,0.4228128685582817,source_q_only
N40_D0150_Q0.4,40.0,150,0.4,extrapolated,0.7164,0.6489562724937779,source_q_only
N40_D0150_Q0.5,40.0,150,0.5,extrapolated,0.9445,0.8750720027502457,source_q_only
N40_D0150_Q0.6,40.0,150,0.6,extrapolated,1.2004,1.1011544031487281,source_q_only
N40_D0150_Q0.7,40.0,150,0.7,extrapolated,1.4026,1.3271948983215287,source_q_only
N40_D0150_Q0.8,40.0,150,0.8,extrapolated,1.6463,1.5531788949377687,source_q_only
N40_D0150_Q0.9,40.0,150,0.9,extrapolated,1.8339,1.7790755617235865,source_q_only
N40_D0150_Q0.95,40.0,150,0.95,extrapolated,1.9979,1.8919657658266587,source_q_only
N40_D0150_Q1.0,40.0,150,1.0,extrapolated,2.0917,2.004738336335628,source_q_only
N40_D0300_Q0.05,40.0,300,0.05,extrapolated,0.5,-0.19644965398905434,source_q_only
N40_D0300_Q0.1,40.0,300,0.1,extrapolated,0.5,-0.08334878964694603,source_q_only
N40_D0300_Q0.2,40.0,300,0.2,extrapolated,0.5,0.14283893558273153,source_q_only
N40_D0300_Q0.3,40.0,300,0.3,extrapolated,0.5,0.36900599900591313,source_q_only
N40_D0300_Q0.4,40.0,300,0.4,extrapolated,0.6864,0.5951494029414093,source_q_only
N40_D0300_Q0.5,40.0,300,0.5,extrapolated,0.9212,0.8212651331978771,source_q_only
N40_D0300_Q0.6,40.0,300,0.6,extrapolated,1.1336,1.0473475335963596,source_q_only
N40_D0300_Q0.7,40.0,300,0.7,extrapolated,1.3816,1.2733880287691601,source_q_only
N40_D0300_Q0.8,40.0,300,0.8,extrapolated,1.5375,1.4993720253854002,source_q_only
N40_D0300_Q0.9,40.0,300,0.9,extrapolated,1.8101,1.725268692171218,source_q_only
N40_D0300_Q0.95,40.0,300,0.95,extrapolated,1.9054,1.83815889627429,source_q_only
N40_D0300_Q1.0,40.0,300,1.0,extrapolated,2.0147,1.9509314667832593,source_q_only
N40_D0500_Q0.05,40.0,500,0.05,extrapolated,0.5,-0.22993099003529638,source_q_only
N40_D0500_Q0.1,40.0,500,0.1,extrapolated,0.5,-0.11683012569318807,source_q_only
N40_D0500_Q0.2,40.0,500,0.2,extrapolated,0.5,0.10935759953648949,source_q_only
N40_D0500_Q0.3,40.0,500,0.3,extrapolated,0.5,0.3355246629596711,source_q_only
N40_D0500_Q0.4,40.0,500,0.4,extrapolated,0.7035,0.5616680668951672,source_q_only
N40_D0500_Q0.5,40.0,500,0.5,extrapolated,0.8866,0.787783797151635,source_q_only
N40_D0500_Q0.6,40.0,500,0.6,extrapolated,1.1238,1.0138661975501175,source_q_only
N40_D0500_Q0.7,40.0,500,0.7,extrapolated,1.351,1.239906692722918,source_q_only
N40_D0500_Q0.8,40.0,500,0.8,extrapolated,1.5771,1.4658906893391581,source_q_only
N40_D0500_Q0.9,40.0,500,0.9,extrapolated,1.7729,1.6917873561249759,source_q_only
N40_D0500_Q0.95,40.0,500,0.95,extrapolated,1.8226,1.804677560228048,source_q_only
N40_D0500_Q1.0,40.0,500,1.0,extrapolated,2.0298,1.9174501307370173,source_q_only
N40_D1000_Q0.05,40.0,1000,0.05,extrapolated,0.5,-0.26834550916909583,source_q_only
N40_D1000_Q0.1,40.0,1000,0.1,extrapolated,0.5,-0.15524464482698708,source_q_only
N40_D1000_Q0.2,40.0,1000,0.2,extrapolated,0.5,0.07094308040269004,source_q_only
N40_D1000_Q0.3,40.0,1000,0.3,extrapolated,0.5,0.29711014382587164,source_q_only
N40_D1000_Q0.4,40.0,1000,0.4,extrapolated,0.6682,0.5232535477613682,source_q_only
N40_D1000_Q0.5,40.0,1000,0.5,extrapolated,0.8929,0.749369278017836,source_q_only
N40_D1000_Q0.6,40.0,1000,0.6,extrapolated,1.1087,0.9754516784163181,source_q_only
N40_D1000_Q0.7,40.0,1000,0.7,extrapolated,1.3121,1.2014921735891186,source_q_only
N40_D1000_Q0.8,40.0,1000,0.8,extrapolated,1.5165,1.4274761702053587,source_q_only
N40_D1000_Q0.9,40.0,1000,0.9,extrapolated,1.7375,1.6533728369911769,source_q_only
N40_D1000_Q0.95,40.0,1000,0.95,extrapolated,1.8219,1.7662630410942488,source_q_only
N40_D1000_Q1.0,40.0,1000,1.0,extrapolated,1.9394,1.879035611603218,source_q_only
N40_D2000_Q0.05,40.0,2000,0.05,extrapolated,0.5,-0.2999860347763552,source_q_only
N40_D2000_Q0.1,40.0,2000,0.1,extrapolated,0.5,-0.18688517043424646,source_q_only
N40_D2000_Q0.2,40.0,2000,0.2,extrapolated,0.5,0.039302554795430655,source_q_only
N40_D2000_Q0.3,40.0,2000,0.3,extrapolated,0.5,0.26546961821861226,source_q_only
N40_D2000_Q0.4,40.0,2000,0.4,extrapolated,0.6377,0.49161302215410885,source_q_only
N40_D2000_Q0.5,40.0,2000,0.5,extrapolated,0.8589,0.7177287524105767,source_q_only
N40_D2000_Q0.6,40.0,2000,0.6,extrapolated,1.0771,0.9438111528090587,source_q_only
N40_D2000_Q0.7,40.0,2000,0.7,extrapolated,1.3187,1.1698516479818593,source_q_only
N40_D2000_Q0.8,40.0,2000,0.8,extrapolated,1.5044,1.3958356445980997,source_q_only
N40_D2000_Q0.9,40.0,2000,0.9,extrapolated,1.7336,1.6217323113839175,source_q_only
N40_D2000_Q0.95,40.0,2000,0.95,extrapolated,1.7276,1.7346225154869894,source_q_only
N40_D2000_Q1.0,40.0,2000,1.0,extrapolated,1.9275,1.8473950859959587,source_q_only
N70_D0005_Q0.05,70.0,5,0.05,extrapolated,0.5,0.3090557459519343,source_q_only
N70_D0005_Q0.1,70.0,5,0.1,extrapolated,0.5,0.4230007340547144,source_q_only
N70_D0005_Q0.2,70.0,5,0.2,extrapolated,0.5,0.6508779210037399,source_q_only
N70_D0005_Q0.3,70.0,5,0.3,extrapolated,0.5039,0.878736237670223,source_q_only
N70_D0005_Q0.4,70.0,5,0.4,extrapolated,0.8232,1.1065729462930185,source_q_only
N70_D0005_Q0.5,70.0,5,0.5,extrapolated,1.1008,1.3343843807394071,source_q_only
N70_D0005_Q0.6,70.0,5,0.6,extrapolated,1.4166,1.5621653752609317,source_q_only
N70_D0005_Q0.7,70.0,5,0.7,extrapolated,1.6785,1.7899080980345925,source_q_only
N70_D0005_Q0.8,70.0,5,0.8,extrapolated,2.0006,2.0175992210739437,source_q_only
N70_D0005_Q0.9,70.0,5,0.9,extrapolated,2.2782,2.2452105863934273,source_q_only
N70_D0005_Q0.95,70.0,5,0.95,extrapolated,2.4175,2.358963179981628,source_q_only
N70_D0005_Q1.0,70.0,5,1.0,extrapolated,2.6033,2.4726083396357414,source_q_only
N70_D0020_Q0.05,70.0,20,0.05,extrapolated,0.5,0.05484396579829154,source_q_only
N70_D0020_Q0.1,70.0,20,0.1,extrapolated,0.5,0.16878895390107163,source_q_only
N70_D0020_Q0.2,70.0,20,0.2,extrapolated,0.5,0.3966661408500971,source_q_only
N70_D0020_Q0.3,70.0,20,0.3,extrapolated,0.5,0.6245244575165803,source_q_only
N70_D0020_Q0.4,70.0,20,0.4,extrapolated,0.7217,0.8523611661393757,source_q_only
N70_D0020_Q0.5,70.0,20,0.5,extrapolated,0.9839,1.0801726005857644,source_q_only
N70_D0020_Q0.6,70.0,20,0.6,extrapolated,1.2611,1.307953595107289,source_q_only
N70_D0020_Q0.7,70.0,20,0.7,extrapolated,1.5062,1.5356963178809497,source_q_only
N70_D0020_Q0.8,70.0,20,0.8,extrapolated,1.7756,1.763387440920301,source_q_only
N70_D0020_Q0.9,70.0,20,0.9,extrapolated,2.0434,1.9909988062397845,source_q_only
N70_D0020_Q0.95,70.0,20,0.95,extrapolated,2.1901,2.104751399827985,source_q_only
N70_D0020_Q1.0,70.0,20,1.0,extrapolated,2.3369,2.2183965594820987,source_q_only
N70_D0050_Q0.05,70.0,50,0.05,extrapolated,0.5,-0.0664678751543426,source_q_only
N70_D0050_Q0.1,70.0,50,0.1,extrapolated,0.5,0.04747711294843748,source_q_only
N70_D0050_Q0.2,70.0,50,0.2,extrapolated,0.5,0.27535429989746296,source_q_only
N70_D0050_Q0.3,70.0,50,0.3,extrapolated,0.5,0.5032126165639461,source_q_only
N70_D0050_Q0.4,70.0,50,0.4,extrapolated,0.7053,0.7310493251867416,source_q_only
N70_D0050_Q0.5,70.0,50,0.5,extrapolated,0.9448,0.9588607596331302,source_q_only
N70_D0050_Q0.6,70.0,50,0.6,extrapolated,1.1924,1.1866417541546548,source_q_only
N70_D0050_Q0.7,70.0,50,0.7,extrapolated,1.4475,1.4143844769283156,source_q_only
N70_D0050_Q0.8,70.0,50,0.8,extrapolated,1.6973,1.6420755999676668,source_q_only
N70_D0050_Q0.9,70.0,50,0.9,extrapolated,1.9752,1.8696869652871504,source_q_only
N70_D0050_Q0.95,70.0,50,0.95,extrapolated,2.1097,1.9834395588753513,source_q_only
N70_D0050_Q1.0,70.0,50,1.0,extrapolated,2.2162,2.0970847185294645,source_q_only
N70_D0100_Q0.05,70.0,100,0.05,extrapolated,0.5,-0.13964469464632412,source_q_only
N70_D0100_Q0.1,70.0,100,0.1,extrapolated,0.5,-0.025699706543544032,source_q_only
N70_D0100_Q0.2,70.0,100,0.2,extrapolated,0.5,0.20217748040548145,source_q_only
N70_D0100_Q0.3,70.0,100,0.3,extrapolated,0.5,0.4300357970719646,source_q_only
N70_D0100_Q0.4,70.0,100,0.4,extrapolated,0.6765,0.6578725056947601,source_q_only
N70_D0100_Q0.5,70.0,100,0.5,extrapolated,0.9072,0.8856839401411487,source_q_only
N70_D0100_Q0.6,70.0,100,0.6,extrapolated,1.1486,1.1134649346626733,source_q_only
N70_D0100_Q0.7,70.0,100,0.7,extrapolated,1.3726,1.341207657436334,source_q_only
N70_D0100_Q0.8,70.0,100,0.8,extrapolated,1.6395,1.5688987804756853,source_q_only
N70_D0100_Q0.9,70.0,100,0.9,extrapolated,1.905,1.7965101457951689,source_q_only
N70_D0100_Q0.95,70.0,100,0.95,extrapolated,1.9747,1.9102627393833698,source_q_only
N70_D0100_Q1.0,70.0,100,1.0,extrapolated,2.1223,2.023907899037483,source_q_only
N70_D0150_Q0.05,70.0,150,0.05,extrapolated,0.5,-0.1763125789705957,source_q_only
N70_D0150_Q0.1,70.0,150,0.1,extrapolated,0.5,-0.062367590867815625,source_q_only
N70_D0150_Q0.2,70.0,150,0.2,extrapolated,0.5,0.16550959608120985,source_q_only
N70_D0150_Q0.3,70.0,150,0.3,extrapolated,0.5,0.393367912747693,source_q_only
N70_D0150_Q0.4,70.0,150,0.4,extrapolated,0.6507,0.6212046213704885,source_q_only
N70_D0150_Q0.5,70.0,150,0.5,extrapolated,0.8903,0.8490160558168771,source_q_only
N70_D0150_Q0.6,70.0,150,0.6,extrapolated,1.1506,1.0767970503384017,source_q_only
N70_D0150_Q0.7,70.0,150,0.7,extrapolated,1.3601,1.3045397731120625,source_q_only
N70_D0150_Q0.8,70.0,150,0.8,extrapolated,1.5779,1.5322308961514137,source_q_only
N70_D0150_Q0.9,70.0,150,0.9,extrapolated,1.8604,1.7598422614708973,source_q_only
N70_D0150_Q0.95,70.0,150,0.95,extrapolated,1.9377,1.8735948550590982,source_q_only
N70_D0150_Q1.0,70.0,150,1.0,extrapolated,2.0817,1.9872400147132114,source_q_only
N70_D0300_Q0.05,70.0,300,0.05,extrapolated,0.5,-0.2301194485229643,source_q_only
N70_D0300_Q0.1,70.0,300,0.1,extrapolated,0.5,-0.1161744604201842,source_q_only
N70_D0300_Q0.2,70.0,300,0.2,extrapolated,0.5,0.11170272652884128,source_q_only
N70_D0300_Q0.3,70.0,300,0.3,extrapolated,0.5,0.33956104319532443,source_q_only
N70_D0300_Q0.4,70.0,300,0.4,extrapolated,0.6571,0.5673977518181199,source_q_only
N70_D0300_Q0.5,70.0,300,0.5,extrapolated,0.8554,0.7952091862645085,source_q_only
N70_D0300_Q0.6,70.0,300,0.6,extrapolated,1.1181,1.022990180786033,source_q_only
N70_D0300_Q0.7,70.0,300,0.7,extrapolated,1.3754,1.250732903559694,source_q_only
N70_D0300_Q0.8,70.0,300,0.8,extrapolated,1.5736,1.4784240265990451,source_q_only
N70_D0300_Q0.9,70.0,300,0.9,extrapolated,1.7826,1.7060353919185287,source_q_only
N70_D0300_Q0.95,70.0,300,0.95,extrapolated,1.9317,1.8197879855067296,source_q_only
N70_D0300_Q1.0,70.0,300,1.0,extrapolated,2.0225,1.9334331451608429,source_q_only
N70_D0500_Q0.05,70.0,500,0.05,extrapolated,0.5,-0.2636007845692063,source_q_only
N70_D0500_Q0.1,70.0,500,0.1,extrapolated,0.5,-0.14965579646642668,source_q_only
N70_D0500_Q0.2,70.0,500,0.2,extrapolated,0.5,0.07822139048259924,source_q_only
N70_D0500_Q0.3,70.0,500,0.3,extrapolated,0.5,0.3060797071490824,source_q_only
N70_D0500_Q0.4,70.0,500,0.4,extrapolated,0.6398,0.5339164157718779,source_q_only
N70_D0500_Q0.5,70.0,500,0.5,extrapolated,0.8696,0.7617278502182665,source_q_only
N70_D0500_Q0.6,70.0,500,0.6,extrapolated,1.0654,0.9895088447397911,source_q_only
N70_D0500_Q0.7,70.0,500,0.7,extrapolated,1.3269,1.2172515675134514,source_q_only
N70_D0500_Q0.8,70.0,500,0.8,extrapolated,1.552,1.4449426905528027,source_q_only
N70_D0500_Q0.9,70.0,500,0.9,extrapolated,1.7856,1.6725540558722862,source_q_only
N70_D0500_Q0.95,70.0,500,0.95,extrapolated,1.8785,1.7863066494604871,source_q_only
N70_D0500_Q1.0,70.0,500,1.0,extrapolated,2.0232,1.8999518091146006,source_q_only
N70_D1000_Q0.05,70.0,1000,0.05,extrapolated,0.5,-0.3020153037030058,source_q_only
N70_D1000_Q0.1,70.0,1000,0.1,extrapolated,0.5,-0.1880703156002257,source_q_only
N70_D1000_Q0.2,70.0,1000,0.2,extrapolated,0.5,0.03980687134879979,source_q_only
N70_D1000_Q0.3,70.0,1000,0.3,extrapolated,0.5,0.26766518801528294,source_q_only
N70_D1000_Q0.4,70.0,1000,0.4,extrapolated,0.6331,0.4955018966380784,source_q_only
N70_D1000_Q0.5,70.0,1000,0.5,extrapolated,0.8268,0.723313331084467,source_q_only
N70_D1000_Q0.6,70.0,1000,0.6,extrapolated,1.0717,0.9510943256059916,source_q_only
N70_D1000_Q0.7,70.0,1000,0.7,extrapolated,1.3056,1.1788370483796524,source_q_only
N70_D1000_Q0.8,70.0,1000,0.8,extrapolated,1.5113,1.4065281714190037,source_q_only
N70_D1000_Q0.9,70.0,1000,0.9,extrapolated,1.7324,1.6341395367384868,source_q_only
N70_D1000_Q0.95,70.0,1000,0.95,extrapolated,1.8305,1.747892130326688,source_q_only
N70_D1000_Q1.0,70.0,1000,1.0,extrapolated,1.9314,1.8615372899808014,source_q_only
N70_D2000_Q0.05,70.0,2000,0.05,extrapolated,0.5,-0.33365582931026516,source_q_only
N70_D2000_Q0.1,70.0,2000,0.1,extrapolated,0.5,-0.21971084120748507,source_q_only
N70_D2000_Q0.2,70.0,2000,0.2,extrapolated,0.5,0.008166345741540404,source_q_only
N70_D2000_Q0.3,70.0,2000,0.3,extrapolated,0.5,0.23602466240802356,source_q_only
N70_D2000_Q0.4,70.0,2000,0.4,extrapolated,0.6095,0.46386137103081904,source_q_only
N70_D2000_Q0.5,70.0,2000,0.5,extrapolated,0.8205,0.6916728054772077,source_q_only
N70_D2000_Q0.6,70.0,2000,0.6,extrapolated,1.0279,0.9194537999987322,source_q_only
N70_D2000_Q0.7,70.0,2000,0.7,extrapolated,1.2745,1.147196522772393,source_q_only
N70_D2000_Q0.8,70.0,2000,0.8,extrapolated,1.4713,1.3748876458117443,source_q_only
N70_D2000_Q0.9,70.0,2000,0.9,extrapolated,1.7312,1.6024990111312274,source_q_only
N70_D2000_Q0.95,70.0,2000,0.95,extrapolated,1.7959,1.7162516047194287,source_q_only
N70_D2000_Q1.0,70.0,2000,1.0,extrapolated,1.9285,1.829896764373542,source_q_only
N120_D0005_Q0.05,120.0,5,0.05,extrapolated,0.5,0.2808261419983218,source_q_only
N120_D0005_Q0.1,120.0,5,0.1,extrapolated,0.5,0.3955148803569104,source_q_only
N120_D0005_Q0.2,120.0,5,0.2,extrapolated,0.5,0.6248806376370735,source_q_only
N120_D0005_Q0.3,120.0,5,0.3,extrapolated,0.5,0.8542291031311908,source_q_only
N120_D0005_Q0.4,120.0,5,0.4,extrapolated,0.759,1.0835577680914534,source_q_only
N120_D0005_Q0.5,120.0,5,0.5,extrapolated,1.0383,1.3128632730566316,source_q_only
N120_D0005_Q0.6,120.0,5,0.6,extrapolated,1.3529,1.5421408843924043,source_q_only
N120_D0005_Q0.7,120.0,5,0.7,extrapolated,1.6294,1.771383425406671,source_q_only
N120_D0005_Q0.8,120.0,5,0.8,extrapolated,1.8929,2.0005786829971886,source_q_only
N120_D0005_Q0.9,120.0,5,0.9,extrapolated,2.2776,2.2297008545899533,source_q_only
N120_D0005_Q0.95,120.0,5,0.95,extrapolated,2.3327,2.344213292208206,source_q_only
N120_D0005_Q1.0,120.0,5,1.0,extrapolated,2.5753,2.4586272827259363,source_q_only
N120_D0020_Q0.05,120.0,20,0.05,extrapolated,0.5,0.026614361844679024,source_q_only
N120_D0020_Q0.1,120.0,20,0.1,extrapolated,0.5,0.14130310020326764,source_q_only
N120_D0020_Q0.2,120.0,20,0.2,extrapolated,0.5,0.3706688574834307,source_q_only
N120_D0020_Q0.3,120.0,20,0.3,extrapolated,0.5,0.6000173229775481,source_q_only
N120_D0020_Q0.4,120.0,20,0.4,extrapolated,0.686,0.8293459879378107,source_q_only
N120_D0020_Q0.5,120.0,20,0.5,extrapolated,0.9324,1.0586514929029889,source_q_only
N120_D0020_Q0.6,120.0,20,0.6,extrapolated,1.2186,1.2879291042387615,source_q_only
N120_D0020_Q0.7,120.0,20,0.7,extrapolated,1.4699,1.5171716452530282,source_q_only
N120_D0020_Q0.8,120.0,20,0.8,extrapolated,1.7489,1.7463669028435458,source_q_only
N120_D0020_Q0.9,120.0,20,0.9,extrapolated,2.0566,1.9754890744363105,source_q_only
N120_D0020_Q0.95,120.0,20,0.95,extrapolated,2.1247,2.090001512054563,source_q_only
N120_D0020_Q1.0,120.0,20,1.0,extrapolated,2.2493,2.2044155025722936,source_q_only
N120_D0050_Q0.05,120.0,50,0.05,extrapolated,0.5,-0.09469747910795512,source_q_only
N120_D0050_Q0.1,120.0,50,0.1,extrapolated,0.5,0.019991259250633497,source_q_only
N120_D0050_Q0.2,120.0,50,0.2,extrapolated,0.5,0.24935701653079656,source_q_only
N120_D0050_Q0.3,120.0,50,0.3,extrapolated,0.5,0.4787054820249139,source_q_only
N120_D0050_Q0.4,120.0,50,0.4,extrapolated,0.6689,0.7080341469851765,source_q_only
N120_D0050_Q0.5,120.0,50,0.5,extrapolated,0.9237,0.9373396519503547,source_q_only
N120_D0050_Q0.6,120.0,50,0.6,extrapolated,1.1614,1.1666172632861274,source_q_only
N120_D0050_Q0.7,120.0,50,0.7,extrapolated,1.3938,1.395859804300394,source_q_only
N120_D0050_Q0.8,120.0,50,0.8,extrapolated,1.682,1.6250550618909116,source_q_only
N120_D0050_Q0.9,120.0,50,0.9,extrapolated,1.9395,1.8541772334836764,source_q_only
N120_D0050_Q0.95,120.0,50,0.95,extrapolated,2.0853,1.9686896711019293,source_q_only
N120_D0050_Q1.0,120.0,50,1.0,extrapolated,2.2004,2.0831036616196594,source_q_only
N120_D0100_Q0.05,120.0,100,0.05,extrapolated,0.5,-0.16787429859993663,source_q_only
N120_D0100_Q0.1,120.0,100,0.1,extrapolated,0.5,-0.05318556024134802,source_q_only
N120_D0100_Q0.2,120.0,100,0.2,extrapolated,0.5,0.17618019703881505,source_q_only
N120_D0100_Q0.3,120.0,100,0.3,extrapolated,0.5,0.4055286625329324,source_q_only
N120_D0100_Q0.4,120.0,100,0.4,extrapolated,0.6206,0.634857327493195,source_q_only
N120_D0100_Q0.5,120.0,100,0.5,extrapolated,0.8829,0.8641628324583732,source_q_only
N120_D0100_Q0.6,120.0,100,0.6,extrapolated,1.1099,1.0934404437941458,source_q_only
N120_D0100_Q0.7,120.0,100,0.7,extrapolated,1.3531,1.3226829848084125,source_q_only
N120_D0100_Q0.8,120.0,100,0.8,extrapolated,1.5774,1.5518782423989301,source_q_only
N120_D0100_Q0.9,120.0,100,0.9,extrapolated,1.8321,1.7810004139916948,source_q_only
N120_D0100_Q0.95,120.0,100,0.95,extrapolated,1.9432,1.8955128516099478,source_q_only
N120_D0100_Q1.0,120.0,100,1.0,extrapolated,2.1521,2.009926842127678,source_q_only
N120_D0150_Q0.05,120.0,150,0.05,extrapolated,0.5,-0.20454218292420823,source_q_only
N120_D0150_Q0.1,120.0,150,0.1,extrapolated,0.5,-0.08985344456561961,source_q_only
N120_D0150_Q0.2,120.0,150,0.2,extrapolated,0.5,0.13951231271454345,source_q_only
N120_D0150_Q0.3,120.0,150,0.3,extrapolated,0.5,0.3688607782086608,source_q_only
N120_D0150_Q0.4,120.0,150,0.4,extrapolated,0.6188,0.5981894431689234,source_q_only
N120_D0150_Q0.5,120.0,150,0.5,extrapolated,0.8572,0.8274949481341016,source_q_only
N120_D0150_Q0.6,120.0,150,0.6,extrapolated,1.0887,1.0567725594698743,source_q_only
N120_D0150_Q0.7,120.0,150,0.7,extrapolated,1.3605,1.286015100484141,source_q_only
N120_D0150_Q0.8,120.0,150,0.8,extrapolated,1.5564,1.5152103580746585,source_q_only
N120_D0150_Q0.9,120.0,150,0.9,extrapolated,1.8816,1.7443325296674232,source_q_only
N120_D0150_Q0.95,120.0,150,0.95,extrapolated,1.9557,1.8588449672856762,source_q_only
N120_D0150_Q1.0,120.0,150,1.0,extrapolated,2.0881,1.9732589578034063,source_q_only
N120_D0300_Q0.05,120.0,300,0.05,extrapolated,0.5,-0.2583490524765768,source_q_only
N120_D0300_Q0.1,120.0,300,0.1,extrapolated,0.5,-0.14366031411798819,source_q_only
N120_D0300_Q0.2,120.0,300,0.2,extrapolated,0.5,0.08570544316217488,source_q_only
N120_D0300_Q0.3,120.0,300,0.3,extrapolated,0.5,0.31505390865629224,source_q_only
N120_D0300_Q0.4,120.0,300,0.4,extrapolated,0.6045,0.5443825736165548,source_q_only
N120_D0300_Q0.5,120.0,300,0.5,extrapolated,0.8569,0.773688078581733,source_q_only
N120_D0300_Q0.6,120.0,300,0.6,extrapolated,1.092,1.0029656899175057,source_q_only
N120_D0300_Q0.7,120.0,300,0.7,extrapolated,1.2863,1.2322082309317723,source_q_only
N120_D0300_Q0.8,120.0,300,0.8,extrapolated,1.5302,1.46140348852229,source_q_only
N120_D0300_Q0.9,120.0,300,0.9,extrapolated,1.7838,1.6905256601150547,source_q_only
N120_D0300_Q0.95,120.0,300,0.95,extrapolated,1.9031,1.8050380977333076,source_q_only
N120_D0300_Q1.0,120.0,300,1.0,extrapolated,2.0619,1.9194520882510377,source_q_only
N120_D0500_Q0.05,120.0,500,0.05,extrapolated,0.5,-0.29183038852281884,source_q_only
N120_D0500_Q0.1,120.0,500,0.1,extrapolated,0.5,-0.17714165016423067,source_q_only
N120_D0500_Q0.2,120.0,500,0.2,extrapolated,0.5,0.05222410711593284,source_q_only
N120_D0500_Q0.3,120.0,500,0.3,extrapolated,0.5,0.28157257261004975,source_q_only
N120_D0500_Q0.4,120.0,500,0.4,extrapolated,0.5807,0.5109012375703124,source_q_only
N120_D0500_Q0.5,120.0,500,0.5,extrapolated,0.8175,0.7402067425354906,source_q_only
N120_D0500_Q0.6,120.0,500,0.6,extrapolated,1.0547,0.9694843538712636,source_q_only
N120_D0500_Q0.7,120.0,500,0.7,extrapolated,1.2832,1.1987268948855303,source_q_only
N120_D0500_Q0.8,120.0,500,0.8,extrapolated,1.5164,1.4279221524760475,source_q_only
N120_D0500_Q0.9,120.0,500,0.9,extrapolated,1.7304,1.6570443240688122,source_q_only
N120_D0500_Q0.95,120.0,500,0.95,extrapolated,1.8749,1.7715567616870653,source_q_only
N120_D0500_Q1.0,120.0,500,1.0,extrapolated,2.0294,1.8859707522047955,source_q_only
N120_D1000_Q0.05,120.0,1000,0.05,extrapolated,0.5,-0.3302449076566183,source_q_only
N120_D1000_Q0.1,120.0,1000,0.1,extrapolated,0.5,-0.21555616929802968,source_q_only
N120_D1000_Q0.2,120.0,1000,0.2,extrapolated,0.5,0.013809587982133387,source_q_only
N120_D1000_Q0.3,120.0,1000,0.3,extrapolated,0.5,0.24315805347625075,source_q_only
N120_D1000_Q0.4,120.0,1000,0.4,extrapolated,0.5785,0.47248671843651335,source_q_only
N120_D1000_Q0.5,120.0,1000,0.5,extrapolated,0.7972,0.7017922234016916,source_q_only
N120_D1000_Q0.6,120.0,1000,0.6,extrapolated,1.0412,0.9310698347374642,source_q_only
N120_D1000_Q0.7,120.0,1000,0.7,extrapolated,1.2562,1.1603123757517309,source_q_only
N120_D1000_Q0.8,120.0,1000,0.8,extrapolated,1.485,1.3895076333422485,source_q_only
N120_D1000_Q0.9,120.0,1000,0.9,extrapolated,1.7223,1.6186298049350132,source_q_only
N120_D1000_Q0.95,120.0,1000,0.95,extrapolated,1.8568,1.733142242553266,source_q_only
N120_D1000_Q1.0,120.0,1000,1.0,extrapolated,1.9082,1.8475562330709963,source_q_only
N120_D2000_Q0.05,120.0,2000,0.05,extrapolated,0.5,-0.3618854332638777,source_q_only
N120_D2000_Q0.1,120.0,2000,0.1,extrapolated,0.5,-0.24719669490528906,source_q_only
N120_D2000_Q0.2,120.0,2000,0.2,extrapolated,0.5,-0.017830937625125998,source_q_only
N120_D2000_Q0.3,120.0,2000,0.3,extrapolated,0.5,0.21151752786899136,source_q_only
N120_D2000_Q0.4,120.0,2000,0.4,extrapolated,0.5772,0.44084619282925397,source_q_only
N120_D2000_Q0.5,120.0,2000,0.5,extrapolated,0.7936,0.670151697794432,source_q_only
N120_D2000_Q0.6,120.0,2000,0.6,extrapolated,1.0107,0.899429309130205,source_q_only
N120_D2000_Q0.7,120.0,2000,0.7,extrapolated,1.2063,1.1286718501444715,source_q_only
N120_D2000_Q0.8,120.0,2000,0.8,extrapolated,1.4677,1.357867107734989,source_q_only
N120_D2000_Q0.9,120.0,2000,0.9,extrapolated,1.6316,1.5869892793277538,source_q_only
N120_D2000_Q0.95,120.0,2000,0.95,extrapolated,1.8387,1.7015017169460067,source_q_only
N120_D2000_Q1.0,120.0,2000,1.0,extrapolated,1.9249,1.8159157074637369,source_q_only
N300_D0005_Q0.05,300.0,5,0.05,extrapolated,0.5,0.24067741081365712,source_q_only
N300_D0005_Q0.1,300.0,5,0.1,extrapolated,0.5,0.3564905430597749,source_q_only
N300_D0005_Q0.2,300.0,5,0.2,extrapolated,0.5,0.5881067054570024,source_q_only
N300_D0005_Q0.3,300.0,5,0.3,extrapolated,0.5,0.8197079624227399,source_q_only
N300_D0005_Q0.4,300.0,5,0.4,extrapolated,0.6853,1.0512921514291569,source_q_only
N300_D0005_Q0.5,300.0,5,0.5,extrapolated,0.9862,1.2828563766377843,source_q_only
N300_D0005_Q0.6,300.0,5,0.6,extrapolated,1.3009,1.514396557679951,source_q_only
N300_D0005_Q0.7,300.0,5,0.7,extrapolated,1.6208,1.745906508283623,source_q_only
N300_D0005_Q0.8,300.0,5,0.8,extrapolated,1.8604,1.9773757008168786,source_q_only
N300_D0005_Q0.9,300.0,5,0.9,extrapolated,2.2235,2.208781893592362,source_q_only
N300_D0005_Q0.95,300.0,5,0.95,extrapolated,2.4307,2.3244430554983637,source_q_only
N300_D0005_Q1.0,300.0,5,1.0,extrapolated,2.478,2.4400193565051906,source_q_only
N300_D0020_Q0.05,300.0,20,0.05,extrapolated,0.5,-0.013534369339985641,source_q_only
N300_D0020_Q0.1,300.0,20,0.1,extrapolated,0.5,0.10227876290613214,source_q_only
N300_D0020_Q0.2,300.0,20,0.2,extrapolated,0.5,0.3338949253033596,source_q_only
N300_D0020_Q0.3,300.0,20,0.3,extrapolated,0.5,0.5654961822690971,source_q_only
N300_D0020_Q0.4,300.0,20,0.4,extrapolated,0.6087,0.7970803712755141,source_q_only
N300_D0020_Q0.5,300.0,20,0.5,extrapolated,0.8857,1.0286445964841415,source_q_only
N300_D0020_Q0.6,300.0,20,0.6,extrapolated,1.1745,1.2601847775263082,source_q_only
N300_D0020_Q0.7,300.0,20,0.7,extrapolated,1.445,1.4916947281299802,source_q_only
N300_D0020_Q0.8,300.0,20,0.8,extrapolated,1.7275,1.7231639206632359,source_q_only
N300_D0020_Q0.9,300.0,20,0.9,extrapolated,1.993,1.9545701134387192,source_q_only
N300_D0020_Q0.95,300.0,20,0.95,extrapolated,2.1129,2.070231275344721,source_q_only
N300_D0020_Q1.0,300.0,20,1.0,extrapolated,2.3267,2.185807576351548,source_q_only
N300_D0050_Q0.05,300.0,50,0.05,extrapolated,0.5,-0.13484621029261978,source_q_only
N300_D0050_Q0.1,300.0,50,0.1,extrapolated,0.5,-0.019033078046502006,source_q_only
N300_D0050_Q0.2,300.0,50,0.2,extrapolated,0.5,0.21258308435072548,source_q_only
N300_D0050_Q0.3,300.0,50,0.3,extrapolated,0.5,0.444184341316463,source_q_only
N300_D0050_Q0.4,300.0,50,0.4,extrapolated,0.5737,0.67576853032288,source_q_only
N300_D0050_Q0.5,300.0,50,0.5,extrapolated,0.8188,0.9073327555315074,source_q_only
N300_D0050_Q0.6,300.0,50,0.6,extrapolated,1.0844,1.138872936573674,source_q_only
N300_D0050_Q0.7,300.0,50,0.7,extrapolated,1.3817,1.370382887177346,source_q_only
N300_D0050_Q0.8,300.0,50,0.8,extrapolated,1.6524,1.6018520797106017,source_q_only
N300_D0050_Q0.9,300.0,50,0.9,extrapolated,1.917,1.833258272486085,source_q_only
N300_D0050_Q0.95,300.0,50,0.95,extrapolated,2.0545,1.9489194343920866,source_q_only
N300_D0050_Q1.0,300.0,50,1.0,extrapolated,2.1404,2.0644957353989137,source_q_only
N300_D0100_Q0.05,300.0,100,0.05,extrapolated,0.5,-0.2080230297846013,source_q_only
N300_D0100_Q0.1,300.0,100,0.1,extrapolated,0.5,-0.09220989753848352,source_q_only
N300_D0100_Q0.2,300.0,100,0.2,extrapolated,0.5,0.13940626485874397,source_q_only
N300_D0100_Q0.3,300.0,100,0.3,extrapolated,0.5,0.3710075218244815,source_q_only
N300_D0100_Q0.4,300.0,100,0.4,extrapolated,0.5656,0.6025917108308985,source_q_only
N300_D0100_Q0.5,300.0,100,0.5,extrapolated,0.7851,0.8341559360395259,source_q_only
N300_D0100_Q0.6,300.0,100,0.6,extrapolated,1.0582,1.0656961170816925,source_q_only
N300_D0100_Q0.7,300.0,100,0.7,extrapolated,1.2974,1.2972060676853645,source_q_only
N300_D0100_Q0.8,300.0,100,0.8,extrapolated,1.6239,1.5286752602186202,source_q_only
N300_D0100_Q0.9,300.0,100,0.9,extrapolated,1.7981,1.7600814529941036,source_q_only
N300_D0100_Q0.95,300.0,100,0.95,extrapolated,1.9909,1.875742614900105,source_q_only
N300_D0100_Q1.0,300.0,100,1.0,extrapolated,2.018,1.9913189159069322,source_q_only
N300_D0150_Q0.05,300.0,150,0.05,extrapolated,0.5,-0.2446909141088729,source_q_only
N300_D0150_Q0.1,300.0,150,0.1,extrapolated,0.5,-0.12887778186275511,source_q_only
N300_D0150_Q0.2,300.0,150,0.2,extrapolated,0.5,0.10273838053447237,source_q_only
N300_D0150_Q0.3,300.0,150,0.3,extrapolated,0.5,0.3343396375002099,source_q_only
N300_D0150_Q0.4,300.0,150,0.4,extrapolated,0.5498,0.5659238265066269,source_q_only
N300_D0150_Q0.5,300.0,150,0.5,extrapolated,0.7913,0.7974880517152543,source_q_only
N300_D0150_Q0.6,300.0,150,0.6,extrapolated,1.0259,1.029028232757421,source_q_only
N300_D0150_Q0.7,300.0,150,0.7,extrapolated,1.3071,1.260538183361093,source_q_only
N300_D0150_Q0.8,300.0,150,0.8,extrapolated,1.5543,1.4920073758943486,source_q_only
N300_D0150_Q0.9,300.0,150,0.9,extrapolated,1.8567,1.723413568669832,source_q_only
N300_D0150_Q0.95,300.0,150,0.95,extrapolated,1.9405,1.8390747305758335,source_q_only
N300_D0150_Q1.0,300.0,150,1.0,extrapolated,2.0823,1.9546510315826606,source_q_only
N300_D0300_Q0.05,300.0,300,0.05,extrapolated,0.5,-0.2984977836612419,source_q_only
N300_D0300_Q0.1,300.0,300,0.1,extrapolated,0.5,-0.18268465141512413,source_q_only
N300_D0300_Q0.2,300.0,300,0.2,extrapolated,0.5,0.048931510982103354,source_q_only
N300_D0300_Q0.3,300.0,300,0.3,extrapolated,0.5,0.2805327679478413,source_q_only
N300_D0300_Q0.4,300.0,300,0.4,extrapolated,0.5355,0.5121169569542579,source_q_only
N300_D0300_Q0.5,300.0,300,0.5,extrapolated,0.7618,0.7436811821628853,source_q_only
N300_D0300_Q0.6,300.0,300,0.6,extrapolated,1.0191,0.9752213632050524,source_q_only
N300_D0300_Q0.7,300.0,300,0.7,extrapolated,1.2421,1.2067313138087243,source_q_only
N300_D0300_Q0.8,300.0,300,0.8,extrapolated,1.5064,1.4382005063419796,source_q_only
N300_D0300_Q0.9,300.0,300,0.9,extrapolated,1.708,1.669606699117463,source_q_only
N300_D0300_Q0.95,300.0,300,0.95,extrapolated,1.8785,1.7852678610234645,source_q_only
N300_D0300_Q1.0,300.0,300,1.0,extrapolated,1.9949,1.9008441620302918,source_q_only
N300_D0500_Q0.05,300.0,500,0.05,extrapolated,0.5,-0.33197911970748395,source_q_only
N300_D0500_Q0.1,300.0,500,0.1,extrapolated,0.5,-0.21616598746136617,source_q_only
N300_D0500_Q0.2,300.0,500,0.2,extrapolated,0.5,0.015450174935861316,source_q_only
N300_D0500_Q0.3,300.0,500,0.3,extrapolated,0.5,0.24705143190159928,source_q_only
N300_D0500_Q0.4,300.0,500,0.4,extrapolated,0.5242,0.4786356209080158,source_q_only
N300_D0500_Q0.5,300.0,500,0.5,extrapolated,0.764,0.7101998461166432,source_q_only
N300_D0500_Q0.6,300.0,500,0.6,extrapolated,1.004,0.9417400271588103,source_q_only
N300_D0500_Q0.7,300.0,500,0.7,extrapolated,1.2386,1.1732499777624823,source_q_only
N300_D0500_Q0.8,300.0,500,0.8,extrapolated,1.4481,1.404719170295738,source_q_only
N300_D0500_Q0.9,300.0,500,0.9,extrapolated,1.7684,1.636125363071221,source_q_only
N300_D0500_Q0.95,300.0,500,0.95,extrapolated,1.8116,1.7517865249772224,source_q_only
N300_D0500_Q1.0,300.0,500,1.0,extrapolated,1.92,1.8673628259840498,source_q_only
N300_D1000_Q0.05,300.0,1000,0.05,extrapolated,0.5,-0.37039363884128296,source_q_only
N300_D1000_Q0.1,300.0,1000,0.1,extrapolated,0.5,-0.2545805065951652,source_q_only
N300_D1000_Q0.2,300.0,1000,0.2,extrapolated,0.5,-0.02296434419793769,source_q_only
N300_D1000_Q0.3,300.0,1000,0.3,extrapolated,0.5,0.20863691276779983,source_q_only
N300_D1000_Q0.4,300.0,1000,0.4,extrapolated,0.5189,0.4402211017742168,source_q_only
N300_D1000_Q0.5,300.0,1000,0.5,extrapolated,0.7381,0.6717853269828442,source_q_only
N300_D1000_Q0.6,300.0,1000,0.6,extrapolated,1.0017,0.9033255080250109,source_q_only
N300_D1000_Q0.7,300.0,1000,0.7,extrapolated,1.2048,1.1348354586286828,source_q_only
N300_D1000_Q0.8,300.0,1000,0.8,extrapolated,1.4767,1.3663046511619386,source_q_only
N300_D1000_Q0.9,300.0,1000,0.9,extrapolated,1.6646,1.597710843937422,source_q_only
N300_D1000_Q0.95,300.0,1000,0.95,extrapolated,1.8451,1.7133720058434232,source_q_only
N300_D1000_Q1.0,300.0,1000,1.0,extrapolated,1.9425,1.8289483068502506,source_q_only
N300_D2000_Q0.05,300.0,2000,0.05,extrapolated,0.5,-0.40203416444854234,source_q_only
N300_D2000_Q0.1,300.0,2000,0.1,extrapolated,0.5,-0.28622103220242456,source_q_only
N300_D2000_Q0.2,300.0,2000,0.2,extrapolated,0.5,-0.054604869805197076,source_q_only
N300_D2000_Q0.3,300.0,2000,0.3,extrapolated,0.5,0.17699638716054067,source_q_only
N300_D2000_Q0.4,300.0,2000,0.4,extrapolated,0.5,0.4085805761669572,source_q_only
N300_D2000_Q0.5,300.0,2000,0.5,extrapolated,0.7402,0.6401448013755848,source_q_only
N300_D2000_Q0.6,300.0,2000,0.6,extrapolated,0.9783,0.8716849824177515,source_q_only
N300_D2000_Q0.7,300.0,2000,0.7,extrapolated,1.1809,1.1031949330214235,source_q_only
N300_D2000_Q0.8,300.0,2000,0.8,extrapolated,1.4119,1.3346641255546792,source_q_only
N300_D2000_Q0.9,300.0,2000,0.9,extrapolated,1.6756,1.5660703183301625,source_q_only
N300_D2000_Q0.95,300.0,2000,0.95,extrapolated,1.7414,1.6817314802361638,source_q_only
N300_D2000_Q1.0,300.0,2000,1.0,extrapolated,1.8777,1.7973077812429912,source_q_only
N700_D0005_Q0.05,700.0,5,0.05,extrapolated,0.5,0.21067112006324296,source_q_only
N700_D0005_Q0.1,700.0,5,0.1,extrapolated,0.5,0.32738540065356814,source_q_only
N700_D0005_Q0.2,700.0,5,0.2,extrapolated,0.5,0.5608051559620781,source_q_only
N700_D0005_Q0.3,700.0,5,0.3,extrapolated,0.5,0.7942119183890344,source_q_only
N700_D0005_Q0.4,700.0,5,0.4,extrapolated,0.5981,1.027603802885487,source_q_only
N700_D0005_Q0.5,700.0,5,0.5,extrapolated,0.9159,1.2609782851846116,source_q_only
N700_D0005_Q0.6,700.0,5,0.6,extrapolated,1.2092,1.494331808479154,source_q_only
N700_D0005_Q0.7,700.0,5,0.7,extrapolated,1.587,1.7276589802717646,source_q_only
N700_D0005_Q0.8,700.0,5,0.8,extrapolated,1.8853,1.9609506237550036,source_q_only
N700_D0005_Q0.9,700.0,5,0.9,extrapolated,2.2108,2.194187351123185,source_q_only
N700_D0005_Q0.95,700.0,5,0.95,extrapolated,2.4127,2.3107691610346013,source_q_only
N700_D0005_Q1.0,700.0,5,1.0,extrapolated,2.5391,2.4272769987425096,source_q_only
N700_D0020_Q0.05,700.0,20,0.05,extrapolated,0.5,-0.04354066009039981,source_q_only
N700_D0020_Q0.1,700.0,20,0.1,extrapolated,0.5,0.07317362049992537,source_q_only
N700_D0020_Q0.2,700.0,20,0.2,extrapolated,0.5,0.3065933758084354,source_q_only
N700_D0020_Q0.3,700.0,20,0.3,extrapolated,0.5,0.5400001382353916,source_q_only
N700_D0020_Q0.4,700.0,20,0.4,extrapolated,0.5501,0.7733920227318443,source_q_only
N700_D0020_Q0.5,700.0,20,0.5,extrapolated,0.8411,1.0067665050309689,source_q_only
N700_D0020_Q0.6,700.0,20,0.6,extrapolated,1.1236,1.2401200283255112,source_q_only
N700_D0020_Q0.7,700.0,20,0.7,extrapolated,1.4239,1.4734472001181218,source_q_only
N700_D0020_Q0.8,700.0,20,0.8,extrapolated,1.6984,1.7067388436013609,source_q_only
N700_D0020_Q0.9,700.0,20,0.9,extrapolated,1.9239,1.9399755709695423,source_q_only
N700_D0020_Q0.95,700.0,20,0.95,extrapolated,2.0927,2.0565573808809585,source_q_only
N700_D0020_Q1.0,700.0,20,1.0,extrapolated,2.2974,2.173065218588867,source_q_only
N700_D0050_Q0.05,700.0,50,0.05,extrapolated,0.5,-0.16485250104303395,source_q_only
N700_D0050_Q0.1,700.0,50,0.1,extrapolated,0.5,-0.04813822045270877,source_q_only
N700_D0050_Q0.2,700.0,50,0.2,extrapolated,0.5,0.18528153485580123,source_q_only
N700_D0050_Q0.3,700.0,50,0.3,extrapolated,0.5,0.41868829728275747,source_q_only
N700_D0050_Q0.4,700.0,50,0.4,extrapolated,0.515,0.6520801817792101,source_q_only
N700_D0050_Q0.5,700.0,50,0.5,extrapolated,0.7581,0.8854546640783347,source_q_only
N700_D0050_Q0.6,700.0,50,0.6,extrapolated,1.0355,1.118808187372877,source_q_only
N700_D0050_Q0.7,700.0,50,0.7,extrapolated,1.3068,1.3521353591654877,source_q_only
N700_D0050_Q0.8,700.0,50,0.8,extrapolated,1.584,1.5854270026487267,source_q_only
N700_D0050_Q0.9,700.0,50,0.9,extrapolated,1.9143,1.8186637300169082,source_q_only
N700_D0050_Q0.95,700.0,50,0.95,extrapolated,2.0439,1.9352455399283246,source_q_only
N700_D0050_Q1.0,700.0,50,1.0,extrapolated,2.071,2.0517533776362327,source_q_only
N700_D0100_Q0.05,700.0,100,0.05,extrapolated,0.5,-0.23802932053501547,source_q_only
N700_D0100_Q0.1,700.0,100,0.1,extrapolated,0.5,-0.12131503994469028,source_q_only
N700_D0100_Q0.2,700.0,100,0.2,extrapolated,0.5,0.11210471536382016,source_q_only
N700_D0100_Q0.3,700.0,100,0.3,extrapolated,0.5,0.34551147779077596,source_q_only
N700_D0100_Q0.4,700.0,100,0.4,extrapolated,0.5,0.5789033622872286,source_q_only
N700_D0100_Q0.5,700.0,100,0.5,extrapolated,0.7348,0.8122778445863532,source_q_only
N700_D0100_Q0.6,700.0,100,0.6,extrapolated,0.9905,1.0456313678808955,source_q_only
N700_D0100_Q0.7,700.0,100,0.7,extrapolated,1.2988,1.2789585396735066,source_q_only
N700_D0100_Q0.8,700.0,100,0.8,extrapolated,1.5329,1.5122501831567452,source_q_only
N700_D0100_Q0.9,700.0,100,0.9,extrapolated,1.7971,1.7454869105249267,source_q_only
N700_D0100_Q0.95,700.0,100,0.95,extrapolated,1.9362,1.862068720436343,source_q_only
N700_D0100_Q1.0,700.0,100,1.0,extrapolated,2.0708,1.9785765581442512,source_q_only
N700_D0150_Q0.05,700.0,150,0.05,extrapolated,0.5,-0.27469720485928706,source_q_only
N700_D0150_Q0.1,700.0,150,0.1,extrapolated,0.5,-0.15798292426896188,source_q_only
N700_D0150_Q0.2,700.0,150,0.2,extrapolated,0.5,0.07543683103954812,source_q_only
N700_D0150_Q0.3,700.0,150,0.3,extrapolated,0.5,0.30884359346650436,source_q_only
N700_D0150_Q0.4,700.0,150,0.4,extrapolated,0.5,0.542235477962957,source_q_only
N700_D0150_Q0.5,700.0,150,0.5,extrapolated,0.7523,0.7756099602620816,source_q_only
N700_D0150_Q0.6,700.0,150,0.6,extrapolated,0.9957,1.008963483556624,source_q_only
N700_D0150_Q0.7,700.0,150,0.7,extrapolated,1.2155,1.2422906553492346,source_q_only
N700_D0150_Q0.8,700.0,150,0.8,extrapolated,1.4766,1.4755822988324736,source_q_only
N700_D0150_Q0.9,700.0,150,0.9,extrapolated,1.7601,1.708819026200655,source_q_only
N700_D0150_Q0.95,700.0,150,0.95,extrapolated,1.8874,1.8254008361120715,source_q_only
N700_D0150_Q1.0,700.0,150,1.0,extrapolated,2.0154,1.9419086738199796,source_q_only
N700_D0300_Q0.05,700.0,300,0.05,extrapolated,0.5,-0.32850407441165563,source_q_only
N700_D0300_Q0.1,700.0,300,0.1,extrapolated,0.5,-0.21178979382133045,source_q_only
N700_D0300_Q0.2,700.0,300,0.2,extrapolated,0.5,0.02162996148717955,source_q_only
N700_D0300_Q0.3,700.0,300,0.3,extrapolated,0.5,0.2550367239141358,source_q_only
N700_D0300_Q0.4,700.0,300,0.4,extrapolated,0.5,0.488428608410588,source_q_only
N700_D0300_Q0.5,700.0,300,0.5,extrapolated,0.7304,0.7218030907097126,source_q_only
N700_D0300_Q0.6,700.0,300,0.6,extrapolated,0.9707,0.9551566140042553,source_q_only
N700_D0300_Q0.7,700.0,300,0.7,extrapolated,1.208,1.188483785796866,source_q_only
N700_D0300_Q0.8,700.0,300,0.8,extrapolated,1.4829,1.421775429280105,source_q_only
N700_D0300_Q0.9,700.0,300,0.9,extrapolated,1.7289,1.655012156648286,source_q_only
N700_D0300_Q0.95,700.0,300,0.95,extrapolated,1.8991,1.7715939665597027,source_q_only
N700_D0300_Q1.0,700.0,300,1.0,extrapolated,2.0155,1.8881018042676108,source_q_only
N700_D0500_Q0.05,700.0,500,0.05,extrapolated,0.5,-0.36198541045789767,source_q_only
N700_D0500_Q0.1,700.0,500,0.1,extrapolated,0.5,-0.2452711298675725,source_q_only
N700_D0500_Q0.2,700.0,500,0.2,extrapolated,0.5,-0.011851374559062489,source_q_only
N700_D0500_Q0.3,700.0,500,0.3,extrapolated,0.5,0.22155538786789375,source_q_only
N700_D0500_Q0.4,700.0,500,0.4,extrapolated,0.5,0.45494727236434596,source_q_only
N700_D0500_Q0.5,700.0,500,0.5,extrapolated,0.6974,0.6883217546634706,source_q_only
N700_D0500_Q0.6,700.0,500,0.6,extrapolated,0.9578,0.9216752779580131,source_q_only
N700_D0500_Q0.7,700.0,500,0.7,extrapolated,1.2213,1.155002449750624,source_q_only
N700_D0500_Q0.8,700.0,500,0.8,extrapolated,1.432,1.388294093233863,source_q_only
N700_D0500_Q0.9,700.0,500,0.9,extrapolated,1.6736,1.621530820602044,source_q_only
N700_D0500_Q0.95,700.0,500,0.95,extrapolated,1.8314,1.7381126305134607,source_q_only
N700_D0500_Q1.0,700.0,500,1.0,extrapolated,1.9675,1.8546204682213687,source_q_only
N700_D1000_Q0.05,700.0,1000,0.05,extrapolated,0.5,-0.4003999295916971,source_q_only
N700_D1000_Q0.1,700.0,1000,0.1,extrapolated,0.5,-0.28368564900137194,source_q_only
N700_D1000_Q0.2,700.0,1000,0.2,extrapolated,0.5,-0.050265893692861496,source_q_only
N700_D1000_Q0.3,700.0,1000,0.3,extrapolated,0.5,0.1831408687340943,source_q_only
N700_D1000_Q0.4,700.0,1000,0.4,extrapolated,0.5,0.41653275323054695,source_q_only
N700_D1000_Q0.5,700.0,1000,0.5,extrapolated,0.7003,0.6499072355296713,source_q_only
N700_D1000_Q0.6,700.0,1000,0.6,extrapolated,0.9207,0.8832607588242138,source_q_only
N700_D1000_Q0.7,700.0,1000,0.7,extrapolated,1.1975,1.1165879306168247,source_q_only
N700_D1000_Q0.8,700.0,1000,0.8,extrapolated,1.4235,1.3498795741000635,source_q_only
N700_D1000_Q0.9,700.0,1000,0.9,extrapolated,1.6964,1.5831163014682446,source_q_only
N700_D1000_Q0.95,700.0,1000,0.95,extrapolated,1.818,1.6996981113796614,source_q_only
N700_D1000_Q1.0,700.0,1000,1.0,extrapolated,1.882,1.8162059490875695,source_q_only
N700_D2000_Q0.05,700.0,2000,0.05,extrapolated,0.5,-0.4320404551989563,source_q_only
N700_D2000_Q0.1,700.0,2000,0.1,extrapolated,0.5,-0.3153261746086313,source_q_only
N700_D2000_Q0.2,700.0,2000,0.2,extrapolated,0.5,-0.0819064193001211,source_q_only
N700_D2000_Q0.3,700.0,2000,0.3,extrapolated,0.5,0.1515003431268349,source_q_only
N700_D2000_Q0.4,700.0,2000,0.4,extrapolated,0.5,0.38489222762328756,source_q_only
N700_D2000_Q0.5,700.0,2000,0.5,extrapolated,0.6792,0.618266709922412,source_q_only
N700_D2000_Q0.6,700.0,2000,0.6,extrapolated,0.8872,0.8516202332169545,source_q_only
N700_D2000_Q0.7,700.0,2000,0.7,extrapolated,1.1635,1.0849474050095653,source_q_only
N700_D2000_Q0.8,700.0,2000,0.8,extrapolated,1.3899,1.3182390484928042,source_q_only
N700_D2000_Q0.9,700.0,2000,0.9,extrapolated,1.6863,1.5514757758609852,source_q_only
N700_D2000_Q0.95,700.0,2000,0.95,extrapolated,1.7351,1.668057585772402,source_q_only
N700_D2000_Q1.0,700.0,2000,1.0,extrapolated,1.8865,1.78456542348031,source_q_only
