folder,detailed_ability,weak_ability,task_count,family_count,coverage,eligible
0-hero_Matter-0.2-7B-DPO,0.24176941673996954,0.1714458804523425,40,6,1.0,True
01-ai_Yi-1.5-34B,0.7297019496641245,0.6576463431122685,40,6,1.0,True
01-ai_Yi-1.5-34B-32K,0.752315944459095,0.663435648896069,40,6,1.0,True
01-ai_Yi-1.5-34B-Chat,0.8115992188103682,0.7602459959699133,40,6,1.0,True
01-ai_Yi-1.5-34B-Chat-16K,0.7779953628246068,0.7115591397849462,40,6,1.0,True
01-ai_Yi-1.5-6B,0.44263130010840446,0.2908602150537634,40,6,1.0,True
01-ai_Yi-1.5-6B-Chat,0.50956708844095,0.37405870527437896,40,6,1.0,True
01-ai_Yi-1.5-9B,0.5908845510149193,0.4411290322580645,40,6,1.0,True
01-ai_Yi-1.5-9B-32K,0.5472263031039769,0.43712728212343877,40,6,1.0,True
01-ai_Yi-1.5-9B-Chat,0.6724482049130683,0.617271505376344,40,6,1.0,True
01-ai_Yi-1.5-9B-Chat-16K,0.5598079132203451,0.4512768817204301,40,6,1.0,True
01-ai_Yi-34B,0.5905488665418646,0.38354873451803984,40,6,1.0,True
01-ai_Yi-34B-200K,0.5948721277517786,0.4182795698924731,40,6,1.0,True
01-ai_Yi-34B-Chat,0.6307610289732488,0.4678628815119773,40,6,1.0,True
01-ai_Yi-6B,0.3785871602272434,0.23947400420379733,40,6,1.0,True
01-ai_Yi-6B-200K,0.3583602023015685,0.21903607969843836,40,6,1.0,True
01-ai_Yi-6B-Chat,0.3248147293738091,0.17494614970382338,40,6,1.0,True
01-ai_Yi-9B,0.48103267281269113,0.3412144761755867,40,6,1.0,True
01-ai_Yi-9B-200K,0.4670219411083143,0.4034426272246941,40,6,1.0,True
01-ai_Yi-Coder-9B-Chat,0.42017084218452655,0.29415724286483574,40,6,1.0,True
1-800-LLMs_Qwen-2.5-14B-Hindi,0.8478532615135332,0.8500269251480883,40,6,1.0,True
1-800-LLMs_Qwen-2.5-14B-Hindi-Custom-Instruct,0.827862131027759,0.8190188172043011,40,6,1.0,True
1024m_PHI-4-Hindi,0.8667650979108377,0.8491518578352182,40,6,1.0,True
1024m_QWEN-14B-B100,0.6859159486736369,0.40615136610122354,40,6,1.0,True
152334H_miqu-1-70b-sf,0.770218397786717,0.6891801075268817,40,6,1.0,True
1TuanPham_T-VisStar-7B-v0.1,0.49306790917221344,0.38496230479267635,40,6,1.0,True
1TuanPham_T-VisStar-v0.1,0.49306790917221344,0.38496230479267635,40,6,1.0,True
3rd-Degree-Burn_L-3.1-Science-Writer-8B,0.5482501043901694,0.4959585077084842,40,6,1.0,True
3rd-Degree-Burn_Llama-3.1-8B-Squareroot,0.3333330043033066,0.13368369368743047,40,6,1.0,True
3rd-Degree-Burn_Llama-3.1-8B-Squareroot-v1,0.2632009363723784,0.11012699295513534,40,6,1.0,True
3rd-Degree-Burn_Llama-Squared-8B,0.37342819520305576,0.22613327164921176,40,6,1.0,True
4season_final_model_test_v2,0.6322974124079109,0.32700632247739214,40,6,1.0,True
AALF_FuseChat-Llama-3.1-8B-Instruct-preview,0.57472347576688,0.5,40,6,1.0,True
AALF_FuseChat-Llama-3.1-8B-SFT-preview,0.6284743081225295,0.5367716096027237,40,6,1.0,True
AALF_gemma-2-27b-it-SimPO-37K,0.28981763631268037,0.1440427239429558,40,6,1.0,True
AALF_gemma-2-27b-it-SimPO-37K-100steps,0.29124439521145673,0.1569059747772161,40,6,1.0,True
AELLM_gemma-2-aeria-infinity-9b,0.5983119413275116,0.31994736628661474,40,6,1.0,True
AELLM_gemma-2-lyco-infinity-9b,0.5844155692010748,0.3605510752688172,40,6,1.0,True
AGI-0_Art-v0-3B,0.34301448606286644,0.15771690767519467,40,6,1.0,True
AGI-0_Artificium-llama3.1-8B-001,0.37995200013005836,0.2139966256709573,40,6,1.0,True
AGI-0_smartllama3.1-8B-001,0.5240054287801754,0.3922715053763441,40,6,1.0,True
AI-MO_NuminaMath-7B-CoT,0.3548876392876621,0.2515490301724138,40,6,1.0,True
AI-MO_NuminaMath-7B-TIR,0.3085581456846685,0.1968840655236507,40,6,1.0,True
AI-Sweden-Models_Llama-3-8B-instruct,0.32744603046495147,0.14770267688085187,40,6,1.0,True
AI-Sweden-Models_gpt-sw3-40b,0.1920020895208387,0.09693496245828699,40,6,1.0,True
AI4free_Dhanishtha,0.3651983700551621,0.14280913978494622,40,6,1.0,True
AI4free_t2,0.30238278573209,0.06431451612903226,40,6,1.0,True
AIDC-AI_Marco-o1,0.5747887931408859,0.4786962365591398,40,6,1.0,True
Aashraf995_Creative-7B-nerd,0.725315173140832,0.6567204301075269,40,6,1.0,True
Aashraf995_Gemma-Evo-10B,0.8006304103702178,0.7729904279357696,40,6,1.0,True
Aashraf995_Qwen-Evo-7B,0.7563284586395358,0.7129492839265852,40,6,1.0,True
Aashraf995_QwenStock-14B,0.8802868126805616,0.8716397849462365,40,6,1.0,True
AbacusResearch_Jallabi-34B,0.6832795724195135,0.4782043097608005,40,6,1.0,True
Ahdoot_StructuredThinker-v0.3-MoreStructure,0.5781964254179762,0.4520161290322581,40,6,1.0,True
Ahdoot_Test_StealthThinker,0.5179359177778531,0.38346774193548383,40,6,1.0,True
AicoresSecurity_Cybernet-Sec-3B-R1-V0,0.4254897908641909,0.3144489247311828,40,6,1.0,True
AicoresSecurity_Cybernet-Sec-3B-R1-V0-Coder,0.4486996915850077,0.31491935483870964,40,6,1.0,True
AicoresSecurity_Cybernet-Sec-3B-R1-V1,0.39777809607568215,0.2610414928624397,40,6,1.0,True
AicoresSecurity_Cybernet-Sec-3B-R1-V1.1,0.4633404005763449,0.3292338709677419,40,6,1.0,True
Alepach_notHumpback-M0,0.14937796290813762,0.0514072732641965,40,6,1.0,True
Alepach_notHumpback-M1,0.18474360766865805,0.07391763417686319,40,6,1.0,True
Alepach_notHumpback-M1-v2,0.15858601274028972,0.03669354838709678,40,6,1.0,True
Alibaba-NLP_gte-Qwen2-7B-instruct,0.3596925130867002,0.24905913978494623,40,6,1.0,True
Alsebay_Qwen2.5-7B-test-novelist,0.6504979346264368,0.5872171336206897,40,6,1.0,True
Amaorynho_BBAI2006,0.1441611487802369,0.03662634408602151,40,6,1.0,True
Amaorynho_BBAI270V4,0.19204894255898525,0.07862903225806452,40,6,1.0,True
Amaorynho_BBAIIFEV1,0.6706663726595488,0.5467069892473119,40,6,1.0,True
Amaorynho_BBAI_375,0.1441611487802369,0.03662634408602151,40,6,1.0,True
Amu_t1-1.5B,0.3100099744158681,0.2407123366240267,40,6,1.0,True
Amu_t1-3B,0.36068430741664287,0.17863033578976642,40,6,1.0,True
ArliAI_ArliAI-RPMax-12B-v1.1,0.46400675180284684,0.3470090164429094,40,6,1.0,True
ArliAI_Llama-3.1-8B-ArliAI-RPMax-v1.1,0.5367112372959124,0.4818435414349277,40,6,1.0,True
Arthur-LAGACHERIE_Precis-1B-Instruct,0.1826417639043756,0.08306408185245019,40,6,1.0,True
Artples_L-MChat-7b,0.45969793787040797,0.32799768840378196,40,6,1.0,True
Artples_L-MChat-Small,0.41301798797937395,0.2774193548387097,40,6,1.0,True
Aryanne_QwentileSwap,0.933746551642711,0.9262366170745273,40,6,1.0,True
Aryanne_SHBA,0.6563809945236974,0.5838803821375602,40,6,1.0,True
Aryanne_SuperHeart,0.6427790527008859,0.5316532258064516,40,6,1.0,True
AtAndDev_Qwen2.5-1.5B-continuous-learnt,0.3818979093532244,0.2900537634408602,40,6,1.0,True
Ateron_Glowing-Forest-12B,0.6309892120923715,0.49724625219309676,40,6,1.0,True
Ateron_Lotus-Magpic,0.59884414692786,0.5275421706427683,40,6,1.0,True
Ateron_Way_of_MagPicaro,0.6014372858239619,0.47206515885837375,40,6,1.0,True
AuraIndustries_Aura-4B,0.4270157535795621,0.3132859320444004,40,6,1.0,True
AuraIndustries_Aura-8B,0.6125922294891171,0.5309840795328142,40,6,1.0,True
AuraIndustries_Aura-MoE-2x4B,0.370545778709014,0.28324452377230014,40,6,1.0,True
AuraIndustries_Aura-MoE-2x4B-v2,0.37555720500321815,0.27786112269181995,40,6,1.0,True
Aurel9_testmerge-7b,0.5700261464452515,0.4416982776029191,40,6,1.0,True
Ayush-Singh_Llama1B-sft-2,0.14022829224983274,0.03992117430783801,40,6,1.0,True
Azure99_Blossom-V6-14B,0.4981374569757323,0.34694930130700774,40,6,1.0,True
Azure99_Blossom-V6-7B,0.5260778847252496,0.4090725806451613,40,6,1.0,True
Azure99_blossom-v5-32b,0.65593888481817,0.5273290253096392,40,6,1.0,True
Azure99_blossom-v5-llama3-8b,0.34981400708481064,0.26667390850945494,40,6,1.0,True
Azure99_blossom-v5.1-34b,0.7057767733712307,0.6426359719978461,40,6,1.0,True
Azure99_blossom-v5.1-9b,0.5913994736708217,0.5081315032918164,40,6,1.0,True
BAAI_Gemma2-9B-IT-Simpo-Infinity-Preference,0.5825482455544304,0.2968571850667408,40,6,1.0,True
BAAI_Infinity-Instruct-3M-0613-Llama3-70B,0.8394596975514439,0.7618279569892473,40,6,1.0,True
BAAI_Infinity-Instruct-3M-0613-Mistral-7B,0.5071376924537855,0.39900420379731444,40,6,1.0,True
BAAI_Infinity-Instruct-3M-0625-Llama3-70B,0.8498265487865938,0.754106085083468,40,6,1.0,True
BAAI_Infinity-Instruct-3M-0625-Llama3-8B,0.46524672885844265,0.38402666736188357,40,6,1.0,True
BAAI_Infinity-Instruct-3M-0625-Mistral-7B,0.5054621063638441,0.4072296633892262,40,6,1.0,True
BAAI_Infinity-Instruct-3M-0625-Qwen2-7B,0.5443999628075801,0.45767833567842686,40,6,1.0,True
BAAI_Infinity-Instruct-3M-0625-Yi-1.5-9B,0.6549024483062988,0.5891253591954023,40,6,1.0,True
BAAI_Infinity-Instruct-7M-0729-Llama3_1-8B,0.5366927156804695,0.4559139784946237,40,6,1.0,True
BAAI_Infinity-Instruct-7M-0729-mistral-7B,0.505684044768225,0.4105143788976323,40,6,1.0,True
BAAI_Infinity-Instruct-7M-Gen-Llama3_1-70B,0.8597812485914089,0.8401992460958536,40,6,1.0,True
BAAI_Infinity-Instruct-7M-Gen-Llama3_1-8B,0.5366927156804695,0.4559139784946237,40,6,1.0,True
BAAI_Infinity-Instruct-7M-Gen-mistral-7B,0.5056571051130526,0.4105143788976323,40,6,1.0,True
BAAI_OPI-Llama-3.1-8B-Instruct,0.2327405019967738,0.1084005376344086,40,6,1.0,True
BEE-spoke-data_Meta-Llama-3-8Bee,0.44150594965469026,0.32364360284575455,40,6,1.0,True
BEE-spoke-data_smol_llama-101M-GQA,0.17221593187256168,0.04841229838709678,40,6,1.0,True
BEE-spoke-data_smol_llama-220M-GQA,0.18627233424093395,0.06105380399517983,40,6,1.0,True
BEE-spoke-data_smol_llama-220M-GQA-fineweb_edu,0.17761320488424132,0.05479256779057447,40,6,1.0,True
BEE-spoke-data_smol_llama-220M-openhermes,0.17883933577041117,0.049928778640540586,40,6,1.0,True
BEE-spoke-data_tFINE-900m-e16-d32-flan,0.16665954109113787,0.04960958535271944,40,6,1.0,True
BEE-spoke-data_tFINE-900m-e16-d32-flan-infinity-instruct-7m-T2T_en-1024,0.2058835486690022,0.05093684315666962,40,6,1.0,True
BEE-spoke-data_tFINE-900m-e16-d32-instruct_2e,0.20769222787274705,0.06339884395573853,40,6,1.0,True
BEE-spoke-data_tFINE-900m-instruct-orpo,0.1605719611411935,0.05721192262928414,40,6,1.0,True
BSC-LT_salamandra-7b,0.1986358399880604,0.09359518039849218,40,6,1.0,True
BSC-LT_salamandra-7b-instruct,0.29037977505820806,0.14402895578420466,40,6,1.0,True
Ba2han_Llama-Phi-3_DoRA,0.6243307185764952,0.5133064516129032,40,6,1.0,True
Baptiste-HUVELLE-10_LeTriomphant2.2_ECE_iLAB,0.947918018469521,0.9520059904523545,40,6,1.0,True
BenevolenceMessiah_Qwen2.5-72B-2x-Instruct-TIES-v1.0,0.8417503534955222,0.7323264546543369,40,6,1.0,True
BenevolenceMessiah_Yi-Coder-9B-Chat-Instruct-TIES-MoE-v1.0,0.46049975472732524,0.3163457554593059,40,6,1.0,True
BlackBeenie_Bloslain-8B-v0.2,0.5996895438843599,0.5248384491114702,40,6,1.0,True
BlackBeenie_Llama-3.1-8B-OpenO1-SFT-v0.1,0.4627758572816278,0.29018817204301073,40,6,1.0,True
BlackBeenie_Llama-3.1-8B-pythonic-passthrough-merge,0.23360003542817126,0.12089387513904339,40,6,1.0,True
BlackBeenie_Neos-Gemma-2-9b,0.6063204853355281,0.4472811028888078,40,6,1.0,True
BlackBeenie_Neos-Llama-3.1-8B,0.46249319011734,0.32768817204301076,40,6,1.0,True
BlackBeenie_Neos-Llama-3.1-base,0.14306106940963992,0.050134408602150536,40,6,1.0,True
BlackBeenie_Neos-Phi-3-14B-v0.1,0.7106478614798469,0.6424464102697727,40,6,1.0,True
BlackBeenie_llama-3-luminous-merged,0.5767906432246414,0.5008008029755283,40,6,1.0,True
BlackBeenie_llama-3.1-8B-Galore-openassistant-guanaco,0.5540888054850106,0.39853637934928,40,6,1.0,True
Bllossom_llama-3.2-Korean-Bllossom-AICA-5B,0.4107007191872903,0.3351910108453838,40,6,1.0,True
BoltMonkey_DreadMix,0.6503237994508123,0.5921052860145569,40,6,1.0,True
BoltMonkey_NeuralDaredevil-SuperNova-Lite-7B-DARETIES-abliterated,0.5711695420970873,0.5152159807193177,40,6,1.0,True
BoltMonkey_SuperNeuralDreadDevil-8b,0.61574302713259,0.513739224137931,40,6,1.0,True
BrainWave-ML_llama3.2-3B-maths-orpo,0.15627770768828286,0.05907258064516129,40,6,1.0,True
BramVanroy_GEITje-7B-ultra,0.25028776507063283,0.16922726996369447,40,6,1.0,True
BramVanroy_fietje-2,0.2800047153404983,0.1709073774905762,40,6,1.0,True
BramVanroy_fietje-2-chat,0.27672686046614803,0.16148415594303012,40,6,1.0,True
BramVanroy_fietje-2-instruct,0.2596590306430049,0.0918010752688172,40,6,1.0,True
CYFRAGOVPL_Llama-PLLuM-8B-base,0.4078153066762013,0.30496832088045234,40,6,1.0,True
CYFRAGOVPL_Llama-PLLuM-8B-chat,0.39107398508065266,0.2830645161290323,40,6,1.0,True
CYFRAGOVPL_PLLuM-12B-base,0.4206158093878467,0.2896708147942158,40,6,1.0,True
CYFRAGOVPL_PLLuM-12B-chat,0.3886966117310534,0.24680329007938576,40,6,1.0,True
CYFRAGOVPL_PLLuM-12B-nc-base,0.33603651038100735,0.22917926068754668,40,6,1.0,True
CYFRAGOVPL_PLLuM-12B-nc-chat,0.4316368609732407,0.2760554261679644,40,6,1.0,True
CarrotAI_Llama-3.2-Rabbit-Ko-3B-Instruct,0.364144036340826,0.2633610618930985,40,6,1.0,True
CarrotAI_Llama-3.2-Rabbit-Ko-3B-Instruct-2412,0.47639744604843504,0.3212745063959956,40,6,1.0,True
Casual-Autopsy_L3-Umbral-Mind-RP-v2.0-8B,0.598219412313905,0.4941532258064516,40,6,1.0,True
CausalLM_14B,0.4660025775859449,0.3333333333333333,40,6,1.0,True
CausalLM_34b-beta,0.6038042034266818,0.4468901453957997,40,6,1.0,True
CausalLM_preview-1-hf,0.27843103498816674,0.15147849462365592,40,6,1.0,True
Changgil_K2S3-14b-v0.2,0.41655406373282133,0.32532722740458947,40,6,1.0,True
Changgil_K2S3-v0.1,0.4167492753617898,0.3297715053763441,40,6,1.0,True
ClaudioItaly_Albacus,0.5258310385700126,0.4414410108453838,40,6,1.0,True
ClaudioItaly_Book-Gut12B,0.6052993729841705,0.49811762815501937,40,6,1.0,True
ClaudioItaly_Evolutionstory-7B-v2.2,0.52468957128403,0.4378752722932888,40,6,1.0,True
ClaudioItaly_intelligence-cod-rag-7b-v3,0.5832087478989998,0.475566167269188,40,6,1.0,True
CohereForAI_aya-23-35B,0.537214887292311,0.3274771136241249,40,6,1.0,True
CohereForAI_aya-23-8B,0.3630687586555815,0.2282210949250738,40,6,1.0,True
CohereForAI_aya-expanse-32b,0.6552332040209294,0.5562809950871338,40,6,1.0,True
CohereForAI_aya-expanse-8b,0.5088456599933331,0.44240591397849466,40,6,1.0,True
CohereForAI_c4ai-command-r-plus,0.7149042260558611,0.5862277867528272,40,6,1.0,True
CohereForAI_c4ai-command-r-plus-08-2024,0.7471659092003291,0.6787383014873822,40,6,1.0,True
CohereForAI_c4ai-command-r-v01,0.5416722722507596,0.3514112903225806,40,6,1.0,True
CohereForAI_c4ai-command-r7b-12-2024,0.6808158840721876,0.5459890329532814,40,6,1.0,True
Columbia-NLP_LION-Gemma-2b-dpo-v1.0,0.3538746920146046,0.22936450702607097,40,6,1.0,True
Columbia-NLP_LION-Gemma-2b-odpo-v1.0,0.34313866838745016,0.21397849462365592,40,6,1.0,True
Columbia-NLP_LION-Gemma-2b-sft-v1.0,0.33796311474658014,0.23633580135335558,40,6,1.0,True
Columbia-NLP_LION-LLaMA-3-8b-dpo-v1.0,0.5286794212341707,0.442002688172043,40,6,1.0,True
Columbia-NLP_LION-LLaMA-3-8b-odpo-v1.0,0.5087383606388478,0.43974645824048797,40,6,1.0,True
Columbia-NLP_LION-LLaMA-3-8b-sft-v1.0,0.5450517868506517,0.449007678009971,40,6,1.0,True
CombinHorizon_Josiefied-abliteratedV4-Qwen2.5-14B-Inst-BaseMerge-TIES,0.6510123810522057,0.35813838292547273,40,6,1.0,True
CombinHorizon_Rombos-Qwen2.5-7B-Inst-BaseMerge-TIES,0.5013866394875042,0.2137768817204301,40,6,1.0,True
CombinHorizon_YiSM-blossom5.1-34B-SLERP,0.809894571053227,0.7736524397658381,40,6,1.0,True
CombinHorizon_huihui-ai-abliterated-Qwen2.5-32B-Inst-BaseMerge-TIES,0.7306306490351497,0.7395608836206897,40,6,1.0,True
CombinHorizon_huihui-ai-abliteratedV2-Qwen2.5-14B-Inst-BaseMerge-TIES,0.6303380061680752,0.28454967324805336,40,6,1.0,True
CombinHorizon_zetasepic-abliteratedV2-Qwen2.5-32B-Inst-BaseMerge-TIES,0.7463302979506115,0.7250672043010753,40,6,1.0,True
ContactDoctor_Bio-Medical-3B-CoT-012025,0.44952328167987765,0.3323924731182796,40,6,1.0,True
ContactDoctor_Bio-Medical-Llama-3-8B,0.5068059179908733,0.3981182795698925,40,6,1.0,True
CoolSpring_Qwen2-0.5B-Abyme,0.16864191368299936,0.06041666666666667,40,6,1.0,True
CoolSpring_Qwen2-0.5B-Abyme-merge2,0.19216203318824004,0.10805452238598443,40,6,1.0,True
CoolSpring_Qwen2-0.5B-Abyme-merge3,0.19444062604731788,0.107997311827957,40,6,1.0,True
Corianas_Neural-Mistral-7B,0.3847712314498384,0.26241889814634284,40,6,1.0,True
Corianas_Quokka_2.7b,0.18482837309921632,0.08008333912680757,40,6,1.0,True
Corianas_llama-3-reactor,0.4310880399649014,0.32809139784946234,40,6,1.0,True
CortexLM_btlm-7b-base-v0.2,0.31852237041972986,0.2020975558913961,40,6,1.0,True
Cran-May_SCE-2-24B,0.7982278233574761,0.7575025622318342,40,6,1.0,True
Cran-May_SCE-3-24B,0.7543257755449722,0.703141882502128,40,6,1.0,True
Cran-May_T.E-8.1,0.6455583348710843,0.5065130630395887,40,6,1.0,True
Cran-May_merge_model_20250308_2,0.9029512726138298,0.8535951404338153,40,6,1.0,True
Cran-May_merge_model_20250308_3,0.7982933871647235,0.7062904094827587,40,6,1.0,True
Cran-May_merge_model_20250308_4,0.9011142832098417,0.8874327956989247,40,6,1.0,True
Cran-May_tempmotacilla-cinerea-0308,0.8905399673817106,0.8725606576751946,40,6,1.0,True
CreitinGameplays_Llama-3.1-8B-R1-v0.1,0.2988118149427309,0.11105872844827587,40,6,1.0,True
CultriX_Qwen2.5-14B-Broca,0.8802445625062146,0.8699596774193549,40,6,1.0,True
CultriX_Qwen2.5-14B-BrocaV9,0.8400777728288343,0.8087365591397849,40,6,1.0,True
CultriX_Qwen2.5-14B-Brocav3,0.8673952095521156,0.8233198924731182,40,6,1.0,True
CultriX_Qwen2.5-14B-Brocav6,0.849620721973212,0.8232163341212458,40,6,1.0,True
CultriX_Qwen2.5-14B-Brocav7,0.8589114536910664,0.8233198924731182,40,6,1.0,True
CultriX_Qwen2.5-14B-Emerged,0.8292472377716326,0.7779569892473118,40,6,1.0,True
CultriX_Qwen2.5-14B-Emergedv3,0.8064963515806619,0.7591210752534678,40,6,1.0,True
CultriX_Qwen2.5-14B-FinalMerge,0.718009118137569,0.5614247311827957,40,6,1.0,True
CultriX_Qwen2.5-14B-Hyper,0.8802108531904429,0.8637096774193549,40,6,1.0,True
CultriX_Qwen2.5-14B-HyperMarck-dl,0.8294754091914939,0.7750412785038933,40,6,1.0,True
CultriX_Qwen2.5-14B-Hyperionv3,0.8794580549283504,0.8658602150537634,40,6,1.0,True
CultriX_Qwen2.5-14B-Hyperionv4,0.8708243022055111,0.8603494623655914,40,6,1.0,True
CultriX_Qwen2.5-14B-Hyperionv5,0.8539366999483511,0.8296985076010382,40,6,1.0,True
CultriX_Qwen2.5-14B-MegaMerge-pt2,0.8738000614435848,0.8422715053763441,40,6,1.0,True
CultriX_Qwen2.5-14B-MergeStock,0.8748586960169874,0.8622007834349541,40,6,1.0,True
CultriX_Qwen2.5-14B-ReasoningMerge,0.9154598762038446,0.9017473118279571,40,6,1.0,True
CultriX_Qwen2.5-14B-Ultimav2,0.8954052842680913,0.8690188172043011,40,6,1.0,True
CultriX_Qwen2.5-14B-Unity,0.7669573790854195,0.6985060885576806,40,6,1.0,True
CultriX_Qwen2.5-14B-Wernicke,0.8740977625331098,0.8558467741935484,40,6,1.0,True
CultriX_Qwen2.5-14B-Wernicke-SFT,0.8428392458920057,0.827755376344086,40,6,1.0,True
CultriX_Qwen2.5-14B-Wernicke-SLERP,0.7931329898701618,0.7313172043010752,40,6,1.0,True
CultriX_Qwen2.5-14B-Wernickev3,0.8228218699618302,0.8091397849462365,40,6,1.0,True
CultriX_Qwen2.5-14B-partialmergept1,0.7916512446769296,0.7728890901037052,40,6,1.0,True
CultriX_Qwenfinity-2.5-14B,0.7000963735078856,0.5820645624768261,40,6,1.0,True
CultriX_Qwestion-14B,0.8523409725017566,0.837440037541713,40,6,1.0,True
CultriX_SeQwence-14B,0.8615143513622507,0.8342069892473118,40,6,1.0,True
CultriX_SeQwence-14B-EvolMerge,0.8797842153135058,0.8752788109473488,40,6,1.0,True
CultriX_SeQwence-14B-EvolMergev1,0.876558740816735,0.8435483870967742,40,6,1.0,True
CultriX_SeQwence-14B-v5,0.8646412628109721,0.8460019234334446,40,6,1.0,True
CultriX_SeQwence-14Bv1,0.848446605371335,0.8185365104746014,40,6,1.0,True
CultriX_SeQwence-14Bv2,0.8181523813256877,0.7812264404954228,40,6,1.0,True
CultriX_SeQwence-14Bv3,0.8204571407293481,0.7658196101933399,40,6,1.0,True
DRXD1000_Atlas-7B,0.18596399302417035,0.0993659561901784,40,6,1.0,True
DRXD1000_Phoenix-7B,0.2606649464025951,0.12727278859812824,40,6,1.0,True
DUAL-GPO_zephyr-7b-ipo-0k-15k-i1,0.41408482307983857,0.29495967741935486,40,6,1.0,True
DZgas_GIGABATEMAN-7B,0.5128178554772834,0.39416125992321993,40,6,1.0,True
Daemontatox_AetherDrake-SFT,0.5588319617961649,0.44055851988320355,40,6,1.0,True
Daemontatox_AetherSett,0.720555201083535,0.629854352057842,40,6,1.0,True
Daemontatox_AetherTOT,0.5968706604631755,0.5254158266129032,40,6,1.0,True
Daemontatox_AetherUncensored,0.4275407322419813,0.3560483870967742,40,6,1.0,True
Daemontatox_Cogito-MIS,0.47701042185177933,0.33453161099240886,40,6,1.0,True
Daemontatox_CogitoDistil,0.36503439238884616,0.16998719642195032,40,6,1.0,True
Daemontatox_CogitoZ,0.9005537258534734,0.8958333333333334,40,6,1.0,True
Daemontatox_CogitoZ14,0.7807368172816472,0.7172043010752689,40,6,1.0,True
Daemontatox_DocumentCogito,0.6173034212889419,0.5588037634408602,40,6,1.0,True
Daemontatox_Llama3.3-70B-CogniLink,0.9129592824429317,0.8797142948183166,40,6,1.0,True
Daemontatox_Llama_cot,0.5527276787405665,0.37338666226362627,40,6,1.0,True
Daemontatox_MawaredT1,0.6678209577470225,0.5663611530911807,40,6,1.0,True
Daemontatox_Mini_QwQ,0.7317228249697278,0.614986559139785,40,6,1.0,True
Daemontatox_NemoR,0.5639163256144789,0.47059217996848346,40,6,1.0,True
Daemontatox_PathFinderAI2.0,0.8990839216985471,0.890255376344086,40,6,1.0,True
Daemontatox_PathFinderAi3.0,0.9095879164487796,0.9149193548387097,40,6,1.0,True
Daemontatox_PathfinderAI,0.8969384421695963,0.8800403225806451,40,6,1.0,True
Daemontatox_Phi-4-COT,0.7736018388693114,0.7506418607882989,40,6,1.0,True
Daemontatox_PixelParse_AI,0.5846542620474688,0.49153225806451617,40,6,1.0,True
Daemontatox_RA2.0,0.5968325903647205,0.3973203733314794,40,6,1.0,True
Daemontatox_RA_Reasoner,0.7785498353249407,0.7279569892473118,40,6,1.0,True
Daemontatox_RA_Reasoner2.0,0.7640066957867834,0.7336021505376343,40,6,1.0,True
Daemontatox_ReasonTest,0.677060199190501,0.6176075268817205,40,6,1.0,True
Daemontatox_Research_PathfinderAI,0.2677230701675274,0.03931451612903226,40,6,1.0,True
Daemontatox_SphinX,0.6802977655524552,0.6119623655913978,40,6,1.0,True
Daemontatox_Sphinx2.0,0.7039878077972713,0.5389276203855867,40,6,1.0,True
Daemontatox_TinySphinx,0.19611188397211674,0.08306408185245019,40,6,1.0,True
Daemontatox_TinySphinx2.0,0.21390358818405303,0.11485215053763441,40,6,1.0,True
Daemontatox_Zirel-7B-Math,0.7129809276441679,0.6401209677419355,40,6,1.0,True
Daemontatox_Zirel_1.5,0.39453594598992,0.24973118279569895,40,6,1.0,True
Daemontatox_mini-Cogito-R1,0.3555148473126591,0.14456557633481645,40,6,1.0,True
Daemontatox_mini_Pathfinder,0.42841335024428806,0.22829301075268818,40,6,1.0,True
Dampfinchen_Llama-3.1-8B-Ultra-Instruct,0.606321002723663,0.5039063225354206,40,6,1.0,True
Danielbrdz_Barcenas-10b,0.7815739008132129,0.7493951612903226,40,6,1.0,True
Danielbrdz_Barcenas-14b-Phi-3-medium-ORPO,0.799787712433316,0.744275323275862,40,6,1.0,True
Danielbrdz_Barcenas-14b-phi-4,0.8771391059585442,0.8519071256101586,40,6,1.0,True
Danielbrdz_Barcenas-14b-phi-4-v2,0.8603408106448154,0.8539733050185001,40,6,1.0,True
Danielbrdz_Barcenas-3b-GRPO,0.45383624339824724,0.3178763440860215,40,6,1.0,True
Danielbrdz_Barcenas-Llama3-8b-ORPO,0.5350707792911693,0.4254173397953689,40,6,1.0,True
Danielbrdz_Barcenas-R1-Qwen-1.5b,0.4027781972508945,0.20053763440860214,40,6,1.0,True
Dans-DiscountModels_12b-mn-dans-reasoning-test-2,0.45409999028306147,0.36498655913978495,40,6,1.0,True
Dans-DiscountModels_12b-mn-dans-reasoning-test-3,0.4948317567127928,0.3799059139784946,40,6,1.0,True
Dans-DiscountModels_Dans-Instruct-CoreCurriculum-12b-ChatML,0.5157990810080444,0.32936502249552696,40,6,1.0,True
Dans-DiscountModels_Dans-Instruct-Mix-8b-ChatML,0.44602641843435953,0.3396642173467438,40,6,1.0,True
Dans-DiscountModels_Dans-Instruct-Mix-8b-ChatML-V0.1.0,0.4454274709111437,0.38227717268574013,40,6,1.0,True
Dans-DiscountModels_Dans-Instruct-Mix-8b-ChatML-V0.1.1,0.43746274957519515,0.36094495664122705,40,6,1.0,True
Dans-DiscountModels_Dans-Instruct-Mix-8b-ChatML-V0.2.0,0.40753036398217846,0.29811827956989245,40,6,1.0,True
Dans-DiscountModels_Mistral-7b-v0.3-Test-E0.7,0.43904732210365227,0.31827055865339515,40,6,1.0,True
Dans-DiscountModels_mistral-7b-test-merged,0.4443372125089026,0.31690333008898774,40,6,1.0,True
Darkknight535_OpenCrystal-12B-L3,0.564047919655126,0.4665074909621802,40,6,1.0,True
DavidAU_DeepHermes-3-Llama-3-8B-Preview-16.5B-Brainstorm,0.4979240595937163,0.36384408602150536,40,6,1.0,True
DavidAU_DeepSeek-BlackRoot-R1-Distill-Llama-3.1-8B,0.5239698625108419,0.3869672900444939,40,6,1.0,True
DavidAU_DeepSeek-Grand-Horror-SMB-R1-Distill-Llama-3.1-16B,0.4155668122026703,0.25087582846681494,40,6,1.0,True
DavidAU_DeepSeek-MOE-4X8B-R1-Distill-Llama-3.1-Deep-Thinker-Uncensored-24B,0.5417825371574156,0.41721357063403786,40,6,1.0,True
DavidAU_DeepSeek-MOE-4X8B-R1-Distill-Llama-3.1-Mad-Scientist-24B,0.5271108428829256,0.4133777113459399,40,6,1.0,True
DavidAU_DeepSeek-R1-Distill-Qwen-25.5B-Brainstorm,0.790534307302458,0.6964381720430107,40,6,1.0,True
DavidAU_DeepSeek-V2-Grand-Horror-SMB-R1-Distill-Llama-3.1-Uncensored-16.5B,0.40263465660309306,0.23416671009432488,40,6,1.0,True
DavidAU_DeepThought-MOE-8X3B-R1-Llama-3.2-Reasoning-18B,0.4063297256695422,0.28098118279569895,40,6,1.0,True
DavidAU_Gemma-The-Writer-9B,0.5746333748647753,0.1696236559139785,40,6,1.0,True
DavidAU_Gemma-The-Writer-DEADLINE-10B,0.5960693160458309,0.29062310003995345,40,6,1.0,True
DavidAU_Gemma-The-Writer-J.GutenBerg-10B,0.6271463937092341,0.3943861066235864,40,6,1.0,True
DavidAU_Gemma-The-Writer-Mighty-Sword-9B,0.6045431704710044,0.27231182795698927,40,6,1.0,True
DavidAU_Gemma-The-Writer-N-Restless-Quill-10B-Uncensored,0.6023241405638362,0.39668540855580275,40,6,1.0,True
DavidAU_L3-DARKEST-PLANET-16.5B,0.5855503833978983,0.45483870967741935,40,6,1.0,True
DavidAU_L3-Dark-Planet-8B,0.5347181756271029,0.44601507808292945,40,6,1.0,True
DavidAU_L3-Jamet-12.2B-MK.V-Blackroot-Instruct,0.44439072904855087,0.26470807928153284,40,6,1.0,True
DavidAU_L3-Lumimaid-12.2B-v0.1-OAS-Instruct,0.4406329413650242,0.3305735056542811,40,6,1.0,True
DavidAU_L3-SMB-Instruct-12.2B-F32,0.47846019413361224,0.37875240237312685,40,6,1.0,True
DavidAU_L3-Stheno-Maid-Blackroot-Grand-HORROR-16B,0.4316165294820638,0.2628360215053763,40,6,1.0,True
DavidAU_L3-Stheno-v3.2-12.2B-Instruct,0.46979768109314757,0.3704227248249865,40,6,1.0,True
DavidAU_L3.1-Dark-Planet-SpinFire-Uncensored-8B,0.5605475956745004,0.4603540971449759,40,6,1.0,True
DavidAU_L3.1-MOE-2X8B-Deepseek-DeepHermes-e32-uncensored-abliterated-13.7B,0.5267065934379012,0.3109543010752688,40,6,1.0,True
DavidAU_Qwen2.5-MOE-2X1.5B-DeepSeek-Uncensored-Censored-4B,0.20167880053219847,0.06975806451612904,40,6,1.0,True
DavidAU_Qwen2.5-MOE-2X7B-DeepSeek-Abliterated-Censored-19B,0.3857303259464758,0.21424731182795698,40,6,1.0,True
DavidAU_Qwen2.5-MOE-6x1.5B-DeepSeek-Reasoning-e32,0.2454324936848323,0.07835311804783093,40,6,1.0,True
Davidsv_SUONG-1,0.1481586749667404,0.0514072732641965,40,6,1.0,True
DavieLion_Llama-3.2-1B-SPIN-iter0,0.13884137797007745,0.050822238830181686,40,6,1.0,True
DavieLion_Llama-3.2-1B-SPIN-iter1,0.14688615283566883,0.06122311827956989,40,6,1.0,True
DavieLion_Llama-3.2-1B-SPIN-iter2,0.16165331310633996,0.0514072732641965,40,6,1.0,True
DavieLion_Llama-3.2-1B-SPIN-iter3,0.1606225816222836,0.0514072732641965,40,6,1.0,True
DavieLion_Lllma-3.2-1B,0.1379757315342228,0.04639530033370412,40,6,1.0,True
DebateLabKIT_Llama-3.1-Argunaut-1-8B-SFT,0.5136328030703953,0.3824596774193548,40,6,1.0,True
Deci_DeciLM-7B,0.4150376546576838,0.2728190630048465,40,6,1.0,True
Deci_DeciLM-7B-instruct,0.40568741464686875,0.3053383968298109,40,6,1.0,True
DeepAutoAI_Explore_Llama-3.1-8B-Inst,0.5956688975005436,0.47466397849462366,40,6,1.0,True
DeepAutoAI_Explore_Llama-3.2-1B-Inst,0.2746873750050915,0.14186827956989248,40,6,1.0,True
DeepAutoAI_Explore_Llama-3.2-1B-Inst_v0,0.24875864591794242,0.11165000092845338,40,6,1.0,True
DeepAutoAI_Explore_Llama-3.2-1B-Inst_v1,0.2007740486834531,0.10839966908124446,40,6,1.0,True
DeepAutoAI_Explore_Llama-3.2-1B-Inst_v1.1,0.22476844840614504,0.1064377085650723,40,6,1.0,True
DeepAutoAI_causal_gpt2,0.20098688880625154,0.07933114892212553,40,6,1.0,True
DeepAutoAI_d2nwg_Llama-3.1-8B-Instruct-v0.0,0.5887072464298347,0.4615591397849462,40,6,1.0,True
DeepAutoAI_d2nwg_causal_gpt2,0.19449537627407765,0.08578938454322789,40,6,1.0,True
DeepAutoAI_d2nwg_causal_gpt2_v1,0.1873815441596763,0.07630206976219014,40,6,1.0,True
DeepAutoAI_ldm_soup_Llama-3.1-8B-Inst,0.6082257849483705,0.45472004360136886,40,6,1.0,True
DeepAutoAI_ldm_soup_Llama-3.1-8B-Instruct-v0.0,0.6005780757601487,0.44507020080949156,40,6,1.0,True
DeepAutoAI_ldm_soup_Llama-3.1-8B-Instruct-v0.1,0.6005780757601487,0.44507020080949156,40,6,1.0,True
DeepMount00_Lexora-Lite-3B,0.5177568487195281,0.4192876344086022,40,6,1.0,True
DeepMount00_Lexora-Lite-3B_v2,0.547770586343207,0.41216397849462366,40,6,1.0,True
DeepMount00_Lexora-Medium-7B,0.614467028729792,0.5675403225806452,40,6,1.0,True
DeepMount00_Llama-3-8b-Ita,0.5297710721058986,0.3950940860215054,40,6,1.0,True
DeepMount00_Llama-3.1-8b-ITA,0.6467990378424495,0.526479073971079,40,6,1.0,True
DeepMount00_Llama-3.1-Distilled,0.6397639645940293,0.5518815032918165,40,6,1.0,True
DeepMount00_Qwen2-1.5B-Ita,0.3726108404167213,0.2729166666666667,40,6,1.0,True
DeepMount00_Qwen2-1.5B-Ita_v2,0.35083839256192034,0.2631720430107527,40,6,1.0,True
DeepMount00_Qwen2-1.5B-Ita_v3,0.35611407379306304,0.2566532258064516,40,6,1.0,True
DeepMount00_Qwen2-1.5B-Ita_v5,0.3662984874951556,0.24986559139784947,40,6,1.0,True
DeepMount00_Qwen2-1.5B-Ita_v6,0.40673768239990826,0.3085637687708565,40,6,1.0,True
DeepMount00_Qwen2.5-7B-Instruct-MathCoder,0.16644807928172,0.059639472098628105,40,6,1.0,True
DeepMount00_mergekit-ties-okvgjfz,0.16644807928172,0.059639472098628105,40,6,1.0,True
Delta-Vector_Baldur-8B,0.6353887711584417,0.5477950037078234,40,6,1.0,True
Delta-Vector_Control-8B,0.6001014521104494,0.46506535038932145,40,6,1.0,True
Delta-Vector_Control-8B-V1.1,0.5720586217790904,0.4370295698924731,40,6,1.0,True
Delta-Vector_Darkens-8B,0.542522759696273,0.3791554091694056,40,6,1.0,True
Delta-Vector_Henbane-7b-attempt2,0.5919067127666233,0.4793010752688172,40,6,1.0,True
Delta-Vector_Odin-9B,0.647412305050996,0.5008750673128702,40,6,1.0,True
Delta-Vector_Tor-8B,0.5403224667411526,0.42558866190699535,40,6,1.0,True
DevQuasar_DevQuasar-R1-Uncensored-Llama-8B,0.6534572771099777,0.4761840412958843,40,6,1.0,True
Dongwei_DeepSeek-R1-Distill-Qwen-7B-GRPO,0.20037580858743004,0.08444529852172251,40,6,1.0,True
DoppelReflEx_L3-8B-R1-WolfCore,0.6565172024488481,0.6059139784946237,40,6,1.0,True
DoppelReflEx_L3-8B-R1-WolfCore-V1.5-test,0.6181718081363814,0.5324671686903956,40,6,1.0,True
DoppelReflEx_L3-8B-WolfCore,0.5794946019701631,0.5254032258064516,40,6,1.0,True
DoppelReflEx_MN-12B-FoxFrame-test,0.6151839879893698,0.4952278432087828,40,6,1.0,True
DoppelReflEx_MN-12B-FoxFrame2-test,0.6597157085102636,0.5807429261679644,40,6,1.0,True
DoppelReflEx_MN-12B-FoxFrame3-test,0.6363521522878439,0.4903814251220317,40,6,1.0,True
DoppelReflEx_MN-12B-Kakigori,0.6322581458259956,0.5587897044384713,40,6,1.0,True
DoppelReflEx_MN-12B-LilithFrame,0.5310012796464899,0.39752570917365854,40,6,1.0,True
DoppelReflEx_MN-12B-LilithFrame-Experiment-2,0.5318249677577717,0.4217741935483871,40,6,1.0,True
DoppelReflEx_MN-12B-LilithFrame-Experiment-3,0.6462676302019221,0.5965367745877668,40,6,1.0,True
DoppelReflEx_MN-12B-LilithFrame-Experiment-4,0.649944215464941,0.5381123299807181,40,6,1.0,True
DoppelReflEx_MN-12B-Mimicore-GreenSnake,0.669324312341751,0.5945810738783834,40,6,1.0,True
DoppelReflEx_MN-12B-Mimicore-Nocturne,0.6777308609630578,0.5698430741570691,40,6,1.0,True
DoppelReflEx_MN-12B-Mimicore-Orochi,0.6536914557027778,0.5298465308676307,40,6,1.0,True
DoppelReflEx_MN-12B-Mimicore-Orochi-v2-Experiment,0.5006538449266836,0.24422043010752686,40,6,1.0,True
DoppelReflEx_MN-12B-Mimicore-Orochi-v3-Experiment,0.5833957299633395,0.438610662358643,40,6,1.0,True
DoppelReflEx_MN-12B-Mimicore-Orochi-v4-Experiment,0.6344393715823181,0.5073924731182795,40,6,1.0,True
DoppelReflEx_MN-12B-Mimicore-WhiteSnake,0.6747308689045164,0.583500312679139,40,6,1.0,True
DoppelReflEx_MN-12B-Mimicore-WhiteSnake-v2-Experiment-1,0.4593844053169979,0.2823101777059774,40,6,1.0,True
DoppelReflEx_MN-12B-Mimicore-WhiteSnake-v2-Experiment-2,0.529937906638247,0.38637446366842115,40,6,1.0,True
DoppelReflEx_MN-12B-Mimicore-WhiteSnake-v2-Experiment-3,0.444039684170671,0.28922885507321905,40,6,1.0,True
DoppelReflEx_MN-12B-Mimicore-WhiteSnake-v2-Experiment-4,0.529937906638247,0.38637446366842115,40,6,1.0,True
DoppelReflEx_MN-12B-Unleashed-Twilight,0.6389662147981393,0.5367716096027237,40,6,1.0,True
DoppelReflEx_MN-12B-WolFrame,0.5602528681628394,0.44103794274497543,40,6,1.0,True
DoppelReflEx_MiniusLight-24B,0.7494118883794625,0.6899802621293449,40,6,1.0,True
DoppelReflEx_MiniusLight-24B-test,0.6512547535268874,0.3895663092701428,40,6,1.0,True
DoppelReflEx_MiniusLight-24B-v1b-test,0.8361746804126812,0.8145833333333333,40,6,1.0,True
DoppelReflEx_MiniusLight-24B-v1c-test,0.8844499884046281,0.8818472388694911,40,6,1.0,True
DoppelReflEx_MiniusLight-24B-v1d-test,0.8763780941832096,0.8701400107700592,40,6,1.0,True
DreadPoor_Again-8B-Model_Stock,0.5917874659626369,0.5176972049959178,40,6,1.0,True
DreadPoor_Alita99-8B-LINEAR,0.6756402673021031,0.6086021505376343,40,6,1.0,True
DreadPoor_AnotherTest,0.4650838378429213,0.358852718298109,40,6,1.0,True
DreadPoor_Aspire-8B-model_stock,0.6441516569355018,0.5542679076288468,40,6,1.0,True
DreadPoor_Aspire_1.3-8B_model-stock,0.6493230787014366,0.5778225806451613,40,6,1.0,True
DreadPoor_Aspire_V2-8B-Model_Stock,0.6673031818050617,0.618410067899518,40,6,1.0,True
DreadPoor_Aspire_V2.1-8B-Model_Stock,0.6512412814764416,0.5776125672043011,40,6,1.0,True
DreadPoor_Aspire_V2_ALT-8B-Model_Stock,0.6565647820111258,0.5751344086021505,40,6,1.0,True
DreadPoor_Aspire_V2_ALT_ROW-8B-Model_Stock,0.6565647820111258,0.5751344086021505,40,6,1.0,True
DreadPoor_Aspire_V3-8B-Model_Stock,0.6274574434219977,0.5728494623655914,40,6,1.0,True
DreadPoor_Aspire_V4-8B-Model_Stock,0.6563016199957861,0.6116263440860215,40,6,1.0,True
DreadPoor_Aspire_V4_ALT-8B-Model_Stock,0.6509595776527336,0.593481182795699,40,6,1.0,True
DreadPoor_Asymmetric_Linearity-8B-Model_Stock,0.6860149780542447,0.6061977672437004,40,6,1.0,True
DreadPoor_Aurora_faustus-8B-LINEAR,0.6898626116427755,0.6422092255283649,40,6,1.0,True
DreadPoor_Aurora_faustus-8B-LORABLATED,0.647051083477019,0.5816249978286171,40,6,1.0,True
DreadPoor_Aurora_faustus-8B-LORABLATED_ALT,0.6439236500072554,0.5679100910734148,40,6,1.0,True
DreadPoor_Autumn_Dawn-8B-LINEAR,0.6663793125676872,0.5698252688172043,40,6,1.0,True
DreadPoor_BaeZel-8B-LINEAR,0.6979232639737475,0.6262096774193548,40,6,1.0,True
DreadPoor_BaeZel-8B-Model_Stock,0.6780412724109179,0.5873312835478659,40,6,1.0,True
DreadPoor_BaeZel_V2-8B-Model_Stock,0.6614256603849308,0.5632408405172413,40,6,1.0,True
DreadPoor_BaeZel_V2_ALT-8B-Model_Stock,0.6614256603849308,0.5632408405172413,40,6,1.0,True
DreadPoor_BaeZel_V3-8B-Model_Stock,0.6970848544478983,0.6113575268817204,40,6,1.0,True
DreadPoor_Blunt_Edge-8B-SLERP,0.6847851667442375,0.5775875104282536,40,6,1.0,True
DreadPoor_BulkUp,0.131615105143789,0.04712704327131864,40,6,1.0,True
DreadPoor_Cadence-8B-LINEAR,0.6677062102683724,0.5811827956989247,40,6,1.0,True
DreadPoor_Caelid-8B-Model_Stock,0.6650460821972134,0.594018817204301,40,6,1.0,True
DreadPoor_Casuar-9B-Model_Stock,0.7821892454596009,0.7334551411290322,40,6,1.0,True
DreadPoor_Condensed_Milk-8B-Model_Stock,0.6863489389453175,0.6316532258064516,40,6,1.0,True
DreadPoor_CoolerCoder-8B-LINEAR,0.4865499166020493,0.4339304956896552,40,6,1.0,True
DreadPoor_Damasteel-8B-LINEAR,0.6637580576088851,0.5653002757693735,40,6,1.0,True
DreadPoor_Dearly_Beloved-8B-TIES,0.44632583220215516,0.2720430107526882,40,6,1.0,True
DreadPoor_Decayed-8B-LINEAR,0.6789526244915595,0.5959005376344086,40,6,1.0,True
DreadPoor_Derivative-8B-Model_Stock,0.6848292668525895,0.5950940860215054,40,6,1.0,True
DreadPoor_Derivative_V2-8B-Model_Stock,0.6829152021063313,0.5711693548387097,40,6,1.0,True
DreadPoor_Derivative_V2_ALT-8B-Model_Stock,0.6856867557678669,0.5864919354838709,40,6,1.0,True
DreadPoor_Derivative_V3-8B-Model_Stock,0.6206920946321992,0.545315541573971,40,6,1.0,True
DreadPoor_Elusive_Dragon_Heart-8B-LINEAR,0.6621643938418008,0.6085349462365591,40,6,1.0,True
DreadPoor_Emu_Eggs-9B-Model_Stock,0.7688070385554868,0.719018817204301,40,6,1.0,True
DreadPoor_Eunoia_Vespera-8B-LINEAR,0.6594844497723192,0.5939516129032258,40,6,1.0,True
DreadPoor_Fu_sion_HA-8B-SLERP,0.6805991790048014,0.614247311827957,40,6,1.0,True
DreadPoor_HOT_STINKING_GARBAGE,0.49750917395240507,0.35690400836536496,40,6,1.0,True
DreadPoor_H_the_eighth-8B-LINEAR,0.6911688743734438,0.6064516129032258,40,6,1.0,True
DreadPoor_Happy_New_Year-8B-Model_Stock,0.6665720490541232,0.577486559139785,40,6,1.0,True
DreadPoor_Heart_Stolen-8B-Model_Stock,0.6800517398898165,0.620766129032258,40,6,1.0,True
DreadPoor_Heart_Stolen-ALT-8B-Model_Stock,0.6383465018113451,0.5520833333333333,40,6,1.0,True
DreadPoor_Here_We_Go_Again-8B-SLERP,0.6872872389174114,0.6124327956989247,40,6,1.0,True
DreadPoor_Howdy-8B-LINEAR,0.6695130068737747,0.5811155913978494,40,6,1.0,True
DreadPoor_Incidental-8B-Model_Stock,0.6647452205288306,0.5629032258064517,40,6,1.0,True
DreadPoor_Irina-8B-model_stock,0.5915063663589817,0.48627902530589545,40,6,1.0,True
DreadPoor_Kindling-8B-Model_Stock,0.689411518986984,0.6324868197057342,40,6,1.0,True
DreadPoor_L3.1-BaeZel-8B-Della,0.686540440410926,0.6151061943826475,40,6,1.0,True
DreadPoor_Laughing_Stock-8B-Model_Stock,0.658238117092984,0.604233870967742,40,6,1.0,True
DreadPoor_Lava_Lamp-8B-SLERP,0.6623771850382882,0.5943548387096774,40,6,1.0,True
DreadPoor_LemonP-8B-Model_Stock,0.6752819622603916,0.5891702586206896,40,6,1.0,True
DreadPoor_Lydia_of_Whiterun-8B-LINEAR,0.6847064745406477,0.5750672043010753,40,6,1.0,True
DreadPoor_Machroom-3B-model_stock,0.2990651708711753,0.16599462365591397,40,6,1.0,True
DreadPoor_Matryoshka-8B-LINEAR,0.6949475111936662,0.6288306451612903,40,6,1.0,True
DreadPoor_Mercury_In_Retrograde-8b-Model-Stock,0.6751593461861232,0.6051075268817204,40,6,1.0,True
DreadPoor_Minthy-8B-Model_Stock,0.6772013999392312,0.5744623655913978,40,6,1.0,True
DreadPoor_Minthy_ALT-8B-Model_Stock,0.6580866188415837,0.6183389530033371,40,6,1.0,True
DreadPoor_Minthy_V2-8B-Model_Stock,0.6568864935883555,0.6175085118210086,40,6,1.0,True
DreadPoor_Minus_Penus-8B-Model_Stock,0.6848363728201562,0.5929435483870968,40,6,1.0,True
DreadPoor_Morphing-8B-Model_Stock,0.6762109088602082,0.5665994623655914,40,6,1.0,True
DreadPoor_Not_Even_My_Final_Form-8B-Model_Stock,0.6684143623707877,0.5630376344086022,40,6,1.0,True
DreadPoor_Nother_One-8B-Model_Stock,0.5919565120765579,0.5072580645161291,40,6,1.0,True
DreadPoor_Noxis-8B-LINEAR,0.7023313477768108,0.616789488320356,40,6,1.0,True
DreadPoor_Nullsworn-12B-LINEAR,0.6511321625592339,0.5915836933991606,40,6,1.0,True
DreadPoor_Nwah-8B-Model_Stock,0.6747543333408957,0.5811827956989247,40,6,1.0,True
DreadPoor_ONeil-model_stock-8B,0.6548032416116858,0.5722362481546989,40,6,1.0,True
DreadPoor_Oh_Boy-8B-LINEAR,0.6694828166022291,0.5809233928902484,40,6,1.0,True
DreadPoor_OrangeJ-8B-Model_Stock,0.664443396549403,0.5616603807471264,40,6,1.0,True
DreadPoor_Promissum_Mane-8B-LINEAR,0.6770868383852429,0.6103494623655914,40,6,1.0,True
DreadPoor_Promissum_Mane-8B-LINEAR-lorablated,0.6654283230385449,0.5770161290322581,40,6,1.0,True
DreadPoor_RPMash-8B-Model_Stock,0.5636664903915557,0.4919371124081505,40,6,1.0,True
DreadPoor_RPMash_V3-8B-Model_Stock,0.5905399021466291,0.5091537903660084,40,6,1.0,True
DreadPoor_Rusted_Gold-8B-LINEAR,0.6839971206199088,0.5641578026510938,40,6,1.0,True
DreadPoor_Rusted_Platinum-8B-LINEAR,0.6602489718876295,0.5911962365591398,40,6,1.0,True
DreadPoor_Rusted_Platinum-8B-Model_Stock,0.5406050935195901,0.3853013662341272,40,6,1.0,True
DreadPoor_Sellen-8B-model_stock,0.5923968952986864,0.5177419354838709,40,6,1.0,True
DreadPoor_Something-8B-Model_Stock,0.673824290262905,0.5998290925101964,40,6,1.0,True
DreadPoor_Spring_Dusk-8B-SCE,0.6438477505577459,0.5436290539718935,40,6,1.0,True
DreadPoor_Summer_Dawn-8B-SCE,0.6504162742968388,0.5926747311827957,40,6,1.0,True
DreadPoor_Summer_Dusk-8B-TIES,0.6645330559915792,0.5795436770022248,40,6,1.0,True
DreadPoor_Summer_Rain-8B-SCE,0.6781651429735847,0.544716200815182,40,6,1.0,True
DreadPoor_Summer_Rain-8B-TIES,0.6781112636632398,0.544716200815182,40,6,1.0,True
DreadPoor_Sun-8B-Model_Stock,0.6585441682261315,0.5432123655913978,40,6,1.0,True
DreadPoor_Sweetened_Condensed_Milk-8B-Model_Stock,0.6752566353250006,0.5980223975713755,40,6,1.0,True
DreadPoor_TEST02-Ignore,0.6214318611104497,0.5391948729306721,40,6,1.0,True
DreadPoor_TEST03-ignore,0.6588856412363285,0.6006048387096774,40,6,1.0,True
DreadPoor_TEST06-ignore,0.6587945992222406,0.5820202608837948,40,6,1.0,True
DreadPoor_TEST07-ignore,0.6871239963390858,0.6191998019698786,40,6,1.0,True
DreadPoor_TEST08-ignore,0.6829383231927879,0.6094758064516129,40,6,1.0,True
DreadPoor_Trinas_Nectar-8B-model_stock,0.6109512565764824,0.503225806451613,40,6,1.0,True
DreadPoor_UNTESTED-VENN_1.2-8B-Model_Stock,0.6698818205430269,0.5816861222575433,40,6,1.0,True
DreadPoor_VENN_1.2-8B-Model_Stock,0.6619884811272008,0.5833333333333334,40,6,1.0,True
DreadPoor_WIP-Acacia-8B-Model_Stock,0.6280685755855396,0.540406875695217,40,6,1.0,True
DreadPoor_WIP_Damascus-8B-TIES,0.6648517876733437,0.5831317204301075,40,6,1.0,True
DreadPoor_Wannabe-8B-Model_Stock,0.670632583133641,0.5517216354590273,40,6,1.0,True
DreadPoor_What_A_Thrill-8B-Model_Stock,0.6426836072720062,0.5975134408602151,40,6,1.0,True
DreadPoor_Winter-8B-SCE,0.656218006685089,0.55,40,6,1.0,True
DreadPoor_Winter_Dawn-8B-TIES,0.6793727210774791,0.5839083356507231,40,6,1.0,True
DreadPoor_Winter_Dusk-8B-TIES,0.5002849651332062,0.3612231182795699,40,6,1.0,True
DreadPoor_Winter_Night-8B-Model_Stock,0.5983903998734533,0.5263766567651607,40,6,1.0,True
DreadPoor_Yafune-8B-Model_Stock,0.6916077263026501,0.6236491066462737,40,6,1.0,True
DreadPoor_Yearn_V3-8B-Model_Stock,0.6695410495587076,0.5439516129032258,40,6,1.0,True
DreadPoor_ZEUS-8B-V17-Abliterated_ALT,0.653295106956145,0.5303091397849462,40,6,1.0,True
DreadPoor_Zelus-8B-Model_Stock,0.6591395505164372,0.5605510752688172,40,6,1.0,True
DreadPoor_Zelus_V2-8B-Model_Stock,0.6670212241073818,0.5499327956989247,40,6,1.0,True
DreadPoor_felix_dies-mistral-7B-model_stock,0.4852421346988936,0.3486955992769744,40,6,1.0,True
DreadPoor_hakuchido-8B-MODEL_STOCK,0.6777389514234688,0.6199596774193549,40,6,1.0,True
DreadPoor_ichor-8B-Model_Stock,0.5823655234953364,0.4463037634408602,40,6,1.0,True
DreadPoor_ichor_1.1-8B-Model_Stock,0.6610863240108378,0.5383736559139785,40,6,1.0,True
DreadPoor_inexpertus-8B-Model_Stock,0.6599619218524532,0.5815243362138599,40,6,1.0,True
DreadPoor_inexpertus_1.1-8B-LINEAR,0.6901712364964318,0.6026881720430107,40,6,1.0,True
DreadPoor_inexpertus_1.2-8B-LINEAR,0.6705553839897873,0.562768817204301,40,6,1.0,True
DreadPoor_mergekit-nuslerp-nqzkedi,0.6706092398548124,0.542002688172043,40,6,1.0,True
DreadPoor_remember_to_breathe-8b-Model-Stock,0.638299200012931,0.5504214654228985,40,6,1.0,True
DreadPoor_test,0.6327010332048248,0.4871541295884316,40,6,1.0,True
DreadPoor_test_ALT,0.6244592214617015,0.5127016129032258,40,6,1.0,True
DreadPoor_tests_pending-do_not_use_yet,0.6752338187469189,0.5702956989247312,40,6,1.0,True
EVA-UNIT-01_EVA-Qwen2.5-14B-v0.2,0.8321230681430872,0.7721471484519837,40,6,1.0,True
EVA-UNIT-01_EVA-Qwen2.5-72B-v0.2,0.9481701137323573,0.9404528636197822,40,6,1.0,True
Edgerunners_meta-llama-3-8b-instruct-hf-ortho-baukit-34fail-3000total-bf16,0.4834921375160757,0.3171019014182425,40,6,1.0,True
EleutherAI_gpt-j-6b,0.22306533217591137,0.11014698090920144,40,6,1.0,True
EleutherAI_gpt-neo-1.3B,0.18122957264507533,0.08158602150537635,40,6,1.0,True
EleutherAI_gpt-neo-125m,0.19388710806632065,0.07650856827696423,40,6,1.0,True
EleutherAI_gpt-neo-2.7B,0.20532774512030358,0.08635752688172044,40,6,1.0,True
EleutherAI_gpt-neox-20b,0.18180377351626412,0.08803763440860216,40,6,1.0,True
EleutherAI_pythia-1.4b,0.21791718192553594,0.09670698924731183,40,6,1.0,True
EleutherAI_pythia-12b,0.20157164222400822,0.09314516129032258,40,6,1.0,True
EleutherAI_pythia-160m,0.2152842610248598,0.06612903225806452,40,6,1.0,True
EleutherAI_pythia-1b,0.18068110928315612,0.08699243924470616,40,6,1.0,True
EleutherAI_pythia-2.8b,0.21311973257135763,0.0821236559139785,40,6,1.0,True
EleutherAI_pythia-410m,0.20348087365441647,0.08434139784946237,40,6,1.0,True
EleutherAI_pythia-6.9b,0.1989066660959299,0.09911229491101224,40,6,1.0,True
Enno-Ai_EnnoAi-Pro-French-Llama-3-8B-v0.4,0.3497744935080892,0.18437716880907284,40,6,1.0,True
Enno-Ai_EnnoAi-Pro-Llama-3-8B,0.3555627515294398,0.2581822130382708,40,6,1.0,True
Enno-Ai_EnnoAi-Pro-Llama-3-8B-v0.3,0.4086761611413957,0.27412634408602155,40,6,1.0,True
Enno-Ai_EnnoAi-Pro-Llama-3.1-8B-v0.9,0.3808383231853004,0.2760752688172043,40,6,1.0,True
EnnoAi_EnnoAi-Pro-Llama-3.1-8B-v1.0,0.32235019563785644,0.20059252757693735,40,6,1.0,True
Epiculous_Azure_Dusk-v0.2,0.33950574706092096,0.192002688172043,40,6,1.0,True
Epiculous_Crimson_Dawn-v0.2,0.3883498192071023,0.29711021505376345,40,6,1.0,True
Epiculous_NovaSpark,0.5746466224063954,0.5053339068872822,40,6,1.0,True
Epiculous_Violet_Twilight-v0.2,0.4287593310734853,0.30188665354065697,40,6,1.0,True
EpistemeAI2_Athene-codegemma-2-7b-it-alpaca-v1.2,0.3814604306599192,0.2687904094827586,40,6,1.0,True
EpistemeAI2_Fireball-12B-v1.2,0.4926112086626723,0.330910070005385,40,6,1.0,True
EpistemeAI2_Fireball-Alpaca-Llama3.1-8B-Philos,0.5356678786352693,0.473252688172043,40,6,1.0,True
EpistemeAI2_Fireball-Alpaca-Llama3.1.01-8B-Philos,0.5444901130571693,0.48687430478309235,40,6,1.0,True
EpistemeAI2_Fireball-Alpaca-Llama3.1.03-8B-Philos,0.5411755324230896,0.4715725806451613,40,6,1.0,True
EpistemeAI2_Fireball-Alpaca-Llama3.1.04-8B-Philos,0.5429720480451788,0.4540322580645161,40,6,1.0,True
EpistemeAI2_Fireball-Alpaca-Llama3.1.06-8B-Philos-dpo,0.5191982115722878,0.4044354838709677,40,6,1.0,True
EpistemeAI2_Fireball-Alpaca-Llama3.1.07-8B-Philos-Math,0.5225919868464362,0.43649193548387094,40,6,1.0,True
EpistemeAI2_Fireball-Alpaca-Llama3.1.08-8B-C-R1-KTO-Reflection,0.545345374573473,0.43201850435669265,40,6,1.0,True
EpistemeAI2_Fireball-Alpaca-Llama3.1.08-8B-Philos-C-R1,0.5130247584355231,0.4588457661290323,40,6,1.0,True
EpistemeAI2_Fireball-Llama-3.1-8B-Philos-Reflection,0.5444774912388444,0.4636792616796441,40,6,1.0,True
EpistemeAI2_Fireball-MathMistral-Nemo-Base-2407-v2dpo,0.3659968446904896,0.278168885567297,40,6,1.0,True
EpistemeAI2_Fireball-Meta-Llama-3.1-8B-Instruct-Agent-0.003-128K-code-math,0.5052800477698625,0.37963709677419355,40,6,1.0,True
EpistemeAI2_Fireball-Meta-Llama-3.1-8B-Instruct-Agent-0.005-128K-code-COT,0.49674914814402166,0.3618279569892473,40,6,1.0,True
EpistemeAI2_Fireball-Phi-3-medium-4k-inst-Philos,0.7402635420541462,0.6682763128181076,40,6,1.0,True
EpistemeAI_Alpaca-Llama3.1-8B,0.4343786059697381,0.3524501884760366,40,6,1.0,True
EpistemeAI_Athena-gemma-2-2b-it,0.37881681141647994,0.28071236559139784,40,6,1.0,True
EpistemeAI_Athena-gemma-2-2b-it-Philos,0.31856243727791994,0.22944807789184776,40,6,1.0,True
EpistemeAI_Athene-codegemma-2-7b-it-alpaca-v1.3,0.4279096877998755,0.30620770763811644,40,6,1.0,True
EpistemeAI_DeepPhi-3.5-mini-instruct,0.1746346528452903,0.032529633620689655,40,6,1.0,True
EpistemeAI_DeepThinkers-Phi4,0.8797213010613796,0.8522177419354838,40,6,1.0,True
EpistemeAI_FineLlama3.1-8B-Instruct,0.3844811004375786,0.2600296176628971,40,6,1.0,True
EpistemeAI_Fireball-12B,0.4704475966825088,0.33319317056647035,40,6,1.0,True
EpistemeAI_Fireball-12B-v1.13a-philosophers,0.49877534481186236,0.3274865591397849,40,6,1.0,True
EpistemeAI_Fireball-Alpaca-Llama-3.1-8B-Philos-DPO-200,0.505461825394383,0.3961021505376344,40,6,1.0,True
EpistemeAI_Fireball-Alpaca-Llama3.1.07-8B-Philos-Math-KTO-beta,0.533607396626824,0.40678763440860216,40,6,1.0,True
EpistemeAI_Fireball-Alpaca-Llama3.1.08-8B-Philos-C-R2,0.5276919374268842,0.43662634408602147,40,6,1.0,True
EpistemeAI_Fireball-Meta-Llama-3.1-8B-Instruct-0.001-128K-auto,0.5261503711960367,0.4622311827956989,40,6,1.0,True
EpistemeAI_Fireball-Meta-Llama-3.1-8B-Instruct-Agent-0.003-128K,0.5144041455977009,0.46169354838709675,40,6,1.0,True
EpistemeAI_Fireball-Meta-Llama-3.1-8B-Instruct-Agent-0.003-128K-code,0.5261997798442355,0.4538978494623656,40,6,1.0,True
EpistemeAI_Fireball-Meta-Llama-3.1-8B-Instruct-Agent-0.003-128K-code-ds,0.47062889711755657,0.3633736559139785,40,6,1.0,True
EpistemeAI_Fireball-Meta-Llama-3.1-8B-Instruct-Agent-0.003-128K-code-ds-auto,0.46820131877443555,0.31875,40,6,1.0,True
EpistemeAI_Fireball-Meta-Llama-3.1-8B-Instruct-Agent-0.004-128K-code-COT,0.4979619590935419,0.36801075268817207,40,6,1.0,True
EpistemeAI_Fireball-Meta-Llama-3.1-8B-Instruct-Agent-0.004-128K-code-ds-auto,0.48620827346119333,0.36740591397849465,40,6,1.0,True
EpistemeAI_Fireball-Meta-Llama-3.1-8B-Instruct-Math,0.4908816208647136,0.39891835836114203,40,6,1.0,True
EpistemeAI_Fireball-Meta-Llama-3.2-8B-Instruct-agent-003-128k-code-DPO,0.4961410663054983,0.38808325801816834,40,6,1.0,True
EpistemeAI_Fireball-Mistral-Nemo-Base-2407-v1-DPO2,0.4602768158021118,0.3177167474421109,40,6,1.0,True
EpistemeAI_Fireball-R1-Llama-3.1-8B,0.3802493812681835,0.11525537634408603,40,6,1.0,True
EpistemeAI_Llama-3.2-3B-Agent007-Coder,0.4131106099553114,0.2602822580645161,40,6,1.0,True
EpistemeAI_Mistral-Nemo-Instruct-12B-Philosophy-Math,0.6048584600896827,0.4828259698275862,40,6,1.0,True
EpistemeAI_OpenReasoner-Llama-3.2-3B-rs1.0,0.4556814690822403,0.3245967741935484,40,6,1.0,True
EpistemeAI_Polypsyche-Llama-3.1-8B-Instruct-Agent-0.003-128K-code-ds-auto-Empathy,0.44858268762302006,0.31206157883759733,40,6,1.0,True
EpistemeAI_Polypsyche-Llama-3.1-8B-Instruct-Agent-0.003-128K-code-ds-auto-Logic,0.43794170048876335,0.3215725806451613,40,6,1.0,True
EpistemeAI_Polypsyche-Llama-3.1-8B-Instruct-Agent-0.003-128K-code-ds-auto-divergent,0.43191624916214566,0.33440860215053764,40,6,1.0,True
EpistemeAI_Reasoning-Llama-3.1-CoT-RE1-NMT,0.4020704980736839,0.26801075268817204,40,6,1.0,True
EpistemeAI_Reasoning-Llama-3.1-CoT-RE1-NMT-V2-ORPO,0.5242874173639052,0.39912634408602155,40,6,1.0,True
EpistemeAI_Reasoning-Llama-3.2-1B-Instruct-v1.2,0.25454463210652445,0.1301890700315165,40,6,1.0,True
EpistemeAI_Reasoning-Llama-3.2-1B-Instruct-v1.3,0.2511542532683431,0.09045698924731183,40,6,1.0,True
EpistemeAI_Reasoning-Llama-3.2-3B-Math-Instruct-RE1,0.3971322206624455,0.27741935483870966,40,6,1.0,True
EpistemeAI_Reasoning-Llama-3.2-3B-Math-Instruct-RE1-ORPO,0.4610808006023566,0.3170698924731183,40,6,1.0,True
EpistemeAI_ReasoningCore-3B-T1_1,0.4663222798618312,0.3414650537634409,40,6,1.0,True
Eric111_CatunaMayo,0.5761486003490386,0.4858870967741935,40,6,1.0,True
Eric111_CatunaMayo-DPO,0.5684467963032805,0.4761712439418417,40,6,1.0,True
Etherll_Chocolatine-3B-Instruct-DPO-Revised-Ties,0.6660777308565641,0.5718025300953671,40,6,1.0,True
Etherll_Chocolatine-3B-Instruct-DPO-Revised-Ties-v2,0.6661518149082883,0.5718025300953671,40,6,1.0,True
Etherll_Herplete-LLM-Llama-3.1-8b,0.6484344440827344,0.520497311827957,40,6,1.0,True
Etherll_Herplete-LLM-Llama-3.1-8b-Ties,0.6490279513324204,0.5325439724694105,40,6,1.0,True
Etherll_Qwen2.5-7B-della-test,0.6943000057691397,0.5099016268075639,40,6,1.0,True
Etherll_Qwen2.5-Coder-7B-Instruct-Ties,0.63625518478506,0.4971774193548387,40,6,1.0,True
Etherll_Replete-LLM-V3-Llama-3.1-8b,0.5032407306845756,0.3464152878197998,40,6,1.0,True
Etherll_SuperHermes,0.6722331343962852,0.5779569892473119,40,6,1.0,True
Eurdem_Defne-llama3.1-8B,0.6196324993856483,0.5684310692436041,40,6,1.0,True
FINGU-AI_L3-8B,0.5896094036631904,0.44845430107526885,40,6,1.0,True
FINGU-AI_Phi-4-RRStock,0.7313791415478845,0.49818875428249126,40,6,1.0,True
FINGU-AI_Q-Small-3B,0.41431732030159163,0.2935224491323603,40,6,1.0,True
FINGU-AI_QwQ-Buddy-32B-Alpha,0.8713340759930857,0.9166004762235818,40,6,1.0,True
FINGU-AI_RomboUltima-32B,0.9207033938022292,0.8797715053763441,40,6,1.0,True
FallenMerick_Chewy-Lemon-Cookie-11B,0.5623592306030365,0.45476575121163165,40,6,1.0,True
Felladrin_Llama-160M-Chat-v1,0.16462096234623613,0.061634703910226345,40,6,1.0,True
Felladrin_Minueza-32M-UltraChat,0.1653383642122702,0.061634703910226345,40,6,1.0,True
FlofloB_100k_fineweb_continued_pretraining_Qwen2.5-0.5B-Instruct_Unsloth_merged_16bit,0.2257333632619158,0.13561827956989247,40,6,1.0,True
FlofloB_10k_continued_pretraining_Phi-3-mini-4k-instruct_Unsloth_merged_16bit,0.5542127234530844,0.4491037617037539,40,6,1.0,True
FlofloB_10k_continued_pretraining_Qwen2.5-0.5B-Instruct_Unsloth_merged_16bit,0.18830950806833477,0.08306408185245019,40,6,1.0,True
FlofloB_40k_continued_pretraining_Qwen2.5-0.5B-Instruct_Unsloth_merged_16bit,0.1923596245171668,0.08306408185245019,40,6,1.0,True
FlofloB_83k_continued_pretraining_Qwen2.5-0.5B-Instruct_Unsloth_merged_16bit,0.22417304702264468,0.11780913978494623,40,6,1.0,True
FlofloB_smollm2-135M_pretrained_1000k_fineweb,0.16700147545000787,0.05405499745087134,40,6,1.0,True
FlofloB_smollm2-135M_pretrained_1000k_fineweb_uncovai_human_removed,0.19076711371229055,0.07668010752688172,40,6,1.0,True
FlofloB_smollm2-135M_pretrained_1000k_fineweb_uncovai_selected,0.17775303876146864,0.08353494623655913,40,6,1.0,True
FlofloB_smollm2-135M_pretrained_1200k_fineweb,0.18235045501048103,0.053872274409039425,40,6,1.0,True
FlofloB_smollm2-135M_pretrained_1200k_fineweb_uncovai_human_removed,0.17000057284263376,0.061567499609151075,40,6,1.0,True
FlofloB_smollm2-135M_pretrained_1200k_fineweb_uncovai_selected,0.17652819877179843,0.08323918937708566,40,6,1.0,True
FlofloB_smollm2-135M_pretrained_1400k_fineweb,0.19396850305667068,0.05033602150537635,40,6,1.0,True
FlofloB_smollm2-135M_pretrained_1400k_fineweb_uncovai_human_removed,0.20638277639139974,0.07310292686318132,40,6,1.0,True
FlofloB_smollm2-135M_pretrained_1400k_fineweb_uncovai_selected,0.1934645483881076,0.05793010752688172,40,6,1.0,True
FlofloB_smollm2-135M_pretrained_200k_fineweb_uncovai_human_removed,0.19035921849664078,0.059639472098628105,40,6,1.0,True
FlofloB_smollm2-135M_pretrained_200k_fineweb_uncovai_selected,0.17657983989645049,0.056384408602150535,40,6,1.0,True
FlofloB_smollm2-135M_pretrained_400k_fineweb,0.19051621357580042,0.06434797344271412,40,6,1.0,True
FlofloB_smollm2-135M_pretrained_400k_fineweb_uncovai_human_removed,0.19678947790801332,0.06505376344086021,40,6,1.0,True
FlofloB_smollm2-135M_pretrained_400k_fineweb_uncovai_selected,0.18247017905073729,0.05705645161290322,40,6,1.0,True
FlofloB_smollm2-135M_pretrained_600k_fineweb,0.19035601367117655,0.07859644396551724,40,6,1.0,True
FlofloB_smollm2-135M_pretrained_600k_fineweb_uncovai_human_removed,0.20134959209168118,0.07539525977938451,40,6,1.0,True
FlofloB_smollm2-135M_pretrained_600k_fineweb_uncovai_selected,0.18526941337526198,0.06984105603448276,40,6,1.0,True
FlofloB_smollm2-135M_pretrained_800k_fineweb,0.17895516779398876,0.07808343182239526,40,6,1.0,True
FlofloB_smollm2-135M_pretrained_800k_fineweb_uncovai_human_removed,0.1946935937006759,0.058064516129032254,40,6,1.0,True
FlofloB_smollm2-135M_pretrained_800k_fineweb_uncovai_selected,0.17585830587469892,0.062407408535736175,40,6,1.0,True
FlofloB_smollm2_pretrained_200k_fineweb,0.16312164275655863,0.062070662846080996,40,6,1.0,True
FlofloB_test_continued_pretraining_Phi-3-mini-4k-instruct_Unsloth_merged_16bit,0.5916512744866477,0.49501638139936494,40,6,1.0,True
FuJhen_ft-openhermes-25-mistral-7b-irca-dpo-pairs,0.41150684345486044,0.23523069614386355,40,6,1.0,True
FuJhen_mistral-instruct-7B-DPO,0.43704903086501,0.3270764934771657,40,6,1.0,True
FuJhen_mistral_7b_v0.1_structedData_e2e,0.29556955560926607,0.1367690170464041,40,6,1.0,True
FuJhen_mistral_7b_v0.1_structedData_viggo,0.3635189569730368,0.28939746295620755,40,6,1.0,True
FuseAI_FuseChat-7B-v2.0,0.5288492605580124,0.43693745365220615,40,6,1.0,True
FuseAI_FuseChat-Llama-3.1-8B-Instruct,0.5748177645599835,0.5,40,6,1.0,True
FuseAI_FuseChat-Llama-3.2-3B-Instruct,0.5393471616309676,0.3915994623655914,40,6,1.0,True
FuseAI_FuseChat-Qwen-2.5-7B-Instruct,0.690202018984588,0.5525323275862069,40,6,1.0,True
GalrionSoftworks_MN-LooseCannon-12B-v1,0.5689495587703128,0.4620150862068966,40,6,1.0,True
GalrionSoftworks_MagnusIntellectus-12B-v1,0.5869316658170195,0.47577778935848664,40,6,1.0,True
GenVRadmin_AryaBhatta-GemmaOrca-2-Merged,0.3217616140579897,0.20805170496986122,40,6,1.0,True
GenVRadmin_AryaBhatta-GemmaOrca-Merged,0.29795959411125444,0.1940188172043011,40,6,1.0,True
GenVRadmin_AryaBhatta-GemmaUltra-Merged,0.34014674816409574,0.24731182795698925,40,6,1.0,True
GenVRadmin_llama38bGenZ_Vikas-Merged,0.42845449392589324,0.2850993291156841,40,6,1.0,True
GoToCompany_gemma2-9b-cpt-sahabatai-v1-instruct,0.7777471237085138,0.744614970382337,40,6,1.0,True
GoToCompany_llama3-8b-cpt-sahabatai-v1-instruct,0.5417138737010638,0.45625,40,6,1.0,True
Goekdeniz-Guelmez_Josiefied-Qwen2.5-0.5B-Instruct-abliterated-v1,0.2501746196186393,0.10443548387096774,40,6,1.0,True
Goekdeniz-Guelmez_Josiefied-Qwen2.5-1.5B-Instruct-abliterated-v1,0.3124549826227595,0.2281233171782445,40,6,1.0,True
Goekdeniz-Guelmez_Josiefied-Qwen2.5-1.5B-Instruct-abliterated-v2,0.2996947583153483,0.19892305935834587,40,6,1.0,True
Goekdeniz-Guelmez_Josiefied-Qwen2.5-1.5B-Instruct-abliterated-v3,0.2940262646733072,0.1595315024232633,40,6,1.0,True
Goekdeniz-Guelmez_Josiefied-Qwen2.5-14B-Instruct-abliterated-v4,0.8410420150472717,0.8190188172043011,40,6,1.0,True
Goekdeniz-Guelmez_Josiefied-Qwen2.5-7B-Instruct-abliterated-v2,0.6716436777116679,0.5415322580645161,40,6,1.0,True
Goekdeniz-Guelmez_j.o.s.i.e.v4o-1.5b-dpo-stage1-v1,0.39635756993500226,0.27264784946236564,40,6,1.0,True
Goekdeniz-Guelmez_josie-3b-v6.0,0.518694709805531,0.35873655913978497,40,6,1.0,True
Goekdeniz-Guelmez_josie-7b-v6.0,0.611834451202437,0.39607839729328886,40,6,1.0,True
Goekdeniz-Guelmez_josie-7b-v6.0-step2000,0.640145712264697,0.39970742955135335,40,6,1.0,True
GreenNode_GreenNode-small-9B-it,0.7241064959381288,0.6581852450188476,40,6,1.0,True
GritLM_GritLM-7B-KTO,0.4688868195859338,0.32323776997589915,40,6,1.0,True
GritLM_GritLM-8x7B-KTO,0.6851226025733209,0.6101896485833898,40,6,1.0,True
Groq_Llama-3-Groq-8B-Tool-Use,0.4655556086858012,0.34841901610297565,40,6,1.0,True
Gryphe_Pantheon-RP-1.0-8b-Llama-3,0.4442154958972469,0.3157052868831101,40,6,1.0,True
Gryphe_Pantheon-RP-1.5-12b-Nemo,0.5512828120058232,0.4471817621206594,40,6,1.0,True
Gryphe_Pantheon-RP-1.6-12b-Nemo,0.5400770982962206,0.4049256735629788,40,6,1.0,True
Gryphe_Pantheon-RP-1.6-12b-Nemo-KTO,0.5526482971463011,0.4287997029548179,40,6,1.0,True
Gryphe_Pantheon-RP-Pure-1.6.2-22b-Small,0.6496372153579067,0.4381734913793104,40,6,1.0,True
Gunulhona_Gemma-Ko-Merge,0.5682650625977871,0.28702956989247314,40,6,1.0,True
Gunulhona_Gemma-Ko-Merge-PEFT,0.417585714849017,0.09215131933225633,40,6,1.0,True
HPAI-BSC_Llama3-Aloe-8B-Alpha,0.4712559158485045,0.3286776712352563,40,6,1.0,True
HPAI-BSC_Llama3.1-Aloe-Beta-8B,0.5910011578805776,0.5077956989247312,40,6,1.0,True
HPAI-BSC_Qwen2.5-Aloe-Beta-7B,0.538397554229165,0.4204732689098999,40,6,1.0,True
Hastagaras_Llama-3.1-Jamet-8B-MK.I,0.5281591841887908,0.4000434510567297,40,6,1.0,True
Hastagaras_Zabuza-8B-Llama-3.1,0.3845238707376877,0.26586021505376345,40,6,1.0,True
HelpingAI_Cipher-20B,0.7247924108098853,0.5669450431034483,40,6,1.0,True
HelpingAI_Priya-10B,0.3475693342919989,0.21147912432469992,40,6,1.0,True
HelpingAI_Priya-3B,0.2891514450852769,0.18313172043010753,40,6,1.0,True
HeraiHench_Double-Down-Qwen-Math-7B,0.16204915330947958,0.06048387096774194,40,6,1.0,True
HeraiHench_Marge-Qwen-Math-7B,0.18808036666271324,0.07414936074487119,40,6,1.0,True
HeraiHench_Phi-4-slerp-ReasoningRP-14B,0.29794149210151977,0.08306408185245019,40,6,1.0,True
HiroseKoichi_Llama-Salad-4x8B-V3,0.5901531029922855,0.4995311984296559,40,6,1.0,True
HoangHa_Pensez-Llama3.1-8B,0.4871461136055184,0.38557236628661473,40,6,1.0,True
HuggingFaceH4_zephyr-7b-alpha,0.39193779096531,0.26322665329094797,32,2,0.8,False
HuggingFaceH4_zephyr-7b-beta,0.36569085635897725,0.2692779717546511,40,6,1.0,True
HuggingFaceH4_zephyr-7b-gemma-v0.1,0.46773073476702515,0.3548387096774194,24,1,0.6,False
HuggingFaceH4_zephyr-orpo-141b-A35b-v0.1,0.8018066445618015,0.7869367769669285,40,6,1.0,True
HuggingFaceTB_SmolLM-1.7B,0.21492356287583644,0.10577956989247311,40,6,1.0,True
HuggingFaceTB_SmolLM-1.7B-Instruct,0.18922679347617738,0.06075268817204301,40,6,1.0,True
HuggingFaceTB_SmolLM-135M,0.23687697331441537,0.08676075268817204,40,6,1.0,True
HuggingFaceTB_SmolLM-135M-Instruct,0.17871359126685518,0.08091397849462365,40,6,1.0,True
HuggingFaceTB_SmolLM-360M,0.23144885274328772,0.11438172043010753,40,6,1.0,True
HuggingFaceTB_SmolLM-360M-Instruct,0.1938454936298364,0.05907258064516129,40,6,1.0,True
HuggingFaceTB_SmolLM2-1.7B,0.26194019628665066,0.19395161290322582,40,6,1.0,True
HuggingFaceTB_SmolLM2-1.7B-Instruct,0.3069640042133439,0.1850806451612903,40,6,1.0,True
HuggingFaceTB_SmolLM2-135M,0.22140445013883375,0.07019518214682982,40,6,1.0,True
HuggingFaceTB_SmolLM2-135M-Instruct,0.2079699031961933,0.08245967741935484,40,6,1.0,True
HuggingFaceTB_SmolLM2-360M,0.23341845416405352,0.08124724809974046,40,6,1.0,True
HuggingFaceTB_SmolLM2-360M-Instruct,0.2147013181379957,0.08850806451612903,40,6,1.0,True
HumanLLMs_Humanish-LLama3-8B-Instruct,0.493354803490221,0.3617041881633575,40,6,1.0,True
HumanLLMs_Humanish-Mistral-Nemo-Instruct-2407,0.5619064409693831,0.4386821584167594,40,6,1.0,True
HumanLLMs_Humanish-Qwen2.5-7B-Instruct,0.6704122872587593,0.5705249756674082,40,6,1.0,True
IDEA-CCNL_Ziya-LLaMA-13B-v1,0.14850377774297324,0.05479256779057447,40,6,1.0,True
INSAIT-Institute_BgGPT-Gemma-2-27B-IT-v1.0,0.15408886070552424,0.05721192262928414,40,6,1.0,True
IlyaGusev_gemma-2-2b-it-abliterated,0.35967069857375333,0.28091397849462363,40,6,1.0,True
IlyaGusev_gemma-2-9b-it-abliterated,0.7103788687866253,0.6028551513888165,40,6,1.0,True
Infinirc_Infinirc-Llama3-8B-2G-Release-v1.0,0.39736587807655005,0.25888747914349275,40,6,1.0,True
Intel_neural-chat-7b-v3,0.503708015305292,0.3003500269251481,40,6,1.0,True
Intel_neural-chat-7b-v3-1,0.522365427327408,0.3691199524051585,40,6,1.0,True
Intel_neural-chat-7b-v3-2,0.5091996595664692,0.3818739468792885,40,6,1.0,True
IntervitensInc_internlm2_5-20b-llamafied,0.8558957806211414,0.7583845868614562,40,6,1.0,True
Invalid-Null_PeiYangMe-0.5,0.14410292436421906,0.042893172303576706,40,6,1.0,True
Invalid-Null_PeiYangMe-0.7,0.20445879153724475,0.05138739224137931,40,6,1.0,True
Isaak-Carter_JOSIEv4o-8b-stage1-v4,0.4338738889773041,0.32431564585650724,40,6,1.0,True
Isaak-Carter_Josiefied-Qwen2.5-7B-Instruct-abliterated,0.4949067689137185,0.20307532961592578,40,6,1.0,True
Isaak-Carter_Josiefied-Qwen2.5-7B-Instruct-abliterated-v2,0.6728821732429993,0.5415322580645161,40,6,1.0,True
J-LAB_Thynk_orpo,0.4999515570790303,0.35961021505376345,40,6,1.0,True
JackFram_llama-160m,0.17212485878523556,0.06895161290322581,40,6,1.0,True
JackFram_llama-68m,0.17774957449318424,0.07634408602150537,40,6,1.0,True
Jacoby746_Casual-Magnum-34B,0.7041030100496093,0.5749865374259558,40,6,1.0,True
Jacoby746_Inf-Silent-Kunoichi-v0.1-2x7B,0.5652970462818662,0.44897043879305853,40,6,1.0,True
Jacoby746_Inf-Silent-Kunoichi-v0.2-2x7B,0.5631158158224404,0.4656182144284051,40,6,1.0,True
Jacoby746_Proto-Athena-4x7B,0.5615573349866917,0.4448968158841003,40,6,1.0,True
Jacoby746_Proto-Athena-v0.2-4x7B,0.5211747072273881,0.43561827956989246,40,6,1.0,True
Jacoby746_Proto-Harpy-Blazing-Light-v0.1-2x7B,0.5664596627438014,0.479201717185762,40,6,1.0,True
Jacoby746_Proto-Harpy-Spark-v0.1-7B,0.48475166911490086,0.39752570917365854,40,6,1.0,True
JayHyeon_Qwen-0.5B-DPO-1epoch,0.21875786824464058,0.12143817204301074,40,6,1.0,True
JayHyeon_Qwen-0.5B-DPO-5epoch,0.19788449919655088,0.08770161290322581,40,6,1.0,True
JayHyeon_Qwen-0.5B-IRPO-1epoch,0.18887113892552784,0.08512018562291435,40,6,1.0,True
JayHyeon_Qwen-0.5B-IRPO-5epoch,0.2106820098688979,0.09444709978680015,40,6,1.0,True
JayHyeon_Qwen-0.5B-eDPO-1epoch,0.22643220974843853,0.1019489247311828,40,6,1.0,True
JayHyeon_Qwen-0.5B-eDPO-5epoch,0.18154154772261616,0.08723118279569891,40,6,1.0,True
JayHyeon_Qwen2.5-0.5B-Instruct-SFT,0.2418154108885419,0.12197102683537264,40,6,1.0,True
JayHyeon_Qwen2.5-0.5B-Instruct-SFT-DPO-1epoch_v1,0.23755812424694195,0.13904569892473118,40,6,1.0,True
JayHyeon_Qwen2.5-0.5B-Instruct-SFT-IRPO-1epoch_v1,0.24183355845520033,0.12116109913793104,40,6,1.0,True
JayHyeon_Qwen2.5-0.5B-Instruct-SFT-MDPO-1epoch_v1,0.20946573179647343,0.10724633273081201,40,6,1.0,True
JayHyeon_Qwen2.5-0.5B-SFT,0.21900427619234378,0.12204301075268817,40,6,1.0,True
JayHyeon_Qwen2.5-0.5B-SFT-1e-4,0.15128729696446658,0.07155358104469575,40,6,1.0,True
JayHyeon_Qwen2.5-0.5B-SFT-1e-4-2ep,0.21727260782114155,0.11208678045050056,40,6,1.0,True
JayHyeon_Qwen2.5-0.5B-SFT-1e-4-3ep,0.17434978130617518,0.08306408185245019,40,6,1.0,True
JayHyeon_Qwen2.5-0.5B-SFT-1e-4-5ep,0.2119505702790916,0.11599462365591398,40,6,1.0,True
JayHyeon_Qwen2.5-0.5B-SFT-1e-5,0.22241395778225131,0.09375,40,6,1.0,True
JayHyeon_Qwen2.5-0.5B-SFT-1e-5-2ep,0.1894516170120064,0.10276209078417173,40,6,1.0,True
JayHyeon_Qwen2.5-0.5B-SFT-1e-5-3ep,0.2001594937840046,0.10077724651275904,40,6,1.0,True
JayHyeon_Qwen2.5-0.5B-SFT-1e-5-5ep,0.2483887461828586,0.12768817204301075,40,6,1.0,True
JayHyeon_Qwen2.5-0.5B-SFT-2e-4,0.13269581982677006,0.06803594072993208,40,6,1.0,True
JayHyeon_Qwen2.5-0.5B-SFT-2e-4-2ep,0.1490319543048939,0.08790322580645162,40,6,1.0,True
JayHyeon_Qwen2.5-0.5B-SFT-2e-4-3ep,0.15480997163518762,0.09372958900064272,40,6,1.0,True
JayHyeon_Qwen2.5-0.5B-SFT-2e-4-5ep,0.17941170839802556,0.07809139784946237,40,6,1.0,True
JayHyeon_Qwen2.5-0.5B-SFT-2e-5,0.22075700744574686,0.10860215053763442,40,6,1.0,True
JayHyeon_Qwen2.5-0.5B-SFT-2e-5-2ep,0.1930406537305781,0.09346077179634166,40,6,1.0,True
JayHyeon_Qwen2.5-0.5B-SFT-2e-5-2ep-DPOP_3e-7-3ep_0alp_5lam,0.20283140659133764,0.10615281446978124,40,6,1.0,True
JayHyeon_Qwen2.5-0.5B-SFT-2e-5-2ep-DPOP_5e-6-1ep_0alp_5lam,0.21080708227328665,0.10275537634408602,40,6,1.0,True
JayHyeon_Qwen2.5-0.5B-SFT-2e-5-2ep-DPOP_5e-6-2ep_0alp_5lam,0.19865297418809746,0.10118047231921067,40,6,1.0,True
JayHyeon_Qwen2.5-0.5B-SFT-2e-5-2ep-DPOP_5e-6-3ep_0alp_5lam,0.24380756995933672,0.1519256059974045,40,6,1.0,True
JayHyeon_Qwen2.5-0.5B-SFT-2e-5-2ep-DPOP_5e-7-1ep_0alp_5lam,0.22004081203094383,0.12486443270300335,40,6,1.0,True
JayHyeon_Qwen2.5-0.5B-SFT-2e-5-2ep-DPOP_5e-7-2ep_0alp_5lam,0.15611916926596175,0.08057795698924732,40,6,1.0,True
JayHyeon_Qwen2.5-0.5B-SFT-2e-5-2ep-DPOP_5e-7-3ep_0alp_5lam,0.21055429099799303,0.12582429251852265,40,6,1.0,True
JayHyeon_Qwen2.5-0.5B-SFT-2e-5-2ep-DPO_1e-6-1ep_0alp_0lam,0.21559530718104783,0.10886097399888765,40,6,1.0,True
JayHyeon_Qwen2.5-0.5B-SFT-2e-5-2ep-DPO_1e-6-2ep_0alp_0lam,0.2161610770965226,0.08508064516129032,40,6,1.0,True
JayHyeon_Qwen2.5-0.5B-SFT-2e-5-2ep-DPO_1e-6-3ep_0alp_0lam,0.2055103077652621,0.08679538624559209,40,6,1.0,True
JayHyeon_Qwen2.5-0.5B-SFT-2e-5-2ep-DPO_1e-7-2ep_0alp_0lam,0.20844756342384857,0.12210673896922505,40,6,1.0,True
JayHyeon_Qwen2.5-0.5B-SFT-2e-5-2ep-DPO_1e-7-3ep_0alp_0lam,0.20941846860562174,0.10275537634408602,40,6,1.0,True
JayHyeon_Qwen2.5-0.5B-SFT-2e-5-2ep-DPO_2e-6-1ep_0alp_0lam,0.17654086483672998,0.10560344827586207,40,6,1.0,True
JayHyeon_Qwen2.5-0.5B-SFT-2e-5-2ep-DPO_2e-6-2ep_0alp_0lam,0.23208090868481285,0.10400227683537264,40,6,1.0,True
JayHyeon_Qwen2.5-0.5B-SFT-2e-5-2ep-DPO_2e-6-3ep_0alp_0lam,0.2211058265391511,0.1036173004727475,40,6,1.0,True
JayHyeon_Qwen2.5-0.5B-SFT-2e-5-2ep-DPO_3e-6-1ep_0alp_0lam,0.19426553941756322,0.1009436640600338,40,6,1.0,True
JayHyeon_Qwen2.5-0.5B-SFT-2e-5-2ep-DPO_3e-6-2ep_0alp_0lam,0.24455016136463628,0.11362813426955877,40,6,1.0,True
JayHyeon_Qwen2.5-0.5B-SFT-2e-5-2ep-DPO_3e-6-3ep_0alp_0lam,0.19027408189531628,0.08679538624559209,40,6,1.0,True
JayHyeon_Qwen2.5-0.5B-SFT-2e-5-2ep-DPO_3e-7-3ep_0alp_0lam,0.16962199405729933,0.09245270728021263,40,6,1.0,True
JayHyeon_Qwen2.5-0.5B-SFT-2e-5-2ep-DPO_5e-6-1ep_0alp_0lam,0.20053356732417638,0.10866848628554554,40,6,1.0,True
JayHyeon_Qwen2.5-0.5B-SFT-2e-5-2ep-DPO_5e-6-2ep_0alp_0lam,0.1844047470801264,0.0942380183091007,40,6,1.0,True
JayHyeon_Qwen2.5-0.5B-SFT-2e-5-2ep-DPO_5e-6-3ep_0alp_0lam,0.2620945476369214,0.15436422413793102,40,6,1.0,True
JayHyeon_Qwen2.5-0.5B-SFT-2e-5-2ep-DPO_5e-7_1ep_0alp_0lam,0.17519680579372132,0.0961401497385655,40,6,1.0,True
JayHyeon_Qwen2.5-0.5B-SFT-2e-5-2ep-DPO_5e-7_2ep_0alp_0lam,0.1565061154098253,0.08330282540344294,40,6,1.0,True
JayHyeon_Qwen2.5-0.5B-SFT-2e-5-2ep-DPO_5e-7_3ep_0alp_0lam,0.23121196675421835,0.11632586554505006,40,6,1.0,True
JayHyeon_Qwen2.5-0.5B-SFT-2e-5-2ep-DPO_7e-7_1ep_0alp_0lam,0.16928890937070779,0.08578938454322789,40,6,1.0,True
JayHyeon_Qwen2.5-0.5B-SFT-2e-5-2ep-DPO_7e-7_2ep_0alp_0lam,0.1664166507603509,0.08010347144975899,40,6,1.0,True
JayHyeon_Qwen2.5-0.5B-SFT-2e-5-2ep-DPO_7e-7_3ep_0alp_0lam,0.1699579899412933,0.07671018118019005,40,6,1.0,True
JayHyeon_Qwen2.5-0.5B-SFT-2e-5-2ep-IRPO_1e-7-1ep_1alp_0lam,0.238925726953728,0.14079301075268819,40,6,1.0,True
JayHyeon_Qwen2.5-0.5B-SFT-2e-5-2ep-IRPO_1e-7-2ep_1alp_0lam,0.16934218144259044,0.0942380183091007,40,6,1.0,True
JayHyeon_Qwen2.5-0.5B-SFT-2e-5-2ep-IRPO_1e-7-3ep_1alp_0lam,0.21328698474393856,0.12943548387096776,40,6,1.0,True
JayHyeon_Qwen2.5-0.5B-SFT-2e-5-2ep-IRPO_3e-7-3ep_1alp_0lam,0.2150392708872435,0.11127859079532815,40,6,1.0,True
JayHyeon_Qwen2.5-0.5B-SFT-2e-5-2ep-IRPO_5e-6-1ep_1alp_0lam,0.24805848429405045,0.10389784946236559,40,6,1.0,True
JayHyeon_Qwen2.5-0.5B-SFT-2e-5-2ep-IRPO_5e-6-2ep_1alp_0lam,0.2545929160813292,0.11760752688172042,40,6,1.0,True
JayHyeon_Qwen2.5-0.5B-SFT-2e-5-2ep-IRPO_5e-6-3ep_1alp_0lam,0.19955979881837835,0.0942380183091007,40,6,1.0,True
JayHyeon_Qwen2.5-0.5B-SFT-2e-5-2ep-IRPO_5e-7-1ep_1alp_0lam,0.1729399278634775,0.08633002542801702,40,6,1.0,True
JayHyeon_Qwen2.5-0.5B-SFT-2e-5-2ep-IRPO_5e-7-2ep_1alp_0lam,0.16894996216084496,0.08377325551096983,40,6,1.0,True
JayHyeon_Qwen2.5-0.5B-SFT-2e-5-2ep-IRPO_5e-7-3ep_1alp_0lam,0.17285183808780086,0.08431764460511679,40,6,1.0,True
JayHyeon_Qwen2.5-0.5B-SFT-2e-5-2ep-MDPO_0.5_1e-7-1ep_0alp_0lam,0.1728372129347558,0.0942380183091007,40,6,1.0,True
JayHyeon_Qwen2.5-0.5B-SFT-2e-5-2ep-MDPO_0.5_1e-7-2ep_0alp_0lam,0.22204028564373718,0.11821236559139786,40,6,1.0,True
JayHyeon_Qwen2.5-0.5B-SFT-2e-5-2ep-MDPO_0.5_1e-7-3ep_0alp_0lam,0.22847461494735816,0.14061877201520206,40,6,1.0,True
JayHyeon_Qwen2.5-0.5B-SFT-2e-5-2ep-MDPO_1e-6-3ep_0alp_0lam,0.16640074184735568,0.08034752155172414,40,6,1.0,True
JayHyeon_Qwen2.5-0.5B-SFT-2e-5-2ep-MDPO_1e-6_1ep_0alp_0lam,0.17282193035341728,0.09206989247311828,40,6,1.0,True
JayHyeon_Qwen2.5-0.5B-SFT-2e-5-2ep-MDPO_1e-6_2ep_0alp_0lam,0.16834743307255023,0.08578938454322789,40,6,1.0,True
JayHyeon_Qwen2.5-0.5B-SFT-2e-5-2ep-MDPO_2e-6-3ep_0alp_0lam,0.16499834925761916,0.08306408185245019,40,6,1.0,True
JayHyeon_Qwen2.5-0.5B-SFT-2e-5-2ep-MDPO_2e-6_1ep_0alp_0lam,0.23274529122980686,0.1307795698924731,40,6,1.0,True
JayHyeon_Qwen2.5-0.5B-SFT-2e-5-2ep-MDPO_2e-6_2ep_0alp_0lam,0.22897815295842686,0.09213709677419354,40,6,1.0,True
JayHyeon_Qwen2.5-0.5B-SFT-2e-5-2ep-MDPO_3e-6-1ep_0alp_0lam,0.22176097317245183,0.11148194174082314,40,6,1.0,True
JayHyeon_Qwen2.5-0.5B-SFT-2e-5-2ep-MDPO_3e-6-2ep_0alp_0lam,0.22461735635309948,0.1146505376344086,40,6,1.0,True
JayHyeon_Qwen2.5-0.5B-SFT-2e-5-2ep-MDPO_3e-6-3ep_0alp_0lam,0.24505935620256278,0.13543491611049313,40,6,1.0,True
JayHyeon_Qwen2.5-0.5B-SFT-2e-5-2ep-MDPO_5e-6-1ep_0alp_0lam,0.1993455505022858,0.10178531102888808,40,6,1.0,True
JayHyeon_Qwen2.5-0.5B-SFT-2e-5-2ep-MDPO_5e-6-2ep_0alp_0lam,0.18151383521423764,0.09012096774193548,40,6,1.0,True
JayHyeon_Qwen2.5-0.5B-SFT-2e-5-2ep-MDPO_5e-6-3ep_0alp_0lam,0.2568016145345708,0.15677213686503522,40,6,1.0,True
JayHyeon_Qwen2.5-0.5B-SFT-2e-5-2ep-MDPO_5e-7-3ep_0alp_0lam,0.20280620605476649,0.1125472168149796,40,6,1.0,True
JayHyeon_Qwen2.5-0.5B-SFT-2e-5-2ep-MDPO_5e-7_1ep_0alp_0lam,0.1740526292395877,0.0769489247311828,40,6,1.0,True
JayHyeon_Qwen2.5-0.5B-SFT-2e-5-2ep-MDPO_5e-7_2ep_0alp_0lam,0.16027495868476044,0.07782258064516129,40,6,1.0,True
JayHyeon_Qwen2.5-0.5B-SFT-2e-5-2ep-MDPO_7e-7-3ep_0alp_0lam,0.15748495184846084,0.07671018118019005,40,6,1.0,True
JayHyeon_Qwen2.5-0.5B-SFT-2e-5-2ep-MDPO_7e-7_1ep_0alp_0lam,0.16716023433321023,0.08981957979397918,40,6,1.0,True
JayHyeon_Qwen2.5-0.5B-SFT-2e-5-2ep-MDPO_7e-7_2ep_0alp_0lam,0.21779567421589116,0.08830645161290324,40,6,1.0,True
JayHyeon_Qwen2.5-0.5B-SFT-2e-5-3ep,0.23643898233385324,0.14344482874490172,40,6,1.0,True
JayHyeon_Qwen2.5-0.5B-SFT-2e-5-5ep,0.19429151982689735,0.11771924453245783,40,6,1.0,True
JayHyeon_Qwen2.5-0.5B-SFT-2e-5-5ep-MDPO_5e-7_3ep_0alp_0lam,0.18713051701600475,0.10554797576010383,40,6,1.0,True
JayHyeon_Qwen2.5-0.5B-SFT-2e-5-5ep-MDPO_5e-7_3ep_0alp_0lam_1ep,0.16902014553843708,0.08679538624559209,40,6,1.0,True
JayHyeon_Qwen2.5-0.5B-SFT-2e-5-5ep-MDPO_5e-7_3ep_0alp_0lam_2ep,0.2217782845227046,0.13855920058366772,40,6,1.0,True
JayHyeon_Qwen2.5-0.5B-SFT-2e-5-5ep-MDPO_7e-7_3ep_0alp_0lam,0.2195601230049109,0.12602706411659456,40,6,1.0,True
JayHyeon_Qwen2.5-0.5B-SFT-2e-5-5ep-MDPO_7e-7_3ep_0alp_0lam_1ep,0.2204757724348405,0.12085233293379886,40,6,1.0,True
JayHyeon_Qwen2.5-0.5B-SFT-2e-5-5ep-MDPO_7e-7_3ep_0alp_0lam_2ep,0.23804491046003068,0.09052419354838709,40,6,1.0,True
JayHyeon_Qwen2.5-0.5B-SFT-5e-5,0.20796729631997768,0.11006326473859845,40,6,1.0,True
JayHyeon_Qwen2.5-0.5B-SFT-5e-5-2ep,0.18948901983138988,0.08780345076172112,40,6,1.0,True
JayHyeon_Qwen2.5-0.5B-SFT-5e-5-3ep,0.18299951346515725,0.09215131933225633,40,6,1.0,True
JayHyeon_Qwen2.5-0.5B-SFT-5e-5-5ep,0.2466836148016509,0.12150537634408602,40,6,1.0,True
JayHyeon_Qwen2.5-0.5B-SFT-7e-5,0.20453686112954292,0.0884832974137931,40,6,1.0,True
JayHyeon_Qwen2.5-0.5B-SFT-7e-5-2ep,0.20179311195597874,0.09475806451612903,40,6,1.0,True
JayHyeon_Qwen2.5-0.5B-SFT-7e-5-3ep,0.2231720638120394,0.12601197511123471,40,6,1.0,True
JayHyeon_Qwen2.5-0.5B-SFT-7e-5-5ep,0.24379271238876526,0.1362231182795699,40,6,1.0,True
JayHyeon_Qwen2.5-0.5B-SFT-DPO-1epoch_v1,0.2259216506128466,0.10994536800597564,40,6,1.0,True
JayHyeon_Qwen2.5-0.5B-SFT-MDPO-1epoch_v1,0.25768089943116507,0.1144261853448276,40,6,1.0,True
JayHyeon_Qwen_0.5-DPOP_1e-6-3ep_0alp_5lam,0.15834648491761175,0.07953276182535132,40,6,1.0,True
JayHyeon_Qwen_0.5-DPOP_1e-7-3ep_0alp_5lam,0.22281131278235464,0.10278738528921023,40,6,1.0,True
JayHyeon_Qwen_0.5-DPOP_3e-6-1ep_0alp_5lam,0.20161137591063305,0.11591308050611791,40,6,1.0,True
JayHyeon_Qwen_0.5-DPOP_3e-6-2ep_0alp_5lam,0.2533084827216697,0.11095430107526882,40,6,1.0,True
JayHyeon_Qwen_0.5-DPOP_3e-6-3ep_0alp_5lam,0.22175806843304174,0.12210673896922505,40,6,1.0,True
JayHyeon_Qwen_0.5-DPOP_3e-7-1ep_0alp_5lam,0.16103219192625176,0.09346077179634166,40,6,1.0,True
JayHyeon_Qwen_0.5-DPOP_3e-7-2ep_0alp_5lam,0.16280462798819725,0.08525175013462574,40,6,1.0,True
JayHyeon_Qwen_0.5-DPOP_3e-7-3ep_0alp_5lam,0.20394402534726402,0.09359518039849218,40,6,1.0,True
JayHyeon_Qwen_0.5-DPOP_5e-7-1ep_0alp_5lam,0.21465218152102228,0.12412634408602151,40,6,1.0,True
JayHyeon_Qwen_0.5-DPOP_5e-7-2ep_0alp_5lam,0.21968890082275944,0.11537544609751577,40,6,1.0,True
JayHyeon_Qwen_0.5-DPOP_5e-7-3ep_0alp_5lam,0.17093394078051033,0.09225109437698681,40,6,1.0,True
JayHyeon_Qwen_0.5-DPO_1e-6-3ep_0alp_0lam,0.24408736652265905,0.1542834051724138,40,6,1.0,True
JayHyeon_Qwen_0.5-DPO_1e-7-3ep_0alp_0lam,0.1685685922359284,0.07179721020723678,40,6,1.0,True
JayHyeon_Qwen_0.5-DPO_3e-6-1ep_0alp_0lam,0.2040069099300635,0.08696236559139785,40,6,1.0,True
JayHyeon_Qwen_0.5-DPO_3e-6-2ep_0alp_0lam,0.18311138161519291,0.09245270728021263,40,6,1.0,True
JayHyeon_Qwen_0.5-DPO_3e-6-3ep_0alp_0lam,0.18540556645427547,0.0929231373877395,40,6,1.0,True
JayHyeon_Qwen_0.5-DPO_3e-7-1ep_0alp_0lam,0.1751274579071807,0.08462315818060276,40,6,1.0,True
JayHyeon_Qwen_0.5-DPO_3e-7-2ep_0alp_0lam,0.17414307314063732,0.07408215644379593,40,6,1.0,True
JayHyeon_Qwen_0.5-DPO_3e-7-3ep_0alp_0lam,0.17317324555443042,0.08679538624559209,40,6,1.0,True
JayHyeon_Qwen_0.5-DPO_5e-7-1ep_0alp_0lam,0.23907759209396487,0.11915322580645162,40,6,1.0,True
JayHyeon_Qwen_0.5-DPO_5e-7-2ep_0alp_0lam,0.23883602967614048,0.1341237167127,40,6,1.0,True
JayHyeon_Qwen_0.5-DPO_5e-7-3ep_0alp_0lam,0.17933728595686554,0.10077724651275904,40,6,1.0,True
JayHyeon_Qwen_0.5-IPO_5e-7-1ep_0alp_0lam,0.23686421971561025,0.10147849462365591,40,6,1.0,True
JayHyeon_Qwen_0.5-IPO_5e-7-3ep_0alp_0lam,0.16238734629136037,0.06380206976219015,40,6,1.0,True
JayHyeon_Qwen_0.5-IRPO_1e-6-3ep_1alp_0lam,0.22155881847643197,0.11209677419354838,40,6,1.0,True
JayHyeon_Qwen_0.5-IRPO_1e-7-3ep_1alp_0lam,0.22678370745792908,0.11557705900074157,40,6,1.0,True
JayHyeon_Qwen_0.5-IRPO_3e-6-1ep_1alp_0lam,0.18590960453857214,0.07186441450831205,40,6,1.0,True
JayHyeon_Qwen_0.5-IRPO_3e-6-2ep_1alp_0lam,0.1889061055609191,0.0929231373877395,40,6,1.0,True
JayHyeon_Qwen_0.5-IRPO_3e-6-3ep_1alp_0lam,0.2648774488800306,0.16406467255283647,40,6,1.0,True
JayHyeon_Qwen_0.5-IRPO_3e-7-1ep_1alp_0lam,0.2288881588705784,0.12506720430107526,40,6,1.0,True
JayHyeon_Qwen_0.5-IRPO_3e-7-3ep_1alp_0lam,0.18073609026614718,0.085318954435701,40,6,1.0,True
JayHyeon_Qwen_0.5-IRPO_5e-7-1ep_1alp_0lam,0.22727757581888838,0.11176075268817204,40,6,1.0,True
JayHyeon_Qwen_0.5-IRPO_5e-7-2ep_1alp_0lam,0.1816035326790133,0.08481182795698924,40,6,1.0,True
JayHyeon_Qwen_0.5-IRPO_5e-7-3ep_1alp_0lam,0.23153134666865688,0.10359982715792034,40,6,1.0,True
JayHyeon_Qwen_0.5-MDPO_0.1_3e-6-3ep_0alp_0lam,0.26784046933056416,0.14489754240823136,40,6,1.0,True
JayHyeon_Qwen_0.5-MDPO_0.1_5e-7-3ep_0alp_0lam,0.16823479344982128,0.08619054753591468,40,6,1.0,True
JayHyeon_Qwen_0.5-MDPO_0.3_3e-6-3ep_0alp_0lam,0.18124808855127877,0.08462315818060276,40,6,1.0,True
JayHyeon_Qwen_0.5-MDPO_0.3_5e-7-3ep_0alp_0lam,0.17279540489889442,0.08306408185245019,40,6,1.0,True
JayHyeon_Qwen_0.5-MDPO_0.5_1e-5-3ep_0alp_0lam,0.2412702546504283,0.12908339413205483,40,6,1.0,True
JayHyeon_Qwen_0.5-MDPO_0.5_3e-7-1ep_0alp_0lam,0.20668086297158692,0.11456899448461254,40,6,1.0,True
JayHyeon_Qwen_0.5-MDPO_0.5_3e-7-2ep_0alp_0lam,0.22474267437178147,0.11557705900074157,40,6,1.0,True
JayHyeon_Qwen_0.5-MDPO_0.5_3e-7-3ep_0alp_0lam,0.20963798664341188,0.11236559139784946,40,6,1.0,True
JayHyeon_Qwen_0.5-MDPO_0.5_4e-6-3ep_0alp_0lam,0.2533944247937411,0.15632734288097888,40,6,1.0,True
JayHyeon_Qwen_0.5-MDPO_0.5_6e-6-3ep_0alp_0lam,0.19495210004175045,0.1056159561901784,40,6,1.0,True
JayHyeon_Qwen_0.5-MDPO_0.5_7e-6-3ep_0alp_0lam,0.19823378736014047,0.0929231373877395,40,6,1.0,True
JayHyeon_Qwen_0.5-MDPO_0.5_7e-7-3ep_0alp_0lam,0.1617488388623481,0.06888440860215055,40,6,1.0,True
JayHyeon_Qwen_0.5-MDPO_0.7_3e-6-3ep_0alp_0lam,0.23107359809248504,0.11557705900074157,40,6,1.0,True
JayHyeon_Qwen_0.5-MDPO_0.7_5e-7-3ep_0alp_0lam,0.19887384559644294,0.10205335210418984,40,6,1.0,True
JayHyeon_Qwen_0.5-MDPO_0.9_5e-7-3ep_0alp_0lam,0.16788195074644657,0.07925988918908881,40,6,1.0,True
JayHyeon_Qwen_0.5-VDPO_5e-7-1ep_0alp_0lam,0.1794114205260003,0.09225109437698681,40,6,1.0,True
JayHyeon_Qwen_0.5-VDPO_5e-7-1ep_10vpo_const,0.24103804958263025,0.1367690170464041,40,6,1.0,True
JayHyeon_Qwen_0.5-VDPO_5e-7-1ep_3vpo_const,0.22250381101099287,0.11297043010752689,40,6,1.0,True
JayHyeon_Qwen_0.5-VDPO_5e-7-3ep_0alp_0lam,0.23878094704996666,0.13611304226918797,40,6,1.0,True
JayHyeon_Qwen_0.5-VIPO_5e-7-1ep_0alp_0lam,0.2512923992229369,0.11283602150537635,40,6,1.0,True
JayHyeon_Qwen_0.5-VIPO_5e-7-1ep_30vpo_const,0.24971316691592643,0.11363581062291435,40,6,1.0,True
JayHyeon_Qwen_0.5-VIPO_5e-7-1ep_3vpo_const,0.24642820525506112,0.1297715053763441,40,6,1.0,True
JayHyeon_Qwen_0.5-VIPO_5e-7-3ep_0alp_0lam,0.1655744378514271,0.07155358104469575,40,6,1.0,True
JayHyeon_Qwen_0.5-cDPO_5e-7-3ep_0vpo_const_0.1,0.23972229355651856,0.13219086021505377,40,6,1.0,True
JayHyeon_Qwen_0.5-cDPO_5e-7-3ep_0vpo_const_0.3,0.23203711224248896,0.10813172043010752,40,6,1.0,True
JayHyeon_Qwen_0.5-rDPO_3e-6-1ep_0vpo_const_0.1,0.21197905648302307,0.06895161290322581,40,6,1.0,True
JayHyeon_Qwen_0.5-rDPO_5e-7-3ep_0vpo_const_0.3,0.19832262265954873,0.06975806451612904,40,6,1.0,True
Jimmy19991222_Llama-3-Instruct-8B-SimPO-v0.2,0.5507440194171425,0.4459704561641218,40,6,1.0,True
Jimmy19991222_llama-3-8b-instruct-gapo-v2-bert-f1-beta10-gamma0.3-lr1.0e-6-1minus-rerun,0.5303633952499427,0.4300403225806452,40,6,1.0,True
Jimmy19991222_llama-3-8b-instruct-gapo-v2-bert_f1-beta10-gamma0.3-lr1.0e-6-scale-log,0.4993351225996485,0.35601777059773826,40,6,1.0,True
Jimmy19991222_llama-3-8b-instruct-gapo-v2-bert_p-beta10-gamma0.3-lr1.0e-6-scale-log,0.5165965744731177,0.4232633279483037,40,6,1.0,True
Jimmy19991222_llama-3-8b-instruct-gapo-v2-bleu-beta0.1-no-length-scale-gamma0.4,0.47821968354958055,0.28398170827036323,40,6,1.0,True
Jimmy19991222_llama-3-8b-instruct-gapo-v2-rouge2-beta10-1minus-gamma0.3-rerun,0.5342589389516819,0.43080236941303174,40,6,1.0,True
Jimmy19991222_llama-3-8b-instruct-gapo-v2-rouge2-beta10-gamma0.3-lr1.0e-6-scale-log,0.5192579586237744,0.4279807424916574,40,6,1.0,True
Jimmy19991222_llama-3-8b-instruct-gapo-v2-rougeL-beta10-gamma0.3-lr1.0e-6-scale-log,0.5177997844705914,0.39046372053433387,40,6,1.0,True
Joseph717171_Hermes-3-Llama-3.1-8B_TIES_with_Base_Embeds_Initialized_to_Special_Instruct_Toks_dtypeF32,0.5417907939345263,0.41478494623655915,40,6,1.0,True
Joseph717171_Llama-3.1-SuperNova-8B-Lite_TIES_with_Base,0.6640636531727948,0.5487429609288098,40,6,1.0,True
Josephgflowers_Cinder-Phi-2-V1-F16-gguf,0.3538314742645451,0.23939485004317307,40,6,1.0,True
Josephgflowers_Differential-Attention-Liquid-Metal-Tinyllama,0.18891551420050728,0.06987668590100111,40,6,1.0,True
Josephgflowers_TinyLlama-Cinder-Agent-v1,0.21670294378312108,0.08004032258064517,40,6,1.0,True
Josephgflowers_TinyLlama-v1.1-Cinders-World,0.19502801350697507,0.056384408602150535,40,6,1.0,True
Josephgflowers_TinyLlama_v1.1_math_code-world-test-1,0.19207892530903273,0.058363893909899885,40,6,1.0,True
Josephgflowers_Tinyllama-STEM-Cinder-Agent-v1,0.2099925143914018,0.10685483870967741,40,6,1.0,True
JungZoona_T3Q-Qwen2.5-14B-Instruct-1M-e3,0.9587986737707951,0.9489561076658503,40,6,1.0,True
JungZoona_T3Q-qwen2.5-14b-v1.0-e3,0.9587986737707951,0.9489561076658503,40,6,1.0,True
Junhoee_Qwen-Megumin,0.6648453780926109,0.48693426724137934,40,6,1.0,True
KSU-HW-SEC_Llama3-70b-SVA-FT-1415,0.8598085104442396,0.822428648357566,40,6,1.0,True
KSU-HW-SEC_Llama3-70b-SVA-FT-500,0.8690321209959698,0.8356892837910608,40,6,1.0,True
KSU-HW-SEC_Llama3-70b-SVA-FT-final,0.8597681009614808,0.822428648357566,40,6,1.0,True
KSU-HW-SEC_Llama3.1-70b-SVA-FT-1000step,0.9054934078780319,0.883933177862317,40,6,1.0,True
Khetterman_DarkAtom-12B-v3,0.5970410765606029,0.5430221947997775,40,6,1.0,True
Khetterman_Kosmos-8B-v1,0.588017817123361,0.538508064516129,40,6,1.0,True
Kimargin_GPT-NEO-1.3B-wiki,0.18020887248209433,0.058363893909899885,40,6,1.0,True
KingNish_Qwen2.5-0.5b-Test-ft,0.18833296232635677,0.10181451612903226,40,6,1.0,True
KingNish_Reasoning-Llama-3b-v0.1,0.4011236524229189,0.2588194058212829,40,6,1.0,True
KingNish_qwen-1b-continued,0.1847875200272636,0.07594086021505377,40,6,1.0,True
KingNish_qwen-1b-continued-v2.1,0.20700738666560495,0.10415348651279199,40,6,1.0,True
KingNish_qwen-1b-continued-v2.2,0.19648848911545647,0.09086021505376343,40,6,1.0,True
Kquant03_CognitiveFusion2-4x7B-BF16,0.3939728893203452,0.2861559139784946,40,6,1.0,True
Kquant03_L3-Pneuma-8B,0.4811302917537466,0.37284946236559136,40,6,1.0,True
Krystalan_DRT-o1-14B,0.8569543548731524,0.8308224416017798,40,6,1.0,True
Krystalan_DRT-o1-7B,0.7420360340385611,0.632258064516129,40,6,1.0,True
Kukedlc_NeuralExperiment-7b-MagicCoder-v7.5,0.41146575635088317,0.2789650537634409,40,6,1.0,True
Kukedlc_NeuralLLaMa-3-8b-DT-v0.1,0.5398601525048324,0.45537156704361875,40,6,1.0,True
Kukedlc_NeuralLLaMa-3-8b-ORPO-v0.3,0.3923887192932763,0.27916217672413796,40,6,1.0,True
Kukedlc_NeuralSynthesis-7B-v0.1,0.5335402808657588,0.45804721736718473,40,6,1.0,True
Kukedlc_NeuralSynthesis-7B-v0.3,0.5426106017049923,0.4917939097052131,40,6,1.0,True
Kukedlc_NeuralSynthesis-7b-v0.4-slerp,0.5265382280338038,0.4389107474768531,40,6,1.0,True
Kukedlc_Qwen-2.5-7b-Spanish-o1-CoT,0.7229741270039243,0.6208333333333333,40,6,1.0,True
Kumar955_Hemanth-llm,0.5514245309616366,0.43561422413793105,40,6,1.0,True
LEESM_llama-2-7b-hf-lora-oki100p,0.22760644243038697,0.16881720430107527,40,6,1.0,True
LEESM_llama-2-7b-hf-lora-oki10p,0.22543228934553322,0.13635752688172043,40,6,1.0,True
LEESM_llama-3-8b-bnb-4b-kowiki231101,0.3042991260782788,0.22518292894883202,40,6,1.0,True
LEESM_llama-3-Korean-Bllossom-8B-trexlab-oki10p,0.3795958834585847,0.3155241935483871,40,6,1.0,True
LGAI-EXAONE_EXAONE-3.0-7.8B-Instruct,0.49068507053606353,0.31471774193548385,40,6,1.0,True
LGAI-EXAONE_EXAONE-3.5-2.4B-Instruct,0.4936611030922814,0.291015625,40,6,1.0,True
LGAI-EXAONE_EXAONE-3.5-32B-Instruct,0.7300028370240852,0.5791691288932147,40,6,1.0,True
LGAI-EXAONE_EXAONE-3.5-7.8B-Instruct,0.5737418522600053,0.3606055339265851,40,6,1.0,True
LLM360_K2,0.44926747623028307,0.29137928413848213,40,6,1.0,True
LLM360_K2-Chat,0.6416722592177825,0.5654569892473118,40,6,1.0,True
LLM4Binary_llm4decompile-1.3b-v2,0.23087881030435747,0.09120956154987023,40,6,1.0,True
Lambent_qwen2.5-reinstruct-alternate-lumen-14B,0.8437825181905731,0.8082929456112009,40,6,1.0,True
Langboat_Mengzi3-8B-Chat,0.49623616209025256,0.3617041881633575,40,6,1.0,True
LenguajeNaturalAI_leniachat-gemma-2b-v0,0.17398175628413187,0.08331044911012236,40,6,1.0,True
LenguajeNaturalAI_leniachat-qwen2-1.5B-v0,0.28277333234703883,0.1619088508300373,40,6,1.0,True
LeroyDyer_CheckPoint_A,0.488701149336373,0.4002688172043011,40,6,1.0,True
LeroyDyer_CheckPoint_B,0.48981659259817495,0.412430767982944,40,6,1.0,True
LeroyDyer_CheckPoint_C,0.45988165254163366,0.3605510752688172,40,6,1.0,True
LeroyDyer_LCARS_AI_001,0.3456533405949245,0.2505001679920339,40,6,1.0,True
LeroyDyer_LCARS_AI_1x4_003_SuperAI,0.5096789957367143,0.43384425973213825,40,6,1.0,True
LeroyDyer_LCARS_AI_StarTrek_Computer,0.4022638808741149,0.2896716838153504,40,6,1.0,True
LeroyDyer_LCARS_TOP_SCORE,0.5247856673088345,0.4452984131533691,40,6,1.0,True
LeroyDyer_Mixtral_AI_SwahiliTron_7b,0.18969825950650157,0.09574787958843159,40,6,1.0,True
LeroyDyer_SpydazWebAI_Human_AGI,0.25269062565890243,0.1642645474137931,40,6,1.0,True
LeroyDyer_SpydazWebAI_Human_AGI_001,0.2916465592865405,0.1806451612903226,40,6,1.0,True
LeroyDyer_SpydazWeb_AI_CyberTron_Ultra_7b,0.4022654554777027,0.21116047388260636,40,6,1.0,True
LeroyDyer_SpydazWeb_AI_HumanAGI_001_M2,0.4796460905579735,0.3787095905640384,40,6,1.0,True
LeroyDyer_SpydazWeb_AI_HumanAGI_002,0.5312538309699327,0.4054336994809047,40,6,1.0,True
LeroyDyer_SpydazWeb_AI_HumanAI_001,0.26127935417213255,0.1575268817204301,40,6,1.0,True
LeroyDyer_SpydazWeb_AI_HumanAI_006,0.2303807196565711,0.12454856949293866,40,6,1.0,True
LeroyDyer_SpydazWeb_AI_HumanAI_007,0.2931974287700299,0.17708333333333334,40,6,1.0,True
LeroyDyer_SpydazWeb_AI_HumanAI_009_CHAT,0.2741163358592881,0.15053763440860216,40,6,1.0,True
LeroyDyer_SpydazWeb_AI_HumanAI_010_CHAT,0.2635064185236483,0.14455645161290323,40,6,1.0,True
LeroyDyer_SpydazWeb_AI_HumanAI_011_INSTRUCT,0.282463658537608,0.1801747311827957,40,6,1.0,True
LeroyDyer_SpydazWeb_AI_HumanAI_011_INSTRUCT_ML,0.3795312446417383,0.26009693053311794,40,6,1.0,True
LeroyDyer_SpydazWeb_AI_HumanAI_011_INSTRUCT_ML_r1,0.46854240596639124,0.3756802987115313,40,6,1.0,True
LeroyDyer_SpydazWeb_AI_HumanAI_012_INSTRUCT_IA,0.4650311879611568,0.3209859913793104,40,6,1.0,True
LeroyDyer_SpydazWeb_AI_HumanAI_012_INSTRUCT_MX,0.22562301877688395,0.10598118279569892,40,6,1.0,True
LeroyDyer_SpydazWeb_AI_HumanAI_012_INSTRUCT_XA,0.443341928102105,0.3149660395712821,40,6,1.0,True
LeroyDyer_SpydazWeb_AI_HumanAI_RP,0.251439443495338,0.14158339413205484,40,6,1.0,True
LeroyDyer_SpydazWeb_AI_HumanAI_TextVision,0.28337632421131626,0.16028225806451613,40,6,1.0,True
LeroyDyer_SpydazWeb_HumanAI_M1,0.2858943851098465,0.2179603494623656,40,6,1.0,True
LeroyDyer_SpydazWeb_HumanAI_M2,0.3397000267267286,0.24926075268817205,40,6,1.0,True
LeroyDyer_SpydazWeb_HumanAI_M3,0.20231949279827166,0.08471695981646274,40,6,1.0,True
LeroyDyer__Spydaz_Web_AI_12,0.21143083162224618,0.107449683676307,40,6,1.0,True
LeroyDyer__Spydaz_Web_AI_14,0.17903760633505456,0.07647849462365591,40,6,1.0,True
LeroyDyer__Spydaz_Web_AI_BIBLE_002,0.23480153272397591,0.12582429251852265,40,6,1.0,True
LeroyDyer__Spydaz_Web_AI_ChatML_002,0.19872351479093625,0.05907258064516129,40,6,1.0,True
LeroyDyer__Spydaz_Web_AI_ChatQA,0.22634621502969104,0.10939773985432566,40,6,1.0,True
LeroyDyer__Spydaz_Web_AI_ChatQA_003,0.2130375538006913,0.1058175690934042,40,6,1.0,True
LightningRodLabs_Flashlight-v1.0,0.8924028959434374,0.8735314991193919,40,6,1.0,True
LightningRodLabs_Flashlight-v1.1,0.890869699176986,0.8713709677419355,40,6,1.0,True
LightningRodLabs_Flashlight-v1.2,0.34347393917462293,0.1073252688172043,40,6,1.0,True
Lil-R_2_PRYMMAL-ECE-2B-SLERP-V1,0.4587186607673937,0.3044012845901297,40,6,1.0,True
Lil-R_2_PRYMMAL-ECE-2B-SLERP-V2,0.46778358831733097,0.32426075268817206,40,6,1.0,True
Lil-R_2_PRYMMAL-ECE-7B-SLERP,0.72965467685648,0.6491732712272895,40,6,1.0,True
Lil-R_2_PRYMMAL-ECE-7B-SLERP-V1,0.17406231547924966,0.0514072732641965,40,6,1.0,True
Lil-R_2_PRYMMAL-ECE-7B-SLERP-V2,0.17406231547924966,0.0514072732641965,40,6,1.0,True
Lil-R_2_PRYMMAL-ECE-7B-SLERP-V3,0.26274830308765407,0.13979972825330064,40,6,1.0,True
Lil-R_PRYMMAL-ECE-1B-SLERP-V1,0.4408043170592677,0.2982758620689655,40,6,1.0,True
Lil-R_PRYMMAL-ECE-7B-SLERP-V8,0.1935762666706051,0.042562048109010014,40,6,1.0,True
LilRg_10PRYMMAL-3B-slerp,0.619849631850451,0.5112455920926919,40,6,1.0,True
LilRg_ECE-1B-merge-PRYMMAL,0.4531228813105629,0.3129032258064516,40,6,1.0,True
LilRg_ECE_Finetunning,0.4099668002104594,0.30290791599353795,40,6,1.0,True
LilRg_PRYMMAL-6B-slerp,0.15306415443466773,0.031720430107526884,40,6,1.0,True
LilRg_PRYMMAL-ECE-7B-SLERP-V3,0.19864095081039007,0.0628956807188086,40,6,1.0,True
LilRg_PRYMMAL-ECE-7B-SLERP-V4,0.19868809520694178,0.0628956807188086,40,6,1.0,True
LilRg_PRYMMAL-ECE-7B-SLERP-V5,0.19868809520694178,0.0628956807188086,40,6,1.0,True
LilRg_PRYMMAL-ECE-7B-SLERP-V6,0.19864095081039007,0.0628956807188086,40,6,1.0,True
LilRg_PRYMMAL-ECE-7B-SLERP-V7,0.19868809520694178,0.0628956807188086,40,6,1.0,True
LilRg_PRYMMAL-slerp-Merge,0.6365099634372812,0.45826612903225805,40,6,1.0,True
LimYeri_CodeMind-Llama3-8B-unsloth_v2-merged,0.4618561304953209,0.33373655913978495,40,6,1.0,True
LimYeri_CodeMind-Llama3-8B-unsloth_v3-merged,0.4610171028038993,0.32143133218684317,40,6,1.0,True
LimYeri_CodeMind-Llama3-8B-unsloth_v4-one-DPO-merged,0.49299967180296067,0.34287580124029393,40,6,1.0,True
LimYeri_CodeMind-Llama3-8B-unsloth_v4-one-merged,0.502631833196948,0.38590468497576735,40,6,1.0,True
LimYeri_CodeMind-Llama3.1-8B-unsloth-merged,0.4756252120140146,0.3700936515109381,40,6,1.0,True
Locutusque_CollectiveLM-Falcon-3-7B,0.6155078024854322,0.47896505376344084,40,6,1.0,True
Locutusque_Hercules-6.0-Llama-3.1-8B,0.4754092169981994,0.36223118279569894,40,6,1.0,True
Locutusque_Hercules-6.1-Llama-3.1-8B,0.5000482521294154,0.3518817204301075,40,6,1.0,True
Locutusque_Llama-3-NeuralHercules-5.0-8B,0.3743203337271398,0.26682767470946894,40,6,1.0,True
Locutusque_Llama-3-Yggdrasil-2.0-8B,0.49372003344173027,0.2744623655913978,40,6,1.0,True
Locutusque_TinyMistral-248M-v2.5,0.18991696542836442,0.04124672121180538,40,6,1.0,True
Luni_StarDust-12b-v1,0.5920121212630874,0.498115239633818,40,6,1.0,True
Luni_StarDust-12b-v2,0.6163992246403441,0.5079978546736846,40,6,1.0,True
Lunzima_NQLSG-Qwen2.5-14B-MegaFusion-v3,0.8796837617116158,0.8286025271134594,40,6,1.0,True
Lunzima_NQLSG-Qwen2.5-14B-MegaFusion-v5,0.8653652108583147,0.8585911429365962,40,6,1.0,True
Lunzima_NQLSG-Qwen2.5-14B-MegaFusion-v6,0.8705832291443913,0.8622983870967742,40,6,1.0,True
Lunzima_NQLSG-Qwen2.5-14B-MegaFusion-v7-rebase,0.8660857278398769,0.8516129032258064,40,6,1.0,True
Lunzima_NQLSG-Qwen2.5-14B-MegaFusion-v8,0.8872292985126625,0.85625,40,6,1.0,True
Lunzima_NQLSG-Qwen2.5-14B-MegaFusion-v8.5,0.8680799088238189,0.8727150537634409,40,6,1.0,True
Lunzima_NQLSG-Qwen2.5-14B-MegaFusion-v8.6,0.8766629185743013,0.8529291805710049,40,6,1.0,True
Lunzima_NQLSG-Qwen2.5-14B-MegaFusion-v8.7,0.8853237227504549,0.8622236512791992,40,6,1.0,True
Lunzima_NQLSG-Qwen2.5-14B-MegaFusion-v8.9,0.8900544174529694,0.8576334816462736,40,6,1.0,True
Lunzima_NQLSG-Qwen2.5-14B-MegaFusion-v9-stock,0.8982369718288898,0.864247311827957,40,6,1.0,True
Lyte_Llama-3.1-8B-Instruct-Reasoner-1o1_v0.3,0.5375051698568025,0.3922043010752688,40,6,1.0,True
Lyte_Llama-3.2-1B-Instruct-COT-RL-Expriement1-EP04,0.31249630747912627,0.13756720430107527,40,6,1.0,True
Lyte_Llama-3.2-3B-Overthinker,0.32376943018008103,0.18107851175886208,40,6,1.0,True
M4-ai_TinyMistral-248M-v3,0.14040114055350347,0.048277600111234706,40,6,1.0,True
MEscriva_ECE-PRYMMAL-0.5B-FT-V5-MUSR-Mathis,0.2089113783712217,0.08111559139784946,40,6,1.0,True
MLP-KTLim_llama-3-Korean-Bllossom-8B,0.4988822561720436,0.3748655913978495,40,6,1.0,True
MTSAIR_Cotype-Nano,0.34386309112062374,0.2485215053763441,40,6,1.0,True
MTSAIR_MultiVerse_70B,0.8074117090906219,0.7265751211631664,40,6,1.0,True
Magpie-Align_Llama-3-8B-Magpie-Align-SFT-v0.1,0.4205874014753723,0.3183467741935484,40,6,1.0,True
Magpie-Align_Llama-3-8B-Magpie-Align-SFT-v0.3,0.42772179918317066,0.3231182795698925,40,6,1.0,True
Magpie-Align_Llama-3-8B-Magpie-Align-v0.1,0.4437740127573613,0.34375,40,6,1.0,True
Magpie-Align_Llama-3-8B-Magpie-Align-v0.3,0.39727595242938063,0.2764178079810901,40,6,1.0,True
Magpie-Align_Llama-3.1-8B-Magpie-Align-SFT-v0.1,0.4603356078428928,0.35181451612903225,40,6,1.0,True
Magpie-Align_Llama-3.1-8B-Magpie-Align-v0.1,0.34295037060077826,0.1451349300148313,40,6,1.0,True
Magpie-Align_MagpieLM-8B-Chat-v0.1,0.32928790173672445,0.2254175646551724,40,6,1.0,True
Magpie-Align_MagpieLM-8B-SFT-v0.1,0.4221565540731624,0.32876344086021503,40,6,1.0,True
ManoloPueblo_ContentCuisine_1-7B-slerp,0.5664417250150948,0.44115597191323697,40,6,1.0,True
ManoloPueblo_LLM_MERGE_CC2,0.5538886476189214,0.3997980831499638,40,6,1.0,True
ManoloPueblo_LLM_MERGE_CC3,0.591053337990201,0.5008750673128702,40,6,1.0,True
MarinaraSpaghetti_NemoReRemix-12B,0.6432432630832934,0.5587641357027464,40,6,1.0,True
MarinaraSpaghetti_Nemomix-v4.0-12B,0.6063825803819747,0.49986537425955846,40,6,1.0,True
Marsouuu_MiniMathExpert-2_61B-ECE-PRYMMAL-Martial,0.3639087067512937,0.25311799729011414,40,6,1.0,True
Marsouuu_MiniQwenMathExpert-ECE-PRYMMAL-Martial,0.4592493978296578,0.3056451612903226,40,6,1.0,True
Marsouuu_MistralBase-4x7B-MoE-ECE-PRYMMAL-Martial,0.23655827556050882,0.13986540907656025,40,6,1.0,True
Marsouuu_general3B-ECE-PRYMMAL-Martial,0.6332393866500309,0.47096774193548385,40,6,1.0,True
Marsouuu_general3Bv2-ECE-PRYMMAL-Martial,0.7403130931291529,0.6633233975250279,40,6,1.0,True
Marsouuu_lareneg1_78B-ECE-PRYMMAL-Martial,0.4592493978296578,0.3056451612903226,40,6,1.0,True
Marsouuu_lareneg3B-ECE-PRYMMAL-Martial,0.666930878175947,0.566733870967742,40,6,1.0,True
Marsouuu_lareneg3Bv2-ECE-PRYMMAL-Martial,0.7464048953425259,0.6746639784946237,40,6,1.0,True
MaziyarPanahi_Calme-4x7B-MoE-v0.1,0.5289858980098452,0.4655241935483871,40,6,1.0,True
MaziyarPanahi_Calme-4x7B-MoE-v0.2,0.5250924780048271,0.44385345001671217,40,6,1.0,True
MaziyarPanahi_Llama-3-70B-Instruct-v0.1,0.6498878456860312,0.5068696120689655,40,6,1.0,True
MaziyarPanahi_Llama-3-8B-Instruct-v0.10,0.514762199198887,0.37225797766081264,40,6,1.0,True
MaziyarPanahi_Llama-3-8B-Instruct-v0.8,0.5463597677582432,0.42240249582869854,40,6,1.0,True
MaziyarPanahi_Llama-3-8B-Instruct-v0.9,0.5259936466739955,0.4012343226153873,40,6,1.0,True
MaziyarPanahi_Qwen1.5-MoE-A2.7B-Wikihow,0.3504788597295251,0.26391129032258065,40,6,1.0,True
MaziyarPanahi_Qwen2-7B-Instruct-v0.1,0.6172568391822901,0.46391129032258066,40,6,1.0,True
MaziyarPanahi_Qwen2-7B-Instruct-v0.8,0.5139189451960924,0.3668682795698925,40,6,1.0,True
MaziyarPanahi_calme-2.1-llama3.1-70b,0.8064905772230244,0.7528621211067853,40,6,1.0,True
MaziyarPanahi_calme-2.1-phi3-4b,0.5946293162038176,0.4580303168481943,40,6,1.0,True
MaziyarPanahi_calme-2.1-phi3.5-4b,0.6333227154112928,0.5672221064151337,40,6,1.0,True
MaziyarPanahi_calme-2.1-qwen2-72b,0.9400097722058345,0.9201804087875417,40,6,1.0,True
MaziyarPanahi_calme-2.1-qwen2-7b,0.6028772493982648,0.4661290322580645,40,6,1.0,True
MaziyarPanahi_calme-2.1-qwen2.5-72b,0.7918670019403552,0.770735858129403,40,6,1.0,True
MaziyarPanahi_calme-2.1-rys-78b,0.9510116638172882,0.9374000625695217,40,6,1.0,True
MaziyarPanahi_calme-2.2-llama3-70b,0.8346273206608057,0.8200268817204301,40,6,1.0,True
MaziyarPanahi_calme-2.2-llama3.1-70b,0.8902283479383168,0.8939894153225807,40,6,1.0,True
MaziyarPanahi_calme-2.2-phi3-4b,0.5725079028276572,0.41676437889763235,40,6,1.0,True
MaziyarPanahi_calme-2.2-qwen2-72b,0.9398051984769396,0.9256048387096775,40,6,1.0,True
MaziyarPanahi_calme-2.2-qwen2-7b,0.6269869707525578,0.5345601015016685,40,6,1.0,True
MaziyarPanahi_calme-2.2-qwen2.5-72b,0.9473289984715336,0.9730510752688173,40,6,1.0,True
MaziyarPanahi_calme-2.2-rys-78b,0.9438985773202125,0.9336693548387096,40,6,1.0,True
MaziyarPanahi_calme-2.3-llama3-70b,0.8243930754992084,0.8379779213785676,40,6,1.0,True
MaziyarPanahi_calme-2.3-llama3.1-70b,0.9047476192049908,0.8943548387096774,40,6,1.0,True
MaziyarPanahi_calme-2.3-phi3-4b,0.631648741058395,0.5400537634408602,40,6,1.0,True
MaziyarPanahi_calme-2.3-qwen2-72b,0.786167191949463,0.686180342036236,40,6,1.0,True
MaziyarPanahi_calme-2.3-qwen2-7b,0.6007561982780334,0.4399865591397849,40,6,1.0,True
MaziyarPanahi_calme-2.3-rys-78b,0.9452635781580667,0.9423128702207862,40,6,1.0,True
MaziyarPanahi_calme-2.4-llama3-70b,0.8140772268196264,0.7779313669289697,40,6,1.0,True
MaziyarPanahi_calme-2.4-qwen2-7b,0.6002247997863284,0.44459077794771973,40,6,1.0,True
MaziyarPanahi_calme-2.4-rys-78b,0.9617300975815736,0.9592757135164244,40,6,1.0,True
MaziyarPanahi_calme-2.5-qwen2-7b,0.5873520554226395,0.4395833333333333,40,6,1.0,True
MaziyarPanahi_calme-2.6-qwen2-7b,0.5200438569275052,0.4065188172043011,40,6,1.0,True
MaziyarPanahi_calme-2.7-qwen2-7b,0.5534777106421124,0.44059139784946233,40,6,1.0,True
MaziyarPanahi_calme-3.1-baguette-3b,0.5272531517856929,0.4010536881256952,40,6,1.0,True
MaziyarPanahi_calme-3.1-instruct-3b,0.5413817482135135,0.42278225806451614,40,6,1.0,True
MaziyarPanahi_calme-3.1-instruct-78b,0.9594883064572285,0.9514584093317352,40,6,1.0,True
MaziyarPanahi_calme-3.1-llamaloi-3b,0.48171765366221697,0.34711021505376344,40,6,1.0,True
MaziyarPanahi_calme-3.2-baguette-3b,0.5510065901986096,0.37493279569892474,40,6,1.0,True
MaziyarPanahi_calme-3.2-instruct-3b,0.5615752832681319,0.41087797205228027,40,6,1.0,True
MaziyarPanahi_calme-3.2-instruct-78b,0.9625604579922016,0.957258064516129,40,6,1.0,True
MaziyarPanahi_calme-3.3-baguette-3b,0.5581907691760815,0.3803763440860215,40,6,1.0,True
MaziyarPanahi_calme-3.3-instruct-3b,0.5656852480840541,0.38736559139784943,40,6,1.0,True
Minami-su_Amara-o1-7B-Qwen,0.6545533319580618,0.47449567806822396,40,6,1.0,True
Minami-su_Amara-o2-7B-Qwen,0.6215633721097396,0.44416843367630704,40,6,1.0,True
Minami-su_test-7B-00,0.5613166011807531,0.3563172043010753,40,6,1.0,True
Minami-su_test-7B-01,0.5666301938215695,0.33727188195216906,40,6,1.0,True
Minami-su_test-v2-7B-00,0.5240288559895052,0.2647849462365591,40,6,1.0,True
ModelCloud_Llama-3.2-1B-Instruct-gptqmodel-4bit-vortex-v1,0.2340279059158878,0.10965656284760845,40,6,1.0,True
ModelSpace_GemmaX2-28-9B-v0.1,0.2922961138132973,0.16648228934927697,40,6,1.0,True
NAPS-ai_naps-gemma-2-27b-v0.1.0,0.15414274001586908,0.05721192262928414,40,6,1.0,True
NAPS-ai_naps-llama-3_1-instruct-v0.5.0,0.31982689068580805,0.25120967741935485,40,6,1.0,True
NCSOFT_Llama-VARCO-8B-Instruct,0.5410246587952539,0.4564673554293258,40,6,1.0,True
Naveenpoliasetty_llama3-8B-V2,0.5601266799296981,0.4832527750273594,40,6,1.0,True
NbAiLab_nb-llama-3.1-8B-Instruct,0.21446540725896304,0.09452724651275904,40,6,1.0,True
Nekochu_Llama-3.1-8B-German-ORPO,0.4544895663506855,0.13533339413205484,40,6,1.0,True
Nexesenex_Llama_3.1_8b_DeepDive_3_R1_Prev_v1.0,0.5920079592976519,0.4678763440860215,40,6,1.0,True
Nexesenex_Llama_3.1_8b_DobHerWild_R1_v1.1R,0.6373045730110282,0.562768817204301,40,6,1.0,True
Nexesenex_Llama_3.1_8b_DoberWild_v2.02,0.6558378044868484,0.5748357550055618,40,6,1.0,True
Nexesenex_Llama_3.1_8b_DodoWild_v2.01,0.658472670693908,0.5419354838709678,40,6,1.0,True
Nexesenex_Llama_3.1_8b_DodoWild_v2.02,0.6701090938105928,0.5497469700129775,40,6,1.0,True
Nexesenex_Llama_3.1_8b_DodoWild_v2.03,0.6776293705726252,0.5932795698924731,40,6,1.0,True
Nexesenex_Llama_3.1_8b_Dolermed_R1_V1.01,0.6486181033930554,0.558266129032258,40,6,1.0,True
Nexesenex_Llama_3.1_8b_Dolermed_V1.01,0.5977724188921095,0.5139784946236559,40,6,1.0,True
Nexesenex_Llama_3.1_8b_Dolerstormed_V1.04,0.651432216393619,0.5323252688172042,40,6,1.0,True
Nexesenex_Llama_3.1_8b_Hermedive_R1_V1.01,0.5926660762798206,0.5055298711531331,40,6,1.0,True
Nexesenex_Llama_3.1_8b_Mediver_V1.01,0.3457986703873687,0.10994536800597564,40,6,1.0,True
Nexesenex_Llama_3.1_8b_Smarteaz_0.2_R1,0.645929669426981,0.5381048387096774,40,6,1.0,True
Nexesenex_Llama_3.1_8b_Smarteaz_V1.01,0.6672930485366227,0.5716397849462366,40,6,1.0,True
Nexesenex_Llama_3.2_1b_AquaSyn_0.1,0.2308247572599813,0.11303097191323694,40,6,1.0,True
Nexesenex_Llama_3.2_1b_Odyssea_V1,0.1806096899487958,0.10517473118279569,40,6,1.0,True
Nexesenex_Llama_3.2_1b_Odyssea_V1.01,0.1869332292829105,0.10443548387096774,40,6,1.0,True
Nexesenex_Llama_3.2_1b_SunOrca_V1,0.31155209175212184,0.16693548387096774,40,6,1.0,True
Nexesenex_Llama_3.2_1b_Sydonia_0.1,0.20328064035149002,0.08855151557285873,40,6,1.0,True
Nexesenex_Llama_3.2_3b_Kermes_v2,0.39370106718415965,0.3058467741935484,40,6,1.0,True
NikolaSigmoid_AceMath-1.5B-Instruct-dolphin-r1-200,0.16320264743615087,0.054478416650418734,40,6,1.0,True
NikolaSigmoid_DeepSeek-R1-Distill-Qwen-1.5B-500,0.11138136742595435,0.03662634408602151,40,6,1.0,True
NikolaSigmoid_phi-4-14b,0.8781701254316185,0.875942380183091,40,6,1.0,True
NotASI_FineTome-Llama3.2-3B-1002,0.3868191553541361,0.2877885150166852,40,6,1.0,True
NotASI_FineTome-v1.5-Llama3.2-1B-1007,0.19229063008871072,0.10336823302555104,40,6,1.0,True
NotASI_FineTome-v1.5-Llama3.2-3B-1007,0.3875223990782405,0.2860823368557657,40,6,1.0,True
NousResearch_DeepHermes-3-Mistral-24B-Preview,0.8434659015246776,0.8291666666666666,40,6,1.0,True
NousResearch_Hermes-2-Pro-Llama-3-8B,0.5242362993366275,0.4144138568971807,40,6,1.0,True
NousResearch_Hermes-2-Pro-Mistral-7B,0.4930710102486279,0.3842218632202477,40,6,1.0,True
NousResearch_Hermes-3-Llama-3.1-70B,0.8500603672995275,0.7591039571282159,40,6,1.0,True
NousResearch_Nous-Hermes-2-Mistral-7B-DPO,0.48643061205050875,0.36358569145517394,40,6,1.0,True
NousResearch_Yarn-Llama-2-13b-128k,0.2745081640581245,0.18181206246634357,40,6,1.0,True
Open-Orca_Mistral-7B-OpenOrca,0.4365966662187254,0.3138070157419271,40,6,1.0,True
OpenBuddy_openbuddy-llama3-70b-v21.2-32k,0.8385055897011758,0.7864247311827957,40,6,1.0,True
OpenBuddy_openbuddy-llama3-8b-v21.1-8k,0.4288341126585708,0.2866182014001077,40,6,1.0,True
OpenBuddy_openbuddy-llama3.1-70b-v22.1-131k,0.7643491944010293,0.5523133342602893,40,6,1.0,True
OpenBuddy_openbuddy-llama3.1-8b-v22.3-131k,0.536258663490233,0.46803189886911384,40,6,1.0,True
OpenBuddy_openbuddy-yi1.5-34b-v21.3-32k,0.7644467202861598,0.6817396468462835,40,6,1.0,True
OpenLeecher_llama3-8b-lima,0.3427757886771591,0.2577409800753904,40,6,1.0,True
OpenScholar_Llama-3.1_OpenScholar-8B,0.6050676029417071,0.5396505376344086,40,6,1.0,True
Orenguteng_Llama-3.1-8B-Lexi-Uncensored-V2,0.587949775131773,0.45938601976827004,40,6,1.0,True
Orion-zhen_phi-4-abliterated,0.8801896921514392,0.874663435648896,40,6,1.0,True
PJMixers-Dev_LLaMa-3.1-Instruct-Interleaved-Zeroed-13B,0.6040166354558452,0.4979838709677419,40,6,1.0,True
PJMixers-Dev_LLaMa-3.1-RomboTiesTest-8B,0.60387520226619,0.4979838709677419,40,6,1.0,True
PJMixers-Dev_LLaMa-3.1-RomboTiesTest2-8B,0.60387520226619,0.4979838709677419,40,6,1.0,True
PJMixers-Dev_LLaMa-3.2-Instruct-JankMix-v0.2-SFT-3B,0.4761576807073527,0.3489247311827957,40,6,1.0,True
PJMixers-Dev_LLaMa-3.2-Instruct-JankMixBread-v0.1-3B,0.43310212078407295,0.2807795698924731,40,6,1.0,True
PJMixers_LLaMa-3-CursedStock-v2.0-8B,0.5802436557666614,0.4676075268817204,40,6,1.0,True
Quazim0t0_Lo-Phi-14b,0.8941779254274479,0.8619525166852058,40,6,1.0,True
Quazim0t0_Phi4.Turn.R1Distill.16bit,0.6924736349657491,0.43282175551965535,40,6,1.0,True
Quazim0t0_Phi4Basis-14B-sce,0.909716631231008,0.8939516129032259,40,6,1.0,True
Quazim0t0_graphite-14b-sce,0.762209174683375,0.6430626487397294,40,6,1.0,True
Qwen_QwQ-32B-Preview,0.7937928655086981,0.7590725806451613,40,6,1.0,True
Qwen_Qwen1.5-0.5B,0.18434232117856825,0.10040322580645161,40,6,1.0,True
Qwen_Qwen1.5-1.8B,0.2904456053278324,0.15048230672969967,40,6,1.0,True
Qwen_Qwen1.5-110B,0.7605689804735771,0.7033602150537634,40,6,1.0,True
Qwen_Qwen1.5-14B-Chat,0.45535970272906895,0.13251081348689353,40,6,1.0,True
Qwen_Qwen1.5-32B,0.7131534258825398,0.6180107526881721,40,6,1.0,True
Qwen_Qwen1.5-32B-Chat,0.677066925727623,0.5177726649977716,40,6,1.0,True
Qwen_Qwen1.5-4B-Chat,0.2953310929341403,0.17057081313947225,40,6,1.0,True
Qwen_Qwen1.5-MoE-A2.7B,0.29327764101185244,0.10745880886619069,40,6,1.0,True
Qwen_Qwen2-0.5B-Instruct,0.1935022218582036,0.10866848628554554,40,6,1.0,True
Qwen_Qwen2-1.5B-Instruct,0.35937587660225595,0.2659148253339587,40,6,1.0,True
Qwen_Qwen2-57B-A14B,0.6579280384189142,0.5548665183537264,40,6,1.0,True
Qwen_Qwen2-7B,0.6277124764863565,0.5553375278086763,40,6,1.0,True
Qwen_Qwen2-7B-Instruct,0.5981229779464619,0.5225538503429736,40,6,1.0,True
Qwen_Qwen2-Math-72B-Instruct,0.846124666936068,0.7896686422413792,40,6,1.0,True
Qwen_Qwen2-VL-72B-Instruct,0.8968360621907276,0.8542003231017771,40,6,1.0,True
Qwen_Qwen2-VL-7B-Instruct,0.6018729308218369,0.4692956477006852,40,6,1.0,True
Qwen_Qwen2.5-1.5B-Instruct,0.3350292472174851,0.1992460958535272,40,6,1.0,True
Qwen_Qwen2.5-14B-Instruct,0.6646468012413047,0.5651487764182425,40,6,1.0,True
Qwen_Qwen2.5-32B-Instruct,0.7236964686958839,0.6148521505376344,40,6,1.0,True
Qwen_Qwen2.5-3B-Instruct,0.37431344473407446,0.1484877670464041,40,6,1.0,True
Qwen_Qwen2.5-72B,0.9048008163548037,0.8942876344086022,40,6,1.0,True
Qwen_Qwen2.5-7B-Instruct,0.4986790882731921,0.2216687523173897,40,6,1.0,True
Qwen_Qwen2.5-Math-72B-Instruct,0.8286032292329313,0.7717486797991906,40,6,1.0,True
Qwen_Qwen2.5-Math-7B,0.518320331967571,0.3249876888672599,40,6,1.0,True
RESMPDEV_Qwen2-Wukong-0.5B,0.14381619084085978,0.07155358104469575,40,6,1.0,True
RLHFlow_ArmoRM-Llama3-8B-v0.1,0.16265294811746342,0.05479256779057447,40,6,1.0,True
Replete-AI_Llama3-8B-Instruct-Replete-Adapted,0.4582539366938179,0.35033547865964876,40,6,1.0,True
Rombo-Org_Rombo-LLM-V2.5-Qwen-7b,0.49551431607259877,0.2137768817204301,40,6,1.0,True
SaisExperiments_Gemma-2-2B-Stheno-Filtered,0.3558793791926409,0.23071236559139785,40,6,1.0,True
SaisExperiments_RightSheep-Llama3.2-3B,0.4103224814120264,0.3093663097886541,40,6,1.0,True
Sakalti_Llama3.2-3B-Uranus-1,0.4842162567236123,0.34650537634408607,40,6,1.0,True
Sakalti_Phi3.5-Comets-3.8B,0.21011610162135663,0.061634703910226345,40,6,1.0,True
Sakalti_Qwen2.5-1B-Instruct,0.13147933507519424,0.051770379261601024,40,6,1.0,True
SentientAGI_Dobby-Mini-Leashed-Llama-3.1-8B,0.6235072524002018,0.526747311827957,40,6,1.0,True
SentientAGI_Dobby-Mini-Unhinged-Llama-3.1-8B,0.5901591590915353,0.4940059267241379,40,6,1.0,True
Sicarius-Prototyping_Brainy_LLAMA,0.5948630075223817,0.5101478494623656,40,6,1.0,True
SicariusSicariiStuff_LLAMA-3_8B_Unaligned_BETA,0.5109662328243612,0.4153225806451613,40,6,1.0,True
SicariusSicariiStuff_Phi-Line_14B,0.7836131379925445,0.7739958460789766,40,6,1.0,True
SicariusSicariiStuff_Qwen2.5-14B_Uncensored,0.8303197305413018,0.7878322557471265,40,6,1.0,True
SicariusSicariiStuff_Qwen2.5-14B_Uncensored_Instruct,0.7605297617182423,0.719018817204301,40,6,1.0,True
SkyOrbis_SKY-Ko-Llama3.2-1B-lora-epoch5,0.29181303242870527,0.16256720430107527,40,6,1.0,True
SkyOrbis_SKY-Ko-Llama3.2-1B-lora-v2-epoch3,0.29181303242870527,0.16256720430107527,40,6,1.0,True
SkyOrbis_SKY-Ko-Llama3.2-3B-lora-epoch1,0.44882360068504135,0.3173035143214683,40,6,1.0,True
SkyOrbis_SKY-Ko-Qwen2.5-3B-Instruct,0.38213192930404033,0.2799059139784946,40,6,1.0,True
SkyOrbis_SKY-Ko-Qwen2.5-7B-Instruct-SFT-step-15000,0.6365912205401367,0.5526881720430108,40,6,1.0,True
SkyOrbis_SKY-Ko-Qwen2.5-7B-Instruct-SFT-step-5000,0.6555598083228583,0.5504704301075269,40,6,1.0,True
Sorawiz_Gemma-9B-Base,0.6793151008113185,0.5853827930932652,40,6,1.0,True
Sorawiz_Gemma-Creative-9B-Base,0.5691204701910683,0.37442688056173523,40,6,1.0,True
Sourjayon_DeepSeek-R1-ForumNXT,0.30326946949895867,0.12681451612903225,40,6,1.0,True
Supichi_BBAI_135_Gemma,0.23922872965713715,0.09771090543934413,40,6,1.0,True
Syed-Hasan-8503_Phi-3-mini-4K-instruct-cpo-simpo,0.6417504350627724,0.5197007091212458,40,6,1.0,True
T145_Meta-Llama-3.1-8B-Instruct-TIES,0.5999893093085539,0.4901209677419355,40,6,1.0,True
T145_qwen-2.5-3B-merge-test,0.45000411458342693,0.2952284946236559,40,6,1.0,True
TIGER-Lab_AceCoder-Qwen2.5-Coder-7B-Base-Rule,0.5238142766779099,0.32929962690025955,40,6,1.0,True
TIGER-Lab_Qwen2.5-Math-7B-CFT,0.5556867192193744,0.36041666666666666,40,6,1.0,True
TTTXXX01_Mistral-7B-Base-SimPO2-5e-7,0.3784707288739043,0.28082516893359044,40,6,1.0,True
Tarek07_Thalassic-Alpha-LLaMa-70B,0.9133679586544734,0.8830775444264943,40,6,1.0,True
Telugu-LLM-Labs_Indic-gemma-2b-finetuned-sft-Navarasa-2.0,0.22009618234195477,0.10786290322580645,40,6,1.0,True
Telugu-LLM-Labs_Indic-gemma-7b-finetuned-sft-Navarasa-2.0,0.3248541777622461,0.2223139993398996,40,6,1.0,True
TheDrummer_Gemmasutra-9B-v1,0.6890624934484136,0.5398364080115343,40,6,1.0,True
TheDrummer_Tiger-Gemma-9B-v2,0.5367272678812259,0.17856182795698924,40,6,1.0,True
TheTsar1209_qwen-carpmuscle-r-v0.3,0.8105609634143318,0.7726478494623656,40,6,1.0,True
TheTsar1209_qwen-carpmuscle-v0.1,0.8217448799726915,0.7819736133548735,40,6,1.0,True
TinyLlama_TinyLlama-1.1B-Chat-v0.1,0.1670774823221353,0.055338396829810906,40,6,1.0,True
TinyLlama_TinyLlama-1.1B-Chat-v1.0,0.18917348644690174,0.07614247311827957,40,6,1.0,True
TinyLlama_TinyLlama-1.1B-intermediate-step-1431k-3T,0.1626653787230606,0.06888440860215055,40,6,1.0,True
Triangle104_DS-Distilled-Hermes-Llama-3.1,0.6111309560144087,0.44815506813125694,40,6,1.0,True
Triangle104_DSR1-Distill-Llama-Lit-8B,0.49759120451682837,0.2908602150537634,40,6,1.0,True
Triangle104_DSR1-Distill-Qwen-7B-RP,0.5283561479225407,0.3289650537634409,40,6,1.0,True
Triangle104_Dolphin3-Llama3.2-Smart,0.30607991548303837,0.20782770786985538,40,6,1.0,True
Triangle104_Llama3.1-Allades-Lit-8b,0.2916636369791451,0.13541666666666666,40,6,1.0,True
Triangle104_Mistral-Small-24b-Harmony,0.7979391753201892,0.7686827956989247,40,6,1.0,True
Triangle104_Phi-4-AbliteratedRP,0.89801513319581,0.8892703284868066,40,6,1.0,True
Triangle104_Phi4-RP-o1,0.8698866627737141,0.8870336955200028,40,6,1.0,True
Triangle104_Phi4-RP-o1-Ablit,0.8699336700315239,0.8672715053763441,40,6,1.0,True
Triangle104_Porpoise-R1-Llama3.2-3b,0.2864950906810685,0.20926138238921604,40,6,1.0,True
Triangle104_RomboHermes3-R1-Llama3.2-3b,0.3920703024152367,0.26545698924731187,40,6,1.0,True
UCLA-AGI_Gemma-2-9B-It-SPPO-Iter2,0.5875344570857616,0.33155980603448276,40,6,1.0,True
UCLA-AGI_Gemma-2-9B-It-SPPO-Iter3,0.5935171317010749,0.32407492700222473,40,6,1.0,True
UCLA-AGI_Llama-3-Instruct-8B-SPPO-Iter3,0.5076969312799988,0.3831958847951083,40,6,1.0,True
UCLA-AGI_Mistral7B-PairRM-SPPO,0.41187810014047355,0.2833333333333333,40,6,1.0,True
UCLA-AGI_Mistral7B-PairRM-SPPO-Iter2,0.391800666543422,0.26250651765850946,40,6,1.0,True
UCLA-AGI_Mistral7B-PairRM-SPPO-Iter3,0.3773134260760925,0.2390707783973457,40,6,1.0,True
UKzExecution_LlamaExecutor-8B-3.0.5,0.49296423892860525,0.4007176666203189,40,6,1.0,True
VAGOsolutions_Llama-3-SauerkrautLM-70b-Instruct,0.8500278588895368,0.7988018309100701,40,6,1.0,True
VAGOsolutions_Llama-3-SauerkrautLM-8b-Instruct,0.5245294767663526,0.3950940860215054,40,6,1.0,True
VAGOsolutions_Llama-3.1-SauerkrautLM-8b-Instruct,0.6013761937083956,0.4710770710650199,40,6,1.0,True
VAGOsolutions_SauerkrautLM-Gemma-2b,0.23896593242476682,0.12358610261401556,40,6,1.0,True
VAGOsolutions_SauerkrautLM-gemma-2-9b-it,0.6137185198614897,0.38205645161290325,40,6,1.0,True
VIRNECT_llama-3-Korean-8B-r-v-0.1,0.4338797256452077,0.30329301075268816,40,6,1.0,True
ValiantLabs_Llama3.1-70B-ShiningValiant2,0.8726902136343154,0.8582661290322581,40,6,1.0,True
ValiantLabs_Llama3.1-8B-Fireplace2,0.4208006038307013,0.3284009142102336,40,6,1.0,True
ValiantLabs_Llama3.2-3B-Esper2,0.29565846634551163,0.21775713516424341,40,6,1.0,True
Weyaxi_Einstein-v6.1-Llama3-8B,0.5168531388537974,0.4406879317308228,40,6,1.0,True
Weyaxi_Einstein-v6.1-developed-by-Weyaxi-Llama3-8B,0.5185475952673662,0.40404184046153413,40,6,1.0,True
Weyaxi_Einstein-v7-Qwen2-7B,0.6088174859022965,0.5200982862903225,40,6,1.0,True
Xiaojian9992024_Llama3.2-1B-THREADRIPPER,0.30362585033975403,0.15853494623655914,40,6,1.0,True
Xiaojian9992024_Llama3.2-1B-THREADRIPPER-v0.2,0.27990702639106274,0.1366263440860215,40,6,1.0,True
Xiaojian9992024_Qwen2.5-THREADRIPPER-Medium-Censored,0.8577743254973365,0.820245150862069,40,6,1.0,True
Xiaojian9992024_Qwen2.5-Ultra-1.5B-25.02-Exp,0.3347246601299056,0.26470514791460387,40,6,1.0,True
YOYO-AI_Qwen2.5-14B-YOYO-0505,0.8623636043952982,0.8282200129773822,40,6,1.0,True
YOYO-AI_Qwen2.5-14B-YOYO-0805,0.8623636043952982,0.8282200129773822,40,6,1.0,True
YOYO-AI_Qwen2.5-14B-YOYO-1010,0.8652224031224411,0.8248597979236189,40,6,1.0,True
YOYO-AI_Qwen2.5-14B-YOYO-SCE,0.8525189655322164,0.8213037634408602,40,6,1.0,True
YOYO-AI_Qwen2.5-14B-YOYO-V4,0.8494803372245638,0.8046370967741936,40,6,1.0,True
YOYO-AI_Qwen2.5-14B-YOYO-V4-p2,0.8488578322792393,0.8124681358917316,40,6,1.0,True
YOYO-AI_Qwen2.5-14B-YOYO-latest,0.8894084853685106,0.8724462365591398,40,6,1.0,True
YOYO-AI_Qwen2.5-14B-YOYO-latest-V2,0.850560914581615,0.8351478494623656,40,6,1.0,True
YOYO-AI_Qwen2.5-7B-it-restore,0.677359984363048,0.48508064516129035,40,6,1.0,True
YOYO-AI_ZYH-LLM-Qwen2.5-14B,0.8849429777532836,0.8690188172043011,40,6,1.0,True
YOYO-AI_ZYH-LLM-Qwen2.5-14B-V2,0.8694947078484786,0.8238820043103448,40,6,1.0,True
Youlln_ECE-Qwen0.5B-FT-V2,0.2194527185910585,0.10966742561179088,40,6,1.0,True
Yuma42_Llama3.1-IgneousIguana-8B,0.6637373874240915,0.5090082730812013,40,6,1.0,True
ZeroXClem_Llama-3.1-8B-AthenaSky-MegaMix,0.5920606360643191,0.4490591397849462,40,6,1.0,True
ZeroXClem_Llama-3.1-8B-SuperNova-EtherealHermes,0.6332585636580959,0.5447455790643946,40,6,1.0,True
ZeroXClem_Qwen-2.5-Aether-SlerpFusion-7B,0.6916342177357209,0.6188844086021505,40,6,1.0,True
ZeroXClem_Qwen2.5-7B-HomerAnvita-NerdMix,0.7253364139453997,0.6613575268817204,40,6,1.0,True
abacusai_Liberated-Qwen1.5-14B,0.5373402419062825,0.4424164870689655,40,6,1.0,True
abacusai_bigyi-15b,0.3599891885019809,0.22877147497698336,40,6,1.0,True
abideen_MedPhi-4-14B-v1,0.8686796086797364,0.8469769920547602,40,6,1.0,True
agentlans_Llama3.1-8B-drill,0.5472028580415744,0.40161290322580645,40,6,1.0,True
agentlans_Llama3.1-Daredevilish,0.5692562926723539,0.4475806451612903,40,6,1.0,True
agentlans_Qwen2.5-0.5B-Instruct-CrashCourse-dropout,0.1975606697488324,0.09398131545596346,40,6,1.0,True
akhadangi_Llama3.2.1B.0.01-First,0.20790744430271801,0.08334057517612162,40,6,1.0,True
akhadangi_Llama3.2.1B.0.1-First,0.18396438173446922,0.055338396829810906,40,6,1.0,True
akhadangi_Llama3.2.1B.BaseFiT,0.21626978988557113,0.08587015086206896,40,6,1.0,True
allenai_Llama-3.1-Tulu-3-70B,0.8318509300332506,0.8109543010752689,40,6,1.0,True
allenai_Llama-3.1-Tulu-3-8B-DPO,0.4418136104424125,0.23756720430107528,40,6,1.0,True
allenai_Llama-3.1-Tulu-3-8B-RM,0.18096804649065587,0.0558006323067035,40,6,1.0,True
allenai_Llama-3.1-Tulu-3-8B-SFT,0.38721416710917955,0.22573924731182796,40,6,1.0,True
allknowingroger_Gemma2Slerp1-2.6B,0.45954269976292245,0.321089404894327,40,6,1.0,True
allknowingroger_Gemma2Slerp1-27B,0.8507583014308515,0.8121551843938367,40,6,1.0,True
allknowingroger_Gemma2Slerp2-27B,0.8752292974971667,0.8572000885924227,40,6,1.0,True
allknowingroger_Gemma2Slerp4-27B,0.8624071041209553,0.8328394396551724,40,6,1.0,True
allknowingroger_GemmaSlerp5-10B,0.795966750118902,0.7328933189655172,40,6,1.0,True
allknowingroger_GemmaStock1-27B,0.8614409217672077,0.8633736559139785,40,6,1.0,True
allknowingroger_Llama3.1-60B,0.2193507691918053,0.061567499609151075,40,6,1.0,True
allknowingroger_MistralPhi3-11B,0.6161571744569148,0.3763440860215054,40,6,1.0,True
allknowingroger_Mistralmash2-7B-s,0.5697609294312534,0.47504212482846075,40,6,1.0,True
allknowingroger_Phi3mash1-17B-pass,0.5861033096302555,0.21821236559139787,40,6,1.0,True
allknowingroger_Qwen2.5-42B-AGI,0.16020726193837556,0.04838709677419355,40,6,1.0,True
allknowingroger_Qwen2.5-7B-task3,0.6782310373083642,0.6092641998053393,40,6,1.0,True
allknowingroger_Qwen2.5-7B-task4,0.7245397772172366,0.6569220430107527,40,6,1.0,True
allknowingroger_QwenSlerp12-7B,0.7286233587246614,0.6516129032258065,40,6,1.0,True
allknowingroger_QwenSlerp4-14B,0.857566184406266,0.8441332383203559,40,6,1.0,True
allknowingroger_QwenSlerp6-14B,0.8549172634319501,0.8270801469225064,40,6,1.0,True
allknowingroger_QwenStock1-14B,0.863606690248821,0.8436361109663523,40,6,1.0,True
allknowingroger_QwenStock2-14B,0.8795422158346751,0.8540994623655914,40,6,1.0,True
allknowingroger_Qwenslerp3-14B,0.8662808401889134,0.8453429157397108,40,6,1.0,True
allknowingroger_Qwenslerp3-7B,0.7317560583361487,0.632258064516129,40,6,1.0,True
allknowingroger_ROGERphi-7B-slerp,0.5598357335491164,0.44327902704674554,40,6,1.0,True
allknowingroger_Rombos-LLM-V2.5-Qwen-42b,0.16532552123110822,0.05479256779057447,40,6,1.0,True
allknowingroger_Yi-1.5-34B,0.16650546364397437,0.04037306529782688,40,6,1.0,True
allknowingroger_Yislerp-34B,0.7960035945091417,0.7634944933729393,40,6,1.0,True
allknowingroger_Yislerp2-34B,0.8264016687798341,0.7968662601837858,40,6,1.0,True
allura-org_Mistral-Small-24b-Sertraline-0304,0.8132758231806207,0.8005519655358104,40,6,1.0,True
amazon_MegaBeam-Mistral-7B-300k,0.37253657535402523,0.2732488882519499,40,6,1.0,True
anakin87_gemma-2b-orpo,0.23673802780890094,0.12352150537634408,40,6,1.0,True
arcee-ai_Llama-3.1-SuperNova-Lite,0.6510350059495892,0.579791348025584,40,6,1.0,True
asharsha30_LLAMA_Harsha_8_B_ORDP_10k,0.44875955853052485,0.3637629773822766,40,6,1.0,True
awnr_Mistral-7B-v0.1-signtensors-1-over-4,0.15319985208483458,0.05721192262928414,40,6,1.0,True
axolotl-ai-co_romulus-mistral-nemo-12b-simpo,0.5210988171606863,0.2777287769034343,40,6,1.0,True
bedio_DistMerge_Llama-3.1-8B-Instruct,0.6337880001602705,0.4911290322580645,40,6,1.0,True
bigscience_bloom-1b1,0.19216353981911932,0.08296018118019004,40,6,1.0,True
bosonai_Higgs-Llama-3-70B,0.7760125409343116,0.70558903104209,40,6,1.0,True
braindao_DeepSeek-R1-Distill-Qwen-1.5B-Blunt,0.25577901237587175,0.048277600111234706,40,6,1.0,True
braindao_DeepSeek-R1-Distill-Qwen-14B-Blunt,0.378619182392533,0.11685958935854653,40,6,1.0,True
braindao_DeepSeek-R1-Distill-Qwen-14B-Blunt-Uncensored,0.35606547073260364,0.11564730487578792,40,6,1.0,True
braindao_DeepSeek-R1-Distill-Qwen-14B-Blunt-Uncensored-Blunt,0.37194690380077366,0.11948620573785687,40,6,1.0,True
braindao_DeepSeek-R1-Distill-Qwen-7B-Reflective,0.3022922796377669,0.06563238667964405,40,6,1.0,True
braindao_Qwen2.5-14B,0.7650944778999642,0.733653712458287,40,6,1.0,True
bunnycore_FuseCyberMix-Qwen-2.5-7B-Instruct,0.5218000966256036,0.27003354421579534,40,6,1.0,True
bunnycore_Gemma2-9B-TitanFusion,0.6495947720287545,0.5445611200861604,40,6,1.0,True
bunnycore_HyperLlama-3.1-8B,0.5948681052883357,0.498234149054505,40,6,1.0,True
bunnycore_Llama-3.1-8B-TitanFusion-v3,0.6168403111518707,0.5168907533830145,40,6,1.0,True
bunnycore_Llama-3.2-3B-Deep-Test,0.1437018566269184,0.04583333333333334,40,6,1.0,True
bunnycore_Llama-3.2-3B-Della,0.30989197437876737,0.2135752688172043,40,6,1.0,True
bunnycore_Llama-3.2-3B-Long-Think,0.45512765677122546,0.3235215053763441,40,6,1.0,True
bunnycore_Llama-3.2-3B-Mix-Skill,0.45716992223416736,0.3060483870967742,40,6,1.0,True
bunnycore_Llama-3.2-3B-ProdigyPlus,0.4196677351508482,0.2872311827956989,40,6,1.0,True
bunnycore_Llama-3.2-3B-ToxicKod,0.443338242507194,0.296505376344086,40,6,1.0,True
bunnycore_Phi-3.5-mini-TitanFusion-0.1,0.6032321825958568,0.47666523355394586,40,6,1.0,True
bunnycore_Phi-4-Model-Stock-v4,0.92374629601385,0.9085891222401723,40,6,1.0,True
bunnycore_Phi-4-RP-v0,0.8774216821493755,0.8658535525583982,40,6,1.0,True
bunnycore_Phi-4-RR-Shoup,0.917227043597026,0.8601380005561736,40,6,1.0,True
bunnycore_Phi-4-ReasoningRP,0.9136781124845982,0.8611260775862069,40,6,1.0,True
bunnycore_Phi-4-Sce-exp-v0.1,0.9171730015499555,0.8520030937152392,40,6,1.0,True
bunnycore_Phi-4-Stock-Ex,0.9065116526000363,0.8763404651001112,40,6,1.0,True
bunnycore_Phi-4-Stock-RP,0.9006667393845957,0.8928620286358234,40,6,1.0,True
bunnycore_Phi-4-Trim-Exp1,0.1865835531016183,0.05883533787541713,40,6,1.0,True
bunnycore_Qwen-2.5-7B-Deep-Stock-v1,0.6516102904999601,0.5316532258064517,40,6,1.0,True
bunnycore_Qwen-2.5-7B-Deep-Stock-v5,0.4809592610005253,0.36249130978865407,40,6,1.0,True
bunnycore_Qwen-2.5-7B-Exp-Sce,0.6970236040881226,0.571505376344086,40,6,1.0,True
bunnycore_Qwen-2.5-7b-S1k,0.7037336215254504,0.5527052627919911,40,6,1.0,True
bunnycore_Qwen2.5-1.5B-Model-Stock,0.15804351518272114,0.05479256779057447,40,6,1.0,True
bunnycore_Qwen2.5-3B-Model-Stock-v2,0.37941519262524986,0.13533339413205484,40,6,1.0,True
bunnycore_Qwen2.5-3B-Model-Stock-v3.2,0.5637850571174787,0.40288978494623656,40,6,1.0,True
bunnycore_Qwen2.5-3B-Model-Stock-v4.1,0.5804975934759752,0.4174731182795699,40,6,1.0,True
bunnycore_Qwen2.5-3B-RP-Mix,0.5022180427234937,0.36323924731182794,40,6,1.0,True
bunnycore_Qwen2.5-7B-Instruct-Fusion,0.6877324394274018,0.5961645752224694,40,6,1.0,True
bunnycore_Qwen2.5-7B-MixStock-Sce-V0.3,0.35341441464308754,0.12055495689655171,40,6,1.0,True
bunnycore_Qwen2.5-7B-MixStock-V0.1,0.6856693857107206,0.5576224740452355,40,6,1.0,True
bunnycore_Qwen2.5-7B-R1-Bespoke-Stock,0.5504182401939225,0.40132033277715984,40,6,1.0,True
bunnycore_Qwen2.5-7B-R1-Bespoke-Task,0.34102762418363486,0.22877147497698336,40,6,1.0,True
bunnycore_Qwen2.5-7B-Sky-R1-Mini,0.28804435790391614,0.15181451612903227,40,6,1.0,True
bunnycore_Smol-Llama-3.2-3B,0.4582165855851697,0.32170698924731184,40,6,1.0,True
byroneverson_Mistral-Small-Instruct-2409-abliterated,0.6069350367251982,0.510216212458287,40,6,1.0,True
byroneverson_Yi-1.5-9B-Chat-abliterated,0.6102131704163455,0.5477456063845098,40,6,1.0,True
carsenk_phi3.5_mini_exp_825_uncensored,0.1662352849732291,0.042893172303576706,40,6,1.0,True
cat-searcher_gemma-2-9b-it-sppo-iter-1,0.5777737130878008,0.29355809116611054,40,6,1.0,True
cckm_tinymistral_950m,0.1684893786430564,0.06263440860215053,40,6,1.0,True
chujiezheng_Mistral7B-PairRM-SPPO-ExPO,0.3169462763693864,0.2051747311827957,40,6,1.0,True
cloudyu_Llama-3-70Bx2-MOE,0.8659115858786809,0.8173128702207861,40,6,1.0,True
cognitivecomputations_Dolphin3.0-Qwen2.5-0.5B,0.2092120456446776,0.06928763440860215,40,6,1.0,True
cognitivecomputations_Dolphin3.0-R1-Mistral-24B,0.6416142781464013,0.5128360215053764,40,6,1.0,True
cognitivecomputations_dolphin-2.9-llama3-8b,0.4899746918302242,0.3617041881633575,40,6,1.0,True
cognitivecomputations_dolphin-2.9.1-llama-3-70b,0.5815151306968477,0.4064676062614896,40,6,1.0,True
cognitivecomputations_dolphin-2.9.1-yi-1.5-9b,0.6199198882548326,0.5338037634408602,40,6,1.0,True
cognitivecomputations_dolphin-2.9.3-mistral-7B-32k,0.4939073371889607,0.3919568719926346,40,6,1.0,True
cognitivecomputations_dolphin-2.9.4-gemma2-2b,0.3630328058426523,0.2714381720430108,40,6,1.0,True
cognitivecomputations_dolphin-2.9.4-llama3.1-8b,0.22234780145421257,0.10645074435006166,40,6,1.0,True
cstr_llama3.1-8b-spaetzle-v90,0.6202582519289368,0.5633736559139785,40,6,1.0,True
deepseek-ai_DeepSeek-R1-Distill-Llama-8B,0.17787895154720018,0.06541497298799659,40,6,1.0,True
deepseek-ai_DeepSeek-R1-Distill-Qwen-1.5B,0.19676137588442671,0.07432330980864577,40,6,1.0,True
deepseek-ai_DeepSeek-R1-Distill-Qwen-7B,0.20036233875984383,0.08444529852172251,40,6,1.0,True
deepseek-ai_deepseek-llm-7b-base,0.24142750283140843,0.13835758768044193,40,6,1.0,True
deepseek-ai_deepseek-moe-16b-base,0.23540818409381153,0.12715922784575454,40,6,1.0,True
dnhkng_RYS-Llama-3-8B-Instruct,0.43877279430268806,0.30930301608268446,40,6,1.0,True
dnhkng_RYS-Llama-3-Large-Instruct,0.8055704068943204,0.8050928700470755,40,6,1.0,True
dnhkng_RYS-Llama-3.1-8B-Instruct,0.5685696023735536,0.46972764877641826,40,6,1.0,True
duyhv1411_Llama-3.2-3B-en-vi,0.24488163265288931,0.1209005376344086,40,6,1.0,True
dwikitheduck_gemma-2-2b-id-inst,0.31407602254445793,0.18227890979206837,40,6,1.0,True
ehristoforu_Gemma2-9B-it-psy10k-mental_health,0.6422273538848361,0.5577284946236559,40,6,1.0,True
ehristoforu_Gemma2-9b-it-train6,0.6769605331126909,0.5793987874997828,40,6,1.0,True
ehristoforu_QwenQwen2.5-7B-IT,0.4977118822340745,0.2137768817204301,40,6,1.0,True
ehristoforu_coolqwen-3b-it,0.42306421236941005,0.19394843514985238,40,6,1.0,True
ehristoforu_qwen2.5-test-32b-it,0.8431871601879338,0.7775675229421579,40,6,1.0,True
ehristoforu_rufalcon3-3b-it,0.44846897304875794,0.2761195888950686,40,6,1.0,True
ehristoforu_ruphi-4b,0.15814891296266181,0.04712704327131864,40,6,1.0,True
ell44ot_gemma-2b-def,0.2512493359499246,0.11409021227439331,40,6,1.0,True
ewre324_Thinker-Qwen2.5-0.5B-Instruct-Reasoning,0.22738227391280358,0.11590472840342557,40,6,1.0,True
facebook_opt-1.3b,0.1730977804049015,0.05907258064516129,40,6,1.0,True
facebook_opt-30b,0.20105659148459246,0.10118114502673946,40,6,1.0,True
failspy_Meta-Llama-3-70B-Instruct-abliterated-v3.5,0.6644515196741518,0.5492753009536714,40,6,1.0,True
failspy_Phi-3-medium-4k-instruct-abliterated-v3,0.7607883668712783,0.6653864193027255,40,6,1.0,True
fhai50032_Unaligned-Thinker-PHI-4,0.8719598281619978,0.8691329233762399,40,6,1.0,True
flammenai_Mahou-1.2a-mistral-7B,0.513748014260969,0.4428523011679644,40,6,1.0,True
flammenai_Mahou-1.5-mistral-nemo-12B,0.6015129722065234,0.45409262250942384,40,6,1.0,True
fluently-lm_Llama-TI-8B,0.6245495403444442,0.5115136610122357,40,6,1.0,True
fluently-lm_Llama-TI-8B-Instruct,0.638325840915765,0.5270161290322581,40,6,1.0,True
fluently-sets_FalconThink3-10B-IT,0.8158982278960332,0.7725512432795699,40,6,1.0,True
freewheelin_free-evo-qwen72b-v0.8-re,0.7959611807557221,0.710681141105147,40,6,1.0,True
fulim_FineLlama-3.1-8B,0.4293436240551115,0.33051075268817204,40,6,1.0,True
gaverfraxz_Meta-Llama-3.1-8B-Instruct-HalfAbliterated-DELLA,0.28213156817124035,0.1815396624802404,40,6,1.0,True
gaverfraxz_Meta-Llama-3.1-8B-Instruct-HalfAbliterated-TIES,0.5484686405323512,0.4604838709677419,40,6,1.0,True
gbueno86_Brinebreath-Llama-3.1-70B,0.8962361486595005,0.8978640106310907,40,6,1.0,True
gmonsoon_gemma2-9b-sahabatai-v1-instruct-BaseTIES,0.7928378540776774,0.7403829776140156,40,6,1.0,True
godlikehhd_ifd_new_correct_all_sample_2500_qwen,0.3913954398122982,0.2662634408602151,40,6,1.0,True
godlikehhd_ifd_new_qwen_2500,0.4381043792562849,0.3043010752688172,40,6,1.0,True
godlikehhd_qwen-2.5-1.5b-cherry,0.4119324072226111,0.26908602150537636,40,6,1.0,True
google_codegemma-1.1-2b,0.2186247594304283,0.11028138951135198,40,6,1.0,True
google_gemma-1.1-2b-it,0.1865973725499313,0.10077724651275904,40,6,1.0,True
google_gemma-2-27b-it,0.7050111422595365,0.5551828420467185,40,6,1.0,True
google_gemma-2-2b,0.27695528239059375,0.17056451612903226,40,6,1.0,True
google_gemma-2-2b-it,0.3083733387470028,0.14949800411536962,40,6,1.0,True
google_gemma-2-2b-jpn-it,0.39982381239955483,0.2909935379644588,40,6,1.0,True
google_gemma-7b-it,0.2792562724014337,0.15631720430107526,24,1,0.6,False
google_recurrentgemma-9b,0.34809296526970374,0.24697580645161288,40,6,1.0,True
google_recurrentgemma-9b-it,0.33727964361653856,0.18385618315135646,40,6,1.0,True
grimjim_DeepSauerHuatuoSkywork-R1-o1-Llama-3.1-8B,0.696660689443837,0.5820221252780868,40,6,1.0,True
grimjim_Gigantes-v2-gemma2-9b-it,0.694591188240816,0.5036962365591398,40,6,1.0,True
grimjim_Gigantes-v3-gemma2-9b-it,0.7103057791721176,0.5259827679052235,40,6,1.0,True
grimjim_HuatuoSkywork-o1-Llama-3.1-8B,0.6047219200459001,0.4353144118464961,40,6,1.0,True
grimjim_Llama-3-Instruct-8B-SPPO-Iter3-SimPO-merge,0.5569693249906181,0.49851397385984425,40,6,1.0,True
grimjim_Llama-3.1-Bonsaikraft-8B-Instruct,0.6223498749377038,0.5233870967741936,40,6,1.0,True
grimjim_Llama-Nephilim-Metamorphosis-v2-8B,0.5831007953747522,0.484929082634148,40,6,1.0,True
grimjim_Magot-v2-Gemma2-8k-9B,0.625879073210159,0.4146505376344086,40,6,1.0,True
grimjim_llama-3-Nephilim-v2-8B,0.5476198992951915,0.46407336276418243,40,6,1.0,True
grimjim_llama-3-Nephilim-v2.1-8B,0.5634129779269943,0.4398787628474737,40,6,1.0,True
grimjim_llama-3-Nephilim-v3-8B,0.5567536253577541,0.4614704387930585,40,6,1.0,True
gz987_qwen2.5-7b-cabs-v0.4,0.7414723125467596,0.5890238285595105,40,6,1.0,True
hotmailuser_FalconSlerp2-7B,0.7356065878194479,0.6787858905728587,40,6,1.0,True
hotmailuser_FalconSlerp3-7B,0.7369996966709106,0.6756720430107527,40,6,1.0,True
hotmailuser_Gemma2Crono-27B,0.8494594290065983,0.8002154011847066,40,6,1.0,True
hotmailuser_Gemma2atlas-27B,0.8330998554326952,0.8098649182691473,40,6,1.0,True
hotmailuser_Llama-Hermes-slerp-8B,0.5549516979849342,0.4479512826751947,40,6,1.0,True
hotmailuser_LlamaStock-8B,0.6547815648692408,0.5850806451612903,40,6,1.0,True
hotmailuser_Qwen2.5-HomerSlerp-7B,0.7348742203050659,0.654889547413793,40,6,1.0,True
hotmailuser_QwenSlerp-14B,0.8747285509532595,0.8280913978494624,40,6,1.0,True
hotmailuser_QwenSlerp-7B,0.7375607363176295,0.6502016129032258,40,6,1.0,True
hotmailuser_QwenSlerp2-14B,0.8745009033327283,0.8345430107526881,40,6,1.0,True
hotmailuser_QwenSparse-7B,0.1522324867251757,0.04986157433946532,40,6,1.0,True
hotmailuser_QwenStock-1.7B,0.4466046241031066,0.3065188172043011,40,6,1.0,True
hotmailuser_QwenStock1-14B,0.8797416102537643,0.8601478494623656,40,6,1.0,True
huihui-ai_DeepSeek-R1-Distill-Qwen-14B-abliterated-v2,0.25162186902495326,0.09215131933225633,40,6,1.0,True
iFaz_llama31_8B_en_emo_v4,0.4955026961322204,0.3989035850018539,40,6,1.0,True
iFaz_llama32_1B_en_emo_v1,0.23050600082257974,0.10920612069414769,40,6,1.0,True
iFaz_llama32_3B_en_emo_2000_stp,0.4695409140812609,0.349260752688172,40,6,1.0,True
iFaz_llama32_3B_en_emo_300_stp,0.4694585189210563,0.3263440860215054,40,6,1.0,True
iFaz_llama32_3B_en_emo_5000_stp,0.47203703495716837,0.3768805617352614,40,6,1.0,True
iFaz_llama32_3B_en_emo_v3,0.39099314498626936,0.3034274193548387,40,6,1.0,True
ifable_gemma-2-Ifable-9B,0.67483948721033,0.5680533117932148,40,6,1.0,True
jayasuryajsk_Qwen2.5-3B-reasoner,0.5458756838639445,0.41706989247311826,40,6,1.0,True
jebish7_Llama-3-Nanda-10B-Chat,0.5210852039703512,0.4239450083426029,40,6,1.0,True
jebish7_Llama-3.1-8B-Instruct,0.6054540158800346,0.5363746176307008,40,6,1.0,True
jebish7_gemma-2-9b-it,0.668186694721121,0.4799632384873278,40,6,1.0,True
jeffmeloy_Qwen2.5-7B-minperplexity-2,0.5670340284575829,0.45618743047830923,40,6,1.0,True
jeffmeloy_Qwen2.5-7B-nerd-uncensored-v0.9,0.7177079195070601,0.6463037634408603,40,6,1.0,True
jeffmeloy_Qwen2.5-7B-nerd-uncensored-v1.0,0.533363266946483,0.3448252688172043,40,6,1.0,True
jeffmeloy_Qwen2.5-7B-nerd-uncensored-v1.1,0.49788062919788223,0.4199901853492452,40,6,1.0,True
jeffmeloy_Qwen2.5-7B-nerd-uncensored-v1.2,0.5606187227145146,0.4297715053763441,40,6,1.0,True
jeffmeloy_Qwen2.5-7B-nerd-uncensored-v1.3,0.5959248253712092,0.484005376344086,40,6,1.0,True
jeffmeloy_Qwen2.5-7B-nerd-uncensored-v1.5,0.7210085421969709,0.6466397849462366,40,6,1.0,True
jeffmeloy_Qwen2.5-7B-olm-v1.2,0.723245804162863,0.6298387096774193,40,6,1.0,True
jeffmeloy_Qwen2.5-7B-olm-v1.3,0.7324978245457466,0.634005376344086,40,6,1.0,True
jeffmeloy_Qwen2.5-7B-olm-v1.5,0.7322339155559668,0.6140456989247312,40,6,1.0,True
jiangxinyang-shanda_Homer-LLama3-8B,0.5044797680554981,0.357760413952438,40,6,1.0,True
jlzhou_Qwen2.5-3B-Infinity-Instruct-0625,0.4351000357978679,0.26245288099084546,40,6,1.0,True
johnsutor_Llama-3-8B-Instruct_breadcrumbs-density-0.1-gamma-0.01,0.5564001697066776,0.4543168177949172,40,6,1.0,True
johnsutor_Llama-3-8B-Instruct_breadcrumbs-density-0.1-gamma-0.1,0.5574653517249091,0.47651311063218393,40,6,1.0,True
johnsutor_Llama-3-8B-Instruct_breadcrumbs-density-0.5-gamma-0.01,0.4641877263432699,0.348991935483871,40,6,1.0,True
johnsutor_Llama-3-8B-Instruct_breadcrumbs-density-0.5-gamma-0.1,0.5844832962251482,0.47962579949944384,40,6,1.0,True
johnsutor_Llama-3-8B-Instruct_breadcrumbs-density-0.7-gamma-0.01,0.45315344635624727,0.35161290322580646,40,6,1.0,True
johnsutor_Llama-3-8B-Instruct_breadcrumbs-density-0.7-gamma-0.1,0.5762221887030584,0.47589350581676043,40,6,1.0,True
johnsutor_Llama-3-8B-Instruct_breadcrumbs_ties-density-0.1-gamma-0.01,0.5572731145161515,0.4362186669446037,40,6,1.0,True
johnsutor_Llama-3-8B-Instruct_breadcrumbs_ties-density-0.5-gamma-0.01,0.4803753752467889,0.34359702607396597,40,6,1.0,True
johnsutor_Llama-3-8B-Instruct_breadcrumbs_ties-density-0.5-gamma-0.1,0.5703904615379202,0.46046725988847775,40,6,1.0,True
johnsutor_Llama-3-8B-Instruct_breadcrumbs_ties-density-0.7-gamma-0.01,0.48182969346381543,0.3706317204301075,40,6,1.0,True
johnsutor_Llama-3-8B-Instruct_breadcrumbs_ties-density-0.9-gamma-0.01,0.45491800825372597,0.339349276974416,40,6,1.0,True
johnsutor_Llama-3-8B-Instruct_breadcrumbs_ties-density-0.9-gamma-0.1,0.5745147681273785,0.4655724242213571,40,6,1.0,True
johnsutor_Llama-3-8B-Instruct_linear,0.5569298640839715,0.4761655861790429,40,6,1.0,True
johnsutor_Llama-3-8B-Instruct_ties-density-0.1,0.5403119608746375,0.4752977845754542,40,6,1.0,True
johnsutor_Llama-3-8B-Instruct_ties-density-0.7,0.47472855404186454,0.38744658398040543,40,6,1.0,True
kayfour_T3Q-Qwen2.5-7B-it-KOR-Safe,0.7327783314882195,0.6485887096774194,40,6,1.0,True
keeeeenw_MicroLlama,0.17942389732028138,0.0584005376344086,40,6,1.0,True
kevin009_llamaRAGdrama,0.3598399341221144,0.2497970835650723,40,6,1.0,True
khoantap_llama-3-8b-stock-merge,0.6198564250733628,0.5173387096774194,40,6,1.0,True
khoantap_llama-linear-0.5-0.5-1-merge,0.7048185452282962,0.6495295698924731,40,6,1.0,True
khoantap_llama-linear-0.5-1-0.5-merge,0.6842874557842795,0.5621416736188358,40,6,1.0,True
khoantap_llama-slerp-merge,0.6061597385138336,0.43514730661663803,40,6,1.0,True
khulaifi95_Llama-3.1-8B-Reason-Blend-888k,0.441121551469562,0.3172043010752688,40,6,1.0,True
kms7530_chemeng_llama-3-8b-Instruct-bnb-4bit_24_1_100_1,0.3483607278557878,0.2808459051724138,40,6,1.0,True
kms7530_chemeng_qwen-math-7b_24_1_100_1_nonmath,0.45917690454990073,0.25416666666666665,40,6,1.0,True
langgptai_Qwen-las-v0.1,0.27865813491947616,0.19526557285873192,40,6,1.0,True
langgptai_qwen1.5-7b-chat-sa-v0.1,0.37097979643322654,0.2728494623655914,40,6,1.0,True
lars1234_Mistral-Small-24B-Instruct-2501-writer,0.9055063130290687,0.8749327956989248,40,6,1.0,True
lemon07r_Gemma-2-Ataraxy-9B,0.6194938785112385,0.31888904338153506,40,6,1.0,True
lemon07r_Gemma-2-Ataraxy-Advanced-9B,0.583050920206807,0.27469931868743047,40,6,1.0,True
lemon07r_Gemma-2-Ataraxy-v3j-9B,0.5069908564750338,0.11523963381798599,40,6,1.0,True
lemon07r_Gemma-2-Ataraxy-v4-Advanced-9B,0.7088400802178108,0.5167953211041048,40,6,1.0,True
lemon07r_Gemma-2-Ataraxy-v4b-9B,0.7452779454359927,0.6576463431122685,40,6,1.0,True
lemon07r_Gemma-2-Ataraxy-v4c-9B,0.7840337066904575,0.753391808675109,40,6,1.0,True
lemon07r_Llama-3-RedMagic4-8B,0.42200149849755275,0.24280913978494623,40,6,1.0,True
lemon07r_llama-3-NeuralMahou-8b,0.4336002044590995,0.25813172043010757,40,6,1.0,True
lightblue_suzume-llama-3-8B-multilingual,0.5070942310081117,0.4219992700222469,40,6,1.0,True
lightblue_suzume-llama-3-8B-multilingual-orpo-borda-half,0.41726511030269525,0.2810483870967742,40,6,1.0,True
lightblue_suzume-llama-3-8B-multilingual-orpo-borda-top25,0.485329399559651,0.31356386905692496,40,6,1.0,True
lkoenig_BBAI_200_Gemma,0.23240397356240225,0.07933114892212553,40,6,1.0,True
lkoenig_BBAI_456_QwenKoen,0.7317095048224918,0.6424121419632925,40,6,1.0,True
lkoenig_BBAI_7B_KoenQwenDyan,0.7320944696964421,0.6270765260011123,40,6,1.0,True
lkoenig_BBAI_7B_Qwen2.5koen,0.725788636679644,0.6270765260011123,40,6,1.0,True
lkoenig_BBAI_7B_QwenDyanKoenLo,0.7347476283538132,0.645497311827957,40,6,1.0,True
llmat_Mistral-v0.3-7B-ORPO,0.2788318087464277,0.15354065697361335,40,6,1.0,True
magnifi_Phi3_intent_v56_3_w_unknown_5_lr_0.002,0.2076855364100107,0.10616874652391546,40,6,1.0,True
maldv_badger-lambda-llama-3-8b,0.5141824113220322,0.41716056034482757,40,6,1.0,True
marcuscedricridia_Hush-Qwen2.5-7B-MST,0.698114899980862,0.6036290322580645,40,6,1.0,True
marcuscedricridia_Hush-Qwen2.5-7B-MST-v1.3,0.7303542482760343,0.6033383446885427,40,6,1.0,True
marcuscedricridia_Hush-Qwen2.5-7B-Preview,0.6953784977094531,0.5576612903225806,40,6,1.0,True
marcuscedricridia_Hush-Qwen2.5-7B-RP-v1.4-1M,0.6743802017957861,0.513469827586207,40,6,1.0,True
marcuscedricridia_Hush-Qwen2.5-7B-v1.1,0.6920575357834544,0.5522720557563959,40,6,1.0,True
marcuscedricridia_Hush-Qwen2.5-7B-v1.3,0.6739966580311143,0.5979838709677419,40,6,1.0,True
marcuscedricridia_Qwen2.5-7B-Preview,0.6957279253282382,0.614986559139785,40,6,1.0,True
marcuscedricridia_Yell-Qwen2.5-7B-Preview-v1.1,0.6192014810010734,0.5366935483870968,40,6,1.0,True
mattshumer_Reflection-Llama-3.1-70B,0.7694405030646824,0.6406165858912224,40,6,1.0,True
meditsolutions_Llama-3.2-SUN-1B-chat,0.2897338146147398,0.1523521505376344,40,6,1.0,True
meditsolutions_Llama-3.2-SUN-2.4B-checkpoint-34800,0.227186550300759,0.11039310716208939,40,6,1.0,True
meditsolutions_Llama-3.2-SUN-2.5B-chat,0.2573777957865288,0.12280125766498166,40,6,1.0,True
meta-llama_Llama-2-13b-hf,0.3156147131436578,0.20805170496986122,40,6,1.0,True
meta-llama_Llama-2-70b-chat-hf,0.22561990777949595,0.10443548387096774,40,6,1.0,True
meta-llama_Llama-2-70b-hf,0.5201475092946419,0.3157052868831101,40,6,1.0,True
meta-llama_Llama-2-7b-chat-hf,0.21625194048628793,0.10497311827956989,40,6,1.0,True
meta-llama_Llama-3.1-70B,0.7707546591466061,0.7391626278944534,40,6,1.0,True
meta-llama_Llama-3.1-70B-Instruct,0.7536216189275031,0.5838803821375602,40,6,1.0,True
meta-llama_Llama-3.1-8B-Instruct,0.6012866433033353,0.4918010752688172,40,6,1.0,True
meta-llama_Llama-3.2-1B,0.17585948958256586,0.08306408185245019,40,6,1.0,True
meta-llama_Llama-3.2-3B-Instruct,0.45939927795621804,0.31713709677419355,40,6,1.0,True
meta-llama_Meta-Llama-3-70B,0.8073712047034549,0.7443110107027463,40,6,1.0,True
meta-llama_Meta-Llama-3-70B-Instruct,0.8136390198005039,0.812955773272882,40,6,1.0,True
meta-llama_Meta-Llama-3-8B-Instruct,0.4828018911097893,0.37601870429238976,40,6,1.0,True
microsoft_Phi-3-medium-128k-instruct,0.7909825619982234,0.7314889606892838,40,6,1.0,True
microsoft_Phi-3-medium-4k-instruct,0.7849520277169166,0.6987683916132507,40,6,1.0,True
microsoft_Phi-3-mini-128k-instruct,0.6229763122621587,0.5346200639599554,40,6,1.0,True
microsoft_Phi-4-mini-instruct,0.6904328608778496,0.6217984044678375,40,6,1.0,True
microsoft_phi-1,0.19630703041280087,0.08444529852172251,40,6,1.0,True
microsoft_phi-1_5,0.23210339164675733,0.1238614374768261,40,6,1.0,True
microsoft_phi-4,0.8750891856220907,0.8720961010648463,40,6,1.0,True
migtissera_Tess-3-Mistral-Nemo-12B,0.44269163682606266,0.2973969920281795,40,6,1.0,True
minghaowu_Qwen1.5-1.8B-OpenHermes-2.5,0.22593259857105036,0.10501111748050097,40,6,1.0,True
mistral-community_Mixtral-8x22B-v0.1,0.4304192701266979,0.21046214543937708,40,6,1.0,True
mistralai_Codestral-22B-v0.1,0.5677514411805314,0.3741263440860215,40,6,1.0,True
mistralai_Mistral-7B-Instruct-v0.1,0.28328384777419024,0.20826612903225805,40,6,1.0,True
mistralai_Mistral-7B-Instruct-v0.3,0.4303728486041078,0.35513521201382736,40,6,1.0,True
mistralai_Mistral-7B-v0.3,0.4157706093189964,0.27956989247311825,24,1,0.6,False
mistralai_Mistral-Large-Instruct-2411,0.7059311698104548,0.30321724329424543,40,6,1.0,True
mistralai_Mistral-Nemo-Instruct-2407,0.4435404133013975,0.16768547952820193,40,6,1.0,True
mistralai_Mistral-Small-Instruct-2409,0.6064338785076819,0.4359648741657397,40,6,1.0,True
mistralai_Mixtral-8x22B-Instruct-v0.1,0.7793296022095768,0.7671277598276791,40,6,1.0,True
mistralai_Mixtral-8x22B-v0.1,0.7511199230727704,0.684633014574322,40,6,1.0,True
mistralai_Mixtral-8x7B-v0.1,0.5525740070237873,0.4339381720430108,40,6,1.0,True
mkurman_llama-3.2-MEDIT-3B-o1,0.42335203839319463,0.32489224137931033,40,6,1.0,True
mkurman_phi-4-MedIT-11B-exp-1,0.5930691019821057,0.4378045919076752,40,6,1.0,True
mkxu_llama-3-8b-po1,0.5258838401443999,0.40993986373748614,40,6,1.0,True
mlabonne_BigQwen2.5-52B-Instruct,0.8535043621210787,0.7665242578756057,40,6,1.0,True
mlabonne_ChimeraLlama-3-8B-v2,0.5435506427611634,0.4427085146718846,40,6,1.0,True
mlabonne_OrpoLlama-3-8B,0.3780969828194568,0.29890985720985985,40,6,1.0,True
mlabonne_phixtral-2x2_8,0.42266650870791933,0.27362681744749595,40,6,1.0,True
mlx-community_Josiefied-Qwen2.5-0.5B-Instruct-abliterated-v1-float32,0.1832850128568331,0.09386399760279326,40,6,1.0,True
mlx-community_Mistral-Small-24B-Instruct-2501-bf16,0.890759473299066,0.8825268817204301,40,6,1.0,True
mmnga_Llama-3-70B-japanese-suzume-vector-v0.1,0.8002614768771306,0.7930107526881721,40,6,1.0,True
mobiuslabsgmbh_DeepSeek-R1-ReDistill-Llama3-8B-v1.1,0.38704028866214657,0.15462159923062663,40,6,1.0,True
mobiuslabsgmbh_DeepSeek-R1-ReDistill-Qwen-7B-v1.1,0.4124519048512737,0.16237920606229145,40,6,1.0,True
monsterapi_Llama-3_1-8B-Instruct-orca-ORPO,0.14135384842335888,0.05479256779057447,40,6,1.0,True
monsterapi_gemma-2-2b-LoRA-MonsterInstruct,0.25175133164736685,0.17813357368670268,40,6,1.0,True
mukaj_Llama-3.1-Hawkish-8B,0.46059532526810587,0.2816532258064516,40,6,1.0,True
natong19_Mistral-Nemo-Instruct-2407-abliterated,0.5319414458613592,0.40650242326332797,40,6,1.0,True
natong19_Qwen2-7B-Instruct-abliterated,0.6145484361681561,0.5023583389789289,40,6,1.0,True
nazimali_Mistral-Nemo-Kurdish-Instruct,0.39599445434420344,0.22204301075268817,40,6,1.0,True
nbeerbower_Dumpling-Qwen2.5-1.5B,0.3517311820797041,0.2673439238042269,40,6,1.0,True
nbeerbower_Dumpling-Qwen2.5-14B,0.8313653281129918,0.8199170953837598,40,6,1.0,True
nbeerbower_Gemma2-Gutenberg-Doppel-9B,0.6637677482474694,0.47518011621241335,40,6,1.0,True
nbeerbower_Gutensuppe-mistral-nemo-12B,0.6544181743925968,0.582092496569215,40,6,1.0,True
nbeerbower_Hermes2-Gutenberg2-Mistral-7B,0.524107381151041,0.39855974230626623,40,6,1.0,True
nbeerbower_Llama-3.1-Nemotron-lorablated-70B,0.7439918529104842,0.6448791191133809,40,6,1.0,True
nbeerbower_Mahou-1.5-mistral-nemo-12B-lorablated,0.6058932246367126,0.43285258915698227,40,6,1.0,True
nbeerbower_Mistral-Gutenberg-Doppel-7B-FFT,0.3550572345181148,0.24629985284575454,40,6,1.0,True
nbeerbower_Mistral-Nemo-Moderne-12B-FFT-experimental,0.4906597375872521,0.3105305557003144,40,6,1.0,True
nbeerbower_Mistral-Nemo-Prism-12B,0.6264029936509887,0.513290519558769,40,6,1.0,True
nbeerbower_Mistral-Nemo-Prism-12B-v2,0.6336643522111491,0.5305728818496649,40,6,1.0,True
nbeerbower_Mistral-Small-Drummer-22B,0.7364914318072705,0.6996053511560443,40,6,1.0,True
nbeerbower_Mistral-Small-Gutenberg-Doppel-22B,0.7432435865678703,0.7333625384334774,40,6,1.0,True
nbeerbower_Qwen2.5-Gutenberg-Doppel-14B,0.6579566565203184,0.48271560414349274,40,6,1.0,True
nbeerbower_Stella-mistral-nemo-12B-v2,0.6544089583696479,0.5798020133062345,40,6,1.0,True
nbeerbower_gemma2-gutenberg-27B,0.26652876789406704,0.12747049090624837,40,6,1.0,True
nbeerbower_gemma2-gutenberg-9B,0.6400419993889803,0.3738886862264839,40,6,1.0,True
nbeerbower_mistral-nemo-cc-12B,0.5284356332424572,0.311389337641357,40,6,1.0,True
nbeerbower_mistral-nemo-gutenberg-12B-v3,0.5704065624825916,0.44653186721559224,40,6,1.0,True
nbeerbower_mistral-nemo-gutenberg2-12B-test,0.5959527075890731,0.5495967741935484,40,6,1.0,True
nbeerbower_mistral-nemo-kartoffel-12B,0.633470018986123,0.503435132443875,40,6,1.0,True
nbeerbower_mistral-nemo-wissenschaft-12B,0.5383487151712053,0.4527921649054505,40,6,1.0,True
necva_IE-cont-Llama3.1-8B,0.1570791624296622,0.05907258064516129,40,6,1.0,True
neopolita_jessi-v0.1-bf16-falcon3-7b-instruct,0.7364242877339927,0.6245443432517612,40,6,1.0,True
neopolita_jessi-v0.1-qwen2.5-7b-instruct,0.6938667167217225,0.607997311827957,40,6,1.0,True
neopolita_jessi-v0.2-falcon3-10b-instruct,0.7948501573812717,0.7502980223044453,40,6,1.0,True
neopolita_jessi-v0.2-falcon3-7b-instruct,0.69121661931648,0.6375243325917687,40,6,1.0,True
netcat420_DeepSeek-R1-MFANN-TIES-unretrained-7b,0.17263506092956601,0.08676075268817204,40,6,1.0,True
netcat420_MFANN-Llama3.1-Abliterated-SLERP-TIES-V3,0.516424166225464,0.402222652115481,40,6,1.0,True
netcat420_MFANN-Llama3.1-Abliterated-Slerp-TIES,0.5081223225304413,0.4014895022246941,40,6,1.0,True
netcat420_MFANN-Llama3.1-Abliterated-Slerp-V3.2,0.5060994884877021,0.4182495346127421,40,6,1.0,True
netcat420_MFANN-llama3.1-abliterated-v2,0.5155529272618922,0.43717217616706594,40,6,1.0,True
netcat420_MFANN-phigments-slerp-V3.3,0.46856019616741185,0.2913074113641496,40,6,1.0,True
netcat420_Qwen2.5-Coder-Scholar-7B-Abliterated-MFANN,0.5338939781767781,0.4347140630793474,40,6,1.0,True
netcat420_Qwen2.5-DeepSeek-R1-MFANN-Slerp-7b,0.2182400159533,0.1280753296159258,40,6,1.0,True
netcat420_qwen2.5-MFANN-7b-SLERPv1.1,0.5860009481128212,0.460752688172043,40,6,1.0,True
newsbang_Homer-v1.0-Qwen2.5-72B,0.9636541675127572,0.9736559139784946,40,6,1.0,True
newsbang_Homer-v1.0-Qwen2.5-7B,0.7424637586832854,0.6993279569892473,40,6,1.0,True
nhyha_N3N_gemma-2-9b-it_20241110_2026,0.7136546418710088,0.6341926581201036,40,6,1.0,True
nhyha_merge_Qwen2.5-7B-Instruct_20241023_0314,0.7080440872532037,0.646774193548387,40,6,1.0,True
nisten_franqwenstein-35b,0.8823692579229645,0.8978748675456425,40,6,1.0,True
nisten_tqwendo-36b,0.8557522937431452,0.8213227370689655,40,6,1.0,True
nlpguy_Mistral-NeMo-Minitron-Upscale-v3,0.18709497861431176,0.061634703910226345,40,6,1.0,True
noname0202_gemma-2-2b-it-ties,0.2927997646754411,0.13610662358642972,40,6,1.0,True
noname0202_gemma-2-9b-sft-jp-en-zh-v1,0.4161898335299933,0.29505044122500734,40,6,1.0,True
noname0202_gemma-2-9b-sft-jp-en-zh-v2,0.3718289682734002,0.2686117914777563,40,6,1.0,True
noname0202_llama-math-1b-r16-0to512tokens-test,0.29411150535126085,0.1327428334723767,40,6,1.0,True
noname0202_llama-math-1b-r32-0to512tokens-test,0.30598341674625906,0.15450268817204302,40,6,1.0,True
noname0202_llama-math-1b-r32-test,0.29411044572576006,0.14368279569892473,40,6,1.0,True
notbdq_Qwen2.5-14B-Instruct-1M-GRPO-Reasoning,0.6206326210860449,0.2761703082349173,40,6,1.0,True
nvidia_Mistral-NeMo-Minitron-8B-Base,0.5303322001288379,0.36607431340872376,40,6,1.0,True
oopere_Llama-FinSent-S,0.23031801870537807,0.11471774193548387,40,6,1.0,True
oopere_pruned20-llama-1b,0.16771966016041728,0.07065473708895721,40,6,1.0,True
oopere_pruned20-llama-3.2-3b,0.20201940461485507,0.08800506366494694,40,6,1.0,True
oopere_pruned40-llama-1b,0.1800990135632064,0.053872274409039425,40,6,1.0,True
oopere_pruned40-llama-3.2-1B,0.20179506708974193,0.07540322580645162,40,6,1.0,True
oopere_pruned60-llama-1b,0.17030297013266552,0.07103494623655915,40,6,1.0,True
orai-nlp_Llama-eus-8B,0.3970771055591221,0.29909214480518354,40,6,1.0,True
pankajmathur_orca_mini_phi-4,0.8917177639628532,0.8732498653742595,40,6,1.0,True
princeton-nlp_Llama-3-8B-ProLong-64k-Base,0.4190514293867401,0.32446236559139785,40,6,1.0,True
princeton-nlp_Llama-3-8B-ProLong-64k-Instruct,0.48923186302351296,0.3865132265016685,40,6,1.0,True
princeton-nlp_Llama-3-Base-8B-SFT-DPO,0.42984427038314577,0.3136864436222141,40,6,1.0,True
princeton-nlp_Llama-3-Base-8B-SFT-IPO,0.4267442457557326,0.28475258968298106,40,6,1.0,True
princeton-nlp_Llama-3-Base-8B-SFT-KTO,0.41649147839372924,0.29553639672034326,40,6,1.0,True
princeton-nlp_Llama-3-Base-8B-SFT-ORPO,0.4575374150100139,0.3601498037069849,40,6,1.0,True
princeton-nlp_Llama-3-Base-8B-SFT-RDPO,0.4413058391940082,0.3370967741935484,40,6,1.0,True
princeton-nlp_Llama-3-Base-8B-SFT-RRHF,0.4090765091167383,0.2777287769034343,40,6,1.0,True
princeton-nlp_Llama-3-Base-8B-SFT-SLiC-HF,0.44914092590500243,0.34450292702416313,40,6,1.0,True
princeton-nlp_Llama-3-Instruct-8B-CPO-v0.2,0.5219831009644759,0.4063842637652948,40,6,1.0,True
princeton-nlp_Llama-3-Instruct-8B-DPO,0.4769588156143246,0.3181827875188012,40,6,1.0,True
princeton-nlp_Llama-3-Instruct-8B-RDPO,0.4775855722350209,0.3598790322580645,40,6,1.0,True
princeton-nlp_Llama-3-Instruct-8B-RRHF-v0.2,0.4932509804308608,0.3852822580645161,40,6,1.0,True
princeton-nlp_Llama-3-Instruct-8B-SimPO,0.4707211167558955,0.2934365608768913,40,6,1.0,True
princeton-nlp_Mistral-7B-Base-SFT-CPO,0.3965356709496446,0.293597026073966,40,6,1.0,True
princeton-nlp_Mistral-7B-Base-SFT-DPO,0.38227053382288284,0.262415641773933,40,6,1.0,True
princeton-nlp_Mistral-7B-Base-SFT-RDPO,0.37179879515297165,0.24364349366824745,40,6,1.0,True
princeton-nlp_Mistral-7B-Base-SFT-SLiC-HF,0.4073911400810405,0.2954530156165859,40,6,1.0,True
princeton-nlp_Mistral-7B-Base-SFT-SimPO,0.35887871726247167,0.2078520463112547,40,6,1.0,True
princeton-nlp_Mistral-7B-Instruct-DPO,0.3528814700705939,0.251008064516129,40,6,1.0,True
princeton-nlp_Mistral-7B-Instruct-IPO,0.3744317827628362,0.2907744454288047,40,6,1.0,True
princeton-nlp_Mistral-7B-Instruct-KTO,0.35719702116308405,0.26026347560234164,40,6,1.0,True
princeton-nlp_Mistral-7B-Instruct-SLiC-HF,0.3343704314150363,0.23643308375345848,40,6,1.0,True
princeton-nlp_Sheared-LLaMA-1.3B,0.22141257270201797,0.10403225806451613,40,6,1.0,True
princeton-nlp_gemma-2-9b-it-DPO,0.5556396578875784,0.24016702586206895,40,6,1.0,True
princeton-nlp_gemma-2-9b-it-SimPO,0.577111765205895,0.27034784019280683,40,6,1.0,True
prithivMLmods_Galactic-Qwen-14B-Exp2,0.9401431840543149,0.9374663435648897,40,6,1.0,True
prithivMLmods_Llama-3.1-8B-Open-SFT,0.5495220153284284,0.4622101814516129,40,6,1.0,True
prithivMLmods_Llama-3.2-6B-AlgoCode,0.3169636344230905,0.20920840064620355,40,6,1.0,True
prithivMLmods_Llama-Express.1-Math,0.27319128342881427,0.16155913978494624,40,6,1.0,True
prithivMLmods_Magellanic-Qwen-25B-R999,0.157137496467759,0.05486318710604375,40,6,1.0,True
prithivMLmods_Phi-4-Empathetic,0.8742991412405215,0.8680140048488478,40,6,1.0,True
prithivMLmods_Phi-4-Math-IO,0.8152476575692088,0.6887679790504977,40,6,1.0,True
prithivMLmods_Phi-4-o1,0.8796013778762962,0.8888440860215054,40,6,1.0,True
prithivMLmods_Phi4-Super,0.8884461557453219,0.903339503383389,40,6,1.0,True
prithivMLmods_Primal-Opus-14B-Optimus-v1,0.8535260529026372,0.8518145161290323,40,6,1.0,True
prithivMLmods_Primal-Opus-14B-Optimus-v2,0.8972926571261344,0.8418010752688172,40,6,1.0,True
prithivMLmods_Qwen2.5-14B-DeepSeek-R1-1M,0.8395551185054686,0.7700940860215053,40,6,1.0,True
qingy2019_LLaMa_3.2_3B_Catalysts,0.4505449847503404,0.3331317204301075,40,6,1.0,True
qingy2019_OpenMath2-Llama3.1-8B,0.3344201191374159,0.22734555613197038,40,6,1.0,True
qingy2019_Qwen2.5-Ultimate-14B-Instruct,0.751256610246464,0.6384024784482758,40,6,1.0,True
qingy2024_QwEnlarge-16B-Instruct,0.7656813957278715,0.6945564516129032,40,6,1.0,True
qingy2024_Qwen2.5-4B,0.3785974266566753,0.2739247311827957,40,6,1.0,True
qingy2024_Qwen2.5-Coder-Draft-1.5B-Instruct,0.2748260474966426,0.15052753747806905,40,6,1.0,True
qingy2024_Qwen2.5-Math-14B-Instruct-Preview,0.6332567295180938,0.3944004623192436,40,6,1.0,True
qingy2024_Qwen2.6-14B-Instruct,0.8300098869755885,0.8127369530960327,40,6,1.0,True
qq8933_OpenLongCoT-Base-Gemma2-2B,0.172132665164182,0.07650856827696423,40,6,1.0,True
rasyosef_Phi-1_5-Instruct-v0.1,0.18361360753070036,0.07408215644379593,40,6,1.0,True
rasyosef_phi-2-instruct-apo,0.2924291606916199,0.10501111748050097,40,6,1.0,True
recoilme_Gemma-2-Ataraxy-Gemmasutra-9B-slerp,0.6315499817435366,0.42933511192992213,40,6,1.0,True
rhysjones_phi-2-orange-v2,0.36461490816566516,0.12706726509979674,40,6,1.0,True
riaz_FineLlama-3.1-8B,0.4316069825338077,0.3502016129032258,40,6,1.0,True
rombodawg_Rombos-Coder-V2.5-Qwen-14b,0.749006711300004,0.6585349462365592,40,6,1.0,True
rombodawg_Rombos-LLM-V2.5-Qwen-0.5b,0.20023322009571456,0.08619054753591468,40,6,1.0,True
rombodawg_Rombos-LLM-V2.5-Qwen-14b,0.838807680353567,0.7972595418520578,40,6,1.0,True
rombodawg_Rombos-LLM-V2.5-Qwen-32b,0.9408183251230724,0.9288978494623655,40,6,1.0,True
rombodawg_Rombos-LLM-V2.5.1-Qwen-3b,0.37907806558647106,0.2783040183537263,40,6,1.0,True
rombodawg_rombos_Replete-Coder-Llama3-8B,0.2615140784886786,0.12316670351466028,40,6,1.0,True
rsh345_mistral-ft-optimized-1218-NeuralHermes-2.5-Mistral-7B,0.5646982854086662,0.4404824805339266,40,6,1.0,True
sabersaleh_Llama2-7B-SimPO,0.24164607596665472,0.1367178809788654,40,6,1.0,True
sabersaleh_Llama3,0.4719828741859935,0.347205732503296,40,6,1.0,True
sabersalehk_Llama3-001-300,0.4637850062022932,0.3539090571207732,40,6,1.0,True
sabersalehk_Llama3_01_300,0.4517765964830785,0.3483236484039886,40,6,1.0,True
sequelbox_Llama3.1-70B-PlumChat,0.888835860411227,0.8759254433963902,40,6,1.0,True
sequelbox_Llama3.1-8B-MOTH,0.49273289445847357,0.3403897849462365,40,6,1.0,True
sequelbox_Llama3.1-8B-PlumCode,0.2719957927443839,0.13400957661290322,40,6,1.0,True
sequelbox_Llama3.1-8B-PlumMath,0.37788919038977375,0.2504860724879496,40,6,1.0,True
sethuiyer_Llama-3.1-8B-Experimental-1208-Instruct,0.5208740710505689,0.44657258064516125,40,6,1.0,True
sethuiyer_Llamaverse-3.1-8B-Instruct,0.6455054468625538,0.5362206560530218,40,6,1.0,True
sethuiyer_Qwen2.5-7B-Anvita,0.6757299347699727,0.6138712283078847,40,6,1.0,True
shastraai_Shastra-LLAMA2-Math-Commonsense-SFT,0.3114991382511263,0.23146420692410583,40,6,1.0,True
shivank21_mistral_dpo_self,0.21259223356045998,0.09720247613088617,40,6,1.0,True
siqi00_Mistral-7B-DFT,0.4664875408201269,0.33662634408602155,40,6,1.0,True
skymizer_Llama2-7b-sft-chat-custom-template-dpo,0.2727641518898444,0.18261981690899298,40,6,1.0,True
someon98_qwen-CoMa-0.5b,0.1732684468197252,0.05067204301075269,40,6,1.0,True
sometimesanotion_Qwen2.5-14B-Vimarckoso-v2,0.8882132830474745,0.8862264495272525,40,6,1.0,True
sometimesanotion_Qwen2.5-14B-Vimarckoso-v3,0.8617507632504523,0.8510374663978495,40,6,1.0,True
sometimesanotion_Qwen2.5-14B-Vimarckoso-v3-IF-Variant,0.7128352859026184,0.6504032258064516,40,6,1.0,True
sometimesanotion_Qwen2.5-7B-Gordion-v0.1-Prose,0.7307457309956824,0.6443548387096775,40,6,1.0,True
sometimesanotion_Qwentessential-14B-v1,0.8908085510921533,0.8761524668613274,40,6,1.0,True
sometimesanotion_Qwentinuum-14B-v1,0.8729467201036514,0.872503561067973,40,6,1.0,True
sometimesanotion_Qwentinuum-14B-v2,0.8744880913780075,0.8558467741935484,40,6,1.0,True
sometimesanotion_Qwentinuum-14B-v6,0.8854420871727502,0.8531586021505376,40,6,1.0,True
sometimesanotion_Qwentinuum-14B-v7,0.8843204428578499,0.8531247103262884,40,6,1.0,True
sometimesanotion_Qwentinuum-14B-v8,0.8787069673088569,0.8438844086021506,40,6,1.0,True
sometimesanotion_Qwenvergence-14B-v0.6-004-model_stock,0.8340915908919546,0.7817876344086021,40,6,1.0,True
sometimesanotion_Qwenvergence-14B-v3,0.8821489203051183,0.8825268817204301,40,6,1.0,True
sometimesanotion_Qwenvergence-14B-v3-Prose,0.8859075309146899,0.8747983870967742,40,6,1.0,True
sometimesanotion_Qwenvergence-14B-v3-Reason,0.8772659585225432,0.8714381720430107,40,6,1.0,True
sometimesanotion_Qwenvergence-14B-v8,0.8800953030956657,0.8695564516129033,40,6,1.0,True
sometimesanotion_Qwenvergence-14B-v9,0.8271573744721668,0.7734973176214313,40,6,1.0,True
spmurrayzzz_Mistral-Syndicate-7B,0.3507905257593775,0.2077284946236559,40,6,1.0,True
ssmits_Qwen2.5-95B-Instruct,0.8171640010975967,0.6692905311457175,40,6,1.0,True
suayptalha_DeepSeek-R1-Distill-Llama-3B,0.4487126015795388,0.2790994623655914,40,6,1.0,True
suayptalha_Komodo-Llama-3.2-3B-v2-fp16,0.3906363468562194,0.2780241935483871,40,6,1.0,True
sumink_Qwenftmodel,0.3369940767201246,0.2093767380422692,40,6,1.0,True
sumink_bbhqwen,0.2733794715700087,0.15913609359528896,40,6,1.0,True
sumink_bbhqwen2,0.23375523623841157,0.07550359774749722,40,6,1.0,True
sumink_bbhqwen4,0.23129326026517524,0.08676799453096032,40,6,1.0,True
sumink_bbhqwen5,0.2029495344779666,0.05286907327586207,40,6,1.0,True
sumink_bbhqwen6,0.17055367582743167,0.05093684315666962,40,6,1.0,True
synergetic_FrankenQwen2.5-14B,0.5394534150714864,0.1280753296159258,40,6,1.0,True
tangledgroup_tangled-llama-pints-1.5b-v0.1-instruct,0.18599768769246688,0.056640625,40,6,1.0,True
tanliboy_lambda-qwen2.5-14b-dpo-test,0.6785619731916199,0.5300403225806452,40,6,1.0,True
tanliboy_lambda-qwen2.5-32b-dpo-test,0.7077641683390059,0.48508064516129035,40,6,1.0,True
tensopolis_falcon3-10b-tensopolis-v1,0.7629601181913668,0.7120967741935484,40,6,1.0,True
tensopolis_mistral-small-2501-tensopolis-v1,0.8408398775257675,0.7774095059325176,40,6,1.0,True
tensopolis_phi-4-tensopolis-v1,0.8943932029743603,0.880510752688172,40,6,1.0,True
tensopolis_qwen2.5-14b-tensopolis-v1,0.6882837799886699,0.5972052280311457,40,6,1.0,True
tensopolis_qwen2.5-7b-tensopolis-v1,0.6584060684836199,0.5045123922413792,40,6,1.0,True
theo77186_Qwen2.5-Coder-7B-Instruct-20241106,0.4836093846121131,0.31753141991071276,40,6,1.0,True
theprint_CleverBoi-Llama-3.1-8B-Instruct,0.42702639623384114,0.2726171243941842,40,6,1.0,True
theprint_CleverBoi-Llama-3.1-8B-v2,0.42718913990886487,0.31411290322580643,40,6,1.0,True
theprint_ReWiz-Llama-3.1-8B-v2,0.46265585201452664,0.35403833793666506,40,6,1.0,True
thomas-yanxin_XinYuan-Qwen2-1_5B,0.3196714696486717,0.21973938056173525,40,6,1.0,True
tianyil1_MistralForCausalLM_Cal_DPO,0.3639531183173819,0.2740553398648531,40,6,1.0,True
tiiuae_Falcon3-10B-Base,0.7835912317105915,0.773991935483871,40,6,1.0,True
tiiuae_Falcon3-1B-Instruct,0.2975444474594221,0.17325268817204303,40,6,1.0,True
tiiuae_Falcon3-3B-Base,0.45868849316901655,0.327710911429366,40,6,1.0,True
tiiuae_Falcon3-7B-Instruct,0.765589691044221,0.6731407292825362,40,6,1.0,True
tiiuae_Falcon3-Mamba-7B-Instruct,0.5701125579150875,0.37338709677419357,40,6,1.0,True
tiiuae_falcon-11B,0.36679214386549885,0.2732932930324665,40,6,1.0,True
tiiuae_falcon-40b,0.3084134747946246,0.21116047388260636,40,6,1.0,True
tiiuae_falcon-mamba-7b,0.4114307148402192,0.30110403964076643,40,6,1.0,True
tinycompany_ShawtyIsBad-bgem3,0.37001300436077333,0.27956989247311825,40,6,1.0,True
tinycompany_ShawtyIsBad-e5-large,0.36308813902020765,0.27715053763440856,40,6,1.0,True
tinycompany_ShawtyIsBad-nomic1.5,0.35746917644743637,0.2800963744438265,40,6,1.0,True
tugstugi_Qwen2.5-7B-Instruct-QwQ-v0.1,0.5531403632594449,0.4000434510567297,40,6,1.0,True
unsloth_Llama-3.2-1B-Instruct-no-system-message,0.2888572919137551,0.16176075268817205,40,6,1.0,True
unsloth_phi-4-unsloth-bnb-4bit,0.840112873139986,0.7881490614496871,40,6,1.0,True
uukuguy_speechless-code-mistral-7b-v1.0,0.4311477281691034,0.3381652031545851,40,6,1.0,True
uukuguy_speechless-instruct-mistral-7b-v0.2,0.4455686841780836,0.3224841838153504,40,6,1.0,True
uukuguy_speechless-llama2-hermes-orca-platypus-wizardlm-13b,0.43352708161868964,0.2922183502502781,40,6,1.0,True
v000000_Qwen2.5-14B-Gutenberg-1e-Delta,0.6634794017001479,0.49517649819243603,40,6,1.0,True
v000000_Qwen2.5-Lumen-14B,0.6629701697989614,0.5231937395717463,40,6,1.0,True
vhab10_Llama-3.1-8B-Base-Instruct-SLERP,0.5464179384044558,0.44899193548387095,40,6,1.0,True
vhab10_Llama-3.2-Instruct-3B-TIES,0.4000580790175975,0.29952956989247315,40,6,1.0,True
vhab10_llama-3-8b-merged-linear,0.5437294201101055,0.4528020610766585,40,6,1.0,True
vicgalle_Configurable-Hermes-2-Pro-Llama-3-8B,0.5252638331551676,0.4052571433537263,40,6,1.0,True
vicgalle_Humanish-RP-Llama-3.1-8B,0.5699340010036281,0.4501616379310345,40,6,1.0,True
vicgalle_Roleplay-Llama-3-8B,0.49120383083047764,0.36875,40,6,1.0,True
vonjack_Qwen2.5-Coder-0.5B-Merged,0.1466547180238409,0.0622727102598741,40,6,1.0,True
wave-on-discord_qwent-7b,0.2914660245681494,0.12649778389783298,40,6,1.0,True
weathermanj_Menda-3b-Optim-100,0.5746232646672798,0.3841397849462366,40,6,1.0,True
win10_EVA-Norns-Qwen2.5-v0.1,0.5891354367753572,0.45577956989247315,40,6,1.0,True
win10_Norns-Qwen2.5-12B,0.3571229368305776,0.18487751229002727,40,6,1.0,True
win10_Norns-Qwen2.5-7B,0.5923637804223849,0.4467407362347052,40,6,1.0,True
win10_Qwen2.5-2B-Instruct,0.2543677539922747,0.11205409575603958,40,6,1.0,True
wzhouad_gemma-2-9b-it-WPO-HB,0.5059219594031512,0.13089791026108707,40,6,1.0,True
x0000001_Deepseek-Lumen-R1-Qwen2.5-14B,0.38111405285138517,0.11872730904858686,40,6,1.0,True
xinchen9_Llama3.1_8B_Instruct_CoT,0.4083093802890021,0.292361292059687,40,6,1.0,True
xinchen9_Llama3.1_CoT_V1,0.38136866067099173,0.23131720430107527,40,6,1.0,True
xinchen9_Mistral-7B-CoT,0.2894876535682485,0.21634614270485725,40,6,1.0,True
xkp24_Llama-3-8B-Instruct-SPPO-Iter2_gp_2b-table,0.4619104675977631,0.302942115274376,40,6,1.0,True
xkp24_Llama-3-8B-Instruct-SPPO-Iter2_gp_8b-table,0.4955680726810903,0.38954784830367073,40,6,1.0,True
xkp24_Llama-3-8B-Instruct-SPPO-score-Iter2_gp_8b-table-0.002,0.4921227540179195,0.38954784830367073,40,6,1.0,True
xukp20_Llama-3-8B-Instruct-SPPO-Iter3_bt_2b-table,0.47682092940673176,0.3512150916035318,40,6,1.0,True
xukp20_Llama-3-8B-Instruct-SPPO-Iter3_bt_8b-table,0.5165552621583591,0.40551075268817205,40,6,1.0,True
xukp20_Llama-3-8B-Instruct-SPPO-Iter3_gp_2b-table,0.4957154737809632,0.3364247311827957,40,6,1.0,True
yam-peleg_Hebrew-Mistral-7B,0.3916677645721507,0.30638440860215055,40,6,1.0,True
yfzp_Llama-3-8B-Instruct-SPPO-Iter1_bt_2b-table,0.49896997086940076,0.4040994623655914,40,6,1.0,True
yfzp_Llama-3-8B-Instruct-SPPO-Iter1_bt_8b-table,0.5384740534296094,0.40705645161290327,40,6,1.0,True
yfzp_Llama-3-8B-Instruct-SPPO-Iter1_gp_2b-table,0.5036435355984002,0.3836693548387097,40,6,1.0,True
yfzp_Llama-3-8B-Instruct-SPPO-Iter1_gp_8b-table,0.5135265185098413,0.3721774193548387,40,6,1.0,True
yfzp_Llama-3-8B-Instruct-SPPO-score-Iter1_bt_2b-table-0.001,0.48503388143530507,0.32980959887332184,40,6,1.0,True
yfzp_Llama-3-8B-Instruct-SPPO-score-Iter1_gp_2b-table-0.001,0.4818673490808386,0.36680563517292897,40,6,1.0,True
yfzp_Llama-3-8B-Instruct-SPPO-score-Iter1_gp_8b-table-0.002,0.4965244850518631,0.3792238463386441,40,6,1.0,True
yifAI_Llama-3-8B-Instruct-SPPO-score-Iter3_gp_8b-table-0.002,0.48892839969678514,0.35675039519168966,40,6,1.0,True
ymcki_gemma-2-2b-ORPO-jpn-it-abliterated-18,0.3229323384122354,0.15679574527252502,40,6,1.0,True
ymcki_gemma-2-2b-ORPO-jpn-it-abliterated-18-merge,0.3086481057042678,0.19865591397849464,40,6,1.0,True
ymcki_gemma-2-2b-jpn-it-abliterated-17,0.14061620880062992,0.05907258064516129,40,6,1.0,True
ymcki_gemma-2-2b-jpn-it-abliterated-17-18-24,0.2716446808297363,0.11468071213534994,40,6,1.0,True
ymcki_gemma-2-2b-jpn-it-abliterated-17-ORPO-alpaca,0.2966595903918253,0.10635433494884222,40,6,1.0,True
yuvraj17_Llama3-8B-SuperNova-Spectrum-Hermes-DPO,0.43642552488408554,0.34885752688172045,40,6,1.0,True
yuvraj17_Llama3-8B-SuperNova-Spectrum-dare_ties,0.4736768045773725,0.3599462365591398,40,6,1.0,True
yuvraj17_Llama3-8B-abliterated-Spectrum-slerp,0.5256362766606512,0.41720516962843296,40,6,1.0,True
zake7749_gemma-2-2b-it-chinese-kyara-dpo,0.4143224118903356,0.27836021505376346,40,6,1.0,True
zelk12_MT-Gen1-gemma-2-9B,0.7467173913413785,0.6814754981152397,40,6,1.0,True
zelk12_MT-Gen2-GI-gemma-2-9B,0.7627062163285898,0.6925148088314486,40,6,1.0,True
zelk12_MT-Gen2-gemma-2-9B,0.7716745929396437,0.7032178404245457,40,6,1.0,True
zelk12_MT-Gen3-gemma-2-9B,0.7446143369375295,0.658998862195355,40,6,1.0,True
zelk12_MT-Gen6-gemma-2-9B,0.5548292956795694,0.2898521505376344,40,6,1.0,True
zelk12_MT-Gen7-gemma-2-9B,0.6660543636878438,0.5416142277693818,40,6,1.0,True
zelk12_MT-Merge-gemma-2-9B,0.7595341990796107,0.663435648896069,40,6,1.0,True
zelk12_MT-Merge2-MU-gemma-2-MTg2MT1g2-9B,0.7577300641263658,0.7003360215053763,40,6,1.0,True
zelk12_MT-Merge4-gemma-2-9B,0.7857943037082578,0.716665255267775,40,6,1.0,True
zelk12_MT-Merge6-gemma-2-9B,0.6459056225779721,0.4780560043080237,40,6,1.0,True
zelk12_MT1-Gen2-gemma-2-9B,0.7517864389312783,0.6563677975228864,40,6,1.0,True
zelk12_MT1-Gen5-gemma-2-9B,0.65289103080058,0.4171370967741935,40,6,1.0,True
zelk12_MT1-gemma-2-9B,0.7648969162403643,0.7093413978494624,40,6,1.0,True
zelk12_MT2-Gen1-gemma-2-9B,0.7393957931206321,0.657260019462704,40,6,1.0,True
zelk12_MT2-Gen2-gemma-2-9B,0.7652359377405368,0.7073510224012589,40,6,1.0,True
zelk12_MT2-Gen3-gemma-2-9B,0.7578180389451002,0.6713785675821217,40,6,1.0,True
zelk12_MT2-Gen4-gemma-2-9B,0.7180248225240768,0.5827948303715671,40,6,1.0,True
zelk12_MT2-Gen5-gemma-2-9B,0.7040818924382639,0.5517635971997846,40,6,1.0,True
zelk12_MT2-Gen6-gemma-2-9B,0.585488824785984,0.3206317204301075,40,6,1.0,True
zelk12_MT2-Max-Merge_02012025163610-gemma-2-9B,0.7752786393425831,0.7186827956989248,40,6,1.0,True
zelk12_MT3-Gen1-gemma-2-9B,0.6818528656760443,0.45289137815165,40,6,1.0,True
zelk12_MT3-Gen2-gemma-2-9B,0.670197311669783,0.45289137815165,40,6,1.0,True
zelk12_MT3-Gen3-gemma-2-9B,0.7349771276164415,0.5745558436256883,40,6,1.0,True
zelk12_MT3-Gen4-gemma-2-9B,0.8000177296222452,0.7666560268904059,40,6,1.0,True
zelk12_MT3-Gen5-gemma-2-9B,0.7154666926146924,0.5994869022182847,40,6,1.0,True
zelk12_MT3-Gen5-gemma-2-9B_v1,0.7475400257235871,0.6626952073236403,40,6,1.0,True
zelk12_MT3-Gen6-gemma-2-9B,0.6800719678191319,0.5691532258064516,40,6,1.0,True
zelk12_MT3-Max-Merge_02012025163610-gemma-2-9B,0.711864918161514,0.5569466882067852,40,6,1.0,True
zelk12_MT3-gemma-2-9B,0.7349061536729616,0.5869366028819193,40,6,1.0,True
zelk12_MT4-Gen2-gemma-2-9B,0.7621687163912979,0.718497576736672,40,6,1.0,True
zelk12_MT4-Gen3-gemma-2-9B,0.7615677399353781,0.6937156921500165,40,6,1.0,True
zelk12_MT4-Gen5-gemma-2-9B,0.7708048013150943,0.6901932747928501,40,6,1.0,True
zelk12_MT4-gemma-2-9B,0.7647893963548021,0.7061120086160474,40,6,1.0,True
zelk12_MT5-Gen1-gemma-2-9B,0.7173948802413065,0.5609181475498115,40,6,1.0,True
zelk12_MT5-Gen2-gemma-2-9B,0.7355704376633778,0.6330102315562736,40,6,1.0,True
zelk12_MT5-Gen3-gemma-2-9B,0.7483814219772703,0.6335487345180398,40,6,1.0,True
zelk12_MT5-gemma-2-9B,0.7342789207519365,0.6320176931299092,40,6,1.0,True
zelk12_MTM-Merge-gemma-2-9B,0.7800581059025001,0.725859414169127,40,6,1.0,True
zelk12_Rv0.4DMv1t0.25-gemma-2-9B,0.7810983208312219,0.7544783686834471,40,6,1.0,True
zelk12_Test01012025155054t0.5_gemma-2,0.13156313767994027,0.04151553841610645,40,6,1.0,True
zelk12_gemma-2-S2MTM-9B,0.6664277963658762,0.4779974855385898,40,6,1.0,True
zelk12_recoilme-gemma-2-Gutenberg-Doppel-9B-v0.1,0.7061417390364256,0.5592168381535039,40,6,1.0,True
zelk12_recoilme-gemma-2-Ifable-9B-v0.1,0.7171554442344318,0.5829666667827234,40,6,1.0,True
zelk12_recoilme-gemma-2-psy10k-mental_healt-9B-v0.1,0.7577223131083242,0.7281124602636928,40,6,1.0,True
zetasepic_Qwen2.5-32B-Instruct-abliterated-v2,0.7463662754255835,0.7119623655913978,40,6,1.0,True
zetasepic_Qwen2.5-72B-Instruct-abliterated,0.9569814401607303,0.9529312082869855,40,6,1.0,True
