N_params_B,D_tokens_B,val_loss,step,interpolated,predicted
0.070542,0.134,4.7385,0,1,4.738596534
0.070542,0.136,4.7325,0,1,4.729588998
0.070542,0.138,4.7206,0,1,4.720749423
0.070542,0.14,4.7148,0,1,4.712072311
0.070542,0.143,4.7028,0,1,4.699349856
0.070542,0.145,4.6893,0,1,4.691056482
0.070542,0.147,4.6888,0,1,4.682908237
0.070542,0.149,4.6782,0,1,4.674900659
0.070542,0.152,4.6683,0,1,4.663143756
0.070542,0.154,4.6623,0,1,4.655469571
0.070542,0.156,4.6557,0,1,4.647921895
0.070542,0.159,4.6424,0,1,4.636829608
0.070542,0.161,4.6357,0,1,4.62958249
0.070542,0.164,4.6249,0,1,4.618925159
0.070542,0.166,4.6204,0,1,4.611957922
0.070542,0.169,4.6124,0,1,4.60170607
0.070542,0.172,4.6031,0,1,4.591684531
0.070542,0.174,4.5913,0,1,4.585126962
0.070542,0.177,4.5817,0,1,4.5754694
0.070542,0.18,4.573,0,1,4.566019098
0.070542,0.183,4.5675,0,1,4.556768263
0.070542,0.185,4.5565,0,1,4.550708195
0.070542,0.188,4.5478,0,1,4.541773602
0.070542,0.191,4.5431,0,1,4.533019646
0.070542,0.194,4.5327,0,1,4.524439925
0.070542,0.197,4.5253,0,1,4.516028354
0.070542,0.2,4.5174,0,1,4.507779152
0.070542,0.203,4.5103,0,1,4.499686819
0.070542,0.207,4.4993,0,1,4.489132045
0.070542,0.21,4.4892,0,1,4.481385802
0.070542,0.213,4.4785,0,1,4.473779912
0.070542,0.216,4.4762,0,1,4.466309908
0.070542,0.22,4.4628,0,1,4.456553937
0.070542,0.223,4.4602,0,1,4.449384741
0.070542,0.227,4.4468,0,1,4.440015557
0.070542,0.23,4.4381,0,1,4.43312625
0.070542,0.234,4.4321,0,1,4.424117358
0.070542,0.237,4.4191,0,1,4.417489052
0.070542,0.241,4.4169,0,1,4.40881649
0.070542,0.245,4.4045,0,1,4.400326229
0.070542,0.249,4.3966,0,1,4.392011552
0.070542,0.253,4.3846,0,1,4.383866094
0.070542,0.256,4.3778,0,1,4.377864405
0.070542,0.26,4.3706,0,1,4.370000733
0.070542,0.265,4.3621,0,1,4.360386148
0.070542,0.269,4.352,0,1,4.352860131
0.070542,0.273,4.3475,0,1,4.345476001
0.070542,0.277,4.3394,0,1,4.338229061
0.070542,0.281,4.3319,0,1,4.331114837
0.070542,0.286,4.3262,0,1,4.322402203
0.070542,0.29,4.318,0,1,4.315571277
0.070542,0.295,4.3098,0,1,4.307200285
0.070542,0.299,4.3032,0,1,4.300633169
0.070542,0.304,4.2945,0,1,4.292580665
0.070542,0.309,4.2916,0,1,4.284695911
0.070542,0.314,4.2826,0,1,4.276972783
0.070542,0.318,4.2751,0,1,4.270906738
0.070542,0.323,4.2681,0,1,4.263460097
0.070542,0.328,4.2611,0,1,4.256159549
0.070542,0.334,4.2514,0,1,4.247584672
0.070542,0.339,4.249,0,1,4.240588173
0.070542,0.344,4.2394,0,1,4.233722517
0.070542,0.349,4.2332,0,1,4.226983409
0.070542,0.355,4.2291,0,1,4.219057769
0.070542,0.36,4.2221,0,1,4.212582911
0.070542,0.366,4.2122,0,1,4.204963363
0.070542,0.372,4.206,0,1,4.197502031
0.070542,0.377,4.1995,0,1,4.191400951
0.070542,0.383,4.1915,0,1,4.18421494
0.070542,0.389,4.1858,0,1,4.177171586
0.070542,0.395,4.179,0,1,4.17026592
0.070542,0.402,4.1698,0,1,4.162377045
0.070542,0.408,4.164,0,1,4.155753809
0.070542,0.414,4.1563,0,1,4.149254076
0.070542,0.421,4.1503,0,1,4.141821762
0.070542,0.427,4.1425,0,1,4.135575995
0.070542,0.434,4.1329,0,1,4.128429725
0.070542,0.441,4.1278,0,1,4.121429475
0.070542,0.447,4.1219,0,1,4.115541508
0.070542,0.454,4.1118,0,1,4.108798761
0.070542,0.461,4.1049,0,1,4.102187777
0.070542,0.469,4.1007,0,1,4.094787926
0.070542,0.476,4.0913,0,1,4.088444363
0.070542,0.483,4.0887,0,1,4.082219087
0.070542,0.491,4.077,0,1,4.075244367
0.070542,0.499,4.0708,0,1,4.068413599
0.070542,0.506,4.0651,0,1,4.06255066
0.070542,0.514,4.055,0,1,4.055975971
0.070542,0.522,4.0514,0,1,4.049530965
0.070542,0.53,4.0444,0,1,4.043211154
0.070542,0.539,4.0371,0,1,4.036245708
0.070542,0.547,4.0314,0,1,4.030178024
0.070542,0.556,4.0241,0,1,4.0234862
0.070542,0.564,4.0213,0,1,4.017653266
0.070542,0.573,4.011,0,1,4.011216489
0.070542,0.582,4.0087,0,1,4.004907825
0.070542,0.591,4.0009,0,1,3.998722802
0.070542,0.6,3.9959,0,1,3.992657169
0.070542,0.61,3.9911,0,1,3.986052689
0.070542,0.619,3.9808,0,1,3.980226056
0.070542,0.629,3.9812,0,1,3.973877865
0.070542,0.638,3.9734,0,1,3.968273957
0.070542,0.648,3.966,0,1,3.96216486
0.070542,0.659,3.9602,0,1,3.9555827
0.070542,0.669,3.9581,0,1,3.949719795
0.070542,0.679,3.9541,0,1,3.943967996
0.070542,0.69,3.9465,0,1,3.937764937
0.070542,0.701,3.9388,0,1,3.931687171
0.070542,0.711,3.9303,0,1,3.926266914
0.070542,0.723,3.9258,0,1,3.919889986
0.070542,0.734,3.9187,0,1,3.914162345
0.070542,0.745,3.9162,0,1,3.908543524
0.070542,0.757,3.9103,0,1,3.90253375
0.070542,0.769,3.9052,0,1,3.896644687
0.070542,0.781,3.8995,0,1,3.890872081
0.070542,0.793,3.8902,0,1,3.885211893
0.070542,0.805,3.8832,0,1,3.879660282
0.070542,0.818,3.8807,0,1,3.873764326
0.070542,0.83,3.8726,0,1,3.868427377
0.070542,0.843,3.8715,0,1,3.862756008
0.070542,0.856,3.8656,0,1,3.857195486
0.070542,0.87,3.8569,0,1,3.851326839
0.070542,0.883,3.8486,0,1,3.845984601
0.070542,0.897,3.8477,0,1,3.840342857
0.070542,0.911,3.8391,0,1,3.834812701
0.070542,0.925,3.8333,0,1,3.82939026
0.070542,0.94,3.8253,0,1,3.823695855
0.070542,0.954,3.821,0,1,3.818485031
0.070542,0.969,3.8168,0,1,3.813009521
0.070542,0.984,3.8126,0,1,3.807641432
0.070542,1,3.8047,0,1,3.802029712
0.070542,1.015,3.7982,0,1,3.796872116
0.070542,1.031,3.794,0,1,3.791477122
0.070542,1.047,3.7857,0,1,3.786188235
0.070542,1.063,3.7795,0,1,3.781001794
0.070542,1.08,3.7757,0,1,3.775599558
0.070542,1.097,3.7695,0,1,3.770305075
0.070542,1.114,3.7663,0,1,3.765114575
0.070542,1.131,3.7597,0,1,3.760024475
0.070542,1.149,3.7609,0,1,3.754740606
0.070542,1.167,3.7492,0,1,3.749561632
0.070542,1.185,3.7488,0,1,3.7444839
0.070542,1.203,3.7417,0,1,3.739503939
0.070542,1.222,3.7377,0,1,3.734349732
0.070542,1.241,3.7357,0,1,3.729297087
0.070542,1.26,3.7248,0,1,3.724342492
0.070542,1.28,3.7235,0,1,3.719229388
0.070542,1.3,3.7213,0,1,3.714217528
0.070542,1.32,3.7114,0,1,3.709303393
0.070542,1.341,3.7094,0,1,3.704245075
0.070542,1.362,3.7017,0,1,3.699287137
0.070542,1.383,3.6971,0,1,3.694426085
0.070542,1.404,3.6939,0,1,3.689658597
0.070542,1.426,3.6896,0,1,3.684760998
0.070542,1.449,3.6852,0,1,3.679743119
0.070542,1.471,3.6756,0,1,3.675037891
0.070542,1.494,3.6792,0,1,3.670214129
0.070542,1.517,3.6676,0,1,3.665484489
0.070542,1.541,3.6644,0,1,3.660646078
0.070542,1.565,3.6629,0,1,3.655903163
0.070542,1.589,3.6559,0,1,3.651252437
0.070542,1.614,3.652,0,1,3.646502576
0.070542,1.639,3.6433,0,1,3.641845957
0.070542,1.665,3.6405,0,1,3.637098535
0.070542,1.691,3.6386,0,1,3.63244506
0.070542,1.717,3.6329,0,1,3.627882271
0.070542,1.744,3.6284,0,1,3.623236651
0.070542,1.771,3.6212,0,1,3.618682183
0.070542,1.799,3.6188,0,1,3.614051954
0.070542,1.827,3.615,0,1,3.609513054
0.070542,1.855,3.6052,0,1,3.605062323
0.070542,1.884,3.6046,0,1,3.600542381
0.070542,1.913,3.5967,0,1,3.59611062
0.070542,1.943,3.5941,0,1,3.591615622
0.070542,1.973,3.5901,0,1,3.587208586
0.070542,2.004,3.5832,0,1,3.58274385
0.070542,2.035,3.578,0,1,3.578366645
0.070542,2.067,3.5758,0,1,3.573936862
0.070542,2.099,3.5695,1,1,3.569593994
0.070542,2.132,3.5664,1,1,3.565203277
0.070542,2.165,3.5608,1,1,3.560898692
0.070542,2.199,3.5567,1,1,3.556550621
0.070542,2.233,3.5534,1,1,3.552287753
0.070542,2.268,3.5473,1,1,3.547985418
0.070542,2.303,3.5456,1,1,3.543767231
0.070542,2.339,3.5424,1,1,3.539513272
0.070542,2.375,3.5404,1,1,3.535342297
0.070542,2.412,3.5328,1,1,3.531138948
0.070542,2.45,3.5332,1,1,3.526907038
0.070542,2.488,3.5247,1,1,3.522758314
0.070542,2.527,3.5201,1,1,3.518583902
0.070542,2.566,3.5184,1,1,3.514491143
0.070542,2.606,3.5133,1,1,3.510375326
0.070542,2.647,3.5094,1,1,3.506239688
0.070542,2.688,3.5082,1,1,3.502185236
0.070542,2.73,3.5046,1,1,3.49811315
0.070542,2.773,3.4952,1,1,3.494026348
0.070542,2.816,3.499,1,1,3.490019861
0.070542,2.86,3.4943,1,1,3.486000451
0.070542,2.904,3.4871,1,1,3.482059415
0.070542,2.949,3.4859,1,1,3.478107083
0.070542,2.995,3.4801,1,1,3.474145915
0.070542,3.042,3.4728,1,1,3.470178258
0.070542,3.089,3.4731,1,1,3.466288295
0.070542,3.138,3.4653,1,1,3.462312642
0.070542,3.186,3.4618,1,1,3.458494424
0.070542,3.236,3.4541,1,1,3.454594621
0.070542,3.286,3.4547,1,1,3.450771187
0.070542,3.338,3.448,1,1,3.446873008
0.070542,3.39,3.447,1,1,3.443051787
0.070542,3.442,3.4412,1,1,3.439304858
0.070542,3.496,3.4388,1,1,3.435489735
0.070542,3.551,3.4335,1,1,3.431680719
0.070542,3.606,3.4296,1,1,3.427946473
0.070542,3.662,3.4288,1,1,3.42421849
0.070542,3.719,3.4248,1,1,3.420498129
0.070542,3.777,3.4164,1,1,3.416786669
0.070542,3.836,3.414,1,1,3.41308532
0.070542,3.896,3.4114,1,1,3.409395221
0.070542,3.956,3.4077,1,1,3.405777149
0.070542,4.018,3.4016,1,1,3.402111523
0.070542,4.08,3.3999,1,1,3.398517585
0.070542,4.144,3.3935,1,1,3.3948803
0.070542,4.209,3.395,2,1,3.391259042
0.070542,4.274,3.389,2,1,3.387708661
0.070542,4.341,3.3865,2,1,3.384120646
0.070542,4.408,3.3778,2,1,3.380602819
0.070542,4.477,3.3756,2,1,3.377050799
0.070542,4.547,3.375,2,1,3.373518189
0.070542,4.618,3.3713,2,1,3.370005513
0.070542,4.69,3.3675,2,1,3.366513254
0.070542,4.763,3.3651,2,1,3.363041855
0.070542,4.837,3.3616,2,1,3.35959172
0.070542,4.912,3.3555,2,1,3.356163215
0.070542,4.989,3.3543,2,1,3.352712294
0.070542,5.066,3.3489,2,1,3.349328876
0.070542,5.145,3.3476,2,1,3.345925306
0.070542,5.225,3.3425,2,1,3.342546145
0.070542,5.307,3.3375,2,1,3.339150543
0.070542,5.389,3.3388,2,1,3.335821437
0.070542,5.473,3.3331,2,1,3.332477693
0.070542,5.559,3.3315,2,1,3.329121706
0.070542,5.645,3.3261,2,1,3.325831519
0.070542,5.733,3.3217,2,1,3.322530569
0.070542,5.823,3.3187,2,1,3.319221006
0.070542,5.913,3.3174,2,1,3.315976274
0.070542,6.005,3.3103,2,1,3.312724123
0.070542,6.099,3.3138,2,1,3.309466485
0.070542,6.194,3.3042,2,1,3.306238836
0.070542,6.29,3.2992,3,1,3.303040943
0.070542,6.388,3.3017,3,1,3.299840224
0.070542,6.488,3.297,3,1,3.296638324
0.070542,6.589,3.2954,3,1,3.293467888
0.070542,6.692,3.2915,3,1,3.290298096
0.070542,6.796,3.2843,3,1,3.287160261
0.070542,6.902,3.2865,3,1,3.2840247
0.070542,7.009,3.2804,3,1,3.280921453
0.070542,7.118,3.2787,3,1,3.277821932
0.070542,7.229,3.2765,3,1,3.274727352
0.070542,7.342,3.2708,3,1,3.271638863
0.070542,7.456,3.2694,3,1,3.268584087
0.070542,7.572,3.2618,3,1,3.265536473
0.070542,7.69,3.2598,3,1,3.262497019
0.070542,7.81,3.258,3,1,3.259466662
0.070542,7.932,3.2587,3,1,3.256446286
0.070542,8.055,3.2564,3,1,3.253460752
0.070542,8.181,3.2494,3,1,3.250462301
0.070542,8.308,3.2454,3,1,3.247499277
0.070542,8.438,3.2448,4,1,3.244525705
0.070542,8.569,3.2401,4,1,3.24158799
0.070542,8.703,3.2375,4,1,3.238641879
0.070542,8.838,3.2369,4,1,3.235731914
0.070542,8.976,3.2383,4,1,3.232815502
0.070542,9.116,3.2308,4,1,3.229914884
0.070542,9.258,3.2287,4,1,3.227030496
0.070542,9.402,3.224,4,1,3.224162739
0.070542,9.548,3.2205,4,1,3.221311979
0.070542,9.697,3.2179,4,1,3.218459596
0.070542,9.848,3.2164,4,1,3.215625591
0.070542,10.002,3.2112,4,1,3.212791997
0.070542,10.157,3.21,4,1,3.209995836
0.070542,10.316,3.2089,4,1,3.207183697
0.070542,10.476,3.2048,5,1,3.204409322
0.070542,10.64,3.2002,5,1,3.201621311
0.070542,10.805,3.1963,5,1,3.19887126
0.070542,10.974,3.1948,5,1,3.196109708
0.070542,11.145,3.1941,5,1,3.193370328
0.070542,11.318,3.1937,5,1,3.190653114
0.070542,11.495,3.1867,5,1,3.187927543
0.070542,11.674,3.1836,5,1,3.185225265
0.070542,11.855,3.1846,5,1,3.182546188
0.070542,12.04,3.1813,5,1,3.17986147
0.070542,12.228,3.1789,5,1,3.177186769
0.070542,12.418,3.1748,5,1,3.174536563
0.070542,12.612,3.1721,6,1,3.171883581
0.070542,12.808,3.1701,6,1,3.169255767
0.070542,13.008,3.1686,6,1,3.166626854
0.070542,13.21,3.166,6,1,3.164023647
0.070542,13.416,3.1625,6,1,3.161420844
0.070542,13.625,3.1583,6,1,3.158831894
0.070542,13.837,3.157,6,1,3.156257197
0.070542,14.053,3.1573,6,1,3.153685334
0.070542,14.272,3.1506,6,1,3.151128894
0.070542,14.494,3.1516,6,1,3.148588173
0.070542,14.72,3.1425,7,1,3.146052329
0.070542,14.949,3.1484,7,1,3.14353315
0.070542,15.182,3.1395,7,1,3.141020159
0.070542,15.418,3.139,7,1,3.138524636
0.070542,15.659,3.1368,7,1,3.136026196
0.070542,15.903,3.1348,7,1,3.133546297
0.070542,16.15,3.1313,7,1,3.13108502
0.070542,16.402,3.13,7,1,3.12862308
0.070542,16.657,3.126,7,1,3.126180626
0.070542,16.917,3.1255,8,1,3.123739066
0.070542,17.18,3.1215,8,1,3.121317715
0.070542,17.448,3.1211,8,1,3.118898651
0.070542,17.72,3.1192,8,1,3.116491627
0.070542,17.996,3.1159,8,1,3.114097066
0.070542,18.276,3.1125,8,1,3.111715358
0.070542,18.561,3.1072,8,1,3.109338606
0.070542,18.85,3.1078,9,1,3.106975722
0.070542,19.144,3.1035,9,1,3.104619064
0.070542,19.442,3.1024,9,1,3.102277147
0.070542,19.745,3.1011,9,1,3.099942576
0.070542,20.052,3.0989,9,1,3.09762349
0.070542,20.365,3.0962,9,1,3.095305401
0.070542,20.682,3.0938,9,1,3.093003707
0.070542,21.004,3.0893,10,1,3.090711479
0.070542,21.331,3.0878,10,1,3.088429233
0.070542,21.664,3.0846,10,1,3.086150673
0.070542,22.001,3.0855,10,1,3.083889932
0.070542,22.344,3.0851,10,1,3.081634002
0.070542,22.692,3.0782,10,1,3.079390036
0.070542,23.045,3.0746,11,1,3.077158384
0.070542,23.404,3.0736,11,1,3.074933232
0.070542,23.769,3.0741,11,1,3.072715234
0.070542,24.139,3.0712,11,1,3.070510906
0.070542,24.515,3.0692,11,1,3.068314697
0.070542,24.897,3.0647,11,1,3.066127155
0.070542,25.285,3.0662,12,1,3.063948796
0.070542,25.679,3.0632,12,1,3.061780098
0.070542,26.079,3.0551,12,1,3.05962151
0.070542,26.485,3.0544,12,1,3.05747345
0.070542,26.898,3.0565,12,1,3.055331167
0.070542,27.317,3.0548,13,1,3.053200359
0.070542,27.742,3.0501,13,1,3.05108135
0.070542,28.174,3.0494,13,1,3.0489696
0.070542,28.613,3.0459,13,1,3.046865668
0.070542,29.059,3.0447,13,1,3.044770078
0.070542,29.512,3.0422,14,1,3.042683321
0.070542,29.971,3.0409,14,1,3.040610327
0.070542,30.438,3.0371,14,1,3.038542493
0.070542,30.912,3.038,14,1,3.036484776
0.070542,31.394,3.0363,15,1,3.034433333
0.070542,31.883,3.0322,15,1,3.032392884
0.070542,32.38,3.0298,15,1,3.030359691
0.070542,32.884,3.0247,15,1,3.028338249
0.070542,33.396,3.0246,15,1,3.026324922
0.070542,33.917,3.0219,16,1,3.024316357
0.070542,34.445,3.0229,16,1,3.022320697
0.070542,34.982,3.0185,16,1,3.020330782
0.070542,35.526,3.0176,16,1,3.0183544
0.070542,36.08,3.016,17,1,3.016381102
0.070542,36.642,3.0177,17,1,3.014418543
0.070542,37.213,3.0099,17,1,3.01246362
0.070542,37.792,3.0104,18,1,3.010520124
0.070542,38.381,3.009,18,1,3.008581779
0.070542,38.979,3.0049,18,1,3.006652379
0.070542,39.586,3.0039,18,1,3.004732303
0.070542,40.203,3.0029,19,1,3.002818832
0.070542,40.829,3.0016,19,1,3.000915482
0.070542,41.465,2.9986,19,1,2.999019601
0.070542,42.111,2.994,20,1,2.997131634
0.070542,42.767,2.992,20,1,2.995252001
0.070542,43.433,2.991,20,1,2.993381091
0.070542,44.11,2.9943,21,1,2.991516542
0.070542,44.797,2.9909,21,1,2.989661523
0.070542,45.495,2.9884,21,1,2.987813724
0.070542,46.204,2.9819,22,1,2.985973585
0.070542,46.923,2.9849,22,1,2.984144036
0.070542,47.654,2.9798,22,1,2.982320373
0.070542,48.397,2.9764,23,1,2.9805031
0.070542,49.15,2.9792,23,1,2.978697442
0.070542,49.916,2.9751,23,1,2.97689658
0.070542,50.694,2.9726,24,1,2.975103354
0.070542,51.483,2.9746,24,1,2.973320393
0.070542,52.285,2.9706,25,1,2.971543543
0.070542,53.1,2.9709,25,1,2.969773274
0.070542,53.927,2.9668,25,1,2.968012136
0.070542,54.767,2.9651,26,1,2.966258351
0.070542,55.62,2.9658,26,1,2.964512308
0.070542,56.487,2.9586,27,1,2.962772381
0.070542,57.367,2.9621,27,1,2.961040973
0.070542,58.26,2.9645,27,1,2.959318395
0.070542,59.168,2.9609,28,1,2.957601189
0.070542,60.09,2.9542,28,1,2.955891678
0.070542,61.026,2.9493,29,1,2.95419021
0.070542,61.976,2.9507,29,1,2.952497109
0.070542,62.942,2.9506,30,1,2.950809218
0.070542,63.922,2.9494,30,1,2.949130409
0.070542,64.918,2.9489,31,1,2.94745761
0.070542,65.929,2.948,31,1,2.945792882
0.070542,66.956,2.9448,32,1,2.94413493
0.070542,67.999,2.9431,32,1,2.942484131
0.070542,69.058,2.9406,33,1,2.940840839
0.070542,70.134,2.9429,33,1,2.939203875
0.070542,71.227,2.9341,34,1,2.937573632
0.070542,72.336,2.9367,34,1,2.935951926
0.070542,73.463,2.932,35,1,2.934336178
0.070542,74.608,2.9319,35,1,2.932726791
0.070542,75.77,2.9295,36,1,2.93112551
0.070542,76.95,2.9311,36,1,2.929531271
0.070542,78.149,2.9285,37,1,2.927943095
0.070542,79.366,2.9304,37,1,2.926362654
0.070542,80.603,2.9228,38,1,2.924787713
0.070542,81.858,2.9223,39,1,2.923221156
0.070542,83.133,2.9201,39,1,2.921660801
0.070542,84.428,2.9202,40,1,2.920107014
0.070542,85.744,2.9172,41,1,2.918558971
0.070542,87.079,2.9176,41,1,2.917019343
0.070542,88.436,2.9143,42,1,2.915484997
0.070542,89.813,2.9124,42,1,2.913958537
0.070542,91.212,2.9122,43,1,2.912438061
0.070542,92.633,2.9092,44,1,2.910923929
0.070542,94.076,2.9097,45,1,2.909416477
0.070542,95.542,2.9068,45,1,2.907915003
0.070542,97.03,2.9071,46,1,2.906420854
0.070542,98.542,2.9002,47,1,2.904932348
0.070542,100.077,2.9046,47,1,2.903450806
0.070542,101.636,2.9019,48,1,2.901975577
0.070542,103.219,2.9038,49,1,2.900506979
0.070542,104.827,2.8976,50,1,2.899044409
0.070542,106.46,2.8967,50,1,2.897588198
0.070542,108.118,2.8956,51,1,2.896138653
0.070542,109.802,2.8963,52,1,2.894695213
0.070542,111.513,2.8956,53,1,2.893257362
0.070542,113.25,2.8913,54,1,2.89182626
0.070542,115.014,2.8914,55,1,2.890401381
0.070542,116.806,2.8877,55,1,2.888982241
0.070542,118.625,2.8864,56,1,2.887569937
0.070542,120.473,2.8862,57,1,2.88616322
0.070542,122.35,2.8844,58,1,2.884762421
0.070542,124.256,2.8825,59,1,2.883367846
0.070542,126.191,2.8771,60,1,2.881979784
0.070542,128.157,2.8818,61,1,2.880597108
0.070542,130.154,2.8764,62,1,2.879220148
0.070542,132.181,2.8798,63,1,2.877849884
0.070542,134.24,2.8754,64,1,2.876485249
0.070542,136.331,2.8735,65,1,2.875126553
0.070542,138.455,2.8773,66,1,2.87377345
0.070542,140.612,2.8657,67,1,2.872426246
0.070542,142.802,2.8714,68,1,2.871085225
0.070542,145.027,2.8708,69,1,2.869749462
0.070542,147.286,2.8654,70,1,2.868419855
0.070542,149.58,2.8647,71,1,2.867096095
0.070542,151.91,2.8619,72,1,2.865777897
0.070542,154.277,2.8651,73,1,2.864465001
0.070542,156.68,2.8635,74,1,2.863158249
0.070542,159.121,2.8643,76,1,2.861856837
0.070542,161.6,2.8598,77,1,2.860561058
0.070542,164.117,2.8646,78,1,2.859271188
0.070542,166.674,2.8604,79,1,2.85798649
0.070542,169.27,2.8551,80,1,2.856707748
0.070542,171.907,2.8584,82,1,2.855434255
0.070542,174.585,2.8495,83,1,2.854166297
0.070542,177.304,2.8513,84,1,2.852904144
0.070542,180.066,2.8564,86,1,2.851647142
0.070542,182.871,2.8524,87,1,2.850395579
0.070542,185.72,2.8499,88,1,2.849149287
0.070542,188.613,2.8454,90,1,2.847908539
0.070542,191.551,2.8437,91,1,2.846673173
0.070542,194.535,2.8452,93,1,2.845443045
0.070542,197.566,2.8451,94,1,2.844218021
0.070542,200.643,2.8434,96,1,2.842998767
0.070542,203.769,2.8407,97,1,2.841784361
0.070542,206.943,2.838,99,1,2.840575463
0.070542,210.167,2.84,100,1,2.839371577
0.070542,213.441,2.8368,102,1,2.83817297
0.070542,216.766,2.8385,103,1,2.836979539
0.070542,220.142,2.8366,105,1,2.835791537
0.070542,223.572,2.8304,106,1,2.834608178
0.070542,227.054,2.8341,108,1,2.833430411
0.070542,230.591,2.8318,110,1,2.832257474
0.070542,234.183,2.8315,112,1,2.831089633
0.070542,237.831,2.8282,113,1,2.829926818
0.070542,241.536,2.8307,115,1,2.82876897
0.070542,245.299,2.8246,117,1,2.827616034
0.070542,249.12,2.8255,119,1,2.826468262
0.070542,253.001,2.8269,121,1,2.825325305
0.070542,256.942,2.8236,122,1,2.824187414
0.070542,260.944,2.8253,124,1,2.823054544
0.070542,265.009,2.8214,126,1,2.82192638
0.070542,269.138,2.8197,128,1,2.820802905
0.070542,273.33,2.8176,130,1,2.819684633
0.070542,277.588,2.8216,132,1,2.818571004
0.070542,281.912,2.8165,134,1,2.817462267
0.070542,286.304,2.8189,136,1,2.816358156
0.070542,290.764,2.8153,139,1,2.815258916
0.070542,295.293,2.8127,141,1,2.814164534
0.070542,299.893,2.8164,143,1,2.81307477
0.162405,0.134,4.5229,0,1,4.523354577
0.162405,0.136,4.5164,0,1,4.514347041
0.162405,0.138,4.5062,0,1,4.505507466
0.162405,0.14,4.4988,0,1,4.496830354
0.162405,0.143,4.4923,0,1,4.4841079
0.162405,0.145,4.484,0,1,4.475814525
0.162405,0.147,4.4782,0,1,4.46766628
0.162405,0.149,4.4632,0,1,4.459658702
0.162405,0.152,4.4514,0,1,4.447901799
0.162405,0.154,4.4474,0,1,4.440227614
0.162405,0.156,4.4384,0,1,4.432679938
0.162405,0.159,4.4292,0,1,4.421587651
0.162405,0.161,4.4206,0,1,4.414340533
0.162405,0.164,4.4095,0,1,4.403683202
0.162405,0.166,4.4024,0,1,4.396715965
0.162405,0.169,4.3933,0,1,4.386464113
0.162405,0.172,4.3852,0,1,4.376442574
0.162405,0.174,4.3765,0,1,4.369885006
0.162405,0.177,4.3742,0,1,4.360227443
0.162405,0.18,4.3634,0,1,4.350777141
0.162405,0.183,4.3476,0,1,4.341526306
0.162405,0.185,4.3445,0,1,4.335466238
0.162405,0.188,4.3334,0,1,4.326531645
0.162405,0.191,4.3259,0,1,4.31777769
0.162405,0.194,4.3159,0,1,4.309197968
0.162405,0.197,4.3091,0,1,4.300786397
0.162405,0.2,4.3032,0,1,4.292537195
0.162405,0.203,4.2922,0,1,4.284444862
0.162405,0.207,4.2829,0,1,4.273890088
0.162405,0.21,4.2773,0,1,4.266143845
0.162405,0.213,4.2638,0,1,4.258537955
0.162405,0.216,4.2586,0,1,4.251067951
0.162405,0.22,4.2514,0,1,4.24131198
0.162405,0.223,4.2414,0,1,4.234142785
0.162405,0.227,4.2356,0,1,4.224773601
0.162405,0.23,4.2222,0,1,4.217884293
0.162405,0.234,4.2138,0,1,4.208875401
0.162405,0.237,4.2039,0,1,4.202247095
0.162405,0.241,4.1991,0,1,4.193574533
0.162405,0.245,4.1906,0,1,4.185084272
0.162405,0.249,4.1827,0,1,4.176769595
0.162405,0.253,4.1689,0,1,4.168624137
0.162405,0.256,4.1651,0,1,4.162622448
0.162405,0.26,4.1532,0,1,4.154758776
0.162405,0.265,4.1431,0,1,4.145144191
0.162405,0.269,4.1384,0,1,4.137618174
0.162405,0.273,4.131,0,1,4.130234044
0.162405,0.277,4.1242,0,1,4.122987104
0.162405,0.281,4.1194,0,1,4.11587288
0.162405,0.286,4.1098,0,1,4.107160246
0.162405,0.29,4.1022,0,1,4.10032932
0.162405,0.295,4.0959,0,1,4.091958329
0.162405,0.299,4.0897,0,1,4.085391212
0.162405,0.304,4.0836,0,1,4.077338708
0.162405,0.309,4.0731,0,1,4.069453954
0.162405,0.314,4.0669,0,1,4.061730827
0.162405,0.318,4.06,0,1,4.055664781
0.162405,0.323,4.0551,0,1,4.04821814
0.162405,0.328,4.0439,0,1,4.040917592
0.162405,0.334,4.0381,0,1,4.032342715
0.162405,0.339,4.0323,0,1,4.025346216
0.162405,0.344,4.0248,0,1,4.01848056
0.162405,0.349,4.019,0,1,4.011741452
0.162405,0.355,4.0113,0,1,4.003815812
0.162405,0.36,4.0074,0,1,3.997340954
0.162405,0.366,3.9972,0,1,3.989721406
0.162405,0.372,3.9901,0,1,3.982260074
0.162405,0.377,3.9834,0,1,3.976158994
0.162405,0.383,3.9747,0,1,3.968972983
0.162405,0.389,3.9709,0,1,3.961929629
0.162405,0.395,3.9635,0,1,3.955023963
0.162405,0.402,3.9547,0,1,3.947135089
0.162405,0.408,3.9503,0,1,3.940511853
0.162405,0.414,3.9385,0,1,3.934012119
0.162405,0.421,3.9304,0,1,3.926579805
0.162405,0.427,3.9283,0,1,3.920334038
0.162405,0.434,3.9175,0,1,3.913187768
0.162405,0.441,3.9133,0,1,3.906187518
0.162405,0.447,3.9069,0,1,3.900299551
0.162405,0.454,3.9028,0,1,3.893556804
0.162405,0.461,3.8929,0,1,3.88694582
0.162405,0.469,3.8855,0,1,3.879545969
0.162405,0.476,3.8773,0,1,3.873202406
0.162405,0.483,3.8701,0,1,3.86697713
0.162405,0.491,3.8652,0,1,3.86000241
0.162405,0.499,3.8562,0,1,3.853171642
0.162405,0.506,3.8506,0,1,3.847308703
0.162405,0.514,3.8425,0,1,3.840734015
0.162405,0.522,3.8362,0,1,3.834289008
0.162405,0.53,3.8291,0,1,3.827969197
0.162405,0.539,3.8204,0,1,3.821003751
0.162405,0.547,3.8154,0,1,3.814936067
0.162405,0.556,3.8095,0,1,3.808244243
0.162405,0.564,3.8005,0,1,3.802411309
0.162405,0.573,3.7967,0,1,3.795974532
0.162405,0.582,3.7936,0,1,3.789665868
0.162405,0.591,3.7888,0,1,3.783480845
0.162405,0.6,3.7798,0,1,3.777415212
0.162405,0.61,3.7763,0,1,3.770810732
0.162405,0.619,3.766,0,1,3.764984099
0.162405,0.629,3.7636,0,1,3.758635908
0.162405,0.638,3.758,0,1,3.753032
0.162405,0.648,3.7497,0,1,3.746922903
0.162405,0.659,3.7444,0,1,3.740340743
0.162405,0.669,3.7389,0,1,3.734477838
0.162405,0.679,3.7356,0,1,3.728726039
0.162405,0.69,3.7278,0,1,3.72252298
0.162405,0.701,3.7225,0,1,3.716445214
0.162405,0.711,3.7183,0,1,3.711024958
0.162405,0.723,3.7106,0,1,3.704648029
0.162405,0.734,3.7035,0,1,3.698920388
0.162405,0.745,3.7001,0,1,3.693301567
0.162405,0.757,3.694,0,1,3.687291793
0.162405,0.769,3.6913,0,1,3.68140273
0.162405,0.781,3.6856,0,1,3.675630124
0.162405,0.793,3.6775,0,1,3.669969936
0.162405,0.805,3.6715,0,1,3.664418325
0.162405,0.818,3.6622,0,1,3.658522369
0.162405,0.83,3.6587,0,1,3.65318542
0.162405,0.843,3.6537,0,1,3.647514051
0.162405,0.856,3.6498,0,1,3.641953529
0.162405,0.87,3.6419,0,1,3.636084882
0.162405,0.883,3.6351,0,1,3.630742644
0.162405,0.897,3.6292,0,1,3.6251009
0.162405,0.911,3.6239,0,1,3.619570744
0.162405,0.925,3.6217,0,1,3.614148303
0.162405,0.94,3.6144,0,1,3.608453898
0.162405,0.954,3.6069,0,1,3.603243074
0.162405,0.969,3.5984,0,1,3.597767564
0.162405,0.984,3.595,0,1,3.592399475
0.162405,1,3.5927,0,1,3.586787755
0.162405,1.015,3.5851,0,1,3.581630159
0.162405,1.031,3.5811,0,1,3.576235165
0.162405,1.047,3.5709,0,1,3.570946278
0.162405,1.063,3.568,0,1,3.565759837
0.162405,1.08,3.5594,0,1,3.560357601
0.162405,1.097,3.5565,0,1,3.555063118
0.162405,1.114,3.55,0,1,3.549872618
0.162405,1.131,3.5478,0,1,3.544782518
0.162405,1.149,3.5396,0,1,3.539498649
0.162405,1.167,3.5357,0,1,3.534319675
0.162405,1.185,3.5349,0,1,3.529241944
0.162405,1.203,3.5273,0,1,3.524261982
0.162405,1.222,3.5249,0,1,3.519107776
0.162405,1.241,3.518,0,1,3.51405513
0.162405,1.26,3.5143,0,1,3.509100536
0.162405,1.28,3.5092,0,1,3.503987431
0.162405,1.3,3.5041,0,1,3.498975571
0.162405,1.32,3.5006,0,1,3.494061437
0.162405,1.341,3.4921,0,1,3.489003118
0.162405,1.362,3.4906,0,1,3.48404518
0.162405,1.383,3.4845,0,1,3.479184128
0.162405,1.404,3.4797,0,1,3.47441664
0.162405,1.426,3.4765,0,1,3.469519041
0.162405,1.449,3.4715,0,1,3.464501162
0.162405,1.471,3.4676,0,1,3.459795934
0.162405,1.494,3.4589,0,1,3.454972172
0.162405,1.517,3.4579,0,1,3.450242532
0.162405,1.541,3.4487,0,1,3.445404121
0.162405,1.565,3.4475,0,1,3.440661206
0.162405,1.589,3.4396,0,1,3.43601048
0.162405,1.614,3.4385,0,1,3.431260619
0.162405,1.639,3.4255,0,1,3.426604
0.162405,1.665,3.4274,0,1,3.421856578
0.162405,1.691,3.4216,0,1,3.417203103
0.162405,1.717,3.4233,0,1,3.412640314
0.162405,1.744,3.4119,0,1,3.407994694
0.162405,1.771,3.4051,0,1,3.403440226
0.162405,1.799,3.4063,0,1,3.398809997
0.162405,1.827,3.3981,0,1,3.394271097
0.162405,1.855,3.3947,0,1,3.389820366
0.162405,1.884,3.3858,0,1,3.385300424
0.162405,1.913,3.3852,0,1,3.380868663
0.162405,1.943,3.3793,0,1,3.376373666
0.162405,1.973,3.3743,0,1,3.371966629
0.162405,2.004,3.3681,0,1,3.367501893
0.162405,2.035,3.3685,0,1,3.363124688
0.162405,2.067,3.3576,0,1,3.358694905
0.162405,2.099,3.357,1,1,3.354352037
0.162405,2.132,3.3518,1,1,3.34996132
0.162405,2.165,3.3515,1,1,3.345656735
0.162405,2.199,3.341,1,1,3.341308664
0.162405,2.233,3.3401,1,1,3.337045796
0.162405,2.268,3.3347,1,1,3.332743461
0.162405,2.303,3.3311,1,1,3.328525274
0.162405,2.339,3.3286,1,1,3.324271315
0.162405,2.375,3.3214,1,1,3.32010034
0.162405,2.412,3.3169,1,1,3.315896992
0.162405,2.45,3.3135,1,1,3.311665082
0.162405,2.488,3.3069,1,1,3.307516357
0.162405,2.527,3.3061,1,1,3.303341945
0.162405,2.566,3.3014,1,1,3.299249186
0.162405,2.606,3.2981,1,1,3.295133369
0.162405,2.647,3.2922,1,1,3.290997732
0.162405,2.688,3.2905,1,1,3.286943279
0.162405,2.73,3.2876,1,1,3.282871193
0.162405,2.773,3.2859,1,1,3.278784391
0.162405,2.816,3.2763,1,1,3.274777904
0.162405,2.86,3.2777,1,1,3.270758494
0.162405,2.904,3.2718,1,1,3.266817458
0.162405,2.949,3.2655,1,1,3.262865126
0.162405,2.995,3.2633,1,1,3.258903958
0.162405,3.042,3.2602,1,1,3.254936301
0.162405,3.089,3.257,1,1,3.251046338
0.162405,3.138,3.2536,1,1,3.247070685
0.162405,3.186,3.2478,1,1,3.243252467
0.162405,3.236,3.2446,1,1,3.239352664
0.162405,3.286,3.244,1,1,3.23552923
0.162405,3.338,3.2351,1,1,3.231631051
0.162405,3.39,3.2324,1,1,3.22780983
0.162405,3.442,3.2294,1,1,3.224062901
0.162405,3.496,3.2231,1,1,3.220247778
0.162405,3.551,3.2223,1,1,3.216438762
0.162405,3.606,3.2157,1,1,3.212704516
0.162405,3.662,3.2124,1,1,3.208976534
0.162405,3.719,3.2048,1,1,3.205256172
0.162405,3.777,3.1973,1,1,3.201544712
0.162405,3.836,3.2017,1,1,3.197843363
0.162405,3.896,3.1954,1,1,3.194153264
0.162405,3.956,3.1934,1,1,3.190535192
0.162405,4.018,3.1889,1,1,3.186869566
0.162405,4.08,3.1812,1,1,3.183275628
0.162405,4.144,3.1834,1,1,3.179638343
0.162405,4.209,3.1754,2,1,3.176017085
0.162405,4.274,3.1708,2,1,3.172466704
0.162405,4.341,3.1681,2,1,3.168878689
0.162405,4.408,3.1647,2,1,3.165360862
0.162405,4.477,3.162,2,1,3.161808842
0.162405,4.547,3.1602,2,1,3.158276232
0.162405,4.618,3.1537,2,1,3.154763556
0.162405,4.69,3.1505,2,1,3.151271298
0.162405,4.763,3.1452,2,1,3.147799898
0.162405,4.837,3.1467,2,1,3.144349763
0.162405,4.912,3.1406,2,1,3.140921258
0.162405,4.989,3.1375,2,1,3.137470337
0.162405,5.066,3.1363,2,1,3.134086919
0.162405,5.145,3.1307,2,1,3.130683349
0.162405,5.225,3.1282,2,1,3.127304188
0.162405,5.307,3.1226,2,1,3.123908586
0.162405,5.389,3.1179,2,1,3.12057948
0.162405,5.473,3.1169,2,1,3.117235736
0.162405,5.559,3.1134,2,1,3.113879749
0.162405,5.645,3.1088,2,1,3.110589562
0.162405,5.733,3.1084,2,1,3.107288612
0.162405,5.823,3.104,2,1,3.103979049
0.162405,5.913,3.1004,2,1,3.100734317
0.162405,6.005,3.1011,2,1,3.097482167
0.162405,6.099,3.0971,2,1,3.094224528
0.162405,6.194,3.0879,2,1,3.090996879
0.162405,6.29,3.0867,3,1,3.087798986
0.162405,6.388,3.0858,3,1,3.084598267
0.162405,6.488,3.0858,3,1,3.081396367
0.162405,6.589,3.0773,3,1,3.078225931
0.162405,6.692,3.0747,3,1,3.075056139
0.162405,6.796,3.0718,3,1,3.071918304
0.162405,6.902,3.0676,3,1,3.068782743
0.162405,7.009,3.0686,3,1,3.065679497
0.162405,7.118,3.0639,3,1,3.062579975
0.162405,7.229,3.0611,3,1,3.059485395
0.162405,7.342,3.0569,3,1,3.056396907
0.162405,7.456,3.0551,3,1,3.05334213
0.162405,7.572,3.0497,3,1,3.050294516
0.162405,7.69,3.0503,3,1,3.047255062
0.162405,7.81,3.0427,3,1,3.044224705
0.162405,7.932,3.0402,3,1,3.041204329
0.162405,8.055,3.0353,3,1,3.038218795
0.162405,8.181,3.0354,3,1,3.035220344
0.162405,8.308,3.0321,3,1,3.03225732
0.162405,8.438,3.0298,4,1,3.029283748
0.162405,8.569,3.0258,4,1,3.026346033
0.162405,8.703,3.0255,4,1,3.023399922
0.162405,8.838,3.0189,4,1,3.020489957
0.162405,8.976,3.014,4,1,3.017573545
0.162405,9.116,3.0171,4,1,3.014672927
0.162405,9.258,3.0139,4,1,3.01178854
0.162405,9.402,3.0089,4,1,3.008920782
0.162405,9.548,3.0065,4,1,3.006070022
0.162405,9.697,3.0016,4,1,3.003217639
0.162405,9.848,2.9992,4,1,3.000383634
0.162405,10.002,2.9972,4,1,2.99755004
0.162405,10.157,2.9943,4,1,2.994753879
0.162405,10.316,2.9925,4,1,2.99194174
0.162405,10.476,2.9874,5,1,2.989167365
0.162405,10.64,2.9844,5,1,2.986379354
0.162405,10.805,2.9866,5,1,2.983629303
0.162405,10.974,2.9792,5,1,2.980867751
0.162405,11.145,2.9768,5,1,2.978128371
0.162405,11.318,2.9759,5,1,2.975411157
0.162405,11.495,2.9724,5,1,2.972685586
0.162405,11.674,2.9722,5,1,2.969983308
0.162405,11.855,2.97,5,1,2.967304231
0.162405,12.04,2.9648,5,1,2.964619513
0.162405,12.228,2.9611,5,1,2.961944812
0.162405,12.418,2.9579,5,1,2.959294606
0.162405,12.612,2.9554,6,1,2.956641624
0.162405,12.808,2.9542,6,1,2.95401381
0.162405,13.008,2.9527,6,1,2.951384897
0.162405,13.21,2.9508,6,1,2.94878169
0.162405,13.416,2.9485,6,1,2.946178887
0.162405,13.625,2.9418,6,1,2.943589937
0.162405,13.837,2.9451,6,1,2.941015241
0.162405,14.053,2.9371,6,1,2.938443377
0.162405,14.272,2.939,6,1,2.935886938
0.162405,14.494,2.9332,6,1,2.933346216
0.162405,14.72,2.9306,7,1,2.930810372
0.162405,14.949,2.9256,7,1,2.928291193
0.162405,15.182,2.9254,7,1,2.925778202
0.162405,15.418,2.9249,7,1,2.923282679
0.162405,15.659,2.9192,7,1,2.920784239
0.162405,15.903,2.9169,7,1,2.91830434
0.162405,16.15,2.9155,7,1,2.915843063
0.162405,16.402,2.9152,7,1,2.913381123
0.162405,16.657,2.9106,7,1,2.910938669
0.162405,16.917,2.908,8,1,2.908497109
0.162405,17.18,2.9079,8,1,2.906075758
0.162405,17.448,2.9052,8,1,2.903656694
0.162405,17.72,2.9014,8,1,2.901249671
0.162405,17.996,2.9002,8,1,2.89885511
0.162405,18.276,2.8965,8,1,2.896473401
0.162405,18.561,2.8948,8,1,2.894096649
0.162405,18.85,2.8873,9,1,2.891733765
0.162405,19.144,2.8937,9,1,2.889377107
0.162405,19.442,2.8862,9,1,2.88703519
0.162405,19.745,2.8857,9,1,2.884700619
0.162405,20.052,2.8813,9,1,2.882381533
0.162405,20.365,2.8836,9,1,2.880063444
0.162405,20.682,2.8786,9,1,2.87776175
0.162405,21.004,2.8754,10,1,2.875469522
0.162405,21.331,2.8692,10,1,2.873187276
0.162405,21.664,2.8707,10,1,2.870908716
0.162405,22.001,2.87,10,1,2.868647975
0.162405,22.344,2.8695,10,1,2.866392045
0.162405,22.692,2.8604,10,1,2.864148079
0.162405,23.045,2.8649,11,1,2.861916428
0.162405,23.404,2.8604,11,1,2.859691275
0.162405,23.769,2.8579,11,1,2.857473277
0.162405,24.139,2.8527,11,1,2.855268949
0.162405,24.515,2.8539,11,1,2.85307274
0.162405,24.897,2.8509,11,1,2.850885198
0.162405,25.285,2.8518,12,1,2.848706839
0.162405,25.679,2.8478,12,1,2.846538141
0.162405,26.079,2.8476,12,1,2.844379554
0.162405,26.485,2.8439,12,1,2.842231493
0.162405,26.898,2.8347,12,1,2.84008921
0.162405,27.317,2.8387,13,1,2.837958402
0.162405,27.742,2.8376,13,1,2.835839393
0.162405,28.174,2.8361,13,1,2.833727643
0.162405,28.613,2.8317,13,1,2.831623711
0.162405,29.059,2.8275,13,1,2.829528121
0.162405,29.512,2.8275,14,1,2.827441364
0.162405,29.971,2.8269,14,1,2.82536837
0.162405,30.438,2.8257,14,1,2.823300536
0.162405,30.912,2.822,14,1,2.821242819
0.162405,31.394,2.8188,15,1,2.819191376
0.162405,31.883,2.819,15,1,2.817150927
0.162405,32.38,2.8177,15,1,2.815117734
0.162405,32.884,2.81,15,1,2.813096292
0.162405,33.396,2.8118,15,1,2.811082965
0.162405,33.917,2.8084,16,1,2.8090744
0.162405,34.445,2.8068,16,1,2.80707874
0.162405,34.982,2.8031,16,1,2.805088825
0.162405,35.526,2.8039,16,1,2.803112443
0.162405,36.08,2.7996,17,1,2.801139146
0.162405,36.642,2.7983,17,1,2.799176586
0.162405,37.213,2.7962,17,1,2.797221663
0.162405,37.792,2.7962,18,1,2.795278168
0.162405,38.381,2.7933,18,1,2.793339822
0.162405,38.979,2.7899,18,1,2.791410422
0.162405,39.586,2.7897,18,1,2.789490346
0.162405,40.203,2.7879,19,1,2.787576875
0.162405,40.829,2.7856,19,1,2.785673526
0.162405,41.465,2.7823,19,1,2.783777644
0.162405,42.111,2.7823,20,1,2.781889677
0.162405,42.767,2.7793,20,1,2.780010044
0.162405,43.433,2.7787,20,1,2.778139134
0.162405,44.11,2.7759,21,1,2.776274585
0.162405,44.797,2.7766,21,1,2.774419566
0.162405,45.495,2.7742,21,1,2.772571767
0.162405,46.204,2.7716,22,1,2.770731628
0.162405,46.923,2.7696,22,1,2.768902079
0.162405,47.654,2.767,22,1,2.767078416
0.162405,48.397,2.7678,23,1,2.765261144
0.162405,49.15,2.7627,23,1,2.763455485
0.162405,49.916,2.759,23,1,2.761654623
0.162405,50.694,2.7584,24,1,2.759861397
0.162405,51.483,2.7577,24,1,2.758078436
0.162405,52.285,2.7548,25,1,2.756301586
0.162405,53.1,2.7533,25,1,2.754531317
0.162405,53.927,2.7563,25,1,2.752770179
0.162405,54.767,2.7524,26,1,2.751016395
0.162405,55.62,2.7516,26,1,2.749270351
0.162405,56.487,2.7516,27,1,2.747530424
0.162405,57.367,2.7448,27,1,2.745799016
0.162405,58.26,2.7432,27,1,2.744076438
0.162405,59.168,2.7402,28,1,2.742359232
0.162405,60.09,2.7449,28,1,2.740649721
0.162405,61.026,2.7382,29,1,2.738948253
0.162405,61.976,2.7389,29,1,2.737255152
0.162405,62.942,2.7371,30,1,2.735567261
0.162405,63.922,2.7333,30,1,2.733888452
0.162405,64.918,2.735,31,1,2.732215654
0.162405,65.929,2.7291,31,1,2.730550925
0.162405,66.956,2.7292,32,1,2.728892973
0.162405,67.999,2.7269,32,1,2.727242174
0.162405,69.058,2.7259,33,1,2.725598882
0.162405,70.134,2.724,33,1,2.723961918
0.162405,71.227,2.7223,34,1,2.722331675
0.162405,72.336,2.723,34,1,2.720709969
0.162405,73.463,2.7206,35,1,2.719094221
0.162405,74.608,2.7159,35,1,2.717484834
0.162405,75.77,2.7171,36,1,2.715883553
0.162405,76.95,2.7123,36,1,2.714289315
0.162405,78.149,2.7149,37,1,2.712701139
0.162405,79.366,2.7117,37,1,2.711120697
0.162405,80.603,2.712,38,1,2.709545756
0.162405,81.858,2.7082,39,1,2.707979199
0.162405,83.133,2.7076,39,1,2.706418844
0.162405,84.428,2.7053,40,1,2.704865057
0.162405,85.744,2.7021,41,1,2.703317014
0.162405,87.079,2.7018,41,1,2.701777386
0.162405,88.436,2.7026,42,1,2.70024304
0.162405,89.813,2.6991,42,1,2.69871658
0.162405,91.212,2.6987,43,1,2.697196104
0.162405,92.633,2.695,44,1,2.695681972
0.162405,94.076,2.6936,45,1,2.69417452
0.162405,95.542,2.6946,45,1,2.692673046
0.162405,97.03,2.6937,46,1,2.691178897
0.162405,98.542,2.6881,47,1,2.689690391
0.162405,100.077,2.6886,47,1,2.68820885
0.162405,101.636,2.6919,48,1,2.68673362
0.162405,103.219,2.6854,49,1,2.685265022
0.162405,104.827,2.6833,50,1,2.683802452
0.162405,106.46,2.6806,50,1,2.682346241
0.162405,108.118,2.6826,51,1,2.680896696
0.162405,109.802,2.6766,52,1,2.679453256
0.162405,111.513,2.6785,53,1,2.678015405
0.162405,113.25,2.6775,54,1,2.676584303
0.162405,115.014,2.6735,55,1,2.675159424
0.162405,116.806,2.6769,55,1,2.673740284
0.162405,118.625,2.6728,56,1,2.67232798
0.162405,120.473,2.6701,57,1,2.670921263
0.162405,122.35,2.6723,58,1,2.669520464
0.162405,124.256,2.6697,59,1,2.668125889
0.162405,126.191,2.6661,60,1,2.666737827
0.162405,128.157,2.665,61,1,2.665355151
0.162405,130.154,2.6631,62,1,2.663978191
0.162405,132.181,2.6649,63,1,2.662607927
0.162405,134.24,2.6644,64,1,2.661243292
0.162405,136.331,2.6569,65,1,2.659884596
0.162405,138.455,2.6621,66,1,2.658531493
0.162405,140.612,2.6568,67,1,2.657184289
0.162405,142.802,2.6596,68,1,2.655843268
0.162405,145.027,2.6532,69,1,2.654507505
0.162405,147.286,2.651,70,1,2.653177898
0.162405,149.58,2.6535,71,1,2.651854138
0.162405,151.91,2.6483,72,1,2.65053594
0.162405,154.277,2.648,73,1,2.649223044
0.162405,156.68,2.6499,74,1,2.647916292
0.162405,159.121,2.6475,76,1,2.64661488
0.162405,161.6,2.6429,77,1,2.645319101
0.162405,164.117,2.6434,78,1,2.644029232
0.162405,166.674,2.6439,79,1,2.642744534
0.162405,169.27,2.6386,80,1,2.641465792
0.162405,171.907,2.6407,82,1,2.640192298
0.162405,174.585,2.6361,83,1,2.63892434
0.162405,177.304,2.636,84,1,2.637662187
0.162405,180.066,2.6357,86,1,2.636405186
0.162405,182.871,2.6386,87,1,2.635153622
0.162405,185.72,2.6361,88,1,2.63390733
0.162405,188.613,2.6349,90,1,2.632666582
0.162405,191.551,2.6326,91,1,2.631431216
0.162405,194.535,2.6293,93,1,2.630201088
0.162405,197.566,2.6305,94,1,2.628976064
0.162405,200.643,2.6303,96,1,2.62775681
0.162405,203.769,2.6269,97,1,2.626542404
0.162405,206.943,2.6253,99,1,2.625333506
0.162405,210.167,2.6213,100,1,2.62412962
0.162405,213.441,2.6274,102,1,2.622931013
0.162405,216.766,2.6237,103,1,2.621737582
0.162405,220.142,2.6215,105,1,2.62054958
0.162405,223.572,2.6208,106,1,2.619366221
0.162405,227.054,2.6163,108,1,2.618188454
0.162405,230.591,2.6168,110,1,2.617015517
0.162405,234.183,2.6172,112,1,2.615847676
0.162405,237.831,2.6136,113,1,2.614684861
0.162405,241.536,2.6134,115,1,2.613527013
0.162405,245.299,2.6148,117,1,2.612374077
0.162405,249.12,2.6091,119,1,2.611226306
0.162405,253.001,2.613,121,1,2.610083348
0.162405,256.942,2.61,122,1,2.608945457
0.162405,260.944,2.6062,124,1,2.607812587
0.162405,265.009,2.6047,126,1,2.606684423
0.162405,269.138,2.6026,128,1,2.605560948
0.162405,273.33,2.6048,130,1,2.604442676
0.162405,277.588,2.6052,132,1,2.603329047
0.162405,281.912,2.6051,134,1,2.60222031
0.162405,286.304,2.6023,136,1,2.601116199
0.162405,290.764,2.6019,139,1,2.600016959
0.162405,295.293,2.5981,141,1,2.598922577
0.162405,299.893,2.5959,143,1,2.597832813
0.409009,0.134,4.3484,0,1,4.346382266
0.409009,0.136,4.3406,0,1,4.33737473
0.409009,0.138,4.3315,0,1,4.328535155
0.409009,0.14,4.3194,0,1,4.319858043
0.409009,0.143,4.3119,0,1,4.307135588
0.409009,0.145,4.2972,0,1,4.298842214
0.409009,0.147,4.2996,0,1,4.290693969
0.409009,0.149,4.2861,0,1,4.282686391
0.409009,0.152,4.275,0,1,4.270929488
0.409009,0.154,4.2715,0,1,4.263255302
0.409009,0.156,4.2574,0,1,4.255707627
0.409009,0.159,4.2531,0,1,4.24461534
0.409009,0.161,4.243,0,1,4.237368222
0.409009,0.164,4.2386,0,1,4.226710891
0.409009,0.166,4.2285,0,1,4.219743654
0.409009,0.169,4.2185,0,1,4.209491802
0.409009,0.172,4.2089,0,1,4.199470263
0.409009,0.174,4.2016,0,1,4.192912694
0.409009,0.177,4.1916,0,1,4.183255132
0.409009,0.18,4.1857,0,1,4.173804829
0.409009,0.183,4.1755,0,1,4.164553995
0.409009,0.185,4.1673,0,1,4.158493927
0.409009,0.188,4.1605,0,1,4.149559334
0.409009,0.191,4.1473,0,1,4.140805378
0.409009,0.194,4.1391,0,1,4.132225657
0.409009,0.197,4.1308,0,1,4.123814086
0.409009,0.2,4.1266,0,1,4.115564884
0.409009,0.203,4.1149,0,1,4.107472551
0.409009,0.207,4.1061,0,1,4.096917777
0.409009,0.21,4.1003,0,1,4.089171534
0.409009,0.213,4.0945,0,1,4.081565644
0.409009,0.216,4.0806,0,1,4.07409564
0.409009,0.22,4.0713,0,1,4.064339669
0.409009,0.223,4.0609,0,1,4.057170473
0.409009,0.227,4.055,0,1,4.047801289
0.409009,0.23,4.0472,0,1,4.040911982
0.409009,0.234,4.0375,0,1,4.03190309
0.409009,0.237,4.0282,0,1,4.025274784
0.409009,0.241,4.0192,0,1,4.016602222
0.409009,0.245,4.0147,0,1,4.008111961
0.409009,0.249,4.0021,0,1,3.999797284
0.409009,0.253,3.9964,0,1,3.991651826
0.409009,0.256,3.9882,0,1,3.985650137
0.409009,0.26,3.9787,0,1,3.977786465
0.409009,0.265,3.9694,0,1,3.96817188
0.409009,0.269,3.9625,0,1,3.960645863
0.409009,0.273,3.9498,0,1,3.953261733
0.409009,0.277,3.9469,0,1,3.946014793
0.409009,0.281,3.9421,0,1,3.938900569
0.409009,0.286,3.932,0,1,3.930187935
0.409009,0.29,3.9238,0,1,3.923357009
0.409009,0.295,3.9185,0,1,3.914986017
0.409009,0.299,3.9108,0,1,3.908418901
0.409009,0.304,3.9049,0,1,3.900366397
0.409009,0.309,3.8985,0,1,3.892481643
0.409009,0.314,3.8904,0,1,3.884758515
0.409009,0.318,3.8814,0,1,3.87869247
0.409009,0.323,3.8811,0,1,3.871245829
0.409009,0.328,3.8688,0,1,3.863945281
0.409009,0.334,3.8592,0,1,3.855370404
0.409009,0.339,3.8575,0,1,3.848373905
0.409009,0.344,3.8511,0,1,3.841508249
0.409009,0.349,3.8446,0,1,3.834769141
0.409009,0.355,3.8349,0,1,3.826843501
0.409009,0.36,3.8261,0,1,3.820368643
0.409009,0.366,3.8197,0,1,3.812749095
0.409009,0.372,3.8146,0,1,3.805287763
0.409009,0.377,3.8043,0,1,3.799186682
0.409009,0.383,3.7975,0,1,3.792000672
0.409009,0.389,3.7892,0,1,3.784957317
0.409009,0.395,3.7828,0,1,3.778051652
0.409009,0.402,3.7791,0,1,3.770162777
0.409009,0.408,3.7727,0,1,3.763539541
0.409009,0.414,3.7661,0,1,3.757039808
0.409009,0.421,3.7582,0,1,3.749607494
0.409009,0.427,3.754,0,1,3.743361727
0.409009,0.434,3.7415,0,1,3.736215457
0.409009,0.441,3.7361,0,1,3.729215207
0.409009,0.447,3.728,0,1,3.72332724
0.409009,0.454,3.7221,0,1,3.716584493
0.409009,0.461,3.714,0,1,3.709973509
0.409009,0.469,3.7072,0,1,3.702573658
0.409009,0.476,3.7015,0,1,3.696230095
0.409009,0.483,3.6933,0,1,3.690004819
0.409009,0.491,3.6893,0,1,3.683030099
0.409009,0.499,3.6812,0,1,3.676199331
0.409009,0.506,3.6699,0,1,3.670336392
0.409009,0.514,3.6642,0,1,3.663761703
0.409009,0.522,3.6597,0,1,3.657316697
0.409009,0.53,3.6506,0,1,3.650996886
0.409009,0.539,3.6456,0,1,3.64403144
0.409009,0.547,3.6354,0,1,3.637963756
0.409009,0.556,3.6348,0,1,3.631271932
0.409009,0.564,3.6259,0,1,3.625438998
0.409009,0.573,3.621,0,1,3.61900222
0.409009,0.582,3.613,0,1,3.612693557
0.409009,0.591,3.6119,0,1,3.606508534
0.409009,0.6,3.6002,0,1,3.600442901
0.409009,0.61,3.5956,0,1,3.593838421
0.409009,0.619,3.5901,0,1,3.588011788
0.409009,0.629,3.5857,0,1,3.581663597
0.409009,0.638,3.5809,0,1,3.576059689
0.409009,0.648,3.5726,0,1,3.569950592
0.409009,0.659,3.5653,0,1,3.563368432
0.409009,0.669,3.5629,0,1,3.557505527
0.409009,0.679,3.5579,0,1,3.551753728
0.409009,0.69,3.5515,0,1,3.545550669
0.409009,0.701,3.5465,0,1,3.539472903
0.409009,0.711,3.5364,0,1,3.534052646
0.409009,0.723,3.5362,0,1,3.527675718
0.409009,0.734,3.5284,0,1,3.521948077
0.409009,0.745,3.5227,0,1,3.516329256
0.409009,0.757,3.5179,0,1,3.510319482
0.409009,0.769,3.5129,0,1,3.504430419
0.409009,0.781,3.5036,0,1,3.498657813
0.409009,0.793,3.4981,0,1,3.492997625
0.409009,0.805,3.4931,0,1,3.487446014
0.409009,0.818,3.4853,0,1,3.481550058
0.409009,0.83,3.483,0,1,3.476213109
0.409009,0.843,3.4737,0,1,3.47054174
0.409009,0.856,3.4708,0,1,3.464981218
0.409009,0.87,3.4661,0,1,3.459112571
0.409009,0.883,3.4596,0,1,3.453770333
0.409009,0.897,3.4512,0,1,3.448128589
0.409009,0.911,3.4454,0,1,3.442598433
0.409009,0.925,3.4408,0,1,3.437175992
0.409009,0.94,3.4369,0,1,3.431481587
0.409009,0.954,3.4274,0,1,3.426270763
0.409009,0.969,3.4226,0,1,3.420795253
0.409009,0.984,3.4181,0,1,3.415427164
0.409009,1,3.4137,0,1,3.409815444
0.409009,1.015,3.4066,0,1,3.404657848
0.409009,1.031,3.4037,0,1,3.399262854
0.409009,1.047,3.3931,0,1,3.393973967
0.409009,1.063,3.387,0,1,3.388787526
0.409009,1.08,3.3839,0,1,3.38338529
0.409009,1.097,3.3803,0,1,3.378090807
0.409009,1.114,3.373,0,1,3.372900307
0.409009,1.131,3.3664,0,1,3.367810207
0.409009,1.149,3.3656,0,1,3.362526338
0.409009,1.167,3.361,0,1,3.357347364
0.409009,1.185,3.3554,0,1,3.352269632
0.409009,1.203,3.3494,0,1,3.347289671
0.409009,1.222,3.3452,0,1,3.342135464
0.409009,1.241,3.3413,0,1,3.337082819
0.409009,1.26,3.336,0,1,3.332128224
0.409009,1.28,3.3301,0,1,3.32701512
0.409009,1.3,3.3268,0,1,3.322003259
0.409009,1.32,3.3207,0,1,3.317089125
0.409009,1.341,3.3174,0,1,3.312030807
0.409009,1.362,3.3106,0,1,3.307072869
0.409009,1.383,3.3064,0,1,3.302211817
0.409009,1.404,3.3031,0,1,3.297444329
0.409009,1.426,3.2965,0,1,3.29254673
0.409009,1.449,3.2906,0,1,3.287528851
0.409009,1.471,3.2889,0,1,3.282823623
0.409009,1.494,3.2839,0,1,3.277999861
0.409009,1.517,3.2801,0,1,3.273270221
0.409009,1.541,3.2675,0,1,3.26843181
0.409009,1.565,3.2708,0,1,3.263688894
0.409009,1.589,3.2653,0,1,3.259038169
0.409009,1.614,3.2596,0,1,3.254288308
0.409009,1.639,3.2529,0,1,3.249631689
0.409009,1.665,3.25,0,1,3.244884267
0.409009,1.691,3.2448,0,1,3.240230792
0.409009,1.717,3.2416,0,1,3.235668003
0.409009,1.744,3.2373,0,1,3.231022383
0.409009,1.771,3.231,0,1,3.226467915
0.409009,1.799,3.2242,0,1,3.221837686
0.409009,1.827,3.2222,0,1,3.217298786
0.409009,1.855,3.2184,0,1,3.212848055
0.409009,1.884,3.208,0,1,3.208328113
0.409009,1.913,3.2083,0,1,3.203896352
0.409009,1.943,3.1989,0,1,3.199401354
0.409009,1.973,3.1969,0,1,3.194994318
0.409009,2.004,3.1936,0,1,3.190529582
0.409009,2.035,3.186,0,1,3.186152377
0.409009,2.067,3.18,0,1,3.181722594
0.409009,2.099,3.1763,1,1,3.177379726
0.409009,2.132,3.1721,1,1,3.172989009
0.409009,2.165,3.1651,1,1,3.168684424
0.409009,2.199,3.1614,1,1,3.164336353
0.409009,2.233,3.1605,1,1,3.160073485
0.409009,2.268,3.1554,1,1,3.15577115
0.409009,2.303,3.1564,1,1,3.151552963
0.409009,2.339,3.1467,1,1,3.147299004
0.409009,2.375,3.1442,1,1,3.143128029
0.409009,2.412,3.1406,1,1,3.13892468
0.409009,2.45,3.1385,1,1,3.13469277
0.409009,2.488,3.1257,1,1,3.130544046
0.409009,2.527,3.1268,1,1,3.126369634
0.409009,2.566,3.1267,1,1,3.122276875
0.409009,2.606,3.1248,1,1,3.118161057
0.409009,2.647,3.1177,1,1,3.11402542
0.409009,2.688,3.1131,1,1,3.109970968
0.409009,2.73,3.1148,1,1,3.105898882
0.409009,2.773,3.1078,1,1,3.10181208
0.409009,2.816,3.1024,1,1,3.097805593
0.409009,2.86,3.0961,1,1,3.093786183
0.409009,2.904,3.0908,1,1,3.089845147
0.409009,2.949,3.0925,1,1,3.085892815
0.409009,2.995,3.0878,1,1,3.081931647
0.409009,3.042,3.0821,1,1,3.07796399
0.409009,3.089,3.0747,1,1,3.074074026
0.409009,3.138,3.072,1,1,3.070098374
0.409009,3.186,3.0704,1,1,3.066280156
0.409009,3.236,3.0647,1,1,3.062380353
0.409009,3.286,3.0596,1,1,3.058556919
0.409009,3.338,3.061,1,1,3.05465874
0.409009,3.39,3.0537,1,1,3.050837519
0.409009,3.442,3.0516,1,1,3.04709059
0.409009,3.496,3.0477,1,1,3.043275467
0.409009,3.551,3.0459,1,1,3.039466451
0.409009,3.606,3.0429,1,1,3.035732205
0.409009,3.662,3.0377,1,1,3.032004222
0.409009,3.719,3.0289,1,1,3.028283861
0.409009,3.777,3.0279,1,1,3.024572401
0.409009,3.836,3.0248,1,1,3.020871052
0.409009,3.896,3.0214,1,1,3.017180953
0.409009,3.956,3.0155,1,1,3.01356288
0.409009,4.018,3.0136,1,1,3.009897255
0.409009,4.08,3.0035,1,1,3.006303316
0.409009,4.144,3.0029,1,1,3.002666032
0.409009,4.209,2.9971,2,1,2.999044774
0.409009,4.274,2.9981,2,1,2.995494393
0.409009,4.341,2.9954,2,1,2.991906378
0.409009,4.408,2.9926,2,1,2.98838855
0.409009,4.477,2.9893,2,1,2.984836531
0.409009,4.547,2.9798,2,1,2.981303921
0.409009,4.618,2.976,2,1,2.977791245
0.409009,4.69,2.975,2,1,2.974298986
0.409009,4.763,2.9736,2,1,2.970827587
0.409009,4.837,2.9724,2,1,2.967377452
0.409009,4.912,2.9639,2,1,2.963948947
0.409009,4.989,2.9611,2,1,2.960498026
0.409009,5.066,2.9592,2,1,2.957114608
0.409009,5.145,2.9538,2,1,2.953711038
0.409009,5.225,2.953,2,1,2.950331877
0.409009,5.307,2.9426,2,1,2.946936275
0.409009,5.389,2.9467,2,1,2.943607169
0.409009,5.473,2.9413,2,1,2.940263425
0.409009,5.559,2.9387,2,1,2.936907438
0.409009,5.645,2.9322,2,1,2.933617251
0.409009,5.733,2.9323,2,1,2.930316301
0.409009,5.823,2.9314,2,1,2.927006738
0.409009,5.913,2.9248,2,1,2.923762006
0.409009,6.005,2.9188,2,1,2.920509855
0.409009,6.099,2.9181,2,1,2.917252217
0.409009,6.194,2.9143,2,1,2.914024568
0.409009,6.29,2.9112,3,1,2.910826675
0.409009,6.388,2.9048,3,1,2.907625956
0.409009,6.488,2.9047,3,1,2.904424056
0.409009,6.589,2.8991,3,1,2.90125362
0.409009,6.692,2.8969,3,1,2.898083828
0.409009,6.796,2.8951,3,1,2.894945993
0.409009,6.902,2.8919,3,1,2.891810432
0.409009,7.009,2.8918,3,1,2.888707185
0.409009,7.118,2.8824,3,1,2.885607664
0.409009,7.229,2.8845,3,1,2.882513084
0.409009,7.342,2.8812,3,1,2.879424595
0.409009,7.456,2.8754,3,1,2.876369818
0.409009,7.572,2.8759,3,1,2.873322205
0.409009,7.69,2.8704,3,1,2.870282751
0.409009,7.81,2.8673,3,1,2.867252394
0.409009,7.932,2.8656,3,1,2.864232018
0.409009,8.055,2.8628,3,1,2.861246484
0.409009,8.181,2.858,3,1,2.858248033
0.409009,8.308,2.8523,3,1,2.855285009
0.409009,8.438,2.8496,4,1,2.852311437
0.409009,8.569,2.8498,4,1,2.849373722
0.409009,8.703,2.8495,4,1,2.846427611
0.409009,8.838,2.8455,4,1,2.843517646
0.409009,8.976,2.8425,4,1,2.840601234
0.409009,9.116,2.8405,4,1,2.837700616
0.409009,9.258,2.8347,4,1,2.834816228
0.409009,9.402,2.8342,4,1,2.831948471
0.409009,9.548,2.8292,4,1,2.829097711
0.409009,9.697,2.8264,4,1,2.826245327
0.409009,9.848,2.8285,4,1,2.823411323
0.409009,10.002,2.8191,4,1,2.820577729
0.409009,10.157,2.8206,4,1,2.817781568
0.409009,10.316,2.8152,4,1,2.814969429
0.409009,10.476,2.8138,5,1,2.812195054
0.409009,10.64,2.811,5,1,2.809407043
0.409009,10.805,2.8085,5,1,2.806656992
0.409009,10.974,2.808,5,1,2.80389544
0.409009,11.145,2.802,5,1,2.80115606
0.409009,11.318,2.7969,5,1,2.798438845
0.409009,11.495,2.7942,5,1,2.795713275
0.409009,11.674,2.7915,5,1,2.793010997
0.409009,11.855,2.7918,5,1,2.79033192
0.409009,12.04,2.7887,5,1,2.787647202
0.409009,12.228,2.7826,5,1,2.784972501
0.409009,12.418,2.7823,5,1,2.782322295
0.409009,12.612,2.78,6,1,2.779669313
0.409009,12.808,2.7773,6,1,2.777041499
0.409009,13.008,2.7717,6,1,2.774412586
0.409009,13.21,2.7727,6,1,2.771809379
0.409009,13.416,2.7674,6,1,2.769206576
0.409009,13.625,2.7669,6,1,2.766617626
0.409009,13.837,2.763,6,1,2.764042929
0.409009,14.053,2.7602,6,1,2.761471066
0.409009,14.272,2.759,6,1,2.758914626
0.409009,14.494,2.754,6,1,2.756373905
0.409009,14.72,2.7505,7,1,2.753838061
0.409009,14.949,2.7503,7,1,2.751318882
0.409009,15.182,2.7498,7,1,2.748805891
0.409009,15.418,2.7452,7,1,2.746310368
0.409009,15.659,2.7397,7,1,2.743811928
0.409009,15.903,2.7426,7,1,2.741332029
0.409009,16.15,2.7416,7,1,2.738870752
0.409009,16.402,2.7377,7,1,2.736408812
0.409009,16.657,2.7335,7,1,2.733966358
0.409009,16.917,2.7315,8,1,2.731524798
0.409009,17.18,2.7311,8,1,2.729103447
0.409009,17.448,2.7256,8,1,2.726684383
0.409009,17.72,2.7288,8,1,2.724277359
0.409009,17.996,2.7189,8,1,2.721882798
0.409009,18.276,2.7219,8,1,2.71950109
0.409009,18.561,2.7176,8,1,2.717124338
0.409009,18.85,2.7158,9,1,2.714761454
0.409009,19.144,2.7102,9,1,2.712404796
0.409009,19.442,2.7124,9,1,2.710062879
0.409009,19.745,2.7064,9,1,2.707728308
0.409009,20.052,2.706,9,1,2.705409222
0.409009,20.365,2.7057,9,1,2.703091133
0.409009,20.682,2.7,9,1,2.700789439
0.409009,21.004,2.6997,10,1,2.698497211
0.409009,21.331,2.6968,10,1,2.696214965
0.409009,21.664,2.6941,10,1,2.693936405
0.409009,22.001,2.6929,10,1,2.691675664
0.409009,22.344,2.6902,10,1,2.689419733
0.409009,22.692,2.6889,10,1,2.687175768
0.409009,23.045,2.685,11,1,2.684944116
0.409009,23.404,2.6832,11,1,2.682718964
0.409009,23.769,2.6773,11,1,2.680500966
0.409009,24.139,2.6776,11,1,2.678296638
0.409009,24.515,2.6767,11,1,2.676100429
0.409009,24.897,2.6722,11,1,2.673912887
0.409009,25.285,2.6726,12,1,2.671734528
0.409009,25.679,2.6689,12,1,2.66956583
0.409009,26.079,2.6676,12,1,2.667407242
0.409009,26.485,2.6642,12,1,2.665259182
0.409009,26.898,2.6604,12,1,2.663116899
0.409009,27.317,2.6644,13,1,2.660986091
0.409009,27.742,2.6562,13,1,2.658867082
0.409009,28.174,2.6555,13,1,2.656755332
0.409009,28.613,2.652,13,1,2.6546514
0.409009,29.059,2.6539,13,1,2.65255581
0.409009,29.512,2.6468,14,1,2.650469053
0.409009,29.971,2.651,14,1,2.648396059
0.409009,30.438,2.6464,14,1,2.646328225
0.409009,30.912,2.6463,14,1,2.644270508
0.409009,31.394,2.6396,15,1,2.642219065
0.409009,31.883,2.6394,15,1,2.640178616
0.409009,32.38,2.6359,15,1,2.638145423
0.409009,32.884,2.6353,15,1,2.636123981
0.409009,33.396,2.6333,15,1,2.634110654
0.409009,33.917,2.6357,16,1,2.632102089
0.409009,34.445,2.6287,16,1,2.630106429
0.409009,34.982,2.6283,16,1,2.628116514
0.409009,35.526,2.624,16,1,2.626140132
0.409009,36.08,2.627,17,1,2.624166834
0.409009,36.642,2.6196,17,1,2.622204274
0.409009,37.213,2.6188,17,1,2.620249352
0.409009,37.792,2.6152,18,1,2.618305856
0.409009,38.381,2.617,18,1,2.616367511
0.409009,38.979,2.6122,18,1,2.614438111
0.409009,39.586,2.6079,18,1,2.612518035
0.409009,40.203,2.6121,19,1,2.610604564
0.409009,40.829,2.6068,19,1,2.608701214
0.409009,41.465,2.6029,19,1,2.606805333
0.409009,42.111,2.6054,20,1,2.604917366
0.409009,42.767,2.6011,20,1,2.603037733
0.409009,43.433,2.5973,20,1,2.601166823
0.409009,44.11,2.5992,21,1,2.599302274
0.409009,44.797,2.5964,21,1,2.597447255
0.409009,45.495,2.5976,21,1,2.595599456
0.409009,46.204,2.5932,22,1,2.593759317
0.409009,46.923,2.594,22,1,2.591929768
0.409009,47.654,2.5901,22,1,2.590106105
0.409009,48.397,2.5878,23,1,2.588288832
0.409009,49.15,2.5885,23,1,2.586483174
0.409009,49.916,2.5848,23,1,2.584682312
0.409009,50.694,2.5822,24,1,2.582889086
0.409009,51.483,2.5758,24,1,2.581106125
0.409009,52.285,2.5798,25,1,2.579329275
0.409009,53.1,2.5793,25,1,2.577559006
0.409009,53.927,2.5773,25,1,2.575797868
0.409009,54.767,2.5741,26,1,2.574044083
0.409009,55.62,2.5734,26,1,2.57229804
0.409009,56.487,2.5726,27,1,2.570558113
0.409009,57.367,2.5649,27,1,2.568826705
0.409009,58.26,2.5676,27,1,2.567104127
0.409009,59.168,2.5651,28,1,2.565386921
0.409009,60.09,2.5628,28,1,2.56367741
0.409009,61.026,2.5615,29,1,2.561975942
0.409009,61.976,2.5597,29,1,2.560282841
0.409009,62.942,2.5555,30,1,2.558594949
0.409009,63.922,2.5521,30,1,2.556916141
0.409009,64.918,2.5558,31,1,2.555243342
0.409009,65.929,2.552,31,1,2.553578614
0.409009,66.956,2.5507,32,1,2.551920662
0.409009,67.999,2.5497,32,1,2.550269863
0.409009,69.058,2.5529,33,1,2.548626571
0.409009,70.134,2.5465,33,1,2.546989607
0.409009,71.227,2.5458,34,1,2.545359364
0.409009,72.336,2.5413,34,1,2.543737658
0.409009,73.463,2.5402,35,1,2.54212191
0.409009,74.608,2.5411,35,1,2.540512523
0.409009,75.77,2.5378,36,1,2.538911242
0.409009,76.95,2.5355,36,1,2.537317003
0.409009,78.149,2.5384,37,1,2.535728827
0.409009,79.366,2.5355,37,1,2.534148386
0.409009,80.603,2.53,38,1,2.532573445
0.409009,81.858,2.5288,39,1,2.531006888
0.409009,83.133,2.5311,39,1,2.529446533
0.409009,84.428,2.5275,40,1,2.527892746
0.409009,85.744,2.5247,41,1,2.526344703
0.409009,87.079,2.5247,41,1,2.524805075
0.409009,88.436,2.5237,42,1,2.523270729
0.409009,89.813,2.5226,42,1,2.521744269
0.409009,91.212,2.5235,43,1,2.520223793
0.409009,92.633,2.5175,44,1,2.518709661
0.409009,94.076,2.5184,45,1,2.517202209
0.409009,95.542,2.5146,45,1,2.515700735
0.409009,97.03,2.5141,46,1,2.514206586
0.409009,98.542,2.513,47,1,2.51271808
0.409009,100.077,2.5103,47,1,2.511236538
0.409009,101.636,2.5114,48,1,2.509761309
0.409009,103.219,2.5088,49,1,2.508292711
0.409009,104.827,2.5078,50,1,2.506830141
0.409009,106.46,2.5038,50,1,2.50537393
0.409009,108.118,2.5033,51,1,2.503924385
0.409009,109.802,2.5004,52,1,2.502480945
0.409009,111.513,2.4986,53,1,2.501043094
0.409009,113.25,2.5017,54,1,2.499611992
0.409009,115.014,2.5004,55,1,2.498187113
0.409009,116.806,2.4962,55,1,2.496767973
0.409009,118.625,2.4943,56,1,2.495355669
0.409009,120.473,2.4947,57,1,2.493948952
0.409009,122.35,2.4926,58,1,2.492548153
0.409009,124.256,2.4916,59,1,2.491153578
0.409009,126.191,2.4876,60,1,2.489765516
0.409009,128.157,2.49,61,1,2.48838284
0.409009,130.154,2.4848,62,1,2.48700588
0.409009,132.181,2.4834,63,1,2.485635615
0.409009,134.24,2.4842,64,1,2.484270981
0.409009,136.331,2.481,65,1,2.482912285
0.409009,138.455,2.4818,66,1,2.481559182
0.409009,140.612,2.4834,67,1,2.480211978
0.409009,142.802,2.4772,68,1,2.478870957
0.409009,145.027,2.4755,69,1,2.477535194
0.409009,147.286,2.4765,70,1,2.476205587
0.409009,149.58,2.4753,71,1,2.474881827
0.409009,151.91,2.4763,72,1,2.473563629
0.409009,154.277,2.4712,73,1,2.472250733
0.409009,156.68,2.4707,74,1,2.470943981
0.409009,159.121,2.4713,76,1,2.469642568
0.409009,161.6,2.4694,77,1,2.46834679
0.409009,164.117,2.4673,78,1,2.46705692
0.409009,166.674,2.4659,79,1,2.465772222
0.409009,169.27,2.4616,80,1,2.46449348
0.409009,171.907,2.4626,82,1,2.463219987
0.409009,174.585,2.4623,83,1,2.461952029
0.409009,177.304,2.4597,84,1,2.460689876
0.409009,180.066,2.455,86,1,2.459432874
0.409009,182.871,2.4591,87,1,2.458181311
0.409009,185.72,2.4541,88,1,2.456935019
0.409009,188.613,2.4578,90,1,2.45569427
0.409009,191.551,2.4531,91,1,2.454458905
0.409009,194.535,2.4524,93,1,2.453228777
0.409009,197.566,2.4522,94,1,2.452003753
0.409009,200.643,2.4532,96,1,2.450784499
0.409009,203.769,2.4514,97,1,2.449570093
0.409009,206.943,2.4487,99,1,2.448361195
0.409009,210.167,2.4473,100,1,2.447157309
0.409009,213.441,2.4489,102,1,2.445958702
0.409009,216.766,2.4452,103,1,2.444765271
0.409009,220.142,2.4425,105,1,2.443577269
0.409009,223.572,2.4384,106,1,2.44239391
0.409009,227.054,2.4395,108,1,2.441216143
0.409009,230.591,2.4397,110,1,2.440043206
0.409009,234.183,2.4373,112,1,2.438875365
0.409009,237.831,2.4382,113,1,2.43771255
0.409009,241.536,2.435,115,1,2.436554702
0.409009,245.299,2.4355,117,1,2.435401766
0.409009,249.12,2.433,119,1,2.434253994
0.409009,253.001,2.4321,121,1,2.433111037
0.409009,256.942,2.4326,122,1,2.431973146
0.409009,260.944,2.432,124,1,2.430840276
0.409009,265.009,2.4305,126,1,2.429712112
0.409009,269.138,2.4274,128,1,2.428588637
0.409009,273.33,2.4271,130,1,2.427470365
0.409009,277.588,2.426,132,1,2.426356736
0.409009,281.912,2.4277,134,1,2.425247999
0.409009,286.304,2.4285,136,1,2.424143888
0.409009,290.764,2.4226,139,1,2.423044647
0.409009,295.293,2.4196,141,1,2.421950266
0.409009,299.893,2.4219,143,1,2.420860502
1.040867,0.134,4.2162,0,1,4.215862659
1.040867,0.136,4.2056,0,1,4.206855123
1.040867,0.138,4.1963,0,1,4.198015548
1.040867,0.14,4.1888,0,1,4.189338436
1.040867,0.143,4.182,0,1,4.176615981
1.040867,0.145,4.1702,0,1,4.168322607
1.040867,0.147,4.1651,0,1,4.160174362
1.040867,0.149,4.1566,0,1,4.152166784
1.040867,0.152,4.1492,0,1,4.140409881
1.040867,0.154,4.1344,0,1,4.132735695
1.040867,0.156,4.1309,0,1,4.12518802
1.040867,0.159,4.1223,0,1,4.114095732
1.040867,0.161,4.1133,0,1,4.106848614
1.040867,0.164,4.1062,0,1,4.096191284
1.040867,0.166,4.095,0,1,4.089224047
1.040867,0.169,4.0875,0,1,4.078972195
1.040867,0.172,4.0784,0,1,4.068950656
1.040867,0.174,4.0652,0,1,4.062393087
1.040867,0.177,4.0609,0,1,4.052735525
1.040867,0.18,4.0524,0,1,4.043285222
1.040867,0.183,4.0459,0,1,4.034034387
1.040867,0.185,4.0366,0,1,4.02797432
1.040867,0.188,4.0216,0,1,4.019039726
1.040867,0.191,4.0183,0,1,4.010285771
1.040867,0.194,4.0098,0,1,4.00170605
1.040867,0.197,4.0032,0,1,3.993294479
1.040867,0.2,3.9915,0,1,3.985045277
1.040867,0.203,3.9853,0,1,3.976952944
1.040867,0.207,3.9728,0,1,3.96639817
1.040867,0.21,3.9675,0,1,3.958651927
1.040867,0.213,3.9583,0,1,3.951046037
1.040867,0.216,3.9482,0,1,3.943576033
1.040867,0.22,3.9414,0,1,3.933820062
1.040867,0.223,3.9321,0,1,3.926650866
1.040867,0.227,3.9213,0,1,3.917281682
1.040867,0.23,3.917,0,1,3.910392375
1.040867,0.234,3.9062,0,1,3.901383483
1.040867,0.237,3.8976,0,1,3.894755176
1.040867,0.241,3.8905,0,1,3.886082615
1.040867,0.245,3.8805,0,1,3.877592354
1.040867,0.249,3.8758,0,1,3.869277677
1.040867,0.253,3.8628,0,1,3.861132218
1.040867,0.256,3.856,0,1,3.85513053
1.040867,0.26,3.8437,0,1,3.847266857
1.040867,0.265,3.8395,0,1,3.837652273
1.040867,0.269,3.8309,0,1,3.830126256
1.040867,0.273,3.8254,0,1,3.822742126
1.040867,0.277,3.8191,0,1,3.815495186
1.040867,0.281,3.8063,0,1,3.808380961
1.040867,0.286,3.8,0,1,3.799668328
1.040867,0.29,3.7943,0,1,3.792837402
1.040867,0.295,3.7877,0,1,3.78446641
1.040867,0.299,3.7767,0,1,3.777899294
1.040867,0.304,3.7733,0,1,3.76984679
1.040867,0.309,3.7697,0,1,3.761962036
1.040867,0.314,3.7573,0,1,3.754238908
1.040867,0.318,3.7524,0,1,3.748172863
1.040867,0.323,3.7457,0,1,3.740726222
1.040867,0.328,3.74,0,1,3.733425674
1.040867,0.334,3.7317,0,1,3.724850797
1.040867,0.339,3.7226,0,1,3.717854298
1.040867,0.344,3.7145,0,1,3.710988642
1.040867,0.349,3.712,0,1,3.704249534
1.040867,0.355,3.7022,0,1,3.696323893
1.040867,0.36,3.6941,0,1,3.689849036
1.040867,0.366,3.6901,0,1,3.682229488
1.040867,0.372,3.6786,0,1,3.674768156
1.040867,0.377,3.6744,0,1,3.668667075
1.040867,0.383,3.6672,0,1,3.661481065
1.040867,0.389,3.6657,0,1,3.65443771
1.040867,0.395,3.655,0,1,3.647532045
1.040867,0.402,3.648,0,1,3.63964317
1.040867,0.408,3.6392,0,1,3.633019934
1.040867,0.414,3.6325,0,1,3.6265202
1.040867,0.421,3.6275,0,1,3.619087887
1.040867,0.427,3.6191,0,1,3.61284212
1.040867,0.434,3.6093,0,1,3.60569585
1.040867,0.441,3.6023,0,1,3.5986956
1.040867,0.447,3.5942,0,1,3.592807633
1.040867,0.454,3.5935,0,1,3.586064885
1.040867,0.461,3.5826,0,1,3.579453902
1.040867,0.469,3.5762,0,1,3.572054051
1.040867,0.476,3.5693,0,1,3.565710488
1.040867,0.483,3.5592,0,1,3.559485211
1.040867,0.491,3.5561,0,1,3.552510492
1.040867,0.499,3.5453,0,1,3.545679723
1.040867,0.506,3.5441,0,1,3.539816785
1.040867,0.514,3.5351,0,1,3.533242096
1.040867,0.522,3.5286,0,1,3.52679709
1.040867,0.53,3.5199,0,1,3.520477279
1.040867,0.539,3.5147,0,1,3.513511833
1.040867,0.547,3.5072,0,1,3.507444148
1.040867,0.556,3.5005,0,1,3.500752325
1.040867,0.564,3.4964,0,1,3.494919391
1.040867,0.573,3.4882,0,1,3.488482613
1.040867,0.582,3.4898,0,1,3.482173949
1.040867,0.591,3.4793,0,1,3.475988927
1.040867,0.6,3.4726,0,1,3.469923294
1.040867,0.61,3.4682,0,1,3.463318814
1.040867,0.619,3.4611,0,1,3.45749218
1.040867,0.629,3.4535,0,1,3.451143989
1.040867,0.638,3.4507,0,1,3.445540081
1.040867,0.648,3.4424,0,1,3.439430985
1.040867,0.659,3.4421,0,1,3.432848825
1.040867,0.669,3.4322,0,1,3.42698592
1.040867,0.679,3.4242,0,1,3.421234121
1.040867,0.69,3.4155,0,1,3.415031062
1.040867,0.701,3.4134,0,1,3.408953295
1.040867,0.711,3.4086,0,1,3.403533039
1.040867,0.723,3.4029,0,1,3.39715611
1.040867,0.734,3.3981,0,1,3.391428469
1.040867,0.745,3.3906,0,1,3.385809649
1.040867,0.757,3.3842,0,1,3.379799875
1.040867,0.769,3.379,0,1,3.373910811
1.040867,0.781,3.3755,0,1,3.368138206
1.040867,0.793,3.3679,0,1,3.362478018
1.040867,0.805,3.3626,0,1,3.356926406
1.040867,0.818,3.3551,0,1,3.351030451
1.040867,0.83,3.3524,0,1,3.345693502
1.040867,0.843,3.346,0,1,3.340022133
1.040867,0.856,3.3383,0,1,3.33446161
1.040867,0.87,3.3328,0,1,3.328592964
1.040867,0.883,3.3282,0,1,3.323250726
1.040867,0.897,3.3218,0,1,3.317608982
1.040867,0.911,3.3174,0,1,3.312078825
1.040867,0.925,3.3093,0,1,3.306656385
1.040867,0.94,3.3061,0,1,3.300961979
1.040867,0.954,3.3019,0,1,3.295751156
1.040867,0.969,3.294,0,1,3.290275645
1.040867,0.984,3.2894,0,1,3.284907557
1.040867,1,3.2817,0,1,3.279295837
1.040867,1.015,3.2764,0,1,3.274138241
1.040867,1.031,3.2695,0,1,3.268743247
1.040867,1.047,3.2661,0,1,3.26345436
1.040867,1.063,3.2614,0,1,3.258267918
1.040867,1.08,3.2555,0,1,3.252865683
1.040867,1.097,3.251,0,1,3.2475712
1.040867,1.114,3.2408,0,1,3.2423807
1.040867,1.131,3.2377,0,1,3.2372906
1.040867,1.149,3.2334,0,1,3.232006731
1.040867,1.167,3.2294,0,1,3.226827757
1.040867,1.185,3.2238,0,1,3.221750025
1.040867,1.203,3.2169,0,1,3.216770063
1.040867,1.222,3.215,0,1,3.211615857
1.040867,1.241,3.2059,0,1,3.206563212
1.040867,1.26,3.2049,0,1,3.201608617
1.040867,1.28,3.1997,0,1,3.196495513
1.040867,1.3,3.1969,0,1,3.191483652
1.040867,1.32,3.1913,0,1,3.186569518
1.040867,1.341,3.1843,0,1,3.1815112
1.040867,1.362,3.1814,0,1,3.176553262
1.040867,1.383,3.1759,0,1,3.17169221
1.040867,1.404,3.1725,0,1,3.166924722
1.040867,1.426,3.1707,0,1,3.162027123
1.040867,1.449,3.1605,0,1,3.157009244
1.040867,1.471,3.1588,0,1,3.152304016
1.040867,1.494,3.1514,0,1,3.147480254
1.040867,1.517,3.1501,0,1,3.142750614
1.040867,1.541,3.1426,0,1,3.137912202
1.040867,1.565,3.139,0,1,3.133169287
1.040867,1.589,3.1296,0,1,3.128518562
1.040867,1.614,3.1268,0,1,3.1237687
1.040867,1.639,3.1204,0,1,3.119112082
1.040867,1.665,3.1203,0,1,3.11436466
1.040867,1.691,3.1163,0,1,3.109711185
1.040867,1.717,3.1121,0,1,3.105148396
1.040867,1.744,3.1092,0,1,3.100502776
1.040867,1.771,3.099,0,1,3.095948307
1.040867,1.799,3.0924,0,1,3.091318079
1.040867,1.827,3.0908,0,1,3.086779179
1.040867,1.855,3.085,0,1,3.082328448
1.040867,1.884,3.0815,0,1,3.077808506
1.040867,1.913,3.077,0,1,3.073376745
1.040867,1.943,3.0702,0,1,3.068881747
1.040867,1.973,3.0662,0,1,3.064474711
1.040867,2.004,3.0631,0,1,3.060009975
1.040867,2.035,3.0558,0,1,3.05563277
1.040867,2.067,3.0526,0,1,3.051202987
1.040867,2.099,3.0434,1,1,3.046860118
1.040867,2.132,3.041,1,1,3.042469402
1.040867,2.165,3.0422,1,1,3.038164817
1.040867,2.199,3.0392,1,1,3.033816746
1.040867,2.233,3.0301,1,1,3.029553878
1.040867,2.268,3.0252,1,1,3.025251543
1.040867,2.303,3.0238,1,1,3.021033355
1.040867,2.339,3.0214,1,1,3.016779397
1.040867,2.375,3.0133,1,1,3.012608422
1.040867,2.412,3.0086,1,1,3.008405073
1.040867,2.45,3.0065,1,1,3.004173163
1.040867,2.488,3.0029,1,1,3.000024439
1.040867,2.527,2.9992,1,1,2.995850027
1.040867,2.566,2.9976,1,1,2.991757267
1.040867,2.606,2.9933,1,1,2.98764145
1.040867,2.647,2.9875,1,1,2.983505813
1.040867,2.688,2.9811,1,1,2.97945136
1.040867,2.73,2.9838,1,1,2.975379275
1.040867,2.773,2.977,1,1,2.971292473
1.040867,2.816,2.9742,1,1,2.967285986
1.040867,2.86,2.9689,1,1,2.963266575
1.040867,2.904,2.96,1,1,2.95932554
1.040867,2.949,2.9566,1,1,2.955373208
1.040867,2.995,2.9565,1,1,2.95141204
1.040867,3.042,2.951,1,1,2.947444383
1.040867,3.089,2.9455,1,1,2.943554419
1.040867,3.138,2.9451,1,1,2.939578767
1.040867,3.186,2.9431,1,1,2.935760548
1.040867,3.236,2.9324,1,1,2.931860746
1.040867,3.286,2.9288,1,1,2.928037312
1.040867,3.338,2.9308,1,1,2.924139133
1.040867,3.39,2.9222,1,1,2.920317911
1.040867,3.442,2.9197,1,1,2.916570983
1.040867,3.496,2.9132,1,1,2.91275586
1.040867,3.551,2.9153,1,1,2.908946844
1.040867,3.606,2.9089,1,1,2.905212597
1.040867,3.662,2.9013,1,1,2.901484615
1.040867,3.719,2.8964,1,1,2.897764254
1.040867,3.777,2.8953,1,1,2.894052794
1.040867,3.836,2.8916,1,1,2.890351445
1.040867,3.896,2.8865,1,1,2.886661346
1.040867,3.956,2.8806,1,1,2.883043273
1.040867,4.018,2.882,1,1,2.879377647
1.040867,4.08,2.8771,1,1,2.875783709
1.040867,4.144,2.8739,1,1,2.872146425
1.040867,4.209,2.8687,2,1,2.868525167
1.040867,4.274,2.8642,2,1,2.864974785
1.040867,4.341,2.8685,2,1,2.861386771
1.040867,4.408,2.8561,2,1,2.857868943
1.040867,4.477,2.8584,2,1,2.854316924
1.040867,4.547,2.8509,2,1,2.850784314
1.040867,4.618,2.8482,2,1,2.847271638
1.040867,4.69,2.8455,2,1,2.843779379
1.040867,4.763,2.8397,2,1,2.84030798
1.040867,4.837,2.8363,2,1,2.836857844
1.040867,4.912,2.8338,2,1,2.83342934
1.040867,4.989,2.8334,2,1,2.829978419
1.040867,5.066,2.8274,2,1,2.826595001
1.040867,5.145,2.8269,2,1,2.823191431
1.040867,5.225,2.8232,2,1,2.81981227
1.040867,5.307,2.8151,2,1,2.816416668
1.040867,5.389,2.8165,2,1,2.813087562
1.040867,5.473,2.8101,2,1,2.809743818
1.040867,5.559,2.8063,2,1,2.806387831
1.040867,5.645,2.8068,2,1,2.803097644
1.040867,5.733,2.7998,2,1,2.799796694
1.040867,5.823,2.7986,2,1,2.796487131
1.040867,5.913,2.791,2,1,2.793242399
1.040867,6.005,2.7881,2,1,2.789990248
1.040867,6.099,2.7858,2,1,2.786732609
1.040867,6.194,2.7787,2,1,2.78350496
1.040867,6.29,2.7774,3,1,2.780307068
1.040867,6.388,2.7786,3,1,2.777106349
1.040867,6.488,2.7778,3,1,2.773904449
1.040867,6.589,2.7725,3,1,2.770734013
1.040867,6.692,2.7653,3,1,2.767564221
1.040867,6.796,2.7655,3,1,2.764426386
1.040867,6.902,2.7587,3,1,2.761290825
1.040867,7.009,2.7588,3,1,2.758187578
1.040867,7.118,2.7565,3,1,2.755088057
1.040867,7.229,2.7515,3,1,2.751993476
1.040867,7.342,2.7482,3,1,2.748904988
1.040867,7.456,2.7444,3,1,2.745850211
1.040867,7.572,2.7439,3,1,2.742802598
1.040867,7.69,2.7369,3,1,2.739763144
1.040867,7.81,2.7354,3,1,2.736732787
1.040867,7.932,2.7317,3,1,2.733712411
1.040867,8.055,2.7312,3,1,2.730726877
1.040867,8.181,2.7275,3,1,2.727728426
1.040867,8.308,2.7251,3,1,2.724765401
1.040867,8.438,2.723,4,1,2.72179183
1.040867,8.569,2.7167,4,1,2.718854114
1.040867,8.703,2.7154,4,1,2.715908003
1.040867,8.838,2.7128,4,1,2.712998039
1.040867,8.976,2.7096,4,1,2.710081627
1.040867,9.116,2.7069,4,1,2.707181009
1.040867,9.258,2.7054,4,1,2.704296621
1.040867,9.402,2.7005,4,1,2.701428864
1.040867,9.548,2.6994,4,1,2.698578104
1.040867,9.697,2.6949,4,1,2.69572572
1.040867,9.848,2.692,4,1,2.692891715
1.040867,10.002,2.6867,4,1,2.690058122
1.040867,10.157,2.6866,4,1,2.687261961
1.040867,10.316,2.6821,4,1,2.684449822
1.040867,10.476,2.6784,5,1,2.681675447
1.040867,10.64,2.6807,5,1,2.678887436
1.040867,10.805,2.6744,5,1,2.676137385
1.040867,10.974,2.675,5,1,2.673375832
1.040867,11.145,2.6709,5,1,2.670636453
1.040867,11.318,2.6702,5,1,2.667919238
1.040867,11.495,2.6634,5,1,2.665193668
1.040867,11.674,2.6616,5,1,2.66249139
1.040867,11.855,2.6575,5,1,2.659812313
1.040867,12.04,2.6581,5,1,2.657127595
1.040867,12.228,2.6529,5,1,2.654452894
1.040867,12.418,2.6533,5,1,2.651802688
1.040867,12.612,2.6522,6,1,2.649149706
1.040867,12.808,2.6473,6,1,2.646521892
1.040867,13.008,2.6429,6,1,2.643892979
1.040867,13.21,2.6432,6,1,2.641289772
1.040867,13.416,2.6394,6,1,2.638686969
1.040867,13.625,2.6359,6,1,2.636098018
1.040867,13.837,2.6311,6,1,2.633523322
1.040867,14.053,2.6342,6,1,2.630951459
1.040867,14.272,2.6266,6,1,2.628395019
1.040867,14.494,2.6268,6,1,2.625854298
1.040867,14.72,2.6256,7,1,2.623318454
1.040867,14.949,2.6212,7,1,2.620799274
1.040867,15.182,2.6177,7,1,2.618286284
1.040867,15.418,2.615,7,1,2.615790761
1.040867,15.659,2.6104,7,1,2.613292321
1.040867,15.903,2.6131,7,1,2.610812422
1.040867,16.15,2.6076,7,1,2.608351145
1.040867,16.402,2.6106,7,1,2.605889205
1.040867,16.657,2.6054,7,1,2.603446751
1.040867,16.917,2.6014,8,1,2.601005191
1.040867,17.18,2.5998,8,1,2.59858384
1.040867,17.448,2.5967,8,1,2.596164776
1.040867,17.72,2.594,8,1,2.593757752
1.040867,17.996,2.5922,8,1,2.591363191
1.040867,18.276,2.5869,8,1,2.588981483
1.040867,18.561,2.5864,8,1,2.586604731
1.040867,18.85,2.5867,9,1,2.584241847
1.040867,19.144,2.5819,9,1,2.581885189
1.040867,19.442,2.5755,9,1,2.579543272
1.040867,19.745,2.5809,9,1,2.577208701
1.040867,20.052,2.5747,9,1,2.574889615
1.040867,20.365,2.5721,9,1,2.572571526
1.040867,20.682,2.5686,9,1,2.570269832
1.040867,21.004,2.5687,10,1,2.567977604
1.040867,21.331,2.5639,10,1,2.565695357
1.040867,21.664,2.5587,10,1,2.563416798
1.040867,22.001,2.5598,10,1,2.561156057
1.040867,22.344,2.5566,10,1,2.558900126
1.040867,22.692,2.5565,10,1,2.556656161
1.040867,23.045,2.5543,11,1,2.554424509
1.040867,23.404,2.5519,11,1,2.552199357
1.040867,23.769,2.5499,11,1,2.549981358
1.040867,24.139,2.5498,11,1,2.54777703
1.040867,24.515,2.5471,11,1,2.545580821
1.040867,24.897,2.5421,11,1,2.54339328
1.040867,25.285,2.5439,12,1,2.54121492
1.040867,25.679,2.5394,12,1,2.539046223
1.040867,26.079,2.538,12,1,2.536887635
1.040867,26.485,2.5365,12,1,2.534739575
1.040867,26.898,2.5315,12,1,2.532597292
1.040867,27.317,2.5277,13,1,2.530466483
1.040867,27.742,2.5279,13,1,2.528347474
1.040867,28.174,2.5258,13,1,2.526235724
1.040867,28.613,2.5219,13,1,2.524131793
1.040867,29.059,2.5213,13,1,2.522036203
1.040867,29.512,2.5212,14,1,2.519949446
1.040867,29.971,2.5201,14,1,2.517876452
1.040867,30.438,2.5158,14,1,2.515808617
1.040867,30.912,2.5148,14,1,2.513750901
1.040867,31.394,2.511,15,1,2.511699458
1.040867,31.883,2.5064,15,1,2.509659009
1.040867,32.38,2.5053,15,1,2.507625816
1.040867,32.884,2.5068,15,1,2.505604374
1.040867,33.396,2.5052,15,1,2.503591047
1.040867,33.917,2.5036,16,1,2.501582482
1.040867,34.445,2.5004,16,1,2.499586821
1.040867,34.982,2.497,16,1,2.497596907
1.040867,35.526,2.4967,16,1,2.495620525
1.040867,36.08,2.4926,17,1,2.493647227
1.040867,36.642,2.4906,17,1,2.491684667
1.040867,37.213,2.4925,17,1,2.489729745
1.040867,37.792,2.4868,18,1,2.487786249
1.040867,38.381,2.4866,18,1,2.485847903
1.040867,38.979,2.4818,18,1,2.483918504
1.040867,39.586,2.4828,18,1,2.481998428
1.040867,40.203,2.4815,19,1,2.480084957
1.040867,40.829,2.4747,19,1,2.478181607
1.040867,41.465,2.4724,19,1,2.476285725
1.040867,42.111,2.4738,20,1,2.474397759
1.040867,42.767,2.4701,20,1,2.472518126
1.040867,43.433,2.4676,20,1,2.470647216
1.040867,44.11,2.4679,21,1,2.468782666
1.040867,44.797,2.4647,21,1,2.466927648
1.040867,45.495,2.4677,21,1,2.465079849
1.040867,46.204,2.4612,22,1,2.46323971
1.040867,46.923,2.465,22,1,2.461410161
1.040867,47.654,2.4574,22,1,2.459586498
1.040867,48.397,2.4607,23,1,2.457769225
1.040867,49.15,2.4556,23,1,2.455963567
1.040867,49.916,2.4511,23,1,2.454162705
1.040867,50.694,2.4562,24,1,2.452369479
1.040867,51.483,2.4489,24,1,2.450586518
1.040867,52.285,2.4515,25,1,2.448809668
1.040867,53.1,2.4463,25,1,2.447039399
1.040867,53.927,2.4453,25,1,2.445278261
1.040867,54.767,2.4434,26,1,2.443524476
1.040867,55.62,2.4415,26,1,2.441778433
1.040867,56.487,2.4388,27,1,2.440038506
1.040867,57.367,2.4411,27,1,2.438307098
1.040867,58.26,2.4363,27,1,2.436584519
1.040867,59.168,2.4337,28,1,2.434867314
1.040867,60.09,2.433,28,1,2.433157802
1.040867,61.026,2.4311,29,1,2.431456334
1.040867,61.976,2.4275,29,1,2.429763234
1.040867,62.942,2.4304,30,1,2.428075342
1.040867,63.922,2.4249,30,1,2.426396534
1.040867,64.918,2.428,31,1,2.424723735
1.040867,65.929,2.4219,31,1,2.423059007
1.040867,66.956,2.4187,32,1,2.421401054
1.040867,67.999,2.4213,32,1,2.419750256
1.040867,69.058,2.4219,33,1,2.418106964
1.040867,70.134,2.417,33,1,2.41647
1.040867,71.227,2.4116,34,1,2.414839757
1.040867,72.336,2.4137,34,1,2.413218051
1.040867,73.463,2.4107,35,1,2.411602303
1.040867,74.608,2.4089,35,1,2.409992916
1.040867,75.77,2.4073,36,1,2.408391635
1.040867,76.95,2.4044,36,1,2.406797396
1.040867,78.149,2.4055,37,1,2.40520922
1.040867,79.366,2.4058,37,1,2.403628779
1.040867,80.603,2.4016,38,1,2.402053838
1.040867,81.858,2.4032,39,1,2.40048728
1.040867,83.133,2.4002,39,1,2.398926926
1.040867,84.428,2.3966,40,1,2.397373139
1.040867,85.744,2.3955,41,1,2.395825096
1.040867,87.079,2.3953,41,1,2.394285468
1.040867,88.436,2.395,42,1,2.392751122
1.040867,89.813,2.3918,42,1,2.391224662
1.040867,91.212,2.3865,43,1,2.389704186
1.040867,92.633,2.3873,44,1,2.388190054
1.040867,94.076,2.386,45,1,2.386682602
1.040867,95.542,2.3828,45,1,2.385181128
1.040867,97.03,2.3813,46,1,2.383686978
1.040867,98.542,2.3839,47,1,2.382198473
1.040867,100.077,2.3824,47,1,2.380716931
1.040867,101.636,2.3781,48,1,2.379241702
1.040867,103.219,2.3784,49,1,2.377773104
1.040867,104.827,2.3774,50,1,2.376310534
1.040867,106.46,2.3744,50,1,2.374854323
1.040867,108.118,2.3733,51,1,2.373404778
1.040867,109.802,2.3718,52,1,2.371961338
1.040867,111.513,2.3729,53,1,2.370523487
1.040867,113.25,2.3687,54,1,2.369092385
1.040867,115.014,2.3711,55,1,2.367667505
1.040867,116.806,2.3676,55,1,2.366248366
1.040867,118.625,2.3663,56,1,2.364836062
1.040867,120.473,2.3626,57,1,2.363429345
1.040867,122.35,2.3609,58,1,2.362028545
1.040867,124.256,2.3574,59,1,2.360633971
1.040867,126.191,2.3602,60,1,2.359245908
1.040867,128.157,2.3589,61,1,2.357863233
1.040867,130.154,2.3525,62,1,2.356486273
1.040867,132.181,2.3518,63,1,2.355116008
1.040867,134.24,2.3574,64,1,2.353751374
1.040867,136.331,2.3528,65,1,2.352392677
1.040867,138.455,2.3563,66,1,2.351039575
1.040867,140.612,2.3475,67,1,2.349692371
1.040867,142.802,2.3465,68,1,2.34835135
1.040867,145.027,2.3483,69,1,2.347015587
1.040867,147.286,2.3434,70,1,2.34568598
1.040867,149.58,2.3457,71,1,2.34436222
1.040867,151.91,2.3432,72,1,2.343044022
1.040867,154.277,2.3415,73,1,2.341731126
1.040867,156.68,2.3421,74,1,2.340424374
1.040867,159.121,2.3384,76,1,2.339122961
1.040867,161.6,2.3403,77,1,2.337827183
1.040867,164.117,2.3386,78,1,2.336537313
1.040867,166.674,2.3327,79,1,2.335252615
1.040867,169.27,2.3352,80,1,2.333973873
1.040867,171.907,2.3362,82,1,2.33270038
1.040867,174.585,2.3294,83,1,2.331432422
1.040867,177.304,2.3294,84,1,2.330170268
1.040867,180.066,2.3287,86,1,2.328913267
1.040867,182.871,2.3271,87,1,2.327661704
1.040867,185.72,2.326,88,1,2.326415411
1.040867,188.613,2.3206,90,1,2.325174663
1.040867,191.551,2.3234,91,1,2.323939298
1.040867,194.535,2.3215,93,1,2.32270917
1.040867,197.566,2.3243,94,1,2.321484146
1.040867,200.643,2.3168,96,1,2.320264892
1.040867,203.769,2.3184,97,1,2.319050486
1.040867,206.943,2.3198,99,1,2.317841588
1.040867,210.167,2.3146,100,1,2.316637701
1.040867,213.441,2.3133,102,1,2.315439095
1.040867,216.766,2.3136,103,1,2.314245663
1.040867,220.142,2.314,105,1,2.313057662
1.040867,223.572,2.3126,106,1,2.311874302
1.040867,227.054,2.3111,108,1,2.310696535
1.040867,230.591,2.3116,110,1,2.309523599
1.040867,234.183,2.3066,112,1,2.308355758
1.040867,237.831,2.307,113,1,2.307192943
1.040867,241.536,2.3068,115,1,2.306035095
1.040867,245.299,2.3028,117,1,2.304882159
1.040867,249.12,2.3049,119,1,2.303734387
1.040867,253.001,2.3012,121,1,2.30259143
1.040867,256.942,2.302,122,1,2.301453539
1.040867,260.944,2.2999,124,1,2.300320669
1.040867,265.009,2.2999,126,1,2.299192505
1.040867,269.138,2.3009,128,1,2.29806903
1.040867,273.33,2.2934,130,1,2.296950758
1.040867,277.588,2.2983,132,1,2.295837129
1.040867,281.912,2.2949,134,1,2.294728392
1.040867,286.304,2.2956,136,1,2.293624281
1.040867,290.764,2.2929,139,1,2.29252504
1.040867,295.293,2.2923,141,1,2.291430659
1.040867,299.893,2.2939,143,1,2.290340895
1.416184,0.134,4.1845,0,1,4.181156438
1.416184,0.136,4.1743,0,1,4.172148902
1.416184,0.138,4.164,0,1,4.163309327
1.416184,0.14,4.1568,0,1,4.154632215
1.416184,0.143,4.1465,0,1,4.14190976
1.416184,0.145,4.1391,0,1,4.133616386
1.416184,0.147,4.1275,0,1,4.125468141
1.416184,0.149,4.1183,0,1,4.117460563
1.416184,0.152,4.1122,0,1,4.10570366
1.416184,0.154,4.1068,0,1,4.098029474
1.416184,0.156,4.0963,0,1,4.090481799
1.416184,0.159,4.0834,0,1,4.079389511
1.416184,0.161,4.0759,0,1,4.072142393
1.416184,0.164,4.0663,0,1,4.061485063
1.416184,0.166,4.0624,0,1,4.054517826
1.416184,0.169,4.0539,0,1,4.044265974
1.416184,0.172,4.0441,0,1,4.034244435
1.416184,0.174,4.0407,0,1,4.027686866
1.416184,0.177,4.026,0,1,4.018029304
1.416184,0.18,4.0184,0,1,4.008579001
1.416184,0.183,4.0078,0,1,3.999328166
1.416184,0.185,3.9994,0,1,3.993268098
1.416184,0.188,3.9954,0,1,3.984333505
1.416184,0.191,3.9851,0,1,3.97557955
1.416184,0.194,3.9776,0,1,3.966999829
1.416184,0.197,3.972,0,1,3.958588258
1.416184,0.2,3.9602,0,1,3.950339056
1.416184,0.203,3.9492,0,1,3.942246722
1.416184,0.207,3.9406,0,1,3.931691949
1.416184,0.21,3.9326,0,1,3.923945706
1.416184,0.213,3.9252,0,1,3.916339816
1.416184,0.216,3.9187,0,1,3.908869812
1.416184,0.22,3.9041,0,1,3.899113841
1.416184,0.223,3.8989,0,1,3.891944645
1.416184,0.227,3.8913,0,1,3.882575461
1.416184,0.23,3.8778,0,1,3.875686154
1.416184,0.234,3.8748,0,1,3.866677262
1.416184,0.237,3.8655,0,1,3.860048955
1.416184,0.241,3.857,0,1,3.851376394
1.416184,0.245,3.8488,0,1,3.842886133
1.416184,0.249,3.8381,0,1,3.834571456
1.416184,0.253,3.8324,0,1,3.826425997
1.416184,0.256,3.8214,0,1,3.820424309
1.416184,0.26,3.8121,0,1,3.812560636
1.416184,0.265,3.8052,0,1,3.802946052
1.416184,0.269,3.7971,0,1,3.795420035
1.416184,0.273,3.7847,0,1,3.788035904
1.416184,0.277,3.7827,0,1,3.780788965
1.416184,0.281,3.7741,0,1,3.77367474
1.416184,0.286,3.7654,0,1,3.764962107
1.416184,0.29,3.7626,0,1,3.758131181
1.416184,0.295,3.7554,0,1,3.749760189
1.416184,0.299,3.748,0,1,3.743193073
1.416184,0.304,3.7385,0,1,3.735140569
1.416184,0.309,3.7319,0,1,3.727255815
1.416184,0.314,3.7251,0,1,3.719532687
1.416184,0.318,3.7186,0,1,3.713466642
1.416184,0.323,3.7168,0,1,3.706020001
1.416184,0.328,3.7057,0,1,3.698719453
1.416184,0.334,3.7017,0,1,3.690144576
1.416184,0.339,3.6883,0,1,3.683148077
1.416184,0.344,3.6828,0,1,3.676282421
1.416184,0.349,3.6761,0,1,3.669543313
1.416184,0.355,3.6701,0,1,3.661617672
1.416184,0.36,3.6649,0,1,3.655142815
1.416184,0.366,3.6546,0,1,3.647523267
1.416184,0.372,3.6449,0,1,3.640061935
1.416184,0.377,3.6425,0,1,3.633960854
1.416184,0.383,3.6347,0,1,3.626774844
1.416184,0.389,3.6257,0,1,3.619731489
1.416184,0.395,3.6192,0,1,3.612825824
1.416184,0.402,3.614,0,1,3.604936949
1.416184,0.408,3.602,0,1,3.598313713
1.416184,0.414,3.6022,0,1,3.591813979
1.416184,0.421,3.5898,0,1,3.584381666
1.416184,0.427,3.5837,0,1,3.578135899
1.416184,0.434,3.5756,0,1,3.570989629
1.416184,0.441,3.5682,0,1,3.563989379
1.416184,0.447,3.5616,0,1,3.558101412
1.416184,0.454,3.5546,0,1,3.551358664
1.416184,0.461,3.5504,0,1,3.544747681
1.416184,0.469,3.5398,0,1,3.53734783
1.416184,0.476,3.541,0,1,3.531004267
1.416184,0.483,3.5276,0,1,3.52477899
1.416184,0.491,3.5201,0,1,3.517804271
1.416184,0.499,3.5116,0,1,3.510973502
1.416184,0.506,3.505,0,1,3.505110564
1.416184,0.514,3.5008,0,1,3.498535875
1.416184,0.522,3.4902,0,1,3.492090869
1.416184,0.53,3.4855,0,1,3.485771058
1.416184,0.539,3.4811,0,1,3.478805612
1.416184,0.547,3.475,0,1,3.472737927
1.416184,0.556,3.4644,0,1,3.466046104
1.416184,0.564,3.463,0,1,3.46021317
1.416184,0.573,3.4566,0,1,3.453776392
1.416184,0.582,3.4487,0,1,3.447467728
1.416184,0.591,3.4459,0,1,3.441282706
1.416184,0.6,3.4377,0,1,3.435217073
1.416184,0.61,3.4344,0,1,3.428612593
1.416184,0.619,3.4233,0,1,3.422785959
1.416184,0.629,3.4227,0,1,3.416437768
1.416184,0.638,3.4135,0,1,3.41083386
1.416184,0.648,3.4096,0,1,3.404724763
1.416184,0.659,3.4043,0,1,3.398142603
1.416184,0.669,3.3966,0,1,3.392279699
1.416184,0.679,3.3932,0,1,3.3865279
1.416184,0.69,3.3882,0,1,3.380324841
1.416184,0.701,3.3797,0,1,3.374247074
1.416184,0.711,3.3761,0,1,3.368826818
1.416184,0.723,3.3662,0,1,3.362449889
1.416184,0.734,3.3641,0,1,3.356722248
1.416184,0.745,3.3611,0,1,3.351103428
1.416184,0.757,3.3545,0,1,3.345093654
1.416184,0.769,3.3492,0,1,3.33920459
1.416184,0.781,3.3372,0,1,3.333431985
1.416184,0.793,3.3364,0,1,3.327771797
1.416184,0.805,3.3277,0,1,3.322220185
1.416184,0.818,3.3216,0,1,3.31632423
1.416184,0.83,3.3198,0,1,3.310987281
1.416184,0.843,3.3102,0,1,3.305315912
1.416184,0.856,3.3041,0,1,3.299755389
1.416184,0.87,3.3018,0,1,3.293886743
1.416184,0.883,3.2922,0,1,3.288544505
1.416184,0.897,3.2892,0,1,3.282902761
1.416184,0.911,3.282,0,1,3.277372604
1.416184,0.925,3.2806,0,1,3.271950164
1.416184,0.94,3.2688,0,1,3.266255758
1.416184,0.954,3.2653,0,1,3.261044935
1.416184,0.969,3.2614,0,1,3.255569424
1.416184,0.984,3.2543,0,1,3.250201336
1.416184,1,3.2418,0,1,3.244589616
1.416184,1.015,3.241,0,1,3.23943202
1.416184,1.031,3.2357,0,1,3.234037026
1.416184,1.047,3.2302,0,1,3.228748139
1.416184,1.063,3.2254,0,1,3.223561697
1.416184,1.08,3.2201,0,1,3.218159461
1.416184,1.097,3.2124,0,1,3.212864978
1.416184,1.114,3.2088,0,1,3.207674479
1.416184,1.131,3.2047,0,1,3.202584379
1.416184,1.149,3.1992,0,1,3.19730051
1.416184,1.167,3.1943,0,1,3.192121536
1.416184,1.185,3.1908,0,1,3.187043804
1.416184,1.203,3.1844,0,1,3.182063842
1.416184,1.222,3.1814,0,1,3.176909636
1.416184,1.241,3.1739,0,1,3.171856991
1.416184,1.26,3.1715,0,1,3.166902396
1.416184,1.28,3.1652,0,1,3.161789292
1.416184,1.3,3.1606,0,1,3.156777431
1.416184,1.32,3.1556,0,1,3.151863297
1.416184,1.341,3.1554,0,1,3.146804979
1.416184,1.362,3.1462,0,1,3.141847041
1.416184,1.383,3.1434,0,1,3.136985989
1.416184,1.404,3.1384,0,1,3.132218501
1.416184,1.426,3.1309,0,1,3.127320902
1.416184,1.449,3.1301,0,1,3.122303023
1.416184,1.471,3.1208,0,1,3.117597795
1.416184,1.494,3.1168,0,1,3.112774033
1.416184,1.517,3.1131,0,1,3.108044393
1.416184,1.541,3.1132,0,1,3.103205981
1.416184,1.565,3.1085,0,1,3.098463066
1.416184,1.589,3.0971,0,1,3.093812341
1.416184,1.614,3.098,0,1,3.089062479
1.416184,1.639,3.0878,0,1,3.084405861
1.416184,1.665,3.087,0,1,3.079658439
1.416184,1.691,3.0802,0,1,3.075004964
1.416184,1.717,3.0745,0,1,3.070442175
1.416184,1.744,3.0711,0,1,3.065796555
1.416184,1.771,3.065,0,1,3.061242086
1.416184,1.799,3.0595,0,1,3.056611858
1.416184,1.827,3.0532,0,1,3.052072958
1.416184,1.855,3.0472,0,1,3.047622227
1.416184,1.884,3.0451,0,1,3.043102285
1.416184,1.913,3.0429,0,1,3.038670524
1.416184,1.943,3.0393,0,1,3.034175526
1.416184,1.973,3.0328,0,1,3.02976849
1.416184,2.004,3.0277,0,1,3.025303754
1.416184,2.035,3.0255,0,1,3.020926549
1.416184,2.067,3.0185,0,1,3.016496766
1.416184,2.099,3.0093,1,1,3.012153897
1.416184,2.132,3.0075,1,1,3.00776318
1.416184,2.165,3.0001,1,1,3.003458596
1.416184,2.199,2.9999,1,1,2.999110525
1.416184,2.233,2.9945,1,1,2.994847657
1.416184,2.268,2.9913,1,1,2.990545322
1.416184,2.303,2.988,1,1,2.986327134
1.416184,2.339,2.9826,1,1,2.982073176
1.416184,2.375,2.9806,1,1,2.977902201
1.416184,2.412,2.9768,1,1,2.973698852
1.416184,2.45,2.9721,1,1,2.969466942
1.416184,2.488,2.9697,1,1,2.965318218
1.416184,2.527,2.9674,1,1,2.961143806
1.416184,2.566,2.96,1,1,2.957051046
1.416184,2.606,2.9588,1,1,2.952935229
1.416184,2.647,2.952,1,1,2.948799592
1.416184,2.688,2.9518,1,1,2.944745139
1.416184,2.73,2.9449,1,1,2.940673054
1.416184,2.773,2.9386,1,1,2.936586252
1.416184,2.816,2.9374,1,1,2.932579765
1.416184,2.86,2.9294,1,1,2.928560354
1.416184,2.904,2.9279,1,1,2.924619319
1.416184,2.949,2.9227,1,1,2.920666987
1.416184,2.995,2.9213,1,1,2.916705818
1.416184,3.042,2.9179,1,1,2.912738162
1.416184,3.089,2.9152,1,1,2.908848198
1.416184,3.138,2.9102,1,1,2.904872546
1.416184,3.186,2.9051,1,1,2.901054327
1.416184,3.236,2.902,1,1,2.897154525
1.416184,3.286,2.8947,1,1,2.893331091
1.416184,3.338,2.8934,1,1,2.889432912
1.416184,3.39,2.8902,1,1,2.88561169
1.416184,3.442,2.885,1,1,2.881864762
1.416184,3.496,2.8799,1,1,2.878049639
1.416184,3.551,2.8776,1,1,2.874240623
1.416184,3.606,2.8689,1,1,2.870506376
1.416184,3.662,2.8687,1,1,2.866778394
1.416184,3.719,2.8687,1,1,2.863058033
1.416184,3.777,2.8613,1,1,2.859346573
1.416184,3.836,2.8583,1,1,2.855645224
1.416184,3.896,2.8519,1,1,2.851955125
1.416184,3.956,2.8501,1,1,2.848337052
1.416184,4.018,2.8471,1,1,2.844671426
1.416184,4.08,2.8461,1,1,2.841077488
1.416184,4.144,2.8356,1,1,2.837440204
1.416184,4.209,2.8345,2,1,2.833818945
1.416184,4.274,2.8266,2,1,2.830268564
1.416184,4.341,2.8252,2,1,2.82668055
1.416184,4.408,2.8225,2,1,2.823162722
1.416184,4.477,2.8236,2,1,2.819610703
1.416184,4.547,2.8189,2,1,2.816078093
1.416184,4.618,2.8153,2,1,2.812565417
1.416184,4.69,2.8112,2,1,2.809073158
1.416184,4.763,2.8066,2,1,2.805601759
1.416184,4.837,2.8054,2,1,2.802151623
1.416184,4.912,2.8012,2,1,2.798723118
1.416184,4.989,2.7958,2,1,2.795272198
1.416184,5.066,2.7935,2,1,2.79188878
1.416184,5.145,2.7876,2,1,2.78848521
1.416184,5.225,2.789,2,1,2.785106049
1.416184,5.307,2.786,2,1,2.781710447
1.416184,5.389,2.7802,2,1,2.778381341
1.416184,5.473,2.7736,2,1,2.775037597
1.416184,5.559,2.7702,2,1,2.77168161
1.416184,5.645,2.7664,2,1,2.768391423
1.416184,5.733,2.7685,2,1,2.765090472
1.416184,5.823,2.766,2,1,2.76178091
1.416184,5.913,2.7598,2,1,2.758536177
1.416184,6.005,2.7555,2,1,2.755284027
1.416184,6.099,2.7541,2,1,2.752026388
1.416184,6.194,2.7486,2,1,2.748798739
1.416184,6.29,2.7424,3,1,2.745600847
1.416184,6.388,2.7411,3,1,2.742400128
1.416184,6.488,2.7459,3,1,2.739198228
1.416184,6.589,2.7356,3,1,2.736027792
1.416184,6.692,2.7367,3,1,2.732858
1.416184,6.796,2.727,3,1,2.729720165
1.416184,6.902,2.7283,3,1,2.726584604
1.416184,7.009,2.7248,3,1,2.723481357
1.416184,7.118,2.7238,3,1,2.720381836
1.416184,7.229,2.715,3,1,2.717287255
1.416184,7.342,2.7138,3,1,2.714198767
1.416184,7.456,2.7114,3,1,2.71114399
1.416184,7.572,2.7085,3,1,2.708096377
1.416184,7.69,2.7062,3,1,2.705056923
1.416184,7.81,2.7003,3,1,2.702026566
1.416184,7.932,2.697,3,1,2.69900619
1.416184,8.055,2.6972,3,1,2.696020656
1.416184,8.181,2.6941,3,1,2.693022205
1.416184,8.308,2.6909,3,1,2.69005918
1.416184,8.438,2.6862,4,1,2.687085609
1.416184,8.569,2.6807,4,1,2.684147893
1.416184,8.703,2.6823,4,1,2.681201782
1.416184,8.838,2.6777,4,1,2.678291818
1.416184,8.976,2.673,4,1,2.675375406
1.416184,9.116,2.6764,4,1,2.672474788
1.416184,9.258,2.664,4,1,2.6695904
1.416184,9.402,2.6659,4,1,2.666722643
1.416184,9.548,2.6676,4,1,2.663871883
1.416184,9.697,2.6614,4,1,2.661019499
1.416184,9.848,2.661,4,1,2.658185494
1.416184,10.002,2.6548,4,1,2.655351901
1.416184,10.157,2.6521,4,1,2.65255574
1.416184,10.316,2.6491,4,1,2.649743601
1.416184,10.476,2.6468,5,1,2.646969226
1.416184,10.64,2.6449,5,1,2.644181215
1.416184,10.805,2.6447,5,1,2.641431164
1.416184,10.974,2.6392,5,1,2.638669611
1.416184,11.145,2.6374,5,1,2.635930232
1.416184,11.318,2.6338,5,1,2.633213017
1.416184,11.495,2.6305,5,1,2.630487447
1.416184,11.674,2.6301,5,1,2.627785169
1.416184,11.855,2.6251,5,1,2.625106092
1.416184,12.04,2.6252,5,1,2.622421374
1.416184,12.228,2.6173,5,1,2.619746673
1.416184,12.418,2.6199,5,1,2.617096467
1.416184,12.612,2.6142,6,1,2.614443485
1.416184,12.808,2.6146,6,1,2.611815671
1.416184,13.008,2.6073,6,1,2.609186758
1.416184,13.21,2.6057,6,1,2.606583551
1.416184,13.416,2.6042,6,1,2.603980747
1.416184,13.625,2.6006,6,1,2.601391797
1.416184,13.837,2.5997,6,1,2.598817101
1.416184,14.053,2.5926,6,1,2.596245238
1.416184,14.272,2.594,6,1,2.593688798
1.416184,14.494,2.5904,6,1,2.591148077
1.416184,14.72,2.588,7,1,2.588612233
1.416184,14.949,2.5883,7,1,2.586093053
1.416184,15.182,2.585,7,1,2.583580063
1.416184,15.418,2.5806,7,1,2.58108454
1.416184,15.659,2.578,7,1,2.5785861
1.416184,15.903,2.575,7,1,2.576106201
1.416184,16.15,2.5739,7,1,2.573644924
1.416184,16.402,2.5704,7,1,2.571182984
1.416184,16.657,2.5673,7,1,2.56874053
1.416184,16.917,2.5693,8,1,2.56629897
1.416184,17.18,2.5621,8,1,2.563877619
1.416184,17.448,2.5579,8,1,2.561458555
1.416184,17.72,2.5602,8,1,2.559051531
1.416184,17.996,2.556,8,1,2.55665697
1.416184,18.276,2.5556,8,1,2.554275262
1.416184,18.561,2.5498,8,1,2.55189851
1.416184,18.85,2.5483,9,1,2.549535626
1.416184,19.144,2.549,9,1,2.547178967
1.416184,19.442,2.5437,9,1,2.544837051
1.416184,19.745,2.5434,9,1,2.54250248
1.416184,20.052,2.5396,9,1,2.540183394
1.416184,20.365,2.5354,9,1,2.537865305
1.416184,20.682,2.537,9,1,2.535563611
1.416184,21.004,2.5327,10,1,2.533271383
1.416184,21.331,2.5315,10,1,2.530989136
1.416184,21.664,2.5283,10,1,2.528710577
1.416184,22.001,2.5265,10,1,2.526449835
1.416184,22.344,2.5227,10,1,2.524193905
1.416184,22.692,2.5234,10,1,2.52194994
1.416184,23.045,2.519,11,1,2.519718288
1.416184,23.404,2.5181,11,1,2.517493135
1.416184,23.769,2.5168,11,1,2.515275137
1.416184,24.139,2.5115,11,1,2.513070809
1.416184,24.515,2.5087,11,1,2.5108746
1.416184,24.897,2.5116,11,1,2.508687059
1.416184,25.285,2.5073,12,1,2.506508699
1.416184,25.679,2.5054,12,1,2.504340002
1.416184,26.079,2.5007,12,1,2.502181414
1.416184,26.485,2.4981,12,1,2.500033354
1.416184,26.898,2.4971,12,1,2.497891071
1.416184,27.317,2.4969,13,1,2.495760262
1.416184,27.742,2.493,13,1,2.493641253
1.416184,28.174,2.4911,13,1,2.491529503
1.416184,28.613,2.4926,13,1,2.489425572
1.416184,29.059,2.486,13,1,2.487329982
1.416184,29.512,2.484,14,1,2.485243225
1.416184,29.971,2.4834,14,1,2.483170231
1.416184,30.438,2.4805,14,1,2.481102396
1.416184,30.912,2.4814,14,1,2.47904468
1.416184,31.394,2.478,15,1,2.476993236
1.416184,31.883,2.4759,15,1,2.474952788
1.416184,32.38,2.4762,15,1,2.472919595
1.416184,32.884,2.4673,15,1,2.470898153
1.416184,33.396,2.4676,15,1,2.468884826
1.416184,33.917,2.468,16,1,2.466876261
1.416184,34.445,2.4643,16,1,2.4648806
1.416184,34.982,2.4633,16,1,2.462890686
1.416184,35.526,2.4623,16,1,2.460914304
1.416184,36.08,2.457,17,1,2.458941006
1.416184,36.642,2.4555,17,1,2.456978446
1.416184,37.213,2.4517,17,1,2.455023524
1.416184,37.792,2.4515,18,1,2.453080028
1.416184,38.381,2.4524,18,1,2.451141682
1.416184,38.979,2.452,18,1,2.449212282
1.416184,39.586,2.4446,18,1,2.447292207
1.416184,40.203,2.4477,19,1,2.445378736
1.416184,40.829,2.4408,19,1,2.443475386
1.416184,41.465,2.442,19,1,2.441579504
1.416184,42.111,2.4384,20,1,2.439691538
1.416184,42.767,2.4363,20,1,2.437811904
1.416184,43.433,2.4386,20,1,2.435940995
1.416184,44.11,2.4352,21,1,2.434076445
1.416184,44.797,2.4314,21,1,2.432221427
1.416184,45.495,2.4315,21,1,2.430373628
1.416184,46.204,2.4272,22,1,2.428533489
1.416184,46.923,2.4255,22,1,2.42670394
1.416184,47.654,2.4224,22,1,2.424880277
1.416184,48.397,2.4286,23,1,2.423063004
1.416184,49.15,2.4196,23,1,2.421257346
1.416184,49.916,2.417,23,1,2.419456484
1.416184,50.694,2.415,24,1,2.417663258
1.416184,51.483,2.4131,24,1,2.415880297
1.416184,52.285,2.4112,25,1,2.414103447
1.416184,53.1,2.413,25,1,2.412333178
1.416184,53.927,2.412,25,1,2.41057204
1.416184,54.767,2.4103,26,1,2.408818255
1.416184,55.62,2.4037,26,1,2.407072212
1.416184,56.487,2.4041,27,1,2.405332285
1.416184,57.367,2.4019,27,1,2.403600877
1.416184,58.26,2.4037,27,1,2.401878298
1.416184,59.168,2.3999,28,1,2.400161093
1.416184,60.09,2.4004,28,1,2.398451581
1.416184,61.026,2.3967,29,1,2.396750113
1.416184,61.976,2.3921,29,1,2.395057013
1.416184,62.942,2.3952,30,1,2.393369121
1.416184,63.922,2.3887,30,1,2.391690312
1.416184,64.918,2.3911,31,1,2.390017514
1.416184,65.929,2.3862,31,1,2.388352785
1.416184,66.956,2.3853,32,1,2.386694833
1.416184,67.999,2.384,32,1,2.385044035
1.416184,69.058,2.3863,33,1,2.383400743
1.416184,70.134,2.3837,33,1,2.381763778
1.416184,71.227,2.3841,34,1,2.380133536
1.416184,72.336,2.3796,34,1,2.37851183
1.416184,73.463,2.3779,35,1,2.376896082
1.416184,74.608,2.3731,35,1,2.375286695
1.416184,75.77,2.3753,36,1,2.373685414
1.416184,76.95,2.3718,36,1,2.372091175
1.416184,78.149,2.3686,37,1,2.370502999
1.416184,79.366,2.3695,37,1,2.368922558
1.416184,80.603,2.3632,38,1,2.367347617
1.416184,81.858,2.3675,39,1,2.365781059
1.416184,83.133,2.3653,39,1,2.364220705
1.416184,84.428,2.3629,40,1,2.362666918
1.416184,85.744,2.3636,41,1,2.361118875
1.416184,87.079,2.3573,41,1,2.359579247
1.416184,88.436,2.356,42,1,2.358044901
1.416184,89.813,2.3577,42,1,2.356518441
1.416184,91.212,2.3538,43,1,2.354997965
1.416184,92.633,2.355,44,1,2.353483833
1.416184,94.076,2.3535,45,1,2.351976381
1.416184,95.542,2.3481,45,1,2.350474907
1.416184,97.03,2.3455,46,1,2.348980757
1.416184,98.542,2.3518,47,1,2.347492252
1.416184,100.077,2.3462,47,1,2.34601071
1.416184,101.636,2.3476,48,1,2.344535481
1.416184,103.219,2.3433,49,1,2.343066882
1.416184,104.827,2.3402,50,1,2.341604313
1.416184,106.46,2.3431,50,1,2.340148102
1.416184,108.118,2.3384,51,1,2.338698557
1.416184,109.802,2.3367,52,1,2.337255117
1.416184,111.513,2.337,53,1,2.335817266
1.416184,113.25,2.3354,54,1,2.334386164
1.416184,115.014,2.3334,55,1,2.332961284
1.416184,116.806,2.3336,55,1,2.331542145
1.416184,118.625,2.33,56,1,2.330129841
1.416184,120.473,2.3273,57,1,2.328723124
1.416184,122.35,2.3252,58,1,2.327322324
1.416184,124.256,2.3247,59,1,2.32592775
1.416184,126.191,2.324,60,1,2.324539687
1.416184,128.157,2.3248,61,1,2.323157011
1.416184,130.154,2.3234,62,1,2.321780052
1.416184,132.181,2.3173,63,1,2.320409787
1.416184,134.24,2.3192,64,1,2.319045153
1.416184,136.331,2.319,65,1,2.317686456
1.416184,138.455,2.317,66,1,2.316333354
1.416184,140.612,2.3148,67,1,2.31498615
1.416184,142.802,2.3141,68,1,2.313645129
1.416184,145.027,2.3113,69,1,2.312309365
1.416184,147.286,2.3108,70,1,2.310979759
1.416184,149.58,2.3095,71,1,2.309655999
1.416184,151.91,2.307,72,1,2.3083378
1.416184,154.277,2.3066,73,1,2.307024905
1.416184,156.68,2.3052,74,1,2.305718153
1.416184,159.121,2.3048,76,1,2.30441674
1.416184,161.6,2.3041,77,1,2.303120961
1.416184,164.117,2.2993,78,1,2.301831092
1.416184,166.674,2.3017,79,1,2.300546394
1.416184,169.27,2.2986,80,1,2.299267652
1.416184,171.907,2.296,82,1,2.297994159
1.416184,174.585,2.297,83,1,2.296726201
1.416184,177.304,2.2944,84,1,2.295464047
1.416184,180.066,2.293,86,1,2.294207046
1.416184,182.871,2.2885,87,1,2.292955483
1.416184,185.72,2.293,88,1,2.29170919
1.416184,188.613,2.292,90,1,2.290468442
1.416184,191.551,2.288,91,1,2.289233077
1.416184,194.535,2.2891,93,1,2.288002949
1.416184,197.566,2.2854,94,1,2.286777925
1.416184,200.643,2.2844,96,1,2.285558671
1.416184,203.769,2.2861,97,1,2.284344265
1.416184,206.943,2.2839,99,1,2.283135367
1.416184,210.167,2.2836,100,1,2.28193148
1.416184,213.441,2.2797,102,1,2.280732874
1.416184,216.766,2.2786,103,1,2.279539442
1.416184,220.142,2.2759,105,1,2.278351441
1.416184,223.572,2.2795,106,1,2.277168081
1.416184,227.054,2.2763,108,1,2.275990314
1.416184,230.591,2.2795,110,1,2.274817378
1.416184,234.183,2.2721,112,1,2.273649536
1.416184,237.831,2.2724,113,1,2.272486722
1.416184,241.536,2.2717,115,1,2.271328874
1.416184,245.299,2.2722,117,1,2.270175938
1.416184,249.12,2.2693,119,1,2.269028166
1.416184,253.001,2.2654,121,1,2.267885209
1.416184,256.942,2.2673,122,1,2.266747318
1.416184,260.944,2.2679,124,1,2.265614448
1.416184,265.009,2.2632,126,1,2.264486284
1.416184,269.138,2.2651,128,1,2.263362809
1.416184,273.33,2.2638,130,1,2.262244536
1.416184,277.588,2.2602,132,1,2.261130908
1.416184,281.912,2.2616,134,1,2.260022171
1.416184,286.304,2.2539,136,1,2.25891806
1.416184,290.764,2.2589,139,1,2.257818819
1.416184,295.293,2.2523,141,1,2.256724438
1.416184,299.893,2.2583,143,1,2.255634674
11.965825,0.134,4.0229,0,1,4.018901236
11.965825,0.136,4.0139,0,1,4.009893699
11.965825,0.138,4.0009,0,1,4.001054124
11.965825,0.14,3.9916,0,1,3.992377012
11.965825,0.143,3.9808,0,1,3.979654558
11.965825,0.145,3.9771,0,1,3.971361183
11.965825,0.147,3.9668,0,1,3.963212938
11.965825,0.149,3.9594,0,1,3.95520536
11.965825,0.152,3.952,0,1,3.943448457
11.965825,0.154,3.9419,0,1,3.935774272
11.965825,0.156,3.935,0,1,3.928226597
11.965825,0.159,3.9255,0,1,3.917134309
11.965825,0.161,3.9139,0,1,3.909887191
11.965825,0.164,3.9102,0,1,3.89922986
11.965825,0.166,3.8952,0,1,3.892262623
11.965825,0.169,3.8889,0,1,3.882010771
11.965825,0.172,3.8828,0,1,3.871989232
11.965825,0.174,3.873,0,1,3.865431664
11.965825,0.177,3.8644,0,1,3.855774101
11.965825,0.18,3.8529,0,1,3.846323799
11.965825,0.183,3.846,0,1,3.837072964
11.965825,0.185,3.8379,0,1,3.831012896
11.965825,0.188,3.8296,0,1,3.822078303
11.965825,0.191,3.8217,0,1,3.813324348
11.965825,0.194,3.8074,0,1,3.804744626
11.965825,0.197,3.8053,0,1,3.796333055
11.965825,0.2,3.7942,0,1,3.788083853
11.965825,0.203,3.7885,0,1,3.77999152
11.965825,0.207,3.7773,0,1,3.769436746
11.965825,0.21,3.7723,0,1,3.761690503
11.965825,0.213,3.765,0,1,3.754084613
11.965825,0.216,3.7509,0,1,3.746614609
11.965825,0.22,3.7456,0,1,3.736858639
11.965825,0.223,3.7376,0,1,3.729689443
11.965825,0.227,3.7281,0,1,3.720320259
11.965825,0.23,3.7196,0,1,3.713430952
11.965825,0.234,3.7102,0,1,3.704422059
11.965825,0.237,3.7014,0,1,3.697793753
11.965825,0.241,3.6935,0,1,3.689121192
11.965825,0.245,3.6818,0,1,3.68063093
11.965825,0.249,3.6761,0,1,3.672316253
11.965825,0.253,3.6653,0,1,3.664170795
11.965825,0.256,3.657,0,1,3.658169106
11.965825,0.26,3.6482,0,1,3.650305434
11.965825,0.265,3.6428,0,1,3.640690849
11.965825,0.269,3.6342,0,1,3.633164832
11.965825,0.273,3.6318,0,1,3.625780702
11.965825,0.277,3.6173,0,1,3.618533762
11.965825,0.281,3.6108,0,1,3.611419538
11.965825,0.286,3.6087,0,1,3.602706904
11.965825,0.29,3.597,0,1,3.595875979
11.965825,0.295,3.5926,0,1,3.587504987
11.965825,0.299,3.5878,0,1,3.58093787
11.965825,0.304,3.5786,0,1,3.572885366
11.965825,0.309,3.571,0,1,3.565000613
11.965825,0.314,3.5648,0,1,3.557277485
11.965825,0.318,3.5584,0,1,3.551211439
11.965825,0.323,3.5537,0,1,3.543764798
11.965825,0.328,3.5415,0,1,3.53646425
11.965825,0.334,3.5358,0,1,3.527889373
11.965825,0.339,3.5257,0,1,3.520892874
11.965825,0.344,3.5219,0,1,3.514027219
11.965825,0.349,3.5121,0,1,3.507288111
11.965825,0.355,3.5081,0,1,3.49936247
11.965825,0.36,3.4981,0,1,3.492887612
11.965825,0.366,3.4955,0,1,3.485268064
11.965825,0.372,3.4866,0,1,3.477806732
11.965825,0.377,3.4771,0,1,3.471705652
11.965825,0.383,3.4719,0,1,3.464519641
11.965825,0.389,3.4686,0,1,3.457476287
11.965825,0.395,3.4545,0,1,3.450570621
11.965825,0.402,3.4522,0,1,3.442681747
11.965825,0.408,3.441,0,1,3.436058511
11.965825,0.414,3.439,0,1,3.429558777
11.965825,0.421,3.4313,0,1,3.422126463
11.965825,0.427,3.4247,0,1,3.415880697
11.965825,0.434,3.415,0,1,3.408734427
11.965825,0.441,3.4099,0,1,3.401734177
11.965825,0.447,3.4049,0,1,3.395846209
11.965825,0.454,3.3941,0,1,3.389103462
11.965825,0.461,3.3886,0,1,3.382492478
11.965825,0.469,3.383,0,1,3.375092628
11.965825,0.476,3.3741,0,1,3.368749064
11.965825,0.483,3.3665,0,1,3.362523788
11.965825,0.491,3.3572,0,1,3.355549068
11.965825,0.499,3.3526,0,1,3.3487183
11.965825,0.506,3.345,0,1,3.342855361
11.965825,0.514,3.3335,0,1,3.336280673
11.965825,0.522,3.3309,0,1,3.329835667
11.965825,0.53,3.3231,0,1,3.323515855
11.965825,0.539,3.3186,0,1,3.31655041
11.965825,0.547,3.3151,0,1,3.310482725
11.965825,0.556,3.3027,0,1,3.303790901
11.965825,0.564,3.3022,0,1,3.297957967
11.965825,0.573,3.2943,0,1,3.29152119
11.965825,0.582,3.2868,0,1,3.285212526
11.965825,0.591,3.2822,0,1,3.279027503
11.965825,0.6,3.2765,0,1,3.27296187
11.965825,0.61,3.2725,0,1,3.26635739
11.965825,0.619,3.2654,0,1,3.260530757
11.965825,0.629,3.2609,0,1,3.254182566
11.965825,0.638,3.2483,0,1,3.248578658
11.965825,0.648,3.2455,0,1,3.242469561
11.965825,0.659,3.2403,0,1,3.235887401
11.965825,0.669,3.2349,0,1,3.230024496
11.965825,0.679,3.2313,0,1,3.224272697
11.965825,0.69,3.2207,0,1,3.218069638
11.965825,0.701,3.2193,0,1,3.211991872
11.965825,0.711,3.2109,0,1,3.206571616
11.965825,0.723,3.2088,0,1,3.200194687
11.965825,0.734,3.2029,0,1,3.194467046
11.965825,0.745,3.1976,0,1,3.188848225
11.965825,0.757,3.1894,0,1,3.182838451
11.965825,0.769,3.1839,0,1,3.176949388
11.965825,0.781,3.1788,0,1,3.171176782
11.965825,0.793,3.1734,0,1,3.165516594
11.965825,0.805,3.1662,0,1,3.159964983
11.965825,0.818,3.1623,0,1,3.154069027
11.965825,0.83,3.1533,0,1,3.148732079
11.965825,0.843,3.1492,0,1,3.14306071
11.965825,0.856,3.1422,0,1,3.137500187
11.965825,0.87,3.1399,0,1,3.13163154
11.965825,0.883,3.1289,0,1,3.126289303
11.965825,0.897,3.1241,0,1,3.120647558
11.965825,0.911,3.1184,0,1,3.115117402
11.965825,0.925,3.1108,0,1,3.109694961
11.965825,0.94,3.1068,0,1,3.104000556
11.965825,0.954,3.1034,0,1,3.098789732
11.965825,0.969,3.0919,0,1,3.093314222
11.965825,0.984,3.0909,0,1,3.087946134
11.965825,1,3.0859,0,1,3.082334413
11.965825,1.015,3.0805,0,1,3.077176817
11.965825,1.031,3.0759,0,1,3.071781823
11.965825,1.047,3.0729,0,1,3.066492936
11.965825,1.063,3.0604,0,1,3.061306495
11.965825,1.08,3.0576,0,1,3.055904259
11.965825,1.097,3.0549,0,1,3.050609776
11.965825,1.114,3.0467,0,1,3.045419276
11.965825,1.131,3.0422,0,1,3.040329177
11.965825,1.149,3.0414,0,1,3.035045307
11.965825,1.167,3.0308,0,1,3.029866333
11.965825,1.185,3.0283,0,1,3.024788602
11.965825,1.203,3.0223,0,1,3.01980864
11.965825,1.222,3.0157,0,1,3.014654434
11.965825,1.241,3.0124,0,1,3.009601789
11.965825,1.26,3.007,0,1,3.004647194
11.965825,1.28,3.0048,0,1,2.99953409
11.965825,1.3,2.9968,0,1,2.994522229
11.965825,1.32,2.9937,0,1,2.989608095
11.965825,1.341,2.9869,0,1,2.984549776
11.965825,1.362,2.9844,0,1,2.979591838
11.965825,1.383,2.9811,0,1,2.974730786
11.965825,1.404,2.972,0,1,2.969963298
11.965825,1.426,2.9686,0,1,2.965065699
11.965825,1.449,2.9629,0,1,2.96004782
11.965825,1.471,2.9615,0,1,2.955342592
11.965825,1.494,2.9581,0,1,2.950518831
11.965825,1.517,2.9514,0,1,2.94578919
11.965825,1.541,2.9449,0,1,2.940950779
11.965825,1.565,2.9439,0,1,2.936207864
11.965825,1.589,2.9384,0,1,2.931557139
11.965825,1.614,2.9316,0,1,2.926807277
11.965825,1.639,2.9266,0,1,2.922150658
11.965825,1.665,2.9222,0,1,2.917403236
11.965825,1.691,2.9209,0,1,2.912749762
11.965825,1.717,2.9133,0,1,2.908186972
11.965825,1.744,2.907,0,1,2.903541352
11.965825,1.771,2.9001,0,1,2.898986884
11.965825,1.799,2.8965,0,1,2.894356655
11.965825,1.827,2.8934,0,1,2.889817756
11.965825,1.855,2.8912,0,1,2.885367024
11.965825,1.884,2.8831,0,1,2.880847082
11.965825,1.913,2.877,0,1,2.876415321
11.965825,1.943,2.8771,0,1,2.871920324
11.965825,1.973,2.8696,0,1,2.867513287
11.965825,2.004,2.8632,0,1,2.863048551
11.965825,2.035,2.8617,0,1,2.858671346
11.965825,2.067,2.8552,0,1,2.854241563
11.965825,2.099,2.8496,1,1,2.849898695
11.965825,2.132,2.8428,1,1,2.845507978
11.965825,2.165,2.8422,1,1,2.841203393
11.965825,2.199,2.8376,1,1,2.836855322
11.965825,2.233,2.8351,1,1,2.832592455
11.965825,2.268,2.8317,1,1,2.828290119
11.965825,2.303,2.8278,1,1,2.824071932
11.965825,2.339,2.8213,1,1,2.819817973
11.965825,2.375,2.8166,1,1,2.815646998
11.965825,2.412,2.8121,1,1,2.81144365
11.965825,2.45,2.8109,1,1,2.80721174
11.965825,2.488,2.8064,1,1,2.803063015
11.965825,2.527,2.8025,1,1,2.798888603
11.965825,2.566,2.7963,1,1,2.794795844
11.965825,2.606,2.7949,1,1,2.790680027
11.965825,2.647,2.7928,1,1,2.78654439
11.965825,2.688,2.7865,1,1,2.782489937
11.965825,2.73,2.7821,1,1,2.778417852
11.965825,2.773,2.7759,1,1,2.77433105
11.965825,2.816,2.7726,1,1,2.770324563
11.965825,2.86,2.769,1,1,2.766305152
11.965825,2.904,2.7689,1,1,2.762364116
11.965825,2.949,2.7622,1,1,2.758411785
11.965825,2.995,2.7564,1,1,2.754450616
11.965825,3.042,2.7573,1,1,2.750482959
11.965825,3.089,2.7466,1,1,2.746592996
11.965825,3.138,2.7427,1,1,2.742617344
11.965825,3.186,2.7421,1,1,2.738799125
11.965825,3.236,2.7383,1,1,2.734899322
11.965825,3.286,2.7356,1,1,2.731075888
11.965825,3.338,2.7318,1,1,2.727177709
11.965825,3.39,2.7256,1,1,2.723356488
11.965825,3.442,2.7249,1,1,2.71960956
11.965825,3.496,2.7186,1,1,2.715794437
11.965825,3.551,2.7193,1,1,2.71198542
11.965825,3.606,2.7122,1,1,2.708251174
11.965825,3.662,2.7027,1,1,2.704523192
11.965825,3.719,2.7008,1,1,2.70080283
11.965825,3.777,2.7014,1,1,2.69709137
11.965825,3.836,2.6954,1,1,2.693390021
11.965825,3.896,2.6905,1,1,2.689699922
11.965825,3.956,2.6887,1,1,2.68608185
11.965825,4.018,2.6855,1,1,2.682416224
11.965825,4.08,2.6799,1,1,2.678822286
11.965825,4.144,2.6743,1,1,2.675185001
11.965825,4.209,2.6715,2,1,2.671563743
11.965825,4.274,2.6689,2,1,2.668013362
11.965825,4.341,2.6656,2,1,2.664425348
11.965825,4.408,2.6643,2,1,2.66090752
11.965825,4.477,2.6568,2,1,2.657355501
11.965825,4.547,2.6576,2,1,2.65382289
11.965825,4.618,2.6501,2,1,2.650310214
11.965825,4.69,2.6451,2,1,2.646817956
11.965825,4.763,2.6421,2,1,2.643346557
11.965825,4.837,2.6394,2,1,2.639896421
11.965825,4.912,2.6375,2,1,2.636467916
11.965825,4.989,2.6339,2,1,2.633016995
11.965825,5.066,2.6303,2,1,2.629633578
11.965825,5.145,2.628,2,1,2.626230008
11.965825,5.225,2.6224,2,1,2.622850846
11.965825,5.307,2.6192,2,1,2.619455245
11.965825,5.389,2.6164,2,1,2.616126138
11.965825,5.473,2.6139,2,1,2.612782394
11.965825,5.559,2.6077,2,1,2.609426407
11.965825,5.645,2.6082,2,1,2.60613622
11.965825,5.733,2.6003,2,1,2.60283527
11.965825,5.823,2.6003,2,1,2.599525708
11.965825,5.913,2.5944,2,1,2.596280975
11.965825,6.005,2.5898,2,1,2.593028825
11.965825,6.099,2.5937,2,1,2.589771186
11.965825,6.194,2.5808,2,1,2.586543537
11.965825,6.29,2.5817,3,1,2.583345644
11.965825,6.388,2.5849,3,1,2.580144925
11.965825,6.488,2.5777,3,1,2.576943026
11.965825,6.589,2.5757,3,1,2.573772589
11.965825,6.692,2.5734,3,1,2.570602797
11.965825,6.796,2.5659,3,1,2.567464962
11.965825,6.902,2.5645,3,1,2.564329401
11.965825,7.009,2.564,3,1,2.561226155
11.965825,7.118,2.5589,3,1,2.558126633
11.965825,7.229,2.5577,3,1,2.555032053
11.965825,7.342,2.5539,3,1,2.551943565
11.965825,7.456,2.5501,3,1,2.548888788
11.965825,7.572,2.5494,3,1,2.545841175
11.965825,7.69,2.5412,3,1,2.54280172
11.965825,7.81,2.541,3,1,2.539771364
11.965825,7.932,2.5385,3,1,2.536750987
11.965825,8.055,2.5369,3,1,2.533765453
11.965825,8.181,2.5295,3,1,2.530767002
11.965825,8.308,2.5268,3,1,2.527803978
11.965825,8.438,2.5236,4,1,2.524830406
11.965825,8.569,2.5207,4,1,2.521892691
11.965825,8.703,2.5206,4,1,2.51894658
11.965825,8.838,2.5163,4,1,2.516036615
11.965825,8.976,2.5122,4,1,2.513120203
11.965825,9.116,2.5152,4,1,2.510219585
11.965825,9.258,2.508,4,1,2.507335198
11.965825,9.402,2.5078,4,1,2.50446744
11.965825,9.548,2.5031,4,1,2.50161668
11.965825,9.697,2.5023,4,1,2.498764297
11.965825,9.848,2.5004,4,1,2.495930292
11.965825,10.002,2.4934,4,1,2.493096699
11.965825,10.157,2.4877,4,1,2.490300537
11.965825,10.316,2.4882,4,1,2.487488399
11.965825,10.476,2.4826,5,1,2.484714023
11.965825,10.64,2.4817,5,1,2.481926012
11.965825,10.805,2.4817,5,1,2.479175961
11.965825,10.974,2.4746,5,1,2.476414409
11.965825,11.145,2.4744,5,1,2.47367503
11.965825,11.318,2.469,5,1,2.470957815
11.965825,11.495,2.4656,5,1,2.468232244
11.965825,11.674,2.469,5,1,2.465529966
11.965825,11.855,2.4645,5,1,2.46285089
11.965825,12.04,2.4601,5,1,2.460166171
11.965825,12.228,2.4608,5,1,2.457491471
11.965825,12.418,2.4569,5,1,2.454841264
11.965825,12.612,2.4522,6,1,2.452188282
11.965825,12.808,2.4505,6,1,2.449560469
11.965825,13.008,2.4443,6,1,2.446931555
11.965825,13.21,2.4397,6,1,2.444328348
11.965825,13.416,2.443,6,1,2.441725545
11.965825,13.625,2.4408,6,1,2.439136595
11.965825,13.837,2.4364,6,1,2.436561899
11.965825,14.053,2.4371,6,1,2.433990036
11.965825,14.272,2.4348,6,1,2.431433596
11.965825,14.494,2.4264,6,1,2.428892875
11.965825,14.72,2.4232,7,1,2.426357031
11.965825,14.949,2.4251,7,1,2.423837851
11.965825,15.182,2.4236,7,1,2.42132486
11.965825,15.418,2.4213,7,1,2.418829337
11.965825,15.659,2.4149,7,1,2.416330897
11.965825,15.903,2.4157,7,1,2.413850999
11.965825,16.15,2.4099,7,1,2.411389722
11.965825,16.402,2.4079,7,1,2.408927782
11.965825,16.657,2.4024,7,1,2.406485327
11.965825,16.917,2.4043,8,1,2.404043767
11.965825,17.18,2.4031,8,1,2.401622416
11.965825,17.448,2.4014,8,1,2.399203352
11.965825,17.72,2.3975,8,1,2.396796329
11.965825,17.996,2.3924,8,1,2.394401768
11.965825,18.276,2.3908,8,1,2.39202006
11.965825,18.561,2.3904,8,1,2.389643307
11.965825,18.85,2.3918,9,1,2.387280423
11.965825,19.144,2.3878,9,1,2.384923765
11.965825,19.442,2.3832,9,1,2.382581848
11.965825,19.745,2.3764,9,1,2.380247278
11.965825,20.052,2.3753,9,1,2.377928192
11.965825,20.365,2.3746,9,1,2.375610102
11.965825,20.682,2.3768,9,1,2.373308408
11.965825,21.004,2.3761,10,1,2.37101618
11.965825,21.331,2.3717,10,1,2.368733934
11.965825,21.664,2.3684,10,1,2.366455374
11.965825,22.001,2.3625,10,1,2.364194633
11.965825,22.344,2.3596,10,1,2.361938703
11.965825,22.692,2.361,10,1,2.359694737
11.965825,23.045,2.3555,11,1,2.357463086
11.965825,23.404,2.3522,11,1,2.355237933
11.965825,23.769,2.3545,11,1,2.353019935
11.965825,24.139,2.3523,11,1,2.350815607
11.965825,24.515,2.3493,11,1,2.348619398
11.965825,24.897,2.3486,11,1,2.346431856
11.965825,25.285,2.3444,12,1,2.344253497
11.965825,25.679,2.3447,12,1,2.342084799
11.965825,26.079,2.3401,12,1,2.339926212
11.965825,26.485,2.3394,12,1,2.337778151
11.965825,26.898,2.3385,12,1,2.335635868
11.965825,27.317,2.3332,13,1,2.33350506
11.965825,27.742,2.3331,13,1,2.331386051
11.965825,28.174,2.3272,13,1,2.329274301
11.965825,28.613,2.3279,13,1,2.327170369
11.965825,29.059,2.323,13,1,2.325074779
11.965825,29.512,2.3247,14,1,2.322988022
11.965825,29.971,2.3222,14,1,2.320915029
11.965825,30.438,2.3181,14,1,2.318847194
11.965825,30.912,2.3146,14,1,2.316789477
11.965825,31.394,2.3157,15,1,2.314738034
11.965825,31.883,2.3123,15,1,2.312697586
11.965825,32.38,2.3086,15,1,2.310664392
11.965825,32.884,2.3093,15,1,2.30864295
11.965825,33.396,2.3091,15,1,2.306629623
11.965825,33.917,2.3058,16,1,2.304621058
11.965825,34.445,2.3032,16,1,2.302625398
11.965825,34.982,2.3042,16,1,2.300635484
11.965825,35.526,2.2975,16,1,2.298659101
11.965825,36.08,2.2946,17,1,2.296685804
11.965825,36.642,2.2926,17,1,2.294723244
11.965825,37.213,2.2908,17,1,2.292768321
11.965825,37.792,2.288,18,1,2.290824826
11.965825,38.381,2.2888,18,1,2.28888648
11.965825,38.979,2.2904,18,1,2.28695708
11.965825,39.586,2.2797,18,1,2.285037004
11.965825,40.203,2.2813,19,1,2.283123533
11.965825,40.829,2.2801,19,1,2.281220184
11.965825,41.465,2.2773,19,1,2.279324302
11.965825,42.111,2.2764,20,1,2.277436335
11.965825,42.767,2.2753,20,1,2.275556702
11.965825,43.433,2.2726,20,1,2.273685792
11.965825,44.11,2.2735,21,1,2.271821243
11.965825,44.797,2.2733,21,1,2.269966224
11.965825,45.495,2.268,21,1,2.268118426
11.965825,46.204,2.2698,22,1,2.266278286
11.965825,46.923,2.265,22,1,2.264448737
11.965825,47.654,2.2622,22,1,2.262625074
11.965825,48.397,2.2594,23,1,2.260807802
11.965825,49.15,2.2664,23,1,2.259002144
11.965825,49.916,2.2554,23,1,2.257201281
11.965825,50.694,2.2593,24,1,2.255408055
11.965825,51.483,2.2539,24,1,2.253625095
11.965825,52.285,2.2519,25,1,2.251848244
11.965825,53.1,2.2523,25,1,2.250077975
11.965825,53.927,2.2486,25,1,2.248316837
11.965825,54.767,2.2484,26,1,2.246563053
11.965825,55.62,2.2477,26,1,2.244817009
11.965825,56.487,2.2395,27,1,2.243077082
11.965825,57.367,2.2411,27,1,2.241345674
11.965825,58.26,2.2426,27,1,2.239623096
11.965825,59.168,2.2396,28,1,2.23790589
11.965825,60.09,2.237,28,1,2.236196379
11.965825,61.026,2.2326,29,1,2.234494911
11.965825,61.976,2.2354,29,1,2.232801811
11.965825,62.942,2.2332,30,1,2.231113919
11.965825,63.922,2.23,30,1,2.22943511
11.965825,64.918,2.2265,31,1,2.227762312
11.965825,65.929,2.225,31,1,2.226097583
11.965825,66.956,2.2229,32,1,2.224439631
11.965825,67.999,2.2214,32,1,2.222788833
11.965825,69.058,2.2206,33,1,2.22114554
11.965825,70.134,2.2218,33,1,2.219508576
11.965825,71.227,2.223,34,1,2.217878333
11.965825,72.336,2.2179,34,1,2.216256628
11.965825,73.463,2.214,35,1,2.214640879
11.965825,74.608,2.2125,35,1,2.213031492
11.965825,75.77,2.2097,36,1,2.211430211
11.965825,76.95,2.2113,36,1,2.209835973
11.965825,78.149,2.2127,37,1,2.208247797
11.965825,79.366,2.2122,37,1,2.206667356
11.965825,80.603,2.2011,38,1,2.205092414
11.965825,81.858,2.203,39,1,2.203525857
11.965825,83.133,2.2025,39,1,2.201965502
11.965825,84.428,2.2025,40,1,2.200411716
11.965825,85.744,2.2,41,1,2.198863673
11.965825,87.079,2.201,41,1,2.197324044
11.965825,88.436,2.1922,42,1,2.195789699
11.965825,89.813,2.1953,42,1,2.194263238
11.965825,91.212,2.1924,43,1,2.192742762
11.965825,92.633,2.1916,44,1,2.191228631
11.965825,94.076,2.1895,45,1,2.189721178
11.965825,95.542,2.1904,45,1,2.188219705
11.965825,97.03,2.1866,46,1,2.186725555
11.965825,98.542,2.1851,47,1,2.185237049
11.965825,100.077,2.1843,47,1,2.183755508
11.965825,101.636,2.1833,48,1,2.182280278
11.965825,103.219,2.1783,49,1,2.18081168
11.965825,104.827,2.1778,50,1,2.17934911
11.965825,106.46,2.182,50,1,2.177892899
11.965825,108.118,2.1754,51,1,2.176443355
11.965825,109.802,2.1769,52,1,2.174999914
11.965825,111.513,2.1758,53,1,2.173562063
11.965825,113.25,2.1717,54,1,2.172130961
11.965825,115.014,2.1688,55,1,2.170706082
11.965825,116.806,2.1686,55,1,2.169286942
11.965825,118.625,2.1662,56,1,2.167874638
11.965825,120.473,2.1662,57,1,2.166467921
11.965825,122.35,2.165,58,1,2.165067122
11.965825,124.256,2.1639,59,1,2.163672547
11.965825,126.191,2.1613,60,1,2.162284485
11.965825,128.157,2.1601,61,1,2.160901809
11.965825,130.154,2.1608,62,1,2.15952485
11.965825,132.181,2.1563,63,1,2.158154585
11.965825,134.24,2.1608,64,1,2.15678995
11.965825,136.331,2.1559,65,1,2.155431254
11.965825,138.455,2.1564,66,1,2.154078152
11.965825,140.612,2.1513,67,1,2.152730948
11.965825,142.802,2.1549,68,1,2.151389926
11.965825,145.027,2.154,69,1,2.150054163
11.965825,147.286,2.1497,70,1,2.148724557
11.965825,149.58,2.1476,71,1,2.147400796
11.965825,151.91,2.1469,72,1,2.146082598
11.965825,154.277,2.1448,73,1,2.144769702
11.965825,156.68,2.145,74,1,2.143462951
11.965825,159.121,2.1418,76,1,2.142161538
11.965825,161.6,2.14,77,1,2.140865759
11.965825,164.117,2.1388,78,1,2.13957589
11.965825,166.674,2.137,79,1,2.138291192
11.965825,169.27,2.1365,80,1,2.13701245
11.965825,171.907,2.1371,82,1,2.135738956
11.965825,174.585,2.1369,83,1,2.134470998
11.965825,177.304,2.1294,84,1,2.133208845
11.965825,180.066,2.1327,86,1,2.131951844
11.965825,182.871,2.1307,87,1,2.13070028
11.965825,185.72,2.1319,88,1,2.129453988
11.965825,188.613,2.1281,90,1,2.12821324
11.965825,191.551,2.1281,91,1,2.126977875
11.965825,194.535,2.1256,93,1,2.125747746
11.965825,197.566,2.1246,94,1,2.124522722
11.965825,200.643,2.1259,96,1,2.123303468
11.965825,203.769,2.1246,97,1,2.122089062
11.965825,206.943,2.1175,99,1,2.120880165
11.965825,210.167,2.1212,100,1,2.119676278
11.965825,213.441,2.1187,102,1,2.118477671
11.965825,216.766,2.116,103,1,2.11728424
11.965825,220.142,2.1158,105,1,2.116096238
11.965825,223.572,2.1101,106,1,2.114912879
11.965825,227.054,2.1153,108,1,2.113735112
11.965825,230.591,2.1141,110,1,2.112562175
11.965825,234.183,2.1118,112,1,2.111394334
11.965825,237.831,2.1087,113,1,2.110231519
11.965825,241.536,2.1093,115,1,2.109073671
11.965825,245.299,2.1106,117,1,2.107920736
11.965825,249.12,2.1054,119,1,2.106772964
11.965825,253.001,2.106,121,1,2.105630006
11.965825,256.942,2.1017,122,1,2.104492115
11.965825,260.944,2.1018,124,1,2.103359245
11.965825,265.009,2.1032,126,1,2.102231082
11.965825,269.138,2.0988,128,1,2.101107606
11.965825,273.33,2.1003,130,1,2.099989334
11.965825,277.588,2.0972,132,1,2.098875705
11.965825,281.912,2.0993,134,1,2.097766969
11.965825,286.304,2.0961,136,1,2.096662858
11.965825,290.764,2.0948,139,1,2.095563617
11.965825,295.293,2.0964,141,1,2.094469236
11.965825,299.893,2.0936,143,1,2.093379471
2.782831,0.134,4.1185,0,1,4.116626221
2.782831,0.136,4.11,0,1,4.107618684
2.782831,0.138,4.0963,0,1,4.09877911
2.782831,0.14,4.0913,0,1,4.090101998
2.782831,0.143,4.0785,0,1,4.077379543
2.782831,0.145,4.0755,0,1,4.069086168
2.782831,0.147,4.0666,0,1,4.060937924
2.782831,0.149,4.0565,0,1,4.052930346
2.782831,0.152,4.0509,0,1,4.041173442
2.782831,0.154,4.0385,0,1,4.033499257
2.782831,0.156,4.0297,0,1,4.025951582
2.782831,0.159,4.02,0,1,4.014859294
2.782831,0.161,4.0118,0,1,4.007612176
2.782831,0.164,4.0057,0,1,3.996954846
2.782831,0.166,3.9966,0,1,3.989987608
2.782831,0.169,3.988,0,1,3.979735757
2.782831,0.172,3.9819,0,1,3.969714218
2.782831,0.174,3.9684,0,1,3.963156649
2.782831,0.177,3.964,0,1,3.953499086
2.782831,0.18,3.9541,0,1,3.944048784
2.782831,0.183,3.9472,0,1,3.934797949
2.782831,0.185,3.9338,0,1,3.928737881
2.782831,0.188,3.9298,0,1,3.919803288
2.782831,0.191,3.9186,0,1,3.911049333
2.782831,0.194,3.912,0,1,3.902469611
2.782831,0.197,3.9027,0,1,3.894058041
2.782831,0.2,3.8916,0,1,3.885808839
2.782831,0.203,3.8852,0,1,3.877716505
2.782831,0.207,3.8734,0,1,3.867161731
2.782831,0.21,3.8679,0,1,3.859415488
2.782831,0.213,3.8614,0,1,3.851809598
2.782831,0.216,3.8531,0,1,3.844339595
2.782831,0.22,3.8416,0,1,3.834583624
2.782831,0.223,3.8315,0,1,3.827414428
2.782831,0.227,3.822,0,1,3.818045244
2.782831,0.23,3.8175,0,1,3.811155937
2.782831,0.234,3.8092,0,1,3.802147045
2.782831,0.237,3.7999,0,1,3.795518738
2.782831,0.241,3.7901,0,1,3.786846177
2.782831,0.245,3.7814,0,1,3.778355916
2.782831,0.249,3.7732,0,1,3.770041239
2.782831,0.253,3.7683,0,1,3.76189578
2.782831,0.256,3.7561,0,1,3.755894092
2.782831,0.26,3.7495,0,1,3.748030419
2.782831,0.265,3.7387,0,1,3.738415835
2.782831,0.269,3.7323,0,1,3.730889818
2.782831,0.273,3.724,0,1,3.723505687
2.782831,0.277,3.7168,0,1,3.716258748
2.782831,0.281,3.7086,0,1,3.709144523
2.782831,0.286,3.7012,0,1,3.70043189
2.782831,0.29,3.6928,0,1,3.693600964
2.782831,0.295,3.6888,0,1,3.685229972
2.782831,0.299,3.682,0,1,3.678662856
2.782831,0.304,3.6733,0,1,3.670610351
2.782831,0.309,3.666,0,1,3.662725598
2.782831,0.314,3.6578,0,1,3.65500247
2.782831,0.318,3.6542,0,1,3.648936424
2.782831,0.323,3.6511,0,1,3.641489784
2.782831,0.328,3.638,0,1,3.634189236
2.782831,0.334,3.6347,0,1,3.625614359
2.782831,0.339,3.6258,0,1,3.618617859
2.782831,0.344,3.6197,0,1,3.611752204
2.782831,0.349,3.6113,0,1,3.605013096
2.782831,0.355,3.6025,0,1,3.597087455
2.782831,0.36,3.5964,0,1,3.590612598
2.782831,0.366,3.5857,0,1,3.582993049
2.782831,0.372,3.5817,0,1,3.575531718
2.782831,0.377,3.577,0,1,3.569430637
2.782831,0.383,3.57,0,1,3.562244626
2.782831,0.389,3.5631,0,1,3.555201272
2.782831,0.395,3.5564,0,1,3.548295606
2.782831,0.402,3.5464,0,1,3.540406732
2.782831,0.408,3.5418,0,1,3.533783496
2.782831,0.414,3.5339,0,1,3.527283762
2.782831,0.421,3.5292,0,1,3.519851449
2.782831,0.427,3.5236,0,1,3.513605682
2.782831,0.434,3.5155,0,1,3.506459412
2.782831,0.441,3.5036,0,1,3.499459162
2.782831,0.447,3.4995,0,1,3.493571195
2.782831,0.454,3.4897,0,1,3.486828447
2.782831,0.461,3.486,0,1,3.480217464
2.782831,0.469,3.4776,0,1,3.472817613
2.782831,0.476,3.4713,0,1,3.466474049
2.782831,0.483,3.4635,0,1,3.460248773
2.782831,0.491,3.4567,0,1,3.453274054
2.782831,0.499,3.4497,0,1,3.446443285
2.782831,0.506,3.4451,0,1,3.440580346
2.782831,0.514,3.4386,0,1,3.434005658
2.782831,0.522,3.43,0,1,3.427560652
2.782831,0.53,3.4214,0,1,3.421240841
2.782831,0.539,3.4171,0,1,3.414275395
2.782831,0.547,3.4083,0,1,3.40820771
2.782831,0.556,3.4047,0,1,3.401515887
2.782831,0.564,3.401,0,1,3.395682953
2.782831,0.573,3.3906,0,1,3.389246175
2.782831,0.582,3.3865,0,1,3.382937511
2.782831,0.591,3.3783,0,1,3.376752488
2.782831,0.6,3.3736,0,1,3.370686855
2.782831,0.61,3.3696,0,1,3.364082376
2.782831,0.619,3.361,0,1,3.358255742
2.782831,0.629,3.3603,0,1,3.351907551
2.782831,0.638,3.35,0,1,3.346303643
2.782831,0.648,3.3454,0,1,3.340194546
2.782831,0.659,3.3461,0,1,3.333612386
2.782831,0.669,3.3317,0,1,3.327749482
2.782831,0.679,3.3264,0,1,3.321997682
2.782831,0.69,3.3206,0,1,3.315794623
2.782831,0.701,3.3171,0,1,3.309716857
2.782831,0.711,3.3104,0,1,3.304296601
2.782831,0.723,3.3012,0,1,3.297919672
2.782831,0.734,3.297,0,1,3.292192031
2.782831,0.745,3.2899,0,1,3.28657321
2.782831,0.757,3.2875,0,1,3.280563437
2.782831,0.769,3.2816,0,1,3.274674373
2.782831,0.781,3.2776,0,1,3.268901767
2.782831,0.793,3.272,0,1,3.26324158
2.782831,0.805,3.2643,0,1,3.257689968
2.782831,0.818,3.2569,0,1,3.251794013
2.782831,0.83,3.256,0,1,3.246457064
2.782831,0.843,3.2443,0,1,3.240785695
2.782831,0.856,3.2375,0,1,3.235225172
2.782831,0.87,3.233,0,1,3.229356525
2.782831,0.883,3.2295,0,1,3.224014288
2.782831,0.897,3.2211,0,1,3.218372544
2.782831,0.911,3.2144,0,1,3.212842387
2.782831,0.925,3.2131,0,1,3.207419946
2.782831,0.94,3.205,0,1,3.201725541
2.782831,0.954,3.2016,0,1,3.196514717
2.782831,0.969,3.1956,0,1,3.191039207
2.782831,0.984,3.191,0,1,3.185671119
2.782831,1,3.1852,0,1,3.180059399
2.782831,1.015,3.1754,0,1,3.174901802
2.782831,1.031,3.1714,0,1,3.169506808
2.782831,1.047,3.162,0,1,3.164217921
2.782831,1.063,3.158,0,1,3.15903148
2.782831,1.08,3.1601,0,1,3.153629244
2.782831,1.097,3.1507,0,1,3.148334761
2.782831,1.114,3.1433,0,1,3.143144261
2.782831,1.131,3.1416,0,1,3.138054162
2.782831,1.149,3.1329,0,1,3.132770293
2.782831,1.167,3.1325,0,1,3.127591319
2.782831,1.185,3.1271,0,1,3.122513587
2.782831,1.203,3.1192,0,1,3.117533625
2.782831,1.222,3.113,0,1,3.112379419
2.782831,1.241,3.1071,0,1,3.107326774
2.782831,1.26,3.1068,0,1,3.102372179
2.782831,1.28,3.0995,0,1,3.097259075
2.782831,1.3,3.0953,0,1,3.092247214
2.782831,1.32,3.0925,0,1,3.08733308
2.782831,1.341,3.0872,0,1,3.082274761
2.782831,1.362,3.0824,0,1,3.077316823
2.782831,1.383,3.0826,0,1,3.072455771
2.782831,1.404,3.0765,0,1,3.067688284
2.782831,1.426,3.0687,0,1,3.062790684
2.782831,1.449,3.0619,0,1,3.057772806
2.782831,1.471,3.0588,0,1,3.053067577
2.782831,1.494,3.0527,0,1,3.048243816
2.782831,1.517,3.0475,0,1,3.043514176
2.782831,1.541,3.0421,0,1,3.038675764
2.782831,1.565,3.0384,0,1,3.033932849
2.782831,1.589,3.0301,0,1,3.029282124
2.782831,1.614,3.0313,0,1,3.024532262
2.782831,1.639,3.025,0,1,3.019875643
2.782831,1.665,3.0155,0,1,3.015128222
2.782831,1.691,3.0186,0,1,3.010474747
2.782831,1.717,3.0112,0,1,3.005911957
2.782831,1.744,3.0051,0,1,3.001266338
2.782831,1.771,2.9996,0,1,2.996711869
2.782831,1.799,2.9955,0,1,2.992081641
2.782831,1.827,2.9889,0,1,2.987542741
2.782831,1.855,2.9828,0,1,2.98309201
2.782831,1.884,2.9799,0,1,2.978572068
2.782831,1.913,2.9786,0,1,2.974140306
2.782831,1.943,2.9721,0,1,2.969645309
2.782831,1.973,2.9672,0,1,2.965238273
2.782831,2.004,2.9604,0,1,2.960773536
2.782831,2.035,2.9588,0,1,2.956396332
2.782831,2.067,2.9502,0,1,2.951966549
2.782831,2.099,2.95,1,1,2.94762368
2.782831,2.132,2.9415,1,1,2.943232963
2.782831,2.165,2.9368,1,1,2.938928378
2.782831,2.199,2.9371,1,1,2.934580307
2.782831,2.233,2.9309,1,1,2.93031744
2.782831,2.268,2.9283,1,1,2.926015105
2.782831,2.303,2.9246,1,1,2.921796917
2.782831,2.339,2.9208,1,1,2.917542959
2.782831,2.375,2.9166,1,1,2.913371984
2.782831,2.412,2.9124,1,1,2.909168635
2.782831,2.45,2.9092,1,1,2.904936725
2.782831,2.488,2.9051,1,1,2.900788
2.782831,2.527,2.903,1,1,2.896613589
2.782831,2.566,2.895,1,1,2.892520829
2.782831,2.606,2.8927,1,1,2.888405012
2.782831,2.647,2.8883,1,1,2.884269375
2.782831,2.688,2.881,1,1,2.880214922
2.782831,2.73,2.8819,1,1,2.876142837
2.782831,2.773,2.8753,1,1,2.872056035
2.782831,2.816,2.875,1,1,2.868049548
2.782831,2.86,2.8668,1,1,2.864030137
2.782831,2.904,2.8579,1,1,2.860089101
2.782831,2.949,2.8599,1,1,2.85613677
2.782831,2.995,2.8532,1,1,2.852175601
2.782831,3.042,2.8499,1,1,2.848207945
2.782831,3.089,2.848,1,1,2.844317981
2.782831,3.138,2.8416,1,1,2.840342329
2.782831,3.186,2.841,1,1,2.83652411
2.782831,3.236,2.8347,1,1,2.832624308
2.782831,3.286,2.8322,1,1,2.828800873
2.782831,3.338,2.827,1,1,2.824902694
2.782831,3.39,2.8279,1,1,2.821081473
2.782831,3.442,2.8206,1,1,2.817334545
2.782831,3.496,2.8155,1,1,2.813519422
2.782831,3.551,2.8118,1,1,2.809710406
2.782831,3.606,2.8094,1,1,2.805976159
2.782831,3.662,2.8062,1,1,2.802248177
2.782831,3.719,2.7991,1,1,2.798527815
2.782831,3.777,2.7973,1,1,2.794816356
2.782831,3.836,2.7941,1,1,2.791115007
2.782831,3.896,2.7905,1,1,2.787424907
2.782831,3.956,2.7858,1,1,2.783806835
2.782831,4.018,2.7785,1,1,2.780141209
2.782831,4.08,2.7791,1,1,2.776547271
2.782831,4.144,2.777,1,1,2.772909986
2.782831,4.209,2.7689,2,1,2.769288728
2.782831,4.274,2.7641,2,1,2.765738347
2.782831,4.341,2.76,2,1,2.762150333
2.782831,4.408,2.7629,2,1,2.758632505
2.782831,4.477,2.7545,2,1,2.755080486
2.782831,4.547,2.7533,2,1,2.751547876
2.782831,4.618,2.7446,2,1,2.7480352
2.782831,4.69,2.7448,2,1,2.744542941
2.782831,4.763,2.7415,2,1,2.741071542
2.782831,4.837,2.7413,2,1,2.737621406
2.782831,4.912,2.7371,2,1,2.734192901
2.782831,4.989,2.734,2,1,2.73074198
2.782831,5.066,2.7284,2,1,2.727358563
2.782831,5.145,2.7237,2,1,2.723954993
2.782831,5.225,2.7199,2,1,2.720575832
2.782831,5.307,2.7196,2,1,2.71718023
2.782831,5.389,2.7123,2,1,2.713851123
2.782831,5.473,2.7162,2,1,2.71050738
2.782831,5.559,2.7101,2,1,2.707151393
2.782831,5.645,2.7068,2,1,2.703861206
2.782831,5.733,2.6989,2,1,2.700560255
2.782831,5.823,2.7005,2,1,2.697250693
2.782831,5.913,2.6958,2,1,2.69400596
2.782831,6.005,2.6954,2,1,2.69075381
2.782831,6.099,2.6901,2,1,2.687496171
2.782831,6.194,2.6863,2,1,2.684268522
2.782831,6.29,2.6811,3,1,2.681070629
2.782831,6.388,2.6763,3,1,2.677869911
2.782831,6.488,2.6703,3,1,2.674668011
2.782831,6.589,2.6692,3,1,2.671497575
2.782831,6.692,2.6723,3,1,2.668327783
2.782831,6.796,2.6613,3,1,2.665189948
2.782831,6.902,2.6598,3,1,2.662054387
2.782831,7.009,2.6588,3,1,2.65895114
2.782831,7.118,2.6548,3,1,2.655851618
2.782831,7.229,2.66,3,1,2.652757038
2.782831,7.342,2.6491,3,1,2.64966855
2.782831,7.456,2.646,3,1,2.646613773
2.782831,7.572,2.6435,3,1,2.64356616
2.782831,7.69,2.6405,3,1,2.640526706
2.782831,7.81,2.6375,3,1,2.637496349
2.782831,7.932,2.6348,3,1,2.634475972
2.782831,8.055,2.6343,3,1,2.631490439
2.782831,8.181,2.6252,3,1,2.628491988
2.782831,8.308,2.6255,3,1,2.625528963
2.782831,8.438,2.6231,4,1,2.622555391
2.782831,8.569,2.6205,4,1,2.619617676
2.782831,8.703,2.6182,4,1,2.616671565
2.782831,8.838,2.6139,4,1,2.613761601
2.782831,8.976,2.6123,4,1,2.610845188
2.782831,9.116,2.6096,4,1,2.607944571
2.782831,9.258,2.6025,4,1,2.605060183
2.782831,9.402,2.6026,4,1,2.602192425
2.782831,9.548,2.6025,4,1,2.599341665
2.782831,9.697,2.5951,4,1,2.596489282
2.782831,9.848,2.5933,4,1,2.593655277
2.782831,10.002,2.5902,4,1,2.590821684
2.782831,10.157,2.5913,4,1,2.588025523
2.782831,10.316,2.5819,4,1,2.585213384
2.782831,10.476,2.5821,5,1,2.582439008
2.782831,10.64,2.58,5,1,2.579650997
2.782831,10.805,2.5738,5,1,2.576900947
2.782831,10.974,2.571,5,1,2.574139394
2.782831,11.145,2.5729,5,1,2.571400015
2.782831,11.318,2.5698,5,1,2.5686828
2.782831,11.495,2.5682,5,1,2.56595723
2.782831,11.674,2.567,5,1,2.563254952
2.782831,11.855,2.5601,5,1,2.560575875
2.782831,12.04,2.5586,5,1,2.557891157
2.782831,12.228,2.5558,5,1,2.555216456
2.782831,12.418,2.5518,5,1,2.55256625
2.782831,12.612,2.5497,6,1,2.549913267
2.782831,12.808,2.55,6,1,2.547285454
2.782831,13.008,2.5474,6,1,2.544656541
2.782831,13.21,2.5428,6,1,2.542053334
2.782831,13.416,2.5378,6,1,2.53945053
2.782831,13.625,2.5365,6,1,2.53686158
2.782831,13.837,2.5333,6,1,2.534286884
2.782831,14.053,2.5322,6,1,2.531715021
2.782831,14.272,2.5298,6,1,2.529158581
2.782831,14.494,2.5266,6,1,2.52661786
2.782831,14.72,2.5231,7,1,2.524082016
2.782831,14.949,2.5186,7,1,2.521562836
2.782831,15.182,2.518,7,1,2.519049846
2.782831,15.418,2.5165,7,1,2.516554323
2.782831,15.659,2.516,7,1,2.514055882
2.782831,15.903,2.5101,7,1,2.511575984
2.782831,16.15,2.5105,7,1,2.509114707
2.782831,16.402,2.5057,7,1,2.506652767
2.782831,16.657,2.5014,7,1,2.504210313
2.782831,16.917,2.5026,8,1,2.501768753
2.782831,17.18,2.501,8,1,2.499347401
2.782831,17.448,2.4963,8,1,2.496928337
2.782831,17.72,2.4948,8,1,2.494521314
2.782831,17.996,2.494,8,1,2.492126753
2.782831,18.276,2.4885,8,1,2.489745045
2.782831,18.561,2.4837,8,1,2.487368293
2.782831,18.85,2.4872,9,1,2.485005409
2.782831,19.144,2.4831,9,1,2.48264875
2.782831,19.442,2.4793,9,1,2.480306833
2.782831,19.745,2.4769,9,1,2.477972263
2.782831,20.052,2.4767,9,1,2.475653177
2.782831,20.365,2.4732,9,1,2.473335088
2.782831,20.682,2.4687,9,1,2.471033393
2.782831,21.004,2.4652,10,1,2.468741166
2.782831,21.331,2.4684,10,1,2.466458919
2.782831,21.664,2.4666,10,1,2.46418036
2.782831,22.001,2.4641,10,1,2.461919618
2.782831,22.344,2.4608,10,1,2.459663688
2.782831,22.692,2.4588,10,1,2.457419722
2.782831,23.045,2.4549,11,1,2.455188071
2.782831,23.404,2.4527,11,1,2.452962918
2.782831,23.769,2.4507,11,1,2.45074492
2.782831,24.139,2.4489,11,1,2.448540592
2.782831,24.515,2.4438,11,1,2.446344383
2.782831,24.897,2.4454,11,1,2.444156842
2.782831,25.285,2.4429,12,1,2.441978482
2.782831,25.679,2.4427,12,1,2.439809785
2.782831,26.079,2.4397,12,1,2.437651197
2.782831,26.485,2.4404,12,1,2.435503136
2.782831,26.898,2.4332,12,1,2.433360854
2.782831,27.317,2.4315,13,1,2.431230045
2.782831,27.742,2.4288,13,1,2.429111036
2.782831,28.174,2.4257,13,1,2.426999286
2.782831,28.613,2.4235,13,1,2.424895354
2.782831,29.059,2.4272,13,1,2.422799765
2.782831,29.512,2.4237,14,1,2.420713008
2.782831,29.971,2.4188,14,1,2.418640014
2.782831,30.438,2.4145,14,1,2.416572179
2.782831,30.912,2.4166,14,1,2.414514463
2.782831,31.394,2.4109,15,1,2.412463019
2.782831,31.883,2.4085,15,1,2.410422571
2.782831,32.38,2.4082,15,1,2.408389378
2.782831,32.884,2.4076,15,1,2.406367935
2.782831,33.396,2.4066,15,1,2.404354608
2.782831,33.917,2.403,16,1,2.402346043
2.782831,34.445,2.3993,16,1,2.400350383
2.782831,34.982,2.4001,16,1,2.398360469
2.782831,35.526,2.3965,16,1,2.396384087
2.782831,36.08,2.3964,17,1,2.394410789
2.782831,36.642,2.3895,17,1,2.392448229
2.782831,37.213,2.392,17,1,2.390493307
2.782831,37.792,2.3895,18,1,2.388549811
2.782831,38.381,2.3832,18,1,2.386611465
2.782831,38.979,2.3828,18,1,2.384682065
2.782831,39.586,2.3794,18,1,2.382761989
2.782831,40.203,2.3824,19,1,2.380848518
2.782831,40.829,2.3785,19,1,2.378945169
2.782831,41.465,2.3762,19,1,2.377049287
2.782831,42.111,2.3775,20,1,2.37516132
2.782831,42.767,2.3711,20,1,2.373281687
2.782831,43.433,2.3749,20,1,2.371410778
2.782831,44.11,2.3689,21,1,2.369546228
2.782831,44.797,2.3717,21,1,2.36769121
2.782831,45.495,2.3661,21,1,2.365843411
2.782831,46.204,2.3626,22,1,2.364003272
2.782831,46.923,2.3623,22,1,2.362173723
2.782831,47.654,2.3622,22,1,2.360350059
2.782831,48.397,2.3574,23,1,2.358532787
2.782831,49.15,2.3571,23,1,2.356727129
2.782831,49.916,2.3571,23,1,2.354926267
2.782831,50.694,2.3531,24,1,2.353133041
2.782831,51.483,2.352,24,1,2.35135008
2.782831,52.285,2.35,25,1,2.34957323
2.782831,53.1,2.3511,25,1,2.347802961
2.782831,53.927,2.3456,25,1,2.346041823
2.782831,54.767,2.3451,26,1,2.344288038
2.782831,55.62,2.3378,26,1,2.342541995
2.782831,56.487,2.3406,27,1,2.340802068
2.782831,57.367,2.3373,27,1,2.33907066
2.782831,58.26,2.3381,27,1,2.337348081
2.782831,59.168,2.3357,28,1,2.335630875
2.782831,60.09,2.3325,28,1,2.333921364
2.782831,61.026,2.3308,29,1,2.332219896
2.782831,61.976,2.3318,29,1,2.330526796
2.782831,62.942,2.3267,30,1,2.328838904
2.782831,63.922,2.3272,30,1,2.327160095
2.782831,64.918,2.3265,31,1,2.325487297
2.782831,65.929,2.3232,31,1,2.323822568
2.782831,66.956,2.3227,32,1,2.322164616
2.782831,67.999,2.3216,32,1,2.320513818
2.782831,69.058,2.3204,33,1,2.318870526
2.782831,70.134,2.3166,33,1,2.317233561
2.782831,71.227,2.3132,34,1,2.315603318
2.782831,72.336,2.3143,34,1,2.313981613
2.782831,73.463,2.3119,35,1,2.312365864
2.782831,74.608,2.3094,35,1,2.310756478
2.782831,75.77,2.3108,36,1,2.309155197
2.782831,76.95,2.3051,36,1,2.307560958
2.782831,78.149,2.3054,37,1,2.305972782
2.782831,79.366,2.3064,37,1,2.304392341
2.782831,80.603,2.2995,38,1,2.302817399
2.782831,81.858,2.2987,39,1,2.301250842
2.782831,83.133,2.298,39,1,2.299690488
2.782831,84.428,2.2965,40,1,2.298136701
2.782831,85.744,2.2983,41,1,2.296588658
2.782831,87.079,2.2998,41,1,2.295049029
2.782831,88.436,2.294,42,1,2.293514684
2.782831,89.813,2.2919,42,1,2.291988223
2.782831,91.212,2.2895,43,1,2.290467748
2.782831,92.633,2.2859,44,1,2.288953616
2.782831,94.076,2.2879,45,1,2.287446164
2.782831,95.542,2.2864,45,1,2.28594469
2.782831,97.03,2.2845,46,1,2.28445054
2.782831,98.542,2.2837,47,1,2.282962034
2.782831,100.077,2.2797,47,1,2.281480493
2.782831,101.636,2.2817,48,1,2.280005263
2.782831,103.219,2.2801,49,1,2.278536665
2.782831,104.827,2.2762,50,1,2.277074096
2.782831,106.46,2.2745,50,1,2.275617884
2.782831,108.118,2.2721,51,1,2.27416834
2.782831,109.802,2.2719,52,1,2.2727249
2.782831,111.513,2.2694,53,1,2.271287049
2.782831,113.25,2.2698,54,1,2.269855946
2.782831,115.014,2.2699,55,1,2.268431067
2.782831,116.806,2.2724,55,1,2.267011928
2.782831,118.625,2.2662,56,1,2.265599623
2.782831,120.473,2.2652,57,1,2.264192907
2.782831,122.35,2.2627,58,1,2.262792107
2.782831,124.256,2.2602,59,1,2.261397533
2.782831,126.191,2.2625,60,1,2.26000947
2.782831,128.157,2.2572,61,1,2.258626794
2.782831,130.154,2.2618,62,1,2.257249835
2.782831,132.181,2.2578,63,1,2.25587957
2.782831,134.24,2.2524,64,1,2.254514936
2.782831,136.331,2.2514,65,1,2.253156239
2.782831,138.455,2.2505,66,1,2.251803137
2.782831,140.612,2.2482,67,1,2.250455933
2.782831,142.802,2.2475,68,1,2.249114911
2.782831,145.027,2.2507,69,1,2.247779148
2.782831,147.286,2.2436,70,1,2.246449542
2.782831,149.58,2.2488,71,1,2.245125782
2.782831,151.91,2.2433,72,1,2.243807583
2.782831,154.277,2.2426,73,1,2.242494688
2.782831,156.68,2.2426,74,1,2.241187936
2.782831,159.121,2.2375,76,1,2.239886523
2.782831,161.6,2.2373,77,1,2.238590744
2.782831,164.117,2.2385,78,1,2.237300875
2.782831,166.674,2.2354,79,1,2.236016177
2.782831,169.27,2.2337,80,1,2.234737435
2.782831,171.907,2.2339,82,1,2.233463941
2.782831,174.585,2.2305,83,1,2.232195984
2.782831,177.304,2.2265,84,1,2.23093383
2.782831,180.066,2.2302,86,1,2.229676829
2.782831,182.871,2.2311,87,1,2.228425266
2.782831,185.72,2.2294,88,1,2.227178973
2.782831,188.613,2.2276,90,1,2.225938225
2.782831,191.551,2.2242,91,1,2.22470286
2.782831,194.535,2.2206,93,1,2.223472731
2.782831,197.566,2.2246,94,1,2.222247707
2.782831,200.643,2.2234,96,1,2.221028453
2.782831,203.769,2.2201,97,1,2.219814047
2.782831,206.943,2.2169,99,1,2.21860515
2.782831,210.167,2.2172,100,1,2.217401263
2.782831,213.441,2.219,102,1,2.216202656
2.782831,216.766,2.2147,103,1,2.215009225
2.782831,220.142,2.2129,105,1,2.213821224
2.782831,223.572,2.2157,106,1,2.212637864
2.782831,227.054,2.2128,108,1,2.211460097
2.782831,230.591,2.2118,110,1,2.210287161
2.782831,234.183,2.2084,112,1,2.209119319
2.782831,237.831,2.2066,113,1,2.207956505
2.782831,241.536,2.2064,115,1,2.206798656
2.782831,245.299,2.2062,117,1,2.205645721
2.782831,249.12,2.2011,119,1,2.204497949
2.782831,253.001,2.2053,121,1,2.203354992
2.782831,256.942,2.2016,122,1,2.2022171
2.782831,260.944,2.2033,124,1,2.20108423
2.782831,265.009,2.2021,126,1,2.199956067
2.782831,269.138,2.1976,128,1,2.198832592
2.782831,273.33,2.1988,130,1,2.197714319
2.782831,277.588,2.1943,132,1,2.196600691
2.782831,281.912,2.1897,134,1,2.195491954
2.782831,286.304,2.1906,136,1,2.194387843
2.782831,290.764,2.1905,139,1,2.193288602
2.782831,295.293,2.1918,141,1,2.192194221
2.782831,299.893,2.1916,143,1,2.191104457
6.86104,0.134,4.0498,0,1,4.050588767
6.86104,0.136,4.0396,0,1,4.041581231
6.86104,0.138,4.0349,0,1,4.032741656
6.86104,0.14,4.0253,0,1,4.024064544
6.86104,0.143,4.019,0,1,4.011342089
6.86104,0.145,4.0063,0,1,4.003048715
6.86104,0.147,4.0013,0,1,3.99490047
6.86104,0.149,3.9925,0,1,3.986892892
6.86104,0.152,3.9809,0,1,3.975135989
6.86104,0.154,3.9727,0,1,3.967461804
6.86104,0.156,3.968,0,1,3.959914128
6.86104,0.159,3.9588,0,1,3.948821841
6.86104,0.161,3.9466,0,1,3.941574723
6.86104,0.164,3.9376,0,1,3.930917392
6.86104,0.166,3.9322,0,1,3.923950155
6.86104,0.169,3.9189,0,1,3.913698303
6.86104,0.172,3.913,0,1,3.903676764
6.86104,0.174,3.9063,0,1,3.897119195
6.86104,0.177,3.8959,0,1,3.887461633
6.86104,0.18,3.8883,0,1,3.878011331
6.86104,0.183,3.8809,0,1,3.868760496
6.86104,0.185,3.8711,0,1,3.862700428
6.86104,0.188,3.8685,0,1,3.853765835
6.86104,0.191,3.8557,0,1,3.845011879
6.86104,0.194,3.841,0,1,3.836432158
6.86104,0.197,3.8377,0,1,3.828020587
6.86104,0.2,3.8303,0,1,3.819771385
6.86104,0.203,3.8195,0,1,3.811679052
6.86104,0.207,3.8099,0,1,3.801124278
6.86104,0.21,3.8023,0,1,3.793378035
6.86104,0.213,3.793,0,1,3.785772145
6.86104,0.216,3.7849,0,1,3.778302141
6.86104,0.22,3.7797,0,1,3.76854617
6.86104,0.223,3.7697,0,1,3.761376974
6.86104,0.227,3.7594,0,1,3.75200779
6.86104,0.23,3.7479,0,1,3.745118483
6.86104,0.234,3.7394,0,1,3.736109591
6.86104,0.237,3.7351,0,1,3.729481285
6.86104,0.241,3.7246,0,1,3.720808723
6.86104,0.245,3.7187,0,1,3.712318462
6.86104,0.249,3.7074,0,1,3.704003785
6.86104,0.253,3.7005,0,1,3.695858327
6.86104,0.256,3.6916,0,1,3.689856638
6.86104,0.26,3.6787,0,1,3.681992966
6.86104,0.265,3.6736,0,1,3.672378381
6.86104,0.269,3.6637,0,1,3.664852364
6.86104,0.273,3.6591,0,1,3.657468234
6.86104,0.277,3.6479,0,1,3.650221294
6.86104,0.281,3.6413,0,1,3.64310707
6.86104,0.286,3.6343,0,1,3.634394436
6.86104,0.29,3.6317,0,1,3.62756351
6.86104,0.295,3.6233,0,1,3.619192519
6.86104,0.299,3.6125,0,1,3.612625402
6.86104,0.304,3.6074,0,1,3.604572898
6.86104,0.309,3.6003,0,1,3.596688144
6.86104,0.314,3.5925,0,1,3.588965016
6.86104,0.318,3.5897,0,1,3.582898971
6.86104,0.323,3.5795,0,1,3.57545233
6.86104,0.328,3.5733,0,1,3.568151782
6.86104,0.334,3.5665,0,1,3.559576905
6.86104,0.339,3.5596,0,1,3.552580406
6.86104,0.344,3.5552,0,1,3.54571475
6.86104,0.349,3.5455,0,1,3.538975642
6.86104,0.355,3.5376,0,1,3.531050002
6.86104,0.36,3.5325,0,1,3.524575144
6.86104,0.366,3.5232,0,1,3.516955596
6.86104,0.372,3.5164,0,1,3.509494264
6.86104,0.377,3.5108,0,1,3.503393184
6.86104,0.383,3.5058,0,1,3.496207173
6.86104,0.389,3.4959,0,1,3.489163819
6.86104,0.395,3.4907,0,1,3.482258153
6.86104,0.402,3.4778,0,1,3.474369278
6.86104,0.408,3.4757,0,1,3.467746042
6.86104,0.414,3.463,0,1,3.461246309
6.86104,0.421,3.4623,0,1,3.453813995
6.86104,0.427,3.4544,0,1,3.447568228
6.86104,0.434,3.4464,0,1,3.440421958
6.86104,0.441,3.4367,0,1,3.433421708
6.86104,0.447,3.4314,0,1,3.427533741
6.86104,0.454,3.4231,0,1,3.420790994
6.86104,0.461,3.4214,0,1,3.41418001
6.86104,0.469,3.4139,0,1,3.406780159
6.86104,0.476,3.407,0,1,3.400436596
6.86104,0.483,3.3951,0,1,3.39421132
6.86104,0.491,3.3898,0,1,3.3872366
6.86104,0.499,3.387,0,1,3.380405832
6.86104,0.506,3.3773,0,1,3.374542893
6.86104,0.514,3.3678,0,1,3.367968204
6.86104,0.522,3.3622,0,1,3.361523198
6.86104,0.53,3.3526,0,1,3.355203387
6.86104,0.539,3.3465,0,1,3.348237941
6.86104,0.547,3.3439,0,1,3.342170257
6.86104,0.556,3.3361,0,1,3.335478433
6.86104,0.564,3.3293,0,1,3.329645499
6.86104,0.573,3.3251,0,1,3.323208722
6.86104,0.582,3.3239,0,1,3.316900058
6.86104,0.591,3.3128,0,1,3.310715035
6.86104,0.6,3.3077,0,1,3.304649402
6.86104,0.61,3.3019,0,1,3.298044922
6.86104,0.619,3.2973,0,1,3.292218289
6.86104,0.629,3.2915,0,1,3.285870098
6.86104,0.638,3.2857,0,1,3.28026619
6.86104,0.648,3.2774,0,1,3.274157093
6.86104,0.659,3.2734,0,1,3.267574933
6.86104,0.669,3.2684,0,1,3.261712028
6.86104,0.679,3.2592,0,1,3.255960229
6.86104,0.69,3.2535,0,1,3.24975717
6.86104,0.701,3.2474,0,1,3.243679404
6.86104,0.711,3.2425,0,1,3.238259147
6.86104,0.723,3.2379,0,1,3.231882219
6.86104,0.734,3.2343,0,1,3.226154578
6.86104,0.745,3.2255,0,1,3.220535757
6.86104,0.757,3.2205,0,1,3.214525983
6.86104,0.769,3.2152,0,1,3.20863692
6.86104,0.781,3.2096,0,1,3.202864314
6.86104,0.793,3.2053,0,1,3.197204126
6.86104,0.805,3.1989,0,1,3.191652515
6.86104,0.818,3.1911,0,1,3.185756559
6.86104,0.83,3.1852,0,1,3.18041961
6.86104,0.843,3.18,0,1,3.174748241
6.86104,0.856,3.1746,0,1,3.169187719
6.86104,0.87,3.1692,0,1,3.163319072
6.86104,0.883,3.1613,0,1,3.157976834
6.86104,0.897,3.1566,0,1,3.15233509
6.86104,0.911,3.1518,0,1,3.146804934
6.86104,0.925,3.1442,0,1,3.141382493
6.86104,0.94,3.1413,0,1,3.135688088
6.86104,0.954,3.1349,0,1,3.130477264
6.86104,0.969,3.1288,0,1,3.125001754
6.86104,0.984,3.1203,0,1,3.119633665
6.86104,1,3.1161,0,1,3.114021945
6.86104,1.015,3.1099,0,1,3.108864349
6.86104,1.031,3.1068,0,1,3.103469355
6.86104,1.047,3.0985,0,1,3.098180468
6.86104,1.063,3.0944,0,1,3.092994027
6.86104,1.08,3.0888,0,1,3.087591791
6.86104,1.097,3.0839,0,1,3.082297308
6.86104,1.114,3.0819,0,1,3.077106808
6.86104,1.131,3.0732,0,1,3.072016708
6.86104,1.149,3.0707,0,1,3.066732839
6.86104,1.167,3.0628,0,1,3.061553865
6.86104,1.185,3.0618,0,1,3.056476134
6.86104,1.203,3.0548,0,1,3.051496172
6.86104,1.222,3.0517,0,1,3.046341966
6.86104,1.241,3.045,0,1,3.04128932
6.86104,1.26,3.038,0,1,3.036334725
6.86104,1.28,3.0341,0,1,3.031221621
6.86104,1.3,3.0287,0,1,3.026209761
6.86104,1.32,3.0234,0,1,3.021295627
6.86104,1.341,3.0213,0,1,3.016237308
6.86104,1.362,3.0136,0,1,3.01127937
6.86104,1.383,3.0114,0,1,3.006418318
6.86104,1.404,3.0122,0,1,3.00165083
6.86104,1.426,3.0011,0,1,2.996753231
6.86104,1.449,2.9983,0,1,2.991735352
6.86104,1.471,2.9921,0,1,2.987030124
6.86104,1.494,2.9839,0,1,2.982206362
6.86104,1.517,2.9844,0,1,2.977476722
6.86104,1.541,2.9788,0,1,2.972638311
6.86104,1.565,2.969,0,1,2.967895396
6.86104,1.589,2.9677,0,1,2.96324467
6.86104,1.614,2.9614,0,1,2.958494809
6.86104,1.639,2.9577,0,1,2.95383819
6.86104,1.665,2.9547,0,1,2.949090768
6.86104,1.691,2.9467,0,1,2.944437293
6.86104,1.717,2.9437,0,1,2.939874504
6.86104,1.744,2.9362,0,1,2.935228884
6.86104,1.771,2.9349,0,1,2.930674416
6.86104,1.799,2.927,0,1,2.926044187
6.86104,1.827,2.9259,0,1,2.921505287
6.86104,1.855,2.9192,0,1,2.917054556
6.86104,1.884,2.9145,0,1,2.912534614
6.86104,1.913,2.9072,0,1,2.908102853
6.86104,1.943,2.9027,0,1,2.903607856
6.86104,1.973,2.9015,0,1,2.899200819
6.86104,2.004,2.8962,0,1,2.894736083
6.86104,2.035,2.89,0,1,2.890358878
6.86104,2.067,2.8853,0,1,2.885929095
6.86104,2.099,2.8824,1,1,2.881586227
6.86104,2.132,2.8774,1,1,2.87719551
6.86104,2.165,2.8703,1,1,2.872890925
6.86104,2.199,2.8684,1,1,2.868542854
6.86104,2.233,2.8674,1,1,2.864279986
6.86104,2.268,2.8617,1,1,2.859977651
6.86104,2.303,2.8572,1,1,2.855759464
6.86104,2.339,2.8543,1,1,2.851505505
6.86104,2.375,2.8523,1,1,2.84733453
6.86104,2.412,2.8465,1,1,2.843131182
6.86104,2.45,2.8403,1,1,2.838899271
6.86104,2.488,2.8412,1,1,2.834750547
6.86104,2.527,2.8315,1,1,2.830576135
6.86104,2.566,2.8322,1,1,2.826483376
6.86104,2.606,2.8227,1,1,2.822367559
6.86104,2.647,2.8221,1,1,2.818231922
6.86104,2.688,2.8187,1,1,2.814177469
6.86104,2.73,2.8173,1,1,2.810105383
6.86104,2.773,2.8101,1,1,2.806018581
6.86104,2.816,2.8068,1,1,2.802012094
6.86104,2.86,2.8042,1,1,2.797992684
6.86104,2.904,2.7967,1,1,2.794051648
6.86104,2.949,2.796,1,1,2.790099316
6.86104,2.995,2.7888,1,1,2.786138148
6.86104,3.042,2.7855,1,1,2.782170491
6.86104,3.089,2.7816,1,1,2.778280528
6.86104,3.138,2.777,1,1,2.774304875
6.86104,3.186,2.7769,1,1,2.770486657
6.86104,3.236,2.7666,1,1,2.766586854
6.86104,3.286,2.7654,1,1,2.76276342
6.86104,3.338,2.7616,1,1,2.758865241
6.86104,3.39,2.7563,1,1,2.75504402
6.86104,3.442,2.7542,1,1,2.751297091
6.86104,3.496,2.751,1,1,2.747481968
6.86104,3.551,2.7469,1,1,2.743672952
6.86104,3.606,2.7449,1,1,2.739938706
6.86104,3.662,2.7374,1,1,2.736210723
6.86104,3.719,2.7349,1,1,2.732490362
6.86104,3.777,2.7311,1,1,2.728778902
6.86104,3.836,2.728,1,1,2.725077553
6.86104,3.896,2.7264,1,1,2.721387454
6.86104,3.956,2.7179,1,1,2.717769382
6.86104,4.018,2.7105,1,1,2.714103756
6.86104,4.08,2.711,1,1,2.710509818
6.86104,4.144,2.7065,1,1,2.706872533
6.86104,4.209,2.707,2,1,2.703251275
6.86104,4.274,2.6998,2,1,2.699700894
6.86104,4.341,2.6926,2,1,2.696112879
6.86104,4.408,2.6944,2,1,2.692595052
6.86104,4.477,2.688,2,1,2.689043032
6.86104,4.547,2.6877,2,1,2.685510422
6.86104,4.618,2.6807,2,1,2.681997746
6.86104,4.69,2.6822,2,1,2.678505487
6.86104,4.763,2.6766,2,1,2.675034088
6.86104,4.837,2.6727,2,1,2.671583953
6.86104,4.912,2.6658,2,1,2.668155448
6.86104,4.989,2.6686,2,1,2.664704527
6.86104,5.066,2.6624,2,1,2.661321109
6.86104,5.145,2.6602,2,1,2.657917539
6.86104,5.225,2.6539,2,1,2.654538378
6.86104,5.307,2.654,2,1,2.651142776
6.86104,5.389,2.6454,2,1,2.64781367
6.86104,5.473,2.6427,2,1,2.644469926
6.86104,5.559,2.6449,2,1,2.641113939
6.86104,5.645,2.6422,2,1,2.637823752
6.86104,5.733,2.6339,2,1,2.634522802
6.86104,5.823,2.6348,2,1,2.631213239
6.86104,5.913,2.6293,2,1,2.627968507
6.86104,6.005,2.623,2,1,2.624716356
6.86104,6.099,2.6257,2,1,2.621458718
6.86104,6.194,2.6196,2,1,2.618231069
6.86104,6.29,2.6138,3,1,2.615033176
6.86104,6.388,2.6123,3,1,2.611832457
6.86104,6.488,2.6081,3,1,2.608630557
6.86104,6.589,2.6071,3,1,2.605460121
6.86104,6.692,2.6023,3,1,2.602290329
6.86104,6.796,2.599,3,1,2.599152494
6.86104,6.902,2.5973,3,1,2.596016933
6.86104,7.009,2.5936,3,1,2.592913686
6.86104,7.118,2.5889,3,1,2.589814165
6.86104,7.229,2.5877,3,1,2.586719585
6.86104,7.342,2.5846,3,1,2.583631096
6.86104,7.456,2.5808,3,1,2.58057632
6.86104,7.572,2.5802,3,1,2.577528706
6.86104,7.69,2.5711,3,1,2.574489252
6.86104,7.81,2.5704,3,1,2.571458895
6.86104,7.932,2.5708,3,1,2.568438519
6.86104,8.055,2.5666,3,1,2.565452985
6.86104,8.181,2.5601,3,1,2.562454534
6.86104,8.308,2.5606,3,1,2.55949151
6.86104,8.438,2.5533,4,1,2.556517938
6.86104,8.569,2.5541,4,1,2.553580223
6.86104,8.703,2.552,4,1,2.550634112
6.86104,8.838,2.5502,4,1,2.547724147
6.86104,8.976,2.5447,4,1,2.544807735
6.86104,9.116,2.5431,4,1,2.541907117
6.86104,9.258,2.5381,4,1,2.539022729
6.86104,9.402,2.536,4,1,2.536154972
6.86104,9.548,2.5337,4,1,2.533304212
6.86104,9.697,2.5306,4,1,2.530451829
6.86104,9.848,2.5277,4,1,2.527617824
6.86104,10.002,2.5236,4,1,2.52478423
6.86104,10.157,2.5226,4,1,2.521988069
6.86104,10.316,2.5174,4,1,2.51917593
6.86104,10.476,2.5151,5,1,2.516401555
6.86104,10.64,2.5124,5,1,2.513613544
6.86104,10.805,2.5137,5,1,2.510863493
6.86104,10.974,2.5059,5,1,2.508101941
6.86104,11.145,2.5032,5,1,2.505362561
6.86104,11.318,2.5049,5,1,2.502645347
6.86104,11.495,2.4996,5,1,2.499919776
6.86104,11.674,2.496,5,1,2.497217498
6.86104,11.855,2.4931,5,1,2.494538421
6.86104,12.04,2.494,5,1,2.491853703
6.86104,12.228,2.491,5,1,2.489179002
6.86104,12.418,2.4841,5,1,2.486528796
6.86104,12.612,2.4866,6,1,2.483875814
6.86104,12.808,2.4795,6,1,2.481248
6.86104,13.008,2.4751,6,1,2.478619087
6.86104,13.21,2.474,6,1,2.47601588
6.86104,13.416,2.4752,6,1,2.473413077
6.86104,13.625,2.4706,6,1,2.470824127
6.86104,13.837,2.4715,6,1,2.46824943
6.86104,14.053,2.4671,6,1,2.465677567
6.86104,14.272,2.4591,6,1,2.463121127
6.86104,14.494,2.4624,6,1,2.460580406
6.86104,14.72,2.4565,7,1,2.458044562
6.86104,14.949,2.4566,7,1,2.455525383
6.86104,15.182,2.4511,7,1,2.453012392
6.86104,15.418,2.4517,7,1,2.450516869
6.86104,15.659,2.4475,7,1,2.448018429
6.86104,15.903,2.4451,7,1,2.44553853
6.86104,16.15,2.4354,7,1,2.443077253
6.86104,16.402,2.4381,7,1,2.440615313
6.86104,16.657,2.4414,7,1,2.438172859
6.86104,16.917,2.4381,8,1,2.435731299
6.86104,17.18,2.4329,8,1,2.433309948
6.86104,17.448,2.4327,8,1,2.430890884
6.86104,17.72,2.4303,8,1,2.428483861
6.86104,17.996,2.4296,8,1,2.426089299
6.86104,18.276,2.4239,8,1,2.423707591
6.86104,18.561,2.422,8,1,2.421330839
6.86104,18.85,2.4203,9,1,2.418967955
6.86104,19.144,2.4153,9,1,2.416611297
6.86104,19.442,2.4098,9,1,2.41426938
6.86104,19.745,2.4108,9,1,2.411934809
6.86104,20.052,2.4103,9,1,2.409615723
6.86104,20.365,2.4048,9,1,2.407297634
6.86104,20.682,2.4034,9,1,2.40499594
6.86104,21.004,2.4031,10,1,2.402703712
6.86104,21.331,2.3974,10,1,2.400421466
6.86104,21.664,2.4006,10,1,2.398142906
6.86104,22.001,2.3986,10,1,2.395882165
6.86104,22.344,2.3955,10,1,2.393626235
6.86104,22.692,2.3927,10,1,2.391382269
6.86104,23.045,2.3894,11,1,2.389150618
6.86104,23.404,2.3844,11,1,2.386925465
6.86104,23.769,2.3844,11,1,2.384707467
6.86104,24.139,2.384,11,1,2.382503139
6.86104,24.515,2.3839,11,1,2.38030693
6.86104,24.897,2.3761,11,1,2.378119388
6.86104,25.285,2.3764,12,1,2.375941029
6.86104,25.679,2.3728,12,1,2.373772331
6.86104,26.079,2.3673,12,1,2.371613743
6.86104,26.485,2.3648,12,1,2.369465683
6.86104,26.898,2.3705,12,1,2.3673234
6.86104,27.317,2.3673,13,1,2.365192592
6.86104,27.742,2.3647,13,1,2.363073583
6.86104,28.174,2.362,13,1,2.360961833
6.86104,28.613,2.359,13,1,2.358857901
6.86104,29.059,2.3577,13,1,2.356762311
6.86104,29.512,2.3541,14,1,2.354675554
6.86104,29.971,2.3514,14,1,2.35260256
6.86104,30.438,2.3534,14,1,2.350534726
6.86104,30.912,2.3449,14,1,2.348477009
6.86104,31.394,2.3461,15,1,2.346425566
6.86104,31.883,2.344,15,1,2.344385117
6.86104,32.38,2.3463,15,1,2.342351924
6.86104,32.884,2.3409,15,1,2.340330482
6.86104,33.396,2.3371,15,1,2.338317155
6.86104,33.917,2.336,16,1,2.33630859
6.86104,34.445,2.3316,16,1,2.33431293
6.86104,34.982,2.335,16,1,2.332323015
6.86104,35.526,2.3312,16,1,2.330346633
6.86104,36.08,2.3267,17,1,2.328373336
6.86104,36.642,2.3261,17,1,2.326410776
6.86104,37.213,2.3256,17,1,2.324455853
6.86104,37.792,2.3234,18,1,2.322512358
6.86104,38.381,2.319,18,1,2.320574012
6.86104,38.979,2.3169,18,1,2.318644612
6.86104,39.586,2.3182,18,1,2.316724536
6.86104,40.203,2.3155,19,1,2.314811065
6.86104,40.829,2.3101,19,1,2.312907716
6.86104,41.465,2.31,19,1,2.311011834
6.86104,42.111,2.312,20,1,2.309123867
6.86104,42.767,2.3104,20,1,2.307244234
6.86104,43.433,2.3071,20,1,2.305373324
6.86104,44.11,2.302,21,1,2.303508775
6.86104,44.797,2.2987,21,1,2.301653756
6.86104,45.495,2.3011,21,1,2.299805957
6.86104,46.204,2.2964,22,1,2.297965818
6.86104,46.923,2.2972,22,1,2.296136269
6.86104,47.654,2.295,22,1,2.294312606
6.86104,48.397,2.2938,23,1,2.292495334
6.86104,49.15,2.2904,23,1,2.290689675
6.86104,49.916,2.2887,23,1,2.288888813
6.86104,50.694,2.284,24,1,2.287095587
6.86104,51.483,2.2824,24,1,2.285312626
6.86104,52.285,2.287,25,1,2.283535776
6.86104,53.1,2.2811,25,1,2.281765507
6.86104,53.927,2.2786,25,1,2.280004369
6.86104,54.767,2.2803,26,1,2.278250585
6.86104,55.62,2.2767,26,1,2.276504541
6.86104,56.487,2.2787,27,1,2.274764614
6.86104,57.367,2.271,27,1,2.273033206
6.86104,58.26,2.2751,27,1,2.271310628
6.86104,59.168,2.2704,28,1,2.269593422
6.86104,60.09,2.2709,28,1,2.267883911
6.86104,61.026,2.2646,29,1,2.266182443
6.86104,61.976,2.2632,29,1,2.264489342
6.86104,62.942,2.2647,30,1,2.262801451
6.86104,63.922,2.2587,30,1,2.261122642
6.86104,64.918,2.2592,31,1,2.259449844
6.86104,65.929,2.2578,31,1,2.257785115
6.86104,66.956,2.2596,32,1,2.256127163
6.86104,67.999,2.2533,32,1,2.254476364
6.86104,69.058,2.2559,33,1,2.252833072
6.86104,70.134,2.2511,33,1,2.251196108
6.86104,71.227,2.2472,34,1,2.249565865
6.86104,72.336,2.2484,34,1,2.247944159
6.86104,73.463,2.2453,35,1,2.246328411
6.86104,74.608,2.2404,35,1,2.244719024
6.86104,75.77,2.2426,36,1,2.243117743
6.86104,76.95,2.2432,36,1,2.241523504
6.86104,78.149,2.2381,37,1,2.239935328
6.86104,79.366,2.2399,37,1,2.238354887
6.86104,80.603,2.2375,38,1,2.236779946
6.86104,81.858,2.2376,39,1,2.235213389
6.86104,83.133,2.2337,39,1,2.233653034
6.86104,84.428,2.2297,40,1,2.232099247
6.86104,85.744,2.2299,41,1,2.230551204
6.86104,87.079,2.2282,41,1,2.229011576
6.86104,88.436,2.228,42,1,2.22747723
6.86104,89.813,2.2253,42,1,2.22595077
6.86104,91.212,2.2244,43,1,2.224430294
6.86104,92.633,2.2183,44,1,2.222916162
6.86104,94.076,2.2241,45,1,2.22140871
6.86104,95.542,2.2167,45,1,2.219907236
6.86104,97.03,2.221,46,1,2.218413087
6.86104,98.542,2.2141,47,1,2.216924581
6.86104,100.077,2.2135,47,1,2.215443039
6.86104,101.636,2.2138,48,1,2.21396781
6.86104,103.219,2.2123,49,1,2.212499212
6.86104,104.827,2.2086,50,1,2.211036642
6.86104,106.46,2.2098,50,1,2.209580431
6.86104,108.118,2.2044,51,1,2.208130886
6.86104,109.802,2.2069,52,1,2.206687446
6.86104,111.513,2.204,53,1,2.205249595
6.86104,113.25,2.2048,54,1,2.203818493
6.86104,115.014,2.2026,55,1,2.202393614
6.86104,116.806,2.2,55,1,2.200974474
6.86104,118.625,2.1994,56,1,2.19956217
6.86104,120.473,2.1984,57,1,2.198155453
6.86104,122.35,2.1999,58,1,2.196754654
6.86104,124.256,2.1908,59,1,2.195360079
6.86104,126.191,2.1946,60,1,2.193972017
6.86104,128.157,2.1886,61,1,2.192589341
6.86104,130.154,2.1888,62,1,2.191212381
6.86104,132.181,2.1922,63,1,2.189842117
6.86104,134.24,2.1867,64,1,2.188477482
6.86104,136.331,2.1882,65,1,2.187118786
6.86104,138.455,2.1863,66,1,2.185765683
6.86104,140.612,2.1858,67,1,2.184418479
6.86104,142.802,2.1857,68,1,2.183077458
6.86104,145.027,2.1804,69,1,2.181741695
6.86104,147.286,2.1798,70,1,2.180412088
6.86104,149.58,2.1796,71,1,2.179088328
6.86104,151.91,2.178,72,1,2.17777013
6.86104,154.277,2.1795,73,1,2.176457234
6.86104,156.68,2.1735,74,1,2.175150482
6.86104,159.121,2.1726,76,1,2.17384907
6.86104,161.6,2.1753,77,1,2.172553291
6.86104,164.117,2.169,78,1,2.171263421
6.86104,166.674,2.1684,79,1,2.169978723
6.86104,169.27,2.1721,80,1,2.168699981
6.86104,171.907,2.1633,82,1,2.167426488
6.86104,174.585,2.1665,83,1,2.16615853
6.86104,177.304,2.1642,84,1,2.164896377
6.86104,180.066,2.1676,86,1,2.163639375
6.86104,182.871,2.1616,87,1,2.162387812
6.86104,185.72,2.1612,88,1,2.16114152
6.86104,188.613,2.1623,90,1,2.159900772
6.86104,191.551,2.1567,91,1,2.158665406
6.86104,194.535,2.1572,93,1,2.157435278
6.86104,197.566,2.1555,94,1,2.156210254
6.86104,200.643,2.1547,96,1,2.154991
6.86104,203.769,2.154,97,1,2.153776594
6.86104,206.943,2.1554,99,1,2.152567696
6.86104,210.167,2.1505,100,1,2.15136381
6.86104,213.441,2.1512,102,1,2.150165203
6.86104,216.766,2.1528,103,1,2.148971772
6.86104,220.142,2.1464,105,1,2.14778377
6.86104,223.572,2.1475,106,1,2.146600411
6.86104,227.054,2.1415,108,1,2.145422644
6.86104,230.591,2.1413,110,1,2.144249707
6.86104,234.183,2.1471,112,1,2.143081866
6.86104,237.831,2.1384,113,1,2.141919051
6.86104,241.536,2.1435,115,1,2.140761203
6.86104,245.299,2.1409,117,1,2.139608267
6.86104,249.12,2.1373,119,1,2.138460495
6.86104,253.001,2.1362,121,1,2.137317538
6.86104,256.942,2.1371,122,1,2.136179647
6.86104,260.944,2.1386,124,1,2.135046777
6.86104,265.009,2.1337,126,1,2.133918613
6.86104,269.138,2.1364,128,1,2.132795138
6.86104,273.33,2.1309,130,1,2.131676866
6.86104,277.588,2.1307,132,1,2.130563237
6.86104,281.912,2.1276,134,1,2.1294545
6.86104,286.304,2.1261,136,1,2.128350389
6.86104,290.764,2.1247,139,1,2.127251149
6.86104,295.293,2.1224,141,1,2.126156767
6.86104,299.893,2.128,143,1,2.125067003
