run_id,N_params_B,D_tokens_B,C_FLOPs_1e21,steps,batch_tokens_M,lr,wd,precision,gpu_days,step_time_ms,train_loss,val_loss,ppl,grad_norm_avg,prediction,residual
8,0.070542,0.134,0.0001,64,2.09,0.000318,0.088,bf16,0,100.4,4.4729,4.7388,114.3,1.085,4.738596534,-0.000203465664
9,0.070542,0.268,0.0001,128,2.09,0.000318,0.098,fp16,0,100.4,4.1411,4.3541,77.8,0.582,4.354728145,0.0006281450607
10,0.070542,0.537,0.0002,256,2.1,0.000318,0.053,bf16,0,100.4,3.9212,4.0384,56.74,0.522,4.037780658,-0.0006193415586
11,0.070542,1.074,0.0005,512,2.1,0.000318,0.074,fp16,0,100.4,3.5323,3.7776,43.71,1.073,3.777493725,-0.0001062748207
12,0.070542,2.097,0.0009,1000,2.1,0.000318,0.082,bf16,0,100.4,3.377,3.5698,35.51,8.652,3.569862934,6.293387444e-05
13,0.070542,4.194,0.0018,2000,2.1,0.000318,0.069,fp16,0.1,100.4,3.3164,3.3922,29.73,0.914,3.392088335,-0.0001116652847
14,0.070542,6.291,0.0027,3000,2.1,0.000318,0.052,bf16,0.1,100.4,3.1983,3.3024,27.18,1.378,3.303007961,0.0006079608617
15,0.070542,8.389,0.0036,4000,2.1,0.000318,0.038,bf16,0.1,100.4,3.071,3.2452,25.67,0.753,3.245639584,0.0004395840826
16,0.070542,10.486,0.0044,5000,2.1,0.000318,0.095,fp16,0.2,100.4,2.999,3.2041,24.63,0.999,3.204237726,0.0001377260746
17,0.070542,12.583,0.0053,6000,2.1,0.000318,0.047,bf16,0.2,100.4,3.0927,3.172,23.86,0.682,3.172276828,0.000276828469
18,0.070542,14.68,0.0062,7000,2.1,0.000318,0.085,fp16,0.2,100.4,3.0447,3.1466,23.26,0.71,3.146497508,-0.0001024922917
19,0.070542,16.777,0.0071,8000,2.1,0.000318,0.096,fp16,0.3,100.4,3.0169,3.1248,22.76,1.22,3.125047735,0.0002477353281
20,0.070542,18.874,0.008,9000,2.1,0.000318,0.087,fp16,0.3,100.4,2.9922,3.1064,22.34,0.785,3.106781583,0.0003815834947
21,0.070542,20.972,0.0089,10000,2.1,0.000318,0.096,fp16,0.3,100.4,2.9376,3.0913,22.01,1.36,3.090937259,-0.000362740735
22,0.070542,23.069,0.0098,11000,2.1,0.000318,0.083,fp16,0.4,100.4,2.9798,3.077,21.69,0.94,3.077008248,8.247591633e-06
23,0.070542,25.166,0.0107,12000,2.1,0.000318,0.068,bf16,0.4,100.4,2.8241,3.0646,21.43,0.962,3.064612327,1.232739223e-05
24,0.070542,27.263,0.0115,13000,2.1,0.000318,0.092,bf16,0.4,100.4,2.9827,3.0531,21.18,1.208,3.053472617,0.000372617487
25,0.070542,29.36,0.0124,14000,2.1,0.000318,0.057,bf16,0.5,100.4,2.9136,3.0432,20.97,0.973,3.043378917,0.0001789167688
26,0.070542,31.457,0.0133,15000,2.1,0.000318,0.059,bf16,0.5,100.4,2.8271,3.0342,20.78,1.154,3.034168178,-3.182216789e-05
27,0.070542,33.554,0.0142,16000,2.1,0.000318,0.078,bf16,0.5,100.4,2.8712,3.0254,20.6,1.101,3.025711585,0.0003115845318
28,0.070542,35.652,0.0151,17000,2.1,0.000318,0.091,bf16,0.6,100.4,2.8056,3.018,20.45,1.337,3.017902155,-9.784483657e-05
29,0.070542,37.749,0.016,18000,2.1,0.000318,0.047,bf16,0.6,100.4,2.8389,3.0105,20.3,0.823,3.010663147,0.0001631465079
30,0.070542,39.846,0.0169,19000,2.1,0.000318,0.1,bf16,0.6,100.4,2.8154,3.0039,20.16,0.708,3.003921356,2.135622522e-05
31,0.070542,41.943,0.0178,20000,2.1,0.000318,0.057,fp16,0.7,100.4,2.901,2.9975,20.04,1.733,2.997619038,0.0001190381965
32,0.070542,44.04,0.0186,21000,2.1,0.000318,0.08,fp16,0.7,100.4,2.7855,2.9921,19.93,0.784,2.991707628,-0.0003923719056
33,0.070542,46.137,0.0195,22000,2.1,0.000318,0.029,fp16,0.7,100.4,2.8755,2.9861,19.81,1.069,2.986145926,4.592618711e-05
34,0.070542,48.234,0.0204,23000,2.1,0.000318,0.037,bf16,0.8,100.4,2.8621,2.9807,19.7,0.692,2.980898704,0.0001987042599
35,0.070542,50.332,0.0213,24000,2.1,0.000318,0.015,bf16,0.8,100.4,2.867,2.9761,19.61,0.646,2.975933321,-0.0001666794033
36,0.070542,52.429,0.0222,25000,2.1,0.000318,0.035,bf16,0.8,100.4,2.7852,2.971,19.51,0.879,2.971228201,0.0002282006332
37,0.070542,54.526,0.0231,26000,2.1,0.000318,0.047,bf16,0.9,100.4,2.8032,2.9668,19.43,1.253,2.966757981,-4.201946899e-05
38,0.070542,56.623,0.024,27000,2.1,0.000318,0.042,bf16,0.9,100.4,2.8331,2.9621,19.34,1.23,2.962502553,0.0004025528847
39,0.070542,58.72,0.0249,28000,2.1,0.000318,0.038,bf16,0.9,100.4,2.827,2.9582,19.26,0.889,2.958444197,0.0002441970125
40,0.070542,60.817,0.0257,29000,2.1,0.000318,0.044,fp16,1,100.4,2.839,2.9546,19.19,1.429,2.954567222,-3.277783443e-05
41,0.070542,62.915,0.0266,30000,2.1,0.000318,0.042,fp16,1,100.4,2.8415,2.951,19.13,1.311,2.950855943,-0.0001440567567
42,0.070542,65.012,0.0275,31000,2.1,0.000318,0.075,bf16,1,100.4,2.764,2.9473,19.06,9.016,2.947301434,1.433570438e-06
43,0.070542,67.109,0.0284,32000,2.1,0.000318,0.096,bf16,1.1,100.4,2.8075,2.9439,18.99,1.137,2.943890718,-9.282174728e-06
44,0.070542,69.206,0.0293,33000,2.1,0.000318,0.021,bf16,1.1,100.4,2.7976,2.9406,18.93,0.838,2.940613751,1.375090683e-05
45,0.070542,71.303,0.0302,34000,2.1,0.000318,0.047,bf16,1.1,100.4,2.7444,2.9372,18.86,0.949,2.937461467,0.0002614672712
46,0.070542,73.4,0.0311,35000,2.1,0.000318,0.059,fp16,1.2,100.4,2.8258,2.9343,18.81,1.049,2.93442566,0.0001256598784
47,0.070542,75.497,0.032,36000,2.1,0.000318,0.081,bf16,1.2,100.4,2.701,2.9314,18.75,0.802,2.931498877,9.887707692e-05
48,0.070542,77.595,0.0328,37000,2.1,0.000318,0.038,fp16,1.2,100.4,2.7989,2.9289,18.71,1.478,2.928673011,-0.0002269892112
49,0.070542,79.692,0.0337,38000,2.1,0.000318,0.097,fp16,1.3,100.4,2.8359,2.926,18.65,0.843,2.925944559,-5.544070081e-05
50,0.070542,81.789,0.0346,39000,2.1,0.000318,0.015,bf16,1.3,100.4,2.7993,2.923,18.6,0.869,2.923306485,0.0003064845628
51,0.070542,83.886,0.0355,40000,2.1,0.000318,0.056,bf16,1.3,100.4,2.8496,2.9208,18.56,1.416,2.920753588,-4.641170527e-05
52,0.070542,85.983,0.0364,41000,2.1,0.000318,0.096,bf16,1.4,100.4,2.7831,2.9182,18.51,0.435,2.918281092,8.109178031e-05
53,0.070542,88.08,0.0373,42000,2.1,0.000318,0.051,bf16,1.4,100.4,2.7785,2.9158,18.46,0.939,2.915884593,8.459274494e-05
54,0.070542,90.178,0.0382,43000,2.1,0.000318,0.027,fp16,1.4,100.4,2.7524,2.9137,18.42,0.992,2.913558936,-0.0001410644034
55,0.070542,92.275,0.0391,44000,2.1,0.000318,0.096,fp16,1.4,100.4,2.8013,2.9115,18.38,1.524,2.911302578,-0.0001974222551
56,0.070542,94.372,0.0399,45000,2.1,0.000318,0.044,fp16,1.5,100.4,2.7228,2.9093,18.34,1.131,2.909110912,-0.0001890880765
57,0.070542,96.469,0.0408,46000,2.1,0.000318,0.058,fp16,1.5,100.4,2.7758,2.9068,18.3,2.318,2.906980706,0.0001807064573
58,0.070542,98.566,0.0417,47000,2.1,0.000318,0.097,fp16,1.5,100.4,2.814,2.9049,18.26,0.882,2.904908957,8.956944954e-06
59,0.070542,100.663,0.0426,48000,2.1,0.000318,0.076,fp16,1.6,100.4,2.8079,2.903,18.23,0.782,2.902892866,-0.0001071341602
60,0.070542,102.76,0.0435,49000,2.1,0.000318,0.042,bf16,1.6,100.4,2.7019,2.9011,18.19,1.111,2.900929824,-0.000170175753
61,0.070542,104.858,0.0444,50000,2.1,0.000318,0.083,fp16,1.6,100.4,2.6967,2.8989,18.15,1.01,2.899016495,0.0001164953792
62,0.070542,106.955,0.0453,51000,2.1,0.000318,0.025,bf16,1.7,100.4,2.7549,2.8971,18.12,17.364,2.897152424,5.242362703e-05
63,0.070542,109.052,0.0462,52000,2.1,0.000318,0.044,bf16,1.7,100.4,2.7161,2.8951,18.09,1.042,2.895334551,0.0002345512392
64,0.070542,111.149,0.047,53000,2.1,0.000318,0.02,bf16,1.7,100.4,2.746,2.8933,18.05,0.852,2.893560877,0.0002608772838
65,0.070542,113.246,0.0479,54000,2.1,0.000318,0.041,bf16,1.8,100.4,2.6816,2.892,18.03,1.059,2.891829523,-0.0001704768192
66,0.070542,115.343,0.0488,55000,2.1,0.000318,0.051,fp16,1.8,100.4,2.719,2.8904,18,2.044,2.890138723,-0.0002612768819
67,0.070542,117.441,0.0497,56000,2.1,0.000318,0.07,bf16,1.8,100.4,2.7137,2.8885,17.97,1.005,2.888486037,-1.396334619e-05
68,0.070542,119.538,0.0506,57000,2.1,0.000318,0.075,bf16,1.9,100.4,2.726,2.8871,17.94,0.629,2.886871473,-0.0002285268162
69,0.070542,121.635,0.0515,58000,2.1,0.000318,0.081,bf16,1.9,100.4,2.7985,2.8854,17.91,1.061,2.885292759,-0.0001072405491
70,0.070542,123.732,0.0524,59000,2.1,0.000318,0.061,fp16,1.9,100.4,2.675,2.8836,17.88,0.483,2.883748502,0.000148501664
71,0.070542,125.829,0.0533,60000,2.1,0.000318,0.086,bf16,2,100.4,2.6973,2.8823,17.86,1.032,2.882237383,-6.261731652e-05
72,0.070542,127.926,0.0541,61000,2.1,0.000318,0.023,bf16,2,100.4,2.6969,2.8811,17.83,1.11,2.880758157,-0.0003418433894
73,0.070542,130.023,0.055,62000,2.1,0.000318,0.059,bf16,2,100.4,2.7654,2.8793,17.8,0.77,2.879309644,9.643841423e-06
74,0.070542,132.121,0.0559,63000,2.1,0.000318,0.092,fp16,2.1,100.4,2.8125,2.8782,17.78,1.209,2.877890057,-0.0003099432155
75,0.070542,134.218,0.0568,64000,2.1,0.000318,0.042,bf16,2.1,100.4,2.6563,2.876,17.74,0.94,2.876499688,0.0004996880801
76,0.070542,136.315,0.0577,65000,2.1,0.000318,0.073,bf16,2.1,100.4,2.7029,2.8753,17.73,1.135,2.875136848,-0.0001631522866
77,0.070542,138.412,0.0586,66000,2.1,0.000318,0.053,bf16,2.2,100.4,2.7023,2.8738,17.7,0.759,2.87380058,5.795650204e-07
78,0.070542,140.509,0.0595,67000,2.1,0.000318,0.067,bf16,2.2,100.4,2.7384,2.8724,17.68,0.499,2.872489975,8.997457331e-05
79,0.070542,142.606,0.0604,68000,2.1,0.000318,0.024,bf16,2.2,100.4,2.804,2.8712,17.66,0.63,2.871204168,4.167756607e-06
80,0.070542,144.703,0.0612,69000,2.1,0.000318,0.018,bf16,2.3,100.4,2.7626,2.8696,17.63,1.235,2.869942335,0.0003423354648
81,0.070542,146.801,0.0621,70000,2.1,0.000318,0.034,bf16,2.3,100.4,2.6469,2.8687,17.61,1.055,2.868703108,3.107577193e-06
82,0.070542,148.898,0.063,71000,2.1,0.000318,0.095,bf16,2.3,100.4,2.7514,2.8676,17.59,0.882,2.867486917,-0.0001130832708
83,0.070542,150.995,0.0639,72000,2.1,0.000318,0.033,bf16,2.4,100.4,2.7816,2.8666,17.58,6.266,2.866292453,-0.000307547356
84,0.070542,153.092,0.0648,73000,2.1,0.000318,0.083,bf16,2.4,100.4,2.7796,2.865,17.55,0.973,2.865119033,0.0001190334285
85,0.070542,155.189,0.0657,74000,2.1,0.000318,0.076,bf16,2.4,100.4,2.6722,2.8638,17.53,0.677,2.863966008,0.0001660075601
86,0.070542,157.286,0.0666,75000,2.1,0.000318,0.075,fp16,2.5,100.4,2.7212,2.8628,17.51,1.124,2.862832752,3.275214503e-05
87,0.070542,159.384,0.0675,76000,2.1,0.000318,0.065,fp16,2.5,100.4,2.8003,2.8619,17.49,1.101,2.861718145,-0.0001818554925
88,0.070542,161.481,0.0683,77000,2.1,0.000318,0.042,bf16,2.5,100.4,2.8016,2.8607,17.47,1.254,2.860622677,-7.732341403e-05
89,0.070542,163.578,0.0692,78000,2.1,0.000318,0.095,fp16,2.6,100.4,2.72,2.8595,17.45,0.935,2.859545266,4.52663059e-05
90,0.070542,165.675,0.0701,79000,2.1,0.000318,0.029,bf16,2.6,100.4,2.6712,2.8586,17.44,0.777,2.85848539,-0.0001146098269
91,0.070542,167.772,0.071,80000,2.1,0.000318,0.029,bf16,2.6,100.4,2.7619,2.8575,17.42,1.138,2.857442546,-5.745374796e-05
92,0.070542,169.869,0.0719,81000,2.1,0.000318,0.087,bf16,2.7,100.4,2.799,2.8566,17.4,0.865,2.856416253,-0.0001837469779
93,0.070542,171.966,0.0728,82000,2.1,0.000318,0.024,fp16,2.7,100.4,2.7476,2.8553,17.38,0.812,2.855406048,0.0001060483069
94,0.070542,174.064,0.0737,83000,2.1,0.000318,0.082,fp16,2.7,100.4,2.6365,2.8544,17.36,1.093,2.854411018,1.10176589e-05
95,0.070542,176.161,0.0746,84000,2.1,0.000318,0.095,bf16,2.8,100.4,2.649,2.8534,17.35,0.794,2.853431683,3.168303455e-05
96,0.070542,178.258,0.0754,85000,2.1,0.000318,0.078,fp16,2.8,100.4,2.6504,2.8522,17.33,1.153,2.852467157,0.0002671565646
97,0.070542,180.355,0.0763,86000,2.1,0.000318,0.013,bf16,2.8,100.4,2.7115,2.8516,17.32,1.169,2.851517044,-8.295595101e-05
98,0.070542,182.452,0.0772,87000,2.1,0.000318,0.023,fp16,2.9,100.4,2.6294,2.8506,17.3,1.162,2.850580966,-1.90337897e-05
99,0.070542,184.549,0.0781,88000,2.1,0.000318,0.033,bf16,2.9,100.4,2.6497,2.8497,17.28,0.932,2.849658558,-4.144203531e-05
100,0.070542,186.647,0.079,89000,2.1,0.000318,0.025,bf16,2.9,100.4,2.7339,2.8487,17.27,0.996,2.848749037,4.903734005e-05
101,0.070542,188.744,0.0799,90000,2.1,0.000318,0.088,fp16,3,100.4,2.6921,2.8476,17.25,1.862,2.847852933,0.0002529325287
102,0.070542,190.841,0.0808,91000,2.1,0.000318,0.067,bf16,3,100.4,2.7789,2.8469,17.23,1.06,2.84696948,6.948041466e-05
103,0.070542,192.938,0.0817,92000,2.1,0.000318,0.029,bf16,3,100.4,2.6382,2.8461,17.22,1.078,2.846098366,-1.633768699e-06
104,0.070542,195.035,0.0825,93000,2.1,0.000318,0.068,bf16,3.1,100.4,2.771,2.8451,17.2,1.521,2.845239286,0.0001392863558
105,0.070542,197.132,0.0834,94000,2.1,0.000318,0.023,fp16,3.1,100.4,2.7516,2.8444,17.19,8.415,2.844391948,-8.052200429e-06
106,0.070542,199.229,0.0843,95000,2.1,0.000318,0.057,bf16,3.1,100.4,2.7595,2.8436,17.18,0.993,2.843556068,-4.393227224e-05
107,0.070542,201.327,0.0852,96000,2.1,0.000318,0.06,bf16,3.2,100.4,2.6934,2.8431,17.17,1.147,2.842730982,-0.0003690176432
108,0.070542,203.424,0.0861,97000,2.1,0.000318,0.07,bf16,3.2,100.4,2.7434,2.842,17.15,0.965,2.841917214,-8.278573743e-05
109,0.070542,205.521,0.087,98000,2.1,0.000318,0.084,bf16,3.2,100.4,2.7526,2.8412,17.14,8.925,2.841114113,-8.588747178e-05
110,0.070542,207.618,0.0879,99000,2.1,0.000318,0.057,bf16,3.3,100.4,2.7093,2.8403,17.12,0.848,2.840321431,2.143063361e-05
111,0.070542,209.715,0.0888,100000,2.1,0.000318,0.051,bf16,3.3,100.4,2.7042,2.8392,17.1,7.696,2.83953893,0.000338930173
112,0.070542,211.812,0.0896,101000,2.1,0.000318,0.045,bf16,3.3,100.4,2.7028,2.8388,17.09,1.148,2.838766381,-3.36194901e-05
113,0.070542,213.91,0.0905,102000,2.1,0.000318,0.021,bf16,3.4,100.4,2.7331,2.838,17.08,0.829,2.838003197,3.196967771e-06
114,0.070542,216.007,0.0914,103000,2.1,0.000318,0.091,fp16,3.4,100.4,2.652,2.8377,17.08,0.904,2.837249891,-0.0004501090656
115,0.070542,218.104,0.0923,104000,2.1,0.000318,0.027,bf16,3.4,100.4,2.7404,2.8365,17.06,1.117,2.836505887,5.887118947e-06
116,0.070542,220.201,0.0932,105000,2.1,0.000318,0.011,bf16,3.5,100.4,2.6744,2.8358,17.04,0.639,2.835770983,-2.901714274e-05
117,0.070542,222.298,0.0941,106000,2.1,0.000318,0.032,fp16,3.5,100.4,2.6617,2.8351,17.03,1.066,2.835044982,-5.501822284e-05
118,0.070542,224.395,0.095,107000,2.1,0.000318,0.025,fp16,3.5,100.4,2.6281,2.8341,17.02,0.917,2.834327694,0.0002276935459
119,0.070542,226.492,0.0959,108000,2.1,0.000318,0.025,bf16,3.6,100.4,2.7444,2.8338,17.01,1.169,2.833618934,-0.0001810663699
120,0.070542,228.59,0.0968,109000,2.1,0.000318,0.044,bf16,3.6,100.4,2.6349,2.8331,17,1.311,2.832918191,-0.000181808975
121,0.070542,230.687,0.0976,110000,2.1,0.000318,0.082,fp16,3.6,100.4,2.6255,2.8324,16.99,0.922,2.83222596,-0.000174039936
122,0.070542,232.784,0.0985,111000,2.1,0.000318,0.089,fp16,3.7,100.4,2.6842,2.8314,16.97,1.256,2.831541736,0.0001417363047
123,0.070542,234.881,0.0994,112000,2.1,0.000318,0.053,bf16,3.7,100.4,2.6201,2.8311,16.96,11.145,2.830865356,-0.0002346437644
124,0.070542,236.978,0.1003,113000,2.1,0.000318,0.066,bf16,3.7,100.4,2.6836,2.83,16.94,1.151,2.830196661,0.0001966611063
125,0.070542,239.075,0.1012,114000,2.1,0.000318,0.063,bf16,3.8,100.4,2.6874,2.8297,16.94,0.701,2.829535497,-0.0001645032522
126,0.070542,241.172,0.1021,115000,2.1,0.000318,0.052,bf16,3.8,100.4,2.6083,2.8293,16.93,0.905,2.828881713,-0.0004182865982
127,0.070542,243.27,0.103,116000,2.1,0.000318,0.066,bf16,3.8,100.4,2.642,2.8281,16.91,1.063,2.828234859,0.0001348589404
128,0.070542,245.367,0.1039,117000,2.1,0.000318,0.035,fp16,3.9,100.4,2.7125,2.8275,16.9,0.983,2.827595409,9.540852787e-05
129,0.070542,247.464,0.1047,118000,2.1,0.000318,0.078,fp16,3.9,100.4,2.7472,2.827,16.89,0.958,2.826962915,-3.708534399e-05
130,0.070542,249.561,0.1056,119000,2.1,0.000318,0.039,bf16,3.9,100.4,2.6935,2.8263,16.88,1.224,2.826337244,3.724365026e-05
131,0.070542,251.658,0.1065,120000,2.1,0.000318,0.095,bf16,4,100.4,2.7254,2.8255,16.87,1.144,2.825718266,0.0002182655005
132,0.070542,253.755,0.1074,121000,2.1,0.000318,0.044,bf16,4,100.4,2.759,2.8251,16.86,1.122,2.825105854,5.853730989e-06
133,0.070542,255.853,0.1083,122000,2.1,0.000318,0.026,fp16,4,100.4,2.6884,2.8243,16.85,1.447,2.824499598,0.0001995978248
134,0.070542,257.95,0.1092,123000,2.1,0.000318,0.074,fp16,4.1,100.4,2.6145,2.824,16.84,1.404,2.823899956,-0.0001000441023
135,0.070542,260.047,0.1101,124000,2.1,0.000318,0.096,fp16,4.1,100.4,2.6783,2.8232,16.83,1.017,2.823306521,0.0001065208586
136,0.070542,262.144,0.111,125000,2.1,0.000318,0.012,fp16,4.1,100.4,2.6472,2.823,16.83,6.122,2.822719179,-0.0002808208204
137,0.070542,264.241,0.1118,126000,2.1,0.000318,0.063,bf16,4.1,100.4,2.6347,2.822,16.81,0.623,2.82213782,0.0001378202965
138,0.070542,266.338,0.1127,127000,2.1,0.000318,0.096,bf16,4.2,100.4,2.726,2.8215,16.8,2.001,2.821562337,6.233650833e-05
139,0.070542,268.435,0.1136,128000,2.1,0.000318,0.077,bf16,4.2,100.4,2.675,2.8212,16.8,0.635,2.820992623,-0.0002073771184
140,0.070542,270.533,0.1145,129000,2.1,0.000318,0.099,bf16,4.2,100.4,2.7152,2.8202,16.78,1.251,2.82042831,0.0002283095166
141,0.070542,272.63,0.1154,130000,2.1,0.000318,0.07,bf16,4.3,100.4,2.7297,2.8199,16.78,0.853,2.819869835,-3.016534318e-05
142,0.070542,274.727,0.1163,131000,2.1,0.000318,0.058,bf16,4.3,100.4,2.6983,2.8196,16.77,0.801,2.819316831,-0.0002831691859
143,0.070542,276.824,0.1172,132000,2.1,0.000318,0.072,bf16,4.3,100.4,2.7394,2.8185,16.75,0.971,2.818769203,0.0002692032414
144,0.070542,278.921,0.1181,133000,2.1,0.000318,0.076,bf16,4.4,100.4,2.6436,2.8183,16.75,1.72,2.81822686,-7.31404655e-05
145,0.070542,281.018,0.1189,134000,2.1,0.000318,0.099,fp16,4.4,100.4,2.6764,2.8178,16.74,7.208,2.81768971,-0.0001102904432
146,0.070542,283.116,0.1198,135000,2.1,0.000318,0.064,bf16,4.4,100.4,2.6869,2.8173,16.73,1.251,2.817157413,-0.0001425871451
147,0.070542,285.213,0.1207,136000,2.1,0.000318,0.089,fp16,4.5,100.4,2.6393,2.8164,16.72,1.019,2.816630391,0.0002303910129
148,0.070542,287.31,0.1216,137000,2.1,0.000318,0.045,bf16,4.5,100.4,2.5929,2.8159,16.71,1.022,2.816108305,0.0002083053505
149,0.070542,289.407,0.1225,138000,2.1,0.000318,0.043,bf16,4.5,100.4,2.6849,2.8157,16.7,0.631,2.815591074,-0.0001089258906
150,0.070542,291.504,0.1234,139000,2.1,0.000318,0.013,bf16,4.6,100.4,2.6264,2.8152,16.7,0.992,2.815078617,-0.0001213825345
151,0.070542,293.601,0.1243,140000,2.1,0.000318,0.024,fp16,4.6,100.4,2.6214,2.8146,16.69,0.769,2.814570857,-2.91425304e-05
152,0.070542,295.698,0.1252,141000,2.1,0.000318,0.064,fp16,4.6,100.4,2.6762,2.8142,16.68,8.205,2.814067718,-0.0001322820098
153,0.070542,297.796,0.126,142000,2.1,0.000318,0.09,bf16,4.7,100.4,2.6996,2.8135,16.67,0.966,2.813568888,6.888796641e-05
154,0.070542,299.893,0.1269,143000,2.1,0.000318,0.084,bf16,4.7,100.4,2.7356,2.8131,16.66,1.056,2.81307477,-2.522975987e-05
162,0.162405,0.134,0.0001,64,2.09,0.000292,0.062,bf16,0,152.3,4.3629,4.5235,92.16,1.068,4.523354577,-0.0001454225845
163,0.162405,0.268,0.0003,128,2.09,0.000292,0.013,fp16,0,152.3,3.8711,4.1397,62.79,0.966,4.139486188,-0.0002138118599
164,0.162405,0.537,0.0005,256,2.1,0.000292,0.033,fp16,0,152.3,3.7306,3.8226,45.72,1.234,3.822538702,-6.129847917e-05
165,0.162405,1.074,0.001,512,2.1,0.000292,0.057,bf16,0,152.3,3.3444,3.5629,35.26,1.29,3.562251768,-0.0006482317412
166,0.162405,2.097,0.002,1000,2.1,0.000292,0.064,bf16,0.1,152.3,3.2267,3.3548,28.64,0.746,3.354620977,-0.0001790230461
167,0.162405,4.194,0.0041,2000,2.1,0.000292,0.065,fp16,0.2,152.3,2.9947,3.1771,23.98,0.724,3.176846378,-0.0002536222052
168,0.162405,6.291,0.0061,3000,2.1,0.000292,0.049,fp16,0.2,152.3,2.9252,3.0883,21.94,8.649,3.087766004,-0.0005339960588
169,0.162405,8.389,0.0082,4000,2.1,0.000292,0.042,fp16,0.3,152.3,2.8517,3.0304,20.7,0.782,3.030397627,-2.372837952e-06
170,0.162405,10.486,0.0102,5000,2.1,0.000292,0.052,fp16,0.4,152.3,2.7538,2.9888,19.86,1.264,2.988995769,0.0001957691541
171,0.162405,12.583,0.0123,6000,2.1,0.000292,0.015,bf16,0.5,152.3,2.7969,2.9568,19.24,0.497,2.957034872,0.0002348715485
172,0.162405,14.68,0.0143,7000,2.1,0.000292,0.033,bf16,0.5,152.3,2.735,2.9311,18.75,0.768,2.931255551,0.0001555507877
173,0.162405,16.777,0.0163,8000,2.1,0.000292,0.094,fp16,0.6,152.3,2.7712,2.9098,18.35,0.59,2.909805778,5.778407596e-06
174,0.162405,18.874,0.0184,9000,2.1,0.000292,0.066,bf16,0.7,152.3,2.6823,2.8916,18.02,1.284,2.891539627,-6.03734258e-05
175,0.162405,20.972,0.0204,10000,2.1,0.000292,0.016,bf16,0.8,152.3,2.7827,2.8757,17.74,0.585,2.875695302,-4.697655531e-06
176,0.162405,23.069,0.0225,11000,2.1,0.000292,0.045,bf16,0.8,152.3,2.7086,2.8619,17.5,1.916,2.861766291,-0.0001337093289
177,0.162405,25.166,0.0245,12000,2.1,0.000292,0.088,bf16,0.9,152.3,2.7791,2.8494,17.28,1.193,2.84937037,-2.96295283e-05
178,0.162405,27.263,0.0266,13000,2.1,0.000292,0.094,bf16,1,152.3,2.6645,2.8385,17.09,1.048,2.838230661,-0.0002693394335
179,0.162405,29.36,0.0286,14000,2.1,0.000292,0.016,fp16,1.1,152.3,2.6719,2.8281,16.91,0.969,2.82813696,3.695984832e-05
180,0.162405,31.457,0.0307,15000,2.1,0.000292,0.01,bf16,1.1,152.3,2.7286,2.8195,16.77,0.952,2.818926221,-0.0005737790884
181,0.162405,33.554,0.0327,16000,2.1,0.000292,0.057,bf16,1.2,152.3,2.6204,2.8106,16.62,0.773,2.810469628,-0.0001303723887
182,0.162405,35.652,0.0347,17000,2.1,0.000292,0.097,bf16,1.3,152.3,2.64,2.8025,16.49,1.129,2.802660198,0.0001601982429
183,0.162405,37.749,0.0368,18000,2.1,0.000292,0.041,bf16,1.4,152.3,2.6225,2.7952,16.37,1.2,2.79542119,0.0002211895874
184,0.162405,39.846,0.0388,19000,2.1,0.000292,0.03,fp16,1.4,152.3,2.6239,2.7888,16.26,1.185,2.788679399,-0.0001206006953
185,0.162405,41.943,0.0409,20000,2.1,0.000292,0.06,fp16,1.5,152.3,2.5797,2.7823,16.16,0.696,2.782377081,7.708127594e-05
186,0.162405,44.04,0.0429,21000,2.1,0.000292,0.027,bf16,1.6,152.3,2.7107,2.7766,16.06,0.861,2.776465671,-0.0001343288261
187,0.162405,46.137,0.045,22000,2.1,0.000292,0.066,bf16,1.7,152.3,2.682,2.771,15.97,1.206,2.770903969,-9.603073342e-05
188,0.162405,48.234,0.047,23000,2.1,0.000292,0.035,fp16,1.7,152.3,2.6973,2.7656,15.89,0.808,2.765656747,5.67473394e-05
189,0.162405,50.332,0.049,24000,2.1,0.000292,0.074,bf16,1.8,152.3,2.5905,2.7605,15.81,0.68,2.760691364,0.0001913636762
190,0.162405,52.429,0.0511,25000,2.1,0.000292,0.053,bf16,1.9,152.3,2.5846,2.7557,15.73,0.827,2.755986244,0.0002862437127
191,0.162405,54.526,0.0531,26000,2.1,0.000292,0.069,fp16,2,152.3,2.5332,2.7514,15.66,1.1,2.751516024,0.0001160236105
192,0.162405,56.623,0.0552,27000,2.1,0.000292,0.098,bf16,2,152.3,2.6402,2.7474,15.6,10.559,2.747260596,-0.0001394040359
193,0.162405,58.72,0.0572,28000,2.1,0.000292,0.086,fp16,2.1,152.3,2.6418,2.7432,15.54,1.552,2.74320224,2.240092e-06
194,0.162405,60.817,0.0593,29000,2.1,0.000292,0.066,bf16,2.2,152.3,2.6636,2.7391,15.47,1.061,2.739325265,0.000225265245
195,0.162405,62.915,0.0613,30000,2.1,0.000292,0.058,bf16,2.3,152.3,2.6212,2.7356,15.42,0.598,2.735613986,1.398632282e-05
196,0.162405,65.012,0.0633,31000,2.1,0.000292,0.064,bf16,2.4,152.3,2.5374,2.7321,15.37,1.148,2.732059477,-4.052335009e-05
197,0.162405,67.109,0.0654,32000,2.1,0.000292,0.068,bf16,2.4,152.3,2.667,2.7285,15.31,0.852,2.728648761,0.0001487609047
198,0.162405,69.206,0.0674,33000,2.1,0.000292,0.029,bf16,2.5,152.3,2.5826,2.7254,15.26,1.114,2.725371794,-2.820601369e-05
199,0.162405,71.303,0.0695,34000,2.1,0.000292,0.057,bf16,2.6,152.3,2.5326,2.7222,15.21,0.79,2.72221951,1.951035071e-05
200,0.162405,73.4,0.0715,35000,2.1,0.000292,0.026,bf16,2.7,152.3,2.5482,2.719,15.16,1.451,2.719183703,0.0001837029579
201,0.162405,75.497,0.0736,36000,2.1,0.000292,0.046,bf16,2.7,152.3,2.6415,2.7163,15.12,1.237,2.71625692,-4.30798436e-05
202,0.162405,77.595,0.0756,37000,2.1,0.000292,0.073,bf16,2.8,152.3,2.539,2.7135,15.08,0.72,2.713431054,-6.894613169e-05
203,0.162405,79.692,0.0777,38000,2.1,0.000292,0.083,bf16,2.9,152.3,2.5835,2.7109,15.04,0.742,2.710702602,-0.0001973976213
204,0.162405,81.789,0.0797,39000,2.1,0.000292,0.08,bf16,3,152.3,2.5927,2.7082,15,0.969,2.708064528,-0.0001354723577
205,0.162405,83.886,0.0817,40000,2.1,0.000292,0.087,fp16,3,152.3,2.6326,2.7053,14.96,8.879,2.705511631,0.0002116313742
206,0.162405,85.983,0.0838,41000,2.1,0.000292,0.085,bf16,3.1,152.3,2.5412,2.7029,14.92,1.946,2.703039135,0.0001391348598
207,0.162405,88.08,0.0858,42000,2.1,0.000292,0.056,fp16,3.2,152.3,2.5356,2.7007,14.89,0.681,2.700642636,-5.736417558e-05
208,0.162405,90.178,0.0879,43000,2.1,0.000292,0.022,bf16,3.3,152.3,2.6137,2.6984,14.86,6.908,2.698316979,-8.302132388e-05
209,0.162405,92.275,0.0899,44000,2.1,0.000292,0.035,bf16,3.3,152.3,2.5719,2.6961,14.82,0.799,2.696060621,-3.937917559e-05
210,0.162405,94.372,0.092,45000,2.1,0.000292,0.057,fp16,3.4,152.3,2.6397,2.6945,14.8,0.615,2.693868955,-0.000631044997
211,0.162405,96.469,0.094,46000,2.1,0.000292,0.034,bf16,3.5,152.3,2.5054,2.6918,14.76,8.94,2.69173875,-6.125046326e-05
212,0.162405,98.566,0.096,47000,2.1,0.000292,0.06,bf16,3.6,152.3,2.4834,2.6898,14.73,11.948,2.689667,-0.0001329999756
213,0.162405,100.663,0.0981,48000,2.1,0.000292,0.054,bf16,3.6,152.3,2.5685,2.6878,14.7,0.801,2.687650909,-0.0001490910807
214,0.162405,102.76,0.1001,49000,2.1,0.000292,0.044,bf16,3.7,152.3,2.5031,2.6858,14.67,0.963,2.685687867,-0.0001121326735
215,0.162405,104.858,0.1022,50000,2.1,0.000292,0.019,bf16,3.8,152.3,2.6246,2.6837,14.64,0.946,2.683774538,7.453845864e-05
216,0.162405,106.955,0.1042,51000,2.1,0.000292,0.046,bf16,3.9,152.3,2.4809,2.682,14.61,11.218,2.681910467,-8.953329349e-05
217,0.162405,109.052,0.1063,52000,2.1,0.000292,0.037,fp16,3.9,152.3,2.4988,2.68,14.58,1.398,2.680092594,9.259431871e-05
218,0.162405,111.149,0.1083,53000,2.1,0.000292,0.078,bf16,4,152.3,2.6048,2.6783,14.56,0.994,2.67831892,1.892036331e-05
219,0.162405,113.246,0.1104,54000,2.1,0.000292,0.083,bf16,4.1,152.3,2.6092,2.6765,14.53,0.957,2.676587566,8.75662603e-05
220,0.162405,115.343,0.1124,55000,2.1,0.000292,0.08,fp16,4.2,152.3,2.5993,2.6749,14.51,0.974,2.674896766,-3.233802441e-06
221,0.162405,117.441,0.1144,56000,2.1,0.000292,0.055,fp16,4.2,152.3,2.4875,2.6736,14.49,1.139,2.67324408,-0.0003559202667
222,0.162405,119.538,0.1165,57000,2.1,0.000292,0.056,fp16,4.3,152.3,2.5982,2.6713,14.46,0.731,2.671629516,0.0003295162633
223,0.162405,121.635,0.1185,58000,2.1,0.000292,0.099,fp16,4.4,152.3,2.5945,2.6702,14.44,1.007,2.670050803,-0.0001491974696
224,0.162405,123.732,0.1206,59000,2.1,0.000292,0.021,fp16,4.5,152.3,2.5925,2.6683,14.41,1.056,2.668506545,0.0002065447435
225,0.162405,125.829,0.1226,60000,2.1,0.000292,0.054,bf16,4.5,152.3,2.56,2.6669,14.4,0.977,2.666995426,9.542576296e-05
226,0.162405,127.926,0.1247,61000,2.1,0.000292,0.091,bf16,4.6,152.3,2.5201,2.6657,14.38,0.865,2.6655162,-0.0001838003099
227,0.162405,130.023,0.1267,62000,2.1,0.000292,0.085,bf16,4.7,152.3,2.6088,2.6641,14.35,1.471,2.664067687,-3.23130791e-05
228,0.162405,132.121,0.1287,63000,2.1,0.000292,0.059,bf16,4.8,152.3,2.4716,2.6625,14.33,1.185,2.6626481,0.000148099864
229,0.162405,134.218,0.1308,64000,2.1,0.000292,0.099,bf16,4.9,152.3,2.5114,2.6611,14.31,0.701,2.661257731,0.0001577311596
230,0.162405,136.315,0.1328,65000,2.1,0.000292,0.094,fp16,4.9,152.3,2.5623,2.66,14.3,0.81,2.659894891,-0.0001051092071
231,0.162405,138.412,0.1349,66000,2.1,0.000292,0.022,bf16,5,152.3,2.5289,2.6584,14.27,1.519,2.658558623,0.0001586226445
232,0.162405,140.509,0.1369,67000,2.1,0.000292,0.044,fp16,5.1,152.3,2.4639,2.6573,14.26,1.029,2.657248018,-5.198234722e-05
233,0.162405,142.606,0.139,68000,2.1,0.000292,0.021,fp16,5.2,152.3,2.4522,2.656,14.24,0.768,2.655962211,-3.778916392e-05
234,0.162405,144.703,0.141,69000,2.1,0.000292,0.041,bf16,5.2,152.3,2.5034,2.6546,14.22,0.761,2.654700379,0.0001003785443
235,0.162405,146.801,0.143,70000,2.1,0.000292,0.028,fp16,5.3,152.3,2.5164,2.6538,14.21,14.246,2.653461151,-0.0003388493433
236,0.162405,148.898,0.1451,71000,2.1,0.000292,0.056,bf16,5.4,152.3,2.5497,2.6523,14.19,1.13,2.65224496,-5.504019134e-05
237,0.162405,150.995,0.1471,72000,2.1,0.000292,0.027,bf16,5.5,152.3,2.5025,2.6507,14.16,0.977,2.651050496,0.0003504957234
238,0.162405,153.092,0.1492,73000,2.1,0.000292,0.059,fp16,5.5,152.3,2.5301,2.6499,14.15,1.082,2.649877077,-2.292349203e-05
239,0.162405,155.189,0.1512,74000,2.1,0.000292,0.021,bf16,5.6,152.3,2.5601,2.6486,14.13,1.43,2.648724051,0.0001240506396
240,0.162405,157.286,0.1533,75000,2.1,0.000292,0.073,bf16,5.7,152.3,2.5051,2.6477,14.12,0.857,2.647590795,-0.0001092047755
241,0.162405,159.384,0.1553,76000,2.1,0.000292,0.048,fp16,5.8,152.3,2.493,2.6464,14.1,1.116,2.646476188,7.618758699e-05
242,0.162405,161.481,0.1574,77000,2.1,0.000292,0.059,bf16,5.8,152.3,2.4853,2.6454,14.09,7.89,2.64538072,-1.928033455e-05
243,0.162405,163.578,0.1594,78000,2.1,0.000292,0.093,bf16,5.9,152.3,2.4558,2.6444,14.07,0.913,2.644303309,-9.669061462e-05
244,0.162405,165.675,0.1614,79000,2.1,0.000292,0.024,bf16,6,152.3,2.587,2.6434,14.06,0.763,2.643243433,-0.0001565667475
245,0.162405,167.772,0.1635,80000,2.1,0.000292,0.064,bf16,6.1,152.3,2.5608,2.642,14.04,0.778,2.642200589,0.0002005893315
246,0.162405,169.869,0.1655,81000,2.1,0.000292,0.022,bf16,6.1,152.3,2.5869,2.6411,14.03,0.871,2.641174296,7.429610157e-05
247,0.162405,171.966,0.1676,82000,2.1,0.000292,0.044,bf16,6.2,152.3,2.5449,2.6401,14.01,0.808,2.640164091,6.409138641e-05
248,0.162405,174.064,0.1696,83000,2.1,0.000292,0.057,fp16,6.3,152.3,2.5376,2.6391,14,0.48,2.639169061,6.906073837e-05
249,0.162405,176.161,0.1717,84000,2.1,0.000292,0.058,bf16,6.4,152.3,2.4901,2.6385,13.99,0.886,2.638189726,-0.000310273886
250,0.162405,178.258,0.1737,85000,2.1,0.000292,0.057,bf16,6.4,152.3,2.4717,2.6373,13.98,0.812,2.6372252,-7.480035595e-05
251,0.162405,180.355,0.1757,86000,2.1,0.000292,0.034,bf16,6.5,152.3,2.5257,2.6361,13.96,0.695,2.636275087,0.0001750871285
252,0.162405,182.452,0.1778,87000,2.1,0.000292,0.046,bf16,6.6,152.3,2.5559,2.6355,13.95,1.501,2.635339009,-0.0001609907102
253,0.162405,184.549,0.1798,88000,2.1,0.000292,0.03,fp16,6.7,152.3,2.4321,2.6347,13.94,0.93,2.634416601,-0.0002833989558
254,0.162405,186.647,0.1819,89000,2.1,0.000292,0.043,bf16,6.7,152.3,2.4247,2.6337,13.92,0.935,2.63350708,-0.0001929195805
255,0.162405,188.744,0.1839,90000,2.1,0.000292,0.03,bf16,6.8,152.3,2.5022,2.6324,13.91,1.089,2.632610976,0.0002109756082
256,0.162405,190.841,0.186,91000,2.1,0.000292,0.052,bf16,6.9,152.3,2.5197,2.6317,13.9,1.437,2.631727523,2.752349414e-05
257,0.162405,192.938,0.188,92000,2.1,0.000292,0.046,fp16,7,152.3,2.4688,2.6311,13.89,0.979,2.630856409,-0.0002435906892
258,0.162405,195.035,0.19,93000,2.1,0.000292,0.032,bf16,7.1,152.3,2.5499,2.6299,13.87,8.375,2.629997329,9.732943524e-05
259,0.162405,197.132,0.1921,94000,2.1,0.000292,0.041,fp16,7.1,152.3,2.5124,2.6292,13.86,0.936,2.629149991,-5.000912095e-05
260,0.162405,199.229,0.1941,95000,2.1,0.000292,0.059,bf16,7.2,152.3,2.5068,2.6284,13.85,0.61,2.628314111,-8.588919276e-05
261,0.162405,201.327,0.1962,96000,2.1,0.000292,0.062,bf16,7.3,152.3,2.5443,2.6274,13.84,1.4,2.627489025,8.902543632e-05
262,0.162405,203.424,0.1982,97000,2.1,0.000292,0.075,fp16,7.4,152.3,2.5137,2.6267,13.83,1.346,2.626675257,-2.474265795e-05
263,0.162405,205.521,0.2003,98000,2.1,0.000292,0.047,bf16,7.4,152.3,2.42,2.6254,13.81,2.023,2.625872156,0.0004721556077
264,0.162405,207.618,0.2023,99000,2.1,0.000292,0.011,bf16,7.5,152.3,2.4176,2.6249,13.8,0.903,2.625079474,0.0001794737131
265,0.162405,209.715,0.2044,100000,2.1,0.000292,0.057,bf16,7.6,152.3,2.4437,2.6243,13.79,0.999,2.624296973,-3.026747552e-06
266,0.162405,211.812,0.2064,101000,2.1,0.000292,0.076,bf16,7.7,152.3,2.4571,2.6234,13.78,0.88,2.623524424,0.0001244235894
267,0.162405,213.91,0.2084,102000,2.1,0.000292,0.05,bf16,7.7,152.3,2.5603,2.623,13.78,0.928,2.62276124,-0.0002387599528
268,0.162405,216.007,0.2105,103000,2.1,0.000292,0.02,fp16,7.8,152.3,2.4867,2.6218,13.76,0.926,2.622007934,0.0002079340139
269,0.162405,218.104,0.2125,104000,2.1,0.000292,0.018,bf16,7.9,152.3,2.5427,2.6212,13.75,1.203,2.62126393,6.393019842e-05
270,0.162405,220.201,0.2146,105000,2.1,0.000292,0.05,fp16,8,152.3,2.4661,2.6206,13.74,0.698,2.620529026,-7.097406327e-05
271,0.162405,222.298,0.2166,106000,2.1,0.000292,0.013,bf16,8,152.3,2.4444,2.62,13.74,1.241,2.619803025,-0.0001969751434
272,0.162405,224.395,0.2187,107000,2.1,0.000292,0.024,bf16,8.1,152.3,2.4825,2.6189,13.72,0.64,2.619085737,0.0001857366254
273,0.162405,226.492,0.2207,108000,2.1,0.000292,0.021,fp16,8.2,152.3,2.452,2.6186,13.72,2.22,2.618376977,-0.0002230232904
274,0.162405,228.59,0.2227,109000,2.1,0.000292,0.067,fp16,8.3,152.3,2.467,2.6177,13.7,1.065,2.617676234,-2.376589548e-05
275,0.162405,230.687,0.2248,110000,2.1,0.000292,0.04,bf16,8.3,152.3,2.4854,2.6169,13.69,1.001,2.616984003,8.400314345e-05
276,0.162405,232.784,0.2268,111000,2.1,0.000292,0.046,bf16,8.4,152.3,2.4583,2.6164,13.69,0.837,2.616299779,-0.0001002206159
277,0.162405,234.881,0.2289,112000,2.1,0.000292,0.09,bf16,8.5,152.3,2.4558,2.6157,13.68,0.76,2.615623399,-7.660068491e-05
278,0.162405,236.978,0.2309,113000,2.1,0.000292,0.047,fp16,8.6,152.3,2.4732,2.6149,13.67,0.822,2.614954704,5.470418578e-05
279,0.162405,239.075,0.233,114000,2.1,0.000292,0.077,bf16,8.6,152.3,2.4095,2.6143,13.66,1.265,2.61429354,-6.460172701e-06
280,0.162405,241.172,0.235,115000,2.1,0.000292,0.091,fp16,8.7,152.3,2.4229,2.6136,13.65,0.51,2.613639756,3.975648132e-05
281,0.162405,243.27,0.237,116000,2.1,0.000292,0.014,fp16,8.8,152.3,2.4085,2.613,13.64,1.146,2.612992902,-7.097980149e-06
282,0.162405,245.367,0.2391,117000,2.1,0.000292,0.076,bf16,8.9,152.3,2.499,2.6125,13.63,1.465,2.612353452,-0.0001465483927
283,0.162405,247.464,0.2411,118000,2.1,0.000292,0.011,bf16,8.9,152.3,2.421,2.612,13.63,0.423,2.611720958,-0.0002790422645
284,0.162405,249.561,0.2432,119000,2.1,0.000292,0.034,bf16,9,152.3,2.4121,2.6109,13.61,0.728,2.611095287,0.0001952867297
285,0.162405,251.658,0.2452,120000,2.1,0.000292,0.077,bf16,9.1,152.3,2.4988,2.6108,13.61,13.318,2.610476309,-0.00032369142
286,0.162405,253.755,0.2473,121000,2.1,0.000292,0.025,bf16,9.2,152.3,2.4903,2.6096,13.59,1.416,2.609863897,0.0002638968105
287,0.162405,255.853,0.2493,122000,2.1,0.000292,0.086,fp16,9.2,152.3,2.5008,2.6092,13.59,1.887,2.609257641,5.764090432e-05
288,0.162405,257.95,0.2514,123000,2.1,0.000292,0.063,bf16,9.3,152.3,2.4392,2.6088,13.58,0.732,2.608657999,-0.0001420010228
289,0.162405,260.047,0.2534,124000,2.1,0.000292,0.066,bf16,9.4,152.3,2.5,2.6081,13.57,1.362,2.608064564,-3.543606197e-05
290,0.162405,262.144,0.2554,125000,2.1,0.000292,0.087,bf16,9.5,152.3,2.4641,2.6074,13.56,0.71,2.607477222,7.722225905e-05
291,0.162405,264.241,0.2575,126000,2.1,0.000292,0.075,bf16,9.6,152.3,2.4505,2.6069,13.56,7.375,2.606895863,-4.13662405e-06
292,0.162405,266.338,0.2595,127000,2.1,0.000292,0.044,bf16,9.6,152.3,2.4794,2.6063,13.55,0.875,2.60632038,2.03795878e-05
293,0.162405,268.435,0.2616,128000,2.1,0.000292,0.022,bf16,9.7,152.3,2.4256,2.6057,13.54,1.31,2.605750666,5.066596105e-05
294,0.162405,270.533,0.2636,129000,2.1,0.000292,0.013,bf16,9.8,152.3,2.4592,2.6053,13.54,0.749,2.605186353,-0.0001136474039
295,0.162405,272.63,0.2657,130000,2.1,0.000292,0.047,fp16,9.9,152.3,2.4411,2.6047,13.53,0.931,2.604627878,-7.212226371e-05
296,0.162405,274.727,0.2677,131000,2.1,0.000292,0.069,fp16,9.9,152.3,2.4437,2.604,13.52,0.851,2.604074874,7.487389356e-05
297,0.162405,276.824,0.2697,132000,2.1,0.000292,0.092,bf16,10,152.3,2.43,2.6037,13.51,0.716,2.603527246,-0.0001727536791
298,0.162405,278.921,0.2718,133000,2.1,0.000292,0.045,fp16,10.1,152.3,2.5335,2.603,13.5,1.083,2.602984903,-1.509738602e-05
299,0.162405,281.018,0.2738,134000,2.1,0.000292,0.017,bf16,10.2,152.3,2.4425,2.6026,13.5,1.65,2.602447753,-0.0001522473637
300,0.162405,283.116,0.2759,135000,2.1,0.000292,0.049,bf16,10.2,152.3,2.5355,2.602,13.49,1.559,2.601915456,-8.454406567e-05
301,0.162405,285.213,0.2779,136000,2.1,0.000292,0.095,bf16,10.3,152.3,2.5454,2.6013,13.48,0.681,2.601388434,8.843409241e-05
302,0.162405,287.31,0.28,137000,2.1,0.000292,0.043,bf16,10.4,152.3,2.5067,2.6008,13.47,0.665,2.600866348,6.634842996e-05
303,0.162405,289.407,0.282,138000,2.1,0.000292,0.044,fp16,10.5,152.3,2.4101,2.6005,13.47,0.948,2.600349117,-0.0001508828112
304,0.162405,291.504,0.2841,139000,2.1,0.000292,0.045,bf16,10.5,152.3,2.404,2.5999,13.46,1,2.599836661,-6.333945504e-05
305,0.162405,293.601,0.2861,140000,2.1,0.000292,0.07,bf16,10.6,152.3,2.5195,2.5993,13.45,0.833,2.599328901,2.890054907e-05
306,0.162405,295.698,0.2881,141000,2.1,0.000292,0.082,bf16,10.7,152.3,2.4744,2.5989,13.45,1.315,2.598825761,-7.423893033e-05
307,0.162405,297.796,0.2902,142000,2.1,0.000292,0.056,fp16,10.8,152.3,2.4803,2.5985,13.44,0.618,2.598326931,-0.0001730689541
308,0.162405,299.893,0.2922,143000,2.1,0.000292,0.091,bf16,10.8,152.3,2.4393,2.5978,13.43,0.865,2.597832813,3.281331961e-05
316,0.409009,0.134,0.0003,64,2.09,0.000266,0.076,fp16,0,241.7,4.0482,4.3461,77.18,0.544,4.346382266,0.0002822662951
317,0.409009,0.268,0.0007,128,2.09,0.000266,0.035,bf16,0,241.7,3.8798,3.9625,52.59,0.843,3.962513877,1.387701968e-05
318,0.409009,0.537,0.0013,256,2.1,0.000266,0.039,bf16,0,241.7,3.4633,3.6458,38.31,1.009,3.64556639,-0.0002336095996
319,0.409009,1.074,0.0026,512,2.1,0.000266,0.079,fp16,0.1,241.7,3.3153,3.3856,29.54,0.987,3.385279457,-0.0003205428617
320,0.409009,2.097,0.0051,1000,2.1,0.000266,0.022,bf16,0.2,241.7,2.955,3.1777,23.99,1.233,3.177648666,-5.133416654e-05
321,0.409009,4.194,0.0103,2000,2.1,0.000266,0.095,fp16,0.4,241.7,2.9201,2.9999,20.08,0.993,2.999874067,-2.59333257e-05
322,0.409009,6.291,0.0154,3000,2.1,0.000266,0.05,bf16,0.6,241.7,2.8308,2.9109,18.37,1.24,2.910793693,-0.0001063071793
323,0.409009,8.389,0.0206,4000,2.1,0.000266,0.061,bf16,0.8,241.7,2.6728,2.8533,17.34,1.015,2.853425316,0.0001253160416
324,0.409009,10.486,0.0257,5000,2.1,0.000266,0.084,bf16,1,241.7,2.7489,2.8125,16.65,1.235,2.812023458,-0.0004765419664
325,0.409009,12.583,0.0309,6000,2.1,0.000266,0.089,fp16,1.1,241.7,2.7077,2.7799,16.12,0.735,2.78006256,0.000162560428
326,0.409009,14.68,0.036,7000,2.1,0.000266,0.073,bf16,1.3,241.7,2.6654,2.754,15.71,0.635,2.75428324,0.0002832396673
327,0.409009,16.777,0.0412,8000,2.1,0.000266,0.08,bf16,1.5,241.7,2.6689,2.733,15.38,0.93,2.732833467,-0.0001665327129
328,0.409009,18.874,0.0463,9000,2.1,0.000266,0.017,bf16,1.7,241.7,2.5567,2.7147,15.1,1.176,2.714567315,-0.0001326845463
329,0.409009,20.972,0.0515,10000,2.1,0.000266,0.043,bf16,1.9,241.7,2.4955,2.6988,14.86,1.543,2.698722991,-7.700877599e-05
330,0.409009,23.069,0.0566,11000,2.1,0.000266,0.026,fp16,2.1,241.7,2.6285,2.6849,14.66,0.898,2.68479398,-0.0001060204494
331,0.409009,25.166,0.0618,12000,2.1,0.000266,0.077,bf16,2.3,241.7,2.487,2.6724,14.47,1.136,2.672398059,-1.940648758e-06
332,0.409009,27.263,0.0669,13000,2.1,0.000266,0.046,fp16,2.5,241.7,2.5409,2.6611,14.31,0.948,2.661258349,0.000158349446
333,0.409009,29.36,0.0721,14000,2.1,0.000266,0.084,fp16,2.7,241.7,2.4745,2.6512,14.17,1.281,2.651164649,-3.535127214e-05
334,0.409009,31.457,0.0772,15000,2.1,0.000266,0.04,bf16,2.9,241.7,2.5417,2.6418,14.04,0.813,2.64195391,0.0001539097911
335,0.409009,33.554,0.0823,16000,2.1,0.000266,0.094,bf16,3.1,241.7,2.5707,2.6336,13.92,0.754,2.633497316,-0.0001026835092
336,0.409009,35.652,0.0875,17000,2.1,0.000266,0.065,bf16,3.2,241.7,2.4974,2.6256,13.81,1.015,2.625687887,8.788712244e-05
337,0.409009,37.749,0.0926,18000,2.1,0.000266,0.034,bf16,3.4,241.7,2.5334,2.6183,13.71,0.649,2.618448878,0.0001488784669
338,0.409009,39.846,0.0978,19000,2.1,0.000266,0.01,bf16,3.6,241.7,2.4206,2.6116,13.62,1.073,2.611707088,0.0001070881842
339,0.409009,41.943,0.1029,20000,2.1,0.000266,0.039,bf16,3.8,241.7,2.4457,2.6055,13.54,0.859,2.60540477,-9.522984452e-05
340,0.409009,44.04,0.1081,21000,2.1,0.000266,0.017,fp16,4,241.7,2.4413,2.5994,13.46,0.822,2.59949336,9.336005341e-05
341,0.409009,46.137,0.1132,22000,2.1,0.000266,0.087,fp16,4.2,241.7,2.5259,2.5938,13.38,1.127,2.593931658,0.0001316581461
342,0.409009,48.234,0.1184,23000,2.1,0.000266,0.06,bf16,4.4,241.7,2.3833,2.5887,13.31,0.814,2.588684436,-1.556378106e-05
343,0.409009,50.332,0.1235,24000,2.1,0.000266,0.047,bf16,4.6,241.7,2.426,2.5837,13.25,1.019,2.583719053,1.905255574e-05
344,0.409009,52.429,0.1287,25000,2.1,0.000266,0.078,fp16,4.8,241.7,2.4971,2.5789,13.18,1.133,2.579013933,0.0001139325922
345,0.409009,54.526,0.1338,26000,2.1,0.000266,0.053,bf16,5,241.7,2.391,2.5745,13.12,0.499,2.574543712,4.371249002e-05
346,0.409009,56.623,0.139,27000,2.1,0.000266,0.074,bf16,5.2,241.7,2.4376,2.5703,13.07,1.197,2.570288285,-1.171515633e-05
347,0.409009,58.72,0.1441,28000,2.1,0.000266,0.052,bf16,5.3,241.7,2.4378,2.566,13.01,1.08,2.566229929,0.0002299289715
348,0.409009,60.817,0.1492,29000,2.1,0.000266,0.05,bf16,5.5,241.7,2.3774,2.5621,12.96,0.851,2.562352954,0.0002529541246
349,0.409009,62.915,0.1544,30000,2.1,0.000266,0.037,bf16,5.7,241.7,2.4185,2.5585,12.92,1.027,2.558641675,0.0001416752024
350,0.409009,65.012,0.1595,31000,2.1,0.000266,0.014,fp16,5.9,241.7,2.4567,2.555,12.87,0.991,2.555087166,8.716552945e-05
351,0.409009,67.109,0.1647,32000,2.1,0.000266,0.071,bf16,6.1,241.7,2.3989,2.5517,12.83,1.466,2.55167645,-2.355021571e-05
352,0.409009,69.206,0.1698,33000,2.1,0.000266,0.077,bf16,6.3,241.7,2.4458,2.5486,12.79,1.049,2.548399483,-0.0002005171342
353,0.409009,71.303,0.175,34000,2.1,0.000266,0.03,bf16,6.5,241.7,2.4315,2.5454,12.75,0.972,2.545247199,-0.0001528007698
354,0.409009,73.4,0.1801,35000,2.1,0.000266,0.096,bf16,6.7,241.7,2.3911,2.5422,12.71,0.937,2.542211392,1.139183744e-05
355,0.409009,75.497,0.1853,36000,2.1,0.000266,0.089,bf16,6.9,241.7,2.3825,2.5393,12.67,0.805,2.539284609,-1.539096407e-05
356,0.409009,77.595,0.1904,37000,2.1,0.000266,0.056,bf16,7.1,241.7,2.399,2.5363,12.63,1.201,2.536458743,0.0001587427479
357,0.409009,79.692,0.1956,38000,2.1,0.000266,0.076,fp16,7.3,241.7,2.3967,2.5337,12.6,1.275,2.533730291,3.029125821e-05
358,0.409009,81.789,0.2007,39000,2.1,0.000266,0.074,bf16,7.4,241.7,2.4741,2.531,12.57,0.927,2.531092217,9.221652179e-05
359,0.409009,83.886,0.2059,40000,2.1,0.000266,0.032,bf16,7.6,241.7,2.377,2.5286,12.54,1.191,2.52853932,-6.067974626e-05
360,0.409009,85.983,0.211,41000,2.1,0.000266,0.035,bf16,7.8,241.7,2.4247,2.5259,12.5,0.836,2.526066824,0.0001668237393
361,0.409009,88.08,0.2162,42000,2.1,0.000266,0.07,bf16,8,241.7,2.3857,2.5237,12.48,1.319,2.523670325,-2.967529604e-05
362,0.409009,90.178,0.2213,43000,2.1,0.000266,0.097,bf16,8.2,241.7,2.3587,2.5215,12.45,0.673,2.521344668,-0.0001553324443
363,0.409009,92.275,0.2264,44000,2.1,0.000266,0.029,bf16,8.4,241.7,2.3985,2.5191,12.42,13.563,2.51908831,-1.169029605e-05
364,0.409009,94.372,0.2316,45000,2.1,0.000266,0.077,fp16,8.6,241.7,2.3623,2.5169,12.39,0.775,2.516896644,-3.356117477e-06
365,0.409009,96.469,0.2367,46000,2.1,0.000266,0.07,bf16,8.8,241.7,2.3169,2.5148,12.36,1.004,2.514766438,-3.356158372e-05
366,0.409009,98.566,0.2419,47000,2.1,0.000266,0.096,bf16,9,241.7,2.4602,2.5126,12.34,1.085,2.512694689,9.468890397e-05
367,0.409009,100.663,0.247,48000,2.1,0.000266,0.078,bf16,9.2,241.7,2.3234,2.5107,12.31,0.506,2.510678598,-2.140220115e-05
368,0.409009,102.76,0.2522,49000,2.1,0.000266,0.024,bf16,9.4,241.7,2.4027,2.5087,12.29,1.438,2.508715556,1.555620601e-05
369,0.409009,104.858,0.2573,50000,2.1,0.000266,0.05,bf16,9.5,241.7,2.3256,2.5068,12.27,0.956,2.506802227,2.227338184e-06
370,0.409009,106.955,0.2625,51000,2.1,0.000266,0.023,fp16,9.7,241.7,2.4274,2.5048,12.24,0.947,2.504938156,0.000138155586
371,0.409009,109.052,0.2676,52000,2.1,0.000266,0.069,bf16,9.9,241.7,2.4382,2.5031,12.22,1.063,2.503120283,2.028319825e-05
372,0.409009,111.149,0.2728,53000,2.1,0.000266,0.069,bf16,10.1,241.7,2.3119,2.5014,12.2,0.763,2.501346609,-5.339075715e-05
373,0.409009,113.246,0.2779,54000,2.1,0.000266,0.056,bf16,10.3,241.7,2.4488,2.4998,12.18,0.557,2.499615255,-0.0001847448602
374,0.409009,115.343,0.2831,55000,2.1,0.000266,0.061,bf16,10.5,241.7,2.3415,2.498,12.16,0.926,2.497924455,-7.55449229e-05
375,0.409009,117.441,0.2882,56000,2.1,0.000266,0.076,fp16,10.7,241.7,2.2984,2.4965,12.14,0.867,2.496271769,-0.0002282313872
376,0.409009,119.538,0.2934,57000,2.1,0.000266,0.038,fp16,10.9,241.7,2.4345,2.4946,12.12,2.561,2.494657205,5.720514281e-05
377,0.409009,121.635,0.2985,58000,2.1,0.000266,0.037,fp16,11.1,241.7,2.4101,2.4932,12.1,0.979,2.493078491,-0.0001215085901
378,0.409009,123.732,0.3036,59000,2.1,0.000266,0.011,bf16,11.3,241.7,2.3446,2.4916,12.08,0.699,2.491534234,-6.576637694e-05
379,0.409009,125.829,0.3088,60000,2.1,0.000266,0.094,fp16,11.5,241.7,2.4267,2.4903,12.06,0.863,2.490023115,-0.0002768853575
380,0.409009,127.926,0.3139,61000,2.1,0.000266,0.089,bf16,11.6,241.7,2.3597,2.4884,12.04,1.144,2.488543889,0.0001438885696
381,0.409009,130.023,0.3191,62000,2.1,0.000266,0.084,fp16,11.8,241.7,2.3231,2.487,12.02,0.894,2.487095376,9.537580044e-05
382,0.409009,132.121,0.3242,63000,2.1,0.000266,0.07,bf16,12,241.7,2.3901,2.4856,12.01,1.081,2.485675789,7.578874351e-05
383,0.409009,134.218,0.3294,64000,2.1,0.000266,0.022,bf16,12.2,241.7,2.3897,2.484,11.99,0.875,2.48428542,0.0002854200391
384,0.409009,136.315,0.3345,65000,2.1,0.000266,0.08,bf16,12.4,241.7,2.3516,2.4829,11.98,0.669,2.48292258,2.25796724e-05
385,0.409009,138.412,0.3397,66000,2.1,0.000266,0.086,fp16,12.6,241.7,2.3814,2.4815,11.96,1.847,2.481586312,8.631152404e-05
386,0.409009,140.509,0.3448,67000,2.1,0.000266,0.073,bf16,12.8,241.7,2.3017,2.4803,11.94,14.586,2.480275707,-2.429346768e-05
387,0.409009,142.606,0.35,68000,2.1,0.000266,0.033,bf16,13,241.7,2.3924,2.479,11.93,0.843,2.4789899,-1.010028438e-05
388,0.409009,144.703,0.3551,69000,2.1,0.000266,0.036,fp16,13.2,241.7,2.293,2.478,11.92,0.867,2.477728067,-0.0002719325761
389,0.409009,146.801,0.3603,70000,2.1,0.000266,0.059,fp16,13.4,241.7,2.3711,2.4766,11.9,0.843,2.47648884,-0.0001111604638
390,0.409009,148.898,0.3654,71000,2.1,0.000266,0.078,bf16,13.6,241.7,2.4216,2.4752,11.88,1.004,2.475272649,7.26486882e-05
391,0.409009,150.995,0.3705,72000,2.1,0.000266,0.083,bf16,13.7,241.7,2.3471,2.474,11.87,9.684,2.474078185,7.818460299e-05
392,0.409009,153.092,0.3757,73000,2.1,0.000266,0.014,fp16,13.9,241.7,2.3658,2.473,11.86,0.909,2.472904765,-9.523461249e-05
393,0.409009,155.189,0.3808,74000,2.1,0.000266,0.059,bf16,14.1,241.7,2.3765,2.4716,11.84,7.906,2.47175174,0.0001517395191
394,0.409009,157.286,0.386,75000,2.1,0.000266,0.095,bf16,14.3,241.7,2.282,2.4708,11.83,0.916,2.470618484,-0.000181515896
395,0.409009,159.384,0.3911,76000,2.1,0.000266,0.089,bf16,14.5,241.7,2.2841,2.4696,11.82,1.492,2.469503876,-9.612353347e-05
396,0.409009,161.481,0.3963,77000,2.1,0.000266,0.089,fp16,14.7,241.7,2.3759,2.4683,11.8,0.581,2.468408409,0.000108408545
397,0.409009,163.578,0.4014,78000,2.1,0.000266,0.084,bf16,14.9,241.7,2.4085,2.4671,11.79,1.038,2.467330998,0.0002309982649
398,0.409009,165.675,0.4066,79000,2.1,0.000266,0.088,bf16,15.1,241.7,2.3347,2.4664,11.78,0.689,2.466271122,-0.0001288778679
399,0.409009,167.772,0.4117,80000,2.1,0.000266,0.02,bf16,15.3,241.7,2.3638,2.4652,11.77,1.497,2.465228278,2.827821106e-05
400,0.409009,169.869,0.4169,81000,2.1,0.000266,0.059,bf16,15.5,241.7,2.4129,2.4644,11.76,1.175,2.464201985,-0.0001980150189
401,0.409009,171.966,0.422,82000,2.1,0.000266,0.05,bf16,15.7,241.7,2.2849,2.463,11.74,1.368,2.46319178,0.000191780266
402,0.409009,174.064,0.4272,83000,2.1,0.000266,0.062,bf16,15.8,241.7,2.3634,2.4621,11.73,1.031,2.46219675,9.674961791e-05
403,0.409009,176.161,0.4323,84000,2.1,0.000266,0.073,fp16,16,241.7,2.3968,2.4612,11.72,1.188,2.461217415,1.741499356e-05
404,0.409009,178.258,0.4375,85000,2.1,0.000266,0.019,fp16,16.2,241.7,2.3853,2.4603,11.71,0.696,2.460252889,-4.711147641e-05
405,0.409009,180.355,0.4426,86000,2.1,0.000266,0.02,bf16,16.4,241.7,2.2875,2.4592,11.7,0.762,2.459302776,0.000102776008
406,0.409009,182.452,0.4477,87000,2.1,0.000266,0.037,bf16,16.6,241.7,2.391,2.4584,11.69,0.535,2.458366698,-3.330183069e-05
407,0.409009,184.549,0.4529,88000,2.1,0.000266,0.053,bf16,16.8,241.7,2.2833,2.4573,11.67,1.359,2.45744429,0.0001442899237
408,0.409009,186.647,0.458,89000,2.1,0.000266,0.04,fp16,17,241.7,2.3711,2.4565,11.66,1.383,2.456534769,3.476929906e-05
409,0.409009,188.744,0.4632,90000,2.1,0.000266,0.021,fp16,17.2,241.7,2.3842,2.4557,11.65,0.909,2.455638664,-6.133551227e-05
410,0.409009,190.841,0.4683,91000,2.1,0.000266,0.043,bf16,17.4,241.7,2.3875,2.4548,11.64,0.666,2.454755212,-4.478762632e-05
411,0.409009,192.938,0.4735,92000,2.1,0.000266,0.06,bf16,17.6,241.7,2.2965,2.454,11.63,0.742,2.453884098,-0.0001159018097
412,0.409009,195.035,0.4786,93000,2.1,0.000266,0.027,bf16,17.8,241.7,2.3831,2.4529,11.62,1.54,2.453025018,0.0001250183148
413,0.409009,197.132,0.4838,94000,2.1,0.000266,0.041,fp16,17.9,241.7,2.3938,2.452,11.61,1.706,2.45217768,0.0001776797586
414,0.409009,199.229,0.4889,95000,2.1,0.000266,0.054,fp16,18.1,241.7,2.3696,2.4515,11.61,1.075,2.4513418,-0.0001582003132
415,0.409009,201.327,0.4941,96000,2.1,0.000266,0.097,bf16,18.3,241.7,2.287,2.4506,11.59,1.538,2.450516714,-8.328568414e-05
416,0.409009,203.424,0.4992,97000,2.1,0.000266,0.063,bf16,18.5,241.7,2.2572,2.4496,11.58,1.372,2.449702946,0.0001029462216
417,0.409009,205.521,0.5044,98000,2.1,0.000266,0.082,fp16,18.7,241.7,2.2719,2.4491,11.58,13.821,2.448899844,-0.0002001555128
418,0.409009,207.618,0.5095,99000,2.1,0.000266,0.095,fp16,18.9,241.7,2.3578,2.4481,11.57,0.623,2.448107163,7.16259262e-06
419,0.409009,209.715,0.5147,100000,2.1,0.000266,0.089,bf16,19.1,241.7,2.3817,2.4475,11.56,0.904,2.447324662,-0.000175337868
420,0.409009,211.812,0.5198,101000,2.1,0.000266,0.037,fp16,19.3,241.7,2.2911,2.4466,11.55,0.64,2.446552112,-4.788753109e-05
421,0.409009,213.91,0.5249,102000,2.1,0.000266,0.043,bf16,19.5,241.7,2.3355,2.446,11.54,0.799,2.445788929,-0.0002110710732
422,0.409009,216.007,0.5301,103000,2.1,0.000266,0.097,fp16,19.7,241.7,2.2586,2.4452,11.53,1.05,2.445035623,-0.0001643771066
423,0.409009,218.104,0.5352,104000,2.1,0.000266,0.014,bf16,19.9,241.7,2.3597,2.4443,11.52,1.685,2.444291619,-8.380922038e-06
424,0.409009,220.201,0.5404,105000,2.1,0.000266,0.041,bf16,20,241.7,2.3211,2.4437,11.52,0.633,2.443556715,-0.0001432851837
425,0.409009,222.298,0.5455,106000,2.1,0.000266,0.021,bf16,20.2,241.7,2.2722,2.4429,11.51,0.861,2.442830714,-6.928626383e-05
426,0.409009,224.395,0.5507,107000,2.1,0.000266,0.062,fp16,20.4,241.7,2.3749,2.4423,11.5,0.694,2.442113426,-0.0001865744951
427,0.409009,226.492,0.5558,108000,2.1,0.000266,0.032,bf16,20.6,241.7,2.3611,2.4413,11.49,6.102,2.441404666,0.0001046655891
428,0.409009,228.59,0.561,109000,2.1,0.000266,0.072,fp16,20.8,241.7,2.2682,2.4408,11.48,0.849,2.440703923,-9.607701594e-05
429,0.409009,230.687,0.5661,110000,2.1,0.000266,0.02,bf16,21,241.7,2.333,2.4401,11.47,1.119,2.440011692,-8.830797701e-05
430,0.409009,232.784,0.5713,111000,2.1,0.000266,0.087,bf16,21.2,241.7,2.2753,2.4391,11.46,1.533,2.439327468,0.0002274682637
431,0.409009,234.881,0.5764,112000,2.1,0.000266,0.044,bf16,21.4,241.7,2.3739,2.4385,11.46,1.627,2.438651088,0.0001510881946
432,0.409009,236.978,0.5816,113000,2.1,0.000266,0.062,bf16,21.6,241.7,2.3342,2.4377,11.45,0.971,2.437982393,0.0002823930653
433,0.409009,239.075,0.5867,114000,2.1,0.000266,0.093,bf16,21.8,241.7,2.3481,2.4373,11.44,0.999,2.437321229,2.122870684e-05
434,0.409009,241.172,0.5918,115000,2.1,0.000266,0.073,bf16,22,241.7,2.3618,2.4368,11.44,0.867,2.436667445,-0.0001325546391
435,0.409009,243.27,0.597,116000,2.1,0.000266,0.064,bf16,22.1,241.7,2.3618,2.4362,11.43,1.027,2.436020591,-0.0001794091006
436,0.409009,245.367,0.6021,117000,2.1,0.000266,0.043,fp16,22.3,241.7,2.2726,2.4354,11.42,0.959,2.43538114,-1.885951312e-05
437,0.409009,247.464,0.6073,118000,2.1,0.000266,0.05,fp16,22.5,241.7,2.2797,2.4349,11.42,1.27,2.434748647,-0.000151353385
438,0.409009,249.561,0.6124,119000,2.1,0.000266,0.029,bf16,22.7,241.7,2.2889,2.434,11.4,0.392,2.434122976,0.0001229756093
439,0.409009,251.658,0.6176,120000,2.1,0.000266,0.013,fp16,22.9,241.7,2.2784,2.4333,11.4,1.248,2.433503997,0.0002039974595
440,0.409009,253.755,0.6227,121000,2.1,0.000266,0.024,fp16,23.1,241.7,2.3328,2.4329,11.39,1.022,2.432891586,-8.414309996e-06
441,0.409009,255.853,0.6279,122000,2.1,0.000266,0.067,fp16,23.3,241.7,2.362,2.4323,11.39,0.804,2.43228533,-1.467021614e-05
442,0.409009,257.95,0.633,123000,2.1,0.000266,0.085,bf16,23.5,241.7,2.3,2.4317,11.38,0.736,2.431685688,-1.431214328e-05
443,0.409009,260.047,0.6382,124000,2.1,0.000266,0.04,fp16,23.7,241.7,2.3408,2.4309,11.37,0.785,2.431092253,0.0001922528176
444,0.409009,262.144,0.6433,125000,2.1,0.000266,0.049,fp16,23.9,241.7,2.3468,2.4305,11.36,0.926,2.430504911,4.911138589e-06
445,0.409009,264.241,0.6485,126000,2.1,0.000266,0.04,bf16,24.1,241.7,2.2949,2.4298,11.36,0.74,2.429923552,0.0001235522555
446,0.409009,266.338,0.6536,127000,2.1,0.000266,0.062,fp16,24.2,241.7,2.3303,2.4294,11.35,0.858,2.429348068,-5.193153266e-05
447,0.409009,268.435,0.6588,128000,2.1,0.000266,0.022,bf16,24.4,241.7,2.3726,2.4288,11.35,1.058,2.428778355,-2.164515941e-05
448,0.409009,270.533,0.6639,129000,2.1,0.000266,0.029,bf16,24.6,241.7,2.3531,2.4281,11.34,0.596,2.428214041,0.0001140414756
449,0.409009,272.63,0.669,130000,2.1,0.000266,0.079,bf16,24.8,241.7,2.3459,2.4276,11.33,0.805,2.427655567,5.556661583e-05
450,0.409009,274.727,0.6742,131000,2.1,0.000266,0.013,bf16,25,241.7,2.2637,2.427,11.32,1.181,2.427102563,0.0001025627731
451,0.409009,276.824,0.6793,132000,2.1,0.000266,0.031,bf16,25.2,241.7,2.3106,2.4266,11.32,10.774,2.426554935,-4.506479958e-05
452,0.409009,278.921,0.6845,133000,2.1,0.000266,0.034,bf16,25.4,241.7,2.3227,2.4261,11.31,1.033,2.426012591,-8.740850648e-05
453,0.409009,281.018,0.6896,134000,2.1,0.000266,0.04,bf16,25.6,241.7,2.3484,2.4254,11.31,1.725,2.425475442,7.544151583e-05
454,0.409009,283.116,0.6948,135000,2.1,0.000266,0.027,bf16,25.8,241.7,2.3159,2.425,11.3,1.018,2.424943145,-5.685518613e-05
455,0.409009,285.213,0.6999,136000,2.1,0.000266,0.026,bf16,26,241.7,2.3211,2.4244,11.3,0.785,2.424416123,1.612297195e-05
456,0.409009,287.31,0.7051,137000,2.1,0.000266,0.098,bf16,26.2,241.7,2.3344,2.4238,11.29,0.85,2.423894037,9.40373095e-05
457,0.409009,289.407,0.7102,138000,2.1,0.000266,0.023,bf16,26.3,241.7,2.3744,2.4234,11.28,1.136,2.423376806,-2.319393163e-05
458,0.409009,291.504,0.7154,139000,2.1,0.000266,0.091,fp16,26.5,241.7,2.3457,2.4228,11.28,1.151,2.422864349,6.43494245e-05
459,0.409009,293.601,0.7205,140000,2.1,0.000266,0.066,fp16,26.7,241.7,2.3114,2.4223,11.27,0.895,2.422356589,5.658942861e-05
460,0.409009,295.698,0.7257,141000,2.1,0.000266,0.024,bf16,26.9,241.7,2.2803,2.4217,11.27,1.568,2.42185345,0.0001534499492
461,0.409009,297.796,0.7308,142000,2.1,0.000266,0.078,bf16,27.1,241.7,2.2667,2.4216,11.26,0.791,2.42135462,-0.0002453800746
462,0.409009,299.893,0.736,143000,2.1,0.000266,0.045,bf16,27.3,241.7,2.325,2.4209,11.26,0.71,2.420860502,-3.949780085e-05
470,1.040867,0.134,0.0008,64,2.09,0.000243,0.021,fp16,0,385.6,4.106,4.2153,67.71,1.055,4.215862659,0.0005626591409
471,1.040867,0.268,0.0017,128,2.09,0.000243,0.09,bf16,0.1,385.6,3.5276,3.8315,46.13,0.992,3.83199427,0.0004942698655
472,1.040867,0.537,0.0034,256,2.1,0.000243,0.07,fp16,0.1,385.6,3.3149,3.5146,33.6,0.931,3.515046783,0.0004467832462
473,1.040867,1.074,0.0067,512,2.1,0.000243,0.045,bf16,0.2,385.6,3.0826,3.2545,25.91,1.827,3.25475985,0.0002598499841
474,1.040867,2.097,0.0131,1000,2.1,0.000243,0.089,bf16,0.5,385.6,2.849,3.0476,21.06,1.377,3.047129059,-0.0004709413207
475,1.040867,4.194,0.0262,2000,2.1,0.000243,0.03,bf16,1,385.6,2.6664,2.8697,17.63,0.896,2.86935446,-0.0003455404799
476,1.040867,6.291,0.0393,3000,2.1,0.000243,0.082,bf16,1.5,385.6,2.664,2.7802,16.12,0.837,2.780274086,7.408566653e-05
477,1.040867,8.389,0.0524,4000,2.1,0.000243,0.058,bf16,1.9,385.6,2.6367,2.723,15.23,0.702,2.722905709,-9.42911126e-05
478,1.040867,10.486,0.0655,5000,2.1,0.000243,0.058,fp16,2.4,385.6,2.5683,2.6816,14.61,0.738,2.681503851,-9.614912054e-05
479,1.040867,12.583,0.0786,6000,2.1,0.000243,0.097,fp16,2.9,385.6,2.537,2.6501,14.16,1.682,2.649542953,-0.0005570467262
480,1.040867,14.68,0.0917,7000,2.1,0.000243,0.055,bf16,3.4,385.6,2.4219,2.6239,13.79,1.348,2.623763633,-0.0001363674869
481,1.040867,16.777,0.1048,8000,2.1,0.000243,0.074,bf16,3.9,385.6,2.5487,2.6023,13.49,0.873,2.60231386,1.386013295e-05
482,1.040867,18.874,0.1179,9000,2.1,0.000243,0.057,bf16,4.4,385.6,2.4712,2.5839,13.25,1.162,2.584047708,0.0001477082996
483,1.040867,20.972,0.131,10000,2.1,0.000243,0.096,bf16,4.9,385.6,2.4417,2.5679,13.04,1.162,2.568203384,0.0003033840698
484,1.040867,23.069,0.1441,11000,2.1,0.000243,0.018,bf16,5.3,385.6,2.4617,2.5543,12.86,0.846,2.554274372,-2.562760354e-05
485,1.040867,25.166,0.1572,12000,2.1,0.000243,0.083,bf16,5.8,385.6,2.4881,2.5417,12.7,0.737,2.541878452,0.0001784521971
486,1.040867,27.263,0.1703,13000,2.1,0.000243,0.061,bf16,6.3,385.6,2.3582,2.5305,12.56,0.866,2.530738742,0.0002387422918
487,1.040867,29.36,0.1834,14000,2.1,0.000243,0.057,bf16,6.8,385.6,2.349,2.5205,12.44,0.788,2.520645042,0.0001450415737
488,1.040867,31.457,0.1965,15000,2.1,0.000243,0.032,bf16,7.3,385.6,2.3716,2.5113,12.32,1.108,2.511434303,0.0001343026369
489,1.040867,33.554,0.2096,16000,2.1,0.000243,0.075,bf16,7.8,385.6,2.4259,2.5032,12.22,1.439,2.502977709,-0.0002222906634
490,1.040867,35.652,0.2227,17000,2.1,0.000243,0.072,bf16,8.3,385.6,2.4098,2.4953,12.13,1.229,2.49516828,-0.0001317200317
491,1.040867,37.749,0.2358,18000,2.1,0.000243,0.034,fp16,8.7,385.6,2.4325,2.4879,12.04,1.301,2.487929271,2.927131273e-05
492,1.040867,39.846,0.2488,19000,2.1,0.000243,0.085,bf16,9.2,385.6,2.2911,2.4814,11.96,1.082,2.481187481,-0.0002125189699
493,1.040867,41.943,0.2619,20000,2.1,0.000243,0.066,bf16,9.7,385.6,2.3866,2.4749,11.88,1.422,2.474885163,-1.483699871e-05
494,1.040867,44.04,0.275,21000,2.1,0.000243,0.023,bf16,10.2,385.6,2.407,2.4688,11.81,0.852,2.468973753,0.0001737528992
495,1.040867,46.137,0.2881,22000,2.1,0.000243,0.094,fp16,10.7,385.6,2.3888,2.4636,11.75,1.173,2.463412051,-0.0001879490081
496,1.040867,48.234,0.3012,23000,2.1,0.000243,0.066,bf16,11.2,385.6,2.3307,2.4582,11.68,0.519,2.458164829,-3.517093524e-05
497,1.040867,50.332,0.3143,24000,2.1,0.000243,0.075,bf16,11.7,385.6,2.3107,2.453,11.62,13.117,2.453199445,0.0001994454016
498,1.040867,52.429,0.3274,25000,2.1,0.000243,0.018,fp16,12.1,385.6,2.3543,2.4485,11.57,0.555,2.448494325,-5.674561981e-06
499,1.040867,54.526,0.3405,26000,2.1,0.000243,0.095,bf16,12.6,385.6,2.333,2.4439,11.52,1,2.444024105,0.0001241053358
500,1.040867,56.623,0.3536,27000,2.1,0.000243,0.014,fp16,13.1,385.6,2.2965,2.4396,11.47,1.276,2.439768678,0.0001686776895
501,1.040867,58.72,0.3667,28000,2.1,0.000243,0.088,fp16,13.6,385.6,2.3025,2.4358,11.43,0.948,2.435710322,-8.967818264e-05
502,1.040867,60.817,0.3798,29000,2.1,0.000243,0.067,fp16,14.1,385.6,2.288,2.4321,11.38,1.438,2.431833347,-0.0002666530296
503,1.040867,62.915,0.3929,30000,2.1,0.000243,0.026,bf16,14.6,385.6,2.2374,2.4279,11.34,0.694,2.428122068,0.0002220680482
504,1.040867,65.012,0.406,31000,2.1,0.000243,0.051,fp16,15.1,385.6,2.2636,2.4246,11.3,1.149,2.424567558,-3.244162473e-05
505,1.040867,67.109,0.4191,32000,2.1,0.000243,0.048,bf16,15.5,385.6,2.252,2.4211,11.26,1.316,2.421156843,5.68426301e-05
506,1.040867,69.206,0.4322,33000,2.1,0.000243,0.063,bf16,16,385.6,2.2498,2.4178,11.22,0.961,2.417879876,7.987571166e-05
507,1.040867,71.303,0.4453,34000,2.1,0.000243,0.035,bf16,16.5,385.6,2.3336,2.4146,11.19,1.095,2.414727592,0.0001275920761
508,1.040867,73.4,0.4584,35000,2.1,0.000243,0.015,bf16,17,385.6,2.2856,2.4116,11.15,1.235,2.411691785,9.178468326e-05
509,1.040867,75.497,0.4715,36000,2.1,0.000243,0.086,bf16,17.5,385.6,2.3333,2.4088,11.12,0.828,2.408765002,-3.499811825e-05
510,1.040867,77.595,0.4846,37000,2.1,0.000243,0.012,fp16,18,385.6,2.2176,2.4058,11.09,1.72,2.405939136,0.0001391355937
511,1.040867,79.692,0.4977,38000,2.1,0.000243,0.028,fp16,18.5,385.6,2.2499,2.4032,11.06,13.366,2.403210684,1.068410402e-05
512,1.040867,81.789,0.5108,39000,2.1,0.000243,0.033,fp16,18.9,385.6,2.2464,2.4006,11.03,0.786,2.400572609,-2.739063239e-05
513,1.040867,83.886,0.5239,40000,2.1,0.000243,0.025,bf16,19.4,385.6,2.346,2.398,11,1.343,2.398019713,1.971309956e-05
514,1.040867,85.983,0.537,41000,2.1,0.000243,0.063,bf16,19.9,385.6,2.2268,2.3954,10.97,0.742,2.395547217,0.0001472165851
515,1.040867,88.08,0.5501,42000,2.1,0.000243,0.046,bf16,20.4,385.6,2.3208,2.3931,10.95,0.58,2.393150718,5.071754977e-05
516,1.040867,90.178,0.5632,43000,2.1,0.000243,0.029,fp16,20.9,385.6,2.3058,2.3909,10.92,1.083,2.39082506,-7.493959853e-05
517,1.040867,92.275,0.5763,44000,2.1,0.000243,0.053,fp16,21.4,385.6,2.2512,2.3886,10.9,1.232,2.388568703,-3.129745024e-05
518,1.040867,94.372,0.5894,45000,2.1,0.000243,0.023,fp16,21.9,385.6,2.2364,2.3863,10.87,1.052,2.386377037,7.703672834e-05
519,1.040867,96.469,0.6025,46000,2.1,0.000243,0.012,bf16,22.3,385.6,2.3027,2.3842,10.85,8.891,2.384246831,4.683126209e-05
520,1.040867,98.566,0.6156,47000,2.1,0.000243,0.027,fp16,22.8,385.6,2.1934,2.3822,10.83,1.034,2.382175082,-2.491825021e-05
521,1.040867,100.663,0.6287,48000,2.1,0.000243,0.063,fp16,23.3,385.6,2.2333,2.38,10.8,0.85,2.380158991,0.0001589906447
522,1.040867,102.76,0.6418,49000,2.1,0.000243,0.064,bf16,23.8,385.6,2.2604,2.3782,10.79,0.6,2.378195949,-4.050948175e-06
523,1.040867,104.858,0.6549,50000,2.1,0.000243,0.016,bf16,24.3,385.6,2.3196,2.3762,10.76,0.645,2.37628262,8.2620184e-05
524,1.040867,106.955,0.668,51000,2.1,0.000243,0.045,bf16,24.8,385.6,2.1915,2.3745,10.75,1.034,2.374418548,-8.145156814e-05
525,1.040867,109.052,0.6811,52000,2.1,0.000243,0.08,bf16,25.3,385.6,2.3022,2.3725,10.72,0.556,2.372600676,0.0001006760441
526,1.040867,111.149,0.6941,53000,2.1,0.000243,0.017,bf16,25.8,385.6,2.235,2.3706,10.7,1.411,2.370827002,0.0002270020887
527,1.040867,113.246,0.7072,54000,2.1,0.000243,0.055,fp16,26.2,385.6,2.2499,2.3689,10.69,0.916,2.369095648,0.0001956479857
528,1.040867,115.343,0.7203,55000,2.1,0.000243,0.019,bf16,26.7,385.6,2.3047,2.3674,10.67,1.046,2.367404848,4.847922915e-06
529,1.040867,117.441,0.7334,56000,2.1,0.000243,0.04,fp16,27.2,385.6,2.2849,2.3658,10.65,0.852,2.365752161,-4.783854136e-05
530,1.040867,119.538,0.7465,57000,2.1,0.000243,0.034,bf16,27.7,385.6,2.2632,2.364,10.63,0.862,2.364137598,0.0001375979886
531,1.040867,121.635,0.7596,58000,2.1,0.000243,0.064,bf16,28.2,385.6,2.1877,2.3626,10.62,0.731,2.362558884,-4.111574428e-05
532,1.040867,123.732,0.7727,59000,2.1,0.000243,0.03,fp16,28.7,385.6,2.2282,2.3608,10.6,1.277,2.361014626,0.0002146264689
533,1.040867,125.829,0.7858,60000,2.1,0.000243,0.056,bf16,29.2,385.6,2.2067,2.3595,10.59,9.885,2.359503507,3.507488313e-06
534,1.040867,127.926,0.7989,61000,2.1,0.000243,0.088,bf16,29.6,385.6,2.2892,2.3579,10.57,1.224,2.358024281,0.0001242814154
535,1.040867,130.023,0.812,62000,2.1,0.000243,0.022,bf16,30.1,385.6,2.19,2.3565,10.55,0.919,2.356575769,7.576864625e-05
536,1.040867,132.121,0.8251,63000,2.1,0.000243,0.09,bf16,30.6,385.6,2.3053,2.3552,10.54,0.853,2.355156182,-4.381841068e-05
537,1.040867,134.218,0.8382,64000,2.1,0.000243,0.068,bf16,31.1,385.6,2.301,2.3537,10.52,1.295,2.353765813,6.581288494e-05
538,1.040867,136.315,0.8513,65000,2.1,0.000243,0.067,fp16,31.6,385.6,2.2081,2.3524,10.51,1.214,2.352402973,2.97251822e-06
539,1.040867,138.412,0.8644,66000,2.1,0.000243,0.082,fp16,32.1,385.6,2.2902,2.3512,10.5,0.705,2.351066704,-0.0001332956301
540,1.040867,140.509,0.8775,67000,2.1,0.000243,0.069,fp16,32.6,385.6,2.1987,2.3497,10.48,1.141,2.349756099,5.609937814e-05
541,1.040867,142.606,0.8906,68000,2.1,0.000243,0.056,bf16,33,385.6,2.228,2.3485,10.47,1.43,2.348470293,-2.970743856e-05
542,1.040867,144.703,0.9037,69000,2.1,0.000243,0.044,bf16,33.5,385.6,2.1985,2.3471,10.46,1.54,2.34720846,0.0001084602697
543,1.040867,146.801,0.9168,70000,2.1,0.000243,0.025,bf16,34,385.6,2.2386,2.346,10.44,0.537,2.345969232,-3.076761798e-05
544,1.040867,148.898,0.9299,71000,2.1,0.000243,0.068,fp16,34.5,385.6,2.2884,2.3449,10.43,0.802,2.344753042,-0.000146958466
545,1.040867,150.995,0.943,72000,2.1,0.000243,0.048,bf16,35,385.6,2.2755,2.3433,10.42,1.155,2.343558577,0.0002585774488
546,1.040867,153.092,0.9561,73000,2.1,0.000243,0.032,bf16,35.5,385.6,2.2375,2.3423,10.41,1.406,2.342385158,8.515823333e-05
547,1.040867,155.189,0.9692,74000,2.1,0.000243,0.042,bf16,36,385.6,2.2702,2.3413,10.39,0.985,2.341232132,-6.786763509e-05
548,1.040867,157.286,0.9823,75000,2.1,0.000243,0.029,bf16,36.4,385.6,2.2215,2.3401,10.38,1.161,2.340098877,-1.123050135e-06
549,1.040867,159.384,0.9954,76000,2.1,0.000243,0.081,fp16,36.9,385.6,2.2581,2.339,10.37,1.198,2.338984269,-1.573068765e-05
550,1.040867,161.481,1.0085,77000,2.1,0.000243,0.018,bf16,37.4,385.6,2.2604,2.3378,10.36,1.756,2.337888801,8.88013908e-05
551,1.040867,163.578,1.0216,78000,2.1,0.000243,0.079,fp16,37.9,385.6,2.1779,2.3368,10.35,0.887,2.336811391,1.139111073e-05
552,1.040867,165.675,1.0347,79000,2.1,0.000243,0.057,bf16,38.4,385.6,2.1728,2.3357,10.34,1.33,2.335751515,5.151497789e-05
553,1.040867,167.772,1.0478,80000,2.1,0.000243,0.019,bf16,38.9,385.6,2.2376,2.3348,10.33,1.137,2.334708671,-9.132894313e-05
554,1.040867,169.869,1.0609,81000,2.1,0.000243,0.024,bf16,39.4,385.6,2.1518,2.3337,10.32,1.653,2.333682378,-1.762217307e-05
555,1.040867,171.966,1.074,82000,2.1,0.000243,0.018,fp16,39.8,385.6,2.2212,2.3327,10.31,1.029,2.332672173,-2.782688823e-05
556,1.040867,174.064,1.0871,83000,2.1,0.000243,0.061,bf16,40.3,385.6,2.2657,2.3316,10.29,1.277,2.331677142,7.714246373e-05
557,1.040867,176.161,1.1002,84000,2.1,0.000243,0.085,bf16,40.8,385.6,2.1852,2.3306,10.28,0.714,2.330697808,9.780783938e-05
558,1.040867,178.258,1.1133,85000,2.1,0.000243,0.04,fp16,41.3,385.6,2.1715,2.3297,10.27,0.846,2.329733281,3.32813694e-05
559,1.040867,180.355,1.1264,86000,2.1,0.000243,0.016,fp16,41.8,385.6,2.2517,2.3288,10.27,1.279,2.328783169,-1.683114617e-05
560,1.040867,182.452,1.1394,87000,2.1,0.000243,0.071,fp16,42.3,385.6,2.1768,2.3278,10.26,0.886,2.327847091,4.709101513e-05
561,1.040867,184.549,1.1525,88000,2.1,0.000243,0.084,fp16,42.8,385.6,2.237,2.3269,10.25,1.129,2.326924683,2.468276953e-05
562,1.040867,186.647,1.1656,89000,2.1,0.000243,0.01,fp16,43.2,385.6,2.1956,2.3262,10.24,0.996,2.326015162,-0.0001848378551
563,1.040867,188.744,1.1787,90000,2.1,0.000243,0.074,bf16,43.7,385.6,2.1594,2.3252,10.23,0.925,2.325119057,-8.094266645e-05
564,1.040867,190.841,1.1918,91000,2.1,0.000243,0.027,bf16,44.2,385.6,2.1866,2.3242,10.22,11.357,2.324235605,3.560521949e-05
565,1.040867,192.938,1.2049,92000,2.1,0.000243,0.079,bf16,44.7,385.6,2.2683,2.3235,10.21,0.957,2.323364491,-0.0001355089639
566,1.040867,195.035,1.218,93000,2.1,0.000243,0.094,bf16,45.2,385.6,2.1557,2.3225,10.2,1.036,2.322505411,5.411160592e-06
567,1.040867,197.132,1.2311,94000,2.1,0.000243,0.039,bf16,45.7,385.6,2.2592,2.3215,10.19,1.174,2.321658073,0.0001580726044
568,1.040867,199.229,1.2442,95000,2.1,0.000243,0.044,bf16,46.2,385.6,2.2627,2.3207,10.18,1.501,2.320822193,0.0001221925326
569,1.040867,201.327,1.2573,96000,2.1,0.000243,0.091,fp16,46.6,385.6,2.2601,2.3198,10.17,1.203,2.319997107,0.0001971071617
570,1.040867,203.424,1.2704,97000,2.1,0.000243,0.06,bf16,47.1,385.6,2.1924,2.3191,10.17,1.115,2.319183339,8.33390674e-05
571,1.040867,205.521,1.2835,98000,2.1,0.000243,0.039,bf16,47.6,385.6,2.2059,2.3184,10.16,0.723,2.318380237,-1.976266695e-05
572,1.040867,207.618,1.2966,99000,2.1,0.000243,0.011,bf16,48.1,385.6,2.1975,2.3178,10.15,1,2.317587555,-0.0002124445616
573,1.040867,209.715,1.3097,100000,2.1,0.000243,0.063,bf16,48.6,385.6,2.2343,2.3168,10.14,0.582,2.316805055,5.054977803e-06
574,1.040867,211.812,1.3228,101000,2.1,0.000243,0.1,bf16,49.1,385.6,2.2225,2.316,10.14,1.097,2.316032505,3.250531473e-05
575,1.040867,213.91,1.3359,102000,2.1,0.000243,0.059,fp16,49.6,385.6,2.2508,2.3153,10.13,1.429,2.315269322,-3.06782274e-05
576,1.040867,216.007,1.349,103000,2.1,0.000243,0.042,bf16,50,385.6,2.1724,2.3143,10.12,1.101,2.314516016,0.0002160157392
577,1.040867,218.104,1.3621,104000,2.1,0.000243,0.023,bf16,50.5,385.6,2.1646,2.3138,10.11,0.913,2.313772012,-2.798807622e-05
578,1.040867,220.201,1.3752,105000,2.1,0.000243,0.011,bf16,51,385.6,2.1688,2.3131,10.11,1.037,2.313037108,-6.289233791e-05
579,1.040867,222.298,1.3883,106000,2.1,0.000243,0.011,fp16,51.5,385.6,2.1967,2.3122,10.1,0.739,2.312311107,0.000111106582
580,1.040867,224.395,1.4014,107000,2.1,0.000243,0.032,bf16,52,385.6,2.1569,2.3117,10.09,1.24,2.311593818,-0.0001061816493
581,1.040867,226.492,1.4145,108000,2.1,0.000243,0.099,bf16,52.5,385.6,2.1935,2.3109,10.08,0.942,2.310885058,-1.494156509e-05
582,1.040867,228.59,1.4276,109000,2.1,0.000243,0.072,fp16,53,385.6,2.2416,2.3101,10.08,0.85,2.310184316,8.431582987e-05
583,1.040867,230.687,1.4407,110000,2.1,0.000243,0.03,bf16,53.4,385.6,2.1757,2.3096,10.07,0.866,2.309492085,-0.0001079151312
584,1.040867,232.784,1.4538,111000,2.1,0.000243,0.053,bf16,53.9,385.6,2.1996,2.309,10.06,1.099,2.308807861,-0.0001921388905
585,1.040867,234.881,1.4669,112000,2.1,0.000243,0.029,bf16,54.4,385.6,2.1937,2.3081,10.06,0.897,2.308131481,3.148104044e-05
586,1.040867,236.978,1.48,113000,2.1,0.000243,0.091,bf16,54.9,385.6,2.252,2.3075,10.05,1.281,2.307462786,-3.721408886e-05
587,1.040867,239.075,1.4931,114000,2.1,0.000243,0.05,fp16,55.4,385.6,2.147,2.3068,10.04,0.927,2.306801622,1.621552655e-06
588,1.040867,241.172,1.5062,115000,2.1,0.000243,0.029,bf16,55.9,385.6,2.1243,2.3061,10.03,1.219,2.306147838,4.783820667e-05
589,1.040867,243.27,1.5193,116000,2.1,0.000243,0.015,fp16,56.4,385.6,2.1899,2.3056,10.03,0.772,2.305500984,-9.901625479e-05
590,1.040867,245.367,1.5324,117000,2.1,0.000243,0.036,bf16,56.8,385.6,2.2284,2.3048,10.02,14.222,2.304861533,6.15333327e-05
591,1.040867,247.464,1.5455,118000,2.1,0.000243,0.055,bf16,57.3,385.6,2.1628,2.3042,10.02,1.215,2.304229039,2.903946085e-05
592,1.040867,249.561,1.5586,119000,2.1,0.000243,0.07,fp16,57.8,385.6,2.1244,2.3036,10.01,0.753,2.303603368,3.36845509e-06
593,1.040867,251.658,1.5717,120000,2.1,0.000243,0.041,bf16,58.3,385.6,2.2103,2.303,10,1.15,2.30298439,-1.560969469e-05
594,1.040867,253.755,1.5848,121000,2.1,0.000243,0.021,fp16,58.8,385.6,2.2534,2.3024,10,1.145,2.302371979,-2.802146418e-05
595,1.040867,255.853,1.5979,122000,2.1,0.000243,0.032,bf16,59.3,385.6,2.1592,2.3019,9.99,1.299,2.301765723,-0.0001342773703
596,1.040867,257.95,1.6109,123000,2.1,0.000243,0.09,fp16,59.8,385.6,2.1615,2.3011,9.99,1.325,2.301166081,6.608070253e-05
597,1.040867,260.047,1.624,124000,2.1,0.000243,0.026,fp16,60.2,385.6,2.1967,2.3005,9.98,1.347,2.300572646,7.264566338e-05
598,1.040867,262.144,1.6371,125000,2.1,0.000243,0.055,bf16,60.7,385.6,2.2224,2.2999,9.97,1.496,2.299985304,8.530398441e-05
599,1.040867,264.241,1.6502,126000,2.1,0.000243,0.076,bf16,61.2,385.6,2.1614,2.2994,9.97,0.723,2.299403945,3.945101306e-06
600,1.040867,266.338,1.6633,127000,2.1,0.000243,0.015,fp16,61.7,385.6,2.198,2.2989,9.96,1.126,2.298828461,-7.153868684e-05
601,1.040867,268.435,1.6764,128000,2.1,0.000243,0.066,bf16,62.2,385.6,2.2103,2.2983,9.96,0.982,2.298258748,-4.12523136e-05
602,1.040867,270.533,1.6895,129000,2.1,0.000243,0.041,fp16,62.7,385.6,2.2428,2.2976,9.95,0.846,2.297694434,9.443432145e-05
603,1.040867,272.63,1.7026,130000,2.1,0.000243,0.064,bf16,63.2,385.6,2.1296,2.2972,9.95,1.54,2.297135959,-6.404053835e-05
604,1.040867,274.727,1.7157,131000,2.1,0.000243,0.057,bf16,63.6,385.6,2.221,2.2967,9.94,0.804,2.296582956,-0.0001170443811
605,1.040867,276.824,1.7288,132000,2.1,0.000243,0.07,bf16,64.1,385.6,2.2286,2.2961,9.94,1.324,2.296035328,-6.467195376e-05
606,1.040867,278.921,1.7419,133000,2.1,0.000243,0.03,bf16,64.6,385.6,2.2099,2.2957,9.93,0.791,2.295492984,-0.0002070156607
607,1.040867,281.018,1.755,134000,2.1,0.000243,0.014,bf16,65.1,385.6,2.1291,2.2949,9.92,1.64,2.294955834,5.583436165e-05
608,1.040867,283.116,1.7681,135000,2.1,0.000243,0.047,bf16,65.6,385.6,2.209,2.2943,9.92,0.701,2.294423538,0.0001235376597
609,1.040867,285.213,1.7812,136000,2.1,0.000243,0.08,bf16,66.1,385.6,2.2085,2.2937,9.91,0.675,2.293896516,0.0001965158178
610,1.040867,287.31,1.7943,137000,2.1,0.000243,0.088,bf16,66.6,385.6,2.1193,2.2935,9.91,0.738,2.29337443,-0.0001255698447
611,1.040867,289.407,1.8074,138000,2.1,0.000243,0.024,fp16,67,385.6,2.1905,2.2929,9.9,1.756,2.292857199,-4.280108581e-05
612,1.040867,291.504,1.8205,139000,2.1,0.000243,0.039,bf16,67.5,385.6,2.1751,2.2923,9.9,1.027,2.292344742,4.474227031e-05
613,1.040867,293.601,1.8336,140000,2.1,0.000243,0.045,fp16,68,385.6,2.2125,2.2919,9.89,0.612,2.291836982,-6.301772557e-05
614,1.040867,295.698,1.8467,141000,2.1,0.000243,0.053,fp16,68.5,385.6,2.2093,2.2912,9.89,1.115,2.291333843,0.000133842795
615,1.040867,297.796,1.8598,142000,2.1,0.000243,0.018,bf16,69,385.6,2.2044,2.2911,9.89,0.958,2.290835013,-0.0002649872288
616,1.040867,299.893,1.8729,143000,2.1,0.000243,0.041,bf16,69.5,385.6,2.2132,2.2904,9.88,0.791,2.290340895,-5.910495503e-05
624,1.416184,0.134,0.0011,64,2.09,0.000235,0.056,bf16,0,449.8,3.9619,4.1816,65.47,1.172,4.181156438,-0.0004435619328
625,1.416184,0.268,0.0023,128,2.09,0.000235,0.1,bf16,0.1,449.8,3.5643,3.7976,44.6,1.349,3.797288049,-0.0003119512082
626,1.416184,0.537,0.0046,256,2.1,0.000235,0.071,fp16,0.2,449.8,3.2775,3.4805,32.48,0.976,3.480340562,-0.0001594378275
627,1.416184,1.074,0.0091,512,2.1,0.000235,0.045,bf16,0.3,449.8,3.1354,3.22,25.03,0.771,3.220053629,5.362891044e-05
628,1.416184,2.097,0.0178,1000,2.1,0.000235,0.052,bf16,0.7,449.8,2.8084,3.0125,20.34,0.583,3.012422838,-7.716239443e-05
629,1.416184,4.194,0.0356,2000,2.1,0.000235,0.06,bf16,1.3,449.8,2.6609,2.8347,17.02,0.992,2.834648238,-5.176155359e-05
630,1.416184,6.291,0.0535,3000,2.1,0.000235,0.088,fp16,2,449.8,2.6348,2.7458,15.58,0.994,2.745567865,-0.0002321354072
631,1.416184,8.389,0.0713,4000,2.1,0.000235,0.028,bf16,2.6,449.8,2.6267,2.6879,14.7,0.631,2.688199488,0.0002994878137
632,1.416184,10.486,0.0891,5000,2.1,0.000235,0.078,bf16,3.3,449.8,2.4696,2.6471,14.11,0.861,2.64679763,-0.0003023701942
633,1.416184,12.583,0.1069,6000,2.1,0.000235,0.014,fp16,4,449.8,2.5623,2.6148,13.66,11.416,2.614836732,3.673220012e-05
634,1.416184,14.68,0.1247,7000,2.1,0.000235,0.071,bf16,4.6,449.8,2.4588,2.589,13.32,0.86,2.589057411,5.741143938e-05
635,1.416184,16.777,0.1426,8000,2.1,0.000235,0.092,bf16,5.3,449.8,2.4459,2.5674,13.03,1.342,2.567607639,0.0002076390592
636,1.416184,18.874,0.1604,9000,2.1,0.000235,0.089,bf16,5.9,449.8,2.4119,2.5491,12.8,0.795,2.549341487,0.0002414872259
637,1.416184,20.972,0.1782,10000,2.1,0.000235,0.022,bf16,6.6,449.8,2.409,2.5336,12.6,0.935,2.533497163,-0.0001028370039
638,1.416184,23.069,0.196,11000,2.1,0.000235,0.043,bf16,7.3,449.8,2.4611,2.5196,12.42,1.754,2.519568151,-3.184867724e-05
639,1.416184,25.166,0.2138,12000,2.1,0.000235,0.025,bf16,7.9,449.8,2.3225,2.507,12.27,1.047,2.507172231,0.0001722311234
640,1.416184,27.263,0.2317,13000,2.1,0.000235,0.035,bf16,8.6,449.8,2.3671,2.4958,12.13,0.998,2.496032521,0.0002325212181
641,1.416184,29.36,0.2495,14000,2.1,0.000235,0.049,bf16,9.3,449.8,2.3566,2.4859,12.01,0.727,2.48593882,3.882049997e-05
642,1.416184,31.457,0.2673,15000,2.1,0.000235,0.061,bf16,9.9,449.8,2.293,2.4769,11.9,1.117,2.476728082,-0.0001719184368
643,1.416184,33.554,0.2851,16000,2.1,0.000235,0.08,bf16,10.6,449.8,2.343,2.4682,11.8,0.921,2.468271488,7.148826292e-05
644,1.416184,35.652,0.3029,17000,2.1,0.000235,0.099,bf16,11.2,449.8,2.3154,2.4602,11.71,0.489,2.460462059,0.0002620588946
645,1.416184,37.749,0.3208,18000,2.1,0.000235,0.047,bf16,11.9,449.8,2.29,2.4532,11.63,6.417,2.45322305,2.305023902e-05
646,1.416184,39.846,0.3386,19000,2.1,0.000235,0.095,bf16,12.6,449.8,2.3217,2.4464,11.55,0.983,2.44648126,8.125995635e-05
647,1.416184,41.943,0.3564,20000,2.1,0.000235,0.024,bf16,13.2,449.8,2.2694,2.4398,11.47,0.894,2.440178942,0.0003789419276
648,1.416184,44.04,0.3742,21000,2.1,0.000235,0.051,fp16,13.9,449.8,2.2506,2.4342,11.41,1.09,2.434267532,6.753182552e-05
649,1.416184,46.137,0.392,22000,2.1,0.000235,0.032,bf16,14.5,449.8,2.2355,2.4287,11.34,1.857,2.42870583,5.829918238e-06
650,1.416184,48.234,0.4098,23000,2.1,0.000235,0.037,bf16,15.2,449.8,2.2426,2.4235,11.29,1.252,2.423458608,-4.139200895e-05
651,1.416184,50.332,0.4277,24000,2.1,0.000235,0.097,bf16,15.9,449.8,2.2343,2.4187,11.23,17.89,2.418493224,-0.0002067756721
652,1.416184,52.429,0.4455,25000,2.1,0.000235,0.068,bf16,16.5,449.8,2.3349,2.4139,11.18,1.032,2.413788104,-0.0001118956357
653,1.416184,54.526,0.4633,26000,2.1,0.000235,0.089,fp16,17.2,449.8,2.3035,2.4093,11.13,1.114,2.409317884,1.788426214e-05
654,1.416184,56.623,0.4811,27000,2.1,0.000235,0.062,fp16,17.8,449.8,2.3443,2.4049,11.08,1.554,2.405062457,0.0001624566158
655,1.416184,58.72,0.4989,28000,2.1,0.000235,0.056,bf16,18.5,449.8,2.3457,2.4013,11.04,0.942,2.401004101,-0.0002958992563
656,1.416184,60.817,0.5168,29000,2.1,0.000235,0.049,bf16,19.2,449.8,2.2617,2.3971,10.99,1.046,2.397127126,2.71258967e-05
657,1.416184,62.915,0.5346,30000,2.1,0.000235,0.021,bf16,19.8,449.8,2.2911,2.3934,10.95,1.527,2.393415847,1.584697448e-05
658,1.416184,65.012,0.5524,31000,2.1,0.000235,0.055,bf16,20.5,449.8,2.2831,2.3898,10.91,1.26,2.389861337,6.133730157e-05
659,1.416184,67.109,0.5702,32000,2.1,0.000235,0.074,fp16,21.2,449.8,2.3127,2.3865,10.87,0.656,2.386450622,-4.93784436e-05
660,1.416184,69.206,0.5881,33000,2.1,0.000235,0.09,fp16,21.8,449.8,2.317,2.3831,10.84,0.722,2.383173655,7.365463796e-05
661,1.416184,71.303,0.6059,34000,2.1,0.000235,0.026,fp16,22.5,449.8,2.2766,2.3799,10.8,1.515,2.380021371,0.0001213710024
662,1.416184,73.4,0.6237,35000,2.1,0.000235,0.052,bf16,23.1,449.8,2.2485,2.3769,10.77,1.765,2.376985564,8.556360956e-05
663,1.416184,75.497,0.6415,36000,2.1,0.000235,0.044,fp16,23.8,449.8,2.3158,2.374,10.74,0.699,2.374058781,5.878080805e-05
664,1.416184,77.595,0.6593,37000,2.1,0.000235,0.062,bf16,24.5,449.8,2.2004,2.3712,10.71,1.298,2.371232915,3.291451997e-05
665,1.416184,79.692,0.6772,38000,2.1,0.000235,0.039,fp16,25.1,449.8,2.1917,2.3684,10.68,1.313,2.368504463,0.0001044630303
666,1.416184,81.789,0.695,39000,2.1,0.000235,0.031,fp16,25.8,449.8,2.2976,2.3659,10.65,0.626,2.365866388,-3.361170609e-05
667,1.416184,83.886,0.7128,40000,2.1,0.000235,0.044,bf16,26.4,449.8,2.2284,2.3633,10.63,0.919,2.363313492,1.349202585e-05
668,1.416184,85.983,0.7306,41000,2.1,0.000235,0.094,bf16,27.1,449.8,2.2756,2.361,10.6,0.599,2.360840996,-0.0001590044886
669,1.416184,88.08,0.7484,42000,2.1,0.000235,0.07,fp16,27.8,449.8,2.304,2.3581,10.57,1.746,2.358444496,0.0003444964761
670,1.416184,90.178,0.7663,43000,2.1,0.000235,0.055,bf16,28.4,449.8,2.1823,2.3562,10.55,10.531,2.356118839,-8.116067223e-05
671,1.416184,92.275,0.7841,44000,2.1,0.000235,0.026,bf16,29.1,449.8,2.2165,2.354,10.53,0.982,2.353862481,-0.0001375185239
672,1.416184,94.372,0.8019,45000,2.1,0.000235,0.099,bf16,29.7,449.8,2.2208,2.3514,10.5,1.375,2.351670816,0.0002708156546
673,1.416184,96.469,0.8197,46000,2.1,0.000235,0.033,fp16,30.4,449.8,2.2936,2.3495,10.48,0.664,2.34954061,4.061018839e-05
674,1.416184,98.566,0.8375,47000,2.1,0.000235,0.062,bf16,31.1,449.8,2.2986,2.3474,10.46,0.735,2.347468861,6.886067608e-05
675,1.416184,100.663,0.8553,48000,2.1,0.000235,0.032,bf16,31.7,449.8,2.2596,2.3453,10.44,1.221,2.34545277,0.000152769571
676,1.416184,102.76,0.8732,49000,2.1,0.000235,0.024,fp16,32.4,449.8,2.2892,2.3434,10.42,0.55,2.343489728,8.972797812e-05
677,1.416184,104.858,0.891,50000,2.1,0.000235,0.065,bf16,33.1,449.8,2.2195,2.3414,10.4,1,2.341576399,0.0001763991103
678,1.416184,106.955,0.9088,51000,2.1,0.000235,0.02,bf16,33.7,449.8,2.1827,2.3399,10.38,9.201,2.339712327,-0.0001876726418
679,1.416184,109.052,0.9266,52000,2.1,0.000235,0.09,bf16,34.4,449.8,2.2006,2.338,10.36,0.923,2.337894455,-0.0001055450296
680,1.416184,111.149,0.9444,53000,2.1,0.000235,0.033,bf16,35,449.8,2.2877,2.3362,10.34,1.954,2.336120781,-7.921898504e-05
681,1.416184,113.246,0.9623,54000,2.1,0.000235,0.017,fp16,35.7,449.8,2.2346,2.3345,10.32,0.931,2.334389427,-0.000110573088
682,1.416184,115.343,0.9801,55000,2.1,0.000235,0.021,bf16,36.4,449.8,2.2428,2.3326,10.3,0.807,2.332698627,9.862684921e-05
683,1.416184,117.441,0.9979,56000,2.1,0.000235,0.091,bf16,37,449.8,2.1707,2.331,10.29,1.109,2.33104594,4.594038494e-05
684,1.416184,119.538,1.0157,57000,2.1,0.000235,0.02,fp16,37.7,449.8,2.2341,2.3295,10.27,0.596,2.329431377,-6.862308507e-05
685,1.416184,121.635,1.0335,58000,2.1,0.000235,0.073,bf16,38.3,449.8,2.1589,2.3277,10.25,1.419,2.327852663,0.000152663182
686,1.416184,123.732,1.0514,59000,2.1,0.000235,0.081,bf16,39,449.8,2.2357,2.3264,10.24,0.762,2.326308405,-9.159460482e-05
687,1.416184,125.829,1.0692,60000,2.1,0.000235,0.024,fp16,39.7,449.8,2.1783,2.3248,10.22,0.839,2.324797286,-2.713585388e-06
688,1.416184,127.926,1.087,61000,2.1,0.000235,0.049,bf16,40.3,449.8,2.2273,2.3233,10.21,0.534,2.32331806,1.806034173e-05
689,1.416184,130.023,1.1048,62000,2.1,0.000235,0.057,fp16,41,449.8,2.1772,2.3219,10.2,0.624,2.321869548,-3.045242745e-05
690,1.416184,132.121,1.1226,63000,2.1,0.000235,0.022,bf16,41.6,449.8,2.2253,2.3205,10.18,0.856,2.320449961,-5.003948438e-05
691,1.416184,134.218,1.1405,64000,2.1,0.000235,0.08,bf16,42.3,449.8,2.2235,2.319,10.17,1.05,2.319059592,5.959181124e-05
692,1.416184,136.315,1.1583,65000,2.1,0.000235,0.02,bf16,43,449.8,2.236,2.3178,10.15,1.13,2.317696751,-0.0001032485555
693,1.416184,138.412,1.1761,66000,2.1,0.000235,0.066,bf16,43.6,449.8,2.2294,2.3162,10.14,0.808,2.316360483,0.0001604832962
694,1.416184,140.509,1.1939,67000,2.1,0.000235,0.07,fp16,44.3,449.8,2.2429,2.3151,10.13,1.234,2.315049878,-5.012169557e-05
695,1.416184,142.606,1.2117,68000,2.1,0.000235,0.069,fp16,45,449.8,2.2629,2.3138,10.11,14.42,2.313764071,-3.592851226e-05
696,1.416184,144.703,1.2296,69000,2.1,0.000235,0.075,bf16,45.6,449.8,2.1368,2.3125,10.1,0.995,2.312502239,2.239195979e-06
697,1.416184,146.801,1.2474,70000,2.1,0.000235,0.075,fp16,46.3,449.8,2.1584,2.3113,10.09,1.314,2.311263011,-3.698869168e-05
698,1.416184,148.898,1.2652,71000,2.1,0.000235,0.06,bf16,46.9,449.8,2.1681,2.3099,10.07,1.323,2.31004682,0.0001468204603
699,1.416184,150.995,1.283,72000,2.1,0.000235,0.056,fp16,47.6,449.8,2.1424,2.3089,10.06,0.907,2.308852356,-4.76436249e-05
700,1.416184,153.092,1.3008,73000,2.1,0.000235,0.025,bf16,48.3,449.8,2.2416,2.3077,10.05,9.152,2.307678937,-2.106284038e-05
701,1.416184,155.189,1.3187,74000,2.1,0.000235,0.091,fp16,48.9,449.8,2.2049,2.3065,10.04,1.006,2.306525911,2.59112912e-05
702,1.416184,157.286,1.3365,75000,2.1,0.000235,0.089,fp16,49.6,449.8,2.2089,2.3055,10.03,1.546,2.305392656,-0.0001073441238
703,1.416184,159.384,1.3543,76000,2.1,0.000235,0.048,fp16,50.2,449.8,2.1983,2.3042,10.02,1.547,2.304278048,7.804823865e-05
704,1.416184,161.481,1.3721,77000,2.1,0.000235,0.047,fp16,50.9,449.8,2.252,2.303,10,1.177,2.30318258,0.0001825803171
705,1.416184,163.578,1.3899,78000,2.1,0.000235,0.079,bf16,51.6,449.8,2.2057,2.3019,9.99,0.844,2.30210517,0.000205170037
706,1.416184,165.675,1.4078,79000,2.1,0.000235,0.097,bf16,52.2,449.8,2.2043,2.3011,9.99,1.08,2.301045294,-5.470609581e-05
707,1.416184,167.772,1.4256,80000,2.1,0.000235,0.01,fp16,52.9,449.8,2.2125,2.2999,9.97,1.207,2.30000245,0.0001024499832
708,1.416184,169.869,1.4434,81000,2.1,0.000235,0.069,bf16,53.5,449.8,2.1524,2.2991,9.97,0.706,2.298976157,-0.0001238432468
709,1.416184,171.966,1.4612,82000,2.1,0.000235,0.072,bf16,54.2,449.8,2.1469,2.2978,9.95,0.845,2.297965952,0.0001659520381
710,1.416184,174.064,1.479,83000,2.1,0.000235,0.074,bf16,54.9,449.8,2.234,2.2971,9.95,1.078,2.296970921,-0.00012907861
711,1.416184,176.161,1.4969,84000,2.1,0.000235,0.039,bf16,55.5,449.8,2.1359,2.296,9.93,1.514,2.295991587,-8.413234321e-06
712,1.416184,178.258,1.5147,85000,2.1,0.000235,0.045,bf16,56.2,449.8,2.2264,2.295,9.92,0.864,2.29502706,2.70602957e-05
713,1.416184,180.355,1.5325,86000,2.1,0.000235,0.042,bf16,56.9,449.8,2.178,2.294,9.91,0.778,2.294076948,7.694778012e-05
714,1.416184,182.452,1.5503,87000,2.1,0.000235,0.057,fp16,57.5,449.8,2.172,2.2932,9.91,1.378,2.29314087,-5.913005857e-05
715,1.416184,184.549,1.5681,88000,2.1,0.000235,0.053,bf16,58.2,449.8,2.2274,2.2922,9.9,0.635,2.292218462,1.846169582e-05
716,1.416184,186.647,1.586,89000,2.1,0.000235,0.084,fp16,58.8,449.8,2.1255,2.2914,9.89,1.122,2.291308941,-9.105892882e-05
717,1.416184,188.744,1.6038,90000,2.1,0.000235,0.057,bf16,59.5,449.8,2.1546,2.2904,9.88,1.029,2.290412836,1.283625984e-05
718,1.416184,190.841,1.6216,91000,2.1,0.000235,0.03,bf16,60.2,449.8,2.2426,2.2895,9.87,1.287,2.289529384,2.938414579e-05
719,1.416184,192.938,1.6394,92000,2.1,0.000235,0.033,bf16,60.8,449.8,2.1431,2.2886,9.86,0.929,2.28865827,5.826996243e-05
720,1.416184,195.035,1.6572,93000,2.1,0.000235,0.024,fp16,61.5,449.8,2.1339,2.2878,9.85,0.759,2.28779919,-8.09913109e-07
721,1.416184,197.132,1.6751,94000,2.1,0.000235,0.079,bf16,62.1,449.8,2.2354,2.287,9.85,1.098,2.286951852,-4.81484693e-05
722,1.416184,199.229,1.6929,95000,2.1,0.000235,0.025,bf16,62.8,449.8,2.1248,2.286,9.84,0.76,2.286115971,0.0001159714589
723,1.416184,201.327,1.7107,96000,2.1,0.000235,0.066,fp16,63.5,449.8,2.2383,2.2852,9.83,0.915,2.285290886,9.088608797e-05
724,1.416184,203.424,1.7285,97000,2.1,0.000235,0.076,bf16,64.1,449.8,2.1505,2.2845,9.82,9.282,2.284477118,-2.28820063e-05
725,1.416184,205.521,1.7463,98000,2.1,0.000235,0.08,fp16,64.8,449.8,2.2249,2.2837,9.81,0.972,2.283674016,-2.598374065e-05
726,1.416184,207.618,1.7642,99000,2.1,0.000235,0.013,bf16,65.4,449.8,2.1514,2.2829,9.8,1.105,2.282881334,-1.866563526e-05
727,1.416184,209.715,1.782,100000,2.1,0.000235,0.012,bf16,66.1,449.8,2.132,2.2821,9.8,1.083,2.282098834,-1.166095898e-06
728,1.416184,211.812,1.7998,101000,2.1,0.000235,0.078,bf16,66.8,449.8,2.1352,2.2814,9.79,0.978,2.281326284,-7.371575897e-05
729,1.416184,213.91,1.8176,102000,2.1,0.000235,0.045,bf16,67.4,449.8,2.1643,2.2805,9.78,1.085,2.280563101,6.31006989e-05
730,1.416184,216.007,1.8354,103000,2.1,0.000235,0.088,bf16,68.1,449.8,2.1004,2.2797,9.77,1.148,2.279809795,0.0001097946655
731,1.416184,218.104,1.8533,104000,2.1,0.000235,0.086,bf16,68.7,449.8,2.2277,2.2791,9.77,1.286,2.279065791,-3.420914992e-05
732,1.416184,220.201,1.8711,105000,2.1,0.000235,0.092,bf16,69.4,449.8,2.1694,2.2782,9.76,1.09,2.278330887,0.0001308865884
733,1.416184,222.298,1.8889,106000,2.1,0.000235,0.068,bf16,70.1,449.8,2.2034,2.2776,9.75,0.753,2.277604886,4.885508287e-06
734,1.416184,224.395,1.9067,107000,2.1,0.000235,0.033,bf16,70.7,449.8,2.1934,2.2767,9.74,1.246,2.276887597,0.000187597277
735,1.416184,226.492,1.9245,108000,2.1,0.000235,0.049,bf16,71.4,449.8,2.1519,2.2763,9.74,0.875,2.276178837,-0.0001211626388
736,1.416184,228.59,1.9424,109000,2.1,0.000235,0.021,bf16,72.1,449.8,2.1325,2.2755,9.73,1.769,2.275478095,-2.190524383e-05
737,1.416184,230.687,1.9602,110000,2.1,0.000235,0.096,bf16,72.7,449.8,2.1142,2.2748,9.73,12.132,2.274785864,-1.413620489e-05
738,1.416184,232.784,1.978,111000,2.1,0.000235,0.061,bf16,73.4,449.8,2.1169,2.2742,9.72,0.897,2.27410164,-9.835996422e-05
739,1.416184,234.881,1.9958,112000,2.1,0.000235,0.019,bf16,74,449.8,2.218,2.2736,9.71,1.212,2.27342526,-0.0001747400333
740,1.416184,236.978,2.0136,113000,2.1,0.000235,0.097,bf16,74.7,449.8,2.2229,2.2728,9.71,1.139,2.272756565,-4.343516257e-05
741,1.416184,239.075,2.0314,114000,2.1,0.000235,0.094,bf16,75.4,449.8,2.1363,2.2719,9.7,0.601,2.2720954,0.000195400479
742,1.416184,241.172,2.0493,115000,2.1,0.000235,0.087,bf16,76,449.8,2.1475,2.2713,9.69,0.903,2.271441617,0.000141617133
743,1.416184,243.27,2.0671,116000,2.1,0.000235,0.08,bf16,76.7,449.8,2.09,2.2707,9.69,1.353,2.270794763,9.476267151e-05
744,1.416184,245.367,2.0849,117000,2.1,0.000235,0.065,bf16,77.3,449.8,2.2179,2.2702,9.68,1.345,2.270155312,-4.4687741e-05
745,1.416184,247.464,2.1027,118000,2.1,0.000235,0.08,fp16,78,449.8,2.0963,2.2696,9.68,1.09,2.269522818,-7.718161286e-05
746,1.416184,249.561,2.1205,119000,2.1,0.000235,0.082,fp16,78.7,449.8,2.1241,2.2688,9.67,0.758,2.268897147,9.714738139e-05
747,1.416184,251.658,2.1384,120000,2.1,0.000235,0.031,fp16,79.3,449.8,2.1566,2.2683,9.66,1.196,2.268278169,-2.183076839e-05
748,1.416184,253.755,2.1562,121000,2.1,0.000235,0.025,bf16,80,449.8,2.22,2.2676,9.66,1.13,2.267665757,6.575746212e-05
749,1.416184,255.853,2.174,122000,2.1,0.000235,0.034,fp16,80.6,449.8,2.0924,2.267,9.65,1.719,2.267059502,5.950155598e-05
750,1.416184,257.95,2.1918,123000,2.1,0.000235,0.075,bf16,81.3,449.8,2.1991,2.2663,9.64,11.574,2.26645986,0.0001598596288
751,1.416184,260.047,2.2096,124000,2.1,0.000235,0.057,bf16,82,449.8,2.1517,2.2658,9.64,1.302,2.265866425,6.642458968e-05
752,1.416184,262.144,2.2275,125000,2.1,0.000235,0.075,fp16,82.6,449.8,2.2109,2.2652,9.63,1.229,2.265279083,7.90829107e-05
753,1.416184,264.241,2.2453,126000,2.1,0.000235,0.03,bf16,83.3,449.8,2.1836,2.2646,9.63,0.952,2.264697724,9.77240276e-05
754,1.416184,266.338,2.2631,127000,2.1,0.000235,0.099,bf16,84,449.8,2.2133,2.2642,9.62,2.012,2.26412224,-7.775976054e-05
755,1.416184,268.435,2.2809,128000,2.1,0.000235,0.088,bf16,84.6,449.8,2.1565,2.2635,9.62,0.736,2.263552527,5.25266127e-05
756,1.416184,270.533,2.2987,129000,2.1,0.000235,0.07,fp16,85.3,449.8,2.0849,2.2632,9.61,0.567,2.262988213,-0.0002117867523
757,1.416184,272.63,2.3166,130000,2.1,0.000235,0.049,bf16,85.9,449.8,2.1003,2.2625,9.61,0.785,2.262429738,-7.026161205e-05
758,1.416184,274.727,2.3344,131000,2.1,0.000235,0.061,bf16,86.6,449.8,2.0874,2.2619,9.6,1.433,2.261876735,-2.326545478e-05
759,1.416184,276.824,2.3522,132000,2.1,0.000235,0.069,fp16,87.3,449.8,2.1763,2.2613,9.6,1.006,2.261329107,2.910697254e-05
760,1.416184,278.921,2.37,133000,2.1,0.000235,0.095,bf16,87.9,449.8,2.0918,2.2609,9.59,1.118,2.260786763,-0.0001132367344
761,1.416184,281.018,2.3878,134000,2.1,0.000235,0.086,bf16,88.6,449.8,2.1599,2.2602,9.59,1.091,2.260249613,4.961328795e-05
762,1.416184,283.116,2.4057,135000,2.1,0.000235,0.014,bf16,89.2,449.8,2.1914,2.2597,9.58,0.677,2.259717317,1.731658598e-05
763,1.416184,285.213,2.4235,136000,2.1,0.000235,0.044,bf16,89.9,449.8,2.1796,2.2594,9.58,1.438,2.259190295,-0.0002097052559
764,1.416184,287.31,2.4413,137000,2.1,0.000235,0.083,bf16,90.6,449.8,2.1075,2.2587,9.57,1.21,2.258668209,-3.179091838e-05
765,1.416184,289.407,2.4591,138000,2.1,0.000235,0.052,bf16,91.2,449.8,2.1346,2.2583,9.57,1.126,2.258150978,-0.0001490221595
766,1.416184,291.504,2.4769,139000,2.1,0.000235,0.021,bf16,91.9,449.8,2.1934,2.2576,9.56,1.187,2.257638521,3.852119661e-05
767,1.416184,293.601,2.4948,140000,2.1,0.000235,0.075,bf16,92.5,449.8,2.1187,2.2571,9.56,0.784,2.257130761,3.076120073e-05
768,1.416184,295.698,2.5126,141000,2.1,0.000235,0.085,bf16,93.2,449.8,2.1534,2.2568,9.55,0.799,2.256627622,-0.0001723782787
769,1.416184,297.796,2.5304,142000,2.1,0.000235,0.066,fp16,93.9,449.8,2.1977,2.2561,9.55,0.868,2.256128792,2.879169754e-05
770,1.416184,299.893,2.5482,143000,2.1,0.000235,0.012,bf16,94.5,449.8,2.1758,2.2558,9.54,1.445,2.255634674,-0.0001653260287
778,2.782831,0.134,0.0022,64,2.09,0.00022,0.03,bf16,0.1,630.5,3.8427,4.1162,61.33,0.926,4.116626221,0.0004262208531
779,2.782831,0.268,0.0045,128,2.09,0.00022,0.015,bf16,0.2,630.5,3.551,3.7324,41.78,0.873,3.732757832,0.0003578315777
780,2.782831,0.537,0.009,256,2.1,0.00022,0.023,fp16,0.3,630.5,3.3457,3.4164,30.46,1.623,3.415810345,-0.0005896550416
781,2.782831,1.074,0.0179,512,2.1,0.00022,0.077,bf16,0.7,630.5,2.9845,3.1558,23.47,0.781,3.155523412,-0.0002765883036
782,2.782831,2.097,0.035,1000,2.1,0.00022,0.023,fp16,1.3,630.5,2.8723,2.9476,19.06,0.98,2.94789262,0.0002926203915
783,2.782831,4.194,0.07,2000,2.1,0.00022,0.073,bf16,2.6,630.5,2.556,2.7702,15.96,0.908,2.770118021,-8.197876764e-05
784,2.782831,6.291,0.105,3000,2.1,0.00022,0.049,bf16,3.9,630.5,2.607,2.6811,14.6,0.85,2.681037647,-6.235262122e-05
785,2.782831,8.389,0.1401,4000,2.1,0.00022,0.089,fp16,5.2,630.5,2.5648,2.6238,13.79,0.799,2.623669271,-0.0001307294004
786,2.782831,10.486,0.1751,5000,2.1,0.00022,0.082,bf16,6.5,630.5,2.3945,2.5824,13.23,0.941,2.582267413,-0.0001325874083
787,2.782831,12.583,0.2101,6000,2.1,0.00022,0.078,fp16,7.8,630.5,2.4263,2.5504,12.81,0.981,2.550306515,-9.348501394e-05
788,2.782831,14.68,0.2451,7000,2.1,0.00022,0.013,bf16,9.1,630.5,2.4429,2.5246,12.49,1.173,2.524527194,-7.280577467e-05
789,2.782831,16.777,0.2801,8000,2.1,0.00022,0.032,bf16,10.4,630.5,2.3503,2.503,12.22,0.853,2.503077422,7.742184519e-05
790,2.782831,18.874,0.3151,9000,2.1,0.00022,0.035,bf16,11.7,630.5,2.3329,2.4846,12,0.902,2.48481127,0.0002112700118
791,2.782831,20.972,0.3502,10000,2.1,0.00022,0.035,fp16,13,630.5,2.2983,2.469,11.81,1.348,2.468966946,-3.305421793e-05
792,2.782831,23.069,0.3852,11000,2.1,0.00022,0.083,bf16,14.3,630.5,2.2766,2.455,11.65,0.813,2.455037934,3.793410871e-05
793,2.782831,25.166,0.4202,12000,2.1,0.00022,0.094,fp16,15.6,630.5,2.338,2.4427,11.5,0.969,2.442642014,-5.79860907e-05
794,2.782831,27.263,0.4552,13000,2.1,0.00022,0.032,bf16,16.9,630.5,2.2928,2.4313,11.37,1.085,2.431502304,0.0002023040041
795,2.782831,29.36,0.4902,14000,2.1,0.00022,0.028,bf16,18.2,630.5,2.3337,2.4212,11.26,0.962,2.421408603,0.0002086032859
796,2.782831,31.457,0.5252,15000,2.1,0.00022,0.067,bf16,19.5,630.5,2.3301,2.4123,11.16,0.738,2.412197864,-0.0001021356508
797,2.782831,33.554,0.5603,16000,2.1,0.00022,0.022,bf16,20.8,630.5,2.2778,2.4037,11.06,1.516,2.403741271,4.127104886e-05
798,2.782831,35.652,0.5953,17000,2.1,0.00022,0.043,fp16,22.1,630.5,2.2902,2.396,10.98,0.503,2.395931842,-6.81583195e-05
799,2.782831,37.749,0.6303,18000,2.1,0.00022,0.09,fp16,23.4,630.5,2.2028,2.3887,10.9,1.099,2.388692833,-7.166975031e-06
800,2.782831,39.846,0.6653,19000,2.1,0.00022,0.061,fp16,24.7,630.5,2.3028,2.3819,10.83,0.908,2.381951043,5.10427423e-05
801,2.782831,41.943,0.7003,20000,2.1,0.00022,0.086,bf16,26,630.5,2.2959,2.3757,10.76,1.463,2.375648725,-5.127528646e-05
802,2.782831,44.04,0.7353,21000,2.1,0.00022,0.082,fp16,27.3,630.5,2.1848,2.3697,10.69,0.598,2.369737315,3.731461147e-05
803,2.782831,46.137,0.7703,22000,2.1,0.00022,0.081,bf16,28.6,630.5,2.2932,2.3642,10.64,0.636,2.364175613,-2.438729582e-05
804,2.782831,48.234,0.8054,23000,2.1,0.00022,0.054,fp16,29.9,630.5,2.1774,2.3589,10.58,0.803,2.358928391,2.8390777e-05
805,2.782831,50.332,0.8404,24000,2.1,0.00022,0.072,bf16,31.2,630.5,2.2731,2.3539,10.53,0.96,2.353963007,6.30071138e-05
806,2.782831,52.429,0.8754,25000,2.1,0.00022,0.089,bf16,32.5,630.5,2.3014,2.3492,10.48,1.008,2.349257887,5.788715026e-05
807,2.782831,54.526,0.9104,26000,2.1,0.00022,0.064,bf16,33.8,630.5,2.2949,2.3448,10.43,8.222,2.344787667,-1.233295192e-05
808,2.782831,56.623,0.9454,27000,2.1,0.00022,0.078,bf16,35.1,630.5,2.1736,2.3405,10.39,0.894,2.340532239,3.223940173e-05
809,2.782831,58.72,0.9804,28000,2.1,0.00022,0.037,bf16,36.4,630.5,2.1803,2.3366,10.35,1.182,2.336473884,-0.0001261164704
810,2.782831,60.817,1.0155,29000,2.1,0.00022,0.058,bf16,37.7,630.5,2.2417,2.3325,10.3,1.287,2.332596909,9.690868265e-05
811,2.782831,62.915,1.0505,30000,2.1,0.00022,0.052,bf16,39,630.5,2.1681,2.3288,10.27,1.262,2.32888563,8.562976042e-05
812,2.782831,65.012,1.0855,31000,2.1,0.00022,0.045,bf16,40.3,630.5,2.2152,2.3253,10.23,0.71,2.32533112,3.112008751e-05
813,2.782831,67.109,1.1205,32000,2.1,0.00022,0.054,bf16,41.6,630.5,2.1385,2.3221,10.2,0.88,2.321920404,-0.0001795956577
814,2.782831,69.206,1.1555,33000,2.1,0.00022,0.084,bf16,42.9,630.5,2.238,2.3186,10.16,0.724,2.318643437,4.343742391e-05
815,2.782831,71.303,1.1905,34000,2.1,0.00022,0.07,bf16,44.2,630.5,2.246,2.3156,10.13,0.999,2.315491154,-0.0001088462117
816,2.782831,73.4,1.2256,35000,2.1,0.00022,0.014,fp16,45.5,630.5,2.2334,2.3123,10.1,1.405,2.312455346,0.0001553463955
817,2.782831,75.497,1.2606,36000,2.1,0.00022,0.084,fp16,46.8,630.5,2.1768,2.3095,10.07,0.994,2.309528564,2.856359399e-05
818,2.782831,77.595,1.2956,37000,2.1,0.00022,0.039,bf16,48.1,630.5,2.214,2.3068,10.04,0.734,2.306702697,-9.730269409e-05
819,2.782831,79.692,1.3306,38000,2.1,0.00022,0.059,bf16,49.4,630.5,2.1732,2.304,10.01,1.019,2.303974246,-2.575418373e-05
820,2.782831,81.789,1.3656,39000,2.1,0.00022,0.028,bf16,50.7,630.5,2.1465,2.3014,9.99,1.233,2.301336171,-6.382892015e-05
821,2.782831,83.886,1.4006,40000,2.1,0.00022,0.077,bf16,52,630.5,2.1659,2.2987,9.96,0.658,2.298783275,8.32748118e-05
822,2.782831,85.983,1.4357,41000,2.1,0.00022,0.053,fp16,53.3,630.5,2.2415,2.2964,9.94,0.799,2.296310778,-8.922170261e-05
823,2.782831,88.08,1.4707,42000,2.1,0.00022,0.042,bf16,54.6,630.5,2.1238,2.2941,9.92,0.836,2.293914279,-0.000185720738
824,2.782831,90.178,1.5057,43000,2.1,0.00022,0.051,fp16,55.9,630.5,2.1319,2.2915,9.89,1.159,2.291588622,8.862211372e-05
825,2.782831,92.275,1.5407,44000,2.1,0.00022,0.063,fp16,57.2,630.5,2.1666,2.2893,9.87,1.136,2.289332264,3.226426201e-05
826,2.782831,94.372,1.5757,45000,2.1,0.00022,0.042,fp16,58.5,630.5,2.1798,2.2873,9.85,0.812,2.287140598,-0.0001594015594
827,2.782831,96.469,1.6107,46000,2.1,0.00022,0.064,bf16,59.8,630.5,2.2364,2.2851,9.83,1.366,2.285010393,-8.960702566e-05
828,2.782831,98.566,1.6458,47000,2.1,0.00022,0.013,bf16,61.1,630.5,2.1341,2.2829,9.8,1.252,2.282938643,3.864346203e-05
829,2.782831,100.663,1.6808,48000,2.1,0.00022,0.073,bf16,62.4,630.5,2.1913,2.2809,9.79,0.701,2.280922552,2.255235691e-05
830,2.782831,102.76,1.7158,49000,2.1,0.00022,0.038,bf16,63.6,630.5,2.1657,2.2789,9.77,1.193,2.278959511,5.951076407e-05
831,2.782831,104.858,1.7508,50000,2.1,0.00022,0.068,bf16,64.9,630.5,2.2091,2.2769,9.75,1.037,2.277046182,0.0001461818962
832,2.782831,106.955,1.7858,51000,2.1,0.00022,0.074,bf16,66.2,630.5,2.1201,2.2751,9.73,1.01,2.27518211,8.211014411e-05
833,2.782831,109.052,1.8208,52000,2.1,0.00022,0.1,bf16,67.5,630.5,2.1788,2.2733,9.71,0.948,2.273364238,6.423775631e-05
834,2.782831,111.149,1.8559,53000,2.1,0.00022,0.039,bf16,68.8,630.5,2.2161,2.2715,9.69,0.996,2.271590564,9.056380091e-05
835,2.782831,113.246,1.8909,54000,2.1,0.00022,0.079,bf16,70.1,630.5,2.1655,2.2698,9.68,1.424,2.26985921,5.92096979e-05
836,2.782831,115.343,1.9259,55000,2.1,0.00022,0.041,fp16,71.4,630.5,2.1361,2.2682,9.66,1.183,2.26816841,-3.159036484e-05
837,2.782831,117.441,1.9609,56000,2.1,0.00022,0.04,bf16,72.7,630.5,2.2171,2.2666,9.65,0.665,2.266515723,-8.427682912e-05
838,2.782831,119.538,1.9959,57000,2.1,0.00022,0.016,fp16,74,630.5,2.171,2.2648,9.63,1.161,2.26490116,0.0001011597009
839,2.782831,121.635,2.0309,58000,2.1,0.00022,0.081,fp16,75.3,630.5,2.1225,2.2634,9.62,1.081,2.263322446,-7.755403204e-05
840,2.782831,123.732,2.066,59000,2.1,0.00022,0.086,bf16,76.6,630.5,2.2069,2.2617,9.6,1.189,2.261778188,7.818818112e-05
841,2.782831,125.829,2.101,60000,2.1,0.00022,0.035,fp16,77.9,630.5,2.1047,2.2603,9.59,1.045,2.260267069,-3.293079944e-05
842,2.782831,127.926,2.136,61000,2.1,0.00022,0.039,bf16,79.2,630.5,2.1942,2.2588,9.57,0.429,2.258787843,-1.215687232e-05
843,2.782831,130.023,2.171,62000,2.1,0.00022,0.046,fp16,80.5,630.5,2.1163,2.2572,9.56,0.983,2.25733933,0.0001393303585
844,2.782831,132.121,2.206,63000,2.1,0.00022,0.025,fp16,81.8,630.5,2.1849,2.2559,9.54,1.697,2.255919743,1.974330157e-05
845,2.782831,134.218,2.241,64000,2.1,0.00022,0.031,fp16,83.1,630.5,2.1718,2.2545,9.53,0.816,2.254529375,2.937459718e-05
846,2.782831,136.315,2.276,65000,2.1,0.00022,0.022,bf16,84.4,630.5,2.1787,2.2532,9.52,1.098,2.253166534,-3.346576954e-05
847,2.782831,138.412,2.3111,66000,2.1,0.00022,0.056,fp16,85.7,630.5,2.1311,2.2518,9.51,0.762,2.251830266,3.02660821e-05
848,2.782831,140.509,2.3461,67000,2.1,0.00022,0.08,bf16,87,630.5,2.091,2.2507,9.49,1.013,2.250519661,-0.0001803389096
849,2.782831,142.606,2.3811,68000,2.1,0.00022,0.018,bf16,88.3,630.5,2.1971,2.2492,9.48,0.724,2.249233854,3.385427368e-05
850,2.782831,144.703,2.4161,69000,2.1,0.00022,0.027,bf16,89.6,630.5,2.1805,2.2479,9.47,0.513,2.247972022,7.202198192e-05
851,2.782831,146.801,2.4511,70000,2.1,0.00022,0.04,fp16,90.9,630.5,2.1242,2.2467,9.46,1.077,2.246732794,3.279409427e-05
852,2.782831,148.898,2.4861,71000,2.1,0.00022,0.07,bf16,92.2,630.5,2.1961,2.2455,9.44,0.657,2.245516603,1.660324626e-05
853,2.782831,150.995,2.5212,72000,2.1,0.00022,0.071,fp16,93.5,630.5,2.0757,2.2443,9.43,1.455,2.244322139,2.213916105e-05
854,2.782831,153.092,2.5562,73000,2.1,0.00022,0.017,bf16,94.8,630.5,2.0767,2.2432,9.42,1.088,2.24314872,-5.128005443e-05
855,2.782831,155.189,2.5912,74000,2.1,0.00022,0.053,fp16,96.1,630.5,2.1011,2.2421,9.41,1.483,2.241995694,-0.0001043059229
856,2.782831,157.286,2.6262,75000,2.1,0.00022,0.089,fp16,97.4,630.5,2.0923,2.2408,9.4,1.315,2.240862439,6.243866211e-05
857,2.782831,159.384,2.6612,76000,2.1,0.00022,0.065,bf16,98.7,630.5,2.1498,2.2397,9.39,1.185,2.239747831,4.783102459e-05
858,2.782831,161.481,2.6962,77000,2.1,0.00022,0.034,bf16,100,630.5,2.087,2.2387,9.38,0.939,2.238652363,-4.763689695e-05
859,2.782831,163.578,2.7313,78000,2.1,0.00022,0.043,fp16,101.3,630.5,2.129,2.2375,9.37,1.311,2.237574953,7.495282298e-05
860,2.782831,165.675,2.7663,79000,2.1,0.00022,0.037,bf16,102.6,630.5,2.1444,2.2366,9.36,1.267,2.236515077,-8.492330986e-05
861,2.782831,167.772,2.8013,80000,2.1,0.00022,0.029,bf16,103.9,630.5,2.1216,2.2355,9.35,1.428,2.235472233,-2.776723088e-05
862,2.782831,169.869,2.8363,81000,2.1,0.00022,0.02,bf16,105.2,630.5,2.176,2.2343,9.34,1,2.23444594,0.0001459395392
863,2.782831,171.966,2.8713,82000,2.1,0.00022,0.036,bf16,106.5,630.5,2.1822,2.2336,9.33,0.923,2.233435735,-0.000164265176
864,2.782831,174.064,2.9063,83000,2.1,0.00022,0.071,fp16,107.8,630.5,2.1751,2.2326,9.32,1.233,2.232440704,-0.000159295824
865,2.782831,176.161,2.9414,84000,2.1,0.00022,0.093,fp16,109.1,630.5,2.1473,2.2314,9.31,0.974,2.23146137,6.136955162e-05
866,2.782831,178.258,2.9764,85000,2.1,0.00022,0.046,bf16,110.4,630.5,2.1447,2.2305,9.3,1.43,2.230496843,-3.156918353e-06
867,2.782831,180.355,3.0114,86000,2.1,0.00022,0.098,bf16,111.7,630.5,2.132,2.2296,9.3,1.276,2.229546731,-5.326943393e-05
868,2.782831,182.452,3.0464,87000,2.1,0.00022,0.048,bf16,113,630.5,2.1518,2.2286,9.29,0.843,2.228610653,1.065272737e-05
869,2.782831,184.549,3.0814,88000,2.1,0.00022,0.068,bf16,114.3,630.5,2.0781,2.2277,9.28,0.936,2.227688244,-1.175551823e-05
870,2.782831,186.647,3.1164,89000,2.1,0.00022,0.047,bf16,115.6,630.5,2.1069,2.2269,9.27,1.284,2.226778724,-0.0001212761429
871,2.782831,188.744,3.1515,90000,2.1,0.00022,0.071,bf16,116.9,630.5,2.0566,2.2259,9.26,0.627,2.225882619,-1.738095421e-05
872,2.782831,190.841,3.1865,91000,2.1,0.00022,0.063,bf16,118.2,630.5,2.1476,2.2249,9.25,0.762,2.224999167,9.916693174e-05
873,2.782831,192.938,3.2215,92000,2.1,0.00022,0.059,fp16,119.5,630.5,2.0537,2.224,9.24,0.55,2.224128053,0.0001280527484
874,2.782831,195.035,3.2565,93000,2.1,0.00022,0.056,fp16,120.8,630.5,2.1133,2.2232,9.24,1.664,2.223268973,6.897287284e-05
875,2.782831,197.132,3.2915,94000,2.1,0.00022,0.062,fp16,122.1,630.5,2.0537,2.2224,9.23,1.065,2.222421634,2.163431665e-05
876,2.782831,199.229,3.3265,95000,2.1,0.00022,0.02,bf16,123.4,630.5,2.1369,2.2217,9.22,0.879,2.221585754,-0.0001142457552
877,2.782831,201.327,3.3616,96000,2.1,0.00022,0.047,bf16,124.7,630.5,2.0892,2.2207,9.21,0.923,2.220760669,6.066887392e-05
878,2.782831,203.424,3.3966,97000,2.1,0.00022,0.09,bf16,126,630.5,2.0551,2.22,9.21,0.98,2.219946901,-5.309922035e-05
879,2.782831,205.521,3.4316,98000,2.1,0.00022,0.088,bf16,127.3,630.5,2.0861,2.2191,9.2,1.178,2.219143799,4.379904529e-05
880,2.782831,207.618,3.4666,99000,2.1,0.00022,0.07,bf16,128.6,630.5,2.169,2.2184,9.19,1.572,2.218351117,-4.888284932e-05
881,2.782831,209.715,3.5016,100000,2.1,0.00022,0.02,bf16,129.9,630.5,2.0955,2.2178,9.19,1.554,2.217568617,-0.00023138331
882,2.782831,211.812,3.5366,101000,2.1,0.00022,0.029,bf16,131.2,630.5,2.1521,2.2168,9.18,0.693,2.216796067,-3.932973027e-06
883,2.782831,213.91,3.5717,102000,2.1,0.00022,0.016,fp16,132.5,630.5,2.0521,2.216,9.17,1.016,2.216032883,3.288348485e-05
884,2.782831,216.007,3.6067,103000,2.1,0.00022,0.047,bf16,133.8,630.5,2.0828,2.2154,9.16,1.28,2.215279577,-0.0001204225485
885,2.782831,218.104,3.6417,104000,2.1,0.00022,0.016,fp16,135.1,630.5,2.0835,2.2146,9.16,1.972,2.214535574,-6.442636398e-05
886,2.782831,220.201,3.6767,105000,2.1,0.00022,0.095,bf16,136.4,630.5,2.1385,2.214,9.15,0.866,2.213800669,-0.0001993306257
887,2.782831,222.298,3.7117,106000,2.1,0.00022,0.049,bf16,137.7,630.5,2.1295,2.2131,9.14,1.224,2.213074668,-2.533170577e-05
888,2.782831,224.395,3.7467,107000,2.1,0.00022,0.036,fp16,139,630.5,2.1525,2.2123,9.14,1.201,2.21235738,5.738006298e-05
889,2.782831,226.492,3.7817,108000,2.1,0.00022,0.031,fp16,140.3,630.5,2.1303,2.2117,9.13,1,2.21164862,-5.137985284e-05
890,2.782831,228.59,3.8168,109000,2.1,0.00022,0.044,fp16,141.6,630.5,2.0666,2.211,9.13,9.317,2.210947878,-5.212245788e-05
891,2.782831,230.687,3.8518,110000,2.1,0.00022,0.093,bf16,142.9,630.5,2.0636,2.2103,9.12,1.154,2.210255647,-4.435341895e-05
892,2.782831,232.784,3.8868,111000,2.1,0.00022,0.065,fp16,144.2,630.5,2.1454,2.2096,9.11,1.55,2.209571423,-2.857717827e-05
893,2.782831,234.881,3.9218,112000,2.1,0.00022,0.092,bf16,145.5,630.5,2.0331,2.209,9.11,0.703,2.208895043,-0.0001049572473
894,2.782831,236.978,3.9568,113000,2.1,0.00022,0.021,fp16,146.8,630.5,2.0358,2.2083,9.1,0.872,2.208226348,-7.365237662e-05
895,2.782831,239.075,3.9918,114000,2.1,0.00022,0.092,fp16,148.1,630.5,2.055,2.2077,9.09,0.918,2.207565183,-0.0001348167351
896,2.782831,241.172,4.0268,115000,2.1,0.00022,0.011,bf16,149.4,630.5,2.147,2.207,9.09,0.781,2.2069114,-8.860008108e-05
897,2.782831,243.27,4.0619,116000,2.1,0.00022,0.067,fp16,150.7,630.5,2.1068,2.2063,9.08,1.227,2.206264545,-3.545454255e-05
898,2.782831,245.367,4.0969,117000,2.1,0.00022,0.016,fp16,152,630.5,2.0402,2.2056,9.08,1.607,2.205625095,2.509504494e-05
899,2.782831,247.464,4.1319,118000,2.1,0.00022,0.046,bf16,153.3,630.5,2.0884,2.2051,9.07,0.852,2.204992601,-0.0001073988269
900,2.782831,249.561,4.1669,119000,2.1,0.00022,0.069,bf16,154.6,630.5,2.1293,2.2043,9.06,0.688,2.20436693,6.693016733e-05
901,2.782831,251.658,4.2019,120000,2.1,0.00022,0.065,bf16,155.9,630.5,2.0598,2.2038,9.06,1.417,2.203747952,-5.204798245e-05
902,2.782831,253.755,4.2369,121000,2.1,0.00022,0.087,fp16,157.2,630.5,2.1039,2.2031,9.05,1.173,2.20313554,3.554024806e-05
903,2.782831,255.853,4.272,122000,2.1,0.00022,0.064,bf16,158.5,630.5,2.1377,2.2025,9.05,0.729,2.202529284,2.928434192e-05
904,2.782831,257.95,4.307,123000,2.1,0.00022,0.094,bf16,159.8,630.5,2.1137,2.202,9.04,0.837,2.201929642,-7.035758522e-05
905,2.782831,260.047,4.342,124000,2.1,0.00022,0.024,bf16,161.1,630.5,2.0755,2.2014,9.04,0.782,2.201336207,-6.379262437e-05
906,2.782831,262.144,4.377,125000,2.1,0.00022,0.067,fp16,162.4,630.5,2.1273,2.2008,9.03,1.403,2.200748866,-5.113430335e-05
907,2.782831,264.241,4.412,126000,2.1,0.00022,0.017,bf16,163.7,630.5,2.028,2.2001,9.03,0.878,2.200167507,6.750681355e-05
908,2.782831,266.338,4.447,127000,2.1,0.00022,0.036,bf16,165,630.5,2.0895,2.1997,9.02,0.795,2.199592023,-0.0001079769746
909,2.782831,268.435,4.4821,128000,2.1,0.00022,0.087,bf16,166.3,630.5,2.058,2.1991,9.02,1.057,2.199022309,-7.769060135e-05
910,2.782831,270.533,4.5171,129000,2.1,0.00022,0.027,bf16,167.6,630.5,2.1483,2.1986,9.01,8.584,2.198457996,-0.0001420039663
911,2.782831,272.63,4.5521,130000,2.1,0.00022,0.015,bf16,168.9,630.5,2.1501,2.1979,9.01,1.212,2.197899521,-4.788261081e-07
912,2.782831,274.727,4.5871,131000,2.1,0.00022,0.016,bf16,170.2,630.5,2.1318,2.1974,9,0.848,2.197346517,-5.348266884e-05
913,2.782831,276.824,4.6221,132000,2.1,0.00022,0.049,bf16,171.5,630.5,2.0626,2.1968,9,0.815,2.19679889,-1.11024152e-06
914,2.782831,278.921,4.6571,133000,2.1,0.00022,0.047,fp16,172.8,630.5,2.1214,2.1964,8.99,0.978,2.196256546,-0.0001434539484
915,2.782831,281.018,4.6922,134000,2.1,0.00022,0.059,bf16,174.1,630.5,2.0591,2.1957,8.99,0.763,2.195719396,1.939607389e-05
916,2.782831,283.116,4.7272,135000,2.1,0.00022,0.074,fp16,175.4,630.5,2.0207,2.1952,8.98,0.937,2.195187099,-1.290062807e-05
917,2.782831,285.213,4.7622,136000,2.1,0.00022,0.059,bf16,176.7,630.5,2.1277,2.1947,8.98,1.209,2.194660078,-3.992246999e-05
918,2.782831,287.31,4.7972,137000,2.1,0.00022,0.013,bf16,178,630.5,2.0289,2.1942,8.97,0.879,2.194137992,-6.200813244e-05
919,2.782831,289.407,4.8322,138000,2.1,0.00022,0.073,bf16,179.3,630.5,2.0399,2.1936,8.97,0.602,2.193620761,2.076062643e-05
920,2.782831,291.504,4.8672,139000,2.1,0.00022,0.076,bf16,180.6,630.5,2.126,2.1931,8.96,1.51,2.193108304,8.303982558e-06
921,2.782831,293.601,4.9023,140000,2.1,0.00022,0.035,bf16,181.9,630.5,2.0483,2.1927,8.96,1.075,2.192600544,-9.945601333e-05
922,2.782831,295.698,4.9373,141000,2.1,0.00022,0.07,bf16,183.2,630.5,2.1409,2.192,8.95,0.865,2.192097405,9.740450727e-05
923,2.782831,297.796,4.9723,142000,2.1,0.00022,0.013,fp16,184.5,630.5,2.1394,2.1916,8.95,0.786,2.191598574,-1.425516512e-06
924,2.782831,299.893,5.0073,143000,2.1,0.00022,0.075,bf16,185.8,630.5,2.0348,2.1911,8.94,0.732,2.191104457,4.456757209e-06
932,6.86104,0.134,0.0055,64,2.09,0.000201,0.045,bf16,0.2,990,3.9485,4.0512,57.47,1.172,4.050588767,-0.0006112326417
933,6.86104,0.268,0.011,128,2.09,0.000201,0.094,bf16,0.4,990,3.4728,3.6658,39.09,1.264,3.666720378,0.0009203780829
934,6.86104,0.537,0.0221,256,2.1,0.000201,0.075,fp16,0.8,990,3.0991,3.3494,28.49,1.046,3.349772891,0.0003728914636
935,6.86104,1.074,0.0442,512,2.1,0.000201,0.042,fp16,1.6,990,2.9309,3.0899,21.97,1.085,3.089485958,-0.0004140417985
936,6.86104,2.097,0.0863,1000,2.1,0.000201,0.01,bf16,3.2,990,2.6812,2.8818,17.85,0.705,2.881855167,5.516689668e-05
937,6.86104,4.194,0.1727,2000,2.1,0.000201,0.033,fp16,6.4,990,2.4932,2.7039,14.94,1.601,2.704080568,0.0001805677375
938,6.86104,6.291,0.259,3000,2.1,0.000201,0.069,bf16,9.6,990,2.5508,2.6151,13.67,0.748,2.615000194,-9.980611606e-05
939,6.86104,8.389,0.3453,4000,2.1,0.000201,0.092,fp16,12.8,990,2.4401,2.5577,12.91,1.127,2.557631817,-6.818289519e-05
940,6.86104,10.486,0.4317,5000,2.1,0.000201,0.057,fp16,16,990,2.412,2.5161,12.38,1.438,2.516229959,0.0001299590969
941,6.86104,12.583,0.518,6000,2.1,0.000201,0.085,bf16,19.2,990,2.3165,2.4841,11.99,1.917,2.484269061,0.0001690614912
942,6.86104,14.68,0.6043,7000,2.1,0.000201,0.088,bf16,22.4,990,2.3246,2.4586,11.69,0.846,2.458489741,-0.0001102592695
943,6.86104,16.777,0.6906,8000,2.1,0.000201,0.093,bf16,25.6,990,2.2624,2.4371,11.44,0.848,2.437039968,-6.003164964e-05
944,6.86104,18.874,0.777,9000,2.1,0.000201,0.05,bf16,28.8,990,2.3025,2.4187,11.23,1.063,2.418773817,7.381651696e-05
945,6.86104,20.972,0.8633,10000,2.1,0.000201,0.093,fp16,32,990,2.2447,2.4032,11.06,1.08,2.402929492,-0.0002705077128
946,6.86104,23.069,0.9497,11000,2.1,0.000201,0.074,bf16,35.2,990,2.2449,2.3889,10.9,1.354,2.389000481,0.0001004806139
947,6.86104,25.166,1.036,12000,2.1,0.000201,0.046,bf16,38.4,990,2.2974,2.3764,10.77,0.923,2.37660456,0.0002045604145
948,6.86104,27.263,1.1223,13000,2.1,0.000201,0.08,bf16,41.6,990,2.2563,2.3654,10.65,1.389,2.365464851,6.485050924e-05
949,6.86104,29.36,1.2086,14000,2.1,0.000201,0.045,bf16,44.8,990,2.2733,2.3553,10.54,0.741,2.35537115,7.114979108e-05
950,6.86104,31.457,1.295,15000,2.1,0.000201,0.051,bf16,48,990,2.2184,2.3462,10.45,0.713,2.346160411,-3.958914565e-05
951,6.86104,33.554,1.3813,16000,2.1,0.000201,0.028,bf16,51.2,990,2.2617,2.3377,10.36,1.876,2.337703818,3.817554025e-06
952,6.86104,35.652,1.4677,17000,2.1,0.000201,0.059,bf16,54.4,990,2.2511,2.3299,10.28,1.037,2.329894388,-5.611814336e-06
953,6.86104,37.749,1.554,18000,2.1,0.000201,0.089,bf16,57.6,990,2.1598,2.3225,10.2,1.138,2.32265538,0.0001553795301
954,6.86104,39.846,1.6403,19000,2.1,0.000201,0.044,bf16,60.8,990,2.2652,2.3161,10.14,1.09,2.315913589,-0.0001864107525
955,6.86104,41.943,1.7266,20000,2.1,0.000201,0.087,fp16,64.1,990,2.1858,2.3096,10.07,1.544,2.309611271,1.12712187e-05
956,6.86104,44.04,1.813,21000,2.1,0.000201,0.069,bf16,67.3,990,2.1557,2.3038,10.01,1.292,2.303699861,-0.0001001388834
957,6.86104,46.137,1.8993,22000,2.1,0.000201,0.033,bf16,70.5,990,2.1614,2.2982,9.96,0.594,2.298138159,-6.184079066e-05
958,6.86104,48.234,1.9856,23000,2.1,0.000201,0.041,fp16,73.7,990,2.1911,2.2929,9.9,1.391,2.292890937,-9.062717839e-06
959,6.86104,50.332,2.072,24000,2.1,0.000201,0.073,bf16,76.9,990,2.2326,2.288,9.85,0.806,2.287925554,-7.444638104e-05
960,6.86104,52.429,2.1583,25000,2.1,0.000201,0.025,bf16,80.1,990,2.1638,2.2832,9.81,0.912,2.283220434,2.043365542e-05
961,6.86104,54.526,2.2446,26000,2.1,0.000201,0.027,bf16,83.3,990,2.097,2.2788,9.76,13.323,2.278750214,-4.978644676e-05
962,6.86104,56.623,2.331,27000,2.1,0.000201,0.099,bf16,86.5,990,2.1758,2.2746,9.72,0.824,2.274494786,-0.0001052140931
963,6.86104,58.72,2.4173,28000,2.1,0.000201,0.069,bf16,89.7,990,2.1155,2.2704,9.68,0.789,2.27043643,3.643003476e-05
964,6.86104,60.817,2.5036,29000,2.1,0.000201,0.048,bf16,92.9,990,2.1593,2.2666,9.65,0.9,2.266559455,-4.054481219e-05
965,6.86104,62.915,2.59,30000,2.1,0.000201,0.066,bf16,96.1,990,2.1377,2.2628,9.61,1.377,2.262848176,4.817626558e-05
966,6.86104,65.012,2.6763,31000,2.1,0.000201,0.08,fp16,99.3,990,2.1083,2.2594,9.58,1.52,2.259293667,-0.0001063334073
967,6.86104,67.109,2.7626,32000,2.1,0.000201,0.026,bf16,102.5,990,2.1757,2.2558,9.54,11.577,2.255882951,8.295084751e-05
968,6.86104,69.206,2.849,33000,2.1,0.000201,0.097,bf16,105.7,990,2.0888,2.2528,9.51,12.277,2.252605984,-0.0001940160709
969,6.86104,71.303,2.9353,34000,2.1,0.000201,0.043,bf16,108.9,990,2.1619,2.2494,9.48,0.924,2.2494537,5.370029347e-05
970,6.86104,73.4,3.0216,35000,2.1,0.000201,0.037,fp16,112.1,990,2.1305,2.2463,9.45,1.386,2.246417893,0.0001178929007
971,6.86104,75.497,3.1079,36000,2.1,0.000201,0.024,bf16,115.3,990,2.1435,2.2435,9.43,1.318,2.24349111,-8.889900845e-06
972,6.86104,77.595,3.1943,37000,2.1,0.000201,0.068,bf16,118.5,990,2.1389,2.2406,9.4,0.751,2.240665244,6.524381107e-05
973,6.86104,79.692,3.2806,38000,2.1,0.000201,0.063,bf16,121.7,990,2.0712,2.238,9.37,6.863,2.237936792,-6.320767857e-05
974,6.86104,81.789,3.3669,39000,2.1,0.000201,0.061,fp16,124.9,990,2.1551,2.2352,9.35,1.253,2.235298718,9.871758501e-05
975,6.86104,83.886,3.4533,40000,2.1,0.000201,0.017,fp16,128.1,990,2.0693,2.2327,9.32,1.065,2.232745821,4.582131696e-05
976,6.86104,85.983,3.5396,41000,2.1,0.000201,0.082,fp16,131.3,990,2.0947,2.2301,9.3,1.644,2.230273325,0.0001733248025
977,6.86104,88.08,3.6259,42000,2.1,0.000201,0.028,bf16,134.5,990,2.0675,2.2278,9.28,0.544,2.227876826,7.682576718e-05
978,6.86104,90.178,3.7123,43000,2.1,0.000201,0.073,bf16,137.7,990,2.1652,2.2253,9.26,0.767,2.225551169,0.0002511686189
979,6.86104,92.275,3.7986,44000,2.1,0.000201,0.086,bf16,140.9,990,2.0689,2.2231,9.24,1.084,2.223294811,0.0001948107672
980,6.86104,94.372,3.8849,45000,2.1,0.000201,0.047,bf16,144.1,990,2.0978,2.2212,9.22,0.759,2.221103145,-9.685505426e-05
981,6.86104,96.469,3.9713,46000,2.1,0.000201,0.027,bf16,147.3,990,2.1533,2.219,9.2,0.784,2.218972939,-2.70605205e-05
982,6.86104,98.566,4.0576,47000,2.1,0.000201,0.09,bf16,150.5,990,2.099,2.2169,9.18,15.046,2.21690119,1.189967191e-06
983,6.86104,100.663,4.1439,48000,2.1,0.000201,0.096,bf16,153.7,990,2.0952,2.2148,9.16,0.756,2.214885099,8.509886207e-05
984,6.86104,102.76,4.2302,49000,2.1,0.000201,0.032,bf16,156.9,990,2.0864,2.2129,9.14,0.85,2.212922057,2.205726923e-05
985,6.86104,104.858,4.3166,50000,2.1,0.000201,0.073,bf16,160.1,990,2.1298,2.211,9.12,0.667,2.211008728,8.728401405e-06
986,6.86104,106.955,4.4029,51000,2.1,0.000201,0.059,bf16,163.3,990,2.0876,2.209,9.11,1.732,2.209144657,0.0001446566493
987,6.86104,109.052,4.4893,52000,2.1,0.000201,0.06,fp16,166.5,990,2.0712,2.2074,9.09,9.52,2.207326784,-7.321573853e-05
988,6.86104,111.149,4.5756,53000,2.1,0.000201,0.093,bf16,169.7,990,2.1196,2.2056,9.08,11.798,2.20555311,-4.688969393e-05
989,6.86104,113.246,4.6619,54000,2.1,0.000201,0.05,bf16,172.9,990,2.07,2.2038,9.06,0.979,2.203821756,2.175620306e-05
990,6.86104,115.343,4.7482,55000,2.1,0.000201,0.068,fp16,176.1,990,2.0876,2.2021,9.04,1.011,2.202130956,3.095614032e-05
991,6.86104,117.441,4.8346,56000,2.1,0.000201,0.1,fp16,179.3,990,2.1484,2.2005,9.03,1.137,2.20047827,-2.173032396e-05
992,6.86104,119.538,4.9209,57000,2.1,0.000201,0.036,fp16,182.5,990,2.0398,2.1987,9.01,0.539,2.198863706,0.000163706206
993,6.86104,121.635,5.0073,58000,2.1,0.000201,0.085,bf16,185.8,990,2.0893,2.1973,9,1.289,2.197284992,-1.500752687e-05
994,6.86104,123.732,5.0936,59000,2.1,0.000201,0.036,bf16,189,990,2.1225,2.1957,8.99,0.801,2.195740735,4.073468628e-05
995,6.86104,125.829,5.1799,60000,2.1,0.000201,0.032,fp16,192.2,990,2.0287,2.1941,8.97,0.832,2.194229616,0.0001296157057
996,6.86104,127.926,5.2662,61000,2.1,0.000201,0.062,bf16,195.4,990,2.0385,2.1927,8.96,0.597,2.19275039,5.038963284e-05
997,6.86104,130.023,5.3526,62000,2.1,0.000201,0.025,bf16,198.6,990,2.1043,2.1914,8.95,0.427,2.191301877,-9.812313634e-05
998,6.86104,132.121,5.4389,63000,2.1,0.000201,0.051,bf16,201.8,990,2.0643,2.1899,8.93,1.312,2.18988229,-1.771019327e-05
999,6.86104,134.218,5.5253,64000,2.1,0.000201,0.042,fp16,205,990,2.0984,2.1884,8.92,0.79,2.188491921,9.192110234e-05
1000,6.86104,136.315,5.6116,65000,2.1,0.000201,0.056,fp16,208.2,990,2.0818,2.1872,8.91,1.263,2.187129081,-7.091926438e-05
1001,6.86104,138.412,5.6979,66000,2.1,0.000201,0.066,bf16,211.4,990,2.0821,2.1859,8.9,0.76,2.185792813,-0.0001071874127
1002,6.86104,140.509,5.7842,67000,2.1,0.000201,0.065,fp16,214.6,990,2.0358,2.1845,8.89,0.967,2.184482208,-1.779240446e-05
1003,6.86104,142.606,5.8706,68000,2.1,0.000201,0.028,fp16,217.8,990,2.1173,2.1832,8.87,0.626,2.183196401,-3.599221157e-06
1004,6.86104,144.703,5.9569,69000,2.1,0.000201,0.074,bf16,221,990,2.0286,2.1819,8.86,1.383,2.181934568,3.456848709e-05
1005,6.86104,146.801,6.0432,70000,2.1,0.000201,0.085,fp16,224.2,990,2.0136,2.1807,8.85,1.242,2.180695341,-4.659400571e-06
1006,6.86104,148.898,6.1296,71000,2.1,0.000201,0.028,fp16,227.4,990,2.1178,2.1795,8.84,0.566,2.17947915,-2.085024858e-05
1007,6.86104,150.995,6.2159,72000,2.1,0.000201,0.018,bf16,230.6,990,2.1306,2.1783,8.83,1.043,2.178284686,-1.531433379e-05
1008,6.86104,153.092,6.3022,73000,2.1,0.000201,0.073,bf16,233.8,990,2.0063,2.1772,8.82,0.73,2.177111266,-8.873354927e-05
1009,6.86104,155.189,6.3885,74000,2.1,0.000201,0.049,fp16,237,990,2.064,2.176,8.81,1.411,2.175958241,-4.175941769e-05
1010,6.86104,157.286,6.4749,75000,2.1,0.000201,0.011,bf16,240.2,990,2.0741,2.1748,8.8,1.059,2.174824985,2.498516727e-05
1011,6.86104,159.384,6.5612,76000,2.1,0.000201,0.041,bf16,243.4,990,2.1062,2.1738,8.79,0.6,2.173710378,-8.962247025e-05
1012,6.86104,161.481,6.6476,77000,2.1,0.000201,0.042,fp16,246.6,990,2.1009,2.1726,8.78,1.17,2.17261491,1.490960821e-05
1013,6.86104,163.578,6.7339,78000,2.1,0.000201,0.05,bf16,249.8,990,2.004,2.1717,8.77,0.891,2.171537499,-0.0001625006719
1014,6.86104,165.675,6.8202,79000,2.1,0.000201,0.089,bf16,253,990,2.0826,2.1704,8.76,1.154,2.170477623,7.76231953e-05
1015,6.86104,167.772,6.9065,80000,2.1,0.000201,0.039,bf16,256.2,990,2.0805,2.1696,8.75,1.248,2.169434779,-0.0001652207257
1016,6.86104,169.869,6.9929,81000,2.1,0.000201,0.071,bf16,259.4,990,2.0005,2.1684,8.74,0.575,2.168408486,8.486044333e-06
1017,6.86104,171.966,7.0792,82000,2.1,0.000201,0.065,fp16,262.6,990,2.0439,2.1673,8.74,0.945,2.167398281,9.828132917e-05
1018,6.86104,174.064,7.1656,83000,2.1,0.000201,0.017,bf16,265.8,990,2.1121,2.1664,8.73,0.79,2.166403251,3.250681135e-06
1019,6.86104,176.161,7.2519,84000,2.1,0.000201,0.079,bf16,269,990,2.1053,2.1654,8.72,1.56,2.165423916,2.391605679e-05
1020,6.86104,178.258,7.3382,85000,2.1,0.000201,0.044,fp16,272.2,990,2.0603,2.1645,8.71,0.952,2.16445939,-4.061041319e-05
1021,6.86104,180.355,7.4245,86000,2.1,0.000201,0.085,bf16,275.4,990,2.0822,2.1635,8.7,1.728,2.163509277,9.27707123e-06
1022,6.86104,182.452,7.5109,87000,2.1,0.000201,0.089,bf16,278.6,990,2.0948,2.1625,8.69,0.676,2.162573199,7.319923253e-05
1023,6.86104,184.549,7.5972,88000,2.1,0.000201,0.044,bf16,281.8,990,2.018,2.1616,8.69,1.054,2.161650791,5.079098693e-05
1024,6.86104,186.647,7.6836,89000,2.1,0.000201,0.068,bf16,285,990,2.0962,2.1609,8.68,0.879,2.16074127,-0.0001587296377
1025,6.86104,188.744,7.7699,90000,2.1,0.000201,0.016,bf16,288.2,990,2.1134,2.16,8.67,25.489,2.159845166,-0.000154834449
1026,6.86104,190.841,7.8562,91000,2.1,0.000201,0.065,bf16,291.4,990,1.9986,2.159,8.66,1.587,2.158961713,-3.82865631e-05
1027,6.86104,192.938,7.9425,92000,2.1,0.000201,0.026,bf16,294.6,990,2.0946,2.1581,8.65,0.545,2.158090599,-9.400746463e-06
1028,6.86104,195.035,8.0289,93000,2.1,0.000201,0.019,fp16,297.8,990,1.9861,2.1572,8.65,1.247,2.157231519,3.1519378e-05
1029,6.86104,197.132,8.1152,94000,2.1,0.000201,0.049,bf16,301,990,2.0914,2.1564,8.64,15.912,2.156384181,-1.581917819e-05
1030,6.86104,199.229,8.2015,95000,2.1,0.000201,0.061,fp16,304.2,990,1.9928,2.1555,8.63,1.029,2.155548301,4.830075e-05
1031,6.86104,201.327,8.2879,96000,2.1,0.000201,0.059,bf16,307.5,990,2.0471,2.1547,8.63,0.908,2.154723215,2.321537908e-05
1032,6.86104,203.424,8.3742,97000,2.1,0.000201,0.041,bf16,310.7,990,2.0156,2.1538,8.62,0.597,2.153909447,0.0001094472848
1033,6.86104,205.521,8.4605,98000,2.1,0.000201,0.045,bf16,313.9,990,2.0822,2.1531,8.61,1.44,2.153106346,6.345550454e-06
1034,6.86104,207.618,8.5469,99000,2.1,0.000201,0.051,bf16,317.1,990,2.0714,2.1524,8.61,0.572,2.152313664,-8.633634416e-05
1035,6.86104,209.715,8.6332,100000,2.1,0.000201,0.03,fp16,320.3,990,2.0152,2.1515,8.6,0.605,2.151531163,3.116319521e-05
1036,6.86104,211.812,8.7195,101000,2.1,0.000201,0.083,bf16,323.5,990,2.0595,2.1509,8.59,1.431,2.150758614,-0.0001413864679
1037,6.86104,213.91,8.8059,102000,2.1,0.000201,0.051,fp16,326.7,990,1.9809,2.1499,8.58,0.779,2.14999543,9.542999001e-05
1038,6.86104,216.007,8.8922,103000,2.1,0.000201,0.067,bf16,329.9,990,2.0233,2.1491,8.58,1.027,2.149242124,0.0001421239566
1039,6.86104,218.104,8.9785,104000,2.1,0.000201,0.058,fp16,333.1,990,2.0684,2.1485,8.57,0.724,2.14849812,-1.879858817e-06
1040,6.86104,220.201,9.0648,105000,2.1,0.000201,0.087,fp16,336.3,990,2.0918,2.1478,8.57,0.552,2.147763216,-3.678412051e-05
1041,6.86104,222.298,9.1512,106000,2.1,0.000201,0.065,fp16,339.5,990,2.0115,2.1472,8.56,0.986,2.147037215,-0.0001627852006
1042,6.86104,224.395,9.2375,107000,2.1,0.000201,0.036,fp16,342.7,990,2.0068,2.1463,8.55,1.163,2.146319927,1.992656814e-05
1043,6.86104,226.492,9.3238,108000,2.1,0.000201,0.018,bf16,345.9,990,2.0207,2.1457,8.55,1.815,2.145611167,-8.883334768e-05
1044,6.86104,228.59,9.4102,109000,2.1,0.000201,0.013,bf16,349.1,990,2.0648,2.1449,8.54,0.665,2.144910424,1.042404728e-05
1045,6.86104,230.687,9.4965,110000,2.1,0.000201,0.048,bf16,352.3,990,1.9859,2.1442,8.54,0.916,2.144218193,1.819308621e-05
1046,6.86104,232.784,9.5828,111000,2.1,0.000201,0.058,bf16,355.5,990,2.0504,2.1436,8.53,10.023,2.143533969,-6.603067311e-05
1047,6.86104,234.881,9.6692,112000,2.1,0.000201,0.014,fp16,358.7,990,2.0547,2.1429,8.52,0.844,2.142857589,-4.241074215e-05
1048,6.86104,236.978,9.7555,113000,2.1,0.000201,0.042,fp16,361.9,990,2.0934,2.1421,8.52,1.154,2.142188894,8.889412854e-05
1049,6.86104,239.075,9.8418,114000,2.1,0.000201,0.087,bf16,365.1,990,2.0366,2.1416,8.51,1.366,2.14152773,-7.227022994e-05
1050,6.86104,241.172,9.9281,115000,2.1,0.000201,0.084,fp16,368.3,990,1.9994,2.141,8.51,1.088,2.140873946,-0.0001260535759
1051,6.86104,243.27,10.0145,116000,2.1,0.000201,0.084,bf16,371.5,990,1.9762,2.1402,8.5,1.127,2.140227092,2.709196261e-05
1052,6.86104,245.367,10.1008,117000,2.1,0.000201,0.087,bf16,374.7,990,2.0045,2.1396,8.5,0.734,2.139587642,-1.23584499e-05
1053,6.86104,247.464,10.1872,118000,2.1,0.000201,0.044,bf16,377.9,990,1.9998,2.139,8.49,0.984,2.138955148,-4.485232175e-05
1054,6.86104,249.561,10.2735,119000,2.1,0.000201,0.081,fp16,381.1,990,2.0863,2.1384,8.49,1.016,2.138329477,-7.052332751e-05
1055,6.86104,251.658,10.3598,120000,2.1,0.000201,0.074,fp16,384.3,990,2.0742,2.1377,8.48,7.505,2.137710499,1.049852271e-05
1056,6.86104,253.755,10.4461,121000,2.1,0.000201,0.01,bf16,387.5,990,1.9843,2.1371,8.47,0.898,2.137098087,-1.913246775e-06
1057,6.86104,255.853,10.5325,122000,2.1,0.000201,0.036,bf16,390.7,990,2.0704,2.1365,8.47,1.224,2.136491831,-8.169152917e-06
1058,6.86104,257.95,10.6188,123000,2.1,0.000201,0.022,bf16,393.9,990,1.9771,2.136,8.47,11.209,2.135892189,-0.0001078110801
1059,6.86104,260.047,10.7052,124000,2.1,0.000201,0.03,fp16,397.1,990,2.0196,2.1353,8.46,1.027,2.135298754,-1.246119213e-06
1060,6.86104,262.144,10.7915,125000,2.1,0.000201,0.062,fp16,400.3,990,2.0265,2.1347,8.45,1.101,2.134711412,1.141220181e-05
1061,6.86104,264.241,10.8778,126000,2.1,0.000201,0.055,bf16,403.5,990,1.9677,2.1342,8.45,1.51,2.134130053,-6.994668129e-05
1062,6.86104,266.338,10.9641,127000,2.1,0.000201,0.074,bf16,406.7,990,2.0347,2.1334,8.44,0.816,2.13355457,0.0001545695306
1063,6.86104,268.435,11.0505,128000,2.1,0.000201,0.076,fp16,409.9,990,1.9901,2.1331,8.44,1.477,2.132984856,-0.0001151440962
1064,6.86104,270.533,11.1368,129000,2.1,0.000201,0.046,bf16,413.1,990,1.9674,2.1323,8.43,1.454,2.132420543,0.0001205425389
1065,6.86104,272.63,11.2232,130000,2.1,0.000201,0.091,bf16,416.3,990,2.083,2.1318,8.43,0.933,2.131862068,6.206767905e-05
1066,6.86104,274.727,11.3095,131000,2.1,0.000201,0.08,bf16,419.5,990,1.9947,2.1312,8.43,0.737,2.131309064,0.0001090638363
1067,6.86104,276.824,11.3958,132000,2.1,0.000201,0.036,bf16,422.7,990,1.9857,2.1307,8.42,1.083,2.130761436,6.143626364e-05
1068,6.86104,278.921,11.4821,133000,2.1,0.000201,0.043,fp16,425.9,990,2.0329,2.1303,8.42,1.162,2.130219093,-8.090744326e-05
1069,6.86104,281.018,11.5685,134000,2.1,0.000201,0.037,bf16,429.1,990,1.9759,2.1297,8.41,0.933,2.129681943,-1.805742095e-05
1070,6.86104,283.116,11.6548,135000,2.1,0.000201,0.08,bf16,432.4,990,2.0375,2.1292,8.41,1.475,2.129149646,-5.035412291e-05
1071,6.86104,285.213,11.7411,136000,2.1,0.000201,0.083,bf16,435.6,990,2.0126,2.1286,8.4,0.936,2.128622624,2.262403517e-05
1072,6.86104,287.31,11.8275,137000,2.1,0.000201,0.069,fp16,438.8,990,1.966,2.1281,8.4,0.943,2.128100538,5.383727233e-07
1073,6.86104,289.407,11.9138,138000,2.1,0.000201,0.056,fp16,442,990,1.981,2.1276,8.39,0.981,2.127583307,-1.66928684e-05
1074,6.86104,291.504,12.0001,139000,2.1,0.000201,0.07,fp16,445.2,990,2.0309,2.127,8.39,0.926,2.12707085,7.085048772e-05
1075,6.86104,293.601,12.0864,140000,2.1,0.000201,0.044,bf16,448.4,990,1.9669,2.1266,8.39,0.799,2.12656309,-3.690950817e-05
1076,6.86104,295.698,12.1728,141000,2.1,0.000201,0.027,bf16,451.6,990,2.066,2.126,8.38,0.896,2.126059951,5.995101243e-05
1077,6.86104,297.796,12.2591,142000,2.1,0.000201,0.023,bf16,454.8,990,1.9604,2.1255,8.38,0.984,2.125561121,6.112098865e-05
1078,6.86104,299.893,12.3455,143000,2.1,0.000201,0.051,bf16,458,990,2.0641,2.125,8.37,0.826,2.125067003,6.700326237e-05
1086,11.965825,0.134,0.0096,64,2.09,0.00019,0.098,bf16,0.4,1307.4,3.921,4.0188,55.64,1.743,4.018901236,0.000101235585
1087,11.965825,0.268,0.0192,128,2.09,0.00019,0.018,bf16,0.7,1307.4,3.3836,3.6351,37.91,0.893,3.635032846,-6.71536904e-05
1088,11.965825,0.537,0.0386,256,2.1,0.00019,0.03,bf16,1.4,1307.4,3.0925,3.3185,27.62,0.928,3.31808536,-0.0004146403097
1089,11.965825,1.074,0.0771,512,2.1,0.00019,0.086,bf16,2.9,1307.4,2.9044,3.058,21.28,0.871,3.057798426,-0.0002015735718
1090,11.965825,2.097,0.1506,1000,2.1,0.00019,0.082,bf16,5.6,1307.4,2.6633,2.8502,17.29,0.719,2.850167635,-3.236487662e-05
1091,11.965825,4.194,0.3011,2000,2.1,0.00019,0.042,bf16,11.2,1307.4,2.6123,2.6724,14.47,6.704,2.672393036,-6.96403578e-06
1092,11.965825,6.291,0.4517,3000,2.1,0.00019,0.037,fp16,16.8,1307.4,2.4902,2.5833,13.24,0.647,2.583312662,1.266211064e-05
1093,11.965825,8.389,0.6023,4000,2.1,0.00019,0.03,bf16,22.3,1307.4,2.4543,2.5261,12.5,1.589,2.525944285,-0.0001557146685
1094,11.965825,10.486,0.7528,5000,2.1,0.00019,0.074,fp16,27.9,1307.4,2.4169,2.4845,12,1.267,2.484542427,4.242732357e-05
1095,11.965825,12.583,0.9034,6000,2.1,0.00019,0.07,fp16,33.5,1307.4,2.3097,2.4527,11.62,1.05,2.45258153,-0.0001184702821
1096,11.965825,14.68,1.0539,7000,2.1,0.00019,0.059,bf16,39.1,1307.4,2.3773,2.4268,11.32,0.605,2.426802209,2.208957187e-06
1097,11.965825,16.777,1.2045,8000,2.1,0.00019,0.094,bf16,44.7,1307.4,2.2387,2.4053,11.08,0.666,2.405352437,5.243657706e-05
1098,11.965825,18.874,1.3551,9000,2.1,0.00019,0.086,fp16,50.3,1307.4,2.2858,2.3868,10.88,1.316,2.387086285,0.0002862847437
1099,11.965825,20.972,1.5057,10000,2.1,0.00019,0.089,bf16,55.9,1307.4,2.242,2.3713,10.71,1.1,2.371241961,-5.803948607e-05
1100,11.965825,23.069,1.6562,11000,2.1,0.00019,0.047,bf16,61.4,1307.4,2.2526,2.3573,10.56,0.94,2.357312949,1.294884057e-05
1101,11.965825,25.166,1.8068,12000,2.1,0.00019,0.09,bf16,67,1307.4,2.1969,2.345,10.43,1.112,2.344917029,-8.297135884e-05
1102,11.965825,27.263,1.9573,13000,2.1,0.00019,0.036,bf16,72.6,1307.4,2.233,2.3334,10.31,0.566,2.333777319,0.0003773187359
1103,11.965825,29.36,2.1079,14000,2.1,0.00019,0.085,bf16,78.2,1307.4,2.1469,2.3239,10.22,0.721,2.323683618,-0.0002163819822
1104,11.965825,31.457,2.2585,15000,2.1,0.00019,0.053,bf16,83.8,1307.4,2.1602,2.3144,10.12,0.932,2.314472879,7.287908105e-05
1105,11.965825,33.554,2.409,16000,2.1,0.00019,0.05,bf16,89.4,1307.4,2.1631,2.3061,10.04,1.305,2.306016286,-8.371421927e-05
1106,11.965825,35.652,2.5596,17000,2.1,0.00019,0.081,fp16,95,1307.4,2.1218,2.2981,9.96,1.292,2.298206856,0.0001068564124
1107,11.965825,37.749,2.7102,18000,2.1,0.00019,0.097,fp16,100.5,1307.4,2.1611,2.291,9.88,0.701,2.290967848,-3.215224317e-05
1108,11.965825,39.846,2.8607,19000,2.1,0.00019,0.082,fp16,106.1,1307.4,2.2232,2.2841,9.82,0.808,2.284226057,0.0001260574742
1109,11.965825,41.943,3.0113,20000,2.1,0.00019,0.07,bf16,111.7,1307.4,2.1862,2.2778,9.76,1.696,2.277923739,0.0001237394454
1110,11.965825,44.04,3.1618,21000,2.1,0.00019,0.072,bf16,117.3,1307.4,2.2194,2.2722,9.7,0.792,2.272012329,-0.0001876706567
1111,11.965825,46.137,3.3124,22000,2.1,0.00019,0.041,fp16,122.9,1307.4,2.1096,2.2664,9.64,1.503,2.266450627,5.062743605e-05
1112,11.965825,48.234,3.463,23000,2.1,0.00019,0.088,bf16,128.5,1307.4,2.1725,2.2612,9.59,0.97,2.261203406,3.405508862e-06
1113,11.965825,50.332,3.6136,24000,2.1,0.00019,0.093,fp16,134.1,1307.4,2.1608,2.2563,9.55,1.238,2.256238022,-6.197815434e-05
1114,11.965825,52.429,3.7641,25000,2.1,0.00019,0.066,fp16,139.6,1307.4,2.1423,2.2516,9.5,0.712,2.251532902,-6.709811788e-05
1115,11.965825,54.526,3.9147,26000,2.1,0.00019,0.053,bf16,145.2,1307.4,2.099,2.2471,9.46,0.769,2.247062682,-3.731822006e-05
1116,11.965825,56.623,4.0652,27000,2.1,0.00019,0.088,fp16,150.8,1307.4,2.1763,2.2428,9.42,0.725,2.242807254,7.254133589e-06
1117,11.965825,58.72,4.2158,28000,2.1,0.00019,0.022,fp16,156.4,1307.4,2.1509,2.239,9.38,8.781,2.238748898,-0.0002511017385
1118,11.965825,60.817,4.3664,29000,2.1,0.00019,0.096,fp16,162,1307.4,2.113,2.2349,9.35,0.667,2.234871923,-2.807658549e-05
1119,11.965825,62.915,4.517,30000,2.1,0.00019,0.025,fp16,167.6,1307.4,2.1149,2.2312,9.31,1.134,2.231160644,-3.935550771e-05
1120,11.965825,65.012,4.6675,31000,2.1,0.00019,0.016,bf16,173.1,1307.4,2.0672,2.2277,9.28,0.877,2.227606135,-9.386518063e-05
1121,11.965825,67.109,4.8181,32000,2.1,0.00019,0.068,fp16,178.7,1307.4,2.1499,2.2243,9.25,0.631,2.224195419,-0.0001045809258
1122,11.965825,69.206,4.9686,33000,2.1,0.00019,0.038,fp16,184.3,1307.4,2.1016,2.221,9.22,0.536,2.220918452,-8.154784423e-05
1123,11.965825,71.303,5.1192,34000,2.1,0.00019,0.061,bf16,189.9,1307.4,2.111,2.2178,9.19,1.328,2.217766169,-3.383147983e-05
1124,11.965825,73.4,5.2697,35000,2.1,0.00019,0.05,fp16,195.5,1307.4,2.0881,2.2146,9.16,1.434,2.214730361,0.0001303611274
1125,11.965825,75.497,5.4203,36000,2.1,0.00019,0.049,fp16,201.1,1307.4,2.0386,2.2119,9.13,1.083,2.211803578,-9.642167414e-05
1126,11.965825,77.595,5.5709,37000,2.1,0.00019,0.024,fp16,206.7,1307.4,2.0664,2.2089,9.11,1.171,2.208977712,7.771203777e-05
1127,11.965825,79.692,5.7215,38000,2.1,0.00019,0.066,fp16,212.2,1307.4,2.037,2.2063,9.08,1.481,2.206249261,-5.073945187e-05
1128,11.965825,81.789,5.872,39000,2.1,0.00019,0.088,bf16,217.8,1307.4,2.102,2.2035,9.06,0.985,2.203611186,0.0001111858117
1129,11.965825,83.886,6.0226,40000,2.1,0.00019,0.041,bf16,223.4,1307.4,2.1565,2.201,9.03,1.613,2.20105829,5.828954366e-05
1130,11.965825,85.983,6.1731,41000,2.1,0.00019,0.096,bf16,229,1307.4,2.1188,2.1986,9.01,0.729,2.198585793,-1.420697075e-05
1131,11.965825,88.08,6.3237,42000,2.1,0.00019,0.054,bf16,234.6,1307.4,2.0527,2.1962,8.99,0.777,2.196189294,-1.070600612e-05
1132,11.965825,90.178,6.4743,43000,2.1,0.00019,0.045,bf16,240.2,1307.4,2.0793,2.1939,8.97,1.364,2.193863637,-3.636315442e-05
1133,11.965825,92.275,6.6249,44000,2.1,0.00019,0.038,bf16,245.8,1307.4,2.0789,2.1917,8.95,0.526,2.191607279,-9.272100613e-05
1134,11.965825,94.372,6.7754,45000,2.1,0.00019,0.088,bf16,251.3,1307.4,2.0227,2.1894,8.93,0.741,2.189415613,1.561317245e-05
1135,11.965825,96.469,6.926,46000,2.1,0.00019,0.043,bf16,256.9,1307.4,2.026,2.1873,8.91,1.15,2.187285408,-1.45922938e-05
1136,11.965825,98.566,7.0765,47000,2.1,0.00019,0.051,bf16,262.5,1307.4,2.092,2.1853,8.89,1.153,2.185213658,-8.634180611e-05
1137,11.965825,100.663,7.2271,48000,2.1,0.00019,0.035,fp16,268.1,1307.4,2.0813,2.1833,8.88,0.98,2.183197567,-0.0001024329112
1138,11.965825,102.76,7.3776,49000,2.1,0.00019,0.068,bf16,273.7,1307.4,2.0324,2.1811,8.86,0.889,2.181234525,0.0001345254959
1139,11.965825,104.858,7.5283,50000,2.1,0.00019,0.057,bf16,279.3,1307.4,2.0884,2.1794,8.84,0.958,2.179321197,-7.880337189e-05
1140,11.965825,106.955,7.6788,51000,2.1,0.00019,0.068,bf16,284.9,1307.4,2.1066,2.1775,8.82,0.85,2.177457125,-4.287512403e-05
1141,11.965825,109.052,7.8294,52000,2.1,0.00019,0.033,bf16,290.4,1307.4,2.0228,2.1756,8.81,7.928,2.175639252,3.925248817e-05
1142,11.965825,111.149,7.9799,53000,2.1,0.00019,0.065,bf16,296,1307.4,2.1058,2.174,8.79,1.313,2.173865579,-0.0001344214672
1143,11.965825,113.246,8.1305,54000,2.1,0.00019,0.07,bf16,301.6,1307.4,2.0157,2.1721,8.78,0.949,2.172134224,3.422442976e-05
1144,11.965825,115.343,8.281,55000,2.1,0.00019,0.016,bf16,307.2,1307.4,2.1029,2.1704,8.76,1.097,2.170443424,4.342436702e-05
1145,11.965825,117.441,8.4317,56000,2.1,0.00019,0.011,fp16,312.8,1307.4,2.1047,2.1688,8.75,0.985,2.168790738,-9.262097255e-06
1146,11.965825,119.538,8.5822,57000,2.1,0.00019,0.054,fp16,318.4,1307.4,2.0426,2.1672,8.73,0.743,2.167176174,-2.382556727e-05
1147,11.965825,121.635,8.7328,58000,2.1,0.00019,0.025,bf16,324,1307.4,2.0449,2.1655,8.72,0.619,2.165597461,9.746069983e-05
1148,11.965825,123.732,8.8833,59000,2.1,0.00019,0.096,fp16,329.5,1307.4,2.1002,2.1639,8.71,1.113,2.164053203,0.000153202913
1149,11.965825,125.829,9.0339,60000,2.1,0.00019,0.065,bf16,335.1,1307.4,2.06,2.1627,8.69,0.845,2.162542084,-0.0001579160676
1150,11.965825,127.926,9.1844,61000,2.1,0.00019,0.037,fp16,340.7,1307.4,2.1148,2.161,8.68,1.075,2.161062858,6.285785954e-05
1151,11.965825,130.023,9.335,62000,2.1,0.00019,0.075,bf16,346.3,1307.4,2.0176,2.1595,8.67,0.89,2.159614345,0.0001143450904
1152,11.965825,132.121,9.4856,63000,2.1,0.00019,0.067,fp16,351.9,1307.4,2.0948,2.158,8.65,1.268,2.158194758,0.0001947580334
1153,11.965825,134.218,9.6362,64000,2.1,0.00019,0.072,bf16,357.5,1307.4,2.0688,2.1568,8.64,1.303,2.156804389,4.389329045e-06
1154,11.965825,136.315,9.7867,65000,2.1,0.00019,0.032,bf16,363.1,1307.4,2.1023,2.1553,8.63,0.975,2.155441549,0.0001415489623
1155,11.965825,138.412,9.9373,66000,2.1,0.00019,0.088,bf16,368.6,1307.4,2.0035,2.1542,8.62,1.086,2.154105281,-9.471918604e-05
1156,11.965825,140.509,10.0878,67000,2.1,0.00019,0.017,bf16,374.2,1307.4,2.051,2.1529,8.61,1.009,2.152794676,-0.0001053241778
1157,11.965825,142.606,10.2384,68000,2.1,0.00019,0.032,bf16,379.8,1307.4,2.0901,2.1515,8.6,1.064,2.151508869,8.869005544e-06
1158,11.965825,144.703,10.3889,69000,2.1,0.00019,0.097,fp16,385.4,1307.4,1.9966,2.1504,8.59,1.213,2.150247037,-0.0001529632862
1159,11.965825,146.801,10.5396,70000,2.1,0.00019,0.059,bf16,391,1307.4,2.1049,2.1491,8.58,0.91,2.149007809,-9.219117387e-05
1160,11.965825,148.898,10.6901,71000,2.1,0.00019,0.072,bf16,396.6,1307.4,2.0581,2.1478,8.57,1.598,2.147791618,-8.382021883e-06
1161,11.965825,150.995,10.8407,72000,2.1,0.00019,0.084,bf16,402.2,1307.4,1.9947,2.1464,8.55,1.623,2.146597154,0.0001971538929
1162,11.965825,153.092,10.9912,73000,2.1,0.00019,0.039,bf16,407.7,1307.4,2.0732,2.1456,8.55,1.223,2.145423735,-0.0001762653226
1163,11.965825,155.189,11.1418,74000,2.1,0.00019,0.049,bf16,413.3,1307.4,2.0445,2.1442,8.53,1.449,2.144270709,7.070880901e-05
1164,11.965825,157.286,11.2923,75000,2.1,0.00019,0.08,bf16,418.9,1307.4,2.0562,2.143,8.53,1.301,2.143137453,0.000137453394
1165,11.965825,159.384,11.443,76000,2.1,0.00019,0.056,bf16,424.5,1307.4,1.9772,2.1421,8.52,0.988,2.142022846,-7.715424355e-05
1166,11.965825,161.481,11.5935,77000,2.1,0.00019,0.033,bf16,430.1,1307.4,2.0272,2.1411,8.51,1.265,2.140927378,-0.0001726221651
1167,11.965825,163.578,11.7441,78000,2.1,0.00019,0.061,bf16,435.7,1307.4,1.9742,2.1399,8.5,0.569,2.139849968,-5.003244516e-05
1168,11.965825,165.675,11.8946,79000,2.1,0.00019,0.023,bf16,441.2,1307.4,1.9941,2.1388,8.49,1.153,2.138790091,-9.908578002e-06
1169,11.965825,167.772,12.0452,80000,2.1,0.00019,0.04,bf16,446.8,1307.4,2.0625,2.1378,8.48,0.858,2.137747248,-5.275249902e-05
1170,11.965825,169.869,12.1957,81000,2.1,0.00019,0.051,bf16,452.4,1307.4,1.9908,2.1368,8.47,0.819,2.136720954,-7.904572897e-05
1171,11.965825,171.966,12.3463,82000,2.1,0.00019,0.04,bf16,458,1307.4,2.0799,2.1358,8.46,0.643,2.13571075,-8.925044412e-05
1172,11.965825,174.064,12.4969,83000,2.1,0.00019,0.062,bf16,463.6,1307.4,1.9889,2.1347,8.45,0.606,2.134715719,1.571890784e-05
1173,11.965825,176.161,12.6475,84000,2.1,0.00019,0.035,bf16,469.2,1307.4,2.0641,2.1337,8.45,0.978,2.133736384,3.638428349e-05
1174,11.965825,178.258,12.798,85000,2.1,0.00019,0.018,fp16,474.8,1307.4,2.03,2.1328,8.44,1.583,2.132771858,-2.814218649e-05
1175,11.965825,180.355,12.9486,86000,2.1,0.00019,0.081,bf16,480.3,1307.4,2.0657,2.1318,8.43,1.556,2.131821745,2.174529793e-05
1176,11.965825,182.452,13.0991,87000,2.1,0.00019,0.073,fp16,485.9,1307.4,1.9948,2.1309,8.42,0.877,2.130885667,-1.433254077e-05
1177,11.965825,184.549,13.2497,88000,2.1,0.00019,0.064,bf16,491.5,1307.4,2.0193,2.1298,8.41,25.788,2.129963259,0.0001632592136
1178,11.965825,186.647,13.4003,89000,2.1,0.00019,0.071,fp16,497.1,1307.4,1.9861,2.129,8.41,0.499,2.129053739,5.373858899e-05
1179,11.965825,188.744,13.5509,90000,2.1,0.00019,0.085,bf16,502.7,1307.4,2.0264,2.1281,8.4,1.212,2.128157634,5.763377765e-05
1180,11.965825,190.841,13.7014,91000,2.1,0.00019,0.083,fp16,508.3,1307.4,1.977,2.1272,8.39,0.796,2.127274182,7.41816636e-05
1181,11.965825,192.938,13.852,92000,2.1,0.00019,0.078,fp16,513.9,1307.4,2.0761,2.1264,8.38,1.663,2.126403067,3.067480238e-06
1182,11.965825,195.035,14.0025,93000,2.1,0.00019,0.092,bf16,519.4,1307.4,1.9983,2.1256,8.38,0.941,2.125543988,-5.60123953e-05
1183,11.965825,197.132,14.1531,94000,2.1,0.00019,0.092,bf16,525,1307.4,2.0353,2.1248,8.37,1.037,2.124696649,-0.0001033509515
1184,11.965825,199.229,14.3036,95000,2.1,0.00019,0.067,bf16,530.6,1307.4,1.9707,2.1238,8.36,1.038,2.123860769,6.07689767e-05
1185,11.965825,201.327,14.4543,96000,2.1,0.00019,0.083,bf16,536.2,1307.4,1.9939,2.123,8.36,0.956,2.123035684,3.568360578e-05
1186,11.965825,203.424,14.6048,97000,2.1,0.00019,0.07,bf16,541.8,1307.4,2.0784,2.1223,8.35,1.035,2.122221916,-7.808448849e-05
1187,11.965825,205.521,14.7554,98000,2.1,0.00019,0.098,bf16,547.4,1307.4,2.053,2.1214,8.34,0.82,2.121418814,1.881377715e-05
1188,11.965825,207.618,14.9059,99000,2.1,0.00019,0.07,bf16,553,1307.4,1.9942,2.1206,8.34,1.609,2.120626132,2.613188254e-05
1189,11.965825,209.715,15.0565,100000,2.1,0.00019,0.06,fp16,558.5,1307.4,1.9603,2.1199,8.33,0.999,2.119843631,-5.636857809e-05
1190,11.965825,211.812,15.207,101000,2.1,0.00019,0.018,bf16,564.1,1307.4,2.0504,2.119,8.32,6.326,2.119071082,7.108175883e-05
1191,11.965825,213.91,15.3577,102000,2.1,0.00019,0.045,bf16,569.7,1307.4,1.9605,2.1183,8.32,1.409,2.118307898,7.898216708e-06
1192,11.965825,216.007,15.5082,103000,2.1,0.00019,0.054,bf16,575.3,1307.4,2.0464,2.1175,8.31,1.079,2.117554592,5.459218335e-05
1193,11.965825,218.104,15.6588,104000,2.1,0.00019,0.062,bf16,580.9,1307.4,1.9809,2.1168,8.3,1.232,2.116810588,1.058836788e-05
1194,11.965825,220.201,15.8093,105000,2.1,0.00019,0.061,fp16,586.5,1307.4,1.9763,2.1161,8.3,0.88,2.116075684,-2.431589381e-05
1195,11.965825,222.298,15.9599,106000,2.1,0.00019,0.014,bf16,592.1,1307.4,1.9622,2.1152,8.29,1.232,2.115349683,0.0001496830261
1196,11.965825,224.395,16.1104,107000,2.1,0.00019,0.017,bf16,597.6,1307.4,1.9777,2.1147,8.29,1.266,2.114632395,-6.760520516e-05
1197,11.965825,226.492,16.261,108000,2.1,0.00019,0.052,bf16,603.2,1307.4,2.0166,2.1139,8.28,0.839,2.113923635,2.363487902e-05
1198,11.965825,228.59,16.4116,109000,2.1,0.00019,0.012,bf16,608.8,1307.4,2.0296,2.1133,8.28,1.105,2.113222892,-7.710772602e-05
1199,11.965825,230.687,16.5622,110000,2.1,0.00019,0.039,bf16,614.4,1307.4,1.968,2.1125,8.27,1.44,2.112530661,3.066131291e-05
1200,11.965825,232.784,16.7127,111000,2.1,0.00019,0.018,bf16,620,1307.4,2.0283,2.1119,8.26,1.017,2.111846438,-5.356244641e-05
1201,11.965825,234.881,16.8633,112000,2.1,0.00019,0.035,bf16,625.6,1307.4,2.0311,2.1112,8.26,1.139,2.111170057,-2.994251545e-05
1202,11.965825,236.978,17.0138,113000,2.1,0.00019,0.018,bf16,631.2,1307.4,1.9653,2.1105,8.25,1.049,2.110501362,1.362355242e-06
1203,11.965825,239.075,17.1644,114000,2.1,0.00019,0.097,bf16,636.7,1307.4,1.9508,2.1099,8.25,0.952,2.109840198,-5.980200324e-05
1204,11.965825,241.172,17.3149,115000,2.1,0.00019,0.053,bf16,642.3,1307.4,1.9787,2.1092,8.24,0.563,2.109186415,-1.358534922e-05
1205,11.965825,243.27,17.4656,116000,2.1,0.00019,0.064,fp16,647.9,1307.4,2.0343,2.1085,8.24,0.961,2.10853956,3.956018931e-05
1206,11.965825,245.367,17.6161,117000,2.1,0.00019,0.018,fp16,653.5,1307.4,1.943,2.1079,8.23,12.792,2.10790011,1.097768041e-07
1207,11.965825,247.464,17.7667,118000,2.1,0.00019,0.085,bf16,659.1,1307.4,2.0272,2.1072,8.23,0.941,2.107267616,6.761590495e-05
1208,11.965825,249.561,17.9172,119000,2.1,0.00019,0.063,bf16,664.7,1307.4,1.985,2.1066,8.22,0.867,2.106641945,4.19448992e-05
1209,11.965825,251.658,18.0678,120000,2.1,0.00019,0.073,fp16,670.2,1307.4,1.9659,2.1059,8.21,0.749,2.106022967,0.0001229667494
1210,11.965825,253.755,18.2183,121000,2.1,0.00019,0.01,bf16,675.8,1307.4,1.9509,2.1055,8.21,0.977,2.105410555,-8.944502007e-05
1211,11.965825,255.853,18.369,122000,2.1,0.00019,0.08,fp16,681.4,1307.4,2.0267,2.1047,8.2,0.951,2.104804299,0.0001042990738
1212,11.965825,257.95,18.5195,123000,2.1,0.00019,0.045,fp16,687,1307.4,1.9497,2.1042,8.2,0.905,2.104204657,4.657146639e-06
1213,11.965825,260.047,18.6701,124000,2.1,0.00019,0.06,bf16,692.6,1307.4,1.9878,2.1036,8.2,1.163,2.103611222,1.122210749e-05
1214,11.965825,262.144,18.8206,125000,2.1,0.00019,0.089,bf16,698.2,1307.4,2.0555,2.1031,8.19,1.956,2.10302388,-7.611957149e-05
1215,11.965825,264.241,18.9712,126000,2.1,0.00019,0.089,bf16,703.8,1307.4,2.0243,2.1024,8.19,1.169,2.102442522,4.252154541e-05
1216,11.965825,266.338,19.1217,127000,2.1,0.00019,0.074,bf16,709.3,1307.4,1.962,2.102,8.18,1.25,2.101867038,-0.0001329622427
1217,11.965825,268.435,19.2723,128000,2.1,0.00019,0.028,fp16,714.9,1307.4,1.9959,2.1013,8.18,1.005,2.101297324,-2.675869492e-06
1218,11.965825,270.533,19.4229,129000,2.1,0.00019,0.021,bf16,720.5,1307.4,1.964,2.1008,8.17,0.683,2.100733011,-6.698923445e-05
1219,11.965825,272.63,19.5735,130000,2.1,0.00019,0.088,fp16,726.1,1307.4,1.9955,2.1001,8.17,0.841,2.100174536,7.453590575e-05
1220,11.965825,274.727,19.724,131000,2.1,0.00019,0.056,bf16,731.7,1307.4,2.0463,2.0998,8.16,1.033,2.099621532,-0.000178467937
1221,11.965825,276.824,19.8746,132000,2.1,0.00019,0.053,fp16,737.3,1307.4,2.0098,2.099,8.16,0.979,2.099073904,7.390449034e-05
1222,11.965825,278.921,20.0251,133000,2.1,0.00019,0.037,fp16,742.9,1307.4,1.9653,2.0986,8.15,1.07,2.098531561,-6.843921656e-05
1223,11.965825,281.018,20.1757,134000,2.1,0.00019,0.068,bf16,748.4,1307.4,2.0509,2.098,8.15,1.395,2.097994411,-5.589194244e-06
1224,11.965825,283.116,20.3263,135000,2.1,0.00019,0.052,fp16,754,1307.4,1.9615,2.0975,8.15,0.599,2.097462114,-3.788589621e-05
1225,11.965825,285.213,20.4769,136000,2.1,0.00019,0.058,fp16,759.6,1307.4,2.0197,2.0969,8.14,1.467,2.096935092,3.509226187e-05
1226,11.965825,287.31,20.6274,137000,2.1,0.00019,0.046,fp16,765.2,1307.4,1.9651,2.0964,8.14,0.538,2.096413007,1.300659942e-05
1227,11.965825,289.407,20.778,138000,2.1,0.00019,0.038,bf16,770.8,1307.4,1.979,2.0959,8.13,0.727,2.095895775,-4.224641704e-06
1228,11.965825,291.504,20.9285,139000,2.1,0.00019,0.068,bf16,776.4,1307.4,1.9794,2.0954,8.13,1.264,2.095383319,-1.668128558e-05
1229,11.965825,293.601,21.0791,140000,2.1,0.00019,0.082,fp16,782,1307.4,2.0172,2.0949,8.12,0.992,2.094875559,-2.444128147e-05
1230,11.965825,295.698,21.2296,141000,2.1,0.00019,0.041,bf16,787.5,1307.4,1.9596,2.0945,8.12,1.319,2.094372419,-0.0001275807609
1231,11.965825,297.796,21.3802,142000,2.1,0.00019,0.075,bf16,793.1,1307.4,1.9567,2.0938,8.12,1.13,2.093873589,7.358921535e-05
1232,11.965825,299.893,21.5308,143000,2.1,0.00019,0.059,fp16,798.7,1307.4,1.9474,2.0933,8.11,0.884,2.093379471,7.947148907e-05
