budget,split,bootstrap_replicate,cost_model,Q0,L_ctx,cap,oracle_loss,oracle_N_B,oracle_D_B,oracle_Q_B,oracle_budget_ratio
1e+19,train,172,exponential,0.2,2048,1x,3.18932272813,0.367703034747,3.13803976233,0.742985999748,1
1e+19,train,172,exponential,0.2,2048,2x,3.18932272813,0.367703073592,3.13803941931,0.742986018934,1
1e+19,train,172,exponential,0.2,2048,3x,3.18932272813,0.36770302573,3.13803993502,0.742985977043,1
1e+19,train,172,exponential,0.2,2048,5x,3.18932272813,0.36770302573,3.13803993502,0.742985977043,1
1e+19,train,172,exponential,0.2,2048,free,3.18932272813,0.36770302573,3.13803993502,0.742985977043,1
1e+19,train,172,exponential,0.2,32768,1x,3.32088135884,0.259325395461,2.29239552117,0.789363901368,1
1e+19,train,172,exponential,0.2,32768,2x,3.32088135884,0.259325369908,2.29239550243,0.789363953479,1
1e+19,train,172,exponential,0.2,32768,3x,3.32088135884,0.259325435977,2.29239508729,0.789363947716,1
1e+19,train,172,exponential,0.2,32768,5x,3.32088135884,0.259325429208,2.29239527656,0.789363907483,1
1e+19,train,172,exponential,0.2,32768,free,3.32088135884,0.259325369908,2.29239550243,0.789363953479,1
1e+19,train,172,exponential,0.8,2048,1x,3.08348301832,0.248288269228,6.28366279733,0.8,1
1e+19,train,172,exponential,0.8,2048,2x,3.08348301832,0.248288278327,6.28366256705,0.8,1
1e+19,train,172,exponential,0.8,2048,3x,3.08348301832,0.248288259708,6.28366303825,0.8,1
1e+19,train,172,exponential,0.8,2048,5x,3.08348301832,0.248288267138,6.28366285022,0.8,1
1e+19,train,172,exponential,0.8,2048,free,3.08348301832,0.248288281774,6.28366247982,0.8,1
1e+19,train,172,exponential,0.8,32768,1x,3.23032063376,0.182266584392,4.37043492864,0.8,1
1e+19,train,172,exponential,0.8,32768,2x,3.23032063376,0.182266575054,4.37043515255,0.8,1
1e+19,train,172,exponential,0.8,32768,3x,3.23032063376,0.182266579607,4.37043504337,0.8,1
1e+19,train,172,exponential,0.8,32768,5x,3.23032063376,0.182266573059,4.37043520037,0.8,1
1e+19,train,172,exponential,0.8,32768,free,3.23032063376,0.182266575111,4.37043515119,0.8,1
1e+19,train,172,power,0.2,2048,1x,3.23165924128,0.388277694729,2.98587779321,0.645560165952,1
1e+19,train,172,power,0.2,2048,2x,3.23165924128,0.388277568852,2.98587884317,0.645560097028,1
1e+19,train,172,power,0.2,2048,3x,3.23165924128,0.388277613816,2.98587814594,0.645560188807,1
1e+19,train,172,power,0.2,2048,5x,3.23165924128,0.388277692193,2.98587771362,0.645560185562,1
1e+19,train,172,power,0.2,2048,free,3.23165924128,0.388277605646,2.98587757493,0.645560317571,1
1e+19,train,172,power,0.2,32768,1x,3.36465941453,0.278581017659,2.08448488562,0.71519123979,1
1e+19,train,172,power,0.2,32768,2x,3.36465941453,0.278581017659,2.08448488562,0.71519123979,1
1e+19,train,172,power,0.2,32768,3x,3.36465941453,0.278581070203,2.08448484357,0.715191162863,1
1e+19,train,172,power,0.2,32768,5x,3.36465941453,0.278581040505,2.08448468784,0.715191262805,1
1e+19,train,172,power,0.2,32768,free,3.36465941453,0.278581017659,2.08448488562,0.71519123979,1
1e+19,train,172,power,0.8,2048,1x,3.08348301832,0.248288269228,6.28366279733,0.8,1
1e+19,train,172,power,0.8,2048,2x,3.08348301832,0.248288278327,6.28366256705,0.8,1
1e+19,train,172,power,0.8,2048,3x,3.08348301832,0.248288259708,6.28366303825,0.8,1
1e+19,train,172,power,0.8,2048,5x,3.08348301832,0.248288280091,6.2836625224,0.8,1
1e+19,train,172,power,0.8,2048,free,3.08348301832,0.248288281774,6.28366247982,0.8,1
1e+19,train,172,power,0.8,32768,1x,3.23032063376,0.182266584392,4.37043492864,0.8,1
1e+19,train,172,power,0.8,32768,2x,3.23032063376,0.182266575054,4.37043515255,0.8,1
1e+19,train,172,power,0.8,32768,3x,3.23032063376,0.182266579607,4.37043504337,0.8,1
1e+19,train,172,power,0.8,32768,5x,3.23032063376,0.182266573059,4.37043520037,0.8,1
1e+19,train,172,power,0.8,32768,free,3.23032063376,0.182266575111,4.37043515119,0.8,1
1e+19,train,172,logarithmic,0.2,2048,1x,3.20242703911,0.460841292721,1.80103131149,1,1
1e+19,train,172,logarithmic,0.2,2048,2x,3.20242703911,0.460841338873,1.80103121554,1,1
1e+19,train,172,logarithmic,0.2,2048,3x,3.20242703911,0.460841289444,1.80103131831,1,1
1e+19,train,172,logarithmic,0.2,2048,5x,3.20242703911,0.460841322189,1.80103125023,1,1
1e+19,train,172,logarithmic,0.2,2048,free,3.20242703911,0.460841288873,1.80103131949,1,1
1e+19,train,172,logarithmic,0.2,32768,1x,3.31578999252,0.300450718014,1.5697837717,1,1
1e+19,train,172,logarithmic,0.2,32768,2x,3.31578999252,0.300450744321,1.56978369032,1,1
1e+19,train,172,logarithmic,0.2,32768,3x,3.31578999252,0.300450726162,1.5697837465,1,1
1e+19,train,172,logarithmic,0.2,32768,5x,3.31578999252,0.300450732265,1.56978372762,1,1
1e+19,train,172,logarithmic,0.2,32768,free,3.31578999252,0.300450730709,1.56978373243,1,1
1e+19,train,172,logarithmic,0.8,2048,1x,3.04694716017,0.279891700496,4.55511297008,1,1
1e+19,train,172,logarithmic,0.8,2048,2x,3.04694716017,0.279891701911,4.55511295127,1,1
1e+19,train,172,logarithmic,0.8,2048,3x,3.04694716017,0.279891699299,4.555112986,1,1
1e+19,train,172,logarithmic,0.8,2048,5x,3.04694716017,0.279891701296,4.55511295944,1,1
1e+19,train,172,logarithmic,0.8,2048,free,3.04694716017,0.279891689325,4.55511311864,1,1
1e+19,train,172,logarithmic,0.8,32768,1x,3.17972920977,0.194964799949,3.51018646899,1,1
1e+19,train,172,logarithmic,0.8,32768,2x,3.17972920977,0.194964799949,3.51018646899,1,1
1e+19,train,172,logarithmic,0.8,32768,3x,3.17972920977,0.194964799949,3.51018646899,1,1
1e+19,train,172,logarithmic,0.8,32768,5x,3.17972920977,0.194964811091,3.51018629665,1,1
1e+19,train,172,logarithmic,0.8,32768,free,3.17972920977,0.194964799949,3.51018646899,1,1
1e+19,train,124,exponential,0.2,2048,1x,3.2002867932,0.371493316,3.07507520988,0.750713018186,1
1e+19,train,124,exponential,0.2,2048,2x,3.2002867932,0.371493316,3.07507520988,0.750713018186,1
1e+19,train,124,exponential,0.2,2048,3x,3.2002867932,0.37149338781,3.07507443645,0.750713084123,1
1e+19,train,124,exponential,0.2,2048,5x,3.2002867932,0.371493445275,3.0750740342,0.750713094642,1
1e+19,train,124,exponential,0.2,2048,free,3.2002867932,0.371493377494,3.07507453237,0.750713077612,1
1e+19,train,124,exponential,0.2,32768,1x,3.33120553043,0.262605305729,2.23548418576,0.799279559097,1
1e+19,train,124,exponential,0.2,32768,2x,3.33120553043,0.262605164254,2.23548500639,0.799279577542,1
1e+19,train,124,exponential,0.2,32768,3x,3.33120553043,0.262605179051,2.23548496153,0.799279564321,1
1e+19,train,124,exponential,0.2,32768,5x,3.33120553043,0.262605305729,2.23548418576,0.799279559097,1
1e+19,train,124,exponential,0.2,32768,free,3.33120553043,0.262605305729,2.23548418576,0.799279559097,1
1e+19,train,124,exponential,0.8,2048,1x,3.09371067363,0.249156694447,6.26176135393,0.8,1
1e+19,train,124,exponential,0.8,2048,2x,3.09371067363,0.249156694447,6.26176135393,0.8,1
1e+19,train,124,exponential,0.8,2048,3x,3.09371067363,0.249156694447,6.26176135393,0.8,1
1e+19,train,124,exponential,0.8,2048,5x,3.09371067363,0.249156694447,6.26176135393,0.8,1
1e+19,train,124,exponential,0.8,2048,free,3.09371067363,0.249156694447,6.26176135393,0.8,1
1e+19,train,124,exponential,0.8,32768,1x,3.24067751943,0.182775104098,4.35827543734,0.8,1
1e+19,train,124,exponential,0.8,32768,2x,3.24067751943,0.182775094749,4.35827566028,0.8,1
1e+19,train,124,exponential,0.8,32768,3x,3.24067751943,0.182775105305,4.35827540857,0.8,1
1e+19,train,124,exponential,0.8,32768,5x,3.24067751943,0.182775088115,4.35827581847,0.8,1
1e+19,train,124,exponential,0.8,32768,free,3.24067751943,0.182775099435,4.35827554854,0.8,1
1e+19,train,124,power,0.2,2048,1x,3.24349894105,0.389439160029,2.96317621096,0.648918857638,1
1e+19,train,124,power,0.2,2048,2x,3.24349894105,0.389439060582,2.9631775925,0.648918686367,1
1e+19,train,124,power,0.2,2048,3x,3.24349894105,0.38943902853,2.9631778204,0.648918676465,1
1e+19,train,124,power,0.2,2048,5x,3.24349894105,0.389439102562,2.96317693863,0.648918773395,1
1e+19,train,124,power,0.2,2048,free,3.24349894105,0.389439157998,2.96317699484,0.648918696664,1
1e+19,train,124,power,0.2,32768,1x,3.37602585355,0.28106882294,2.04476652937,0.723512808644,1
1e+19,train,124,power,0.2,32768,2x,3.37602585355,0.28106885575,2.04476584099,0.723512971624,1
1e+19,train,124,power,0.2,32768,3x,3.37602585355,0.28106883217,2.04476637352,0.723512842556,1
1e+19,train,124,power,0.2,32768,5x,3.37602585355,0.281068805348,2.04476653196,0.723512836981,1
1e+19,train,124,power,0.2,32768,free,3.37602585355,0.281068849429,2.04476628993,0.723512840347,1
1e+19,train,124,power,0.8,2048,1x,3.09371067363,0.249156703526,6.26176112576,0.8,1
1e+19,train,124,power,0.8,2048,2x,3.09371067363,0.249156676152,6.26176181372,0.8,1
1e+19,train,124,power,0.8,2048,3x,3.09371067363,0.249156694069,6.26176136342,0.8,1
1e+19,train,124,power,0.8,2048,5x,3.09371067363,0.249156687011,6.26176154079,0.8,1
1e+19,train,124,power,0.8,2048,free,3.09371067363,0.249156683807,6.26176162132,0.8,1
1e+19,train,124,power,0.8,32768,1x,3.24067751943,0.182775104098,4.35827543734,0.8,1
1e+19,train,124,power,0.8,32768,2x,3.24067751943,0.182775100277,4.35827552846,0.8,1
1e+19,train,124,power,0.8,32768,3x,3.24067751943,0.182775108547,4.35827533126,0.8,1
1e+19,train,124,power,0.8,32768,5x,3.24067751943,0.182775090548,4.35827576045,0.8,1
1e+19,train,124,power,0.8,32768,free,3.24067751943,0.182775099435,4.35827554854,0.8,1
1e+19,train,124,logarithmic,0.2,2048,1x,3.20239564752,0.460755928105,1.80120880977,1,1
1e+19,train,124,logarithmic,0.2,2048,2x,3.20239564752,0.460755924477,1.80120881732,1,1
1e+19,train,124,logarithmic,0.2,2048,3x,3.20239564752,0.460755887705,1.80120889378,1,1
1e+19,train,124,logarithmic,0.2,2048,5x,3.20239564752,0.460755892258,1.80120888432,1,1
1e+19,train,124,logarithmic,0.2,2048,free,3.20239564752,0.460755887021,1.80120889521,1,1
1e+19,train,124,logarithmic,0.2,32768,1x,3.31575107344,0.300381746231,1.56999716385,1,1
1e+19,train,124,logarithmic,0.2,32768,2x,3.31575107344,0.300381754808,1.56999713731,1,1
1e+19,train,124,logarithmic,0.2,32768,3x,3.31575107344,0.300381735287,1.56999719772,1,1
1e+19,train,124,logarithmic,0.2,32768,5x,3.31575107344,0.30038176768,1.56999709748,1,1
1e+19,train,124,logarithmic,0.2,32768,free,3.31575107344,0.300381752845,1.56999714339,1,1
1e+19,train,124,logarithmic,0.8,2048,1x,3.04689595362,0.279830412591,4.55592820304,1,1
1e+19,train,124,logarithmic,0.8,2048,2x,3.04689595362,0.27983042524,4.55592803475,1,1
1e+19,train,124,logarithmic,0.8,2048,3x,3.04689595362,0.279830421064,4.55592809032,1,1
1e+19,train,124,logarithmic,0.8,2048,5x,3.04689595362,0.279830418141,4.55592812919,1,1
1e+19,train,124,logarithmic,0.8,2048,free,3.04689595362,0.279830423074,4.55592806357,1,1
1e+19,train,124,logarithmic,0.8,32768,1x,3.17966723283,0.194911100791,3.51101727365,1,1
1e+19,train,124,logarithmic,0.8,32768,2x,3.17966723283,0.194911105271,3.51101720432,1,1
1e+19,train,124,logarithmic,0.8,32768,3x,3.17966723283,0.194911123552,3.51101692142,1,1
1e+19,train,124,logarithmic,0.8,32768,5x,3.17966723283,0.194911122013,3.51101694523,1,1
1e+19,train,124,logarithmic,0.8,32768,free,3.17966723283,0.194911124399,3.51101690832,1,1
1e+19,train,88,exponential,0.2,2048,1x,3.19771405282,0.369324494274,3.08349569832,0.751636083043,1
1e+19,train,88,exponential,0.2,2048,2x,3.19771405282,0.369324494274,3.08349569832,0.751636083043,1
1e+19,train,88,exponential,0.2,2048,3x,3.19771405282,0.369324494274,3.08349569832,0.751636083043,1
1e+19,train,88,exponential,0.2,2048,5x,3.19771405282,0.369324494274,3.08349569832,0.751636083043,1
1e+19,train,88,exponential,0.2,2048,free,3.19771405282,0.369324494274,3.08349569832,0.751636083043,1
1e+19,train,88,exponential,0.2,32768,1x,3.32823988316,0.260752986431,2.25065733017,0.798325739153,1
1e+19,train,88,exponential,0.2,32768,2x,3.32823988316,0.260752914631,2.25065790879,0.798325705774,1
1e+19,train,88,exponential,0.2,32768,3x,3.32823988316,0.260752993753,2.25065724696,0.798325749176,1
1e+19,train,88,exponential,0.2,32768,5x,3.32823988316,0.260752959346,2.25065703798,0.79832586618,1
1e+19,train,88,exponential,0.2,32768,free,3.32823988316,0.26075301967,2.25065712921,0.798325736306,1
1e+19,train,88,exponential,0.8,2048,1x,3.09068216831,0.247186216356,6.31167782475,0.8,1
1e+19,train,88,exponential,0.8,2048,2x,3.09068216831,0.247186217065,6.31167780665,0.8,1
1e+19,train,88,exponential,0.8,2048,3x,3.09068216831,0.247186208019,6.31167803763,0.8,1
1e+19,train,88,exponential,0.8,2048,5x,3.09068216831,0.247186224769,6.31167760993,0.8,1
1e+19,train,88,exponential,0.8,2048,free,3.09068216831,0.247186206918,6.31167806575,0.8,1
1e+19,train,88,exponential,0.8,32768,1x,3.23733481917,0.181369245356,4.39205800953,0.8,1
1e+19,train,88,exponential,0.8,32768,2x,3.23733481917,0.181369233695,4.39205829191,0.8,1
1e+19,train,88,exponential,0.8,32768,3x,3.23733481917,0.181369251374,4.39205786381,0.8,1
1e+19,train,88,exponential,0.8,32768,5x,3.23733481917,0.181369246957,4.39205797076,0.8,1
1e+19,train,88,exponential,0.8,32768,free,3.23733481917,0.181369243508,4.39205805429,0.8,1
1e+19,train,88,power,0.2,2048,1x,3.24148925579,0.388383211131,2.94616585239,0.653670165681,1
1e+19,train,88,power,0.2,2048,2x,3.24148925579,0.388383211131,2.94616585239,0.653670165681,1
1e+19,train,88,power,0.2,2048,3x,3.24148925579,0.388383123544,2.94616734287,0.653669958779,1
1e+19,train,88,power,0.2,2048,5x,3.24148925579,0.388383132577,2.94616690508,0.653670038704,1
1e+19,train,88,power,0.2,2048,free,3.24148925579,0.388383211131,2.94616585239,0.653670165681,1
1e+19,train,88,power,0.2,32768,1x,3.37324660703,0.27971963773,2.04503106612,0.725655749302,1
1e+19,train,88,power,0.2,32768,2x,3.37324660703,0.279719619223,2.04503119622,0.725655738998,1
1e+19,train,88,power,0.2,32768,3x,3.37324660703,0.279719641857,2.04503109376,0.725655733875,1
1e+19,train,88,power,0.2,32768,5x,3.37324660703,0.279719619223,2.04503119622,0.725655738998,1
1e+19,train,88,power,0.2,32768,free,3.37324660703,0.279719619223,2.04503119622,0.725655738998,1
1e+19,train,88,power,0.8,2048,1x,3.09068216831,0.247186216356,6.31167782475,0.8,1
1e+19,train,88,power,0.8,2048,2x,3.09068216831,0.247186217065,6.31167780665,0.8,1
1e+19,train,88,power,0.8,2048,3x,3.09068216831,0.247186208019,6.31167803763,0.8,1
1e+19,train,88,power,0.8,2048,5x,3.09068216831,0.247186224769,6.31167760993,0.8,1
1e+19,train,88,power,0.8,2048,free,3.09068216831,0.247186206918,6.31167806575,0.8,1
1e+19,train,88,power,0.8,32768,1x,3.23733481917,0.181369248155,4.39205794176,0.8,1
1e+19,train,88,power,0.8,32768,2x,3.23733481917,0.181369252623,4.39205783357,0.8,1
1e+19,train,88,power,0.8,32768,3x,3.23733481917,0.181369252588,4.39205783441,0.8,1
1e+19,train,88,power,0.8,32768,5x,3.23733481917,0.181369253044,4.39205782337,0.8,1
1e+19,train,88,power,0.8,32768,free,3.23733481917,0.181369243508,4.39205805429,0.8,1
1e+19,train,88,logarithmic,0.2,2048,1x,3.20245654729,0.460744554727,1.80123246103,1,1
1e+19,train,88,logarithmic,0.2,2048,2x,3.20245654729,0.460744555367,1.8012324597,1,1
1e+19,train,88,logarithmic,0.2,2048,3x,3.20245654729,0.46074456592,1.80123243775,1,1
1e+19,train,88,logarithmic,0.2,2048,5x,3.20245654729,0.460744541615,1.80123248829,1,1
1e+19,train,88,logarithmic,0.2,2048,free,3.20245654729,0.460744544295,1.80123248272,1,1
1e+19,train,88,logarithmic,0.2,32768,1x,3.31581413287,0.300367983767,1.57003975055,1,1
1e+19,train,88,logarithmic,0.2,32768,2x,3.31581413287,0.300367974066,1.57003978058,1,1
1e+19,train,88,logarithmic,0.2,32768,3x,3.31581413287,0.300367985885,1.570039744,1,1
1e+19,train,88,logarithmic,0.2,32768,5x,3.31581413287,0.300367986897,1.57003974087,1,1
1e+19,train,88,logarithmic,0.2,32768,free,3.31581413287,0.300367974322,1.57003977978,1,1
1e+19,train,88,logarithmic,0.8,2048,1x,3.04694648774,0.279809774529,4.5562027899,1,1
1e+19,train,88,logarithmic,0.8,2048,2x,3.04694648774,0.279809778959,4.55620273096,1,1
1e+19,train,88,logarithmic,0.8,2048,3x,3.04694648774,0.279809783136,4.55620267538,1,1
1e+19,train,88,logarithmic,0.8,2048,5x,3.04694648774,0.279809778918,4.5562027315,1,1
1e+19,train,88,logarithmic,0.8,2048,free,3.04694648774,0.279809790472,4.55620257778,1,1
1e+19,train,88,logarithmic,0.8,32768,1x,3.17971971683,0.194892330629,3.51130776832,1,1
1e+19,train,88,logarithmic,0.8,32768,2x,3.17971971683,0.194892326723,3.51130782877,1,1
1e+19,train,88,logarithmic,0.8,32768,3x,3.17971971683,0.194892336272,3.51130768098,1,1
1e+19,train,88,logarithmic,0.8,32768,5x,3.17971971683,0.194892329079,3.5113077923,1,1
1e+19,train,88,logarithmic,0.8,32768,free,3.17971971683,0.194892323246,3.51130788259,1,1
1e+19,heldout,8,exponential,0.2,2048,1x,3.19811263026,0.377154213884,3.01619487531,0.755653383756,1
1e+19,heldout,8,exponential,0.2,2048,2x,3.19811263026,0.377154196443,3.01619515321,0.755653349093,1
1e+19,heldout,8,exponential,0.2,2048,3x,3.19811263026,0.377154196443,3.01619515321,0.755653349093,1
1e+19,heldout,8,exponential,0.2,2048,5x,3.19811263026,0.377154206641,3.01619482212,0.75565340253,1
1e+19,heldout,8,exponential,0.2,2048,free,3.19811263026,0.377154196443,3.01619515321,0.755653349093,1
1e+19,heldout,8,exponential,0.2,32768,1x,3.32914588071,0.26572154727,2.20103782668,0.803481096008,1
1e+19,heldout,8,exponential,0.2,32768,2x,3.32914588071,0.265721557016,2.20103782656,0.803481079607,1
1e+19,heldout,8,exponential,0.2,32768,3x,3.32914588071,0.265721610584,2.20103739797,0.803481108112,1
1e+19,heldout,8,exponential,0.2,32768,5x,3.32914588071,0.265721623541,2.20103738132,0.803481090881,1
1e+19,heldout,8,exponential,0.2,32768,free,3.32914588071,0.265721620231,2.20103744205,0.803481079623,1
1e+19,heldout,8,exponential,0.8,2048,1x,3.09172646232,0.251653288952,6.1996398571,0.8,1
1e+19,heldout,8,exponential,0.8,2048,2x,3.09172646232,0.251653291429,6.19963979608,0.8,1
1e+19,heldout,8,exponential,0.8,2048,3x,3.09172646232,0.251653307264,6.19963940598,0.8,1
1e+19,heldout,8,exponential,0.8,2048,5x,3.09172646232,0.251653305181,6.19963945729,0.8,1
1e+19,heldout,8,exponential,0.8,2048,free,3.09172646232,0.25165329967,6.19963959306,0.8,1
1e+19,heldout,8,exponential,0.8,32768,1x,3.23910883544,0.184625362343,4.31459814967,0.8,1
1e+19,heldout,8,exponential,0.8,32768,2x,3.23910883544,0.184625342095,4.31459862288,0.8,1
1e+19,heldout,8,exponential,0.8,32768,3x,3.23910883544,0.184625342057,4.31459862376,0.8,1
1e+19,heldout,8,exponential,0.8,32768,5x,3.23910883544,0.184625346214,4.31459852661,0.8,1
1e+19,heldout,8,exponential,0.8,32768,free,3.23910883544,0.184625363427,4.31459812435,0.8,1
1e+19,heldout,8,power,0.2,2048,1x,3.2422291757,0.400409845599,2.84758207316,0.660789469378,1
1e+19,heldout,8,power,0.2,2048,2x,3.2422291757,0.400409845599,2.84758207316,0.660789469378,1
1e+19,heldout,8,power,0.2,2048,3x,3.2422291757,0.400409941174,2.84758167301,0.660789448736,1
1e+19,heldout,8,power,0.2,2048,5x,3.2422291757,0.400409845599,2.84758207316,0.660789469378,1
1e+19,heldout,8,power,0.2,2048,free,3.2422291757,0.400409845599,2.84758207316,0.660789469378,1
1e+19,heldout,8,power,0.2,32768,1x,3.37453872147,0.287396456124,1.97630214386,0.735110742449,1
1e+19,heldout,8,power,0.2,32768,2x,3.37453872147,0.287396399711,1.97630245136,0.735110732491,1
1e+19,heldout,8,power,0.2,32768,3x,3.37453872147,0.287396454484,1.97630206543,0.735110770316,1
1e+19,heldout,8,power,0.2,32768,5x,3.37453872147,0.287396399711,1.97630245136,0.735110732491,1
1e+19,heldout,8,power,0.2,32768,free,3.37453872147,0.287396399711,1.97630245136,0.735110732491,1
1e+19,heldout,8,power,0.8,2048,1x,3.09172646232,0.251653309512,6.19963935059,0.8,1
1e+19,heldout,8,power,0.8,2048,2x,3.09172646232,0.251653291429,6.19963979608,0.8,1
1e+19,heldout,8,power,0.8,2048,3x,3.09172646232,0.251653307264,6.19963940598,0.8,1
1e+19,heldout,8,power,0.8,2048,5x,3.09172646232,0.251653305181,6.19963945729,0.8,1
1e+19,heldout,8,power,0.8,2048,free,3.09172646232,0.251653300287,6.19963957787,0.8,1
1e+19,heldout,8,power,0.8,32768,1x,3.23910883544,0.184625341545,4.31459863573,0.8,1
1e+19,heldout,8,power,0.8,32768,2x,3.23910883544,0.184625344911,4.31459855707,0.8,1
1e+19,heldout,8,power,0.8,32768,3x,3.23910883544,0.184625342057,4.31459862376,0.8,1
1e+19,heldout,8,power,0.8,32768,5x,3.23910883544,0.184625346214,4.31459852661,0.8,1
1e+19,heldout,8,power,0.8,32768,free,3.23910883544,0.184625363427,4.31459812435,0.8,1
1e+19,heldout,8,logarithmic,0.2,2048,1x,3.20245182919,0.460769647411,1.80118028092,1,1
1e+19,heldout,8,logarithmic,0.2,2048,2x,3.20245182919,0.460769690674,1.80118019096,1,1
1e+19,heldout,8,logarithmic,0.2,2048,3x,3.20245182919,0.460769660235,1.80118025425,1,1
1e+19,heldout,8,logarithmic,0.2,2048,5x,3.20245182919,0.46076967766,1.80118021802,1,1
1e+19,heldout,8,logarithmic,0.2,2048,free,3.20245182919,0.460769660566,1.80118025356,1,1
1e+19,heldout,8,logarithmic,0.2,32768,1x,3.31580654674,0.300383086533,1.56999301653,1,1
1e+19,heldout,8,logarithmic,0.2,32768,2x,3.31580654674,0.300383084389,1.56999302317,1,1
1e+19,heldout,8,logarithmic,0.2,32768,3x,3.31580654674,0.300383079389,1.56999303864,1,1
1e+19,heldout,8,logarithmic,0.2,32768,5x,3.31580654674,0.300383083954,1.56999302451,1,1
1e+19,heldout,8,logarithmic,0.2,32768,free,3.31580654674,0.300383082434,1.56999302922,1,1
1e+19,heldout,8,logarithmic,0.8,2048,1x,3.04695211402,0.279818191939,4.5560907933,1,1
1e+19,heldout,8,logarithmic,0.8,2048,2x,3.04695211402,0.27981820302,4.55609064587,1,1
1e+19,heldout,8,logarithmic,0.8,2048,3x,3.04695211402,0.279818200642,4.55609067751,1,1
1e+19,heldout,8,logarithmic,0.8,2048,5x,3.04695211402,0.279818207825,4.55609058194,1,1
1e+19,heldout,8,logarithmic,0.8,2048,free,3.04695211402,0.279818210907,4.55609054093,1,1
1e+19,heldout,8,logarithmic,0.8,32768,1x,3.17972173581,0.194897820219,3.51122280421,1,1
1e+19,heldout,8,logarithmic,0.8,32768,2x,3.17972173581,0.194897828057,3.51122268291,1,1
1e+19,heldout,8,logarithmic,0.8,32768,3x,3.17972173581,0.194897831997,3.51122262193,1,1
1e+19,heldout,8,logarithmic,0.8,32768,5x,3.17972173581,0.194897824812,3.51122273313,1,1
1e+19,heldout,8,logarithmic,0.8,32768,free,3.17972173581,0.194897809236,3.51122297419,1,1
1e+19,heldout,12,exponential,0.2,2048,1x,3.19481537155,0.371238179077,3.08448167305,0.749179141617,1
1e+19,heldout,12,exponential,0.2,2048,2x,3.19481537155,0.371238118455,3.08448209092,0.749179132192,1
1e+19,heldout,12,exponential,0.2,2048,3x,3.19481537155,0.371238115593,3.0844826484,0.749179026582,1
1e+19,heldout,12,exponential,0.2,2048,5x,3.19481537155,0.371238116733,3.08448215475,0.749179121764,1
1e+19,heldout,12,exponential,0.2,2048,free,3.19481537155,0.371238093525,3.08448220445,0.749179139721,1
1e+19,heldout,12,exponential,0.2,32768,1x,3.32597255314,0.261857672587,2.25085806118,0.796337687129,1
1e+19,heldout,12,exponential,0.2,32768,2x,3.32597255314,0.26185756,2.25085945973,0.796337498255,1
1e+19,heldout,12,exponential,0.2,32768,3x,3.32597255314,0.261857708186,2.25085788146,0.796337674207,1
1e+19,heldout,12,exponential,0.2,32768,5x,3.32597255314,0.261857658619,2.25085828601,0.796337649493,1
1e+19,heldout,12,exponential,0.2,32768,free,3.32597255314,0.261857653049,2.25085956323,0.796337305831,1
1e+19,heldout,12,exponential,0.8,2048,1x,3.08848424643,0.249215549722,6.26028256304,0.8,1
1e+19,heldout,12,exponential,0.8,2048,2x,3.08848424643,0.249215549797,6.26028256114,0.8,1
1e+19,heldout,12,exponential,0.8,2048,3x,3.08848424643,0.249215554394,6.26028244565,0.8,1
1e+19,heldout,12,exponential,0.8,2048,5x,3.08848424643,0.249215529144,6.26028307993,0.8,1
1e+19,heldout,12,exponential,0.8,2048,free,3.08848424643,0.249215529324,6.26028307542,0.8,1
1e+19,heldout,12,exponential,0.8,32768,1x,3.23547004296,0.182870697817,4.35599719507,0.8,1
1e+19,heldout,12,exponential,0.8,32768,2x,3.23547004296,0.182870697088,4.35599721243,0.8,1
1e+19,heldout,12,exponential,0.8,32768,3x,3.23547004296,0.182870701657,4.3559971036,0.8,1
1e+19,heldout,12,exponential,0.8,32768,5x,3.23547004296,0.182870697468,4.35599720337,0.8,1
1e+19,heldout,12,exponential,0.8,32768,free,3.23547004296,0.182870692546,4.35599732062,0.8,1
1e+19,heldout,12,power,0.2,2048,1x,3.23803099911,0.391947096845,2.9358514008,0.65170679929,1
1e+19,heldout,12,power,0.2,2048,2x,3.23803099911,0.391947123659,2.93585098774,0.651706854814,1
1e+19,heldout,12,power,0.2,2048,3x,3.23803099911,0.391947012191,2.93585260071,0.651706645831,1
1e+19,heldout,12,power,0.2,2048,5x,3.23803099911,0.391947159553,2.93585130572,0.651706746613,1
1e+19,heldout,12,power,0.2,2048,free,3.23803099911,0.391947123659,2.93585098774,0.651706854814,1
1e+19,heldout,12,power,0.2,32768,1x,3.37058159711,0.281631806532,2.04107441862,0.723747559064,1
1e+19,heldout,12,power,0.2,32768,2x,3.37058159711,0.281631739495,2.04107489275,0.723747519955,1
1e+19,heldout,12,power,0.2,32768,3x,3.37058159711,0.281631742325,2.0410750646,0.723747460864,1
1e+19,heldout,12,power,0.2,32768,5x,3.37058159711,0.281631806532,2.04107441862,0.723747559064,1
1e+19,heldout,12,power,0.2,32768,free,3.37058159711,0.281631703746,2.04107520589,0.723747480006,1
1e+19,heldout,12,power,0.8,2048,1x,3.08848424643,0.249215540309,6.26028279948,0.8,1
1e+19,heldout,12,power,0.8,2048,2x,3.08848424643,0.249215540309,6.26028279948,0.8,1
1e+19,heldout,12,power,0.8,2048,3x,3.08848424643,0.249215540309,6.26028279948,0.8,1
1e+19,heldout,12,power,0.8,2048,5x,3.08848424643,0.249215540309,6.26028279948,0.8,1
1e+19,heldout,12,power,0.8,2048,free,3.08848424643,0.249215540309,6.26028279948,0.8,1
1e+19,heldout,12,power,0.8,32768,1x,3.23547004296,0.182870697817,4.35599719507,0.8,1
1e+19,heldout,12,power,0.8,32768,2x,3.23547004296,0.182870697088,4.35599721243,0.8,1
1e+19,heldout,12,power,0.8,32768,3x,3.23547004296,0.182870685223,4.35599749506,0.8,1
1e+19,heldout,12,power,0.8,32768,5x,3.23547004296,0.182870697468,4.35599720337,0.8,1
1e+19,heldout,12,power,0.8,32768,free,3.23547004296,0.182870692546,4.35599732062,0.8,1
1e+19,heldout,12,logarithmic,0.2,2048,1x,3.20240079902,0.460735162184,1.80125199355,1,1
1e+19,heldout,12,logarithmic,0.2,2048,2x,3.20240079902,0.460735178737,1.80125195913,1,1
1e+19,heldout,12,logarithmic,0.2,2048,3x,3.20240079902,0.46073516721,1.8012519831,1,1
1e+19,heldout,12,logarithmic,0.2,2048,5x,3.20240079902,0.460735161063,1.80125199588,1,1
1e+19,heldout,12,logarithmic,0.2,2048,free,3.20240079902,0.460735161866,1.80125199421,1,1
1e+19,heldout,12,logarithmic,0.2,32768,1x,3.31575901637,0.300363161684,1.5700546726,1,1
1e+19,heldout,12,logarithmic,0.2,32768,2x,3.31575901637,0.300363172727,1.57005463843,1,1
1e+19,heldout,12,logarithmic,0.2,32768,3x,3.31575901637,0.300363140067,1.5700547395,1,1
1e+19,heldout,12,logarithmic,0.2,32768,5x,3.31575901637,0.300363151261,1.57005470485,1,1
1e+19,heldout,12,logarithmic,0.2,32768,free,3.31575901637,0.300363139228,1.57005474209,1,1
1e+19,heldout,12,logarithmic,0.8,2048,1x,3.04689185631,0.279821111644,4.55605194688,1,1
1e+19,heldout,12,logarithmic,0.8,2048,2x,3.04689185631,0.279821144843,4.55605150519,1,1
1e+19,heldout,12,logarithmic,0.8,2048,3x,3.04689185631,0.279821142327,4.55605153866,1,1
1e+19,heldout,12,logarithmic,0.8,2048,5x,3.04689185631,0.279821130599,4.5560516947,1,1
1e+19,heldout,12,logarithmic,0.8,2048,free,3.04689185631,0.27982111946,4.55605184291,1,1
1e+19,heldout,12,logarithmic,0.8,32768,1x,3.17966469195,0.194900071547,3.51118796089,1,1
1e+19,heldout,12,logarithmic,0.8,32768,2x,3.17966469195,0.194900071547,3.51118796089,1,1
1e+19,heldout,12,logarithmic,0.8,32768,3x,3.17966469195,0.194900071547,3.51118796089,1,1
1e+19,heldout,12,logarithmic,0.8,32768,5x,3.17966469195,0.194900071547,3.51118796089,1,1
1e+19,heldout,12,logarithmic,0.8,32768,free,3.17966469195,0.194900071547,3.51118796089,1,1
1e+19,heldout,13,exponential,0.2,2048,1x,3.20215116904,0.372434755478,3.06840644591,0.750903431487,1
1e+19,heldout,13,exponential,0.2,2048,2x,3.20215116904,0.37243498907,3.0684051991,0.750903399636,1
1e+19,heldout,13,exponential,0.2,2048,3x,3.20215116904,0.372434924514,3.0684052253,0.750903470707,1
1e+19,heldout,13,exponential,0.2,2048,5x,3.20215116904,0.372434996023,3.06840426268,0.750903574583,1
1e+19,heldout,13,exponential,0.2,2048,free,3.20215116904,0.372435047729,3.0684041548,0.750903534654,1
1e+19,heldout,13,exponential,0.2,32768,1x,3.33316277249,0.263460616965,2.22640583735,0.800309958191,1
1e+19,heldout,13,exponential,0.2,32768,2x,3.33316277249,0.263460616965,2.22640583735,0.800309958191,1
1e+19,heldout,13,exponential,0.2,32768,3x,3.33316277249,0.263460579485,2.22640614116,0.800309938698,1
1e+19,heldout,13,exponential,0.2,32768,5x,3.33316277249,0.263460616965,2.22640583735,0.800309958191,1
1e+19,heldout,13,exponential,0.2,32768,free,3.33316277249,0.263460616965,2.22640583735,0.800309958191,1
1e+19,heldout,13,exponential,0.8,2048,1x,3.09567192621,0.249864510083,6.24402305011,0.8,1
1e+19,heldout,13,exponential,0.8,2048,2x,3.09567192621,0.249864522609,6.24402273709,0.8,1
1e+19,heldout,13,exponential,0.8,2048,3x,3.09567192621,0.249864543075,6.24402222563,0.8,1
1e+19,heldout,13,exponential,0.8,2048,5x,3.09567192621,0.249864520584,6.24402278768,0.8,1
1e+19,heldout,13,exponential,0.8,2048,free,3.09567192621,0.249864522565,6.24402273819,0.8,1
1e+19,heldout,13,exponential,0.8,32768,1x,3.24276292458,0.183277111718,4.34633784482,0.8,1
1e+19,heldout,13,exponential,0.8,32768,2x,3.24276292458,0.183277111589,4.34633784788,0.8,1
1e+19,heldout,13,exponential,0.8,32768,3x,3.24276292458,0.183277106956,4.34633795776,0.8,1
1e+19,heldout,13,exponential,0.8,32768,5x,3.24276292458,0.183277102589,4.34633806133,0.8,1
1e+19,heldout,13,exponential,0.8,32768,free,3.24276292458,0.183277102422,4.34633806527,0.8,1
1e+19,heldout,13,power,0.2,2048,1x,3.24522428367,0.389687552624,2.96931941312,0.647344263183,1
1e+19,heldout,13,power,0.2,2048,2x,3.24522428367,0.389687527936,2.96931949671,0.647344274876,1
1e+19,heldout,13,power,0.2,2048,3x,3.24522428367,0.389687466687,2.96931944363,0.64734435833,1
1e+19,heldout,13,power,0.2,2048,5x,3.24522428367,0.389687434316,2.96932012773,0.647344253563,1
1e+19,heldout,13,power,0.2,2048,free,3.24522428367,0.389687466687,2.96931944363,0.64734435833,1
1e+19,heldout,13,power,0.2,32768,1x,3.37799023577,0.281619495101,2.04282632491,0.723213198927,1
1e+19,heldout,13,power,0.2,32768,2x,3.37799023577,0.28161943635,2.04282676972,0.723213155526,1
1e+19,heldout,13,power,0.2,32768,3x,3.37799023577,0.281619259006,2.04282898111,0.723212749359,1
1e+19,heldout,13,power,0.2,32768,5x,3.37799023577,0.281619307775,2.04282845893,0.723212833831,1
1e+19,heldout,13,power,0.2,32768,free,3.37799023577,0.281619511293,2.04282708575,0.723212931068,1
1e+19,heldout,13,power,0.8,2048,1x,3.09567192621,0.249864510083,6.24402305011,0.8,1
1e+19,heldout,13,power,0.8,2048,2x,3.09567192621,0.249864522609,6.24402273709,0.8,1
1e+19,heldout,13,power,0.8,2048,3x,3.09567192621,0.249864543075,6.24402222563,0.8,1
1e+19,heldout,13,power,0.8,2048,5x,3.09567192621,0.249864537795,6.24402235758,0.8,1
1e+19,heldout,13,power,0.8,2048,free,3.09567192621,0.249864522089,6.24402275008,0.8,1
1e+19,heldout,13,power,0.8,32768,1x,3.24276292458,0.183277111718,4.34633784482,0.8,1
1e+19,heldout,13,power,0.8,32768,2x,3.24276292458,0.183277111589,4.34633784788,0.8,1
1e+19,heldout,13,power,0.8,32768,3x,3.24276292458,0.183277106956,4.34633795776,0.8,1
1e+19,heldout,13,power,0.8,32768,5x,3.24276292458,0.183277102589,4.34633806133,0.8,1
1e+19,heldout,13,power,0.8,32768,free,3.24276292458,0.183277102422,4.34633806527,0.8,1
1e+19,heldout,13,logarithmic,0.2,2048,1x,3.20245561514,0.460790026238,1.80113790547,1,1
1e+19,heldout,13,logarithmic,0.2,2048,2x,3.20245561514,0.460790068458,1.80113781768,1,1
1e+19,heldout,13,logarithmic,0.2,2048,3x,3.20245561514,0.460790065563,1.8011378237,1,1
1e+19,heldout,13,logarithmic,0.2,2048,5x,3.20245561514,0.460790069934,1.80113781462,1,1
1e+19,heldout,13,logarithmic,0.2,2048,free,3.20245561514,0.460790028,1.80113790181,1,1
1e+19,heldout,13,logarithmic,0.2,32768,1x,3.3158232633,0.300413310202,1.56989950072,1,1
1e+19,heldout,13,logarithmic,0.2,32768,2x,3.3158232633,0.300413302704,1.56989952392,1,1
1e+19,heldout,13,logarithmic,0.2,32768,3x,3.3158232633,0.300413281388,1.56989958987,1,1
1e+19,heldout,13,logarithmic,0.2,32768,5x,3.3158232633,0.300413309851,1.56989950181,1,1
1e+19,heldout,13,logarithmic,0.2,32768,free,3.3158232633,0.300413279592,1.56989959543,1,1
1e+19,heldout,13,logarithmic,0.8,2048,1x,3.04695371865,0.279864333193,4.55547696551,1,1
1e+19,heldout,13,logarithmic,0.8,2048,2x,3.04695371865,0.279864348814,4.55547675773,1,1
1e+19,heldout,13,logarithmic,0.8,2048,3x,3.04695371865,0.279864338692,4.55547689237,1,1
1e+19,heldout,13,logarithmic,0.8,2048,5x,3.04695371865,0.279864319455,4.55547714826,1,1
1e+19,heldout,13,logarithmic,0.8,2048,free,3.04695371865,0.27986432339,4.5554770959,1,1
1e+19,heldout,13,logarithmic,0.8,32768,1x,3.17974051525,0.194941773382,3.51054267557,1,1
1e+19,heldout,13,logarithmic,0.8,32768,2x,3.17974051525,0.194941773311,3.51054267666,1,1
1e+19,heldout,13,logarithmic,0.8,32768,3x,3.17974051525,0.194941776299,3.51054263043,1,1
1e+19,heldout,13,logarithmic,0.8,32768,5x,3.17974051525,0.194941779382,3.51054258275,1,1
1e+19,heldout,13,logarithmic,0.8,32768,free,3.17974051525,0.194941782714,3.51054253119,1,1
1e+19,heldout,29,exponential,0.2,2048,1x,3.19357774196,0.371218701711,3.09374182377,0.747387201498,1
1e+19,heldout,29,exponential,0.2,2048,2x,3.19357774196,0.371218814347,3.09374117707,0.747387192793,1
1e+19,heldout,29,exponential,0.2,2048,3x,3.19357774196,0.371218838285,3.09374077643,0.747387242663,1
1e+19,heldout,29,exponential,0.2,2048,5x,3.19357774196,0.371218727758,3.09374156342,0.747387221257,1
1e+19,heldout,29,exponential,0.2,2048,free,3.19357774196,0.371218712098,3.09374161006,0.747387230971,1
1e+19,heldout,29,exponential,0.2,32768,1x,3.32499181873,0.261840928352,2.25680779591,0.794717078261,1
1e+19,heldout,29,exponential,0.2,32768,2x,3.32499181873,0.261840957025,2.25680758679,0.79471708543,1
1e+19,heldout,29,exponential,0.2,32768,3x,3.32499181873,0.261840901847,2.25680803232,0.79471705965,1
1e+19,heldout,29,exponential,0.2,32768,5x,3.32499181873,0.261840937127,2.25680776861,0.794717070251,1
1e+19,heldout,29,exponential,0.2,32768,free,3.32499181873,0.261840867812,2.25680826771,0.79471705471,1
1e+19,heldout,29,exponential,0.8,2048,1x,3.08752823131,0.249683536723,6.24854878635,0.8,1
1e+19,heldout,29,exponential,0.8,2048,2x,3.08752823131,0.249683536723,6.24854878635,0.8,1
1e+19,heldout,29,exponential,0.8,2048,3x,3.08752823131,0.249683536723,6.24854878635,0.8,1
1e+19,heldout,29,exponential,0.8,2048,5x,3.08752823131,0.249683536723,6.24854878635,0.8,1
1e+19,heldout,29,exponential,0.8,2048,free,3.08752823131,0.249683533715,6.24854886162,0.8,1
1e+19,heldout,29,exponential,0.8,32768,1x,3.23459961935,0.183241190141,4.34718987655,0.8,1
1e+19,heldout,29,exponential,0.8,32768,2x,3.23459961935,0.183241194616,4.3471897704,0.8,1
1e+19,heldout,29,exponential,0.8,32768,3x,3.23459961935,0.183241208415,4.34718944302,0.8,1
1e+19,heldout,29,exponential,0.8,32768,5x,3.23459961935,0.183241208811,4.34718943364,0.8,1
1e+19,heldout,29,exponential,0.8,32768,free,3.23459961935,0.18324120852,4.34718944055,0.8,1
1e+19,heldout,29,power,0.2,2048,1x,3.23644522971,0.392091509168,2.94531353625,0.649552251723,1
1e+19,heldout,29,power,0.2,2048,2x,3.23644522971,0.392091509168,2.94531353625,0.649552251723,1
1e+19,heldout,29,power,0.2,2048,3x,3.23644522971,0.392091509168,2.94531353625,0.649552251723,1
1e+19,heldout,29,power,0.2,2048,5x,3.23644522971,0.392091569433,2.9453135946,0.649552168977,1
1e+19,heldout,29,power,0.2,2048,free,3.23644522971,0.392091509168,2.94531353625,0.649552251723,1
1e+19,heldout,29,power,0.2,32768,1x,3.36933882633,0.281617587688,2.04837029737,0.72145872391,1
1e+19,heldout,29,power,0.2,32768,2x,3.36933882633,0.281617587688,2.04837029737,0.72145872391,1
1e+19,heldout,29,power,0.2,32768,3x,3.36933882633,0.281617644704,2.04837003892,0.721458710622,1
1e+19,heldout,29,power,0.2,32768,5x,3.36933882633,0.2816176184,2.04837023443,0.721458692545,1
1e+19,heldout,29,power,0.2,32768,free,3.36933882633,0.281617622958,2.04837011526,0.721458722745,1
1e+19,heldout,29,power,0.8,2048,1x,3.08752823131,0.249683548199,6.24854849914,0.8,1
1e+19,heldout,29,power,0.8,2048,2x,3.08752823131,0.249683533748,6.24854886079,0.8,1
1e+19,heldout,29,power,0.8,2048,3x,3.08752823131,0.249683549065,6.24854847747,0.8,1
1e+19,heldout,29,power,0.8,2048,5x,3.08752823131,0.249683543764,6.24854861012,0.8,1
1e+19,heldout,29,power,0.8,2048,free,3.08752823131,0.249683533715,6.24854886162,0.8,1
1e+19,heldout,29,power,0.8,32768,1x,3.23459961935,0.183241190141,4.34718987655,0.8,1
1e+19,heldout,29,power,0.8,32768,2x,3.23459961935,0.183241204761,4.34718952971,0.8,1
1e+19,heldout,29,power,0.8,32768,3x,3.23459961935,0.183241208415,4.34718944302,0.8,1
1e+19,heldout,29,power,0.8,32768,5x,3.23459961935,0.183241208811,4.34718943364,0.8,1
1e+19,heldout,29,power,0.8,32768,free,3.23459961935,0.18324120852,4.34718944055,0.8,1
1e+19,heldout,29,logarithmic,0.2,2048,1x,3.20246762649,0.460796562202,1.8011243151,1,1
1e+19,heldout,29,logarithmic,0.2,2048,2x,3.20246762649,0.460796554123,1.8011243319,1,1
1e+19,heldout,29,logarithmic,0.2,2048,3x,3.20246762649,0.460796564524,1.80112431028,1,1
1e+19,heldout,29,logarithmic,0.2,2048,5x,3.20246762649,0.460796564838,1.80112430962,1,1
1e+19,heldout,29,logarithmic,0.2,2048,free,3.20246762649,0.460796526054,1.80112439027,1,1
1e+19,heldout,29,logarithmic,0.2,32768,1x,3.31583194772,0.300419264117,1.56988107988,1,1
1e+19,heldout,29,logarithmic,0.2,32768,2x,3.31583194772,0.300419267954,1.56988106801,1,1
1e+19,heldout,29,logarithmic,0.2,32768,3x,3.31583194772,0.300419267954,1.56988106801,1,1
1e+19,heldout,29,logarithmic,0.2,32768,5x,3.31583194772,0.300419267954,1.56988106801,1,1
1e+19,heldout,29,logarithmic,0.2,32768,free,3.31583194772,0.300419267954,1.56988106801,1,1
1e+19,heldout,29,logarithmic,0.8,2048,1x,3.04696966208,0.27985970084,4.55553858332,1,1
1e+19,heldout,29,logarithmic,0.8,2048,2x,3.04696966208,0.279859705837,4.55553851684,1,1
1e+19,heldout,29,logarithmic,0.8,2048,3x,3.04696966208,0.279859709312,4.55553847062,1,1
1e+19,heldout,29,logarithmic,0.8,2048,5x,3.04696966208,0.279859721437,4.55553830934,1,1
1e+19,heldout,29,logarithmic,0.8,2048,free,3.04696966208,0.279859721606,4.55553830709,1,1
1e+19,heldout,29,logarithmic,0.8,32768,1x,3.17975393368,0.194940609945,3.51056067513,1,1
1e+19,heldout,29,logarithmic,0.8,32768,2x,3.17975393368,0.19494060293,3.51056078366,1,1
1e+19,heldout,29,logarithmic,0.8,32768,3x,3.17975393368,0.194940606882,3.51056072252,1,1
1e+19,heldout,29,logarithmic,0.8,32768,5x,3.17975393368,0.194940604415,3.51056076069,1,1
1e+19,heldout,29,logarithmic,0.8,32768,free,3.17975393368,0.194940603064,3.51056078159,1,1
1e+19,heldout,53,exponential,0.2,2048,1x,3.19506601303,0.368648108558,3.11059052859,0.747193060534,1
1e+19,heldout,53,exponential,0.2,2048,2x,3.19506601303,0.368648108558,3.11059052859,0.747193060534,1
1e+19,heldout,53,exponential,0.2,2048,3x,3.19506601303,0.368648108558,3.11059052859,0.747193060534,1
1e+19,heldout,53,exponential,0.2,2048,5x,3.19506601303,0.368648108558,3.11059052859,0.747193060534,1
1e+19,heldout,53,exponential,0.2,2048,free,3.19506601303,0.368648108558,3.11059052859,0.747193060534,1
1e+19,heldout,53,exponential,0.2,32768,1x,3.32613601871,0.260299597689,2.26821212233,0.794301798888,1
1e+19,heldout,53,exponential,0.2,32768,2x,3.32613601871,0.260299659936,2.26821162639,0.794301824797,1
1e+19,heldout,53,exponential,0.2,32768,3x,3.32613601871,0.260299659936,2.26821162639,0.794301824797,1
1e+19,heldout,53,exponential,0.2,32768,5x,3.32613601871,0.260299659936,2.26821162639,0.794301824797,1
1e+19,heldout,53,exponential,0.2,32768,free,3.32613601871,0.260299508823,2.26821269788,0.794301798446,1
1e+19,heldout,53,exponential,0.8,2048,1x,3.08862708197,0.247959185368,6.29200228274,0.8,1
1e+19,heldout,53,exponential,0.8,2048,2x,3.08862708197,0.247959175979,6.29200252098,0.8,1
1e+19,heldout,53,exponential,0.8,2048,3x,3.08862708197,0.247959180464,6.29200240717,0.8,1
1e+19,heldout,53,exponential,0.8,2048,5x,3.08862708197,0.247959178553,6.29200245566,0.8,1
1e+19,heldout,53,exponential,0.8,2048,free,3.08862708197,0.247959182916,6.29200234496,0.8,1
1e+19,heldout,53,exponential,0.8,32768,1x,3.23541127339,0.18195337679,4.3779580286,0.8,1
1e+19,heldout,53,exponential,0.8,32768,2x,3.23541127339,0.181953368809,4.37795822063,0.8,1
1e+19,heldout,53,exponential,0.8,32768,3x,3.23541127339,0.18195337201,4.37795814363,0.8,1
1e+19,heldout,53,exponential,0.8,32768,5x,3.23541127339,0.181953377048,4.3779580224,0.8,1
1e+19,heldout,53,exponential,0.8,32768,free,3.23541127339,0.181953374243,4.37795808988,0.8,1
1e+19,heldout,53,power,0.2,2048,1x,3.23798533468,0.387559196329,2.97945939061,0.64774576981,1
1e+19,heldout,53,power,0.2,2048,2x,3.23798533468,0.387559370334,2.97945864436,0.64774571928,1
1e+19,heldout,53,power,0.2,2048,3x,3.23798533468,0.387559426782,2.97945824267,0.647745735963,1
1e+19,heldout,53,power,0.2,2048,5x,3.23798533468,0.387559270581,2.9794591873,0.647745724386,1
1e+19,heldout,53,power,0.2,2048,free,3.23798533468,0.387559167707,2.97945939087,0.647745803508,1
1e+19,heldout,53,power,0.2,32768,1x,3.37051146371,0.278937322864,2.0691850228,0.719391082999,1
1e+19,heldout,53,power,0.2,32768,2x,3.37051146371,0.278937322864,2.0691850228,0.719391082999,1
1e+19,heldout,53,power,0.2,32768,3x,3.37051146371,0.278937291736,2.06918536371,0.719391028542,1
1e+19,heldout,53,power,0.2,32768,5x,3.37051146371,0.278937322864,2.0691850228,0.719391082999,1
1e+19,heldout,53,power,0.2,32768,free,3.37051146371,0.278937322864,2.0691850228,0.719391082999,1
1e+19,heldout,53,power,0.8,2048,1x,3.08862708197,0.247959174147,6.29200256747,0.8,1
1e+19,heldout,53,power,0.8,2048,2x,3.08862708197,0.247959174147,6.29200256747,0.8,1
1e+19,heldout,53,power,0.8,2048,3x,3.08862708197,0.247959174147,6.29200256747,0.8,1
1e+19,heldout,53,power,0.8,2048,5x,3.08862708197,0.247959174147,6.29200256747,0.8,1
1e+19,heldout,53,power,0.8,2048,free,3.08862708197,0.247959174147,6.29200256747,0.8,1
1e+19,heldout,53,power,0.8,32768,1x,3.23541127339,0.18195337679,4.3779580286,0.8,1
1e+19,heldout,53,power,0.8,32768,2x,3.23541127339,0.181953381244,4.37795792145,0.8,1
1e+19,heldout,53,power,0.8,32768,3x,3.23541127339,0.18195337201,4.37795814363,0.8,1
1e+19,heldout,53,power,0.8,32768,5x,3.23541127339,0.181953377048,4.3779580224,0.8,1
1e+19,heldout,53,power,0.8,32768,free,3.23541127339,0.181953372115,4.37795814108,0.8,1
1e+19,heldout,53,logarithmic,0.2,2048,1x,3.20246482158,0.460748957608,1.80122330504,1,1
1e+19,heldout,53,logarithmic,0.2,2048,2x,3.20246482158,0.460748956322,1.80122330771,1,1
1e+19,heldout,53,logarithmic,0.2,2048,3x,3.20246482158,0.460748998607,1.80122321978,1,1
1e+19,heldout,53,logarithmic,0.2,2048,5x,3.20246482158,0.460748949852,1.80122332117,1,1
1e+19,heldout,53,logarithmic,0.2,2048,free,3.20246482158,0.46074896923,1.80122328087,1,1
1e+19,heldout,53,logarithmic,0.2,32768,1x,3.31582383454,0.300371271059,1.57002957812,1,1
1e+19,heldout,53,logarithmic,0.2,32768,2x,3.31582383454,0.300371287773,1.57002952639,1,1
1e+19,heldout,53,logarithmic,0.2,32768,3x,3.31582383454,0.300371278994,1.57002955356,1,1
1e+19,heldout,53,logarithmic,0.2,32768,5x,3.31582383454,0.300371308735,1.57002946153,1,1
1e+19,heldout,53,logarithmic,0.2,32768,free,3.31582383454,0.300371278151,1.57002955617,1,1
1e+19,heldout,53,logarithmic,0.8,2048,1x,3.04695430728,0.279812681911,4.55616410555,1,1
1e+19,heldout,53,logarithmic,0.8,2048,2x,3.04695430728,0.279812681911,4.55616410555,1,1
1e+19,heldout,53,logarithmic,0.8,2048,3x,3.04695430728,0.279812681911,4.55616410555,1,1
1e+19,heldout,53,logarithmic,0.8,2048,5x,3.04695430728,0.279812681911,4.55616410555,1,1
1e+19,heldout,53,logarithmic,0.8,2048,free,3.04695430728,0.279812681911,4.55616410555,1,1
1e+19,heldout,53,logarithmic,0.8,32768,1x,3.17972924819,0.194894743261,3.51127042675,1,1
1e+19,heldout,53,logarithmic,0.8,32768,2x,3.17972924819,0.19489472744,3.51127067162,1,1
1e+19,heldout,53,logarithmic,0.8,32768,3x,3.17972924819,0.194894737844,3.51127051059,1,1
1e+19,heldout,53,logarithmic,0.8,32768,5x,3.17972924819,0.194894743154,3.51127042841,1,1
1e+19,heldout,53,logarithmic,0.8,32768,free,3.17972924819,0.19489474176,3.51127044999,1,1
1e+19,heldout,68,exponential,0.2,2048,1x,3.19865524952,0.379351943617,3.01038568172,0.754271584336,1
1e+19,heldout,68,exponential,0.2,2048,2x,3.19865524952,0.379351940479,3.0103856011,0.75427160402,1
1e+19,heldout,68,exponential,0.2,2048,3x,3.19865524952,0.379351876599,3.01038611335,0.754271575905,1
1e+19,heldout,68,exponential,0.2,2048,5x,3.19865524952,0.3793518807,3.01038606203,0.754271581379,1
1e+19,heldout,68,exponential,0.2,2048,free,3.19865524952,0.379351871876,3.01038608128,0.754271587754,1
1e+19,heldout,68,exponential,0.2,32768,1x,3.33017350562,0.267363632339,2.19124314706,0.803440007584,1
1e+19,heldout,68,exponential,0.2,32768,2x,3.33017350562,0.267363526815,2.19124389211,0.803439977086,1
1e+19,heldout,68,exponential,0.2,32768,3x,3.33017350562,0.267363496185,2.19124421363,0.803439938779,1
1e+19,heldout,68,exponential,0.2,32768,5x,3.33017350562,0.267363552721,2.19124382519,0.803439952117,1
1e+19,heldout,68,exponential,0.2,32768,free,3.33017350562,0.267363447748,2.19124464756,0.803439899054,1
1e+19,heldout,68,exponential,0.8,2048,1x,3.09280415783,0.253744261582,6.14855189486,0.8,1
1e+19,heldout,68,exponential,0.8,2048,2x,3.09280415783,0.253744255201,6.14855204949,0.8,1
1e+19,heldout,68,exponential,0.8,2048,3x,3.09280415783,0.253744260469,6.14855192183,0.8,1
1e+19,heldout,68,exponential,0.8,2048,5x,3.09280415783,0.253744260306,6.14855192578,0.8,1
1e+19,heldout,68,exponential,0.8,2048,free,3.09280415783,0.25374424817,6.14855221984,0.8,1
1e+19,heldout,68,exponential,0.8,32768,1x,3.24052757196,0.186152445313,4.27920377521,0.8,1
1e+19,heldout,68,exponential,0.8,32768,2x,3.24052757196,0.186152443154,4.27920382485,0.8,1
1e+19,heldout,68,exponential,0.8,32768,3x,3.24052757196,0.186152454415,4.27920356599,0.8,1
1e+19,heldout,68,exponential,0.8,32768,5x,3.24052757196,0.186152442306,4.27920384435,0.8,1
1e+19,heldout,68,exponential,0.8,32768,free,3.24052757196,0.186152454504,4.27920356393,0.8,1
1e+19,heldout,68,power,0.2,2048,1x,3.24223935565,0.402594292914,2.85256207823,0.657272718986,1
1e+19,heldout,68,power,0.2,2048,2x,3.24223935565,0.402594296807,2.85256195822,0.657272740563,1
1e+19,heldout,68,power,0.2,2048,3x,3.24223935565,0.402594320122,2.85256164365,0.65727278232,1
1e+19,heldout,68,power,0.2,2048,5x,3.24223935565,0.402594356148,2.85256136221,0.657272802564,1
1e+19,heldout,68,power,0.2,2048,free,3.24223935565,0.402594306761,2.85256173169,0.657272778349,1
1e+19,heldout,68,power,0.2,32768,1x,3.3753248821,0.289089082237,1.9735469384,0.733318840162,1
1e+19,heldout,68,power,0.2,32768,2x,3.3753248821,0.289089055303,1.97354706913,0.733318840477,1
1e+19,heldout,68,power,0.2,32768,3x,3.3753248821,0.289088999166,1.97354744658,0.733318806956,1
1e+19,heldout,68,power,0.2,32768,5x,3.3753248821,0.28908897973,1.97354748594,0.733318825081,1
1e+19,heldout,68,power,0.2,32768,free,3.3753248821,0.28908897973,1.97354748594,0.733318825081,1
1e+19,heldout,68,power,0.8,2048,1x,3.09280415783,0.253744245854,6.14855227598,0.8,1
1e+19,heldout,68,power,0.8,2048,2x,3.09280415783,0.253744255201,6.14855204949,0.8,1
1e+19,heldout,68,power,0.8,2048,3x,3.09280415783,0.253744260469,6.14855192183,0.8,1
1e+19,heldout,68,power,0.8,2048,5x,3.09280415783,0.253744260306,6.14855192578,0.8,1
1e+19,heldout,68,power,0.8,2048,free,3.09280415783,0.25374424817,6.14855221984,0.8,1
1e+19,heldout,68,power,0.8,32768,1x,3.24052757196,0.186152445313,4.27920377521,0.8,1
1e+19,heldout,68,power,0.8,32768,2x,3.24052757196,0.186152454453,4.27920356511,0.8,1
1e+19,heldout,68,power,0.8,32768,3x,3.24052757196,0.186152454415,4.27920356599,0.8,1
1e+19,heldout,68,power,0.8,32768,5x,3.24052757196,0.18615245476,4.27920355805,0.8,1
1e+19,heldout,68,power,0.8,32768,free,3.24052757196,0.186152454504,4.27920356393,0.8,1
1e+19,heldout,68,logarithmic,0.2,2048,1x,3.20244140744,0.46077725256,1.80116446665,1,1
1e+19,heldout,68,logarithmic,0.2,2048,2x,3.20244140744,0.460777309526,1.80116434819,1,1
1e+19,heldout,68,logarithmic,0.2,2048,3x,3.20244140744,0.460777255528,1.80116446047,1,1
1e+19,heldout,68,logarithmic,0.2,2048,5x,3.20244140744,0.46077724896,1.80116447413,1,1
1e+19,heldout,68,logarithmic,0.2,2048,free,3.20244140744,0.460777260688,1.80116444974,1,1
1e+19,heldout,68,logarithmic,0.2,32768,1x,3.31579897929,0.300386656681,1.56998196947,1,1
1e+19,heldout,68,logarithmic,0.2,32768,2x,3.31579897929,0.300386626423,1.56998206309,1,1
1e+19,heldout,68,logarithmic,0.2,32768,3x,3.31579897929,0.300386640356,1.56998201998,1,1
1e+19,heldout,68,logarithmic,0.2,32768,5x,3.31579897929,0.300386632624,1.56998204391,1,1
1e+19,heldout,68,logarithmic,0.2,32768,free,3.31579897929,0.300386634193,1.56998203905,1,1
1e+19,heldout,68,logarithmic,0.8,2048,1x,3.04694199537,0.279827817619,4.555962727,1,1
1e+19,heldout,68,logarithmic,0.8,2048,2x,3.04694199537,0.279827813559,4.55596278101,1,1
1e+19,heldout,68,logarithmic,0.8,2048,3x,3.04694199537,0.279827820647,4.55596268672,1,1
1e+19,heldout,68,logarithmic,0.8,2048,5x,3.04694199537,0.279827822691,4.55596265952,1,1
1e+19,heldout,68,logarithmic,0.8,2048,free,3.04694199537,0.279827810798,4.55596281775,1,1
1e+19,heldout,68,logarithmic,0.8,32768,1x,3.17971378469,0.194903102789,3.5111410481,1,1
1e+19,heldout,68,logarithmic,0.8,32768,2x,3.17971378469,0.194903112021,3.51114090523,1,1
1e+19,heldout,68,logarithmic,0.8,32768,3x,3.17971378469,0.194903115974,3.51114084404,1,1
1e+19,heldout,68,logarithmic,0.8,32768,5x,3.17971378469,0.194903111031,3.51114092054,1,1
1e+19,heldout,68,logarithmic,0.8,32768,free,3.17971378469,0.194903107351,3.5111409775,1,1
1e+19,heldout,101,exponential,0.2,2048,1x,3.20039959138,0.378201559411,3.01287676002,0.755104506437,1
1e+19,heldout,101,exponential,0.2,2048,2x,3.20039959138,0.378201559411,3.01287676002,0.755104506437,1
1e+19,heldout,101,exponential,0.2,2048,3x,3.20039959138,0.378201559411,3.01287676002,0.755104506437,1
1e+19,heldout,101,exponential,0.2,2048,5x,3.20039959138,0.378201559411,3.01287676002,0.755104506437,1
1e+19,heldout,101,exponential,0.2,2048,free,3.20039959138,0.378201559411,3.01287676002,0.755104506437,1
1e+19,heldout,101,exponential,0.2,32768,1x,3.33162475888,0.266766775537,2.19191087667,0.804257927782,1
1e+19,heldout,101,exponential,0.2,32768,2x,3.33162475888,0.266766775537,2.19191087667,0.804257927782,1
1e+19,heldout,101,exponential,0.2,32768,3x,3.33162475888,0.266766775537,2.19191087667,0.804257927782,1
1e+19,heldout,101,exponential,0.2,32768,5x,3.33162475888,0.266766775537,2.19191087667,0.804257927782,1
1e+19,heldout,101,exponential,0.2,32768,free,3.33162475888,0.266766775537,2.19191087667,0.804257927782,1
1e+19,heldout,101,exponential,0.8,2048,1x,3.0942412607,0.252713182352,6.17363821641,0.8,1
1e+19,heldout,101,exponential,0.8,2048,2x,3.0942412607,0.252713182352,6.17363821641,0.8,1
1e+19,heldout,101,exponential,0.8,2048,3x,3.0942412607,0.252713182352,6.17363821641,0.8,1
1e+19,heldout,101,exponential,0.8,2048,5x,3.0942412607,0.252713182352,6.17363821641,0.8,1
1e+19,heldout,101,exponential,0.8,2048,free,3.0942412607,0.252713182352,6.17363821641,0.8,1
1e+19,heldout,101,exponential,0.8,32768,1x,3.24178896217,0.185370531491,4.29725393967,0.8,1
1e+19,heldout,101,exponential,0.8,32768,2x,3.24178896217,0.185370533246,4.29725389899,0.8,1
1e+19,heldout,101,exponential,0.8,32768,3x,3.24178896217,0.185370520702,4.2972541898,0.8,1
1e+19,heldout,101,exponential,0.8,32768,5x,3.24178896217,0.185370521088,4.29725418084,0.8,1
1e+19,heldout,101,exponential,0.8,32768,free,3.24178896217,0.185370525442,4.29725407991,0.8,1
1e+19,heldout,101,power,0.2,2048,1x,3.24415625811,0.400173770213,2.86599996468,0.657110249937,1
1e+19,heldout,101,power,0.2,2048,2x,3.24415625811,0.400173788407,2.86599991831,0.657110239336,1
1e+19,heldout,101,power,0.2,2048,3x,3.24415625811,0.400173725665,2.86600034055,0.657110219616,1
1e+19,heldout,101,power,0.2,2048,5x,3.24415625811,0.400173770287,2.86599971492,0.657110303435,1
1e+19,heldout,101,power,0.2,2048,free,3.24415625811,0.400173677955,2.86600078949,0.65711017719,1
1e+19,heldout,101,power,0.2,32768,1x,3.37692156343,0.287850390741,1.97933060864,0.733413159989,1
1e+19,heldout,101,power,0.2,32768,2x,3.37692156343,0.287850390741,1.97933060864,0.733413159989,1
1e+19,heldout,101,power,0.2,32768,3x,3.37692156343,0.287850390741,1.97933060864,0.733413159989,1
1e+19,heldout,101,power,0.2,32768,5x,3.37692156343,0.287850390741,1.97933060864,0.733413159989,1
1e+19,heldout,101,power,0.2,32768,free,3.37692156343,0.287850390741,1.97933060864,0.733413159989,1
1e+19,heldout,101,power,0.8,2048,1x,3.0942412607,0.252713196631,6.17363786759,0.8,1
1e+19,heldout,101,power,0.8,2048,2x,3.0942412607,0.252713191684,6.17363798845,0.8,1
1e+19,heldout,101,power,0.8,2048,3x,3.0942412607,0.252713169411,6.17363853254,0.8,1
1e+19,heldout,101,power,0.8,2048,5x,3.0942412607,0.252713175735,6.17363837807,0.8,1
1e+19,heldout,101,power,0.8,2048,free,3.0942412607,0.252713170805,6.17363849849,0.8,1
1e+19,heldout,101,power,0.8,32768,1x,3.24178896217,0.18537053358,4.29725389125,0.8,1
1e+19,heldout,101,power,0.8,32768,2x,3.24178896217,0.18537053358,4.29725389125,0.8,1
1e+19,heldout,101,power,0.8,32768,3x,3.24178896217,0.18537053358,4.29725389125,0.8,1
1e+19,heldout,101,power,0.8,32768,5x,3.24178896217,0.18537053358,4.29725389125,0.8,1
1e+19,heldout,101,power,0.8,32768,free,3.24178896217,0.185370525442,4.29725407991,0.8,1
1e+19,heldout,101,logarithmic,0.2,2048,1x,3.20239284612,0.460765533238,1.80118883611,1,1
1e+19,heldout,101,logarithmic,0.2,2048,2x,3.20239284612,0.460765568152,1.80118876351,1,1
1e+19,heldout,101,logarithmic,0.2,2048,3x,3.20239284612,0.460765546015,1.80118880954,1,1
1e+19,heldout,101,logarithmic,0.2,2048,5x,3.20239284612,0.460765568564,1.80118876265,1,1
1e+19,heldout,101,logarithmic,0.2,2048,free,3.20239284612,0.460765530232,1.80118884236,1,1
1e+19,heldout,101,logarithmic,0.2,32768,1x,3.31574878818,0.300382533532,1.56999472769,1,1
1e+19,heldout,101,logarithmic,0.2,32768,2x,3.31574878818,0.300382533604,1.56999472747,1,1
1e+19,heldout,101,logarithmic,0.2,32768,3x,3.31574878818,0.300382516426,1.56999478062,1,1
1e+19,heldout,101,logarithmic,0.2,32768,5x,3.31574878818,0.300382528523,1.56999474319,1,1
1e+19,heldout,101,logarithmic,0.2,32768,free,3.31574878818,0.300382515586,1.56999478322,1,1
1e+19,heldout,101,logarithmic,0.8,2048,1x,3.04689548868,0.279833964194,4.55588095274,1,1
1e+19,heldout,101,logarithmic,0.8,2048,2x,3.04689548868,0.2798339549,4.55588107638,1,1
1e+19,heldout,101,logarithmic,0.8,2048,3x,3.04689548868,0.279833956055,4.55588106102,1,1
1e+19,heldout,101,logarithmic,0.8,2048,5x,3.04689548868,0.279833959736,4.55588101205,1,1
1e+19,heldout,101,logarithmic,0.8,2048,free,3.04689548868,0.279833972806,4.55588083817,1,1
1e+19,heldout,101,logarithmic,0.8,32768,1x,3.17966546795,0.194909281564,3.51104542664,1,1
1e+19,heldout,101,logarithmic,0.8,32768,2x,3.17966546795,0.194909286001,3.51104535797,1,1
1e+19,heldout,101,logarithmic,0.8,32768,3x,3.17966546795,0.194909283968,3.51104538944,1,1
1e+19,heldout,101,logarithmic,0.8,32768,5x,3.17966546795,0.194909287504,3.51104533471,1,1
1e+19,heldout,101,logarithmic,0.8,32768,free,3.17966546795,0.194909286008,3.51104535786,1,1
1e+19,heldout,102,exponential,0.2,2048,1x,3.19835488663,0.370249248244,3.08353047065,0.750539055985,1
1e+19,heldout,102,exponential,0.2,2048,2x,3.19835488663,0.370249345675,3.08352984105,0.750539062937,1
1e+19,heldout,102,exponential,0.2,2048,3x,3.19835488663,0.370249143159,3.08353104736,0.750539068352,1
1e+19,heldout,102,exponential,0.2,2048,5x,3.19835488663,0.370249153041,3.08353106524,0.750539053192,1
1e+19,heldout,102,exponential,0.2,2048,free,3.19835488663,0.370249221768,3.08353051072,0.750539079524,1
1e+19,heldout,102,exponential,0.2,32768,1x,3.32914865018,0.261530985187,2.24654329757,0.798099743687,1
1e+19,heldout,102,exponential,0.2,32768,2x,3.32914865018,0.261531091987,2.24654227322,0.798099839263,1
1e+19,heldout,102,exponential,0.2,32768,3x,3.32914865018,0.261531051359,2.24654273486,0.798099783124,1
1e+19,heldout,102,exponential,0.2,32768,5x,3.32914865018,0.261531235053,2.24654139261,0.798099832166,1
1e+19,heldout,102,exponential,0.2,32768,free,3.32914865018,0.261531235053,2.24654139261,0.798099832166,1
1e+19,heldout,102,exponential,0.8,2048,1x,3.09162870744,0.248223750579,6.28529605535,0.8,1
1e+19,heldout,102,exponential,0.8,2048,2x,3.09162870744,0.248223785968,6.28529515928,0.8,1
1e+19,heldout,102,exponential,0.8,2048,3x,3.09162870744,0.248223761026,6.28529579082,0.8,1
1e+19,heldout,102,exponential,0.8,2048,5x,3.09162870744,0.248223760915,6.28529579364,0.8,1
1e+19,heldout,102,exponential,0.8,2048,free,3.09162870744,0.248223755912,6.28529592032,0.8,1
1e+19,heldout,102,exponential,0.8,32768,1x,3.23844581409,0.182112162896,4.37414082664,0.8,1
1e+19,heldout,102,exponential,0.8,32768,2x,3.23844581409,0.182112162766,4.37414082974,0.8,1
1e+19,heldout,102,exponential,0.8,32768,3x,3.23844581409,0.182112159918,4.37414089817,0.8,1
1e+19,heldout,102,exponential,0.8,32768,5x,3.23844581409,0.182112165015,4.37414077575,0.8,1
1e+19,heldout,102,exponential,0.8,32768,free,3.23844581409,0.182112149032,4.37414115963,0.8,1
1e+19,heldout,102,power,0.2,2048,1x,3.2417489107,0.388869981477,2.95760138915,0.650742641737,1
1e+19,heldout,102,power,0.2,2048,2x,3.2417489107,0.388869835455,2.95760207706,0.650742668869,1
1e+19,heldout,102,power,0.2,2048,3x,3.2417489107,0.388870051562,2.95759993321,0.65074286223,1
1e+19,heldout,102,power,0.2,2048,5x,3.2417489107,0.388869906,2.95760155599,0.650742694907,1
1e+19,heldout,102,power,0.2,2048,free,3.2417489107,0.388869865242,2.95760200356,0.650742649473,1
1e+19,heldout,102,power,0.2,32768,1x,3.37397243911,0.280267397687,2.0480715417,0.723798961409,1
1e+19,heldout,102,power,0.2,32768,2x,3.37397243911,0.280267345477,2.04807192304,0.723798927958,1
1e+19,heldout,102,power,0.2,32768,3x,3.37397243911,0.280267366724,2.04807175505,0.723798945594,1
1e+19,heldout,102,power,0.2,32768,5x,3.37397243911,0.280267406415,2.04807155275,0.723798943488,1
1e+19,heldout,102,power,0.2,32768,free,3.37397243911,0.280267345477,2.04807192304,0.723798927958,1
1e+19,heldout,102,power,0.8,2048,1x,3.09162870744,0.248223756692,6.28529590056,0.8,1
1e+19,heldout,102,power,0.8,2048,2x,3.09162870744,0.248223742969,6.28529624806,0.8,1
1e+19,heldout,102,power,0.8,2048,3x,3.09162870744,0.248223761026,6.28529579082,0.8,1
1e+19,heldout,102,power,0.8,2048,5x,3.09162870744,0.248223760915,6.28529579364,0.8,1
1e+19,heldout,102,power,0.8,2048,free,3.09162870744,0.248223755912,6.28529592032,0.8,1
1e+19,heldout,102,power,0.8,32768,1x,3.23844581409,0.182112162896,4.37414082664,0.8,1
1e+19,heldout,102,power,0.8,32768,2x,3.23844581409,0.182112162766,4.37414082974,0.8,1
1e+19,heldout,102,power,0.8,32768,3x,3.23844581409,0.182112147094,4.37414120618,0.8,1
1e+19,heldout,102,power,0.8,32768,5x,3.23844581409,0.182112165015,4.37414077575,0.8,1
1e+19,heldout,102,power,0.8,32768,free,3.23844581409,0.182112149032,4.37414115963,0.8,1
1e+19,heldout,102,logarithmic,0.2,2048,1x,3.20244419191,0.460784600191,1.80114918812,1,1
1e+19,heldout,102,logarithmic,0.2,2048,2x,3.20244419191,0.46078461004,1.80114916764,1,1
1e+19,heldout,102,logarithmic,0.2,2048,3x,3.20244419191,0.46078457578,1.80114923888,1,1
1e+19,heldout,102,logarithmic,0.2,2048,5x,3.20244419191,0.46078456657,1.80114925803,1,1
1e+19,heldout,102,logarithmic,0.2,2048,free,3.20244419191,0.460784569111,1.80114925275,1,1
1e+19,heldout,102,logarithmic,0.2,32768,1x,3.31580386184,0.30039197827,1.56996550323,1,1
1e+19,heldout,102,logarithmic,0.2,32768,2x,3.31580386184,0.300391996241,1.56996544763,1,1
1e+19,heldout,102,logarithmic,0.2,32768,3x,3.31580386184,0.300391965877,1.56996554158,1,1
1e+19,heldout,102,logarithmic,0.2,32768,5x,3.31580386184,0.300391993294,1.56996545674,1,1
1e+19,heldout,102,logarithmic,0.2,32768,free,3.31580386184,0.300391965043,1.56996554416,1,1
1e+19,heldout,102,logarithmic,0.8,2048,1x,3.04694620812,0.279838510135,4.55582047526,1,1
1e+19,heldout,102,logarithmic,0.8,2048,2x,3.04694620812,0.279838492222,4.55582071356,1,1
1e+19,heldout,102,logarithmic,0.8,2048,3x,3.04694620812,0.279838504357,4.55582055212,1,1
1e+19,heldout,102,logarithmic,0.8,2048,5x,3.04694620812,0.279838477972,4.55582090313,1,1
1e+19,heldout,102,logarithmic,0.8,2048,free,3.04694620812,0.27983849767,4.55582064109,1,1
1e+19,heldout,102,logarithmic,0.8,32768,1x,3.17971984906,0.194910641863,3.51102437563,1,1
1e+19,heldout,102,logarithmic,0.8,32768,2x,3.17971984906,0.194910640249,3.51102440061,1,1
1e+19,heldout,102,logarithmic,0.8,32768,3x,3.17971984906,0.194910645876,3.51102431353,1,1
1e+19,heldout,102,logarithmic,0.8,32768,5x,3.17971984906,0.19491064815,3.51102427833,1,1
1e+19,heldout,102,logarithmic,0.8,32768,free,3.17971984906,0.194910646776,3.5110242996,1,1
1e+19,heldout,125,exponential,0.2,2048,1x,3.19842021659,0.371358989963,3.07552993593,0.750783090584,1
1e+19,heldout,125,exponential,0.2,2048,2x,3.19842021659,0.371359000131,3.07552964425,0.750783135401,1
1e+19,heldout,125,exponential,0.2,2048,3x,3.19842021659,0.371358949999,3.07553009056,0.750783107662,1
1e+19,heldout,125,exponential,0.2,2048,5x,3.19842021659,0.371358977644,3.07552988778,0.750783114516,1
1e+19,heldout,125,exponential,0.2,2048,free,3.19842021659,0.371359022943,3.07552951404,0.750783133823,1
1e+19,heldout,125,exponential,0.2,32768,1x,3.32931100589,0.262188819622,2.23989679202,0.79878510275,1
1e+19,heldout,125,exponential,0.2,32768,2x,3.32931100589,0.262188840504,2.23989628772,0.798785205408,1
1e+19,heldout,125,exponential,0.2,32768,3x,3.32931100589,0.262188795049,2.23989695007,0.798785101844,1
1e+19,heldout,125,exponential,0.2,32768,5x,3.32931100589,0.262188725717,2.23989750169,0.798785070192,1
1e+19,heldout,125,exponential,0.2,32768,free,3.32931100589,0.262188932188,2.23989604811,0.798785112369,1
1e+19,heldout,125,exponential,0.8,2048,1x,3.0918063964,0.248797419052,6.27080363737,0.8,1
1e+19,heldout,125,exponential,0.8,2048,2x,3.0918063964,0.248797419052,6.27080363737,0.8,1
1e+19,heldout,125,exponential,0.8,2048,3x,3.0918063964,0.248797419052,6.27080363737,0.8,1
1e+19,heldout,125,exponential,0.8,2048,5x,3.0918063964,0.248797419052,6.27080363737,0.8,1
1e+19,heldout,125,exponential,0.8,2048,free,3.0918063964,0.248797419052,6.27080363737,0.8,1
1e+19,heldout,125,exponential,0.8,32768,1x,3.23871028171,0.182477114285,4.36539261304,0.8,1
1e+19,heldout,125,exponential,0.8,32768,2x,3.23871028171,0.182477117645,4.36539253268,0.8,1
1e+19,heldout,125,exponential,0.8,32768,3x,3.23871028171,0.182477114129,4.36539261679,0.8,1
1e+19,heldout,125,exponential,0.8,32768,5x,3.23871028171,0.182477117645,4.36539253268,0.8,1
1e+19,heldout,125,exponential,0.8,32768,free,3.23871028171,0.182477117645,4.36539253268,0.8,1
1e+19,heldout,125,power,0.2,2048,1x,3.24176884946,0.390561598309,2.94720204297,0.650939936281,1
1e+19,heldout,125,power,0.2,2048,2x,3.24176884946,0.390561617221,2.94720166902,0.650939992352,1
1e+19,heldout,125,power,0.2,2048,3x,3.24176884946,0.390561580241,2.94720140518,0.650940090382,1
1e+19,heldout,125,power,0.2,2048,5x,3.24176884946,0.390561499675,2.94720255885,0.650939943222,1
1e+19,heldout,125,power,0.2,2048,free,3.24176884946,0.390561580241,2.94720140518,0.650940090382,1
1e+19,heldout,125,power,0.2,32768,1x,3.37416644384,0.281313686989,2.03978970562,0.724679440191,1
1e+19,heldout,125,power,0.2,32768,2x,3.37416644384,0.281313677412,2.03978984573,0.724679411745,1
1e+19,heldout,125,power,0.2,32768,3x,3.37416644384,0.281313678916,2.03978982641,0.724679415366,1
1e+19,heldout,125,power,0.2,32768,5x,3.37416644384,0.281313616515,2.03978991245,0.724679491115,1
1e+19,heldout,125,power,0.2,32768,free,3.37416644384,0.281313772512,2.03978907073,0.724679499612,1
1e+19,heldout,125,power,0.8,2048,1x,3.0918063964,0.24879741718,6.27080368455,0.8,1
1e+19,heldout,125,power,0.8,2048,2x,3.0918063964,0.248797397322,6.27080418505,0.8,1
1e+19,heldout,125,power,0.8,2048,3x,3.0918063964,0.248797423144,6.27080353424,0.8,1
1e+19,heldout,125,power,0.8,2048,5x,3.0918063964,0.248797428133,6.27080340849,0.8,1
1e+19,heldout,125,power,0.8,2048,free,3.0918063964,0.248797407759,6.270803922,0.8,1
1e+19,heldout,125,power,0.8,32768,1x,3.23871028171,0.182477114285,4.36539261304,0.8,1
1e+19,heldout,125,power,0.8,32768,2x,3.23871028171,0.182477123362,4.3653923959,0.8,1
1e+19,heldout,125,power,0.8,32768,3x,3.23871028171,0.182477114129,4.36539261679,0.8,1
1e+19,heldout,125,power,0.8,32768,5x,3.23871028171,0.182477105375,4.36539282621,0.8,1
1e+19,heldout,125,power,0.8,32768,free,3.23871028171,0.182477118822,4.36539250452,0.8,1
1e+19,heldout,125,logarithmic,0.2,2048,1x,3.20230192437,0.460288098787,1.80218218686,1,1
1e+19,heldout,125,logarithmic,0.2,2048,2x,3.20230192437,0.460288098553,1.80218218734,1,1
1e+19,heldout,125,logarithmic,0.2,2048,3x,3.20230192437,0.46028811348,1.80218215627,1,1
1e+19,heldout,125,logarithmic,0.2,2048,5x,3.20230192437,0.460288125385,1.80218213148,1,1
1e+19,heldout,125,logarithmic,0.2,2048,free,3.20230192437,0.46028808662,1.80218221218,1,1
1e+19,heldout,125,logarithmic,0.2,32768,1x,3.3155793292,0.299981103512,1.5712378626,1,1
1e+19,heldout,125,logarithmic,0.2,32768,2x,3.3155793292,0.299981079952,1.57123793562,1,1
1e+19,heldout,125,logarithmic,0.2,32768,3x,3.3155793292,0.299981071634,1.5712379614,1,1
1e+19,heldout,125,logarithmic,0.2,32768,5x,3.3155793292,0.299981084526,1.57123792144,1,1
1e+19,heldout,125,logarithmic,0.2,32768,free,3.3155793292,0.299981078513,1.57123794008,1,1
1e+19,heldout,125,logarithmic,0.8,2048,1x,3.04670615896,0.279364533482,4.56213473709,1,1
1e+19,heldout,125,logarithmic,0.8,2048,2x,3.04670615896,0.279364550333,4.5621345123,1,1
1e+19,heldout,125,logarithmic,0.8,2048,3x,3.04670615896,0.279364529613,4.5621347887,1,1
1e+19,heldout,125,logarithmic,0.8,2048,5x,3.04670615896,0.279364550203,4.56213451403,1,1
1e+19,heldout,125,logarithmic,0.8,2048,free,3.04670615896,0.279364559084,4.56213439555,1,1
1e+19,heldout,125,logarithmic,0.8,32768,1x,3.1793809,0.194516331195,3.5171370315,1,1
1e+19,heldout,125,logarithmic,0.8,32768,2x,3.1793809,0.194516305957,3.51713742344,1,1
1e+19,heldout,125,logarithmic,0.8,32768,3x,3.1793809,0.194516329007,3.51713706549,1,1
1e+19,heldout,125,logarithmic,0.8,32768,5x,3.1793809,0.194516316925,3.5171372531,1,1
1e+19,heldout,125,logarithmic,0.8,32768,free,3.1793809,0.194516311683,3.51713733451,1,1
1e+19,heldout,129,exponential,0.2,2048,1x,3.19370821983,0.37011716404,3.10322816817,0.746855872154,1
1e+19,heldout,129,exponential,0.2,2048,2x,3.19370821983,0.37011716404,3.10322816817,0.746855872154,1
1e+19,heldout,129,exponential,0.2,2048,3x,3.19370821983,0.37011716404,3.10322816817,0.746855872154,1
1e+19,heldout,129,exponential,0.2,2048,5x,3.19370821983,0.370117180454,3.10322785425,0.746855913809,1
1e+19,heldout,129,exponential,0.2,2048,free,3.19370821983,0.370117286522,3.10322698532,0.746855955783,1
1e+19,heldout,129,exponential,0.2,32768,1x,3.32504249196,0.261142517111,2.26351310037,0.79409883165,1
1e+19,heldout,129,exponential,0.2,32768,2x,3.32504249196,0.261142496564,2.26351390084,0.794098646284,1
1e+19,heldout,129,exponential,0.2,32768,3x,3.32504249196,0.261142594241,2.26351250572,0.794098858986,1
1e+19,heldout,129,exponential,0.2,32768,5x,3.32504249196,0.261142454124,2.26351370589,0.794098776069,1
1e+19,heldout,129,exponential,0.2,32768,free,3.32504249196,0.261142531447,2.26351327593,0.794098757382,1
1e+19,heldout,129,exponential,0.8,2048,1x,3.08756629281,0.24906631935,6.2640334688,0.8,1
1e+19,heldout,129,exponential,0.8,2048,2x,3.08756629281,0.249066292011,6.26403415639,0.8,1
1e+19,heldout,129,exponential,0.8,2048,3x,3.08756629281,0.249066299585,6.26403396589,0.8,1
1e+19,heldout,129,exponential,0.8,2048,5x,3.08756629281,0.249066299471,6.26403396877,0.8,1
1e+19,heldout,129,exponential,0.8,2048,free,3.08756629281,0.249066315382,6.2640335686,0.8,1
1e+19,heldout,129,exponential,0.8,32768,1x,3.23453041693,0.182768722288,4.35842761703,0.8,1
1e+19,heldout,129,exponential,0.8,32768,2x,3.23453041693,0.182768727853,4.35842748433,0.8,1
1e+19,heldout,129,exponential,0.8,32768,3x,3.23453041693,0.182768723197,4.35842759536,0.8,1
1e+19,heldout,129,exponential,0.8,32768,5x,3.23453041693,0.182768728232,4.35842747528,0.8,1
1e+19,heldout,129,exponential,0.8,32768,free,3.23453041693,0.182768709479,4.35842792248,0.8,1
1e+19,heldout,129,power,0.2,2048,1x,3.236518023,0.390280863016,2.96110436025,0.648363043534,1
1e+19,heldout,129,power,0.2,2048,2x,3.236518023,0.390280730037,2.96110513947,0.648363036866,1
1e+19,heldout,129,power,0.2,2048,3x,3.236518023,0.390280776903,2.96110551155,0.64836290391,1
1e+19,heldout,129,power,0.2,2048,5x,3.236518023,0.390280909794,2.96110443308,0.648362973292,1
1e+19,heldout,129,power,0.2,2048,free,3.236518023,0.390280730037,2.96110513947,0.648363036866,1
1e+19,heldout,129,power,0.2,32768,1x,3.36933990557,0.280476805081,2.05880866884,0.72006583137,1
1e+19,heldout,129,power,0.2,32768,2x,3.36933990557,0.280476805081,2.05880866884,0.72006583137,1
1e+19,heldout,129,power,0.2,32768,3x,3.36933990557,0.280476839714,2.05880856671,0.720065805412,1
1e+19,heldout,129,power,0.2,32768,5x,3.36933990557,0.280476805081,2.05880866884,0.72006583137,1
1e+19,heldout,129,power,0.2,32768,free,3.36933990557,0.280476805081,2.05880866884,0.72006583137,1
1e+19,heldout,129,power,0.8,2048,1x,3.08756629281,0.24906631935,6.2640334688,0.8,1
1e+19,heldout,129,power,0.8,2048,2x,3.08756629281,0.249066292011,6.26403415639,0.8,1
1e+19,heldout,129,power,0.8,2048,3x,3.08756629281,0.249066299585,6.26403396589,0.8,1
1e+19,heldout,129,power,0.8,2048,5x,3.08756629281,0.249066299471,6.26403396877,0.8,1
1e+19,heldout,129,power,0.8,2048,free,3.08756629281,0.249066293135,6.2640341281,0.8,1
1e+19,heldout,129,power,0.8,32768,1x,3.23453041693,0.182768728644,4.35842746547,0.8,1
1e+19,heldout,129,power,0.8,32768,2x,3.23453041693,0.182768727853,4.35842748433,0.8,1
1e+19,heldout,129,power,0.8,32768,3x,3.23453041693,0.182768723197,4.35842759536,0.8,1
1e+19,heldout,129,power,0.8,32768,5x,3.23453041693,0.182768728232,4.35842747528,0.8,1
1e+19,heldout,129,power,0.8,32768,free,3.23453041693,0.182768709479,4.35842792248,0.8,1
1e+19,heldout,129,logarithmic,0.2,2048,1x,3.20240391003,0.460718694985,1.8012862394,1,1
1e+19,heldout,129,logarithmic,0.2,2048,2x,3.20240391003,0.460718671458,1.80128628832,1,1
1e+19,heldout,129,logarithmic,0.2,2048,3x,3.20240391003,0.460718677378,1.80128627601,1,1
1e+19,heldout,129,logarithmic,0.2,2048,5x,3.20240391003,0.460718684686,1.80128626081,1,1
1e+19,heldout,129,logarithmic,0.2,2048,free,3.20240391003,0.460718684796,1.80128626059,1,1
1e+19,heldout,129,logarithmic,0.2,32768,1x,3.31576369819,0.300349295267,1.57009758413,1,1
1e+19,heldout,129,logarithmic,0.2,32768,2x,3.31576369819,0.300349287761,1.57009760736,1,1
1e+19,heldout,129,logarithmic,0.2,32768,3x,3.31576369819,0.300349286721,1.57009761058,1,1
1e+19,heldout,129,logarithmic,0.2,32768,5x,3.31576369819,0.300349281978,1.57009762525,1,1
1e+19,heldout,129,logarithmic,0.2,32768,free,3.31576369819,0.300349285872,1.5700976132,1,1
1e+19,heldout,129,logarithmic,0.8,2048,1x,3.0468883463,0.279813511683,4.55615306507,1,1
1e+19,heldout,129,logarithmic,0.8,2048,2x,3.0468883463,0.27981350791,4.55615311527,1,1
1e+19,heldout,129,logarithmic,0.8,2048,3x,3.0468883463,0.279813525514,4.55615288105,1,1
1e+19,heldout,129,logarithmic,0.8,2048,5x,3.0468883463,0.279813532746,4.55615278482,1,1
1e+19,heldout,129,logarithmic,0.8,2048,free,3.0468883463,0.279813517314,4.55615299016,1,1
1e+19,heldout,129,logarithmic,0.8,32768,1x,3.1796620059,0.194891928285,3.51131399568,1,1
1e+19,heldout,129,logarithmic,0.8,32768,2x,3.1796620059,0.194891911362,3.51131425761,1,1
1e+19,heldout,129,logarithmic,0.8,32768,3x,3.1796620059,0.194891910549,3.51131427019,1,1
1e+19,heldout,129,logarithmic,0.8,32768,5x,3.1796620059,0.194891928285,3.51131399568,1,1
1e+19,heldout,129,logarithmic,0.8,32768,free,3.1796620059,0.194891928285,3.51131399568,1,1
1e+19,heldout,184,exponential,0.2,2048,1x,3.19611012034,0.375730543358,3.04278632637,0.75206249933,1
1e+19,heldout,184,exponential,0.2,2048,2x,3.19611012034,0.375730637831,3.04278604845,0.752062443489,1
1e+19,heldout,184,exponential,0.2,2048,3x,3.19611012034,0.375730637831,3.04278604845,0.752062443489,1
1e+19,heldout,184,exponential,0.2,2048,5x,3.19611012034,0.375730532932,3.04278636665,0.752062503596,1
1e+19,heldout,184,exponential,0.2,2048,free,3.19611012034,0.375730669758,3.0427853399,0.752062546017,1
1e+19,heldout,184,exponential,0.2,32768,1x,3.32746881106,0.264803845337,2.21904843048,0.800039986507,1
1e+19,heldout,184,exponential,0.2,32768,2x,3.32746881106,0.264803792112,2.21904882467,0.800039968356,1
1e+19,heldout,184,exponential,0.2,32768,3x,3.32746881106,0.264803833104,2.21904855641,0.800039972496,1
1e+19,heldout,184,exponential,0.2,32768,5x,3.32746881106,0.264803882139,2.21904821543,0.80003998304,1
1e+19,heldout,184,exponential,0.2,32768,free,3.32746881106,0.264803792112,2.21904882467,0.800039968356,1
1e+19,heldout,184,exponential,0.8,2048,1x,3.09003905134,0.251658221849,6.19951833442,0.8,1
1e+19,heldout,184,exponential,0.8,2048,2x,3.09003905134,0.251658217664,6.1995184375,0.8,1
1e+19,heldout,184,exponential,0.8,2048,3x,3.09003905134,0.251658212493,6.1995185649,0.8,1
1e+19,heldout,184,exponential,0.8,2048,5x,3.09003905134,0.251658227802,6.19951818776,0.8,1
1e+19,heldout,184,exponential,0.8,2048,free,3.09003905134,0.251658212455,6.19951856584,0.8,1
1e+19,heldout,184,exponential,0.8,32768,1x,3.23742043424,0.184649379852,4.31403694606,0.8,1
1e+19,heldout,184,exponential,0.8,32768,2x,3.23742043424,0.18464939545,4.31403658165,0.8,1
1e+19,heldout,184,exponential,0.8,32768,3x,3.23742043424,0.184649374359,4.31403707441,0.8,1
1e+19,heldout,184,exponential,0.8,32768,5x,3.23742043424,0.184649386534,4.31403678995,0.8,1
1e+19,heldout,184,exponential,0.8,32768,free,3.23742043424,0.184649376994,4.31403701284,0.8,1
1e+19,heldout,184,power,0.2,2048,1x,3.23959445783,0.3983587228,2.88198314909,0.655746130747,1
1e+19,heldout,184,power,0.2,2048,2x,3.23959445783,0.398358667662,2.88198380267,0.655746053882,1
1e+19,heldout,184,power,0.2,2048,3x,3.23959445783,0.398358745321,2.88198332855,0.655746066836,1
1e+19,heldout,184,power,0.2,2048,5x,3.23959445783,0.398358732892,2.88198342095,0.655746061237,1
1e+19,heldout,184,power,0.2,2048,free,3.23959445783,0.398358579918,2.88198415361,0.655746078686,1
1e+19,heldout,184,power,0.2,32768,1x,3.3723884249,0.28591228919,2.00102827797,0.729522697207,1
1e+19,heldout,184,power,0.2,32768,2x,3.3723884249,0.285912318385,2.00102811897,0.729522701146,1
1e+19,heldout,184,power,0.2,32768,3x,3.3723884249,0.285912343998,2.00102793727,0.729522718176,1
1e+19,heldout,184,power,0.2,32768,5x,3.3723884249,0.285912389258,2.00102756969,0.729522763229,1
1e+19,heldout,184,power,0.2,32768,free,3.3723884249,0.285912389258,2.00102756969,0.729522763229,1
1e+19,heldout,184,power,0.8,2048,1x,3.09003905134,0.251658221849,6.19951833442,0.8,1
1e+19,heldout,184,power,0.8,2048,2x,3.09003905134,0.251658217664,6.1995184375,0.8,1
1e+19,heldout,184,power,0.8,2048,3x,3.09003905134,0.251658212493,6.1995185649,0.8,1
1e+19,heldout,184,power,0.8,2048,5x,3.09003905134,0.251658227802,6.19951818776,0.8,1
1e+19,heldout,184,power,0.8,2048,free,3.09003905134,0.251658212455,6.19951856584,0.8,1
1e+19,heldout,184,power,0.8,32768,1x,3.23742043424,0.184649381703,4.31403690283,0.8,1
1e+19,heldout,184,power,0.8,32768,2x,3.23742043424,0.18464939545,4.31403658165,0.8,1
1e+19,heldout,184,power,0.8,32768,3x,3.23742043424,0.184649374359,4.31403707441,0.8,1
1e+19,heldout,184,power,0.8,32768,5x,3.23742043424,0.184649386534,4.31403678995,0.8,1
1e+19,heldout,184,power,0.8,32768,free,3.23742043424,0.184649376994,4.31403701284,0.8,1
1e+19,heldout,184,logarithmic,0.2,2048,1x,3.20238024429,0.460752327213,1.80121629786,1,1
1e+19,heldout,184,logarithmic,0.2,2048,2x,3.20238024429,0.460752345578,1.80121625967,1,1
1e+19,heldout,184,logarithmic,0.2,2048,3x,3.20238024429,0.460752301892,1.80121635052,1,1
1e+19,heldout,184,logarithmic,0.2,2048,5x,3.20238024429,0.460752286574,1.80121638237,1,1
1e+19,heldout,184,logarithmic,0.2,2048,free,3.20238024429,0.460752301834,1.80121635063,1,1
1e+19,heldout,184,logarithmic,0.2,32768,1x,3.31573647724,0.300376690732,1.57001280737,1,1
1e+19,heldout,184,logarithmic,0.2,32768,2x,3.31573647724,0.300376683228,1.57001283059,1,1
1e+19,heldout,184,logarithmic,0.2,32768,3x,3.31573647724,0.300376690207,1.57001280899,1,1
1e+19,heldout,184,logarithmic,0.2,32768,5x,3.31573647724,0.300376696186,1.57001279049,1,1
1e+19,heldout,184,logarithmic,0.2,32768,free,3.31573647724,0.300376689371,1.57001281158,1,1
1e+19,heldout,184,logarithmic,0.8,2048,1x,3.04688007179,0.279833317505,4.55588955618,1,1
1e+19,heldout,184,logarithmic,0.8,2048,2x,3.04688007179,0.279833322923,4.55588948409,1,1
1e+19,heldout,184,logarithmic,0.8,2048,3x,3.04688007179,0.279833331164,4.55588937446,1,1
1e+19,heldout,184,logarithmic,0.8,2048,5x,3.04688007179,0.279833311825,4.55588963174,1,1
1e+19,heldout,184,logarithmic,0.8,2048,free,3.04688007179,0.279833322529,4.55588948933,1,1
1e+19,heldout,184,logarithmic,0.8,32768,1x,3.17965087769,0.194910537393,3.51102599233,1,1
1e+19,heldout,184,logarithmic,0.8,32768,2x,3.17965087769,0.194910536833,3.51102600099,1,1
1e+19,heldout,184,logarithmic,0.8,32768,3x,3.17965087769,0.194910536258,3.51102600988,1,1
1e+19,heldout,184,logarithmic,0.8,32768,5x,3.17965087769,0.194910531085,3.51102608994,1,1
1e+19,heldout,184,logarithmic,0.8,32768,free,3.17965087769,0.194910551437,3.51102577498,1,1
1e+19,heldout,199,exponential,0.2,2048,1x,3.19507070951,0.368420319621,3.11668539626,0.746281723177,1
1e+19,heldout,199,exponential,0.2,2048,2x,3.19507070951,0.368420318434,3.11668550569,0.746281703289,1
1e+19,heldout,199,exponential,0.2,2048,3x,3.19507070951,0.368420378967,3.11668481897,0.746281763678,1
1e+19,heldout,199,exponential,0.2,2048,5x,3.19507070951,0.368420306633,3.11668534269,0.746281749379,1
1e+19,heldout,199,exponential,0.2,2048,free,3.19507070951,0.368420439862,3.11668430447,0.746281790061,1
1e+19,heldout,199,exponential,0.2,32768,1x,3.32623049678,0.260217362281,2.2711465697,0.793638503705,1
1e+19,heldout,199,exponential,0.2,32768,2x,3.32623049678,0.260217615727,2.27114464751,0.793638581349,1
1e+19,heldout,199,exponential,0.2,32768,3x,3.32623049678,0.260217386334,2.27114631856,0.793638530056,1
1e+19,heldout,199,exponential,0.2,32768,5x,3.32623049678,0.260217406092,2.27114613187,0.793638546288,1
1e+19,heldout,199,exponential,0.2,32768,free,3.32623049678,0.260217360911,2.27114631521,0.793638576462,1
1e+19,heldout,199,exponential,0.8,2048,1x,3.08873842104,0.248082830053,6.28886634365,0.8,1
1e+19,heldout,199,exponential,0.8,2048,2x,3.08873842104,0.248082832593,6.28886627927,0.8,1
1e+19,heldout,199,exponential,0.8,2048,3x,3.08873842104,0.24808284181,6.28886604562,0.8,1
1e+19,heldout,199,exponential,0.8,2048,5x,3.08873842104,0.248082831382,6.28886630996,0.8,1
1e+19,heldout,199,exponential,0.8,2048,free,3.08873842104,0.248082860104,6.28886558186,0.8,1
1e+19,heldout,199,exponential,0.8,32768,1x,3.23553820207,0.182040803868,4.3758554666,0.8,1
1e+19,heldout,199,exponential,0.8,32768,2x,3.23553820207,0.182040803868,4.3758554666,0.8,1
1e+19,heldout,199,exponential,0.8,32768,3x,3.23553820207,0.182040803868,4.3758554666,0.8,1
1e+19,heldout,199,exponential,0.8,32768,5x,3.23553820207,0.182040804326,4.37585545558,0.8,1
1e+19,heldout,199,exponential,0.8,32768,free,3.23553820207,0.182040794785,4.37585568493,0.8,1
1e+19,heldout,199,power,0.2,2048,1x,3.23778182688,0.386907575933,2.99195100836,0.645928526539,1
1e+19,heldout,199,power,0.2,2048,2x,3.23778182688,0.386907530495,2.99195209257,0.645928355863,1
1e+19,heldout,199,power,0.2,2048,3x,3.23778182688,0.386907679949,2.99195101919,0.645928400599,1
1e+19,heldout,199,power,0.2,2048,5x,3.23778182688,0.386907547475,2.99195186268,0.645928383316,1
1e+19,heldout,199,power,0.2,2048,free,3.23778182688,0.386907532713,2.99195115622,0.64592854729,1
1e+19,heldout,199,power,0.2,32768,1x,3.37047447728,0.278582397996,2.07630087559,0.717759527901,1
1e+19,heldout,199,power,0.2,32768,2x,3.37047447728,0.278582424248,2.07630056356,0.71775958121,1
1e+19,heldout,199,power,0.2,32768,3x,3.37047447728,0.278582393132,2.07630087695,0.71775953573,1
1e+19,heldout,199,power,0.2,32768,5x,3.37047447728,0.278582389789,2.07630077637,0.717759572952,1
1e+19,heldout,199,power,0.2,32768,free,3.37047447728,0.278582433982,2.07630053911,0.717759572356,1
1e+19,heldout,199,power,0.8,2048,1x,3.08873842104,0.248082863304,6.28886550075,0.8,1
1e+19,heldout,199,power,0.8,2048,2x,3.08873842104,0.248082832593,6.28886627927,0.8,1
1e+19,heldout,199,power,0.8,2048,3x,3.08873842104,0.24808284181,6.28886604562,0.8,1
1e+19,heldout,199,power,0.8,2048,5x,3.08873842104,0.248082831382,6.28886630996,0.8,1
1e+19,heldout,199,power,0.8,2048,free,3.08873842104,0.248082860104,6.28886558186,0.8,1
1e+19,heldout,199,power,0.8,32768,1x,3.23553820207,0.182040803868,4.3758554666,0.8,1
1e+19,heldout,199,power,0.8,32768,2x,3.23553820207,0.182040803868,4.3758554666,0.8,1
1e+19,heldout,199,power,0.8,32768,3x,3.23553820207,0.182040803868,4.3758554666,0.8,1
1e+19,heldout,199,power,0.8,32768,5x,3.23553820207,0.182040804326,4.37585545558,0.8,1
1e+19,heldout,199,power,0.8,32768,free,3.23553820207,0.182040794785,4.37585568493,0.8,1
1e+19,heldout,199,logarithmic,0.2,2048,1x,3.20242856209,0.460755822199,1.80120903,1,1
1e+19,heldout,199,logarithmic,0.2,2048,2x,3.20242856209,0.460755817522,1.80120903973,1,1
1e+19,heldout,199,logarithmic,0.2,2048,3x,3.20242856209,0.460755812632,1.8012090499,1,1
1e+19,heldout,199,logarithmic,0.2,2048,5x,3.20242856209,0.460755832994,1.80120900755,1,1
1e+19,heldout,199,logarithmic,0.2,2048,free,3.20242856209,0.460755827506,1.80120901897,1,1
1e+19,heldout,199,logarithmic,0.2,32768,1x,3.31578724375,0.300375882918,1.57001530706,1,1
1e+19,heldout,199,logarithmic,0.2,32768,2x,3.31578724375,0.300375880774,1.5700153137,1,1
1e+19,heldout,199,logarithmic,0.2,32768,3x,3.31578724375,0.300375868953,1.57001535028,1,1
1e+19,heldout,199,logarithmic,0.2,32768,5x,3.31578724375,0.300375890958,1.57001528218,1,1
1e+19,heldout,199,logarithmic,0.2,32768,free,3.31578724375,0.300375860441,1.57001537662,1,1
1e+19,heldout,199,logarithmic,0.8,2048,1x,3.04692316535,0.279824605079,4.55600546793,1,1
1e+19,heldout,199,logarithmic,0.8,2048,2x,3.04692316535,0.279824594605,4.55600560727,1,1
1e+19,heldout,199,logarithmic,0.8,2048,3x,3.04692316535,0.279824608148,4.55600542709,1,1
1e+19,heldout,199,logarithmic,0.8,2048,5x,3.04692316535,0.279824610757,4.55600539238,1,1
1e+19,heldout,199,logarithmic,0.8,2048,free,3.04692316535,0.279824599582,4.55600554106,1,1
1e+19,heldout,199,logarithmic,0.8,32768,1x,3.17969680694,0.194902666132,3.51114780591,1,1
1e+19,heldout,199,logarithmic,0.8,32768,2x,3.17969680694,0.194902676966,3.51114763824,1,1
1e+19,heldout,199,logarithmic,0.8,32768,3x,3.17969680694,0.1949026613,3.51114788069,1,1
1e+19,heldout,199,logarithmic,0.8,32768,5x,3.17969680694,0.194902663906,3.51114784036,1,1
1e+19,heldout,199,logarithmic,0.8,32768,free,3.17969680694,0.194902672133,3.51114771304,1,1
1e+22,train,172,exponential,0.2,2048,1x,2.15114459531,5.65229167699,248.570622608,1,1
1e+22,train,172,exponential,0.2,2048,2x,2.15114459531,5.65229189272,248.570614064,1,1
1e+22,train,172,exponential,0.2,2048,3x,2.15114459531,5.65229163204,248.570624388,1,1
1e+22,train,172,exponential,0.2,2048,5x,2.15114459531,5.65229262117,248.570585215,1,1
1e+22,train,172,exponential,0.2,2048,free,2.15114459531,5.6522925234,248.570589087,1,1
1e+22,train,172,exponential,0.2,32768,1x,2.19871672594,4.03586562287,182.929965461,1,1
1e+22,train,172,exponential,0.2,32768,2x,2.19871672594,4.03586582239,182.92995708,1,1
1e+22,train,172,exponential,0.2,32768,3x,2.19871672594,4.03586511515,182.92998679,1,1
1e+22,train,172,exponential,0.2,32768,5x,2.19871672594,4.03586568678,182.929962776,1,1
1e+22,train,172,exponential,0.2,32768,free,2.19871672594,4.03586547353,182.929971735,1,1
1e+22,train,172,exponential,0.8,2048,1x,2.14891956058,5.47470219277,263.783791654,1,1
1e+22,train,172,exponential,0.8,2048,2x,2.14891956058,5.47470255025,263.783775711,1,1
1e+22,train,172,exponential,0.8,2048,3x,2.14891956058,5.47470285159,263.783762271,1,1
1e+22,train,172,exponential,0.8,2048,5x,2.14891956058,5.47470277222,263.783765811,1,1
1e+22,train,172,exponential,0.8,2048,free,2.14891956058,5.47470176459,263.78381075,1,1
1e+22,train,172,exponential,0.8,32768,1x,2.19694193247,3.94050736848,191.253089448,1,1
1e+22,train,172,exponential,0.8,32768,2x,2.19694193247,3.94050726946,191.253093995,1,1
1e+22,train,172,exponential,0.8,32768,3x,2.19694193247,3.94050667039,191.253121503,1,1
1e+22,train,172,exponential,0.8,32768,5x,2.19694193247,3.94050708367,191.253102526,1,1
1e+22,train,172,exponential,0.8,32768,free,2.19694193247,3.94050664874,191.253122497,1,1
1e+22,train,172,power,0.2,2048,1x,2.15294065575,5.79430488571,237.353921919,1,1
1e+22,train,172,power,0.2,2048,2x,2.15294065575,5.79430509222,237.353914462,1,1
1e+22,train,172,power,0.2,2048,3x,2.15294065575,5.79430496583,237.353919026,1,1
1e+22,train,172,power,0.2,2048,5x,2.15294065575,5.79430403928,237.353952483,1,1
1e+22,train,172,power,0.2,2048,free,2.15294065575,5.79430522199,237.353909776,1,1
1e+22,train,172,power,0.2,32768,1x,2.20016270245,4.11293166007,176.603251909,1,1
1e+22,train,172,power,0.2,32768,2x,2.20016270245,4.11293225671,176.603228549,1,1
1e+22,train,172,power,0.2,32768,3x,2.20016270245,4.11293229817,176.603226925,1,1
1e+22,train,172,power,0.2,32768,5x,2.20016270245,4.1129315492,176.60325625,1,1
1e+22,train,172,power,0.2,32768,free,2.20016270245,4.11293169392,176.603250584,1,1
1e+22,train,172,power,0.8,2048,1x,2.14917442511,5.49514692391,261.96050276,1,1
1e+22,train,172,power,0.8,2048,2x,2.14917442511,5.49514696006,261.96050117,1,1
1e+22,train,172,power,0.8,2048,3x,2.14917442511,5.49514696006,261.96050117,1,1
1e+22,train,172,power,0.8,2048,5x,2.14917442511,5.49514696006,261.96050117,1,1
1e+22,train,172,power,0.8,2048,free,2.14917442511,5.49514734569,261.960484208,1,1
1e+22,train,172,power,0.8,32768,1x,2.1971442468,3.95142356786,190.271093092,1,1
1e+22,train,172,power,0.8,32768,2x,2.1971442468,3.95142300663,190.271118598,1,1
1e+22,train,172,power,0.8,32768,3x,2.1971442468,3.95142286659,190.271124963,1,1
1e+22,train,172,power,0.8,32768,5x,2.1971442468,3.95142356104,190.271093401,1,1
1e+22,train,172,power,0.8,32768,free,2.1971442468,3.95142286888,190.271124859,1,1
1e+22,train,172,logarithmic,0.2,2048,1x,2.1484933667,5.44044961121,266.882508456,1,1
1e+22,train,172,logarithmic,0.2,2048,2x,2.1484933667,5.44045011751,266.882485341,1,1
1e+22,train,172,logarithmic,0.2,2048,3x,2.1484933667,5.44045002329,266.882489643,1,1
1e+22,train,172,logarithmic,0.2,2048,5x,2.1484933667,5.44044977704,266.882500885,1,1
1e+22,train,172,logarithmic,0.2,2048,free,2.1484933667,5.44044962364,266.882507888,1,1
1e+22,train,172,logarithmic,0.2,32768,1x,2.19660420182,3.9222567635,192.912366942,1,1
1e+22,train,172,logarithmic,0.2,32768,2x,2.19660420182,3.92225666208,192.91237168,1,1
1e+22,train,172,logarithmic,0.2,32768,3x,2.19660420182,3.92225664888,192.912372297,1,1
1e+22,train,172,logarithmic,0.2,32768,5x,2.19660420182,3.92225665684,192.912371925,1,1
1e+22,train,172,logarithmic,0.2,32768,free,2.19660420182,3.92225616364,192.912394966,1,1
1e+22,train,172,logarithmic,0.8,2048,1x,2.14403671982,5.13977238412,299.892999999,1,1
1e+22,train,172,logarithmic,0.8,2048,2x,2.1440333724,5.07642661855,303.589593764,1,1
1e+22,train,172,logarithmic,0.8,2048,3x,2.1440333724,5.07642640685,303.58960627,1,1
1e+22,train,172,logarithmic,0.8,2048,5x,2.1440333724,5.07642650354,303.589600558,1,1
1e+22,train,172,logarithmic,0.8,2048,free,2.1440333724,5.07642608565,303.589625245,1,1
1e+22,train,172,logarithmic,0.8,32768,1x,2.1931175951,3.73157863312,211.657740397,1,1
1e+22,train,172,logarithmic,0.8,32768,2x,2.1931175951,3.73157862035,211.657741115,1,1
1e+22,train,172,logarithmic,0.8,32768,3x,2.1931175951,3.7315788498,211.657728211,1,1
1e+22,train,172,logarithmic,0.8,32768,5x,2.1931175951,3.73157860676,211.657741879,1,1
1e+22,train,172,logarithmic,0.8,32768,free,2.1931175951,3.7315785984,211.657742349,1,1
1e+22,train,124,exponential,0.2,2048,1x,2.15115629526,5.65396353211,248.504429389,1,1
1e+22,train,124,exponential,0.2,2048,2x,2.15115629526,5.65396366095,248.504424289,1,1
1e+22,train,124,exponential,0.2,2048,3x,2.15115629526,5.65396365661,248.504424461,1,1
1e+22,train,124,exponential,0.2,2048,5x,2.15115629526,5.65396438978,248.504395441,1,1
1e+22,train,124,exponential,0.2,2048,free,2.15115629526,5.65396423774,248.504401459,1,1
1e+22,train,124,exponential,0.2,32768,1x,2.1987248785,4.03688360945,182.887211286,1,1
1e+22,train,124,exponential,0.2,32768,2x,2.1987248785,4.03688380528,182.887203064,1,1
1e+22,train,124,exponential,0.2,32768,3x,2.1987248785,4.03688343039,182.887218805,1,1
1e+22,train,124,exponential,0.2,32768,5x,2.1987248785,4.0368841893,182.887186939,1,1
1e+22,train,124,exponential,0.2,32768,free,2.1987248785,4.03688408701,182.887191234,1,1
1e+22,train,124,exponential,0.8,2048,1x,2.14893209288,5.47637211641,263.709335405,1,1
1e+22,train,124,exponential,0.8,2048,2x,2.14893209288,5.47637116259,263.709377921,1,1
1e+22,train,124,exponential,0.8,2048,3x,2.14893209288,5.47637219158,263.709332055,1,1
1e+22,train,124,exponential,0.8,2048,5x,2.14893209288,5.4763721102,263.709335682,1,1
1e+22,train,124,exponential,0.8,2048,free,2.14893209288,5.47637153147,263.709361478,1,1
1e+22,train,124,exponential,0.8,32768,1x,2.19695067842,3.94152592774,191.206330437,1,1
1e+22,train,124,exponential,0.8,32768,2x,2.19695067842,3.94152610766,191.20632218,1,1
1e+22,train,124,exponential,0.8,32768,3x,2.19695067842,3.94152620695,191.206317623,1,1
1e+22,train,124,exponential,0.8,32768,5x,2.19695067842,3.94152602781,191.206325844,1,1
1e+22,train,124,exponential,0.8,32768,free,2.19695067842,3.94152627151,191.206314659,1,1
1e+22,train,124,power,0.2,2048,1x,2.15295170583,5.795979779,237.29345745,1,1
1e+22,train,124,power,0.2,2048,2x,2.15295170583,5.79597959736,237.293464005,1,1
1e+22,train,124,power,0.2,2048,3x,2.15295170583,5.79597943185,237.293469979,1,1
1e+22,train,124,power,0.2,2048,5x,2.15295170583,5.79598003317,237.293448277,1,1
1e+22,train,124,power,0.2,2048,free,2.15295170583,5.79598000229,237.293449391,1,1
1e+22,train,124,power,0.2,32768,1x,2.200170384,4.11395084428,176.563356745,1,1
1e+22,train,124,power,0.2,32768,2x,2.200170384,4.11395032372,176.563377118,1,1
1e+22,train,124,power,0.2,32768,3x,2.200170384,4.11395025212,176.56337992,1,1
1e+22,train,124,power,0.2,32768,5x,2.200170384,4.11395021227,176.563381479,1,1
1e+22,train,124,power,0.2,32768,free,2.200170384,4.11395050443,176.563370046,1,1
1e+22,train,124,power,0.8,2048,1x,2.14918686045,5.49681683924,261.887072468,1,1
1e+22,train,124,power,0.8,2048,2x,2.14918686045,5.4968168488,261.887072047,1,1
1e+22,train,124,power,0.8,2048,3x,2.14918686045,5.49681690526,261.887069566,1,1
1e+22,train,124,power,0.8,2048,5x,2.14918686045,5.49681656091,261.887084703,1,1
1e+22,train,124,power,0.8,2048,free,2.14918686045,5.49681656552,261.8870845,1,1
1e+22,train,124,power,0.8,32768,1x,2.19715292421,3.95244191752,190.224822483,1,1
1e+22,train,124,power,0.8,32768,2x,2.19715292421,3.9524421285,190.224812899,1,1
1e+22,train,124,power,0.8,32768,3x,2.19715292421,3.95244220376,190.224809481,1,1
1e+22,train,124,power,0.8,32768,5x,2.19715292421,3.95244228435,190.22480582,1,1
1e+22,train,124,power,0.8,32768,free,2.19715292421,3.9524421299,190.224812836,1,1
1e+22,train,124,logarithmic,0.2,2048,1x,2.14850606212,5.44211826994,266.806350597,1,1
1e+22,train,124,logarithmic,0.2,2048,2x,2.14850606212,5.44211944386,266.806297034,1,1
1e+22,train,124,logarithmic,0.2,2048,3x,2.14850606212,5.44211949088,266.806294889,1,1
1e+22,train,124,logarithmic,0.2,2048,5x,2.14850606212,5.44211870951,266.80633054,1,1
1e+22,train,124,logarithmic,0.2,2048,free,2.14850606212,5.44211922577,266.806306985,1,1
1e+22,train,124,logarithmic,0.2,32768,1x,2.1966130627,3.92327537555,192.864790702,1,1
1e+22,train,124,logarithmic,0.2,32768,2x,2.1966130627,3.92327537366,192.86479079,1,1
1e+22,train,124,logarithmic,0.2,32768,3x,2.1966130627,3.92327594456,192.864764131,1,1
1e+22,train,124,logarithmic,0.2,32768,5x,2.1966130627,3.923275418,192.86478872,1,1
1e+22,train,124,logarithmic,0.2,32768,free,2.1966130627,3.92327540723,192.864789223,1,1
1e+22,train,124,logarithmic,0.8,2048,1x,2.14405102739,5.13977238421,299.892999994,1,1
1e+22,train,124,logarithmic,0.8,2048,2x,2.14404785591,5.07810074106,303.490726965,1,1
1e+22,train,124,logarithmic,0.8,2048,3x,2.14404785591,5.07810015567,303.490761525,1,1
1e+22,train,124,logarithmic,0.8,2048,5x,2.14404785591,5.07810044858,303.490744232,1,1
1e+22,train,124,logarithmic,0.8,2048,free,2.14404785591,5.0781004364,303.490744951,1,1
1e+22,train,124,logarithmic,0.8,32768,1x,2.19312768381,3.73260224669,211.600189178,1,1
1e+22,train,124,logarithmic,0.8,32768,2x,2.19312768381,3.73260289597,211.600152683,1,1
1e+22,train,124,logarithmic,0.8,32768,3x,2.19312768381,3.73260223514,211.600189826,1,1
1e+22,train,124,logarithmic,0.8,32768,5x,2.19312768381,3.73260275344,211.600160694,1,1
1e+22,train,124,logarithmic,0.8,32768,free,2.19312768381,3.73260272926,211.600162053,1,1
1e+22,train,88,exponential,0.2,2048,1x,2.15115304722,5.65432387707,248.490166985,1,1
1e+22,train,88,exponential,0.2,2048,2x,2.15115304722,5.65432459012,248.490138765,1,1
1e+22,train,88,exponential,0.2,2048,3x,2.15115304722,5.65432510449,248.490118407,1,1
1e+22,train,88,exponential,0.2,2048,5x,2.15115304722,5.65432487187,248.490127614,1,1
1e+22,train,88,exponential,0.2,2048,free,2.15115304722,5.65432497758,248.49012343,1,1
1e+22,train,88,exponential,0.2,32768,1x,2.19872665256,4.03707358443,182.879234785,1,1
1e+22,train,88,exponential,0.2,32768,2x,2.19872665256,4.03707360968,182.879233725,1,1
1e+22,train,88,exponential,0.2,32768,3x,2.19872665256,4.03707297022,182.879260573,1,1
1e+22,train,88,exponential,0.2,32768,5x,2.19872665256,4.03707358109,182.879234925,1,1
1e+22,train,88,exponential,0.2,32768,free,2.19872665256,4.03707408997,182.87921356,1,1
1e+22,train,88,exponential,0.8,2048,1x,2.14892874042,5.47671425035,263.694085997,1,1
1e+22,train,88,exponential,0.8,2048,2x,2.14892874042,5.47671406752,263.694094146,1,1
1e+22,train,88,exponential,0.8,2048,3x,2.14892874042,5.47671371156,263.694110011,1,1
1e+22,train,88,exponential,0.8,2048,5x,2.14892874042,5.47671412445,263.694091609,1,1
1e+22,train,88,exponential,0.8,2048,free,2.14892874042,5.476714124,263.694091628,1,1
1e+22,train,88,exponential,0.8,32768,1x,2.19695235632,3.94170636604,191.198049438,1,1
1e+22,train,88,exponential,0.8,32768,2x,2.19695235632,3.94170617763,191.198058084,1,1
1e+22,train,88,exponential,0.8,32768,3x,2.19695235632,3.94170593739,191.198069109,1,1
1e+22,train,88,exponential,0.8,32768,5x,2.19695235632,3.94170617732,191.198058099,1,1
1e+22,train,88,exponential,0.8,32768,free,2.19695235632,3.94170586387,191.198072484,1,1
1e+22,train,88,power,0.2,2048,1x,2.15294854162,5.79635566503,237.279892012,1,1
1e+22,train,88,power,0.2,2048,2x,2.15294854162,5.79635580602,237.279886924,1,1
1e+22,train,88,power,0.2,2048,3x,2.15294854162,5.79635501577,237.279915442,1,1
1e+22,train,88,power,0.2,2048,5x,2.15294854162,5.79635486134,237.279921015,1,1
1e+22,train,88,power,0.2,2048,free,2.15294854162,5.79635563191,237.279893207,1,1
1e+22,train,88,power,0.2,32768,1x,2.20017223555,4.11414757835,176.555657821,1,1
1e+22,train,88,power,0.2,32768,2x,2.20017223555,4.11414819036,176.555633872,1,1
1e+22,train,88,power,0.2,32768,3x,2.20017223555,4.11414773734,176.555651599,1,1
1e+22,train,88,power,0.2,32768,5x,2.20017223555,4.11414830781,176.555629276,1,1
1e+22,train,88,power,0.2,32768,free,2.20017223555,4.11414826819,176.555630826,1,1
1e+22,train,88,power,0.8,2048,1x,2.14918351998,5.49716098271,261.871944747,1,1
1e+22,train,88,power,0.8,2048,2x,2.14918351998,5.49716069256,261.871957501,1,1
1e+22,train,88,power,0.8,2048,3x,2.14918351998,5.49716112091,261.871938672,1,1
1e+22,train,88,power,0.8,2048,5x,2.14918351998,5.49716071475,261.871956525,1,1
1e+22,train,88,power,0.8,2048,free,2.14918351998,5.4971612853,261.871931447,1,1
1e+22,train,88,power,0.8,32768,1x,2.19715461313,3.95262329159,190.216583776,1,1
1e+22,train,88,power,0.8,32768,2x,2.19715461313,3.95262367746,190.21656625,1,1
1e+22,train,88,power,0.8,32768,3x,2.19715461313,3.95262283947,190.216604313,1,1
1e+22,train,88,power,0.8,32768,5x,2.19715461313,3.95262353154,190.216572878,1,1
1e+22,train,88,power,0.8,32768,free,2.19715461313,3.95262369238,190.216565572,1,1
1e+22,train,88,logarithmic,0.2,2048,1x,2.14850268959,5.44245761934,266.790867952,1,1
1e+22,train,88,logarithmic,0.2,2048,2x,2.14850268959,5.44245788281,266.790855932,1,1
1e+22,train,88,logarithmic,0.2,2048,3x,2.14850268959,5.44245748553,266.790874057,1,1
1e+22,train,88,logarithmic,0.2,2048,5x,2.14850268959,5.44245796986,266.790851961,1,1
1e+22,train,88,logarithmic,0.2,2048,free,2.14850268959,5.44245762739,266.790867585,1,1
1e+22,train,88,logarithmic,0.2,32768,1x,2.19661472216,3.92345407936,192.856446415,1,1
1e+22,train,88,logarithmic,0.2,32768,2x,2.19661472216,3.92345399012,192.856450582,1,1
1e+22,train,88,logarithmic,0.2,32768,3x,2.19661472216,3.92345399227,192.856450482,1,1
1e+22,train,88,logarithmic,0.2,32768,5x,2.19661472216,3.92345348732,192.856474059,1,1
1e+22,train,88,logarithmic,0.2,32768,free,2.19661472216,3.92345408142,192.856446319,1,1
1e+22,train,88,logarithmic,0.8,2048,1x,2.14404741196,5.1397723894,299.892999695,1,1
1e+22,train,88,logarithmic,0.8,2048,2x,2.14404427149,5.07840081445,303.473012668,1,1
1e+22,train,88,logarithmic,0.8,2048,3x,2.14404427149,5.07840160426,303.472966046,1,1
1e+22,train,88,logarithmic,0.8,2048,5x,2.14404427149,5.07840144334,303.472975545,1,1
1e+22,train,88,logarithmic,0.8,2048,free,2.14404427149,5.07840159141,303.472966805,1,1
1e+22,train,88,logarithmic,0.8,32768,1x,2.19312914997,3.73276101517,211.591265449,1,1
1e+22,train,88,logarithmic,0.8,32768,2x,2.19312914997,3.73276107986,211.591261813,1,1
1e+22,train,88,logarithmic,0.8,32768,3x,2.19312914997,3.73276092346,211.591270603,1,1
1e+22,train,88,logarithmic,0.8,32768,5x,2.19312914997,3.73276115952,211.591257336,1,1
1e+22,train,88,logarithmic,0.8,32768,free,2.19312914997,3.73276074316,211.591280737,1,1
1e+22,heldout,8,exponential,0.2,2048,1x,2.1511554987,5.65435547732,248.48891633,1,1
1e+22,heldout,8,exponential,0.2,2048,2x,2.1511554987,5.65435590651,248.488899344,1,1
1e+22,heldout,8,exponential,0.2,2048,3x,2.1511554987,5.65435618042,248.488888503,1,1
1e+22,heldout,8,exponential,0.2,2048,5x,2.1511554987,5.65435566459,248.488908918,1,1
1e+22,heldout,8,exponential,0.2,2048,free,2.1511554987,5.65435634617,248.488881943,1,1
1e+22,heldout,8,exponential,0.2,32768,1x,2.19873122399,4.03709138188,182.878487557,1,1
1e+22,heldout,8,exponential,0.2,32768,2x,2.19873122399,4.03709138188,182.878487557,1,1
1e+22,heldout,8,exponential,0.2,32768,3x,2.19873122399,4.03709178364,182.878470689,1,1
1e+22,heldout,8,exponential,0.2,32768,5x,2.19873122399,4.03709178364,182.878470689,1,1
1e+22,heldout,8,exponential,0.2,32768,free,2.19873122399,4.03709161348,182.878477833,1,1
1e+22,heldout,8,exponential,0.8,2048,1x,2.14893109436,5.47673014116,263.693377764,1,1
1e+22,heldout,8,exponential,0.8,2048,2x,2.14893109436,5.47672956619,263.693403389,1,1
1e+22,heldout,8,exponential,0.8,2048,3x,2.14893109436,5.47673021913,263.693374289,1,1
1e+22,heldout,8,exponential,0.8,2048,5x,2.14893109436,5.47672929302,263.693415564,1,1
1e+22,heldout,8,exponential,0.8,2048,free,2.14893109436,5.47673039543,263.693366431,1,1
1e+22,heldout,8,exponential,0.8,32768,1x,2.1969568606,3.94171566772,191.197622568,1,1
1e+22,heldout,8,exponential,0.8,32768,2x,2.1969568606,3.94171566772,191.197622568,1,1
1e+22,heldout,8,exponential,0.8,32768,3x,2.1969568606,3.94171566772,191.197622568,1,1
1e+22,heldout,8,exponential,0.8,32768,5x,2.1969568606,3.94171566772,191.197622568,1,1
1e+22,heldout,8,exponential,0.8,32768,free,2.1969568606,3.94171605311,191.197604882,1,1
1e+22,heldout,8,power,0.2,2048,1x,2.15295106736,5.79639887041,237.278332862,1,1
1e+22,heldout,8,power,0.2,2048,2x,2.15295106736,5.79639887041,237.278332862,1,1
1e+22,heldout,8,power,0.2,2048,3x,2.15295106736,5.79639887041,237.278332862,1,1
1e+22,heldout,8,power,0.2,2048,5x,2.15295106736,5.79639894493,237.278330173,1,1
1e+22,heldout,8,power,0.2,2048,free,2.15295106736,5.7963988268,237.278334436,1,1
1e+22,heldout,8,power,0.2,32768,1x,2.20017685884,4.11417302954,176.554661872,1,1
1e+22,heldout,8,power,0.2,32768,2x,2.20017685884,4.1141729011,176.554666897,1,1
1e+22,heldout,8,power,0.2,32768,3x,2.20017685884,4.11417286954,176.554668132,1,1
1e+22,heldout,8,power,0.2,32768,5x,2.20017685884,4.11417304567,176.55466124,1,1
1e+22,heldout,8,power,0.2,32768,free,2.20017685884,4.11417306083,176.554660647,1,1
1e+22,heldout,8,power,0.8,2048,1x,2.14918588542,5.4971792644,261.871141177,1,1
1e+22,heldout,8,power,0.8,2048,2x,2.14918588542,5.49717839736,261.871179287,1,1
1e+22,heldout,8,power,0.8,2048,3x,2.14918588542,5.49717932771,261.871138394,1,1
1e+22,heldout,8,power,0.8,2048,5x,2.14918588542,5.49717822072,261.871187052,1,1
1e+22,heldout,8,power,0.8,2048,free,2.14918588542,5.49717933881,261.871137906,1,1
1e+22,heldout,8,power,0.8,32768,1x,2.19715912528,3.9526342148,190.216087625,1,1
1e+22,heldout,8,power,0.8,32768,2x,2.19715912528,3.95263411221,190.216092285,1,1
1e+22,heldout,8,power,0.8,32768,3x,2.19715912528,3.95263362939,190.216114215,1,1
1e+22,heldout,8,power,0.8,32768,5x,2.19715912528,3.9526340914,190.21609323,1,1
1e+22,heldout,8,power,0.8,32768,free,2.19715912528,3.95263377584,190.216107563,1,1
1e+22,heldout,8,logarithmic,0.2,2048,1x,2.14850502409,5.44247024582,266.79029191,1,1
1e+22,heldout,8,logarithmic,0.2,2048,2x,2.14850502409,5.44247024582,266.79029191,1,1
1e+22,heldout,8,logarithmic,0.2,2048,3x,2.14850502409,5.4424703257,266.790288266,1,1
1e+22,heldout,8,logarithmic,0.2,2048,5x,2.14850502409,5.44247024582,266.79029191,1,1
1e+22,heldout,8,logarithmic,0.2,2048,free,2.14850502409,5.44247065404,266.790273287,1,1
1e+22,heldout,8,logarithmic,0.2,32768,1x,2.19661921321,3.92346195963,192.856078475,1,1
1e+22,heldout,8,logarithmic,0.2,32768,2x,2.19661921321,3.92346189424,192.856081529,1,1
1e+22,heldout,8,logarithmic,0.2,32768,3x,2.19661921321,3.92346206492,192.856073559,1,1
1e+22,heldout,8,logarithmic,0.2,32768,5x,2.19661921321,3.92346156024,192.856097123,1,1
1e+22,heldout,8,logarithmic,0.2,32768,free,2.19661921321,3.92346157034,192.856096652,1,1
1e+22,heldout,8,logarithmic,0.8,2048,1x,2.14404952869,5.13977239138,299.892999581,1,1
1e+22,heldout,8,logarithmic,0.8,2048,2x,2.14404638618,5.07838058878,303.47420659,1,1
1e+22,heldout,8,logarithmic,0.8,2048,3x,2.14404638618,5.07838107796,303.474177713,1,1
1e+22,heldout,8,logarithmic,0.8,2048,5x,2.14404638618,5.07838108561,303.474177262,1,1
1e+22,heldout,8,logarithmic,0.8,2048,free,2.14404638618,5.07838099136,303.474182825,1,1
1e+22,heldout,8,logarithmic,0.8,32768,1x,2.19313349491,3.73275123512,211.591815124,1,1
1e+22,heldout,8,logarithmic,0.8,32768,2x,2.19313349491,3.7327512359,211.59181508,1,1
1e+22,heldout,8,logarithmic,0.8,32768,3x,2.19313349491,3.73275122387,211.591815756,1,1
1e+22,heldout,8,logarithmic,0.8,32768,5x,2.19313349491,3.73275107002,211.591824403,1,1
1e+22,heldout,8,logarithmic,0.8,32768,free,2.19313349491,3.73275110438,211.591822472,1,1
1e+22,heldout,12,exponential,0.2,2048,1x,2.15115655117,5.65530733892,248.451250032,1,1
1e+22,heldout,12,exponential,0.2,2048,2x,2.15115655117,5.65530742382,248.451246672,1,1
1e+22,heldout,12,exponential,0.2,2048,3x,2.15115655117,5.65530728638,248.45125211,1,1
1e+22,heldout,12,exponential,0.2,2048,5x,2.15115655117,5.65530731957,248.451250797,1,1
1e+22,heldout,12,exponential,0.2,2048,free,2.15115655117,5.65530720635,248.451255277,1,1
1e+22,heldout,12,exponential,0.2,32768,1x,2.19872436284,4.03776873503,182.850053348,1,1
1e+22,heldout,12,exponential,0.2,32768,2x,2.19872436284,4.03776845257,182.850065204,1,1
1e+22,heldout,12,exponential,0.2,32768,3x,2.19872436284,4.03776839286,182.85006771,1,1
1e+22,heldout,12,exponential,0.2,32768,5x,2.19872436284,4.03776904412,182.850040375,1,1
1e+22,heldout,12,exponential,0.2,32768,free,2.19872436284,4.03776913384,182.850036609,1,1
1e+22,heldout,12,exponential,0.8,2048,1x,2.1489329242,5.477716923,263.649405574,1,1
1e+22,heldout,12,exponential,0.8,2048,2x,2.1489329242,5.47771622408,263.649436713,1,1
1e+22,heldout,12,exponential,0.8,2048,3x,2.1489329242,5.47771739874,263.649384378,1,1
1e+22,heldout,12,exponential,0.8,2048,5x,2.1489329242,5.47771728125,263.649389612,1,1
1e+22,heldout,12,exponential,0.8,2048,free,2.1489329242,5.47771704394,263.649400185,1,1
1e+22,heldout,12,exponential,0.8,32768,1x,2.1969505885,3.9424134395,191.165606062,1,1
1e+22,heldout,12,exponential,0.8,32768,2x,2.1969505885,3.94241373338,191.16559258,1,1
1e+22,heldout,12,exponential,0.8,32768,3x,2.1969505885,3.94241341178,191.165607334,1,1
1e+22,heldout,12,exponential,0.8,32768,5x,2.1969505885,3.94241373314,191.165592591,1,1
1e+22,heldout,12,exponential,0.8,32768,free,2.1969505885,3.94241365991,191.16559595,1,1
1e+22,heldout,12,power,0.2,2048,1x,2.15295151509,5.79732169332,237.245035908,1,1
1e+22,heldout,12,power,0.2,2048,2x,2.15295151509,5.79732166352,237.245036983,1,1
1e+22,heldout,12,power,0.2,2048,3x,2.15295151509,5.79732236276,237.245011757,1,1
1e+22,heldout,12,power,0.2,2048,5x,2.15295151509,5.79732175678,237.245033618,1,1
1e+22,heldout,12,power,0.2,2048,free,2.15295151509,5.79732257261,237.245004186,1,1
1e+22,heldout,12,power,0.2,32768,1x,2.20016953217,4.11483429639,176.52878929,1,1
1e+22,heldout,12,power,0.2,32768,2x,2.20016953217,4.11483402572,176.528799878,1,1
1e+22,heldout,12,power,0.2,32768,3x,2.20016953217,4.11483374534,176.528810847,1,1
1e+22,heldout,12,power,0.2,32768,5x,2.20016953217,4.11483366673,176.528813922,1,1
1e+22,heldout,12,power,0.2,32768,free,2.20016953217,4.11483444829,176.528783347,1,1
1e+22,heldout,12,power,0.8,2048,1x,2.14918762454,5.49816183602,261.827959569,1,1
1e+22,heldout,12,power,0.8,2048,2x,2.14918762454,5.49816170583,261.82796529,1,1
1e+22,heldout,12,power,0.8,2048,3x,2.14918762454,5.49816193721,261.827955123,1,1
1e+22,heldout,12,power,0.8,2048,5x,2.14918762454,5.49816100018,261.827996296,1,1
1e+22,heldout,12,power,0.8,2048,free,2.14918762454,5.49816170424,261.82796536,1,1
1e+22,heldout,12,power,0.8,32768,1x,2.197152785,3.95332944311,190.184514459,1,1
1e+22,heldout,12,power,0.8,32768,2x,2.197152785,3.95332942478,190.184515291,1,1
1e+22,heldout,12,power,0.8,32768,3x,2.197152785,3.9533290401,190.184532759,1,1
1e+22,heldout,12,power,0.8,32768,5x,2.197152785,3.95332942107,190.18451546,1,1
1e+22,heldout,12,power,0.8,32768,free,2.197152785,3.95332942775,190.184515156,1,1
1e+22,heldout,12,logarithmic,0.2,2048,1x,2.14850700666,5.443465015,266.744916619,1,1
1e+22,heldout,12,logarithmic,0.2,2048,2x,2.14850700666,5.443465015,266.744916619,1,1
1e+22,heldout,12,logarithmic,0.2,2048,3x,2.14850700666,5.443465015,266.744916619,1,1
1e+22,heldout,12,logarithmic,0.2,2048,5x,2.14850700666,5.443465015,266.744916619,1,1
1e+22,heldout,12,logarithmic,0.2,2048,free,2.14850700666,5.44346488552,266.744922525,1,1
1e+22,heldout,12,logarithmic,0.2,32768,1x,2.19661305553,3.9241641607,192.823297444,1,1
1e+22,heldout,12,logarithmic,0.2,32768,2x,2.19661305553,3.92416341689,192.823332162,1,1
1e+22,heldout,12,logarithmic,0.2,32768,3x,2.19661305553,3.92416377191,192.823315591,1,1
1e+22,heldout,12,logarithmic,0.2,32768,5x,2.19661305553,3.92416379537,192.823314496,1,1
1e+22,heldout,12,logarithmic,0.2,32768,free,2.19661305553,3.92416405283,192.823302479,1,1
1e+22,heldout,12,logarithmic,0.8,2048,1x,2.14405308379,5.13977238452,299.892999976,1,1
1e+22,heldout,12,logarithmic,0.8,2048,2x,2.14405005132,5.07945898561,303.410561924,1,1
1e+22,heldout,12,logarithmic,0.8,2048,3x,2.14405005132,5.07945864668,303.410581923,1,1
1e+22,heldout,12,logarithmic,0.8,2048,5x,2.14405005132,5.07945798067,303.410621221,1,1
1e+22,heldout,12,logarithmic,0.8,2048,free,2.14405005132,5.07945907548,303.410556621,1,1
1e+22,heldout,12,logarithmic,0.8,32768,1x,2.19312856673,3.73349840116,211.549829853,1,1
1e+22,heldout,12,logarithmic,0.8,32768,2x,2.19312856673,3.73349868537,211.549813886,1,1
1e+22,heldout,12,logarithmic,0.8,32768,3x,2.19312856673,3.73349884046,211.549805173,1,1
1e+22,heldout,12,logarithmic,0.8,32768,5x,2.19312856673,3.73349876355,211.549809494,1,1
1e+22,heldout,12,logarithmic,0.8,32768,free,2.19312856673,3.73349837048,211.549831577,1,1
1e+22,heldout,13,exponential,0.2,2048,1x,2.15114298462,5.65306115721,248.540152447,1,1
1e+22,heldout,13,exponential,0.2,2048,2x,2.15114298462,5.65306143001,248.540141646,1,1
1e+22,heldout,13,exponential,0.2,2048,3x,2.15114298462,5.65306190154,248.540122976,1,1
1e+22,heldout,13,exponential,0.2,2048,5x,2.15114298462,5.65306184985,248.540125023,1,1
1e+22,heldout,13,exponential,0.2,2048,free,2.15114298462,5.6530617191,248.5401302,1,1
1e+22,heldout,13,exponential,0.2,32768,1x,2.19871370703,4.03634998953,182.909620169,1,1
1e+22,heldout,13,exponential,0.2,32768,2x,2.19871370703,4.03634999706,182.909619853,1,1
1e+22,heldout,13,exponential,0.2,32768,3x,2.19871370703,4.03634981839,182.909627357,1,1
1e+22,heldout,13,exponential,0.2,32768,5x,2.19871370703,4.03634998658,182.909620293,1,1
1e+22,heldout,13,exponential,0.2,32768,free,2.19871370703,4.03634990666,182.90962365,1,1
1e+22,heldout,13,exponential,0.8,2048,1x,2.1489183328,5.47548491353,263.748887548,1,1
1e+22,heldout,13,exponential,0.8,2048,2x,2.1489183328,5.47548419367,263.748919644,1,1
1e+22,heldout,13,exponential,0.8,2048,3x,2.1489183328,5.47548521964,263.748873899,1,1
1e+22,heldout,13,exponential,0.8,2048,5x,2.1489183328,5.47548444597,263.748908395,1,1
1e+22,heldout,13,exponential,0.8,2048,free,2.1489183328,5.4754850585,263.748881084,1,1
1e+22,heldout,13,exponential,0.8,32768,1x,2.19693918158,3.94099924571,191.23050598,1,1
1e+22,heldout,13,exponential,0.8,32768,2x,2.19693918158,3.94099977529,191.230481668,1,1
1e+22,heldout,13,exponential,0.8,32768,3x,2.19693918158,3.94099926112,191.230505272,1,1
1e+22,heldout,13,exponential,0.8,32768,5x,2.19693918158,3.94099989612,191.230476121,1,1
1e+22,heldout,13,exponential,0.8,32768,free,2.19693918158,3.94099987356,191.230477157,1,1
1e+22,heldout,13,power,0.2,2048,1x,2.1529387503,5.79506381021,237.326520555,1,1
1e+22,heldout,13,power,0.2,2048,2x,2.1529387503,5.79506463238,237.326490874,1,1
1e+22,heldout,13,power,0.2,2048,3x,2.1529387503,5.79506477059,237.326485884,1,1
1e+22,heldout,13,power,0.2,2048,5x,2.1529387503,5.79506388889,237.326517715,1,1
1e+22,heldout,13,power,0.2,2048,free,2.1529387503,5.79506477356,237.326485777,1,1
1e+22,heldout,13,power,0.2,32768,1x,2.20015947369,4.1134106101,176.584501542,1,1
1e+22,heldout,13,power,0.2,32768,2x,2.20015947369,4.11341023709,176.584516143,1,1
1e+22,heldout,13,power,0.2,32768,3x,2.20015947369,4.11341005996,176.584523077,1,1
1e+22,heldout,13,power,0.2,32768,5x,2.20015947369,4.11341025339,176.584515505,1,1
1e+22,heldout,13,power,0.2,32768,free,2.20015947369,4.11341017164,176.584518705,1,1
1e+22,heldout,13,power,0.8,2048,1x,2.14917315241,5.49592786473,261.926157742,1,1
1e+22,heldout,13,power,0.8,2048,2x,2.14917315241,5.49592812198,261.92614643,1,1
1e+22,heldout,13,power,0.8,2048,3x,2.14917315241,5.49592800268,261.926151676,1,1
1e+22,heldout,13,power,0.8,2048,5x,2.14917315241,5.49592773359,261.926163509,1,1
1e+22,heldout,13,power,0.8,2048,free,2.14917315241,5.49592882042,261.926115718,1,1
1e+22,heldout,13,power,0.8,32768,1x,2.19714146475,3.95191434327,190.24879099,1,1
1e+22,heldout,13,power,0.8,32768,2x,2.19714146475,3.95191482276,190.248769203,1,1
1e+22,heldout,13,power,0.8,32768,3x,2.19714146475,3.95191451784,190.248783058,1,1
1e+22,heldout,13,power,0.8,32768,5x,2.19714146475,3.95191458672,190.248779928,1,1
1e+22,heldout,13,power,0.8,32768,free,2.19714146475,3.95191461542,190.248778624,1,1
1e+22,heldout,13,logarithmic,0.2,2048,1x,2.14849221467,5.44123491799,266.84666151,1,1
1e+22,heldout,13,logarithmic,0.2,2048,2x,2.14849221467,5.44123517142,266.846649943,1,1
1e+22,heldout,13,logarithmic,0.2,2048,3x,2.14849221467,5.441235093,266.846653522,1,1
1e+22,heldout,13,logarithmic,0.2,2048,5x,2.14849221467,5.44123505621,266.846655201,1,1
1e+22,heldout,13,logarithmic,0.2,2048,free,2.14849221467,5.44123506137,266.846654966,1,1
1e+22,heldout,13,logarithmic,0.2,32768,1x,2.19660150331,3.92275066972,192.889295168,1,1
1e+22,heldout,13,logarithmic,0.2,32768,2x,2.19660150331,3.92275034617,192.889310281,1,1
1e+22,heldout,13,logarithmic,0.2,32768,3x,2.19660150331,3.9227507749,192.889290256,1,1
1e+22,heldout,13,logarithmic,0.2,32768,5x,2.19660150331,3.92275024876,192.88931483,1,1
1e+22,heldout,13,logarithmic,0.2,32768,free,2.19660150331,3.92275035697,192.889309776,1,1
1e+22,heldout,13,logarithmic,0.8,2048,1x,2.14403632701,5.1397723841,299.893,1,0.999999999998
1e+22,heldout,13,logarithmic,0.8,2048,2x,2.1440330659,5.0772436896,303.541332858,1,1
1e+22,heldout,13,logarithmic,0.8,2048,3x,2.1440330659,5.07724420937,303.541302162,1,1
1e+22,heldout,13,logarithmic,0.8,2048,5x,2.1440330659,5.07724380531,303.541326024,1,1
1e+22,heldout,13,logarithmic,0.8,2048,free,2.1440330659,5.07724409176,303.541309108,1,1
1e+22,heldout,13,logarithmic,0.8,32768,1x,2.19311546567,3.73209071633,211.628945333,1,1
1e+22,heldout,13,logarithmic,0.8,32768,2x,2.19311546567,3.732091146,211.628921175,1,1
1e+22,heldout,13,logarithmic,0.8,32768,3x,2.19311546567,3.73209115617,211.628920603,1,1
1e+22,heldout,13,logarithmic,0.8,32768,5x,2.19311546567,3.7320910371,211.628927298,1,1
1e+22,heldout,13,logarithmic,0.8,32768,free,2.19311546567,3.73209058222,211.628952873,1,1
1e+22,heldout,29,exponential,0.2,2048,1x,2.15114792425,5.65198245556,248.582869376,1,1
1e+22,heldout,29,exponential,0.2,2048,2x,2.15114792425,5.65198145034,248.58290919,1,1
1e+22,heldout,29,exponential,0.2,2048,3x,2.15114792425,5.65198131983,248.582914359,1,1
1e+22,heldout,29,exponential,0.2,2048,5x,2.15114792425,5.65198206674,248.582884777,1,1
1e+22,heldout,29,exponential,0.2,2048,free,2.15114792425,5.65198230487,248.582875345,1,1
1e+22,heldout,29,exponential,0.2,32768,1x,2.19872035456,4.03561345861,182.940559137,1,1
1e+22,heldout,29,exponential,0.2,32768,2x,2.19872035456,4.03561376968,182.940546068,1,1
1e+22,heldout,29,exponential,0.2,32768,3x,2.19872035456,4.03561322692,182.940568871,1,1
1e+22,heldout,29,exponential,0.2,32768,5x,2.19872035456,4.03561327791,182.940566729,1,1
1e+22,heldout,29,exponential,0.2,32768,free,2.19872035456,4.03561319199,182.940570338,1,1
1e+22,heldout,29,exponential,0.8,2048,1x,2.14892275396,5.47439808601,263.797355272,1,1
1e+22,heldout,29,exponential,0.8,2048,2x,2.14892275396,5.47439704091,263.797401887,1,1
1e+22,heldout,29,exponential,0.8,2048,3x,2.14892275396,5.47439806556,263.797356184,1,1
1e+22,heldout,29,exponential,0.8,2048,5x,2.14892275396,5.47439798558,263.797359751,1,1
1e+22,heldout,29,exponential,0.8,2048,free,2.14892275396,5.47439790733,263.797363242,1,1
1e+22,heldout,29,exponential,0.8,32768,1x,2.19694543701,3.94025805721,191.264538067,1,1
1e+22,heldout,29,exponential,0.8,32768,2x,2.19694543701,3.94025805721,191.264538067,1,1
1e+22,heldout,29,exponential,0.8,32768,3x,2.19694543701,3.94025805721,191.264538067,1,1
1e+22,heldout,29,exponential,0.8,32768,5x,2.19694543701,3.94025805721,191.264538067,1,1
1e+22,heldout,29,exponential,0.8,32768,free,2.19694543701,3.940257564,191.264560717,1,1
1e+22,heldout,29,power,0.2,2048,1x,2.15294409266,5.79399019927,237.365285693,1,1
1e+22,heldout,29,power,0.2,2048,2x,2.15294409266,5.79399041802,237.365277793,1,1
1e+22,heldout,29,power,0.2,2048,3x,2.15294409266,5.79398927826,237.365318953,1,1
1e+22,heldout,29,power,0.2,2048,5x,2.15294409266,5.79398942848,237.365313528,1,1
1e+22,heldout,29,power,0.2,2048,free,2.15294409266,5.79399054502,237.365273207,1,1
1e+22,heldout,29,power,0.2,32768,1x,2.20016643093,4.11267733334,176.613210139,1,1
1e+22,heldout,29,power,0.2,32768,2x,2.20016643093,4.11267744893,176.613205613,1,1
1e+22,heldout,29,power,0.2,32768,3x,2.20016643093,4.11267760082,176.613199665,1,1
1e+22,heldout,29,power,0.2,32768,5x,2.20016643093,4.11267777651,176.613192786,1,1
1e+22,heldout,29,power,0.2,32768,free,2.20016643093,4.11267785647,176.613189655,1,1
1e+22,heldout,29,power,0.8,2048,1x,2.14917763413,5.49484223056,261.97390532,1,1
1e+22,heldout,29,power,0.8,2048,2x,2.14917763413,5.49484123021,261.973949324,1,1
1e+22,heldout,29,power,0.8,2048,3x,2.14917763413,5.49484208959,261.973911521,1,1
1e+22,heldout,29,power,0.8,2048,5x,2.14917763413,5.49484139503,261.973942074,1,1
1e+22,heldout,29,power,0.8,2048,free,2.14917763413,5.49484167242,261.973929872,1,1
1e+22,heldout,29,power,0.8,32768,1x,2.19714776557,3.95117338143,190.282464222,1,1
1e+22,heldout,29,power,0.8,32768,2x,2.19714776557,3.95117398258,190.282436897,1,1
1e+22,heldout,29,power,0.8,32768,3x,2.19714776557,3.95117385706,190.282442602,1,1
1e+22,heldout,29,power,0.8,32768,5x,2.19714776557,3.95117393759,190.282438942,1,1
1e+22,heldout,29,power,0.8,32768,free,2.19714776557,3.9511739445,190.282438628,1,1
1e+22,heldout,29,logarithmic,0.2,2048,1x,2.14849653385,5.44014547316,266.896394051,1,1
1e+22,heldout,29,logarithmic,0.2,2048,2x,2.14849653385,5.44014629789,266.896356396,1,1
1e+22,heldout,29,logarithmic,0.2,2048,3x,2.14849653385,5.44014655739,266.896344547,1,1
1e+22,heldout,29,logarithmic,0.2,2048,5x,2.14849653385,5.44014644873,266.896349509,1,1
1e+22,heldout,29,logarithmic,0.2,2048,free,2.14849653385,5.44014662588,266.89634142,1,1
1e+22,heldout,29,logarithmic,0.2,32768,1x,2.19660768255,3.92200784512,192.923996724,1,1
1e+22,heldout,29,logarithmic,0.2,32768,2x,2.19660768255,3.92200770176,192.924003422,1,1
1e+22,heldout,29,logarithmic,0.2,32768,3x,2.19660768255,3.92200830351,192.923975306,1,1
1e+22,heldout,29,logarithmic,0.2,32768,5x,2.19660768255,3.9220078421,192.923996865,1,1
1e+22,heldout,29,logarithmic,0.2,32768,free,2.19660768255,3.922008329,192.923974115,1,1
1e+22,heldout,29,logarithmic,0.8,2048,1x,2.14403963815,5.13977239104,299.8929996,1,1
1e+22,heldout,29,logarithmic,0.8,2048,2x,2.14403625933,5.0761328049,303.606951836,1,1
1e+22,heldout,29,logarithmic,0.8,2048,3x,2.14403625933,5.07613187866,303.60700656,1,1
1e+22,heldout,29,logarithmic,0.8,2048,5x,2.14403625933,5.0761321221,303.606992177,1,1
1e+22,heldout,29,logarithmic,0.8,2048,free,2.14403625933,5.07613199558,303.606999652,1,1
1e+22,heldout,29,logarithmic,0.8,32768,1x,2.19312082563,3.73133488436,211.67144944,1,1
1e+22,heldout,29,logarithmic,0.8,32768,2x,2.19312082563,3.73133535751,211.671422827,1,1
1e+22,heldout,29,logarithmic,0.8,32768,3x,2.19312082563,3.7313348741,211.671450017,1,1
1e+22,heldout,29,logarithmic,0.8,32768,5x,2.19312082563,3.73133511715,211.671436346,1,1
1e+22,heldout,29,logarithmic,0.8,32768,free,2.19312082563,3.73133539049,211.671420972,1,1
1e+22,heldout,53,exponential,0.2,2048,1x,2.15114899757,5.65427975738,248.491913149,1,1
1e+22,heldout,53,exponential,0.2,2048,2x,2.15114899757,5.65428030857,248.491891334,1,1
1e+22,heldout,53,exponential,0.2,2048,3x,2.15114899757,5.65428087266,248.491869008,1,1
1e+22,heldout,53,exponential,0.2,2048,5x,2.15114899757,5.65428094544,248.491866127,1,1
1e+22,heldout,53,exponential,0.2,2048,free,2.15114899757,5.65428074405,248.491874098,1,1
1e+22,heldout,53,exponential,0.2,32768,1x,2.19872330846,4.03704809444,182.880304996,1,1
1e+22,heldout,53,exponential,0.2,32768,2x,2.19872330846,4.03704813563,182.880303266,1,1
1e+22,heldout,53,exponential,0.2,32768,3x,2.19872330846,4.03704750578,182.880329711,1,1
1e+22,heldout,53,exponential,0.2,32768,5x,2.19872330846,4.03704858459,182.880284416,1,1
1e+22,heldout,53,exponential,0.2,32768,free,2.19872330846,4.03704803698,182.880307408,1,1
1e+22,heldout,53,exponential,0.8,2048,1x,2.14892463982,5.47666943002,263.696083605,1,1
1e+22,heldout,53,exponential,0.8,2048,2x,2.14892463982,5.47666862013,263.696119701,1,1
1e+22,heldout,53,exponential,0.8,2048,3x,2.14892463982,5.47666942932,263.696083636,1,1
1e+22,heldout,53,exponential,0.8,2048,5x,2.14892463982,5.47666965836,263.696073427,1,1
1e+22,heldout,53,exponential,0.8,2048,free,2.14892463982,5.47666929991,263.696089403,1,1
1e+22,heldout,53,exponential,0.8,32768,1x,2.19694897445,3.94168040536,191.199240828,1,1
1e+22,heldout,53,exponential,0.8,32768,2x,2.19694897445,3.9416803563,191.199243079,1,1
1e+22,heldout,53,exponential,0.8,32768,3x,2.19694897445,3.9416803563,191.199243079,1,1
1e+22,heldout,53,exponential,0.8,32768,5x,2.19694897445,3.9416803563,191.199243079,1,1
1e+22,heldout,53,exponential,0.8,32768,free,2.19694897445,3.94168008998,191.199255302,1,1
1e+22,heldout,53,power,0.2,2048,1x,2.15294453233,5.79631195447,237.281469413,1,1
1e+22,heldout,53,power,0.2,2048,2x,2.15294453233,5.7963115723,237.281483204,1,1
1e+22,heldout,53,power,0.2,2048,3x,2.15294453233,5.7963112552,237.281494648,1,1
1e+22,heldout,53,power,0.2,2048,5x,2.15294453233,5.79631149349,237.281486048,1,1
1e+22,heldout,53,power,0.2,2048,free,2.15294453233,5.79631126259,237.281494381,1,1
1e+22,heldout,53,power,0.2,32768,1x,2.20016892179,4.11412275044,176.556629391,1,1
1e+22,heldout,53,power,0.2,32768,2x,2.20016892179,4.11412285373,176.556625349,1,1
1e+22,heldout,53,power,0.2,32768,3x,2.20016892179,4.11412256433,176.556636674,1,1
1e+22,heldout,53,power,0.2,32768,5x,2.20016892179,4.11412307436,176.556616715,1,1
1e+22,heldout,53,power,0.2,32768,free,2.20016892179,4.11412293793,176.556622054,1,1
1e+22,heldout,53,power,0.8,2048,1x,2.14917942527,5.49711659149,261.87389598,1,1
1e+22,heldout,53,power,0.8,2048,2x,2.14917942527,5.4971158593,261.873928164,1,1
1e+22,heldout,53,power,0.8,2048,3x,2.14917942527,5.49711620874,261.873912805,1,1
1e+22,heldout,53,power,0.8,2048,5x,2.14917942527,5.4971159259,261.873925237,1,1
1e+22,heldout,53,power,0.8,2048,free,2.14917942527,5.49711702156,261.873877076,1,1
1e+22,heldout,53,power,0.8,32768,1x,2.1971512356,3.95259759108,190.217751149,1,1
1e+22,heldout,53,power,0.8,32768,2x,2.1971512356,3.95259765454,190.217748266,1,1
1e+22,heldout,53,power,0.8,32768,3x,2.1971512356,3.95259776878,190.217743077,1,1
1e+22,heldout,53,power,0.8,32768,5x,2.1971512356,3.95259760654,190.217750447,1,1
1e+22,heldout,53,power,0.8,32768,free,2.1971512356,3.95259719541,190.217769121,1,1
1e+22,heldout,53,logarithmic,0.2,2048,1x,2.1484985791,5.44241220487,266.79293986,1,1
1e+22,heldout,53,logarithmic,0.2,2048,2x,2.1484985791,5.4424132498,266.792892188,1,1
1e+22,heldout,53,logarithmic,0.2,2048,3x,2.1484985791,5.44241315144,266.792896675,1,1
1e+22,heldout,53,logarithmic,0.2,2048,5x,2.1484985791,5.44241310284,266.792898893,1,1
1e+22,heldout,53,logarithmic,0.2,2048,free,2.1484985791,5.44241302505,266.792902442,1,1
1e+22,heldout,53,logarithmic,0.2,32768,1x,2.19661133303,3.92342757579,192.857683911,1,1
1e+22,heldout,53,logarithmic,0.2,32768,2x,2.19661133303,3.92342815326,192.857656948,1,1
1e+22,heldout,53,logarithmic,0.2,32768,3x,2.19661133303,3.92342749905,192.857687494,1,1
1e+22,heldout,53,logarithmic,0.2,32768,5x,2.19661133303,3.92342788935,192.857669271,1,1
1e+22,heldout,53,logarithmic,0.2,32768,free,2.19661133303,3.9234278968,192.857668923,1,1
1e+22,heldout,53,logarithmic,0.8,2048,1x,2.14404319993,5.13977238579,299.892999903,1,1
1e+22,heldout,53,logarithmic,0.8,2048,2x,2.14404005467,5.07835472809,303.47573316,1,1
1e+22,heldout,53,logarithmic,0.8,2048,3x,2.14404005467,5.07835539712,303.475693667,1,1
1e+22,heldout,53,logarithmic,0.8,2048,5x,2.14404005467,5.07835501194,303.475716404,1,1
1e+22,heldout,53,logarithmic,0.8,2048,free,2.14404005467,5.07835529976,303.475699414,1,1
1e+22,heldout,53,logarithmic,0.8,32768,1x,2.19312568448,3.73273421867,211.592771518,1,1
1e+22,heldout,53,logarithmic,0.8,32768,2x,2.19312568448,3.73273459064,211.592750612,1,1
1e+22,heldout,53,logarithmic,0.8,32768,3x,2.19312568448,3.73273436087,211.592763526,1,1
1e+22,heldout,53,logarithmic,0.8,32768,5x,2.19312568448,3.73273414467,211.592775677,1,1
1e+22,heldout,53,logarithmic,0.8,32768,free,2.19312568448,3.73273402274,211.59278253,1,1
1e+22,heldout,68,exponential,0.2,2048,1x,2.15114431739,5.65521334976,248.454968786,1,1
1e+22,heldout,68,exponential,0.2,2048,2x,2.15114431739,5.65521387104,248.454948161,1,1
1e+22,heldout,68,exponential,0.2,2048,3x,2.15114431739,5.65521385471,248.454948807,1,1
1e+22,heldout,68,exponential,0.2,2048,5x,2.15114431739,5.6552136144,248.454958316,1,1
1e+22,heldout,68,exponential,0.2,2048,free,2.15114431739,5.65521313481,248.454977291,1,1
1e+22,heldout,68,exponential,0.2,32768,1x,2.19871990549,4.0376806416,182.85375087,1,1
1e+22,heldout,68,exponential,0.2,32768,2x,2.19871990549,4.03768053697,182.853755262,1,1
1e+22,heldout,68,exponential,0.2,32768,3x,2.19871990549,4.03768033995,182.853763531,1,1
1e+22,heldout,68,exponential,0.2,32768,5x,2.19871990549,4.03768071142,182.853747939,1,1
1e+22,heldout,68,exponential,0.2,32768,free,2.19871990549,4.03768042778,182.853759845,1,1
1e+22,heldout,68,exponential,0.8,2048,1x,2.14892026384,5.47758737951,263.655177352,1,1
1e+22,heldout,68,exponential,0.8,2048,2x,2.14892026384,5.47758728571,263.655181531,1,1
1e+22,heldout,68,exponential,0.8,2048,3x,2.14892026384,5.47758737123,263.655177721,1,1
1e+22,heldout,68,exponential,0.8,2048,5x,2.14892026384,5.47758823816,263.655139094,1,1
1e+22,heldout,68,exponential,0.8,2048,free,2.14892026384,5.47758784701,263.655156522,1,1
1e+22,heldout,68,exponential,0.8,32768,1x,2.19694581072,3.94230500144,191.170580922,1,1
1e+22,heldout,68,exponential,0.8,32768,2x,2.19694581072,3.94230538974,191.170563107,1,1
1e+22,heldout,68,exponential,0.8,32768,3x,2.19694581072,3.94230560191,191.170553373,1,1
1e+22,heldout,68,exponential,0.8,32768,5x,2.19694581072,3.94230558666,191.170554073,1,1
1e+22,heldout,68,exponential,0.8,32768,free,2.19694581072,3.94230558909,191.170553961,1,1
1e+22,heldout,68,power,0.2,2048,1x,2.15293961363,5.79725719832,237.247362689,1,1
1e+22,heldout,68,power,0.2,2048,2x,2.15293961363,5.79725679611,237.2473772,1,1
1e+22,heldout,68,power,0.2,2048,3x,2.15293961363,5.79725679611,237.2473772,1,1
1e+22,heldout,68,power,0.2,2048,5x,2.15293961363,5.79725714876,237.247364477,1,1
1e+22,heldout,68,power,0.2,2048,free,2.15293961363,5.797257123,237.247365406,1,1
1e+22,heldout,68,power,0.2,32768,1x,2.20016532812,4.11476104945,176.53165476,1,1
1e+22,heldout,68,power,0.2,32768,2x,2.20016532812,4.11476119444,176.531649088,1,1
1e+22,heldout,68,power,0.2,32768,3x,2.20016532812,4.11476137778,176.531641915,1,1
1e+22,heldout,68,power,0.2,32768,5x,2.20016532812,4.11476129397,176.531645194,1,1
1e+22,heldout,68,power,0.2,32768,free,2.20016532812,4.11476129002,176.531645349,1,1
1e+22,heldout,68,power,0.8,2048,1x,2.14917501393,5.49803640773,261.833471041,1,1
1e+22,heldout,68,power,0.8,2048,2x,2.14917501393,5.49803664099,261.833460791,1,1
1e+22,heldout,68,power,0.8,2048,3x,2.14917501393,5.49803663045,261.833461255,1,1
1e+22,heldout,68,power,0.8,2048,5x,2.14917501393,5.49803676964,261.833455138,1,1
1e+22,heldout,68,power,0.8,2048,free,2.14917501393,5.49803659847,261.83346266,1,1
1e+22,heldout,68,power,0.8,32768,1x,2.1971480443,3.95322306718,190.189344747,1,1
1e+22,heldout,68,power,0.8,32768,2x,2.1971480443,3.95322398524,190.189303059,1,1
1e+22,heldout,68,power,0.8,32768,3x,2.1971480443,3.95322315624,190.189340702,1,1
1e+22,heldout,68,power,0.8,32768,5x,2.1971480443,3.9532231121,190.189342707,1,1
1e+22,heldout,68,power,0.8,32768,free,2.1971480443,3.95322362987,190.189319196,1,1
1e+22,heldout,68,logarithmic,0.2,2048,1x,2.14849426257,5.44332867895,266.751134524,1,1
1e+22,heldout,68,logarithmic,0.2,2048,2x,2.14849426257,5.44332926386,266.751107847,1,1
1e+22,heldout,68,logarithmic,0.2,2048,3x,2.14849426257,5.44332914197,266.751113406,1,1
1e+22,heldout,68,logarithmic,0.2,2048,5x,2.14849426257,5.44332918404,266.751111488,1,1
1e+22,heldout,68,logarithmic,0.2,2048,free,2.14849426257,5.44332887144,266.751125745,1,1
1e+22,heldout,68,logarithmic,0.2,32768,1x,2.19660821552,3.92405164142,192.828549461,1,1
1e+22,heldout,68,logarithmic,0.2,32768,2x,2.19660821552,3.92405153135,192.828554598,1,1
1e+22,heldout,68,logarithmic,0.2,32768,3x,2.19660821552,3.92405207032,192.82852944,1,1
1e+22,heldout,68,logarithmic,0.2,32768,5x,2.19660821552,3.92405214087,192.828526147,1,1
1e+22,heldout,68,logarithmic,0.2,32768,free,2.19660821552,3.92405218863,192.828523918,1,1
1e+22,heldout,68,logarithmic,0.8,2048,1x,2.14403944083,5.13977238437,299.892999985,1,1
1e+22,heldout,68,logarithmic,0.8,2048,2x,2.14403638672,5.07924577115,303.423143266,1,1
1e+22,heldout,68,logarithmic,0.8,2048,3x,2.14403638672,5.07924579164,303.423142058,1,1
1e+22,heldout,68,logarithmic,0.8,2048,5x,2.14403638672,5.07924548351,303.42316024,1,1
1e+22,heldout,68,logarithmic,0.8,2048,free,2.14403638672,5.07924575756,303.423144068,1,1
1e+22,heldout,68,logarithmic,0.8,32768,1x,2.19312305837,3.7333454564,211.558422875,1,1
1e+22,heldout,68,logarithmic,0.8,32768,2x,2.19312305837,3.73334520066,211.558437244,1,1
1e+22,heldout,68,logarithmic,0.8,32768,3x,2.19312305837,3.73334544375,211.558423586,1,1
1e+22,heldout,68,logarithmic,0.8,32768,5x,2.19312305837,3.73334537333,211.558427542,1,1
1e+22,heldout,68,logarithmic,0.8,32768,free,2.19312305837,3.73334550306,211.558420253,1,1
1e+22,heldout,101,exponential,0.2,2048,1x,2.15115447652,5.65528597024,248.452095491,1,1
1e+22,heldout,101,exponential,0.2,2048,2x,2.15115447652,5.65528650141,248.452074474,1,1
1e+22,heldout,101,exponential,0.2,2048,3x,2.15115447652,5.65528609063,248.452090727,1,1
1e+22,heldout,101,exponential,0.2,2048,5x,2.15115447652,5.65528594553,248.452096468,1,1
1e+22,heldout,101,exponential,0.2,2048,free,2.15115447652,5.6552860993,248.452090384,1,1
1e+22,heldout,101,exponential,0.2,32768,1x,2.19872447484,4.03775974721,182.850430585,1,1
1e+22,heldout,101,exponential,0.2,32768,2x,2.19872447484,4.03775953955,182.8504393,1,1
1e+22,heldout,101,exponential,0.2,32768,3x,2.19872447484,4.03775961463,182.850436149,1,1
1e+22,heldout,101,exponential,0.2,32768,5x,2.19872447484,4.0377600657,182.850417217,1,1
1e+22,heldout,101,exponential,0.2,32768,free,2.19872447484,4.03775971167,182.850432076,1,1
1e+22,heldout,101,exponential,0.8,2048,1x,2.14893072862,5.47768156427,263.650980948,1,1
1e+22,heldout,101,exponential,0.8,2048,2x,2.14893072862,5.47768106536,263.651003177,1,1
1e+22,heldout,101,exponential,0.8,2048,3x,2.14893072862,5.4776816933,263.650975199,1,1
1e+22,heldout,101,exponential,0.8,2048,5x,2.14893072862,5.47768147219,263.650985051,1,1
1e+22,heldout,101,exponential,0.8,2048,free,2.14893072862,5.47768085656,263.65101248,1,1
1e+22,heldout,101,exponential,0.8,32768,1x,2.19695061821,3.94239651365,191.16638256,1,1
1e+22,heldout,101,exponential,0.8,32768,2x,2.19695061821,3.94239651199,191.166382636,1,1
1e+22,heldout,101,exponential,0.8,32768,3x,2.19695061821,3.94239661135,191.166378078,1,1
1e+22,heldout,101,exponential,0.8,32768,5x,2.19695061821,3.94239642952,191.166386419,1,1
1e+22,heldout,101,exponential,0.8,32768,free,2.19695061821,3.94239655894,191.166380482,1,1
1e+22,heldout,101,power,0.2,2048,1x,2.15294953302,5.79731326516,237.245339968,1,1
1e+22,heldout,101,power,0.2,2048,2x,2.15294953302,5.79731323286,237.245341133,1,1
1e+22,heldout,101,power,0.2,2048,3x,2.15294953302,5.79731236944,237.245372282,1,1
1e+22,heldout,101,power,0.2,2048,5x,2.15294953302,5.79731339099,237.245335428,1,1
1e+22,heldout,101,power,0.2,2048,free,2.15294953302,5.7973132764,237.245339562,1,1
1e+22,heldout,101,power,0.2,32768,1x,2.2001697081,4.11483100068,176.528918218,1,1
1e+22,heldout,101,power,0.2,32768,2x,2.2001697081,4.11483182712,176.528885888,1,1
1e+22,heldout,101,power,0.2,32768,3x,2.2001697081,4.11483102618,176.528917221,1,1
1e+22,heldout,101,power,0.2,32768,5x,2.2001697081,4.11483110955,176.528913959,1,1
1e+22,heldout,101,power,0.2,32768,free,2.2001697081,4.11483133416,176.528905172,1,1
1e+22,heldout,101,power,0.8,2048,1x,2.14918544318,5.49812750477,261.829468103,1,1
1e+22,heldout,101,power,0.8,2048,2x,2.14918544318,5.49812786187,261.829452412,1,1
1e+22,heldout,101,power,0.8,2048,3x,2.14918544318,5.49812759708,261.829464047,1,1
1e+22,heldout,101,power,0.8,2048,5x,2.14918544318,5.49812699668,261.829490429,1,1
1e+22,heldout,101,power,0.8,2048,free,2.14918544318,5.49812777305,261.829456315,1,1
1e+22,heldout,101,power,0.8,32768,1x,2.19715282431,3.95331277849,190.185271145,1,1
1e+22,heldout,101,power,0.8,32768,2x,2.19715282431,3.95331342879,190.185241617,1,1
1e+22,heldout,101,power,0.8,32768,3x,2.19715282431,3.95331267803,190.185275707,1,1
1e+22,heldout,101,power,0.8,32768,5x,2.19715282431,3.95331286648,190.18526715,1,1
1e+22,heldout,101,power,0.8,32768,free,2.19715282431,3.95331346785,190.185239844,1,1
1e+22,heldout,101,logarithmic,0.2,2048,1x,2.14850478707,5.44342563575,266.746712567,1,1
1e+22,heldout,101,logarithmic,0.2,2048,2x,2.14850478707,5.44342658883,266.7466691,1,1
1e+22,heldout,101,logarithmic,0.2,2048,3x,2.14850478707,5.4434264656,266.74667472,1,1
1e+22,heldout,101,logarithmic,0.2,2048,5x,2.14850478707,5.44342627733,266.746683307,1,1
1e+22,heldout,101,logarithmic,0.2,2048,free,2.14850478707,5.44342571114,266.746709128,1,1
1e+22,heldout,101,logarithmic,0.2,32768,1x,2.19661306908,3.92414490976,192.824195992,1,1
1e+22,heldout,101,logarithmic,0.2,32768,2x,2.19661306908,3.92414460405,192.824210261,1,1
1e+22,heldout,101,logarithmic,0.2,32768,3x,2.19661306908,3.92414468658,192.824206409,1,1
1e+22,heldout,101,logarithmic,0.2,32768,5x,2.19661306908,3.92414482883,192.82419977,1,1
1e+22,heldout,101,logarithmic,0.2,32768,free,2.19661306908,3.92414476882,192.824202571,1,1
1e+22,heldout,101,logarithmic,0.8,2048,1x,2.14405060167,5.13977238466,299.892999968,1,1
1e+22,heldout,101,logarithmic,0.8,2048,2x,2.1440475621,5.0793883046,303.414732548,1,1
1e+22,heldout,101,logarithmic,0.8,2048,3x,2.1440475621,5.07938750025,303.414780011,1,1
1e+22,heldout,101,logarithmic,0.8,2048,5x,2.1440475621,5.07938750025,303.414780011,1,1
1e+22,heldout,101,logarithmic,0.8,2048,free,2.1440475621,5.07938792394,303.41475501,1,1
1e+22,heldout,101,logarithmic,0.8,32768,1x,2.19312840313,3.73346256654,211.551843116,1,1
1e+22,heldout,101,logarithmic,0.8,32768,2x,2.19312840313,3.73346223189,211.551861918,1,1
1e+22,heldout,101,logarithmic,0.8,32768,3x,2.19312840313,3.73346270706,211.551835222,1,1
1e+22,heldout,101,logarithmic,0.8,32768,5x,2.19312840313,3.73346287004,211.551826065,1,1
1e+22,heldout,101,logarithmic,0.8,32768,free,2.19312840313,3.73346292853,211.551822779,1,1
1e+22,heldout,102,exponential,0.2,2048,1x,2.15115367854,5.65566922637,248.43693271,1,1
1e+22,heldout,102,exponential,0.2,2048,2x,2.15115367854,5.65566997212,248.436903207,1,1
1e+22,heldout,102,exponential,0.2,2048,3x,2.15115367854,5.65566993608,248.436904633,1,1
1e+22,heldout,102,exponential,0.2,2048,5x,2.15115367854,5.65566995551,248.436903864,1,1
1e+22,heldout,102,exponential,0.2,2048,free,2.15115367854,5.6556698541,248.436907876,1,1
1e+22,heldout,102,exponential,0.2,32768,1x,2.19872838411,4.03800645145,182.840076486,1,1
1e+22,heldout,102,exponential,0.2,32768,2x,2.19872838411,4.03800608031,182.840092062,1,1
1e+22,heldout,102,exponential,0.2,32768,3x,2.19872838411,4.03800621079,182.840086586,1,1
1e+22,heldout,102,exponential,0.2,32768,5x,2.19872838411,4.03800606447,182.840092727,1,1
1e+22,heldout,102,exponential,0.2,32768,free,2.19872838411,4.03800676491,182.840063331,1,1
1e+22,heldout,102,exponential,0.8,2048,1x,2.14892985254,5.47804860362,263.634628778,1,1
1e+22,heldout,102,exponential,0.8,2048,2x,2.14892985254,5.47804816344,263.634648387,1,1
1e+22,heldout,102,exponential,0.8,2048,3x,2.14892985254,5.47804815389,263.634648813,1,1
1e+22,heldout,102,exponential,0.8,2048,5x,2.14892985254,5.47804829153,263.634642681,1,1
1e+22,heldout,102,exponential,0.8,2048,free,2.14892985254,5.478048435,263.63463629,1,1
1e+22,heldout,102,exponential,0.8,32768,1x,2.19695446675,3.94263421775,191.155478123,1,1
1e+22,heldout,102,exponential,0.8,32768,2x,2.19695446675,3.94263470985,191.15545555,1,1
1e+22,heldout,102,exponential,0.8,32768,3x,2.19695446675,3.94263403227,191.155486631,1,1
1e+22,heldout,102,exponential,0.8,32768,5x,2.19695446675,3.94263471463,191.15545533,1,1
1e+22,heldout,102,exponential,0.8,32768,free,2.19695446675,3.94263457796,191.1554616,1,1
1e+22,heldout,102,power,0.2,2048,1x,2.15294879791,5.79771005042,237.231026145,1,1
1e+22,heldout,102,power,0.2,2048,2x,2.15294879791,5.7977101387,237.23102296,1,1
1e+22,heldout,102,power,0.2,2048,3x,2.15294879791,5.79771012083,237.231023605,1,1
1e+22,heldout,102,power,0.2,2048,5x,2.15294879791,5.79770912729,237.231059444,1,1
1e+22,heldout,102,power,0.2,2048,free,2.15294879791,5.79771000658,237.231027726,1,1
1e+22,heldout,102,power,0.2,32768,1x,2.20017366655,4.11508514398,176.518976666,1,1
1e+22,heldout,102,power,0.2,32768,2x,2.20017366655,4.1150852457,176.518972687,1,1
1e+22,heldout,102,power,0.2,32768,3x,2.20017366655,4.11508506972,176.51897957,1,1
1e+22,heldout,102,power,0.2,32768,5x,2.20017366655,4.11508515817,176.518976111,1,1
1e+22,heldout,102,power,0.2,32768,free,2.20017366655,4.11508524083,176.518972877,1,1
1e+22,heldout,102,power,0.8,2048,1x,2.14918457606,5.49849693505,261.813236047,1,1
1e+22,heldout,102,power,0.8,2048,2x,2.14918457606,5.49849682829,261.813240737,1,1
1e+22,heldout,102,power,0.8,2048,3x,2.14918457606,5.49849640006,261.813259552,1,1
1e+22,heldout,102,power,0.8,2048,5x,2.14918457606,5.49849659243,261.8132511,1,1
1e+22,heldout,102,power,0.8,2048,free,2.14918457606,5.49849682515,261.813240875,1,1
1e+22,heldout,102,power,0.8,32768,1x,2.19715667979,3.95355239009,190.174391743,1,1
1e+22,heldout,102,power,0.8,32768,2x,2.19715667979,3.95355246825,190.174388194,1,1
1e+22,heldout,102,power,0.8,32768,3x,2.19715667979,3.95355194416,190.174411989,1,1
1e+22,heldout,102,power,0.8,32768,5x,2.19715667979,3.95355235644,190.174393271,1,1
1e+22,heldout,102,power,0.8,32768,free,2.19715667979,3.95355181459,190.174417872,1,1
1e+22,heldout,102,logarithmic,0.2,2048,1x,2.14850389601,5.44379001911,266.730095263,1,1
1e+22,heldout,102,logarithmic,0.2,2048,2x,2.14850389601,5.44379025385,266.730084558,1,1
1e+22,heldout,102,logarithmic,0.2,2048,3x,2.14850389601,5.44379078378,266.730060393,1,1
1e+22,heldout,102,logarithmic,0.2,2048,5x,2.14850389601,5.44379038659,266.730078506,1,1
1e+22,heldout,102,logarithmic,0.2,2048,free,2.14850389601,5.44378998064,266.730097017,1,1
1e+22,heldout,102,logarithmic,0.2,32768,1x,2.19661690602,3.92438132945,192.813161557,1,1
1e+22,heldout,102,logarithmic,0.2,32768,2x,2.19661690602,3.92438132595,192.81316172,1,1
1e+22,heldout,102,logarithmic,0.2,32768,3x,2.19661690602,3.92438102065,192.813175968,1,1
1e+22,heldout,102,logarithmic,0.2,32768,5x,2.19661690602,3.92438124816,192.81316535,1,1
1e+22,heldout,102,logarithmic,0.2,32768,free,2.19661690602,3.92438149375,192.813153888,1,1
1e+22,heldout,102,logarithmic,0.8,2048,1x,2.14404952,5.13977241246,299.892998366,1,1
1e+22,heldout,102,logarithmic,0.8,2048,2x,2.14404651378,5.07971920944,303.39520807,1,1
1e+22,heldout,102,logarithmic,0.8,2048,3x,2.14404651378,5.07971945468,303.395193601,1,1
1e+22,heldout,102,logarithmic,0.8,2048,5x,2.14404651378,5.07971895905,303.395222843,1,1
1e+22,heldout,102,logarithmic,0.8,2048,free,2.14404651378,5.07971973292,303.395177185,1,1
1e+22,heldout,102,logarithmic,0.8,32768,1x,2.19313211931,3.73368244638,211.539490414,1,1
1e+22,heldout,102,logarithmic,0.8,32768,2x,2.19313211931,3.73368241495,211.53949218,1,1
1e+22,heldout,102,logarithmic,0.8,32768,3x,2.19313211931,3.73368195074,211.539518257,1,1
1e+22,heldout,102,logarithmic,0.8,32768,5x,2.19313211931,3.73368212917,211.539508234,1,1
1e+22,heldout,102,logarithmic,0.8,32768,free,2.19313211931,3.73368232058,211.539497481,1,1
1e+22,heldout,125,exponential,0.2,2048,1x,2.15115639635,5.65813668631,248.339356768,1,1
1e+22,heldout,125,exponential,0.2,2048,2x,2.15115639635,5.65813721862,248.339335726,1,1
1e+22,heldout,125,exponential,0.2,2048,3x,2.15115639635,5.65813620641,248.339375739,1,1
1e+22,heldout,125,exponential,0.2,2048,5x,2.15115639635,5.65813663363,248.339358851,1,1
1e+22,heldout,125,exponential,0.2,2048,free,2.15115639635,5.65813710046,248.339340397,1,1
1e+22,heldout,125,exponential,0.2,32768,1x,2.19873348163,4.0387673818,182.808147867,1,1
1e+22,heldout,125,exponential,0.2,32768,2x,2.19873348163,4.03876724757,182.808153498,1,1
1e+22,heldout,125,exponential,0.2,32768,3x,2.19873348163,4.03876735134,182.808149145,1,1
1e+22,heldout,125,exponential,0.2,32768,5x,2.19873348163,4.03876742439,182.80814608,1,1
1e+22,heldout,125,exponential,0.2,32768,free,2.19873348163,4.03876704136,182.80816215,1,1
1e+22,heldout,125,exponential,0.8,2048,1x,2.14893333015,5.48037578036,263.530996641,1,1
1e+22,heldout,125,exponential,0.8,2048,2x,2.14893333015,5.48037592864,263.53099004,1,1
1e+22,heldout,125,exponential,0.8,2048,3x,2.14893333015,5.48037605724,263.530984316,1,1
1e+22,heldout,125,exponential,0.8,2048,5x,2.14893333015,5.48037619555,263.530978159,1,1
1e+22,heldout,125,exponential,0.8,2048,free,2.14893333015,5.48037592253,263.530990312,1,1
1e+22,heldout,125,exponential,0.8,32768,1x,2.19695987882,3.94332299224,191.12388831,1,1
1e+22,heldout,125,exponential,0.8,32768,2x,2.19695987882,3.94332351157,191.123864495,1,1
1e+22,heldout,125,exponential,0.8,32768,3x,2.19695987882,3.94332292467,191.123891408,1,1
1e+22,heldout,125,exponential,0.8,32768,5x,2.19695987882,3.94332311572,191.123882647,1,1
1e+22,heldout,125,exponential,0.8,32768,free,2.19695987882,3.94332355264,191.123862612,1,1
1e+22,heldout,125,power,0.2,2048,1x,2.15295090432,5.80028918912,237.138027137,1,1
1e+22,heldout,125,power,0.2,2048,2x,2.15295090432,5.80028850748,237.138051706,1,1
1e+22,heldout,125,power,0.2,2048,3x,2.15295090432,5.8002889927,237.138034216,1,1
1e+22,heldout,125,power,0.2,2048,5x,2.15295090432,5.80028852336,237.138051133,1,1
1e+22,heldout,125,power,0.2,2048,free,2.15295090432,5.80028889377,237.138037782,1,1
1e+22,heldout,125,power,0.2,32768,1x,2.20017850021,4.11590329388,176.486979962,1,1
1e+22,heldout,125,power,0.2,32768,2x,2.20017850021,4.11590316484,176.486985008,1,1
1e+22,heldout,125,power,0.2,32768,3x,2.20017850021,4.115903188,176.486984102,1,1
1e+22,heldout,125,power,0.2,32768,5x,2.20017850021,4.11590372462,176.486963119,1,1
1e+22,heldout,125,power,0.2,32768,free,2.20017850021,4.11590379018,176.486960556,1,1
1e+22,heldout,125,power,0.8,2048,1x,2.14918796652,5.50084003169,261.71033173,1,1
1e+22,heldout,125,power,0.8,2048,2x,2.14918796652,5.50084003169,261.71033173,1,1
1e+22,heldout,125,power,0.8,2048,3x,2.14918796652,5.50084003169,261.71033173,1,1
1e+22,heldout,125,power,0.8,2048,5x,2.14918796652,5.50084003169,261.71033173,1,1
1e+22,heldout,125,power,0.8,2048,free,2.14918796652,5.50084064316,261.710304886,1,1
1e+22,heldout,125,power,0.8,32768,1x,2.19716205657,3.95424930038,190.142756077,1,1
1e+22,heldout,125,power,0.8,32768,2x,2.19716205657,3.95424941994,190.14275065,1,1
1e+22,heldout,125,power,0.8,32768,3x,2.19716205657,3.95424941832,190.142750724,1,1
1e+22,heldout,125,power,0.8,32768,5x,2.19716205657,3.95424909947,190.142765195,1,1
1e+22,heldout,125,power,0.8,32768,free,2.19716205657,3.95424917457,190.142761787,1,1
1e+22,heldout,125,logarithmic,0.2,2048,1x,2.1485075194,5.44609129247,266.625196022,1,1
1e+22,heldout,125,logarithmic,0.2,2048,2x,2.1485075194,5.44609122645,266.62519903,1,1
1e+22,heldout,125,logarithmic,0.2,2048,3x,2.1485075194,5.44609102147,266.62520837,1,1
1e+22,heldout,125,logarithmic,0.2,2048,5x,2.1485075194,5.44609074725,266.625220865,1,1
1e+22,heldout,125,logarithmic,0.2,2048,free,2.1485075194,5.44609123286,266.625198738,1,1
1e+22,heldout,125,logarithmic,0.2,32768,1x,2.19662237667,3.92505666536,192.781648502,1,1
1e+22,heldout,125,logarithmic,0.2,32768,2x,2.19662237667,3.92505653346,192.781654656,1,1
1e+22,heldout,125,logarithmic,0.2,32768,3x,2.19662237667,3.92505665572,192.781648952,1,1
1e+22,heldout,125,logarithmic,0.2,32768,5x,2.19662237667,3.92505621117,192.781669693,1,1
1e+22,heldout,125,logarithmic,0.2,32768,free,2.19662237667,3.92505623911,192.781668389,1,1
1e+22,heldout,125,logarithmic,0.8,2048,1x,2.14405446976,5.13977238548,299.892999921,1,1
1e+22,heldout,125,logarithmic,0.8,2048,2x,2.14405166514,5.08173558073,303.276289793,1,1
1e+22,heldout,125,logarithmic,0.8,2048,3x,2.14405166514,5.08173544944,303.276297533,1,1
1e+22,heldout,125,logarithmic,0.8,2048,5x,2.14405166514,5.08173533416,303.27630433,1,1
1e+22,heldout,125,logarithmic,0.8,2048,free,2.14405166514,5.08173536457,303.276302537,1,1
1e+22,heldout,125,logarithmic,0.8,32768,1x,2.19313816687,3.73421073841,211.509817218,1,1
1e+22,heldout,125,logarithmic,0.8,32768,2x,2.19313816687,3.73421081494,211.509812921,1,1
1e+22,heldout,125,logarithmic,0.8,32768,3x,2.19313816687,3.73421089322,211.509808524,1,1
1e+22,heldout,125,logarithmic,0.8,32768,5x,2.19313816687,3.7342108935,211.509808509,1,1
1e+22,heldout,125,logarithmic,0.8,32768,free,2.19313816687,3.73421085596,211.509810617,1,1
1e+22,heldout,129,exponential,0.2,2048,1x,2.15115864398,5.65612227524,248.419011102,1,1
1e+22,heldout,129,exponential,0.2,2048,2x,2.15115864398,5.6561231768,248.418975441,1,1
1e+22,heldout,129,exponential,0.2,2048,3x,2.15115864398,5.65612300178,248.418982364,1,1
1e+22,heldout,129,exponential,0.2,2048,5x,2.15115864398,5.65612269389,248.418994542,1,1
1e+22,heldout,129,exponential,0.2,2048,free,2.15115864398,5.65612305828,248.418980129,1,1
1e+22,heldout,129,exponential,0.2,32768,1x,2.19872564489,4.03830477312,182.827557587,1,1
1e+22,heldout,129,exponential,0.2,32768,2x,2.19872564489,4.03830495962,182.827549761,1,1
1e+22,heldout,129,exponential,0.2,32768,3x,2.19872564489,4.03830530745,182.827535166,1,1
1e+22,heldout,129,exponential,0.2,32768,5x,2.19872564489,4.03830517945,182.827540537,1,1
1e+22,heldout,129,exponential,0.2,32768,free,2.19872564489,4.03830432615,182.827576343,1,1
1e+22,heldout,129,exponential,0.8,2048,1x,2.14893538341,5.47853470766,263.612975213,1,1
1e+22,heldout,129,exponential,0.8,2048,2x,2.14893538341,5.47853537068,263.612945682,1,1
1e+22,heldout,129,exponential,0.8,2048,3x,2.14893538341,5.478535361,263.612946112,1,1
1e+22,heldout,129,exponential,0.8,2048,5x,2.14893538341,5.47853536037,263.612946141,1,1
1e+22,heldout,129,exponential,0.8,2048,free,2.14893538341,5.4785360364,263.612916029,1,1
1e+22,heldout,129,exponential,0.8,32768,1x,2.19695214084,3.94295224692,191.1408908,1,1
1e+22,heldout,129,exponential,0.8,32768,2x,2.19695214084,3.94295211142,191.140897015,1,1
1e+22,heldout,129,exponential,0.8,32768,3x,2.19695214084,3.94295151974,191.140924152,1,1
1e+22,heldout,129,exponential,0.8,32768,5x,2.19695214084,3.94295220084,191.140892914,1,1
1e+22,heldout,129,exponential,0.8,32768,free,2.19695214084,3.94295158103,191.140921341,1,1
1e+22,heldout,129,power,0.2,2048,1x,2.15295332344,5.7981367907,237.215633638,1,1
1e+22,heldout,129,power,0.2,2048,2x,2.15295332344,5.79813622134,237.215654173,1,1
1e+22,heldout,129,power,0.2,2048,3x,2.15295332344,5.79813686351,237.215631012,1,1
1e+22,heldout,129,power,0.2,2048,5x,2.15295332344,5.79813720022,237.215618867,1,1
1e+22,heldout,129,power,0.2,2048,free,2.15295332344,5.79813685662,237.21563126,1,1
1e+22,heldout,129,power,0.2,32768,1x,2.20017060079,4.11536869268,176.507886157,1,1
1e+22,heldout,129,power,0.2,32768,2x,2.20017060079,4.11536840198,176.507897526,1,1
1e+22,heldout,129,power,0.2,32768,3x,2.20017060079,4.11536867339,176.507886912,1,1
1e+22,heldout,129,power,0.2,32768,5x,2.20017060079,4.11536833031,176.50790033,1,1
1e+22,heldout,129,power,0.2,32768,free,2.20017060079,4.11536858512,176.507890364,1,1
1e+22,heldout,129,power,0.8,2048,1x,2.14919004094,5.49898010605,261.792009479,1,1
1e+22,heldout,129,power,0.8,2048,2x,2.14919004094,5.49898020549,261.792005111,1,1
1e+22,heldout,129,power,0.8,2048,3x,2.14919004094,5.49897953166,261.792034711,1,1
1e+22,heldout,129,power,0.8,2048,5x,2.14919004094,5.49898018152,261.792006164,1,1
1e+22,heldout,129,power,0.8,2048,free,2.14919004094,5.49897997896,261.792015062,1,1
1e+22,heldout,129,power,0.8,32768,1x,2.19715430604,3.95386782279,190.160071632,1,1
1e+22,heldout,129,power,0.8,32768,2x,2.19715430604,3.9538677322,190.160075745,1,1
1e+22,heldout,129,power,0.8,32768,3x,2.19715430604,3.95386698761,190.160109545,1,1
1e+22,heldout,129,power,0.8,32768,5x,2.19715430604,3.95386766642,190.160078731,1,1
1e+22,heldout,129,power,0.8,32768,free,2.19715430604,3.95386697413,190.160110157,1,1
1e+22,heldout,129,logarithmic,0.2,2048,1x,2.14850953795,5.44428415119,266.707564218,1,1
1e+22,heldout,129,logarithmic,0.2,2048,2x,2.14850953795,5.44428330355,266.707602865,1,1
1e+22,heldout,129,logarithmic,0.2,2048,3x,2.14850953795,5.44428434105,266.707555562,1,1
1e+22,heldout,129,logarithmic,0.2,2048,5x,2.14850953795,5.44428429046,266.707557868,1,1
1e+22,heldout,129,logarithmic,0.2,2048,free,2.14850953795,5.44428416152,266.707563747,1,1
1e+22,heldout,129,logarithmic,0.2,32768,1x,2.19661466041,3.92470220822,192.798187175,1,1
1e+22,heldout,129,logarithmic,0.2,32768,2x,2.19661466041,3.92470224748,192.798185343,1,1
1e+22,heldout,129,logarithmic,0.2,32768,3x,2.19661466041,3.92470243456,192.798176613,1,1
1e+22,heldout,129,logarithmic,0.2,32768,5x,2.19661466041,3.92470262256,192.79816784,1,1
1e+22,heldout,129,logarithmic,0.2,32768,free,2.19661466041,3.92470255001,192.798171226,1,1
1e+22,heldout,129,logarithmic,0.8,2048,1x,2.14405632792,5.13977239904,299.892999139,1,1
1e+22,heldout,129,logarithmic,0.8,2048,2x,2.14405337884,5.08028812467,303.361646067,1,1
1e+22,heldout,129,logarithmic,0.8,2048,3x,2.14405337884,5.08028903633,303.361592291,1,1
1e+22,heldout,129,logarithmic,0.8,2048,5x,2.14405337884,5.08028865001,303.361615079,1,1
1e+22,heldout,129,logarithmic,0.8,2048,free,2.14405337884,5.0802889022,303.361600203,1,1
1e+22,heldout,129,logarithmic,0.8,32768,1x,2.19313073663,3.73404433399,211.519162952,1,1
1e+22,heldout,129,logarithmic,0.8,32768,2x,2.19313073663,3.73404378396,211.519193844,1,1
1e+22,heldout,129,logarithmic,0.8,32768,3x,2.19313073663,3.73404416152,211.519172639,1,1
1e+22,heldout,129,logarithmic,0.8,32768,5x,2.19313073663,3.73404411622,211.519175183,1,1
1e+22,heldout,129,logarithmic,0.8,32768,free,2.19313073663,3.73404367486,211.519199972,1,1
1e+22,heldout,184,exponential,0.2,2048,1x,2.15116006579,5.65504097941,248.461789044,1,1
1e+22,heldout,184,exponential,0.2,2048,2x,2.15116006579,5.65504111501,248.461783679,1,1
1e+22,heldout,184,exponential,0.2,2048,3x,2.15116006579,5.65504136215,248.4617739,1,1
1e+22,heldout,184,exponential,0.2,2048,5x,2.15116006579,5.65504124375,248.461778585,1,1
1e+22,heldout,184,exponential,0.2,2048,free,2.15116006579,5.65504110675,248.461784006,1,1
1e+22,heldout,184,exponential,0.2,32768,1x,2.19872715845,4.03761005059,182.856713876,1,1
1e+22,heldout,184,exponential,0.2,32768,2x,2.19872715845,4.03761015797,182.856709368,1,1
1e+22,heldout,184,exponential,0.2,32768,3x,2.19872715845,4.03761041343,182.856698645,1,1
1e+22,heldout,184,exponential,0.2,32768,5x,2.19872715845,4.03761041343,182.856698645,1,1
1e+22,heldout,184,exponential,0.2,32768,free,2.19872715845,4.03761011345,182.856711237,1,1
1e+22,heldout,184,exponential,0.8,2048,1x,2.14893636628,5.47745060276,263.66127168,1,1
1e+22,heldout,184,exponential,0.8,2048,2x,2.14893636628,5.47745055921,263.661273621,1,1
1e+22,heldout,184,exponential,0.8,2048,3x,2.14893636628,5.47745023556,263.661288042,1,1
1e+22,heldout,184,exponential,0.8,2048,5x,2.14893636628,5.47745124094,263.661243244,1,1
1e+22,heldout,184,exponential,0.8,2048,free,2.14893636628,5.47745056061,263.661273558,1,1
1e+22,heldout,184,exponential,0.8,32768,1x,2.19695333917,3.94225459509,191.172893524,1,1
1e+22,heldout,184,exponential,0.8,32768,2x,2.19695333917,3.94225459509,191.172893524,1,1
1e+22,heldout,184,exponential,0.8,32768,3x,2.19695333917,3.94225459509,191.172893524,1,1
1e+22,heldout,184,exponential,0.8,32768,5x,2.19695333917,3.94225459509,191.172893524,1,1
1e+22,heldout,184,exponential,0.8,32768,free,2.19695333917,3.94225508742,191.172870936,1,1
1e+22,heldout,184,power,0.2,2048,1x,2.15295508457,5.7970564724,237.254604554,1,1
1e+22,heldout,184,power,0.2,2048,2x,2.15295508457,5.79705612319,237.254617153,1,1
1e+22,heldout,184,power,0.2,2048,3x,2.15295508457,5.79705691812,237.254588473,1,1
1e+22,heldout,184,power,0.2,2048,5x,2.15295508457,5.79705557464,237.254636945,1,1
1e+22,heldout,184,power,0.2,2048,free,2.15295508457,5.79705597162,237.254622622,1,1
1e+22,heldout,184,power,0.2,32768,1x,2.20017236234,4.11467539728,176.535005649,1,1
1e+22,heldout,184,power,0.2,32768,2x,2.20017236234,4.11467539728,176.535005649,1,1
1e+22,heldout,184,power,0.2,32768,3x,2.20017236234,4.11467513873,176.535015764,1,1
1e+22,heldout,184,power,0.2,32768,5x,2.20017236234,4.11467589026,176.534986363,1,1
1e+22,heldout,184,power,0.2,32768,free,2.20017236234,4.1146760463,176.534980258,1,1
1e+22,heldout,184,power,0.8,2048,1x,2.1491910752,5.49789548932,261.839663445,1,1
1e+22,heldout,184,power,0.8,2048,2x,2.1491910752,5.49789579451,261.839650034,1,1
1e+22,heldout,184,power,0.8,2048,3x,2.1491910752,5.49789564398,261.839656648,1,1
1e+22,heldout,184,power,0.8,2048,5x,2.1491910752,5.49789512261,261.83967956,1,1
1e+22,heldout,184,power,0.8,2048,free,2.1491910752,5.49789564889,261.839656433,1,1
1e+22,heldout,184,power,0.8,32768,1x,2.19715554093,3.95317039922,190.191736369,1,1
1e+22,heldout,184,power,0.8,32768,2x,2.19715554093,3.95317063086,190.19172585,1,1
1e+22,heldout,184,power,0.8,32768,3x,2.19715554093,3.95317039964,190.19173635,1,1
1e+22,heldout,184,power,0.8,32768,5x,2.19715554093,3.95317048095,190.191732658,1,1
1e+22,heldout,184,power,0.8,32768,free,2.19715554093,3.95317082033,190.191717247,1,1
1e+22,heldout,184,logarithmic,0.2,2048,1x,2.14851043423,5.44319922684,266.75703874,1,1
1e+22,heldout,184,logarithmic,0.2,2048,2x,2.14851043423,5.44319860584,266.757067064,1,1
1e+22,heldout,184,logarithmic,0.2,2048,3x,2.14851043423,5.44319862084,266.75706638,1,1
1e+22,heldout,184,logarithmic,0.2,2048,5x,2.14851043423,5.44319810612,266.757089856,1,1
1e+22,heldout,184,logarithmic,0.2,2048,free,2.14851043423,5.44319845964,266.757073732,1,1
1e+22,heldout,184,logarithmic,0.2,32768,1x,2.19661579731,3.92400513063,192.830720509,1,1
1e+22,heldout,184,logarithmic,0.2,32768,2x,2.19661579731,3.92400499912,192.830726648,1,1
1e+22,heldout,184,logarithmic,0.2,32768,3x,2.19661579731,3.92400499665,192.830726763,1,1
1e+22,heldout,184,logarithmic,0.2,32768,5x,2.19661579731,3.92400442042,192.830753661,1,1
1e+22,heldout,184,logarithmic,0.2,32768,free,2.19661579731,3.92400477338,192.830737185,1,1
1e+22,heldout,184,logarithmic,0.8,2048,1x,2.14405637307,5.13977240621,299.892998726,1,1
1e+22,heldout,184,logarithmic,0.8,2048,2x,2.14405331349,5.07919064386,303.426396383,1,1
1e+22,heldout,184,logarithmic,0.8,2048,3x,2.14405331349,5.07919116261,303.426365771,1,1
1e+22,heldout,184,logarithmic,0.8,2048,5x,2.14405331349,5.07919075942,303.426389564,1,1
1e+22,heldout,184,logarithmic,0.8,2048,free,2.14405331349,5.07919104652,303.426372622,1,1
1e+22,heldout,184,logarithmic,0.8,32768,1x,2.19313120991,3.73333819061,211.558831112,1,1
1e+22,heldout,184,logarithmic,0.8,32768,2x,2.19313120991,3.73333793455,211.558845499,1,1
1e+22,heldout,184,logarithmic,0.8,32768,3x,2.19313120991,3.73333842241,211.558818088,1,1
1e+22,heldout,184,logarithmic,0.8,32768,5x,2.19313120991,3.73333877514,211.55879827,1,1
1e+22,heldout,184,logarithmic,0.8,32768,free,2.19313120991,3.73333855672,211.558810542,1,1
1e+22,heldout,199,exponential,0.2,2048,1x,2.15114906066,5.65496974274,248.464607808,1,1
1e+22,heldout,199,exponential,0.2,2048,2x,2.15114906066,5.65496996455,248.464599031,1,1
1e+22,heldout,199,exponential,0.2,2048,3x,2.15114906066,5.65497038264,248.464582488,1,1
1e+22,heldout,199,exponential,0.2,2048,5x,2.15114906066,5.65497054762,248.464575959,1,1
1e+22,heldout,199,exponential,0.2,2048,free,2.15114906066,5.65497039916,248.464581834,1,1
1e+22,heldout,199,exponential,0.2,32768,1x,2.19872094772,4.03753341272,182.859930803,1,1
1e+22,heldout,199,exponential,0.2,32768,2x,2.19872094772,4.03753300061,182.859948101,1,1
1e+22,heldout,199,exponential,0.2,32768,3x,2.19872094772,4.03753346431,182.859928637,1,1
1e+22,heldout,199,exponential,0.2,32768,5x,2.19872094772,4.03753337612,182.859932339,1,1
1e+22,heldout,199,exponential,0.2,32768,free,2.19872094772,4.03753304401,182.859946279,1,1
1e+22,heldout,199,exponential,0.8,2048,1x,2.148925097,5.47736421503,263.665120982,1,1
1e+22,heldout,199,exponential,0.8,2048,2x,2.148925097,5.47736422389,263.665120588,1,1
1e+22,heldout,199,exponential,0.8,2048,3x,2.148925097,5.47736407723,263.665127123,1,1
1e+22,heldout,199,exponential,0.8,2048,5x,2.148925097,5.47736449036,263.665108714,1,1
1e+22,heldout,199,exponential,0.8,2048,free,2.148925097,5.47736463819,263.665102127,1,1
1e+22,heldout,199,exponential,0.8,32768,1x,2.19694691972,3.94216889657,191.176825431,1,1
1e+22,heldout,199,exponential,0.8,32768,2x,2.19694691972,3.94216918992,191.176811971,1,1
1e+22,heldout,199,exponential,0.8,32768,3x,2.19694691972,3.94216865243,191.176836632,1,1
1e+22,heldout,199,exponential,0.8,32768,5x,2.19694691972,3.94216894874,191.176823037,1,1
1e+22,heldout,199,exponential,0.8,32768,free,2.19694691972,3.94216895653,191.176822679,1,1
1e+22,heldout,199,power,0.2,2048,1x,2.15294428734,5.79699748483,237.256732814,1,1
1e+22,heldout,199,power,0.2,2048,2x,2.15294428734,5.79699775434,237.25672309,1,1
1e+22,heldout,199,power,0.2,2048,3x,2.15294428734,5.79699783314,237.256720247,1,1
1e+22,heldout,199,power,0.2,2048,5x,2.15294428734,5.79699791236,237.256717388,1,1
1e+22,heldout,199,power,0.2,2048,free,2.15294428734,5.7969978613,237.256719231,1,1
1e+22,heldout,199,power,0.2,32768,1x,2.20016631805,4.11460513931,176.537754381,1,1
1e+22,heldout,199,power,0.2,32768,2x,2.20016631805,4.11460554086,176.53773867,1,1
1e+22,heldout,199,power,0.2,32768,3x,2.20016631805,4.11460507241,176.537756998,1,1
1e+22,heldout,199,power,0.2,32768,5x,2.20016631805,4.11460569613,176.537732595,1,1
1e+22,heldout,199,power,0.2,32768,free,2.20016631805,4.11460567849,176.537733286,1,1
1e+22,heldout,199,power,0.8,2048,1x,2.14917983657,5.49781102643,261.843375154,1,1
1e+22,heldout,199,power,0.8,2048,2x,2.14917983657,5.49781102643,261.843375154,1,1
1e+22,heldout,199,power,0.8,2048,3x,2.14917983657,5.49781069506,261.843389716,1,1
1e+22,heldout,199,power,0.8,2048,5x,2.14917983657,5.49781027636,261.843408116,1,1
1e+22,heldout,199,power,0.8,2048,free,2.14917983657,5.49781119487,261.843367751,1,1
1e+22,heldout,199,power,0.8,32768,1x,2.19714914554,3.95308574791,190.195580463,1,1
1e+22,heldout,199,power,0.8,32768,2x,2.19714914554,3.95308592085,190.19557261,1,1
1e+22,heldout,199,power,0.8,32768,3x,2.19714914554,3.95308599826,190.195569095,1,1
1e+22,heldout,199,power,0.8,32768,5x,2.19714914554,3.95308567498,190.195583775,1,1
1e+22,heldout,199,power,0.8,32768,free,2.19714914554,3.95308576289,190.195579783,1,1
1e+22,heldout,199,logarithmic,0.2,2048,1x,2.14849911345,5.44310859455,266.761172568,1,1
1e+22,heldout,199,logarithmic,0.2,2048,2x,2.14849911345,5.44310952064,266.761130327,1,1
1e+22,heldout,199,logarithmic,0.2,2048,3x,2.14849911345,5.44310935435,266.761137912,1,1
1e+22,heldout,199,logarithmic,0.2,2048,5x,2.14849911345,5.44310949134,266.761131663,1,1
1e+22,heldout,199,logarithmic,0.2,2048,free,2.14849911345,5.4431093642,266.761137463,1,1
1e+22,heldout,199,logarithmic,0.2,32768,1x,2.19660933756,3.92391742581,192.834814562,1,1
1e+22,heldout,199,logarithmic,0.2,32768,2x,2.19660933756,3.9239172061,192.834824818,1,1
1e+22,heldout,199,logarithmic,0.2,32768,3x,2.19660933756,3.92391750349,192.834810936,1,1
1e+22,heldout,199,logarithmic,0.2,32768,5x,2.19660933756,3.92391750561,192.834810837,1,1
1e+22,heldout,199,logarithmic,0.2,32768,free,2.19660933756,3.92391720037,192.834825086,1,1
1e+22,heldout,199,logarithmic,0.8,2048,1x,2.14404450625,5.13977239425,299.892999416,1,1
1e+22,heldout,199,logarithmic,0.8,2048,2x,2.14404143402,5.07906715428,303.43368388,1,1
1e+22,heldout,199,logarithmic,0.8,2048,3x,2.14404143402,5.0790673772,303.433670725,1,1
1e+22,heldout,199,logarithmic,0.8,2048,5x,2.14404143402,5.07906752892,303.433661771,1,1
1e+22,heldout,199,logarithmic,0.8,2048,free,2.14404143402,5.07906698008,303.433694161,1,1
1e+22,heldout,199,logarithmic,0.8,32768,1x,2.19312432203,3.73323315513,211.564732834,1,1
1e+22,heldout,199,logarithmic,0.8,32768,2x,2.19312432203,3.73323298038,211.564742653,1,1
1e+22,heldout,199,logarithmic,0.8,32768,3x,2.19312432203,3.73323298038,211.564742653,1,1
1e+22,heldout,199,logarithmic,0.8,32768,5x,2.19312432203,3.73323298038,211.564742653,1,1
1e+22,heldout,199,logarithmic,0.8,32768,free,2.19312432203,3.73323318612,211.564731093,1,1
1e+24,train,172,exponential,0.2,2048,1x,2.09338091704,11.965825,299.893,1,0.0242005370012
1e+24,train,172,exponential,0.2,2048,2x,2.01709989867,23.93165,599.786,1,0.0944023521778
1e+24,train,172,exponential,0.2,2048,3x,1.97940443907,35.897475,899.679,1,0.21060544553
1e+24,train,172,exponential,0.2,2048,5x,1.93807980398,59.829125,1499.465,1,0.581015466761
1e+24,train,172,exponential,0.2,2048,free,1.91390993501,40.7263203215,3773.00814088,1,1
1e+24,train,172,exponential,0.2,32768,1x,2.09338091704,11.965825,299.893,1,0.0462480792121
1e+24,train,172,exponential,0.2,32768,2x,2.01709989867,23.93165,599.786,1,0.182592521022
1e+24,train,172,exponential,0.2,32768,3x,1.97940443907,35.897475,899.679,1,0.409033325428
1e+24,train,172,exponential,0.2,32768,5x,1.94189803326,52.8058439219,1499.465,1,0.999999999613
1e+24,train,172,exponential,0.2,32768,free,1.93809155054,29.9064271139,2635.50161283,1,1
1e+24,train,172,exponential,0.8,2048,1x,2.09338091704,11.965825,299.893,1,0.023846092563
1e+24,train,172,exponential,0.8,2048,2x,2.01709989867,23.93165,599.786,1,0.0936934633015
1e+24,train,172,exponential,0.8,2048,3x,1.97940443907,35.897475,899.679,1,0.209542112215
1e+24,train,172,exponential,0.8,2048,5x,1.93807980398,59.829125,1499.465,1,0.57924324457
1e+24,train,172,exponential,0.8,2048,free,1.91375493973,40.5179974858,3809.1851121,1,1
1e+24,train,172,exponential,0.8,32768,1x,2.09338091704,11.965825,299.893,1,0.0458936347739
1e+24,train,172,exponential,0.8,32768,2x,2.01709989867,23.93165,599.786,1,0.181883632145
1e+24,train,172,exponential,0.8,32768,3x,1.97940443907,35.897475,899.679,1,0.407969992114
1e+24,train,172,exponential,0.8,32768,5x,1.9418424168,52.899992474,1499.465,1,0.999999999998
1e+24,train,172,exponential,0.8,32768,free,1.93797197168,29.7991618761,2653.18183611,1,1
1e+24,train,172,power,0.2,2048,1x,2.09338091704,11.965825,299.893,1,0.0244977049437
1e+24,train,172,power,0.2,2048,2x,2.01709989867,23.93165,599.786,1,0.094996688063
1e+24,train,172,power,0.2,2048,3x,1.97940443907,35.897475,899.679,1,0.211496949358
1e+24,train,172,power,0.2,2048,5x,1.93807980398,59.829125,1499.465,1,0.582501306474
1e+24,train,172,power,0.2,2048,free,1.91403907067,40.899485316,3743.33675182,1,1
1e+24,train,172,power,0.2,32768,1x,2.09338091704,11.965825,299.893,1,0.0465452471547
1e+24,train,172,power,0.2,32768,2x,2.01709989867,23.93165,599.786,1,0.183186856907
1e+24,train,172,power,0.2,32768,3x,1.97940443907,35.897475,899.679,1,0.409924829256
1e+24,train,172,power,0.2,32768,5x,1.94194476487,52.7269093258,1499.465,1,0.999999999446
1e+24,train,172,power,0.2,32768,free,1.93819136525,29.995813977,2620.90599506,1,1
1e+24,train,172,power,0.8,2048,1x,2.09338091704,11.965825,299.893,1,0.0238859232237
1e+24,train,172,power,0.8,2048,2x,2.01709989867,23.93165,599.786,1,0.093773124623
1e+24,train,172,power,0.8,2048,3x,1.97940443907,35.897475,899.679,1,0.209661604198
1e+24,train,172,power,0.8,2048,5x,1.93807980398,59.829125,1499.465,1,0.579442397874
1e+24,train,172,power,0.8,2048,free,1.91377241058,40.5415075137,3805.07590685,1,1
1e+24,train,172,power,0.8,32768,1x,2.09338091704,11.965825,299.893,1,0.0459334654347
1e+24,train,172,power,0.8,32768,2x,2.01709989867,23.93165,599.786,1,0.181963293467
1e+24,train,172,power,0.8,32768,3x,1.97940443907,35.897475,899.679,1,0.408089484096
1e+24,train,172,power,0.8,32768,5x,1.94184866008,52.8894125424,1499.46499998,1,1
1e+24,train,172,power,0.8,32768,free,1.93798543811,29.8112526191,2651.17995183,1,1
1e+24,train,172,logarithmic,0.2,2048,1x,2.09338091704,11.965825,299.893,1,0.0237799308317
1e+24,train,172,logarithmic,0.2,2048,2x,2.01709989867,23.93165,599.786,1,0.0935611398388
1e+24,train,172,logarithmic,0.2,2048,3x,1.97940443907,35.897475,899.679,1,0.209343627021
1e+24,train,172,logarithmic,0.2,2048,5x,1.93807980398,59.829125,1499.465,1,0.578912435913
1e+24,train,172,logarithmic,0.2,2048,free,1.91372588927,40.4788915565,3816.03550284,1,1
1e+24,train,172,logarithmic,0.2,32768,1x,2.09338091704,11.965825,299.893,1,0.0458274730426
1e+24,train,172,logarithmic,0.2,32768,2x,2.01709989867,23.93165,599.786,1,0.181751308682
1e+24,train,172,logarithmic,0.2,32768,3x,1.97940443907,35.897475,899.679,1,0.40777150692
1e+24,train,172,logarithmic,0.2,32768,5x,1.94183204996,52.9175665154,1499.465,1,0.99999999954
1e+24,train,172,logarithmic,0.2,32768,free,1.93794958672,29.779059591,2656.51545909,1,1
1e+24,train,172,logarithmic,0.8,2048,1x,2.09338091704,11.965825,299.893,1,0.0231209985615
1e+24,train,172,logarithmic,0.8,2048,2x,2.01709989867,23.93165,599.786,1,0.0922432752985
1e+24,train,172,logarithmic,0.8,2048,3x,1.97940443907,35.897475,899.679,1,0.207366830211
1e+24,train,172,logarithmic,0.8,2048,5x,1.93807980398,59.829125,1499.465,1,0.575617774562
1e+24,train,172,logarithmic,0.8,2048,free,1.91343448276,40.0855784902,3886.00232972,1,1
1e+24,train,172,logarithmic,0.8,32768,1x,2.09338091704,11.965825,299.893,1,0.0451685407724
1e+24,train,172,logarithmic,0.8,32768,2x,2.01709989867,23.93165,599.786,1,0.180433444142
1e+24,train,172,logarithmic,0.8,32768,3x,1.97940443907,35.897475,899.679,1,0.405794710109
1e+24,train,172,logarithmic,0.8,32768,5x,1.94172905328,53.0925939894,1499.46499997,1,1
1e+24,train,172,logarithmic,0.8,32768,free,1.93772552985,29.5774817362,2690.30392001,1,1
1e+24,train,124,exponential,0.2,2048,1x,2.09339280257,11.965825,299.893,1,0.0242005370012
1e+24,train,124,exponential,0.2,2048,2x,2.01711759947,23.93165,599.786,1,0.0944023521778
1e+24,train,124,exponential,0.2,2048,3x,1.97942515256,35.897475,899.679,1,0.21060544553
1e+24,train,124,exponential,0.2,2048,5x,1.938103976,59.829125,1499.465,1,0.581015466761
1e+24,train,124,exponential,0.2,2048,free,1.91394627234,40.75546839,3770.35041512,1,1
1e+24,train,124,exponential,0.2,32768,1x,2.09339280257,11.965825,299.893,1,0.0462480792121
1e+24,train,124,exponential,0.2,32768,2x,2.01711759947,23.93165,599.786,1,0.182592521022
1e+24,train,124,exponential,0.2,32768,3x,1.97942515256,35.897475,899.679,1,0.409033325428
1e+24,train,124,exponential,0.2,32768,5x,1.94192285057,52.8058439374,1499.465,1,0.999999999904
1e+24,train,124,exponential,0.2,32768,free,1.93812560601,29.926248639,2633.77439461,1,1
1e+24,train,124,exponential,0.8,2048,1x,2.09339280257,11.965825,299.893,1,0.023846092563
1e+24,train,124,exponential,0.8,2048,2x,2.01711759947,23.93165,599.786,1,0.0936934633015
1e+24,train,124,exponential,0.8,2048,3x,1.97942515256,35.897475,899.679,1,0.209542112215
1e+24,train,124,exponential,0.8,2048,5x,1.938103976,59.829125,1499.465,1,0.57924324457
1e+24,train,124,exponential,0.8,2048,free,1.91379140287,40.547145477,3806.47620099,1,1
1e+24,train,124,exponential,0.8,32768,1x,2.09339280257,11.965825,299.893,1,0.0458936347739
1e+24,train,124,exponential,0.8,32768,2x,2.01711759947,23.93165,599.786,1,0.181883632145
1e+24,train,124,exponential,0.8,32768,3x,1.97942515256,35.897475,899.679,1,0.407969992114
1e+24,train,124,exponential,0.8,32768,5x,1.94186722493,52.8999924751,1499.46499997,1,1
1e+24,train,124,exponential,0.8,32768,free,1.9380061179,29.8189876584,2651.43099811,1,1
1e+24,train,124,power,0.2,2048,1x,2.09339280257,11.965825,299.893,1,0.0244977049437
1e+24,train,124,power,0.2,2048,2x,2.01711759947,23.93165,599.786,1,0.094996688063
1e+24,train,124,power,0.2,2048,3x,1.97942515256,35.897475,899.679,1,0.211496949358
1e+24,train,124,power,0.2,2048,5x,1.938103976,59.829125,1499.465,1,0.582501306474
1e+24,train,124,power,0.2,2048,free,1.91407530382,40.928624024,3740.72148808,1,1
1e+24,train,124,power,0.2,32768,1x,2.09339280257,11.965825,299.893,1,0.0465452471547
1e+24,train,124,power,0.2,32768,2x,2.01711759947,23.93165,599.786,1,0.183186856907
1e+24,train,124,power,0.2,32768,3x,1.97942515256,35.897475,899.679,1,0.409924829256
1e+24,train,124,power,0.2,32768,5x,1.94196958989,52.7269093547,1499.465,1,0.99999999999
1e+24,train,124,power,0.2,32768,free,1.93822534531,30.0156363695,2619.19777391,1,1
1e+24,train,124,power,0.8,2048,1x,2.09339280257,11.965825,299.893,1,0.0238859232237
1e+24,train,124,power,0.8,2048,2x,2.01711759947,23.93165,599.786,1,0.093773124623
1e+24,train,124,power,0.8,2048,3x,1.97942515256,35.897475,899.679,1,0.209661604198
1e+24,train,124,power,0.8,2048,5x,1.938103976,59.829125,1499.465,1,0.579442397874
1e+24,train,124,power,0.8,2048,free,1.9138088595,40.5706599162,3802.37242626,1,1
1e+24,train,124,power,0.8,32768,1x,2.09339280257,11.965825,299.893,1,0.0459334654347
1e+24,train,124,power,0.8,32768,2x,2.01711759947,23.93165,599.786,1,0.181963293467
1e+24,train,124,power,0.8,32768,3x,1.97942515256,35.897475,899.679,1,0.408089484096
1e+24,train,124,power,0.8,32768,5x,1.94187346923,52.8894125404,1499.465,1,0.999999999977
1e+24,train,124,power,0.8,32768,free,1.93801957409,29.8310753003,2649.43202732,1,1
1e+24,train,124,logarithmic,0.2,2048,1x,2.09339280257,11.965825,299.893,1,0.0237799308317
1e+24,train,124,logarithmic,0.2,2048,2x,2.01711759947,23.93165,599.786,1,0.0935611398388
1e+24,train,124,logarithmic,0.2,2048,3x,1.97942515256,35.897475,899.679,1,0.209343627021
1e+24,train,124,logarithmic,0.2,2048,5x,1.938103976,59.829125,1499.465,1,0.578912435913
1e+24,train,124,logarithmic,0.2,2048,free,1.91376237608,40.5080516286,3813.31571711,1,1
1e+24,train,124,logarithmic,0.2,32768,1x,2.09339280257,11.965825,299.893,1,0.0458274730426
1e+24,train,124,logarithmic,0.2,32768,2x,2.01711759947,23.93165,599.786,1,0.181751308682
1e+24,train,124,logarithmic,0.2,32768,3x,1.97942515256,35.897475,899.679,1,0.40777150692
1e+24,train,124,logarithmic,0.2,32768,5x,1.94185685636,52.9175665363,1499.465,1,0.999999999934
1e+24,train,124,logarithmic,0.2,32768,free,1.93798374997,29.7988873815,2654.76004239,1,1
1e+24,train,124,logarithmic,0.8,2048,1x,2.09339280257,11.965825,299.893,1,0.0231209985615
1e+24,train,124,logarithmic,0.8,2048,2x,2.01711759947,23.93165,599.786,1,0.0922432752985
1e+24,train,124,logarithmic,0.8,2048,3x,1.97942515256,35.897475,899.679,1,0.207366830211
1e+24,train,124,logarithmic,0.8,2048,5x,1.938103976,59.829125,1499.465,1,0.575617774562
1e+24,train,124,logarithmic,0.8,2048,free,1.9134712087,40.1147463218,3883.18118229,1,1
1e+24,train,124,logarithmic,0.8,32768,1x,2.09339280257,11.965825,299.893,1,0.0451685407724
1e+24,train,124,logarithmic,0.8,32768,2x,2.01711759947,23.93165,599.786,1,0.180433444142
1e+24,train,124,logarithmic,0.8,32768,3x,1.97942515256,35.897475,899.679,1,0.405794710109
1e+24,train,124,logarithmic,0.8,32768,5x,1.94175384265,53.092593988,1499.465,1,0.999999999995
1e+24,train,124,logarithmic,0.8,32768,free,1.93775986443,29.5973125756,2688.50330319,1,1
1e+24,train,88,exponential,0.2,2048,1x,2.09338177153,11.965825,299.893,1,0.0242005370012
1e+24,train,88,exponential,0.2,2048,2x,2.01709662076,23.93165,599.786,1,0.0944023521778
1e+24,train,88,exponential,0.2,2048,3x,1.9793987691,35.897475,899.679,1,0.21060544553
1e+24,train,88,exponential,0.2,2048,5x,1.93807123971,59.829125,1499.465,1,0.581015466761
1e+24,train,88,exponential,0.2,2048,free,1.91391238115,40.7624809187,3769.71157023,1,1
1e+24,train,88,exponential,0.2,32768,1x,2.09338177153,11.965825,299.893,1,0.0462480792121
1e+24,train,88,exponential,0.2,32768,2x,2.01709662076,23.93165,599.786,1,0.182592521022
1e+24,train,88,exponential,0.2,32768,3x,1.9793987691,35.897475,899.679,1,0.409033325428
1e+24,train,88,exponential,0.2,32768,5x,1.94189102227,52.8058439413,1499.465,1,0.999999999978
1e+24,train,88,exponential,0.2,32768,free,1.93809558416,29.9309159837,2633.36801838,1,1
1e+24,train,88,exponential,0.8,2048,1x,2.09338177153,11.965825,299.893,1,0.023846092563
1e+24,train,88,exponential,0.8,2048,2x,2.01709662076,23.93165,599.786,1,0.0936934633015
1e+24,train,88,exponential,0.8,2048,3x,1.9793987691,35.897475,899.679,1,0.209542112215
1e+24,train,88,exponential,0.8,2048,5x,1.93807123971,59.829125,1499.465,1,0.57924324457
1e+24,train,88,exponential,0.8,2048,free,1.91375751293,40.5541452113,3805.82624409,1,1
1e+24,train,88,exponential,0.8,32768,1x,2.09338177153,11.965825,299.893,1,0.0458936347739
1e+24,train,88,exponential,0.8,32768,2x,2.01709662076,23.93165,599.786,1,0.181883632145
1e+24,train,88,exponential,0.8,32768,3x,1.9793987691,35.897475,899.679,1,0.407969992114
1e+24,train,88,exponential,0.8,32768,5x,1.94183538357,52.8999924747,1499.46499998,1,1
1e+24,train,88,exponential,0.8,32768,free,1.93797609609,29.8236462267,2651.01992973,1,1
1e+24,train,88,power,0.2,2048,1x,2.09338177153,11.965825,299.893,1,0.0244977049437
1e+24,train,88,power,0.2,2048,2x,2.01709662076,23.93165,599.786,1,0.094996688063
1e+24,train,88,power,0.2,2048,3x,1.9793987691,35.897475,899.679,1,0.211496949358
1e+24,train,88,power,0.2,2048,5x,1.93807123971,59.829125,1499.465,1,0.582501306474
1e+24,train,88,power,0.2,2048,free,1.91404141165,40.9356669659,3740.08991669,1,1
1e+24,train,88,power,0.2,32768,1x,2.09338177153,11.965825,299.893,1,0.0465452471547
1e+24,train,88,power,0.2,32768,2x,2.01709662076,23.93165,599.786,1,0.183186856907
1e+24,train,88,power,0.2,32768,3x,1.9793987691,35.897475,899.679,1,0.409924829256
1e+24,train,88,power,0.2,32768,5x,1.94193777258,52.7269093506,1499.465,1,0.999999999913
1e+24,train,88,power,0.2,32768,free,1.93819532345,30.0203143474,2618.79496762,1,1
1e+24,train,88,power,0.8,2048,1x,2.09338177153,11.965825,299.893,1,0.0238859232237
1e+24,train,88,power,0.8,2048,2x,2.01709662076,23.93165,599.786,1,0.093773124623
1e+24,train,88,power,0.8,2048,3x,1.9793987691,35.897475,899.679,1,0.209661604198
1e+24,train,88,power,0.8,2048,5x,1.93807123971,59.829125,1499.465,1,0.579442397874
1e+24,train,88,power,0.8,2048,free,1.91377496941,40.5776593938,3801.7238937,1,1
1e+24,train,88,power,0.8,32768,1x,2.09338177153,11.965825,299.893,1,0.0459334654347
1e+24,train,88,power,0.8,32768,2x,2.01709662076,23.93165,599.786,1,0.181963293467
1e+24,train,88,power,0.8,32768,3x,1.9793987691,35.897475,899.679,1,0.408089484096
1e+24,train,88,power,0.8,32768,5x,1.94184162934,52.8894125399,1499.465,1,0.999999999968
1e+24,train,88,power,0.8,32768,free,1.93798955228,29.8357363696,2649.02135817,1,1
1e+24,train,88,logarithmic,0.2,2048,1x,2.09338177153,11.965825,299.893,1,0.0237799308317
1e+24,train,88,logarithmic,0.2,2048,2x,2.01709662076,23.93165,599.786,1,0.0935611398388
1e+24,train,88,logarithmic,0.2,2048,3x,1.9793987691,35.897475,899.679,1,0.209343627021
1e+24,train,88,logarithmic,0.2,2048,5x,1.93807123971,59.829125,1499.465,1,0.578912435913
1e+24,train,88,logarithmic,0.2,2048,free,1.91372848639,40.515038335,3812.66463646,1,1
1e+24,train,88,logarithmic,0.2,32768,1x,2.09338177153,11.965825,299.893,1,0.0458274730426
1e+24,train,88,logarithmic,0.2,32768,2x,2.01709662076,23.93165,599.786,1,0.181751308682
1e+24,train,88,logarithmic,0.2,32768,3x,1.9793987691,35.897475,899.679,1,0.40777150692
1e+24,train,88,logarithmic,0.2,32768,5x,1.94182501257,52.9175665304,1499.465,1,0.999999999824
1e+24,train,88,logarithmic,0.2,32768,free,1.93795372818,29.8035410133,2654.34837781,1,1
1e+24,train,88,logarithmic,0.8,2048,1x,2.09338177153,11.965825,299.893,1,0.0231209985615
1e+24,train,88,logarithmic,0.8,2048,2x,2.01709662076,23.93165,599.786,1,0.0922432752985
1e+24,train,88,logarithmic,0.8,2048,3x,1.9793987691,35.897475,899.679,1,0.207366830211
1e+24,train,88,logarithmic,0.8,2048,5x,1.93807123971,59.829125,1499.465,1,0.575617774562
1e+24,train,88,logarithmic,0.8,2048,free,1.9134373217,40.1217038965,3882.50884235,1,1
1e+24,train,88,logarithmic,0.8,32768,1x,2.09338177153,11.965825,299.893,1,0.0451685407724
1e+24,train,88,logarithmic,0.8,32768,2x,2.01709662076,23.93165,599.786,1,0.180433444142
1e+24,train,88,logarithmic,0.8,32768,3x,1.9793987691,35.897475,899.679,1,0.405794710109
1e+24,train,88,logarithmic,0.8,32768,5x,1.94172197464,53.0925939885,1499.46499999,1,1
1e+24,train,88,logarithmic,0.8,32768,free,1.9377298429,29.601947828,2688.08277521,1,1
1e+24,heldout,8,exponential,0.2,2048,1x,2.09338103383,11.965825,299.893,1,0.0242005370012
1e+24,heldout,8,exponential,0.2,2048,2x,2.01709104417,23.93165,599.786,1,0.0944023521778
1e+24,heldout,8,exponential,0.2,2048,3x,1.97939037056,35.897475,899.679,1,0.21060544553
1e+24,heldout,8,exponential,0.2,2048,5x,1.93805936155,59.829125,1499.465,1,0.581015466761
1e+24,heldout,8,exponential,0.2,2048,free,1.91389832359,40.761811141,3769.77257797,1,1
1e+24,heldout,8,exponential,0.2,32768,1x,2.09338103383,11.965825,299.893,1,0.0462480792121
1e+24,heldout,8,exponential,0.2,32768,2x,2.01709104417,23.93165,599.786,1,0.182592521022
1e+24,heldout,8,exponential,0.2,32768,3x,1.97939037056,35.897475,899.679,1,0.409033325428
1e+24,heldout,8,exponential,0.2,32768,5x,1.94187951924,52.8058439284,1499.465,1,0.999999999735
1e+24,heldout,8,exponential,0.2,32768,free,1.93808378811,29.9304644927,2633.40732331,1,1
1e+24,heldout,8,exponential,0.8,2048,1x,2.09338103383,11.965825,299.893,1,0.023846092563
1e+24,heldout,8,exponential,0.8,2048,2x,2.01709104417,23.93165,599.786,1,0.0936934633015
1e+24,heldout,8,exponential,0.8,2048,3x,1.97939037056,35.897475,899.679,1,0.209542112215
1e+24,heldout,8,exponential,0.8,2048,5x,1.93805936155,59.829125,1499.465,1,0.57924324457
1e+24,heldout,8,exponential,0.8,2048,free,1.91374343775,40.553461056,3805.88976121,1,1
1e+24,heldout,8,exponential,0.8,32768,1x,2.09338103383,11.965825,299.893,1,0.0458936347739
1e+24,heldout,8,exponential,0.8,32768,2x,2.01709104417,23.93165,599.786,1,0.181883632145
1e+24,heldout,8,exponential,0.8,32768,3x,1.97939037056,35.897475,899.679,1,0.407969992114
1e+24,heldout,8,exponential,0.8,32768,5x,1.94182387514,52.8999924715,1499.465,1,0.999999999952
1e+24,heldout,8,exponential,0.8,32768,free,1.93796428745,29.8231809114,2651.06098305,1,1
1e+24,heldout,8,power,0.2,2048,1x,2.09338103383,11.965825,299.893,1,0.0244977049437
1e+24,heldout,8,power,0.2,2048,2x,2.01709104417,23.93165,599.786,1,0.094996688063
1e+24,heldout,8,power,0.2,2048,3x,1.97939037056,35.897475,899.679,1,0.211496949358
1e+24,heldout,8,power,0.2,2048,5x,1.93805936155,59.829125,1499.465,1,0.582501306474
1e+24,heldout,8,power,0.2,2048,free,1.91402736871,40.9350126848,3740.14857995,1,1
1e+24,heldout,8,power,0.2,32768,1x,2.09338103383,11.965825,299.893,1,0.0465452471547
1e+24,heldout,8,power,0.2,32768,2x,2.01709104417,23.93165,599.786,1,0.183186856907
1e+24,heldout,8,power,0.2,32768,3x,1.97939037056,35.897475,899.679,1,0.409924829256
1e+24,heldout,8,power,0.2,32768,5x,1.94192627407,52.7269093552,1499.465,1,0.999999999998
1e+24,heldout,8,power,0.2,32768,free,1.93818353788,30.0198718483,2618.83306455,1,1
1e+24,heldout,8,power,0.8,2048,1x,2.09338103383,11.965825,299.893,1,0.0238859232237
1e+24,heldout,8,power,0.8,2048,2x,2.01709104417,23.93165,599.786,1,0.093773124623
1e+24,heldout,8,power,0.8,2048,3x,1.97939037056,35.897475,899.679,1,0.209661604198
1e+24,heldout,8,power,0.8,2048,5x,1.93805936155,59.829125,1499.465,1,0.579442397874
1e+24,heldout,8,power,0.8,2048,free,1.91376089622,40.57696746,3801.78799458,1,1
1e+24,heldout,8,power,0.8,32768,1x,2.09338103383,11.965825,299.893,1,0.0459334654347
1e+24,heldout,8,power,0.8,32768,2x,2.01709104417,23.93165,599.786,1,0.181963293467
1e+24,heldout,8,power,0.8,32768,3x,1.97939037056,35.897475,899.679,1,0.408089484096
1e+24,heldout,8,power,0.8,32768,5x,1.94183012152,52.8894125392,1499.465,1,0.999999999954
1e+24,heldout,8,power,0.8,32768,free,1.93797774505,29.8352721939,2649.06224922,1,1
1e+24,heldout,8,logarithmic,0.2,2048,1x,2.09338103383,11.965825,299.893,1,0.0237799308317
1e+24,heldout,8,logarithmic,0.2,2048,2x,2.01709104417,23.93165,599.786,1,0.0935611398388
1e+24,heldout,8,logarithmic,0.2,2048,3x,1.97939037056,35.897475,899.679,1,0.209343627021
1e+24,heldout,8,logarithmic,0.2,2048,5x,1.93805936155,59.829125,1499.465,1,0.578912435913
1e+24,heldout,8,logarithmic,0.2,2048,free,1.91371440789,40.5143494236,3812.72882519,1,1
1e+24,heldout,8,logarithmic,0.2,32768,1x,2.09338103383,11.965825,299.893,1,0.0458274730426
1e+24,heldout,8,logarithmic,0.2,32768,2x,2.01709104417,23.93165,599.786,1,0.181751308682
1e+24,heldout,8,logarithmic,0.2,32768,3x,1.97939037056,35.897475,899.679,1,0.40777150692
1e+24,heldout,8,logarithmic,0.2,32768,5x,1.94181350313,52.9175665337,1499.465,1,0.999999999885
1e+24,heldout,8,logarithmic,0.2,32768,free,1.93794191717,29.8030803574,2654.38912216,1,1
1e+24,heldout,8,logarithmic,0.8,2048,1x,2.09338103383,11.965825,299.893,1,0.0231209985615
1e+24,heldout,8,logarithmic,0.8,2048,2x,2.01709104417,23.93165,599.786,1,0.0922432752985
1e+24,heldout,8,logarithmic,0.8,2048,3x,1.97939037056,35.897475,899.679,1,0.207366830211
1e+24,heldout,8,logarithmic,0.8,2048,5x,1.93805936155,59.829125,1499.465,1,0.575617774562
1e+24,heldout,8,logarithmic,0.8,2048,free,1.91342320976,40.1209662328,3882.58011488,1,1
1e+24,heldout,8,logarithmic,0.8,32768,1x,2.09338103383,11.965825,299.893,1,0.0451685407724
1e+24,heldout,8,logarithmic,0.8,32768,2x,2.01709104417,23.93165,599.786,1,0.180433444142
1e+24,heldout,8,logarithmic,0.8,32768,3x,1.97939037056,35.897475,899.679,1,0.405794710109
1e+24,heldout,8,logarithmic,0.8,32768,5x,1.94171045521,53.0925939891,1499.46499998,1,1
1e+24,heldout,8,logarithmic,0.8,32768,free,1.9377180081,29.6014636831,2688.12669255,1,1
1e+24,heldout,12,exponential,0.2,2048,1x,2.09339122337,11.965825,299.893,1,0.0242005370012
1e+24,heldout,12,exponential,0.2,2048,2x,2.01711830547,23.93165,599.786,1,0.0944023521778
1e+24,heldout,12,exponential,0.2,2048,3x,1.97942724888,35.897475,899.679,1,0.21060544553
1e+24,heldout,12,exponential,0.2,2048,5x,1.93810784566,59.829125,1499.465,1,0.581015466761
1e+24,heldout,12,exponential,0.2,2048,free,1.91395765861,40.7742946889,3768.63581928,1,1
1e+24,heldout,12,exponential,0.2,32768,1x,2.09339122337,11.965825,299.893,1,0.0462480792121
1e+24,heldout,12,exponential,0.2,32768,2x,2.01711830547,23.93165,599.786,1,0.182592521022
1e+24,heldout,12,exponential,0.2,32768,3x,1.97942724888,35.897475,899.679,1,0.409033325428
1e+24,heldout,12,exponential,0.2,32768,5x,1.94192715786,52.8058439436,1499.46499997,1,1
1e+24,heldout,12,exponential,0.2,32768,free,1.93813582445,29.9392965763,2632.63865186,1,1
1e+24,heldout,12,exponential,0.8,2048,1x,2.09339122337,11.965825,299.893,1,0.023846092563
1e+24,heldout,12,exponential,0.8,2048,2x,2.01711830547,23.93165,599.786,1,0.0936934633015
1e+24,heldout,12,exponential,0.8,2048,3x,1.97942724888,35.897475,899.679,1,0.209542112215
1e+24,heldout,12,exponential,0.8,2048,5x,1.93810784566,59.829125,1499.465,1,0.57924324457
1e+24,heldout,12,exponential,0.8,2048,free,1.91380286859,40.5659947549,3804.72646629,1,1
1e+24,heldout,12,exponential,0.8,32768,1x,2.09339122337,11.965825,299.893,1,0.0458936347739
1e+24,heldout,12,exponential,0.8,32768,2x,2.01711830547,23.93165,599.786,1,0.181883632145
1e+24,heldout,12,exponential,0.8,32768,3x,1.97942724888,35.897475,899.679,1,0.407969992114
1e+24,heldout,12,exponential,0.8,32768,5x,1.94187152593,52.8999924673,1499.465,1,0.999999999873
1e+24,heldout,12,exponential,0.8,32768,free,1.93801639419,29.832041203,2650.27948537,1,1
1e+24,heldout,12,power,0.2,2048,1x,2.09339122337,11.965825,299.893,1,0.0244977049437
1e+24,heldout,12,power,0.2,2048,2x,2.01711830547,23.93165,599.786,1,0.094996688063
1e+24,heldout,12,power,0.2,2048,3x,1.97942724888,35.897475,899.679,1,0.211496949358
1e+24,heldout,12,power,0.2,2048,5x,1.93810784566,59.829125,1499.465,1,0.582501306474
1e+24,heldout,12,power,0.2,2048,free,1.91408662432,40.9474499688,3739.03376003,1,1
1e+24,heldout,12,power,0.2,32768,1x,2.09339122337,11.965825,299.893,1,0.0465452471547
1e+24,heldout,12,power,0.2,32768,2x,2.01711830547,23.93165,599.786,1,0.183186856907
1e+24,heldout,12,power,0.2,32768,3x,1.97942724888,35.897475,899.679,1,0.409924829256
1e+24,heldout,12,power,0.2,32768,5x,1.94197390248,52.7269093552,1499.465,1,1
1e+24,heldout,12,power,0.2,32768,free,1.93823551566,30.0286816274,2618.07479578,1,1
1e+24,heldout,12,power,0.8,2048,1x,2.09339122337,11.965825,299.893,1,0.0238859232237
1e+24,heldout,12,power,0.8,2048,2x,2.01711830547,23.93165,599.786,1,0.093773124623
1e+24,heldout,12,power,0.8,2048,3x,1.97942724888,35.897475,899.679,1,0.209661604198
1e+24,heldout,12,power,0.8,2048,5x,1.93810784566,59.829125,1499.465,1,0.579442397874
1e+24,heldout,12,power,0.8,2048,free,1.91382031623,40.589494021,3800.62786626,1,1
1e+24,heldout,12,power,0.8,32768,1x,2.09339122337,11.965825,299.893,1,0.0459334654347
1e+24,heldout,12,power,0.8,32768,2x,2.01711830547,23.93165,599.786,1,0.181963293467
1e+24,heldout,12,power,0.8,32768,3x,1.97942724888,35.897475,899.679,1,0.408089484096
1e+24,heldout,12,power,0.8,32768,5x,1.94187777094,52.8894125409,1499.465,1,0.999999999987
1e+24,heldout,12,power,0.8,32768,free,1.93802984385,29.8441309656,2648.28206314,1,1
1e+24,heldout,12,logarithmic,0.2,2048,1x,2.09339122337,11.965825,299.893,1,0.0237799308317
1e+24,heldout,12,logarithmic,0.2,2048,2x,2.01711830547,23.93165,599.786,1,0.0935611398388
1e+24,heldout,12,logarithmic,0.2,2048,3x,1.97942724888,35.897475,899.679,1,0.209343627021
1e+24,heldout,12,logarithmic,0.2,2048,5x,1.93810784566,59.829125,1499.465,1,0.578912435913
1e+24,heldout,12,logarithmic,0.2,2048,free,1.91377385675,40.5268927943,3811.56044573,1,1
1e+24,heldout,12,logarithmic,0.2,32768,1x,2.09339122337,11.965825,299.893,1,0.0458274730426
1e+24,heldout,12,logarithmic,0.2,32768,2x,2.01711830547,23.93165,599.786,1,0.181751308682
1e+24,heldout,12,logarithmic,0.2,32768,3x,1.97942724888,35.897475,899.679,1,0.40777150692
1e+24,heldout,12,logarithmic,0.2,32768,5x,1.94186115618,52.9175665403,1499.46499999,1,1
1e+24,heldout,12,logarithmic,0.2,32768,free,1.93799403713,29.8119431931,2653.60543646,1,1
1e+24,heldout,12,logarithmic,0.8,2048,1x,2.09339122337,11.965825,299.893,1,0.0231209985615
1e+24,heldout,12,logarithmic,0.8,2048,2x,2.01711830547,23.93165,599.786,1,0.0922432752985
1e+24,heldout,12,logarithmic,0.8,2048,3x,1.97942724888,35.897475,899.679,1,0.207366830211
1e+24,heldout,12,logarithmic,0.8,2048,5x,1.93810784566,59.829125,1499.465,1,0.575617774562
1e+24,heldout,12,logarithmic,0.8,2048,free,1.91348284046,40.1336050684,3881.35932122,1,1
1e+24,heldout,12,logarithmic,0.8,32768,1x,2.09339122337,11.965825,299.893,1,0.0451685407724
1e+24,heldout,12,logarithmic,0.8,32768,2x,2.01711830547,23.93165,599.786,1,0.180433444142
1e+24,heldout,12,logarithmic,0.8,32768,3x,1.97942724888,35.897475,899.679,1,0.405794710109
1e+24,heldout,12,logarithmic,0.8,32768,5x,1.94175813083,53.0925939348,1499.465,1,0.999999998993
1e+24,heldout,12,logarithmic,0.8,32768,free,1.93777026089,29.6103806754,2687.31805207,1,1
1e+24,heldout,13,exponential,0.2,2048,1x,2.09337969576,11.965825,299.893,1,0.0242005370012
1e+24,heldout,13,exponential,0.2,2048,2x,2.01710243244,23.93165,599.786,1,0.0944023521778
1e+24,heldout,13,exponential,0.2,2048,3x,1.97940929449,35.897475,899.679,1,0.21060544553
1e+24,heldout,13,exponential,0.2,2048,5x,1.93808763484,59.829125,1499.465,1,0.581015466761
1e+24,heldout,13,exponential,0.2,2048,free,1.91392408813,40.7397354418,3771.78448272,1,1
1e+24,heldout,13,exponential,0.2,32768,1x,2.09337969576,11.965825,299.893,1,0.0462480792121
1e+24,heldout,13,exponential,0.2,32768,2x,2.01710243244,23.93165,599.786,1,0.182592521022
1e+24,heldout,13,exponential,0.2,32768,3x,1.97940929449,35.897475,899.679,1,0.409033325428
1e+24,heldout,13,exponential,0.2,32768,5x,1.94190596419,52.8058439426,1499.465,1,1
1e+24,heldout,13,exponential,0.2,32768,free,1.93810366517,29.915601678,2634.70187343,1,1
1e+24,heldout,13,exponential,0.8,2048,1x,2.09337969576,11.965825,299.893,1,0.023846092563
1e+24,heldout,13,exponential,0.8,2048,2x,2.01710243244,23.93165,599.786,1,0.0936934633015
1e+24,heldout,13,exponential,0.8,2048,3x,1.97940929449,35.897475,899.679,1,0.209542112215
1e+24,heldout,13,exponential,0.8,2048,5x,1.93808763484,59.829125,1499.465,1,0.57924324457
1e+24,heldout,13,exponential,0.8,2048,free,1.91376915766,40.5314319562,3807.93608113,1,1
1e+24,heldout,13,exponential,0.8,32768,1x,2.09337969576,11.965825,299.893,1,0.0458936347739
1e+24,heldout,13,exponential,0.8,32768,2x,2.01710243244,23.93165,599.786,1,0.181883632145
1e+24,heldout,13,exponential,0.8,32768,3x,1.97940929449,35.897475,899.679,1,0.407969992114
1e+24,heldout,13,exponential,0.8,32768,5x,1.94185034631,52.8999924751,1499.46499997,1,1
1e+24,heldout,13,exponential,0.8,32768,free,1.93798413283,29.8083549828,2652.36969469,1,1
1e+24,heldout,13,power,0.2,2048,1x,2.09337969576,11.965825,299.893,1,0.0244977049437
1e+24,heldout,13,power,0.2,2048,2x,2.01710243244,23.93165,599.786,1,0.094996688063
1e+24,heldout,13,power,0.2,2048,3x,1.97940929449,35.897475,899.679,1,0.211496949358
1e+24,heldout,13,power,0.2,2048,5x,1.93808763484,59.829125,1499.465,1,0.582501306474
1e+24,heldout,13,power,0.2,2048,free,1.91405317014,40.9128787926,3742.13420358,1,1
1e+24,heldout,13,power,0.2,32768,1x,2.09337969576,11.965825,299.893,1,0.0465452471547
1e+24,heldout,13,power,0.2,32768,2x,2.01710243244,23.93165,599.786,1,0.183186856907
1e+24,heldout,13,power,0.2,32768,3x,1.97940929449,35.897475,899.679,1,0.409924829256
1e+24,heldout,13,power,0.2,32768,5x,1.94195269701,52.7269093562,1499.46499997,1,1
1e+24,heldout,13,power,0.2,32768,free,1.93820344124,30.0049828467,2620.11557859,1,1
1e+24,heldout,13,power,0.8,2048,1x,2.09337969576,11.965825,299.893,1,0.0238859232237
1e+24,heldout,13,power,0.8,2048,2x,2.01710243244,23.93165,599.786,1,0.093773124623
1e+24,heldout,13,power,0.8,2048,3x,1.97940929449,35.897475,899.679,1,0.209661604198
1e+24,heldout,13,power,0.8,2048,5x,1.93808763484,59.829125,1499.465,1,0.579442397874
1e+24,heldout,13,power,0.8,2048,free,1.91378662119,40.5549441469,3803.82936822,1,1
1e+24,heldout,13,power,0.8,32768,1x,2.09337969576,11.965825,299.893,1,0.0459334654347
1e+24,heldout,13,power,0.8,32768,2x,2.01710243244,23.93165,599.786,1,0.181963293467
1e+24,heldout,13,power,0.8,32768,3x,1.97940929449,35.897475,899.679,1,0.408089484096
1e+24,heldout,13,power,0.8,32768,5x,1.94185658978,52.8894124819,1499.465,1,0.999999998876
1e+24,heldout,13,power,0.8,32768,free,1.93799759401,29.8204350345,2650.3699781,1,1
1e+24,heldout,13,logarithmic,0.2,2048,1x,2.09337969576,11.965825,299.893,1,0.0237799308317
1e+24,heldout,13,logarithmic,0.2,2048,2x,2.01710243244,23.93165,599.786,1,0.0935611398388
1e+24,heldout,13,logarithmic,0.2,2048,3x,1.97940929449,35.897475,899.679,1,0.209343627021
1e+24,heldout,13,logarithmic,0.2,2048,5x,1.93808763484,59.829125,1499.465,1,0.578912435913
1e+24,heldout,13,logarithmic,0.2,2048,free,1.9137401194,40.4923298511,3814.78161939,1,1
1e+24,heldout,13,logarithmic,0.2,32768,1x,2.09337969576,11.965825,299.893,1,0.0458274730426
1e+24,heldout,13,logarithmic,0.2,32768,2x,2.01710243244,23.93165,599.786,1,0.181751308682
1e+24,heldout,13,logarithmic,0.2,32768,3x,1.97940929449,35.897475,899.679,1,0.40777150692
1e+24,heldout,13,logarithmic,0.2,32768,5x,1.94183997919,52.9175665283,1499.465,1,0.999999999783
1e+24,heldout,13,logarithmic,0.2,32768,free,1.9379617566,29.7882495082,2655.70155824,1,1
1e+24,heldout,13,logarithmic,0.8,2048,1x,2.09337969576,11.965825,299.893,1,0.0231209985615
1e+24,heldout,13,logarithmic,0.8,2048,2x,2.01710243244,23.93165,599.786,1,0.0922432752985
1e+24,heldout,13,logarithmic,0.8,2048,3x,1.97940929449,35.897475,899.679,1,0.207366830211
1e+24,heldout,13,logarithmic,0.8,2048,5x,1.93808763484,59.829125,1499.465,1,0.575617774562
1e+24,heldout,13,logarithmic,0.8,2048,free,1.91344883617,40.0990590675,3884.69796292,1,1
1e+24,heldout,13,logarithmic,0.8,32768,1x,2.09337969576,11.965825,299.893,1,0.0451685407724
1e+24,heldout,13,logarithmic,0.8,32768,2x,2.01710243244,23.93165,599.786,1,0.180433444142
1e+24,heldout,13,logarithmic,0.8,32768,3x,1.97940929449,35.897475,899.679,1,0.405794710109
1e+24,heldout,13,logarithmic,0.8,32768,5x,1.94173697985,53.0925939786,1499.465,1,0.999999999817
1e+24,heldout,13,logarithmic,0.8,32768,free,1.93773778762,29.5866899219,2689.46752774,1,1
1e+24,heldout,29,exponential,0.2,2048,1x,2.09338444559,11.965825,299.893,1,0.0242005370012
1e+24,heldout,29,exponential,0.2,2048,2x,2.01710284545,23.93165,599.786,1,0.0944023521778
1e+24,heldout,29,exponential,0.2,2048,3x,1.97940717711,35.897475,899.679,1,0.21060544553
1e+24,heldout,29,exponential,0.2,2048,5x,1.93808238757,59.829125,1499.465,1,0.581015466761
1e+24,heldout,29,exponential,0.2,2048,free,1.91391231218,40.7259552413,3773.04145271,1,1
1e+24,heldout,29,exponential,0.2,32768,1x,2.09338444559,11.965825,299.893,1,0.0462480792121
1e+24,heldout,29,exponential,0.2,32768,2x,2.01710284545,23.93165,599.786,1,0.182592521022
1e+24,heldout,29,exponential,0.2,32768,3x,1.97940717711,35.897475,899.679,1,0.409033325428
1e+24,heldout,29,exponential,0.2,32768,5x,1.94190059644,52.805843942,1499.465,1,0.999999999991
1e+24,heldout,29,exponential,0.2,32768,free,1.93809386195,29.9059500515,2635.54321126,1,1
1e+24,heldout,29,exponential,0.8,2048,1x,2.09338444559,11.965825,299.893,1,0.023846092563
1e+24,heldout,29,exponential,0.8,2048,2x,2.01710284545,23.93165,599.786,1,0.0936934633015
1e+24,heldout,29,exponential,0.8,2048,3x,1.97940717711,35.897475,899.679,1,0.209542112215
1e+24,heldout,29,exponential,0.8,2048,5x,1.93808238757,59.829125,1499.465,1,0.57924324457
1e+24,heldout,29,exponential,0.8,2048,free,1.91375731607,40.5176438659,3809.21799995,1,1
1e+24,heldout,29,exponential,0.8,32768,1x,2.09338444559,11.965825,299.893,1,0.0458936347739
1e+24,heldout,29,exponential,0.8,32768,2x,2.01710284545,23.93165,599.786,1,0.181883632145
1e+24,heldout,29,exponential,0.8,32768,3x,1.97940717711,35.897475,899.679,1,0.407969992114
1e+24,heldout,29,exponential,0.8,32768,5x,1.9418449803,52.8999924712,1499.465,1,0.999999999946
1e+24,heldout,29,exponential,0.8,32768,free,1.93797428143,29.7986884418,2653.22367392,1,1
1e+24,heldout,29,power,0.2,2048,1x,2.09338444559,11.965825,299.893,1,0.0244977049437
1e+24,heldout,29,power,0.2,2048,2x,2.01710284545,23.93165,599.786,1,0.094996688063
1e+24,heldout,29,power,0.2,2048,3x,1.97940717711,35.897475,899.679,1,0.211496949358
1e+24,heldout,29,power,0.2,2048,5x,1.93808238757,59.829125,1499.465,1,0.582501306474
1e+24,heldout,29,power,0.2,2048,free,1.91404144855,40.8991185061,3743.36969713,1,1
1e+24,heldout,29,power,0.2,32768,1x,2.09338444559,11.965825,299.893,1,0.0465452471547
1e+24,heldout,29,power,0.2,32768,2x,2.01710284545,23.93165,599.786,1,0.183186856907
1e+24,heldout,29,power,0.2,32768,3x,1.97940717711,35.897475,899.679,1,0.409924829256
1e+24,heldout,29,power,0.2,32768,5x,1.94194732779,52.7269093553,1499.465,1,1
1e+24,heldout,29,power,0.2,32768,free,1.93819367806,29.9953345144,2620.94734099,1,1
1e+24,heldout,29,power,0.8,2048,1x,2.09338444559,11.965825,299.893,1,0.0238859232237
1e+24,heldout,29,power,0.8,2048,2x,2.01710284545,23.93165,599.786,1,0.093773124623
1e+24,heldout,29,power,0.8,2048,3x,1.97940717711,35.897475,899.679,1,0.209661604198
1e+24,heldout,29,power,0.8,2048,5x,1.93808238757,59.829125,1499.465,1,0.579442397874
1e+24,heldout,29,power,0.8,2048,free,1.91377478701,40.5411444618,3805.10959911,1,1
1e+24,heldout,29,power,0.8,32768,1x,2.09338444559,11.965825,299.893,1,0.0459334654347
1e+24,heldout,29,power,0.8,32768,2x,2.01710284545,23.93165,599.786,1,0.181963293467
1e+24,heldout,29,power,0.8,32768,3x,1.97940717711,35.897475,899.679,1,0.408089484096
1e+24,heldout,29,power,0.8,32768,5x,1.94185122354,52.8894125403,1499.465,1,0.999999999975
1e+24,heldout,29,power,0.8,32768,free,1.93798774805,29.8107758996,2651.22201641,1,1
1e+24,heldout,29,logarithmic,0.2,2048,1x,2.09338444559,11.965825,299.893,1,0.0237799308317
1e+24,heldout,29,logarithmic,0.2,2048,2x,2.01710284545,23.93165,599.786,1,0.0935611398388
1e+24,heldout,29,logarithmic,0.2,2048,3x,1.97940717711,35.897475,899.679,1,0.209343627021
1e+24,heldout,29,logarithmic,0.2,2048,5x,1.93808238757,59.829125,1499.465,1,0.578912435913
1e+24,heldout,29,logarithmic,0.2,2048,free,1.91372826545,40.4785388059,3816.06842795,1,1
1e+24,heldout,29,logarithmic,0.2,32768,1x,2.09338444559,11.965825,299.893,1,0.0458274730426
1e+24,heldout,29,logarithmic,0.2,32768,2x,2.01710284545,23.93165,599.786,1,0.181751308682
1e+24,heldout,29,logarithmic,0.2,32768,3x,1.97940717711,35.897475,899.679,1,0.40777150692
1e+24,heldout,29,logarithmic,0.2,32768,5x,1.94183461351,52.9175665403,1499.46499999,1,1
1e+24,heldout,29,logarithmic,0.2,32768,free,1.93795189616,29.77858774,2656.55726183,1,1
1e+24,heldout,29,logarithmic,0.8,2048,1x,2.09338444559,11.965825,299.893,1,0.0231209985615
1e+24,heldout,29,logarithmic,0.8,2048,2x,2.01710284545,23.93165,599.786,1,0.0922432752985
1e+24,heldout,29,logarithmic,0.8,2048,3x,1.97940717711,35.897475,899.679,1,0.207366830211
1e+24,heldout,29,logarithmic,0.8,2048,5x,1.93808238757,59.829125,1499.465,1,0.575617774562
1e+24,heldout,29,logarithmic,0.8,2048,free,1.91343685742,40.0852369278,3886.03539033,1,1
1e+24,heldout,29,logarithmic,0.8,32768,1x,2.09338444559,11.965825,299.893,1,0.0451685407724
1e+24,heldout,29,logarithmic,0.8,32768,2x,2.01710284545,23.93165,599.786,1,0.180433444142
1e+24,heldout,29,logarithmic,0.8,32768,3x,1.97940717711,35.897475,899.679,1,0.405794710109
1e+24,heldout,29,logarithmic,0.8,32768,5x,1.94173161741,53.0925939842,1499.465,1,0.999999999924
1e+24,heldout,29,logarithmic,0.8,32768,free,1.9377278362,29.5770097032,2690.34680943,1,1
1e+24,heldout,53,exponential,0.2,2048,1x,2.09337696467,11.965825,299.893,1,0.0242005370012
1e+24,heldout,53,exponential,0.2,2048,2x,2.01709064294,23.93165,599.786,1,0.0944023521778
1e+24,heldout,53,exponential,0.2,2048,3x,1.97939219501,35.897475,899.679,1,0.21060544553
1e+24,heldout,53,exponential,0.2,2048,5x,1.93806399507,59.829125,1499.465,1,0.581015466761
1e+24,heldout,53,exponential,0.2,2048,free,1.91390442532,40.7615593009,3769.79551772,1,1
1e+24,heldout,53,exponential,0.2,32768,1x,2.09337696467,11.965825,299.893,1,0.0462480792121
1e+24,heldout,53,exponential,0.2,32768,2x,2.01709064294,23.93165,599.786,1,0.182592521022
1e+24,heldout,53,exponential,0.2,32768,3x,1.97939219501,35.897475,899.679,1,0.409033325428
1e+24,heldout,53,exponential,0.2,32768,5x,1.94188381157,52.8058439425,1499.465,1,0.999999999999
1e+24,heldout,53,exponential,0.2,32768,free,1.93808803848,29.9302936043,2633.42220045,1,1
1e+24,heldout,53,exponential,0.8,2048,1x,2.09337696467,11.965825,299.893,1,0.023846092563
1e+24,heldout,53,exponential,0.8,2048,2x,2.01709064294,23.93165,599.786,1,0.0936934633015
1e+24,heldout,53,exponential,0.8,2048,3x,1.97939219501,35.897475,899.679,1,0.209542112215
1e+24,heldout,53,exponential,0.8,2048,5x,1.93806399507,59.829125,1499.465,1,0.57924324457
1e+24,heldout,53,exponential,0.8,2048,free,1.91374955094,40.5532199506,3805.91214599,1,1
1e+24,heldout,53,exponential,0.8,32768,1x,2.09337696467,11.965825,299.893,1,0.0458936347739
1e+24,heldout,53,exponential,0.8,32768,2x,2.01709064294,23.93165,599.786,1,0.181883632145
1e+24,heldout,53,exponential,0.8,32768,3x,1.97939219501,35.897475,899.679,1,0.407969992114
1e+24,heldout,53,exponential,0.8,32768,5x,1.94182817236,52.8999924733,1499.465,1,0.999999999986
1e+24,heldout,53,exponential,0.8,32768,free,1.93796854591,29.8230227222,2651.07493988,1,1
1e+24,heldout,53,power,0.2,2048,1x,2.09337696467,11.965825,299.893,1,0.0244977049437
1e+24,heldout,53,power,0.2,2048,2x,2.01709064294,23.93165,599.786,1,0.094996688063
1e+24,heldout,53,power,0.2,2048,3x,1.97939219501,35.897475,899.679,1,0.211496949358
1e+24,heldout,53,power,0.2,2048,5x,1.93806399507,59.829125,1499.465,1,0.582501306474
1e+24,heldout,53,power,0.2,2048,free,1.91403346095,40.9347405932,3740.1729764,1,1
1e+24,heldout,53,power,0.2,32768,1x,2.09337696467,11.965825,299.893,1,0.0465452471547
1e+24,heldout,53,power,0.2,32768,2x,2.01709064294,23.93165,599.786,1,0.183186856907
1e+24,heldout,53,power,0.2,32768,3x,1.97939219501,35.897475,899.679,1,0.409924829256
1e+24,heldout,53,power,0.2,32768,5x,1.94193056229,52.7269093495,1499.465,1,0.999999999892
1e+24,heldout,53,power,0.2,32768,free,1.93818778152,30.0196911065,2618.84862582,1,1
1e+24,heldout,53,power,0.8,2048,1x,2.09337696467,11.965825,299.893,1,0.0238859232237
1e+24,heldout,53,power,0.8,2048,2x,2.01709064294,23.93165,599.786,1,0.093773124623
1e+24,heldout,53,power,0.8,2048,3x,1.97939219501,35.897475,899.679,1,0.209661604198
1e+24,heldout,53,power,0.8,2048,5x,1.93806399507,59.829125,1499.465,1,0.579442397874
1e+24,heldout,53,power,0.8,2048,free,1.91376700812,40.5767364448,3801.80939635,1,1
1e+24,heldout,53,power,0.8,32768,1x,2.09337696467,11.965825,299.893,1,0.0459334654347
1e+24,heldout,53,power,0.8,32768,2x,2.01709064294,23.93165,599.786,1,0.181963293467
1e+24,heldout,53,power,0.8,32768,3x,1.97939219501,35.897475,899.679,1,0.408089484096
1e+24,heldout,53,power,0.8,32768,5x,1.9418344182,52.8894125182,1499.465,1,0.999999999559
1e+24,heldout,53,power,0.8,32768,free,1.9379820026,29.8351159911,2649.07601002,1,1
1e+24,heldout,53,logarithmic,0.2,2048,1x,2.09337696467,11.965825,299.893,1,0.0237799308317
1e+24,heldout,53,logarithmic,0.2,2048,2x,2.01709064294,23.93165,599.786,1,0.0935611398388
1e+24,heldout,53,logarithmic,0.2,2048,3x,1.97939219501,35.897475,899.679,1,0.209343627021
1e+24,heldout,53,logarithmic,0.2,2048,5x,1.93806399507,59.829125,1499.465,1,0.578912435913
1e+24,heldout,53,logarithmic,0.2,2048,free,1.91372052324,40.5141146174,3812.75070356,1,1
1e+24,heldout,53,logarithmic,0.2,32768,1x,2.09337696467,11.965825,299.893,1,0.0458274730426
1e+24,heldout,53,logarithmic,0.2,32768,2x,2.01709064294,23.93165,599.786,1,0.181751308682
1e+24,heldout,53,logarithmic,0.2,32768,3x,1.97939219501,35.897475,899.679,1,0.40777150692
1e+24,heldout,53,logarithmic,0.2,32768,5x,1.94181780126,52.91756654,1499.46499999,1,1
1e+24,heldout,53,logarithmic,0.2,32768,free,1.93794617715,29.8029199993,2654.4033059,1,1
1e+24,heldout,53,logarithmic,0.8,2048,1x,2.09337696467,11.965825,299.893,1,0.0231209985615
1e+24,heldout,53,logarithmic,0.8,2048,2x,2.01709064294,23.93165,599.786,1,0.0922432752985
1e+24,heldout,53,logarithmic,0.8,2048,3x,1.97939219501,35.897475,899.679,1,0.207366830211
1e+24,heldout,53,logarithmic,0.8,2048,5x,1.93806399507,59.829125,1499.465,1,0.575617774562
1e+24,heldout,53,logarithmic,0.8,2048,free,1.91342934686,40.1207720448,3882.59887762,1,1
1e+24,heldout,53,logarithmic,0.8,32768,1x,2.09337696467,11.965825,299.893,1,0.0451685407724
1e+24,heldout,53,logarithmic,0.8,32768,2x,2.01709064294,23.93165,599.786,1,0.180433444142
1e+24,heldout,53,logarithmic,0.8,32768,3x,1.97939219501,35.897475,899.679,1,0.405794710109
1e+24,heldout,53,logarithmic,0.8,32768,5x,1.94171476241,53.0925939881,1499.465,1,0.999999999996
1e+24,heldout,53,logarithmic,0.8,32768,free,1.93772228337,29.6013248969,2688.13928227,1,1
1e+24,heldout,68,exponential,0.2,2048,1x,2.09336836067,11.965825,299.893,1,0.0242005370012
1e+24,heldout,68,exponential,0.2,2048,2x,2.01707938604,23.93165,599.786,1,0.0944023521778
1e+24,heldout,68,exponential,0.2,2048,3x,1.97937937077,35.897475,899.679,1,0.21060544553
1e+24,heldout,68,exponential,0.2,2048,5x,1.93804923015,59.829125,1499.465,1,0.581015466761
1e+24,heldout,68,exponential,0.2,2048,free,1.91389220096,40.7720281166,3768.84216365,1,1
1e+24,heldout,68,exponential,0.2,32768,1x,2.09336836067,11.965825,299.893,1,0.0462480792121
1e+24,heldout,68,exponential,0.2,32768,2x,2.01707938604,23.93165,599.786,1,0.182592521022
1e+24,heldout,68,exponential,0.2,32768,3x,1.97937937077,35.897475,899.679,1,0.409033325428
1e+24,heldout,68,exponential,0.2,32768,5x,1.9418696354,52.8058439435,1499.46499997,1,1
1e+24,heldout,68,exponential,0.2,32768,free,1.93807713486,29.9376562676,2632.78137682,1,1
1e+24,heldout,68,exponential,0.8,2048,1x,2.09336836067,11.965825,299.893,1,0.023846092563
1e+24,heldout,68,exponential,0.8,2048,2x,2.01707938604,23.93165,599.786,1,0.0936934633015
1e+24,heldout,68,exponential,0.8,2048,3x,1.97937937077,35.897475,899.679,1,0.209542112215
1e+24,heldout,68,exponential,0.8,2048,5x,1.93804923015,59.829125,1499.465,1,0.57924324457
1e+24,heldout,68,exponential,0.8,2048,free,1.91373735759,40.563681701,3804.94109513,1,1
1e+24,heldout,68,exponential,0.8,32768,1x,2.09336836067,11.965825,299.893,1,0.0458936347739
1e+24,heldout,68,exponential,0.8,32768,2x,2.01707938604,23.93165,599.786,1,0.181883632145
1e+24,heldout,68,exponential,0.8,32768,3x,1.97937937077,35.897475,899.679,1,0.407969992114
1e+24,heldout,68,exponential,0.8,32768,5x,1.94181398772,52.8999924722,1499.465,1,0.999999999965
1e+24,heldout,68,exponential,0.8,32768,free,1.93795766551,29.8303771378,2650.42622453,1,1
1e+24,heldout,68,power,0.2,2048,1x,2.09336836067,11.965825,299.893,1,0.0244977049437
1e+24,heldout,68,power,0.2,2048,2x,2.01707938604,23.93165,599.786,1,0.094996688063
1e+24,heldout,68,power,0.2,2048,3x,1.97937937077,35.897475,899.679,1,0.211496949358
1e+24,heldout,68,power,0.2,2048,5x,1.93804923015,59.829125,1499.465,1,0.582501306474
1e+24,heldout,68,power,0.2,2048,free,1.91402121091,40.9452234234,3739.23328829,1,1
1e+24,heldout,68,power,0.2,32768,1x,2.09336836067,11.965825,299.893,1,0.0465452471547
1e+24,heldout,68,power,0.2,32768,2x,2.01707938604,23.93165,599.786,1,0.183186856907
1e+24,heldout,68,power,0.2,32768,3x,1.97937937077,35.897475,899.679,1,0.409924829256
1e+24,heldout,68,power,0.2,32768,5x,1.94191639324,52.726909354,1499.465,1,0.999999999977
1e+24,heldout,68,power,0.2,32768,free,1.9381768586,30.0270563958,2618.21464848,1,1
1e+24,heldout,68,power,0.8,2048,1x,2.09336836067,11.965825,299.893,1,0.0238859232237
1e+24,heldout,68,power,0.8,2048,2x,2.01707938604,23.93165,599.786,1,0.093773124623
1e+24,heldout,68,power,0.8,2048,3x,1.97937937077,35.897475,899.679,1,0.209661604198
1e+24,heldout,68,power,0.8,2048,5x,1.93804923015,59.829125,1499.465,1,0.579442397874
1e+24,heldout,68,power,0.8,2048,free,1.91375481126,40.5871922723,3800.8409861,1,1
1e+24,heldout,68,power,0.8,32768,1x,2.09336836067,11.965825,299.893,1,0.0459334654347
1e+24,heldout,68,power,0.8,32768,2x,2.01707938604,23.93165,599.786,1,0.181963293467
1e+24,heldout,68,power,0.8,32768,3x,1.97937937077,35.897475,899.679,1,0.408089484096
1e+24,heldout,68,power,0.8,32768,5x,1.9418202345,52.8894125405,1499.465,1,0.999999999979
1e+24,heldout,68,power,0.8,32768,free,1.93797111959,29.8424695789,2648.42834533,1,1
1e+24,heldout,68,logarithmic,0.2,2048,1x,2.09336836067,11.965825,299.893,1,0.0237799308317
1e+24,heldout,68,logarithmic,0.2,2048,2x,2.01707938604,23.93165,599.786,1,0.0935611398388
1e+24,heldout,68,logarithmic,0.2,2048,3x,1.97937937077,35.897475,899.679,1,0.209343627021
1e+24,heldout,68,logarithmic,0.2,2048,5x,1.93804923015,59.829125,1499.465,1,0.578912435913
1e+24,heldout,68,logarithmic,0.2,2048,free,1.91370833573,40.524570463,3811.7767103,1,1
1e+24,heldout,68,logarithmic,0.2,32768,1x,2.09336836067,11.965825,299.893,1,0.0458274730426
1e+24,heldout,68,logarithmic,0.2,32768,2x,2.01707938604,23.93165,599.786,1,0.181751308682
1e+24,heldout,68,logarithmic,0.2,32768,3x,1.97937937077,35.897475,899.679,1,0.40777150692
1e+24,heldout,68,logarithmic,0.2,32768,5x,1.94180361504,52.9175665407,1499.46499997,1,1
1e+24,heldout,68,logarithmic,0.2,32768,free,1.93793530112,29.8102712523,2653.75324042,1,1
1e+24,heldout,68,logarithmic,0.8,2048,1x,2.09336836067,11.965825,299.893,1,0.0231209985615
1e+24,heldout,68,logarithmic,0.8,2048,2x,2.01707938604,23.93165,599.786,1,0.0922432752985
1e+24,heldout,68,logarithmic,0.8,2048,3x,1.97937937077,35.897475,899.679,1,0.207366830211
1e+24,heldout,68,logarithmic,0.8,2048,5x,1.93804923015,59.829125,1499.465,1,0.575617774562
1e+24,heldout,68,logarithmic,0.8,2048,free,1.91341721838,40.1312053952,3881.59104822,1,1
1e+24,heldout,68,logarithmic,0.8,32768,1x,2.09336836067,11.965825,299.893,1,0.0451685407724
1e+24,heldout,68,logarithmic,0.8,32768,2x,2.01707938604,23.93165,599.786,1,0.180433444142
1e+24,heldout,68,logarithmic,0.8,32768,3x,1.97937937077,35.897475,899.679,1,0.405794710109
1e+24,heldout,68,logarithmic,0.8,32768,5x,1.94170056048,53.0925939891,1499.46499998,1,1
1e+24,heldout,68,logarithmic,0.8,32768,free,1.93771145122,29.608667396,2687.47338364,1,1
1e+24,heldout,101,exponential,0.2,2048,1x,2.09338605727,11.965825,299.893,1,0.0242005370012
1e+24,heldout,101,exponential,0.2,2048,2x,2.01710829013,23.93165,599.786,1,0.0944023521778
1e+24,heldout,101,exponential,0.2,2048,3x,1.9794144232,35.897475,899.679,1,0.21060544553
1e+24,heldout,101,exponential,0.2,2048,5x,1.93809156647,59.829125,1499.465,1,0.581015466761
1e+24,heldout,101,exponential,0.2,2048,free,1.91393879368,40.7724281376,3768.80574486,1,1
1e+24,heldout,101,exponential,0.2,32768,1x,2.09338605727,11.965825,299.893,1,0.0462480792121
1e+24,heldout,101,exponential,0.2,32768,2x,2.01710829013,23.93165,599.786,1,0.182592521022
1e+24,heldout,101,exponential,0.2,32768,3x,1.9794144232,35.897475,899.679,1,0.409033325428
1e+24,heldout,101,exponential,0.2,32768,5x,1.9419112085,52.8058438926,1499.465,1,0.999999999061
1e+24,heldout,101,exponential,0.2,32768,free,1.93811921325,29.9380489171,2632.74721057,1,1
1e+24,heldout,101,exponential,0.8,2048,1x,2.09338605727,11.965825,299.893,1,0.023846092563
1e+24,heldout,101,exponential,0.8,2048,2x,2.01710829013,23.93165,599.786,1,0.0936934633015
1e+24,heldout,101,exponential,0.8,2048,3x,1.9794144232,35.897475,899.679,1,0.209542112215
1e+24,heldout,101,exponential,0.8,2048,5x,1.93809156647,59.829125,1499.465,1,0.57924324457
1e+24,heldout,101,exponential,0.8,2048,free,1.91378398156,40.5641003463,3804.90224713,1,1
1e+24,heldout,101,exponential,0.8,32768,1x,2.09338605727,11.965825,299.893,1,0.0458936347739
1e+24,heldout,101,exponential,0.8,32768,2x,2.01710829013,23.93165,599.786,1,0.181883632145
1e+24,heldout,101,exponential,0.8,32768,3x,1.9794144232,35.897475,899.679,1,0.407969992114
1e+24,heldout,101,exponential,0.8,32768,5x,1.94185557179,52.8999924665,1499.465,1,0.999999999857
1e+24,heldout,101,exponential,0.8,32768,free,1.93799976722,29.830782267,2650.39049828,1,1
1e+24,heldout,101,power,0.2,2048,1x,2.09338605727,11.965825,299.893,1,0.0244977049437
1e+24,heldout,101,power,0.2,2048,2x,2.01710829013,23.93165,599.786,1,0.094996688063
1e+24,heldout,101,power,0.2,2048,3x,1.9794144232,35.897475,899.679,1,0.211496949358
1e+24,heldout,101,power,0.2,2048,5x,1.93809156647,59.829125,1499.465,1,0.582501306474
1e+24,heldout,101,power,0.2,2048,free,1.9140677777,40.9455972675,3739.19978538,1,1
1e+24,heldout,101,power,0.2,32768,1x,2.09338605727,11.965825,299.893,1,0.0465452471547
1e+24,heldout,101,power,0.2,32768,2x,2.01710829013,23.93165,599.786,1,0.183186856907
1e+24,heldout,101,power,0.2,32768,3x,1.9794144232,35.897475,899.679,1,0.409924829256
1e+24,heldout,101,power,0.2,32768,5x,1.94195795708,52.7269093522,1499.465,1,0.999999999942
1e+24,heldout,101,power,0.2,32768,free,1.93821891758,30.0274411237,2618.18154093,1,1
1e+24,heldout,101,power,0.8,2048,1x,2.09338605727,11.965825,299.893,1,0.0238859232237
1e+24,heldout,101,power,0.8,2048,2x,2.01710829013,23.93165,599.786,1,0.093773124623
1e+24,heldout,101,power,0.8,2048,3x,1.9794144232,35.897475,899.679,1,0.209661604198
1e+24,heldout,101,power,0.8,2048,5x,1.93809156647,59.829125,1499.465,1,0.579442397874
1e+24,heldout,101,power,0.8,2048,free,1.9138014317,40.5876130583,3800.80202357,1,1
1e+24,heldout,101,power,0.8,32768,1x,2.09338605727,11.965825,299.893,1,0.0459334654347
1e+24,heldout,101,power,0.8,32768,2x,2.01710829013,23.93165,599.786,1,0.181963293467
1e+24,heldout,101,power,0.8,32768,3x,1.9794144232,35.897475,899.679,1,0.408089484096
1e+24,heldout,101,power,0.8,32768,5x,1.94186181733,52.889412541,1499.465,1,0.999999999989
1e+24,heldout,101,power,0.8,32768,free,1.93801321866,29.8428696477,2648.3931185,1,1
1e+24,heldout,101,logarithmic,0.2,2048,1x,2.09338605727,11.965825,299.893,1,0.0237799308317
1e+24,heldout,101,logarithmic,0.2,2048,2x,2.01710829013,23.93165,599.786,1,0.0935611398388
1e+24,heldout,101,logarithmic,0.2,2048,3x,1.9794144232,35.897475,899.679,1,0.209343627021
1e+24,heldout,101,logarithmic,0.2,2048,5x,1.93809156647,59.829125,1499.465,1,0.578912435913
1e+24,heldout,101,logarithmic,0.2,2048,free,1.91375496556,40.5250003661,3811.73667419,1,1
1e+24,heldout,101,logarithmic,0.2,32768,1x,2.09338605727,11.965825,299.893,1,0.0458274730426
1e+24,heldout,101,logarithmic,0.2,32768,2x,2.01710829013,23.93165,599.786,1,0.181751308682
1e+24,heldout,101,logarithmic,0.2,32768,3x,1.9794144232,35.897475,899.679,1,0.40777150692
1e+24,heldout,101,logarithmic,0.2,32768,5x,1.94184520116,52.9175665401,1499.46499999,1,1
1e+24,heldout,101,logarithmic,0.2,32768,free,1.9379774072,29.8106809233,2653.7170229,1,1
1e+24,heldout,101,logarithmic,0.8,2048,1x,2.09338605727,11.965825,299.893,1,0.0231209985615
1e+24,heldout,101,logarithmic,0.8,2048,2x,2.01710829013,23.93165,599.786,1,0.0922432752985
1e+24,heldout,101,logarithmic,0.8,2048,3x,1.9794144232,35.897475,899.679,1,0.207366830211
1e+24,heldout,101,logarithmic,0.8,2048,5x,1.93809156647,59.829125,1499.465,1,0.575617774562
1e+24,heldout,101,logarithmic,0.8,2048,free,1.91346390733,40.1316853519,3881.54469847,1,1
1e+24,heldout,101,logarithmic,0.8,32768,1x,2.09338605727,11.965825,299.893,1,0.0451685407724
1e+24,heldout,101,logarithmic,0.8,32768,2x,2.01710829013,23.93165,599.786,1,0.180433444142
1e+24,heldout,101,logarithmic,0.8,32768,3x,1.9794144232,35.897475,899.679,1,0.405794710109
1e+24,heldout,101,logarithmic,0.8,32768,5x,1.94174216698,53.0925939891,1499.46499998,1,1
1e+24,heldout,101,logarithmic,0.8,32768,free,1.93775360119,29.6091009156,2687.43407763,1,1
1e+24,heldout,102,exponential,0.2,2048,1x,2.09337813432,11.965825,299.893,1,0.0242005370012
1e+24,heldout,102,exponential,0.2,2048,2x,2.01709149936,23.93165,599.786,1,0.0944023521778
1e+24,heldout,102,exponential,0.2,2048,3x,1.97939284858,35.897475,899.679,1,0.21060544553
1e+24,heldout,102,exponential,0.2,2048,5x,1.93806439201,59.829125,1499.465,1,0.581015466761
1e+24,heldout,102,exponential,0.2,2048,free,1.91390996377,40.7768560975,3768.40266078,1,1
1e+24,heldout,102,exponential,0.2,32768,1x,2.09337813432,11.965825,299.893,1,0.0462480792121
1e+24,heldout,102,exponential,0.2,32768,2x,2.01709149936,23.93165,599.786,1,0.182592521022
1e+24,heldout,102,exponential,0.2,32768,3x,1.97939284858,35.897475,899.679,1,0.409033325428
1e+24,heldout,102,exponential,0.2,32768,5x,1.9418847747,52.8058439427,1499.46499999,1,1
1e+24,heldout,102,exponential,0.2,32768,free,1.93809386391,29.9411085873,2632.4810049,1,1
1e+24,heldout,102,exponential,0.8,2048,1x,2.09337813432,11.965825,299.893,1,0.023846092563
1e+24,heldout,102,exponential,0.8,2048,2x,2.01709149936,23.93165,599.786,1,0.0936934633015
1e+24,heldout,102,exponential,0.8,2048,3x,1.97939284858,35.897475,899.679,1,0.209542112215
1e+24,heldout,102,exponential,0.8,2048,5x,1.93806439201,59.829125,1499.465,1,0.57924324457
1e+24,heldout,102,exponential,0.8,2048,free,1.91375514564,40.5685093937,3804.49315982,1,1
1e+24,heldout,102,exponential,0.8,32768,1x,2.09337813432,11.965825,299.893,1,0.0458936347739
1e+24,heldout,102,exponential,0.8,32768,2x,2.01709149936,23.93165,599.786,1,0.181883632145
1e+24,heldout,102,exponential,0.8,32768,3x,1.97939284858,35.897475,899.679,1,0.407969992114
1e+24,heldout,102,exponential,0.8,32768,5x,1.94182912733,52.8999924739,1499.465,1,0.999999999996
1e+24,heldout,102,exponential,0.8,32768,free,1.93797441333,29.8338353566,2650.12129307,1,1
1e+24,heldout,102,power,0.2,2048,1x,2.09337813432,11.965825,299.893,1,0.0244977049437
1e+24,heldout,102,power,0.2,2048,2x,2.01709149936,23.93165,599.786,1,0.094996688063
1e+24,heldout,102,power,0.2,2048,3x,1.97939284858,35.897475,899.679,1,0.211496949358
1e+24,heldout,102,power,0.2,2048,5x,1.93806439201,59.829125,1499.465,1,0.582501306474
1e+24,heldout,102,power,0.2,2048,free,1.91403895283,40.9500407689,3738.80161647,1,1
1e+24,heldout,102,power,0.2,32768,1x,2.09337813432,11.965825,299.893,1,0.0465452471547
1e+24,heldout,102,power,0.2,32768,2x,2.01709149936,23.93165,599.786,1,0.183186856907
1e+24,heldout,102,power,0.2,32768,3x,1.97939284858,35.897475,899.679,1,0.409924829256
1e+24,heldout,102,power,0.2,32768,5x,1.94193153229,52.7269093564,1499.46499997,1,1
1e+24,heldout,102,power,0.2,32768,free,1.93819357206,30.0305109521,2617.91739855,1,1
1e+24,heldout,102,power,0.8,2048,1x,2.09337813432,11.965825,299.893,1,0.0238859232237
1e+24,heldout,102,power,0.8,2048,2x,2.01709149936,23.93165,599.786,1,0.093773124623
1e+24,heldout,102,power,0.8,2048,3x,1.97939284858,35.897475,899.679,1,0.209661604198
1e+24,heldout,102,power,0.8,2048,5x,1.93806439201,59.829125,1499.465,1,0.579442397874
1e+24,heldout,102,power,0.8,2048,free,1.91377259646,40.5920263192,3800.39342735,1,1
1e+24,heldout,102,power,0.8,32768,1x,2.09337813432,11.965825,299.893,1,0.0459334654347
1e+24,heldout,102,power,0.8,32768,2x,2.01709149936,23.93165,599.786,1,0.181963293467
1e+24,heldout,102,power,0.8,32768,3x,1.97939284858,35.897475,899.679,1,0.408089484096
1e+24,heldout,102,power,0.8,32768,5x,1.94183537408,52.8894125405,1499.465,1,0.99999999998
1e+24,heldout,102,power,0.8,32768,free,1.93798786528,29.8459242951,2648.12418174,1,1
1e+24,heldout,102,logarithmic,0.2,2048,1x,2.09337813432,11.965825,299.893,1,0.0237799308317
1e+24,heldout,102,logarithmic,0.2,2048,2x,2.01709149936,23.93165,599.786,1,0.0935611398388
1e+24,heldout,102,logarithmic,0.2,2048,3x,1.97939284858,35.897475,899.679,1,0.209343627021
1e+24,heldout,102,logarithmic,0.2,2048,5x,1.93806439201,59.829125,1499.465,1,0.578912435913
1e+24,heldout,102,logarithmic,0.2,2048,free,1.91372612852,40.5294037909,3811.32663953,1,1
1e+24,heldout,102,logarithmic,0.2,32768,1x,2.09337813432,11.965825,299.893,1,0.0458274730426
1e+24,heldout,102,logarithmic,0.2,32768,2x,2.01709149936,23.93165,599.786,1,0.181751308682
1e+24,heldout,102,logarithmic,0.2,32768,3x,1.97939284858,35.897475,899.679,1,0.40777150692
1e+24,heldout,102,logarithmic,0.2,32768,5x,1.94181875471,52.9175665366,1499.465,1,0.999999999939
1e+24,heldout,102,logarithmic,0.2,32768,free,1.93795205245,29.813732213,2653.44730063,1,1
1e+24,heldout,102,logarithmic,0.8,2048,1x,2.09337813432,11.965825,299.893,1,0.0231209985615
1e+24,heldout,102,logarithmic,0.8,2048,2x,2.01709149936,23.93165,599.786,1,0.0922432752985
1e+24,heldout,102,logarithmic,0.8,2048,3x,1.97939284858,35.897475,899.679,1,0.207366830211
1e+24,heldout,102,logarithmic,0.8,2048,5x,1.93806439201,59.829125,1499.465,1,0.575617774562
1e+24,heldout,102,logarithmic,0.8,2048,free,1.91343505912,40.1360529329,3881.12296907,1,1
1e+24,heldout,102,logarithmic,0.8,32768,1x,2.09337813432,11.965825,299.893,1,0.0451685407724
1e+24,heldout,102,logarithmic,0.8,32768,2x,2.01709149936,23.93165,599.786,1,0.180433444142
1e+24,heldout,102,logarithmic,0.8,32768,3x,1.97939284858,35.897475,899.679,1,0.405794710109
1e+24,heldout,102,logarithmic,0.8,32768,5x,1.94171570073,53.0925939888,1499.46499999,1,1
1e+24,heldout,102,logarithmic,0.8,32768,free,1.93772823798,29.6121334483,2687.15915847,1,1
1e+24,heldout,125,exponential,0.2,2048,1x,2.09336287541,11.965825,299.893,1,0.0242005370012
1e+24,heldout,125,exponential,0.2,2048,2x,2.01705375953,23.93165,599.786,1,0.0944023521778
1e+24,heldout,125,exponential,0.2,2048,3x,1.97934001662,35.897475,899.679,1,0.21060544553
1e+24,heldout,125,exponential,0.2,2048,5x,1.93799159555,59.829125,1499.465,1,0.581015466761
1e+24,heldout,125,exponential,0.2,2048,free,1.91385668412,40.8634614279,3760.53614136,1,1
1e+24,heldout,125,exponential,0.2,32768,1x,2.09336287541,11.965825,299.893,1,0.0462480792121
1e+24,heldout,125,exponential,0.2,32768,2x,2.01705375953,23.93165,599.786,1,0.182592521022
1e+24,heldout,125,exponential,0.2,32768,3x,1.97934001662,35.897475,899.679,1,0.409033325428
1e+24,heldout,125,exponential,0.2,32768,5x,1.94181736398,52.8058439428,1499.46499999,1,1
1e+24,heldout,125,exponential,0.2,32768,free,1.93805239598,29.9973248999,2627.59948509,1,1
1e+24,heldout,125,exponential,0.8,2048,1x,2.09336287541,11.965825,299.893,1,0.023846092563
1e+24,heldout,125,exponential,0.8,2048,2x,2.01705375953,23.93165,599.786,1,0.0936934633015
1e+24,heldout,125,exponential,0.8,2048,3x,1.97934001662,35.897475,899.679,1,0.209542112215
1e+24,heldout,125,exponential,0.8,2048,5x,1.93799159555,59.829125,1499.465,1,0.57924324457
1e+24,heldout,125,exponential,0.8,2048,free,1.91370211375,40.6549510134,3796.49052588,1,1
1e+24,heldout,125,exponential,0.8,32768,1x,2.09336287541,11.965825,299.893,1,0.0458936347739
1e+24,heldout,125,exponential,0.8,32768,2x,2.01705375953,23.93165,599.786,1,0.181883632145
1e+24,heldout,125,exponential,0.8,32768,3x,1.97934001662,35.897475,899.679,1,0.407969992114
1e+24,heldout,125,exponential,0.8,32768,5x,1.94176163988,52.8999924746,1499.46499999,1,1
1e+24,heldout,125,exponential,0.8,32768,free,1.9379331157,29.8899620433,2645.18206576,1,1
1e+24,heldout,125,power,0.2,2048,1x,2.09336287541,11.965825,299.893,1,0.0244977049437
1e+24,heldout,125,power,0.2,2048,2x,2.01705375953,23.93165,599.786,1,0.094996688063
1e+24,heldout,125,power,0.2,2048,3x,1.97934001662,35.897475,899.679,1,0.211496949358
1e+24,heldout,125,power,0.2,2048,5x,1.93799159555,59.829125,1499.465,1,0.582501306474
1e+24,heldout,125,power,0.2,2048,free,1.91398546809,41.0367985769,3731.0444637,1,1
1e+24,heldout,125,power,0.2,32768,1x,2.09336287541,11.965825,299.893,1,0.0465452471547
1e+24,heldout,125,power,0.2,32768,2x,2.01705375953,23.93165,599.786,1,0.183186856907
1e+24,heldout,125,power,0.2,32768,3x,1.97934001662,35.897475,899.679,1,0.409924829256
1e+24,heldout,125,power,0.2,32768,5x,1.94186418602,52.7269092894,1499.465,1,0.999999998761
1e+24,heldout,125,power,0.2,32768,free,1.9381519626,30.0867979113,2613.08363588,1,1
1e+24,heldout,125,power,0.8,2048,1x,2.09336287541,11.965825,299.893,1,0.0238859232237
1e+24,heldout,125,power,0.8,2048,2x,2.01705375953,23.93165,599.786,1,0.093773124623
1e+24,heldout,125,power,0.8,2048,3x,1.97934001662,35.897475,899.679,1,0.209661604198
1e+24,heldout,125,power,0.8,2048,5x,1.93799159555,59.829125,1499.465,1,0.579442397874
1e+24,heldout,125,power,0.8,2048,free,1.91371953655,40.6784804837,3792.4068569,1,1
1e+24,heldout,125,power,0.8,32768,1x,2.09336287541,11.965825,299.893,1,0.0459334654347
1e+24,heldout,125,power,0.8,32768,2x,2.01705375953,23.93165,599.786,1,0.181963293467
1e+24,heldout,125,power,0.8,32768,3x,1.97934001662,35.897475,899.679,1,0.408089484096
1e+24,heldout,125,power,0.8,32768,5x,1.94176789524,52.8894125413,1499.465,1,0.999999999995
1e+24,heldout,125,power,0.8,32768,free,1.93794654843,29.9020632932,2643.19130925,1,1
1e+24,heldout,125,logarithmic,0.2,2048,1x,2.09336287541,11.965825,299.893,1,0.0237799308317
1e+24,heldout,125,logarithmic,0.2,2048,2x,2.01705375953,23.93165,599.786,1,0.0935611398388
1e+24,heldout,125,logarithmic,0.2,2048,3x,1.97934001662,35.897475,899.679,1,0.209343627021
1e+24,heldout,125,logarithmic,0.2,2048,5x,1.93799159555,59.829125,1499.465,1,0.578912435913
1e+24,heldout,125,logarithmic,0.2,2048,free,1.91367314327,40.6158129253,3803.29827398,1,1
1e+24,heldout,125,logarithmic,0.2,32768,1x,2.09336287541,11.965825,299.893,1,0.0458274730426
1e+24,heldout,125,logarithmic,0.2,32768,2x,2.01705375953,23.93165,599.786,1,0.181751308682
1e+24,heldout,125,logarithmic,0.2,32768,3x,1.97934001662,35.897475,899.679,1,0.40777150692
1e+24,heldout,125,logarithmic,0.2,32768,5x,1.94175125296,52.9175665376,1499.465,1,0.999999999958
1e+24,heldout,125,logarithmic,0.2,32768,free,1.9379107868,29.8698437372,2648.49701446,1,1
1e+24,heldout,125,logarithmic,0.8,2048,1x,2.09336287541,11.965825,299.893,1,0.0231209985615
1e+24,heldout,125,logarithmic,0.8,2048,2x,2.01705375953,23.93165,599.786,1,0.0922432752985
1e+24,heldout,125,logarithmic,0.8,2048,3x,1.97934001662,35.897475,899.679,1,0.207366830211
1e+24,heldout,125,logarithmic,0.8,2048,5x,1.93799159555,59.829125,1499.465,1,0.575617774562
1e+24,heldout,125,logarithmic,0.8,2048,free,1.91338254522,40.2221417315,3872.82898307,1,1
1e+24,heldout,125,logarithmic,0.8,32768,1x,2.09336287541,11.965825,299.893,1,0.0451685407724
1e+24,heldout,125,logarithmic,0.8,32768,2x,2.01705375953,23.93165,599.786,1,0.180433444142
1e+24,heldout,125,logarithmic,0.8,32768,3x,1.97934001662,35.897475,899.679,1,0.405794710109
1e+24,heldout,125,logarithmic,0.8,32768,5x,1.94164805675,53.0925939877,1499.465,1,0.99999999999
1e+24,heldout,125,logarithmic,0.8,32768,free,1.93768729397,29.6680829861,2682.0970358,1,1
1e+24,heldout,129,exponential,0.2,2048,1x,2.09339265822,11.965825,299.893,1,0.0242005370012
1e+24,heldout,129,exponential,0.2,2048,2x,2.01712179632,23.93165,599.786,1,0.0944023521778
1e+24,heldout,129,exponential,0.2,2048,3x,1.97943195355,35.897475,899.679,1,0.21060544553
1e+24,heldout,129,exponential,0.2,2048,5x,1.93811406783,59.829125,1499.465,1,0.581015466761
1e+24,heldout,129,exponential,0.2,2048,free,1.91396877699,40.7859776554,3767.57258283,1,1
1e+24,heldout,129,exponential,0.2,32768,1x,2.09339265822,11.965825,299.893,1,0.0462480792121
1e+24,heldout,129,exponential,0.2,32768,2x,2.01712179632,23.93165,599.786,1,0.182592521022
1e+24,heldout,129,exponential,0.2,32768,3x,1.97943195355,35.897475,899.679,1,0.409033325428
1e+24,heldout,129,exponential,0.2,32768,5x,1.94193360606,52.805843942,1499.465,1,0.99999999999
1e+24,heldout,129,exponential,0.2,32768,free,1.93814595101,29.9473828241,2631.93528518,1,1
1e+24,heldout,129,exponential,0.8,2048,1x,2.09339265822,11.965825,299.893,1,0.023846092563
1e+24,heldout,129,exponential,0.8,2048,2x,2.01712179632,23.93165,599.786,1,0.0936934633015
1e+24,heldout,129,exponential,0.8,2048,3x,1.97943195355,35.897475,899.679,1,0.209542112215
1e+24,heldout,129,exponential,0.8,2048,5x,1.93811406783,59.829125,1499.465,1,0.57924324457
1e+24,heldout,129,exponential,0.8,2048,free,1.91381403797,40.5776759452,3803.64293563,1,1
1e+24,heldout,129,exponential,0.8,32768,1x,2.09339265822,11.965825,299.893,1,0.0458936347739
1e+24,heldout,129,exponential,0.8,32768,2x,2.01712179632,23.93165,599.786,1,0.181883632145
1e+24,heldout,129,exponential,0.8,32768,3x,1.97943195355,35.897475,899.679,1,0.407969992114
1e+24,heldout,129,exponential,0.8,32768,5x,1.94187797086,52.8999924759,1499.46499995,1,1
1e+24,heldout,129,exponential,0.8,32768,free,1.93802655787,29.8401313581,2649.56631777,1,1
1e+24,heldout,129,power,0.2,2048,1x,2.09339265822,11.965825,299.893,1,0.0244977049437
1e+24,heldout,129,power,0.2,2048,2x,2.01712179632,23.93165,599.786,1,0.094996688063
1e+24,heldout,129,power,0.2,2048,3x,1.97943195355,35.897475,899.679,1,0.211496949358
1e+24,heldout,129,power,0.2,2048,5x,1.93811406783,59.829125,1499.465,1,0.582501306474
1e+24,heldout,129,power,0.2,2048,free,1.91409770048,40.9591250857,3737.98786177,1,1
1e+24,heldout,129,power,0.2,32768,1x,2.09339265822,11.965825,299.893,1,0.0465452471547
1e+24,heldout,129,power,0.2,32768,2x,2.01712179632,23.93165,599.786,1,0.183186856907
1e+24,heldout,129,power,0.2,32768,3x,1.97943195355,35.897475,899.679,1,0.409924829256
1e+24,heldout,129,power,0.2,32768,5x,1.94198035343,52.726909313,1499.465,1,0.999999999204
1e+24,heldout,129,power,0.2,32768,free,1.93824561139,30.0367616073,2617.37972769,1,1
1e+24,heldout,129,power,0.8,2048,1x,2.09339265822,11.965825,299.893,1,0.0238859232237
1e+24,heldout,129,power,0.8,2048,2x,2.01712179632,23.93165,599.786,1,0.093773124623
1e+24,heldout,129,power,0.8,2048,3x,1.97943195355,35.897475,899.679,1,0.209661604198
1e+24,heldout,129,power,0.8,2048,5x,1.93811406783,59.829125,1499.465,1,0.579442397874
1e+24,heldout,129,power,0.8,2048,free,1.91383147985,40.6011789585,3799.54632171,1,1
1e+24,heldout,129,power,0.8,32768,1x,2.09339265822,11.965825,299.893,1,0.0459334654347
1e+24,heldout,129,power,0.8,32768,2x,2.01712179632,23.93165,599.786,1,0.181963293467
1e+24,heldout,129,power,0.8,32768,3x,1.97943195355,35.897475,899.679,1,0.408089484096
1e+24,heldout,129,power,0.8,32768,5x,1.94188421624,52.8894125419,1499.46499999,1,1
1e+24,heldout,129,power,0.8,32768,free,1.93804000334,29.8522203232,2647.57004015,1,1
1e+24,heldout,129,logarithmic,0.2,2048,1x,2.09339265822,11.965825,299.893,1,0.0237799308317
1e+24,heldout,129,logarithmic,0.2,2048,2x,2.01712179632,23.93165,599.786,1,0.0935611398388
1e+24,heldout,129,logarithmic,0.2,2048,3x,1.97943195355,35.897475,899.679,1,0.209343627021
1e+24,heldout,129,logarithmic,0.2,2048,5x,1.93811406783,59.829125,1499.465,1,0.578912435913
1e+24,heldout,129,logarithmic,0.2,2048,free,1.91378503573,40.5385765331,3810.47278252,1,1
1e+24,heldout,129,logarithmic,0.2,32768,1x,2.09339265822,11.965825,299.893,1,0.0458274730426
1e+24,heldout,129,logarithmic,0.2,32768,2x,2.01712179632,23.93165,599.786,1,0.181751308682
1e+24,heldout,129,logarithmic,0.2,32768,3x,1.97943195355,35.897475,899.679,1,0.40777150692
1e+24,heldout,129,logarithmic,0.2,32768,5x,1.94186760052,52.9175665348,1499.465,1,0.999999999905
1e+24,heldout,129,logarithmic,0.2,32768,free,1.93800420777,29.8200342784,2652.89039583,1,1
1e+24,heldout,129,logarithmic,0.8,2048,1x,2.09339265822,11.965825,299.893,1,0.0231209985615
1e+24,heldout,129,logarithmic,0.8,2048,2x,2.01712179632,23.93165,599.786,1,0.0922432752985
1e+24,heldout,129,logarithmic,0.8,2048,3x,1.97943195355,35.897475,899.679,1,0.207366830211
1e+24,heldout,129,logarithmic,0.8,2048,5x,1.93811406783,59.829125,1499.465,1,0.575617774562
1e+24,heldout,129,logarithmic,0.8,2048,free,1.91349411643,40.1453172072,3880.22872295,1,1
1e+24,heldout,129,logarithmic,0.8,32768,1x,2.09339265822,11.965825,299.893,1,0.0451685407724
1e+24,heldout,129,logarithmic,0.8,32768,2x,2.01712179632,23.93165,599.786,1,0.180433444142
1e+24,heldout,129,logarithmic,0.8,32768,3x,1.97943195355,35.897475,899.679,1,0.405794710109
1e+24,heldout,129,logarithmic,0.8,32768,5x,1.94176456911,53.0925939847,1499.465,1,0.999999999932
1e+24,heldout,129,logarithmic,0.8,32768,free,1.93778050164,29.6184822572,2686.58377906,1,1
1e+24,heldout,184,exponential,0.2,2048,1x,2.09339627108,11.965825,299.893,1,0.0242005370012
1e+24,heldout,184,exponential,0.2,2048,2x,2.01712447552,23.93165,599.786,1,0.0944023521778
1e+24,heldout,184,exponential,0.2,2048,3x,1.97943394148,35.897475,899.679,1,0.21060544553
1e+24,heldout,184,exponential,0.2,2048,5x,1.93811507687,59.829125,1499.465,1,0.581015466761
1e+24,heldout,184,exponential,0.2,2048,free,1.91396349478,40.7693717811,3769.08402007,1,1
1e+24,heldout,184,exponential,0.2,32768,1x,2.09339627108,11.965825,299.893,1,0.0462480792121
1e+24,heldout,184,exponential,0.2,32768,2x,2.01712447552,23.93165,599.786,1,0.182592521022
1e+24,heldout,184,exponential,0.2,32768,3x,1.97943394148,35.897475,899.679,1,0.409033325428
1e+24,heldout,184,exponential,0.2,32768,5x,1.9419341784,52.8058439417,1499.465,1,0.999999999985
1e+24,heldout,184,exponential,0.2,32768,free,1.93814139973,29.9359602504,2632.92896531,1,1
1e+24,heldout,184,exponential,0.8,2048,1x,2.09339627108,11.965825,299.893,1,0.023846092563
1e+24,heldout,184,exponential,0.8,2048,2x,2.01712447552,23.93165,599.786,1,0.0936934633015
1e+24,heldout,184,exponential,0.8,2048,3x,1.97943394148,35.897475,899.679,1,0.209542112215
1e+24,heldout,184,exponential,0.8,2048,5x,1.93811507687,59.829125,1499.465,1,0.57924324457
1e+24,heldout,184,exponential,0.8,2048,free,1.91380868765,40.5610642723,3805.18399617,1,1
1e+24,heldout,184,exponential,0.8,32768,1x,2.09339627108,11.965825,299.893,1,0.0458936347739
1e+24,heldout,184,exponential,0.8,32768,2x,2.01712447552,23.93165,599.786,1,0.181883632145
1e+24,heldout,184,exponential,0.8,32768,3x,1.97943394148,35.897475,899.679,1,0.407969992114
1e+24,heldout,184,exponential,0.8,32768,5x,1.94187854949,52.8999924729,1499.465,1,0.999999999978
1e+24,heldout,184,exponential,0.8,32768,free,1.93802195742,29.8287056337,2650.57363601,1,1
1e+24,heldout,184,power,0.2,2048,1x,2.09339627108,11.965825,299.893,1,0.0244977049437
1e+24,heldout,184,power,0.2,2048,2x,2.01712447552,23.93165,599.786,1,0.094996688063
1e+24,heldout,184,power,0.2,2048,3x,1.97943394148,35.897475,899.679,1,0.211496949358
1e+24,heldout,184,power,0.2,2048,5x,1.93811507687,59.829125,1499.465,1,0.582501306474
1e+24,heldout,184,power,0.2,2048,free,1.91409247462,40.9425283804,3739.47482871,1,1
1e+24,heldout,184,power,0.2,32768,1x,2.09339627108,11.965825,299.893,1,0.0465452471547
1e+24,heldout,184,power,0.2,32768,2x,2.01712447552,23.93165,599.786,1,0.183186856907
1e+24,heldout,184,power,0.2,32768,3x,1.97943394148,35.897475,899.679,1,0.409924829256
1e+24,heldout,184,power,0.2,32768,5x,1.94198092047,52.7269093445,1499.465,1,0.999999999798
1e+24,heldout,184,power,0.2,32768,free,1.93824110096,30.0253458625,2618.3618576,1,1
1e+24,heldout,184,power,0.8,2048,1x,2.09339627108,11.965825,299.893,1,0.0238859232237
1e+24,heldout,184,power,0.8,2048,2x,2.01712447552,23.93165,599.786,1,0.093773124623
1e+24,heldout,184,power,0.8,2048,3x,1.97943394148,35.897475,899.679,1,0.209661604198
1e+24,heldout,184,power,0.8,2048,5x,1.93811507687,59.829125,1499.465,1,0.579442397874
1e+24,heldout,184,power,0.8,2048,free,1.91382613723,40.584575009,3801.0833486,1,1
1e+24,heldout,184,power,0.8,32768,1x,2.09339627108,11.965825,299.893,1,0.0459334654347
1e+24,heldout,184,power,0.8,32768,2x,2.01712447552,23.93165,599.786,1,0.181963293467
1e+24,heldout,184,power,0.8,32768,3x,1.97943394148,35.897475,899.679,1,0.408089484096
1e+24,heldout,184,power,0.8,32768,5x,1.94188479421,52.8894124672,1499.465,1,0.9999999986
1e+24,heldout,184,power,0.8,32768,free,1.93803540845,29.8407968849,2648.57563945,1,1
1e+24,heldout,184,logarithmic,0.2,2048,1x,2.09339627108,11.965825,299.893,1,0.0237799308317
1e+24,heldout,184,logarithmic,0.2,2048,2x,2.01712447552,23.93165,599.786,1,0.0935611398388
1e+24,heldout,184,logarithmic,0.2,2048,3x,1.97943394148,35.897475,899.679,1,0.209343627021
1e+24,heldout,184,logarithmic,0.2,2048,5x,1.93811507687,59.829125,1499.465,1,0.578912435913
1e+24,heldout,184,logarithmic,0.2,2048,free,1.91377967259,40.5219627303,3812.01958181,1,1
1e+24,heldout,184,logarithmic,0.2,32768,1x,2.09339627108,11.965825,299.893,1,0.0458274730426
1e+24,heldout,184,logarithmic,0.2,32768,2x,2.01712447552,23.93165,599.786,1,0.181751308682
1e+24,heldout,184,logarithmic,0.2,32768,3x,1.97943394148,35.897475,899.679,1,0.40777150692
1e+24,heldout,184,logarithmic,0.2,32768,5x,1.94186818032,52.917566535,1499.465,1,0.99999999991
1e+24,heldout,184,logarithmic,0.2,32768,free,1.93799959809,29.808606216,2653.90045037,1,1
1e+24,heldout,184,logarithmic,0.8,2048,1x,2.09339627108,11.965825,299.893,1,0.0231209985615
1e+24,heldout,184,logarithmic,0.8,2048,2x,2.01712447552,23.93165,599.786,1,0.0922432752985
1e+24,heldout,184,logarithmic,0.8,2048,3x,1.97943394148,35.897475,899.679,1,0.207366830211
1e+24,heldout,184,logarithmic,0.8,2048,5x,1.93811507687,59.829125,1499.465,1,0.575617774562
1e+24,heldout,184,logarithmic,0.8,2048,free,1.91348862372,40.1286781771,3881.83512166,1,1
1e+24,heldout,184,logarithmic,0.8,32768,1x,2.09339627108,11.965825,299.893,1,0.0451685407724
1e+24,heldout,184,logarithmic,0.8,32768,2x,2.01712447552,23.93165,599.786,1,0.180433444142
1e+24,heldout,184,logarithmic,0.8,32768,3x,1.97943394148,35.897475,899.679,1,0.405794710109
1e+24,heldout,184,logarithmic,0.8,32768,5x,1.94176516055,53.092593989,1499.46499998,1,1
1e+24,heldout,184,logarithmic,0.8,32768,free,1.93777579904,29.6070405238,2687.62089786,1,1
1e+24,heldout,199,exponential,0.2,2048,1x,2.09337887892,11.965825,299.893,1,0.0242005370012
1e+24,heldout,199,exponential,0.2,2048,2x,2.01709764843,23.93165,599.786,1,0.0944023521778
1e+24,heldout,199,exponential,0.2,2048,3x,1.97940198929,35.897475,899.679,1,0.21060544553
1e+24,heldout,199,exponential,0.2,2048,5x,1.9380770946,59.829125,1499.465,1,0.581015466761
1e+24,heldout,199,exponential,0.2,2048,free,1.91392208274,40.7693296545,3769.0878559,1,1
1e+24,heldout,199,exponential,0.2,32768,1x,2.09337887892,11.965825,299.893,1,0.0462480792121
1e+24,heldout,199,exponential,0.2,32768,2x,2.01709764843,23.93165,599.786,1,0.182592521022
1e+24,heldout,199,exponential,0.2,32768,3x,1.97940198929,35.897475,899.679,1,0.409033325428
1e+24,heldout,199,exponential,0.2,32768,5x,1.94189682967,52.8058439384,1499.465,1,0.999999999924
1e+24,heldout,199,exponential,0.2,32768,free,1.93810369252,29.9358185103,2632.94130037,1,1
1e+24,heldout,199,exponential,0.8,2048,1x,2.09337887892,11.965825,299.893,1,0.023846092563
1e+24,heldout,199,exponential,0.8,2048,2x,2.01709764843,23.93165,599.786,1,0.0936934633015
1e+24,heldout,199,exponential,0.8,2048,3x,1.97940198929,35.897475,899.679,1,0.209542112215
1e+24,heldout,199,exponential,0.8,2048,5x,1.9380770946,59.829125,1499.465,1,0.57924324457
1e+24,heldout,199,exponential,0.8,2048,free,1.91376725112,40.5610034741,3805.18963869,1,1
1e+24,heldout,199,exponential,0.8,32768,1x,2.09337887892,11.965825,299.893,1,0.0458936347739
1e+24,heldout,199,exponential,0.8,32768,2x,2.01709764843,23.93165,599.786,1,0.181883632145
1e+24,heldout,199,exponential,0.8,32768,3x,1.97940198929,35.897475,899.679,1,0.407969992114
1e+24,heldout,199,exponential,0.8,32768,5x,1.94184119163,52.899992474,1499.465,1,0.999999999999
1e+24,heldout,199,exponential,0.8,32768,free,1.93798423175,29.8285518218,2650.58720165,1,1
1e+24,heldout,199,power,0.2,2048,1x,2.09337887892,11.965825,299.893,1,0.0244977049437
1e+24,heldout,199,power,0.2,2048,2x,2.01709764843,23.93165,599.786,1,0.094996688063
1e+24,heldout,199,power,0.2,2048,3x,1.97940198929,35.897475,899.679,1,0.211496949358
1e+24,heldout,199,power,0.2,2048,5x,1.9380770946,59.829125,1499.465,1,0.582501306474
1e+24,heldout,199,power,0.2,2048,free,1.91405108294,40.9424980867,3739.47754393,1,1
1e+24,heldout,199,power,0.2,32768,1x,2.09337887892,11.965825,299.893,1,0.0465452471547
1e+24,heldout,199,power,0.2,32768,2x,2.01709764843,23.93165,599.786,1,0.183186856907
1e+24,heldout,199,power,0.2,32768,3x,1.97940198929,35.897475,899.679,1,0.409924829256
1e+24,heldout,199,power,0.2,32768,5x,1.94194357941,52.726909356,1499.46499998,1,1
1e+24,heldout,199,power,0.2,32768,free,1.93820340913,30.0252109372,2618.37347003,1,1
1e+24,heldout,199,power,0.8,2048,1x,2.09337887892,11.965825,299.893,1,0.0238859232237
1e+24,heldout,199,power,0.8,2048,2x,2.01709764843,23.93165,599.786,1,0.093773124623
1e+24,heldout,199,power,0.8,2048,3x,1.97940198929,35.897475,899.679,1,0.209661604198
1e+24,heldout,199,power,0.8,2048,5x,1.9380770946,59.829125,1499.465,1,0.579442397874
1e+24,heldout,199,power,0.8,2048,free,1.91378470347,40.5845142782,3801.08897274,1,1
1e+24,heldout,199,power,0.8,32768,1x,2.09337887892,11.965825,299.893,1,0.0459334654347
1e+24,heldout,199,power,0.8,32768,2x,2.01709764843,23.93165,599.786,1,0.181963293467
1e+24,heldout,199,power,0.8,32768,3x,1.97940198929,35.897475,899.679,1,0.408089484096
1e+24,heldout,199,power,0.8,32768,5x,1.94184743736,52.8894124954,1499.465,1,0.99999999913
1e+24,heldout,199,power,0.8,32768,free,1.93799768485,29.8406398569,2648.58946786,1,1
1e+24,heldout,199,logarithmic,0.2,2048,1x,2.09337887892,11.965825,299.893,1,0.0237799308317
1e+24,heldout,199,logarithmic,0.2,2048,2x,2.01709764843,23.93165,599.786,1,0.0935611398388
1e+24,heldout,199,logarithmic,0.2,2048,3x,1.97940198929,35.897475,899.679,1,0.209343627021
1e+24,heldout,199,logarithmic,0.2,2048,5x,1.9380770946,59.829125,1499.465,1,0.578912435913
1e+24,heldout,199,logarithmic,0.2,2048,free,1.91373823146,40.5219051779,3812.02494231,1,1
1e+24,heldout,199,logarithmic,0.2,32768,1x,2.09337887892,11.965825,299.893,1,0.0458274730426
1e+24,heldout,199,logarithmic,0.2,32768,2x,2.01709764843,23.93165,599.786,1,0.181751308682
1e+24,heldout,199,logarithmic,0.2,32768,3x,1.97940198929,35.897475,899.679,1,0.40777150692
1e+24,heldout,199,logarithmic,0.2,32768,5x,1.94183082075,52.9175665396,1499.465,1,0.999999999996
1e+24,heldout,199,logarithmic,0.2,32768,free,1.93796186896,29.808447176,2653.91451234,1,1
1e+24,heldout,199,logarithmic,0.8,2048,1x,2.09337887892,11.965825,299.893,1,0.0231209985615
1e+24,heldout,199,logarithmic,0.8,2048,2x,2.01709764843,23.93165,599.786,1,0.0922432752985
1e+24,heldout,199,logarithmic,0.8,2048,3x,1.97940198929,35.897475,899.679,1,0.207366830211
1e+24,heldout,199,logarithmic,0.8,2048,5x,1.9380770946,59.829125,1499.465,1,0.575617774562
1e+24,heldout,199,logarithmic,0.8,2048,free,1.91344713627,40.1285746418,3881.84512154,1,1
1e+24,heldout,199,logarithmic,0.8,32768,1x,2.09337887892,11.965825,299.893,1,0.0451685407724
1e+24,heldout,199,logarithmic,0.8,32768,2x,2.01709764843,23.93165,599.786,1,0.180433444142
1e+24,heldout,199,logarithmic,0.8,32768,3x,1.97940198929,35.897475,899.679,1,0.405794710109
1e+24,heldout,199,logarithmic,0.8,32768,5x,1.94172778407,53.092593986,1499.465,1,0.999999999958
1e+24,heldout,199,logarithmic,0.8,32768,free,1.93773803516,29.6068647811,2687.63683404,1,1
