model,source,held_N_B,row,observed,predicted,calibration_rows,calibration_N_groups
quality_model_current_raw,B8_new,0.07,0,1.0401,3.87633837971,196,14
quality_model_current_raw,B8_new,0.07,1,1.1624,3.84910003728,196,14
quality_model_current_raw,B8_new,0.07,2,1.4286,3.79458417242,196,14
quality_model_current_raw,B8_new,0.07,3,1.6112,3.74001049828,196,14
quality_model_current_raw,B8_new,0.07,4,1.8958,3.68537062771,196,14
quality_model_current_raw,B8_new,0.07,5,2.1434,3.63065332947,196,14
quality_model_current_raw,B8_new,0.07,6,2.4434,3.57584277826,196,14
quality_model_current_raw,B8_new,0.07,7,2.6519,3.5209149812,196,14
quality_model_current_raw,B8_new,0.07,8,2.8801,3.4658291079,196,14
quality_model_current_raw,B8_new,0.07,9,3.0925,3.41049889612,196,14
quality_model_current_raw,B8_new,0.07,10,3.2372,3.38267115138,196,14
quality_model_current_raw,B8_new,0.07,11,3.3659,3.35451428183,196,14
quality_model_current_raw,B8_new,0.07,12,0.9918,3.73694194753,196,14
quality_model_current_raw,B8_new,0.07,13,3.2059,3.24327471921,196,14
quality_model_current_raw,B8_new,0.07,14,0.9701,3.62212659956,196,14
quality_model_current_raw,B8_new,0.07,15,1.096,3.59488825713,196,14
quality_model_current_raw,B8_new,0.07,16,1.2839,3.54037239227,196,14
quality_model_current_raw,B8_new,0.07,17,1.4876,3.48579871813,196,14
quality_model_current_raw,B8_new,0.07,18,1.7688,3.43115884755,196,14
quality_model_current_raw,B8_new,0.07,19,1.9631,3.37644154932,196,14
quality_model_current_raw,B8_new,0.07,20,2.1816,3.3216309981,196,14
quality_model_current_raw,B8_new,0.07,21,2.4162,3.26670320105,196,14
quality_model_current_raw,B8_new,0.07,22,2.6428,3.21161732775,196,14
quality_model_current_raw,B8_new,0.07,23,2.926,3.15628711596,196,14
quality_model_current_raw,B8_new,0.07,24,2.984,3.12845937123,196,14
quality_model_current_raw,B8_new,0.07,25,3.1277,3.10030250167,196,14
quality_model_current_raw,B8_new,0.07,26,0.9392,3.5008147586,196,14
quality_model_current_raw,B8_new,0.07,27,2.8636,3.00714753028,196,14
quality_model_current_raw,B8_new,0.07,28,0.891,3.42763793911,196,14
quality_model_current_raw,B8_new,0.07,29,1.0093,3.40039959668,196,14
quality_model_current_raw,B8_new,0.07,30,1.2339,3.34588373182,196,14
quality_model_current_raw,B8_new,0.07,31,1.4034,3.29131005768,196,14
quality_model_current_raw,B8_new,0.07,32,1.6433,3.23667018711,196,14
quality_model_current_raw,B8_new,0.07,33,1.8327,3.18195288888,196,14
quality_model_current_raw,B8_new,0.07,34,2.104,3.12714233766,196,14
quality_model_current_raw,B8_new,0.07,35,2.3189,3.0722145406,196,14
quality_model_current_raw,B8_new,0.07,36,2.4893,3.0171286673,196,14
quality_model_current_raw,B8_new,0.07,37,2.727,2.96179845552,196,14
quality_model_current_raw,B8_new,0.07,38,2.7802,2.93397071078,196,14
quality_model_current_raw,B8_new,0.07,39,2.8644,2.90581384123,196,14
quality_model_current_raw,B8_new,0.07,40,0.8911,3.39097005479,196,14
quality_model_current_raw,B8_new,0.07,41,2.7592,2.89730282646,196,14
quality_model_current_raw,B8_new,0.07,42,0.8812,3.33716318524,196,14
quality_model_current_raw,B8_new,0.07,43,2.6843,2.84349595691,196,14
quality_model_current_raw,B8_new,0.07,44,0.861,3.30368184919,196,14
quality_model_current_raw,B8_new,0.07,45,0.9621,3.27644350676,196,14
quality_model_current_raw,B8_new,0.07,46,1.1948,3.2219276419,196,14
quality_model_current_raw,B8_new,0.07,47,1.3491,3.16735396776,196,14
quality_model_current_raw,B8_new,0.07,48,1.5406,3.11271409719,196,14
quality_model_current_raw,B8_new,0.07,49,1.7858,3.05799679895,196,14
quality_model_current_raw,B8_new,0.07,50,1.9945,3.00318624774,196,14
quality_model_current_raw,B8_new,0.07,51,2.1765,2.94825845068,196,14
quality_model_current_raw,B8_new,0.07,52,2.4124,2.89317257738,196,14
quality_model_current_raw,B8_new,0.07,53,2.6083,2.8378423656,196,14
quality_model_current_raw,B8_new,0.07,54,2.7105,2.81001462086,196,14
quality_model_current_raw,B8_new,0.07,55,2.8055,2.78185775131,196,14
quality_model_current_raw,B8_new,0.07,56,0.8471,3.26526733006,196,14
quality_model_current_raw,B8_new,0.07,57,0.9414,3.23802898763,196,14
quality_model_current_raw,B8_new,0.07,58,1.1388,3.18351312277,196,14
quality_model_current_raw,B8_new,0.07,59,1.3853,3.12893944863,196,14
quality_model_current_raw,B8_new,0.07,60,1.5663,3.07429957806,196,14
quality_model_current_raw,B8_new,0.07,61,1.7504,3.01958227982,196,14
quality_model_current_raw,B8_new,0.07,62,1.9928,2.9647717286,196,14
quality_model_current_raw,B8_new,0.07,63,2.1482,2.90984393155,196,14
quality_model_current_raw,B8_new,0.07,64,2.3195,2.85475805825,196,14
quality_model_current_raw,B8_new,0.07,65,2.523,2.79942784647,196,14
quality_model_current_raw,B8_new,0.07,66,2.6048,2.77160010173,196,14
quality_model_current_raw,B8_new,0.07,67,2.7431,2.74344323218,196,14
quality_model_current_raw,B8_new,0.07,68,0.8539,3.23362680445,196,14
quality_model_current_raw,B8_new,0.07,69,0.9243,3.20638846202,196,14
quality_model_current_raw,B8_new,0.07,70,1.1409,3.15187259716,196,14
quality_model_current_raw,B8_new,0.07,71,1.3364,3.09729892302,196,14
quality_model_current_raw,B8_new,0.07,72,1.5027,3.04265905245,196,14
quality_model_current_raw,B8_new,0.07,73,1.7429,2.98794175421,196,14
quality_model_current_raw,B8_new,0.07,74,1.9258,2.933131203,196,14
quality_model_current_raw,B8_new,0.07,75,2.1457,2.87820340594,196,14
quality_model_current_raw,B8_new,0.07,76,2.3261,2.82311753264,196,14
quality_model_current_raw,B8_new,0.07,77,2.5085,2.76778732086,196,14
quality_model_current_raw,B8_new,0.07,78,2.5794,2.73995957612,196,14
quality_model_current_raw,B8_new,0.07,79,2.7374,2.71180270657,196,14
source_intercept_control,B8_new,0.07,0,1.0401,2.74996232864,196,14
source_intercept_control,B8_new,0.07,1,1.1624,2.72272398621,196,14
source_intercept_control,B8_new,0.07,2,1.4286,2.66820812135,196,14
source_intercept_control,B8_new,0.07,3,1.6112,2.61363444721,196,14
source_intercept_control,B8_new,0.07,4,1.8958,2.55899457663,196,14
source_intercept_control,B8_new,0.07,5,2.1434,2.5042772784,196,14
source_intercept_control,B8_new,0.07,6,2.4434,2.44946672718,196,14
source_intercept_control,B8_new,0.07,7,2.6519,2.39453893013,196,14
source_intercept_control,B8_new,0.07,8,2.8801,2.33945305683,196,14
source_intercept_control,B8_new,0.07,9,3.0925,2.28412284504,196,14
source_intercept_control,B8_new,0.07,10,3.2372,2.25629510031,196,14
source_intercept_control,B8_new,0.07,11,3.3659,2.22813823075,196,14
source_intercept_control,B8_new,0.07,12,0.9918,2.61056589646,196,14
source_intercept_control,B8_new,0.07,13,3.2059,2.11689866813,196,14
source_intercept_control,B8_new,0.07,14,0.9701,2.49575054848,196,14
source_intercept_control,B8_new,0.07,15,1.096,2.46851220605,196,14
source_intercept_control,B8_new,0.07,16,1.2839,2.41399634119,196,14
source_intercept_control,B8_new,0.07,17,1.4876,2.35942266705,196,14
source_intercept_control,B8_new,0.07,18,1.7688,2.30478279648,196,14
source_intercept_control,B8_new,0.07,19,1.9631,2.25006549825,196,14
source_intercept_control,B8_new,0.07,20,2.1816,2.19525494703,196,14
source_intercept_control,B8_new,0.07,21,2.4162,2.14032714998,196,14
source_intercept_control,B8_new,0.07,22,2.6428,2.08524127668,196,14
source_intercept_control,B8_new,0.07,23,2.926,2.02991106489,196,14
source_intercept_control,B8_new,0.07,24,2.984,2.00208332016,196,14
source_intercept_control,B8_new,0.07,25,3.1277,1.9739264506,196,14
source_intercept_control,B8_new,0.07,26,0.9392,2.37443870753,196,14
source_intercept_control,B8_new,0.07,27,2.8636,1.8807714792,196,14
source_intercept_control,B8_new,0.07,28,0.891,2.30126188804,196,14
source_intercept_control,B8_new,0.07,29,1.0093,2.27402354561,196,14
source_intercept_control,B8_new,0.07,30,1.2339,2.21950768075,196,14
source_intercept_control,B8_new,0.07,31,1.4034,2.16493400661,196,14
source_intercept_control,B8_new,0.07,32,1.6433,2.11029413604,196,14
source_intercept_control,B8_new,0.07,33,1.8327,2.0555768378,196,14
source_intercept_control,B8_new,0.07,34,2.104,2.00076628659,196,14
source_intercept_control,B8_new,0.07,35,2.3189,1.94583848953,196,14
source_intercept_control,B8_new,0.07,36,2.4893,1.89075261623,196,14
source_intercept_control,B8_new,0.07,37,2.727,1.83542240445,196,14
source_intercept_control,B8_new,0.07,38,2.7802,1.80759465971,196,14
source_intercept_control,B8_new,0.07,39,2.8644,1.77943779016,196,14
source_intercept_control,B8_new,0.07,40,0.8911,2.26459400372,196,14
source_intercept_control,B8_new,0.07,41,2.7592,1.77092677539,196,14
source_intercept_control,B8_new,0.07,42,0.8812,2.21078713416,196,14
source_intercept_control,B8_new,0.07,43,2.6843,1.71711990584,196,14
source_intercept_control,B8_new,0.07,44,0.861,2.17730579812,196,14
source_intercept_control,B8_new,0.07,45,0.9621,2.15006745569,196,14
source_intercept_control,B8_new,0.07,46,1.1948,2.09555159083,196,14
source_intercept_control,B8_new,0.07,47,1.3491,2.04097791669,196,14
source_intercept_control,B8_new,0.07,48,1.5406,1.98633804612,196,14
source_intercept_control,B8_new,0.07,49,1.7858,1.93162074788,196,14
source_intercept_control,B8_new,0.07,50,1.9945,1.87681019667,196,14
source_intercept_control,B8_new,0.07,51,2.1765,1.82188239961,196,14
source_intercept_control,B8_new,0.07,52,2.4124,1.76679652631,196,14
source_intercept_control,B8_new,0.07,53,2.6083,1.71146631453,196,14
source_intercept_control,B8_new,0.07,54,2.7105,1.68363856979,196,14
source_intercept_control,B8_new,0.07,55,2.8055,1.65548170024,196,14
source_intercept_control,B8_new,0.07,56,0.8471,2.13889127898,196,14
source_intercept_control,B8_new,0.07,57,0.9414,2.11165293655,196,14
source_intercept_control,B8_new,0.07,58,1.1388,2.05713707169,196,14
source_intercept_control,B8_new,0.07,59,1.3853,2.00256339756,196,14
source_intercept_control,B8_new,0.07,60,1.5663,1.94792352698,196,14
source_intercept_control,B8_new,0.07,61,1.7504,1.89320622875,196,14
source_intercept_control,B8_new,0.07,62,1.9928,1.83839567753,196,14
source_intercept_control,B8_new,0.07,63,2.1482,1.78346788048,196,14
source_intercept_control,B8_new,0.07,64,2.3195,1.72838200718,196,14
source_intercept_control,B8_new,0.07,65,2.523,1.67305179539,196,14
source_intercept_control,B8_new,0.07,66,2.6048,1.64522405066,196,14
source_intercept_control,B8_new,0.07,67,2.7431,1.6170671811,196,14
source_intercept_control,B8_new,0.07,68,0.8539,2.10725075338,196,14
source_intercept_control,B8_new,0.07,69,0.9243,2.08001241095,196,14
source_intercept_control,B8_new,0.07,70,1.1409,2.02549654609,196,14
source_intercept_control,B8_new,0.07,71,1.3364,1.97092287195,196,14
source_intercept_control,B8_new,0.07,72,1.5027,1.91628300138,196,14
source_intercept_control,B8_new,0.07,73,1.7429,1.86156570314,196,14
source_intercept_control,B8_new,0.07,74,1.9258,1.80675515193,196,14
source_intercept_control,B8_new,0.07,75,2.1457,1.75182735487,196,14
source_intercept_control,B8_new,0.07,76,2.3261,1.69674148157,196,14
source_intercept_control,B8_new,0.07,77,2.5085,1.64141126979,196,14
source_intercept_control,B8_new,0.07,78,2.5794,1.61358352505,196,14
source_intercept_control,B8_new,0.07,79,2.7374,1.5854266555,196,14
source_quality_interaction_new,B8_new,0.07,0,1.0401,1.15191443782,196,14
source_quality_interaction_new,B8_new,0.07,1,1.1624,1.27133240731,196,14
source_quality_interaction_new,B8_new,0.07,2,1.4286,1.51012916628,196,14
source_quality_interaction_new,B8_new,0.07,3,1.6112,1.74886811597,196,14
source_quality_interaction_new,B8_new,0.07,4,1.8958,1.98754086923,196,14
source_quality_interaction_new,B8_new,0.07,5,2.1434,2.22613619482,196,14
source_quality_interaction_new,B8_new,0.07,6,2.4434,2.46463826744,196,14
source_quality_interaction_new,B8_new,0.07,7,2.6519,2.70302309421,196,14
source_quality_interaction_new,B8_new,0.07,8,2.8801,2.94124984474,196,14
source_quality_interaction_new,B8_new,0.07,9,3.0925,3.17923225679,196,14
source_quality_interaction_new,B8_new,0.07,10,3.2372,3.29806082397,196,14
source_quality_interaction_new,B8_new,0.07,11,3.3659,3.41656026633,196,14
source_quality_interaction_new,B8_new,0.07,12,0.9918,1.09837892881,196,14
source_quality_interaction_new,B8_new,0.07,13,3.2059,3.16391166763,196,14
source_quality_interaction_new,B8_new,0.07,14,0.9701,1.06942450399,196,14
source_quality_interaction_new,B8_new,0.07,15,1.096,1.17988540155,196,14
source_quality_interaction_new,B8_new,0.07,16,1.2839,1.40076801667,196,14
source_quality_interaction_new,B8_new,0.07,17,1.4876,1.62159282251,196,14
source_quality_interaction_new,B8_new,0.07,18,1.7688,1.84235143192,196,14
source_quality_interaction_new,B8_new,0.07,19,1.9631,2.06303261366,196,14
source_quality_interaction_new,B8_new,0.07,20,2.1816,2.28362054243,196,14
source_quality_interaction_new,B8_new,0.07,21,2.4162,2.50409122535,196,14
source_quality_interaction_new,B8_new,0.07,22,2.6428,2.72440383203,196,14
source_quality_interaction_new,B8_new,0.07,23,2.926,2.94447210022,196,14
source_quality_interaction_new,B8_new,0.07,24,2.984,3.05434359548,196,14
source_quality_interaction_new,B8_new,0.07,25,3.1277,3.16388596591,196,14
source_quality_interaction_new,B8_new,0.07,26,0.9392,1.06161462962,196,14
source_quality_interaction_new,B8_new,0.07,27,2.8636,2.93996827587,196,14
source_quality_interaction_new,B8_new,0.07,28,0.891,1.07429873329,196,14
source_quality_interaction_new,B8_new,0.07,29,1.0093,1.17436079237,196,14
source_quality_interaction_new,B8_new,0.07,30,1.2339,1.37444573054,196,14
source_quality_interaction_new,B8_new,0.07,31,1.4034,1.57447285943,196,14
source_quality_interaction_new,B8_new,0.07,32,1.6433,1.77443379188,196,14
source_quality_interaction_new,B8_new,0.07,33,1.8327,1.97431729667,196,14
source_quality_interaction_new,B8_new,0.07,34,2.104,2.17410754849,196,14
source_quality_interaction_new,B8_new,0.07,35,2.3189,2.37378055446,196,14
source_quality_interaction_new,B8_new,0.07,36,2.4893,2.57329548419,196,14
source_quality_interaction_new,B8_new,0.07,37,2.727,2.77256607543,196,14
source_quality_interaction_new,B8_new,0.07,38,2.7802,2.87203873221,196,14
source_quality_interaction_new,B8_new,0.07,39,2.8644,2.97118226417,196,14
source_quality_interaction_new,B8_new,0.07,40,0.8911,1.08785626929,196,14
source_quality_interaction_new,B8_new,0.07,41,2.7592,2.83844030748,196,14
source_quality_interaction_new,B8_new,0.07,42,0.8812,1.1199103229,196,14
source_quality_interaction_new,B8_new,0.07,43,2.6843,2.78988071376,196,14
source_quality_interaction_new,B8_new,0.07,44,0.861,1.1497055331,196,14
source_quality_interaction_new,B8_new,0.07,45,0.9621,1.23936875371,196,14
source_quality_interaction_new,B8_new,0.07,46,1.1948,1.41865601493,196,14
source_quality_interaction_new,B8_new,0.07,47,1.3491,1.59788546686,196,14
source_quality_interaction_new,B8_new,0.07,48,1.5406,1.77704872237,196,14
source_quality_interaction_new,B8_new,0.07,49,1.7858,1.95613455021,196,14
source_quality_interaction_new,B8_new,0.07,50,1.9945,2.13512712507,196,14
source_quality_interaction_new,B8_new,0.07,51,2.1765,2.31400245409,196,14
source_quality_interaction_new,B8_new,0.07,52,2.4124,2.49271970687,196,14
source_quality_interaction_new,B8_new,0.07,53,2.6083,2.67119262116,196,14
source_quality_interaction_new,B8_new,0.07,54,2.7105,2.76026643946,196,14
source_quality_interaction_new,B8_new,0.07,55,2.8055,2.84901113295,196,14
source_quality_interaction_new,B8_new,0.07,56,0.8471,1.19715193713,196,14
source_quality_interaction_new,B8_new,0.07,57,0.9414,1.28233662177,196,14
source_quality_interaction_new,B8_new,0.07,58,1.1388,1.45266681106,196,14
source_quality_interaction_new,B8_new,0.07,59,1.3853,1.62293919108,196,14
source_quality_interaction_new,B8_new,0.07,60,1.5663,1.79314537466,196,14
source_quality_interaction_new,B8_new,0.07,61,1.7504,1.96327413057,196,14
source_quality_interaction_new,B8_new,0.07,62,1.9928,2.13330963351,196,14
source_quality_interaction_new,B8_new,0.07,63,2.1482,2.3032278906,196,14
source_quality_interaction_new,B8_new,0.07,64,2.3195,2.47298807145,196,14
source_quality_interaction_new,B8_new,0.07,65,2.523,2.64250391382,196,14
source_quality_interaction_new,B8_new,0.07,66,2.6048,2.72709919616,196,14
source_quality_interaction_new,B8_new,0.07,67,2.7431,2.81136535368,196,14
source_quality_interaction_new,B8_new,0.07,68,0.8539,1.25137233468,196,14
source_quality_interaction_new,B8_new,0.07,69,0.9243,1.33207848337,196,14
source_quality_interaction_new,B8_new,0.07,70,1.1409,1.49345160073,196,14
source_quality_interaction_new,B8_new,0.07,71,1.3364,1.65476690882,196,14
source_quality_interaction_new,B8_new,0.07,72,1.5027,1.81601602047,196,14
source_quality_interaction_new,B8_new,0.07,73,1.7429,1.97718770446,196,14
source_quality_interaction_new,B8_new,0.07,74,1.9258,2.13826613547,196,14
source_quality_interaction_new,B8_new,0.07,75,2.1457,2.29922732064,196,14
source_quality_interaction_new,B8_new,0.07,76,2.3261,2.46003042957,196,14
source_quality_interaction_new,B8_new,0.07,77,2.5085,2.62058920001,196,14
source_quality_interaction_new,B8_new,0.07,78,2.5794,2.70070594638,196,14
source_quality_interaction_new,B8_new,0.07,79,2.7374,2.78049356794,196,14
quality_model_current_raw,B8_new,0.16,80,0.8104,3.59671253118,196,14
quality_model_current_raw,B8_new,0.16,81,0.9548,3.57288972379,196,14
quality_model_current_raw,B8_new,0.16,82,1.1752,3.52520984196,196,14
quality_model_current_raw,B8_new,0.16,83,1.4476,3.4774793998,196,14
quality_model_current_raw,B8_new,0.16,84,1.6751,3.42969106188,196,14
quality_model_current_raw,B8_new,0.16,85,1.9108,3.38183500528,196,14
quality_model_current_raw,B8_new,0.16,86,2.1591,3.3338973891,196,14
quality_model_current_raw,B8_new,0.16,87,2.4836,3.28585722905,196,14
quality_model_current_raw,B8_new,0.16,88,2.5952,3.23767881463,196,14
quality_model_current_raw,B8_new,0.16,89,2.8737,3.1892867004,196,14
quality_model_current_raw,B8_new,0.16,90,2.9535,3.16494839844,196,14
quality_model_current_raw,B8_new,0.16,91,3.1013,3.14032224206,196,14
quality_model_current_raw,B8_new,0.16,92,0.7726,3.45731609901,196,14
quality_model_current_raw,B8_new,0.16,93,2.9363,3.02555196627,196,14
quality_model_current_raw,B8_new,0.16,94,0.7755,3.34250075103,196,14
quality_model_current_raw,B8_new,0.16,95,0.8548,3.31867794364,196,14
quality_model_current_raw,B8_new,0.16,96,1.0782,3.2709980618,196,14
quality_model_current_raw,B8_new,0.16,97,1.3357,3.22326761965,196,14
quality_model_current_raw,B8_new,0.16,98,1.5464,3.17547928172,196,14
quality_model_current_raw,B8_new,0.16,99,1.7183,3.12762322513,196,14
quality_model_current_raw,B8_new,0.16,100,1.9486,3.07968560895,196,14
quality_model_current_raw,B8_new,0.16,101,2.2366,3.0316454489,196,14
quality_model_current_raw,B8_new,0.16,102,2.4177,2.98346703448,196,14
quality_model_current_raw,B8_new,0.16,103,2.6607,2.93507492025,196,14
quality_model_current_raw,B8_new,0.16,104,2.8283,2.91073661829,196,14
quality_model_current_raw,B8_new,0.16,105,2.8913,2.88611046191,196,14
quality_model_current_raw,B8_new,0.16,106,0.7379,3.22118891008,196,14
quality_model_current_raw,B8_new,0.16,107,2.6024,2.78942477733,196,14
quality_model_current_raw,B8_new,0.16,108,0.7109,3.14801209059,196,14
quality_model_current_raw,B8_new,0.16,109,0.8001,3.1241892832,196,14
quality_model_current_raw,B8_new,0.16,110,1.0158,3.07650940136,196,14
quality_model_current_raw,B8_new,0.16,111,1.2359,3.02877895921,196,14
quality_model_current_raw,B8_new,0.16,112,1.4134,2.98099062128,196,14
quality_model_current_raw,B8_new,0.16,113,1.6514,2.93313456468,196,14
quality_model_current_raw,B8_new,0.16,114,1.8608,2.88519694851,196,14
quality_model_current_raw,B8_new,0.16,115,2.0787,2.83715678846,196,14
quality_model_current_raw,B8_new,0.16,116,2.2318,2.78897837404,196,14
quality_model_current_raw,B8_new,0.16,117,2.4932,2.74058625981,196,14
quality_model_current_raw,B8_new,0.16,118,2.6163,2.71624795784,196,14
quality_model_current_raw,B8_new,0.16,119,2.678,2.69162180146,196,14
quality_model_current_raw,B8_new,0.16,120,0.6932,3.11134420626,196,14
quality_model_current_raw,B8_new,0.16,121,2.5091,2.67958007352,196,14
quality_model_current_raw,B8_new,0.16,122,0.6809,3.05753733671,196,14
quality_model_current_raw,B8_new,0.16,123,2.4941,2.62577320397,196,14
quality_model_current_raw,B8_new,0.16,124,0.6974,3.02405600067,196,14
quality_model_current_raw,B8_new,0.16,125,0.7769,3.00023319327,196,14
quality_model_current_raw,B8_new,0.16,126,0.9664,2.95255331144,196,14
quality_model_current_raw,B8_new,0.16,127,1.1736,2.90482286928,196,14
quality_model_current_raw,B8_new,0.16,128,1.351,2.85703453136,196,14
quality_model_current_raw,B8_new,0.16,129,1.5896,2.80917847476,196,14
quality_model_current_raw,B8_new,0.16,130,1.7639,2.76124085858,196,14
quality_model_current_raw,B8_new,0.16,131,1.9757,2.71320069854,196,14
quality_model_current_raw,B8_new,0.16,132,2.1303,2.66502228412,196,14
quality_model_current_raw,B8_new,0.16,133,2.3645,2.61663016988,196,14
quality_model_current_raw,B8_new,0.16,134,2.4958,2.59229186792,196,14
quality_model_current_raw,B8_new,0.16,135,2.5293,2.56766571154,196,14
quality_model_current_raw,B8_new,0.16,136,0.6787,2.98564148153,196,14
quality_model_current_raw,B8_new,0.16,137,0.7577,2.96181867414,196,14
quality_model_current_raw,B8_new,0.16,138,0.9466,2.91413879231,196,14
quality_model_current_raw,B8_new,0.16,139,1.1493,2.86640835015,196,14
quality_model_current_raw,B8_new,0.16,140,1.3709,2.81862001222,196,14
quality_model_current_raw,B8_new,0.16,141,1.5609,2.77076395563,196,14
quality_model_current_raw,B8_new,0.16,142,1.7116,2.72282633945,196,14
quality_model_current_raw,B8_new,0.16,143,2.0044,2.6747861794,196,14
quality_model_current_raw,B8_new,0.16,144,2.0871,2.62660776498,196,14
quality_model_current_raw,B8_new,0.16,145,2.3054,2.57821565075,196,14
quality_model_current_raw,B8_new,0.16,146,2.4884,2.55387734879,196,14
quality_model_current_raw,B8_new,0.16,147,2.5056,2.52925119241,196,14
quality_model_current_raw,B8_new,0.16,148,0.6532,2.95400095593,196,14
quality_model_current_raw,B8_new,0.16,149,0.7317,2.93017814853,196,14
quality_model_current_raw,B8_new,0.16,150,0.9418,2.8824982667,196,14
quality_model_current_raw,B8_new,0.16,151,1.1205,2.83476782454,196,14
quality_model_current_raw,B8_new,0.16,152,1.335,2.78697948662,196,14
quality_model_current_raw,B8_new,0.16,153,1.5166,2.73912343002,196,14
quality_model_current_raw,B8_new,0.16,154,1.6953,2.69118581384,196,14
quality_model_current_raw,B8_new,0.16,155,1.9296,2.6431456538,196,14
quality_model_current_raw,B8_new,0.16,156,2.0992,2.59496723938,196,14
quality_model_current_raw,B8_new,0.16,157,2.246,2.54657512514,196,14
quality_model_current_raw,B8_new,0.16,158,2.3649,2.52223682318,196,14
quality_model_current_raw,B8_new,0.16,159,2.4771,2.4976106668,196,14
source_intercept_control,B8_new,0.16,80,0.8104,2.46974771887,196,14
source_intercept_control,B8_new,0.16,81,0.9548,2.44592491148,196,14
source_intercept_control,B8_new,0.16,82,1.1752,2.39824502964,196,14
source_intercept_control,B8_new,0.16,83,1.4476,2.35051458749,196,14
source_intercept_control,B8_new,0.16,84,1.6751,2.30272624956,196,14
source_intercept_control,B8_new,0.16,85,1.9108,2.25487019297,196,14
source_intercept_control,B8_new,0.16,86,2.1591,2.20693257679,196,14
source_intercept_control,B8_new,0.16,87,2.4836,2.15889241674,196,14
source_intercept_control,B8_new,0.16,88,2.5952,2.11071400232,196,14
source_intercept_control,B8_new,0.16,89,2.8737,2.06232188809,196,14
source_intercept_control,B8_new,0.16,90,2.9535,2.03798358613,196,14
source_intercept_control,B8_new,0.16,91,3.1013,2.01335742975,196,14
source_intercept_control,B8_new,0.16,92,0.7726,2.3303512867,196,14
source_intercept_control,B8_new,0.16,93,2.9363,1.89858715395,196,14
source_intercept_control,B8_new,0.16,94,0.7755,2.21553593872,196,14
source_intercept_control,B8_new,0.16,95,0.8548,2.19171313133,196,14
source_intercept_control,B8_new,0.16,96,1.0782,2.14403324949,196,14
source_intercept_control,B8_new,0.16,97,1.3357,2.09630280734,196,14
source_intercept_control,B8_new,0.16,98,1.5464,2.04851446941,196,14
source_intercept_control,B8_new,0.16,99,1.7183,2.00065841281,196,14
source_intercept_control,B8_new,0.16,100,1.9486,1.95272079664,196,14
source_intercept_control,B8_new,0.16,101,2.2366,1.90468063659,196,14
source_intercept_control,B8_new,0.16,102,2.4177,1.85650222217,196,14
source_intercept_control,B8_new,0.16,103,2.6607,1.80811010794,196,14
source_intercept_control,B8_new,0.16,104,2.8283,1.78377180597,196,14
source_intercept_control,B8_new,0.16,105,2.8913,1.7591456496,196,14
source_intercept_control,B8_new,0.16,106,0.7379,2.09422409777,196,14
source_intercept_control,B8_new,0.16,107,2.6024,1.66245996502,196,14
source_intercept_control,B8_new,0.16,108,0.7109,2.02104727828,196,14
source_intercept_control,B8_new,0.16,109,0.8001,1.99722447088,196,14
source_intercept_control,B8_new,0.16,110,1.0158,1.94954458905,196,14
source_intercept_control,B8_new,0.16,111,1.2359,1.90181414689,196,14
source_intercept_control,B8_new,0.16,112,1.4134,1.85402580897,196,14
source_intercept_control,B8_new,0.16,113,1.6514,1.80616975237,196,14
source_intercept_control,B8_new,0.16,114,1.8608,1.75823213619,196,14
source_intercept_control,B8_new,0.16,115,2.0787,1.71019197615,196,14
source_intercept_control,B8_new,0.16,116,2.2318,1.66201356173,196,14
source_intercept_control,B8_new,0.16,117,2.4932,1.61362144749,196,14
source_intercept_control,B8_new,0.16,118,2.6163,1.58928314553,196,14
source_intercept_control,B8_new,0.16,119,2.678,1.56465698915,196,14
source_intercept_control,B8_new,0.16,120,0.6932,1.98437939395,196,14
source_intercept_control,B8_new,0.16,121,2.5091,1.55261526121,196,14
source_intercept_control,B8_new,0.16,122,0.6809,1.9305725244,196,14
source_intercept_control,B8_new,0.16,123,2.4941,1.49880839166,196,14
source_intercept_control,B8_new,0.16,124,0.6974,1.89709118835,196,14
source_intercept_control,B8_new,0.16,125,0.7769,1.87326838096,196,14
source_intercept_control,B8_new,0.16,126,0.9664,1.82558849913,196,14
source_intercept_control,B8_new,0.16,127,1.1736,1.77785805697,196,14
source_intercept_control,B8_new,0.16,128,1.351,1.73006971905,196,14
source_intercept_control,B8_new,0.16,129,1.5896,1.68221366245,196,14
source_intercept_control,B8_new,0.16,130,1.7639,1.63427604627,196,14
source_intercept_control,B8_new,0.16,131,1.9757,1.58623588622,196,14
source_intercept_control,B8_new,0.16,132,2.1303,1.5380574718,196,14
source_intercept_control,B8_new,0.16,133,2.3645,1.48966535757,196,14
source_intercept_control,B8_new,0.16,134,2.4958,1.46532705561,196,14
source_intercept_control,B8_new,0.16,135,2.5293,1.44070089923,196,14
source_intercept_control,B8_new,0.16,136,0.6787,1.85867666922,196,14
source_intercept_control,B8_new,0.16,137,0.7577,1.83485386183,196,14
source_intercept_control,B8_new,0.16,138,0.9466,1.78717397999,196,14
source_intercept_control,B8_new,0.16,139,1.1493,1.73944353784,196,14
source_intercept_control,B8_new,0.16,140,1.3709,1.69165519991,196,14
source_intercept_control,B8_new,0.16,141,1.5609,1.64379914332,196,14
source_intercept_control,B8_new,0.16,142,1.7116,1.59586152714,196,14
source_intercept_control,B8_new,0.16,143,2.0044,1.54782136709,196,14
source_intercept_control,B8_new,0.16,144,2.0871,1.49964295267,196,14
source_intercept_control,B8_new,0.16,145,2.3054,1.45125083844,196,14
source_intercept_control,B8_new,0.16,146,2.4884,1.42691253648,196,14
source_intercept_control,B8_new,0.16,147,2.5056,1.4022863801,196,14
source_intercept_control,B8_new,0.16,148,0.6532,1.82703614361,196,14
source_intercept_control,B8_new,0.16,149,0.7317,1.80321333622,196,14
source_intercept_control,B8_new,0.16,150,0.9418,1.75553345439,196,14
source_intercept_control,B8_new,0.16,151,1.1205,1.70780301223,196,14
source_intercept_control,B8_new,0.16,152,1.335,1.66001467431,196,14
source_intercept_control,B8_new,0.16,153,1.5166,1.61215861771,196,14
source_intercept_control,B8_new,0.16,154,1.6953,1.56422100153,196,14
source_intercept_control,B8_new,0.16,155,1.9296,1.51618084148,196,14
source_intercept_control,B8_new,0.16,156,2.0992,1.46800242706,196,14
source_intercept_control,B8_new,0.16,157,2.246,1.41961031283,196,14
source_intercept_control,B8_new,0.16,158,2.3649,1.39527201087,196,14
source_intercept_control,B8_new,0.16,159,2.4771,1.37064585449,196,14
source_quality_interaction_new,B8_new,0.16,80,0.8104,0.891556067574,196,14
source_quality_interaction_new,B8_new,0.16,81,0.9548,1.01222616637,196,14
source_quality_interaction_new,B8_new,0.16,82,1.1752,1.25353209693,196,14
source_quality_interaction_new,B8_new,0.16,83,1.4476,1.49478746716,196,14
source_quality_interaction_new,B8_new,0.16,84,1.6751,1.73598494162,196,14
source_quality_interaction_new,B8_new,0.16,85,1.9108,1.97711469741,196,14
source_quality_interaction_new,B8_new,0.16,86,2.1591,2.21816289362,196,14
source_quality_interaction_new,B8_new,0.16,87,2.4836,2.45910854596,196,14
source_quality_interaction_new,B8_new,0.16,88,2.5952,2.69991594392,196,14
source_quality_interaction_new,B8_new,0.16,89,2.8737,2.94050964208,196,14
source_quality_interaction_new,B8_new,0.16,90,2.9535,3.06066424631,196,14
source_quality_interaction_new,B8_new,0.16,91,3.1013,3.18053099612,196,14
source_quality_interaction_new,B8_new,0.16,92,0.7726,0.838017268938,196,14
source_quality_interaction_new,B8_new,0.16,93,2.9363,2.92613929879,196,14
source_quality_interaction_new,B8_new,0.16,94,0.7755,0.809059554498,196,14
source_quality_interaction_new,B8_new,0.16,95,0.8548,0.920731192312,196,14
source_quality_interaction_new,B8_new,0.16,96,1.0782,1.14404020089,196,14
source_quality_interaction_new,B8_new,0.16,97,1.3357,1.36729864915,196,14
source_quality_interaction_new,B8_new,0.16,98,1.5464,1.59049920164,196,14
source_quality_interaction_new,B8_new,0.16,99,1.7183,1.81363203545,196,14
source_quality_interaction_new,B8_new,0.16,100,1.9486,2.03668330969,196,14
source_quality_interaction_new,B8_new,0.16,101,2.2366,2.25963204005,196,14
source_quality_interaction_new,B8_new,0.16,102,2.4177,2.48244251605,196,14
source_quality_interaction_new,B8_new,0.16,103,2.6607,2.70503929223,196,14
source_quality_interaction_new,B8_new,0.16,104,2.8283,2.81619543547,196,14
source_quality_interaction_new,B8_new,0.16,105,2.8913,2.9270637243,196,14
source_quality_interaction_new,B8_new,0.16,106,0.7379,0.801245331482,196,14
source_quality_interaction_new,B8_new,0.16,107,2.6024,2.70132334695,196,14
source_quality_interaction_new,B8_new,0.16,108,0.7109,0.813926145529,196,14
source_quality_interaction_new,B8_new,0.16,109,0.8001,0.915150893655,196,14
source_quality_interaction_new,B8_new,0.16,110,1.0158,1.11756612286,196,14
source_quality_interaction_new,B8_new,0.16,111,1.2359,1.31993079174,196,14
source_quality_interaction_new,B8_new,0.16,112,1.4134,1.52223756485,196,14
source_quality_interaction_new,B8_new,0.16,113,1.6514,1.72447661929,196,14
source_quality_interaction_new,B8_new,0.16,114,1.8608,1.92663411415,196,14
source_quality_interaction_new,B8_new,0.16,115,2.0787,2.12868906514,196,14
source_quality_interaction_new,B8_new,0.16,116,2.2318,2.33060576176,196,14
source_quality_interaction_new,B8_new,0.16,117,2.4932,2.53230875856,196,14
source_quality_interaction_new,B8_new,0.16,118,2.6163,2.63301801212,196,14
source_quality_interaction_new,B8_new,0.16,119,2.678,2.73343941126,196,14
source_quality_interaction_new,B8_new,0.16,120,0.6932,0.827481757226,196,14
source_quality_interaction_new,B8_new,0.16,121,2.5091,2.59919976364,196,14
source_quality_interaction_new,B8_new,0.16,122,0.6809,0.859532521213,196,14
source_quality_interaction_new,B8_new,0.16,123,2.4941,2.55026437875,196,14
source_quality_interaction_new,B8_new,0.16,124,0.6974,0.889325307082,196,14
source_quality_interaction_new,B8_new,0.16,125,0.7769,0.98010316552,196,14
source_quality_interaction_new,B8_new,0.16,126,0.9664,1.16162461535,196,14
source_quality_interaction_new,B8_new,0.16,127,1.1736,1.34309550485,196,14
source_quality_interaction_new,B8_new,0.16,128,1.351,1.52450849859,196,14
source_quality_interaction_new,B8_new,0.16,129,1.5896,1.70585377365,196,14
source_quality_interaction_new,B8_new,0.16,130,1.7639,1.88711748913,196,14
source_quality_interaction_new,B8_new,0.16,131,1.9757,2.06827866075,196,14
source_quality_interaction_new,B8_new,0.16,132,2.1303,2.24930157799,196,14
source_quality_interaction_new,B8_new,0.16,133,2.3645,2.43011079542,196,14
source_quality_interaction_new,B8_new,0.16,134,2.4958,2.52037315929,196,14
source_quality_interaction_new,B8_new,0.16,135,2.5293,2.61034766874,196,14
source_quality_interaction_new,B8_new,0.16,136,0.6787,0.936768421488,196,14
source_quality_interaction_new,B8_new,0.16,137,0.7577,1.02304704943,196,14
source_quality_interaction_new,B8_new,0.16,138,0.9466,1.19557003827,196,14
source_quality_interaction_new,B8_new,0.16,139,1.1493,1.36804246679,196,14
source_quality_interaction_new,B8_new,0.16,140,1.3709,1.54045699954,196,14
source_quality_interaction_new,B8_new,0.16,141,1.5609,1.71280381362,196,14
source_quality_interaction_new,B8_new,0.16,142,1.7116,1.88506906811,196,14
source_quality_interaction_new,B8_new,0.16,143,2.0044,2.05723177874,196,14
source_quality_interaction_new,B8_new,0.16,144,2.0871,2.22925623499,196,14
source_quality_interaction_new,B8_new,0.16,145,2.3054,2.40106699144,196,14
source_quality_interaction_new,B8_new,0.16,146,2.4884,2.48683012481,196,14
source_quality_interaction_new,B8_new,0.16,147,2.5056,2.57230540377,196,14
source_quality_interaction_new,B8_new,0.16,148,0.6532,0.99098552942,196,14
source_quality_interaction_new,B8_new,0.16,149,0.7317,1.07276492687,196,14
source_quality_interaction_new,B8_new,0.16,150,0.9418,1.23628945472,196,14
source_quality_interaction_new,B8_new,0.16,151,1.1205,1.39976342226,196,14
source_quality_interaction_new,B8_new,0.16,152,1.335,1.56317949402,196,14
source_quality_interaction_new,B8_new,0.16,153,1.5166,1.72652784711,196,14
source_quality_interaction_new,B8_new,0.16,154,1.6953,1.88979464062,196,14
source_quality_interaction_new,B8_new,0.16,155,1.9296,2.05295889026,196,14
source_quality_interaction_new,B8_new,0.16,156,2.0992,2.21598488552,196,14
source_quality_interaction_new,B8_new,0.16,157,2.246,2.37879718098,196,14
source_quality_interaction_new,B8_new,0.16,158,2.3649,2.46006108386,196,14
source_quality_interaction_new,B8_new,0.16,159,2.4771,2.54103713233,196,14
quality_model_current_raw,B8_new,0.41,160,0.622,3.35145092305,196,14
quality_model_current_raw,B8_new,0.41,161,0.7497,3.33099780191,196,14
quality_model_current_raw,B8_new,0.41,162,1.0023,3.29006213958,196,14
quality_model_current_raw,B8_new,0.41,163,1.2344,3.24908306858,196,14
quality_model_current_raw,B8_new,0.41,164,1.4755,3.20805429104,196,14
quality_model_current_raw,B8_new,0.41,165,1.6916,3.1669673735,196,14
quality_model_current_raw,B8_new,0.41,166,1.98,3.12581043281,196,14
quality_model_current_raw,B8_new,0.41,167,2.2447,3.08456545286,196,14
quality_model_current_raw,B8_new,0.41,168,2.4492,3.04320177434,196,14
quality_model_current_raw,B8_new,0.41,169,2.6707,3.00165462339,196,14
quality_model_current_raw,B8_new,0.41,170,2.861,2.9807589233,196,14
quality_model_current_raw,B8_new,0.41,171,3.0229,2.95961608521,196,14
quality_model_current_raw,B8_new,0.41,172,0.6007,3.21205449088,196,14
quality_model_current_raw,B8_new,0.41,173,2.7299,2.84136249113,196,14
quality_model_current_raw,B8_new,0.41,174,0.581,3.0972391429,196,14
quality_model_current_raw,B8_new,0.41,175,0.695,3.07678602176,196,14
quality_model_current_raw,B8_new,0.41,176,0.9131,3.03585035942,196,14
quality_model_current_raw,B8_new,0.41,177,1.1552,2.99487128842,196,14
quality_model_current_raw,B8_new,0.41,178,1.3143,2.95384251089,196,14
quality_model_current_raw,B8_new,0.41,179,1.5963,2.91275559335,196,14
quality_model_current_raw,B8_new,0.41,180,1.7915,2.87159865265,196,14
quality_model_current_raw,B8_new,0.41,181,2.0338,2.83035367271,196,14
quality_model_current_raw,B8_new,0.41,182,2.246,2.78898999418,196,14
quality_model_current_raw,B8_new,0.41,183,2.474,2.74744284324,196,14
quality_model_current_raw,B8_new,0.41,184,2.5494,2.72654714315,196,14
quality_model_current_raw,B8_new,0.41,185,2.7188,2.70540430506,196,14
quality_model_current_raw,B8_new,0.41,186,0.536,2.97592730195,196,14
quality_model_current_raw,B8_new,0.41,187,2.4497,2.6052353022,196,14
quality_model_current_raw,B8_new,0.41,188,0.535,2.90275048246,196,14
quality_model_current_raw,B8_new,0.41,189,0.6432,2.88229736131,196,14
quality_model_current_raw,B8_new,0.41,190,0.8168,2.84136169898,196,14
quality_model_current_raw,B8_new,0.41,191,1.0559,2.80038262798,196,14
quality_model_current_raw,B8_new,0.41,192,1.2365,2.75935385044,196,14
quality_model_current_raw,B8_new,0.41,193,1.477,2.7182669329,196,14
quality_model_current_raw,B8_new,0.41,194,1.6841,2.67710999221,196,14
quality_model_current_raw,B8_new,0.41,195,1.8979,2.63586501227,196,14
quality_model_current_raw,B8_new,0.41,196,2.0213,2.59450133374,196,14
quality_model_current_raw,B8_new,0.41,197,2.2729,2.55295418279,196,14
quality_model_current_raw,B8_new,0.41,198,2.4488,2.53205848271,196,14
quality_model_current_raw,B8_new,0.41,199,2.488,2.51091564461,196,14
quality_model_current_raw,B8_new,0.41,200,0.5231,2.86608259813,196,14
quality_model_current_raw,B8_new,0.41,201,2.3801,2.49539059838,196,14
quality_model_current_raw,B8_new,0.41,202,0.5209,2.81227572858,196,14
quality_model_current_raw,B8_new,0.41,203,2.3692,2.44158372883,196,14
quality_model_current_raw,B8_new,0.41,204,0.5057,2.77879439253,196,14
quality_model_current_raw,B8_new,0.41,205,0.6047,2.75834127139,196,14
quality_model_current_raw,B8_new,0.41,206,0.8045,2.71740560906,196,14
quality_model_current_raw,B8_new,0.41,207,1.0122,2.67642653806,196,14
quality_model_current_raw,B8_new,0.41,208,1.2031,2.63539776052,196,14
quality_model_current_raw,B8_new,0.41,209,1.427,2.59431084298,196,14
quality_model_current_raw,B8_new,0.41,210,1.5817,2.55315390229,196,14
quality_model_current_raw,B8_new,0.41,211,1.7811,2.51190892234,196,14
quality_model_current_raw,B8_new,0.41,212,1.9863,2.47054524382,196,14
quality_model_current_raw,B8_new,0.41,213,2.1829,2.42899809287,196,14
quality_model_current_raw,B8_new,0.41,214,2.3182,2.40810239279,196,14
quality_model_current_raw,B8_new,0.41,215,2.3631,2.38695955469,196,14
quality_model_current_raw,B8_new,0.41,216,0.5,2.7403798734,196,14
quality_model_current_raw,B8_new,0.41,217,0.5885,2.71992675226,196,14
quality_model_current_raw,B8_new,0.41,218,0.7592,2.67899108993,196,14
quality_model_current_raw,B8_new,0.41,219,0.9951,2.63801201893,196,14
quality_model_current_raw,B8_new,0.41,220,1.2144,2.59698324139,196,14
quality_model_current_raw,B8_new,0.41,221,1.3941,2.55589632385,196,14
quality_model_current_raw,B8_new,0.41,222,1.5743,2.51473938316,196,14
quality_model_current_raw,B8_new,0.41,223,1.759,2.47349440321,196,14
quality_model_current_raw,B8_new,0.41,224,1.9279,2.43213072468,196,14
quality_model_current_raw,B8_new,0.41,225,2.1495,2.39058357374,196,14
quality_model_current_raw,B8_new,0.41,226,2.2212,2.36968787365,196,14
quality_model_current_raw,B8_new,0.41,227,2.4128,2.34854503556,196,14
quality_model_current_raw,B8_new,0.41,228,0.5,2.70873934779,196,14
quality_model_current_raw,B8_new,0.41,229,0.5802,2.68828622665,196,14
quality_model_current_raw,B8_new,0.41,230,0.7774,2.64735056432,196,14
quality_model_current_raw,B8_new,0.41,231,0.9982,2.60637149332,196,14
quality_model_current_raw,B8_new,0.41,232,1.2122,2.56534271578,196,14
quality_model_current_raw,B8_new,0.41,233,1.3202,2.52425579824,196,14
quality_model_current_raw,B8_new,0.41,234,1.5758,2.48309885755,196,14
quality_model_current_raw,B8_new,0.41,235,1.7331,2.4418538776,196,14
quality_model_current_raw,B8_new,0.41,236,1.9375,2.40049019908,196,14
quality_model_current_raw,B8_new,0.41,237,2.0973,2.35894304813,196,14
quality_model_current_raw,B8_new,0.41,238,2.2225,2.33804734805,196,14
quality_model_current_raw,B8_new,0.41,239,2.3248,2.31690450995,196,14
source_intercept_control,B8_new,0.41,160,0.622,2.2234876303,196,14
source_intercept_control,B8_new,0.41,161,0.7497,2.20303450916,196,14
source_intercept_control,B8_new,0.41,162,1.0023,2.16209884682,196,14
source_intercept_control,B8_new,0.41,163,1.2344,2.12111977582,196,14
source_intercept_control,B8_new,0.41,164,1.4755,2.08009099829,196,14
source_intercept_control,B8_new,0.41,165,1.6916,2.03900408074,196,14
source_intercept_control,B8_new,0.41,166,1.98,1.99784714005,196,14
source_intercept_control,B8_new,0.41,167,2.2447,1.95660216011,196,14
source_intercept_control,B8_new,0.41,168,2.4492,1.91523848158,196,14
source_intercept_control,B8_new,0.41,169,2.6707,1.87369133063,196,14
source_intercept_control,B8_new,0.41,170,2.861,1.85279563055,196,14
source_intercept_control,B8_new,0.41,171,3.0229,1.83165279245,196,14
source_intercept_control,B8_new,0.41,172,0.6007,2.08409119812,196,14
source_intercept_control,B8_new,0.41,173,2.7299,1.71339919838,196,14
source_intercept_control,B8_new,0.41,174,0.581,1.96927585015,196,14
source_intercept_control,B8_new,0.41,175,0.695,1.948822729,196,14
source_intercept_control,B8_new,0.41,176,0.9131,1.90788706667,196,14
source_intercept_control,B8_new,0.41,177,1.1552,1.86690799567,196,14
source_intercept_control,B8_new,0.41,178,1.3143,1.82587921813,196,14
source_intercept_control,B8_new,0.41,179,1.5963,1.78479230059,196,14
source_intercept_control,B8_new,0.41,180,1.7915,1.7436353599,196,14
source_intercept_control,B8_new,0.41,181,2.0338,1.70239037995,196,14
source_intercept_control,B8_new,0.41,182,2.246,1.66102670143,196,14
source_intercept_control,B8_new,0.41,183,2.474,1.61947955048,196,14
source_intercept_control,B8_new,0.41,184,2.5494,1.5985838504,196,14
source_intercept_control,B8_new,0.41,185,2.7188,1.5774410123,196,14
source_intercept_control,B8_new,0.41,186,0.536,1.84796400919,196,14
source_intercept_control,B8_new,0.41,187,2.4497,1.47727200945,196,14
source_intercept_control,B8_new,0.41,188,0.535,1.7747871897,196,14
source_intercept_control,B8_new,0.41,189,0.6432,1.75433406856,196,14
source_intercept_control,B8_new,0.41,190,0.8168,1.71339840623,196,14
source_intercept_control,B8_new,0.41,191,1.0559,1.67241933523,196,14
source_intercept_control,B8_new,0.41,192,1.2365,1.63139055769,196,14
source_intercept_control,B8_new,0.41,193,1.477,1.59030364015,196,14
source_intercept_control,B8_new,0.41,194,1.6841,1.54914669946,196,14
source_intercept_control,B8_new,0.41,195,1.8979,1.50790171951,196,14
source_intercept_control,B8_new,0.41,196,2.0213,1.46653804099,196,14
source_intercept_control,B8_new,0.41,197,2.2729,1.42499089004,196,14
source_intercept_control,B8_new,0.41,198,2.4488,1.40409518995,196,14
source_intercept_control,B8_new,0.41,199,2.488,1.38295235186,196,14
source_intercept_control,B8_new,0.41,200,0.5231,1.73811930538,196,14
source_intercept_control,B8_new,0.41,201,2.3801,1.36742730563,196,14
source_intercept_control,B8_new,0.41,202,0.5209,1.68431243583,196,14
source_intercept_control,B8_new,0.41,203,2.3692,1.31362043608,196,14
source_intercept_control,B8_new,0.41,204,0.5057,1.65083109978,196,14
source_intercept_control,B8_new,0.41,205,0.6047,1.63037797864,196,14
source_intercept_control,B8_new,0.41,206,0.8045,1.58944231631,196,14
source_intercept_control,B8_new,0.41,207,1.0122,1.54846324531,196,14
source_intercept_control,B8_new,0.41,208,1.2031,1.50743446777,196,14
source_intercept_control,B8_new,0.41,209,1.427,1.46634755023,196,14
source_intercept_control,B8_new,0.41,210,1.5817,1.42519060954,196,14
source_intercept_control,B8_new,0.41,211,1.7811,1.38394562959,196,14
source_intercept_control,B8_new,0.41,212,1.9863,1.34258195106,196,14
source_intercept_control,B8_new,0.41,213,2.1829,1.30103480012,196,14
source_intercept_control,B8_new,0.41,214,2.3182,1.28013910003,196,14
source_intercept_control,B8_new,0.41,215,2.3631,1.25899626194,196,14
source_intercept_control,B8_new,0.41,216,0.5,1.61241658065,196,14
source_intercept_control,B8_new,0.41,217,0.5885,1.5919634595,196,14
source_intercept_control,B8_new,0.41,218,0.7592,1.55102779717,196,14
source_intercept_control,B8_new,0.41,219,0.9951,1.51004872617,196,14
source_intercept_control,B8_new,0.41,220,1.2144,1.46901994864,196,14
source_intercept_control,B8_new,0.41,221,1.3941,1.42793303109,196,14
source_intercept_control,B8_new,0.41,222,1.5743,1.3867760904,196,14
source_intercept_control,B8_new,0.41,223,1.759,1.34553111046,196,14
source_intercept_control,B8_new,0.41,224,1.9279,1.30416743193,196,14
source_intercept_control,B8_new,0.41,225,2.1495,1.26262028098,196,14
source_intercept_control,B8_new,0.41,226,2.2212,1.2417245809,196,14
source_intercept_control,B8_new,0.41,227,2.4128,1.2205817428,196,14
source_intercept_control,B8_new,0.41,228,0.5,1.58077605504,196,14
source_intercept_control,B8_new,0.41,229,0.5802,1.5603229339,196,14
source_intercept_control,B8_new,0.41,230,0.7774,1.51938727157,196,14
source_intercept_control,B8_new,0.41,231,0.9982,1.47840820057,196,14
source_intercept_control,B8_new,0.41,232,1.2122,1.43737942303,196,14
source_intercept_control,B8_new,0.41,233,1.3202,1.39629250549,196,14
source_intercept_control,B8_new,0.41,234,1.5758,1.3551355648,196,14
source_intercept_control,B8_new,0.41,235,1.7331,1.31389058485,196,14
source_intercept_control,B8_new,0.41,236,1.9375,1.27252690632,196,14
source_intercept_control,B8_new,0.41,237,2.0973,1.23097975538,196,14
source_intercept_control,B8_new,0.41,238,2.2225,1.21008405529,196,14
source_intercept_control,B8_new,0.41,239,2.3248,1.1889412172,196,14
source_quality_interaction_new,B8_new,0.41,160,0.622,0.675645182718,196,14
source_quality_interaction_new,B8_new,0.41,161,0.7497,0.796599846493,196,14
source_quality_interaction_new,B8_new,0.41,162,1.0023,1.038479754,196,14
source_quality_interaction_new,B8_new,0.41,163,1.2344,1.28031625283,196,14
source_quality_interaction_new,B8_new,0.41,164,1.4755,1.52210304513,196,14
source_quality_interaction_new,B8_new,0.41,165,1.6916,1.76383169742,196,14
source_quality_interaction_new,B8_new,0.41,166,1.98,2.00549032657,196,14
source_quality_interaction_new,B8_new,0.41,167,2.2447,2.24706091646,196,14
source_quality_interaction_new,B8_new,0.41,168,2.4492,2.48851280777,196,14
source_quality_interaction_new,B8_new,0.41,169,2.6707,2.72978122665,196,14
source_quality_interaction_new,B8_new,0.41,170,2.861,2.85029331149,196,14
source_quality_interaction_new,B8_new,0.41,171,3.0229,2.97055825831,196,14
source_quality_interaction_new,B8_new,0.41,172,0.6007,0.622151144408,196,14
source_quality_interaction_new,B8_new,0.41,173,2.7299,2.71537045777,196,14
source_quality_interaction_new,B8_new,0.41,174,0.581,0.593238190293,196,14
source_quality_interaction_new,B8_new,0.41,175,0.695,0.705145207912,196,14
source_quality_interaction_new,B8_new,0.41,176,0.9131,0.928929823103,196,14
source_quality_interaction_new,B8_new,0.41,177,1.1552,1.15267102963,196,14
source_quality_interaction_new,B8_new,0.41,178,1.3143,1.37636252961,196,14
source_quality_interaction_new,B8_new,0.41,179,1.5963,1.59999588959,196,14
source_quality_interaction_new,B8_new,0.41,180,1.7915,1.82355922642,196,14
source_quality_interaction_new,B8_new,0.41,181,2.0338,2.047034524,196,14
source_quality_interaction_new,B8_new,0.41,182,2.246,2.270391123,196,14
source_quality_interaction_new,B8_new,0.41,183,2.474,2.49356424957,196,14
source_quality_interaction_new,B8_new,0.41,184,2.5494,2.60502868825,196,14
source_quality_interaction_new,B8_new,0.41,185,2.7188,2.71624598892,196,14
source_quality_interaction_new,B8_new,0.41,186,0.536,0.585483137208,196,14
source_quality_interaction_new,B8_new,0.41,187,2.4497,2.48963059635,196,14
source_quality_interaction_new,B8_new,0.41,188,0.535,0.598208711581,196,14
source_quality_interaction_new,B8_new,0.41,189,0.6432,0.699611737298,196,14
source_quality_interaction_new,B8_new,0.41,190,0.8168,0.902388368687,196,14
source_quality_interaction_new,B8_new,0.41,191,1.0559,1.10512159141,196,14
source_quality_interaction_new,B8_new,0.41,192,1.2365,1.30780510759,196,14
source_quality_interaction_new,B8_new,0.41,193,1.477,1.51043048377,196,14
source_quality_interaction_new,B8_new,0.41,194,1.6841,1.7129858368,196,14
source_quality_interaction_new,B8_new,0.41,195,1.8979,1.91545315057,196,14
source_quality_interaction_new,B8_new,0.41,196,2.0213,2.11780176577,196,14
source_quality_interaction_new,B8_new,0.41,197,2.2729,2.31996690854,196,14
source_quality_interaction_new,B8_new,0.41,198,2.4488,2.42092735531,196,14
source_quality_interaction_new,B8_new,0.41,199,2.488,2.52164066408,196,14
source_quality_interaction_new,B8_new,0.41,200,0.5231,0.61179050639,196,14
source_quality_interaction_new,B8_new,0.41,201,2.3801,2.38687634663,196,14
source_quality_interaction_new,B8_new,0.41,202,0.5209,0.643886030702,196,14
source_quality_interaction_new,B8_new,0.41,203,2.3692,2.33754305554,196,14
source_quality_interaction_new,B8_new,0.41,204,0.5057,0.67371180339,196,14
source_quality_interaction_new,B8_new,0.41,205,0.6047,0.764610837206,196,14
source_quality_interaction_new,B8_new,0.41,206,0.8045,0.946379484792,196,14
source_quality_interaction_new,B8_new,0.41,207,1.0122,1.12810472371,196,14
source_quality_interaction_new,B8_new,0.41,208,1.2031,1.30978025609,196,14
source_quality_interaction_new,B8_new,0.41,209,1.427,1.49139764847,196,14
source_quality_interaction_new,B8_new,0.41,210,1.5817,1.67294501769,196,14
source_quality_interaction_new,B8_new,0.41,211,1.7811,1.85440434766,196,14
source_quality_interaction_new,B8_new,0.41,212,1.9863,2.03574497905,196,14
source_quality_interaction_new,B8_new,0.41,213,2.1829,2.21690213803,196,14
source_quality_interaction_new,B8_new,0.41,214,2.3182,2.3073585929,196,14
source_quality_interaction_new,B8_new,0.41,215,2.3631,2.39756790976,196,14
source_quality_interaction_new,B8_new,0.41,216,0.5,0.721199678121,196,14
source_quality_interaction_new,B8_new,0.41,217,0.5885,0.807574888859,196,14
source_quality_interaction_new,B8_new,0.41,218,0.7592,0.980295890288,196,14
source_quality_interaction_new,B8_new,0.41,219,0.9951,1.15297348305,196,14
source_quality_interaction_new,B8_new,0.41,220,1.2144,1.32560136927,196,14
source_quality_interaction_new,B8_new,0.41,221,1.3941,1.49817111549,196,14
source_quality_interaction_new,B8_new,0.41,222,1.5743,1.67067083856,196,14
source_quality_interaction_new,B8_new,0.41,223,1.759,1.84308252238,196,14
source_quality_interaction_new,B8_new,0.41,224,1.9279,2.01537550761,196,14
source_quality_interaction_new,B8_new,0.41,225,2.1495,2.18748502043,196,14
source_quality_interaction_new,B8_new,0.41,226,2.2212,2.27341765222,196,14
source_quality_interaction_new,B8_new,0.41,227,2.4128,2.35910314601,196,14
source_quality_interaction_new,B8_new,0.41,228,0.5,0.775461546378,196,14
source_quality_interaction_new,B8_new,0.41,229,0.5802,0.857312934038,196,14
source_quality_interaction_new,B8_new,0.41,230,0.7774,1.02098628931,196,14
source_quality_interaction_new,B8_new,0.41,231,0.9982,1.18461623592,196,14
source_quality_interaction_new,B8_new,0.41,232,1.2122,1.34819647598,196,14
source_quality_interaction_new,B8_new,0.41,233,1.3202,1.51171857605,196,14
source_quality_interaction_new,B8_new,0.41,234,1.5758,1.67517065296,196,14
source_quality_interaction_new,B8_new,0.41,235,1.7331,1.83853469062,196,14
source_quality_interaction_new,B8_new,0.41,236,1.9375,2.0017800297,196,14
source_quality_interaction_new,B8_new,0.41,237,2.0973,2.16484189636,196,14
source_quality_interaction_new,B8_new,0.41,238,2.2225,2.24625070508,196,14
source_quality_interaction_new,B8_new,0.41,239,2.3248,2.32741237578,196,14
quality_model_current_raw,B8_new,0.7,240,0.5148,3.23920867885,196,14
quality_model_current_raw,B8_new,0.7,241,0.651,3.22045408119,196,14
quality_model_current_raw,B8_new,0.7,242,0.8807,3.182917909,196,14
quality_model_current_raw,B8_new,0.7,243,1.1486,3.145341933,196,14
quality_model_current_raw,B8_new,0.7,244,1.3678,3.10772037832,196,14
quality_model_current_raw,B8_new,0.7,245,1.6627,3.07004551187,196,14
quality_model_current_raw,B8_new,0.7,246,1.8832,3.03230643731,196,14
quality_model_current_raw,B8_new,0.7,247,2.1501,2.99448663469,196,14
quality_model_current_raw,B8_new,0.7,248,2.3581,2.95655799079,196,14
quality_model_current_raw,B8_new,0.7,249,2.6571,2.91846111087,196,14
quality_model_current_raw,B8_new,0.7,250,2.7097,2.89930068811,196,14
quality_model_current_raw,B8_new,0.7,251,2.862,2.87991365084,196,14
quality_model_current_raw,B8_new,0.7,252,0.5,3.09981224668,196,14
quality_model_current_raw,B8_new,0.7,253,2.657,2.75990425593,196,14
quality_model_current_raw,B8_new,0.7,254,0.5,2.9849968987,196,14
quality_model_current_raw,B8_new,0.7,255,0.5886,2.96624230104,196,14
quality_model_current_raw,B8_new,0.7,256,0.82,2.92870612885,196,14
quality_model_current_raw,B8_new,0.7,257,1.0213,2.89113015284,196,14
quality_model_current_raw,B8_new,0.7,258,1.2544,2.85350859817,196,14
quality_model_current_raw,B8_new,0.7,259,1.5102,2.81583373171,196,14
quality_model_current_raw,B8_new,0.7,260,1.733,2.77809465716,196,14
quality_model_current_raw,B8_new,0.7,261,1.9575,2.74027485454,196,14
quality_model_current_raw,B8_new,0.7,262,2.1359,2.70234621063,196,14
quality_model_current_raw,B8_new,0.7,263,2.4142,2.66424933072,196,14
quality_model_current_raw,B8_new,0.7,264,2.5456,2.64508890795,196,14
quality_model_current_raw,B8_new,0.7,265,2.5856,2.62570187068,196,14
quality_model_current_raw,B8_new,0.7,266,0.5,2.86368505775,196,14
quality_model_current_raw,B8_new,0.7,267,2.3802,2.523777067,196,14
quality_model_current_raw,B8_new,0.7,268,0.5,2.79050823826,196,14
quality_model_current_raw,B8_new,0.7,269,0.5313,2.7717536406,196,14
quality_model_current_raw,B8_new,0.7,270,0.7638,2.7342174684,196,14
quality_model_current_raw,B8_new,0.7,271,0.9699,2.6966414924,196,14
quality_model_current_raw,B8_new,0.7,272,1.1979,2.65901993773,196,14
quality_model_current_raw,B8_new,0.7,273,1.3973,2.62134507127,196,14
quality_model_current_raw,B8_new,0.7,274,1.5891,2.58360599671,196,14
quality_model_current_raw,B8_new,0.7,275,1.8109,2.5457861941,196,14
quality_model_current_raw,B8_new,0.7,276,2.017,2.50785755019,196,14
quality_model_current_raw,B8_new,0.7,277,2.1928,2.46976067028,196,14
quality_model_current_raw,B8_new,0.7,278,2.3158,2.45060024751,196,14
quality_model_current_raw,B8_new,0.7,279,2.4334,2.43121321024,196,14
quality_model_current_raw,B8_new,0.7,280,0.5,2.75384035393,196,14
quality_model_current_raw,B8_new,0.7,281,2.3482,2.41393236319,196,14
quality_model_current_raw,B8_new,0.7,282,0.5,2.70003348438,196,14
quality_model_current_raw,B8_new,0.7,283,2.2639,2.36012549364,196,14
quality_model_current_raw,B8_new,0.7,284,0.5,2.66655214834,196,14
quality_model_current_raw,B8_new,0.7,285,0.5138,2.64779755067,196,14
quality_model_current_raw,B8_new,0.7,286,0.701,2.61026137848,196,14
quality_model_current_raw,B8_new,0.7,287,0.9241,2.57268540248,196,14
quality_model_current_raw,B8_new,0.7,288,1.1327,2.53506384781,196,14
quality_model_current_raw,B8_new,0.7,289,1.3085,2.49738898135,196,14
quality_model_current_raw,B8_new,0.7,290,1.5486,2.45964990679,196,14
quality_model_current_raw,B8_new,0.7,291,1.7063,2.42183010418,196,14
quality_model_current_raw,B8_new,0.7,292,1.8982,2.38390146027,196,14
quality_model_current_raw,B8_new,0.7,293,2.0978,2.34580458036,196,14
quality_model_current_raw,B8_new,0.7,294,2.1997,2.32664415759,196,14
quality_model_current_raw,B8_new,0.7,295,2.2912,2.30725712032,196,14
quality_model_current_raw,B8_new,0.7,296,0.5,2.6281376292,196,14
quality_model_current_raw,B8_new,0.7,297,0.5071,2.60938303154,196,14
quality_model_current_raw,B8_new,0.7,298,0.7115,2.57184685935,196,14
quality_model_current_raw,B8_new,0.7,299,0.9132,2.53427088335,196,14
quality_model_current_raw,B8_new,0.7,300,1.1056,2.49664932867,196,14
quality_model_current_raw,B8_new,0.7,301,1.322,2.45897446221,196,14
quality_model_current_raw,B8_new,0.7,302,1.4614,2.42123538766,196,14
quality_model_current_raw,B8_new,0.7,303,1.7068,2.38341558504,196,14
quality_model_current_raw,B8_new,0.7,304,1.8896,2.34548694114,196,14
quality_model_current_raw,B8_new,0.7,305,2.0683,2.30739006122,196,14
quality_model_current_raw,B8_new,0.7,306,2.1816,2.28822963846,196,14
quality_model_current_raw,B8_new,0.7,307,2.297,2.26884260118,196,14
quality_model_current_raw,B8_new,0.7,308,0.5,2.5964971036,196,14
quality_model_current_raw,B8_new,0.7,309,0.5001,2.57774250593,196,14
quality_model_current_raw,B8_new,0.7,310,0.6784,2.54020633374,196,14
quality_model_current_raw,B8_new,0.7,311,0.8706,2.50263035774,196,14
quality_model_current_raw,B8_new,0.7,312,1.0904,2.46500880307,196,14
quality_model_current_raw,B8_new,0.7,313,1.2499,2.42733393661,196,14
quality_model_current_raw,B8_new,0.7,314,1.4277,2.38959486205,196,14
quality_model_current_raw,B8_new,0.7,315,1.6336,2.35177505944,196,14
quality_model_current_raw,B8_new,0.7,316,1.8579,2.31384641553,196,14
quality_model_current_raw,B8_new,0.7,317,2.0246,2.27574953562,196,14
quality_model_current_raw,B8_new,0.7,318,2.1556,2.25658911285,196,14
quality_model_current_raw,B8_new,0.7,319,2.2183,2.23720207558,196,14
source_intercept_control,B8_new,0.7,240,0.5148,2.11079844243,196,14
source_intercept_control,B8_new,0.7,241,0.651,2.09204384477,196,14
source_intercept_control,B8_new,0.7,242,0.8807,2.05450767258,196,14
source_intercept_control,B8_new,0.7,243,1.1486,2.01693169658,196,14
source_intercept_control,B8_new,0.7,244,1.3678,1.9793101419,196,14
source_intercept_control,B8_new,0.7,245,1.6627,1.94163527544,196,14
source_intercept_control,B8_new,0.7,246,1.8832,1.90389620089,196,14
source_intercept_control,B8_new,0.7,247,2.1501,1.86607639827,196,14
source_intercept_control,B8_new,0.7,248,2.3581,1.82814775437,196,14
source_intercept_control,B8_new,0.7,249,2.6571,1.79005087445,196,14
source_intercept_control,B8_new,0.7,250,2.7097,1.77089045169,196,14
source_intercept_control,B8_new,0.7,251,2.862,1.75150341441,196,14
source_intercept_control,B8_new,0.7,252,0.5,1.97140201026,196,14
source_intercept_control,B8_new,0.7,253,2.657,1.63149401951,196,14
source_intercept_control,B8_new,0.7,254,0.5,1.85658666228,196,14
source_intercept_control,B8_new,0.7,255,0.5886,1.83783206462,196,14
source_intercept_control,B8_new,0.7,256,0.82,1.80029589242,196,14
source_intercept_control,B8_new,0.7,257,1.0213,1.76271991642,196,14
source_intercept_control,B8_new,0.7,258,1.2544,1.72509836175,196,14
source_intercept_control,B8_new,0.7,259,1.5102,1.68742349529,196,14
source_intercept_control,B8_new,0.7,260,1.733,1.64968442074,196,14
source_intercept_control,B8_new,0.7,261,1.9575,1.61186461812,196,14
source_intercept_control,B8_new,0.7,262,2.1359,1.57393597421,196,14
source_intercept_control,B8_new,0.7,263,2.4142,1.5358390943,196,14
source_intercept_control,B8_new,0.7,264,2.5456,1.51667867153,196,14
source_intercept_control,B8_new,0.7,265,2.5856,1.49729163426,196,14
source_intercept_control,B8_new,0.7,266,0.5,1.73527482133,196,14
source_intercept_control,B8_new,0.7,267,2.3802,1.39536683058,196,14
source_intercept_control,B8_new,0.7,268,0.5,1.66209800184,196,14
source_intercept_control,B8_new,0.7,269,0.5313,1.64334340417,196,14
source_intercept_control,B8_new,0.7,270,0.7638,1.60580723198,196,14
source_intercept_control,B8_new,0.7,271,0.9699,1.56823125598,196,14
source_intercept_control,B8_new,0.7,272,1.1979,1.53060970131,196,14
source_intercept_control,B8_new,0.7,273,1.3973,1.49293483485,196,14
source_intercept_control,B8_new,0.7,274,1.5891,1.45519576029,196,14
source_intercept_control,B8_new,0.7,275,1.8109,1.41737595768,196,14
source_intercept_control,B8_new,0.7,276,2.017,1.37944731377,196,14
source_intercept_control,B8_new,0.7,277,2.1928,1.34135043386,196,14
source_intercept_control,B8_new,0.7,278,2.3158,1.32219001109,196,14
source_intercept_control,B8_new,0.7,279,2.4334,1.30280297382,196,14
source_intercept_control,B8_new,0.7,280,0.5,1.62543011751,196,14
source_intercept_control,B8_new,0.7,281,2.3482,1.28552212677,196,14
source_intercept_control,B8_new,0.7,282,0.5,1.57162324796,196,14
source_intercept_control,B8_new,0.7,283,2.2639,1.23171525721,196,14
source_intercept_control,B8_new,0.7,284,0.5,1.53814191192,196,14
source_intercept_control,B8_new,0.7,285,0.5138,1.51938731425,196,14
source_intercept_control,B8_new,0.7,286,0.701,1.48185114206,196,14
source_intercept_control,B8_new,0.7,287,0.9241,1.44427516606,196,14
source_intercept_control,B8_new,0.7,288,1.1327,1.40665361139,196,14
source_intercept_control,B8_new,0.7,289,1.3085,1.36897874493,196,14
source_intercept_control,B8_new,0.7,290,1.5486,1.33123967037,196,14
source_intercept_control,B8_new,0.7,291,1.7063,1.29341986776,196,14
source_intercept_control,B8_new,0.7,292,1.8982,1.25549122385,196,14
source_intercept_control,B8_new,0.7,293,2.0978,1.21739434393,196,14
source_intercept_control,B8_new,0.7,294,2.1997,1.19823392117,196,14
source_intercept_control,B8_new,0.7,295,2.2912,1.1788468839,196,14
source_intercept_control,B8_new,0.7,296,0.5,1.49972739278,196,14
source_intercept_control,B8_new,0.7,297,0.5071,1.48097279512,196,14
source_intercept_control,B8_new,0.7,298,0.7115,1.44343662293,196,14
source_intercept_control,B8_new,0.7,299,0.9132,1.40586064693,196,14
source_intercept_control,B8_new,0.7,300,1.1056,1.36823909225,196,14
source_intercept_control,B8_new,0.7,301,1.322,1.33056422579,196,14
source_intercept_control,B8_new,0.7,302,1.4614,1.29282515124,196,14
source_intercept_control,B8_new,0.7,303,1.7068,1.25500534862,196,14
source_intercept_control,B8_new,0.7,304,1.8896,1.21707670472,196,14
source_intercept_control,B8_new,0.7,305,2.0683,1.1789798248,196,14
source_intercept_control,B8_new,0.7,306,2.1816,1.15981940204,196,14
source_intercept_control,B8_new,0.7,307,2.297,1.14043236476,196,14
source_intercept_control,B8_new,0.7,308,0.5,1.46808686718,196,14
source_intercept_control,B8_new,0.7,309,0.5001,1.44933226951,196,14
source_intercept_control,B8_new,0.7,310,0.6784,1.41179609732,196,14
source_intercept_control,B8_new,0.7,311,0.8706,1.37422012132,196,14
source_intercept_control,B8_new,0.7,312,1.0904,1.33659856665,196,14
source_intercept_control,B8_new,0.7,313,1.2499,1.29892370019,196,14
source_intercept_control,B8_new,0.7,314,1.4277,1.26118462563,196,14
source_intercept_control,B8_new,0.7,315,1.6336,1.22336482302,196,14
source_intercept_control,B8_new,0.7,316,1.8579,1.18543617911,196,14
source_intercept_control,B8_new,0.7,317,2.0246,1.14733929919,196,14
source_intercept_control,B8_new,0.7,318,2.1556,1.12817887643,196,14
source_intercept_control,B8_new,0.7,319,2.2183,1.10879183916,196,14
source_quality_interaction_new,B8_new,0.7,240,0.5148,0.583513144376,196,14
source_quality_interaction_new,B8_new,0.7,241,0.651,0.704315617929,196,14
source_quality_interaction_new,B8_new,0.7,242,0.8807,0.945893588166,196,14
source_quality_interaction_new,B8_new,0.7,243,1.1486,1.18743175459,196,14
source_quality_interaction_new,B8_new,0.7,244,1.3678,1.42892434235,196,14
source_quality_interaction_new,B8_new,0.7,245,1.6627,1.67036361832,196,14
source_quality_interaction_new,B8_new,0.7,246,1.8832,1.9117386862,196,14
source_quality_interaction_new,B8_new,0.7,247,2.1501,2.15303302601,196,14
source_quality_interaction_new,B8_new,0.7,248,2.3581,2.39421852454,196,14
source_quality_interaction_new,B8_new,0.7,249,2.6571,2.63523578705,196,14
source_quality_interaction_new,B8_new,0.7,250,2.7097,2.7556324355,196,14
source_quality_interaction_new,B8_new,0.7,251,2.862,2.87580246944,196,14
source_quality_interaction_new,B8_new,0.7,252,0.5,0.529473026382,196,14
source_quality_interaction_new,B8_new,0.7,253,2.657,2.62099283498,196,14
source_quality_interaction_new,B8_new,0.7,254,0.5,0.500013992583,196,14
source_quality_interaction_new,B8_new,0.7,255,0.5886,0.611860968077,196,14
source_quality_interaction_new,B8_new,0.7,256,0.82,0.835527942197,196,14
source_quality_interaction_new,B8_new,0.7,257,1.0213,1.05915511251,196,14
source_quality_interaction_new,B8_new,0.7,258,1.2544,1.28273670415,196,14
source_quality_interaction_new,B8_new,0.7,259,1.5102,1.506264984,196,14
source_quality_interaction_new,B8_new,0.7,260,1.733,1.72972905576,196,14
source_quality_interaction_new,B8_new,0.7,261,1.9575,1.95311239946,196,14
source_quality_interaction_new,B8_new,0.7,262,2.1359,2.17638690186,196,14
source_quality_interaction_new,B8_new,0.7,263,2.4142,2.39949316826,196,14
source_quality_interaction_new,B8_new,0.7,264,2.5456,2.51093431865,196,14
source_quality_interaction_new,B8_new,0.7,265,2.5856,2.62214885454,196,14
source_quality_interaction_new,B8_new,0.7,266,0.5,0.491537061421,196,14
source_quality_interaction_new,B8_new,0.7,267,2.3802,2.39591066711,196,14
source_quality_interaction_new,B8_new,0.7,268,0.5,0.50371655611,196,14
source_quality_interaction_new,B8_new,0.7,269,0.5313,0.60516652033,196,14
source_quality_interaction_new,B8_new,0.7,270,0.7638,0.808039471905,196,14
source_quality_interaction_new,B8_new,0.7,271,0.9699,1.01087261967,196,14
source_quality_interaction_new,B8_new,0.7,272,1.1979,1.21366018877,196,14
source_quality_interaction_new,B8_new,0.7,273,1.3973,1.41639444607,196,14
source_quality_interaction_new,B8_new,0.7,274,1.5891,1.61906449529,196,14
source_quality_interaction_new,B8_new,0.7,275,1.8109,1.82165381644,196,14
source_quality_interaction_new,B8_new,0.7,276,2.017,2.0241342963,196,14
source_quality_interaction_new,B8_new,0.7,277,2.1928,2.22644654015,196,14
source_quality_interaction_new,B8_new,0.7,278,2.3158,2.32749067927,196,14
source_quality_interaction_new,B8_new,0.7,279,2.4334,2.42830820388,196,14
source_quality_interaction_new,B8_new,0.7,280,0.5,0.516978914781,196,14
source_quality_interaction_new,B8_new,0.7,281,2.3482,2.29360536308,196,14
source_quality_interaction_new,B8_new,0.7,282,0.5,0.548528359408,196,14
source_quality_interaction_new,B8_new,0.7,283,2.2639,2.24455532519,196,14
source_quality_interaction_new,B8_new,0.7,284,0.5,0.577951690158,196,14
source_quality_interaction_new,B8_new,0.7,285,0.5138,0.669004643106,196,14
source_quality_interaction_new,B8_new,0.7,286,0.701,0.851083572134,196,14
source_quality_interaction_new,B8_new,0.7,287,0.9241,1.03312269735,196,14
source_quality_interaction_new,B8_new,0.7,288,1.1327,1.2151162439,196,14
source_quality_interaction_new,B8_new,0.7,289,1.3085,1.39705647867,196,14
source_quality_interaction_new,B8_new,0.7,290,1.5486,1.57893250533,196,14
source_quality_interaction_new,B8_new,0.7,291,1.7063,1.76072780394,196,14
source_quality_interaction_new,B8_new,0.7,292,1.8982,1.94241426125,196,14
source_quality_interaction_new,B8_new,0.7,293,2.0978,2.12393248256,196,14
source_quality_interaction_new,B8_new,0.7,294,2.1997,2.2145796104,196,14
source_quality_interaction_new,B8_new,0.7,295,2.2912,2.30500012374,196,14
source_quality_interaction_new,B8_new,0.7,296,0.5,0.624893485204,196,14
source_quality_interaction_new,B8_new,0.7,297,0.5071,0.711468689123,196,14
source_quality_interaction_new,B8_new,0.7,298,0.7115,0.884592120093,196,14
source_quality_interaction_new,B8_new,0.7,299,0.9132,1.05767574725,196,14
source_quality_interaction_new,B8_new,0.7,300,1.1056,1.23071379574,196,14
source_quality_interaction_new,B8_new,0.7,301,1.322,1.40369853245,196,14
source_quality_interaction_new,B8_new,0.7,302,1.4614,1.57661906106,196,14
source_quality_interaction_new,B8_new,0.7,303,1.7068,1.7494588616,196,14
source_quality_interaction_new,B8_new,0.7,304,1.8896,1.92218982086,196,14
source_quality_interaction_new,B8_new,0.7,305,2.0683,2.09475254411,196,14
source_quality_interaction_new,B8_new,0.7,306,2.1816,2.18092192292,196,14
source_quality_interaction_new,B8_new,0.7,307,2.297,2.26686468723,196,14
source_quality_interaction_new,B8_new,0.7,308,0.5,0.678609273777,196,14
source_quality_interaction_new,B8_new,0.7,309,0.5001,0.760706728666,196,14
source_quality_interaction_new,B8_new,0.7,310,0.6784,0.924874661578,196,14
source_quality_interaction_new,B8_new,0.7,311,0.8706,1.08900279068,196,14
source_quality_interaction_new,B8_new,0.7,312,1.0904,1.25308534111,196,14
source_quality_interaction_new,B8_new,0.7,313,1.2499,1.41711457976,196,14
source_quality_interaction_new,B8_new,0.7,314,1.4277,1.58107961031,196,14
source_quality_interaction_new,B8_new,0.7,315,1.6336,1.7449639128,196,14
source_quality_interaction_new,B8_new,0.7,316,1.8579,1.90873937399,196,14
source_quality_interaction_new,B8_new,0.7,317,2.0246,2.07234659918,196,14
source_quality_interaction_new,B8_new,0.7,318,2.1556,2.15403822897,196,14
source_quality_interaction_new,B8_new,0.7,319,2.2183,2.23550324425,196,14
quality_model_current_raw,B8_new,1,320,0.5,3.17339268388,196,14
quality_model_current_raw,B8_new,1,321,0.5747,3.15569149899,196,14
quality_model_current_raw,B8_new,1,322,0.8142,3.1202636676,196,14
quality_model_current_raw,B8_new,1,323,1.0733,3.0847982681,196,14
quality_model_current_raw,B8_new,1,324,1.3204,3.04928985001,196,14
quality_model_current_raw,B8_new,1,325,1.5528,3.01373111455,196,14
quality_model_current_raw,B8_new,1,326,1.8086,2.97811177746,196,14
quality_model_current_raw,B8_new,1,327,2.0374,2.94241624666,196,14
quality_model_current_raw,B8_new,1,328,2.3623,2.906617988,196,14
quality_model_current_raw,B8_new,1,329,2.5719,2.87066094284,196,14
quality_model_current_raw,B8_new,1,330,2.7672,2.85257672734,196,14
quality_model_current_raw,B8_new,1,331,2.8125,2.83427862586,196,14
quality_model_current_raw,B8_new,1,332,0.5,3.03399625171,196,14
quality_model_current_raw,B8_new,1,333,2.6357,2.71318029516,196,14
quality_model_current_raw,B8_new,1,334,0.5,2.91918090373,196,14
quality_model_current_raw,B8_new,1,335,0.5188,2.90147971884,196,14
quality_model_current_raw,B8_new,1,336,0.7381,2.86605188744,196,14
quality_model_current_raw,B8_new,1,337,0.9701,2.83058648795,196,14
quality_model_current_raw,B8_new,1,338,1.2279,2.79507806985,196,14
quality_model_current_raw,B8_new,1,339,1.4233,2.7595193344,196,14
quality_model_current_raw,B8_new,1,340,1.6574,2.72389999731,196,14
quality_model_current_raw,B8_new,1,341,1.8968,2.68820446651,196,14
quality_model_current_raw,B8_new,1,342,2.0844,2.65240620784,196,14
quality_model_current_raw,B8_new,1,343,2.3062,2.61644916269,196,14
quality_model_current_raw,B8_new,1,344,2.4517,2.59836494718,196,14
quality_model_current_raw,B8_new,1,345,2.6133,2.58006684571,196,14
quality_model_current_raw,B8_new,1,346,0.5,2.79786906278,196,14
quality_model_current_raw,B8_new,1,347,2.3371,2.47705310623,196,14
quality_model_current_raw,B8_new,1,348,0.5,2.72469224329,196,14
quality_model_current_raw,B8_new,1,349,0.5,2.7069910584,196,14
quality_model_current_raw,B8_new,1,350,0.7102,2.671563227,196,14
quality_model_current_raw,B8_new,1,351,0.9137,2.6360978275,196,14
quality_model_current_raw,B8_new,1,352,1.1107,2.60058940941,196,14
quality_model_current_raw,B8_new,1,353,1.3086,2.56503067396,196,14
quality_model_current_raw,B8_new,1,354,1.5225,2.52941133687,196,14
quality_model_current_raw,B8_new,1,355,1.7077,2.49371580607,196,14
quality_model_current_raw,B8_new,1,356,1.9487,2.4579175474,196,14
quality_model_current_raw,B8_new,1,357,2.2185,2.42196050225,196,14
quality_model_current_raw,B8_new,1,358,2.3344,2.40387628674,196,14
quality_model_current_raw,B8_new,1,359,2.4489,2.38557818527,196,14
quality_model_current_raw,B8_new,1,360,0.5,2.68802435896,196,14
quality_model_current_raw,B8_new,1,361,2.1674,2.36720840242,196,14
quality_model_current_raw,B8_new,1,362,0.5,2.63421748941,196,14
quality_model_current_raw,B8_new,1,363,2.1877,2.31340153287,196,14
quality_model_current_raw,B8_new,1,364,0.5,2.60073615336,196,14
quality_model_current_raw,B8_new,1,365,0.5,2.58303496848,196,14
quality_model_current_raw,B8_new,1,366,0.6599,2.54760713708,196,14
quality_model_current_raw,B8_new,1,367,0.8544,2.51214173758,196,14
quality_model_current_raw,B8_new,1,368,1.0836,2.47663331949,196,14
quality_model_current_raw,B8_new,1,369,1.2157,2.44107458404,196,14
quality_model_current_raw,B8_new,1,370,1.4518,2.40545524695,196,14
quality_model_current_raw,B8_new,1,371,1.707,2.36975971615,196,14
quality_model_current_raw,B8_new,1,372,1.8739,2.33396145748,196,14
quality_model_current_raw,B8_new,1,373,2.0431,2.29800441233,196,14
quality_model_current_raw,B8_new,1,374,2.1733,2.27992019682,196,14
quality_model_current_raw,B8_new,1,375,2.2572,2.26162209534,196,14
quality_model_current_raw,B8_new,1,376,0.5,2.56232163423,196,14
quality_model_current_raw,B8_new,1,377,0.5,2.54462044934,196,14
quality_model_current_raw,B8_new,1,378,0.6605,2.50919261795,196,14
quality_model_current_raw,B8_new,1,379,0.8357,2.47372721845,196,14
quality_model_current_raw,B8_new,1,380,1.0525,2.43821880035,196,14
quality_model_current_raw,B8_new,1,381,1.2565,2.4026600649,196,14
quality_model_current_raw,B8_new,1,382,1.407,2.36704072781,196,14
quality_model_current_raw,B8_new,1,383,1.6907,2.33134519701,196,14
quality_model_current_raw,B8_new,1,384,1.8615,2.29554693835,196,14
quality_model_current_raw,B8_new,1,385,1.9758,2.25958989319,196,14
quality_model_current_raw,B8_new,1,386,2.1305,2.24150567769,196,14
quality_model_current_raw,B8_new,1,387,2.1409,2.22320757621,196,14
quality_model_current_raw,B8_new,1,388,0.5,2.53068110862,196,14
quality_model_current_raw,B8_new,1,389,0.5,2.51297992374,196,14
quality_model_current_raw,B8_new,1,390,0.6467,2.47755209234,196,14
quality_model_current_raw,B8_new,1,391,0.8314,2.44208669284,196,14
quality_model_current_raw,B8_new,1,392,1.0295,2.40657827475,196,14
quality_model_current_raw,B8_new,1,393,1.2251,2.3710195393,196,14
quality_model_current_raw,B8_new,1,394,1.4304,2.3354002022,196,14
quality_model_current_raw,B8_new,1,395,1.5995,2.29970467141,196,14
quality_model_current_raw,B8_new,1,396,1.7725,2.26390641274,196,14
quality_model_current_raw,B8_new,1,397,2.027,2.22794936759,196,14
quality_model_current_raw,B8_new,1,398,2.0759,2.20986515208,196,14
quality_model_current_raw,B8_new,1,399,2.2081,2.1915670506,196,14
source_intercept_control,B8_new,1,320,0.5,2.04433152955,196,14
source_intercept_control,B8_new,1,321,0.5747,2.02663034466,196,14
source_intercept_control,B8_new,1,322,0.8142,1.99120251326,196,14
source_intercept_control,B8_new,1,323,1.0733,1.95573711376,196,14
source_intercept_control,B8_new,1,324,1.3204,1.92022869567,196,14
source_intercept_control,B8_new,1,325,1.5528,1.88466996022,196,14
source_intercept_control,B8_new,1,326,1.8086,1.84905062313,196,14
source_intercept_control,B8_new,1,327,2.0374,1.81335509233,196,14
source_intercept_control,B8_new,1,328,2.3623,1.77755683366,196,14
source_intercept_control,B8_new,1,329,2.5719,1.74159978851,196,14
source_intercept_control,B8_new,1,330,2.7672,1.723515573,196,14
source_intercept_control,B8_new,1,331,2.8125,1.70521747153,196,14
source_intercept_control,B8_new,1,332,0.5,1.90493509737,196,14
source_intercept_control,B8_new,1,333,2.6357,1.58411914083,196,14
source_intercept_control,B8_new,1,334,0.5,1.79011974939,196,14
source_intercept_control,B8_new,1,335,0.5188,1.77241856451,196,14
source_intercept_control,B8_new,1,336,0.7381,1.73699073311,196,14
source_intercept_control,B8_new,1,337,0.9701,1.70152533361,196,14
source_intercept_control,B8_new,1,338,1.2279,1.66601691552,196,14
source_intercept_control,B8_new,1,339,1.4233,1.63045818007,196,14
source_intercept_control,B8_new,1,340,1.6574,1.59483884297,196,14
source_intercept_control,B8_new,1,341,1.8968,1.55914331217,196,14
source_intercept_control,B8_new,1,342,2.0844,1.52334505351,196,14
source_intercept_control,B8_new,1,343,2.3062,1.48738800836,196,14
source_intercept_control,B8_new,1,344,2.4517,1.46930379285,196,14
source_intercept_control,B8_new,1,345,2.6133,1.45100569137,196,14
source_intercept_control,B8_new,1,346,0.5,1.66880790844,196,14
source_intercept_control,B8_new,1,347,2.3371,1.3479919519,196,14
source_intercept_control,B8_new,1,348,0.5,1.59563108895,196,14
source_intercept_control,B8_new,1,349,0.5,1.57792990406,196,14
source_intercept_control,B8_new,1,350,0.7102,1.54250207266,196,14
source_intercept_control,B8_new,1,351,0.9137,1.50703667317,196,14
source_intercept_control,B8_new,1,352,1.1107,1.47152825507,196,14
source_intercept_control,B8_new,1,353,1.3086,1.43596951962,196,14
source_intercept_control,B8_new,1,354,1.5225,1.40035018253,196,14
source_intercept_control,B8_new,1,355,1.7077,1.36465465173,196,14
source_intercept_control,B8_new,1,356,1.9487,1.32885639306,196,14
source_intercept_control,B8_new,1,357,2.2185,1.29289934791,196,14
source_intercept_control,B8_new,1,358,2.3344,1.2748151324,196,14
source_intercept_control,B8_new,1,359,2.4489,1.25651703093,196,14
source_intercept_control,B8_new,1,360,0.5,1.55896320463,196,14
source_intercept_control,B8_new,1,361,2.1674,1.23814724808,196,14
source_intercept_control,B8_new,1,362,0.5,1.50515633507,196,14
source_intercept_control,B8_new,1,363,2.1877,1.18434037853,196,14
source_intercept_control,B8_new,1,364,0.5,1.47167499903,196,14
source_intercept_control,B8_new,1,365,0.5,1.45397381414,196,14
source_intercept_control,B8_new,1,366,0.6599,1.41854598274,196,14
source_intercept_control,B8_new,1,367,0.8544,1.38308058325,196,14
source_intercept_control,B8_new,1,368,1.0836,1.34757216515,196,14
source_intercept_control,B8_new,1,369,1.2157,1.3120134297,196,14
source_intercept_control,B8_new,1,370,1.4518,1.27639409261,196,14
source_intercept_control,B8_new,1,371,1.707,1.24069856181,196,14
source_intercept_control,B8_new,1,372,1.8739,1.20490030314,196,14
source_intercept_control,B8_new,1,373,2.0431,1.16894325799,196,14
source_intercept_control,B8_new,1,374,2.1733,1.15085904248,196,14
source_intercept_control,B8_new,1,375,2.2572,1.13256094101,196,14
source_intercept_control,B8_new,1,376,0.5,1.43326047989,196,14
source_intercept_control,B8_new,1,377,0.5,1.41555929501,196,14
source_intercept_control,B8_new,1,378,0.6605,1.38013146361,196,14
source_intercept_control,B8_new,1,379,0.8357,1.34466606411,196,14
source_intercept_control,B8_new,1,380,1.0525,1.30915764602,196,14
source_intercept_control,B8_new,1,381,1.2565,1.27359891057,196,14
source_intercept_control,B8_new,1,382,1.407,1.23797957348,196,14
source_intercept_control,B8_new,1,383,1.6907,1.20228404268,196,14
source_intercept_control,B8_new,1,384,1.8615,1.16648578401,196,14
source_intercept_control,B8_new,1,385,1.9758,1.13052873886,196,14
source_intercept_control,B8_new,1,386,2.1305,1.11244452335,196,14
source_intercept_control,B8_new,1,387,2.1409,1.09414642187,196,14
source_intercept_control,B8_new,1,388,0.5,1.40161995429,196,14
source_intercept_control,B8_new,1,389,0.5,1.3839187694,196,14
source_intercept_control,B8_new,1,390,0.6467,1.348490938,196,14
source_intercept_control,B8_new,1,391,0.8314,1.31302553851,196,14
source_intercept_control,B8_new,1,392,1.0295,1.27751712041,196,14
source_intercept_control,B8_new,1,393,1.2251,1.24195838496,196,14
source_intercept_control,B8_new,1,394,1.4304,1.20633904787,196,14
source_intercept_control,B8_new,1,395,1.5995,1.17064351707,196,14
source_intercept_control,B8_new,1,396,1.7725,1.1348452584,196,14
source_intercept_control,B8_new,1,397,2.027,1.09888821325,196,14
source_intercept_control,B8_new,1,398,2.0759,1.08080399774,196,14
source_intercept_control,B8_new,1,399,2.2081,1.06250589627,196,14
source_quality_interaction_new,B8_new,1,320,0.5,0.528119962882,196,14
source_quality_interaction_new,B8_new,1,321,0.5747,0.648887242451,196,14
source_quality_interaction_new,B8_new,1,322,0.8142,0.890396339963,196,14
source_quality_interaction_new,B8_new,1,323,1.0733,1.13186786938,196,14
source_quality_interaction_new,B8_new,1,324,1.3204,1.37329638019,196,14
source_quality_interaction_new,B8_new,1,325,1.5528,1.61467457365,196,14
source_quality_interaction_new,B8_new,1,326,1.8086,1.85599216547,196,14
source_quality_interaction_new,B8_new,1,327,2.0374,2.09723356358,196,14
source_quality_interaction_new,B8_new,1,328,2.3623,2.33837223383,196,14
source_quality_interaction_new,B8_new,1,329,2.5719,2.57935211759,196,14
source_quality_interaction_new,B8_new,1,330,2.7672,2.69973636654,196,14
source_quality_interaction_new,B8_new,1,331,2.8125,2.81990672952,196,14
source_quality_interaction_new,B8_new,1,332,0.5,0.473997990135,196,14
source_quality_interaction_new,B8_new,1,333,2.6357,2.56537803344,196,14
source_quality_interaction_new,B8_new,1,334,0.5,0.444457101583,196,14
source_quality_interaction_new,B8_new,1,335,0.5188,0.556309230001,196,14
source_quality_interaction_new,B8_new,1,336,0.7381,0.779988025214,196,14
source_quality_interaction_new,B8_new,1,337,0.9701,1.00362925233,196,14
source_quality_interaction_new,B8_new,1,338,1.2279,1.22722746085,196,14
source_quality_interaction_new,B8_new,1,339,1.4233,1.45077535201,196,14
source_quality_interaction_new,B8_new,1,340,1.6574,1.67426264153,196,14
source_quality_interaction_new,B8_new,1,341,1.8968,1.89767373734,196,14
source_quality_interaction_new,B8_new,1,342,2.0844,2.12098210528,196,14
source_quality_interaction_new,B8_new,1,343,2.3062,2.34413168674,196,14
source_quality_interaction_new,B8_new,1,344,2.4517,2.45560078454,196,14
source_quality_interaction_new,B8_new,1,345,2.6133,2.56685599637,196,14
source_quality_interaction_new,B8_new,1,346,0.5,0.435871964323,196,14
source_quality_interaction_new,B8_new,1,347,2.3371,2.34094894831,196,14
source_quality_interaction_new,B8_new,1,348,0.5,0.447969604258,196,14
source_quality_interaction_new,B8_new,1,349,0.5,0.549471562714,196,14
source_quality_interaction_new,B8_new,1,350,0.7102,0.752450018003,196,14
source_quality_interaction_new,B8_new,1,351,0.9137,0.955390905193,196,14
source_quality_interaction_new,B8_new,1,352,1.1107,1.15828877379,196,14
source_quality_interaction_new,B8_new,1,353,1.3086,1.36113632502,196,14
source_quality_interaction_new,B8_new,1,354,1.5225,1.56392327462,196,14
source_quality_interaction_new,B8_new,1,355,1.7077,1.7666340305,196,14
source_quality_interaction_new,B8_new,1,356,1.9487,1.96924205852,196,14
source_quality_interaction_new,B8_new,1,357,2.2185,2.17169130006,196,14
source_quality_interaction_new,B8_new,1,358,2.3344,2.27281022789,196,14
source_quality_interaction_new,B8_new,1,359,2.4489,2.37371526976,196,14
source_quality_interaction_new,B8_new,1,360,0.5,0.461184080968,196,14
source_quality_interaction_new,B8_new,1,361,2.1674,2.23908944261,196,14
source_quality_interaction_new,B8_new,1,362,0.5,0.492651670843,196,14
source_quality_interaction_new,B8_new,1,363,2.1877,2.19032067213,196,14
source_quality_interaction_new,B8_new,1,364,0.5,0.522014677455,196,14
source_quality_interaction_new,B8_new,1,365,0.5,0.613166465949,196,14
source_quality_interaction_new,B8_new,1,366,0.6599,0.795444581312,196,14
source_quality_interaction_new,B8_new,1,367,0.8544,0.977685128578,196,14
source_quality_interaction_new,B8_new,1,368,1.0836,1.15988265725,196,14
source_quality_interaction_new,B8_new,1,369,1.2157,1.34202986856,196,14
source_quality_interaction_new,B8_new,1,370,1.4518,1.52411647823,196,14
source_quality_interaction_new,B8_new,1,371,1.707,1.70612689419,196,14
source_quality_interaction_new,B8_new,1,372,1.8739,1.88803458229,196,14
source_quality_interaction_new,B8_new,1,373,2.0431,2.06978348389,196,14
source_quality_interaction_new,B8_new,1,374,2.1733,2.16055224177,196,14
source_quality_interaction_new,B8_new,1,375,2.2572,2.25110711367,196,14
source_quality_interaction_new,B8_new,1,376,0.5,0.568874617748,196,14
source_quality_interaction_new,B8_new,1,377,0.5,0.655568830667,196,14
source_quality_interaction_new,B8_new,1,378,0.6605,0.828931794881,196,14
source_quality_interaction_new,B8_new,1,379,0.8357,1.002257191,196,14
source_quality_interaction_new,B8_new,1,380,1.0525,1.17553956851,196,14
source_quality_interaction_new,B8_new,1,381,1.2565,1.34877162868,196,14
source_quality_interaction_new,B8_new,1,382,1.407,1.5219430872,196,14
source_quality_interaction_new,B8_new,1,383,1.6907,1.69503835201,196,14
source_quality_interaction_new,B8_new,1,384,1.8615,1.86803088896,196,14
source_quality_interaction_new,B8_new,1,385,1.9758,2.04086463941,196,14
source_quality_interaction_new,B8_new,1,386,2.1305,2.12717582171,196,14
source_quality_interaction_new,B8_new,1,387,2.1409,2.21327311804,196,14
source_quality_interaction_new,B8_new,1,388,0.5,0.622508551568,196,14
source_quality_interaction_new,B8_new,1,389,0.5,0.704745188912,196,14
source_quality_interaction_new,B8_new,1,390,0.6467,0.869193001976,196,14
source_quality_interaction_new,B8_new,1,391,0.8314,1.03360324694,196,14
source_quality_interaction_new,B8_new,1,392,1.0295,1.19797047331,196,14
source_quality_interaction_new,B8_new,1,393,1.2251,1.36228738232,196,14
source_quality_interaction_new,B8_new,1,394,1.4304,1.52654368969,196,14
source_quality_interaction_new,B8_new,1,395,1.5995,1.69072380336,196,14
source_quality_interaction_new,B8_new,1,396,1.7725,1.85480118915,196,14
source_quality_interaction_new,B8_new,1,397,2.027,2.01871978846,196,14
source_quality_interaction_new,B8_new,1,398,2.0759,2.10057339519,196,14
source_quality_interaction_new,B8_new,1,399,2.2081,2.18221311594,196,14
quality_model_current_raw,B8_new,2.8,400,0.5,3.01672693162,196,14
quality_model_current_raw,B8_new,2.8,401,0.5,3.00174629986,196,14
quality_model_current_raw,B8_new,2.8,402,0.6798,2.97176348799,196,14
quality_model_current_raw,B8_new,2.8,403,0.9253,2.94174888198,196,14
quality_model_current_raw,B8_new,2.8,404,1.2039,2.91169786905,196,14
quality_model_current_raw,B8_new,2.8,405,1.4628,2.8816042722,196,14
quality_model_current_raw,B8_new,2.8,406,1.7229,2.85145938777,196,14
quality_model_current_raw,B8_new,2.8,407,2.0084,2.8212500201,196,14
quality_model_current_raw,B8_new,2.8,408,2.2056,2.79095371314,196,14
quality_model_current_raw,B8_new,2.8,409,2.4428,2.76052302411,196,14
quality_model_current_raw,B8_new,2.8,410,2.6201,2.74521823096,196,14
quality_model_current_raw,B8_new,2.8,411,2.721,2.72973242468,196,14
quality_model_current_raw,B8_new,2.8,412,0.5,2.87733049945,196,14
quality_model_current_raw,B8_new,2.8,413,2.4203,2.60582179879,196,14
quality_model_current_raw,B8_new,2.8,414,0.5,2.76251515147,196,14
quality_model_current_raw,B8_new,2.8,415,0.5,2.74753451971,196,14
quality_model_current_raw,B8_new,2.8,416,0.623,2.71755170784,196,14
quality_model_current_raw,B8_new,2.8,417,0.8308,2.68753710183,196,14
quality_model_current_raw,B8_new,2.8,418,1.0678,2.6574860889,196,14
quality_model_current_raw,B8_new,2.8,419,1.2966,2.62739249205,196,14
quality_model_current_raw,B8_new,2.8,420,1.5279,2.59724760762,196,14
quality_model_current_raw,B8_new,2.8,421,1.7488,2.56703823995,196,14
quality_model_current_raw,B8_new,2.8,422,2.0341,2.53674193299,196,14
quality_model_current_raw,B8_new,2.8,423,2.2362,2.50631124396,196,14
quality_model_current_raw,B8_new,2.8,424,2.3457,2.49100645081,196,14
quality_model_current_raw,B8_new,2.8,425,2.5073,2.47552064452,196,14
quality_model_current_raw,B8_new,2.8,426,0.5,2.64120331052,196,14
quality_model_current_raw,B8_new,2.8,427,2.253,2.36969460986,196,14
quality_model_current_raw,B8_new,2.8,428,0.5,2.56802649103,196,14
quality_model_current_raw,B8_new,2.8,429,0.5,2.55304585926,196,14
quality_model_current_raw,B8_new,2.8,430,0.5671,2.52306304739,196,14
quality_model_current_raw,B8_new,2.8,431,0.7708,2.49304844139,196,14
quality_model_current_raw,B8_new,2.8,432,0.9718,2.46299742845,196,14
quality_model_current_raw,B8_new,2.8,433,1.1999,2.4329038316,196,14
quality_model_current_raw,B8_new,2.8,434,1.4075,2.40275894718,196,14
quality_model_current_raw,B8_new,2.8,435,1.6363,2.3725495795,196,14
quality_model_current_raw,B8_new,2.8,436,1.8765,2.34225327255,196,14
quality_model_current_raw,B8_new,2.8,437,2.0444,2.31182258352,196,14
quality_model_current_raw,B8_new,2.8,438,2.1982,2.29651779036,196,14
quality_model_current_raw,B8_new,2.8,439,2.2588,2.28103198408,196,14
quality_model_current_raw,B8_new,2.8,440,0.5,2.5313586067,196,14
quality_model_current_raw,B8_new,2.8,441,2.1192,2.25984990604,196,14
quality_model_current_raw,B8_new,2.8,442,0.5,2.47755173715,196,14
quality_model_current_raw,B8_new,2.8,443,2.0528,2.20604303649,196,14
quality_model_current_raw,B8_new,2.8,444,0.5,2.4440704011,196,14
quality_model_current_raw,B8_new,2.8,445,0.5,2.42908976934,196,14
quality_model_current_raw,B8_new,2.8,446,0.5387,2.39910695747,196,14
quality_model_current_raw,B8_new,2.8,447,0.7277,2.36909235147,196,14
quality_model_current_raw,B8_new,2.8,448,0.9045,2.33904133853,196,14
quality_model_current_raw,B8_new,2.8,449,1.16,2.30894774168,196,14
quality_model_current_raw,B8_new,2.8,450,1.3308,2.27880285725,196,14
quality_model_current_raw,B8_new,2.8,451,1.5099,2.24859348958,196,14
quality_model_current_raw,B8_new,2.8,452,1.7571,2.21829718262,196,14
quality_model_current_raw,B8_new,2.8,453,1.9167,2.1878664936,196,14
quality_model_current_raw,B8_new,2.8,454,2.0846,2.17256170044,196,14
quality_model_current_raw,B8_new,2.8,455,2.1517,2.15707589416,196,14
quality_model_current_raw,B8_new,2.8,456,0.5,2.40565588197,196,14
quality_model_current_raw,B8_new,2.8,457,0.5,2.39067525021,196,14
quality_model_current_raw,B8_new,2.8,458,0.519,2.36069243834,196,14
quality_model_current_raw,B8_new,2.8,459,0.7239,2.33067783233,196,14
quality_model_current_raw,B8_new,2.8,460,0.8987,2.3006268194,196,14
quality_model_current_raw,B8_new,2.8,461,1.1398,2.27053322255,196,14
quality_model_current_raw,B8_new,2.8,462,1.3353,2.24038833812,196,14
quality_model_current_raw,B8_new,2.8,463,1.5354,2.21017897045,196,14
quality_model_current_raw,B8_new,2.8,464,1.6984,2.17988266349,196,14
quality_model_current_raw,B8_new,2.8,465,1.9178,2.14945197446,196,14
quality_model_current_raw,B8_new,2.8,466,2.0038,2.13414718131,196,14
quality_model_current_raw,B8_new,2.8,467,2.1237,2.11866137502,196,14
quality_model_current_raw,B8_new,2.8,468,0.5,2.37401535636,196,14
quality_model_current_raw,B8_new,2.8,469,0.5,2.3590347246,196,14
quality_model_current_raw,B8_new,2.8,470,0.5242,2.32905191273,196,14
quality_model_current_raw,B8_new,2.8,471,0.6887,2.29903730673,196,14
quality_model_current_raw,B8_new,2.8,472,0.9232,2.26898629379,196,14
quality_model_current_raw,B8_new,2.8,473,1.1045,2.23889269694,196,14
quality_model_current_raw,B8_new,2.8,474,1.2855,2.20874781251,196,14
quality_model_current_raw,B8_new,2.8,475,1.4788,2.17853844484,196,14
quality_model_current_raw,B8_new,2.8,476,1.6576,2.14824213788,196,14
quality_model_current_raw,B8_new,2.8,477,1.8775,2.11781144886,196,14
quality_model_current_raw,B8_new,2.8,478,1.8822,2.1025066557,196,14
quality_model_current_raw,B8_new,2.8,479,2.0839,2.08702084942,196,14
source_intercept_control,B8_new,2.8,400,0.5,1.8867588972,196,14
source_intercept_control,B8_new,2.8,401,0.5,1.87177826543,196,14
source_intercept_control,B8_new,2.8,402,0.6798,1.84179545356,196,14
source_intercept_control,B8_new,2.8,403,0.9253,1.81178084756,196,14
source_intercept_control,B8_new,2.8,404,1.2039,1.78172983463,196,14
source_intercept_control,B8_new,2.8,405,1.4628,1.75163623777,196,14
source_intercept_control,B8_new,2.8,406,1.7229,1.72149135335,196,14
source_intercept_control,B8_new,2.8,407,2.0084,1.69128198567,196,14
source_intercept_control,B8_new,2.8,408,2.2056,1.66098567872,196,14
source_intercept_control,B8_new,2.8,409,2.4428,1.63055498969,196,14
source_intercept_control,B8_new,2.8,410,2.6201,1.61525019654,196,14
source_intercept_control,B8_new,2.8,411,2.721,1.59976439025,196,14
source_intercept_control,B8_new,2.8,412,0.5,1.74736246502,196,14
source_intercept_control,B8_new,2.8,413,2.4203,1.47585376436,196,14
source_intercept_control,B8_new,2.8,414,0.5,1.63254711705,196,14
source_intercept_control,B8_new,2.8,415,0.5,1.61756648528,196,14
source_intercept_control,B8_new,2.8,416,0.623,1.58758367341,196,14
source_intercept_control,B8_new,2.8,417,0.8308,1.55756906741,196,14
source_intercept_control,B8_new,2.8,418,1.0678,1.52751805447,196,14
source_intercept_control,B8_new,2.8,419,1.2966,1.49742445762,196,14
source_intercept_control,B8_new,2.8,420,1.5279,1.4672795732,196,14
source_intercept_control,B8_new,2.8,421,1.7488,1.43707020552,196,14
source_intercept_control,B8_new,2.8,422,2.0341,1.40677389856,196,14
source_intercept_control,B8_new,2.8,423,2.2362,1.37634320954,196,14
source_intercept_control,B8_new,2.8,424,2.3457,1.36103841638,196,14
source_intercept_control,B8_new,2.8,425,2.5073,1.3455526101,196,14
source_intercept_control,B8_new,2.8,426,0.5,1.51123527609,196,14
source_intercept_control,B8_new,2.8,427,2.253,1.23972657543,196,14
source_intercept_control,B8_new,2.8,428,0.5,1.4380584566,196,14
source_intercept_control,B8_new,2.8,429,0.5,1.42307782484,196,14
source_intercept_control,B8_new,2.8,430,0.5671,1.39309501297,196,14
source_intercept_control,B8_new,2.8,431,0.7708,1.36308040696,196,14
source_intercept_control,B8_new,2.8,432,0.9718,1.33302939403,196,14
source_intercept_control,B8_new,2.8,433,1.1999,1.30293579718,196,14
source_intercept_control,B8_new,2.8,434,1.4075,1.27279091275,196,14
source_intercept_control,B8_new,2.8,435,1.6363,1.24258154508,196,14
source_intercept_control,B8_new,2.8,436,1.8765,1.21228523812,196,14
source_intercept_control,B8_new,2.8,437,2.0444,1.18185454909,196,14
source_intercept_control,B8_new,2.8,438,2.1982,1.16654975594,196,14
source_intercept_control,B8_new,2.8,439,2.2588,1.15106394965,196,14
source_intercept_control,B8_new,2.8,440,0.5,1.40139057228,196,14
source_intercept_control,B8_new,2.8,441,2.1192,1.12988187162,196,14
source_intercept_control,B8_new,2.8,442,0.5,1.34758370273,196,14
source_intercept_control,B8_new,2.8,443,2.0528,1.07607500206,196,14
source_intercept_control,B8_new,2.8,444,0.5,1.31410236668,196,14
source_intercept_control,B8_new,2.8,445,0.5,1.29912173492,196,14
source_intercept_control,B8_new,2.8,446,0.5387,1.26913892305,196,14
source_intercept_control,B8_new,2.8,447,0.7277,1.23912431704,196,14
source_intercept_control,B8_new,2.8,448,0.9045,1.20907330411,196,14
source_intercept_control,B8_new,2.8,449,1.16,1.17897970726,196,14
source_intercept_control,B8_new,2.8,450,1.3308,1.14883482283,196,14
source_intercept_control,B8_new,2.8,451,1.5099,1.11862545516,196,14
source_intercept_control,B8_new,2.8,452,1.7571,1.0883291482,196,14
source_intercept_control,B8_new,2.8,453,1.9167,1.05789845917,196,14
source_intercept_control,B8_new,2.8,454,2.0846,1.04259366602,196,14
source_intercept_control,B8_new,2.8,455,2.1517,1.02710785973,196,14
source_intercept_control,B8_new,2.8,456,0.5,1.27568784755,196,14
source_intercept_control,B8_new,2.8,457,0.5,1.26070721578,196,14
source_intercept_control,B8_new,2.8,458,0.519,1.23072440391,196,14
source_intercept_control,B8_new,2.8,459,0.7239,1.20070979791,196,14
source_intercept_control,B8_new,2.8,460,0.8987,1.17065878497,196,14
source_intercept_control,B8_new,2.8,461,1.1398,1.14056518812,196,14
source_intercept_control,B8_new,2.8,462,1.3353,1.1104203037,196,14
source_intercept_control,B8_new,2.8,463,1.5354,1.08021093602,196,14
source_intercept_control,B8_new,2.8,464,1.6984,1.04991462907,196,14
source_intercept_control,B8_new,2.8,465,1.9178,1.01948394004,196,14
source_intercept_control,B8_new,2.8,466,2.0038,1.00417914689,196,14
source_intercept_control,B8_new,2.8,467,2.1237,0.9886933406,196,14
source_intercept_control,B8_new,2.8,468,0.5,1.24404732194,196,14
source_intercept_control,B8_new,2.8,469,0.5,1.22906669018,196,14
source_intercept_control,B8_new,2.8,470,0.5242,1.19908387831,196,14
source_intercept_control,B8_new,2.8,471,0.6887,1.1690692723,196,14
source_intercept_control,B8_new,2.8,472,0.9232,1.13901825937,196,14
source_intercept_control,B8_new,2.8,473,1.1045,1.10892466252,196,14
source_intercept_control,B8_new,2.8,474,1.2855,1.07877977809,196,14
source_intercept_control,B8_new,2.8,475,1.4788,1.04857041042,196,14
source_intercept_control,B8_new,2.8,476,1.6576,1.01827410346,196,14
source_intercept_control,B8_new,2.8,477,1.8775,0.98784341443,196,14
source_intercept_control,B8_new,2.8,478,1.8822,0.972538621278,196,14
source_intercept_control,B8_new,2.8,479,2.0839,0.957052814993,196,14
source_quality_interaction_new,B8_new,2.8,400,0.5,0.40905822228,196,14
source_quality_interaction_new,B8_new,2.8,401,0.5,0.529407248468,196,14
source_quality_interaction_new,B8_new,2.8,402,0.6798,0.770083752498,196,14
source_quality_interaction_new,B8_new,2.8,403,0.9253,1.0107284624,196,14
source_quality_interaction_new,B8_new,2.8,404,1.2039,1.25133676536,196,14
source_quality_interaction_new,B8_new,2.8,405,1.4628,1.49190248441,196,14
source_quality_interaction_new,B8_new,2.8,406,1.7229,1.73241691589,196,14
source_quality_interaction_new,B8_new,2.8,407,2.0084,1.97286686412,196,14
source_quality_interaction_new,B8_new,2.8,408,2.2056,2.21322987306,196,14
source_quality_interaction_new,B8_new,2.8,409,2.4428,2.45345849994,196,14
source_quality_interaction_new,B8_new,2.8,410,2.6201,2.57348336473,196,14
source_quality_interaction_new,B8_new,2.8,411,2.721,2.6933272164,196,14
source_quality_interaction_new,B8_new,2.8,412,0.5,0.355051150423,196,14
source_quality_interaction_new,B8_new,2.8,413,2.4203,2.43871697846,196,14
source_quality_interaction_new,B8_new,2.8,414,0.5,0.325625162762,196,14
source_quality_interaction_new,B8_new,2.8,415,0.5,0.437000931792,196,14
source_quality_interaction_new,B8_new,2.8,416,0.623,0.659730921507,196,14
source_quality_interaction_new,B8_new,2.8,417,0.8308,0.882429117089,196,14
source_quality_interaction_new,B8_new,2.8,418,1.0678,1.10509090574,196,14
source_quality_interaction_new,B8_new,2.8,419,1.2966,1.32771011048,196,14
source_quality_interaction_new,B8_new,2.8,420,1.5279,1.55027802764,196,14
source_quality_interaction_new,B8_new,2.8,421,1.7488,1.77278146155,196,14
source_quality_interaction_new,B8_new,2.8,422,2.0341,1.99519795618,196,14
source_quality_interaction_new,B8_new,2.8,423,2.2362,2.21748006874,196,14
source_quality_interaction_new,B8_new,2.8,424,2.3457,2.32853167638,196,14
source_quality_interaction_new,B8_new,2.8,425,2.5073,2.43940227089,196,14
source_quality_interaction_new,B8_new,2.8,426,0.5,0.317191916218,196,14
source_quality_interaction_new,B8_new,2.8,427,2.253,2.21334042318,196,14
source_quality_interaction_new,B8_new,2.8,428,0.5,0.329404457044,196,14
source_quality_interaction_new,B8_new,2.8,429,0.5,0.430362597125,196,14
source_quality_interaction_new,B8_new,2.8,430,0.5671,0.632257328944,196,14
source_quality_interaction_new,B8_new,2.8,431,0.7708,0.834120266628,196,14
source_quality_interaction_new,B8_new,2.8,432,0.9718,1.03594679738,196,14
source_quality_interaction_new,B8_new,2.8,433,1.1999,1.23773074422,196,14
source_quality_interaction_new,B8_new,2.8,434,1.4075,1.43946340349,196,14
source_quality_interaction_new,B8_new,2.8,435,1.6363,1.6411315795,196,14
source_quality_interaction_new,B8_new,2.8,436,1.8765,1.84271281623,196,14
source_quality_interaction_new,B8_new,2.8,437,2.0444,2.04415967089,196,14
source_quality_interaction_new,B8_new,2.8,438,2.1982,2.14479364959,196,14
source_quality_interaction_new,B8_new,2.8,439,2.2588,2.24524661515,196,14
source_quality_interaction_new,B8_new,2.8,440,0.5,0.342686146467,196,14
source_quality_interaction_new,B8_new,2.8,441,2.1192,2.11083416849,196,14
source_quality_interaction_new,B8_new,2.8,442,0.5,0.374268637232,196,14
source_quality_interaction_new,B8_new,2.8,443,2.0528,2.06165734484,196,14
source_quality_interaction_new,B8_new,2.8,444,0.5,0.403716321848,196,14
source_quality_interaction_new,B8_new,2.8,445,0.5,0.494256832981,196,14
source_quality_interaction_new,B8_new,2.8,446,0.5387,0.675316306902,196,14
source_quality_interaction_new,B8_new,2.8,447,0.7277,0.856343986689,196,14
source_quality_interaction_new,B8_new,2.8,448,0.9045,1.03733525955,196,14
source_quality_interaction_new,B8_new,2.8,449,1.16,1.21828394849,196,14
source_quality_interaction_new,B8_new,2.8,450,1.3308,1.39918134986,196,14
source_quality_interaction_new,B8_new,2.8,451,1.5099,1.58001426797,196,14
source_quality_interaction_new,B8_new,2.8,452,1.7571,1.76076024681,196,14
source_quality_interaction_new,B8_new,2.8,453,1.9167,1.94137184357,196,14
source_quality_interaction_new,B8_new,2.8,454,2.0846,2.03158819332,196,14
source_quality_interaction_new,B8_new,2.8,455,2.1517,2.12162352993,196,14
source_quality_interaction_new,B8_new,2.8,456,0.5,0.450691163032,196,14
source_quality_interaction_new,B8_new,2.8,457,0.5,0.536745045586,196,14
source_quality_interaction_new,B8_new,2.8,458,0.519,0.708831262349,196,14
source_quality_interaction_new,B8_new,2.8,459,0.7239,0.880885684979,196,14
source_quality_interaction_new,B8_new,2.8,460,0.8987,1.05290370068,196,14
source_quality_interaction_new,B8_new,2.8,461,1.1398,1.22487913246,196,14
source_quality_interaction_new,B8_new,2.8,462,1.3353,1.39680327667,196,14
source_quality_interaction_new,B8_new,2.8,463,1.5354,1.56866293763,196,14
source_quality_interaction_new,B8_new,2.8,464,1.6984,1.74043565931,196,14
source_quality_interaction_new,B8_new,2.8,465,1.9178,1.91207399892,196,14
source_quality_interaction_new,B8_new,2.8,466,2.0038,1.99780372008,196,14
source_quality_interaction_new,B8_new,2.8,467,2.1237,2.08335242811,196,14
source_quality_interaction_new,B8_new,2.8,468,0.5,0.504439997743,196,14
source_quality_interaction_new,B8_new,2.8,469,0.5,0.586007251717,196,14
source_quality_interaction_new,B8_new,2.8,470,0.5242,0.749120211323,196,14
source_quality_interaction_new,B8_new,2.8,471,0.6887,0.912201376795,196,14
source_quality_interaction_new,B8_new,2.8,472,0.9232,1.07524613534,196,14
source_quality_interaction_new,B8_new,2.8,473,1.1045,1.23824830996,196,14
source_quality_interaction_new,B8_new,2.8,474,1.2855,1.40119919701,196,14
source_quality_interaction_new,B8_new,2.8,475,1.4788,1.56408560082,196,14
source_quality_interaction_new,B8_new,2.8,476,1.6576,1.72688506534,196,14
source_quality_interaction_new,B8_new,2.8,477,1.8775,1.88955014779,196,14
source_quality_interaction_new,B8_new,2.8,478,1.8822,1.97079324037,196,14
source_quality_interaction_new,B8_new,2.8,479,2.0839,2.05185531982,196,14
quality_model_current_raw,B8_new,4,480,0.5,2.97212223216,196,14
quality_model_current_raw,B8_new,4,481,0.5,2.95798303614,196,14
quality_model_current_raw,B8_new,4,482,0.6084,2.9296843061,196,14
quality_model_current_raw,B8_new,4,483,0.8843,2.90135556774,196,14
quality_model_current_raw,B8_new,4,484,1.1447,2.87299246737,196,14
quality_model_current_raw,B8_new,4,485,1.3943,2.84458917494,196,14
quality_model_current_raw,B8_new,4,486,1.6246,2.81613747567,196,14
quality_model_current_raw,B8_new,4,487,1.9244,2.78762491506,196,14
quality_model_current_raw,B8_new,4,488,2.1965,2.7590302984,196,14
quality_model_current_raw,B8_new,4,489,2.4512,2.73030884767,196,14
quality_model_current_raw,B8_new,4,490,2.5824,2.71586369784,196,14
quality_model_current_raw,B8_new,4,491,2.6973,2.70124770206,196,14
quality_model_current_raw,B8_new,4,492,0.5,2.83272579999,196,14
quality_model_current_raw,B8_new,4,493,2.4433,2.57646726566,196,14
quality_model_current_raw,B8_new,4,494,0.5,2.71791045201,196,14
quality_model_current_raw,B8_new,4,495,0.5,2.70377125599,196,14
quality_model_current_raw,B8_new,4,496,0.5655,2.67547252595,196,14
quality_model_current_raw,B8_new,4,497,0.8094,2.64714378759,196,14
quality_model_current_raw,B8_new,4,498,1.0284,2.61878068721,196,14
quality_model_current_raw,B8_new,4,499,1.2902,2.59037739479,196,14
quality_model_current_raw,B8_new,4,500,1.5025,2.56192569552,196,14
quality_model_current_raw,B8_new,4,501,1.7203,2.53341313491,196,14
quality_model_current_raw,B8_new,4,502,1.9253,2.50481851825,196,14
quality_model_current_raw,B8_new,4,503,2.2398,2.47609706752,196,14
quality_model_current_raw,B8_new,4,504,2.2806,2.46165191769,196,14
quality_model_current_raw,B8_new,4,505,2.4139,2.44703592191,196,14
quality_model_current_raw,B8_new,4,506,0.5,2.59659861106,196,14
quality_model_current_raw,B8_new,4,507,2.2424,2.34034007673,196,14
quality_model_current_raw,B8_new,4,508,0.5,2.52342179156,196,14
quality_model_current_raw,B8_new,4,509,0.5,2.50928259555,196,14
quality_model_current_raw,B8_new,4,510,0.5116,2.4809838655,196,14
quality_model_current_raw,B8_new,4,511,0.722,2.45265512714,196,14
quality_model_current_raw,B8_new,4,512,0.9435,2.42429202677,196,14
quality_model_current_raw,B8_new,4,513,1.1487,2.39588873434,196,14
quality_model_current_raw,B8_new,4,514,1.3727,2.36743703507,196,14
quality_model_current_raw,B8_new,4,515,1.6045,2.33892447447,196,14
quality_model_current_raw,B8_new,4,516,1.8522,2.3103298578,196,14
quality_model_current_raw,B8_new,4,517,2.1002,2.28160840707,196,14
quality_model_current_raw,B8_new,4,518,2.1195,2.26716325724,196,14
quality_model_current_raw,B8_new,4,519,2.2786,2.25254726147,196,14
quality_model_current_raw,B8_new,4,520,0.5,2.48675390724,196,14
quality_model_current_raw,B8_new,4,521,2.1044,2.23049537292,196,14
quality_model_current_raw,B8_new,4,522,0.5,2.43294703769,196,14
quality_model_current_raw,B8_new,4,523,2.0785,2.17668850337,196,14
quality_model_current_raw,B8_new,4,524,0.5,2.39946570164,196,14
quality_model_current_raw,B8_new,4,525,0.5,2.38532650563,196,14
quality_model_current_raw,B8_new,4,526,0.5,2.35702777558,196,14
quality_model_current_raw,B8_new,4,527,0.6833,2.32869903722,196,14
quality_model_current_raw,B8_new,4,528,0.888,2.30033593685,196,14
quality_model_current_raw,B8_new,4,529,1.0678,2.27193264442,196,14
quality_model_current_raw,B8_new,4,530,1.2876,2.24348094515,196,14
quality_model_current_raw,B8_new,4,531,1.5155,2.21496838455,196,14
quality_model_current_raw,B8_new,4,532,1.7157,2.18637376788,196,14
quality_model_current_raw,B8_new,4,533,1.9644,2.15765231715,196,14
quality_model_current_raw,B8_new,4,534,1.9848,2.14320716732,196,14
quality_model_current_raw,B8_new,4,535,2.1365,2.12859117155,196,14
quality_model_current_raw,B8_new,4,536,0.5,2.36105118251,196,14
quality_model_current_raw,B8_new,4,537,0.5,2.34691198649,196,14
quality_model_current_raw,B8_new,4,538,0.5,2.31861325645,196,14
quality_model_current_raw,B8_new,4,539,0.6866,2.29028451809,196,14
quality_model_current_raw,B8_new,4,540,0.8604,2.26192141772,196,14
quality_model_current_raw,B8_new,4,541,1.1039,2.23351812529,196,14
quality_model_current_raw,B8_new,4,542,1.2945,2.20506642602,196,14
quality_model_current_raw,B8_new,4,543,1.4835,2.17655386541,196,14
quality_model_current_raw,B8_new,4,544,1.7176,2.14795924875,196,14
quality_model_current_raw,B8_new,4,545,1.8943,2.11923779802,196,14
quality_model_current_raw,B8_new,4,546,1.9293,2.10479264819,196,14
quality_model_current_raw,B8_new,4,547,2.1308,2.09017665241,196,14
quality_model_current_raw,B8_new,4,548,0.5,2.3294106569,196,14
quality_model_current_raw,B8_new,4,549,0.5,2.31527146089,196,14
quality_model_current_raw,B8_new,4,550,0.5,2.28697273084,196,14
quality_model_current_raw,B8_new,4,551,0.642,2.25864399248,196,14
quality_model_current_raw,B8_new,4,552,0.8502,2.23028089211,196,14
quality_model_current_raw,B8_new,4,553,1.0844,2.20187759968,196,14
quality_model_current_raw,B8_new,4,554,1.281,2.17342590041,196,14
quality_model_current_raw,B8_new,4,555,1.4643,2.14491333981,196,14
quality_model_current_raw,B8_new,4,556,1.6704,2.11631872314,196,14
quality_model_current_raw,B8_new,4,557,1.8145,2.08759727241,196,14
quality_model_current_raw,B8_new,4,558,1.9664,2.07315212258,196,14
quality_model_current_raw,B8_new,4,559,2.0978,2.05853612681,196,14
source_intercept_control,B8_new,4,480,0.5,1.8411510423,196,14
source_intercept_control,B8_new,4,481,0.5,1.82701184628,196,14
source_intercept_control,B8_new,4,482,0.6084,1.79871311624,196,14
source_intercept_control,B8_new,4,483,0.8843,1.77038437788,196,14
source_intercept_control,B8_new,4,484,1.1447,1.74202127751,196,14
source_intercept_control,B8_new,4,485,1.3943,1.71361798508,196,14
source_intercept_control,B8_new,4,486,1.6246,1.68516628581,196,14
source_intercept_control,B8_new,4,487,1.9244,1.6566537252,196,14
source_intercept_control,B8_new,4,488,2.1965,1.62805910854,196,14
source_intercept_control,B8_new,4,489,2.4512,1.59933765781,196,14
source_intercept_control,B8_new,4,490,2.5824,1.58489250798,196,14
source_intercept_control,B8_new,4,491,2.6973,1.57027651221,196,14
source_intercept_control,B8_new,4,492,0.5,1.70175461013,196,14
source_intercept_control,B8_new,4,493,2.4433,1.4454960758,196,14
source_intercept_control,B8_new,4,494,0.5,1.58693926215,196,14
source_intercept_control,B8_new,4,495,0.5,1.57280006613,196,14
source_intercept_control,B8_new,4,496,0.5655,1.54450133609,196,14
source_intercept_control,B8_new,4,497,0.8094,1.51617259773,196,14
source_intercept_control,B8_new,4,498,1.0284,1.48780949735,196,14
source_intercept_control,B8_new,4,499,1.2902,1.45940620493,196,14
source_intercept_control,B8_new,4,500,1.5025,1.43095450566,196,14
source_intercept_control,B8_new,4,501,1.7203,1.40244194505,196,14
source_intercept_control,B8_new,4,502,1.9253,1.37384732839,196,14
source_intercept_control,B8_new,4,503,2.2398,1.34512587766,196,14
source_intercept_control,B8_new,4,504,2.2806,1.33068072783,196,14
source_intercept_control,B8_new,4,505,2.4139,1.31606473205,196,14
source_intercept_control,B8_new,4,506,0.5,1.4656274212,196,14
source_intercept_control,B8_new,4,507,2.2424,1.20936888687,196,14
source_intercept_control,B8_new,4,508,0.5,1.3924506017,196,14
source_intercept_control,B8_new,4,509,0.5,1.37831140569,196,14
source_intercept_control,B8_new,4,510,0.5116,1.35001267564,196,14
source_intercept_control,B8_new,4,511,0.722,1.32168393728,196,14
source_intercept_control,B8_new,4,512,0.9435,1.29332083691,196,14
source_intercept_control,B8_new,4,513,1.1487,1.26491754448,196,14
source_intercept_control,B8_new,4,514,1.3727,1.23646584521,196,14
source_intercept_control,B8_new,4,515,1.6045,1.20795328461,196,14
source_intercept_control,B8_new,4,516,1.8522,1.17935866794,196,14
source_intercept_control,B8_new,4,517,2.1002,1.15063721721,196,14
source_intercept_control,B8_new,4,518,2.1195,1.13619206738,196,14
source_intercept_control,B8_new,4,519,2.2786,1.12157607161,196,14
source_intercept_control,B8_new,4,520,0.5,1.35578271738,196,14
source_intercept_control,B8_new,4,521,2.1044,1.09952418306,196,14
source_intercept_control,B8_new,4,522,0.5,1.30197584783,196,14
source_intercept_control,B8_new,4,523,2.0785,1.04571731351,196,14
source_intercept_control,B8_new,4,524,0.5,1.26849451178,196,14
source_intercept_control,B8_new,4,525,0.5,1.25435531577,196,14
source_intercept_control,B8_new,4,526,0.5,1.22605658572,196,14
source_intercept_control,B8_new,4,527,0.6833,1.19772784736,196,14
source_intercept_control,B8_new,4,528,0.888,1.16936474699,196,14
source_intercept_control,B8_new,4,529,1.0678,1.14096145456,196,14
source_intercept_control,B8_new,4,530,1.2876,1.11250975529,196,14
source_intercept_control,B8_new,4,531,1.5155,1.08399719469,196,14
source_intercept_control,B8_new,4,532,1.7157,1.05540257802,196,14
source_intercept_control,B8_new,4,533,1.9644,1.02668112729,196,14
source_intercept_control,B8_new,4,534,1.9848,1.01223597746,196,14
source_intercept_control,B8_new,4,535,2.1365,0.997619981688,196,14
source_intercept_control,B8_new,4,536,0.5,1.23007999265,196,14
source_intercept_control,B8_new,4,537,0.5,1.21594079663,196,14
source_intercept_control,B8_new,4,538,0.5,1.18764206659,196,14
source_intercept_control,B8_new,4,539,0.6866,1.15931332823,196,14
source_intercept_control,B8_new,4,540,0.8604,1.13095022786,196,14
source_intercept_control,B8_new,4,541,1.1039,1.10254693543,196,14
source_intercept_control,B8_new,4,542,1.2945,1.07409523616,196,14
source_intercept_control,B8_new,4,543,1.4835,1.04558267555,196,14
source_intercept_control,B8_new,4,544,1.7176,1.01698805889,196,14
source_intercept_control,B8_new,4,545,1.8943,0.988266608158,196,14
source_intercept_control,B8_new,4,546,1.9293,0.973821458328,196,14
source_intercept_control,B8_new,4,547,2.1308,0.959205462554,196,14
source_intercept_control,B8_new,4,548,0.5,1.19843946704,196,14
source_intercept_control,B8_new,4,549,0.5,1.18430027103,196,14
source_intercept_control,B8_new,4,550,0.5,1.15600154098,196,14
source_intercept_control,B8_new,4,551,0.642,1.12767280262,196,14
source_intercept_control,B8_new,4,552,0.8502,1.09930970225,196,14
source_intercept_control,B8_new,4,553,1.0844,1.07090640982,196,14
source_intercept_control,B8_new,4,554,1.281,1.04245471055,196,14
source_intercept_control,B8_new,4,555,1.4643,1.01394214995,196,14
source_intercept_control,B8_new,4,556,1.6704,0.985347533282,196,14
source_intercept_control,B8_new,4,557,1.8145,0.956626082552,196,14
source_intercept_control,B8_new,4,558,1.9664,0.942180932721,196,14
source_intercept_control,B8_new,4,559,2.0978,0.927564936947,196,14
source_quality_interaction_new,B8_new,4,480,0.5,0.3797404521,196,14
source_quality_interaction_new,B8_new,4,481,0.5,0.499456696311,196,14
source_quality_interaction_new,B8_new,4,482,0.6084,0.738868846723,196,14
source_quality_interaction_new,B8_new,4,483,0.8843,0.978250988821,196,14
source_quality_interaction_new,B8_new,4,484,1.1447,1.2175987689,196,14
source_quality_interaction_new,B8_new,4,485,1.3943,1.45690635693,196,14
source_quality_interaction_new,B8_new,4,486,1.6246,1.69616553812,196,14
source_quality_interaction_new,B8_new,4,487,1.9244,1.93536385797,196,14
source_quality_interaction_new,B8_new,4,488,2.1965,2.17448012176,196,14
source_quality_interaction_new,B8_new,4,489,2.4512,2.41346955149,196,14
source_quality_interaction_new,B8_new,4,490,2.5824,2.53287984189,196,14
source_quality_interaction_new,B8_new,4,491,2.6973,2.65211928634,196,14
source_quality_interaction_new,B8_new,4,492,0.5,0.325738153073,196,14
source_quality_interaction_new,B8_new,4,493,2.4433,2.39809898543,196,14
source_quality_interaction_new,B8_new,4,494,0.5,0.296316938243,196,14
source_quality_interaction_new,B8_new,4,495,0.5,0.407057787184,196,14
source_quality_interaction_new,B8_new,4,496,0.5655,0.628519147055,196,14
source_quality_interaction_new,B8_new,4,497,0.8094,0.849950498613,196,14
source_quality_interaction_new,B8_new,4,498,1.0284,1.07134748816,196,14
source_quality_interaction_new,B8_new,4,499,1.2902,1.29270428564,196,14
source_quality_interaction_new,B8_new,4,500,1.5025,1.51401267629,196,14
source_quality_interaction_new,B8_new,4,501,1.7203,1.7352602056,196,14
source_quality_interaction_new,B8_new,4,502,1.9253,1.95642567885,196,14
source_quality_interaction_new,B8_new,4,503,2.2398,2.17746431804,196,14
source_quality_interaction_new,B8_new,4,504,2.2806,2.28789921317,196,14
source_quality_interaction_new,B8_new,4,505,2.4139,2.39816326235,196,14
source_quality_interaction_new,B8_new,4,506,0.5,0.287890001037,196,14
source_quality_interaction_new,B8_new,4,507,2.2424,2.17268883143,196,14
source_quality_interaction_new,B8_new,4,508,0.5,0.300107314694,196,14
source_quality_interaction_new,B8_new,4,509,0.5,0.400428052415,196,14
source_quality_interaction_new,B8_new,4,510,0.5116,0.601049189845,196,14
source_quality_interaction_new,B8_new,4,511,0.722,0.801640318962,196,14
source_quality_interaction_new,B8_new,4,512,0.9435,1.00219708606,196,14
source_quality_interaction_new,B8_new,4,513,1.1487,1.20271366111,196,14
source_quality_interaction_new,B8_new,4,514,1.3727,1.40318182932,196,14
source_quality_interaction_new,B8_new,4,515,1.6045,1.60358913619,196,14
source_quality_interaction_new,B8_new,4,516,1.8522,1.803914387,196,14
source_quality_interaction_new,B8_new,4,517,2.1002,2.00411280374,196,14
source_quality_interaction_new,B8_new,4,518,2.1195,2.10412758765,196,14
source_quality_interaction_new,B8_new,4,519,2.2786,2.20397152561,196,14
source_quality_interaction_new,B8_new,4,520,0.5,0.313391796043,196,14
source_quality_interaction_new,B8_new,4,521,2.1044,2.07015964204,196,14
source_quality_interaction_new,B8_new,4,522,0.5,0.344979059639,196,14
source_quality_interaction_new,B8_new,4,523,2.0785,2.0209683482,196,14
source_quality_interaction_new,B8_new,4,524,0.5,0.374430261667,196,14
source_quality_interaction_new,B8_new,4,525,0.5,0.464330888167,196,14
source_quality_interaction_new,B8_new,4,526,0.5,0.644111803157,196,14
source_quality_interaction_new,B8_new,4,527,0.6833,0.823862709833,196,14
source_quality_interaction_new,B8_new,4,528,0.888,1.00357925449,196,14
source_quality_interaction_new,B8_new,4,529,1.0678,1.1832556071,196,14
source_quality_interaction_new,B8_new,4,530,1.2876,1.36288355287,196,14
source_quality_interaction_new,B8_new,4,531,1.5155,1.5424506373,196,14
source_quality_interaction_new,B8_new,4,532,1.7157,1.72193566567,196,14
source_quality_interaction_new,B8_new,4,533,1.9644,1.90129385997,196,14
source_quality_interaction_new,B8_new,4,534,1.9848,1.99088853266,196,14
source_quality_interaction_new,B8_new,4,535,2.1365,2.0803123594,196,14
source_quality_interaction_new,B8_new,4,536,0.5,0.421409875681,196,14
source_quality_interaction_new,B8_new,4,537,0.5,0.506822804547,196,14
source_quality_interaction_new,B8_new,4,538,0.5,0.677628324266,196,14
source_quality_interaction_new,B8_new,4,539,0.6866,0.848403835672,196,14
source_quality_interaction_new,B8_new,4,540,0.8604,1.01914498506,196,14
source_quality_interaction_new,B8_new,4,541,1.1039,1.1898459424,196,14
source_quality_interaction_new,B8_new,4,542,1.2945,1.36049849289,196,14
source_quality_interaction_new,B8_new,4,543,1.4835,1.53109018205,196,14
source_quality_interaction_new,B8_new,4,544,1.7176,1.70159981515,196,14
source_quality_interaction_new,B8_new,4,545,1.8943,1.87198261419,196,14
source_quality_interaction_new,B8_new,4,546,1.9293,1.95708958924,196,14
source_quality_interaction_new,B8_new,4,547,2.1308,2.04202571835,196,14
source_quality_interaction_new,B8_new,4,548,0.5,0.475163483222,196,14
source_quality_interaction_new,B8_new,4,549,0.5,0.556088714452,196,14
source_quality_interaction_new,B8_new,4,550,0.5,0.717918838902,196,14
source_quality_interaction_new,B8_new,4,551,0.642,0.879718955038,196,14
source_quality_interaction_new,B8_new,4,552,0.8502,1.04148470916,196,14
source_quality_interaction_new,B8_new,4,553,1.0844,1.20321027123,196,14
source_quality_interaction_new,B8_new,4,554,1.281,1.36488742645,196,14
source_quality_interaction_new,B8_new,4,555,1.4643,1.52650372034,196,14
source_quality_interaction_new,B8_new,4,556,1.6704,1.68803795817,196,14
source_quality_interaction_new,B8_new,4,557,1.8145,1.84944536193,196,14
source_quality_interaction_new,B8_new,4,558,1.9664,1.93006463935,196,14
source_quality_interaction_new,B8_new,4,559,2.0978,2.01051307082,196,14
quality_model_current_raw,B8_new,6.9,560,0.5,2.91182877757,196,14
quality_model_current_raw,B8_new,6.9,561,0.5,2.89888540019,196,14
quality_model_current_raw,B8_new,6.9,562,0.5546,2.87298002751,196,14
quality_model_current_raw,B8_new,6.9,563,0.7947,2.84704718445,196,14
quality_model_current_raw,B8_new,6.9,564,1.0436,2.82108288554,196,14
quality_model_current_raw,B8_new,6.9,565,1.3381,2.79508179381,196,14
quality_model_current_raw,B8_new,6.9,566,1.6422,2.76903638923,196,14
quality_model_current_raw,B8_new,6.9,567,1.8729,2.74293527064,196,14
quality_model_current_raw,B8_new,6.9,568,2.1078,2.71675903586,196,14
quality_model_current_raw,B8_new,6.9,569,2.465,2.69046669398,196,14
quality_model_current_raw,B8_new,6.9,570,2.5263,2.67724323875,196,14
quality_model_current_raw,B8_new,6.9,571,2.633,2.66386338682,196,14
quality_model_current_raw,B8_new,6.9,572,0.5,2.7724323454,196,14
quality_model_current_raw,B8_new,6.9,573,2.3738,2.53784680657,196,14
quality_model_current_raw,B8_new,6.9,574,0.5,2.65761699742,196,14
quality_model_current_raw,B8_new,6.9,575,0.5,2.64467362004,196,14
quality_model_current_raw,B8_new,6.9,576,0.5,2.61876824736,196,14
quality_model_current_raw,B8_new,6.9,577,0.7321,2.5928354043,196,14
quality_model_current_raw,B8_new,6.9,578,0.9636,2.56687110539,196,14
quality_model_current_raw,B8_new,6.9,579,1.2142,2.54087001366,196,14
quality_model_current_raw,B8_new,6.9,580,1.4457,2.51482460907,196,14
quality_model_current_raw,B8_new,6.9,581,1.6657,2.48872349049,196,14
quality_model_current_raw,B8_new,6.9,582,1.9664,2.46254725571,196,14
quality_model_current_raw,B8_new,6.9,583,2.1852,2.43625491383,196,14
quality_model_current_raw,B8_new,6.9,584,2.2902,2.4230314586,196,14
quality_model_current_raw,B8_new,6.9,585,2.4144,2.40965160667,196,14
quality_model_current_raw,B8_new,6.9,586,0.5,2.53630515647,196,14
quality_model_current_raw,B8_new,6.9,587,2.1785,2.30171961764,196,14
quality_model_current_raw,B8_new,6.9,588,0.5,2.46312833698,196,14
quality_model_current_raw,B8_new,6.9,589,0.5,2.4501849596,196,14
quality_model_current_raw,B8_new,6.9,590,0.5,2.42427958691,196,14
quality_model_current_raw,B8_new,6.9,591,0.6647,2.39834674386,196,14
quality_model_current_raw,B8_new,6.9,592,0.882,2.37238244495,196,14
quality_model_current_raw,B8_new,6.9,593,1.1201,2.34638135321,196,14
quality_model_current_raw,B8_new,6.9,594,1.3304,2.32033594863,196,14
quality_model_current_raw,B8_new,6.9,595,1.5242,2.29423483004,196,14
quality_model_current_raw,B8_new,6.9,596,1.818,2.26805859527,196,14
quality_model_current_raw,B8_new,6.9,597,1.9399,2.24176625338,196,14
quality_model_current_raw,B8_new,6.9,598,2.1119,2.22854279815,196,14
quality_model_current_raw,B8_new,6.9,599,2.2368,2.21516294623,196,14
quality_model_current_raw,B8_new,6.9,600,0.5,2.42646045265,196,14
quality_model_current_raw,B8_new,6.9,601,2.0784,2.19187491383,196,14
quality_model_current_raw,B8_new,6.9,602,0.5,2.3726535831,196,14
quality_model_current_raw,B8_new,6.9,603,1.98,2.13806804428,196,14
quality_model_current_raw,B8_new,6.9,604,0.5,2.33917224706,196,14
quality_model_current_raw,B8_new,6.9,605,0.5,2.32622886968,196,14
quality_model_current_raw,B8_new,6.9,606,0.5,2.30032349699,196,14
quality_model_current_raw,B8_new,6.9,607,0.6224,2.27439065394,196,14
quality_model_current_raw,B8_new,6.9,608,0.8513,2.24842635502,196,14
quality_model_current_raw,B8_new,6.9,609,1.0567,2.22242526329,196,14
quality_model_current_raw,B8_new,6.9,610,1.2524,2.19637985871,196,14
quality_model_current_raw,B8_new,6.9,611,1.4759,2.17027874012,196,14
quality_model_current_raw,B8_new,6.9,612,1.6838,2.14410250535,196,14
quality_model_current_raw,B8_new,6.9,613,1.9071,2.11781016346,196,14
quality_model_current_raw,B8_new,6.9,614,1.9975,2.10458670823,196,14
quality_model_current_raw,B8_new,6.9,615,2.1285,2.0912068563,196,14
quality_model_current_raw,B8_new,6.9,616,0.5,2.30075772792,196,14
quality_model_current_raw,B8_new,6.9,617,0.5,2.28781435054,196,14
quality_model_current_raw,B8_new,6.9,618,0.5,2.26190897786,196,14
quality_model_current_raw,B8_new,6.9,619,0.6085,2.2359761348,196,14
quality_model_current_raw,B8_new,6.9,620,0.8559,2.21001183589,196,14
quality_model_current_raw,B8_new,6.9,621,1.0114,2.18401074416,196,14
quality_model_current_raw,B8_new,6.9,622,1.2482,2.15796533958,196,14
quality_model_current_raw,B8_new,6.9,623,1.4349,2.13186422099,196,14
quality_model_current_raw,B8_new,6.9,624,1.6614,2.10568798621,196,14
quality_model_current_raw,B8_new,6.9,625,1.837,2.07939564433,196,14
quality_model_current_raw,B8_new,6.9,626,1.9432,2.0661721891,196,14
quality_model_current_raw,B8_new,6.9,627,2.0548,2.05279233717,196,14
quality_model_current_raw,B8_new,6.9,628,0.5,2.26911720232,196,14
quality_model_current_raw,B8_new,6.9,629,0.5,2.25617382494,196,14
quality_model_current_raw,B8_new,6.9,630,0.5,2.23026845225,196,14
quality_model_current_raw,B8_new,6.9,631,0.6165,2.2043356092,196,14
quality_model_current_raw,B8_new,6.9,632,0.8294,2.17837131028,196,14
quality_model_current_raw,B8_new,6.9,633,1.005,2.15237021855,196,14
quality_model_current_raw,B8_new,6.9,634,1.2332,2.12632481397,196,14
quality_model_current_raw,B8_new,6.9,635,1.4283,2.10022369538,196,14
quality_model_current_raw,B8_new,6.9,636,1.651,2.07404746061,196,14
quality_model_current_raw,B8_new,6.9,637,1.8064,2.04775511872,196,14
quality_model_current_raw,B8_new,6.9,638,1.9399,2.03453166349,196,14
quality_model_current_raw,B8_new,6.9,639,1.9935,2.02115181156,196,14
source_intercept_control,B8_new,6.9,560,0.5,1.78070540492,196,14
source_intercept_control,B8_new,6.9,561,0.5,1.76776202754,196,14
source_intercept_control,B8_new,6.9,562,0.5546,1.74185665486,196,14
source_intercept_control,B8_new,6.9,563,0.7947,1.7159238118,196,14
source_intercept_control,B8_new,6.9,564,1.0436,1.68995951289,196,14
source_intercept_control,B8_new,6.9,565,1.3381,1.66395842116,196,14
source_intercept_control,B8_new,6.9,566,1.6422,1.63791301657,196,14
source_intercept_control,B8_new,6.9,567,1.8729,1.61181189799,196,14
source_intercept_control,B8_new,6.9,568,2.1078,1.58563566321,196,14
source_intercept_control,B8_new,6.9,569,2.465,1.55934332133,196,14
source_intercept_control,B8_new,6.9,570,2.5263,1.5461198661,196,14
source_intercept_control,B8_new,6.9,571,2.633,1.53274001417,196,14
source_intercept_control,B8_new,6.9,572,0.5,1.64130897275,196,14
source_intercept_control,B8_new,6.9,573,2.3738,1.40672343392,196,14
source_intercept_control,B8_new,6.9,574,0.5,1.52649362477,196,14
source_intercept_control,B8_new,6.9,575,0.5,1.51355024739,196,14
source_intercept_control,B8_new,6.9,576,0.5,1.4876448747,196,14
source_intercept_control,B8_new,6.9,577,0.7321,1.46171203165,196,14
source_intercept_control,B8_new,6.9,578,0.9636,1.43574773274,196,14
source_intercept_control,B8_new,6.9,579,1.2142,1.409746641,196,14
source_intercept_control,B8_new,6.9,580,1.4457,1.38370123642,196,14
source_intercept_control,B8_new,6.9,581,1.6657,1.35760011784,196,14
source_intercept_control,B8_new,6.9,582,1.9664,1.33142388306,196,14
source_intercept_control,B8_new,6.9,583,2.1852,1.30513154117,196,14
source_intercept_control,B8_new,6.9,584,2.2902,1.29190808594,196,14
source_intercept_control,B8_new,6.9,585,2.4144,1.27852823402,196,14
source_intercept_control,B8_new,6.9,586,0.5,1.40518178382,196,14
source_intercept_control,B8_new,6.9,587,2.1785,1.17059624499,196,14
source_intercept_control,B8_new,6.9,588,0.5,1.33200496433,196,14
source_intercept_control,B8_new,6.9,589,0.5,1.31906158695,196,14
source_intercept_control,B8_new,6.9,590,0.5,1.29315621426,196,14
source_intercept_control,B8_new,6.9,591,0.6647,1.26722337121,196,14
source_intercept_control,B8_new,6.9,592,0.882,1.24125907229,196,14
source_intercept_control,B8_new,6.9,593,1.1201,1.21525798056,196,14
source_intercept_control,B8_new,6.9,594,1.3304,1.18921257598,196,14
source_intercept_control,B8_new,6.9,595,1.5242,1.16311145739,196,14
source_intercept_control,B8_new,6.9,596,1.818,1.13693522262,196,14
source_intercept_control,B8_new,6.9,597,1.9399,1.11064288073,196,14
source_intercept_control,B8_new,6.9,598,2.1119,1.0974194255,196,14
source_intercept_control,B8_new,6.9,599,2.2368,1.08403957357,196,14
source_intercept_control,B8_new,6.9,600,0.5,1.29533708,196,14
source_intercept_control,B8_new,6.9,601,2.0784,1.06075154118,196,14
source_intercept_control,B8_new,6.9,602,0.5,1.24153021045,196,14
source_intercept_control,B8_new,6.9,603,1.98,1.00694467162,196,14
source_intercept_control,B8_new,6.9,604,0.5,1.2080488744,196,14
source_intercept_control,B8_new,6.9,605,0.5,1.19510549703,196,14
source_intercept_control,B8_new,6.9,606,0.5,1.16920012434,196,14
source_intercept_control,B8_new,6.9,607,0.6224,1.14326728128,196,14
source_intercept_control,B8_new,6.9,608,0.8513,1.11730298237,196,14
source_intercept_control,B8_new,6.9,609,1.0567,1.09130189064,196,14
source_intercept_control,B8_new,6.9,610,1.2524,1.06525648606,196,14
source_intercept_control,B8_new,6.9,611,1.4759,1.03915536747,196,14
source_intercept_control,B8_new,6.9,612,1.6838,1.0129791327,196,14
source_intercept_control,B8_new,6.9,613,1.9071,0.98668679081,196,14
source_intercept_control,B8_new,6.9,614,1.9975,0.973463335578,196,14
source_intercept_control,B8_new,6.9,615,2.1285,0.960083483652,196,14
source_intercept_control,B8_new,6.9,616,0.5,1.16963435527,196,14
source_intercept_control,B8_new,6.9,617,0.5,1.15669097789,196,14
source_intercept_control,B8_new,6.9,618,0.5,1.13078560521,196,14
source_intercept_control,B8_new,6.9,619,0.6085,1.10485276215,196,14
source_intercept_control,B8_new,6.9,620,0.8559,1.07888846324,196,14
source_intercept_control,B8_new,6.9,621,1.0114,1.0528873715,196,14
source_intercept_control,B8_new,6.9,622,1.2482,1.02684196692,196,14
source_intercept_control,B8_new,6.9,623,1.4349,1.00074084834,196,14
source_intercept_control,B8_new,6.9,624,1.6614,0.974564613562,196,14
source_intercept_control,B8_new,6.9,625,1.837,0.948272271677,196,14
source_intercept_control,B8_new,6.9,626,1.9432,0.935048816445,196,14
source_intercept_control,B8_new,6.9,627,2.0548,0.921668964518,196,14
source_intercept_control,B8_new,6.9,628,0.5,1.13799382966,196,14
source_intercept_control,B8_new,6.9,629,0.5,1.12505045228,196,14
source_intercept_control,B8_new,6.9,630,0.5,1.0991450796,196,14
source_intercept_control,B8_new,6.9,631,0.6165,1.07321223654,196,14
source_intercept_control,B8_new,6.9,632,0.8294,1.04724793763,196,14
source_intercept_control,B8_new,6.9,633,1.005,1.0212468459,196,14
source_intercept_control,B8_new,6.9,634,1.2332,0.995201441317,196,14
source_intercept_control,B8_new,6.9,635,1.4283,0.969100322731,196,14
source_intercept_control,B8_new,6.9,636,1.651,0.942924087955,196,14
source_intercept_control,B8_new,6.9,637,1.8064,0.91663174607,196,14
source_intercept_control,B8_new,6.9,638,1.9399,0.903408290838,196,14
source_intercept_control,B8_new,6.9,639,1.9935,0.890028438912,196,14
source_quality_interaction_new,B8_new,6.9,560,0.5,0.343005221675,196,14
source_quality_interaction_new,B8_new,6.9,561,0.5,0.461970341,196,14
source_quality_interaction_new,B8_new,6.9,562,0.5546,0.69988196172,196,14
source_quality_interaction_new,B8_new,6.9,563,0.7947,0.937766112072,196,14
source_quality_interaction_new,B8_new,6.9,564,1.0436,1.17561880657,196,14
source_quality_interaction_new,B8_new,6.9,565,1.3381,1.41343470824,196,14
source_quality_interaction_new,B8_new,6.9,566,1.6422,1.65120629706,196,14
source_quality_interaction_new,B8_new,6.9,567,1.8729,1.88892217188,196,14
source_quality_interaction_new,B8_new,6.9,568,2.1078,2.12656293052,196,14
source_quality_interaction_new,B8_new,6.9,569,2.465,2.36408758204,196,14
source_quality_interaction_new,B8_new,6.9,570,2.5263,2.48277262351,196,14
source_quality_interaction_new,B8_new,6.9,571,2.633,2.60130126829,196,14
source_quality_interaction_new,B8_new,6.9,572,0.5,0.288959643506,196,14
source_quality_interaction_new,B8_new,6.9,573,2.3738,2.34814037659,196,14
source_quality_interaction_new,B8_new,6.9,574,0.5,0.259495149534,196,14
source_quality_interaction_new,B8_new,6.9,575,0.5,0.369506194552,196,14
source_quality_interaction_new,B8_new,6.9,576,0.5,0.589509666661,196,14
source_quality_interaction_new,B8_new,6.9,577,0.7321,0.809485668401,196,14
source_quality_interaction_new,B8_new,6.9,578,0.9636,1.02943021428,196,14
source_quality_interaction_new,B8_new,6.9,579,1.2142,1.24933796734,196,14
source_quality_interaction_new,B8_new,6.9,580,1.4457,1.46920140756,196,14
source_quality_interaction_new,B8_new,6.9,581,1.6657,1.68900913377,196,14
source_quality_interaction_new,B8_new,6.9,582,1.9664,1.90874174379,196,14
source_quality_interaction_new,B8_new,6.9,583,2.1852,2.1283582467,196,14
source_quality_interaction_new,B8_new,6.9,584,2.2902,2.23808921386,196,14
source_quality_interaction_new,B8_new,6.9,585,2.4144,2.34766378433,196,14
source_quality_interaction_new,B8_new,6.9,586,0.5,0.251011000414,196,14
source_quality_interaction_new,B8_new,6.9,587,2.1785,2.12307528324,196,14
source_quality_interaction_new,B8_new,6.9,588,0.5,0.263185034928,196,14
source_quality_interaction_new,B8_new,6.9,589,0.5,0.3628007216,196,14
source_quality_interaction_new,B8_new,6.9,590,0.5,0.562013477014,196,14
source_quality_interaction_new,B8_new,6.9,591,0.6647,0.76119876206,196,14
source_quality_interaction_new,B8_new,6.9,592,0.882,0.960352591248,196,14
source_quality_interaction_new,B8_new,6.9,593,1.1201,1.15946962761,196,14
source_quality_interaction_new,B8_new,6.9,594,1.3304,1.35854235113,196,14
source_quality_interaction_new,B8_new,6.9,595,1.5242,1.55755936065,196,14
source_quality_interaction_new,B8_new,6.9,596,1.818,1.75650125397,196,14
source_quality_interaction_new,B8_new,6.9,597,1.9399,1.95532704019,196,14
source_quality_interaction_new,B8_new,6.9,598,2.1119,2.05466264901,196,14
source_quality_interaction_new,B8_new,6.9,599,2.2368,2.15384186113,196,14
source_quality_interaction_new,B8_new,6.9,600,0.5,0.276444199602,196,14
source_quality_interaction_new,B8_new,6.9,601,2.0784,2.0207816344,196,14
source_quality_interaction_new,B8_new,6.9,602,0.5,0.307988184056,196,14
source_quality_interaction_new,B8_new,6.9,603,1.98,1.9717389501,196,14
source_quality_interaction_new,B8_new,6.9,604,0.5,0.337407490845,196,14
source_quality_interaction_new,B8_new,6.9,605,0.5,0.426627819169,196,14
source_quality_interaction_new,B8_new,6.9,606,0.5,0.605049857889,196,14
source_quality_interaction_new,B8_new,6.9,607,0.6224,0.78344442624,196,14
source_quality_interaction_new,B8_new,6.9,608,0.8513,0.961807538733,196,14
source_quality_interaction_new,B8_new,6.9,609,1.0567,1.14013385841,196,14
source_quality_interaction_new,B8_new,6.9,610,1.2524,1.31841586523,196,14
source_quality_interaction_new,B8_new,6.9,611,1.4759,1.49664215805,196,14
source_quality_interaction_new,B8_new,6.9,612,1.6838,1.67479333468,196,14
source_quality_interaction_new,B8_new,6.9,613,1.9071,1.8528284042,196,14
source_quality_interaction_new,B8_new,6.9,614,1.9975,1.94176865467,196,14
source_quality_interaction_new,B8_new,6.9,615,2.1285,2.03055250845,196,14
source_quality_interaction_new,B8_new,6.9,616,0.5,0.384343825717,196,14
source_quality_interaction_new,B8_new,6.9,617,0.5,0.469087116889,196,14
source_quality_interaction_new,B8_new,6.9,618,0.5,0.638555081302,196,14
source_quality_interaction_new,B8_new,6.9,619,0.6085,0.807995575347,196,14
source_quality_interaction_new,B8_new,6.9,620,0.8559,0.977404613535,196,14
source_quality_interaction_new,B8_new,6.9,621,1.0114,1.1467768589,196,14
source_quality_interaction_new,B8_new,6.9,622,1.2482,1.31610479142,196,14
source_quality_interaction_new,B8_new,6.9,623,1.4349,1.48537700993,196,14
source_quality_interaction_new,B8_new,6.9,624,1.6614,1.65457411226,196,14
source_quality_interaction_new,B8_new,6.9,625,1.837,1.82365510747,196,14
source_quality_interaction_new,B8_new,6.9,626,1.9432,1.90811832079,196,14
source_quality_interaction_new,B8_new,6.9,627,2.0548,1.99242513741,196,14
source_quality_interaction_new,B8_new,6.9,628,0.5,0.438054154116,196,14
source_quality_interaction_new,B8_new,6.9,629,0.5,0.518320408135,196,14
source_quality_interaction_new,B8_new,6.9,630,0.5,0.678834298242,196,14
source_quality_interaction_new,B8_new,6.9,631,0.6165,0.839320717982,196,14
source_quality_interaction_new,B8_new,6.9,632,0.8294,0.999775681863,196,14
source_quality_interaction_new,B8_new,6.9,633,1.005,1.16019385292,196,14
source_quality_interaction_new,B8_new,6.9,634,1.2332,1.32056771114,196,14
source_quality_interaction_new,B8_new,6.9,635,1.4283,1.48088585534,196,14
source_quality_interaction_new,B8_new,6.9,636,1.651,1.64112888336,196,14
source_quality_interaction_new,B8_new,6.9,637,1.8064,1.80125580427,196,14
source_quality_interaction_new,B8_new,6.9,638,1.9399,1.88124198044,196,14
source_quality_interaction_new,B8_new,6.9,639,1.9935,1.96107175991,196,14
quality_model_current_raw,B8_new,12,640,0.5,2.85907588717,176,14
quality_model_current_raw,B8_new,12,641,0.5,2.84724284864,176,14
quality_model_current_raw,B8_new,12,642,0.5,2.82355975078,176,14
quality_model_current_raw,B8_new,12,643,0.7234,2.79985153907,176,14
quality_model_current_raw,B8_new,12,644,1.0113,2.77611456993,176,14
quality_model_current_raw,B8_new,12,645,1.2841,2.75234396421,176,14
quality_model_current_raw,B8_new,12,646,1.5682,2.72853284699,176,14
quality_model_current_raw,B8_new,12,647,1.7793,2.70467079516,176,14
quality_model_current_raw,B8_new,12,648,2.0752,2.68074007093,176,14
quality_model_current_raw,B8_new,12,649,2.3423,2.65670319975,176,14
quality_model_current_raw,B8_new,12,650,2.4625,2.64461410966,176,14
quality_model_current_raw,B8_new,12,651,2.701,2.63238203925,176,14
quality_model_current_raw,B8_new,12,652,0.5,2.719679455,176,14
quality_model_current_raw,B8_new,12,653,0.5,2.70784641647,176,14
quality_model_current_raw,B8_new,12,654,0.5,2.6841633186,176,14
quality_model_current_raw,B8_new,12,655,0.6963,2.6604551069,176,14
quality_model_current_raw,B8_new,12,656,0.9487,2.63671813775,176,14
quality_model_current_raw,B8_new,12,657,1.1986,2.61294753204,176,14
quality_model_current_raw,B8_new,12,658,1.4595,2.58913641482,176,14
quality_model_current_raw,B8_new,12,659,1.7275,2.56527436298,176,14
quality_model_current_raw,B8_new,12,660,1.9842,2.54134363875,176,14
quality_model_current_raw,B8_new,12,661,2.1983,2.51730676758,176,14
quality_model_current_raw,B8_new,12,662,2.3535,2.50521767748,176,14
quality_model_current_raw,B8_new,12,663,2.4582,2.49298560708,176,14
quality_model_current_raw,B8_new,12,664,0.5,2.60486410702,176,14
quality_model_current_raw,B8_new,12,665,0.5,2.59303106849,176,14
quality_model_current_raw,B8_new,12,666,0.5,2.56934797062,176,14
quality_model_current_raw,B8_new,12,667,0.6648,2.54563975892,176,14
quality_model_current_raw,B8_new,12,668,0.9074,2.52190278977,176,14
quality_model_current_raw,B8_new,12,669,1.1529,2.49813218406,176,14
quality_model_current_raw,B8_new,12,670,1.4022,2.47432106684,176,14
quality_model_current_raw,B8_new,12,671,1.6378,2.45045901501,176,14
quality_model_current_raw,B8_new,12,672,1.9488,2.42652829077,176,14
quality_model_current_raw,B8_new,12,673,2.1859,2.4024914196,176,14
quality_model_current_raw,B8_new,12,674,2.2362,2.39040232951,176,14
quality_model_current_raw,B8_new,12,675,2.3472,2.3781702591,176,14
quality_model_current_raw,B8_new,12,676,0.5,2.48355226607,176,14
quality_model_current_raw,B8_new,12,677,0.5,2.47171922754,176,14
quality_model_current_raw,B8_new,12,678,0.5,2.44803612967,176,14
quality_model_current_raw,B8_new,12,679,0.6406,2.42432791797,176,14
quality_model_current_raw,B8_new,12,680,0.8712,2.40059094882,176,14
quality_model_current_raw,B8_new,12,681,1.1272,2.37682034311,176,14
quality_model_current_raw,B8_new,12,682,1.3567,2.35300922589,176,14
quality_model_current_raw,B8_new,12,683,1.542,2.32914717405,176,14
quality_model_current_raw,B8_new,12,684,1.7878,2.30521644982,176,14
quality_model_current_raw,B8_new,12,685,2.0117,2.28117957865,176,14
quality_model_current_raw,B8_new,12,686,2.1497,2.26909048855,176,14
quality_model_current_raw,B8_new,12,687,2.2387,2.25685841815,176,14
quality_model_current_raw,B8_new,12,688,0.5,2.41037544657,176,14
quality_model_current_raw,B8_new,12,689,0.5,2.39854240804,176,14
quality_model_current_raw,B8_new,12,690,0.5,2.37485931018,176,14
quality_model_current_raw,B8_new,12,691,0.6166,2.35115109847,176,14
quality_model_current_raw,B8_new,12,692,0.8496,2.32741412933,176,14
quality_model_current_raw,B8_new,12,693,1.0745,2.30364352361,176,14
quality_model_current_raw,B8_new,12,694,1.3174,2.2798324064,176,14
quality_model_current_raw,B8_new,12,695,1.5083,2.25597035456,176,14
quality_model_current_raw,B8_new,12,696,1.762,2.23203963033,176,14
quality_model_current_raw,B8_new,12,697,1.9734,2.20800275916,176,14
quality_model_current_raw,B8_new,12,698,2.0303,2.19591366906,176,14
quality_model_current_raw,B8_new,12,699,2.2111,2.18368159866,176,14
quality_model_current_raw,B8_new,12,700,0.5,2.37370756225,176,14
quality_model_current_raw,B8_new,12,701,0.5,2.36187452372,176,14
quality_model_current_raw,B8_new,12,702,0.5,2.33819142586,176,14
quality_model_current_raw,B8_new,12,703,0.5971,2.31448321415,176,14
quality_model_current_raw,B8_new,12,704,0.8028,2.29074624501,176,14
quality_model_current_raw,B8_new,12,705,1.04,2.26697563929,176,14
quality_model_current_raw,B8_new,12,706,1.2578,2.24316452207,176,14
quality_model_current_raw,B8_new,12,707,1.4982,2.21930247024,176,14
quality_model_current_raw,B8_new,12,708,1.6931,2.19537174601,176,14
quality_model_current_raw,B8_new,12,709,2.013,2.17133487483,176,14
quality_model_current_raw,B8_new,12,710,2.0249,2.15924578474,176,14
quality_model_current_raw,B8_new,12,711,2.0668,2.14701371433,176,14
quality_model_current_raw,B8_new,12,712,0.5,2.3199006927,176,14
quality_model_current_raw,B8_new,12,713,0.5,2.30806765417,176,14
quality_model_current_raw,B8_new,12,714,0.5,2.2843845563,176,14
quality_model_current_raw,B8_new,12,715,0.5782,2.2606763446,176,14
quality_model_current_raw,B8_new,12,716,0.7936,2.23693937546,176,14
quality_model_current_raw,B8_new,12,717,0.9871,2.21316876974,176,14
quality_model_current_raw,B8_new,12,718,1.2252,2.18935765252,176,14
quality_model_current_raw,B8_new,12,719,1.4255,2.16549560069,176,14
quality_model_current_raw,B8_new,12,720,1.6725,2.14156487645,176,14
quality_model_current_raw,B8_new,12,721,1.8741,2.11752800528,176,14
quality_model_current_raw,B8_new,12,722,1.9887,2.10543891519,176,14
quality_model_current_raw,B8_new,12,723,2.0381,2.09320684478,176,14
quality_model_current_raw,B8_new,12,724,0.5,2.28641935665,176,14
quality_model_current_raw,B8_new,12,725,0.5,2.27458631812,176,14
quality_model_current_raw,B8_new,12,726,0.5,2.25090322026,176,14
quality_model_current_raw,B8_new,12,727,0.558,2.22719500855,176,14
quality_model_current_raw,B8_new,12,728,0.7966,2.20345803941,176,14
quality_model_current_raw,B8_new,12,729,0.9859,2.17968743369,176,14
quality_model_current_raw,B8_new,12,730,1.2293,2.15587631647,176,14
quality_model_current_raw,B8_new,12,731,1.4001,2.13201426464,176,14
quality_model_current_raw,B8_new,12,732,1.6431,2.10808354041,176,14
quality_model_current_raw,B8_new,12,733,1.8108,2.08404666924,176,14
quality_model_current_raw,B8_new,12,734,1.9414,2.07195757914,176,14
quality_model_current_raw,B8_new,12,735,2.0759,2.05972550874,176,14
quality_model_current_raw,B8_new,12,736,0.5,2.24800483752,176,14
quality_model_current_raw,B8_new,12,737,0.5,2.23617179899,176,14
quality_model_current_raw,B8_new,12,738,0.5,2.21248870112,176,14
quality_model_current_raw,B8_new,12,739,0.544,2.18878048942,176,14
quality_model_current_raw,B8_new,12,740,0.7804,2.16504352028,176,14
quality_model_current_raw,B8_new,12,741,0.9814,2.14127291456,176,14
quality_model_current_raw,B8_new,12,742,1.193,2.11746179734,176,14
quality_model_current_raw,B8_new,12,743,1.4183,2.09359974551,176,14
quality_model_current_raw,B8_new,12,744,1.5722,2.06966902128,176,14
quality_model_current_raw,B8_new,12,745,1.826,2.0456321501,176,14
quality_model_current_raw,B8_new,12,746,1.9075,2.03354306001,176,14
quality_model_current_raw,B8_new,12,747,2.0468,2.0213109896,176,14
quality_model_current_raw,B8_new,12,748,0.5,2.21636431191,176,14
quality_model_current_raw,B8_new,12,749,0.5,2.20453127338,176,14
quality_model_current_raw,B8_new,12,750,0.5,2.18084817552,176,14
quality_model_current_raw,B8_new,12,751,0.5484,2.15713996381,176,14
quality_model_current_raw,B8_new,12,752,0.7469,2.13340299467,176,14
quality_model_current_raw,B8_new,12,753,0.9661,2.10963238895,176,14
quality_model_current_raw,B8_new,12,754,1.1885,2.08582127173,176,14
quality_model_current_raw,B8_new,12,755,1.3664,2.0619592199,176,14
quality_model_current_raw,B8_new,12,756,1.6065,2.03802849567,176,14
quality_model_current_raw,B8_new,12,757,1.7583,2.0139916245,176,14
quality_model_current_raw,B8_new,12,758,1.9375,2.0019025344,176,14
quality_model_current_raw,B8_new,12,759,1.9695,1.989670464,176,14
source_intercept_control,B8_new,12,640,0.5,1.72778964799,176,14
source_intercept_control,B8_new,12,641,0.5,1.71595660946,176,14
source_intercept_control,B8_new,12,642,0.5,1.6922735116,176,14
source_intercept_control,B8_new,12,643,0.7234,1.66856529989,176,14
source_intercept_control,B8_new,12,644,1.0113,1.64482833075,176,14
source_intercept_control,B8_new,12,645,1.2841,1.62105772503,176,14
source_intercept_control,B8_new,12,646,1.5682,1.59724660781,176,14
source_intercept_control,B8_new,12,647,1.7793,1.57338455598,176,14
source_intercept_control,B8_new,12,648,2.0752,1.54945383175,176,14
source_intercept_control,B8_new,12,649,2.3423,1.52541696057,176,14
source_intercept_control,B8_new,12,650,2.4625,1.51332787048,176,14
source_intercept_control,B8_new,12,651,2.701,1.50109580007,176,14
source_intercept_control,B8_new,12,652,0.5,1.58839321581,176,14
source_intercept_control,B8_new,12,653,0.5,1.57656017728,176,14
source_intercept_control,B8_new,12,654,0.5,1.55287707942,176,14
source_intercept_control,B8_new,12,655,0.6963,1.52916886772,176,14
source_intercept_control,B8_new,12,656,0.9487,1.50543189857,176,14
source_intercept_control,B8_new,12,657,1.1986,1.48166129286,176,14
source_intercept_control,B8_new,12,658,1.4595,1.45785017564,176,14
source_intercept_control,B8_new,12,659,1.7275,1.4339881238,176,14
source_intercept_control,B8_new,12,660,1.9842,1.41005739957,176,14
source_intercept_control,B8_new,12,661,2.1983,1.3860205284,176,14
source_intercept_control,B8_new,12,662,2.3535,1.3739314383,176,14
source_intercept_control,B8_new,12,663,2.4582,1.3616993679,176,14
source_intercept_control,B8_new,12,664,0.5,1.47357786784,176,14
source_intercept_control,B8_new,12,665,0.5,1.46174482931,176,14
source_intercept_control,B8_new,12,666,0.5,1.43806173144,176,14
source_intercept_control,B8_new,12,667,0.6648,1.41435351974,176,14
source_intercept_control,B8_new,12,668,0.9074,1.39061655059,176,14
source_intercept_control,B8_new,12,669,1.1529,1.36684594488,176,14
source_intercept_control,B8_new,12,670,1.4022,1.34303482766,176,14
source_intercept_control,B8_new,12,671,1.6378,1.31917277583,176,14
source_intercept_control,B8_new,12,672,1.9488,1.29524205159,176,14
source_intercept_control,B8_new,12,673,2.1859,1.27120518042,176,14
source_intercept_control,B8_new,12,674,2.2362,1.25911609033,176,14
source_intercept_control,B8_new,12,675,2.3472,1.24688401992,176,14
source_intercept_control,B8_new,12,676,0.5,1.35226602688,176,14
source_intercept_control,B8_new,12,677,0.5,1.34043298835,176,14
source_intercept_control,B8_new,12,678,0.5,1.31674989049,176,14
source_intercept_control,B8_new,12,679,0.6406,1.29304167879,176,14
source_intercept_control,B8_new,12,680,0.8712,1.26930470964,176,14
source_intercept_control,B8_new,12,681,1.1272,1.24553410392,176,14
source_intercept_control,B8_new,12,682,1.3567,1.22172298671,176,14
source_intercept_control,B8_new,12,683,1.542,1.19786093487,176,14
source_intercept_control,B8_new,12,684,1.7878,1.17393021064,176,14
source_intercept_control,B8_new,12,685,2.0117,1.14989333947,176,14
source_intercept_control,B8_new,12,686,2.1497,1.13780424937,176,14
source_intercept_control,B8_new,12,687,2.2387,1.12557217897,176,14
source_intercept_control,B8_new,12,688,0.5,1.27908920739,176,14
source_intercept_control,B8_new,12,689,0.5,1.26725616886,176,14
source_intercept_control,B8_new,12,690,0.5,1.243573071,176,14
source_intercept_control,B8_new,12,691,0.6166,1.21986485929,176,14
source_intercept_control,B8_new,12,692,0.8496,1.19612789015,176,14
source_intercept_control,B8_new,12,693,1.0745,1.17235728443,176,14
source_intercept_control,B8_new,12,694,1.3174,1.14854616722,176,14
source_intercept_control,B8_new,12,695,1.5083,1.12468411538,176,14
source_intercept_control,B8_new,12,696,1.762,1.10075339115,176,14
source_intercept_control,B8_new,12,697,1.9734,1.07671651998,176,14
source_intercept_control,B8_new,12,698,2.0303,1.06462742988,176,14
source_intercept_control,B8_new,12,699,2.2111,1.05239535948,176,14
source_intercept_control,B8_new,12,700,0.5,1.24242132307,176,14
source_intercept_control,B8_new,12,701,0.5,1.23058828454,176,14
source_intercept_control,B8_new,12,702,0.5,1.20690518668,176,14
source_intercept_control,B8_new,12,703,0.5971,1.18319697497,176,14
source_intercept_control,B8_new,12,704,0.8028,1.15946000583,176,14
source_intercept_control,B8_new,12,705,1.04,1.13568940011,176,14
source_intercept_control,B8_new,12,706,1.2578,1.11187828289,176,14
source_intercept_control,B8_new,12,707,1.4982,1.08801623106,176,14
source_intercept_control,B8_new,12,708,1.6931,1.06408550683,176,14
source_intercept_control,B8_new,12,709,2.013,1.04004863565,176,14
source_intercept_control,B8_new,12,710,2.0249,1.02795954556,176,14
source_intercept_control,B8_new,12,711,2.0668,1.01572747515,176,14
source_intercept_control,B8_new,12,712,0.5,1.18861445352,176,14
source_intercept_control,B8_new,12,713,0.5,1.17678141499,176,14
source_intercept_control,B8_new,12,714,0.5,1.15309831712,176,14
source_intercept_control,B8_new,12,715,0.5782,1.12939010542,176,14
source_intercept_control,B8_new,12,716,0.7936,1.10565313628,176,14
source_intercept_control,B8_new,12,717,0.9871,1.08188253056,176,14
source_intercept_control,B8_new,12,718,1.2252,1.05807141334,176,14
source_intercept_control,B8_new,12,719,1.4255,1.03420936151,176,14
source_intercept_control,B8_new,12,720,1.6725,1.01027863727,176,14
source_intercept_control,B8_new,12,721,1.8741,0.986241766101,176,14
source_intercept_control,B8_new,12,722,1.9887,0.974152676006,176,14
source_intercept_control,B8_new,12,723,2.0381,0.961920605601,176,14
source_intercept_control,B8_new,12,724,0.5,1.15513311747,176,14
source_intercept_control,B8_new,12,725,0.5,1.14330007894,176,14
source_intercept_control,B8_new,12,726,0.5,1.11961698108,176,14
source_intercept_control,B8_new,12,727,0.558,1.09590876937,176,14
source_intercept_control,B8_new,12,728,0.7966,1.07217180023,176,14
source_intercept_control,B8_new,12,729,0.9859,1.04840119451,176,14
source_intercept_control,B8_new,12,730,1.2293,1.02459007729,176,14
source_intercept_control,B8_new,12,731,1.4001,1.00072802546,176,14
source_intercept_control,B8_new,12,732,1.6431,0.976797301228,176,14
source_intercept_control,B8_new,12,733,1.8108,0.952760430055,176,14
source_intercept_control,B8_new,12,734,1.9414,0.94067133996,176,14
source_intercept_control,B8_new,12,735,2.0759,0.928439269555,176,14
source_intercept_control,B8_new,12,736,0.5,1.11671859834,176,14
source_intercept_control,B8_new,12,737,0.5,1.10488555981,176,14
source_intercept_control,B8_new,12,738,0.5,1.08120246194,176,14
source_intercept_control,B8_new,12,739,0.544,1.05749425024,176,14
source_intercept_control,B8_new,12,740,0.7804,1.0337572811,176,14
source_intercept_control,B8_new,12,741,0.9814,1.00998667538,176,14
source_intercept_control,B8_new,12,742,1.193,0.986175558161,176,14
source_intercept_control,B8_new,12,743,1.4183,0.962313506327,176,14
source_intercept_control,B8_new,12,744,1.5722,0.938382782094,176,14
source_intercept_control,B8_new,12,745,1.826,0.914345910922,176,14
source_intercept_control,B8_new,12,746,1.9075,0.902256820827,176,14
source_intercept_control,B8_new,12,747,2.0468,0.890024750422,176,14
source_intercept_control,B8_new,12,748,0.5,1.08507807273,176,14
source_intercept_control,B8_new,12,749,0.5,1.0732450342,176,14
source_intercept_control,B8_new,12,750,0.5,1.04956193634,176,14
source_intercept_control,B8_new,12,751,0.5484,1.02585372463,176,14
source_intercept_control,B8_new,12,752,0.7469,1.00211675549,176,14
source_intercept_control,B8_new,12,753,0.9661,0.978346149772,176,14
source_intercept_control,B8_new,12,754,1.1885,0.954535032554,176,14
source_intercept_control,B8_new,12,755,1.3664,0.93067298072,176,14
source_intercept_control,B8_new,12,756,1.6065,0.906742256488,176,14
source_intercept_control,B8_new,12,757,1.7583,0.882705385315,176,14
source_intercept_control,B8_new,12,758,1.9375,0.87061629522,176,14
source_intercept_control,B8_new,12,759,1.9695,0.858384224815,176,14
source_quality_interaction_new,B8_new,12,640,0.5,0.32117184228,176,14
source_quality_interaction_new,B8_new,12,641,0.5,0.438895058178,176,14
source_quality_interaction_new,B8_new,12,642,0.5,0.674324469171,176,14
source_quality_interaction_new,B8_new,12,643,0.7234,0.909728766323,176,14
source_quality_interaction_new,B8_new,12,644,1.0113,1.14510430604,176,14
source_quality_interaction_new,B8_new,12,645,1.2841,1.38044620918,176,14
source_quality_interaction_new,B8_new,12,646,1.5682,1.61574760082,176,14
source_quality_interaction_new,B8_new,12,647,1.7793,1.85099805784,176,14
source_quality_interaction_new,B8_new,12,648,2.0752,2.08617984246,176,14
source_quality_interaction_new,B8_new,12,649,2.3423,2.32125548015,176,14
source_quality_interaction_new,B8_new,12,650,2.4625,2.43872264448,176,14
source_quality_interaction_new,B8_new,12,651,2.701,2.5560468285,176,14
source_quality_interaction_new,B8_new,12,652,0.5,0.267187436238,176,14
source_quality_interaction_new,B8_new,12,653,0.5,0.380437206465,176,14
source_quality_interaction_new,B8_new,12,654,0.5,0.606919726115,176,14
source_quality_interaction_new,B8_new,12,655,0.6963,0.833377131925,176,14
source_quality_interaction_new,B8_new,12,656,0.9487,1.0598057803,176,14
source_quality_interaction_new,B8_new,12,657,1.1986,1.28620079209,176,14
source_quality_interaction_new,B8_new,12,658,1.4595,1.51255529239,176,14
source_quality_interaction_new,B8_new,12,659,1.7275,1.73885885807,176,14
source_quality_interaction_new,B8_new,12,660,1.9842,1.96509375135,176,14
source_quality_interaction_new,B8_new,12,661,2.1983,2.19122249769,176,14
source_quality_interaction_new,B8_new,12,662,2.3535,2.30421621636,176,14
source_quality_interaction_new,B8_new,12,663,2.4582,2.41706695471,176,14
source_quality_interaction_new,B8_new,12,664,0.5,0.237784114391,176,14
source_quality_interaction_new,B8_new,12,665,0.5,0.346560438947,176,14
source_quality_interaction_new,B8_new,12,666,0.5,0.564096067255,176,14
source_quality_interaction_new,B8_new,12,667,0.6648,0.781606581722,176,14
source_quality_interaction_new,B8_new,12,668,0.9074,0.999088338751,176,14
source_quality_interaction_new,B8_new,12,669,1.1529,1.21653645921,176,14
source_quality_interaction_new,B8_new,12,670,1.4022,1.43394406816,176,14
source_quality_interaction_new,B8_new,12,671,1.6378,1.6513007425,176,14
source_quality_interaction_new,B8_new,12,672,1.9488,1.86858874444,176,14
source_quality_interaction_new,B8_new,12,673,2.1859,2.08577059944,176,14
source_quality_interaction_new,B8_new,12,674,2.2362,2.19429087243,176,14
source_quality_interaction_new,B8_new,12,675,2.3472,2.30266816511,176,14
source_quality_interaction_new,B8_new,12,676,0.5,0.229380830425,176,14
source_quality_interaction_new,B8_new,12,677,0.5,0.332243581467,176,14
source_quality_interaction_new,B8_new,12,678,0.5,0.537952062748,176,14
source_quality_interaction_new,B8_new,12,679,0.6406,0.743635430187,176,14
source_quality_interaction_new,B8_new,12,680,0.8712,0.949290040188,176,14
source_quality_interaction_new,B8_new,12,681,1.1272,1.15491101362,176,14
source_quality_interaction_new,B8_new,12,682,1.3567,1.36049147554,176,14
source_quality_interaction_new,B8_new,12,683,1.542,1.56602100285,176,14
source_quality_interaction_new,B8_new,12,684,1.7878,1.77148185776,176,14
source_quality_interaction_new,B8_new,12,685,2.0117,1.97683656574,176,14
source_quality_interaction_new,B8_new,12,686,2.1497,2.07944326521,176,14
source_quality_interaction_new,B8_new,12,687,2.2387,2.18190698438,176,14
source_quality_interaction_new,B8_new,12,688,0.5,0.241616037065,176,14
source_quality_interaction_new,B8_new,12,689,0.5,0.340005342436,176,14
source_quality_interaction_new,B8_new,12,690,0.5,0.536766932374,176,14
source_quality_interaction_new,B8_new,12,691,0.6166,0.733503408471,176,14
source_quality_interaction_new,B8_new,12,692,0.8496,0.93021112713,176,14
source_quality_interaction_new,B8_new,12,693,1.0745,1.12688520921,176,14
source_quality_interaction_new,B8_new,12,694,1.3174,1.3235187798,176,14
source_quality_interaction_new,B8_new,12,695,1.5083,1.52010141577,176,14
source_quality_interaction_new,B8_new,12,696,1.762,1.71661537934,176,14
source_quality_interaction_new,B8_new,12,697,1.9734,1.91302319597,176,14
source_quality_interaction_new,B8_new,12,698,2.0303,2.01115644977,176,14
source_quality_interaction_new,B8_new,12,699,2.2111,2.10914672327,176,14
source_quality_interaction_new,B8_new,12,700,0.5,0.254910985139,176,14
source_quality_interaction_new,B8_new,12,701,0.5,0.350683492543,176,14
source_quality_interaction_new,B8_new,12,702,0.5,0.542211486548,176,14
source_quality_interaction_new,B8_new,12,703,0.5971,0.733714366712,176,14
source_quality_interaction_new,B8_new,12,704,0.8028,0.925188489437,176,14
source_quality_interaction_new,B8_new,12,705,1.04,1.11662897559,176,14
source_quality_interaction_new,B8_new,12,706,1.2578,1.30802895024,176,14
source_quality_interaction_new,B8_new,12,707,1.4982,1.49937799027,176,14
source_quality_interaction_new,B8_new,12,708,1.6931,1.69065835791,176,14
source_quality_interaction_new,B8_new,12,709,2.013,1.88183257861,176,14
source_quality_interaction_new,B8_new,12,710,2.0249,1.97734903445,176,14
source_quality_interaction_new,B8_new,12,711,2.0668,2.07272250998,176,14
source_quality_interaction_new,B8_new,12,712,0.5,0.286516141719,176,14
source_quality_interaction_new,B8_new,12,713,0.5,0.377815203452,176,14
source_quality_interaction_new,B8_new,12,714,0.5,0.560396306115,176,14
source_quality_interaction_new,B8_new,12,715,0.5782,0.742952294936,176,14
source_quality_interaction_new,B8_new,12,716,0.7936,0.925479526319,176,14
source_quality_interaction_new,B8_new,12,717,0.9871,1.10797312113,176,14
source_quality_interaction_new,B8_new,12,718,1.2252,1.29042620444,176,14
source_quality_interaction_new,B8_new,12,719,1.4255,1.47282835313,176,14
source_quality_interaction_new,B8_new,12,720,1.6725,1.65516182942,176,14
source_quality_interaction_new,B8_new,12,721,1.8741,1.83738915878,176,14
source_quality_interaction_new,B8_new,12,722,1.9887,1.92843216894,176,14
source_quality_interaction_new,B8_new,12,723,2.0381,2.0193321988,176,14
source_quality_interaction_new,B8_new,12,724,0.5,0.315980530261,176,14
source_quality_interaction_new,B8_new,12,725,0.5,0.403982816447,176,14
source_quality_interaction_new,B8_new,12,726,0.5,0.579970368015,176,14
source_quality_interaction_new,B8_new,12,727,0.558,0.755932805742,176,14
source_quality_interaction_new,B8_new,12,728,0.7966,0.931866486031,176,14
source_quality_interaction_new,B8_new,12,729,0.9859,1.10776652975,176,14
source_quality_interaction_new,B8_new,12,730,1.2293,1.28362606196,176,14
source_quality_interaction_new,B8_new,12,731,1.4001,1.45943465956,176,14
source_quality_interaction_new,B8_new,12,732,1.6431,1.63517458476,176,14
source_quality_interaction_new,B8_new,12,733,1.8108,1.81080836302,176,14
source_quality_interaction_new,B8_new,12,734,1.9414,1.89855459764,176,14
source_quality_interaction_new,B8_new,12,735,2.0759,1.98615785195,176,14
source_quality_interaction_new,B8_new,12,736,0.5,0.362978037259,176,14
source_quality_interaction_new,B8_new,12,737,0.5,0.446506877774,176,14
source_quality_interaction_new,B8_new,12,738,0.5,0.613547538,176,14
source_quality_interaction_new,B8_new,12,739,0.544,0.780563084385,176,14
source_quality_interaction_new,B8_new,12,740,0.7804,0.947549873331,176,14
source_quality_interaction_new,B8_new,12,741,0.9814,1.1145030257,176,14
source_quality_interaction_new,B8_new,12,742,1.193,1.28141566658,176,14
source_quality_interaction_new,B8_new,12,743,1.4183,1.44827737283,176,14
source_quality_interaction_new,B8_new,12,744,1.5722,1.61507040669,176,14
source_quality_interaction_new,B8_new,12,745,1.826,1.78175729361,176,14
source_quality_interaction_new,B8_new,12,746,1.9075,1.86503008256,176,14
source_quality_interaction_new,B8_new,12,747,2.0468,1.9481598912,176,14
source_quality_interaction_new,B8_new,12,748,0.5,0.416749537785,176,14
source_quality_interaction_new,B8_new,12,749,0.5,0.495804932628,176,14
source_quality_interaction_new,B8_new,12,750,0.5,0.653898701512,176,14
source_quality_interaction_new,B8_new,12,751,0.5484,0.811967356554,176,14
source_quality_interaction_new,B8_new,12,752,0.7469,0.970007254158,176,14
source_quality_interaction_new,B8_new,12,753,0.9661,1.12801351519,176,14
source_quality_interaction_new,B8_new,12,754,1.1885,1.28597926472,176,14
source_quality_interaction_new,B8_new,12,755,1.3664,1.44389407963,176,14
source_quality_interaction_new,B8_new,12,756,1.6065,1.60174022215,176,14
source_quality_interaction_new,B8_new,12,757,1.7583,1.75948021772,176,14
source_quality_interaction_new,B8_new,12,758,1.9375,1.838279561,176,14
source_quality_interaction_new,B8_new,12,759,1.9695,1.91693592397,176,14
quality_model_current_raw,B8_new,20,760,0.5,2.81681768685,176,14
quality_model_current_raw,B8_new,20,761,0.5,2.80592485992,176,14
quality_model_current_raw,B8_new,20,762,0.5,2.78412353768,176,14
quality_model_current_raw,B8_new,20,763,0.6738,2.76229909706,176,14
quality_model_current_raw,B8_new,20,764,0.9583,2.74044818397,176,14
quality_model_current_raw,B8_new,20,765,1.2067,2.71856630694,176,14
quality_model_current_raw,B8_new,20,766,1.5155,2.69664713731,176,14
quality_model_current_raw,B8_new,20,767,1.7701,2.67468108016,176,14
quality_model_current_raw,B8_new,20,768,2.0429,2.65265180707,176,14
quality_model_current_raw,B8_new,20,769,2.3981,2.6305248211,176,14
quality_model_current_raw,B8_new,20,770,2.5077,2.61939628757,176,14
quality_model_current_raw,B8_new,20,771,2.5772,2.60813613444,176,14
quality_model_current_raw,B8_new,20,772,0.5,2.67742125467,176,14
quality_model_current_raw,B8_new,20,773,0.5,2.66652842775,176,14
quality_model_current_raw,B8_new,20,774,0.5,2.64472710551,176,14
quality_model_current_raw,B8_new,20,775,0.641,2.62290266489,176,14
quality_model_current_raw,B8_new,20,776,0.8905,2.60105175179,176,14
quality_model_current_raw,B8_new,20,777,1.1635,2.57916987476,176,14
quality_model_current_raw,B8_new,20,778,1.446,2.55725070514,176,14
quality_model_current_raw,B8_new,20,779,1.7094,2.53528464798,176,14
quality_model_current_raw,B8_new,20,780,2.0156,2.51325537489,176,14
quality_model_current_raw,B8_new,20,781,2.2015,2.49112838893,176,14
quality_model_current_raw,B8_new,20,782,2.3473,2.4799998554,176,14
quality_model_current_raw,B8_new,20,783,2.4446,2.46873970226,176,14
quality_model_current_raw,B8_new,20,784,0.5,2.5626059067,176,14
quality_model_current_raw,B8_new,20,785,0.5,2.55171307977,176,14
quality_model_current_raw,B8_new,20,786,0.5,2.52991175753,176,14
quality_model_current_raw,B8_new,20,787,0.5948,2.50808731691,176,14
quality_model_current_raw,B8_new,20,788,0.8354,2.48623640381,176,14
quality_model_current_raw,B8_new,20,789,1.0991,2.46435452679,176,14
quality_model_current_raw,B8_new,20,790,1.3714,2.44243535716,176,14
quality_model_current_raw,B8_new,20,791,1.6057,2.4204693,176,14
quality_model_current_raw,B8_new,20,792,1.8837,2.39844002692,176,14
quality_model_current_raw,B8_new,20,793,2.0254,2.37631304095,176,14
quality_model_current_raw,B8_new,20,794,2.2272,2.36518450742,176,14
quality_model_current_raw,B8_new,20,795,2.3884,2.35392435429,176,14
quality_model_current_raw,B8_new,20,796,0.5,2.44129406574,176,14
quality_model_current_raw,B8_new,20,797,0.5,2.43040123882,176,14
quality_model_current_raw,B8_new,20,798,0.5,2.40859991658,176,14
quality_model_current_raw,B8_new,20,799,0.5672,2.38677547596,176,14
quality_model_current_raw,B8_new,20,800,0.8172,2.36492456286,176,14
quality_model_current_raw,B8_new,20,801,1.0322,2.34304268583,176,14
quality_model_current_raw,B8_new,20,802,1.2838,2.32112351621,176,14
quality_model_current_raw,B8_new,20,803,1.5601,2.29915745905,176,14
quality_model_current_raw,B8_new,20,804,1.8085,2.27712818596,176,14
quality_model_current_raw,B8_new,20,805,2.0156,2.2550012,176,14
quality_model_current_raw,B8_new,20,806,2.0825,2.24387266647,176,14
quality_model_current_raw,B8_new,20,807,2.2835,2.23261251333,176,14
quality_model_current_raw,B8_new,20,808,0.5,2.36811724625,176,14
quality_model_current_raw,B8_new,20,809,0.5,2.35722441933,176,14
quality_model_current_raw,B8_new,20,810,0.5,2.33542309709,176,14
quality_model_current_raw,B8_new,20,811,0.5564,2.31359865647,176,14
quality_model_current_raw,B8_new,20,812,0.793,2.29174774337,176,14
quality_model_current_raw,B8_new,20,813,0.9903,2.26986586634,176,14
quality_model_current_raw,B8_new,20,814,1.2411,2.24794669672,176,14
quality_model_current_raw,B8_new,20,815,1.4352,2.22598063956,176,14
quality_model_current_raw,B8_new,20,816,1.7346,2.20395136647,176,14
quality_model_current_raw,B8_new,20,817,1.9249,2.18182438051,176,14
quality_model_current_raw,B8_new,20,818,2.0146,2.17069584697,176,14
quality_model_current_raw,B8_new,20,819,2.1626,2.15943569384,176,14
quality_model_current_raw,B8_new,20,820,0.5,2.33144936193,176,14
quality_model_current_raw,B8_new,20,821,0.5,2.320556535,176,14
quality_model_current_raw,B8_new,20,822,0.5,2.29875521276,176,14
quality_model_current_raw,B8_new,20,823,0.5609,2.27693077214,176,14
quality_model_current_raw,B8_new,20,824,0.7726,2.25507985905,176,14
quality_model_current_raw,B8_new,20,825,1.0014,2.23319798202,176,14
quality_model_current_raw,B8_new,20,826,1.2131,2.21127881239,176,14
quality_model_current_raw,B8_new,20,827,1.4349,2.18931275524,176,14
quality_model_current_raw,B8_new,20,828,1.6867,2.16728348215,176,14
quality_model_current_raw,B8_new,20,829,1.9415,2.14515649618,176,14
quality_model_current_raw,B8_new,20,830,1.9787,2.13402796265,176,14
quality_model_current_raw,B8_new,20,831,2.202,2.12276780952,176,14
quality_model_current_raw,B8_new,20,832,0.5,2.27764249238,176,14
quality_model_current_raw,B8_new,20,833,0.5,2.26674966545,176,14
quality_model_current_raw,B8_new,20,834,0.5,2.24494834321,176,14
quality_model_current_raw,B8_new,20,835,0.5245,2.22312390259,176,14
quality_model_current_raw,B8_new,20,836,0.7862,2.20127298949,176,14
quality_model_current_raw,B8_new,20,837,0.9918,2.17939111247,176,14
quality_model_current_raw,B8_new,20,838,1.1855,2.15747194284,176,14
quality_model_current_raw,B8_new,20,839,1.4233,2.13550588568,176,14
quality_model_current_raw,B8_new,20,840,1.616,2.1134766126,176,14
quality_model_current_raw,B8_new,20,841,1.8103,2.09134962663,176,14
quality_model_current_raw,B8_new,20,842,1.931,2.0802210931,176,14
quality_model_current_raw,B8_new,20,843,2.0706,2.06896093997,176,14
quality_model_current_raw,B8_new,20,844,0.5,2.24416115633,176,14
quality_model_current_raw,B8_new,20,845,0.5,2.23326832941,176,14
quality_model_current_raw,B8_new,20,846,0.5,2.21146700717,176,14
quality_model_current_raw,B8_new,20,847,0.5267,2.18964256654,176,14
quality_model_current_raw,B8_new,20,848,0.7311,2.16779165345,176,14
quality_model_current_raw,B8_new,20,849,0.9588,2.14590977642,176,14
quality_model_current_raw,B8_new,20,850,1.1533,2.1239906068,176,14
quality_model_current_raw,B8_new,20,851,1.3975,2.10202454964,176,14
quality_model_current_raw,B8_new,20,852,1.5833,2.07999527655,176,14
quality_model_current_raw,B8_new,20,853,1.8347,2.05786829059,176,14
quality_model_current_raw,B8_new,20,854,1.9382,2.04673975705,176,14
quality_model_current_raw,B8_new,20,855,2.0683,2.03547960392,176,14
quality_model_current_raw,B8_new,20,856,0.5,2.2057466372,176,14
quality_model_current_raw,B8_new,20,857,0.5,2.19485381027,176,14
quality_model_current_raw,B8_new,20,858,0.5,2.17305248803,176,14
quality_model_current_raw,B8_new,20,859,0.5122,2.15122804741,176,14
quality_model_current_raw,B8_new,20,860,0.7145,2.12937713431,176,14
quality_model_current_raw,B8_new,20,861,0.9421,2.10749525729,176,14
quality_model_current_raw,B8_new,20,862,1.156,2.08557608766,176,14
quality_model_current_raw,B8_new,20,863,1.3503,2.06361003051,176,14
quality_model_current_raw,B8_new,20,864,1.5928,2.04158075742,176,14
quality_model_current_raw,B8_new,20,865,1.8254,2.01945377145,176,14
quality_model_current_raw,B8_new,20,866,1.8833,2.00832523792,176,14
quality_model_current_raw,B8_new,20,867,1.9818,1.99706508479,176,14
quality_model_current_raw,B8_new,20,868,0.5,2.17410611159,176,14
quality_model_current_raw,B8_new,20,869,0.5,2.16321328467,176,14
quality_model_current_raw,B8_new,20,870,0.5,2.14141196243,176,14
quality_model_current_raw,B8_new,20,871,0.5,2.1195875218,176,14
quality_model_current_raw,B8_new,20,872,0.7172,2.09773660871,176,14
quality_model_current_raw,B8_new,20,873,0.9179,2.07585473168,176,14
quality_model_current_raw,B8_new,20,874,1.1399,2.05393556206,176,14
quality_model_current_raw,B8_new,20,875,1.352,2.0319695049,176,14
quality_model_current_raw,B8_new,20,876,1.5389,2.00994023181,176,14
quality_model_current_raw,B8_new,20,877,1.7931,1.98781324584,176,14
quality_model_current_raw,B8_new,20,878,1.8594,1.97668471231,176,14
quality_model_current_raw,B8_new,20,879,1.9584,1.96542455918,176,14
source_intercept_control,B8_new,20,760,0.5,1.68336082629,176,14
source_intercept_control,B8_new,20,761,0.5,1.67246799936,176,14
source_intercept_control,B8_new,20,762,0.5,1.65066667712,176,14
source_intercept_control,B8_new,20,763,0.6738,1.6288422365,176,14
source_intercept_control,B8_new,20,764,0.9583,1.6069913234,176,14
source_intercept_control,B8_new,20,765,1.2067,1.58510944638,176,14
source_intercept_control,B8_new,20,766,1.5155,1.56319027675,176,14
source_intercept_control,B8_new,20,767,1.7701,1.5412242196,176,14
source_intercept_control,B8_new,20,768,2.0429,1.51919494651,176,14
source_intercept_control,B8_new,20,769,2.3981,1.49706796054,176,14
source_intercept_control,B8_new,20,770,2.5077,1.48593942701,176,14
source_intercept_control,B8_new,20,771,2.5772,1.47467927388,176,14
source_intercept_control,B8_new,20,772,0.5,1.54396439411,176,14
source_intercept_control,B8_new,20,773,0.5,1.53307156719,176,14
source_intercept_control,B8_new,20,774,0.5,1.51127024495,176,14
source_intercept_control,B8_new,20,775,0.641,1.48944580433,176,14
source_intercept_control,B8_new,20,776,0.8905,1.46759489123,176,14
source_intercept_control,B8_new,20,777,1.1635,1.4457130142,176,14
source_intercept_control,B8_new,20,778,1.446,1.42379384458,176,14
source_intercept_control,B8_new,20,779,1.7094,1.40182778742,176,14
source_intercept_control,B8_new,20,780,2.0156,1.37979851433,176,14
source_intercept_control,B8_new,20,781,2.2015,1.35767152837,176,14
source_intercept_control,B8_new,20,782,2.3473,1.34654299483,176,14
source_intercept_control,B8_new,20,783,2.4446,1.3352828417,176,14
source_intercept_control,B8_new,20,784,0.5,1.42914904613,176,14
source_intercept_control,B8_new,20,785,0.5,1.41825621921,176,14
source_intercept_control,B8_new,20,786,0.5,1.39645489697,176,14
source_intercept_control,B8_new,20,787,0.5948,1.37463045635,176,14
source_intercept_control,B8_new,20,788,0.8354,1.35277954325,176,14
source_intercept_control,B8_new,20,789,1.0991,1.33089766622,176,14
source_intercept_control,B8_new,20,790,1.3714,1.3089784966,176,14
source_intercept_control,B8_new,20,791,1.6057,1.28701243944,176,14
source_intercept_control,B8_new,20,792,1.8837,1.26498316635,176,14
source_intercept_control,B8_new,20,793,2.0254,1.24285618039,176,14
source_intercept_control,B8_new,20,794,2.2272,1.23172764686,176,14
source_intercept_control,B8_new,20,795,2.3884,1.22046749373,176,14
source_intercept_control,B8_new,20,796,0.5,1.30783720518,176,14
source_intercept_control,B8_new,20,797,0.5,1.29694437826,176,14
source_intercept_control,B8_new,20,798,0.5,1.27514305602,176,14
source_intercept_control,B8_new,20,799,0.5672,1.2533186154,176,14
source_intercept_control,B8_new,20,800,0.8172,1.2314677023,176,14
source_intercept_control,B8_new,20,801,1.0322,1.20958582527,176,14
source_intercept_control,B8_new,20,802,1.2838,1.18766665565,176,14
source_intercept_control,B8_new,20,803,1.5601,1.16570059849,176,14
source_intercept_control,B8_new,20,804,1.8085,1.1436713254,176,14
source_intercept_control,B8_new,20,805,2.0156,1.12154433944,176,14
source_intercept_control,B8_new,20,806,2.0825,1.1104158059,176,14
source_intercept_control,B8_new,20,807,2.2835,1.09915565277,176,14
source_intercept_control,B8_new,20,808,0.5,1.23466038569,176,14
source_intercept_control,B8_new,20,809,0.5,1.22376755877,176,14
source_intercept_control,B8_new,20,810,0.5,1.20196623653,176,14
source_intercept_control,B8_new,20,811,0.5564,1.1801417959,176,14
source_intercept_control,B8_new,20,812,0.793,1.15829088281,176,14
source_intercept_control,B8_new,20,813,0.9903,1.13640900578,176,14
source_intercept_control,B8_new,20,814,1.2411,1.11448983616,176,14
source_intercept_control,B8_new,20,815,1.4352,1.092523779,176,14
source_intercept_control,B8_new,20,816,1.7346,1.07049450591,176,14
source_intercept_control,B8_new,20,817,1.9249,1.04836751995,176,14
source_intercept_control,B8_new,20,818,2.0146,1.03723898641,176,14
source_intercept_control,B8_new,20,819,2.1626,1.02597883328,176,14
source_intercept_control,B8_new,20,820,0.5,1.19799250137,176,14
source_intercept_control,B8_new,20,821,0.5,1.18709967444,176,14
source_intercept_control,B8_new,20,822,0.5,1.1652983522,176,14
source_intercept_control,B8_new,20,823,0.5609,1.14347391158,176,14
source_intercept_control,B8_new,20,824,0.7726,1.12162299848,176,14
source_intercept_control,B8_new,20,825,1.0014,1.09974112146,176,14
source_intercept_control,B8_new,20,826,1.2131,1.07782195183,176,14
source_intercept_control,B8_new,20,827,1.4349,1.05585589468,176,14
source_intercept_control,B8_new,20,828,1.6867,1.03382662159,176,14
source_intercept_control,B8_new,20,829,1.9415,1.01169963562,176,14
source_intercept_control,B8_new,20,830,1.9787,1.00057110209,176,14
source_intercept_control,B8_new,20,831,2.202,0.989310948958,176,14
source_intercept_control,B8_new,20,832,0.5,1.14418563182,176,14
source_intercept_control,B8_new,20,833,0.5,1.13329280489,176,14
source_intercept_control,B8_new,20,834,0.5,1.11149148265,176,14
source_intercept_control,B8_new,20,835,0.5245,1.08966704203,176,14
source_intercept_control,B8_new,20,836,0.7862,1.06781612893,176,14
source_intercept_control,B8_new,20,837,0.9918,1.04593425191,176,14
source_intercept_control,B8_new,20,838,1.1855,1.02401508228,176,14
source_intercept_control,B8_new,20,839,1.4233,1.00204902512,176,14
source_intercept_control,B8_new,20,840,1.616,0.980019752035,176,14
source_intercept_control,B8_new,20,841,1.8103,0.95789276607,176,14
source_intercept_control,B8_new,20,842,1.931,0.946764232537,176,14
source_intercept_control,B8_new,20,843,2.0706,0.935504079406,176,14
source_intercept_control,B8_new,20,844,0.5,1.11070429577,176,14
source_intercept_control,B8_new,20,845,0.5,1.09981146884,176,14
source_intercept_control,B8_new,20,846,0.5,1.07801014661,176,14
source_intercept_control,B8_new,20,847,0.5267,1.05618570598,176,14
source_intercept_control,B8_new,20,848,0.7311,1.03433479289,176,14
source_intercept_control,B8_new,20,849,0.9588,1.01245291586,176,14
source_intercept_control,B8_new,20,850,1.1533,0.990533746234,176,14
source_intercept_control,B8_new,20,851,1.3975,0.968567689077,176,14
source_intercept_control,B8_new,20,852,1.5833,0.94653841599,176,14
source_intercept_control,B8_new,20,853,1.8347,0.924411430024,176,14
source_intercept_control,B8_new,20,854,1.9382,0.913282896491,176,14
source_intercept_control,B8_new,20,855,2.0683,0.90202274336,176,14
source_intercept_control,B8_new,20,856,0.5,1.07228977664,176,14
source_intercept_control,B8_new,20,857,0.5,1.06139694971,176,14
source_intercept_control,B8_new,20,858,0.5,1.03959562747,176,14
source_intercept_control,B8_new,20,859,0.5122,1.01777118685,176,14
source_intercept_control,B8_new,20,860,0.7145,0.995920273753,176,14
source_intercept_control,B8_new,20,861,0.9421,0.974038396726,176,14
source_intercept_control,B8_new,20,862,1.156,0.952119227101,176,14
source_intercept_control,B8_new,20,863,1.3503,0.930153169944,176,14
source_intercept_control,B8_new,20,864,1.5928,0.908123896856,176,14
source_intercept_control,B8_new,20,865,1.8254,0.885996910891,176,14
source_intercept_control,B8_new,20,866,1.8833,0.874868377358,176,14
source_intercept_control,B8_new,20,867,1.9818,0.863608224227,176,14
source_intercept_control,B8_new,20,868,0.5,1.04064925103,176,14
source_intercept_control,B8_new,20,869,0.5,1.0297564241,176,14
source_intercept_control,B8_new,20,870,0.5,1.00795510187,176,14
source_intercept_control,B8_new,20,871,0.5,0.986130661243,176,14
source_intercept_control,B8_new,20,872,0.7172,0.964279748146,176,14
source_intercept_control,B8_new,20,873,0.9179,0.942397871119,176,14
source_intercept_control,B8_new,20,874,1.1399,0.920478701494,176,14
source_intercept_control,B8_new,20,875,1.352,0.898512644337,176,14
source_intercept_control,B8_new,20,876,1.5389,0.876483371249,176,14
source_intercept_control,B8_new,20,877,1.7931,0.854356385284,176,14
source_intercept_control,B8_new,20,878,1.8594,0.843227851751,176,14
source_intercept_control,B8_new,20,879,1.9584,0.83196769862,176,14
source_quality_interaction_new,B8_new,20,760,0.5,0.300906335797,176,14
source_quality_interaction_new,B8_new,20,761,0.5,0.417399728462,176,14
source_quality_interaction_new,B8_new,20,762,0.5,0.650370845404,176,14
source_quality_interaction_new,B8_new,20,763,0.6738,0.883318843961,176,14
source_quality_interaction_new,B8_new,20,764,0.9583,1.11624037004,176,14
source_quality_interaction_new,B8_new,20,765,1.2067,1.3491309322,176,14
source_quality_interaction_new,B8_new,20,766,1.5155,1.58198420175,176,14
source_quality_interaction_new,B8_new,20,767,1.7701,1.81479058378,176,14
source_quality_interaction_new,B8_new,20,768,2.0429,2.04753374987,176,14
source_quality_interaction_new,B8_new,20,769,2.3981,2.28017920308,176,14
source_quality_interaction_new,B8_new,20,770,2.5077,2.39643688914,176,14
source_quality_interaction_new,B8_new,20,771,2.5772,2.5125629556,176,14
source_quality_interaction_new,B8_new,20,772,0.5,0.246594738842,176,14
source_quality_interaction_new,B8_new,20,773,0.5,0.358667224626,176,14
source_quality_interaction_new,B8_new,20,774,0.5,0.582796527805,176,14
source_quality_interaction_new,B8_new,20,775,0.641,0.8069027126,176,14
source_quality_interaction_new,B8_new,20,776,0.8905,1.03098242492,176,14
source_quality_interaction_new,B8_new,20,777,1.1635,1.25503117331,176,14
source_quality_interaction_new,B8_new,20,778,1.446,1.4790426291,176,14
source_quality_interaction_new,B8_new,20,779,1.7094,1.70300719737,176,14
source_quality_interaction_new,B8_new,20,780,2.0156,1.9269085497,176,14
source_quality_interaction_new,B8_new,20,781,2.2015,2.15071218915,176,14
source_quality_interaction_new,B8_new,20,782,2.3473,2.26254896832,176,14
source_quality_interaction_new,B8_new,20,783,2.4446,2.3742541279,176,14
source_quality_interaction_new,B8_new,20,784,0.5,0.216864226083,176,14
source_quality_interaction_new,B8_new,20,785,0.5,0.324515804986,176,14
source_quality_interaction_new,B8_new,20,786,0.5,0.539803294403,176,14
source_quality_interaction_new,B8_new,20,787,0.5948,0.755067665435,176,14
source_quality_interaction_new,B8_new,20,788,0.8354,0.970305563994,176,14
source_quality_interaction_new,B8_new,20,789,1.0991,1.18551249862,176,14
source_quality_interaction_new,B8_new,20,790,1.3714,1.40068214065,176,14
source_quality_interaction_new,B8_new,20,791,1.6057,1.61580489515,176,14
source_quality_interaction_new,B8_new,20,792,1.8837,1.83086443372,176,14
source_quality_interaction_new,B8_new,20,793,2.0254,2.04582625941,176,14
source_quality_interaction_new,B8_new,20,794,2.2272,2.1532421317,176,14
source_quality_interaction_new,B8_new,20,795,2.3884,2.2605263844,176,14
source_quality_interaction_new,B8_new,20,796,0.5,0.208028419257,176,14
source_quality_interaction_new,B8_new,20,797,0.5,0.309835877149,176,14
source_quality_interaction_new,B8_new,20,798,0.5,0.513435124543,176,14
source_quality_interaction_new,B8_new,20,799,0.5672,0.717011253553,176,14
source_quality_interaction_new,B8_new,20,800,0.8172,0.920560910089,176,14
source_quality_interaction_new,B8_new,20,801,1.0322,1.1240796027,176,14
source_quality_interaction_new,B8_new,20,802,1.2838,1.3275610027,176,14
source_quality_interaction_new,B8_new,20,803,1.5601,1.53099551518,176,14
source_quality_interaction_new,B8_new,20,804,1.8085,1.73436681172,176,14
source_quality_interaction_new,B8_new,20,805,2.0156,1.93764039539,176,14
source_quality_interaction_new,B8_new,20,806,2.0825,2.03921214668,176,14
source_quality_interaction_new,B8_new,20,807,2.2835,2.14065227836,176,14
source_quality_interaction_new,B8_new,20,808,0.5,0.219936434985,176,14
source_quality_interaction_new,B8_new,20,809,0.5,0.317322985996,176,14
source_quality_interaction_new,B8_new,20,810,0.5,0.512080419627,176,14
source_quality_interaction_new,B8_new,20,811,0.5564,0.706814734875,176,14
source_quality_interaction_new,B8_new,20,812,0.793,0.901522577649,176,14
source_quality_interaction_new,B8_new,20,813,0.9903,1.09619945649,176,14
source_quality_interaction_new,B8_new,20,814,1.2411,1.29083904274,176,14
source_quality_interaction_new,B8_new,20,815,1.4352,1.48543174145,176,14
source_quality_interaction_new,B8_new,20,816,1.7346,1.67996122423,176,14
source_quality_interaction_new,B8_new,20,817,1.9249,1.87439299414,176,14
source_quality_interaction_new,B8_new,20,818,2.0146,1.97154383854,176,14
source_quality_interaction_new,B8_new,20,819,2.1626,2.06856306335,176,14
source_quality_interaction_new,B8_new,20,820,0.5,0.233039988644,176,14
source_quality_interaction_new,B8_new,20,821,0.5,0.32784047491,176,14
source_quality_interaction_new,B8_new,20,822,0.5,0.517425779052,176,14
source_quality_interaction_new,B8_new,20,823,0.5609,0.706987964811,176,14
source_quality_interaction_new,B8_new,20,824,0.7726,0.896523678096,176,14
source_quality_interaction_new,B8_new,20,825,1.0014,1.08602842745,176,14
source_quality_interaction_new,B8_new,20,826,1.2131,1.27549588421,176,14
source_quality_interaction_new,B8_new,20,827,1.4349,1.46491645343,176,14
source_quality_interaction_new,B8_new,20,828,1.6867,1.65427380672,176,14
source_quality_interaction_new,B8_new,20,829,1.9415,1.84353344714,176,14
source_quality_interaction_new,B8_new,20,830,1.9787,1.9380982268,176,14
source_quality_interaction_new,B8_new,20,831,2.202,2.03253138686,176,14
source_quality_interaction_new,B8_new,20,832,0.5,0.264317954312,176,14
source_quality_interaction_new,B8_new,20,833,0.5,0.354697533697,176,14
source_quality_interaction_new,B8_new,20,834,0.5,0.535441024076,176,14
source_quality_interaction_new,B8_new,20,835,0.5245,0.716161396072,176,14
source_quality_interaction_new,B8_new,20,836,0.7862,0.896855295595,176,14
source_quality_interaction_new,B8_new,20,837,0.9918,1.07751823119,176,14
source_quality_interaction_new,B8_new,20,838,1.1855,1.25814387418,176,14
source_quality_interaction_new,B8_new,20,839,1.4233,1.43872262964,176,14
source_quality_interaction_new,B8_new,20,840,1.616,1.61923816917,176,14
source_quality_interaction_new,B8_new,20,841,1.8103,1.79965599583,176,14
source_quality_interaction_new,B8_new,20,842,1.931,1.8897998686,176,14
source_quality_interaction_new,B8_new,20,843,2.0706,1.97981212178,176,14
source_quality_interaction_new,B8_new,20,844,0.5,0.293541214408,176,14
source_quality_interaction_new,B8_new,20,845,0.5,0.380662737526,176,14
source_quality_interaction_new,B8_new,20,846,0.5,0.554890115373,176,14
source_quality_interaction_new,B8_new,20,847,0.5267,0.729094374836,176,14
source_quality_interaction_new,B8_new,20,848,0.7311,0.903272161826,176,14
source_quality_interaction_new,B8_new,20,849,0.9588,1.07741898488,176,14
source_quality_interaction_new,B8_new,20,850,1.1533,1.25152851535,176,14
source_quality_interaction_new,B8_new,20,851,1.3975,1.42559115827,176,14
source_quality_interaction_new,B8_new,20,852,1.5833,1.59959058527,176,14
source_quality_interaction_new,B8_new,20,853,1.8347,1.77349229939,176,14
source_quality_interaction_new,B8_new,20,854,1.9382,1.8603781159,176,14
source_quality_interaction_new,B8_new,20,855,2.0683,1.94713231281,176,14
source_quality_interaction_new,B8_new,20,856,0.5,0.340211530494,176,14
source_quality_interaction_new,B8_new,20,857,0.5,0.422912146731,176,14
source_quality_interaction_new,B8_new,20,858,0.5,0.588297710816,176,14
source_quality_interaction_new,B8_new,20,859,0.5122,0.753660156516,176,14
source_quality_interaction_new,B8_new,20,860,0.7145,0.918996129743,176,14
source_quality_interaction_new,B8_new,20,861,0.9421,1.08430113904,176,14
source_quality_interaction_new,B8_new,20,862,1.156,1.24956885574,176,14
source_quality_interaction_new,B8_new,20,863,1.3503,1.4147896849,176,14
source_quality_interaction_new,B8_new,20,864,1.5928,1.57994729814,176,14
source_quality_interaction_new,B8_new,20,865,1.8254,1.7450071985,176,14
source_quality_interaction_new,B8_new,20,866,1.8833,1.82747210813,176,14
source_quality_interaction_new,B8_new,20,867,1.9818,1.90980539816,176,14
source_quality_interaction_new,B8_new,20,868,0.5,0.393655840107,176,14
source_quality_interaction_new,B8_new,20,869,0.5,0.471935549463,176,14
source_quality_interaction_new,B8_new,20,870,0.5,0.628479299785,176,14
source_quality_interaction_new,B8_new,20,871,0.5,0.784999931723,176,14
source_quality_interaction_new,B8_new,20,872,0.7172,0.941494091187,176,14
source_quality_interaction_new,B8_new,20,873,0.9179,1.09795728672,176,14
source_quality_interaction_new,B8_new,20,874,1.1399,1.25438318966,176,14
source_quality_interaction_new,B8_new,20,875,1.352,1.41076220506,176,14
source_quality_interaction_new,B8_new,20,876,1.5389,1.56707800453,176,14
source_quality_interaction_new,B8_new,20,877,1.7931,1.72329609113,176,14
source_quality_interaction_new,B8_new,20,878,1.8594,1.80134009388,176,14
source_quality_interaction_new,B8_new,20,879,1.9584,1.87925247703,176,14
quality_model_current_raw,B8_new,40,880,0.5,2.76780415857,176,14
quality_model_current_raw,B8_new,40,881,0.5,2.75806880359,176,14
quality_model_current_raw,B8_new,40,882,0.5,2.73858409017,176,14
quality_model_current_raw,B8_new,40,883,0.5852,2.71907871492,176,14
quality_model_current_raw,B8_new,40,884,0.867,2.69954968017,176,14
quality_model_current_raw,B8_new,40,885,1.1797,2.67999297171,176,14
quality_model_current_raw,B8_new,40,886,1.4673,2.66040293336,176,14
quality_model_current_raw,B8_new,40,887,1.664,2.64077098976,176,14
quality_model_current_raw,B8_new,40,888,2.0255,2.62108254755,176,14
quality_model_current_raw,B8_new,40,889,2.2617,2.60130677543,176,14
quality_model_current_raw,B8_new,40,890,2.4282,2.59136076003,176,14
quality_model_current_raw,B8_new,40,891,2.5961,2.58129711094,176,14
quality_model_current_raw,B8_new,40,892,0.5,2.6284077264,176,14
quality_model_current_raw,B8_new,40,893,0.5,2.61867237142,176,14
quality_model_current_raw,B8_new,40,894,0.5,2.59918765799,176,14
quality_model_current_raw,B8_new,40,895,0.5768,2.57968228275,176,14
quality_model_current_raw,B8_new,40,896,0.8237,2.56015324799,176,14
quality_model_current_raw,B8_new,40,897,1.0791,2.54059653953,176,14
quality_model_current_raw,B8_new,40,898,1.3525,2.52100650119,176,14
quality_model_current_raw,B8_new,40,899,1.6241,2.50137455758,176,14
quality_model_current_raw,B8_new,40,900,1.9251,2.48168611537,176,14
quality_model_current_raw,B8_new,40,901,2.2087,2.46191034326,176,14
quality_model_current_raw,B8_new,40,902,2.253,2.45196432786,176,14
quality_model_current_raw,B8_new,40,903,2.4636,2.44190067876,176,14
quality_model_current_raw,B8_new,40,904,0.5,2.51359237842,176,14
quality_model_current_raw,B8_new,40,905,0.5,2.50385702344,176,14
quality_model_current_raw,B8_new,40,906,0.5,2.48437231002,176,14
quality_model_current_raw,B8_new,40,907,0.5362,2.46486693477,176,14
quality_model_current_raw,B8_new,40,908,0.7886,2.44533790001,176,14
quality_model_current_raw,B8_new,40,909,1.0198,2.42578119156,176,14
quality_model_current_raw,B8_new,40,910,1.3092,2.40619115321,176,14
quality_model_current_raw,B8_new,40,911,1.562,2.38655920961,176,14
quality_model_current_raw,B8_new,40,912,1.7885,2.3668707674,176,14
quality_model_current_raw,B8_new,40,913,2.0261,2.34709499528,176,14
quality_model_current_raw,B8_new,40,914,2.1982,2.33714897988,176,14
quality_model_current_raw,B8_new,40,915,2.3679,2.32708533078,176,14
quality_model_current_raw,B8_new,40,916,0.5,2.39228053747,176,14
quality_model_current_raw,B8_new,40,917,0.5,2.38254518249,176,14
quality_model_current_raw,B8_new,40,918,0.5,2.36306046906,176,14
quality_model_current_raw,B8_new,40,919,0.5011,2.34355509382,176,14
quality_model_current_raw,B8_new,40,920,0.7348,2.32402605906,176,14
quality_model_current_raw,B8_new,40,921,1.0179,2.3044693506,176,14
quality_model_current_raw,B8_new,40,922,1.2307,2.28487931226,176,14
quality_model_current_raw,B8_new,40,923,1.4863,2.26524736865,176,14
quality_model_current_raw,B8_new,40,924,1.6999,2.24555892644,176,14
quality_model_current_raw,B8_new,40,925,1.9707,2.22578315433,176,14
quality_model_current_raw,B8_new,40,926,2.0827,2.21583713893,176,14
quality_model_current_raw,B8_new,40,927,2.262,2.20577348983,176,14
quality_model_current_raw,B8_new,40,928,0.5,2.31910371797,176,14
quality_model_current_raw,B8_new,40,929,0.5,2.309368363,176,14
quality_model_current_raw,B8_new,40,930,0.5,2.28988364957,176,14
quality_model_current_raw,B8_new,40,931,0.5,2.27037827433,176,14
quality_model_current_raw,B8_new,40,932,0.7481,2.25084923957,176,14
quality_model_current_raw,B8_new,40,933,0.9344,2.23129253111,176,14
quality_model_current_raw,B8_new,40,934,1.1814,2.21170249277,176,14
quality_model_current_raw,B8_new,40,935,1.417,2.19207054916,176,14
quality_model_current_raw,B8_new,40,936,1.6703,2.17238210695,176,14
quality_model_current_raw,B8_new,40,937,1.9207,2.15260633483,176,14
quality_model_current_raw,B8_new,40,938,2.0172,2.14266031944,176,14
quality_model_current_raw,B8_new,40,939,2.1214,2.13259667034,176,14
quality_model_current_raw,B8_new,40,940,0.5,2.28243583365,176,14
quality_model_current_raw,B8_new,40,941,0.5,2.27270047867,176,14
quality_model_current_raw,B8_new,40,942,0.5,2.25321576525,176,14
quality_model_current_raw,B8_new,40,943,0.5,2.23371039,176,14
quality_model_current_raw,B8_new,40,944,0.7164,2.21418135525,176,14
quality_model_current_raw,B8_new,40,945,0.9445,2.19462464679,176,14
quality_model_current_raw,B8_new,40,946,1.2004,2.17503460844,176,14
quality_model_current_raw,B8_new,40,947,1.4026,2.15540266484,176,14
quality_model_current_raw,B8_new,40,948,1.6463,2.13571422263,176,14
quality_model_current_raw,B8_new,40,949,1.8339,2.11593845051,176,14
quality_model_current_raw,B8_new,40,950,1.9979,2.10599243511,176,14
quality_model_current_raw,B8_new,40,951,2.0917,2.09592878602,176,14
quality_model_current_raw,B8_new,40,952,0.5,2.2286289641,176,14
quality_model_current_raw,B8_new,40,953,0.5,2.21889360912,176,14
quality_model_current_raw,B8_new,40,954,0.5,2.1994088957,176,14
quality_model_current_raw,B8_new,40,955,0.5,2.17990352045,176,14
quality_model_current_raw,B8_new,40,956,0.6864,2.16037448569,176,14
quality_model_current_raw,B8_new,40,957,0.9212,2.14081777724,176,14
quality_model_current_raw,B8_new,40,958,1.1336,2.12122773889,176,14
quality_model_current_raw,B8_new,40,959,1.3816,2.10159579529,176,14
quality_model_current_raw,B8_new,40,960,1.5375,2.08190735308,176,14
quality_model_current_raw,B8_new,40,961,1.8101,2.06213158096,176,14
quality_model_current_raw,B8_new,40,962,1.9054,2.05218556556,176,14
quality_model_current_raw,B8_new,40,963,2.0147,2.04212191646,176,14
quality_model_current_raw,B8_new,40,964,0.5,2.19514762805,176,14
quality_model_current_raw,B8_new,40,965,0.5,2.18541227307,176,14
quality_model_current_raw,B8_new,40,966,0.5,2.16592755965,176,14
quality_model_current_raw,B8_new,40,967,0.5,2.1464221844,176,14
quality_model_current_raw,B8_new,40,968,0.7035,2.12689314965,176,14
quality_model_current_raw,B8_new,40,969,0.8866,2.10733644119,176,14
quality_model_current_raw,B8_new,40,970,1.1238,2.08774640285,176,14
quality_model_current_raw,B8_new,40,971,1.351,2.06811445924,176,14
quality_model_current_raw,B8_new,40,972,1.5771,2.04842601703,176,14
quality_model_current_raw,B8_new,40,973,1.7729,2.02865024491,176,14
quality_model_current_raw,B8_new,40,974,1.8226,2.01870422951,176,14
quality_model_current_raw,B8_new,40,975,2.0298,2.00864058042,176,14
quality_model_current_raw,B8_new,40,976,0.5,2.15673310892,176,14
quality_model_current_raw,B8_new,40,977,0.5,2.14699775394,176,14
quality_model_current_raw,B8_new,40,978,0.5,2.12751304052,176,14
quality_model_current_raw,B8_new,40,979,0.5,2.10800766527,176,14
quality_model_current_raw,B8_new,40,980,0.6682,2.08847863052,176,14
quality_model_current_raw,B8_new,40,981,0.8929,2.06892192206,176,14
quality_model_current_raw,B8_new,40,982,1.1087,2.04933188371,176,14
quality_model_current_raw,B8_new,40,983,1.3121,2.02969994011,176,14
quality_model_current_raw,B8_new,40,984,1.5165,2.0100114979,176,14
quality_model_current_raw,B8_new,40,985,1.7375,1.99023572578,176,14
quality_model_current_raw,B8_new,40,986,1.8219,1.98028971038,176,14
quality_model_current_raw,B8_new,40,987,1.9394,1.97022606128,176,14
quality_model_current_raw,B8_new,40,988,0.5,2.12509258331,176,14
quality_model_current_raw,B8_new,40,989,0.5,2.11535722833,176,14
quality_model_current_raw,B8_new,40,990,0.5,2.09587251491,176,14
quality_model_current_raw,B8_new,40,991,0.5,2.07636713966,176,14
quality_model_current_raw,B8_new,40,992,0.6377,2.05683810491,176,14
quality_model_current_raw,B8_new,40,993,0.8589,2.03728139645,176,14
quality_model_current_raw,B8_new,40,994,1.0771,2.01769135811,176,14
quality_model_current_raw,B8_new,40,995,1.3187,1.9980594145,176,14
quality_model_current_raw,B8_new,40,996,1.5044,1.97837097229,176,14
quality_model_current_raw,B8_new,40,997,1.7336,1.95859520017,176,14
quality_model_current_raw,B8_new,40,998,1.7276,1.94864918477,176,14
quality_model_current_raw,B8_new,40,999,1.9275,1.93858553568,176,14
source_intercept_control,B8_new,40,880,0.5,1.63491357751,176,14
source_intercept_control,B8_new,40,881,0.5,1.62517822253,176,14
source_intercept_control,B8_new,40,882,0.5,1.60569350911,176,14
source_intercept_control,B8_new,40,883,0.5852,1.58618813386,176,14
source_intercept_control,B8_new,40,884,0.867,1.56665909911,176,14
source_intercept_control,B8_new,40,885,1.1797,1.54710239065,176,14
source_intercept_control,B8_new,40,886,1.4673,1.52751235231,176,14
source_intercept_control,B8_new,40,887,1.664,1.5078804087,176,14
source_intercept_control,B8_new,40,888,2.0255,1.48819196649,176,14
source_intercept_control,B8_new,40,889,2.2617,1.46841619437,176,14
source_intercept_control,B8_new,40,890,2.4282,1.45847017897,176,14
source_intercept_control,B8_new,40,891,2.5961,1.44840652988,176,14
source_intercept_control,B8_new,40,892,0.5,1.49551714534,176,14
source_intercept_control,B8_new,40,893,0.5,1.48578179036,176,14
source_intercept_control,B8_new,40,894,0.5,1.46629707693,176,14
source_intercept_control,B8_new,40,895,0.5768,1.44679170169,176,14
source_intercept_control,B8_new,40,896,0.8237,1.42726266693,176,14
source_intercept_control,B8_new,40,897,1.0791,1.40770595848,176,14
source_intercept_control,B8_new,40,898,1.3525,1.38811592013,176,14
source_intercept_control,B8_new,40,899,1.6241,1.36848397653,176,14
source_intercept_control,B8_new,40,900,1.9251,1.34879553431,176,14
source_intercept_control,B8_new,40,901,2.2087,1.3290197622,176,14
source_intercept_control,B8_new,40,902,2.253,1.3190737468,176,14
source_intercept_control,B8_new,40,903,2.4636,1.3090100977,176,14
source_intercept_control,B8_new,40,904,0.5,1.38070179736,176,14
source_intercept_control,B8_new,40,905,0.5,1.37096644238,176,14
source_intercept_control,B8_new,40,906,0.5,1.35148172896,176,14
source_intercept_control,B8_new,40,907,0.5362,1.33197635371,176,14
source_intercept_control,B8_new,40,908,0.7886,1.31244731895,176,14
source_intercept_control,B8_new,40,909,1.0198,1.2928906105,176,14
source_intercept_control,B8_new,40,910,1.3092,1.27330057215,176,14
source_intercept_control,B8_new,40,911,1.562,1.25366862855,176,14
source_intercept_control,B8_new,40,912,1.7885,1.23398018634,176,14
source_intercept_control,B8_new,40,913,2.0261,1.21420441422,176,14
source_intercept_control,B8_new,40,914,2.1982,1.20425839882,176,14
source_intercept_control,B8_new,40,915,2.3679,1.19419474972,176,14
source_intercept_control,B8_new,40,916,0.5,1.25938995641,176,14
source_intercept_control,B8_new,40,917,0.5,1.24965460143,176,14
source_intercept_control,B8_new,40,918,0.5,1.230169888,176,14
source_intercept_control,B8_new,40,919,0.5011,1.21066451276,176,14
source_intercept_control,B8_new,40,920,0.7348,1.191135478,176,14
source_intercept_control,B8_new,40,921,1.0179,1.17157876954,176,14
source_intercept_control,B8_new,40,922,1.2307,1.1519887312,176,14
source_intercept_control,B8_new,40,923,1.4863,1.13235678759,176,14
source_intercept_control,B8_new,40,924,1.6999,1.11266834538,176,14
source_intercept_control,B8_new,40,925,1.9707,1.09289257327,176,14
source_intercept_control,B8_new,40,926,2.0827,1.08294655787,176,14
source_intercept_control,B8_new,40,927,2.262,1.07288290877,176,14
source_intercept_control,B8_new,40,928,0.5,1.18621313691,176,14
source_intercept_control,B8_new,40,929,0.5,1.17647778194,176,14
source_intercept_control,B8_new,40,930,0.5,1.15699306851,176,14
source_intercept_control,B8_new,40,931,0.5,1.13748769327,176,14
source_intercept_control,B8_new,40,932,0.7481,1.11795865851,176,14
source_intercept_control,B8_new,40,933,0.9344,1.09840195005,176,14
source_intercept_control,B8_new,40,934,1.1814,1.07881191171,176,14
source_intercept_control,B8_new,40,935,1.417,1.0591799681,176,14
source_intercept_control,B8_new,40,936,1.6703,1.03949152589,176,14
source_intercept_control,B8_new,40,937,1.9207,1.01971575378,176,14
source_intercept_control,B8_new,40,938,2.0172,1.00976973838,176,14
source_intercept_control,B8_new,40,939,2.1214,0.99970608928,176,14
source_intercept_control,B8_new,40,940,0.5,1.14954525259,176,14
source_intercept_control,B8_new,40,941,0.5,1.13980989761,176,14
source_intercept_control,B8_new,40,942,0.5,1.12032518419,176,14
source_intercept_control,B8_new,40,943,0.5,1.10081980894,176,14
source_intercept_control,B8_new,40,944,0.7164,1.08129077419,176,14
source_intercept_control,B8_new,40,945,0.9445,1.06173406573,176,14
source_intercept_control,B8_new,40,946,1.2004,1.04214402739,176,14
source_intercept_control,B8_new,40,947,1.4026,1.02251208378,176,14
source_intercept_control,B8_new,40,948,1.6463,1.00282364157,176,14
source_intercept_control,B8_new,40,949,1.8339,0.983047869451,176,14
source_intercept_control,B8_new,40,950,1.9979,0.973101854053,176,14
source_intercept_control,B8_new,40,951,2.0917,0.963038204956,176,14
source_intercept_control,B8_new,40,952,0.5,1.09573838304,176,14
source_intercept_control,B8_new,40,953,0.5,1.08600302806,176,14
source_intercept_control,B8_new,40,954,0.5,1.06651831464,176,14
source_intercept_control,B8_new,40,955,0.5,1.04701293939,176,14
source_intercept_control,B8_new,40,956,0.6864,1.02748390464,176,14
source_intercept_control,B8_new,40,957,0.9212,1.00792719618,176,14
source_intercept_control,B8_new,40,958,1.1336,0.988337157834,176,14
source_intercept_control,B8_new,40,959,1.3816,0.968705214228,176,14
source_intercept_control,B8_new,40,960,1.5375,0.949016772017,176,14
source_intercept_control,B8_new,40,961,1.8101,0.9292409999,176,14
source_intercept_control,B8_new,40,962,1.9054,0.919294984501,176,14
source_intercept_control,B8_new,40,963,2.0147,0.909231335404,176,14
source_intercept_control,B8_new,40,964,0.5,1.06225704699,176,14
source_intercept_control,B8_new,40,965,0.5,1.05252169201,176,14
source_intercept_control,B8_new,40,966,0.5,1.03303697859,176,14
source_intercept_control,B8_new,40,967,0.5,1.01353160334,176,14
source_intercept_control,B8_new,40,968,0.7035,0.994002568589,176,14
source_intercept_control,B8_new,40,969,0.8866,0.974445860132,176,14
source_intercept_control,B8_new,40,970,1.1238,0.954855821788,176,14
source_intercept_control,B8_new,40,971,1.351,0.935223878182,176,14
source_intercept_control,B8_new,40,972,1.5771,0.915535435971,176,14
source_intercept_control,B8_new,40,973,1.7729,0.895759663854,176,14
source_intercept_control,B8_new,40,974,1.8226,0.885813648455,176,14
source_intercept_control,B8_new,40,975,2.0298,0.875749999358,176,14
source_intercept_control,B8_new,40,976,0.5,1.02384252786,176,14
source_intercept_control,B8_new,40,977,0.5,1.01410717288,176,14
source_intercept_control,B8_new,40,978,0.5,0.994622459458,176,14
source_intercept_control,B8_new,40,979,0.5,0.975117084211,176,14
source_intercept_control,B8_new,40,980,0.6682,0.955588049456,176,14
source_intercept_control,B8_new,40,981,0.8929,0.936031340999,176,14
source_intercept_control,B8_new,40,982,1.1087,0.916441302654,176,14
source_intercept_control,B8_new,40,983,1.3121,0.896809359048,176,14
source_intercept_control,B8_new,40,984,1.5165,0.877120916837,176,14
source_intercept_control,B8_new,40,985,1.7375,0.85734514472,176,14
source_intercept_control,B8_new,40,986,1.8219,0.847399129321,176,14
source_intercept_control,B8_new,40,987,1.9394,0.837335480225,176,14
source_intercept_control,B8_new,40,988,0.5,0.992202002252,176,14
source_intercept_control,B8_new,40,989,0.5,0.982466647274,176,14
source_intercept_control,B8_new,40,990,0.5,0.962981933851,176,14
source_intercept_control,B8_new,40,991,0.5,0.943476558604,176,14
source_intercept_control,B8_new,40,992,0.6377,0.923947523849,176,14
source_intercept_control,B8_new,40,993,0.8589,0.904390815392,176,14
source_intercept_control,B8_new,40,994,1.0771,0.884800777047,176,14
source_intercept_control,B8_new,40,995,1.3187,0.865168833442,176,14
source_intercept_control,B8_new,40,996,1.5044,0.84548039123,176,14
source_intercept_control,B8_new,40,997,1.7336,0.825704619113,176,14
source_intercept_control,B8_new,40,998,1.7276,0.815758603715,176,14
source_intercept_control,B8_new,40,999,1.9275,0.805694954618,176,14
source_quality_interaction_new,B8_new,40,880,0.5,0.283469062938,176,14
source_quality_interaction_new,B8_new,40,881,0.5,0.398595101851,176,14
source_quality_interaction_new,B8_new,40,882,0.5,0.628833176211,176,14
source_quality_interaction_new,B8_new,40,883,0.5852,0.859050588747,176,14
source_quality_interaction_new,B8_new,40,884,0.867,1.08924434177,176,14
source_quality_interaction_new,B8_new,40,885,1.1797,1.3194104211,176,14
source_quality_interaction_new,B8_new,40,886,1.4673,1.54954317054,176,14
source_quality_interaction_new,B8_new,40,887,1.664,1.77963401472,176,14
source_quality_interaction_new,B8_new,40,888,2.0255,2.00966836029,176,14
source_quality_interaction_new,B8_new,40,889,2.2617,2.23961537595,176,14
source_quality_interaction_new,B8_new,40,890,2.4282,2.35453075445,176,14
source_quality_interaction_new,B8_new,40,891,2.5961,2.46932849924,176,14
source_quality_interaction_new,B8_new,40,892,0.5,0.228905419717,176,14
source_quality_interaction_new,B8_new,40,893,0.5,0.339611698572,176,14
source_quality_interaction_new,B8_new,40,894,0.5,0.561010252815,176,14
source_quality_interaction_new,B8_new,40,895,0.5768,0.782388145235,176,14
source_quality_interaction_new,B8_new,40,896,0.8237,1.00374237815,176,14
source_quality_interaction_new,B8_new,40,897,1.0791,1.22506893736,176,14
source_quality_interaction_new,B8_new,40,898,1.3525,1.44636216668,176,14
source_quality_interaction_new,B8_new,40,899,1.6241,1.66761349074,176,14
source_quality_interaction_new,B8_new,40,900,1.9251,1.88880831619,176,14
source_quality_interaction_new,B8_new,40,901,2.2087,2.10991581174,176,14
source_quality_interaction_new,B8_new,40,902,2.253,2.22041143018,176,14
source_quality_interaction_new,B8_new,40,903,2.4636,2.33078941492,176,14
source_quality_interaction_new,B8_new,40,904,0.5,0.198922860691,176,14
source_quality_interaction_new,B8_new,40,905,0.5,0.305209379488,176,14
source_quality_interaction_new,B8_new,40,906,0.5,0.517768413616,176,14
source_quality_interaction_new,B8_new,40,907,0.5362,0.730306785919,176,14
source_quality_interaction_new,B8_new,40,908,0.7886,0.942821498715,176,14
source_quality_interaction_new,B8_new,40,909,1.0198,1.15530853781,176,14
source_quality_interaction_new,B8_new,40,910,1.3092,1.36776224701,176,14
source_quality_interaction_new,B8_new,40,911,1.562,1.58017405096,176,14
source_quality_interaction_new,B8_new,40,912,1.7885,1.7925293563,176,14
source_quality_interaction_new,B8_new,40,913,2.0261,2.00479733173,176,14
source_quality_interaction_new,B8_new,40,914,2.1982,2.11087319011,176,14
source_quality_interaction_new,B8_new,40,915,2.3679,2.21683141479,176,14
source_quality_interaction_new,B8_new,40,916,0.5,0.189753866823,176,14
source_quality_interaction_new,B8_new,40,917,0.5,0.290197780627,176,14
source_quality_interaction_new,B8_new,40,918,0.5,0.491071604768,176,14
source_quality_interaction_new,B8_new,40,919,0.5011,0.691924767084,176,14
source_quality_interaction_new,B8_new,40,920,0.7348,0.892754269893,176,14
source_quality_interaction_new,B8_new,40,921,1.0179,1.093556099,176,14
source_quality_interaction_new,B8_new,40,922,1.2307,1.29432459822,176,14
source_quality_interaction_new,B8_new,40,923,1.4863,1.49505119218,176,14
source_quality_interaction_new,B8_new,40,924,1.6999,1.69572128753,176,14
source_quality_interaction_new,B8_new,40,925,1.9707,1.89630405298,176,14
source_quality_interaction_new,B8_new,40,926,2.0827,1.99653730636,176,14
source_quality_interaction_new,B8_new,40,927,2.262,2.09665292604,176,14
source_quality_interaction_new,B8_new,40,928,0.5,0.201409836285,176,14
source_quality_interaction_new,B8_new,40,929,0.5,0.29743399003,176,14
source_quality_interaction_new,B8_new,40,930,0.5,0.489468294055,176,14
source_quality_interaction_new,B8_new,40,931,0.5,0.681481936255,176,14
source_quality_interaction_new,B8_new,40,932,0.7481,0.873471918948,176,14
source_quality_interaction_new,B8_new,40,933,0.9344,1.06543422794,176,14
source_quality_interaction_new,B8_new,40,934,1.1814,1.25736320704,176,14
source_quality_interaction_new,B8_new,40,935,1.417,1.44925028088,176,14
source_quality_interaction_new,B8_new,40,936,1.6703,1.64108085612,176,14
source_quality_interaction_new,B8_new,40,937,1.9207,1.83282410145,176,14
source_quality_interaction_new,B8_new,40,938,2.0172,1.92863759477,176,14
source_quality_interaction_new,B8_new,40,939,2.1214,2.0243334544,176,14
source_quality_interaction_new,B8_new,40,940,0.5,0.214365952329,176,14
source_quality_interaction_new,B8_new,40,941,0.5,0.307804712179,176,14
source_quality_interaction_new,B8_new,40,942,0.5,0.494668228411,176,14
source_quality_interaction_new,B8_new,40,943,0.5,0.681511082819,176,14
source_quality_interaction_new,B8_new,40,944,0.7164,0.86833027772,176,14
source_quality_interaction_new,B8_new,40,945,0.9445,1.05512179892,176,14
source_quality_interaction_new,B8_new,40,946,1.2004,1.24187999023,176,14
source_quality_interaction_new,B8_new,40,947,1.4026,1.42859627628,176,14
source_quality_interaction_new,B8_new,40,948,1.6463,1.61525606372,176,14
source_quality_interaction_new,B8_new,40,949,1.8339,1.80182852126,176,14
source_quality_interaction_new,B8_new,40,950,1.9979,1.89505662069,176,14
source_quality_interaction_new,B8_new,40,951,2.0917,1.98816708642,176,14
source_quality_interaction_new,B8_new,40,952,0.5,0.24539187173,176,14
source_quality_interaction_new,B8_new,40,953,0.5,0.334410871522,176,14
source_quality_interaction_new,B8_new,40,954,0.5,0.512434867638,176,14
source_quality_interaction_new,B8_new,40,955,0.5,0.69043820193,176,14
source_quality_interaction_new,B8_new,40,956,0.6864,0.868417876714,176,14
source_quality_interaction_new,B8_new,40,957,0.9212,1.0463698778,176,14
source_quality_interaction_new,B8_new,40,958,1.1336,1.22428854899,176,14
source_quality_interaction_new,B8_new,40,959,1.3816,1.40216531492,176,14
source_quality_interaction_new,B8_new,40,960,1.5375,1.57998558225,176,14
source_quality_interaction_new,B8_new,40,961,1.8101,1.75771851967,176,14
source_quality_interaction_new,B8_new,40,962,1.9054,1.84652685904,176,14
source_quality_interaction_new,B8_new,40,963,2.0147,1.93521756472,176,14
source_quality_interaction_new,B8_new,40,964,0.5,0.2744293824,176,14
source_quality_interaction_new,B8_new,40,965,0.5,0.360191171094,176,14
source_quality_interaction_new,B8_new,40,966,0.5,0.531700745015,176,14
source_quality_interaction_new,B8_new,40,967,0.5,0.703189657113,176,14
source_quality_interaction_new,B8_new,40,968,0.7035,0.874654909702,176,14
source_quality_interaction_new,B8_new,40,969,0.8866,1.04609248859,176,14
source_quality_interaction_new,B8_new,40,970,1.1238,1.21749673759,176,14
source_quality_interaction_new,B8_new,40,971,1.351,1.38885908133,176,14
source_quality_interaction_new,B8_new,40,972,1.5771,1.56016492646,176,14
source_quality_interaction_new,B8_new,40,973,1.7729,1.73138344169,176,14
source_quality_interaction_new,B8_new,40,974,1.8226,1.81693456996,176,14
source_quality_interaction_new,B8_new,40,975,2.0298,1.90236806454,176,14
source_quality_interaction_new,B8_new,40,976,0.5,0.320847652219,176,14
source_quality_interaction_new,B8_new,40,977,0.5,0.402189680855,176,14
source_quality_interaction_new,B8_new,40,978,0.5,0.564859734661,176,14
source_quality_interaction_new,B8_new,40,979,0.5,0.727509126642,176,14
source_quality_interaction_new,B8_new,40,980,0.6682,0.890134859115,176,14
source_quality_interaction_new,B8_new,40,981,0.8929,1.05273291789,176,14
source_quality_interaction_new,B8_new,40,982,1.1087,1.21529764677,176,14
source_quality_interaction_new,B8_new,40,983,1.3121,1.37782047039,176,14
source_quality_interaction_new,B8_new,40,984,1.5165,1.54028679541,176,14
source_quality_interaction_new,B8_new,40,985,1.7375,1.70266579052,176,14
source_quality_interaction_new,B8_new,40,986,1.8219,1.78379715874,176,14
source_quality_interaction_new,B8_new,40,987,1.9394,1.86481089325,176,14
source_quality_interaction_new,B8_new,40,988,0.5,0.374039915565,176,14
source_quality_interaction_new,B8_new,40,989,0.5,0.450962184143,176,14
source_quality_interaction_new,B8_new,40,990,0.5,0.604792717832,176,14
source_quality_interaction_new,B8_new,40,991,0.5,0.758602589697,176,14
source_quality_interaction_new,B8_new,40,992,0.6377,0.912388802055,176,14
source_quality_interaction_new,B8_new,40,993,0.8589,1.06614734071,176,14
source_quality_interaction_new,B8_new,40,994,1.0771,1.21987254948,176,14
source_quality_interaction_new,B8_new,40,995,1.3187,1.37355585298,176,14
source_quality_interaction_new,B8_new,40,996,1.5044,1.52718265788,176,14
source_quality_interaction_new,B8_new,40,997,1.7336,1.68072213288,176,14
source_quality_interaction_new,B8_new,40,998,1.7276,1.75743374104,176,14
source_quality_interaction_new,B8_new,40,999,1.9275,1.8340277155,176,14
quality_model_current_raw,B8_new,70,1000,0.5,2.73413436407,176,14
quality_model_current_raw,B8_new,70,1001,0.5,2.72524313284,176,14
quality_model_current_raw,B8_new,70,1002,0.5,2.70744788112,176,14
quality_model_current_raw,B8_new,70,1003,0.5039,2.68963375911,176,14
quality_model_current_raw,B8_new,70,1004,0.8232,2.67179802903,176,14
quality_model_current_raw,B8_new,70,1005,1.1008,2.65393702475,176,14
quality_model_current_raw,B8_new,70,1006,1.4166,2.63604558052,176,14
quality_model_current_raw,B8_new,70,1007,1.6785,2.61811586452,176,14
quality_model_current_raw,B8_new,70,1008,2.0006,2.60013454873,176,14
quality_model_current_raw,B8_new,70,1009,2.2782,2.58207347515,176,14
quality_model_current_raw,B8_new,70,1010,2.4175,2.57298984925,176,14
quality_model_current_raw,B8_new,70,1011,2.6033,2.56379878931,176,14
quality_model_current_raw,B8_new,70,1012,0.5,2.59473793189,176,14
quality_model_current_raw,B8_new,70,1013,0.5,2.58584670067,176,14
quality_model_current_raw,B8_new,70,1014,0.5,2.56805144895,176,14
quality_model_current_raw,B8_new,70,1015,0.5,2.55023732693,176,14
quality_model_current_raw,B8_new,70,1016,0.7647,2.53240159685,176,14
quality_model_current_raw,B8_new,70,1017,1.0531,2.51454059258,176,14
quality_model_current_raw,B8_new,70,1018,1.3151,2.49664914835,176,14
quality_model_current_raw,B8_new,70,1019,1.6283,2.47871943234,176,14
quality_model_current_raw,B8_new,70,1020,1.8614,2.46073811655,176,14
quality_model_current_raw,B8_new,70,1021,2.1283,2.44267704298,176,14
quality_model_current_raw,B8_new,70,1022,2.2749,2.43359341707,176,14
quality_model_current_raw,B8_new,70,1023,2.4186,2.42440235714,176,14
quality_model_current_raw,B8_new,70,1024,0.5,2.47992258391,176,14
quality_model_current_raw,B8_new,70,1025,0.5,2.47103135269,176,14
quality_model_current_raw,B8_new,70,1026,0.5,2.45323610097,176,14
quality_model_current_raw,B8_new,70,1027,0.5,2.43542197895,176,14
quality_model_current_raw,B8_new,70,1028,0.7217,2.41758624888,176,14
quality_model_current_raw,B8_new,70,1029,0.9839,2.3997252446,176,14
quality_model_current_raw,B8_new,70,1030,1.2611,2.38183380037,176,14
quality_model_current_raw,B8_new,70,1031,1.5062,2.36390408436,176,14
quality_model_current_raw,B8_new,70,1032,1.7756,2.34592276858,176,14
quality_model_current_raw,B8_new,70,1033,2.0434,2.327861695,176,14
quality_model_current_raw,B8_new,70,1034,2.1901,2.31877806909,176,14
quality_model_current_raw,B8_new,70,1035,2.3369,2.30958700916,176,14
quality_model_current_raw,B8_new,70,1036,0.5,2.35861074296,176,14
quality_model_current_raw,B8_new,70,1037,0.5,2.34971951174,176,14
quality_model_current_raw,B8_new,70,1038,0.5,2.33192426002,176,14
quality_model_current_raw,B8_new,70,1039,0.5,2.314110138,176,14
quality_model_current_raw,B8_new,70,1040,0.7053,2.29627440792,176,14
quality_model_current_raw,B8_new,70,1041,0.9448,2.27841340365,176,14
quality_model_current_raw,B8_new,70,1042,1.1924,2.26052195942,176,14
quality_model_current_raw,B8_new,70,1043,1.4475,2.24259224341,176,14
quality_model_current_raw,B8_new,70,1044,1.6973,2.22461092762,176,14
quality_model_current_raw,B8_new,70,1045,1.9752,2.20654985405,176,14
quality_model_current_raw,B8_new,70,1046,2.1097,2.19746622814,176,14
quality_model_current_raw,B8_new,70,1047,2.2162,2.18827516821,176,14
quality_model_current_raw,B8_new,70,1048,0.5,2.28543392347,176,14
quality_model_current_raw,B8_new,70,1049,0.5,2.27654269224,176,14
quality_model_current_raw,B8_new,70,1050,0.5,2.25874744053,176,14
quality_model_current_raw,B8_new,70,1051,0.5,2.24093331851,176,14
quality_model_current_raw,B8_new,70,1052,0.6765,2.22309758843,176,14
quality_model_current_raw,B8_new,70,1053,0.9072,2.20523658416,176,14
quality_model_current_raw,B8_new,70,1054,1.1486,2.18734513993,176,14
quality_model_current_raw,B8_new,70,1055,1.3726,2.16941542392,176,14
quality_model_current_raw,B8_new,70,1056,1.6395,2.15143410813,176,14
quality_model_current_raw,B8_new,70,1057,1.905,2.13337303456,176,14
quality_model_current_raw,B8_new,70,1058,1.9747,2.12428940865,176,14
quality_model_current_raw,B8_new,70,1059,2.1223,2.11509834872,176,14
quality_model_current_raw,B8_new,70,1060,0.5,2.24876603915,176,14
quality_model_current_raw,B8_new,70,1061,0.5,2.23987480792,176,14
quality_model_current_raw,B8_new,70,1062,0.5,2.2220795562,176,14
quality_model_current_raw,B8_new,70,1063,0.5,2.20426543419,176,14
quality_model_current_raw,B8_new,70,1064,0.6507,2.18642970411,176,14
quality_model_current_raw,B8_new,70,1065,0.8903,2.16856869983,176,14
quality_model_current_raw,B8_new,70,1066,1.1506,2.1506772556,176,14
quality_model_current_raw,B8_new,70,1067,1.3601,2.1327475396,176,14
quality_model_current_raw,B8_new,70,1068,1.5779,2.11476622381,176,14
quality_model_current_raw,B8_new,70,1069,1.8604,2.09670515023,176,14
quality_model_current_raw,B8_new,70,1070,1.9377,2.08762152433,176,14
quality_model_current_raw,B8_new,70,1071,2.0817,2.07843046439,176,14
quality_model_current_raw,B8_new,70,1072,0.5,2.19495916959,176,14
quality_model_current_raw,B8_new,70,1073,0.5,2.18606793837,176,14
quality_model_current_raw,B8_new,70,1074,0.5,2.16827268665,176,14
quality_model_current_raw,B8_new,70,1075,0.5,2.15045856463,176,14
quality_model_current_raw,B8_new,70,1076,0.6571,2.13262283456,176,14
quality_model_current_raw,B8_new,70,1077,0.8554,2.11476183028,176,14
quality_model_current_raw,B8_new,70,1078,1.1181,2.09687038605,176,14
quality_model_current_raw,B8_new,70,1079,1.3754,2.07894067004,176,14
quality_model_current_raw,B8_new,70,1080,1.5736,2.06095935426,176,14
quality_model_current_raw,B8_new,70,1081,1.7826,2.04289828068,176,14
quality_model_current_raw,B8_new,70,1082,1.9317,2.03381465478,176,14
quality_model_current_raw,B8_new,70,1083,2.0225,2.02462359484,176,14
quality_model_current_raw,B8_new,70,1084,0.5,2.16147783355,176,14
quality_model_current_raw,B8_new,70,1085,0.5,2.15258660232,176,14
quality_model_current_raw,B8_new,70,1086,0.5,2.13479135061,176,14
quality_model_current_raw,B8_new,70,1087,0.5,2.11697722859,176,14
quality_model_current_raw,B8_new,70,1088,0.6398,2.09914149851,176,14
quality_model_current_raw,B8_new,70,1089,0.8696,2.08128049423,176,14
quality_model_current_raw,B8_new,70,1090,1.0654,2.06338905001,176,14
quality_model_current_raw,B8_new,70,1091,1.3269,2.045459334,176,14
quality_model_current_raw,B8_new,70,1092,1.552,2.02747801821,176,14
quality_model_current_raw,B8_new,70,1093,1.7856,2.00941694464,176,14
quality_model_current_raw,B8_new,70,1094,1.8785,2.00033331873,176,14
quality_model_current_raw,B8_new,70,1095,2.0232,1.9911422588,176,14
quality_model_current_raw,B8_new,70,1096,0.5,2.12306331441,176,14
quality_model_current_raw,B8_new,70,1097,0.5,2.11417208319,176,14
quality_model_current_raw,B8_new,70,1098,0.5,2.09637683147,176,14
quality_model_current_raw,B8_new,70,1099,0.5,2.07856270946,176,14
quality_model_current_raw,B8_new,70,1100,0.6331,2.06072697938,176,14
quality_model_current_raw,B8_new,70,1101,0.8268,2.0428659751,176,14
quality_model_current_raw,B8_new,70,1102,1.0717,2.02497453087,176,14
quality_model_current_raw,B8_new,70,1103,1.3056,2.00704481486,176,14
quality_model_current_raw,B8_new,70,1104,1.5113,1.98906349908,176,14
quality_model_current_raw,B8_new,70,1105,1.7324,1.9710024255,176,14
quality_model_current_raw,B8_new,70,1106,1.8305,1.9619187996,176,14
quality_model_current_raw,B8_new,70,1107,1.9314,1.95272773966,176,14
quality_model_current_raw,B8_new,70,1108,0.5,2.09142278881,176,14
quality_model_current_raw,B8_new,70,1109,0.5,2.08253155758,176,14
quality_model_current_raw,B8_new,70,1110,0.5,2.06473630587,176,14
quality_model_current_raw,B8_new,70,1111,0.5,2.04692218385,176,14
quality_model_current_raw,B8_new,70,1112,0.6095,2.02908645377,176,14
quality_model_current_raw,B8_new,70,1113,0.8205,2.01122544949,176,14
quality_model_current_raw,B8_new,70,1114,1.0279,1.99333400527,176,14
quality_model_current_raw,B8_new,70,1115,1.2745,1.97540428926,176,14
quality_model_current_raw,B8_new,70,1116,1.4713,1.95742297347,176,14
quality_model_current_raw,B8_new,70,1117,1.7312,1.9393618999,176,14
quality_model_current_raw,B8_new,70,1118,1.7959,1.93027827399,176,14
quality_model_current_raw,B8_new,70,1119,1.9285,1.92108721406,176,14
source_intercept_control,B8_new,70,1000,0.5,1.60026881439,176,14
source_intercept_control,B8_new,70,1001,0.5,1.59137758317,176,14
source_intercept_control,B8_new,70,1002,0.5,1.57358233145,176,14
source_intercept_control,B8_new,70,1003,0.5039,1.55576820944,176,14
source_intercept_control,B8_new,70,1004,0.8232,1.53793247936,176,14
source_intercept_control,B8_new,70,1005,1.1008,1.52007147508,176,14
source_intercept_control,B8_new,70,1006,1.4166,1.50218003085,176,14
source_intercept_control,B8_new,70,1007,1.6785,1.48425031484,176,14
source_intercept_control,B8_new,70,1008,2.0006,1.46626899906,176,14
source_intercept_control,B8_new,70,1009,2.2782,1.44820792548,176,14
source_intercept_control,B8_new,70,1010,2.4175,1.43912429958,176,14
source_intercept_control,B8_new,70,1011,2.6033,1.42993323964,176,14
source_intercept_control,B8_new,70,1012,0.5,1.46087238222,176,14
source_intercept_control,B8_new,70,1013,0.5,1.451981151,176,14
source_intercept_control,B8_new,70,1014,0.5,1.43418589928,176,14
source_intercept_control,B8_new,70,1015,0.5,1.41637177726,176,14
source_intercept_control,B8_new,70,1016,0.7647,1.39853604718,176,14
source_intercept_control,B8_new,70,1017,1.0531,1.38067504291,176,14
source_intercept_control,B8_new,70,1018,1.3151,1.36278359868,176,14
source_intercept_control,B8_new,70,1019,1.6283,1.34485388267,176,14
source_intercept_control,B8_new,70,1020,1.8614,1.32687256688,176,14
source_intercept_control,B8_new,70,1021,2.1283,1.30881149331,176,14
source_intercept_control,B8_new,70,1022,2.2749,1.2997278674,176,14
source_intercept_control,B8_new,70,1023,2.4186,1.29053680747,176,14
source_intercept_control,B8_new,70,1024,0.5,1.34605703424,176,14
source_intercept_control,B8_new,70,1025,0.5,1.33716580302,176,14
source_intercept_control,B8_new,70,1026,0.5,1.3193705513,176,14
source_intercept_control,B8_new,70,1027,0.5,1.30155642928,176,14
source_intercept_control,B8_new,70,1028,0.7217,1.2837206992,176,14
source_intercept_control,B8_new,70,1029,0.9839,1.26585969493,176,14
source_intercept_control,B8_new,70,1030,1.2611,1.2479682507,176,14
source_intercept_control,B8_new,70,1031,1.5062,1.23003853469,176,14
source_intercept_control,B8_new,70,1032,1.7756,1.21205721891,176,14
source_intercept_control,B8_new,70,1033,2.0434,1.19399614533,176,14
source_intercept_control,B8_new,70,1034,2.1901,1.18491251942,176,14
source_intercept_control,B8_new,70,1035,2.3369,1.17572145949,176,14
source_intercept_control,B8_new,70,1036,0.5,1.22474519329,176,14
source_intercept_control,B8_new,70,1037,0.5,1.21585396207,176,14
source_intercept_control,B8_new,70,1038,0.5,1.19805871035,176,14
source_intercept_control,B8_new,70,1039,0.5,1.18024458833,176,14
source_intercept_control,B8_new,70,1040,0.7053,1.16240885825,176,14
source_intercept_control,B8_new,70,1041,0.9448,1.14454785398,176,14
source_intercept_control,B8_new,70,1042,1.1924,1.12665640975,176,14
source_intercept_control,B8_new,70,1043,1.4475,1.10872669374,176,14
source_intercept_control,B8_new,70,1044,1.6973,1.09074537795,176,14
source_intercept_control,B8_new,70,1045,1.9752,1.07268430438,176,14
source_intercept_control,B8_new,70,1046,2.1097,1.06360067847,176,14
source_intercept_control,B8_new,70,1047,2.2162,1.05440961854,176,14
source_intercept_control,B8_new,70,1048,0.5,1.1515683738,176,14
source_intercept_control,B8_new,70,1049,0.5,1.14267714257,176,14
source_intercept_control,B8_new,70,1050,0.5,1.12488189086,176,14
source_intercept_control,B8_new,70,1051,0.5,1.10706776884,176,14
source_intercept_control,B8_new,70,1052,0.6765,1.08923203876,176,14
source_intercept_control,B8_new,70,1053,0.9072,1.07137103448,176,14
source_intercept_control,B8_new,70,1054,1.1486,1.05347959026,176,14
source_intercept_control,B8_new,70,1055,1.3726,1.03554987425,176,14
source_intercept_control,B8_new,70,1056,1.6395,1.01756855846,176,14
source_intercept_control,B8_new,70,1057,1.905,0.999507484886,176,14
source_intercept_control,B8_new,70,1058,1.9747,0.990423858981,176,14
source_intercept_control,B8_new,70,1059,2.1223,0.981232799047,176,14
source_intercept_control,B8_new,70,1060,0.5,1.11490048947,176,14
source_intercept_control,B8_new,70,1061,0.5,1.10600925825,176,14
source_intercept_control,B8_new,70,1062,0.5,1.08821400653,176,14
source_intercept_control,B8_new,70,1063,0.5,1.07039988452,176,14
source_intercept_control,B8_new,70,1064,0.6507,1.05256415444,176,14
source_intercept_control,B8_new,70,1065,0.8903,1.03470315016,176,14
source_intercept_control,B8_new,70,1066,1.1506,1.01681170593,176,14
source_intercept_control,B8_new,70,1067,1.3601,0.998881989925,176,14
source_intercept_control,B8_new,70,1068,1.5779,0.980900674138,176,14
source_intercept_control,B8_new,70,1069,1.8604,0.962839600562,176,14
source_intercept_control,B8_new,70,1070,1.9377,0.953755974657,176,14
source_intercept_control,B8_new,70,1071,2.0817,0.944564914723,176,14
source_intercept_control,B8_new,70,1072,0.5,1.06109361992,176,14
source_intercept_control,B8_new,70,1073,0.5,1.0522023887,176,14
source_intercept_control,B8_new,70,1074,0.5,1.03440713698,176,14
source_intercept_control,B8_new,70,1075,0.5,1.01659301496,176,14
source_intercept_control,B8_new,70,1076,0.6571,0.998757284885,176,14
source_intercept_control,B8_new,70,1077,0.8554,0.980896280609,176,14
source_intercept_control,B8_new,70,1078,1.1181,0.963004836381,176,14
source_intercept_control,B8_new,70,1079,1.3754,0.945075120373,176,14
source_intercept_control,B8_new,70,1080,1.5736,0.927093804586,176,14
source_intercept_control,B8_new,70,1081,1.7826,0.90903273101,176,14
source_intercept_control,B8_new,70,1082,1.9317,0.899949105105,176,14
source_intercept_control,B8_new,70,1083,2.0225,0.890758045171,176,14
source_intercept_control,B8_new,70,1084,0.5,1.02761228388,176,14
source_intercept_control,B8_new,70,1085,0.5,1.01872105265,176,14
source_intercept_control,B8_new,70,1086,0.5,1.00092580093,176,14
source_intercept_control,B8_new,70,1087,0.5,0.983111678918,176,14
source_intercept_control,B8_new,70,1088,0.6398,0.96527594884,176,14
source_intercept_control,B8_new,70,1089,0.8696,0.947414944563,176,14
source_intercept_control,B8_new,70,1090,1.0654,0.929523500336,176,14
source_intercept_control,B8_new,70,1091,1.3269,0.911593784327,176,14
source_intercept_control,B8_new,70,1092,1.552,0.89361246854,176,14
source_intercept_control,B8_new,70,1093,1.7856,0.875551394964,176,14
source_intercept_control,B8_new,70,1094,1.8785,0.866467769059,176,14
source_intercept_control,B8_new,70,1095,2.0232,0.857276709125,176,14
source_intercept_control,B8_new,70,1096,0.5,0.989197764744,176,14
source_intercept_control,B8_new,70,1097,0.5,0.980306533519,176,14
source_intercept_control,B8_new,70,1098,0.5,0.962511281801,176,14
source_intercept_control,B8_new,70,1099,0.5,0.944697159785,176,14
source_intercept_control,B8_new,70,1100,0.6331,0.926861429706,176,14
source_intercept_control,B8_new,70,1101,0.8268,0.90900042543,176,14
source_intercept_control,B8_new,70,1102,1.0717,0.891108981202,176,14
source_intercept_control,B8_new,70,1103,1.3056,0.873179265194,176,14
source_intercept_control,B8_new,70,1104,1.5113,0.855197949407,176,14
source_intercept_control,B8_new,70,1105,1.7324,0.837136875831,176,14
source_intercept_control,B8_new,70,1106,1.8305,0.828053249926,176,14
source_intercept_control,B8_new,70,1107,1.9314,0.818862189992,176,14
source_intercept_control,B8_new,70,1108,0.5,0.957557239137,176,14
source_intercept_control,B8_new,70,1109,0.5,0.948666007912,176,14
source_intercept_control,B8_new,70,1110,0.5,0.930870756194,176,14
source_intercept_control,B8_new,70,1111,0.5,0.913056634178,176,14
source_intercept_control,B8_new,70,1112,0.6095,0.895220904099,176,14
source_intercept_control,B8_new,70,1113,0.8205,0.877359899823,176,14
source_intercept_control,B8_new,70,1114,1.0279,0.859468455595,176,14
source_intercept_control,B8_new,70,1115,1.2745,0.841538739587,176,14
source_intercept_control,B8_new,70,1116,1.4713,0.8235574238,176,14
source_intercept_control,B8_new,70,1117,1.7312,0.805496350224,176,14
source_intercept_control,B8_new,70,1118,1.7959,0.796412724319,176,14
source_intercept_control,B8_new,70,1119,1.9285,0.787221664385,176,14
source_quality_interaction_new,B8_new,70,1000,0.5,0.275305426618,176,14
source_quality_interaction_new,B8_new,70,1001,0.5,0.389248118902,176,14
source_quality_interaction_new,B8_new,70,1002,0.5,0.617120714202,176,14
source_quality_interaction_new,B8_new,70,1003,0.5039,0.844974439204,176,14
source_quality_interaction_new,B8_new,70,1004,0.8232,1.07280655614,176,14
source_quality_interaction_new,B8_new,70,1005,1.1008,1.30061339888,176,14
source_quality_interaction_new,B8_new,70,1006,1.4166,1.52838980168,176,14
source_quality_interaction_new,B8_new,70,1007,1.6785,1.75612793268,176,14
source_quality_interaction_new,B8_new,70,1008,2.0006,1.98381446392,176,14
source_quality_interaction_new,B8_new,70,1009,2.2782,2.21142123736,176,14
source_quality_interaction_new,B8_new,70,1010,2.4175,2.32517153496,176,14
source_quality_interaction_new,B8_new,70,1011,2.6033,2.43881439854,176,14
source_quality_interaction_new,B8_new,70,1012,0.5,0.220547881389,176,14
source_quality_interaction_new,B8_new,70,1013,0.5,0.330021965845,176,14
source_quality_interaction_new,B8_new,70,1014,0.5,0.54895734549,176,14
source_quality_interaction_new,B8_new,70,1015,0.5,0.767873854836,176,14
source_quality_interaction_new,B8_new,70,1016,0.7647,0.98676875612,176,14
source_quality_interaction_new,B8_new,70,1017,1.0531,1.20563838321,176,14
source_quality_interaction_new,B8_new,70,1018,1.3151,1.42447757034,176,14
source_quality_interaction_new,B8_new,70,1019,1.6283,1.64327848569,176,14
source_quality_interaction_new,B8_new,70,1020,1.8614,1.86202780127,176,14
source_quality_interaction_new,B8_new,70,1021,2.1283,2.08069735906,176,14
source_quality_interaction_new,B8_new,70,1022,2.2749,2.18997904883,176,14
source_quality_interaction_new,B8_new,70,1023,2.4186,2.29915330458,176,14
source_quality_interaction_new,B8_new,70,1024,0.5,0.190371420355,176,14
source_quality_interaction_new,B8_new,70,1025,0.5,0.295376896983,176,14
source_quality_interaction_new,B8_new,70,1026,0.5,0.505375060973,176,14
source_quality_interaction_new,B8_new,70,1027,0.5,0.715354354663,176,14
source_quality_interaction_new,B8_new,70,1028,0.7217,0.925312040292,176,14
source_quality_interaction_new,B8_new,70,1029,0.9839,1.13524445172,176,14
source_quality_interaction_new,B8_new,70,1030,1.2611,1.3451464232,176,14
source_quality_interaction_new,B8_new,70,1031,1.5062,1.5550101229,176,14
source_quality_interaction_new,B8_new,70,1032,1.7756,1.76482222282,176,14
source_quality_interaction_new,B8_new,70,1033,2.0434,1.97455456495,176,14
source_quality_interaction_new,B8_new,70,1034,2.1901,2.0793676469,176,14
source_quality_interaction_new,B8_new,70,1035,2.3369,2.18407329482,176,14
source_quality_interaction_new,B8_new,70,1036,0.5,0.180946101975,176,14
source_quality_interaction_new,B8_new,70,1037,0.5,0.280044400371,176,14
source_quality_interaction_new,B8_new,70,1038,0.5,0.478228207895,176,14
source_quality_interaction_new,B8_new,70,1039,0.5,0.676393145121,176,14
source_quality_interaction_new,B8_new,70,1040,0.7053,0.874536474284,176,14
source_quality_interaction_new,B8_new,70,1041,0.9448,1.07265452925,176,14
source_quality_interaction_new,B8_new,70,1042,1.1924,1.27074214426,176,14
source_quality_interaction_new,B8_new,70,1043,1.4475,1.4687914875,176,14
source_quality_interaction_new,B8_new,70,1044,1.6973,1.66678923095,176,14
source_quality_interaction_new,B8_new,70,1045,1.9752,1.86470721662,176,14
source_quality_interaction_new,B8_new,70,1046,2.1097,1.96361312033,176,14
source_quality_interaction_new,B8_new,70,1047,2.2162,2.06241159002,176,14
source_quality_interaction_new,B8_new,70,1048,0.5,0.192408169429,176,14
source_quality_interaction_new,B8_new,70,1049,0.5,0.287037859997,176,14
source_quality_interaction_new,B8_new,70,1050,0.5,0.476284451865,176,14
source_quality_interaction_new,B8_new,70,1051,0.5,0.665512173435,176,14
source_quality_interaction_new,B8_new,70,1052,0.6765,0.854718286943,176,14
source_quality_interaction_new,B8_new,70,1053,0.9072,1.04389912625,176,14
source_quality_interaction_new,B8_new,70,1054,1.1486,1.23304952561,176,14
source_quality_interaction_new,B8_new,70,1055,1.3726,1.42216165319,176,14
source_quality_interaction_new,B8_new,70,1056,1.6395,1.61122218099,176,14
source_quality_interaction_new,B8_new,70,1057,1.905,1.800202951,176,14
source_quality_interaction_new,B8_new,70,1058,1.9747,1.89464024689,176,14
source_quality_interaction_new,B8_new,70,1059,2.1223,1.98897010875,176,14
source_quality_interaction_new,B8_new,70,1060,0.5,0.20525086007,176,14
source_quality_interaction_new,B8_new,70,1061,0.5,0.297266582628,176,14
source_quality_interaction_new,B8_new,70,1062,0.5,0.481285238478,176,14
source_quality_interaction_new,B8_new,70,1063,0.5,0.665285024029,176,14
source_quality_interaction_new,B8_new,70,1064,0.6507,0.849263201517,176,14
source_quality_interaction_new,B8_new,70,1065,0.8903,1.03321610481,176,14
source_quality_interaction_new,B8_new,70,1066,1.1506,1.21713856815,176,14
source_quality_interaction_new,B8_new,70,1067,1.3601,1.40102275971,176,14
source_quality_interaction_new,B8_new,70,1068,1.5779,1.58485535149,176,14
source_quality_interaction_new,B8_new,70,1069,1.8604,1.76860818548,176,14
source_quality_interaction_new,B8_new,70,1070,1.9377,1.86043151336,176,14
source_quality_interaction_new,B8_new,70,1071,2.0817,1.9521474072,176,14
source_quality_interaction_new,B8_new,70,1072,0.5,0.236082877463,176,14
source_quality_interaction_new,B8_new,70,1073,0.5,0.323629992194,176,14
source_quality_interaction_new,B8_new,70,1074,0.5,0.498711432387,176,14
source_quality_interaction_new,B8_new,70,1075,0.5,0.673774002283,176,14
source_quality_interaction_new,B8_new,70,1076,0.6571,0.848814964116,176,14
source_quality_interaction_new,B8_new,70,1077,0.8554,1.02383065175,176,14
source_quality_interaction_new,B8_new,70,1078,1.1181,1.19881589943,176,14
source_quality_interaction_new,B8_new,70,1079,1.3754,1.37376287534,176,14
source_quality_interaction_new,B8_new,70,1080,1.5736,1.54865825146,176,14
source_quality_interaction_new,B8_new,70,1081,1.7826,1.7234738698,176,14
source_quality_interaction_new,B8_new,70,1082,1.9317,1.81082858985,176,14
source_quality_interaction_new,B8_new,70,1083,2.0225,1.89807587587,176,14
source_quality_interaction_new,B8_new,70,1084,0.5,0.264977489024,176,14
source_quality_interaction_new,B8_new,70,1085,0.5,0.349231393532,176,14
source_quality_interaction_new,B8_new,70,1086,0.5,0.51772641328,176,14
source_quality_interaction_new,B8_new,70,1087,0.5,0.686202562729,176,14
source_quality_interaction_new,B8_new,70,1088,0.6398,0.854657104117,176,14
source_quality_interaction_new,B8_new,70,1089,0.8696,1.02308637131,176,14
source_quality_interaction_new,B8_new,70,1090,1.0654,1.19148519854,176,14
source_quality_interaction_new,B8_new,70,1091,1.3269,1.359845754,176,14
source_quality_interaction_new,B8_new,70,1092,1.552,1.52815470968,176,14
source_quality_interaction_new,B8_new,70,1093,1.7856,1.69638390757,176,14
source_quality_interaction_new,B8_new,70,1094,1.8785,1.7804454174,176,14
source_quality_interaction_new,B8_new,70,1095,2.0232,1.8643994932,176,14
source_quality_interaction_new,B8_new,70,1096,0.5,0.311201856835,176,14
source_quality_interaction_new,B8_new,70,1097,0.5,0.390987153515,176,14
source_quality_interaction_new,B8_new,70,1098,0.5,0.550544957608,176,14
source_quality_interaction_new,B8_new,70,1099,0.5,0.710083891402,176,14
source_quality_interaction_new,B8_new,70,1100,0.6331,0.869601217134,176,14
source_quality_interaction_new,B8_new,70,1101,0.8268,1.02909326867,176,14
source_quality_interaction_new,B8_new,70,1102,1.0717,1.18855488025,176,14
source_quality_interaction_new,B8_new,70,1103,1.3056,1.34797822005,176,14
source_quality_interaction_new,B8_new,70,1104,1.5113,1.50734996008,176,14
source_quality_interaction_new,B8_new,70,1105,1.7324,1.66664194231,176,14
source_quality_interaction_new,B8_new,70,1106,1.8305,1.74623484431,176,14
source_quality_interaction_new,B8_new,70,1107,1.9314,1.82572031228,176,14
source_quality_interaction_new,B8_new,70,1108,0.5,0.364200218173,176,14
source_quality_interaction_new,B8_new,70,1109,0.5,0.439516907025,176,14
source_quality_interaction_new,B8_new,70,1110,0.5,0.590137495462,176,14
source_quality_interaction_new,B8_new,70,1111,0.5,0.740739213601,176,14
source_quality_interaction_new,B8_new,70,1112,0.6095,0.891319323677,176,14
source_quality_interaction_new,B8_new,70,1113,0.8205,1.04187415956,176,14
source_quality_interaction_new,B8_new,70,1114,1.0279,1.19239855548,176,14
source_quality_interaction_new,B8_new,70,1115,1.2745,1.34288467963,176,14
source_quality_interaction_new,B8_new,70,1116,1.4713,1.493319204,176,14
source_quality_interaction_new,B8_new,70,1117,1.7312,1.64367397058,176,14
source_quality_interaction_new,B8_new,70,1118,1.7959,1.71879826475,176,14
source_quality_interaction_new,B8_new,70,1119,1.9285,1.79381512489,176,14
quality_model_current_raw,B8_new,120,1120,0.5,2.70590476014,176,14
quality_model_current_raw,B8_new,120,1121,0.5,2.69775727916,176,14
quality_model_current_raw,B8_new,120,1122,0.5,2.68145059776,176,14
quality_model_current_raw,B8_new,120,1123,0.5,2.66512662456,176,14
quality_model_current_raw,B8_new,120,1124,0.759,2.64878285081,176,14
quality_model_current_raw,B8_new,120,1125,1.0383,2.63241591705,176,14
quality_model_current_raw,B8_new,120,1126,1.3529,2.61602108963,176,14
quality_model_current_raw,B8_new,120,1127,1.6294,2.59959119186,176,14
quality_model_current_raw,B8_new,120,1128,1.8929,2.58311401062,176,14
quality_model_current_raw,B8_new,120,1129,2.2776,2.56656374333,176,14
quality_model_current_raw,B8_new,120,1130,2.3327,2.55823996146,176,14
quality_model_current_raw,B8_new,120,1131,2.5753,2.5498177324,176,14
quality_model_current_raw,B8_new,120,1132,0.5,2.56650832796,176,14
quality_model_current_raw,B8_new,120,1133,0.5,2.55836084699,176,14
quality_model_current_raw,B8_new,120,1134,0.5,2.54205416559,176,14
quality_model_current_raw,B8_new,120,1135,0.5,2.52573019239,176,14
quality_model_current_raw,B8_new,120,1136,0.7123,2.50938641864,176,14
quality_model_current_raw,B8_new,120,1137,0.9953,2.49301948487,176,14
quality_model_current_raw,B8_new,120,1138,1.2815,2.47662465745,176,14
quality_model_current_raw,B8_new,120,1139,1.5384,2.46019475968,176,14
quality_model_current_raw,B8_new,120,1140,1.8585,2.44371757845,176,14
quality_model_current_raw,B8_new,120,1141,2.1465,2.42716731115,176,14
quality_model_current_raw,B8_new,120,1142,2.2588,2.41884352928,176,14
quality_model_current_raw,B8_new,120,1143,2.4219,2.41042130023,176,14
quality_model_current_raw,B8_new,120,1144,0.5,2.45169297999,176,14
quality_model_current_raw,B8_new,120,1145,0.5,2.44354549901,176,14
quality_model_current_raw,B8_new,120,1146,0.5,2.42723881761,176,14
quality_model_current_raw,B8_new,120,1147,0.5,2.41091484441,176,14
quality_model_current_raw,B8_new,120,1148,0.686,2.39457107066,176,14
quality_model_current_raw,B8_new,120,1149,0.9324,2.3782041369,176,14
quality_model_current_raw,B8_new,120,1150,1.2186,2.36180930948,176,14
quality_model_current_raw,B8_new,120,1151,1.4699,2.34537941171,176,14
quality_model_current_raw,B8_new,120,1152,1.7489,2.32890223047,176,14
quality_model_current_raw,B8_new,120,1153,2.0566,2.31235196317,176,14
quality_model_current_raw,B8_new,120,1154,2.1247,2.30402818131,176,14
quality_model_current_raw,B8_new,120,1155,2.2493,2.29560595225,176,14
quality_model_current_raw,B8_new,120,1156,0.5,2.33038113903,176,14
quality_model_current_raw,B8_new,120,1157,0.5,2.32223365806,176,14
quality_model_current_raw,B8_new,120,1158,0.5,2.30592697666,176,14
quality_model_current_raw,B8_new,120,1159,0.5,2.28960300346,176,14
quality_model_current_raw,B8_new,120,1160,0.6689,2.27325922971,176,14
quality_model_current_raw,B8_new,120,1161,0.9237,2.25689229594,176,14
quality_model_current_raw,B8_new,120,1162,1.1614,2.24049746852,176,14
quality_model_current_raw,B8_new,120,1163,1.3938,2.22406757075,176,14
quality_model_current_raw,B8_new,120,1164,1.682,2.20759038952,176,14
quality_model_current_raw,B8_new,120,1165,1.9395,2.19104012222,176,14
quality_model_current_raw,B8_new,120,1166,2.0853,2.18271634035,176,14
quality_model_current_raw,B8_new,120,1167,2.2004,2.1742941113,176,14
quality_model_current_raw,B8_new,120,1168,0.5,2.25720431954,176,14
quality_model_current_raw,B8_new,120,1169,0.5,2.24905683857,176,14
quality_model_current_raw,B8_new,120,1170,0.5,2.23275015717,176,14
quality_model_current_raw,B8_new,120,1171,0.5,2.21642618397,176,14
quality_model_current_raw,B8_new,120,1172,0.6206,2.20008241022,176,14
quality_model_current_raw,B8_new,120,1173,0.8829,2.18371547645,176,14
quality_model_current_raw,B8_new,120,1174,1.1099,2.16732064903,176,14
quality_model_current_raw,B8_new,120,1175,1.3531,2.15089075126,176,14
quality_model_current_raw,B8_new,120,1176,1.5774,2.13441357003,176,14
quality_model_current_raw,B8_new,120,1177,1.8321,2.11786330273,176,14
quality_model_current_raw,B8_new,120,1178,1.9432,2.10953952086,176,14
quality_model_current_raw,B8_new,120,1179,2.1521,2.10111729181,176,14
quality_model_current_raw,B8_new,120,1180,0.5,2.22053643522,176,14
quality_model_current_raw,B8_new,120,1181,0.5,2.21238895424,176,14
quality_model_current_raw,B8_new,120,1182,0.5,2.19608227284,176,14
quality_model_current_raw,B8_new,120,1183,0.5,2.17975829964,176,14
quality_model_current_raw,B8_new,120,1184,0.6188,2.16341452589,176,14
quality_model_current_raw,B8_new,120,1185,0.8572,2.14704759213,176,14
quality_model_current_raw,B8_new,120,1186,1.0887,2.13065276471,176,14
quality_model_current_raw,B8_new,120,1187,1.3605,2.11422286694,176,14
quality_model_current_raw,B8_new,120,1188,1.5564,2.0977456857,176,14
quality_model_current_raw,B8_new,120,1189,1.8816,2.08119541841,176,14
quality_model_current_raw,B8_new,120,1190,1.9557,2.07287163654,176,14
quality_model_current_raw,B8_new,120,1191,2.0881,2.06444940748,176,14
quality_model_current_raw,B8_new,120,1192,0.5,2.16672956567,176,14
quality_model_current_raw,B8_new,120,1193,0.5,2.15858208469,176,14
quality_model_current_raw,B8_new,120,1194,0.5,2.14227540329,176,14
quality_model_current_raw,B8_new,120,1195,0.5,2.12595143009,176,14
quality_model_current_raw,B8_new,120,1196,0.6045,2.10960765634,176,14
quality_model_current_raw,B8_new,120,1197,0.8569,2.09324072258,176,14
quality_model_current_raw,B8_new,120,1198,1.092,2.07684589516,176,14
quality_model_current_raw,B8_new,120,1199,1.2863,2.06041599739,176,14
quality_model_current_raw,B8_new,120,1200,1.5302,2.04393881615,176,14
quality_model_current_raw,B8_new,120,1201,1.7838,2.02738854886,176,14
quality_model_current_raw,B8_new,120,1202,1.9031,2.01906476699,176,14
quality_model_current_raw,B8_new,120,1203,2.0619,2.01064253793,176,14
quality_model_current_raw,B8_new,120,1204,0.5,2.13324822962,176,14
quality_model_current_raw,B8_new,120,1205,0.5,2.12510074865,176,14
quality_model_current_raw,B8_new,120,1206,0.5,2.10879406725,176,14
quality_model_current_raw,B8_new,120,1207,0.5,2.09247009405,176,14
quality_model_current_raw,B8_new,120,1208,0.5807,2.0761263203,176,14
quality_model_current_raw,B8_new,120,1209,0.8175,2.05975938653,176,14
quality_model_current_raw,B8_new,120,1210,1.0547,2.04336455911,176,14
quality_model_current_raw,B8_new,120,1211,1.2832,2.02693466134,176,14
quality_model_current_raw,B8_new,120,1212,1.5164,2.01045748011,176,14
quality_model_current_raw,B8_new,120,1213,1.7304,1.99390721281,176,14
quality_model_current_raw,B8_new,120,1214,1.8749,1.98558343094,176,14
quality_model_current_raw,B8_new,120,1215,2.0294,1.97716120189,176,14
quality_model_current_raw,B8_new,120,1216,0.5,2.09483371049,176,14
quality_model_current_raw,B8_new,120,1217,0.5,2.08668622951,176,14
quality_model_current_raw,B8_new,120,1218,0.5,2.07037954811,176,14
quality_model_current_raw,B8_new,120,1219,0.5,2.05405557491,176,14
quality_model_current_raw,B8_new,120,1220,0.5785,2.03771180116,176,14
quality_model_current_raw,B8_new,120,1221,0.7972,2.0213448674,176,14
quality_model_current_raw,B8_new,120,1222,1.0412,2.00495003998,176,14
quality_model_current_raw,B8_new,120,1223,1.2562,1.98852014221,176,14
quality_model_current_raw,B8_new,120,1224,1.485,1.97204296097,176,14
quality_model_current_raw,B8_new,120,1225,1.7223,1.95549269368,176,14
quality_model_current_raw,B8_new,120,1226,1.8568,1.94716891181,176,14
quality_model_current_raw,B8_new,120,1227,1.9082,1.93874668275,176,14
quality_model_current_raw,B8_new,120,1228,0.5,2.06319318488,176,14
quality_model_current_raw,B8_new,120,1229,0.5,2.05504570391,176,14
quality_model_current_raw,B8_new,120,1230,0.5,2.03873902251,176,14
quality_model_current_raw,B8_new,120,1231,0.5,2.02241504931,176,14
quality_model_current_raw,B8_new,120,1232,0.5772,2.00607127556,176,14
quality_model_current_raw,B8_new,120,1233,0.7936,1.98970434179,176,14
quality_model_current_raw,B8_new,120,1234,1.0107,1.97330951437,176,14
quality_model_current_raw,B8_new,120,1235,1.2063,1.9568796166,176,14
quality_model_current_raw,B8_new,120,1236,1.4677,1.94040243537,176,14
quality_model_current_raw,B8_new,120,1237,1.6316,1.92385216807,176,14
quality_model_current_raw,B8_new,120,1238,1.8387,1.9155283862,176,14
quality_model_current_raw,B8_new,120,1239,1.9249,1.90710615715,176,14
source_intercept_control,B8_new,120,1120,0.5,1.57162879525,176,14
source_intercept_control,B8_new,120,1121,0.5,1.56348131427,176,14
source_intercept_control,B8_new,120,1122,0.5,1.54717463287,176,14
source_intercept_control,B8_new,120,1123,0.5,1.53085065967,176,14
source_intercept_control,B8_new,120,1124,0.759,1.51450688592,176,14
source_intercept_control,B8_new,120,1125,1.0383,1.49813995215,176,14
source_intercept_control,B8_new,120,1126,1.3529,1.48174512474,176,14
source_intercept_control,B8_new,120,1127,1.6294,1.46531522696,176,14
source_intercept_control,B8_new,120,1128,1.8929,1.44883804573,176,14
source_intercept_control,B8_new,120,1129,2.2776,1.43228777843,176,14
source_intercept_control,B8_new,120,1130,2.3327,1.42396399657,176,14
source_intercept_control,B8_new,120,1131,2.5753,1.41554176751,176,14
source_intercept_control,B8_new,120,1132,0.5,1.43223236307,176,14
source_intercept_control,B8_new,120,1133,0.5,1.42408488209,176,14
source_intercept_control,B8_new,120,1134,0.5,1.4077782007,176,14
source_intercept_control,B8_new,120,1135,0.5,1.3914542275,176,14
source_intercept_control,B8_new,120,1136,0.7123,1.37511045375,176,14
source_intercept_control,B8_new,120,1137,0.9953,1.35874351998,176,14
source_intercept_control,B8_new,120,1138,1.2815,1.34234869256,176,14
source_intercept_control,B8_new,120,1139,1.5384,1.32591879479,176,14
source_intercept_control,B8_new,120,1140,1.8585,1.30944161356,176,14
source_intercept_control,B8_new,120,1141,2.1465,1.29289134626,176,14
source_intercept_control,B8_new,120,1142,2.2588,1.28456756439,176,14
source_intercept_control,B8_new,120,1143,2.4219,1.27614533534,176,14
source_intercept_control,B8_new,120,1144,0.5,1.31741701509,176,14
source_intercept_control,B8_new,120,1145,0.5,1.30926953412,176,14
source_intercept_control,B8_new,120,1146,0.5,1.29296285272,176,14
source_intercept_control,B8_new,120,1147,0.5,1.27663887952,176,14
source_intercept_control,B8_new,120,1148,0.686,1.26029510577,176,14
source_intercept_control,B8_new,120,1149,0.9324,1.243928172,176,14
source_intercept_control,B8_new,120,1150,1.2186,1.22753334458,176,14
source_intercept_control,B8_new,120,1151,1.4699,1.21110344681,176,14
source_intercept_control,B8_new,120,1152,1.7489,1.19462626558,176,14
source_intercept_control,B8_new,120,1153,2.0566,1.17807599828,176,14
source_intercept_control,B8_new,120,1154,2.1247,1.16975221641,176,14
source_intercept_control,B8_new,120,1155,2.2493,1.16132998736,176,14
source_intercept_control,B8_new,120,1156,0.5,1.19610517414,176,14
source_intercept_control,B8_new,120,1157,0.5,1.18795769316,176,14
source_intercept_control,B8_new,120,1158,0.5,1.17165101177,176,14
source_intercept_control,B8_new,120,1159,0.5,1.15532703857,176,14
source_intercept_control,B8_new,120,1160,0.6689,1.13898326482,176,14
source_intercept_control,B8_new,120,1161,0.9237,1.12261633105,176,14
source_intercept_control,B8_new,120,1162,1.1614,1.10622150363,176,14
source_intercept_control,B8_new,120,1163,1.3938,1.08979160586,176,14
source_intercept_control,B8_new,120,1164,1.682,1.07331442463,176,14
source_intercept_control,B8_new,120,1165,1.9395,1.05676415733,176,14
source_intercept_control,B8_new,120,1166,2.0853,1.04844037546,176,14
source_intercept_control,B8_new,120,1167,2.2004,1.04001814641,176,14
source_intercept_control,B8_new,120,1168,0.5,1.12292835465,176,14
source_intercept_control,B8_new,120,1169,0.5,1.11478087367,176,14
source_intercept_control,B8_new,120,1170,0.5,1.09847419227,176,14
source_intercept_control,B8_new,120,1171,0.5,1.08215021907,176,14
source_intercept_control,B8_new,120,1172,0.6206,1.06580644532,176,14
source_intercept_control,B8_new,120,1173,0.8829,1.04943951156,176,14
source_intercept_control,B8_new,120,1174,1.1099,1.03304468414,176,14
source_intercept_control,B8_new,120,1175,1.3531,1.01661478637,176,14
source_intercept_control,B8_new,120,1176,1.5774,1.00013760513,176,14
source_intercept_control,B8_new,120,1177,1.8321,0.983587337838,176,14
source_intercept_control,B8_new,120,1178,1.9432,0.97526355597,176,14
source_intercept_control,B8_new,120,1179,2.1521,0.966841326914,176,14
source_intercept_control,B8_new,120,1180,0.5,1.08626047033,176,14
source_intercept_control,B8_new,120,1181,0.5,1.07811298935,176,14
source_intercept_control,B8_new,120,1182,0.5,1.06180630795,176,14
source_intercept_control,B8_new,120,1183,0.5,1.04548233475,176,14
source_intercept_control,B8_new,120,1184,0.6188,1.029138561,176,14
source_intercept_control,B8_new,120,1185,0.8572,1.01277162723,176,14
source_intercept_control,B8_new,120,1186,1.0887,0.996376799815,176,14
source_intercept_control,B8_new,120,1187,1.3605,0.979946902045,176,14
source_intercept_control,B8_new,120,1188,1.5564,0.96346972081,176,14
source_intercept_control,B8_new,120,1189,1.8816,0.946919453514,176,14
source_intercept_control,B8_new,120,1190,1.9557,0.938595671646,176,14
source_intercept_control,B8_new,120,1191,2.0881,0.93017344259,176,14
source_intercept_control,B8_new,120,1192,0.5,1.03245360077,176,14
source_intercept_control,B8_new,120,1193,0.5,1.0243061198,176,14
source_intercept_control,B8_new,120,1194,0.5,1.0079994384,176,14
source_intercept_control,B8_new,120,1195,0.5,0.991675465198,176,14
source_intercept_control,B8_new,120,1196,0.6045,0.975331691448,176,14
source_intercept_control,B8_new,120,1197,0.8569,0.958964757682,176,14
source_intercept_control,B8_new,120,1198,1.092,0.942569930263,176,14
source_intercept_control,B8_new,120,1199,1.2863,0.926140032493,176,14
source_intercept_control,B8_new,120,1200,1.5302,0.909662851258,176,14
source_intercept_control,B8_new,120,1201,1.7838,0.893112583962,176,14
source_intercept_control,B8_new,120,1202,1.9031,0.884788802094,176,14
source_intercept_control,B8_new,120,1203,2.0619,0.876366573038,176,14
source_intercept_control,B8_new,120,1204,0.5,0.998972264728,176,14
source_intercept_control,B8_new,120,1205,0.5,0.990824783752,176,14
source_intercept_control,B8_new,120,1206,0.5,0.974518102352,176,14
source_intercept_control,B8_new,120,1207,0.5,0.958194129153,176,14
source_intercept_control,B8_new,120,1208,0.5807,0.941850355402,176,14
source_intercept_control,B8_new,120,1209,0.8175,0.925483421636,176,14
source_intercept_control,B8_new,120,1210,1.0547,0.909088594218,176,14
source_intercept_control,B8_new,120,1211,1.2832,0.892658696447,176,14
source_intercept_control,B8_new,120,1212,1.5164,0.876181515212,176,14
source_intercept_control,B8_new,120,1213,1.7304,0.859631247916,176,14
source_intercept_control,B8_new,120,1214,1.8749,0.851307466048,176,14
source_intercept_control,B8_new,120,1215,2.0294,0.842885236992,176,14
source_intercept_control,B8_new,120,1216,0.5,0.960557745594,176,14
source_intercept_control,B8_new,120,1217,0.5,0.952410264618,176,14
source_intercept_control,B8_new,120,1218,0.5,0.936103583219,176,14
source_intercept_control,B8_new,120,1219,0.5,0.919779610019,176,14
source_intercept_control,B8_new,120,1220,0.5785,0.903435836269,176,14
source_intercept_control,B8_new,120,1221,0.7972,0.887068902503,176,14
source_intercept_control,B8_new,120,1222,1.0412,0.870674075084,176,14
source_intercept_control,B8_new,120,1223,1.2562,0.854244177314,176,14
source_intercept_control,B8_new,120,1224,1.485,0.837766996079,176,14
source_intercept_control,B8_new,120,1225,1.7223,0.821216728783,176,14
source_intercept_control,B8_new,120,1226,1.8568,0.812892946914,176,14
source_intercept_control,B8_new,120,1227,1.9082,0.804470717859,176,14
source_intercept_control,B8_new,120,1228,0.5,0.928917219987,176,14
source_intercept_control,B8_new,120,1229,0.5,0.920769739011,176,14
source_intercept_control,B8_new,120,1230,0.5,0.904463057612,176,14
source_intercept_control,B8_new,120,1231,0.5,0.888139084412,176,14
source_intercept_control,B8_new,120,1232,0.5772,0.871795310662,176,14
source_intercept_control,B8_new,120,1233,0.7936,0.855428376896,176,14
source_intercept_control,B8_new,120,1234,1.0107,0.839033549477,176,14
source_intercept_control,B8_new,120,1235,1.2063,0.822603651707,176,14
source_intercept_control,B8_new,120,1236,1.4677,0.806126470472,176,14
source_intercept_control,B8_new,120,1237,1.6316,0.789576203176,176,14
source_intercept_control,B8_new,120,1238,1.8387,0.781252421308,176,14
source_intercept_control,B8_new,120,1239,1.9249,0.772830192252,176,14
source_quality_interaction_new,B8_new,120,1120,0.5,0.272409730825,176,14
source_quality_interaction_new,B8_new,120,1121,0.5,0.384918281777,176,14
source_quality_interaction_new,B8_new,120,1122,0.5,0.609923664236,176,14
source_quality_interaction_new,B8_new,120,1123,0.5,0.834911754893,176,14
source_quality_interaction_new,B8_new,120,1124,0.759,1.059880045,176,14
source_quality_interaction_new,B8_new,120,1125,1.0383,1.28482517509,176,14
source_quality_interaction_new,B8_new,120,1126,1.3529,1.50974241153,176,14
source_quality_interaction_new,B8_new,120,1127,1.6294,1.73462457762,176,14
source_quality_interaction_new,B8_new,120,1128,1.8929,1.95945946024,176,14
source_quality_interaction_new,B8_new,120,1129,2.2776,2.1842212568,176,14
source_quality_interaction_new,B8_new,120,1130,2.3327,2.29655350686,176,14
source_quality_interaction_new,B8_new,120,1131,2.5753,2.40878730973,176,14
source_quality_interaction_new,B8_new,120,1132,0.5,0.217512838443,176,14
source_quality_interaction_new,B8_new,120,1133,0.5,0.325559165969,176,14
source_quality_interaction_new,B8_new,120,1134,0.5,0.541640101574,176,14
source_quality_interaction_new,B8_new,120,1135,0.5,0.757703745378,176,14
source_quality_interaction_new,B8_new,120,1136,0.7123,0.973747588631,176,14
source_quality_interaction_new,B8_new,120,1137,0.9953,1.18976827187,176,14
source_quality_interaction_new,B8_new,120,1138,1.2815,1.40576106145,176,14
source_quality_interaction_new,B8_new,120,1139,1.5384,1.62171878069,176,14
source_quality_interaction_new,B8_new,120,1140,1.8585,1.83762921646,176,14
source_quality_interaction_new,B8_new,120,1141,2.1465,2.05346656616,176,14
source_quality_interaction_new,B8_new,120,1142,2.2588,2.1613365928,176,14
source_quality_interaction_new,B8_new,120,1143,2.4219,2.26910817224,176,14
source_quality_interaction_new,B8_new,120,1144,0.5,0.187197030258,176,14
source_quality_interaction_new,B8_new,120,1145,0.5,0.290781134357,176,14
source_quality_interaction_new,B8_new,120,1146,0.5,0.497937623108,176,14
source_quality_interaction_new,B8_new,120,1147,0.5,0.705076820059,176,14
source_quality_interaction_new,B8_new,120,1148,0.686,0.912196216459,176,14
source_quality_interaction_new,B8_new,120,1149,0.9324,1.11929245284,176,14
source_quality_interaction_new,B8_new,120,1150,1.2186,1.32636079557,176,14
source_quality_interaction_new,B8_new,120,1151,1.4699,1.53339406795,176,14
source_quality_interaction_new,B8_new,120,1152,1.7489,1.74038005687,176,14
source_quality_interaction_new,B8_new,120,1153,2.0566,1.94729295972,176,14
source_quality_interaction_new,B8_new,120,1154,2.1247,2.05070076293,176,14
source_quality_interaction_new,B8_new,120,1155,2.2493,2.15401011895,176,14
source_quality_interaction_new,B8_new,120,1156,0.5,0.177587504963,176,14
source_quality_interaction_new,B8_new,120,1157,0.5,0.275272870549,176,14
source_quality_interaction_new,B8_new,120,1158,0.5,0.470631882273,176,14
source_quality_interaction_new,B8_new,120,1159,0.5,0.665973602197,176,14
source_quality_interaction_new,B8_new,120,1160,0.6689,0.86129552157,176,14
source_quality_interaction_new,B8_new,120,1161,0.9237,1.05659428093,176,14
source_quality_interaction_new,B8_new,120,1162,1.1614,1.25186514663,176,14
source_quality_interaction_new,B8_new,120,1163,1.3938,1.44710094199,176,14
source_quality_interaction_new,B8_new,120,1164,1.682,1.64228945387,176,14
source_quality_interaction_new,B8_new,120,1165,1.9395,1.8374048797,176,14
source_quality_interaction_new,B8_new,120,1166,2.0853,1.93491394439,176,14
source_quality_interaction_new,B8_new,120,1167,2.2004,2.0323245619,176,14
source_quality_interaction_new,B8_new,120,1168,0.5,0.188910225265,176,14
source_quality_interaction_new,B8_new,120,1169,0.5,0.282133367424,176,14
source_quality_interaction_new,B8_new,120,1170,0.5,0.468567932295,176,14
source_quality_interaction_new,B8_new,120,1171,0.5,0.654985205365,176,14
source_quality_interaction_new,B8_new,120,1172,0.6206,0.841382677884,176,14
source_quality_interaction_new,B8_new,120,1173,0.8829,1.02775699039,176,14
source_quality_interaction_new,B8_new,120,1174,1.1099,1.21410340924,176,14
source_quality_interaction_new,B8_new,120,1175,1.3531,1.40041475774,176,14
source_quality_interaction_new,B8_new,120,1176,1.5774,1.58667882277,176,14
source_quality_interaction_new,B8_new,120,1177,1.8321,1.77286980175,176,14
source_quality_interaction_new,B8_new,120,1178,1.9432,1.86591664301,176,14
source_quality_interaction_new,B8_new,120,1179,2.1521,1.95886503709,176,14
source_quality_interaction_new,B8_new,120,1180,0.5,0.201671403048,176,14
source_quality_interaction_new,B8_new,120,1181,0.5,0.292284311832,176,14
source_quality_interaction_new,B8_new,120,1182,0.5,0.473498409954,176,14
source_quality_interaction_new,B8_new,120,1183,0.5,0.654695216275,176,14
source_quality_interaction_new,B8_new,120,1184,0.6188,0.835872222046,176,14
source_quality_interaction_new,B8_new,120,1185,0.8572,1.0170260678,176,14
source_quality_interaction_new,B8_new,120,1186,1.0887,1.1981520199,176,14
source_quality_interaction_new,B8_new,120,1187,1.3605,1.37924290165,176,14
source_quality_interaction_new,B8_new,120,1188,1.5564,1.56028649994,176,14
source_quality_interaction_new,B8_new,120,1189,1.8816,1.74125701216,176,14
source_quality_interaction_new,B8_new,120,1190,1.9557,1.83169362006,176,14
source_quality_interaction_new,B8_new,120,1191,2.0881,1.92203178076,176,14
source_quality_interaction_new,B8_new,120,1192,0.5,0.232364073289,176,14
source_quality_interaction_new,B8_new,120,1193,0.5,0.318514758647,176,14
source_quality_interaction_new,B8_new,120,1194,0.5,0.490804409915,176,14
source_quality_interaction_new,B8_new,120,1195,0.5,0.663076769383,176,14
source_quality_interaction_new,B8_new,120,1196,0.6045,0.8353293283,176,14
source_quality_interaction_new,B8_new,120,1197,0.8569,1.0075587272,176,14
source_quality_interaction_new,B8_new,120,1198,1.092,1.17976023245,176,14
source_quality_interaction_new,B8_new,120,1199,1.2863,1.35192666735,176,14
source_quality_interaction_new,B8_new,120,1200,1.5302,1.52404581878,176,14
source_quality_interaction_new,B8_new,120,1201,1.7838,1.69609188415,176,14
source_quality_interaction_new,B8_new,120,1202,1.9031,1.78206626862,176,14
source_quality_interaction_new,B8_new,120,1203,2.0619,1.86794220589,176,14
source_quality_interaction_new,B8_new,120,1204,0.5,0.261155990794,176,14
source_quality_interaction_new,B8_new,120,1205,0.5,0.344018171012,176,14
source_quality_interaction_new,B8_new,120,1206,0.5,0.509730812003,176,14
source_quality_interaction_new,B8_new,120,1207,0.5,0.675426161192,176,14
source_quality_interaction_new,B8_new,120,1208,0.5807,0.841101709831,176,14
source_quality_interaction_new,B8_new,120,1209,0.8175,1.00675409845,176,14
source_quality_interaction_new,B8_new,120,1210,1.0547,1.17237859343,176,14
source_quality_interaction_new,B8_new,120,1211,1.2832,1.33796801804,176,14
source_quality_interaction_new,B8_new,120,1212,1.5164,1.5035101592,176,14
source_quality_interaction_new,B8_new,120,1213,1.7304,1.66897921429,176,14
source_quality_interaction_new,B8_new,120,1214,1.8749,1.75166509362,176,14
source_quality_interaction_new,B8_new,120,1215,2.0294,1.83425252576,176,14
source_quality_interaction_new,B8_new,120,1216,0.5,0.307241011453,176,14
source_quality_interaction_new,B8_new,120,1217,0.5,0.385640968245,176,14
source_quality_interaction_new,B8_new,120,1218,0.5,0.542429162382,176,14
source_quality_interaction_new,B8_new,120,1219,0.5,0.699200064718,176,14
source_quality_interaction_new,B8_new,120,1220,0.5785,0.855951166503,176,14
source_quality_interaction_new,B8_new,120,1221,0.7972,1.01267910827,176,14
source_quality_interaction_new,B8_new,120,1222,1.0412,1.16937915639,176,14
source_quality_interaction_new,B8_new,120,1223,1.2562,1.32604413416,176,14
source_quality_interaction_new,B8_new,120,1224,1.485,1.48266182846,176,14
source_quality_interaction_new,B8_new,120,1225,1.7223,1.6392064367,176,14
source_quality_interaction_new,B8_new,120,1226,1.8568,1.7174300926,176,14
source_quality_interaction_new,B8_new,120,1227,1.9082,1.79555530131,176,14
source_quality_interaction_new,B8_new,120,1228,0.5,0.360100025639,176,14
source_quality_interaction_new,B8_new,120,1229,0.5,0.434037759004,176,14
source_quality_interaction_new,B8_new,120,1230,0.5,0.581901506288,176,14
source_quality_interaction_new,B8_new,120,1231,0.5,0.729747961771,176,14
source_quality_interaction_new,B8_new,120,1232,0.5772,0.877574616702,176,14
source_quality_interaction_new,B8_new,120,1233,0.7936,1.02537811162,176,14
source_quality_interaction_new,B8_new,120,1234,1.0107,1.17315371288,176,14
source_quality_interaction_new,B8_new,120,1235,1.2063,1.32089424379,176,14
source_quality_interaction_new,B8_new,120,1236,1.4677,1.46858749124,176,14
source_quality_interaction_new,B8_new,120,1237,1.6316,1.61620765263,176,14
source_quality_interaction_new,B8_new,120,1238,1.8387,1.6899690851,176,14
source_quality_interaction_new,B8_new,120,1239,1.9249,1.76363207039,176,14
quality_model_current_raw,B8_new,300,1240,0.5,2.665756029,176,14
quality_model_current_raw,B8_new,300,1241,0.5,2.6587329419,176,14
quality_model_current_raw,B8_new,300,1242,0.5,2.6446766656,176,14
quality_model_current_raw,B8_new,300,1243,0.5,2.63060548385,176,14
quality_model_current_raw,B8_new,300,1244,0.6853,2.61651723413,176,14
quality_model_current_raw,B8_new,300,1245,0.9862,2.6024090206,176,14
quality_model_current_raw,B8_new,300,1246,1.3009,2.58827676288,176,14
quality_model_current_raw,B8_new,300,1247,1.6208,2.57411427469,176,14
quality_model_current_raw,B8_new,300,1248,1.8604,2.5599110284,176,14
quality_model_current_raw,B8_new,300,1249,2.2235,2.5456447823,176,14
quality_model_current_raw,B8_new,300,1250,2.4307,2.53846972473,176,14
quality_model_current_raw,B8_new,300,1251,2.478,2.53120980618,176,14
quality_model_current_raw,B8_new,300,1252,0.5,2.52635959682,176,14
quality_model_current_raw,B8_new,300,1253,0.5,2.51933650972,176,14
quality_model_current_raw,B8_new,300,1254,0.5,2.50528023342,176,14
quality_model_current_raw,B8_new,300,1255,0.5,2.49120905168,176,14
quality_model_current_raw,B8_new,300,1256,0.6257,2.47712080196,176,14
quality_model_current_raw,B8_new,300,1257,0.9294,2.46301258842,176,14
quality_model_current_raw,B8_new,300,1258,1.2357,2.4488803307,176,14
quality_model_current_raw,B8_new,300,1259,1.5156,2.43471784252,176,14
quality_model_current_raw,B8_new,300,1260,1.8333,2.42051459623,176,14
quality_model_current_raw,B8_new,300,1261,2.1073,2.40624835012,176,14
quality_model_current_raw,B8_new,300,1262,2.2727,2.39907329255,176,14
quality_model_current_raw,B8_new,300,1263,2.4246,2.39181337401,176,14
quality_model_current_raw,B8_new,300,1264,0.5,2.41154424884,176,14
quality_model_current_raw,B8_new,300,1265,0.5,2.40452116174,176,14
quality_model_current_raw,B8_new,300,1266,0.5,2.39046488544,176,14
quality_model_current_raw,B8_new,300,1267,0.5,2.3763937037,176,14
quality_model_current_raw,B8_new,300,1268,0.6087,2.36230545398,176,14
quality_model_current_raw,B8_new,300,1269,0.8857,2.34819724045,176,14
quality_model_current_raw,B8_new,300,1270,1.1745,2.33406498272,176,14
quality_model_current_raw,B8_new,300,1271,1.445,2.31990249454,176,14
quality_model_current_raw,B8_new,300,1272,1.7275,2.30569924825,176,14
quality_model_current_raw,B8_new,300,1273,1.993,2.29143300214,176,14
quality_model_current_raw,B8_new,300,1274,2.1129,2.28425794457,176,14
quality_model_current_raw,B8_new,300,1275,2.3267,2.27699802603,176,14
quality_model_current_raw,B8_new,300,1276,0.5,2.29023240789,176,14
quality_model_current_raw,B8_new,300,1277,0.5,2.28320932079,176,14
quality_model_current_raw,B8_new,300,1278,0.5,2.26915304449,176,14
quality_model_current_raw,B8_new,300,1279,0.5,2.25508186275,176,14
quality_model_current_raw,B8_new,300,1280,0.5737,2.24099361303,176,14
quality_model_current_raw,B8_new,300,1281,0.8188,2.22688539949,176,14
quality_model_current_raw,B8_new,300,1282,1.0844,2.21275314177,176,14
quality_model_current_raw,B8_new,300,1283,1.3817,2.19859065359,176,14
quality_model_current_raw,B8_new,300,1284,1.6524,2.1843874073,176,14
quality_model_current_raw,B8_new,300,1285,1.917,2.17012116119,176,14
quality_model_current_raw,B8_new,300,1286,2.0545,2.16294610362,176,14
quality_model_current_raw,B8_new,300,1287,2.1404,2.15568618508,176,14
quality_model_current_raw,B8_new,300,1288,0.5,2.2170555884,176,14
quality_model_current_raw,B8_new,300,1289,0.5,2.2100325013,176,14
quality_model_current_raw,B8_new,300,1290,0.5,2.195976225,176,14
quality_model_current_raw,B8_new,300,1291,0.5,2.18190504325,176,14
quality_model_current_raw,B8_new,300,1292,0.5656,2.16781679354,176,14
quality_model_current_raw,B8_new,300,1293,0.7851,2.15370858,176,14
quality_model_current_raw,B8_new,300,1294,1.0582,2.13957632228,176,14
quality_model_current_raw,B8_new,300,1295,1.2974,2.1254138341,176,14
quality_model_current_raw,B8_new,300,1296,1.6239,2.1112105878,176,14
quality_model_current_raw,B8_new,300,1297,1.7981,2.0969443417,176,14
quality_model_current_raw,B8_new,300,1298,1.9909,2.08976928413,176,14
quality_model_current_raw,B8_new,300,1299,2.018,2.08250936559,176,14
quality_model_current_raw,B8_new,300,1300,0.5,2.18038770408,176,14
quality_model_current_raw,B8_new,300,1301,0.5,2.17336461698,176,14
quality_model_current_raw,B8_new,300,1302,0.5,2.15930834068,176,14
quality_model_current_raw,B8_new,300,1303,0.5,2.14523715893,176,14
quality_model_current_raw,B8_new,300,1304,0.5498,2.13114890921,176,14
quality_model_current_raw,B8_new,300,1305,0.7913,2.11704069568,176,14
quality_model_current_raw,B8_new,300,1306,1.0259,2.10290843796,176,14
quality_model_current_raw,B8_new,300,1307,1.3071,2.08874594977,176,14
quality_model_current_raw,B8_new,300,1308,1.5543,2.07454270348,176,14
quality_model_current_raw,B8_new,300,1309,1.8567,2.06027645738,176,14
quality_model_current_raw,B8_new,300,1310,1.9405,2.05310139981,176,14
quality_model_current_raw,B8_new,300,1311,2.0823,2.04584148126,176,14
quality_model_current_raw,B8_new,300,1312,0.5,2.12658083452,176,14
quality_model_current_raw,B8_new,300,1313,0.5,2.11955774743,176,14
quality_model_current_raw,B8_new,300,1314,0.5,2.10550147112,176,14
quality_model_current_raw,B8_new,300,1315,0.5,2.09143028938,176,14
quality_model_current_raw,B8_new,300,1316,0.5355,2.07734203966,176,14
quality_model_current_raw,B8_new,300,1317,0.7618,2.06323382613,176,14
quality_model_current_raw,B8_new,300,1318,1.0191,2.0491015684,176,14
quality_model_current_raw,B8_new,300,1319,1.2421,2.03493908022,176,14
quality_model_current_raw,B8_new,300,1320,1.5064,2.02073583393,176,14
quality_model_current_raw,B8_new,300,1321,1.708,2.00646958782,176,14
quality_model_current_raw,B8_new,300,1322,1.8785,1.99929453026,176,14
quality_model_current_raw,B8_new,300,1323,1.9949,1.99203461171,176,14
quality_model_current_raw,B8_new,300,1324,0.5,2.09309949848,176,14
quality_model_current_raw,B8_new,300,1325,0.5,2.08607641138,176,14
quality_model_current_raw,B8_new,300,1326,0.5,2.07202013508,176,14
quality_model_current_raw,B8_new,300,1327,0.5,2.05794895333,176,14
quality_model_current_raw,B8_new,300,1328,0.5242,2.04386070361,176,14
quality_model_current_raw,B8_new,300,1329,0.764,2.02975249008,176,14
quality_model_current_raw,B8_new,300,1330,1.004,2.01562023236,176,14
quality_model_current_raw,B8_new,300,1331,1.2386,2.00145774417,176,14
quality_model_current_raw,B8_new,300,1332,1.4481,1.98725449788,176,14
quality_model_current_raw,B8_new,300,1333,1.7684,1.97298825178,176,14
quality_model_current_raw,B8_new,300,1334,1.8116,1.96581319421,176,14
quality_model_current_raw,B8_new,300,1335,1.92,1.95855327567,176,14
quality_model_current_raw,B8_new,300,1336,0.5,2.05468497934,176,14
quality_model_current_raw,B8_new,300,1337,0.5,2.04766189225,176,14
quality_model_current_raw,B8_new,300,1338,0.5,2.03360561595,176,14
quality_model_current_raw,B8_new,300,1339,0.5,2.0195344342,176,14
quality_model_current_raw,B8_new,300,1340,0.5189,2.00544618448,176,14
quality_model_current_raw,B8_new,300,1341,0.7381,1.99133797095,176,14
quality_model_current_raw,B8_new,300,1342,1.0017,1.97720571323,176,14
quality_model_current_raw,B8_new,300,1343,1.2048,1.96304322504,176,14
quality_model_current_raw,B8_new,300,1344,1.4767,1.94883997875,176,14
quality_model_current_raw,B8_new,300,1345,1.6646,1.93457373265,176,14
quality_model_current_raw,B8_new,300,1346,1.8451,1.92739867508,176,14
quality_model_current_raw,B8_new,300,1347,1.9425,1.92013875653,176,14
quality_model_current_raw,B8_new,300,1348,0.5,2.02304445374,176,14
quality_model_current_raw,B8_new,300,1349,0.5,2.01602136664,176,14
quality_model_current_raw,B8_new,300,1350,0.5,2.00196509034,176,14
quality_model_current_raw,B8_new,300,1351,0.5,1.98789390859,176,14
quality_model_current_raw,B8_new,300,1352,0.5,1.97380565887,176,14
quality_model_current_raw,B8_new,300,1353,0.7402,1.95969744534,176,14
quality_model_current_raw,B8_new,300,1354,0.9783,1.94556518762,176,14
quality_model_current_raw,B8_new,300,1355,1.1809,1.93140269943,176,14
quality_model_current_raw,B8_new,300,1356,1.4119,1.91719945314,176,14
quality_model_current_raw,B8_new,300,1357,1.6756,1.90293320704,176,14
quality_model_current_raw,B8_new,300,1358,1.7414,1.89575814947,176,14
quality_model_current_raw,B8_new,300,1359,1.8777,1.88849823093,176,14
source_intercept_control,B8_new,300,1240,0.5,1.53173220041,176,14
source_intercept_control,B8_new,300,1241,0.5,1.52470911332,176,14
source_intercept_control,B8_new,300,1242,0.5,1.51065283701,176,14
source_intercept_control,B8_new,300,1243,0.5,1.49658165527,176,14
source_intercept_control,B8_new,300,1244,0.6853,1.48249340555,176,14
source_intercept_control,B8_new,300,1245,0.9862,1.46838519202,176,14
source_intercept_control,B8_new,300,1246,1.3009,1.45425293429,176,14
source_intercept_control,B8_new,300,1247,1.6208,1.44009044611,176,14
source_intercept_control,B8_new,300,1248,1.8604,1.42588719982,176,14
source_intercept_control,B8_new,300,1249,2.2235,1.41162095372,176,14
source_intercept_control,B8_new,300,1250,2.4307,1.40444589615,176,14
source_intercept_control,B8_new,300,1251,2.478,1.3971859776,176,14
source_intercept_control,B8_new,300,1252,0.5,1.39233576824,176,14
source_intercept_control,B8_new,300,1253,0.5,1.38531268114,176,14
source_intercept_control,B8_new,300,1254,0.5,1.37125640484,176,14
source_intercept_control,B8_new,300,1255,0.5,1.35718522309,176,14
source_intercept_control,B8_new,300,1256,0.6257,1.34309697338,176,14
source_intercept_control,B8_new,300,1257,0.9294,1.32898875984,176,14
source_intercept_control,B8_new,300,1258,1.2357,1.31485650212,176,14
source_intercept_control,B8_new,300,1259,1.5156,1.30069401394,176,14
source_intercept_control,B8_new,300,1260,1.8333,1.28649076764,176,14
source_intercept_control,B8_new,300,1261,2.1073,1.27222452154,176,14
source_intercept_control,B8_new,300,1262,2.2727,1.26504946397,176,14
source_intercept_control,B8_new,300,1263,2.4246,1.25778954543,176,14
source_intercept_control,B8_new,300,1264,0.5,1.27752042026,176,14
source_intercept_control,B8_new,300,1265,0.5,1.27049733316,176,14
source_intercept_control,B8_new,300,1266,0.5,1.25644105686,176,14
source_intercept_control,B8_new,300,1267,0.5,1.24236987512,176,14
source_intercept_control,B8_new,300,1268,0.6087,1.2282816254,176,14
source_intercept_control,B8_new,300,1269,0.8857,1.21417341186,176,14
source_intercept_control,B8_new,300,1270,1.1745,1.20004115414,176,14
source_intercept_control,B8_new,300,1271,1.445,1.18587866596,176,14
source_intercept_control,B8_new,300,1272,1.7275,1.17167541967,176,14
source_intercept_control,B8_new,300,1273,1.993,1.15740917356,176,14
source_intercept_control,B8_new,300,1274,2.1129,1.15023411599,176,14
source_intercept_control,B8_new,300,1275,2.3267,1.14297419745,176,14
source_intercept_control,B8_new,300,1276,0.5,1.15620857931,176,14
source_intercept_control,B8_new,300,1277,0.5,1.14918549221,176,14
source_intercept_control,B8_new,300,1278,0.5,1.13512921591,176,14
source_intercept_control,B8_new,300,1279,0.5,1.12105803416,176,14
source_intercept_control,B8_new,300,1280,0.5737,1.10696978445,176,14
source_intercept_control,B8_new,300,1281,0.8188,1.09286157091,176,14
source_intercept_control,B8_new,300,1282,1.0844,1.07872931319,176,14
source_intercept_control,B8_new,300,1283,1.3817,1.064566825,176,14
source_intercept_control,B8_new,300,1284,1.6524,1.05036357871,176,14
source_intercept_control,B8_new,300,1285,1.917,1.03609733261,176,14
source_intercept_control,B8_new,300,1286,2.0545,1.02892227504,176,14
source_intercept_control,B8_new,300,1287,2.1404,1.0216623565,176,14
source_intercept_control,B8_new,300,1288,0.5,1.08303175982,176,14
source_intercept_control,B8_new,300,1289,0.5,1.07600867272,176,14
source_intercept_control,B8_new,300,1290,0.5,1.06195239642,176,14
source_intercept_control,B8_new,300,1291,0.5,1.04788121467,176,14
source_intercept_control,B8_new,300,1292,0.5656,1.03379296495,176,14
source_intercept_control,B8_new,300,1293,0.7851,1.01968475142,176,14
source_intercept_control,B8_new,300,1294,1.0582,1.0055524937,176,14
source_intercept_control,B8_new,300,1295,1.2974,0.991390005513,176,14
source_intercept_control,B8_new,300,1296,1.6239,0.977186759222,176,14
source_intercept_control,B8_new,300,1297,1.7981,0.962920513119,176,14
source_intercept_control,B8_new,300,1298,1.9909,0.955745455549,176,14
source_intercept_control,B8_new,300,1299,2.018,0.948485537006,176,14
source_intercept_control,B8_new,300,1300,0.5,1.04636387549,176,14
source_intercept_control,B8_new,300,1301,0.5,1.0393407884,176,14
source_intercept_control,B8_new,300,1302,0.5,1.02528451209,176,14
source_intercept_control,B8_new,300,1303,0.5,1.01121333035,176,14
source_intercept_control,B8_new,300,1304,0.5498,0.99712508063,176,14
source_intercept_control,B8_new,300,1305,0.7913,0.983016867096,176,14
source_intercept_control,B8_new,300,1306,1.0259,0.968884609375,176,14
source_intercept_control,B8_new,300,1307,1.3071,0.954722121189,176,14
source_intercept_control,B8_new,300,1308,1.5543,0.940518874898,176,14
source_intercept_control,B8_new,300,1309,1.8567,0.926252628795,176,14
source_intercept_control,B8_new,300,1310,1.9405,0.919077571225,176,14
source_intercept_control,B8_new,300,1311,2.0823,0.911817652682,176,14
source_intercept_control,B8_new,300,1312,0.5,0.992557005942,176,14
source_intercept_control,B8_new,300,1313,0.5,0.985533918844,176,14
source_intercept_control,B8_new,300,1314,0.5,0.971477642543,176,14
source_intercept_control,B8_new,300,1315,0.5,0.957406460797,176,14
source_intercept_control,B8_new,300,1316,0.5355,0.943318211078,176,14
source_intercept_control,B8_new,300,1317,0.7618,0.929209997544,176,14
source_intercept_control,B8_new,300,1318,1.0191,0.915077739823,176,14
source_intercept_control,B8_new,300,1319,1.2421,0.900915251638,176,14
source_intercept_control,B8_new,300,1320,1.5064,0.886712005346,176,14
source_intercept_control,B8_new,300,1321,1.708,0.872445759243,176,14
source_intercept_control,B8_new,300,1322,1.8785,0.865270701673,176,14
source_intercept_control,B8_new,300,1323,1.9949,0.85801078313,176,14
source_intercept_control,B8_new,300,1324,0.5,0.959075669896,176,14
source_intercept_control,B8_new,300,1325,0.5,0.952052582798,176,14
source_intercept_control,B8_new,300,1326,0.5,0.937996306497,176,14
source_intercept_control,B8_new,300,1327,0.5,0.923925124752,176,14
source_intercept_control,B8_new,300,1328,0.5242,0.909836875032,176,14
source_intercept_control,B8_new,300,1329,0.764,0.895728661498,176,14
source_intercept_control,B8_new,300,1330,1.004,0.881596403777,176,14
source_intercept_control,B8_new,300,1331,1.2386,0.867433915592,176,14
source_intercept_control,B8_new,300,1332,1.4481,0.853230669301,176,14
source_intercept_control,B8_new,300,1333,1.7684,0.838964423197,176,14
source_intercept_control,B8_new,300,1334,1.8116,0.831789365627,176,14
source_intercept_control,B8_new,300,1335,1.92,0.824529447084,176,14
source_intercept_control,B8_new,300,1336,0.5,0.920661150763,176,14
source_intercept_control,B8_new,300,1337,0.5,0.913638063664,176,14
source_intercept_control,B8_new,300,1338,0.5,0.899581787363,176,14
source_intercept_control,B8_new,300,1339,0.5,0.885510605618,176,14
source_intercept_control,B8_new,300,1340,0.5189,0.871422355899,176,14
source_intercept_control,B8_new,300,1341,0.7381,0.857314142365,176,14
source_intercept_control,B8_new,300,1342,1.0017,0.843181884644,176,14
source_intercept_control,B8_new,300,1343,1.2048,0.829019396458,176,14
source_intercept_control,B8_new,300,1344,1.4767,0.814816150167,176,14
source_intercept_control,B8_new,300,1345,1.6646,0.800549904064,176,14
source_intercept_control,B8_new,300,1346,1.8451,0.793374846494,176,14
source_intercept_control,B8_new,300,1347,1.9425,0.786114927951,176,14
source_intercept_control,B8_new,300,1348,0.5,0.889020625156,176,14
source_intercept_control,B8_new,300,1349,0.5,0.881997538058,176,14
source_intercept_control,B8_new,300,1350,0.5,0.867941261757,176,14
source_intercept_control,B8_new,300,1351,0.5,0.853870080011,176,14
source_intercept_control,B8_new,300,1352,0.5,0.839781830292,176,14
source_intercept_control,B8_new,300,1353,0.7402,0.825673616758,176,14
source_intercept_control,B8_new,300,1354,0.9783,0.811541359037,176,14
source_intercept_control,B8_new,300,1355,1.1809,0.797378870852,176,14
source_intercept_control,B8_new,300,1356,1.4119,0.78317562456,176,14
source_intercept_control,B8_new,300,1357,1.6756,0.768909378457,176,14
source_intercept_control,B8_new,300,1358,1.7414,0.761734320887,176,14
source_intercept_control,B8_new,300,1359,1.8777,0.754474402344,176,14
source_quality_interaction_new,B8_new,300,1240,0.5,0.277447026475,176,14
source_quality_interaction_new,B8_new,300,1241,0.5,0.387169046353,176,14
source_quality_interaction_new,B8_new,300,1242,0.5,0.606602984006,176,14
source_quality_interaction_new,B8_new,300,1243,0.5,0.826022016215,176,14
source_quality_interaction_new,B8_new,300,1244,0.6853,1.04542398045,176,14
source_quality_interaction_new,B8_new,300,1245,0.9862,1.26480598087,176,14
source_quality_interaction_new,B8_new,300,1246,1.3009,1.4841639371,176,14
source_quality_interaction_new,B8_new,300,1247,1.6208,1.70349166287,176,14
source_quality_interaction_new,B8_new,300,1248,1.8604,1.92277863053,176,14
source_quality_interaction_new,B8_new,300,1249,2.2235,2.14200259838,176,14
source_quality_interaction_new,B8_new,300,1250,2.4307,2.25157264779,176,14
source_quality_interaction_new,B8_new,300,1251,2.478,2.36105783622,176,14
source_quality_interaction_new,B8_new,300,1252,0.5,0.222394218347,176,14
source_quality_interaction_new,B8_new,300,1253,0.5,0.32771877012,176,14
source_quality_interaction_new,B8_new,300,1254,0.5,0.538357771562,176,14
source_quality_interaction_new,B8_new,300,1255,0.5,0.748981867559,176,14
source_quality_interaction_new,B8_new,300,1256,0.6257,0.959588895583,176,14
source_quality_interaction_new,B8_new,300,1257,0.9294,1.17017595979,176,14
source_quality_interaction_new,B8_new,300,1258,1.2357,1.38073897981,176,14
source_quality_interaction_new,B8_new,300,1259,1.5156,1.59127176937,176,14
source_quality_interaction_new,B8_new,300,1260,1.8333,1.80176380082,176,14
source_quality_interaction_new,B8_new,300,1261,2.1073,2.01219283246,176,14
source_quality_interaction_new,B8_new,300,1262,2.2727,2.11736541376,176,14
source_quality_interaction_new,B8_new,300,1263,2.4246,2.22245313409,176,14
source_quality_interaction_new,B8_new,300,1264,0.5,0.191922494415,176,14
source_quality_interaction_new,B8_new,300,1265,0.5,0.292849578083,176,14
source_quality_interaction_new,B8_new,300,1266,0.5,0.494693643313,176,14
source_quality_interaction_new,B8_new,300,1267,0.5,0.696522803099,176,14
source_quality_interaction_new,B8_new,300,1268,0.6087,0.898334894912,176,14
source_quality_interaction_new,B8_new,300,1269,0.8857,1.10012702291,176,14
source_quality_interaction_new,B8_new,300,1270,1.1745,1.30189510672,176,14
source_quality_interaction_new,B8_new,300,1271,1.445,1.50363296007,176,14
source_quality_interaction_new,B8_new,300,1272,1.7275,1.70533005531,176,14
source_quality_interaction_new,B8_new,300,1273,1.993,1.90696415073,176,14
source_quality_interaction_new,B8_new,300,1274,2.1129,2.00773926393,176,14
source_quality_interaction_new,B8_new,300,1275,2.3267,2.10842951615,176,14
source_quality_interaction_new,B8_new,300,1276,0.5,0.182106859715,176,14
source_quality_interaction_new,B8_new,300,1277,0.5,0.277220806747,176,14
source_quality_interaction_new,B8_new,300,1278,0.5,0.467438598708,176,14
source_quality_interaction_new,B8_new,300,1279,0.5,0.657641485224,176,14
source_quality_interaction_new,B8_new,300,1280,0.5737,0.847827303766,176,14
source_quality_interaction_new,B8_new,300,1281,0.8188,1.03799315849,176,14
source_quality_interaction_new,B8_new,300,1282,1.0844,1.22813496903,176,14
source_quality_interaction_new,B8_new,300,1283,1.3817,1.41824654911,176,14
source_quality_interaction_new,B8_new,300,1284,1.6524,1.60831737108,176,14
source_quality_interaction_new,B8_new,300,1285,1.917,1.79832519324,176,14
source_quality_interaction_new,B8_new,300,1286,2.0545,1.8932871698,176,14
source_quality_interaction_new,B8_new,300,1287,2.1404,1.98816428539,176,14
source_quality_interaction_new,B8_new,300,1288,0.5,0.19327366427,176,14
source_quality_interaction_new,B8_new,300,1289,0.5,0.283990143197,176,14
source_quality_interaction_new,B8_new,300,1290,0.5,0.465412998946,176,14
source_quality_interaction_new,B8_new,300,1291,0.5,0.646820949251,176,14
source_quality_interaction_new,B8_new,300,1292,0.5656,0.828211831582,176,14
source_quality_interaction_new,B8_new,300,1293,0.7851,1.0095827501,176,14
source_quality_interaction_new,B8_new,300,1294,1.0582,1.19092962443,176,14
source_quality_interaction_new,B8_new,300,1295,1.2974,1.37224626829,176,14
source_quality_interaction_new,B8_new,300,1296,1.6239,1.55352215405,176,14
source_quality_interaction_new,B8_new,300,1297,1.7981,1.73473504,176,14
source_quality_interaction_new,B8_new,300,1298,1.9909,1.82529954845,176,14
source_quality_interaction_new,B8_new,300,1299,2.018,1.91577919594,176,14
source_quality_interaction_new,B8_new,300,1300,0.5,0.205943637189,176,14
source_quality_interaction_new,B8_new,300,1301,0.5,0.294087762175,176,14
source_quality_interaction_new,B8_new,300,1302,0.5,0.470365910045,176,14
source_quality_interaction_new,B8_new,300,1303,0.5,0.64662915247,176,14
source_quality_interaction_new,B8_new,300,1304,0.5498,0.822875326921,176,14
source_quality_interaction_new,B8_new,300,1305,0.7913,0.999101537558,176,14
source_quality_interaction_new,B8_new,300,1306,1.0259,1.17530370401,176,14
source_quality_interaction_new,B8_new,300,1307,1.3071,1.35147563999,176,14
source_quality_interaction_new,B8_new,300,1308,1.5543,1.52760681787,176,14
source_quality_interaction_new,B8_new,300,1309,1.8567,1.70367499594,176,14
source_quality_interaction_new,B8_new,300,1310,1.9405,1.79166715045,176,14
source_quality_interaction_new,B8_new,300,1311,2.0823,1.879574444,176,14
source_quality_interaction_new,B8_new,300,1312,0.5,0.236480391683,176,14
source_quality_interaction_new,B8_new,300,1313,0.5,0.320227048564,176,14
source_quality_interaction_new,B8_new,300,1314,0.5,0.487710260223,176,14
source_quality_interaction_new,B8_new,300,1315,0.5,0.655178566437,176,14
source_quality_interaction_new,B8_new,300,1316,0.5355,0.822629804677,176,14
source_quality_interaction_new,B8_new,300,1317,0.7618,0.990061079103,176,14
source_quality_interaction_new,B8_new,300,1318,1.0191,1.15746830934,176,14
source_quality_interaction_new,B8_new,300,1319,1.2421,1.32484530912,176,14
source_quality_interaction_new,B8_new,300,1320,1.5064,1.49218155078,176,14
source_quality_interaction_new,B8_new,300,1321,1.708,1.65945479264,176,14
source_quality_interaction_new,B8_new,300,1322,1.8785,1.74304947905,176,14
source_quality_interaction_new,B8_new,300,1323,1.9949,1.82655930449,176,14
source_quality_interaction_new,B8_new,300,1324,0.5,0.265157404647,176,14
source_quality_interaction_new,B8_new,300,1325,0.5,0.345663278833,176,14
source_quality_interaction_new,B8_new,300,1326,0.5,0.506664925101,176,14
source_quality_interaction_new,B8_new,300,1327,0.5,0.667651665925,176,14
source_quality_interaction_new,B8_new,300,1328,0.5242,0.828621338774,176,14
source_quality_interaction_new,B8_new,300,1329,0.764,0.989571047809,176,14
source_quality_interaction_new,B8_new,300,1330,1.004,1.15049671266,176,14
source_quality_interaction_new,B8_new,300,1331,1.2386,1.31139214704,176,14
source_quality_interaction_new,B8_new,300,1332,1.4481,1.47224682332,176,14
source_quality_interaction_new,B8_new,300,1333,1.7684,1.63303849978,176,14
source_quality_interaction_new,B8_new,300,1334,1.8116,1.7133924035,176,14
source_quality_interaction_new,B8_new,300,1335,1.92,1.79366144624,176,14
source_quality_interaction_new,B8_new,300,1336,0.5,0.31108650956,176,14
source_quality_interaction_new,B8_new,300,1337,0.5,0.387194915641,176,14
source_quality_interaction_new,B8_new,300,1338,0.5,0.539401625697,176,14
source_quality_interaction_new,B8_new,300,1339,0.5,0.69159343031,176,14
source_quality_interaction_new,B8_new,300,1340,0.5189,0.843768166949,176,14
source_quality_interaction_new,B8_new,300,1341,0.7381,0.995922939773,176,14
source_quality_interaction_new,B8_new,300,1342,1.0017,1.14805366841,176,14
source_quality_interaction_new,B8_new,300,1343,1.2048,1.30015416658,176,14
source_quality_interaction_new,B8_new,300,1344,1.4767,1.45221390665,176,14
source_quality_interaction_new,B8_new,300,1345,1.6646,1.6042106469,176,14
source_quality_interaction_new,B8_new,300,1346,1.8451,1.68016708251,176,14
source_quality_interaction_new,B8_new,300,1347,1.9425,1.75603865715,176,14
source_quality_interaction_new,B8_new,300,1348,0.5,0.363789608,176,14
source_quality_interaction_new,B8_new,300,1349,0.5,0.435500545975,176,14
source_quality_interaction_new,B8_new,300,1350,0.5,0.57891231982,176,14
source_quality_interaction_new,B8_new,300,1351,0.5,0.722309188222,176,14
source_quality_interaction_new,B8_new,300,1352,0.5,0.86568898865,176,14
source_quality_interaction_new,B8_new,300,1353,0.7402,1.00904882526,176,14
source_quality_interaction_new,B8_new,300,1354,0.9783,1.15238461769,176,14
source_quality_interaction_new,B8_new,300,1355,1.1809,1.29569017965,176,14
source_quality_interaction_new,B8_new,300,1356,1.4119,1.4389549835,176,14
source_quality_interaction_new,B8_new,300,1357,1.6756,1.58215678755,176,14
source_quality_interaction_new,B8_new,300,1358,1.7414,1.65371575505,176,14
source_quality_interaction_new,B8_new,300,1359,1.8777,1.72518986158,176,14
quality_model_current_raw,B8_new,700,1360,0.5,2.63574973828,176,14
quality_model_current_raw,B8_new,700,1361,0.5,2.62962779952,176,14
quality_model_current_raw,B8_new,700,1362,0.5,2.61737511611,176,14
quality_model_current_raw,B8_new,700,1363,0.5,2.60510943981,176,14
quality_model_current_raw,B8_new,700,1364,0.5981,2.59282888557,176,14
quality_model_current_raw,B8_new,700,1365,0.9159,2.58053092912,176,14
quality_model_current_raw,B8_new,700,1366,1.2092,2.56821201364,176,14
quality_model_current_raw,B8_new,700,1367,1.587,2.55586674664,176,14
quality_model_current_raw,B8_new,700,1368,1.8853,2.5434859513,176,14
quality_model_current_raw,B8_new,700,1369,2.2108,2.5310502398,176,14
quality_model_current_raw,B8_new,700,1370,2.4127,2.52479583025,176,14
quality_model_current_raw,B8_new,700,1371,2.5391,2.51846744842,176,14
quality_model_current_raw,B8_new,700,1372,0.5,2.49635330611,176,14
quality_model_current_raw,B8_new,700,1373,0.5,2.49023136734,176,14
quality_model_current_raw,B8_new,700,1374,0.5,2.47797868394,176,14
quality_model_current_raw,B8_new,700,1375,0.5,2.46571300764,176,14
quality_model_current_raw,B8_new,700,1376,0.5653,2.4534324534,176,14
quality_model_current_raw,B8_new,700,1377,0.8604,2.44113449695,176,14
quality_model_current_raw,B8_new,700,1378,1.1538,2.42881558147,176,14
quality_model_current_raw,B8_new,700,1379,1.4868,2.41647031447,176,14
quality_model_current_raw,B8_new,700,1380,1.7512,2.40408951913,176,14
quality_model_current_raw,B8_new,700,1381,2.0469,2.39165380763,176,14
quality_model_current_raw,B8_new,700,1382,2.2272,2.38539939807,176,14
quality_model_current_raw,B8_new,700,1383,2.4033,2.37907101625,176,14
quality_model_current_raw,B8_new,700,1384,0.5,2.38153795813,176,14
quality_model_current_raw,B8_new,700,1385,0.5,2.37541601936,176,14
quality_model_current_raw,B8_new,700,1386,0.5,2.36316333596,176,14
quality_model_current_raw,B8_new,700,1387,0.5,2.35089765966,176,14
quality_model_current_raw,B8_new,700,1388,0.5501,2.33861710542,176,14
quality_model_current_raw,B8_new,700,1389,0.8411,2.32631914897,176,14
quality_model_current_raw,B8_new,700,1390,1.1236,2.31400023349,176,14
quality_model_current_raw,B8_new,700,1391,1.4239,2.30165496649,176,14
quality_model_current_raw,B8_new,700,1392,1.6984,2.28927417115,176,14
quality_model_current_raw,B8_new,700,1393,1.9239,2.27683845965,176,14
quality_model_current_raw,B8_new,700,1394,2.0927,2.27058405009,176,14
quality_model_current_raw,B8_new,700,1395,2.2974,2.26425566827,176,14
quality_model_current_raw,B8_new,700,1396,0.5,2.26022611718,176,14
quality_model_current_raw,B8_new,700,1397,0.5,2.25410417841,176,14
quality_model_current_raw,B8_new,700,1398,0.5,2.24185149501,176,14
quality_model_current_raw,B8_new,700,1399,0.5,2.22958581871,176,14
quality_model_current_raw,B8_new,700,1400,0.515,2.21730526447,176,14
quality_model_current_raw,B8_new,700,1401,0.7581,2.20500730802,176,14
quality_model_current_raw,B8_new,700,1402,1.0355,2.19268839254,176,14
quality_model_current_raw,B8_new,700,1403,1.3068,2.18034312554,176,14
quality_model_current_raw,B8_new,700,1404,1.584,2.1679623302,176,14
quality_model_current_raw,B8_new,700,1405,1.9143,2.1555266187,176,14
quality_model_current_raw,B8_new,700,1406,2.0439,2.14927220914,176,14
quality_model_current_raw,B8_new,700,1407,2.071,2.14294382732,176,14
quality_model_current_raw,B8_new,700,1408,0.5,2.18704929768,176,14
quality_model_current_raw,B8_new,700,1409,0.5,2.18092735892,176,14
quality_model_current_raw,B8_new,700,1410,0.5,2.16867467552,176,14
quality_model_current_raw,B8_new,700,1411,0.5,2.15640899922,176,14
quality_model_current_raw,B8_new,700,1412,0.5,2.14412844498,176,14
quality_model_current_raw,B8_new,700,1413,0.7348,2.13183048852,176,14
quality_model_current_raw,B8_new,700,1414,0.9905,2.11951157305,176,14
quality_model_current_raw,B8_new,700,1415,1.2988,2.10716630605,176,14
quality_model_current_raw,B8_new,700,1416,1.5329,2.09478551071,176,14
quality_model_current_raw,B8_new,700,1417,1.7971,2.0823497992,176,14
quality_model_current_raw,B8_new,700,1418,1.9362,2.07609538965,176,14
quality_model_current_raw,B8_new,700,1419,2.0708,2.06976700782,176,14
quality_model_current_raw,B8_new,700,1420,0.5,2.15038141336,176,14
quality_model_current_raw,B8_new,700,1421,0.5,2.1442594746,176,14
quality_model_current_raw,B8_new,700,1422,0.5,2.13200679119,176,14
quality_model_current_raw,B8_new,700,1423,0.5,2.11974111489,176,14
quality_model_current_raw,B8_new,700,1424,0.5,2.10746056065,176,14
quality_model_current_raw,B8_new,700,1425,0.7523,2.0951626042,176,14
quality_model_current_raw,B8_new,700,1426,0.9957,2.08284368872,176,14
quality_model_current_raw,B8_new,700,1427,1.2155,2.07049842172,176,14
quality_model_current_raw,B8_new,700,1428,1.4766,2.05811762638,176,14
quality_model_current_raw,B8_new,700,1429,1.7601,2.04568191488,176,14
quality_model_current_raw,B8_new,700,1430,1.8874,2.03942750533,176,14
quality_model_current_raw,B8_new,700,1431,2.0154,2.0330991235,176,14
quality_model_current_raw,B8_new,700,1432,0.5,2.09657454381,176,14
quality_model_current_raw,B8_new,700,1433,0.5,2.09045260505,176,14
quality_model_current_raw,B8_new,700,1434,0.5,2.07819992164,176,14
quality_model_current_raw,B8_new,700,1435,0.5,2.06593424534,176,14
quality_model_current_raw,B8_new,700,1436,0.5,2.0536536911,176,14
quality_model_current_raw,B8_new,700,1437,0.7304,2.04135573465,176,14
quality_model_current_raw,B8_new,700,1438,0.9707,2.02903681917,176,14
quality_model_current_raw,B8_new,700,1439,1.208,2.01669155217,176,14
quality_model_current_raw,B8_new,700,1440,1.4829,2.00431075683,176,14
quality_model_current_raw,B8_new,700,1441,1.7289,1.99187504533,176,14
quality_model_current_raw,B8_new,700,1442,1.8991,1.98562063577,176,14
quality_model_current_raw,B8_new,700,1443,2.0155,1.97929225395,176,14
quality_model_current_raw,B8_new,700,1444,0.5,2.06309320776,176,14
quality_model_current_raw,B8_new,700,1445,0.5,2.056971269,176,14
quality_model_current_raw,B8_new,700,1446,0.5,2.04471858559,176,14
quality_model_current_raw,B8_new,700,1447,0.5,2.0324529093,176,14
quality_model_current_raw,B8_new,700,1448,0.5,2.02017235506,176,14
quality_model_current_raw,B8_new,700,1449,0.6974,2.0078743986,176,14
quality_model_current_raw,B8_new,700,1450,0.9578,1.99555548313,176,14
quality_model_current_raw,B8_new,700,1451,1.2213,1.98321021613,176,14
quality_model_current_raw,B8_new,700,1452,1.432,1.97082942079,176,14
quality_model_current_raw,B8_new,700,1453,1.6736,1.95839370928,176,14
quality_model_current_raw,B8_new,700,1454,1.8314,1.95213929973,176,14
quality_model_current_raw,B8_new,700,1455,1.9675,1.9458109179,176,14
quality_model_current_raw,B8_new,700,1456,0.5,2.02467868863,176,14
quality_model_current_raw,B8_new,700,1457,0.5,2.01855674987,176,14
quality_model_current_raw,B8_new,700,1458,0.5,2.00630406646,176,14
quality_model_current_raw,B8_new,700,1459,0.5,1.99403839016,176,14
quality_model_current_raw,B8_new,700,1460,0.5,1.98175783592,176,14
quality_model_current_raw,B8_new,700,1461,0.7003,1.96945987947,176,14
quality_model_current_raw,B8_new,700,1462,0.9207,1.95714096399,176,14
quality_model_current_raw,B8_new,700,1463,1.1975,1.94479569699,176,14
quality_model_current_raw,B8_new,700,1464,1.4235,1.93241490165,176,14
quality_model_current_raw,B8_new,700,1465,1.6964,1.91997919015,176,14
quality_model_current_raw,B8_new,700,1466,1.818,1.91372478059,176,14
quality_model_current_raw,B8_new,700,1467,1.882,1.90739639877,176,14
quality_model_current_raw,B8_new,700,1468,0.5,1.99303816302,176,14
quality_model_current_raw,B8_new,700,1469,0.5,1.98691622426,176,14
quality_model_current_raw,B8_new,700,1470,0.5,1.97466354085,176,14
quality_model_current_raw,B8_new,700,1471,0.5,1.96239786456,176,14
quality_model_current_raw,B8_new,700,1472,0.5,1.95011731032,176,14
quality_model_current_raw,B8_new,700,1473,0.6792,1.93781935386,176,14
quality_model_current_raw,B8_new,700,1474,0.8872,1.92550043839,176,14
quality_model_current_raw,B8_new,700,1475,1.1635,1.91315517139,176,14
quality_model_current_raw,B8_new,700,1476,1.3899,1.90077437605,176,14
quality_model_current_raw,B8_new,700,1477,1.6863,1.88833866454,176,14
quality_model_current_raw,B8_new,700,1478,1.7351,1.88208425499,176,14
quality_model_current_raw,B8_new,700,1479,1.8865,1.87575587316,176,14
source_intercept_control,B8_new,700,1360,0.5,1.50203132316,176,14
source_intercept_control,B8_new,700,1361,0.5,1.49590938439,176,14
source_intercept_control,B8_new,700,1362,0.5,1.48365670099,176,14
source_intercept_control,B8_new,700,1363,0.5,1.47139102469,176,14
source_intercept_control,B8_new,700,1364,0.5981,1.45911047045,176,14
source_intercept_control,B8_new,700,1365,0.9159,1.446812514,176,14
source_intercept_control,B8_new,700,1366,1.2092,1.43449359852,176,14
source_intercept_control,B8_new,700,1367,1.587,1.42214833152,176,14
source_intercept_control,B8_new,700,1368,1.8853,1.40976753618,176,14
source_intercept_control,B8_new,700,1369,2.2108,1.39733182468,176,14
source_intercept_control,B8_new,700,1370,2.4127,1.39107741512,176,14
source_intercept_control,B8_new,700,1371,2.5391,1.3847490333,176,14
source_intercept_control,B8_new,700,1372,0.5,1.36263489098,176,14
source_intercept_control,B8_new,700,1373,0.5,1.35651295222,176,14
source_intercept_control,B8_new,700,1374,0.5,1.34426026881,176,14
source_intercept_control,B8_new,700,1375,0.5,1.33199459252,176,14
source_intercept_control,B8_new,700,1376,0.5653,1.31971403827,176,14
source_intercept_control,B8_new,700,1377,0.8604,1.30741608182,176,14
source_intercept_control,B8_new,700,1378,1.1538,1.29509716635,176,14
source_intercept_control,B8_new,700,1379,1.4868,1.28275189935,176,14
source_intercept_control,B8_new,700,1380,1.7512,1.270371104,176,14
source_intercept_control,B8_new,700,1381,2.0469,1.2579353925,176,14
source_intercept_control,B8_new,700,1382,2.2272,1.25168098295,176,14
source_intercept_control,B8_new,700,1383,2.4033,1.24535260112,176,14
source_intercept_control,B8_new,700,1384,0.5,1.247819543,176,14
source_intercept_control,B8_new,700,1385,0.5,1.24169760424,176,14
source_intercept_control,B8_new,700,1386,0.5,1.22944492083,176,14
source_intercept_control,B8_new,700,1387,0.5,1.21717924454,176,14
source_intercept_control,B8_new,700,1388,0.5501,1.2048986903,176,14
source_intercept_control,B8_new,700,1389,0.8411,1.19260073384,176,14
source_intercept_control,B8_new,700,1390,1.1236,1.18028181837,176,14
source_intercept_control,B8_new,700,1391,1.4239,1.16793655137,176,14
source_intercept_control,B8_new,700,1392,1.6984,1.15555575603,176,14
source_intercept_control,B8_new,700,1393,1.9239,1.14312004452,176,14
source_intercept_control,B8_new,700,1394,2.0927,1.13686563497,176,14
source_intercept_control,B8_new,700,1395,2.2974,1.13053725314,176,14
source_intercept_control,B8_new,700,1396,0.5,1.12650770205,176,14
source_intercept_control,B8_new,700,1397,0.5,1.12038576329,176,14
source_intercept_control,B8_new,700,1398,0.5,1.10813307988,176,14
source_intercept_control,B8_new,700,1399,0.5,1.09586740359,176,14
source_intercept_control,B8_new,700,1400,0.515,1.08358684934,176,14
source_intercept_control,B8_new,700,1401,0.7581,1.07128889289,176,14
source_intercept_control,B8_new,700,1402,1.0355,1.05896997742,176,14
source_intercept_control,B8_new,700,1403,1.3068,1.04662471041,176,14
source_intercept_control,B8_new,700,1404,1.584,1.03424391507,176,14
source_intercept_control,B8_new,700,1405,1.9143,1.02180820357,176,14
source_intercept_control,B8_new,700,1406,2.0439,1.01555379402,176,14
source_intercept_control,B8_new,700,1407,2.071,1.00922541219,176,14
source_intercept_control,B8_new,700,1408,0.5,1.05333088256,176,14
source_intercept_control,B8_new,700,1409,0.5,1.0472089438,176,14
source_intercept_control,B8_new,700,1410,0.5,1.03495626039,176,14
source_intercept_control,B8_new,700,1411,0.5,1.02269058409,176,14
source_intercept_control,B8_new,700,1412,0.5,1.01041002985,176,14
source_intercept_control,B8_new,700,1413,0.7348,0.9981120734,176,14
source_intercept_control,B8_new,700,1414,0.9905,0.985793157924,176,14
source_intercept_control,B8_new,700,1415,1.2988,0.973447890924,176,14
source_intercept_control,B8_new,700,1416,1.5329,0.961067095583,176,14
source_intercept_control,B8_new,700,1417,1.7971,0.94863138408,176,14
source_intercept_control,B8_new,700,1418,1.9362,0.942376974525,176,14
source_intercept_control,B8_new,700,1419,2.0708,0.9360485927,176,14
source_intercept_control,B8_new,700,1420,0.5,1.01666299824,176,14
source_intercept_control,B8_new,700,1421,0.5,1.01054105947,176,14
source_intercept_control,B8_new,700,1422,0.5,0.998288376068,176,14
source_intercept_control,B8_new,700,1423,0.5,0.98602269977,176,14
source_intercept_control,B8_new,700,1424,0.5,0.973742145529,176,14
source_intercept_control,B8_new,700,1425,0.7523,0.961444189076,176,14
source_intercept_control,B8_new,700,1426,0.9957,0.9491252736,176,14
source_intercept_control,B8_new,700,1427,1.2155,0.9367800066,176,14
source_intercept_control,B8_new,700,1428,1.4766,0.924399211259,176,14
source_intercept_control,B8_new,700,1429,1.7601,0.911963499757,176,14
source_intercept_control,B8_new,700,1430,1.8874,0.905709090201,176,14
source_intercept_control,B8_new,700,1431,2.0154,0.899380708376,176,14
source_intercept_control,B8_new,700,1432,0.5,0.962856128684,176,14
source_intercept_control,B8_new,700,1433,0.5,0.956734189921,176,14
source_intercept_control,B8_new,700,1434,0.5,0.944481506516,176,14
source_intercept_control,B8_new,700,1435,0.5,0.932215830218,176,14
source_intercept_control,B8_new,700,1436,0.5,0.919935275977,176,14
source_intercept_control,B8_new,700,1437,0.7304,0.907637319524,176,14
source_intercept_control,B8_new,700,1438,0.9707,0.895318404048,176,14
source_intercept_control,B8_new,700,1439,1.208,0.882973137048,176,14
source_intercept_control,B8_new,700,1440,1.4829,0.870592341707,176,14
source_intercept_control,B8_new,700,1441,1.7289,0.858156630205,176,14
source_intercept_control,B8_new,700,1442,1.8991,0.851902220649,176,14
source_intercept_control,B8_new,700,1443,2.0155,0.845573838824,176,14
source_intercept_control,B8_new,700,1444,0.5,0.929374792638,176,14
source_intercept_control,B8_new,700,1445,0.5,0.923252853875,176,14
source_intercept_control,B8_new,700,1446,0.5,0.91100017047,176,14
source_intercept_control,B8_new,700,1447,0.5,0.898734494172,176,14
source_intercept_control,B8_new,700,1448,0.5,0.886453939931,176,14
source_intercept_control,B8_new,700,1449,0.6974,0.874155983478,176,14
source_intercept_control,B8_new,700,1450,0.9578,0.861837068002,176,14
source_intercept_control,B8_new,700,1451,1.2213,0.849491801002,176,14
source_intercept_control,B8_new,700,1452,1.432,0.837111005662,176,14
source_intercept_control,B8_new,700,1453,1.6736,0.824675294159,176,14
source_intercept_control,B8_new,700,1454,1.8314,0.818420884603,176,14
source_intercept_control,B8_new,700,1455,1.9675,0.812092502779,176,14
source_intercept_control,B8_new,700,1456,0.5,0.890960273504,176,14
source_intercept_control,B8_new,700,1457,0.5,0.884838334742,176,14
source_intercept_control,B8_new,700,1458,0.5,0.872585651337,176,14
source_intercept_control,B8_new,700,1459,0.5,0.860319975039,176,14
source_intercept_control,B8_new,700,1460,0.5,0.848039420798,176,14
source_intercept_control,B8_new,700,1461,0.7003,0.835741464345,176,14
source_intercept_control,B8_new,700,1462,0.9207,0.823422548869,176,14
source_intercept_control,B8_new,700,1463,1.1975,0.811077281869,176,14
source_intercept_control,B8_new,700,1464,1.4235,0.798696486528,176,14
source_intercept_control,B8_new,700,1465,1.6964,0.786260775025,176,14
source_intercept_control,B8_new,700,1466,1.818,0.78000636547,176,14
source_intercept_control,B8_new,700,1467,1.882,0.773677983645,176,14
source_intercept_control,B8_new,700,1468,0.5,0.859319747898,176,14
source_intercept_control,B8_new,700,1469,0.5,0.853197809135,176,14
source_intercept_control,B8_new,700,1470,0.5,0.84094512573,176,14
source_intercept_control,B8_new,700,1471,0.5,0.828679449432,176,14
source_intercept_control,B8_new,700,1472,0.5,0.816398895191,176,14
source_intercept_control,B8_new,700,1473,0.6792,0.804100938738,176,14
source_intercept_control,B8_new,700,1474,0.8872,0.791782023262,176,14
source_intercept_control,B8_new,700,1475,1.1635,0.779436756262,176,14
source_intercept_control,B8_new,700,1476,1.3899,0.767055960921,176,14
source_intercept_control,B8_new,700,1477,1.6863,0.754620249419,176,14
source_intercept_control,B8_new,700,1478,1.7351,0.748365839863,176,14
source_intercept_control,B8_new,700,1479,1.8865,0.742037458038,176,14
source_quality_interaction_new,B8_new,700,1360,0.5,0.296982479636,176,14
source_quality_interaction_new,B8_new,700,1361,0.5,0.403981156106,176,14
source_quality_interaction_new,B8_new,700,1362,0.5,0.617969703165,176,14
source_quality_interaction_new,B8_new,700,1363,0.5,0.831945257331,176,14
source_quality_interaction_new,B8_new,700,1364,0.5981,1.04590593355,176,14
source_quality_interaction_new,B8_new,700,1365,0.9159,1.25984920756,176,14
source_quality_interaction_new,B8_new,700,1366,1.2092,1.47377152255,176,14
source_quality_interaction_new,B8_new,700,1367,1.587,1.68766748602,176,14
source_quality_interaction_new,B8_new,700,1368,1.8853,1.90152792114,176,14
source_quality_interaction_new,B8_new,700,1369,2.2108,2.1153334401,176,14
source_quality_interaction_new,B8_new,700,1370,2.4127,2.22219964578,176,14
source_quality_interaction_new,B8_new,700,1371,2.5391,2.32899187919,176,14
source_quality_interaction_new,B8_new,700,1372,0.5,0.241962727084,176,14
source_quality_interaction_new,B8_new,700,1373,0.5,0.344479572088,176,14
source_quality_interaction_new,B8_new,700,1374,0.5,0.549504456215,176,14
source_quality_interaction_new,B8_new,700,1375,0.5,0.75451634745,176,14
source_quality_interaction_new,B8_new,700,1376,0.5653,0.959513360742,176,14
source_quality_interaction_new,B8_new,700,1377,0.8604,1.16449297182,176,14
source_quality_interaction_new,B8_new,700,1378,1.1538,1.36945162388,176,14
source_quality_interaction_new,B8_new,700,1379,1.4868,1.57438392441,176,14
source_quality_interaction_new,B8_new,700,1380,1.7512,1.7792806966,176,14
source_quality_interaction_new,B8_new,700,1381,2.0469,1.98412255263,176,14
source_quality_interaction_new,B8_new,700,1382,2.2272,2.08650692684,176,14
source_quality_interaction_new,B8_new,700,1383,2.4033,2.18881732878,176,14
source_quality_interaction_new,B8_new,700,1384,0.5,0.211524058728,176,14
source_quality_interaction_new,B8_new,700,1385,0.5,0.309559072266,176,14
source_quality_interaction_new,B8_new,700,1386,0.5,0.505620293462,176,14
source_quality_interaction_new,B8_new,700,1387,0.5,0.701668521765,176,14
source_quality_interaction_new,B8_new,700,1388,0.5501,0.897701872126,176,14
source_quality_interaction_new,B8_new,700,1389,0.8411,1.09371782027,176,14
source_quality_interaction_new,B8_new,700,1390,1.1236,1.2897128094,176,14
source_quality_interaction_new,B8_new,700,1391,1.4239,1.485681447,176,14
source_quality_interaction_new,B8_new,700,1392,1.6984,1.68161455626,176,14
source_quality_interaction_new,B8_new,700,1393,1.9239,1.87749274936,176,14
source_quality_interaction_new,B8_new,700,1394,2.0927,1.9753952921,176,14
source_quality_interaction_new,B8_new,700,1395,2.2974,2.07322386258,176,14
source_quality_interaction_new,B8_new,700,1396,0.5,0.201752121122,176,14
source_quality_interaction_new,B8_new,700,1397,0.5,0.293862475729,176,14
source_quality_interaction_new,B8_new,700,1398,0.5,0.478074379063,176,14
source_quality_interaction_new,B8_new,700,1399,0.5,0.662273289504,176,14
source_quality_interaction_new,B8_new,700,1400,0.515,0.846457322002,176,14
source_quality_interaction_new,B8_new,700,1401,0.7581,1.03062395229,176,14
source_quality_interaction_new,B8_new,700,1402,1.0355,1.21476962355,176,14
source_quality_interaction_new,B8_new,700,1403,1.3068,1.39888894329,176,14
source_quality_interaction_new,B8_new,700,1404,1.584,1.58297273469,176,14
source_quality_interaction_new,B8_new,700,1405,1.9143,1.76700160992,176,14
source_quality_interaction_new,B8_new,700,1406,2.0439,1.85897949374,176,14
source_quality_interaction_new,B8_new,700,1407,2.071,1.95088340528,176,14
source_quality_interaction_new,B8_new,700,1408,0.5,0.212951981253,176,14
source_quality_interaction_new,B8_new,700,1409,0.5,0.300580504394,176,14
source_quality_interaction_new,B8_new,700,1410,0.5,0.475828744797,176,14
source_quality_interaction_new,B8_new,700,1411,0.5,0.651063992306,176,14
source_quality_interaction_new,B8_new,700,1412,0.5,0.826284361873,176,14
source_quality_interaction_new,B8_new,700,1413,0.7348,1.00148732923,176,14
source_quality_interaction_new,B8_new,700,1414,0.9905,1.17666933756,176,14
source_quality_interaction_new,B8_new,700,1415,1.2988,1.35182499437,176,14
source_quality_interaction_new,B8_new,700,1416,1.5329,1.52694512283,176,14
source_quality_interaction_new,B8_new,700,1417,1.7971,1.70201033514,176,14
source_quality_interaction_new,B8_new,700,1418,1.9362,1.78950638749,176,14
source_quality_interaction_new,B8_new,700,1419,2.0708,1.87692846756,176,14
source_quality_interaction_new,B8_new,700,1420,0.5,0.225641290444,176,14
source_quality_interaction_new,B8_new,700,1421,0.5,0.310648110243,176,14
source_quality_interaction_new,B8_new,700,1422,0.5,0.480652943961,176,14
source_quality_interaction_new,B8_new,700,1423,0.5,0.650644784787,176,14
source_quality_interaction_new,B8_new,700,1424,0.5,0.820621747669,176,14
source_quality_interaction_new,B8_new,700,1425,0.7523,0.990581308339,176,14
source_quality_interaction_new,B8_new,700,1426,0.9957,1.16051990999,176,14
source_quality_interaction_new,B8_new,700,1427,1.2155,1.33043216011,176,14
source_quality_interaction_new,B8_new,700,1428,1.4766,1.50030888189,176,14
source_quality_interaction_new,B8_new,700,1429,1.7601,1.67013068751,176,14
source_quality_interaction_new,B8_new,700,1430,1.8874,1.75500503652,176,14
source_quality_interaction_new,B8_new,700,1431,2.0154,1.83980541326,176,14
source_quality_interaction_new,B8_new,700,1432,0.5,0.256211100514,176,14
source_quality_interaction_new,B8_new,700,1433,0.5,0.336736088847,176,14
source_quality_interaction_new,B8_new,700,1434,0.5,0.497777259634,176,14
source_quality_interaction_new,B8_new,700,1435,0.5,0.658805437528,176,14
source_quality_interaction_new,B8_new,700,1436,0.5,0.819818737479,176,14
source_quality_interaction_new,B8_new,700,1437,0.7304,0.980814635218,176,14
source_quality_interaction_new,B8_new,700,1438,0.9707,1.14178957393,176,14
source_quality_interaction_new,B8_new,700,1439,1.208,1.30273816113,176,14
source_quality_interaction_new,B8_new,700,1440,1.4829,1.46365121998,176,14
source_quality_interaction_new,B8_new,700,1441,1.7289,1.62450936267,176,14
source_quality_interaction_new,B8_new,700,1442,1.8991,1.70490188021,176,14
source_quality_interaction_new,B8_new,700,1443,2.0155,1.78522042548,176,14
source_quality_interaction_new,B8_new,700,1444,0.5,0.2849124743,176,14
source_quality_interaction_new,B8_new,700,1445,0.5,0.362134507044,176,14
source_quality_interaction_new,B8_new,700,1446,0.5,0.516569766653,176,14
source_quality_interaction_new,B8_new,700,1447,0.5,0.670992033369,176,14
source_quality_interaction_new,B8_new,700,1448,0.5,0.825399422141,176,14
source_quality_interaction_new,B8_new,700,1449,0.6974,0.979789408702,176,14
source_quality_interaction_new,B8_new,700,1450,0.9578,1.13415843624,176,14
source_quality_interaction_new,B8_new,700,1451,1.2213,1.28850111225,176,14
source_quality_interaction_new,B8_new,700,1452,1.432,1.44280825993,176,14
source_quality_interaction_new,B8_new,700,1453,1.6736,1.59706049144,176,14
source_quality_interaction_new,B8_new,700,1454,1.8314,1.67415005339,176,14
source_quality_interaction_new,B8_new,700,1455,1.9675,1.75116564307,176,14
source_quality_interaction_new,B8_new,700,1456,0.5,0.330874634789,176,14
source_quality_interaction_new,B8_new,700,1457,0.5,0.403614836067,176,14
source_quality_interaction_new,B8_new,700,1458,0.5,0.549086432744,176,14
source_quality_interaction_new,B8_new,700,1459,0.5,0.694545036529,176,14
source_quality_interaction_new,B8_new,700,1460,0.5,0.83998876237,176,14
source_quality_interaction_new,B8_new,700,1461,0.7003,0.985415085999,176,14
source_quality_interaction_new,B8_new,700,1462,0.9207,1.13082045061,176,14
source_quality_interaction_new,B8_new,700,1463,1.1975,1.27619946369,176,14
source_quality_interaction_new,B8_new,700,1464,1.4235,1.42154294843,176,14
source_quality_interaction_new,B8_new,700,1465,1.6964,1.56683151701,176,14
source_quality_interaction_new,B8_new,700,1466,1.818,1.63943924749,176,14
source_quality_interaction_new,B8_new,700,1467,1.882,1.71197300571,176,14
source_quality_interaction_new,B8_new,700,1468,0.5,0.383610788804,176,14
source_quality_interaction_new,B8_new,700,1469,0.5,0.451869158617,176,14
source_quality_interaction_new,B8_new,700,1470,0.5,0.588377092363,176,14
source_quality_interaction_new,B8_new,700,1471,0.5,0.724872033216,176,14
source_quality_interaction_new,B8_new,700,1472,0.5,0.861352096126,176,14
source_quality_interaction_new,B8_new,700,1473,0.6792,0.997814756823,176,14
source_quality_interaction_new,B8_new,700,1474,0.8872,1.1342564585,176,14
source_quality_interaction_new,B8_new,700,1475,1.1635,1.27067180865,176,14
source_quality_interaction_new,B8_new,700,1476,1.3899,1.40705163046,176,14
source_quality_interaction_new,B8_new,700,1477,1.6863,1.54337653611,176,14
source_quality_interaction_new,B8_new,700,1478,1.7351,1.61150243513,176,14
source_quality_interaction_new,B8_new,700,1479,1.8865,1.67955436188,176,14
