model,source,split,row,N_params_B,observed,predicted
classic_current,B1,leave_N_out,0,0.070542,4.7388,4.73864725899
classic_current,B1,leave_N_out,1,0.070542,4.3541,4.35479647031
classic_current,B1,leave_N_out,2,0.070542,4.0384,4.03785971255
classic_current,B1,leave_N_out,3,0.070542,3.7776,3.77757846614
classic_current,B1,leave_N_out,4,0.070542,3.5698,3.56994976313
classic_current,B1,leave_N_out,5,0.070542,3.3922,3.39217486058
classic_current,B1,leave_N_out,6,0.070542,3.3024,3.30309347724
classic_current,B1,leave_N_out,7,0.070542,3.2452,3.24572410461
classic_current,B1,leave_N_out,8,0.070542,3.2041,3.20432134447
classic_current,B1,leave_N_out,9,0.070542,3.172,3.17235963821
classic_current,B1,leave_N_out,10,0.070542,3.1466,3.1465795901
classic_current,B1,leave_N_out,11,0.070542,3.1248,3.12512915914
classic_current,B1,leave_N_out,12,0.070542,3.1064,3.10686240675
classic_current,B1,leave_N_out,13,0.070542,3.0913,3.091017531
classic_current,B1,leave_N_out,14,0.070542,3.077,3.0770880103
classic_current,B1,leave_N_out,15,0.070542,3.0646,3.06469161754
classic_current,B1,leave_N_out,16,0.070542,3.0531,3.05355146688
classic_current,B1,leave_N_out,17,0.070542,3.0432,3.04345735334
classic_current,B1,leave_N_out,18,0.070542,3.0342,3.03424622629
classic_current,B1,leave_N_out,19,0.070542,3.0254,3.02578926689
classic_current,B1,leave_N_out,20,0.070542,3.018,3.01797949099
classic_current,B1,leave_N_out,21,0.070542,3.0105,3.01074015373
classic_current,B1,leave_N_out,22,0.070542,3.0039,3.00399805094
classic_current,B1,leave_N_out,23,0.070542,2.9975,2.99769543503
classic_current,B1,leave_N_out,24,0.070542,2.9921,2.99178374041
classic_current,B1,leave_N_out,25,0.070542,2.9861,2.98622176623
classic_current,B1,leave_N_out,26,0.070542,2.9807,2.9809742833
classic_current,B1,leave_N_out,27,0.070542,2.9761,2.97600864891
classic_current,B1,leave_N_out,28,0.070542,2.971,2.97130328797
classic_current,B1,leave_N_out,29,0.070542,2.9668,2.96683283584
classic_current,B1,leave_N_out,30,0.070542,2.9621,2.96257718447
classic_current,B1,leave_N_out,31,0.070542,2.9582,2.95851861264
classic_current,B1,leave_N_out,32,0.070542,2.9546,2.95464142909
classic_current,B1,leave_N_out,33,0.070542,2.951,2.95092994817
classic_current,B1,leave_N_out,34,0.070542,2.9473,2.94737524299
classic_current,B1,leave_N_out,35,0.070542,2.9439,2.94396433773
classic_current,B1,leave_N_out,36,0.070542,2.9406,2.94068718697
classic_current,B1,leave_N_out,37,0.070542,2.9372,2.93753472483
classic_current,B1,leave_N_out,38,0.070542,2.9343,2.93449874398
classic_current,B1,leave_N_out,39,0.070542,2.9314,2.93157179251
classic_current,B1,leave_N_out,40,0.070542,2.9289,2.92874576201
classic_current,B1,leave_N_out,41,0.070542,2.926,2.92601715069
classic_current,B1,leave_N_out,42,0.070542,2.923,2.92337892022
classic_current,B1,leave_N_out,43,0.070542,2.9208,2.92082587211
classic_current,B1,leave_N_out,44,0.070542,2.9182,2.91835322747
classic_current,B1,leave_N_out,45,0.070542,2.9158,2.91595658386
classic_current,B1,leave_N_out,46,0.070542,2.9137,2.91363078544
classic_current,B1,leave_N_out,47,0.070542,2.9115,2.91137428962
classic_current,B1,leave_N_out,48,0.070542,2.9093,2.90918248893
classic_current,B1,leave_N_out,49,0.070542,2.9068,2.90705215156
classic_current,B1,leave_N_out,50,0.070542,2.9049,2.90498027298
classic_current,B1,leave_N_out,51,0.070542,2.903,2.90296405553
classic_current,B1,leave_N_out,52,0.070542,2.9011,2.90100089021
classic_current,B1,leave_N_out,53,0.070542,2.8989,2.89908744008
classic_current,B1,leave_N_out,54,0.070542,2.8971,2.89722324954
classic_current,B1,leave_N_out,55,0.070542,2.8951,2.89540526069
classic_current,B1,leave_N_out,56,0.070542,2.8933,2.89363147251
classic_current,B1,leave_N_out,57,0.070542,2.892,2.89190000635
classic_current,B1,leave_N_out,58,0.070542,2.8904,2.89020909631
classic_current,B1,leave_N_out,59,0.070542,2.8885,2.88855630183
classic_current,B1,leave_N_out,60,0.070542,2.8871,2.88694163234
classic_current,B1,leave_N_out,61,0.070542,2.8854,2.88536281445
classic_current,B1,leave_N_out,62,0.070542,2.8836,2.88381845433
classic_current,B1,leave_N_out,63,0.070542,2.8823,2.88230723477
classic_current,B1,leave_N_out,64,0.070542,2.8811,2.88082790981
classic_current,B1,leave_N_out,65,0.070542,2.8793,2.8793792998
classic_current,B1,leave_N_out,66,0.070542,2.8782,2.87795961704
classic_current,B1,leave_N_out,67,0.070542,2.876,2.87656915423
classic_current,B1,leave_N_out,68,0.070542,2.8753,2.87520622124
classic_current,B1,leave_N_out,69,0.070542,2.8738,2.87386986193
classic_current,B1,leave_N_out,70,0.070542,2.8724,2.87255916718
classic_current,B1,leave_N_out,71,0.070542,2.8712,2.87127327197
classic_current,B1,leave_N_out,72,0.070542,2.8696,2.87001135262
classic_current,B1,leave_N_out,73,0.070542,2.8687,2.86877203892
classic_current,B1,leave_N_out,74,0.070542,2.8676,2.86755576355
classic_current,B1,leave_N_out,75,0.070542,2.8666,2.86636121616
classic_current,B1,leave_N_out,76,0.070542,2.865,2.86518771483
classic_current,B1,leave_N_out,77,0.070542,2.8638,2.864034608
classic_current,B1,leave_N_out,78,0.070542,2.8628,2.86290127275
classic_current,B1,leave_N_out,79,0.070542,2.8619,2.86178658633
classic_current,B1,leave_N_out,80,0.070542,2.8607,2.86069104073
classic_current,B1,leave_N_out,81,0.070542,2.8595,2.85961355381
classic_current,B1,leave_N_out,82,0.070542,2.8586,2.85855360205
classic_current,B1,leave_N_out,83,0.070542,2.8575,2.85751068349
classic_current,B1,leave_N_out,84,0.070542,2.8566,2.85648431658
classic_current,B1,leave_N_out,85,0.070542,2.8553,2.85547403913
classic_current,B1,leave_N_out,86,0.070542,2.8544,2.85447893663
classic_current,B1,leave_N_out,87,0.070542,2.8534,2.85349953108
classic_current,B1,leave_N_out,88,0.070542,2.8522,2.85253493456
classic_current,B1,leave_N_out,89,0.070542,2.8516,2.85158475284
classic_current,B1,leave_N_out,90,0.070542,2.8506,2.85064860664
classic_current,B1,leave_N_out,91,0.070542,2.8497,2.84972613085
classic_current,B1,leave_N_out,92,0.070542,2.8487,2.84881654344
classic_current,B1,leave_N_out,93,0.070542,2.8476,2.84792037265
classic_current,B1,leave_N_out,94,0.070542,2.8469,2.84703685533
classic_current,B1,leave_N_out,95,0.070542,2.8461,2.84616567668
classic_current,B1,leave_N_out,96,0.070542,2.8451,2.84530653306
classic_current,B1,leave_N_out,97,0.070542,2.8444,2.84445913148
classic_current,B1,leave_N_out,98,0.070542,2.8436,2.84362318909
classic_current,B1,leave_N_out,99,0.070542,2.8431,2.84279804205
classic_current,B1,leave_N_out,100,0.070542,2.842,2.84198421298
classic_current,B1,leave_N_out,101,0.070542,2.8412,2.84118105093
classic_current,B1,leave_N_out,102,0.070542,2.8403,2.84038830936
classic_current,B1,leave_N_out,103,0.070542,2.8392,2.83960574986
classic_current,B1,leave_N_out,104,0.070542,2.8388,2.83883314177
classic_current,B1,leave_N_out,105,0.070542,2.838,2.83806990038
classic_current,B1,leave_N_out,106,0.070542,2.8377,2.83731653712
classic_current,B1,leave_N_out,107,0.070542,2.8365,2.83657247666
classic_current,B1,leave_N_out,108,0.070542,2.8358,2.83583751633
classic_current,B1,leave_N_out,109,0.070542,2.8351,2.83511145973
classic_current,B1,leave_N_out,110,0.070542,2.8341,2.83439411653
classic_current,B1,leave_N_out,111,0.070542,2.8338,2.83368530219
classic_current,B1,leave_N_out,112,0.070542,2.8331,2.83298450566
classic_current,B1,leave_N_out,113,0.070542,2.8324,2.83229222132
classic_current,B1,leave_N_out,114,0.070542,2.8314,2.8316079447
classic_current,B1,leave_N_out,115,0.070542,2.8311,2.83093151226
classic_current,B1,leave_N_out,116,0.070542,2.83,2.83026276526
classic_current,B1,leave_N_out,117,0.070542,2.8297,2.8296015495
classic_current,B1,leave_N_out,118,0.070542,2.8293,2.82894771524
classic_current,B1,leave_N_out,119,0.070542,2.8281,2.8283008103
classic_current,B1,leave_N_out,120,0.070542,2.8275,2.8276613099
classic_current,B1,leave_N_out,121,0.070542,2.827,2.82702876648
classic_current,B1,leave_N_out,122,0.070542,2.8263,2.82640304638
classic_current,B1,leave_N_out,123,0.070542,2.8255,2.82578401956
classic_current,B1,leave_N_out,124,0.070542,2.8251,2.82517155956
classic_current,B1,leave_N_out,125,0.070542,2.8243,2.82456525581
classic_current,B1,leave_N_out,126,0.070542,2.824,2.82396556648
classic_current,B1,leave_N_out,127,0.070542,2.8232,2.82337208445
classic_current,B1,leave_N_out,128,0.070542,2.823,2.82278469618
classic_current,B1,leave_N_out,129,0.070542,2.822,2.82220329109
classic_current,B1,leave_N_out,130,0.070542,2.8215,2.82162776149
classic_current,B1,leave_N_out,131,0.070542,2.8212,2.82105800244
classic_current,B1,leave_N_out,132,0.070542,2.8202,2.820493644
classic_current,B1,leave_N_out,133,0.070542,2.8199,2.81993512445
classic_current,B1,leave_N_out,134,0.070542,2.8196,2.81938207629
classic_current,B1,leave_N_out,135,0.070542,2.8185,2.81883440475
classic_current,B1,leave_N_out,136,0.070542,2.8183,2.81829201744
classic_current,B1,leave_N_out,137,0.070542,2.8178,2.8177548242
classic_current,B1,leave_N_out,138,0.070542,2.8173,2.81722248456
classic_current,B1,leave_N_out,139,0.070542,2.8164,2.81669542014
classic_current,B1,leave_N_out,140,0.070542,2.8159,2.81617329223
classic_current,B1,leave_N_out,141,0.070542,2.8157,2.81565601907
classic_current,B1,leave_N_out,142,0.070542,2.8152,2.81514352083
classic_current,B1,leave_N_out,143,0.070542,2.8146,2.81463571955
classic_current,B1,leave_N_out,144,0.070542,2.8142,2.8141325391
classic_current,B1,leave_N_out,145,0.070542,2.8135,2.8136336684
classic_current,B1,leave_N_out,146,0.070542,2.8131,2.81313951033
generalized_ND_new,B1,leave_N_out,0,0.070542,4.7388,4.73878257172
generalized_ND_new,B1,leave_N_out,1,0.070542,4.3541,4.35490931763
generalized_ND_new,B1,leave_N_out,2,0.070542,4.0384,4.03795368764
generalized_ND_new,B1,leave_N_out,3,0.070542,3.7776,3.77765618507
generalized_ND_new,B1,leave_N_out,4,0.070542,3.5698,3.5700135199
generalized_ND_new,B1,leave_N_out,5,0.070542,3.3922,3.39222546011
generalized_ND_new,B1,leave_N_out,6,0.070542,3.3024,3.30313686374
generalized_ND_new,B1,leave_N_out,7,0.070542,3.2452,3.2457625555
generalized_ND_new,B1,leave_N_out,8,0.070542,3.2041,3.20435606539
generalized_ND_new,B1,leave_N_out,9,0.070542,3.172,3.1723913705
generalized_ND_new,B1,leave_N_out,10,0.070542,3.1466,3.14660883532
generalized_ND_new,B1,leave_N_out,11,0.070542,3.1248,3.12515627855
generalized_ND_new,B1,leave_N_out,12,0.070542,3.1064,3.10688767263
generalized_ND_new,B1,leave_N_out,13,0.070542,3.0913,3.09104115492
generalized_ND_new,B1,leave_N_out,14,0.070542,3.077,3.07711016311
generalized_ND_new,B1,leave_N_out,15,0.070542,3.0646,3.0647124384
generalized_ND_new,B1,leave_N_out,16,0.070542,3.0531,3.05357107169
generalized_ND_new,B1,leave_N_out,17,0.070542,3.0432,3.04347584007
generalized_ND_new,B1,leave_N_out,18,0.070542,3.0342,3.03426367884
generalized_ND_new,B1,leave_N_out,19,0.070542,3.0254,3.02580575786
generalized_ND_new,B1,leave_N_out,20,0.070542,3.018,3.01799508337
generalized_ND_new,B1,leave_N_out,21,0.070542,3.0105,3.01075490383
generalized_ND_new,B1,leave_N_out,22,0.070542,3.0039,3.00401200832
generalized_ND_new,B1,leave_N_out,23,0.070542,2.9975,2.99770864396
generalized_ND_new,B1,leave_N_out,24,0.070542,2.9921,2.99179624064
generalized_ND_new,B1,leave_N_out,25,0.070542,2.9861,2.98623359368
generalized_ND_new,B1,leave_N_out,26,0.070542,2.9807,2.98098547054
generalized_ND_new,B1,leave_N_out,27,0.070542,2.9761,2.97601922536
generalized_ND_new,B1,leave_N_out,28,0.070542,2.971,2.97131328108
generalized_ND_new,B1,leave_N_out,29,0.070542,2.9668,2.96684227055
generalized_ND_new,B1,leave_N_out,30,0.070542,2.9621,2.96258608377
generalized_ND_new,B1,leave_N_out,31,0.070542,2.9582,2.95852699776
generalized_ND_new,B1,leave_N_out,32,0.070542,2.9546,2.95464931971
generalized_ND_new,B1,leave_N_out,33,0.070542,2.951,2.95093736237
generalized_ND_new,B1,leave_N_out,34,0.070542,2.9473,2.94738219803
generalized_ND_new,B1,leave_N_out,35,0.070542,2.9439,2.94397084954
generalized_ND_new,B1,leave_N_out,36,0.070542,2.9406,2.94069327043
generalized_ND_new,B1,leave_N_out,37,0.070542,2.9372,2.93754039391
generalized_ND_new,B1,leave_N_out,38,0.070542,2.9343,2.93450401181
generalized_ND_new,B1,leave_N_out,39,0.070542,2.9314,2.93157667143
generalized_ND_new,B1,leave_N_out,40,0.070542,2.9289,2.9287502635
generalized_ND_new,B1,leave_N_out,41,0.070542,2.926,2.92602128592
generalized_ND_new,B1,leave_N_out,42,0.070542,2.923,2.9233826996
generalized_ND_new,B1,leave_N_out,43,0.070542,2.9208,2.92082930549
generalized_ND_new,B1,leave_N_out,44,0.070542,2.9182,2.91835632419
generalized_ND_new,B1,leave_N_out,45,0.070542,2.9158,2.91595935279
generalized_ND_new,B1,leave_N_out,46,0.070542,2.9137,2.91363323489
generalized_ND_new,B1,leave_N_out,47,0.070542,2.9115,2.91137642777
generalized_ND_new,B1,leave_N_out,48,0.070542,2.9093,2.90918432343
generalized_ND_new,B1,leave_N_out,49,0.070542,2.9068,2.90705368972
generalized_ND_new,B1,leave_N_out,50,0.070542,2.9049,2.90498152178
generalized_ND_new,B1,leave_N_out,51,0.070542,2.903,2.90296502165
generalized_ND_new,B1,leave_N_out,52,0.070542,2.9011,2.90100158003
generalized_ND_new,B1,leave_N_out,53,0.070542,2.8989,2.89908785958
generalized_ND_new,B1,leave_N_out,54,0.070542,2.8971,2.89722340472
generalized_ND_new,B1,leave_N_out,55,0.070542,2.8951,2.89540515718
generalized_ND_new,B1,leave_N_out,56,0.070542,2.8933,2.89363111571
generalized_ND_new,B1,leave_N_out,57,0.070542,2.892,2.89189940145
generalized_ND_new,B1,leave_N_out,58,0.070542,2.8904,2.8902082483
generalized_ND_new,B1,leave_N_out,59,0.070542,2.8885,2.8885552154
generalized_ND_new,B1,leave_N_out,60,0.070542,2.8871,2.88694031224
generalized_ND_new,B1,leave_N_out,61,0.070542,2.8854,2.88536126514
generalized_ND_new,B1,leave_N_out,62,0.070542,2.8836,2.8838166801
generalized_ND_new,B1,leave_N_out,63,0.070542,2.8823,2.88230523977
generalized_ND_new,B1,leave_N_out,64,0.070542,2.8811,2.88082569805
generalized_ND_new,B1,leave_N_out,65,0.070542,2.8793,2.87937687514
generalized_ND_new,B1,leave_N_out,66,0.070542,2.8782,2.87795698314
generalized_ND_new,B1,leave_N_out,67,0.070542,2.876,2.87656631479
generalized_ND_new,B1,leave_N_out,68,0.070542,2.8753,2.87520317978
generalized_ND_new,B1,leave_N_out,69,0.070542,2.8738,2.87386662182
generalized_ND_new,B1,leave_N_out,70,0.070542,2.8724,2.87255573171
generalized_ND_new,B1,leave_N_out,71,0.070542,2.8712,2.87126964432
generalized_ND_new,B1,leave_N_out,72,0.070542,2.8696,2.87000753587
generalized_ND_new,B1,leave_N_out,73,0.070542,2.8687,2.86876803597
generalized_ND_new,B1,leave_N_out,74,0.070542,2.8676,2.8675515774
generalized_ND_new,B1,leave_N_out,75,0.070542,2.8666,2.86635684962
generalized_ND_new,B1,leave_N_out,76,0.070542,2.865,2.86518317064
generalized_ND_new,B1,leave_N_out,77,0.070542,2.8638,2.86402988882
generalized_ND_new,B1,leave_N_out,78,0.070542,2.8628,2.86289638116
generalized_ND_new,B1,leave_N_out,79,0.070542,2.8619,2.86178152476
generalized_ND_new,B1,leave_N_out,80,0.070542,2.8607,2.86068581171
generalized_ND_new,B1,leave_N_out,81,0.070542,2.8595,2.85960815972
generalized_ND_new,B1,leave_N_out,82,0.070542,2.8586,2.8585480452
generalized_ND_new,B1,leave_N_out,83,0.070542,2.8575,2.85750496613
generalized_ND_new,B1,leave_N_out,84,0.070542,2.8566,2.85647844091
generalized_ND_new,B1,leave_N_out,85,0.070542,2.8553,2.85546800728
generalized_ND_new,B1,leave_N_out,86,0.070542,2.8544,2.85447275062
generalized_ND_new,B1,leave_N_out,87,0.070542,2.8534,2.85349319301
generalized_ND_new,B1,leave_N_out,88,0.070542,2.8522,2.85252844642
generalized_ND_new,B1,leave_N_out,89,0.070542,2.8516,2.85157811656
generalized_ND_new,B1,leave_N_out,90,0.070542,2.8506,2.8506418241
generalized_ND_new,B1,leave_N_out,91,0.070542,2.8497,2.8497192039
generalized_ND_new,B1,leave_N_out,92,0.070542,2.8487,2.84880947381
generalized_ND_new,B1,leave_N_out,93,0.070542,2.8476,2.84791316216
generalized_ND_new,B1,leave_N_out,94,0.070542,2.8469,2.84702950569
generalized_ND_new,B1,leave_N_out,95,0.070542,2.8461,2.84615818958
generalized_ND_new,B1,leave_N_out,96,0.070542,2.8451,2.84529891014
generalized_ND_new,B1,leave_N_out,97,0.070542,2.8444,2.84445137433
generalized_ND_new,B1,leave_N_out,98,0.070542,2.8436,2.84361529927
generalized_ND_new,B1,leave_N_out,99,0.070542,2.8431,2.84279002104
generalized_ND_new,B1,leave_N_out,100,0.070542,2.842,2.84197606234
generalized_ND_new,B1,leave_N_out,101,0.070542,2.8412,2.84117277213
generalized_ND_new,B1,leave_N_out,102,0.070542,2.8403,2.84037990384
generalized_ND_new,B1,leave_N_out,103,0.070542,2.8392,2.83959721901
generalized_ND_new,B1,leave_N_out,104,0.070542,2.8388,2.83882448698
generalized_ND_new,B1,leave_N_out,105,0.070542,2.838,2.83806112293
generalized_ND_new,B1,leave_N_out,106,0.070542,2.8377,2.83730763839
generalized_ND_new,B1,leave_N_out,107,0.070542,2.8365,2.83656345794
generalized_ND_new,B1,leave_N_out,108,0.070542,2.8358,2.83582837889
generalized_ND_new,B1,leave_N_out,109,0.070542,2.8351,2.83510220482
generalized_ND_new,B1,leave_N_out,110,0.070542,2.8341,2.83438474536
generalized_ND_new,B1,leave_N_out,111,0.070542,2.8338,2.83367581596
generalized_ND_new,B1,leave_N_out,112,0.070542,2.8331,2.83297490548
generalized_ND_new,B1,leave_N_out,113,0.070542,2.8324,2.8322825084
generalized_ND_new,B1,leave_N_out,114,0.070542,2.8314,2.83159812015
generalized_ND_new,B1,leave_N_out,115,0.070542,2.8311,2.83092157721
generalized_ND_new,B1,leave_N_out,116,0.070542,2.83,2.83025272077
generalized_ND_new,B1,leave_N_out,117,0.070542,2.8297,2.82959139666
generalized_ND_new,B1,leave_N_out,118,0.070542,2.8293,2.82893745508
generalized_ND_new,B1,leave_N_out,119,0.070542,2.8281,2.82829044381
generalized_ND_new,B1,leave_N_out,120,0.070542,2.8275,2.82765083812
generalized_ND_new,B1,leave_N_out,121,0.070542,2.827,2.82701819041
generalized_ND_new,B1,leave_N_out,122,0.070542,2.8263,2.82639236699
generalized_ND_new,B1,leave_N_out,123,0.070542,2.8255,2.82577323781
generalized_ND_new,B1,leave_N_out,124,0.070542,2.8251,2.82516067639
generalized_ND_new,B1,leave_N_out,125,0.070542,2.8243,2.82455427209
generalized_ND_new,B1,leave_N_out,126,0.070542,2.824,2.82395448317
generalized_ND_new,B1,leave_N_out,127,0.070542,2.8232,2.82336090244
generalized_ND_new,B1,leave_N_out,128,0.070542,2.823,2.82277341634
generalized_ND_new,B1,leave_N_out,129,0.070542,2.822,2.8221919143
generalized_ND_new,B1,leave_N_out,130,0.070542,2.8215,2.82161628858
generalized_ND_new,B1,leave_N_out,131,0.070542,2.8212,2.82104643425
generalized_ND_new,B1,leave_N_out,132,0.070542,2.8202,2.8204819813
generalized_ND_new,B1,leave_N_out,133,0.070542,2.8199,2.8199233681
generalized_ND_new,B1,leave_N_out,134,0.070542,2.8196,2.81937022708
generalized_ND_new,B1,leave_N_out,135,0.070542,2.8185,2.81882246347
generalized_ND_new,B1,leave_N_out,136,0.070542,2.8183,2.81827998485
generalized_ND_new,B1,leave_N_out,137,0.070542,2.8178,2.81774270106
generalized_ND_new,B1,leave_N_out,138,0.070542,2.8173,2.81721027157
generalized_ND_new,B1,leave_N_out,139,0.070542,2.8164,2.81668311808
generalized_ND_new,B1,leave_N_out,140,0.070542,2.8159,2.81616090182
generalized_ND_new,B1,leave_N_out,141,0.070542,2.8157,2.81564354102
generalized_ND_new,B1,leave_N_out,142,0.070542,2.8152,2.81513095584
generalized_ND_new,B1,leave_N_out,143,0.070542,2.8146,2.81462306831
generalized_ND_new,B1,leave_N_out,144,0.070542,2.8142,2.8141198023
generalized_ND_new,B1,leave_N_out,145,0.070542,2.8135,2.81362084666
generalized_ND_new,B1,leave_N_out,146,0.070542,2.8131,2.81312660435
classic_current,B1,leave_N_out,147,0.162405,4.5235,4.52331069409
classic_current,B1,leave_N_out,148,0.162405,4.1397,4.13944678234
classic_current,B1,leave_N_out,149,0.162405,3.8226,3.82250370506
classic_current,B1,leave_N_out,150,0.162405,3.5629,3.56222097804
classic_current,B1,leave_N_out,151,0.162405,3.3548,3.35459400059
classic_current,B1,leave_N_out,152,0.162405,3.1771,3.17682305859
classic_current,B1,leave_N_out,153,0.162405,3.0883,3.08774467789
classic_current,B1,leave_N_out,154,0.162405,3.0304,3.03037764947
classic_current,B1,leave_N_out,155,0.162405,2.9888,2.98897679891
classic_current,B1,leave_N_out,156,0.162405,2.9568,2.95701670005
classic_current,B1,leave_N_out,157,0.162405,2.9311,2.93123803761
classic_current,B1,leave_N_out,158,0.162405,2.9098,2.90978882298
classic_current,B1,leave_N_out,159,0.162405,2.8916,2.89152315356
classic_current,B1,leave_N_out,160,0.162405,2.8757,2.87567925351
classic_current,B1,leave_N_out,161,0.162405,2.8619,2.86175061927
classic_current,B1,leave_N_out,162,0.162405,2.8494,2.84935503863
classic_current,B1,leave_N_out,163,0.162405,2.8385,2.83821563688
classic_current,B1,leave_N_out,164,0.162405,2.8281,2.8281222179
classic_current,B1,leave_N_out,165,0.162405,2.8195,2.81891173819
classic_current,B1,leave_N_out,166,0.162405,2.8106,2.81045538473
classic_current,B1,leave_N_out,167,0.162405,2.8025,2.80264617842
classic_current,B1,leave_N_out,168,0.162405,2.7952,2.79540737792
classic_current,B1,leave_N_out,169,0.162405,2.7888,2.7886657827
classic_current,B1,leave_N_out,170,0.162405,2.7823,2.7823636481
classic_current,B1,leave_N_out,171,0.162405,2.7766,2.77645241101
classic_current,B1,leave_N_out,172,0.162405,2.771,2.77089087274
classic_current,B1,leave_N_out,173,0.162405,2.7656,2.76564380596
classic_current,B1,leave_N_out,174,0.162405,2.7605,2.76067856982
classic_current,B1,leave_N_out,175,0.162405,2.7557,2.75597359028
classic_current,B1,leave_N_out,176,0.162405,2.7514,2.75150350416
classic_current,B1,leave_N_out,177,0.162405,2.7474,2.7472482046
classic_current,B1,leave_N_out,178,0.162405,2.7432,2.74318997137
classic_current,B1,leave_N_out,179,0.162405,2.7391,2.73931311413
classic_current,B1,leave_N_out,180,0.162405,2.7356,2.7356019482
classic_current,B1,leave_N_out,181,0.162405,2.7321,2.73204754713
classic_current,B1,leave_N_out,182,0.162405,2.7285,2.72863693595
classic_current,B1,leave_N_out,183,0.162405,2.7254,2.72536006984
classic_current,B1,leave_N_out,184,0.162405,2.7222,2.72220788347
classic_current,B1,leave_N_out,185,0.162405,2.719,2.71917217005
classic_current,B1,leave_N_out,186,0.162405,2.7163,2.71624547811
classic_current,B1,leave_N_out,187,0.162405,2.7135,2.71341969981
classic_current,B1,leave_N_out,188,0.162405,2.7109,2.71069133351
classic_current,B1,leave_N_out,189,0.162405,2.7082,2.70805334137
classic_current,B1,leave_N_out,190,0.162405,2.7053,2.70550052525
classic_current,B1,leave_N_out,191,0.162405,2.7029,2.70302810655
classic_current,B1,leave_N_out,192,0.162405,2.7007,2.70063168313
classic_current,B1,leave_N_out,193,0.162405,2.6984,2.69830609954
classic_current,B1,leave_N_out,194,0.162405,2.6961,2.69604981322
classic_current,B1,leave_N_out,195,0.162405,2.6945,2.69385821705
classic_current,B1,leave_N_out,196,0.162405,2.6918,2.69172807943
classic_current,B1,leave_N_out,197,0.162405,2.6898,2.68965639605
classic_current,B1,leave_N_out,198,0.162405,2.6878,2.68764036943
classic_current,B1,leave_N_out,199,0.162405,2.6858,2.68567739077
classic_current,B1,leave_N_out,200,0.162405,2.6837,2.68376412336
classic_current,B1,leave_N_out,201,0.162405,2.682,2.68190011161
classic_current,B1,leave_N_out,202,0.162405,2.68,2.68008229785
classic_current,B1,leave_N_out,203,0.162405,2.6783,2.67830868121
classic_current,B1,leave_N_out,204,0.162405,2.6765,2.67657738316
classic_current,B1,leave_N_out,205,0.162405,2.6749,2.67488663794
classic_current,B1,leave_N_out,206,0.162405,2.6736,2.67323400517
classic_current,B1,leave_N_out,207,0.162405,2.6713,2.67161949426
classic_current,B1,leave_N_out,208,0.162405,2.6702,2.67004083201
classic_current,B1,leave_N_out,209,0.162405,2.6683,2.66849662466
classic_current,B1,leave_N_out,210,0.162405,2.6669,2.66698555512
classic_current,B1,leave_N_out,211,0.162405,2.6657,2.66550637753
classic_current,B1,leave_N_out,212,0.162405,2.6641,2.66405791231
classic_current,B1,leave_N_out,213,0.162405,2.6625,2.66263837192
classic_current,B1,leave_N_out,214,0.162405,2.6611,2.661248049
classic_current,B1,leave_N_out,215,0.162405,2.66,2.65988525358
classic_current,B1,leave_N_out,216,0.162405,2.6584,2.65854902957
classic_current,B1,leave_N_out,217,0.162405,2.6573,2.65723846793
classic_current,B1,leave_N_out,218,0.162405,2.656,2.65595270371
classic_current,B1,leave_N_out,219,0.162405,2.6546,2.65469091328
classic_current,B1,leave_N_out,220,0.162405,2.6538,2.65345172656
classic_current,B1,leave_N_out,221,0.162405,2.6523,2.65223557618
classic_current,B1,leave_N_out,222,0.162405,2.6507,2.65104115188
classic_current,B1,leave_N_out,223,0.162405,2.6499,2.64986777181
classic_current,B1,leave_N_out,224,0.162405,2.6486,2.64871478446
classic_current,B1,leave_N_out,225,0.162405,2.6477,2.64758156695
classic_current,B1,leave_N_out,226,0.162405,2.6464,2.64646699664
classic_current,B1,leave_N_out,227,0.162405,2.6454,2.64537156545
classic_current,B1,leave_N_out,228,0.162405,2.6444,2.64429419134
classic_current,B1,leave_N_out,229,0.162405,2.6434,2.64323435084
classic_current,B1,leave_N_out,230,0.162405,2.642,2.64219154202
classic_current,B1,leave_N_out,231,0.162405,2.6411,2.64116528337
classic_current,B1,leave_N_out,232,0.162405,2.6401,2.64015511274
classic_current,B1,leave_N_out,233,0.162405,2.6391,2.6391601157
classic_current,B1,leave_N_out,234,0.162405,2.6385,2.6381808142
classic_current,B1,leave_N_out,235,0.162405,2.6373,2.63721632038
classic_current,B1,leave_N_out,236,0.162405,2.6361,2.63626624007
classic_current,B1,leave_N_out,237,0.162405,2.6355,2.63533019399
classic_current,B1,leave_N_out,238,0.162405,2.6347,2.63440781708
classic_current,B1,leave_N_out,239,0.162405,2.6337,2.63349832738
classic_current,B1,leave_N_out,240,0.162405,2.6324,2.63260225307
classic_current,B1,leave_N_out,241,0.162405,2.6317,2.63171883106
classic_current,B1,leave_N_out,242,0.162405,2.6311,2.6308477466
classic_current,B1,leave_N_out,243,0.162405,2.6299,2.62998869606
classic_current,B1,leave_N_out,244,0.162405,2.6292,2.62914138646
classic_current,B1,leave_N_out,245,0.162405,2.6284,2.62830553499
classic_current,B1,leave_N_out,246,0.162405,2.6274,2.62748047788
classic_current,B1,leave_N_out,247,0.162405,2.6267,2.62666673769
classic_current,B1,leave_N_out,248,0.162405,2.6254,2.62586366352
classic_current,B1,leave_N_out,249,0.162405,2.6249,2.62507100885
classic_current,B1,leave_N_out,250,0.162405,2.6243,2.6242885353
classic_current,B1,leave_N_out,251,0.162405,2.6234,2.62351601222
classic_current,B1,leave_N_out,252,0.162405,2.623,2.62275285497
classic_current,B1,leave_N_out,253,0.162405,2.6218,2.62199957491
classic_current,B1,leave_N_out,254,0.162405,2.6212,2.62125559677
classic_current,B1,leave_N_out,255,0.162405,2.6206,2.6205207179
classic_current,B1,leave_N_out,256,0.162405,2.62,2.61979474192
classic_current,B1,leave_N_out,257,0.162405,2.6189,2.61907747851
classic_current,B1,leave_N_out,258,0.162405,2.6186,2.61836874314
classic_current,B1,leave_N_out,259,0.162405,2.6177,2.61766802482
classic_current,B1,leave_N_out,260,0.162405,2.6169,2.61697581788
classic_current,B1,leave_N_out,261,0.162405,2.6164,2.61629161788
classic_current,B1,leave_N_out,262,0.162405,2.6157,2.61561526132
classic_current,B1,leave_N_out,263,0.162405,2.6149,2.61494658945
classic_current,B1,leave_N_out,264,0.162405,2.6143,2.6142854481
classic_current,B1,leave_N_out,265,0.162405,2.6136,2.61363168753
classic_current,B1,leave_N_out,266,0.162405,2.613,2.61298485563
classic_current,B1,leave_N_out,267,0.162405,2.6125,2.61234542753
classic_current,B1,leave_N_out,268,0.162405,2.612,2.61171295574
classic_current,B1,leave_N_out,269,0.162405,2.6109,2.61108730661
classic_current,B1,leave_N_out,270,0.162405,2.6108,2.61046835011
classic_current,B1,leave_N_out,271,0.162405,2.6096,2.60985595977
classic_current,B1,leave_N_out,272,0.162405,2.6092,2.60924972511
classic_current,B1,leave_N_out,273,0.162405,2.6088,2.6086501042
classic_current,B1,leave_N_out,274,0.162405,2.6081,2.60805668998
classic_current,B1,leave_N_out,275,0.162405,2.6074,2.60746936892
classic_current,B1,leave_N_out,276,0.162405,2.6069,2.60688803047
classic_current,B1,leave_N_out,277,0.162405,2.6063,2.60631256691
classic_current,B1,leave_N_out,278,0.162405,2.6057,2.60574287333
classic_current,B1,leave_N_out,279,0.162405,2.6053,2.60517857984
classic_current,B1,leave_N_out,280,0.162405,2.6047,2.60462012466
classic_current,B1,leave_N_out,281,0.162405,2.604,2.60406714032
classic_current,B1,leave_N_out,282,0.162405,2.6037,2.60351953207
classic_current,B1,leave_N_out,283,0.162405,2.603,2.60297720751
classic_current,B1,leave_N_out,284,0.162405,2.6026,2.60244007652
classic_current,B1,leave_N_out,285,0.162405,2.602,2.60190779864
classic_current,B1,leave_N_out,286,0.162405,2.6013,2.60138079544
classic_current,B1,leave_N_out,287,0.162405,2.6008,2.60085872827
classic_current,B1,leave_N_out,288,0.162405,2.6005,2.60034151535
classic_current,B1,leave_N_out,289,0.162405,2.5999,2.59982907688
classic_current,B1,leave_N_out,290,0.162405,2.5993,2.5993213349
classic_current,B1,leave_N_out,291,0.162405,2.5989,2.59881821328
classic_current,B1,leave_N_out,292,0.162405,2.5985,2.59831940098
classic_current,B1,leave_N_out,293,0.162405,2.5978,2.59782530081
generalized_ND_new,B1,leave_N_out,147,0.162405,4.5235,4.523256431
generalized_ND_new,B1,leave_N_out,148,0.162405,4.1397,4.1394027136
generalized_ND_new,B1,leave_N_out,149,0.162405,3.8226,3.82246763308
generalized_ND_new,B1,leave_N_out,150,0.162405,3.5629,3.56219143248
generalized_ND_new,B1,leave_N_out,151,0.162405,3.3548,3.35456988332
generalized_ND_new,B1,leave_N_out,152,0.162405,3.1771,3.17680400848
generalized_ND_new,B1,leave_N_out,153,0.162405,3.0883,3.08772842339
generalized_ND_new,B1,leave_N_out,154,0.162405,3.0304,3.0303633262
generalized_ND_new,B1,leave_N_out,155,0.162405,2.9888,2.98896394843
generalized_ND_new,B1,leave_N_out,156,0.162405,2.9568,2.95700503936
generalized_ND_new,B1,leave_N_out,157,0.162405,2.9311,2.93122737434
generalized_ND_new,B1,leave_N_out,158,0.162405,2.9098,2.90977901792
generalized_ND_new,B1,leave_N_out,159,0.162405,2.8916,2.89151410129
generalized_ND_new,B1,leave_N_out,160,0.162405,2.8757,2.87567087175
generalized_ND_new,B1,leave_N_out,161,0.162405,2.8619,2.86174284127
generalized_ND_new,B1,leave_N_out,162,0.162405,2.8494,2.8493478098
generalized_ND_new,B1,leave_N_out,163,0.162405,2.8385,2.83820891159
generalized_ND_new,B1,leave_N_out,164,0.162405,2.8281,2.82811595743
generalized_ND_new,B1,leave_N_out,165,0.162405,2.8195,2.81890590927
generalized_ND_new,B1,leave_N_out,166,0.162405,2.8106,2.81044995846
generalized_ND_new,B1,leave_N_out,167,0.162405,2.8025,2.80264112967
generalized_ND_new,B1,leave_N_out,168,0.162405,2.7952,2.79540268412
generalized_ND_new,B1,leave_N_out,169,0.162405,2.7888,2.78866142396
generalized_ND_new,B1,leave_N_out,170,0.162405,2.7823,2.78235960659
generalized_ND_new,B1,leave_N_out,171,0.162405,2.7766,2.77644867067
generalized_ND_new,B1,leave_N_out,172,0.162405,2.771,2.77088741903
generalized_ND_new,B1,leave_N_out,173,0.162405,2.7656,2.76564062568
generalized_ND_new,B1,leave_N_out,174,0.162405,2.7605,2.760675651
generalized_ND_new,B1,leave_N_out,175,0.162405,2.7557,2.75597092172
generalized_ND_new,B1,leave_N_out,176,0.162405,2.7514,2.75150107568
generalized_ND_new,B1,leave_N_out,177,0.162405,2.7474,2.74724600677
generalized_ND_new,B1,leave_N_out,178,0.162405,2.7432,2.74318799549
generalized_ND_new,B1,leave_N_out,179,0.162405,2.7391,2.7393113521
generalized_ND_new,B1,leave_N_out,180,0.162405,2.7356,2.73560039259
generalized_ND_new,B1,leave_N_out,181,0.162405,2.7321,2.73204619081
generalized_ND_new,B1,leave_N_out,182,0.162405,2.7285,2.72863577234
generalized_ND_new,B1,leave_N_out,183,0.162405,2.7254,2.72535909276
generalized_ND_new,B1,leave_N_out,184,0.162405,2.7222,2.72220708714
generalized_ND_new,B1,leave_N_out,185,0.162405,2.719,2.71917154901
generalized_ND_new,B1,leave_N_out,186,0.162405,2.7163,2.71624502722
generalized_ND_new,B1,leave_N_out,187,0.162405,2.7135,2.7134194143
generalized_ND_new,B1,leave_N_out,188,0.162405,2.7109,2.7106912087
generalized_ND_new,B1,leave_N_out,189,0.162405,2.7082,2.70805337292
generalized_ND_new,B1,leave_N_out,190,0.162405,2.7053,2.70550070902
generalized_ND_new,B1,leave_N_out,191,0.162405,2.7029,2.70302843864
generalized_ND_new,B1,leave_N_out,192,0.162405,2.7007,2.7006321598
generalized_ND_new,B1,leave_N_out,193,0.162405,2.6984,2.69830671732
generalized_ND_new,B1,leave_N_out,194,0.162405,2.6961,2.69605056866
generalized_ND_new,B1,leave_N_out,195,0.162405,2.6945,2.69385910691
generalized_ND_new,B1,leave_N_out,196,0.162405,2.6918,2.69172910064
generalized_ND_new,B1,leave_N_out,197,0.162405,2.6898,2.68965754565
generalized_ND_new,B1,leave_N_out,198,0.162405,2.6878,2.68764164461
generalized_ND_new,B1,leave_N_out,199,0.162405,2.6858,2.68567878881
generalized_ND_new,B1,leave_N_out,200,0.162405,2.6837,2.68376564174
generalized_ND_new,B1,leave_N_out,201,0.162405,2.682,2.68190174777
generalized_ND_new,B1,leave_N_out,202,0.162405,2.68,2.68008404941
generalized_ND_new,B1,leave_N_out,203,0.162405,2.6783,2.67831054586
generalized_ND_new,B1,leave_N_out,204,0.162405,2.6765,2.6765793587
generalized_ND_new,B1,leave_N_out,205,0.162405,2.6749,2.67488872223
generalized_ND_new,B1,leave_N_out,206,0.162405,2.6736,2.67323619623
generalized_ND_new,B1,leave_N_out,207,0.162405,2.6713,2.67162179004
generalized_ND_new,B1,leave_N_out,208,0.162405,2.6702,2.67004323061
generalized_ND_new,B1,leave_N_out,209,0.162405,2.6683,2.66849912425
generalized_ND_new,B1,leave_N_out,210,0.162405,2.6669,2.66698815391
generalized_ND_new,B1,leave_N_out,211,0.162405,2.6657,2.66550907381
generalized_ND_new,B1,leave_N_out,212,0.162405,2.6641,2.66406070441
generalized_ND_new,B1,leave_N_out,213,0.162405,2.6625,2.66264125829
generalized_ND_new,B1,leave_N_out,214,0.162405,2.6611,2.66125102804
generalized_ND_new,B1,leave_N_out,215,0.162405,2.66,2.65988832378
generalized_ND_new,B1,leave_N_out,216,0.162405,2.6584,2.65855218946
generalized_ND_new,B1,leave_N_out,217,0.162405,2.6573,2.65724171611
generalized_ND_new,B1,leave_N_out,218,0.162405,2.656,2.6559560388
generalized_ND_new,B1,leave_N_out,219,0.162405,2.6546,2.65469433395
generalized_ND_new,B1,leave_N_out,220,0.162405,2.6538,2.65345523156
generalized_ND_new,B1,leave_N_out,221,0.162405,2.6523,2.6522391642
generalized_ND_new,B1,leave_N_out,222,0.162405,2.6507,2.65104482172
generalized_ND_new,B1,leave_N_out,223,0.162405,2.6499,2.64987152228
generalized_ND_new,B1,leave_N_out,224,0.162405,2.6486,2.6487186144
generalized_ND_new,B1,leave_N_out,225,0.162405,2.6477,2.64758547524
generalized_ND_new,B1,leave_N_out,226,0.162405,2.6464,2.64647098224
generalized_ND_new,B1,leave_N_out,227,0.162405,2.6454,2.64537562725
generalized_ND_new,B1,leave_N_out,228,0.162405,2.6444,2.64429832831
generalized_ND_new,B1,leave_N_out,229,0.162405,2.6434,2.64323856197
generalized_ND_new,B1,leave_N_out,230,0.162405,2.642,2.64219582633
generalized_ND_new,B1,leave_N_out,231,0.162405,2.6411,2.64116963991
generalized_ND_new,B1,leave_N_out,232,0.162405,2.6401,2.64015954057
generalized_ND_new,B1,leave_N_out,233,0.162405,2.6391,2.63916461395
generalized_ND_new,B1,leave_N_out,234,0.162405,2.6385,2.63818538194
generalized_ND_new,B1,leave_N_out,235,0.162405,2.6373,2.63722095675
generalized_ND_new,B1,leave_N_out,236,0.162405,2.6361,2.63627094422
generalized_ND_new,B1,leave_N_out,237,0.162405,2.6355,2.6353349651
generalized_ND_new,B1,leave_N_out,238,0.162405,2.6347,2.63441265435
generalized_ND_new,B1,leave_N_out,239,0.162405,2.6337,2.63350323005
generalized_ND_new,B1,leave_N_out,240,0.162405,2.6324,2.63260722034
generalized_ND_new,B1,leave_N_out,241,0.162405,2.6317,2.63172386217
generalized_ND_new,B1,leave_N_out,242,0.162405,2.6311,2.63085284081
generalized_ND_new,B1,leave_N_out,243,0.162405,2.6299,2.62999385266
generalized_ND_new,B1,leave_N_out,244,0.162405,2.6292,2.62914660476
generalized_ND_new,B1,leave_N_out,245,0.162405,2.6284,2.62831081429
generalized_ND_new,B1,leave_N_out,246,0.162405,2.6274,2.62748581753
generalized_ND_new,B1,leave_N_out,247,0.162405,2.6267,2.626672137
generalized_ND_new,B1,leave_N_out,248,0.162405,2.6254,2.62586912185
generalized_ND_new,B1,leave_N_out,249,0.162405,2.6249,2.62507652557
generalized_ND_new,B1,leave_N_out,250,0.162405,2.6243,2.62429410978
generalized_ND_new,B1,leave_N_out,251,0.162405,2.6234,2.62352164387
generalized_ND_new,B1,leave_N_out,252,0.162405,2.623,2.62275854321
generalized_ND_new,B1,leave_N_out,253,0.162405,2.6218,2.62200531914
generalized_ND_new,B1,leave_N_out,254,0.162405,2.6212,2.62126139641
generalized_ND_new,B1,leave_N_out,255,0.162405,2.6206,2.62052657239
generalized_ND_new,B1,leave_N_out,256,0.162405,2.62,2.61980065071
generalized_ND_new,B1,leave_N_out,257,0.162405,2.6189,2.61908344107
generalized_ND_new,B1,leave_N_out,258,0.162405,2.6186,2.61837475893
generalized_ND_new,B1,leave_N_out,259,0.162405,2.6177,2.61767409336
generalized_ND_new,B1,leave_N_out,260,0.162405,2.6169,2.61698193863
generalized_ND_new,B1,leave_N_out,261,0.162405,2.6164,2.61629779034
generalized_ND_new,B1,leave_N_out,262,0.162405,2.6157,2.61562148499
generalized_ND_new,B1,leave_N_out,263,0.162405,2.6149,2.61495286386
generalized_ND_new,B1,leave_N_out,264,0.162405,2.6143,2.61429177278
generalized_ND_new,B1,leave_N_out,265,0.162405,2.6136,2.61363806201
generalized_ND_new,B1,leave_N_out,266,0.162405,2.613,2.61299127947
generalized_ND_new,B1,leave_N_out,267,0.162405,2.6125,2.61235190027
generalized_ND_new,B1,leave_N_out,268,0.162405,2.612,2.61171947694
generalized_ND_new,B1,leave_N_out,269,0.162405,2.6109,2.61109387583
generalized_ND_new,B1,leave_N_out,270,0.162405,2.6108,2.61047496693
generalized_ND_new,B1,leave_N_out,271,0.162405,2.6096,2.60986262377
generalized_ND_new,B1,leave_N_out,272,0.162405,2.6092,2.6092564359
generalized_ND_new,B1,leave_N_out,273,0.162405,2.6088,2.60865686135
generalized_ND_new,B1,leave_N_out,274,0.162405,2.6081,2.6080634931
generalized_ND_new,B1,leave_N_out,275,0.162405,2.6074,2.60747621762
generalized_ND_new,B1,leave_N_out,276,0.162405,2.6069,2.60689492435
generalized_ND_new,B1,leave_N_out,277,0.162405,2.6063,2.60631950561
generalized_ND_new,B1,leave_N_out,278,0.162405,2.6057,2.60574985647
generalized_ND_new,B1,leave_N_out,279,0.162405,2.6053,2.60518560707
generalized_ND_new,B1,leave_N_out,280,0.162405,2.6047,2.60462719561
generalized_ND_new,B1,leave_N_out,281,0.162405,2.604,2.60407425462
generalized_ND_new,B1,leave_N_out,282,0.162405,2.6037,2.60352668938
generalized_ND_new,B1,leave_N_out,283,0.162405,2.603,2.60298440749
generalized_ND_new,B1,leave_N_out,284,0.162405,2.6026,2.60244731882
generalized_ND_new,B1,leave_N_out,285,0.162405,2.602,2.60191508295
generalized_ND_new,B1,leave_N_out,286,0.162405,2.6013,2.60138812142
generalized_ND_new,B1,leave_N_out,287,0.162405,2.6008,2.60086609558
generalized_ND_new,B1,leave_N_out,288,0.162405,2.6005,2.60034892368
generalized_ND_new,B1,leave_N_out,289,0.162405,2.5999,2.59983652591
generalized_ND_new,B1,leave_N_out,290,0.162405,2.5993,2.59932882433
generalized_ND_new,B1,leave_N_out,291,0.162405,2.5989,2.5988257428
generalized_ND_new,B1,leave_N_out,292,0.162405,2.5985,2.59832697031
generalized_ND_new,B1,leave_N_out,293,0.162405,2.5978,2.59783290964
classic_current,B1,leave_N_out,294,0.409009,4.3461,4.34639417479
classic_current,B1,leave_N_out,295,0.409009,3.9625,3.96251773615
classic_current,B1,leave_N_out,296,0.409009,3.6458,3.64556519777
classic_current,B1,leave_N_out,297,0.409009,3.3856,3.38527542539
classic_current,B1,leave_N_out,298,0.409009,3.1777,3.1776433955
classic_current,B1,leave_N_out,299,0.409009,2.9999,2.99986861251
classic_current,B1,leave_N_out,300,0.409009,2.9109,2.91078850596
classic_current,B1,leave_N_out,301,0.409009,2.8533,2.85342044624
classic_current,B1,leave_N_out,302,0.409009,2.8125,2.81201889394
classic_current,B1,leave_N_out,303,0.409009,2.7799,2.78005827938
classic_current,B1,leave_N_out,304,0.409009,2.754,2.75427921839
classic_current,B1,leave_N_out,305,0.409009,2.733,2.73282968454
classic_current,B1,leave_N_out,306,0.409009,2.7147,2.71456375247
classic_current,B1,leave_N_out,307,0.409009,2.6988,2.6987196317
classic_current,B1,leave_N_out,308,0.409009,2.6849,2.68479080902
classic_current,B1,leave_N_out,309,0.409009,2.6724,2.67239506521
classic_current,B1,leave_N_out,310,0.409009,2.6611,2.66125552056
classic_current,B1,leave_N_out,311,0.409009,2.6512,2.65116197522
classic_current,B1,leave_N_out,312,0.409009,2.6418,2.64195138285
classic_current,B1,leave_N_out,313,0.409009,2.6336,2.63349492821
classic_current,B1,leave_N_out,314,0.409009,2.6256,2.62568563043
classic_current,B1,leave_N_out,315,0.409009,2.6183,2.61844674684
classic_current,B1,leave_N_out,316,0.409009,2.6116,2.61170507576
classic_current,B1,leave_N_out,317,0.409009,2.6055,2.60540287156
classic_current,B1,leave_N_out,318,0.409009,2.5994,2.59949157037
classic_current,B1,leave_N_out,319,0.409009,2.5938,2.59392997286
classic_current,B1,leave_N_out,320,0.409009,2.5887,2.58868285115
classic_current,B1,leave_N_out,321,0.409009,2.5837,2.58371756389
classic_current,B1,leave_N_out,322,0.409009,2.5789,2.5790125367
classic_current,B1,leave_N_out,323,0.409009,2.5745,2.57454240604
classic_current,B1,leave_N_out,324,0.409009,2.5703,2.57028706472
classic_current,B1,leave_N_out,325,0.409009,2.566,2.56622879227
classic_current,B1,leave_N_out,326,0.409009,2.5621,2.56235189812
classic_current,B1,leave_N_out,327,0.409009,2.5585,2.55864069737
classic_current,B1,leave_N_out,328,0.409009,2.555,2.55508626343
classic_current,B1,leave_N_out,329,0.409009,2.5517,2.55167562115
classic_current,B1,leave_N_out,330,0.409009,2.5486,2.54839872555
classic_current,B1,leave_N_out,331,0.409009,2.5454,2.54524651122
classic_current,B1,leave_N_out,332,0.409009,2.5422,2.54221077122
classic_current,B1,leave_N_out,333,0.409009,2.5393,2.539284054
classic_current,B1,leave_N_out,334,0.409009,2.5363,2.5364582516
classic_current,B1,leave_N_out,335,0.409009,2.5337,2.53372986233
classic_current,B1,leave_N_out,336,0.409009,2.531,2.53109184825
classic_current,B1,leave_N_out,337,0.409009,2.5286,2.52853901116
classic_current,B1,leave_N_out,338,0.409009,2.5259,2.52606657241
classic_current,B1,leave_N_out,339,0.409009,2.5237,2.52367012978
classic_current,B1,leave_N_out,340,0.409009,2.5215,2.52134452778
classic_current,B1,leave_N_out,341,0.409009,2.5191,2.51908822381
classic_current,B1,leave_N_out,342,0.409009,2.5169,2.51689661068
classic_current,B1,leave_N_out,343,0.409009,2.5148,2.51476645678
classic_current,B1,leave_N_out,344,0.409009,2.5126,2.51269475774
classic_current,B1,leave_N_out,345,0.409009,2.5107,2.51067871606
classic_current,B1,leave_N_out,346,0.409009,2.5087,2.50871572289
classic_current,B1,leave_N_out,347,0.409009,2.5068,2.50680244151
classic_current,B1,leave_N_out,348,0.409009,2.5048,2.50493841628
classic_current,B1,leave_N_out,349,0.409009,2.5031,2.50312058953
classic_current,B1,leave_N_out,350,0.409009,2.5014,2.50134696035
classic_current,B1,leave_N_out,351,0.409009,2.4998,2.49961565018
classic_current,B1,leave_N_out,352,0.409009,2.498,2.49792489326
classic_current,B1,leave_N_out,353,0.409009,2.4965,2.49627224918
classic_current,B1,leave_N_out,354,0.409009,2.4946,2.49465772732
classic_current,B1,leave_N_out,355,0.409009,2.4932,2.49307905448
classic_current,B1,leave_N_out,356,0.409009,2.4916,2.49153483689
classic_current,B1,leave_N_out,357,0.409009,2.4903,2.49002375742
classic_current,B1,leave_N_out,358,0.409009,2.4884,2.48854457021
classic_current,B1,leave_N_out,359,0.409009,2.487,2.48709609567
classic_current,B1,leave_N_out,360,0.409009,2.4856,2.48567654624
classic_current,B1,leave_N_out,361,0.409009,2.484,2.48428621455
classic_current,B1,leave_N_out,362,0.409009,2.4829,2.48292341062
classic_current,B1,leave_N_out,363,0.409009,2.4815,2.48158717834
classic_current,B1,leave_N_out,364,0.409009,2.4803,2.48027660868
classic_current,B1,leave_N_out,365,0.409009,2.479,2.47899083666
classic_current,B1,leave_N_out,366,0.409009,2.478,2.47772903865
classic_current,B1,leave_N_out,367,0.409009,2.4766,2.47648984457
classic_current,B1,leave_N_out,368,0.409009,2.4752,2.47527368702
classic_current,B1,leave_N_out,369,0.409009,2.474,2.47407925576
classic_current,B1,leave_N_out,370,0.409009,2.473,2.47290586891
classic_current,B1,leave_N_out,371,0.409009,2.4716,2.47175287496
classic_current,B1,leave_N_out,372,0.409009,2.4708,2.47061965102
classic_current,B1,leave_N_out,373,0.409009,2.4696,2.46950507446
classic_current,B1,leave_N_out,374,0.409009,2.4683,2.46840963718
classic_current,B1,leave_N_out,375,0.409009,2.4671,2.46733225714
classic_current,B1,leave_N_out,376,0.409009,2.4664,2.46627241085
classic_current,B1,leave_N_out,377,0.409009,2.4652,2.46522959639
classic_current,B1,leave_N_out,378,0.409009,2.4644,2.46420333224
classic_current,B1,leave_N_out,379,0.409009,2.463,2.46319315625
classic_current,B1,leave_N_out,380,0.409009,2.4621,2.46219815398
classic_current,B1,leave_N_out,381,0.409009,2.4612,2.46121884737
classic_current,B1,leave_N_out,382,0.409009,2.4603,2.46025434857
classic_current,B1,leave_N_out,383,0.409009,2.4592,2.4593042634
classic_current,B1,leave_N_out,384,0.409009,2.4584,2.45836821258
classic_current,B1,leave_N_out,385,0.409009,2.4573,2.45744583103
classic_current,B1,leave_N_out,386,0.409009,2.4565,2.45653633681
classic_current,B1,leave_N_out,387,0.409009,2.4557,2.45564025808
classic_current,B1,leave_N_out,388,0.409009,2.4548,2.45475683175
classic_current,B1,leave_N_out,389,0.409009,2.454,2.45388574307
classic_current,B1,leave_N_out,390,0.409009,2.4529,2.4530266884
classic_current,B1,leave_N_out,391,0.409009,2.452,2.45217937478
classic_current,B1,leave_N_out,392,0.409009,2.4515,2.45134351937
classic_current,B1,leave_N_out,393,0.409009,2.4506,2.4505184584
classic_current,B1,leave_N_out,394,0.409009,2.4496,2.44970471444
classic_current,B1,leave_N_out,395,0.409009,2.4491,2.44890163658
classic_current,B1,leave_N_out,396,0.409009,2.4481,2.44810897831
classic_current,B1,leave_N_out,397,0.409009,2.4475,2.44732650123
classic_current,B1,leave_N_out,398,0.409009,2.4466,2.44655397471
classic_current,B1,leave_N_out,399,0.409009,2.446,2.44579081407
classic_current,B1,leave_N_out,400,0.409009,2.4452,2.44503753071
classic_current,B1,leave_N_out,401,0.409009,2.4443,2.44429354934
classic_current,B1,leave_N_out,402,0.409009,2.4437,2.44355866729
classic_current,B1,leave_N_out,403,0.409009,2.4429,2.44283268821
classic_current,B1,leave_N_out,404,0.409009,2.4423,2.44211542176
classic_current,B1,leave_N_out,405,0.409009,2.4413,2.44140668342
classic_current,B1,leave_N_out,406,0.409009,2.4408,2.44070596219
classic_current,B1,leave_N_out,407,0.409009,2.4401,2.44001375239
classic_current,B1,leave_N_out,408,0.409009,2.4391,2.43932954959
classic_current,B1,leave_N_out,409,0.409009,2.4385,2.43865319029
classic_current,B1,leave_N_out,410,0.409009,2.4377,2.43798451573
classic_current,B1,leave_N_out,411,0.409009,2.4373,2.43732337176
classic_current,B1,leave_N_out,412,0.409009,2.4368,2.43666960861
classic_current,B1,leave_N_out,413,0.409009,2.4362,2.43602277418
classic_current,B1,leave_N_out,414,0.409009,2.4354,2.4353833436
classic_current,B1,leave_N_out,415,0.409009,2.4349,2.43475086939
classic_current,B1,leave_N_out,416,0.409009,2.434,2.43412521787
classic_current,B1,leave_N_out,417,0.409009,2.4333,2.43350625903
classic_current,B1,leave_N_out,418,0.409009,2.4329,2.43289386641
classic_current,B1,leave_N_out,419,0.409009,2.4323,2.43228762949
classic_current,B1,leave_N_out,420,0.409009,2.4317,2.43168800638
classic_current,B1,leave_N_out,421,0.409009,2.4309,2.43109459
classic_current,B1,leave_N_out,422,0.409009,2.4305,2.43050726683
classic_current,B1,leave_N_out,423,0.409009,2.4298,2.42992592629
classic_current,B1,leave_N_out,424,0.409009,2.4294,2.4293504607
classic_current,B1,leave_N_out,425,0.409009,2.4288,2.42878076512
classic_current,B1,leave_N_out,426,0.409009,2.4281,2.42821646966
classic_current,B1,leave_N_out,427,0.409009,2.4276,2.42765801255
classic_current,B1,leave_N_out,428,0.409009,2.427,2.42710502632
classic_current,B1,leave_N_out,429,0.409009,2.4266,2.42655741621
classic_current,B1,leave_N_out,430,0.409009,2.4261,2.42601508983
classic_current,B1,leave_N_out,431,0.409009,2.4254,2.42547795705
classic_current,B1,leave_N_out,432,0.409009,2.425,2.42494567741
classic_current,B1,leave_N_out,433,0.409009,2.4244,2.4244186725
classic_current,B1,leave_N_out,434,0.409009,2.4238,2.42389660363
classic_current,B1,leave_N_out,435,0.409009,2.4234,2.42337938905
classic_current,B1,leave_N_out,436,0.409009,2.4228,2.42286694895
classic_current,B1,leave_N_out,437,0.409009,2.4223,2.42235920537
classic_current,B1,leave_N_out,438,0.409009,2.4217,2.42185608218
classic_current,B1,leave_N_out,439,0.409009,2.4216,2.42135726833
classic_current,B1,leave_N_out,440,0.409009,2.4209,2.42086316665
generalized_ND_new,B1,leave_N_out,294,0.409009,4.3461,4.34639313231
generalized_ND_new,B1,leave_N_out,295,0.409009,3.9625,3.962516968
generalized_ND_new,B1,leave_N_out,296,0.409009,3.6458,3.64556460479
generalized_ND_new,B1,leave_N_out,297,0.409009,3.3856,3.38527494687
generalized_ND_new,B1,leave_N_out,298,0.409009,3.1777,3.17764299621
generalized_ND_new,B1,leave_N_out,299,0.409009,2.9999,2.99986828086
generalized_ND_new,B1,leave_N_out,300,0.409009,2.9109,2.91078821195
generalized_ND_new,B1,leave_N_out,301,0.409009,2.8533,2.85342017926
generalized_ND_new,B1,leave_N_out,302,0.409009,2.8125,2.81201864838
generalized_ND_new,B1,leave_N_out,303,0.409009,2.7799,2.78005805176
generalized_ND_new,B1,leave_N_out,304,0.409009,2.754,2.75427900628
generalized_ND_new,B1,leave_N_out,305,0.409009,2.733,2.73282948615
generalized_ND_new,B1,leave_N_out,306,0.409009,2.7147,2.71456356642
generalized_ND_new,B1,leave_N_out,307,0.409009,2.6988,2.69871945688
generalized_ND_new,B1,leave_N_out,308,0.409009,2.6849,2.68479064451
generalized_ND_new,B1,leave_N_out,309,0.409009,2.6724,2.67239491025
generalized_ND_new,B1,leave_N_out,310,0.409009,2.6611,2.66125537451
generalized_ND_new,B1,leave_N_out,311,0.409009,2.6512,2.65116183751
generalized_ND_new,B1,leave_N_out,312,0.409009,2.6418,2.64195125299
generalized_ND_new,B1,leave_N_out,313,0.409009,2.6336,2.63349480577
generalized_ND_new,B1,leave_N_out,314,0.409009,2.6256,2.62568551503
generalized_ND_new,B1,leave_N_out,315,0.409009,2.6183,2.61844663814
generalized_ND_new,B1,leave_N_out,316,0.409009,2.6116,2.61170497344
generalized_ND_new,B1,leave_N_out,317,0.409009,2.6055,2.60540277535
generalized_ND_new,B1,leave_N_out,318,0.409009,2.5994,2.59949148001
generalized_ND_new,B1,leave_N_out,319,0.409009,2.5938,2.59392988811
generalized_ND_new,B1,leave_N_out,320,0.409009,2.5887,2.58868277181
generalized_ND_new,B1,leave_N_out,321,0.409009,2.5837,2.58371748976
generalized_ND_new,B1,leave_N_out,322,0.409009,2.5789,2.57901246758
generalized_ND_new,B1,leave_N_out,323,0.409009,2.5745,2.57454234177
generalized_ND_new,B1,leave_N_out,324,0.409009,2.5703,2.57028700514
generalized_ND_new,B1,leave_N_out,325,0.409009,2.566,2.56622873723
generalized_ND_new,B1,leave_N_out,326,0.409009,2.5621,2.56235184748
generalized_ND_new,B1,leave_N_out,327,0.409009,2.5585,2.55864065101
generalized_ND_new,B1,leave_N_out,328,0.409009,2.555,2.55508622122
generalized_ND_new,B1,leave_N_out,329,0.409009,2.5517,2.55167558298
generalized_ND_new,B1,leave_N_out,330,0.409009,2.5486,2.54839869132
generalized_ND_new,B1,leave_N_out,331,0.409009,2.5454,2.54524648081
generalized_ND_new,B1,leave_N_out,332,0.409009,2.5422,2.54221074454
generalized_ND_new,B1,leave_N_out,333,0.409009,2.5393,2.53928403095
generalized_ND_new,B1,leave_N_out,334,0.409009,2.5363,2.5364582321
generalized_ND_new,B1,leave_N_out,335,0.409009,2.5337,2.53372984629
generalized_ND_new,B1,leave_N_out,336,0.409009,2.531,2.5310918356
generalized_ND_new,B1,leave_N_out,337,0.409009,2.5286,2.52853900182
generalized_ND_new,B1,leave_N_out,338,0.409009,2.5259,2.52606656631
generalized_ND_new,B1,leave_N_out,339,0.409009,2.5237,2.52367012685
generalized_ND_new,B1,leave_N_out,340,0.409009,2.5215,2.52134452795
generalized_ND_new,B1,leave_N_out,341,0.409009,2.5191,2.51908822701
generalized_ND_new,B1,leave_N_out,342,0.409009,2.5169,2.51689661687
generalized_ND_new,B1,leave_N_out,343,0.409009,2.5148,2.51476646588
generalized_ND_new,B1,leave_N_out,344,0.409009,2.5126,2.51269476971
generalized_ND_new,B1,leave_N_out,345,0.409009,2.5107,2.51067873084
generalized_ND_new,B1,leave_N_out,346,0.409009,2.5087,2.50871574043
generalized_ND_new,B1,leave_N_out,347,0.409009,2.5068,2.50680246176
generalized_ND_new,B1,leave_N_out,348,0.409009,2.5048,2.50493843919
generalized_ND_new,B1,leave_N_out,349,0.409009,2.5031,2.50312061506
generalized_ND_new,B1,leave_N_out,350,0.409009,2.5014,2.50134698844
generalized_ND_new,B1,leave_N_out,351,0.409009,2.4998,2.49961568081
generalized_ND_new,B1,leave_N_out,352,0.409009,2.498,2.49792492637
generalized_ND_new,B1,leave_N_out,353,0.409009,2.4965,2.49627228473
generalized_ND_new,B1,leave_N_out,354,0.409009,2.4946,2.49465776528
generalized_ND_new,B1,leave_N_out,355,0.409009,2.4932,2.49307909481
generalized_ND_new,B1,leave_N_out,356,0.409009,2.4916,2.49153487954
generalized_ND_new,B1,leave_N_out,357,0.409009,2.4903,2.49002380238
generalized_ND_new,B1,leave_N_out,358,0.409009,2.4884,2.48854461742
generalized_ND_new,B1,leave_N_out,359,0.409009,2.487,2.48709614511
generalized_ND_new,B1,leave_N_out,360,0.409009,2.4856,2.48567659788
generalized_ND_new,B1,leave_N_out,361,0.409009,2.484,2.48428626835
generalized_ND_new,B1,leave_N_out,362,0.409009,2.4829,2.48292346655
generalized_ND_new,B1,leave_N_out,363,0.409009,2.4815,2.48158723638
generalized_ND_new,B1,leave_N_out,364,0.409009,2.4803,2.4802766688
generalized_ND_new,B1,leave_N_out,365,0.409009,2.479,2.47899089883
generalized_ND_new,B1,leave_N_out,366,0.409009,2.478,2.47772910284
generalized_ND_new,B1,leave_N_out,367,0.409009,2.4766,2.47648991075
generalized_ND_new,B1,leave_N_out,368,0.409009,2.4752,2.47527375517
generalized_ND_new,B1,leave_N_out,369,0.409009,2.474,2.47407932585
generalized_ND_new,B1,leave_N_out,370,0.409009,2.473,2.47290594092
generalized_ND_new,B1,leave_N_out,371,0.409009,2.4716,2.47175294886
generalized_ND_new,B1,leave_N_out,372,0.409009,2.4708,2.4706197268
generalized_ND_new,B1,leave_N_out,373,0.409009,2.4696,2.46950515208
generalized_ND_new,B1,leave_N_out,374,0.409009,2.4683,2.46840971663
generalized_ND_new,B1,leave_N_out,375,0.409009,2.4671,2.46733233839
generalized_ND_new,B1,leave_N_out,376,0.409009,2.4664,2.46627249389
generalized_ND_new,B1,leave_N_out,377,0.409009,2.4652,2.46522968119
generalized_ND_new,B1,leave_N_out,378,0.409009,2.4644,2.46420341879
generalized_ND_new,B1,leave_N_out,379,0.409009,2.463,2.46319324452
generalized_ND_new,B1,leave_N_out,380,0.409009,2.4621,2.46219824396
generalized_ND_new,B1,leave_N_out,381,0.409009,2.4612,2.46121893903
generalized_ND_new,B1,leave_N_out,382,0.409009,2.4603,2.4602544419
generalized_ND_new,B1,leave_N_out,383,0.409009,2.4592,2.45930435838
generalized_ND_new,B1,leave_N_out,384,0.409009,2.4584,2.45836830919
generalized_ND_new,B1,leave_N_out,385,0.409009,2.4573,2.45744592926
generalized_ND_new,B1,leave_N_out,386,0.409009,2.4565,2.45653643663
generalized_ND_new,B1,leave_N_out,387,0.409009,2.4557,2.45564035949
generalized_ND_new,B1,leave_N_out,388,0.409009,2.4548,2.45475693473
generalized_ND_new,B1,leave_N_out,389,0.409009,2.454,2.45388584759
generalized_ND_new,B1,leave_N_out,390,0.409009,2.4529,2.45302679446
generalized_ND_new,B1,leave_N_out,391,0.409009,2.452,2.45217948236
generalized_ND_new,B1,leave_N_out,392,0.409009,2.4515,2.45134362845
generalized_ND_new,B1,leave_N_out,393,0.409009,2.4506,2.45051856897
generalized_ND_new,B1,leave_N_out,394,0.409009,2.4496,2.44970482649
generalized_ND_new,B1,leave_N_out,395,0.409009,2.4491,2.44890175009
generalized_ND_new,B1,leave_N_out,396,0.409009,2.4481,2.44810909326
generalized_ND_new,B1,leave_N_out,397,0.409009,2.4475,2.44732661762
generalized_ND_new,B1,leave_N_out,398,0.409009,2.4466,2.44655409251
generalized_ND_new,B1,leave_N_out,399,0.409009,2.446,2.44579093329
generalized_ND_new,B1,leave_N_out,400,0.409009,2.4452,2.44503765132
generalized_ND_new,B1,leave_N_out,401,0.409009,2.4443,2.44429367132
generalized_ND_new,B1,leave_N_out,402,0.409009,2.4437,2.44355879065
generalized_ND_new,B1,leave_N_out,403,0.409009,2.4429,2.44283281293
generalized_ND_new,B1,leave_N_out,404,0.409009,2.4423,2.44211554782
generalized_ND_new,B1,leave_N_out,405,0.409009,2.4413,2.44140681081
generalized_ND_new,B1,leave_N_out,406,0.409009,2.4408,2.44070609091
generalized_ND_new,B1,leave_N_out,407,0.409009,2.4401,2.44001388242
generalized_ND_new,B1,leave_N_out,408,0.409009,2.4391,2.43932968092
generalized_ND_new,B1,leave_N_out,409,0.409009,2.4385,2.43865332291
generalized_ND_new,B1,leave_N_out,410,0.409009,2.4377,2.43798464963
generalized_ND_new,B1,leave_N_out,411,0.409009,2.4373,2.43732350693
generalized_ND_new,B1,leave_N_out,412,0.409009,2.4368,2.43666974504
generalized_ND_new,B1,leave_N_out,413,0.409009,2.4362,2.43602291185
generalized_ND_new,B1,leave_N_out,414,0.409009,2.4354,2.43538348251
generalized_ND_new,B1,leave_N_out,415,0.409009,2.4349,2.43475100952
generalized_ND_new,B1,leave_N_out,416,0.409009,2.434,2.43412535922
generalized_ND_new,B1,leave_N_out,417,0.409009,2.4333,2.43350640159
generalized_ND_new,B1,leave_N_out,418,0.409009,2.4329,2.43289401017
generalized_ND_new,B1,leave_N_out,419,0.409009,2.4323,2.43228777445
generalized_ND_new,B1,leave_N_out,420,0.409009,2.4317,2.43168815252
generalized_ND_new,B1,leave_N_out,421,0.409009,2.4309,2.43109473731
generalized_ND_new,B1,leave_N_out,422,0.409009,2.4305,2.4305074153
generalized_ND_new,B1,leave_N_out,423,0.409009,2.4298,2.42992607591
generalized_ND_new,B1,leave_N_out,424,0.409009,2.4294,2.42935061147
generalized_ND_new,B1,leave_N_out,425,0.409009,2.4288,2.42878091702
generalized_ND_new,B1,leave_N_out,426,0.409009,2.4281,2.42821662269
generalized_ND_new,B1,leave_N_out,427,0.409009,2.4276,2.4276581667
generalized_ND_new,B1,leave_N_out,428,0.409009,2.427,2.42710518158
generalized_ND_new,B1,leave_N_out,429,0.409009,2.4266,2.42655757258
generalized_ND_new,B1,leave_N_out,430,0.409009,2.4261,2.4260152473
generalized_ND_new,B1,leave_N_out,431,0.409009,2.4254,2.4254781156
generalized_ND_new,B1,leave_N_out,432,0.409009,2.425,2.42494583705
generalized_ND_new,B1,leave_N_out,433,0.409009,2.4244,2.42441883321
generalized_ND_new,B1,leave_N_out,434,0.409009,2.4238,2.4238967654
generalized_ND_new,B1,leave_N_out,435,0.409009,2.4234,2.42337955189
generalized_ND_new,B1,leave_N_out,436,0.409009,2.4228,2.42286711283
generalized_ND_new,B1,leave_N_out,437,0.409009,2.4223,2.4223593703
generalized_ND_new,B1,leave_N_out,438,0.409009,2.4217,2.42185624815
generalized_ND_new,B1,leave_N_out,439,0.409009,2.4216,2.42135743533
generalized_ND_new,B1,leave_N_out,440,0.409009,2.4209,2.42086333468
classic_current,B1,leave_N_out,441,1.040867,4.2153,4.2159539929
classic_current,B1,leave_N_out,442,1.040867,3.8315,3.83205336492
classic_current,B1,leave_N_out,443,1.040867,3.5146,3.51508323167
classic_current,B1,leave_N_out,444,1.040867,3.2545,3.25478096261
classic_current,B1,leave_N_out,445,1.040867,3.0476,3.04714049433
classic_current,B1,leave_N_out,446,1.040867,2.8697,2.86935979358
classic_current,B1,leave_N_out,447,1.040867,2.7802,2.78027725765
classic_current,B1,leave_N_out,448,1.040867,2.723,2.72290784949
classic_current,B1,leave_N_out,449,1.040867,2.6816,2.68150543869
classic_current,B1,leave_N_out,450,1.040867,2.6501,2.64954423154
classic_current,B1,leave_N_out,451,1.040867,2.6239,2.62376473951
classic_current,B1,leave_N_out,452,1.040867,2.6023,2.60231488038
classic_current,B1,leave_N_out,453,1.040867,2.5839,2.58404869615
classic_current,B1,leave_N_out,454,1.040867,2.5679,2.56820437575
classic_current,B1,leave_N_out,455,1.040867,2.5543,2.55427539269
classic_current,B1,leave_N_out,456,1.040867,2.5417,2.54187951837
classic_current,B1,leave_N_out,457,1.040867,2.5305,2.5307398665
classic_current,B1,leave_N_out,458,1.040867,2.5205,2.52064623241
classic_current,B1,leave_N_out,459,1.040867,2.5113,2.51143556618
classic_current,B1,leave_N_out,460,1.040867,2.5032,2.50297904982
classic_current,B1,leave_N_out,461,1.040867,2.4953,2.49516970034
classic_current,B1,leave_N_out,462,1.040867,2.4879,2.48793077343
classic_current,B1,leave_N_out,463,1.040867,2.4814,2.48118906605
classic_current,B1,leave_N_out,464,1.040867,2.4749,2.47488683152
classic_current,B1,leave_N_out,465,1.040867,2.4688,2.46897550507
classic_current,B1,leave_N_out,466,1.040867,2.4636,2.46341388666
classic_current,B1,leave_N_out,467,1.040867,2.4582,2.45816674781
classic_current,B1,leave_N_out,468,1.040867,2.453,2.45320144667
classic_current,B1,leave_N_out,469,1.040867,2.4485,2.44849640844
classic_current,B1,leave_N_out,470,1.040867,2.4439,2.44402626923
classic_current,B1,leave_N_out,471,1.040867,2.4396,2.43977092154
classic_current,B1,leave_N_out,472,1.040867,2.4358,2.43571264464
classic_current,B1,leave_N_out,473,1.040867,2.4321,2.43183574773
classic_current,B1,leave_N_out,474,1.040867,2.4279,2.42812454573
classic_current,B1,leave_N_out,475,1.040867,2.4246,2.42457011187
classic_current,B1,leave_N_out,476,1.040867,2.4211,2.42115947085
classic_current,B1,leave_N_out,477,1.040867,2.4178,2.41788257759
classic_current,B1,leave_N_out,478,1.040867,2.4146,2.41473036653
classic_current,B1,leave_N_out,479,1.040867,2.4116,2.41169463064
classic_current,B1,leave_N_out,480,1.040867,2.4088,2.40876791828
classic_current,B1,leave_N_out,481,1.040867,2.4058,2.40594212143
classic_current,B1,leave_N_out,482,1.040867,2.4032,2.40321373832
classic_current,B1,leave_N_out,483,1.040867,2.4006,2.40057573094
classic_current,B1,leave_N_out,484,1.040867,2.398,2.39802290105
classic_current,B1,leave_N_out,485,1.040867,2.3954,2.39555046993
classic_current,B1,leave_N_out,486,1.040867,2.3931,2.39315403533
classic_current,B1,leave_N_out,487,1.040867,2.3909,2.39082844172
classic_current,B1,leave_N_out,488,1.040867,2.3886,2.38857214646
classic_current,B1,leave_N_out,489,1.040867,2.3863,2.38638054234
classic_current,B1,leave_N_out,490,1.040867,2.3842,2.38425039769
classic_current,B1,leave_N_out,491,1.040867,2.3822,2.38217870814
classic_current,B1,leave_N_out,492,1.040867,2.38,2.38016267617
classic_current,B1,leave_N_out,493,1.040867,2.3782,2.37819969288
classic_current,B1,leave_N_out,494,1.040867,2.3762,2.37628642156
classic_current,B1,leave_N_out,495,1.040867,2.3745,2.37442240653
classic_current,B1,leave_N_out,496,1.040867,2.3725,2.37260459012
classic_current,B1,leave_N_out,497,1.040867,2.3706,2.37083097138
classic_current,B1,leave_N_out,498,1.040867,2.3689,2.36909967178
classic_current,B1,leave_N_out,499,1.040867,2.3674,2.3674089255
classic_current,B1,leave_N_out,500,1.040867,2.3658,2.36575629215
classic_current,B1,leave_N_out,501,1.040867,2.364,2.36414178109
classic_current,B1,leave_N_out,502,1.040867,2.3626,2.36256311911
classic_current,B1,leave_N_out,503,1.040867,2.3608,2.36101891242
classic_current,B1,leave_N_out,504,1.040867,2.3595,2.3595078439
classic_current,B1,leave_N_out,505,1.040867,2.3579,2.35802866767
classic_current,B1,leave_N_out,506,1.040867,2.3565,2.35658020414
classic_current,B1,leave_N_out,507,1.040867,2.3552,2.35516066575
classic_current,B1,leave_N_out,508,1.040867,2.3537,2.35377034512
classic_current,B1,leave_N_out,509,1.040867,2.3524,2.35240755225
classic_current,B1,leave_N_out,510,1.040867,2.3512,2.35107133104
classic_current,B1,leave_N_out,511,1.040867,2.3497,2.34976077245
classic_current,B1,leave_N_out,512,1.040867,2.3485,2.3484750115
classic_current,B1,leave_N_out,513,1.040867,2.3471,2.34721322456
classic_current,B1,leave_N_out,514,1.040867,2.346,2.34597404153
classic_current,B1,leave_N_out,515,1.040867,2.3449,2.34475789502
classic_current,B1,leave_N_out,516,1.040867,2.3433,2.34356347479
classic_current,B1,leave_N_out,517,1.040867,2.3423,2.34239009895
classic_current,B1,leave_N_out,518,1.040867,2.3413,2.34123711598
classic_current,B1,leave_N_out,519,1.040867,2.3401,2.34010390302
classic_current,B1,leave_N_out,520,1.040867,2.339,2.33898933739
classic_current,B1,leave_N_out,521,1.040867,2.3378,2.33789391103
classic_current,B1,leave_N_out,522,1.040867,2.3368,2.33681654187
classic_current,B1,leave_N_out,523,1.040867,2.3357,2.33575670643
classic_current,B1,leave_N_out,524,1.040867,2.3348,2.33471390279
classic_current,B1,leave_N_out,525,1.040867,2.3337,2.33368764944
classic_current,B1,leave_N_out,526,1.040867,2.3327,2.3326774842
classic_current,B1,leave_N_out,527,1.040867,2.3316,2.33168249265
classic_current,B1,leave_N_out,528,1.040867,2.3306,2.33070319673
classic_current,B1,leave_N_out,529,1.040867,2.3297,2.32973870857
classic_current,B1,leave_N_out,530,1.040867,2.3288,2.32878863401
classic_current,B1,leave_N_out,531,1.040867,2.3278,2.32785259375
classic_current,B1,leave_N_out,532,1.040867,2.3269,2.32693022274
classic_current,B1,leave_N_out,533,1.040867,2.3262,2.326020739
classic_current,B1,leave_N_out,534,1.040867,2.3252,2.32512467072
classic_current,B1,leave_N_out,535,1.040867,2.3242,2.3242412548
classic_current,B1,leave_N_out,536,1.040867,2.3235,2.32337017648
classic_current,B1,leave_N_out,537,1.040867,2.3225,2.32251113214
classic_current,B1,leave_N_out,538,1.040867,2.3215,2.32166382879
classic_current,B1,leave_N_out,539,1.040867,2.3207,2.32082798362
classic_current,B1,leave_N_out,540,1.040867,2.3198,2.32000293285
classic_current,B1,leave_N_out,541,1.040867,2.3191,2.31918919904
classic_current,B1,leave_N_out,542,1.040867,2.3184,2.31838613128
classic_current,B1,leave_N_out,543,1.040867,2.3178,2.31759348307
classic_current,B1,leave_N_out,544,1.040867,2.3168,2.31681101601
classic_current,B1,leave_N_out,545,1.040867,2.316,2.31603849946
classic_current,B1,leave_N_out,546,1.040867,2.3153,2.31527534876
classic_current,B1,leave_N_out,547,1.040867,2.3143,2.31452207528
classic_current,B1,leave_N_out,548,1.040867,2.3138,2.31377810375
classic_current,B1,leave_N_out,549,1.040867,2.3131,2.3130432315
classic_current,B1,leave_N_out,550,1.040867,2.3122,2.31231726218
classic_current,B1,leave_N_out,551,1.040867,2.3117,2.31160000544
classic_current,B1,leave_N_out,552,1.040867,2.3109,2.31089127676
classic_current,B1,leave_N_out,553,1.040867,2.3101,2.31019056516
classic_current,B1,leave_N_out,554,1.040867,2.3096,2.30949836494
classic_current,B1,leave_N_out,555,1.040867,2.309,2.30881417168
classic_current,B1,leave_N_out,556,1.040867,2.3081,2.30813782187
classic_current,B1,leave_N_out,557,1.040867,2.3075,2.30746915676
classic_current,B1,leave_N_out,558,1.040867,2.3068,2.30680802219
classic_current,B1,leave_N_out,559,1.040867,2.3061,2.3061542684
classic_current,B1,leave_N_out,560,1.040867,2.3056,2.30550744329
classic_current,B1,leave_N_out,561,1.040867,2.3048,2.30486802199
classic_current,B1,leave_N_out,562,1.040867,2.3042,2.30423555701
classic_current,B1,leave_N_out,563,1.040867,2.3036,2.30360991468
classic_current,B1,leave_N_out,564,1.040867,2.303,2.302990965
classic_current,B1,leave_N_out,565,1.040867,2.3024,2.30237858148
classic_current,B1,leave_N_out,566,1.040867,2.3019,2.30177235364
classic_current,B1,leave_N_out,567,1.040867,2.3011,2.30117273955
classic_current,B1,leave_N_out,568,1.040867,2.3005,2.30057933216
classic_current,B1,leave_N_out,569,1.040867,2.2999,2.29999201792
classic_current,B1,leave_N_out,570,1.040867,2.2994,2.29941068629
classic_current,B1,leave_N_out,571,1.040867,2.2989,2.29883522955
classic_current,B1,leave_N_out,572,1.040867,2.2983,2.29826554279
classic_current,B1,leave_N_out,573,1.040867,2.2976,2.29770125612
classic_current,B1,leave_N_out,574,1.040867,2.2972,2.29714280775
classic_current,B1,leave_N_out,575,1.040867,2.2967,2.29658983022
classic_current,B1,leave_N_out,576,1.040867,2.2961,2.29604222877
classic_current,B1,leave_N_out,577,1.040867,2.2957,2.29549991102
classic_current,B1,leave_N_out,578,1.040867,2.2949,2.29496278682
classic_current,B1,leave_N_out,579,1.040867,2.2943,2.29443051573
classic_current,B1,leave_N_out,580,1.040867,2.2937,2.29390351932
classic_current,B1,leave_N_out,581,1.040867,2.2935,2.29338145892
classic_current,B1,leave_N_out,582,1.040867,2.2929,2.29286425277
classic_current,B1,leave_N_out,583,1.040867,2.2923,2.29235182106
classic_current,B1,leave_N_out,584,1.040867,2.2919,2.29184408583
classic_current,B1,leave_N_out,585,1.040867,2.2912,2.29134097096
classic_current,B1,leave_N_out,586,1.040867,2.2911,2.2908421654
classic_current,B1,leave_N_out,587,1.040867,2.2904,2.29034807196
generalized_ND_new,B1,leave_N_out,441,1.040867,4.2153,4.21595481833
generalized_ND_new,B1,leave_N_out,442,1.040867,3.8315,3.83205449606
generalized_ND_new,B1,leave_N_out,443,1.040867,3.5146,3.5150843764
generalized_ND_new,B1,leave_N_out,444,1.040867,3.2545,3.25478195483
generalized_ND_new,B1,leave_N_out,445,1.040867,3.0476,3.04714126502
generalized_ND_new,B1,leave_N_out,446,1.040867,2.8697,2.86936031614
generalized_ND_new,B1,leave_N_out,447,1.040867,2.7802,2.7802776423
generalized_ND_new,B1,leave_N_out,448,1.040867,2.723,2.72290814336
generalized_ND_new,B1,leave_N_out,449,1.040867,2.6816,2.68150566728
generalized_ND_new,B1,leave_N_out,450,1.040867,2.6501,2.64954441048
generalized_ND_new,B1,leave_N_out,451,1.040867,2.6239,2.62376487924
generalized_ND_new,B1,leave_N_out,452,1.040867,2.6023,2.60231498827
generalized_ND_new,B1,leave_N_out,453,1.040867,2.5839,2.58404877764
generalized_ND_new,B1,leave_N_out,454,1.040867,2.5679,2.56820443499
generalized_ND_new,B1,leave_N_out,455,1.040867,2.5543,2.55427543295
generalized_ND_new,B1,leave_N_out,456,1.040867,2.5417,2.54187954223
generalized_ND_new,B1,leave_N_out,457,1.040867,2.5305,2.53073987608
generalized_ND_new,B1,leave_N_out,458,1.040867,2.5205,2.52064622947
generalized_ND_new,B1,leave_N_out,459,1.040867,2.5113,2.51143555217
generalized_ND_new,B1,leave_N_out,460,1.040867,2.5032,2.50297902598
generalized_ND_new,B1,leave_N_out,461,1.040867,2.4953,2.49516966772
generalized_ND_new,B1,leave_N_out,462,1.040867,2.4879,2.48793073295
generalized_ND_new,B1,leave_N_out,463,1.040867,2.4814,2.48118901849
generalized_ND_new,B1,leave_N_out,464,1.040867,2.4749,2.47488677757
generalized_ND_new,B1,leave_N_out,465,1.040867,2.4688,2.46897544535
generalized_ND_new,B1,leave_N_out,466,1.040867,2.4636,2.46341382169
generalized_ND_new,B1,leave_N_out,467,1.040867,2.4582,2.45816667808
generalized_ND_new,B1,leave_N_out,468,1.040867,2.453,2.45320137259
generalized_ND_new,B1,leave_N_out,469,1.040867,2.4485,2.4484963304
generalized_ND_new,B1,leave_N_out,470,1.040867,2.4439,2.44402618757
generalized_ND_new,B1,leave_N_out,471,1.040867,2.4396,2.43977083657
generalized_ND_new,B1,leave_N_out,472,1.040867,2.4358,2.43571255664
generalized_ND_new,B1,leave_N_out,473,1.040867,2.4321,2.43183565696
generalized_ND_new,B1,leave_N_out,474,1.040867,2.4279,2.42812445241
generalized_ND_new,B1,leave_N_out,475,1.040867,2.4246,2.42457001622
generalized_ND_new,B1,leave_N_out,476,1.040867,2.4211,2.42115937307
generalized_ND_new,B1,leave_N_out,477,1.040867,2.4178,2.41788247784
generalized_ND_new,B1,leave_N_out,478,1.040867,2.4146,2.41473026499
generalized_ND_new,B1,leave_N_out,479,1.040867,2.4116,2.41169452746
generalized_ND_new,B1,leave_N_out,480,1.040867,2.4088,2.4087678136
generalized_ND_new,B1,leave_N_out,481,1.040867,2.4058,2.40594201537
generalized_ND_new,B1,leave_N_out,482,1.040867,2.4032,2.403213631
generalized_ND_new,B1,leave_N_out,483,1.040867,2.4006,2.40057562248
generalized_ND_new,B1,leave_N_out,484,1.040867,2.398,2.39802279154
generalized_ND_new,B1,leave_N_out,485,1.040867,2.3954,2.39555035947
generalized_ND_new,B1,leave_N_out,486,1.040867,2.3931,2.39315392402
generalized_ND_new,B1,leave_N_out,487,1.040867,2.3909,2.39082832963
generalized_ND_new,B1,leave_N_out,488,1.040867,2.3886,2.38857203368
generalized_ND_new,B1,leave_N_out,489,1.040867,2.3863,2.38638042893
generalized_ND_new,B1,leave_N_out,490,1.040867,2.3842,2.38425028373
generalized_ND_new,B1,leave_N_out,491,1.040867,2.3822,2.38217859369
generalized_ND_new,B1,leave_N_out,492,1.040867,2.38,2.38016256128
generalized_ND_new,B1,leave_N_out,493,1.040867,2.3782,2.37819957762
generalized_ND_new,B1,leave_N_out,494,1.040867,2.3762,2.37628630597
generalized_ND_new,B1,leave_N_out,495,1.040867,2.3745,2.37442229068
generalized_ND_new,B1,leave_N_out,496,1.040867,2.3725,2.37260447404
generalized_ND_new,B1,leave_N_out,497,1.040867,2.3706,2.37083085513
generalized_ND_new,B1,leave_N_out,498,1.040867,2.3689,2.36909955538
generalized_ND_new,B1,leave_N_out,499,1.040867,2.3674,2.367408809
generalized_ND_new,B1,leave_N_out,500,1.040867,2.3658,2.36575617559
generalized_ND_new,B1,leave_N_out,501,1.040867,2.364,2.3641416645
generalized_ND_new,B1,leave_N_out,502,1.040867,2.3626,2.36256300252
generalized_ND_new,B1,leave_N_out,503,1.040867,2.3608,2.36101879587
generalized_ND_new,B1,leave_N_out,504,1.040867,2.3595,2.35950772742
generalized_ND_new,B1,leave_N_out,505,1.040867,2.3579,2.35802855129
generalized_ND_new,B1,leave_N_out,506,1.040867,2.3565,2.35658008788
generalized_ND_new,B1,leave_N_out,507,1.040867,2.3552,2.35516054964
generalized_ND_new,B1,leave_N_out,508,1.040867,2.3537,2.35377022917
generalized_ND_new,B1,leave_N_out,509,1.040867,2.3524,2.3524074365
generalized_ND_new,B1,leave_N_out,510,1.040867,2.3512,2.35107121551
generalized_ND_new,B1,leave_N_out,511,1.040867,2.3497,2.34976065715
generalized_ND_new,B1,leave_N_out,512,1.040867,2.3485,2.34847489646
generalized_ND_new,B1,leave_N_out,513,1.040867,2.3471,2.34721310979
generalized_ND_new,B1,leave_N_out,514,1.040867,2.346,2.34597392706
generalized_ND_new,B1,leave_N_out,515,1.040867,2.3449,2.34475778086
generalized_ND_new,B1,leave_N_out,516,1.040867,2.3433,2.34356336095
generalized_ND_new,B1,leave_N_out,517,1.040867,2.3423,2.34238998544
generalized_ND_new,B1,leave_N_out,518,1.040867,2.3413,2.34123700283
generalized_ND_new,B1,leave_N_out,519,1.040867,2.3401,2.34010379023
generalized_ND_new,B1,leave_N_out,520,1.040867,2.339,2.33898922499
generalized_ND_new,B1,leave_N_out,521,1.040867,2.3378,2.33789379902
generalized_ND_new,B1,leave_N_out,522,1.040867,2.3368,2.33681643027
generalized_ND_new,B1,leave_N_out,523,1.040867,2.3357,2.33575659525
generalized_ND_new,B1,leave_N_out,524,1.040867,2.3348,2.33471379204
generalized_ND_new,B1,leave_N_out,525,1.040867,2.3337,2.33368753912
generalized_ND_new,B1,leave_N_out,526,1.040867,2.3327,2.33267737432
generalized_ND_new,B1,leave_N_out,527,1.040867,2.3316,2.33168238323
generalized_ND_new,B1,leave_N_out,528,1.040867,2.3306,2.33070308777
generalized_ND_new,B1,leave_N_out,529,1.040867,2.3297,2.3297386001
generalized_ND_new,B1,leave_N_out,530,1.040867,2.3288,2.32878852601
generalized_ND_new,B1,leave_N_out,531,1.040867,2.3278,2.32785248625
generalized_ND_new,B1,leave_N_out,532,1.040867,2.3269,2.32693011572
generalized_ND_new,B1,leave_N_out,533,1.040867,2.3262,2.3260206325
generalized_ND_new,B1,leave_N_out,534,1.040867,2.3252,2.32512456473
generalized_ND_new,B1,leave_N_out,535,1.040867,2.3242,2.32424114932
generalized_ND_new,B1,leave_N_out,536,1.040867,2.3235,2.32337007152
generalized_ND_new,B1,leave_N_out,537,1.040867,2.3225,2.32251102771
generalized_ND_new,B1,leave_N_out,538,1.040867,2.3215,2.3216637249
generalized_ND_new,B1,leave_N_out,539,1.040867,2.3207,2.32082788026
generalized_ND_new,B1,leave_N_out,540,1.040867,2.3198,2.32000283004
generalized_ND_new,B1,leave_N_out,541,1.040867,2.3191,2.31918909678
generalized_ND_new,B1,leave_N_out,542,1.040867,2.3184,2.31838602958
generalized_ND_new,B1,leave_N_out,543,1.040867,2.3178,2.31759338193
generalized_ND_new,B1,leave_N_out,544,1.040867,2.3168,2.31681091542
generalized_ND_new,B1,leave_N_out,545,1.040867,2.316,2.31603839944
generalized_ND_new,B1,leave_N_out,546,1.040867,2.3153,2.31527524931
generalized_ND_new,B1,leave_N_out,547,1.040867,2.3143,2.3145219764
generalized_ND_new,B1,leave_N_out,548,1.040867,2.3138,2.31377800545
generalized_ND_new,B1,leave_N_out,549,1.040867,2.3131,2.31304313378
generalized_ND_new,B1,leave_N_out,550,1.040867,2.3122,2.31231716504
generalized_ND_new,B1,leave_N_out,551,1.040867,2.3117,2.31159990888
generalized_ND_new,B1,leave_N_out,552,1.040867,2.3109,2.3108911808
generalized_ND_new,B1,leave_N_out,553,1.040867,2.3101,2.31019046978
generalized_ND_new,B1,leave_N_out,554,1.040867,2.3096,2.30949827016
generalized_ND_new,B1,leave_N_out,555,1.040867,2.309,2.30881407749
generalized_ND_new,B1,leave_N_out,556,1.040867,2.3081,2.30813772828
generalized_ND_new,B1,leave_N_out,557,1.040867,2.3075,2.30746906377
generalized_ND_new,B1,leave_N_out,558,1.040867,2.3068,2.3068079298
generalized_ND_new,B1,leave_N_out,559,1.040867,2.3061,2.30615417662
generalized_ND_new,B1,leave_N_out,560,1.040867,2.3056,2.30550735211
generalized_ND_new,B1,leave_N_out,561,1.040867,2.3048,2.30486793141
generalized_ND_new,B1,leave_N_out,562,1.040867,2.3042,2.30423546704
generalized_ND_new,B1,leave_N_out,563,1.040867,2.3036,2.30360982532
generalized_ND_new,B1,leave_N_out,564,1.040867,2.303,2.30299087625
generalized_ND_new,B1,leave_N_out,565,1.040867,2.3024,2.30237849335
generalized_ND_new,B1,leave_N_out,566,1.040867,2.3019,2.30177226611
generalized_ND_new,B1,leave_N_out,567,1.040867,2.3011,2.30117265264
generalized_ND_new,B1,leave_N_out,568,1.040867,2.3005,2.30057924586
generalized_ND_new,B1,leave_N_out,569,1.040867,2.2999,2.29999193224
generalized_ND_new,B1,leave_N_out,570,1.040867,2.2994,2.29941060122
generalized_ND_new,B1,leave_N_out,571,1.040867,2.2989,2.29883514511
generalized_ND_new,B1,leave_N_out,572,1.040867,2.2983,2.29826545897
generalized_ND_new,B1,leave_N_out,573,1.040867,2.2976,2.29770117291
generalized_ND_new,B1,leave_N_out,574,1.040867,2.2972,2.29714272516
generalized_ND_new,B1,leave_N_out,575,1.040867,2.2967,2.29658974825
generalized_ND_new,B1,leave_N_out,576,1.040867,2.2961,2.29604214742
generalized_ND_new,B1,leave_N_out,577,1.040867,2.2957,2.29549983029
generalized_ND_new,B1,leave_N_out,578,1.040867,2.2949,2.29496270671
generalized_ND_new,B1,leave_N_out,579,1.040867,2.2943,2.29443043624
generalized_ND_new,B1,leave_N_out,580,1.040867,2.2937,2.29390344045
generalized_ND_new,B1,leave_N_out,581,1.040867,2.2935,2.29338138067
generalized_ND_new,B1,leave_N_out,582,1.040867,2.2929,2.29286417515
generalized_ND_new,B1,leave_N_out,583,1.040867,2.2923,2.29235174406
generalized_ND_new,B1,leave_N_out,584,1.040867,2.2919,2.29184400945
generalized_ND_new,B1,leave_N_out,585,1.040867,2.2912,2.2913408952
generalized_ND_new,B1,leave_N_out,586,1.040867,2.2911,2.29084209026
generalized_ND_new,B1,leave_N_out,587,1.040867,2.2904,2.29034799745
classic_current,B1,leave_N_out,588,1.416184,4.1816,4.18109053737
classic_current,B1,leave_N_out,589,1.416184,3.7976,3.79724889375
classic_current,B1,leave_N_out,590,1.416184,3.4805,3.48032002258
classic_current,B1,leave_N_out,591,1.416184,3.22,3.22004552871
classic_current,B1,leave_N_out,592,1.416184,3.0125,3.01242242835
classic_current,B1,leave_N_out,593,1.416184,2.8347,2.83465250747
classic_current,B1,leave_N_out,594,1.416184,2.7458,2.7455736961
classic_current,B1,leave_N_out,595,1.416184,2.6879,2.68820601035
classic_current,B1,leave_N_out,596,1.416184,2.6471,2.64680448381
classic_current,B1,leave_N_out,597,1.416184,2.6148,2.61484373975
classic_current,B1,leave_N_out,598,1.416184,2.589,2.58906447439
classic_current,B1,leave_N_out,599,1.416184,2.5674,2.56761469941
classic_current,B1,leave_N_out,600,1.416184,2.5491,2.54934850916
classic_current,B1,leave_N_out,601,1.416184,2.5336,2.53350412372
classic_current,B1,leave_N_out,602,1.416184,2.5196,2.51957503619
classic_current,B1,leave_N_out,603,1.416184,2.507,2.50717903065
classic_current,B1,leave_N_out,604,1.416184,2.4958,2.49603922939
classic_current,B1,leave_N_out,605,1.416184,2.4859,2.48594543363
classic_current,B1,leave_N_out,606,1.416184,2.4769,2.47673459757
classic_current,B1,leave_N_out,607,1.416184,2.4682,2.4682779062
classic_current,B1,leave_N_out,608,1.416184,2.4602,2.46046837855
classic_current,B1,leave_N_out,609,1.416184,2.4532,2.45322927208
classic_current,B1,leave_N_out,610,1.416184,2.4464,2.44648738478
classic_current,B1,leave_N_out,611,1.416184,2.4398,2.44018497083
classic_current,B1,leave_N_out,612,1.416184,2.4342,2.43427346609
classic_current,B1,leave_N_out,613,1.416184,2.4287,2.42871167097
classic_current,B1,leave_N_out,614,1.416184,2.4235,2.42346435733
classic_current,B1,leave_N_out,615,1.416184,2.4187,2.41849888348
classic_current,B1,leave_N_out,616,1.416184,2.4139,2.41379367496
classic_current,B1,leave_N_out,617,1.416184,2.4093,2.4093233679
classic_current,B1,leave_N_out,618,1.416184,2.4049,2.4050678549
classic_current,B1,leave_N_out,619,1.416184,2.4013,2.40100941525
classic_current,B1,leave_N_out,620,1.416184,2.3971,2.39713235819
classic_current,B1,leave_N_out,621,1.416184,2.3934,2.39342099854
classic_current,B1,leave_N_out,622,1.416184,2.3898,2.38986640969
classic_current,B1,leave_N_out,623,1.416184,2.3865,2.38645561623
classic_current,B1,leave_N_out,624,1.416184,2.3831,2.38317857303
classic_current,B1,leave_N_out,625,1.416184,2.3799,2.38002621451
classic_current,B1,leave_N_out,626,1.416184,2.3769,2.3769903336
classic_current,B1,leave_N_out,627,1.416184,2.374,2.37406347859
classic_current,B1,leave_N_out,628,1.416184,2.3712,2.37123754135
classic_current,B1,leave_N_out,629,1.416184,2.3684,2.3685090202
classic_current,B1,leave_N_out,630,1.416184,2.3659,2.365870877
classic_current,B1,leave_N_out,631,1.416184,2.3633,2.36331791346
classic_current,B1,leave_N_out,632,1.416184,2.361,2.36084535081
classic_current,B1,leave_N_out,633,1.416184,2.3581,2.35844878675
classic_current,B1,leave_N_out,634,1.416184,2.3562,2.35612306563
classic_current,B1,leave_N_out,635,1.416184,2.354,2.35386664488
classic_current,B1,leave_N_out,636,1.416184,2.3514,2.35167491719
classic_current,B1,leave_N_out,637,1.416184,2.3495,2.34954465083
classic_current,B1,leave_N_out,638,1.416184,2.3474,2.34747284139
classic_current,B1,leave_N_out,639,1.416184,2.3453,2.34545669129
classic_current,B1,leave_N_out,640,1.416184,2.3434,2.34349359161
classic_current,B1,leave_N_out,641,1.416184,2.3414,2.34158020551
classic_current,B1,leave_N_out,642,1.416184,2.3399,2.33971607742
classic_current,B1,leave_N_out,643,1.416184,2.338,2.33789814952
classic_current,B1,leave_N_out,644,1.416184,2.3362,2.33612442086
classic_current,B1,leave_N_out,645,1.416184,2.3345,2.33439301285
classic_current,B1,leave_N_out,646,1.416184,2.3326,2.33270215965
classic_current,B1,leave_N_out,647,1.416184,2.331,2.33104942077
classic_current,B1,leave_N_out,648,1.416184,2.3295,2.32943480564
classic_current,B1,leave_N_out,649,1.416184,2.3277,2.32785604095
classic_current,B1,leave_N_out,650,1.416184,2.3264,2.32631173291
classic_current,B1,leave_N_out,651,1.416184,2.3248,2.32480056434
classic_current,B1,leave_N_out,652,1.416184,2.3233,2.32332128934
classic_current,B1,leave_N_out,653,1.416184,2.3219,2.32187272829
classic_current,B1,leave_N_out,654,1.416184,2.3205,2.32045309355
classic_current,B1,leave_N_out,655,1.416184,2.319,2.3190626778
classic_current,B1,leave_N_out,656,1.416184,2.3178,2.31769979098
classic_current,B1,leave_N_out,657,1.416184,2.3162,2.31636347696
classic_current,B1,leave_N_out,658,1.416184,2.3151,2.31505282666
classic_current,B1,leave_N_out,659,1.416184,2.3138,2.3137669751
classic_current,B1,leave_N_out,660,1.416184,2.3125,2.3125050986
classic_current,B1,leave_N_out,661,1.416184,2.3113,2.31126582701
classic_current,B1,leave_N_out,662,1.416184,2.3099,2.31004959301
classic_current,B1,leave_N_out,663,1.416184,2.3089,2.30885508627
classic_current,B1,leave_N_out,664,1.416184,2.3077,2.30768162489
classic_current,B1,leave_N_out,665,1.416184,2.3065,2.30652855735
classic_current,B1,leave_N_out,666,1.416184,2.3055,2.30539526073
classic_current,B1,leave_N_out,667,1.416184,2.3042,2.30428061233
classic_current,B1,leave_N_out,668,1.416184,2.303,2.30318510413
classic_current,B1,leave_N_out,669,1.416184,2.3019,2.302107654
classic_current,B1,leave_N_out,670,1.416184,2.3011,2.30104773846
classic_current,B1,leave_N_out,671,1.416184,2.2999,2.30000485556
classic_current,B1,leave_N_out,672,1.416184,2.2991,2.29897852376
classic_current,B1,leave_N_out,673,1.416184,2.2978,2.29796828089
classic_current,B1,leave_N_out,674,1.416184,2.2971,2.29697321246
classic_current,B1,leave_N_out,675,1.416184,2.296,2.29599384047
classic_current,B1,leave_N_out,676,1.416184,2.295,2.29502927702
classic_current,B1,leave_N_out,677,1.416184,2.294,2.29407912789
classic_current,B1,leave_N_out,678,1.416184,2.2932,2.29314301382
classic_current,B1,leave_N_out,679,1.416184,2.2922,2.2922205697
classic_current,B1,leave_N_out,680,1.416184,2.2914,2.29131101353
classic_current,B1,leave_N_out,681,1.416184,2.2904,2.29041487355
classic_current,B1,leave_N_out,682,1.416184,2.2895,2.28953138661
classic_current,B1,leave_N_out,683,1.416184,2.2886,2.28866023793
classic_current,B1,leave_N_out,684,1.416184,2.2878,2.28780112389
classic_current,B1,leave_N_out,685,1.416184,2.287,2.28695375149
classic_current,B1,leave_N_out,686,1.416184,2.286,2.28611783789
classic_current,B1,leave_N_out,687,1.416184,2.2852,2.28529271929
classic_current,B1,leave_N_out,688,1.416184,2.2845,2.28447891829
classic_current,B1,leave_N_out,689,1.416184,2.2837,2.28367578395
classic_current,B1,leave_N_out,690,1.416184,2.2829,2.28288306975
classic_current,B1,leave_N_out,691,1.416184,2.2821,2.28210053727
classic_current,B1,leave_N_out,692,1.416184,2.2814,2.28132795587
classic_current,B1,leave_N_out,693,1.416184,2.2805,2.28056474086
classic_current,B1,leave_N_out,694,1.416184,2.2797,2.27981140365
classic_current,B1,leave_N_out,695,1.416184,2.2791,2.27906736893
classic_current,B1,leave_N_out,696,1.416184,2.2782,2.27833243403
classic_current,B1,leave_N_out,697,1.416184,2.2776,2.27760640257
classic_current,B1,leave_N_out,698,1.416184,2.2767,2.27688908422
classic_current,B1,leave_N_out,699,1.416184,2.2763,2.27618029443
classic_current,B1,leave_N_out,700,1.416184,2.2755,2.2754795222
classic_current,B1,leave_N_out,701,1.416184,2.2748,2.27478726187
classic_current,B1,leave_N_out,702,1.416184,2.2742,2.27410300898
classic_current,B1,leave_N_out,703,1.416184,2.2736,2.27342660002
classic_current,B1,leave_N_out,704,1.416184,2.2728,2.27275787623
classic_current,B1,leave_N_out,705,1.416184,2.2719,2.27209668344
classic_current,B1,leave_N_out,706,1.416184,2.2713,2.2714428719
classic_current,B1,leave_N_out,707,1.416184,2.2707,2.27079598945
classic_current,B1,leave_N_out,708,1.416184,2.2702,2.27015651128
classic_current,B1,leave_N_out,709,1.416184,2.2696,2.26952398987
classic_current,B1,leave_N_out,710,1.416184,2.2688,2.26889829153
classic_current,B1,leave_N_out,711,1.416184,2.2683,2.26827928627
classic_current,B1,leave_N_out,712,1.416184,2.2676,2.26766684759
classic_current,B1,leave_N_out,713,1.416184,2.267,2.26706056497
classic_current,B1,leave_N_out,714,1.416184,2.2663,2.26646089654
classic_current,B1,leave_N_out,715,1.416184,2.2658,2.26586743519
classic_current,B1,leave_N_out,716,1.416184,2.2652,2.2652800674
classic_current,B1,leave_N_out,717,1.416184,2.2646,2.2646986826
classic_current,B1,leave_N_out,718,1.416184,2.2642,2.26412317309
classic_current,B1,leave_N_out,719,1.416184,2.2635,2.26355343392
classic_current,B1,leave_N_out,720,1.416184,2.2632,2.26298909519
classic_current,B1,leave_N_out,721,1.416184,2.2625,2.26243059516
classic_current,B1,leave_N_out,722,1.416184,2.2619,2.26187756632
classic_current,B1,leave_N_out,723,1.416184,2.2613,2.26132991393
classic_current,B1,leave_N_out,724,1.416184,2.2609,2.26078754558
classic_current,B1,leave_N_out,725,1.416184,2.2602,2.26025037114
classic_current,B1,leave_N_out,726,1.416184,2.2597,2.25971805012
classic_current,B1,leave_N_out,727,1.416184,2.2594,2.25919100415
classic_current,B1,leave_N_out,728,1.416184,2.2587,2.25866889452
classic_current,B1,leave_N_out,729,1.416184,2.2583,2.25815163948
classic_current,B1,leave_N_out,730,1.416184,2.2576,2.25763915919
classic_current,B1,leave_N_out,731,1.416184,2.2571,2.25713137572
classic_current,B1,leave_N_out,732,1.416184,2.2568,2.25662821291
classic_current,B1,leave_N_out,733,1.416184,2.2561,2.25612935971
classic_current,B1,leave_N_out,734,1.416184,2.2558,2.25563521896
generalized_ND_new,B1,leave_N_out,588,1.416184,4.1816,4.18108814523
generalized_ND_new,B1,leave_N_out,589,1.416184,3.7976,3.79724630957
generalized_ND_new,B1,leave_N_out,590,1.416184,3.4805,3.48031759711
generalized_ND_new,B1,leave_N_out,591,1.416184,3.22,3.2200434575
generalized_ND_new,B1,leave_N_out,592,1.416184,3.0125,3.01242078305
generalized_ND_new,B1,leave_N_out,593,1.416184,2.8347,2.83465131852
generalized_ND_new,B1,leave_N_out,594,1.416184,2.7458,2.74557276146
generalized_ND_new,B1,leave_N_out,595,1.416184,2.6879,2.68820524578
generalized_ND_new,B1,leave_N_out,596,1.416184,2.6471,2.64680384383
generalized_ND_new,B1,leave_N_out,597,1.416184,2.6148,2.61484319637
generalized_ND_new,B1,leave_N_out,598,1.416184,2.589,2.58906400882
generalized_ND_new,B1,leave_N_out,599,1.416184,2.5674,2.56761429829
generalized_ND_new,B1,leave_N_out,600,1.416184,2.5491,2.54934816253
generalized_ND_new,B1,leave_N_out,601,1.416184,2.5336,2.53350382395
generalized_ND_new,B1,leave_N_out,602,1.416184,2.5196,2.51957477723
generalized_ND_new,B1,leave_N_out,603,1.416184,2.507,2.50717880765
generalized_ND_new,B1,leave_N_out,604,1.416184,2.4958,2.49603903835
generalized_ND_new,B1,leave_N_out,605,1.416184,2.4859,2.48594527122
generalized_ND_new,B1,leave_N_out,606,1.416184,2.4769,2.47673446099
generalized_ND_new,B1,leave_N_out,607,1.416184,2.4682,2.46827779306
generalized_ND_new,B1,leave_N_out,608,1.416184,2.4602,2.46046828681
generalized_ND_new,B1,leave_N_out,609,1.416184,2.4532,2.45322919993
generalized_ND_new,B1,leave_N_out,610,1.416184,2.4464,2.44648733067
generalized_ND_new,B1,leave_N_out,611,1.416184,2.4398,2.44018493337
generalized_ND_new,B1,leave_N_out,612,1.416184,2.4342,2.43427344406
generalized_ND_new,B1,leave_N_out,613,1.416184,2.4287,2.42871166328
generalized_ND_new,B1,leave_N_out,614,1.416184,2.4235,2.42346436301
generalized_ND_new,B1,leave_N_out,615,1.416184,2.4187,2.41849890166
generalized_ND_new,B1,leave_N_out,616,1.416184,2.4139,2.41379370483
generalized_ND_new,B1,leave_N_out,617,1.416184,2.4093,2.40932340875
generalized_ND_new,B1,leave_N_out,618,1.416184,2.4049,2.40506790607
generalized_ND_new,B1,leave_N_out,619,1.416184,2.4013,2.40100947615
generalized_ND_new,B1,leave_N_out,620,1.416184,2.3971,2.39713242826
generalized_ND_new,B1,leave_N_out,621,1.416184,2.3934,2.3934210773
generalized_ND_new,B1,leave_N_out,622,1.416184,2.3898,2.38986649666
generalized_ND_new,B1,leave_N_out,623,1.416184,2.3865,2.38645571098
generalized_ND_new,B1,leave_N_out,624,1.416184,2.3831,2.38317867517
generalized_ND_new,B1,leave_N_out,625,1.416184,2.3799,2.38002632367
generalized_ND_new,B1,leave_N_out,626,1.416184,2.3769,2.37699044943
generalized_ND_new,B1,leave_N_out,627,1.416184,2.374,2.37406360078
generalized_ND_new,B1,leave_N_out,628,1.416184,2.3712,2.37123766961
generalized_ND_new,B1,leave_N_out,629,1.416184,2.3684,2.36850915424
generalized_ND_new,B1,leave_N_out,630,1.416184,2.3659,2.36587101657
generalized_ND_new,B1,leave_N_out,631,1.416184,2.3633,2.36331805831
generalized_ND_new,B1,leave_N_out,632,1.416184,2.361,2.36084550071
generalized_ND_new,B1,leave_N_out,633,1.416184,2.3581,2.35844894149
generalized_ND_new,B1,leave_N_out,634,1.416184,2.3562,2.35612322501
generalized_ND_new,B1,leave_N_out,635,1.416184,2.354,2.35386680871
generalized_ND_new,B1,leave_N_out,636,1.416184,2.3514,2.35167508528
generalized_ND_new,B1,leave_N_out,637,1.416184,2.3495,2.34954482302
generalized_ND_new,B1,leave_N_out,638,1.416184,2.3474,2.34747301751
generalized_ND_new,B1,leave_N_out,639,1.416184,2.3453,2.34545687119
generalized_ND_new,B1,leave_N_out,640,1.416184,2.3434,2.34349377515
generalized_ND_new,B1,leave_N_out,641,1.416184,2.3414,2.34158039255
generalized_ND_new,B1,leave_N_out,642,1.416184,2.3399,2.33971626782
generalized_ND_new,B1,leave_N_out,643,1.416184,2.338,2.33789834317
generalized_ND_new,B1,leave_N_out,644,1.416184,2.3362,2.33612461764
generalized_ND_new,B1,leave_N_out,645,1.416184,2.3345,2.33439321264
generalized_ND_new,B1,leave_N_out,646,1.416184,2.3326,2.33270236235
generalized_ND_new,B1,leave_N_out,647,1.416184,2.331,2.33104962627
generalized_ND_new,B1,leave_N_out,648,1.416184,2.3295,2.32943501385
generalized_ND_new,B1,leave_N_out,649,1.416184,2.3277,2.32785625178
generalized_ND_new,B1,leave_N_out,650,1.416184,2.3264,2.32631194626
generalized_ND_new,B1,leave_N_out,651,1.416184,2.3248,2.32480078013
generalized_ND_new,B1,leave_N_out,652,1.416184,2.3233,2.32332150749
generalized_ND_new,B1,leave_N_out,653,1.416184,2.3219,2.32187294871
generalized_ND_new,B1,leave_N_out,654,1.416184,2.3205,2.32045331618
generalized_ND_new,B1,leave_N_out,655,1.416184,2.319,2.31906290256
generalized_ND_new,B1,leave_N_out,656,1.416184,2.3178,2.3177000178
generalized_ND_new,B1,leave_N_out,657,1.416184,2.3162,2.31636370578
generalized_ND_new,B1,leave_N_out,658,1.416184,2.3151,2.31505305742
generalized_ND_new,B1,leave_N_out,659,1.416184,2.3138,2.31376720772
generalized_ND_new,B1,leave_N_out,660,1.416184,2.3125,2.31250533304
generalized_ND_new,B1,leave_N_out,661,1.416184,2.3113,2.31126606321
generalized_ND_new,B1,leave_N_out,662,1.416184,2.3099,2.3100498309
generalized_ND_new,B1,leave_N_out,663,1.416184,2.3089,2.30885532582
generalized_ND_new,B1,leave_N_out,664,1.416184,2.3077,2.30768186604
generalized_ND_new,B1,leave_N_out,665,1.416184,2.3065,2.30652880004
generalized_ND_new,B1,leave_N_out,666,1.416184,2.3055,2.30539550493
generalized_ND_new,B1,leave_N_out,667,1.416184,2.3042,2.30428085799
generalized_ND_new,B1,leave_N_out,668,1.416184,2.303,2.3031853512
generalized_ND_new,B1,leave_N_out,669,1.416184,2.3019,2.30210790245
generalized_ND_new,B1,leave_N_out,670,1.416184,2.3011,2.30104798823
generalized_ND_new,B1,leave_N_out,671,1.416184,2.2999,2.30000510662
generalized_ND_new,B1,leave_N_out,672,1.416184,2.2991,2.29897877608
generalized_ND_new,B1,leave_N_out,673,1.416184,2.2978,2.29796853442
generalized_ND_new,B1,leave_N_out,674,1.416184,2.2971,2.29697346717
generalized_ND_new,B1,leave_N_out,675,1.416184,2.296,2.29599409633
generalized_ND_new,B1,leave_N_out,676,1.416184,2.295,2.29502953399
generalized_ND_new,B1,leave_N_out,677,1.416184,2.294,2.29407938594
generalized_ND_new,B1,leave_N_out,678,1.416184,2.2932,2.29314327291
generalized_ND_new,B1,leave_N_out,679,1.416184,2.2922,2.29222082981
generalized_ND_new,B1,leave_N_out,680,1.416184,2.2914,2.29131127464
generalized_ND_new,B1,leave_N_out,681,1.416184,2.2904,2.29041513561
generalized_ND_new,B1,leave_N_out,682,1.416184,2.2895,2.2895316496
generalized_ND_new,B1,leave_N_out,683,1.416184,2.2886,2.28866050183
generalized_ND_new,B1,leave_N_out,684,1.416184,2.2878,2.28780138867
generalized_ND_new,B1,leave_N_out,685,1.416184,2.287,2.28695401712
generalized_ND_new,B1,leave_N_out,686,1.416184,2.286,2.28611810435
generalized_ND_new,B1,leave_N_out,687,1.416184,2.2852,2.28529298656
generalized_ND_new,B1,leave_N_out,688,1.416184,2.2845,2.28447918634
generalized_ND_new,B1,leave_N_out,689,1.416184,2.2837,2.28367605276
generalized_ND_new,B1,leave_N_out,690,1.416184,2.2829,2.28288333929
generalized_ND_new,B1,leave_N_out,691,1.416184,2.2821,2.28210080753
generalized_ND_new,B1,leave_N_out,692,1.416184,2.2814,2.28132822683
generalized_ND_new,B1,leave_N_out,693,1.416184,2.2805,2.28056501249
generalized_ND_new,B1,leave_N_out,694,1.416184,2.2797,2.27981167594
generalized_ND_new,B1,leave_N_out,695,1.416184,2.2791,2.27906764185
generalized_ND_new,B1,leave_N_out,696,1.416184,2.2782,2.27833270757
generalized_ND_new,B1,leave_N_out,697,1.416184,2.2776,2.27760667671
generalized_ND_new,B1,leave_N_out,698,1.416184,2.2767,2.27688935894
generalized_ND_new,B1,leave_N_out,699,1.416184,2.2763,2.27618056972
generalized_ND_new,B1,leave_N_out,700,1.416184,2.2755,2.27547979804
generalized_ND_new,B1,leave_N_out,701,1.416184,2.2748,2.27478753824
generalized_ND_new,B1,leave_N_out,702,1.416184,2.2742,2.27410328586
generalized_ND_new,B1,leave_N_out,703,1.416184,2.2736,2.2734268774
generalized_ND_new,B1,leave_N_out,704,1.416184,2.2728,2.2727581541
generalized_ND_new,B1,leave_N_out,705,1.416184,2.2719,2.27209696179
generalized_ND_new,B1,leave_N_out,706,1.416184,2.2713,2.2714431507
generalized_ND_new,B1,leave_N_out,707,1.416184,2.2707,2.27079626869
generalized_ND_new,B1,leave_N_out,708,1.416184,2.2702,2.27015679095
generalized_ND_new,B1,leave_N_out,709,1.416184,2.2696,2.26952426996
generalized_ND_new,B1,leave_N_out,710,1.416184,2.2688,2.26889857203
generalized_ND_new,B1,leave_N_out,711,1.416184,2.2683,2.26827956716
generalized_ND_new,B1,leave_N_out,712,1.416184,2.2676,2.26766712886
generalized_ND_new,B1,leave_N_out,713,1.416184,2.267,2.2670608466
generalized_ND_new,B1,leave_N_out,714,1.416184,2.2663,2.26646117853
generalized_ND_new,B1,leave_N_out,715,1.416184,2.2658,2.26586771752
generalized_ND_new,B1,leave_N_out,716,1.416184,2.2652,2.26528035007
generalized_ND_new,B1,leave_N_out,717,1.416184,2.2646,2.26469896559
generalized_ND_new,B1,leave_N_out,718,1.416184,2.2642,2.26412345639
generalized_ND_new,B1,leave_N_out,719,1.416184,2.2635,2.26355371752
generalized_ND_new,B1,leave_N_out,720,1.416184,2.2632,2.26298937908
generalized_ND_new,B1,leave_N_out,721,1.416184,2.2625,2.26243087933
generalized_ND_new,B1,leave_N_out,722,1.416184,2.2619,2.26187785076
generalized_ND_new,B1,leave_N_out,723,1.416184,2.2613,2.26133019863
generalized_ND_new,B1,leave_N_out,724,1.416184,2.2609,2.26078783053
generalized_ND_new,B1,leave_N_out,725,1.416184,2.2602,2.26025065633
generalized_ND_new,B1,leave_N_out,726,1.416184,2.2597,2.25971833555
generalized_ND_new,B1,leave_N_out,727,1.416184,2.2594,2.2591912898
generalized_ND_new,B1,leave_N_out,728,1.416184,2.2587,2.25866918039
generalized_ND_new,B1,leave_N_out,729,1.416184,2.2583,2.25815192556
generalized_ND_new,B1,leave_N_out,730,1.416184,2.2576,2.25763944547
generalized_ND_new,B1,leave_N_out,731,1.416184,2.2571,2.25713166218
generalized_ND_new,B1,leave_N_out,732,1.416184,2.2568,2.25662849956
generalized_ND_new,B1,leave_N_out,733,1.416184,2.2561,2.25612964653
generalized_ND_new,B1,leave_N_out,734,1.416184,2.2558,2.25563550596
classic_current,B1,leave_N_out,735,2.782831,4.1162,4.11665712951
classic_current,B1,leave_N_out,736,2.782831,3.7324,3.73277583561
classic_current,B1,leave_N_out,737,2.782831,3.4164,3.41581933587
classic_current,B1,leave_N_out,738,2.782831,3.1558,3.15552634927
classic_current,B1,leave_N_out,739,2.782831,2.9476,2.94789178596
classic_current,B1,leave_N_out,740,2.782831,2.7702,2.77011485994
classic_current,B1,leave_N_out,741,2.782831,2.6811,2.68103369024
classic_current,B1,leave_N_out,742,2.782831,2.6238,2.62366495016
classic_current,B1,leave_N_out,743,2.782831,2.5824,2.58226290915
classic_current,B1,leave_N_out,744,2.782831,2.5504,2.55030191871
classic_current,B1,leave_N_out,745,2.782831,2.5246,2.52452255549
classic_current,B1,leave_N_out,746,2.782831,2.503,2.50307277083
classic_current,B1,leave_N_out,747,2.782831,2.4846,2.48480662567
classic_current,B1,leave_N_out,748,2.782831,2.469,2.46896232044
classic_current,B1,leave_N_out,749,2.782831,2.455,2.45503333591
classic_current,B1,leave_N_out,750,2.782831,2.4427,2.4426374483
classic_current,B1,leave_N_out,751,2.782831,2.4313,2.43149777463
classic_current,B1,leave_N_out,752,2.782831,2.4212,2.42140411255
classic_current,B1,leave_N_out,753,2.782831,2.4123,2.41219341379
classic_current,B1,leave_N_out,754,2.782831,2.4037,2.40373686159
classic_current,B1,leave_N_out,755,2.782831,2.396,2.39592747383
classic_current,B1,leave_N_out,756,2.782831,2.3887,2.38868850693
classic_current,B1,leave_N_out,757,2.782831,2.3819,2.38194675832
classic_current,B1,leave_N_out,758,2.782831,2.3757,2.37564448174
classic_current,B1,leave_N_out,759,2.782831,2.3697,2.36973311271
classic_current,B1,leave_N_out,760,2.782831,2.3642,2.36417145143
classic_current,B1,leave_N_out,761,2.782831,2.3589,2.35892426962
classic_current,B1,leave_N_out,762,2.782831,2.3539,2.35395892553
classic_current,B1,leave_N_out,763,2.782831,2.3492,2.34925384452
classic_current,B1,leave_N_out,764,2.782831,2.3448,2.34478366277
classic_current,B1,leave_N_out,765,2.782831,2.3405,2.34052827285
classic_current,B1,leave_N_out,766,2.782831,2.3366,2.33646995409
classic_current,B1,leave_N_out,767,2.782831,2.3325,2.33259301572
classic_current,B1,leave_N_out,768,2.782831,2.3288,2.32888177268
classic_current,B1,leave_N_out,769,2.782831,2.3253,2.32532729825
classic_current,B1,leave_N_out,770,2.782831,2.3221,2.32191661715
classic_current,B1,leave_N_out,771,2.782831,2.3186,2.31863968428
classic_current,B1,leave_N_out,772,2.782831,2.3156,2.31548743411
classic_current,B1,leave_N_out,773,2.782831,2.3123,2.31245165961
classic_current,B1,leave_N_out,774,2.782831,2.3095,2.30952490915
classic_current,B1,leave_N_out,775,2.782831,2.3068,2.30669907467
classic_current,B1,leave_N_out,776,2.782831,2.304,2.30397065444
classic_current,B1,leave_N_out,777,2.782831,2.3014,2.30133261045
classic_current,B1,leave_N_out,778,2.782831,2.2987,2.29877974443
classic_current,B1,leave_N_out,779,2.782831,2.2964,2.29630727766
classic_current,B1,leave_N_out,780,2.782831,2.2941,2.2939108079
classic_current,B1,leave_N_out,781,2.782831,2.2915,2.29158517957
classic_current,B1,leave_N_out,782,2.782831,2.2893,2.28932885008
classic_current,B1,leave_N_out,783,2.782831,2.2873,2.28713721217
classic_current,B1,leave_N_out,784,2.782831,2.2851,2.28500703419
classic_current,B1,leave_N_out,785,2.782831,2.2829,2.28293531174
classic_current,B1,leave_N_out,786,2.782831,2.2809,2.28091924729
classic_current,B1,leave_N_out,787,2.782831,2.2789,2.27895623196
classic_current,B1,leave_N_out,788,2.782831,2.2769,2.27704292898
classic_current,B1,leave_N_out,789,2.782831,2.2751,2.27517888273
classic_current,B1,leave_N_out,790,2.782831,2.2733,2.27336103548
classic_current,B1,leave_N_out,791,2.782831,2.2715,2.2715873863
classic_current,B1,leave_N_out,792,2.782831,2.2698,2.26985605663
classic_current,B1,leave_N_out,793,2.782831,2.2682,2.26816528066
classic_current,B1,leave_N_out,794,2.782831,2.2666,2.26651261797
classic_current,B1,leave_N_out,795,2.782831,2.2648,2.26489807794
classic_current,B1,leave_N_out,796,2.782831,2.2634,2.26331938733
classic_current,B1,leave_N_out,797,2.782831,2.2617,2.26177515237
classic_current,B1,leave_N_out,798,2.782831,2.2603,2.26026405591
classic_current,B1,leave_N_out,799,2.782831,2.2588,2.25878485207
classic_current,B1,leave_N_out,800,2.782831,2.2572,2.25733636124
classic_current,B1,leave_N_out,801,2.782831,2.2559,2.25591679587
classic_current,B1,leave_N_out,802,2.782831,2.2545,2.25452644856
classic_current,B1,leave_N_out,803,2.782831,2.2532,2.25316362933
classic_current,B1,leave_N_out,804,2.782831,2.2518,2.25182738205
classic_current,B1,leave_N_out,805,2.782831,2.2507,2.25051679768
classic_current,B1,leave_N_out,806,2.782831,2.2492,2.24923101124
classic_current,B1,leave_N_out,807,2.782831,2.2479,2.24796919908
classic_current,B1,leave_N_out,808,2.782831,2.2467,2.2467299911
classic_current,B1,leave_N_out,809,2.782831,2.2455,2.24551381992
classic_current,B1,leave_N_out,810,2.782831,2.2443,2.24431937527
classic_current,B1,leave_N_out,811,2.782831,2.2432,2.24314597528
classic_current,B1,leave_N_out,812,2.782831,2.2421,2.24199296841
classic_current,B1,leave_N_out,813,2.782831,2.2408,2.24085973179
classic_current,B1,leave_N_out,814,2.782831,2.2397,2.23974514275
classic_current,B1,leave_N_out,815,2.782831,2.2387,2.23864969321
classic_current,B1,leave_N_out,816,2.782831,2.2375,2.23757230111
classic_current,B1,leave_N_out,817,2.782831,2.2366,2.23651244297
classic_current,B1,leave_N_out,818,2.782831,2.2355,2.23546961684
classic_current,B1,leave_N_out,819,2.782831,2.2343,2.23444334123
classic_current,B1,leave_N_out,820,2.782831,2.2336,2.23343315394
classic_current,B1,leave_N_out,821,2.782831,2.2326,2.23243814055
classic_current,B1,leave_N_out,822,2.782831,2.2314,2.231458823
classic_current,B1,leave_N_out,823,2.782831,2.2305,2.23049431343
classic_current,B1,leave_N_out,824,2.782831,2.2296,2.22954421764
classic_current,B1,leave_N_out,825,2.782831,2.2286,2.22860815637
classic_current,B1,leave_N_out,826,2.782831,2.2277,2.22768576453
classic_current,B1,leave_N_out,827,2.782831,2.2269,2.22677626016
classic_current,B1,leave_N_out,828,2.782831,2.2259,2.22588017143
classic_current,B1,leave_N_out,829,2.782831,2.2249,2.22499673525
classic_current,B1,leave_N_out,830,2.782831,2.224,2.22412563685
classic_current,B1,leave_N_out,831,2.782831,2.2232,2.22326657261
classic_current,B1,leave_N_out,832,2.782831,2.2224,2.22241924954
classic_current,B1,leave_N_out,833,2.782831,2.2217,2.22158338481
classic_current,B1,leave_N_out,834,2.782831,2.2207,2.22075831465
classic_current,B1,leave_N_out,835,2.782831,2.22,2.21994456162
classic_current,B1,leave_N_out,836,2.782831,2.2191,2.21914147482
classic_current,B1,leave_N_out,837,2.782831,2.2184,2.21834880772
classic_current,B1,leave_N_out,838,2.782831,2.2178,2.21756632192
classic_current,B1,leave_N_out,839,2.782831,2.2168,2.2167937868
classic_current,B1,leave_N_out,840,2.782831,2.216,2.21603061767
classic_current,B1,leave_N_out,841,2.782831,2.2154,2.21527732592
classic_current,B1,leave_N_out,842,2.782831,2.2146,2.21453333627
classic_current,B1,leave_N_out,843,2.782831,2.214,2.21379844605
classic_current,B1,leave_N_out,844,2.782831,2.2131,2.2130724589
classic_current,B1,leave_N_out,845,2.782831,2.2123,2.21235518447
classic_current,B1,leave_N_out,846,2.782831,2.2117,2.21164643825
classic_current,B1,leave_N_out,847,2.782831,2.211,2.21094570923
classic_current,B1,leave_N_out,848,2.782831,2.2103,2.21025349174
classic_current,B1,leave_N_out,849,2.782831,2.2096,2.20956928134
classic_current,B1,leave_N_out,850,2.782831,2.209,2.20889291452
classic_current,B1,leave_N_out,851,2.782831,2.2083,2.20822423254
classic_current,B1,leave_N_out,852,2.782831,2.2077,2.20756308122
classic_current,B1,leave_N_out,853,2.782831,2.207,2.20690931081
classic_current,B1,leave_N_out,854,2.782831,2.2063,2.20626246919
classic_current,B1,leave_N_out,855,2.782831,2.2056,2.20562303152
classic_current,B1,leave_N_out,856,2.782831,2.2051,2.20499055029
classic_current,B1,leave_N_out,857,2.782831,2.2043,2.20436489182
classic_current,B1,leave_N_out,858,2.782831,2.2038,2.20374592612
classic_current,B1,leave_N_out,859,2.782831,2.2031,2.2031335267
classic_current,B1,leave_N_out,860,2.782831,2.2025,2.20252728306
classic_current,B1,leave_N_out,861,2.782831,2.202,2.20192765331
classic_current,B1,leave_N_out,862,2.782831,2.2014,2.20133423035
classic_current,B1,leave_N_out,863,2.782831,2.2008,2.20074690066
classic_current,B1,leave_N_out,864,2.782831,2.2001,2.20016555368
classic_current,B1,leave_N_out,865,2.782831,2.1997,2.19959008171
classic_current,B1,leave_N_out,866,2.782831,2.1991,2.19902037981
classic_current,B1,leave_N_out,867,2.782831,2.1986,2.1984560781
classic_current,B1,leave_N_out,868,2.782831,2.1979,2.19789761481
classic_current,B1,leave_N_out,869,2.782831,2.1974,2.19734462245
classic_current,B1,leave_N_out,870,2.782831,2.1968,2.19679700628
classic_current,B1,leave_N_out,871,2.782831,2.1964,2.1962546739
classic_current,B1,leave_N_out,872,2.782831,2.1957,2.19571753516
classic_current,B1,leave_N_out,873,2.782831,2.1952,2.19518524964
classic_current,B1,leave_N_out,874,2.782831,2.1947,2.19465823889
classic_current,B1,leave_N_out,875,2.782831,2.1942,2.19413616424
classic_current,B1,leave_N_out,876,2.782831,2.1936,2.19361894394
classic_current,B1,leave_N_out,877,2.782831,2.1931,2.19310649817
classic_current,B1,leave_N_out,878,2.782831,2.1927,2.19259874897
classic_current,B1,leave_N_out,879,2.782831,2.192,2.19209562021
classic_current,B1,leave_N_out,880,2.782831,2.1916,2.19159680085
classic_current,B1,leave_N_out,881,2.782831,2.1911,2.19110269371
generalized_ND_new,B1,leave_N_out,735,2.782831,4.1162,4.11666340206
generalized_ND_new,B1,leave_N_out,736,2.782831,3.7324,3.73278193263
generalized_ND_new,B1,leave_N_out,737,2.782831,3.4164,3.41582483065
generalized_ND_new,B1,leave_N_out,738,2.782831,3.1558,3.15553101204
generalized_ND_new,B1,leave_N_out,739,2.782831,2.9476,2.94789555453
generalized_ND_new,B1,leave_N_out,740,2.782831,2.7702,2.77011769882
generalized_ND_new,B1,leave_N_out,741,2.782831,2.6811,2.68103600893
generalized_ND_new,B1,leave_N_out,742,2.782831,2.6238,2.62366691638
generalized_ND_new,B1,leave_N_out,743,2.782831,2.5824,2.58226461337
generalized_ND_new,B1,leave_N_out,744,2.782831,2.5504,2.5503034168
generalized_ND_new,B1,leave_N_out,745,2.782831,2.5246,2.52452388515
generalized_ND_new,B1,leave_N_out,746,2.782831,2.503,2.50307395908
generalized_ND_new,B1,leave_N_out,747,2.782831,2.4846,2.48480769274
generalized_ND_new,B1,leave_N_out,748,2.782831,2.469,2.46896328191
generalized_ND_new,B1,leave_N_out,749,2.782831,2.455,2.45503420425
generalized_ND_new,B1,leave_N_out,750,2.782831,2.4427,2.44263823359
generalized_ND_new,B1,leave_N_out,751,2.782831,2.4313,2.4314984852
generalized_ND_new,B1,leave_N_out,752,2.782831,2.4212,2.42140475537
generalized_ND_new,B1,leave_N_out,753,2.782831,2.4123,2.41219399478
generalized_ND_new,B1,leave_N_out,754,2.782831,2.4037,2.40373738583
generalized_ND_new,B1,leave_N_out,755,2.782831,2.396,2.3959279457
generalized_ND_new,B1,leave_N_out,756,2.782831,2.3887,2.38868893029
generalized_ND_new,B1,leave_N_out,757,2.782831,2.3819,2.38194713657
generalized_ND_new,B1,leave_N_out,758,2.782831,2.3757,2.37564481787
generalized_ND_new,B1,leave_N_out,759,2.782831,2.3697,2.3697334094
generalized_ND_new,B1,leave_N_out,760,2.782831,2.3642,2.36417171107
generalized_ND_new,B1,leave_N_out,761,2.782831,2.3589,2.35892449437
generalized_ND_new,B1,leave_N_out,762,2.782831,2.3539,2.35395911732
generalized_ND_new,B1,leave_N_out,763,2.782831,2.3492,2.34925400515
generalized_ND_new,B1,leave_N_out,764,2.782831,2.3448,2.34478379385
generalized_ND_new,B1,leave_N_out,765,2.782831,2.3405,2.34052837587
generalized_ND_new,B1,leave_N_out,766,2.782831,2.3366,2.33647003039
generalized_ND_new,B1,leave_N_out,767,2.782831,2.3325,2.33259306657
generalized_ND_new,B1,leave_N_out,768,2.782831,2.3288,2.32888179921
generalized_ND_new,B1,leave_N_out,769,2.782831,2.3253,2.32532730155
generalized_ND_new,B1,leave_N_out,770,2.782831,2.3221,2.32191659821
generalized_ND_new,B1,leave_N_out,771,2.782831,2.3186,2.31863964402
generalized_ND_new,B1,leave_N_out,772,2.782831,2.3156,2.3154873734
generalized_ND_new,B1,leave_N_out,773,2.782831,2.3123,2.31245157925
generalized_ND_new,B1,leave_N_out,774,2.782831,2.3095,2.30952480988
generalized_ND_new,B1,leave_N_out,775,2.782831,2.3068,2.3066989572
generalized_ND_new,B1,leave_N_out,776,2.782831,2.304,2.30397051944
generalized_ND_new,B1,leave_N_out,777,2.782831,2.3014,2.30133245854
generalized_ND_new,B1,leave_N_out,778,2.782831,2.2987,2.2987795762
generalized_ND_new,B1,leave_N_out,779,2.782831,2.2964,2.29630709366
generalized_ND_new,B1,leave_N_out,780,2.782831,2.2941,2.29391060866
generalized_ND_new,B1,leave_N_out,781,2.782831,2.2915,2.29158496557
generalized_ND_new,B1,leave_N_out,782,2.782831,2.2893,2.28932862179
generalized_ND_new,B1,leave_N_out,783,2.782831,2.2873,2.28713697004
generalized_ND_new,B1,leave_N_out,784,2.782831,2.2851,2.28500677865
generalized_ND_new,B1,leave_N_out,785,2.782831,2.2829,2.28293504318
generalized_ND_new,B1,leave_N_out,786,2.782831,2.2809,2.2809189661
generalized_ND_new,B1,leave_N_out,787,2.782831,2.2789,2.2789559385
generalized_ND_new,B1,leave_N_out,788,2.782831,2.2769,2.2770426236
generalized_ND_new,B1,leave_N_out,789,2.782831,2.2751,2.27517856575
generalized_ND_new,B1,leave_N_out,790,2.782831,2.2733,2.27336070722
generalized_ND_new,B1,leave_N_out,791,2.782831,2.2715,2.27158704707
generalized_ND_new,B1,leave_N_out,792,2.782831,2.2698,2.26985570671
generalized_ND_new,B1,leave_N_out,793,2.782831,2.2682,2.26816492033
generalized_ND_new,B1,leave_N_out,794,2.782831,2.2666,2.26651224749
generalized_ND_new,B1,leave_N_out,795,2.782831,2.2648,2.26489769757
generalized_ND_new,B1,leave_N_out,796,2.782831,2.2634,2.26331899731
generalized_ND_new,B1,leave_N_out,797,2.782831,2.2617,2.26177475293
generalized_ND_new,B1,leave_N_out,798,2.782831,2.2603,2.26026364729
generalized_ND_new,B1,leave_N_out,799,2.782831,2.2588,2.25878443447
generalized_ND_new,B1,leave_N_out,800,2.782831,2.2572,2.25733593488
generalized_ND_new,B1,leave_N_out,801,2.782831,2.2559,2.25591636094
generalized_ND_new,B1,leave_N_out,802,2.782831,2.2545,2.25452600526
generalized_ND_new,B1,leave_N_out,803,2.782831,2.2532,2.25316317784
generalized_ND_new,B1,leave_N_out,804,2.782831,2.2518,2.25182692256
generalized_ND_new,B1,leave_N_out,805,2.782831,2.2507,2.25051633036
generalized_ND_new,B1,leave_N_out,806,2.782831,2.2492,2.24923053625
generalized_ND_new,B1,leave_N_out,807,2.782831,2.2479,2.24796871658
generalized_ND_new,B1,leave_N_out,808,2.782831,2.2467,2.24672950125
generalized_ND_new,B1,leave_N_out,809,2.782831,2.2455,2.24551332287
generalized_ND_new,B1,leave_N_out,810,2.782831,2.2443,2.24431887117
generalized_ND_new,B1,leave_N_out,811,2.782831,2.2432,2.24314546426
generalized_ND_new,B1,leave_N_out,812,2.782831,2.2421,2.24199245062
generalized_ND_new,B1,leave_N_out,813,2.782831,2.2408,2.24085920735
generalized_ND_new,B1,leave_N_out,814,2.782831,2.2397,2.23974461179
generalized_ND_new,B1,leave_N_out,815,2.782831,2.2387,2.23864915586
generalized_ND_new,B1,leave_N_out,816,2.782831,2.2375,2.23757175749
generalized_ND_new,B1,leave_N_out,817,2.782831,2.2366,2.23651189319
generalized_ND_new,B1,leave_N_out,818,2.782831,2.2355,2.23546906103
generalized_ND_new,B1,leave_N_out,819,2.782831,2.2343,2.23444277948
generalized_ND_new,B1,leave_N_out,820,2.782831,2.2336,2.23343258636
generalized_ND_new,B1,leave_N_out,821,2.782831,2.2326,2.23243756725
generalized_ND_new,B1,leave_N_out,822,2.782831,2.2314,2.23145824408
generalized_ND_new,B1,leave_N_out,823,2.782831,2.2305,2.23049372898
generalized_ND_new,B1,leave_N_out,824,2.782831,2.2296,2.22954362777
generalized_ND_new,B1,leave_N_out,825,2.782831,2.2286,2.22860756116
generalized_ND_new,B1,leave_N_out,826,2.782831,2.2277,2.22768516408
generalized_ND_new,B1,leave_N_out,827,2.782831,2.2269,2.22677565454
generalized_ND_new,B1,leave_N_out,828,2.782831,2.2259,2.22587956075
generalized_ND_new,B1,leave_N_out,829,2.782831,2.2249,2.22499611957
generalized_ND_new,B1,leave_N_out,830,2.782831,2.224,2.22412501626
generalized_ND_new,B1,leave_N_out,831,2.782831,2.2232,2.22326594719
generalized_ND_new,B1,leave_N_out,832,2.782831,2.2224,2.22241861937
generalized_ND_new,B1,leave_N_out,833,2.782831,2.2217,2.22158274997
generalized_ND_new,B1,leave_N_out,834,2.782831,2.2207,2.2207576752
generalized_ND_new,B1,leave_N_out,835,2.782831,2.22,2.21994391764
generalized_ND_new,B1,leave_N_out,836,2.782831,2.2191,2.21914082637
generalized_ND_new,B1,leave_N_out,837,2.782831,2.2184,2.21834815487
generalized_ND_new,B1,leave_N_out,838,2.782831,2.2178,2.21756566475
generalized_ND_new,B1,leave_N_out,839,2.782831,2.2168,2.21679312536
generalized_ND_new,B1,leave_N_out,840,2.782831,2.216,2.21602995203
generalized_ND_new,B1,leave_N_out,841,2.782831,2.2154,2.21527665614
generalized_ND_new,B1,leave_N_out,842,2.782831,2.2146,2.21453266241
generalized_ND_new,B1,leave_N_out,843,2.782831,2.214,2.21379776817
generalized_ND_new,B1,leave_N_out,844,2.782831,2.2131,2.21307177705
generalized_ND_new,B1,leave_N_out,845,2.782831,2.2123,2.21235449871
generalized_ND_new,B1,leave_N_out,846,2.782831,2.2117,2.21164574864
generalized_ND_new,B1,leave_N_out,847,2.782831,2.211,2.21094501582
generalized_ND_new,B1,leave_N_out,848,2.782831,2.2103,2.21025279458
generalized_ND_new,B1,leave_N_out,849,2.782831,2.2096,2.20956858048
generalized_ND_new,B1,leave_N_out,850,2.782831,2.209,2.20889221002
generalized_ND_new,B1,leave_N_out,851,2.782831,2.2083,2.20822352444
generalized_ND_new,B1,leave_N_out,852,2.782831,2.2077,2.20756236958
generalized_ND_new,B1,leave_N_out,853,2.782831,2.207,2.20690859567
generalized_ND_new,B1,leave_N_out,854,2.782831,2.2063,2.20626175059
generalized_ND_new,B1,leave_N_out,855,2.782831,2.2056,2.20562230951
generalized_ND_new,B1,leave_N_out,856,2.782831,2.2051,2.20498982491
generalized_ND_new,B1,leave_N_out,857,2.782831,2.2043,2.20436416313
generalized_ND_new,B1,leave_N_out,858,2.782831,2.2038,2.20374519415
generalized_ND_new,B1,leave_N_out,859,2.782831,2.2031,2.20313279149
generalized_ND_new,B1,leave_N_out,860,2.782831,2.2025,2.20252654466
generalized_ND_new,B1,leave_N_out,861,2.782831,2.202,2.20192691174
generalized_ND_new,B1,leave_N_out,862,2.782831,2.2014,2.20133348567
generalized_ND_new,B1,leave_N_out,863,2.782831,2.2008,2.2007461529
generalized_ND_new,B1,leave_N_out,864,2.782831,2.2001,2.20016480288
generalized_ND_new,B1,leave_N_out,865,2.782831,2.1997,2.19958932791
generalized_ND_new,B1,leave_N_out,866,2.782831,2.1991,2.19901962304
generalized_ND_new,B1,leave_N_out,867,2.782831,2.1986,2.1984553184
generalized_ND_new,B1,leave_N_out,868,2.782831,2.1979,2.19789685221
generalized_ND_new,B1,leave_N_out,869,2.782831,2.1974,2.19734385699
generalized_ND_new,B1,leave_N_out,870,2.782831,2.1968,2.19679623799
generalized_ND_new,B1,leave_N_out,871,2.782831,2.1964,2.19625390281
generalized_ND_new,B1,leave_N_out,872,2.782831,2.1957,2.19571676132
generalized_ND_new,B1,leave_N_out,873,2.782831,2.1952,2.19518447306
generalized_ND_new,B1,leave_N_out,874,2.782831,2.1947,2.19465745961
generalized_ND_new,B1,leave_N_out,875,2.782831,2.1942,2.1941353823
generalized_ND_new,B1,leave_N_out,876,2.782831,2.1936,2.19361815936
generalized_ND_new,B1,leave_N_out,877,2.782831,2.1931,2.19310571098
generalized_ND_new,B1,leave_N_out,878,2.782831,2.1927,2.1925979592
generalized_ND_new,B1,leave_N_out,879,2.782831,2.192,2.19209482789
generalized_ND_new,B1,leave_N_out,880,2.782831,2.1916,2.19159600601
generalized_ND_new,B1,leave_N_out,881,2.782831,2.1911,2.19110189637
classic_current,B1,leave_N_out,882,6.86104,4.0512,4.05059041562
classic_current,B1,leave_N_out,883,6.86104,3.6658,3.66672694519
classic_current,B1,leave_N_out,884,6.86104,3.3494,3.34978216494
classic_current,B1,leave_N_out,885,6.86104,3.0899,3.08949634131
classic_current,B1,leave_N_out,886,6.86104,2.8818,2.88186556303
classic_current,B1,leave_N_out,887,6.86104,2.7039,2.70409022997
classic_current,B1,leave_N_out,888,6.86104,2.6151,2.61500918291
classic_current,B1,leave_N_out,889,6.86104,2.5577,2.55764024941
classic_current,B1,leave_N_out,890,6.86104,2.5161,2.51623792429
classic_current,B1,leave_N_out,891,6.86104,2.4841,2.48427662609
classic_current,B1,leave_N_out,892,6.86104,2.4586,2.45849695547
classic_current,B1,leave_N_out,893,6.86104,2.4371,2.43704687297
classic_current,B1,leave_N_out,894,6.86104,2.4187,2.41878044289
classic_current,B1,leave_N_out,895,6.86104,2.4032,2.40293586642
classic_current,B1,leave_N_out,896,6.86104,2.3889,2.38900662437
classic_current,B1,leave_N_out,897,6.86104,2.3764,2.37661049219
classic_current,B1,leave_N_out,898,6.86104,2.3654,2.36547058606
classic_current,B1,leave_N_out,899,6.86104,2.3553,2.35537670274
classic_current,B1,leave_N_out,900,6.86104,2.3462,2.34616579312
classic_current,B1,leave_N_out,901,6.86104,2.3377,2.33770903964
classic_current,B1,leave_N_out,902,6.86104,2.3299,2.32989945933
classic_current,B1,leave_N_out,903,6.86104,2.3225,2.32266030813
classic_current,B1,leave_N_out,904,6.86104,2.3161,2.31591838278
classic_current,B1,leave_N_out,905,6.86104,2.3096,2.30961593645
classic_current,B1,leave_N_out,906,6.86104,2.3038,2.30370440418
classic_current,B1,leave_N_out,907,6.86104,2.2982,2.29814258571
classic_current,B1,leave_N_out,908,6.86104,2.2929,2.29289525233
classic_current,B1,leave_N_out,909,6.86104,2.288,2.28792976187
classic_current,B1,leave_N_out,910,6.86104,2.2832,2.2832245395
classic_current,B1,leave_N_out,911,6.86104,2.2788,2.278754221
classic_current,B1,leave_N_out,912,6.86104,2.2746,2.27449869868
classic_current,B1,leave_N_out,913,6.86104,2.2704,2.27044025159
classic_current,B1,leave_N_out,914,6.86104,2.2666,2.26656318874
classic_current,B1,leave_N_out,915,6.86104,2.2628,2.2628518248
classic_current,B1,leave_N_out,916,6.86104,2.2594,2.25929723296
classic_current,B1,leave_N_out,917,6.86104,2.2558,2.2558864377
classic_current,B1,leave_N_out,918,6.86104,2.2528,2.25260939375
classic_current,B1,leave_N_out,919,6.86104,2.2494,2.24945703543
classic_current,B1,leave_N_out,920,6.86104,2.2463,2.24642115556
classic_current,B1,leave_N_out,921,6.86104,2.2435,2.24349430237
classic_current,B1,leave_N_out,922,6.86104,2.2406,2.24066836764
classic_current,B1,leave_N_out,923,6.86104,2.238,2.2379398496
classic_current,B1,leave_N_out,924,6.86104,2.2352,2.2353017101
classic_current,B1,leave_N_out,925,6.86104,2.2327,2.23274875076
classic_current,B1,leave_N_out,926,6.86104,2.2301,2.23027619277
classic_current,B1,leave_N_out,927,6.86104,2.2278,2.2278796338
classic_current,B1,leave_N_out,928,6.86104,2.2253,2.22555391814
classic_current,B1,leave_N_out,929,6.86104,2.2231,2.22329750319
classic_current,B1,leave_N_out,930,6.86104,2.2212,2.22110578161
classic_current,B1,leave_N_out,931,6.86104,2.219,2.21897552165
classic_current,B1,leave_N_out,932,6.86104,2.2169,2.21690371887
classic_current,B1,leave_N_out,933,6.86104,2.2148,2.21488757566
classic_current,B1,leave_N_out,934,6.86104,2.2129,2.21292448308
classic_current,B1,leave_N_out,935,6.86104,2.211,2.21101110428
classic_current,B1,leave_N_out,936,6.86104,2.209,2.20914698365
classic_current,B1,leave_N_out,937,6.86104,2.2074,2.20732906337
classic_current,B1,leave_N_out,938,6.86104,2.2056,2.20555534249
classic_current,B1,leave_N_out,939,6.86104,2.2038,2.20382394237
classic_current,B1,leave_N_out,940,6.86104,2.2021,2.20213309718
classic_current,B1,leave_N_out,941,6.86104,2.2005,2.20048036641
classic_current,B1,leave_N_out,942,6.86104,2.1987,2.19886575949
classic_current,B1,leave_N_out,943,6.86104,2.1973,2.1972870031
classic_current,B1,leave_N_out,944,6.86104,2.1957,2.19574270342
classic_current,B1,leave_N_out,945,6.86104,2.1941,2.19423154329
classic_current,B1,leave_N_out,946,6.86104,2.1927,2.19275227678
classic_current,B1,leave_N_out,947,6.86104,2.1914,2.19130372427
classic_current,B1,leave_N_out,948,6.86104,2.1899,2.18988409813
classic_current,B1,leave_N_out,949,6.86104,2.1884,2.188493691
classic_current,B1,leave_N_out,950,6.86104,2.1872,2.18713081285
classic_current,B1,leave_N_out,951,6.86104,2.1859,2.18579450752
classic_current,B1,leave_N_out,952,6.86104,2.1845,2.18448386594
classic_current,B1,leave_N_out,953,6.86104,2.1832,2.18319802311
classic_current,B1,leave_N_out,954,6.86104,2.1819,2.18193615536
classic_current,B1,leave_N_out,955,6.86104,2.1807,2.18069689254
classic_current,B1,leave_N_out,956,6.86104,2.1795,2.1794806673
classic_current,B1,leave_N_out,957,6.86104,2.1783,2.17828616933
classic_current,B1,leave_N_out,958,6.86104,2.1772,2.17711271674
classic_current,B1,leave_N_out,959,6.86104,2.176,2.17595965797
classic_current,B1,leave_N_out,960,6.86104,2.1748,2.17482637012
classic_current,B1,leave_N_out,961,6.86104,2.1738,2.1737117305
classic_current,B1,leave_N_out,962,6.86104,2.1726,2.17261623105
classic_current,B1,leave_N_out,963,6.86104,2.1717,2.17153878967
classic_current,B1,leave_N_out,964,6.86104,2.1704,2.17047888287
classic_current,B1,leave_N_out,965,6.86104,2.1696,2.16943600869
classic_current,B1,leave_N_out,966,6.86104,2.1684,2.1684096856
classic_current,B1,leave_N_out,967,6.86104,2.1673,2.16739945141
classic_current,B1,leave_N_out,968,6.86104,2.1664,2.16640439167
classic_current,B1,leave_N_out,969,6.86104,2.1654,2.16542502833
classic_current,B1,leave_N_out,970,6.86104,2.1645,2.16446047351
classic_current,B1,leave_N_out,971,6.86104,2.1635,2.163510333
classic_current,B1,leave_N_out,972,6.86104,2.1625,2.16257422751
classic_current,B1,leave_N_out,973,6.86104,2.1616,2.16165179195
classic_current,B1,leave_N_out,974,6.86104,2.1609,2.16074224434
classic_current,B1,leave_N_out,975,6.86104,2.16,2.15984611287
classic_current,B1,leave_N_out,976,6.86104,2.159,2.15896263441
classic_current,B1,leave_N_out,977,6.86104,2.1581,2.1580914942
classic_current,B1,leave_N_out,978,6.86104,2.1572,2.15723238859
classic_current,B1,leave_N_out,979,6.86104,2.1564,2.1563850246
classic_current,B1,leave_N_out,980,6.86104,2.1555,2.15554911939
classic_current,B1,leave_N_out,981,6.86104,2.1547,2.15472400914
classic_current,B1,leave_N_out,982,6.86104,2.1538,2.15391021646
classic_current,B1,leave_N_out,983,6.86104,2.1531,2.15310709041
classic_current,B1,leave_N_out,984,6.86104,2.1524,2.15231438447
classic_current,B1,leave_N_out,985,6.86104,2.1515,2.15153186022
classic_current,B1,leave_N_out,986,6.86104,2.1509,2.15075928703
classic_current,B1,leave_N_out,987,6.86104,2.1499,2.14999608019
classic_current,B1,leave_N_out,988,6.86104,2.1491,2.14924275112
classic_current,B1,leave_N_out,989,6.86104,2.1485,2.14849872451
classic_current,B1,leave_N_out,990,6.86104,2.1478,2.14776379768
classic_current,B1,leave_N_out,991,6.86104,2.1472,2.14703777427
classic_current,B1,leave_N_out,992,6.86104,2.1463,2.14632046393
classic_current,B1,leave_N_out,993,6.86104,2.1457,2.14561168213
classic_current,B1,leave_N_out,994,6.86104,2.1449,2.14491091785
classic_current,B1,leave_N_out,995,6.86104,2.1442,2.14421866544
classic_current,B1,leave_N_out,996,6.86104,2.1436,2.14353442044
classic_current,B1,leave_N_out,997,6.86104,2.1429,2.14285801933
classic_current,B1,leave_N_out,998,6.86104,2.1421,2.14218930337
classic_current,B1,leave_N_out,999,6.86104,2.1416,2.14152811838
classic_current,B1,leave_N_out,1000,6.86104,2.141,2.14087431459
classic_current,B1,leave_N_out,1001,6.86104,2.1402,2.14022743987
classic_current,B1,leave_N_out,1002,6.86104,2.1396,2.1395879694
classic_current,B1,leave_N_out,1003,6.86104,2.139,2.13895545565
classic_current,B1,leave_N_out,1004,6.86104,2.1384,2.13832976495
classic_current,B1,leave_N_out,1005,6.86104,2.1377,2.13771076729
classic_current,B1,leave_N_out,1006,6.86104,2.1371,2.13709833618
classic_current,B1,leave_N_out,1007,6.86104,2.1365,2.1364920611
classic_current,B1,leave_N_out,1008,6.86104,2.136,2.13589240017
classic_current,B1,leave_N_out,1009,6.86104,2.1353,2.1352989463
classic_current,B1,leave_N_out,1010,6.86104,2.1347,2.13471158596
classic_current,B1,leave_N_out,1011,6.86104,2.1342,2.13413020857
classic_current,B1,leave_N_out,1012,6.86104,2.1334,2.13355470644
classic_current,B1,leave_N_out,1013,6.86104,2.1331,2.13298497462
classic_current,B1,leave_N_out,1014,6.86104,2.1323,2.13242064321
classic_current,B1,leave_N_out,1015,6.86104,2.1318,2.13186215047
classic_current,B1,leave_N_out,1016,6.86104,2.1312,2.13130912889
classic_current,B1,leave_N_out,1017,6.86104,2.1307,2.13076148373
classic_current,B1,leave_N_out,1018,6.86104,2.1303,2.13021912258
classic_current,B1,leave_N_out,1019,6.86104,2.1297,2.1296819553
classic_current,B1,leave_N_out,1020,6.86104,2.1292,2.12914964143
classic_current,B1,leave_N_out,1021,6.86104,2.1286,2.12862260256
classic_current,B1,leave_N_out,1022,6.86104,2.1281,2.12810050001
classic_current,B1,leave_N_out,1023,6.86104,2.1276,2.12758325202
classic_current,B1,leave_N_out,1024,6.86104,2.127,2.12707077875
classic_current,B1,leave_N_out,1025,6.86104,2.1266,2.12656300226
classic_current,B1,leave_N_out,1026,6.86104,2.126,2.12605984642
classic_current,B1,leave_N_out,1027,6.86104,2.1255,2.12556100015
classic_current,B1,leave_N_out,1028,6.86104,2.125,2.12506686631
generalized_ND_new,B1,leave_N_out,882,6.86104,4.0512,4.05060860264
generalized_ND_new,B1,leave_N_out,883,6.86104,3.6658,3.66674403134
generalized_ND_new,B1,leave_N_out,884,6.86104,3.3494,3.34979737116
generalized_ND_new,B1,leave_N_out,885,6.86104,3.0899,3.08950926107
generalized_ND_new,B1,leave_N_out,886,6.86104,2.8818,2.8818761264
generalized_ND_new,B1,leave_N_out,887,6.86104,2.7039,2.70409836949
generalized_ND_new,B1,leave_N_out,888,6.86104,2.6151,2.61501596072
generalized_ND_new,B1,leave_N_out,889,6.86104,2.5577,2.55764609771
generalized_ND_new,B1,leave_N_out,890,6.86104,2.5161,2.51624307641
generalized_ND_new,B1,leave_N_out,891,6.86104,2.4841,2.48428122651
generalized_ND_new,B1,leave_N_out,892,6.86104,2.4586,2.458501102
generalized_ND_new,B1,leave_N_out,893,6.86104,2.4371,2.43705063594
generalized_ND_new,B1,leave_N_out,894,6.86104,2.4187,2.41878387513
generalized_ND_new,B1,leave_N_out,895,6.86104,2.4032,2.40293900879
generalized_ND_new,B1,leave_N_out,896,6.86104,2.3889,2.3890095097
generalized_ND_new,B1,leave_N_out,897,6.86104,2.3764,2.37661314708
generalized_ND_new,B1,leave_N_out,898,6.86104,2.3654,2.36547303253
generalized_ND_new,B1,leave_N_out,899,6.86104,2.3553,2.35537895934
generalized_ND_new,B1,leave_N_out,900,6.86104,2.3462,2.34616787561
generalized_ND_new,B1,leave_N_out,901,6.86104,2.3377,2.33771096159
generalized_ND_new,B1,leave_N_out,902,6.86104,2.3299,2.32990123248
generalized_ND_new,B1,leave_N_out,903,6.86104,2.3225,2.32266194289
generalized_ND_new,B1,leave_N_out,904,6.86104,2.3161,2.31591988827
generalized_ND_new,B1,leave_N_out,905,6.86104,2.3096,2.30961732078
generalized_ND_new,B1,leave_N_out,906,6.86104,2.3038,2.30370567459
generalized_ND_new,B1,leave_N_out,907,6.86104,2.2982,2.29814374869
generalized_ND_new,B1,leave_N_out,908,6.86104,2.2929,2.29289631378
generalized_ND_new,B1,leave_N_out,909,6.86104,2.288,2.28793072707
generalized_ND_new,B1,leave_N_out,910,6.86104,2.2832,2.28322541335
generalized_ND_new,B1,leave_N_out,911,6.86104,2.2788,2.27875500794
generalized_ND_new,B1,leave_N_out,912,6.86104,2.2746,2.27449940278
generalized_ND_new,B1,leave_N_out,913,6.86104,2.2704,2.27044087659
generalized_ND_new,B1,leave_N_out,914,6.86104,2.2666,2.26656373811
generalized_ND_new,B1,leave_N_out,915,6.86104,2.2628,2.26285230169
generalized_ND_new,B1,leave_N_out,916,6.86104,2.2594,2.25929764038
generalized_ND_new,B1,leave_N_out,917,6.86104,2.2558,2.2558867784
generalized_ND_new,B1,leave_N_out,918,6.86104,2.2528,2.25260967031
generalized_ND_new,B1,leave_N_out,919,6.86104,2.2494,2.24945725024
generalized_ND_new,B1,leave_N_out,920,6.86104,2.2463,2.24642131088
generalized_ND_new,B1,leave_N_out,921,6.86104,2.2435,2.2434944003
generalized_ND_new,B1,leave_N_out,922,6.86104,2.2406,2.24066841014
generalized_ND_new,B1,leave_N_out,923,6.86104,2.238,2.23793983857
generalized_ND_new,B1,leave_N_out,924,6.86104,2.2352,2.23530164728
generalized_ND_new,B1,leave_N_out,925,6.86104,2.2327,2.23274863781
generalized_ND_new,B1,leave_N_out,926,6.86104,2.2301,2.23027603126
generalized_ND_new,B1,leave_N_out,927,6.86104,2.2278,2.22787942521
generalized_ND_new,B1,leave_N_out,928,6.86104,2.2253,2.22555366386
generalized_ND_new,B1,leave_N_out,929,6.86104,2.2231,2.22329720458
generalized_ND_new,B1,leave_N_out,930,6.86104,2.2212,2.22110543992
generalized_ND_new,B1,leave_N_out,931,6.86104,2.219,2.2189751381
generalized_ND_new,B1,leave_N_out,932,6.86104,2.2169,2.21690329459
generalized_ND_new,B1,leave_N_out,933,6.86104,2.2148,2.21488711176
generalized_ND_new,B1,leave_N_out,934,6.86104,2.2129,2.2129239806
generalized_ND_new,B1,leave_N_out,935,6.86104,2.211,2.21101056419
generalized_ND_new,B1,leave_N_out,936,6.86104,2.209,2.20914640692
generalized_ND_new,B1,leave_N_out,937,6.86104,2.2074,2.20732845092
generalized_ND_new,B1,leave_N_out,938,6.86104,2.2056,2.20555469518
generalized_ND_new,B1,leave_N_out,939,6.86104,2.2038,2.20382326104
generalized_ND_new,B1,leave_N_out,940,6.86104,2.2021,2.20213238263
generalized_ND_new,B1,leave_N_out,941,6.86104,2.2005,2.2004796194
generalized_ND_new,B1,leave_N_out,942,6.86104,2.1987,2.19886498077
generalized_ND_new,B1,leave_N_out,943,6.86104,2.1973,2.19728619338
generalized_ND_new,B1,leave_N_out,944,6.86104,2.1957,2.19574186338
generalized_ND_new,B1,leave_N_out,945,6.86104,2.1941,2.19423067359
generalized_ND_new,B1,leave_N_out,946,6.86104,2.1927,2.19275137805
generalized_ND_new,B1,leave_N_out,947,6.86104,2.1914,2.19130279712
generalized_ND_new,B1,leave_N_out,948,6.86104,2.1899,2.18988314312
generalized_ND_new,B1,leave_N_out,949,6.86104,2.1884,2.18849270873
generalized_ND_new,B1,leave_N_out,950,6.86104,2.1872,2.18712980386
generalized_ND_new,B1,leave_N_out,951,6.86104,2.1859,2.18579347233
generalized_ND_new,B1,leave_N_out,952,6.86104,2.1845,2.18448280507
generalized_ND_new,B1,leave_N_out,953,6.86104,2.1832,2.18319693705
generalized_ND_new,B1,leave_N_out,954,6.86104,2.1819,2.18193504459
generalized_ND_new,B1,leave_N_out,955,6.86104,2.1807,2.18069575751
generalized_ND_new,B1,leave_N_out,956,6.86104,2.1795,2.17947950846
generalized_ND_new,B1,leave_N_out,957,6.86104,2.1783,2.17828498713
generalized_ND_new,B1,leave_N_out,958,6.86104,2.1772,2.17711151158
generalized_ND_new,B1,leave_N_out,959,6.86104,2.176,2.17595843026
generalized_ND_new,B1,leave_N_out,960,6.86104,2.1748,2.17482512026
generalized_ND_new,B1,leave_N_out,961,6.86104,2.1738,2.17371045886
generalized_ND_new,B1,leave_N_out,962,6.86104,2.1726,2.17261493801
generalized_ND_new,B1,leave_N_out,963,6.86104,2.1717,2.1715374756
generalized_ND_new,B1,leave_N_out,964,6.86104,2.1704,2.1704775481
generalized_ND_new,B1,leave_N_out,965,6.86104,2.1696,2.16943465357
generalized_ND_new,B1,leave_N_out,966,6.86104,2.1684,2.16840831047
generalized_ND_new,B1,leave_N_out,967,6.86104,2.1673,2.16739805659
generalized_ND_new,B1,leave_N_out,968,6.86104,2.1664,2.16640297744
generalized_ND_new,B1,leave_N_out,969,6.86104,2.1654,2.16542359502
generalized_ND_new,B1,leave_N_out,970,6.86104,2.1645,2.16445902142
generalized_ND_new,B1,leave_N_out,971,6.86104,2.1635,2.16350886241
generalized_ND_new,B1,leave_N_out,972,6.86104,2.1625,2.1625727387
generalized_ND_new,B1,leave_N_out,973,6.86104,2.1616,2.1616502852
generalized_ND_new,B1,leave_N_out,974,6.86104,2.1609,2.1607407199
generalized_ND_new,B1,leave_N_out,975,6.86104,2.16,2.15984457101
generalized_ND_new,B1,leave_N_out,976,6.86104,2.159,2.15896107539
generalized_ND_new,B1,leave_N_out,977,6.86104,2.1581,2.15808991826
generalized_ND_new,B1,leave_N_out,978,6.86104,2.1572,2.15723079598
generalized_ND_new,B1,leave_N_out,979,6.86104,2.1564,2.15638341554
generalized_ND_new,B1,leave_N_out,980,6.86104,2.1555,2.15554749411
generalized_ND_new,B1,leave_N_out,981,6.86104,2.1547,2.15472236787
generalized_ND_new,B1,leave_N_out,982,6.86104,2.1538,2.15390855942
generalized_ND_new,B1,leave_N_out,983,6.86104,2.1531,2.15310541781
generalized_ND_new,B1,leave_N_out,984,6.86104,2.1524,2.15231269652
generalized_ND_new,B1,leave_N_out,985,6.86104,2.1515,2.15153015712
generalized_ND_new,B1,leave_N_out,986,6.86104,2.1509,2.15075756898
generalized_ND_new,B1,leave_N_out,987,6.86104,2.1499,2.14999434738
generalized_ND_new,B1,leave_N_out,988,6.86104,2.1491,2.14924100375
generalized_ND_new,B1,leave_N_out,989,6.86104,2.1485,2.14849696276
generalized_ND_new,B1,leave_N_out,990,6.86104,2.1478,2.14776202174
generalized_ND_new,B1,leave_N_out,991,6.86104,2.1472,2.14703598431
generalized_ND_new,B1,leave_N_out,992,6.86104,2.1463,2.14631866013
generalized_ND_new,B1,leave_N_out,993,6.86104,2.1457,2.14560986465
generalized_ND_new,B1,leave_N_out,994,6.86104,2.1449,2.14490908686
generalized_ND_new,B1,leave_N_out,995,6.86104,2.1442,2.14421682111
generalized_ND_new,B1,leave_N_out,996,6.86104,2.1436,2.14353256292
generalized_ND_new,B1,leave_N_out,997,6.86104,2.1429,2.1428561488
generalized_ND_new,B1,leave_N_out,998,6.86104,2.1421,2.14218741996
generalized_ND_new,B1,leave_N_out,999,6.86104,2.1416,2.14152622225
generalized_ND_new,B1,leave_N_out,1000,6.86104,2.141,2.14087240589
generalized_ND_new,B1,leave_N_out,1001,6.86104,2.1402,2.14022551873
generalized_ND_new,B1,leave_N_out,1002,6.86104,2.1396,2.13958603598
generalized_ND_new,B1,leave_N_out,1003,6.86104,2.139,2.13895351008
generalized_ND_new,B1,leave_N_out,1004,6.86104,2.1384,2.13832780737
generalized_ND_new,B1,leave_N_out,1005,6.86104,2.1377,2.13770879783
generalized_ND_new,B1,leave_N_out,1006,6.86104,2.1371,2.13709635498
generalized_ND_new,B1,leave_N_out,1007,6.86104,2.1365,2.13649006827
generalized_ND_new,B1,leave_N_out,1008,6.86104,2.136,2.13589039586
generalized_ND_new,B1,leave_N_out,1009,6.86104,2.1353,2.13529693062
generalized_ND_new,B1,leave_N_out,1010,6.86104,2.1347,2.13470955903
generalized_ND_new,B1,leave_N_out,1011,6.86104,2.1342,2.13412817052
generalized_ND_new,B1,leave_N_out,1012,6.86104,2.1334,2.13355265738
generalized_ND_new,B1,leave_N_out,1013,6.86104,2.1331,2.13298291467
generalized_ND_new,B1,leave_N_out,1014,6.86104,2.1323,2.13241857248
generalized_ND_new,B1,leave_N_out,1015,6.86104,2.1318,2.13186006907
generalized_ND_new,B1,leave_N_out,1016,6.86104,2.1312,2.13130703693
generalized_ND_new,B1,leave_N_out,1017,6.86104,2.1307,2.13075938132
generalized_ND_new,B1,leave_N_out,1018,6.86104,2.1303,2.13021700983
generalized_ND_new,B1,leave_N_out,1019,6.86104,2.1297,2.12967983231
generalized_ND_new,B1,leave_N_out,1020,6.86104,2.1292,2.12914750829
generalized_ND_new,B1,leave_N_out,1021,6.86104,2.1286,2.12862045939
generalized_ND_new,B1,leave_N_out,1022,6.86104,2.1281,2.1280983469
generalized_ND_new,B1,leave_N_out,1023,6.86104,2.1276,2.12758108906
generalized_ND_new,B1,leave_N_out,1024,6.86104,2.127,2.12706860604
generalized_ND_new,B1,leave_N_out,1025,6.86104,2.1266,2.1265608199
generalized_ND_new,B1,leave_N_out,1026,6.86104,2.126,2.12605765449
generalized_ND_new,B1,leave_N_out,1027,6.86104,2.1255,2.12555879875
generalized_ND_new,B1,leave_N_out,1028,6.86104,2.125,2.12506465553
classic_current,B1,leave_N_out,1029,11.965825,4.0188,4.01888330995
classic_current,B1,leave_N_out,1030,11.965825,3.6351,3.63501436839
classic_current,B1,leave_N_out,1031,11.965825,3.3185,3.31806713216
classic_current,B1,leave_N_out,1032,11.965825,3.058,3.05778098474
classic_current,B1,leave_N_out,1033,11.965825,2.8502,2.85015127496
classic_current,B1,leave_N_out,1034,11.965825,2.6724,2.67237799023
classic_current,B1,leave_N_out,1035,11.965825,2.5833,2.58329843426
classic_current,B1,leave_N_out,1036,11.965825,2.5261,2.52593064841
classic_current,B1,leave_N_out,1037,11.965825,2.4845,2.48452925094
classic_current,B1,leave_N_out,1038,11.965825,2.4527,2.4525687297
classic_current,B1,leave_N_out,1039,11.965825,2.4268,2.42678972645
classic_current,B1,leave_N_out,1040,11.965825,2.4053,2.40534022818
classic_current,B1,leave_N_out,1041,11.965825,2.3868,2.38707431714
classic_current,B1,leave_N_out,1042,11.965825,2.3713,2.37123020746
classic_current,B1,leave_N_out,1043,11.965825,2.3573,2.3573013889
classic_current,B1,leave_N_out,1044,11.965825,2.345,2.34490564418
classic_current,B1,leave_N_out,1045,11.965825,2.3334,2.33376609497
classic_current,B1,leave_N_out,1046,11.965825,2.3239,2.32367254235
classic_current,B1,leave_N_out,1047,11.965825,2.3144,2.31446194067
classic_current,B1,leave_N_out,1048,11.965825,2.3061,2.30600547521
classic_current,B1,leave_N_out,1049,11.965825,2.2981,2.29819616546
classic_current,B1,leave_N_out,1050,11.965825,2.291,2.29095726906
classic_current,B1,leave_N_out,1051,11.965825,2.2841,2.28421558453
classic_current,B1,leave_N_out,1052,11.965825,2.2778,2.27791336642
classic_current,B1,leave_N_out,1053,11.965825,2.2722,2.27200205099
classic_current,B1,leave_N_out,1054,11.965825,2.2664,2.26644043901
classic_current,B1,leave_N_out,1055,11.965825,2.2612,2.26119330268
classic_current,B1,leave_N_out,1056,11.965825,2.2563,2.25622800072
classic_current,B1,leave_N_out,1057,11.965825,2.2516,2.25152295881
classic_current,B1,leave_N_out,1058,11.965825,2.2471,2.24705281343
classic_current,B1,leave_N_out,1059,11.965825,2.2428,2.24279745745
classic_current,B1,leave_N_out,1060,11.965825,2.239,2.2387391704
classic_current,B1,leave_N_out,1061,11.965825,2.2349,2.23486226175
classic_current,B1,leave_N_out,1062,11.965825,2.2312,2.23115104661
classic_current,B1,leave_N_out,1063,11.965825,2.2277,2.2275965984
classic_current,B1,leave_N_out,1064,11.965825,2.2243,2.22418594198
classic_current,B1,leave_N_out,1065,11.965825,2.221,2.2209090324
classic_current,B1,leave_N_out,1066,11.965825,2.2178,2.21775680422
classic_current,B1,leave_N_out,1067,11.965825,2.2146,2.21472105053
classic_current,B1,leave_N_out,1068,11.965825,2.2119,2.21179431976
classic_current,B1,leave_N_out,1069,11.965825,2.2089,2.20896850397
classic_current,B1,leave_N_out,1070,11.965825,2.2063,2.20624010147
classic_current,B1,leave_N_out,1071,11.965825,2.2035,2.20360207432
classic_current,B1,leave_N_out,1072,11.965825,2.201,2.20104922432
classic_current,B1,leave_N_out,1073,11.965825,2.1986,2.19857677281
classic_current,B1,leave_N_out,1074,11.965825,2.1962,2.19618031759
classic_current,B1,leave_N_out,1075,11.965825,2.1939,2.19385470313
classic_current,B1,leave_N_out,1076,11.965825,2.1917,2.19159838687
classic_current,B1,leave_N_out,1077,11.965825,2.1894,2.18940676161
classic_current,B1,leave_N_out,1078,11.965825,2.1873,2.18727659571
classic_current,B1,leave_N_out,1079,11.965825,2.1853,2.18520488483
classic_current,B1,leave_N_out,1080,11.965825,2.1833,2.18318883145
classic_current,B1,leave_N_out,1081,11.965825,2.1811,2.18122582673
classic_current,B1,leave_N_out,1082,11.965825,2.1794,2.17931253392
classic_current,B1,leave_N_out,1083,11.965825,2.1775,2.17744849742
classic_current,B1,leave_N_out,1084,11.965825,2.1756,2.17563065953
classic_current,B1,leave_N_out,1085,11.965825,2.174,2.17385701934
classic_current,B1,leave_N_out,1086,11.965825,2.1721,2.1721256983
classic_current,B1,leave_N_out,1087,11.965825,2.1704,2.17043493063
classic_current,B1,leave_N_out,1088,11.965825,2.1688,2.16878227592
classic_current,B1,leave_N_out,1089,11.965825,2.1672,2.16716774356
classic_current,B1,leave_N_out,1090,11.965825,2.1655,2.16558906034
classic_current,B1,leave_N_out,1091,11.965825,2.1639,2.16404483249
classic_current,B1,leave_N_out,1092,11.965825,2.1627,2.16253374288
classic_current,B1,leave_N_out,1093,11.965825,2.161,2.16105454564
classic_current,B1,leave_N_out,1094,11.965825,2.1595,2.15960606118
classic_current,B1,leave_N_out,1095,11.965825,2.158,2.15818650195
classic_current,B1,leave_N_out,1096,11.965825,2.1568,2.15679616056
classic_current,B1,leave_N_out,1097,11.965825,2.1553,2.15543334704
classic_current,B1,leave_N_out,1098,11.965825,2.1542,2.15409710527
classic_current,B1,leave_N_out,1099,11.965825,2.1529,2.15278652623
classic_current,B1,leave_N_out,1100,11.965825,2.1515,2.15150074492
classic_current,B1,leave_N_out,1101,11.965825,2.1504,2.15023893773
classic_current,B1,leave_N_out,1102,11.965825,2.1491,2.14899973455
classic_current,B1,leave_N_out,1103,11.965825,2.1478,2.147783568
classic_current,B1,leave_N_out,1104,11.965825,2.1464,2.14658912784
classic_current,B1,leave_N_out,1105,11.965825,2.1456,2.14541573218
classic_current,B1,leave_N_out,1106,11.965825,2.1442,2.14426272951
classic_current,B1,leave_N_out,1107,11.965825,2.143,2.14312949694
classic_current,B1,leave_N_out,1108,11.965825,2.1421,2.14201491182
classic_current,B1,leave_N_out,1109,11.965825,2.1411,2.14091946608
classic_current,B1,leave_N_out,1110,11.965825,2.1399,2.13984207765
classic_current,B1,leave_N_out,1111,11.965825,2.1388,2.13878222307
classic_current,B1,leave_N_out,1112,11.965825,2.1378,2.13773940039
classic_current,B1,leave_N_out,1113,11.965825,2.1368,2.1367131281
classic_current,B1,leave_N_out,1114,11.965825,2.1358,2.13570294404
classic_current,B1,leave_N_out,1115,11.965825,2.1347,2.13470793378
classic_current,B1,leave_N_out,1116,11.965825,2.1337,2.13372861926
classic_current,B1,leave_N_out,1117,11.965825,2.1328,2.13276411263
classic_current,B1,leave_N_out,1118,11.965825,2.1318,2.13181401968
classic_current,B1,leave_N_out,1119,11.965825,2.1309,2.13087796117
classic_current,B1,leave_N_out,1120,11.965825,2.1298,2.12995557199
classic_current,B1,leave_N_out,1121,11.965825,2.129,2.12904607021
classic_current,B1,leave_N_out,1122,11.965825,2.1281,2.12814998399
classic_current,B1,leave_N_out,1123,11.965825,2.1272,2.12726655024
classic_current,B1,leave_N_out,1124,11.965825,2.1264,2.12639545419
classic_current,B1,leave_N_out,1125,11.965825,2.1256,2.12553639223
classic_current,B1,leave_N_out,1126,11.965825,2.1248,2.12468907138
classic_current,B1,leave_N_out,1127,11.965825,2.1238,2.12385320879
classic_current,B1,leave_N_out,1128,11.965825,2.123,2.12302814072
classic_current,B1,leave_N_out,1129,11.965825,2.1223,2.1222143897
classic_current,B1,leave_N_out,1130,11.965825,2.1214,2.12141130485
classic_current,B1,leave_N_out,1131,11.965825,2.1206,2.12061863965
classic_current,B1,leave_N_out,1132,11.965825,2.1199,2.11983615569
classic_current,B1,leave_N_out,1133,11.965825,2.119,2.11906362235
classic_current,B1,leave_N_out,1134,11.965825,2.1183,2.11830045495
classic_current,B1,leave_N_out,1135,11.965825,2.1175,2.11754716487
classic_current,B1,leave_N_out,1136,11.965825,2.1168,2.11680317684
classic_current,B1,leave_N_out,1137,11.965825,2.1161,2.1160682882
classic_current,B1,leave_N_out,1138,11.965825,2.1152,2.11534230256
classic_current,B1,leave_N_out,1139,11.965825,2.1147,2.11462502962
classic_current,B1,leave_N_out,1140,11.965825,2.1139,2.11391628482
classic_current,B1,leave_N_out,1141,11.965825,2.1133,2.11321555719
classic_current,B1,leave_N_out,1142,11.965825,2.1125,2.11252334104
classic_current,B1,leave_N_out,1143,11.965825,2.1119,2.11183913194
classic_current,B1,leave_N_out,1144,11.965825,2.1112,2.11116276639
classic_current,B1,leave_N_out,1145,11.965825,2.1105,2.11049408562
classic_current,B1,leave_N_out,1146,11.965825,2.1099,2.10983293549
classic_current,B1,leave_N_out,1147,11.965825,2.1092,2.10917916622
classic_current,B1,leave_N_out,1148,11.965825,2.1085,2.10853232571
classic_current,B1,leave_N_out,1149,11.965825,2.1079,2.10789288911
classic_current,B1,leave_N_out,1150,11.965825,2.1072,2.10726040892
classic_current,B1,leave_N_out,1151,11.965825,2.1066,2.10663475146
classic_current,B1,leave_N_out,1152,11.965825,2.1059,2.10601578672
classic_current,B1,leave_N_out,1153,11.965825,2.1055,2.10540338825
classic_current,B1,leave_N_out,1154,11.965825,2.1047,2.10479714551
classic_current,B1,leave_N_out,1155,11.965825,2.1042,2.10419751663
classic_current,B1,leave_N_out,1156,11.965825,2.1036,2.10360409452
classic_current,B1,leave_N_out,1157,11.965825,2.1031,2.10301676565
classic_current,B1,leave_N_out,1158,11.965825,2.1024,2.10243541946
classic_current,B1,leave_N_out,1159,11.965825,2.102,2.10185994826
classic_current,B1,leave_N_out,1160,11.965825,2.1013,2.1012902471
classic_current,B1,leave_N_out,1161,11.965825,2.1008,2.1007259461
classic_current,B1,leave_N_out,1162,11.965825,2.1001,2.10016748349
classic_current,B1,leave_N_out,1163,11.965825,2.0998,2.09961449179
classic_current,B1,leave_N_out,1164,11.965825,2.099,2.09906687626
classic_current,B1,leave_N_out,1165,11.965825,2.0986,2.09852454449
classic_current,B1,leave_N_out,1166,11.965825,2.098,2.09798740634
classic_current,B1,leave_N_out,1167,11.965825,2.0975,2.09745512138
classic_current,B1,leave_N_out,1168,11.965825,2.0969,2.09692811118
classic_current,B1,leave_N_out,1169,11.965825,2.0964,2.09640603706
classic_current,B1,leave_N_out,1170,11.965825,2.0959,2.09588881726
classic_current,B1,leave_N_out,1171,11.965825,2.0954,2.09537637197
classic_current,B1,leave_N_out,1172,11.965825,2.0949,2.09486862323
classic_current,B1,leave_N_out,1173,11.965825,2.0945,2.09436549492
classic_current,B1,leave_N_out,1174,11.965825,2.0938,2.09386667598
classic_current,B1,leave_N_out,1175,11.965825,2.0933,2.09337256924
generalized_ND_new,B1,leave_N_out,1029,11.965825,4.0188,4.01885757669
generalized_ND_new,B1,leave_N_out,1030,11.965825,3.6351,3.63499038101
generalized_ND_new,B1,leave_N_out,1031,11.965825,3.3185,3.31804581436
generalized_ND_new,B1,leave_N_out,1032,11.965825,3.058,3.05776281241
generalized_ND_new,B1,leave_N_out,1033,11.965825,2.8502,2.85013630835
generalized_ND_new,B1,leave_N_out,1034,11.965825,2.6724,2.6723663136
generalized_ND_new,B1,leave_N_out,1035,11.965825,2.5833,2.58328860964
generalized_ND_new,B1,leave_N_out,1036,11.965825,2.5261,2.52592209149
generalized_ND_new,B1,leave_N_out,1037,11.965825,2.4845,2.48452164602
generalized_ND_new,B1,leave_N_out,1038,11.965825,2.4527,2.45256188113
generalized_ND_new,B1,leave_N_out,1039,11.965825,2.4268,2.42678350157
generalized_ND_new,B1,leave_N_out,1040,11.965825,2.4053,2.40533453147
generalized_ND_new,B1,leave_N_out,1041,11.965825,2.3868,2.3870690768
generalized_ND_new,B1,leave_N_out,1042,11.965825,2.3713,2.37122536785
generalized_ND_new,B1,leave_N_out,1043,11.965825,2.3573,2.35729690528
generalized_ND_new,B1,leave_N_out,1044,11.965825,2.345,2.34490148026
generalized_ND_new,B1,leave_N_out,1045,11.965825,2.3334,2.33376222064
generalized_ND_new,B1,leave_N_out,1046,11.965825,2.3239,2.32366893227
generalized_ND_new,B1,leave_N_out,1047,11.965825,2.3144,2.31445857326
generalized_ND_new,B1,leave_N_out,1048,11.965825,2.3061,2.30600233185
generalized_ND_new,B1,leave_N_out,1049,11.965825,2.2981,2.29819323007
generalized_ND_new,B1,leave_N_out,1050,11.965825,2.291,2.29095452734
generalized_ND_new,B1,leave_N_out,1051,11.965825,2.2841,2.28421302395
generalized_ND_new,B1,leave_N_out,1052,11.965825,2.2778,2.27791097583
generalized_ND_new,B1,leave_N_out,1053,11.965825,2.2722,2.27199982041
generalized_ND_new,B1,leave_N_out,1054,11.965825,2.2664,2.26643835948
generalized_ND_new,B1,leave_N_out,1055,11.965825,2.2612,2.2611913661
generalized_ND_new,B1,leave_N_out,1056,11.965825,2.2563,2.25622619978
generalized_ND_new,B1,leave_N_out,1057,11.965825,2.2516,2.25152128675
generalized_ND_new,B1,leave_N_out,1058,11.965825,2.2471,2.24705126412
generalized_ND_new,B1,leave_N_out,1059,11.965825,2.2428,2.24279602525
generalized_ND_new,B1,leave_N_out,1060,11.965825,2.239,2.23873785013
generalized_ND_new,B1,leave_N_out,1061,11.965825,2.2349,2.23486104862
generalized_ND_new,B1,leave_N_out,1062,11.965825,2.2312,2.23114993624
generalized_ND_new,B1,leave_N_out,1063,11.965825,2.2277,2.22759558662
generalized_ND_new,B1,leave_N_out,1064,11.965825,2.2243,2.22418502497
generalized_ND_new,B1,leave_N_out,1065,11.965825,2.221,2.22090820657
generalized_ND_new,B1,leave_N_out,1066,11.965825,2.2178,2.21775606625
generalized_ND_new,B1,leave_N_out,1067,11.965825,2.2146,2.21472039727
generalized_ND_new,B1,leave_N_out,1068,11.965825,2.2119,2.2117937483
generalized_ND_new,B1,leave_N_out,1069,11.965825,2.2089,2.20896801157
generalized_ND_new,B1,leave_N_out,1070,11.965825,2.2063,2.20623968551
generalized_ND_new,B1,leave_N_out,1071,11.965825,2.2035,2.20360173235
generalized_ND_new,B1,leave_N_out,1072,11.965825,2.201,2.20104895402
generalized_ND_new,B1,leave_N_out,1073,11.965825,2.1986,2.198576572
generalized_ND_new,B1,leave_N_out,1074,11.965825,2.1962,2.19618018419
generalized_ND_new,B1,leave_N_out,1075,11.965825,2.1939,2.19385463521
generalized_ND_new,B1,leave_N_out,1076,11.965825,2.1917,2.19159838254
generalized_ND_new,B1,leave_N_out,1077,11.965825,2.1894,2.18940681909
generalized_ND_new,B1,leave_N_out,1078,11.965825,2.1873,2.18727671333
generalized_ND_new,B1,leave_N_out,1079,11.965825,2.1853,2.18520506097
generalized_ND_new,B1,leave_N_out,1080,11.965825,2.1833,2.18318906458
generalized_ND_new,B1,leave_N_out,1081,11.965825,2.1811,2.18122611539
generalized_ND_new,B1,leave_N_out,1082,11.965825,2.1794,2.17931287674
generalized_ND_new,B1,leave_N_out,1083,11.965825,2.1775,2.17744889304
generalized_ND_new,B1,leave_N_out,1084,11.965825,2.1756,2.17563110666
generalized_ND_new,B1,leave_N_out,1085,11.965825,2.174,2.17385751676
generalized_ND_new,B1,leave_N_out,1086,11.965825,2.1721,2.17212624484
generalized_ND_new,B1,leave_N_out,1087,11.965825,2.1704,2.17043552516
generalized_ND_new,B1,leave_N_out,1088,11.965825,2.1688,2.16878291739
generalized_ND_new,B1,leave_N_out,1089,11.965825,2.1672,2.16716843091
generalized_ND_new,B1,leave_N_out,1090,11.965825,2.1655,2.16558979256
generalized_ND_new,B1,leave_N_out,1091,11.965825,2.1639,2.16404560862
generalized_ND_new,B1,leave_N_out,1092,11.965825,2.1627,2.16253456201
generalized_ND_new,B1,leave_N_out,1093,11.965825,2.161,2.16105540686
generalized_ND_new,B1,leave_N_out,1094,11.965825,2.1595,2.15960696364
generalized_ND_new,B1,leave_N_out,1095,11.965825,2.158,2.15818744483
generalized_ND_new,B1,leave_N_out,1096,11.965825,2.1568,2.15679714305
generalized_ND_new,B1,leave_N_out,1097,11.965825,2.1553,2.15543436837
generalized_ND_new,B1,leave_N_out,1098,11.965825,2.1542,2.1540981647
generalized_ND_new,B1,leave_N_out,1099,11.965825,2.1529,2.15278762302
generalized_ND_new,B1,leave_N_out,1100,11.965825,2.1515,2.15150187839
generalized_ND_new,B1,leave_N_out,1101,11.965825,2.1504,2.1502401072
generalized_ND_new,B1,leave_N_out,1102,11.965825,2.1491,2.14900093938
generalized_ND_new,B1,leave_N_out,1103,11.965825,2.1478,2.14778480754
generalized_ND_new,B1,leave_N_out,1104,11.965825,2.1464,2.14659040148
generalized_ND_new,B1,leave_N_out,1105,11.965825,2.1456,2.14541703933
generalized_ND_new,B1,leave_N_out,1106,11.965825,2.1442,2.14426406958
generalized_ND_new,B1,leave_N_out,1107,11.965825,2.143,2.14313086939
generalized_ND_new,B1,leave_N_out,1108,11.965825,2.1421,2.14201631611
generalized_ND_new,B1,leave_N_out,1109,11.965825,2.1411,2.14092090167
generalized_ND_new,B1,leave_N_out,1110,11.965825,2.1399,2.13984354404
generalized_ND_new,B1,leave_N_out,1111,11.965825,2.1388,2.13878371975
generalized_ND_new,B1,leave_N_out,1112,11.965825,2.1378,2.13774092688
generalized_ND_new,B1,leave_N_out,1113,11.965825,2.1368,2.13671468394
generalized_ND_new,B1,leave_N_out,1114,11.965825,2.1358,2.13570452876
generalized_ND_new,B1,leave_N_out,1115,11.965825,2.1347,2.13470954696
generalized_ND_new,B1,leave_N_out,1116,11.965825,2.1337,2.13373026044
generalized_ND_new,B1,leave_N_out,1117,11.965825,2.1328,2.1327657814
generalized_ND_new,B1,leave_N_out,1118,11.965825,2.1318,2.13181571563
generalized_ND_new,B1,leave_N_out,1119,11.965825,2.1309,2.13087968389
generalized_ND_new,B1,leave_N_out,1120,11.965825,2.1298,2.12995732111
generalized_ND_new,B1,leave_N_out,1121,11.965825,2.129,2.12904784535
generalized_ND_new,B1,leave_N_out,1122,11.965825,2.1281,2.12815178477
generalized_ND_new,B1,leave_N_out,1123,11.965825,2.1272,2.1272683763
generalized_ND_new,B1,leave_N_out,1124,11.965825,2.1264,2.12639730518
generalized_ND_new,B1,leave_N_out,1125,11.965825,2.1256,2.1255382678
generalized_ND_new,B1,leave_N_out,1126,11.965825,2.1248,2.1246909712
generalized_ND_new,B1,leave_N_out,1127,11.965825,2.1238,2.12385513254
generalized_ND_new,B1,leave_N_out,1128,11.965825,2.123,2.12303008807
generalized_ND_new,B1,leave_N_out,1129,11.965825,2.1223,2.12221636035
generalized_ND_new,B1,leave_N_out,1130,11.965825,2.1214,2.12141329849
generalized_ND_new,B1,leave_N_out,1131,11.965825,2.1206,2.12062065597
generalized_ND_new,B1,leave_N_out,1132,11.965825,2.1199,2.11983819441
generalized_ND_new,B1,leave_N_out,1133,11.965825,2.119,2.11906568317
generalized_ND_new,B1,leave_N_out,1134,11.965825,2.1183,2.11830253762
generalized_ND_new,B1,leave_N_out,1135,11.965825,2.1175,2.11754926911
generalized_ND_new,B1,leave_N_out,1136,11.965825,2.1168,2.11680530237
generalized_ND_new,B1,leave_N_out,1137,11.965825,2.1161,2.11607043475
generalized_ND_new,B1,leave_N_out,1138,11.965825,2.1152,2.1153444699
generalized_ND_new,B1,leave_N_out,1139,11.965825,2.1147,2.11462721748
generalized_ND_new,B1,leave_N_out,1140,11.965825,2.1139,2.11391849297
generalized_ND_new,B1,leave_N_out,1141,11.965825,2.1133,2.11321778539
generalized_ND_new,B1,leave_N_out,1142,11.965825,2.1125,2.11252558905
generalized_ND_new,B1,leave_N_out,1143,11.965825,2.1119,2.11184139953
generalized_ND_new,B1,leave_N_out,1144,11.965825,2.1112,2.11116505333
generalized_ND_new,B1,leave_N_out,1145,11.965825,2.1105,2.1104963917
generalized_ND_new,B1,leave_N_out,1146,11.965825,2.1099,2.10983526048
generalized_ND_new,B1,leave_N_out,1147,11.965825,2.1092,2.10918150992
generalized_ND_new,B1,leave_N_out,1148,11.965825,2.1085,2.10853468792
generalized_ND_new,B1,leave_N_out,1149,11.965825,2.1079,2.10789526961
generalized_ND_new,B1,leave_N_out,1150,11.965825,2.1072,2.1072628075
generalized_ND_new,B1,leave_N_out,1151,11.965825,2.1066,2.10663716794
generalized_ND_new,B1,leave_N_out,1152,11.965825,2.1059,2.10601822091
generalized_ND_new,B1,leave_N_out,1153,11.965825,2.1055,2.10540583995
generalized_ND_new,B1,leave_N_out,1154,11.965825,2.1047,2.10479961455
generalized_ND_new,B1,leave_N_out,1155,11.965825,2.1042,2.10420000282
generalized_ND_new,B1,leave_N_out,1156,11.965825,2.1036,2.10360659768
generalized_ND_new,B1,leave_N_out,1157,11.965825,2.1031,2.1030192856
generalized_ND_new,B1,leave_N_out,1158,11.965825,2.1024,2.10243795603
generalized_ND_new,B1,leave_N_out,1159,11.965825,2.102,2.10186250127
generalized_ND_new,B1,leave_N_out,1160,11.965825,2.1013,2.1012928164
generalized_ND_new,B1,leave_N_out,1161,11.965825,2.1008,2.10072853153
generalized_ND_new,B1,leave_N_out,1162,11.965825,2.1001,2.10017008488
generalized_ND_new,B1,leave_N_out,1163,11.965825,2.0998,2.09961710898
generalized_ND_new,B1,leave_N_out,1164,11.965825,2.099,2.0990695091
generalized_ND_new,B1,leave_N_out,1165,11.965825,2.0986,2.09852719282
generalized_ND_new,B1,leave_N_out,1166,11.965825,2.098,2.09799007002
generalized_ND_new,B1,leave_N_out,1167,11.965825,2.0975,2.09745780027
generalized_ND_new,B1,leave_N_out,1168,11.965825,2.0969,2.09693080512
generalized_ND_new,B1,leave_N_out,1169,11.965825,2.0964,2.09640874591
generalized_ND_new,B1,leave_N_out,1170,11.965825,2.0959,2.09589154088
generalized_ND_new,B1,leave_N_out,1171,11.965825,2.0954,2.09537911022
generalized_ND_new,B1,leave_N_out,1172,11.965825,2.0949,2.09487137598
generalized_ND_new,B1,leave_N_out,1173,11.965825,2.0945,2.09436826203
generalized_ND_new,B1,leave_N_out,1174,11.965825,2.0938,2.09386945733
generalized_ND_new,B1,leave_N_out,1175,11.965825,2.0933,2.0933753647
classic_current,B2,raw_no_target_labels,0,0.111,6.4979,3.02977454673
classic_current,B2,raw_no_target_labels,1,0.111,5.7942,2.92050778638
classic_current,B2,raw_no_target_labels,2,0.111,5.4529,2.87005610746
classic_current,B2,raw_no_target_labels,3,0.111,5.1848,2.83722174861
classic_current,B2,raw_no_target_labels,4,0.111,5.0399,2.81190274512
classic_current,B2,raw_no_target_labels,5,0.111,4.9005,2.79372422365
classic_current,B2,raw_no_target_labels,6,0.111,4.7688,2.77898728997
classic_current,B2,raw_no_target_labels,7,0.111,4.7178,2.76587543855
classic_current,B2,raw_no_target_labels,8,0.111,4.6465,2.75547538057
classic_current,B2,raw_no_target_labels,9,0.111,4.6003,2.74642814013
classic_current,B2,raw_no_target_labels,10,0.111,4.522,2.73791415871
classic_current,B2,raw_no_target_labels,11,0.111,4.4305,2.73085265897
classic_current,B2,raw_no_target_labels,12,0.111,4.4228,2.72449098216
classic_current,B2,raw_no_target_labels,13,0.111,4.3766,2.71832171638
classic_current,B2,raw_no_target_labels,14,0.111,4.341,2.71307332191
classic_current,B2,raw_no_target_labels,15,0.111,4.3079,2.7082450699
classic_current,B2,raw_no_target_labels,16,0.111,4.2706,2.70347431766
classic_current,B2,raw_no_target_labels,17,0.111,4.2643,2.6993485942
classic_current,B2,raw_no_target_labels,18,0.111,4.222,2.6954998972
classic_current,B2,raw_no_target_labels,19,0.111,4.1985,2.69164803738
classic_current,B2,raw_no_target_labels,20,0.111,4.1726,2.68827856657
classic_current,B2,raw_no_target_labels,21,0.111,4.1687,2.68510393607
classic_current,B2,raw_no_target_labels,22,0.111,4.1408,2.68189699593
classic_current,B2,raw_no_target_labels,23,0.111,4.0985,2.67906782873
classic_current,B2,raw_no_target_labels,24,0.111,4.0932,2.67638231853
classic_current,B2,raw_no_target_labels,25,0.111,4.0662,2.67365023255
classic_current,B2,raw_no_target_labels,26,0.111,4.028,2.67122424384
classic_current,B2,raw_no_target_labels,27,0.111,3.9989,2.66890805733
classic_current,B2,raw_no_target_labels,28,0.111,4.0339,2.66653858022
classic_current,B2,raw_no_target_labels,29,0.111,4.0147,2.66442368942
classic_current,B2,raw_no_target_labels,30,0.111,4.0021,2.66239514064
classic_current,B2,raw_no_target_labels,31,0.111,3.984,2.66031060748
classic_current,B2,raw_no_target_labels,32,0.111,3.9569,2.65844223017
classic_current,B2,raw_no_target_labels,33,0.111,3.9615,2.65664332362
classic_current,B2,raw_no_target_labels,34,0.111,3.9469,2.6547879431
classic_current,B2,raw_no_target_labels,35,0.111,3.927,2.65311917206
classic_current,B2,raw_no_target_labels,36,0.111,3.9224,2.65150736638
classic_current,B2,raw_no_target_labels,37,0.111,3.9095,2.64983981832
classic_current,B2,raw_no_target_labels,38,0.111,3.8948,2.64833559676
classic_current,B2,raw_no_target_labels,39,0.111,3.8842,2.64687883524
classic_current,B2,raw_no_target_labels,40,0.111,3.8751,2.64536773192
classic_current,B2,raw_no_target_labels,41,0.111,3.8797,2.64400122653
classic_current,B2,raw_no_target_labels,42,0.111,3.8736,2.64267480113
classic_current,B2,raw_no_target_labels,43,0.111,3.8393,2.64129578474
classic_current,B2,raw_no_target_labels,44,0.111,3.8422,2.64004603665
classic_current,B2,raw_no_target_labels,45,0.111,3.8504,2.63883053348
classic_current,B2,raw_no_target_labels,46,0.111,3.8098,2.63756435301
classic_current,B2,raw_no_target_labels,47,0.111,3.8163,2.63641470475
classic_current,B2,raw_no_target_labels,48,0.111,3.8145,2.63529461472
classic_current,B2,raw_no_target_labels,49,0.111,3.7898,2.63412581285
classic_current,B2,raw_no_target_labels,50,0.111,3.7948,2.63306282427
classic_current,B2,raw_no_target_labels,51,0.111,3.783,2.63202557751
classic_current,B2,raw_no_target_labels,52,0.111,3.7843,2.63094157038
classic_current,B2,raw_no_target_labels,53,0.111,3.7664,2.62995425296
classic_current,B2,raw_no_target_labels,54,0.111,3.7494,2.62898953165
classic_current,B2,raw_no_target_labels,55,0.111,3.7496,2.62797994927
classic_current,B2,raw_no_target_labels,56,0.111,3.7365,2.6270592133
classic_current,B2,raw_no_target_labels,57,0.111,3.7364,2.62615845251
classic_current,B2,raw_no_target_labels,58,0.111,3.7325,2.6252146564
classic_current,B2,raw_no_target_labels,59,0.111,3.7441,2.62435290428
classic_current,B2,raw_no_target_labels,60,0.111,3.7393,2.62350892248
classic_current,B2,raw_no_target_labels,61,0.111,3.7148,2.6226236467
classic_current,B2,raw_no_target_labels,62,0.111,3.7239,2.62181446857
classic_current,B2,raw_no_target_labels,63,0.111,3.7098,2.6210211898
classic_current,B2,raw_no_target_labels,64,0.111,3.7005,2.62018826954
classic_current,B2,raw_no_target_labels,65,0.111,3.7018,2.61942621201
classic_current,B2,raw_no_target_labels,66,0.111,3.6815,2.6186784537
classic_current,B2,raw_no_target_labels,67,0.111,3.6878,2.61789261714
classic_current,B2,raw_no_target_labels,68,0.111,3.6956,2.61717300517
classic_current,B2,raw_no_target_labels,69,0.111,3.6837,2.61646631415
classic_current,B2,raw_no_target_labels,70,0.111,3.6756,2.61572302082
classic_current,B2,raw_no_target_labels,71,0.111,3.6601,2.61504181881
classic_current,B2,raw_no_target_labels,72,0.111,3.6633,2.61432496231
classic_current,B2,raw_no_target_labels,73,0.111,3.653,2.61366765656
classic_current,B2,raw_no_target_labels,74,0.111,3.6523,2.61302135879
classic_current,B2,raw_no_target_labels,75,0.111,3.6565,2.61234074436
classic_current,B2,raw_no_target_labels,76,0.111,3.6394,2.61171623302
classic_current,B2,raw_no_target_labels,77,0.111,3.6433,2.61110177634
classic_current,B2,raw_no_target_labels,78,0.111,3.6521,2.61045426418
classic_current,B2,raw_no_target_labels,79,0.111,3.6144,2.60985974209
classic_current,B2,raw_no_target_labels,80,0.111,3.6255,2.60927443575
classic_current,B2,raw_no_target_labels,81,0.111,3.6066,2.60865726303
classic_current,B2,raw_no_target_labels,82,0.111,3.6165,2.60809025772
classic_current,B2,raw_no_target_labels,83,0.111,3.6178,2.60753172639
classic_current,B2,raw_no_target_labels,84,0.111,3.6195,2.60694245032
classic_current,B2,raw_no_target_labels,85,0.111,3.6,2.60640077234
classic_current,B2,raw_no_target_labels,86,0.111,3.6177,2.60586690953
classic_current,B2,raw_no_target_labels,87,0.111,3.6181,2.6053033606
classic_current,B2,raw_no_target_labels,88,0.111,3.5926,2.60478506267
classic_current,B2,raw_no_target_labels,89,0.111,3.5969,2.60427399234
classic_current,B2,raw_no_target_labels,90,0.111,3.611,2.60373423576
classic_current,B2,raw_no_target_labels,91,0.111,3.5849,2.60323757896
classic_current,B2,raw_no_target_labels,92,0.111,3.6034,2.60274762371
classic_current,B2,raw_no_target_labels,93,0.111,3.5631,2.60222992733
classic_current,B2,raw_no_target_labels,94,0.111,3.5785,2.60175335291
classic_current,B2,raw_no_target_labels,95,0.111,3.5532,2.60128300736
classic_current,B2,raw_no_target_labels,96,0.111,3.58,2.60078581483
classic_current,B2,raw_no_target_labels,97,0.111,3.5553,2.60032792061
classic_current,B2,raw_no_target_labels,98,0.111,3.5734,2.5998758291
classic_current,B2,raw_no_target_labels,99,0.111,3.5537,2.5993977373
classic_current,B2,raw_no_target_labels,100,0.111,3.5694,2.59895725776
classic_current,B2,raw_no_target_labels,101,0.111,3.5651,2.5985221955
classic_current,B2,raw_no_target_labels,102,0.111,3.5457,2.59806193539
classic_current,B2,raw_no_target_labels,103,0.111,3.5496,2.5976377248
classic_current,B2,raw_no_target_labels,104,0.111,3.5322,2.59721858182
classic_current,B2,raw_no_target_labels,105,0.111,3.5472,2.59677500225
classic_current,B2,raw_no_target_labels,106,0.111,3.553,2.59636602026
classic_current,B2,raw_no_target_labels,107,0.111,3.5352,2.59596178781
classic_current,B2,raw_no_target_labels,108,0.111,3.5175,2.59553384158
classic_current,B2,raw_no_target_labels,109,0.111,3.5153,2.59513914094
classic_current,B2,raw_no_target_labels,110,0.111,3.5106,2.59474889971
classic_current,B2,raw_no_target_labels,111,0.111,3.5216,2.59433563166
classic_current,B2,raw_no_target_labels,112,0.111,3.521,2.59395434764
classic_current,B2,raw_no_target_labels,113,0.111,3.5206,2.59357725773
classic_current,B2,raw_no_target_labels,114,0.111,3.5229,2.59317779447
classic_current,B2,raw_no_target_labels,115,0.111,3.5229,2.59280913571
classic_current,B2,raw_no_target_labels,116,0.111,3.524,2.59244442789
classic_current,B2,raw_no_target_labels,117,0.111,3.5111,2.59205796889
classic_current,B2,raw_no_target_labels,118,0.111,3.5154,2.59170120949
classic_current,B2,raw_no_target_labels,119,0.111,3.4917,2.59134817763
classic_current,B2,raw_no_target_labels,120,0.111,3.5025,2.59097398749
classic_current,B2,raw_no_target_labels,121,0.111,3.502,2.59062846012
classic_current,B2,raw_no_target_labels,122,0.111,3.4839,2.59028645461
classic_current,B2,raw_no_target_labels,123,0.111,3.5044,2.58992385631
classic_current,B2,raw_no_target_labels,124,0.111,3.487,2.58958894617
classic_current,B2,raw_no_target_labels,125,0.111,3.4845,2.58925736817
classic_current,B2,raw_no_target_labels,126,0.111,3.493,2.58890573716
classic_current,B2,raw_no_target_labels,127,0.111,3.4765,2.58858087673
classic_current,B2,raw_no_target_labels,128,0.111,3.4894,2.58825917309
classic_current,B2,raw_no_target_labels,129,0.111,3.4875,2.58791793211
classic_current,B2,raw_no_target_labels,130,0.111,3.4917,2.58760259653
classic_current,B2,raw_no_target_labels,131,0.111,3.4726,2.58729025535
classic_current,B2,raw_no_target_labels,132,0.111,3.4755,2.58695886987
classic_current,B2,raw_no_target_labels,133,0.111,3.4517,2.58665257281
classic_current,B2,raw_no_target_labels,134,0.111,3.4589,2.58634911953
classic_current,B2,raw_no_target_labels,135,0.111,3.4629,2.5860270937
classic_current,B2,raw_no_target_labels,136,0.111,3.4425,2.58572938379
classic_current,B2,raw_no_target_labels,137,0.111,3.4873,2.58543437768
classic_current,B2,raw_no_target_labels,138,0.111,3.4783,2.58512125077
classic_current,B2,raw_no_target_labels,139,0.111,3.471,2.58483170836
classic_current,B2,raw_no_target_labels,140,0.111,3.4516,2.58454473948
classic_current,B2,raw_no_target_labels,141,0.111,3.4533,2.5842400827
classic_current,B2,raw_no_target_labels,142,0.111,3.4291,2.58395831702
classic_current,B2,raw_no_target_labels,143,0.111,3.449,2.58395831702
classic_current,B2,raw_no_target_labels,144,0.111,3.4599,2.58395831702
classic_current,B2,raw_no_target_labels,145,0.111,3.4553,2.58395831702
classic_current,B2,raw_no_target_labels,146,0.111,3.4559,2.58395831702
classic_current,B2,raw_no_target_labels,147,0.256,6.3352,2.84493841565
classic_current,B2,raw_no_target_labels,148,0.256,5.5767,2.7356716553
classic_current,B2,raw_no_target_labels,149,0.256,5.2522,2.68521997638
classic_current,B2,raw_no_target_labels,150,0.256,4.9889,2.65238561753
classic_current,B2,raw_no_target_labels,151,0.256,4.8609,2.62706661404
classic_current,B2,raw_no_target_labels,152,0.256,4.7174,2.60888809257
classic_current,B2,raw_no_target_labels,153,0.256,4.6157,2.59415115889
classic_current,B2,raw_no_target_labels,154,0.256,4.5286,2.58103930747
classic_current,B2,raw_no_target_labels,155,0.256,4.4388,2.57063924949
classic_current,B2,raw_no_target_labels,156,0.256,4.3626,2.56159200905
classic_current,B2,raw_no_target_labels,157,0.256,4.3339,2.55307802763
classic_current,B2,raw_no_target_labels,158,0.256,4.2775,2.54601652789
classic_current,B2,raw_no_target_labels,159,0.256,4.2283,2.53965485108
classic_current,B2,raw_no_target_labels,160,0.256,4.209,2.5334855853
classic_current,B2,raw_no_target_labels,161,0.256,4.1641,2.52823719083
classic_current,B2,raw_no_target_labels,162,0.256,4.1461,2.52340893882
classic_current,B2,raw_no_target_labels,163,0.256,4.0865,2.51863818658
classic_current,B2,raw_no_target_labels,164,0.256,4.0612,2.51451246312
classic_current,B2,raw_no_target_labels,165,0.256,4.0367,2.51066376612
classic_current,B2,raw_no_target_labels,166,0.256,4.0105,2.5068119063
classic_current,B2,raw_no_target_labels,167,0.256,3.9922,2.50344243549
classic_current,B2,raw_no_target_labels,168,0.256,3.9872,2.50026780499
classic_current,B2,raw_no_target_labels,169,0.256,3.9532,2.49706086485
classic_current,B2,raw_no_target_labels,170,0.256,3.9191,2.49423169765
classic_current,B2,raw_no_target_labels,171,0.256,3.9095,2.49154618745
classic_current,B2,raw_no_target_labels,172,0.256,3.8888,2.48881410147
classic_current,B2,raw_no_target_labels,173,0.256,3.8797,2.48638811275
classic_current,B2,raw_no_target_labels,174,0.256,3.8418,2.48407192625
classic_current,B2,raw_no_target_labels,175,0.256,3.8636,2.48170244914
classic_current,B2,raw_no_target_labels,176,0.256,3.8376,2.47958755834
classic_current,B2,raw_no_target_labels,177,0.256,3.7951,2.47755900956
classic_current,B2,raw_no_target_labels,178,0.256,3.7779,2.4754744764
classic_current,B2,raw_no_target_labels,179,0.256,3.7783,2.47360609909
classic_current,B2,raw_no_target_labels,180,0.256,3.7533,2.47180719254
classic_current,B2,raw_no_target_labels,181,0.256,3.7502,2.46995181202
classic_current,B2,raw_no_target_labels,182,0.256,3.751,2.46828304098
classic_current,B2,raw_no_target_labels,183,0.256,3.7451,2.4666712353
classic_current,B2,raw_no_target_labels,184,0.256,3.7255,2.46500368724
classic_current,B2,raw_no_target_labels,185,0.256,3.7042,2.46349946568
classic_current,B2,raw_no_target_labels,186,0.256,3.6973,2.46204270416
classic_current,B2,raw_no_target_labels,187,0.256,3.6983,2.46053160084
classic_current,B2,raw_no_target_labels,188,0.256,3.6804,2.45916509545
classic_current,B2,raw_no_target_labels,189,0.256,3.6897,2.45783867005
classic_current,B2,raw_no_target_labels,190,0.256,3.6772,2.45645965366
classic_current,B2,raw_no_target_labels,191,0.256,3.6611,2.45520990557
classic_current,B2,raw_no_target_labels,192,0.256,3.6571,2.4539944024
classic_current,B2,raw_no_target_labels,193,0.256,3.622,2.45272822193
classic_current,B2,raw_no_target_labels,194,0.256,3.6474,2.45157857367
classic_current,B2,raw_no_target_labels,195,0.256,3.6151,2.45045848364
classic_current,B2,raw_no_target_labels,196,0.256,3.6191,2.44928968177
classic_current,B2,raw_no_target_labels,197,0.256,3.6045,2.44822669319
classic_current,B2,raw_no_target_labels,198,0.256,3.6023,2.44718944643
classic_current,B2,raw_no_target_labels,199,0.256,3.5921,2.44610543929
classic_current,B2,raw_no_target_labels,200,0.256,3.5851,2.44511812188
classic_current,B2,raw_no_target_labels,201,0.256,3.5854,2.44415340057
classic_current,B2,raw_no_target_labels,202,0.256,3.5539,2.44314381819
classic_current,B2,raw_no_target_labels,203,0.256,3.5631,2.44222308222
classic_current,B2,raw_no_target_labels,204,0.256,3.5356,2.44132232143
classic_current,B2,raw_no_target_labels,205,0.256,3.5695,2.44037852532
classic_current,B2,raw_no_target_labels,206,0.256,3.5519,2.4395167732
classic_current,B2,raw_no_target_labels,207,0.256,3.5381,2.4386727914
classic_current,B2,raw_no_target_labels,208,0.256,3.5355,2.43778751562
classic_current,B2,raw_no_target_labels,209,0.256,3.5182,2.43697833749
classic_current,B2,raw_no_target_labels,210,0.256,3.5273,2.43618505872
classic_current,B2,raw_no_target_labels,211,0.256,3.5062,2.43535213846
classic_current,B2,raw_no_target_labels,212,0.256,3.5165,2.43459008093
classic_current,B2,raw_no_target_labels,213,0.256,3.5163,2.43384232262
classic_current,B2,raw_no_target_labels,214,0.256,3.5221,2.43305648606
classic_current,B2,raw_no_target_labels,215,0.256,3.5056,2.43233687409
classic_current,B2,raw_no_target_labels,216,0.256,3.4931,2.43163018307
classic_current,B2,raw_no_target_labels,217,0.256,3.4933,2.43088688974
classic_current,B2,raw_no_target_labels,218,0.256,3.4711,2.43020568773
classic_current,B2,raw_no_target_labels,219,0.256,3.4659,2.42948883123
classic_current,B2,raw_no_target_labels,220,0.256,3.4839,2.42883152548
classic_current,B2,raw_no_target_labels,221,0.256,3.4539,2.42818522771
classic_current,B2,raw_no_target_labels,222,0.256,3.4381,2.42750461328
classic_current,B2,raw_no_target_labels,223,0.256,3.4586,2.42688010194
classic_current,B2,raw_no_target_labels,224,0.256,3.4478,2.42626564526
classic_current,B2,raw_no_target_labels,225,0.256,3.4434,2.4256181331
classic_current,B2,raw_no_target_labels,226,0.256,3.4474,2.42502361101
classic_current,B2,raw_no_target_labels,227,0.256,3.4489,2.42443830467
classic_current,B2,raw_no_target_labels,228,0.256,3.454,2.42382113195
classic_current,B2,raw_no_target_labels,229,0.256,3.416,2.42325412664
classic_current,B2,raw_no_target_labels,230,0.256,3.4221,2.42269559531
classic_current,B2,raw_no_target_labels,231,0.256,3.4291,2.42210631924
classic_current,B2,raw_no_target_labels,232,0.256,3.4248,2.42156464126
classic_current,B2,raw_no_target_labels,233,0.256,3.4275,2.42103077845
classic_current,B2,raw_no_target_labels,234,0.256,3.4211,2.42046722952
classic_current,B2,raw_no_target_labels,235,0.256,3.4238,2.41994893159
classic_current,B2,raw_no_target_labels,236,0.256,3.4016,2.41943786126
classic_current,B2,raw_no_target_labels,237,0.256,3.405,2.41889810468
classic_current,B2,raw_no_target_labels,238,0.256,3.4141,2.41840144788
classic_current,B2,raw_no_target_labels,239,0.256,3.3994,2.41791149263
classic_current,B2,raw_no_target_labels,240,0.256,3.3995,2.41739379625
classic_current,B2,raw_no_target_labels,241,0.256,3.3695,2.41691722183
classic_current,B2,raw_no_target_labels,242,0.256,3.3874,2.41644687628
classic_current,B2,raw_no_target_labels,243,0.256,3.3943,2.41594968375
classic_current,B2,raw_no_target_labels,244,0.256,3.3771,2.41549178953
classic_current,B2,raw_no_target_labels,245,0.256,3.3765,2.41503969802
classic_current,B2,raw_no_target_labels,246,0.256,3.3878,2.41456160622
classic_current,B2,raw_no_target_labels,247,0.256,3.3819,2.41412112668
classic_current,B2,raw_no_target_labels,248,0.256,3.3554,2.41368606442
classic_current,B2,raw_no_target_labels,249,0.256,3.3631,2.41322580431
classic_current,B2,raw_no_target_labels,250,0.256,3.3544,2.41280159372
classic_current,B2,raw_no_target_labels,251,0.256,3.3525,2.41238245074
classic_current,B2,raw_no_target_labels,252,0.256,3.3526,2.41193887117
classic_current,B2,raw_no_target_labels,253,0.256,3.361,2.41152988918
classic_current,B2,raw_no_target_labels,254,0.256,3.3674,2.41112565673
classic_current,B2,raw_no_target_labels,255,0.256,3.3355,2.4106977105
classic_current,B2,raw_no_target_labels,256,0.256,3.3305,2.41030300986
classic_current,B2,raw_no_target_labels,257,0.256,3.3512,2.40991276863
classic_current,B2,raw_no_target_labels,258,0.256,3.3308,2.40949950058
classic_current,B2,raw_no_target_labels,259,0.256,3.3283,2.40911821656
classic_current,B2,raw_no_target_labels,260,0.256,3.3361,2.40874112665
classic_current,B2,raw_no_target_labels,261,0.256,3.3048,2.40834166339
classic_current,B2,raw_no_target_labels,262,0.256,3.3424,2.40797300463
classic_current,B2,raw_no_target_labels,263,0.256,3.3341,2.40760829681
classic_current,B2,raw_no_target_labels,264,0.256,3.322,2.40722183781
classic_current,B2,raw_no_target_labels,265,0.256,3.3125,2.40686507841
classic_current,B2,raw_no_target_labels,266,0.256,3.3037,2.40651204655
classic_current,B2,raw_no_target_labels,267,0.256,3.3082,2.40613785641
classic_current,B2,raw_no_target_labels,268,0.256,3.3115,2.40579232904
classic_current,B2,raw_no_target_labels,269,0.256,3.3132,2.40545032353
classic_current,B2,raw_no_target_labels,270,0.256,3.2992,2.40508772523
classic_current,B2,raw_no_target_labels,271,0.256,3.3009,2.40475281509
classic_current,B2,raw_no_target_labels,272,0.256,3.3012,2.40442123709
classic_current,B2,raw_no_target_labels,273,0.256,3.2955,2.40406960608
classic_current,B2,raw_no_target_labels,274,0.256,3.3021,2.40374474565
classic_current,B2,raw_no_target_labels,275,0.256,3.2739,2.40342304201
classic_current,B2,raw_no_target_labels,276,0.256,3.2907,2.40308180103
classic_current,B2,raw_no_target_labels,277,0.256,3.307,2.40276646545
classic_current,B2,raw_no_target_labels,278,0.256,3.2841,2.40245412427
classic_current,B2,raw_no_target_labels,279,0.256,3.295,2.40212273879
classic_current,B2,raw_no_target_labels,280,0.256,3.2658,2.40181644173
classic_current,B2,raw_no_target_labels,281,0.256,3.284,2.40151298845
classic_current,B2,raw_no_target_labels,282,0.256,3.2939,2.40119096262
classic_current,B2,raw_no_target_labels,283,0.256,3.2928,2.4008932527
classic_current,B2,raw_no_target_labels,284,0.256,3.2982,2.4005982466
classic_current,B2,raw_no_target_labels,285,0.256,3.2843,2.40028511969
classic_current,B2,raw_no_target_labels,286,0.256,3.2764,2.39999557728
classic_current,B2,raw_no_target_labels,287,0.256,3.2644,2.3997086084
classic_current,B2,raw_no_target_labels,288,0.256,3.2838,2.39940395162
classic_current,B2,raw_no_target_labels,289,0.256,3.2779,2.39912218594
classic_current,B2,raw_no_target_labels,290,0.256,3.2937,2.39912218594
classic_current,B2,raw_no_target_labels,291,0.256,3.2596,2.39912218594
classic_current,B2,raw_no_target_labels,292,0.256,3.2787,2.39912218594
classic_current,B2,raw_no_target_labels,293,0.256,3.2598,2.39912218594
classic_current,B2,raw_no_target_labels,294,0.59,6.1868,2.70591501402
classic_current,B2,raw_no_target_labels,295,0.59,5.4588,2.59664825368
classic_current,B2,raw_no_target_labels,296,0.59,5.1068,2.54619657476
classic_current,B2,raw_no_target_labels,297,0.59,4.9172,2.5133622159
classic_current,B2,raw_no_target_labels,298,0.59,4.7094,2.48804321242
classic_current,B2,raw_no_target_labels,299,0.59,4.5718,2.46986469095
classic_current,B2,raw_no_target_labels,300,0.59,4.4608,2.45512775726
classic_current,B2,raw_no_target_labels,301,0.59,4.3643,2.44201590584
classic_current,B2,raw_no_target_labels,302,0.59,4.3373,2.43161584787
classic_current,B2,raw_no_target_labels,303,0.59,4.236,2.42256860743
classic_current,B2,raw_no_target_labels,304,0.59,4.2008,2.41405462601
classic_current,B2,raw_no_target_labels,305,0.59,4.1554,2.40699312627
classic_current,B2,raw_no_target_labels,306,0.59,4.1158,2.40063144946
classic_current,B2,raw_no_target_labels,307,0.59,4.0707,2.39446218367
classic_current,B2,raw_no_target_labels,308,0.59,4.0159,2.3892137892
classic_current,B2,raw_no_target_labels,309,0.59,3.9816,2.38438553719
classic_current,B2,raw_no_target_labels,310,0.59,3.9734,2.37961478495
classic_current,B2,raw_no_target_labels,311,0.59,3.9364,2.3754890615
classic_current,B2,raw_no_target_labels,312,0.59,3.9147,2.37164036449
classic_current,B2,raw_no_target_labels,313,0.59,3.881,2.36778850467
classic_current,B2,raw_no_target_labels,314,0.59,3.8696,2.36441903386
classic_current,B2,raw_no_target_labels,315,0.59,3.8147,2.36124440337
classic_current,B2,raw_no_target_labels,316,0.59,3.8084,2.35803746322
classic_current,B2,raw_no_target_labels,317,0.59,3.7529,2.35520829602
classic_current,B2,raw_no_target_labels,318,0.59,3.7741,2.35252278583
classic_current,B2,raw_no_target_labels,319,0.59,3.7599,2.34979069984
classic_current,B2,raw_no_target_labels,320,0.59,3.7409,2.34736471113
classic_current,B2,raw_no_target_labels,321,0.59,3.7052,2.34504852463
classic_current,B2,raw_no_target_labels,322,0.59,3.6802,2.34267904752
classic_current,B2,raw_no_target_labels,323,0.59,3.6808,2.34056415672
classic_current,B2,raw_no_target_labels,324,0.59,3.6708,2.33853560794
classic_current,B2,raw_no_target_labels,325,0.59,3.6435,2.33645107478
classic_current,B2,raw_no_target_labels,326,0.59,3.6593,2.33458269746
classic_current,B2,raw_no_target_labels,327,0.59,3.655,2.33278379092
classic_current,B2,raw_no_target_labels,328,0.59,3.6134,2.3309284104
classic_current,B2,raw_no_target_labels,329,0.59,3.606,2.32925963935
classic_current,B2,raw_no_target_labels,330,0.59,3.5918,2.32764783368
classic_current,B2,raw_no_target_labels,331,0.59,3.5857,2.32598028561
classic_current,B2,raw_no_target_labels,332,0.59,3.5691,2.32447606406
classic_current,B2,raw_no_target_labels,333,0.59,3.5612,2.32301930254
classic_current,B2,raw_no_target_labels,334,0.59,3.5612,2.32150819922
classic_current,B2,raw_no_target_labels,335,0.59,3.5417,2.32014169383
classic_current,B2,raw_no_target_labels,336,0.59,3.5382,2.31881526842
classic_current,B2,raw_no_target_labels,337,0.59,3.5235,2.31743625203
classic_current,B2,raw_no_target_labels,338,0.59,3.5094,2.31618650394
classic_current,B2,raw_no_target_labels,339,0.59,3.5001,2.31497100077
classic_current,B2,raw_no_target_labels,340,0.59,3.4975,2.31370482031
classic_current,B2,raw_no_target_labels,341,0.59,3.4997,2.31255517204
classic_current,B2,raw_no_target_labels,342,0.59,3.4954,2.31143508202
classic_current,B2,raw_no_target_labels,343,0.59,3.4807,2.31026628014
classic_current,B2,raw_no_target_labels,344,0.59,3.4671,2.30920329157
classic_current,B2,raw_no_target_labels,345,0.59,3.4797,2.3081660448
classic_current,B2,raw_no_target_labels,346,0.59,3.4497,2.30708203767
classic_current,B2,raw_no_target_labels,347,0.59,3.4467,2.30609472026
classic_current,B2,raw_no_target_labels,348,0.59,3.4478,2.30512999895
classic_current,B2,raw_no_target_labels,349,0.59,3.4278,2.30412041656
classic_current,B2,raw_no_target_labels,350,0.59,3.4083,2.3031996806
classic_current,B2,raw_no_target_labels,351,0.59,3.4244,2.3022989198
classic_current,B2,raw_no_target_labels,352,0.59,3.4009,2.30135512369
classic_current,B2,raw_no_target_labels,353,0.59,3.4062,2.30049337157
classic_current,B2,raw_no_target_labels,354,0.59,3.4045,2.29964938978
classic_current,B2,raw_no_target_labels,355,0.59,3.3934,2.298764114
classic_current,B2,raw_no_target_labels,356,0.59,3.3985,2.29795493587
classic_current,B2,raw_no_target_labels,357,0.59,3.3848,2.29716165709
classic_current,B2,raw_no_target_labels,358,0.59,3.3843,2.29632873683
classic_current,B2,raw_no_target_labels,359,0.59,3.3828,2.2955666793
classic_current,B2,raw_no_target_labels,360,0.59,3.3547,2.294818921
classic_current,B2,raw_no_target_labels,361,0.59,3.3613,2.29403308443
classic_current,B2,raw_no_target_labels,362,0.59,3.3545,2.29331347247
classic_current,B2,raw_no_target_labels,363,0.59,3.3493,2.29260678144
classic_current,B2,raw_no_target_labels,364,0.59,3.3408,2.29186348811
classic_current,B2,raw_no_target_labels,365,0.59,3.3703,2.2911822861
classic_current,B2,raw_no_target_labels,366,0.59,3.3317,2.2904654296
classic_current,B2,raw_no_target_labels,367,0.59,3.3423,2.28980812386
classic_current,B2,raw_no_target_labels,368,0.59,3.3376,2.28916182608
classic_current,B2,raw_no_target_labels,369,0.59,3.3177,2.28848121166
classic_current,B2,raw_no_target_labels,370,0.59,3.323,2.28785670032
classic_current,B2,raw_no_target_labels,371,0.59,3.3145,2.28724224364
classic_current,B2,raw_no_target_labels,372,0.59,3.3082,2.28659473147
classic_current,B2,raw_no_target_labels,373,0.59,3.302,2.28600020938
classic_current,B2,raw_no_target_labels,374,0.59,3.2986,2.28541490304
classic_current,B2,raw_no_target_labels,375,0.59,3.3141,2.28479773032
classic_current,B2,raw_no_target_labels,376,0.59,3.301,2.28423072501
classic_current,B2,raw_no_target_labels,377,0.59,3.2799,2.28367219368
classic_current,B2,raw_no_target_labels,378,0.59,3.2931,2.28308291761
classic_current,B2,raw_no_target_labels,379,0.59,3.2857,2.28254123964
classic_current,B2,raw_no_target_labels,380,0.59,3.2804,2.28200737682
classic_current,B2,raw_no_target_labels,381,0.59,3.2861,2.28144382789
classic_current,B2,raw_no_target_labels,382,0.59,3.2593,2.28092552997
classic_current,B2,raw_no_target_labels,383,0.59,3.2627,2.28041445964
classic_current,B2,raw_no_target_labels,384,0.59,3.271,2.27987470306
classic_current,B2,raw_no_target_labels,385,0.59,3.255,2.27937804626
classic_current,B2,raw_no_target_labels,386,0.59,3.2751,2.278888091
classic_current,B2,raw_no_target_labels,387,0.59,3.2562,2.27837039462
classic_current,B2,raw_no_target_labels,388,0.59,3.2515,2.2778938202
classic_current,B2,raw_no_target_labels,389,0.59,3.2527,2.27742347465
classic_current,B2,raw_no_target_labels,390,0.59,3.2404,2.27692628212
classic_current,B2,raw_no_target_labels,391,0.59,3.2433,2.2764683879
classic_current,B2,raw_no_target_labels,392,0.59,3.2329,2.2760162964
classic_current,B2,raw_no_target_labels,393,0.59,3.2286,2.27553820459
classic_current,B2,raw_no_target_labels,394,0.59,3.2389,2.27509772506
classic_current,B2,raw_no_target_labels,395,0.59,3.2335,2.27466266279
classic_current,B2,raw_no_target_labels,396,0.59,3.2243,2.27420240269
classic_current,B2,raw_no_target_labels,397,0.59,3.2167,2.27377819209
classic_current,B2,raw_no_target_labels,398,0.59,3.2187,2.27335904912
classic_current,B2,raw_no_target_labels,399,0.59,3.2169,2.27291546955
classic_current,B2,raw_no_target_labels,400,0.59,3.2201,2.27250648756
classic_current,B2,raw_no_target_labels,401,0.59,3.2002,2.2721022551
classic_current,B2,raw_no_target_labels,402,0.59,3.1932,2.27167430887
classic_current,B2,raw_no_target_labels,403,0.59,3.228,2.27127960823
classic_current,B2,raw_no_target_labels,404,0.59,3.2009,2.270889367
classic_current,B2,raw_no_target_labels,405,0.59,3.1972,2.27047609895
classic_current,B2,raw_no_target_labels,406,0.59,3.1994,2.27009481493
classic_current,B2,raw_no_target_labels,407,0.59,3.2034,2.26971772502
classic_current,B2,raw_no_target_labels,408,0.59,3.1978,2.26931826176
classic_current,B2,raw_no_target_labels,409,0.59,3.1835,2.26894960301
classic_current,B2,raw_no_target_labels,410,0.59,3.175,2.26858489518
classic_current,B2,raw_no_target_labels,411,0.59,3.1745,2.26819843619
classic_current,B2,raw_no_target_labels,412,0.59,3.1884,2.26784167679
classic_current,B2,raw_no_target_labels,413,0.59,3.1934,2.26748864493
classic_current,B2,raw_no_target_labels,414,0.59,3.179,2.26711445479
classic_current,B2,raw_no_target_labels,415,0.59,3.1705,2.26676892741
classic_current,B2,raw_no_target_labels,416,0.59,3.1772,2.26642692191
classic_current,B2,raw_no_target_labels,417,0.59,3.1876,2.26606432361
classic_current,B2,raw_no_target_labels,418,0.59,3.1692,2.26572941346
classic_current,B2,raw_no_target_labels,419,0.59,3.1824,2.26539783547
classic_current,B2,raw_no_target_labels,420,0.59,3.1829,2.26504620445
classic_current,B2,raw_no_target_labels,421,0.59,3.1523,2.26472134402
classic_current,B2,raw_no_target_labels,422,0.59,3.1565,2.26439964039
classic_current,B2,raw_no_target_labels,423,0.59,3.1721,2.2640583994
classic_current,B2,raw_no_target_labels,424,0.59,3.1519,2.26374306382
classic_current,B2,raw_no_target_labels,425,0.59,3.1457,2.26343072265
classic_current,B2,raw_no_target_labels,426,0.59,3.15,2.26309933716
classic_current,B2,raw_no_target_labels,427,0.59,3.1455,2.26279304011
classic_current,B2,raw_no_target_labels,428,0.59,3.146,2.26248958682
classic_current,B2,raw_no_target_labels,429,0.59,3.1423,2.26216756099
classic_current,B2,raw_no_target_labels,430,0.59,3.1423,2.26186985108
classic_current,B2,raw_no_target_labels,431,0.59,3.1537,2.26157484497
classic_current,B2,raw_no_target_labels,432,0.59,3.1461,2.26126171806
classic_current,B2,raw_no_target_labels,433,0.59,3.1269,2.26097217565
classic_current,B2,raw_no_target_labels,434,0.59,3.1323,2.26068520677
classic_current,B2,raw_no_target_labels,435,0.59,3.1495,2.26038055
classic_current,B2,raw_no_target_labels,436,0.59,3.1126,2.26009878432
classic_current,B2,raw_no_target_labels,437,0.59,3.1164,2.26009878432
classic_current,B2,raw_no_target_labels,438,0.59,3.1376,2.26009878432
classic_current,B2,raw_no_target_labels,439,0.59,3.1288,2.26009878432
classic_current,B2,raw_no_target_labels,440,0.59,3.1422,2.26009878432
classic_current,B2,raw_no_target_labels,441,1.3,6.0969,2.60615843265
classic_current,B2,raw_no_target_labels,442,1.3,5.3885,2.4968916723
classic_current,B2,raw_no_target_labels,443,1.3,5.0169,2.44643999338
classic_current,B2,raw_no_target_labels,444,1.3,4.7769,2.41360563453
classic_current,B2,raw_no_target_labels,445,1.3,4.6097,2.38828663105
classic_current,B2,raw_no_target_labels,446,1.3,4.4793,2.37010810957
classic_current,B2,raw_no_target_labels,447,1.3,4.3778,2.35537117589
classic_current,B2,raw_no_target_labels,448,1.3,4.2916,2.34225932447
classic_current,B2,raw_no_target_labels,449,1.3,4.227,2.33185926649
classic_current,B2,raw_no_target_labels,450,1.3,4.1514,2.32281202606
classic_current,B2,raw_no_target_labels,451,1.3,4.1002,2.31429804463
classic_current,B2,raw_no_target_labels,452,1.3,4.0331,2.30723654489
classic_current,B2,raw_no_target_labels,453,1.3,3.9819,2.30087486808
classic_current,B2,raw_no_target_labels,454,1.3,3.9704,2.2947056023
classic_current,B2,raw_no_target_labels,455,1.3,3.905,2.28945720783
classic_current,B2,raw_no_target_labels,456,1.3,3.8784,2.28462895582
classic_current,B2,raw_no_target_labels,457,1.3,3.8654,2.27985820358
classic_current,B2,raw_no_target_labels,458,1.3,3.8059,2.27573248012
classic_current,B2,raw_no_target_labels,459,1.3,3.7907,2.27188378312
classic_current,B2,raw_no_target_labels,460,1.3,3.772,2.2680319233
classic_current,B2,raw_no_target_labels,461,1.3,3.7751,2.26466245249
classic_current,B2,raw_no_target_labels,462,1.3,3.7297,2.26148782199
classic_current,B2,raw_no_target_labels,463,1.3,3.6846,2.25828088185
classic_current,B2,raw_no_target_labels,464,1.3,3.6748,2.25545171465
classic_current,B2,raw_no_target_labels,465,1.3,3.6764,2.25276620446
classic_current,B2,raw_no_target_labels,466,1.3,3.6422,2.25003411847
classic_current,B2,raw_no_target_labels,467,1.3,3.625,2.24760812976
classic_current,B2,raw_no_target_labels,468,1.3,3.6149,2.24529194326
classic_current,B2,raw_no_target_labels,469,1.3,3.6031,2.24292246615
classic_current,B2,raw_no_target_labels,470,1.3,3.6046,2.24080757534
classic_current,B2,raw_no_target_labels,471,1.3,3.573,2.23877902656
classic_current,B2,raw_no_target_labels,472,1.3,3.5631,2.23669449341
classic_current,B2,raw_no_target_labels,473,1.3,3.5374,2.23482611609
classic_current,B2,raw_no_target_labels,474,1.3,3.541,2.23302720955
classic_current,B2,raw_no_target_labels,475,1.3,3.5013,2.23117182903
classic_current,B2,raw_no_target_labels,476,1.3,3.5101,2.22950305798
classic_current,B2,raw_no_target_labels,477,1.3,3.511,2.22789125231
classic_current,B2,raw_no_target_labels,478,1.3,3.4765,2.22622370424
classic_current,B2,raw_no_target_labels,479,1.3,3.4749,2.22471948269
classic_current,B2,raw_no_target_labels,480,1.3,3.4807,2.22326272117
classic_current,B2,raw_no_target_labels,481,1.3,3.4531,2.22175161785
classic_current,B2,raw_no_target_labels,482,1.3,3.4498,2.22038511246
classic_current,B2,raw_no_target_labels,483,1.3,3.4198,2.21905868705
classic_current,B2,raw_no_target_labels,484,1.3,3.4372,2.21767967066
classic_current,B2,raw_no_target_labels,485,1.3,3.4189,2.21642992257
classic_current,B2,raw_no_target_labels,486,1.3,3.4079,2.2152144194
classic_current,B2,raw_no_target_labels,487,1.3,3.4168,2.21394823894
classic_current,B2,raw_no_target_labels,488,1.3,3.3716,2.21279859067
classic_current,B2,raw_no_target_labels,489,1.3,3.3877,2.21167850064
classic_current,B2,raw_no_target_labels,490,1.3,3.3874,2.21050969877
classic_current,B2,raw_no_target_labels,491,1.3,3.3717,2.20944671019
classic_current,B2,raw_no_target_labels,492,1.3,3.3738,2.20840946343
classic_current,B2,raw_no_target_labels,493,1.3,3.366,2.2073254563
classic_current,B2,raw_no_target_labels,494,1.3,3.3442,2.20633813888
classic_current,B2,raw_no_target_labels,495,1.3,3.3481,2.20537341757
classic_current,B2,raw_no_target_labels,496,1.3,3.3334,2.20436383519
classic_current,B2,raw_no_target_labels,497,1.3,3.314,2.20344309923
classic_current,B2,raw_no_target_labels,498,1.3,3.3248,2.20254233843
classic_current,B2,raw_no_target_labels,499,1.3,3.3104,2.20159854232
classic_current,B2,raw_no_target_labels,500,1.3,3.3063,2.2007367902
classic_current,B2,raw_no_target_labels,501,1.3,3.3134,2.1998928084
classic_current,B2,raw_no_target_labels,502,1.3,3.2935,2.19900753263
classic_current,B2,raw_no_target_labels,503,1.3,3.2618,2.19819835449
classic_current,B2,raw_no_target_labels,504,1.3,3.2803,2.19740507572
classic_current,B2,raw_no_target_labels,505,1.3,3.2939,2.19657215546
classic_current,B2,raw_no_target_labels,506,1.3,3.2744,2.19581009793
classic_current,B2,raw_no_target_labels,507,1.3,3.2638,2.19506233962
classic_current,B2,raw_no_target_labels,508,1.3,3.2676,2.19427650306
classic_current,B2,raw_no_target_labels,509,1.3,3.2525,2.1935568911
classic_current,B2,raw_no_target_labels,510,1.3,3.2441,2.19285020007
classic_current,B2,raw_no_target_labels,511,1.3,3.2401,2.19210690674
classic_current,B2,raw_no_target_labels,512,1.3,3.247,2.19142570473
classic_current,B2,raw_no_target_labels,513,1.3,3.2368,2.19070884823
classic_current,B2,raw_no_target_labels,514,1.3,3.1999,2.19005154249
classic_current,B2,raw_no_target_labels,515,1.3,3.2125,2.18940524471
classic_current,B2,raw_no_target_labels,516,1.3,3.2229,2.18872463028
classic_current,B2,raw_no_target_labels,517,1.3,3.199,2.18810011895
classic_current,B2,raw_no_target_labels,518,1.3,3.238,2.18748566226
classic_current,B2,raw_no_target_labels,519,1.3,3.2022,2.1868381501
classic_current,B2,raw_no_target_labels,520,1.3,3.2104,2.18624362801
classic_current,B2,raw_no_target_labels,521,1.3,3.1955,2.18565832167
classic_current,B2,raw_no_target_labels,522,1.3,3.2036,2.18504114895
classic_current,B2,raw_no_target_labels,523,1.3,3.2029,2.18447414364
classic_current,B2,raw_no_target_labels,524,1.3,3.1901,2.18391561231
classic_current,B2,raw_no_target_labels,525,1.3,3.1992,2.18332633624
classic_current,B2,raw_no_target_labels,526,1.3,3.1741,2.18278465826
classic_current,B2,raw_no_target_labels,527,1.3,3.1756,2.18225079545
classic_current,B2,raw_no_target_labels,528,1.3,3.1774,2.18168724652
classic_current,B2,raw_no_target_labels,529,1.3,3.1684,2.18116894859
classic_current,B2,raw_no_target_labels,530,1.3,3.1675,2.18065787827
classic_current,B2,raw_no_target_labels,531,1.3,3.1656,2.18011812169
classic_current,B2,raw_no_target_labels,532,1.3,3.1615,2.17962146489
classic_current,B2,raw_no_target_labels,533,1.3,3.1906,2.17913150963
classic_current,B2,raw_no_target_labels,534,1.3,3.1606,2.17861381325
classic_current,B2,raw_no_target_labels,535,1.3,3.1238,2.17813723883
classic_current,B2,raw_no_target_labels,536,1.3,3.1546,2.17766689328
classic_current,B2,raw_no_target_labels,537,1.3,3.1348,2.17716970075
classic_current,B2,raw_no_target_labels,538,1.3,3.1366,2.17671180653
classic_current,B2,raw_no_target_labels,539,1.3,3.1351,2.17625971502
classic_current,B2,raw_no_target_labels,540,1.3,3.1186,2.17578162322
classic_current,B2,raw_no_target_labels,541,1.3,3.1289,2.17534114368
classic_current,B2,raw_no_target_labels,542,1.3,3.1598,2.17490608142
classic_current,B2,raw_no_target_labels,543,1.3,3.1217,2.17444582131
classic_current,B2,raw_no_target_labels,544,1.3,3.1099,2.17402161072
classic_current,B2,raw_no_target_labels,545,1.3,3.1309,2.17360246775
classic_current,B2,raw_no_target_labels,546,1.3,3.1157,2.17315888818
classic_current,B2,raw_no_target_labels,547,1.3,3.1022,2.17274990618
classic_current,B2,raw_no_target_labels,548,1.3,3.1116,2.17234567373
classic_current,B2,raw_no_target_labels,549,1.3,3.105,2.1719177275
classic_current,B2,raw_no_target_labels,550,1.3,3.1072,2.17152302686
classic_current,B2,raw_no_target_labels,551,1.3,3.0972,2.17113278563
classic_current,B2,raw_no_target_labels,552,1.3,3.0945,2.17071951758
classic_current,B2,raw_no_target_labels,553,1.3,3.0982,2.17033823356
classic_current,B2,raw_no_target_labels,554,1.3,3.0938,2.16996114365
classic_current,B2,raw_no_target_labels,555,1.3,3.086,2.16956168039
classic_current,B2,raw_no_target_labels,556,1.3,3.0976,2.16919302163
classic_current,B2,raw_no_target_labels,557,1.3,3.0616,2.16882831381
classic_current,B2,raw_no_target_labels,558,1.3,3.0947,2.16844185481
classic_current,B2,raw_no_target_labels,559,1.3,3.076,2.16808509541
classic_current,B2,raw_no_target_labels,560,1.3,3.068,2.16773206355
classic_current,B2,raw_no_target_labels,561,1.3,3.0702,2.16735787342
classic_current,B2,raw_no_target_labels,562,1.3,3.0621,2.16701234604
classic_current,B2,raw_no_target_labels,563,1.3,3.0725,2.16667034054
classic_current,B2,raw_no_target_labels,564,1.3,3.0765,2.16630774223
classic_current,B2,raw_no_target_labels,565,1.3,3.068,2.16597283209
classic_current,B2,raw_no_target_labels,566,1.3,3.0644,2.16564125409
classic_current,B2,raw_no_target_labels,567,1.3,3.063,2.16528962308
classic_current,B2,raw_no_target_labels,568,1.3,3.0609,2.16496476265
classic_current,B2,raw_no_target_labels,569,1.3,3.0521,2.16464305902
classic_current,B2,raw_no_target_labels,570,1.3,3.0579,2.16430181803
classic_current,B2,raw_no_target_labels,571,1.3,3.0428,2.16398648245
classic_current,B2,raw_no_target_labels,572,1.3,3.0591,2.16367414127
classic_current,B2,raw_no_target_labels,573,1.3,3.0652,2.16334275579
classic_current,B2,raw_no_target_labels,574,1.3,3.0515,2.16303645873
classic_current,B2,raw_no_target_labels,575,1.3,3.0481,2.16273300545
classic_current,B2,raw_no_target_labels,576,1.3,3.0363,2.16241097962
classic_current,B2,raw_no_target_labels,577,1.3,3.0354,2.16211326971
classic_current,B2,raw_no_target_labels,578,1.3,3.039,2.1618182636
classic_current,B2,raw_no_target_labels,579,1.3,3.0181,2.16150513669
classic_current,B2,raw_no_target_labels,580,1.3,3.0468,2.16121559428
classic_current,B2,raw_no_target_labels,581,1.3,3.0286,2.1609286254
classic_current,B2,raw_no_target_labels,582,1.3,3.0393,2.16062396862
classic_current,B2,raw_no_target_labels,583,1.3,3.0207,2.16034220294
classic_current,B2,raw_no_target_labels,584,1.3,3.0089,2.16034220294
classic_current,B2,raw_no_target_labels,585,1.3,3.0192,2.16034220294
classic_current,B2,raw_no_target_labels,586,1.3,3.0382,2.16034220294
classic_current,B2,raw_no_target_labels,587,1.3,3.0308,2.16034220294
classic_current,B2,raw_no_target_labels,588,2.7,6.0114,2.53492242563
classic_current,B2,raw_no_target_labels,589,2.7,5.2897,2.42565566529
classic_current,B2,raw_no_target_labels,590,2.7,4.9366,2.37520398637
classic_current,B2,raw_no_target_labels,591,2.7,4.698,2.34236962751
classic_current,B2,raw_no_target_labels,592,2.7,4.5375,2.31705062403
classic_current,B2,raw_no_target_labels,593,2.7,4.397,2.29887210256
classic_current,B2,raw_no_target_labels,594,2.7,4.2948,2.28413516887
classic_current,B2,raw_no_target_labels,595,2.7,4.1897,2.27102331746
classic_current,B2,raw_no_target_labels,596,2.7,4.1484,2.26062325948
classic_current,B2,raw_no_target_labels,597,2.7,4.0792,2.25157601904
classic_current,B2,raw_no_target_labels,598,2.7,4.0507,2.24306203762
classic_current,B2,raw_no_target_labels,599,2.7,3.99,2.23600053788
classic_current,B2,raw_no_target_labels,600,2.7,3.9117,2.22963886107
classic_current,B2,raw_no_target_labels,601,2.7,3.8887,2.22346959528
classic_current,B2,raw_no_target_labels,602,2.7,3.8482,2.21822120081
classic_current,B2,raw_no_target_labels,603,2.7,3.8267,2.2133929488
classic_current,B2,raw_no_target_labels,604,2.7,3.7859,2.20862219656
classic_current,B2,raw_no_target_labels,605,2.7,3.7575,2.20449647311
classic_current,B2,raw_no_target_labels,606,2.7,3.7271,2.2006477761
classic_current,B2,raw_no_target_labels,607,2.7,3.6934,2.19679591628
classic_current,B2,raw_no_target_labels,608,2.7,3.6651,2.19342644547
classic_current,B2,raw_no_target_labels,609,2.7,3.6683,2.19025181498
classic_current,B2,raw_no_target_labels,610,2.7,3.6336,2.18704487483
classic_current,B2,raw_no_target_labels,611,2.7,3.6255,2.18421570763
classic_current,B2,raw_no_target_labels,612,2.7,3.5919,2.18153019744
classic_current,B2,raw_no_target_labels,613,2.7,3.5754,2.17879811145
classic_current,B2,raw_no_target_labels,614,2.7,3.5938,2.17637212274
classic_current,B2,raw_no_target_labels,615,2.7,3.5487,2.17405593624
classic_current,B2,raw_no_target_labels,616,2.7,3.5217,2.17168645913
classic_current,B2,raw_no_target_labels,617,2.7,3.5114,2.16957156833
classic_current,B2,raw_no_target_labels,618,2.7,3.5054,2.16754301955
classic_current,B2,raw_no_target_labels,619,2.7,3.4975,2.16545848639
classic_current,B2,raw_no_target_labels,620,2.7,3.4639,2.16359010907
classic_current,B2,raw_no_target_labels,621,2.7,3.4625,2.16179120253
classic_current,B2,raw_no_target_labels,622,2.7,3.4321,2.15993582201
classic_current,B2,raw_no_target_labels,623,2.7,3.4342,2.15826705097
classic_current,B2,raw_no_target_labels,624,2.7,3.4073,2.15665524529
classic_current,B2,raw_no_target_labels,625,2.7,3.4138,2.15498769723
classic_current,B2,raw_no_target_labels,626,2.7,3.4006,2.15348347567
classic_current,B2,raw_no_target_labels,627,2.7,3.4066,2.15202671415
classic_current,B2,raw_no_target_labels,628,2.7,3.3691,2.15051561083
classic_current,B2,raw_no_target_labels,629,2.7,3.3849,2.14914910544
classic_current,B2,raw_no_target_labels,630,2.7,3.3422,2.14782268003
classic_current,B2,raw_no_target_labels,631,2.7,3.3471,2.14644366365
classic_current,B2,raw_no_target_labels,632,2.7,3.3357,2.14519391556
classic_current,B2,raw_no_target_labels,633,2.7,3.3388,2.14397841238
classic_current,B2,raw_no_target_labels,634,2.7,3.3382,2.14271223192
classic_current,B2,raw_no_target_labels,635,2.7,3.3225,2.14156258365
classic_current,B2,raw_no_target_labels,636,2.7,3.3067,2.14044249363
classic_current,B2,raw_no_target_labels,637,2.7,3.2984,2.13927369175
classic_current,B2,raw_no_target_labels,638,2.7,3.2774,2.13821070318
classic_current,B2,raw_no_target_labels,639,2.7,3.2834,2.13717345641
classic_current,B2,raw_no_target_labels,640,2.7,3.2628,2.13608944928
classic_current,B2,raw_no_target_labels,641,2.7,3.2712,2.13510213187
classic_current,B2,raw_no_target_labels,642,2.7,3.2753,2.13413741056
classic_current,B2,raw_no_target_labels,643,2.7,3.2519,2.13312782817
classic_current,B2,raw_no_target_labels,644,2.7,3.2495,2.13220709221
classic_current,B2,raw_no_target_labels,645,2.7,3.2542,2.13130633141
classic_current,B2,raw_no_target_labels,646,2.7,3.2302,2.1303625353
classic_current,B2,raw_no_target_labels,647,2.7,3.2523,2.12950078319
classic_current,B2,raw_no_target_labels,648,2.7,3.2052,2.12865680139
classic_current,B2,raw_no_target_labels,649,2.7,3.2186,2.12777152561
classic_current,B2,raw_no_target_labels,650,2.7,3.212,2.12696234748
classic_current,B2,raw_no_target_labels,651,2.7,3.2053,2.1261690687
classic_current,B2,raw_no_target_labels,652,2.7,3.2132,2.12533614844
classic_current,B2,raw_no_target_labels,653,2.7,3.2003,2.12457409091
classic_current,B2,raw_no_target_labels,654,2.7,3.1924,2.12382633261
classic_current,B2,raw_no_target_labels,655,2.7,3.2048,2.12304049605
classic_current,B2,raw_no_target_labels,656,2.7,3.1825,2.12232088408
classic_current,B2,raw_no_target_labels,657,2.7,3.1857,2.12161419305
classic_current,B2,raw_no_target_labels,658,2.7,3.1907,2.12087089972
classic_current,B2,raw_no_target_labels,659,2.7,3.1806,2.12018969771
classic_current,B2,raw_no_target_labels,660,2.7,3.1644,2.11947284121
classic_current,B2,raw_no_target_labels,661,2.7,3.1662,2.11881553547
classic_current,B2,raw_no_target_labels,662,2.7,3.1655,2.11816923769
classic_current,B2,raw_no_target_labels,663,2.7,3.1463,2.11748862327
classic_current,B2,raw_no_target_labels,664,2.7,3.1617,2.11686411193
classic_current,B2,raw_no_target_labels,665,2.7,3.1542,2.11624965525
classic_current,B2,raw_no_target_labels,666,2.7,3.1272,2.11560214309
classic_current,B2,raw_no_target_labels,667,2.7,3.1415,2.11500762099
classic_current,B2,raw_no_target_labels,668,2.7,3.137,2.11442231465
classic_current,B2,raw_no_target_labels,669,2.7,3.1239,2.11380514194
classic_current,B2,raw_no_target_labels,670,2.7,3.1248,2.11323813662
classic_current,B2,raw_no_target_labels,671,2.7,3.1232,2.1126796053
classic_current,B2,raw_no_target_labels,672,2.7,3.1054,2.11209032922
classic_current,B2,raw_no_target_labels,673,2.7,3.1034,2.11154865125
classic_current,B2,raw_no_target_labels,674,2.7,3.1023,2.11101478844
classic_current,B2,raw_no_target_labels,675,2.7,3.1037,2.1104512395
classic_current,B2,raw_no_target_labels,676,2.7,3.1039,2.10993294158
classic_current,B2,raw_no_target_labels,677,2.7,3.0725,2.10942187125
classic_current,B2,raw_no_target_labels,678,2.7,3.087,2.10888211467
classic_current,B2,raw_no_target_labels,679,2.7,3.1159,2.10838545787
classic_current,B2,raw_no_target_labels,680,2.7,3.0832,2.10789550261
classic_current,B2,raw_no_target_labels,681,2.7,3.0881,2.10737780623
classic_current,B2,raw_no_target_labels,682,2.7,3.0699,2.10690123181
classic_current,B2,raw_no_target_labels,683,2.7,3.0789,2.10643088626
classic_current,B2,raw_no_target_labels,684,2.7,3.0763,2.10593369373
classic_current,B2,raw_no_target_labels,685,2.7,3.0619,2.10547579952
classic_current,B2,raw_no_target_labels,686,2.7,3.0809,2.10502370801
classic_current,B2,raw_no_target_labels,687,2.7,3.0598,2.1045456162
classic_current,B2,raw_no_target_labels,688,2.7,3.0551,2.10410513667
classic_current,B2,raw_no_target_labels,689,2.7,3.0516,2.1036700744
classic_current,B2,raw_no_target_labels,690,2.7,3.0429,2.1032098143
classic_current,B2,raw_no_target_labels,691,2.7,3.0535,2.1027856037
classic_current,B2,raw_no_target_labels,692,2.7,3.0366,2.10236646073
classic_current,B2,raw_no_target_labels,693,2.7,3.046,2.10192288116
classic_current,B2,raw_no_target_labels,694,2.7,3.0677,2.10151389917
classic_current,B2,raw_no_target_labels,695,2.7,3.0378,2.10110966671
classic_current,B2,raw_no_target_labels,696,2.7,3.0383,2.10068172048
classic_current,B2,raw_no_target_labels,697,2.7,3.0398,2.10028701984
classic_current,B2,raw_no_target_labels,698,2.7,3.0236,2.09989677861
classic_current,B2,raw_no_target_labels,699,2.7,3.0348,2.09948351056
classic_current,B2,raw_no_target_labels,700,2.7,3.0378,2.09910222654
classic_current,B2,raw_no_target_labels,701,2.7,3.0221,2.09872513663
classic_current,B2,raw_no_target_labels,702,2.7,3.035,2.09832567338
classic_current,B2,raw_no_target_labels,703,2.7,3.0234,2.09795701462
classic_current,B2,raw_no_target_labels,704,2.7,3.0241,2.09759230679
classic_current,B2,raw_no_target_labels,705,2.7,3.018,2.0972058478
classic_current,B2,raw_no_target_labels,706,2.7,3.0171,2.0968490884
classic_current,B2,raw_no_target_labels,707,2.7,3.0208,2.09649605654
classic_current,B2,raw_no_target_labels,708,2.7,2.9994,2.0961218664
classic_current,B2,raw_no_target_labels,709,2.7,3.0069,2.09577633902
classic_current,B2,raw_no_target_labels,710,2.7,2.993,2.09543433352
classic_current,B2,raw_no_target_labels,711,2.7,2.9982,2.09507173522
classic_current,B2,raw_no_target_labels,712,2.7,2.9895,2.09473682507
classic_current,B2,raw_no_target_labels,713,2.7,2.9932,2.09440524708
classic_current,B2,raw_no_target_labels,714,2.7,2.997,2.09405361606
classic_current,B2,raw_no_target_labels,715,2.7,2.9682,2.09372875564
classic_current,B2,raw_no_target_labels,716,2.7,2.976,2.093407052
classic_current,B2,raw_no_target_labels,717,2.7,2.9822,2.09306581101
classic_current,B2,raw_no_target_labels,718,2.7,2.9733,2.09275047543
classic_current,B2,raw_no_target_labels,719,2.7,2.9599,2.09243813426
classic_current,B2,raw_no_target_labels,720,2.7,2.9797,2.09210674877
classic_current,B2,raw_no_target_labels,721,2.7,2.9706,2.09180045172
classic_current,B2,raw_no_target_labels,722,2.7,2.9901,2.09149699843
classic_current,B2,raw_no_target_labels,723,2.7,2.9641,2.0911749726
classic_current,B2,raw_no_target_labels,724,2.7,2.9628,2.09087726269
classic_current,B2,raw_no_target_labels,725,2.7,2.9668,2.09058225658
classic_current,B2,raw_no_target_labels,726,2.7,2.9568,2.09026912968
classic_current,B2,raw_no_target_labels,727,2.7,2.9685,2.08997958726
classic_current,B2,raw_no_target_labels,728,2.7,2.9649,2.08969261838
classic_current,B2,raw_no_target_labels,729,2.7,2.9607,2.08938796161
classic_current,B2,raw_no_target_labels,730,2.7,2.9703,2.08910619593
classic_current,B2,raw_no_target_labels,731,2.7,2.9612,2.08910619593
classic_current,B2,raw_no_target_labels,732,2.7,2.974,2.08910619593
classic_current,B2,raw_no_target_labels,733,2.7,2.9622,2.08910619593
classic_current,B2,raw_no_target_labels,734,2.7,2.9453,2.08910619593
classic_current,B2,raw_no_target_labels,735,6.7,5.9795,2.46779506869
classic_current,B2,raw_no_target_labels,736,6.7,5.2198,2.35852830834
classic_current,B2,raw_no_target_labels,737,6.7,4.8737,2.30807662942
classic_current,B2,raw_no_target_labels,738,6.7,4.6275,2.27524227057
classic_current,B2,raw_no_target_labels,739,6.7,4.4713,2.24992326708
classic_current,B2,raw_no_target_labels,740,6.7,4.3226,2.23174474561
classic_current,B2,raw_no_target_labels,741,6.7,4.2357,2.21700781193
classic_current,B2,raw_no_target_labels,742,6.7,4.1609,2.20389596051
classic_current,B2,raw_no_target_labels,743,6.7,4.0776,2.19349590253
classic_current,B2,raw_no_target_labels,744,6.7,4.023,2.18444866209
classic_current,B2,raw_no_target_labels,745,6.7,3.9439,2.17593468067
classic_current,B2,raw_no_target_labels,746,6.7,3.8998,2.16887318093
classic_current,B2,raw_no_target_labels,747,6.7,3.8565,2.16251150412
classic_current,B2,raw_no_target_labels,748,6.7,3.8133,2.15634223834
classic_current,B2,raw_no_target_labels,749,6.7,3.7848,2.15109384387
classic_current,B2,raw_no_target_labels,750,6.7,3.7579,2.14626559186
classic_current,B2,raw_no_target_labels,751,6.7,3.7307,2.14149483962
classic_current,B2,raw_no_target_labels,752,6.7,3.6952,2.13736911616
classic_current,B2,raw_no_target_labels,753,6.7,3.6562,2.13352041916
classic_current,B2,raw_no_target_labels,754,6.7,3.6202,2.12966855934
classic_current,B2,raw_no_target_labels,755,6.7,3.6279,2.12629908853
classic_current,B2,raw_no_target_labels,756,6.7,3.591,2.12312445803
classic_current,B2,raw_no_target_labels,757,6.7,3.5589,2.11991751789
classic_current,B2,raw_no_target_labels,758,6.7,3.5543,2.11708835069
classic_current,B2,raw_no_target_labels,759,6.7,3.5167,2.11440284049
classic_current,B2,raw_no_target_labels,760,6.7,3.5268,2.11167075451
classic_current,B2,raw_no_target_labels,761,6.7,3.499,2.1092447658
classic_current,B2,raw_no_target_labels,762,6.7,3.4618,2.10692857929
classic_current,B2,raw_no_target_labels,763,6.7,3.4636,2.10455910219
classic_current,B2,raw_no_target_labels,764,6.7,3.4444,2.10244421138
classic_current,B2,raw_no_target_labels,765,6.7,3.4421,2.1004156626
classic_current,B2,raw_no_target_labels,766,6.7,3.4222,2.09833112944
classic_current,B2,raw_no_target_labels,767,6.7,3.4075,2.09646275213
classic_current,B2,raw_no_target_labels,768,6.7,3.3876,2.09466384559
classic_current,B2,raw_no_target_labels,769,6.7,3.3806,2.09280846507
classic_current,B2,raw_no_target_labels,770,6.7,3.3649,2.09113969402
classic_current,B2,raw_no_target_labels,771,6.7,3.3612,2.08952788834
classic_current,B2,raw_no_target_labels,772,6.7,3.332,2.08786034028
classic_current,B2,raw_no_target_labels,773,6.7,3.3403,2.08635611872
classic_current,B2,raw_no_target_labels,774,6.7,3.3204,2.0848993572
classic_current,B2,raw_no_target_labels,775,6.7,3.3194,2.08338825388
classic_current,B2,raw_no_target_labels,776,6.7,3.2847,2.0820217485
classic_current,B2,raw_no_target_labels,777,6.7,3.276,2.08069532309
classic_current,B2,raw_no_target_labels,778,6.7,3.2849,2.0793163067
classic_current,B2,raw_no_target_labels,779,6.7,3.2845,2.07806655861
classic_current,B2,raw_no_target_labels,780,6.7,3.2651,2.07685105544
classic_current,B2,raw_no_target_labels,781,6.7,3.24,2.07558487497
classic_current,B2,raw_no_target_labels,782,6.7,3.2426,2.07443522671
classic_current,B2,raw_no_target_labels,783,6.7,3.2495,2.07331513668
classic_current,B2,raw_no_target_labels,784,6.7,3.2421,2.07214633481
classic_current,B2,raw_no_target_labels,785,6.7,3.226,2.07108334623
classic_current,B2,raw_no_target_labels,786,6.7,3.2195,2.07004609947
classic_current,B2,raw_no_target_labels,787,6.7,3.2259,2.06896209234
classic_current,B2,raw_no_target_labels,788,6.7,3.1921,2.06797477492
classic_current,B2,raw_no_target_labels,789,6.7,3.1984,2.06701005361
classic_current,B2,raw_no_target_labels,790,6.7,3.2064,2.06600047123
classic_current,B2,raw_no_target_labels,791,6.7,3.176,2.06507973526
classic_current,B2,raw_no_target_labels,792,6.7,3.1936,2.06417897447
classic_current,B2,raw_no_target_labels,793,6.7,3.1721,2.06323517836
classic_current,B2,raw_no_target_labels,794,6.7,3.1898,2.06237342624
classic_current,B2,raw_no_target_labels,795,6.7,3.1695,2.06152944444
classic_current,B2,raw_no_target_labels,796,6.7,3.1604,2.06064416866
classic_current,B2,raw_no_target_labels,797,6.7,3.1679,2.05983499053
classic_current,B2,raw_no_target_labels,798,6.7,3.1328,2.05904171176
classic_current,B2,raw_no_target_labels,799,6.7,3.1369,2.0582087915
classic_current,B2,raw_no_target_labels,800,6.7,3.1137,2.05744673397
classic_current,B2,raw_no_target_labels,801,6.7,3.1336,2.05669897566
classic_current,B2,raw_no_target_labels,802,6.7,3.1218,2.0559131391
classic_current,B2,raw_no_target_labels,803,6.7,3.1186,2.05519352713
classic_current,B2,raw_no_target_labels,804,6.7,3.1136,2.05448683611
classic_current,B2,raw_no_target_labels,805,6.7,3.1162,2.05374354278
classic_current,B2,raw_no_target_labels,806,6.7,3.1029,2.05306234077
classic_current,B2,raw_no_target_labels,807,6.7,3.0943,2.05234548427
classic_current,B2,raw_no_target_labels,808,6.7,3.0874,2.05168817852
classic_current,B2,raw_no_target_labels,809,6.7,3.0841,2.05104188075
classic_current,B2,raw_no_target_labels,810,6.7,3.0894,2.05036126632
classic_current,B2,raw_no_target_labels,811,6.7,3.0746,2.04973675498
classic_current,B2,raw_no_target_labels,812,6.7,3.0768,2.0491222983
classic_current,B2,raw_no_target_labels,813,6.7,3.0824,2.04847478614
classic_current,B2,raw_no_target_labels,814,6.7,3.0636,2.04788026405
classic_current,B2,raw_no_target_labels,815,6.7,3.0604,2.04729495771
classic_current,B2,raw_no_target_labels,816,6.7,3.0493,2.04667778499
classic_current,B2,raw_no_target_labels,817,6.7,3.051,2.04611077968
classic_current,B2,raw_no_target_labels,818,6.7,3.053,2.04555224835
classic_current,B2,raw_no_target_labels,819,6.7,3.0294,2.04496297228
classic_current,B2,raw_no_target_labels,820,6.7,3.0517,2.0444212943
classic_current,B2,raw_no_target_labels,821,6.7,3.0568,2.04388743149
classic_current,B2,raw_no_target_labels,822,6.7,3.0308,2.04332388256
classic_current,B2,raw_no_target_labels,823,6.7,3.0316,2.04280558463
classic_current,B2,raw_no_target_labels,824,6.7,3.0469,2.04229451431
classic_current,B2,raw_no_target_labels,825,6.7,3.0208,2.04175475772
classic_current,B2,raw_no_target_labels,826,6.7,3.0327,2.04125810092
classic_current,B2,raw_no_target_labels,827,6.7,3.0191,2.04076814567
classic_current,B2,raw_no_target_labels,828,6.7,3.0166,2.04025044929
classic_current,B2,raw_no_target_labels,829,6.7,3.0129,2.03977387487
classic_current,B2,raw_no_target_labels,830,6.7,3.0117,2.03930352932
classic_current,B2,raw_no_target_labels,831,6.7,3.0136,2.03880633679
classic_current,B2,raw_no_target_labels,832,6.7,3.0009,2.03834844257
classic_current,B2,raw_no_target_labels,833,6.7,3.0168,2.03789635106
classic_current,B2,raw_no_target_labels,834,6.7,2.9993,2.03741825926
classic_current,B2,raw_no_target_labels,835,6.7,2.9933,2.03697777972
classic_current,B2,raw_no_target_labels,836,6.7,2.9744,2.03654271746
classic_current,B2,raw_no_target_labels,837,6.7,2.9836,2.03608245735
classic_current,B2,raw_no_target_labels,838,6.7,2.9739,2.03565824676
classic_current,B2,raw_no_target_labels,839,6.7,2.9864,2.03523910379
classic_current,B2,raw_no_target_labels,840,6.7,2.9856,2.03479552421
classic_current,B2,raw_no_target_labels,841,6.7,2.9758,2.03438654222
classic_current,B2,raw_no_target_labels,842,6.7,2.9623,2.03398230977
classic_current,B2,raw_no_target_labels,843,6.7,2.9872,2.03355436354
classic_current,B2,raw_no_target_labels,844,6.7,2.9473,2.0331596629
classic_current,B2,raw_no_target_labels,845,6.7,2.9689,2.03276942167
classic_current,B2,raw_no_target_labels,846,6.7,2.9593,2.03235615362
classic_current,B2,raw_no_target_labels,847,6.7,2.9631,2.0319748696
classic_current,B2,raw_no_target_labels,848,6.7,2.9434,2.03159777969
classic_current,B2,raw_no_target_labels,849,6.7,2.9422,2.03119831643
classic_current,B2,raw_no_target_labels,850,6.7,2.9503,2.03082965767
classic_current,B2,raw_no_target_labels,851,6.7,2.9484,2.03046494985
classic_current,B2,raw_no_target_labels,852,6.7,2.9425,2.03007849085
classic_current,B2,raw_no_target_labels,853,6.7,2.9455,2.02972173145
classic_current,B2,raw_no_target_labels,854,6.7,2.9541,2.02936869959
classic_current,B2,raw_no_target_labels,855,6.7,2.9284,2.02899450945
classic_current,B2,raw_no_target_labels,856,6.7,2.9495,2.02864898208
classic_current,B2,raw_no_target_labels,857,6.7,2.9229,2.02830697657
classic_current,B2,raw_no_target_labels,858,6.7,2.9279,2.02794437827
classic_current,B2,raw_no_target_labels,859,6.7,2.93,2.02760946813
classic_current,B2,raw_no_target_labels,860,6.7,2.9254,2.02727789013
classic_current,B2,raw_no_target_labels,861,6.7,2.9344,2.02692625912
classic_current,B2,raw_no_target_labels,862,6.7,2.9303,2.02660139869
classic_current,B2,raw_no_target_labels,863,6.7,2.9266,2.02627969505
classic_current,B2,raw_no_target_labels,864,6.7,2.9117,2.02593845407
classic_current,B2,raw_no_target_labels,865,6.7,2.9099,2.02562311849
classic_current,B2,raw_no_target_labels,866,6.7,2.904,2.02531077731
classic_current,B2,raw_no_target_labels,867,6.7,2.909,2.02497939183
classic_current,B2,raw_no_target_labels,868,6.7,2.9034,2.02467309477
classic_current,B2,raw_no_target_labels,869,6.7,2.9104,2.02436964149
classic_current,B2,raw_no_target_labels,870,6.7,2.9122,2.02404761566
classic_current,B2,raw_no_target_labels,871,6.7,2.8935,2.02374990575
classic_current,B2,raw_no_target_labels,872,6.7,2.8976,2.02345489964
classic_current,B2,raw_no_target_labels,873,6.7,2.8865,2.02314177273
classic_current,B2,raw_no_target_labels,874,6.7,2.8929,2.02285223032
classic_current,B2,raw_no_target_labels,875,6.7,2.8892,2.02256526144
classic_current,B2,raw_no_target_labels,876,6.7,2.8851,2.02226060466
classic_current,B2,raw_no_target_labels,877,6.7,2.879,2.02197883898
classic_current,B2,raw_no_target_labels,878,6.7,2.8916,2.02197883898
classic_current,B2,raw_no_target_labels,879,6.7,2.8994,2.02197883898
classic_current,B2,raw_no_target_labels,880,6.7,2.8913,2.02197883898
classic_current,B2,raw_no_target_labels,881,6.7,2.8794,2.02197883898
classic_current,B2,raw_no_target_labels,882,13,5.8879,2.43038605838
classic_current,B2,raw_no_target_labels,883,13,5.1875,2.32111929803
classic_current,B2,raw_no_target_labels,884,13,4.8306,2.27066761911
classic_current,B2,raw_no_target_labels,885,13,4.6049,2.23783326026
classic_current,B2,raw_no_target_labels,886,13,4.4218,2.21251425678
classic_current,B2,raw_no_target_labels,887,13,4.2921,2.1943357353
classic_current,B2,raw_no_target_labels,888,13,4.2019,2.17959880162
classic_current,B2,raw_no_target_labels,889,13,4.1037,2.1664869502
classic_current,B2,raw_no_target_labels,890,13,4.006,2.15608689222
classic_current,B2,raw_no_target_labels,891,13,3.9879,2.14703965179
classic_current,B2,raw_no_target_labels,892,13,3.9068,2.13852567037
classic_current,B2,raw_no_target_labels,893,13,3.8926,2.13146417062
classic_current,B2,raw_no_target_labels,894,13,3.8058,2.12510249382
classic_current,B2,raw_no_target_labels,895,13,3.7772,2.11893322803
classic_current,B2,raw_no_target_labels,896,13,3.7422,2.11368483356
classic_current,B2,raw_no_target_labels,897,13,3.7004,2.10885658155
classic_current,B2,raw_no_target_labels,898,13,3.6839,2.10408582931
classic_current,B2,raw_no_target_labels,899,13,3.656,2.09996010585
classic_current,B2,raw_no_target_labels,900,13,3.6207,2.09611140885
classic_current,B2,raw_no_target_labels,901,13,3.5986,2.09225954903
classic_current,B2,raw_no_target_labels,902,13,3.5783,2.08889007822
classic_current,B2,raw_no_target_labels,903,13,3.5435,2.08571544773
classic_current,B2,raw_no_target_labels,904,13,3.5297,2.08250850758
classic_current,B2,raw_no_target_labels,905,13,3.4951,2.07967934038
classic_current,B2,raw_no_target_labels,906,13,3.4858,2.07699383019
classic_current,B2,raw_no_target_labels,907,13,3.4735,2.0742617442
classic_current,B2,raw_no_target_labels,908,13,3.4512,2.07183575549
classic_current,B2,raw_no_target_labels,909,13,3.4482,2.06951956899
classic_current,B2,raw_no_target_labels,910,13,3.4071,2.06715009188
classic_current,B2,raw_no_target_labels,911,13,3.417,2.06503520107
classic_current,B2,raw_no_target_labels,912,13,3.3984,2.06300665229
classic_current,B2,raw_no_target_labels,913,13,3.371,2.06092211914
classic_current,B2,raw_no_target_labels,914,13,3.3878,2.05905374182
classic_current,B2,raw_no_target_labels,915,13,3.3569,2.05725483528
classic_current,B2,raw_no_target_labels,916,13,3.3502,2.05539945476
classic_current,B2,raw_no_target_labels,917,13,3.3425,2.05373068371
classic_current,B2,raw_no_target_labels,918,13,3.3202,2.05211887804
classic_current,B2,raw_no_target_labels,919,13,3.3101,2.05045132997
classic_current,B2,raw_no_target_labels,920,13,3.2819,2.04894710842
classic_current,B2,raw_no_target_labels,921,13,3.2855,2.0474903469
classic_current,B2,raw_no_target_labels,922,13,3.2848,2.04597924358
classic_current,B2,raw_no_target_labels,923,13,3.2704,2.04461273819
classic_current,B2,raw_no_target_labels,924,13,3.2424,2.04328631278
classic_current,B2,raw_no_target_labels,925,13,3.2362,2.04190729639
classic_current,B2,raw_no_target_labels,926,13,3.2382,2.0406575483
classic_current,B2,raw_no_target_labels,927,13,3.2315,2.03944204513
classic_current,B2,raw_no_target_labels,928,13,3.2268,2.03817586467
classic_current,B2,raw_no_target_labels,929,13,3.202,2.0370262164
classic_current,B2,raw_no_target_labels,930,13,3.2006,2.03590612637
classic_current,B2,raw_no_target_labels,931,13,3.195,2.0347373245
classic_current,B2,raw_no_target_labels,932,13,3.1949,2.03367433593
classic_current,B2,raw_no_target_labels,933,13,3.1894,2.03263708916
classic_current,B2,raw_no_target_labels,934,13,3.1847,2.03155308203
classic_current,B2,raw_no_target_labels,935,13,3.178,2.03056576461
classic_current,B2,raw_no_target_labels,936,13,3.1666,2.0296010433
classic_current,B2,raw_no_target_labels,937,13,3.156,2.02859146092
classic_current,B2,raw_no_target_labels,938,13,3.1508,2.02767072496
classic_current,B2,raw_no_target_labels,939,13,3.1597,2.02676996416
classic_current,B2,raw_no_target_labels,940,13,3.1322,2.02582616805
classic_current,B2,raw_no_target_labels,941,13,3.159,2.02496441593
classic_current,B2,raw_no_target_labels,942,13,3.1207,2.02412043414
classic_current,B2,raw_no_target_labels,943,13,3.1018,2.02323515836
classic_current,B2,raw_no_target_labels,944,13,3.1097,2.02242598023
classic_current,B2,raw_no_target_labels,945,13,3.1099,2.02163270145
classic_current,B2,raw_no_target_labels,946,13,3.0951,2.02079978119
classic_current,B2,raw_no_target_labels,947,13,3.1051,2.02003772366
classic_current,B2,raw_no_target_labels,948,13,3.0924,2.01928996535
classic_current,B2,raw_no_target_labels,949,13,3.0865,2.01850412879
classic_current,B2,raw_no_target_labels,950,13,3.081,2.01778451683
classic_current,B2,raw_no_target_labels,951,13,3.0757,2.0170778258
classic_current,B2,raw_no_target_labels,952,13,3.0562,2.01633453247
classic_current,B2,raw_no_target_labels,953,13,3.0612,2.01565333046
classic_current,B2,raw_no_target_labels,954,13,3.0421,2.01493647396
classic_current,B2,raw_no_target_labels,955,13,3.0489,2.01427916822
classic_current,B2,raw_no_target_labels,956,13,3.0576,2.01363287044
classic_current,B2,raw_no_target_labels,957,13,3.0377,2.01295225601
classic_current,B2,raw_no_target_labels,958,13,3.0471,2.01232774468
classic_current,B2,raw_no_target_labels,959,13,3.0363,2.011713288
classic_current,B2,raw_no_target_labels,960,13,3.0298,2.01106577583
classic_current,B2,raw_no_target_labels,961,13,3.0196,2.01047125374
classic_current,B2,raw_no_target_labels,962,13,3.0194,2.0098859474
classic_current,B2,raw_no_target_labels,963,13,3.0173,2.00926877468
classic_current,B2,raw_no_target_labels,964,13,3.0223,2.00870176937
classic_current,B2,raw_no_target_labels,965,13,3.0051,2.00814323804
classic_current,B2,raw_no_target_labels,966,13,3.0103,2.00755396197
classic_current,B2,raw_no_target_labels,967,13,2.9909,2.00701228399
classic_current,B2,raw_no_target_labels,968,13,3.0023,2.00647842118
classic_current,B2,raw_no_target_labels,969,13,3.0046,2.00591487225
classic_current,B2,raw_no_target_labels,970,13,2.9995,2.00539657433
classic_current,B2,raw_no_target_labels,971,13,2.99,2.004885504
classic_current,B2,raw_no_target_labels,972,13,2.9815,2.00434574742
classic_current,B2,raw_no_target_labels,973,13,3.0012,2.00384909062
classic_current,B2,raw_no_target_labels,974,13,2.9926,2.00335913536
classic_current,B2,raw_no_target_labels,975,13,2.984,2.00284143898
classic_current,B2,raw_no_target_labels,976,13,2.9625,2.00236486456
classic_current,B2,raw_no_target_labels,977,13,2.9866,2.00189451901
classic_current,B2,raw_no_target_labels,978,13,2.9734,2.00139732648
classic_current,B2,raw_no_target_labels,979,13,2.9743,2.00093943226
classic_current,B2,raw_no_target_labels,980,13,2.966,2.00048734075
classic_current,B2,raw_no_target_labels,981,13,2.9637,2.00000924895
classic_current,B2,raw_no_target_labels,982,13,2.9482,1.99956876941
classic_current,B2,raw_no_target_labels,983,13,2.9468,1.99913370715
classic_current,B2,raw_no_target_labels,984,13,2.9625,1.99867344704
classic_current,B2,raw_no_target_labels,985,13,2.9574,1.99824923645
classic_current,B2,raw_no_target_labels,986,13,2.9494,1.99783009348
classic_current,B2,raw_no_target_labels,987,13,2.9309,1.99738651391
classic_current,B2,raw_no_target_labels,988,13,2.9464,1.99697753191
classic_current,B2,raw_no_target_labels,989,13,2.9316,1.99657329946
classic_current,B2,raw_no_target_labels,990,13,2.9262,1.99614535323
classic_current,B2,raw_no_target_labels,991,13,2.9316,1.99575065259
classic_current,B2,raw_no_target_labels,992,13,2.937,1.99536041136
classic_current,B2,raw_no_target_labels,993,13,2.9226,1.99494714331
classic_current,B2,raw_no_target_labels,994,13,2.9066,1.99456585929
classic_current,B2,raw_no_target_labels,995,13,2.9109,1.99418876938
classic_current,B2,raw_no_target_labels,996,13,2.8747,1.99378930612
classic_current,B2,raw_no_target_labels,997,13,2.9155,1.99342064736
classic_current,B2,raw_no_target_labels,998,13,2.9034,1.99305593954
classic_current,B2,raw_no_target_labels,999,13,2.9009,1.99266948054
classic_current,B2,raw_no_target_labels,1000,13,2.8904,1.99231272114
classic_current,B2,raw_no_target_labels,1001,13,2.8993,1.99195968928
classic_current,B2,raw_no_target_labels,1002,13,2.904,1.99158549915
classic_current,B2,raw_no_target_labels,1003,13,2.8996,1.99123997177
classic_current,B2,raw_no_target_labels,1004,13,2.9049,1.99089796627
classic_current,B2,raw_no_target_labels,1005,13,2.8945,1.99053536796
classic_current,B2,raw_no_target_labels,1006,13,2.8923,1.99020045782
classic_current,B2,raw_no_target_labels,1007,13,2.8862,1.98986887982
classic_current,B2,raw_no_target_labels,1008,13,2.8808,1.98951724881
classic_current,B2,raw_no_target_labels,1009,13,2.8853,1.98919238838
classic_current,B2,raw_no_target_labels,1010,13,2.8746,1.98887068475
classic_current,B2,raw_no_target_labels,1011,13,2.8813,1.98852944376
classic_current,B2,raw_no_target_labels,1012,13,2.8742,1.98821410818
classic_current,B2,raw_no_target_labels,1013,13,2.8727,1.987901767
classic_current,B2,raw_no_target_labels,1014,13,2.8786,1.98757038152
classic_current,B2,raw_no_target_labels,1015,13,2.8665,1.98726408446
classic_current,B2,raw_no_target_labels,1016,13,2.8612,1.98696063118
classic_current,B2,raw_no_target_labels,1017,13,2.8665,1.98663860535
classic_current,B2,raw_no_target_labels,1018,13,2.8629,1.98634089544
classic_current,B2,raw_no_target_labels,1019,13,2.8565,1.98604588933
classic_current,B2,raw_no_target_labels,1020,13,2.8658,1.98573276242
classic_current,B2,raw_no_target_labels,1021,13,2.8625,1.98544322001
classic_current,B2,raw_no_target_labels,1022,13,2.8581,1.98515625113
classic_current,B2,raw_no_target_labels,1023,13,2.8555,1.98485159435
classic_current,B2,raw_no_target_labels,1024,13,2.8591,1.98456982867
classic_current,B2,raw_no_target_labels,1025,13,2.8569,1.98456982867
classic_current,B2,raw_no_target_labels,1026,13,2.8595,1.98456982867
classic_current,B2,raw_no_target_labels,1027,13,2.8354,1.98456982867
classic_current,B2,raw_no_target_labels,1028,13,2.8537,1.98456982867
generalized_ND_new,B2,raw_no_target_labels,0,0.111,6.4979,3.02977398844
generalized_ND_new,B2,raw_no_target_labels,1,0.111,5.7942,2.92050745919
generalized_ND_new,B2,raw_no_target_labels,2,0.111,5.4529,2.87005590143
generalized_ND_new,B2,raw_no_target_labels,3,0.111,5.1848,2.83722162769
generalized_ND_new,B2,raw_no_target_labels,4,0.111,5.0399,2.81190269375
generalized_ND_new,B2,raw_no_target_labels,5,0.111,4.9005,2.79372422456
generalized_ND_new,B2,raw_no_target_labels,6,0.111,4.7688,2.77898733483
generalized_ND_new,B2,raw_no_target_labels,7,0.111,4.7178,2.76587552379
generalized_ND_new,B2,raw_no_target_labels,8,0.111,4.6465,2.75547549874
generalized_ND_new,B2,raw_no_target_labels,9,0.111,4.6003,2.74642828763
generalized_ND_new,B2,raw_no_target_labels,10,0.111,4.522,2.73791433442
generalized_ND_new,B2,raw_no_target_labels,11,0.111,4.4305,2.73085285855
generalized_ND_new,B2,raw_no_target_labels,12,0.111,4.4228,2.72449120361
generalized_ND_new,B2,raw_no_target_labels,13,0.111,4.3766,2.71832195939
generalized_ND_new,B2,raw_no_target_labels,14,0.111,4.341,2.71307358356
generalized_ND_new,B2,raw_no_target_labels,15,0.111,4.3079,2.70824534892
generalized_ND_new,B2,raw_no_target_labels,16,0.111,4.2706,2.70347461408
generalized_ND_new,B2,raw_no_target_labels,17,0.111,4.2643,2.69934890586
generalized_ND_new,B2,raw_no_target_labels,18,0.111,4.222,2.69550022322
generalized_ND_new,B2,raw_no_target_labels,19,0.111,4.1985,2.69164837794
generalized_ND_new,B2,raw_no_target_labels,20,0.111,4.1726,2.68827891999
generalized_ND_new,B2,raw_no_target_labels,21,0.111,4.1687,2.68510430172
generalized_ND_new,B2,raw_no_target_labels,22,0.111,4.1408,2.68189737404
generalized_ND_new,B2,raw_no_target_labels,23,0.111,4.0985,2.67906821794
generalized_ND_new,B2,raw_no_target_labels,24,0.111,4.0932,2.67638271836
generalized_ND_new,B2,raw_no_target_labels,25,0.111,4.0662,2.67365064327
generalized_ND_new,B2,raw_no_target_labels,26,0.111,4.028,2.6712246643
generalized_ND_new,B2,raw_no_target_labels,27,0.111,3.9989,2.66890848717
generalized_ND_new,B2,raw_no_target_labels,28,0.111,4.0339,2.66653901973
generalized_ND_new,B2,raw_no_target_labels,29,0.111,4.0147,2.6644241376
generalized_ND_new,B2,raw_no_target_labels,30,0.111,4.0021,2.66239559721
generalized_ND_new,B2,raw_no_target_labels,31,0.111,3.984,2.66031107272
generalized_ND_new,B2,raw_no_target_labels,32,0.111,3.9569,2.65844270322
generalized_ND_new,B2,raw_no_target_labels,33,0.111,3.9615,2.65664380425
generalized_ND_new,B2,raw_no_target_labels,34,0.111,3.9469,2.65478843158
generalized_ND_new,B2,raw_no_target_labels,35,0.111,3.927,2.65311966765
generalized_ND_new,B2,raw_no_target_labels,36,0.111,3.9224,2.65150786887
generalized_ND_new,B2,raw_no_target_labels,37,0.111,3.9095,2.64984032798
generalized_ND_new,B2,raw_no_target_labels,38,0.111,3.8948,2.64833611293
generalized_ND_new,B2,raw_no_target_labels,39,0.111,3.8842,2.64687935774
generalized_ND_new,B2,raw_no_target_labels,40,0.111,3.8751,2.64536826103
generalized_ND_new,B2,raw_no_target_labels,41,0.111,3.8797,2.64400176164
generalized_ND_new,B2,raw_no_target_labels,42,0.111,3.8736,2.64267534207
generalized_ND_new,B2,raw_no_target_labels,43,0.111,3.8393,2.6412963318
generalized_ND_new,B2,raw_no_target_labels,44,0.111,3.8422,2.64004658927
generalized_ND_new,B2,raw_no_target_labels,45,0.111,3.8504,2.63883109153
generalized_ND_new,B2,raw_no_target_labels,46,0.111,3.8098,2.63756491674
generalized_ND_new,B2,raw_no_target_labels,47,0.111,3.8163,2.63641527365
generalized_ND_new,B2,raw_no_target_labels,48,0.111,3.8145,2.63529518869
generalized_ND_new,B2,raw_no_target_labels,49,0.111,3.7898,2.63412639212
generalized_ND_new,B2,raw_no_target_labels,50,0.111,3.7948,2.63306340839
generalized_ND_new,B2,raw_no_target_labels,51,0.111,3.783,2.63202616637
generalized_ND_new,B2,raw_no_target_labels,52,0.111,3.7843,2.63094216422
generalized_ND_new,B2,raw_no_target_labels,53,0.111,3.7664,2.62995485135
generalized_ND_new,B2,raw_no_target_labels,54,0.111,3.7494,2.6289901345
generalized_ND_new,B2,raw_no_target_labels,55,0.111,3.7496,2.6279805568
generalized_ND_new,B2,raw_no_target_labels,56,0.111,3.7365,2.62705982513
generalized_ND_new,B2,raw_no_target_labels,57,0.111,3.7364,2.62615906854
generalized_ND_new,B2,raw_no_target_labels,58,0.111,3.7325,2.62521527685
generalized_ND_new,B2,raw_no_target_labels,59,0.111,3.7441,2.62435352878
generalized_ND_new,B2,raw_no_target_labels,60,0.111,3.7393,2.62350955096
generalized_ND_new,B2,raw_no_target_labels,61,0.111,3.7148,2.62262427937
generalized_ND_new,B2,raw_no_target_labels,62,0.111,3.7239,2.62181510508
generalized_ND_new,B2,raw_no_target_labels,63,0.111,3.7098,2.62102183008
generalized_ND_new,B2,raw_no_target_labels,64,0.111,3.7005,2.62018891379
generalized_ND_new,B2,raw_no_target_labels,65,0.111,3.7018,2.61942685991
generalized_ND_new,B2,raw_no_target_labels,66,0.111,3.6815,2.61867910519
generalized_ND_new,B2,raw_no_target_labels,67,0.111,3.6878,2.61789327241
generalized_ND_new,B2,raw_no_target_labels,68,0.111,3.6956,2.61717366391
generalized_ND_new,B2,raw_no_target_labels,69,0.111,3.6837,2.61646697631
generalized_ND_new,B2,raw_no_target_labels,70,0.111,3.6756,2.61572368658
generalized_ND_new,B2,raw_no_target_labels,71,0.111,3.6601,2.61504248789
generalized_ND_new,B2,raw_no_target_labels,72,0.111,3.6633,2.61432563488
generalized_ND_new,B2,raw_no_target_labels,73,0.111,3.653,2.61366833235
generalized_ND_new,B2,raw_no_target_labels,74,0.111,3.6523,2.61302203774
generalized_ND_new,B2,raw_no_target_labels,75,0.111,3.6565,2.61234142666
generalized_ND_new,B2,raw_no_target_labels,76,0.111,3.6394,2.6117169184
generalized_ND_new,B2,raw_no_target_labels,77,0.111,3.6433,2.61110246475
generalized_ND_new,B2,raw_no_target_labels,78,0.111,3.6521,2.61045495579
generalized_ND_new,B2,raw_no_target_labels,79,0.111,3.6144,2.60986043664
generalized_ND_new,B2,raw_no_target_labels,80,0.111,3.6255,2.60927513321
generalized_ND_new,B2,raw_no_target_labels,81,0.111,3.6066,2.60865796357
generalized_ND_new,B2,raw_no_target_labels,82,0.111,3.6165,2.60809096109
generalized_ND_new,B2,raw_no_target_labels,83,0.111,3.6178,2.60753243256
generalized_ND_new,B2,raw_no_target_labels,84,0.111,3.6195,2.60694315944
generalized_ND_new,B2,raw_no_target_labels,85,0.111,3.6,2.60640148418
generalized_ND_new,B2,raw_no_target_labels,86,0.111,3.6177,2.60586762406
generalized_ND_new,B2,raw_no_target_labels,87,0.111,3.6181,2.60530407797
generalized_ND_new,B2,raw_no_target_labels,88,0.111,3.5926,2.60478578267
generalized_ND_new,B2,raw_no_target_labels,89,0.111,3.5969,2.60427471493
generalized_ND_new,B2,raw_no_target_labels,90,0.111,3.611,2.60373496109
generalized_ND_new,B2,raw_no_target_labels,91,0.111,3.5849,2.60323830681
generalized_ND_new,B2,raw_no_target_labels,92,0.111,3.6034,2.60274835406
generalized_ND_new,B2,raw_no_target_labels,93,0.111,3.5631,2.60223066032
generalized_ND_new,B2,raw_no_target_labels,94,0.111,3.5785,2.60175408834
generalized_ND_new,B2,raw_no_target_labels,95,0.111,3.5532,2.60128374519
generalized_ND_new,B2,raw_no_target_labels,96,0.111,3.58,2.60078655522
generalized_ND_new,B2,raw_no_target_labels,97,0.111,3.5553,2.60032866336
generalized_ND_new,B2,raw_no_target_labels,98,0.111,3.5734,2.59987657418
generalized_ND_new,B2,raw_no_target_labels,99,0.111,3.5537,2.59939848484
generalized_ND_new,B2,raw_no_target_labels,100,0.111,3.5694,2.59895800759
generalized_ND_new,B2,raw_no_target_labels,101,0.111,3.5651,2.59852294758
generalized_ND_new,B2,raw_no_target_labels,102,0.111,3.5457,2.59806268986
generalized_ND_new,B2,raw_no_target_labels,103,0.111,3.5496,2.59763848147
generalized_ND_new,B2,raw_no_target_labels,104,0.111,3.5322,2.59721934068
generalized_ND_new,B2,raw_no_target_labels,105,0.111,3.5472,2.59677576343
generalized_ND_new,B2,raw_no_target_labels,106,0.111,3.553,2.59636678357
generalized_ND_new,B2,raw_no_target_labels,107,0.111,3.5352,2.59596255323
generalized_ND_new,B2,raw_no_target_labels,108,0.111,3.5175,2.59553460924
generalized_ND_new,B2,raw_no_target_labels,109,0.111,3.5153,2.59513991068
generalized_ND_new,B2,raw_no_target_labels,110,0.111,3.5106,2.5947496715
generalized_ND_new,B2,raw_no_target_labels,111,0.111,3.5216,2.59433640563
generalized_ND_new,B2,raw_no_target_labels,112,0.111,3.521,2.59395512362
generalized_ND_new,B2,raw_no_target_labels,113,0.111,3.5206,2.5935780357
generalized_ND_new,B2,raw_no_target_labels,114,0.111,3.5229,2.59317857456
generalized_ND_new,B2,raw_no_target_labels,115,0.111,3.5229,2.59280991776
generalized_ND_new,B2,raw_no_target_labels,116,0.111,3.524,2.59244521187
generalized_ND_new,B2,raw_no_target_labels,117,0.111,3.5111,2.59205875493
generalized_ND_new,B2,raw_no_target_labels,118,0.111,3.5154,2.59170199743
generalized_ND_new,B2,raw_no_target_labels,119,0.111,3.4917,2.59134896745
generalized_ND_new,B2,raw_no_target_labels,120,0.111,3.5025,2.59097477931
generalized_ND_new,B2,raw_no_target_labels,121,0.111,3.502,2.59062925378
generalized_ND_new,B2,raw_no_target_labels,122,0.111,3.4839,2.59028725011
generalized_ND_new,B2,raw_no_target_labels,123,0.111,3.5044,2.58992465376
generalized_ND_new,B2,raw_no_target_labels,124,0.111,3.487,2.58958974541
generalized_ND_new,B2,raw_no_target_labels,125,0.111,3.4845,2.5892581692
generalized_ND_new,B2,raw_no_target_labels,126,0.111,3.493,2.58890654008
generalized_ND_new,B2,raw_no_target_labels,127,0.111,3.4765,2.5885816814
generalized_ND_new,B2,raw_no_target_labels,128,0.111,3.4894,2.5882599795
generalized_ND_new,B2,raw_no_target_labels,129,0.111,3.4875,2.58791874037
generalized_ND_new,B2,raw_no_target_labels,130,0.111,3.4917,2.58760340649
generalized_ND_new,B2,raw_no_target_labels,131,0.111,3.4726,2.58729106701
generalized_ND_new,B2,raw_no_target_labels,132,0.111,3.4755,2.58695968332
generalized_ND_new,B2,raw_no_target_labels,133,0.111,3.4517,2.58665338793
generalized_ND_new,B2,raw_no_target_labels,134,0.111,3.4589,2.5863499363
generalized_ND_new,B2,raw_no_target_labels,135,0.111,3.4629,2.58602791223
generalized_ND_new,B2,raw_no_target_labels,136,0.111,3.4425,2.58573020394
generalized_ND_new,B2,raw_no_target_labels,137,0.111,3.4873,2.58543519944
generalized_ND_new,B2,raw_no_target_labels,138,0.111,3.4783,2.58512207425
generalized_ND_new,B2,raw_no_target_labels,139,0.111,3.471,2.58483253342
generalized_ND_new,B2,raw_no_target_labels,140,0.111,3.4516,2.58454556612
generalized_ND_new,B2,raw_no_target_labels,141,0.111,3.4533,2.58424091102
generalized_ND_new,B2,raw_no_target_labels,142,0.111,3.4291,2.58395914689
generalized_ND_new,B2,raw_no_target_labels,143,0.111,3.449,2.58395914689
generalized_ND_new,B2,raw_no_target_labels,144,0.111,3.4599,2.58395914689
generalized_ND_new,B2,raw_no_target_labels,145,0.111,3.4553,2.58395914689
generalized_ND_new,B2,raw_no_target_labels,146,0.111,3.4559,2.58395914689
generalized_ND_new,B2,raw_no_target_labels,147,0.256,6.3352,2.84493811749
generalized_ND_new,B2,raw_no_target_labels,148,0.256,5.5767,2.73567147415
generalized_ND_new,B2,raw_no_target_labels,149,0.256,5.2522,2.68521985994
generalized_ND_new,B2,raw_no_target_labels,150,0.256,4.9889,2.65238554804
generalized_ND_new,B2,raw_no_target_labels,151,0.256,4.8609,2.62706658384
generalized_ND_new,B2,raw_no_target_labels,152,0.256,4.7174,2.60888809247
generalized_ND_new,B2,raw_no_target_labels,153,0.256,4.6157,2.59415118445
generalized_ND_new,B2,raw_no_target_labels,154,0.256,4.5286,2.58103935691
generalized_ND_new,B2,raw_no_target_labels,155,0.256,4.4388,2.57063931862
generalized_ND_new,B2,raw_no_target_labels,156,0.256,4.3626,2.56159209588
generalized_ND_new,B2,raw_no_target_labels,157,0.256,4.3339,2.55307813161
generalized_ND_new,B2,raw_no_target_labels,158,0.256,4.2775,2.5460166465
generalized_ND_new,B2,raw_no_target_labels,159,0.256,4.2283,2.53965498318
generalized_ND_new,B2,raw_no_target_labels,160,0.256,4.209,2.53348573077
generalized_ND_new,B2,raw_no_target_labels,161,0.256,4.1641,2.52823734793
generalized_ND_new,B2,raw_no_target_labels,162,0.256,4.1461,2.52340910681
generalized_ND_new,B2,raw_no_target_labels,163,0.256,4.0865,2.51863836553
generalized_ND_new,B2,raw_no_target_labels,164,0.256,4.0612,2.51451265171
generalized_ND_new,B2,raw_no_target_labels,165,0.256,4.0367,2.51066396384
generalized_ND_new,B2,raw_no_target_labels,166,0.256,4.0105,2.50681211329
generalized_ND_new,B2,raw_no_target_labels,167,0.256,3.9922,2.50344265071
generalized_ND_new,B2,raw_no_target_labels,168,0.256,3.9872,2.50026802806
generalized_ND_new,B2,raw_no_target_labels,169,0.256,3.9532,2.49706109595
generalized_ND_new,B2,raw_no_target_labels,170,0.256,3.9191,2.49423193592
generalized_ND_new,B2,raw_no_target_labels,171,0.256,3.9095,2.4915464326
generalized_ND_new,B2,raw_no_target_labels,172,0.256,3.8888,2.4888143537
generalized_ND_new,B2,raw_no_target_labels,173,0.256,3.8797,2.48638837133
generalized_ND_new,B2,raw_no_target_labels,174,0.256,3.8418,2.48407219095
generalized_ND_new,B2,raw_no_target_labels,175,0.256,3.8636,2.48170272017
generalized_ND_new,B2,raw_no_target_labels,176,0.256,3.8376,2.47958783506
generalized_ND_new,B2,raw_no_target_labels,177,0.256,3.7951,2.47755929179
generalized_ND_new,B2,raw_no_target_labels,178,0.256,3.7779,2.47547476435
generalized_ND_new,B2,raw_no_target_labels,179,0.256,3.7783,2.4736063922
generalized_ND_new,B2,raw_no_target_labels,180,0.256,3.7533,2.47180749066
generalized_ND_new,B2,raw_no_target_labels,181,0.256,3.7502,2.46995211535
generalized_ND_new,B2,raw_no_target_labels,182,0.256,3.751,2.46828334902
generalized_ND_new,B2,raw_no_target_labels,183,0.256,3.7451,2.46667154794
generalized_ND_new,B2,raw_no_target_labels,184,0.256,3.7255,2.46500400465
generalized_ND_new,B2,raw_no_target_labels,185,0.256,3.7042,2.46349978744
generalized_ND_new,B2,raw_no_target_labels,186,0.256,3.6973,2.46204303015
generalized_ND_new,B2,raw_no_target_labels,187,0.256,3.6983,2.46053193126
generalized_ND_new,B2,raw_no_target_labels,188,0.256,3.6804,2.45916542989
generalized_ND_new,B2,raw_no_target_labels,189,0.256,3.6897,2.45783900841
generalized_ND_new,B2,raw_no_target_labels,190,0.256,3.6772,2.45645999613
generalized_ND_new,B2,raw_no_target_labels,191,0.256,3.6611,2.45521025178
generalized_ND_new,B2,raw_no_target_labels,192,0.256,3.6571,2.45399475227
generalized_ND_new,B2,raw_no_target_labels,193,0.256,3.622,2.45272857564
generalized_ND_new,B2,raw_no_target_labels,194,0.256,3.6474,2.45157893088
generalized_ND_new,B2,raw_no_target_labels,195,0.256,3.6151,2.45045884428
generalized_ND_new,B2,raw_no_target_labels,196,0.256,3.6191,2.449290046
generalized_ND_new,B2,raw_no_target_labels,197,0.256,3.6045,2.44822706072
generalized_ND_new,B2,raw_no_target_labels,198,0.256,3.6023,2.44718981717
generalized_ND_new,B2,raw_no_target_labels,199,0.256,3.5921,2.44610581343
generalized_ND_new,B2,raw_no_target_labels,200,0.256,3.5851,2.44511849911
generalized_ND_new,B2,raw_no_target_labels,201,0.256,3.5854,2.44415378084
generalized_ND_new,B2,raw_no_target_labels,202,0.256,3.5539,2.44314420165
generalized_ND_new,B2,raw_no_target_labels,203,0.256,3.5631,2.44222346862
generalized_ND_new,B2,raw_no_target_labels,204,0.256,3.5356,2.4413227107
generalized_ND_new,B2,raw_no_target_labels,205,0.256,3.5695,2.44037891761
generalized_ND_new,B2,raw_no_target_labels,206,0.256,3.5519,2.43951716827
generalized_ND_new,B2,raw_no_target_labels,207,0.256,3.5381,2.4386731892
generalized_ND_new,B2,raw_no_target_labels,208,0.256,3.5355,2.4377879163
generalized_ND_new,B2,raw_no_target_labels,209,0.256,3.5182,2.4369787408
generalized_ND_new,B2,raw_no_target_labels,210,0.256,3.5273,2.43618546462
generalized_ND_new,B2,raw_no_target_labels,211,0.256,3.5062,2.43535254709
generalized_ND_new,B2,raw_no_target_labels,212,0.256,3.5165,2.43459049208
generalized_ND_new,B2,raw_no_target_labels,213,0.256,3.5163,2.43384273625
generalized_ND_new,B2,raw_no_target_labels,214,0.256,3.5221,2.43305690229
generalized_ND_new,B2,raw_no_target_labels,215,0.256,3.5056,2.43233729272
generalized_ND_new,B2,raw_no_target_labels,216,0.256,3.4931,2.43163060406
generalized_ND_new,B2,raw_no_target_labels,217,0.256,3.4933,2.43088731322
generalized_ND_new,B2,raw_no_target_labels,218,0.256,3.4711,2.43020611351
generalized_ND_new,B2,raw_no_target_labels,219,0.256,3.4659,2.42948925943
generalized_ND_new,B2,raw_no_target_labels,220,0.256,3.4839,2.42883195591
generalized_ND_new,B2,raw_no_target_labels,221,0.256,3.4539,2.42818566033
generalized_ND_new,B2,raw_no_target_labels,222,0.256,3.4381,2.42750504823
generalized_ND_new,B2,raw_no_target_labels,223,0.256,3.4586,2.42688053903
generalized_ND_new,B2,raw_no_target_labels,224,0.256,3.4478,2.42626608446
generalized_ND_new,B2,raw_no_target_labels,225,0.256,3.4434,2.42561857452
generalized_ND_new,B2,raw_no_target_labels,226,0.256,3.4474,2.42502405448
generalized_ND_new,B2,raw_no_target_labels,227,0.256,3.4489,2.42443875017
generalized_ND_new,B2,raw_no_target_labels,228,0.256,3.454,2.42382157959
generalized_ND_new,B2,raw_no_target_labels,229,0.256,3.416,2.42325457626
generalized_ND_new,B2,raw_no_target_labels,230,0.256,3.4221,2.42269604688
generalized_ND_new,B2,raw_no_target_labels,231,0.256,3.4291,2.42210677287
generalized_ND_new,B2,raw_no_target_labels,232,0.256,3.4248,2.42156509679
generalized_ND_new,B2,raw_no_target_labels,233,0.256,3.4275,2.42103123586
generalized_ND_new,B2,raw_no_target_labels,234,0.256,3.4211,2.42046768892
generalized_ND_new,B2,raw_no_target_labels,235,0.256,3.4238,2.41994939283
generalized_ND_new,B2,raw_no_target_labels,236,0.256,3.4016,2.41943832432
generalized_ND_new,B2,raw_no_target_labels,237,0.256,3.405,2.41889856966
generalized_ND_new,B2,raw_no_target_labels,238,0.256,3.4141,2.41840191463
generalized_ND_new,B2,raw_no_target_labels,239,0.256,3.3994,2.41791196113
generalized_ND_new,B2,raw_no_target_labels,240,0.256,3.3995,2.4173942666
generalized_ND_new,B2,raw_no_target_labels,241,0.256,3.3695,2.41691769389
generalized_ND_new,B2,raw_no_target_labels,242,0.256,3.3874,2.41644735004
generalized_ND_new,B2,raw_no_target_labels,243,0.256,3.3943,2.4159501593
generalized_ND_new,B2,raw_no_target_labels,244,0.256,3.3771,2.41549226674
generalized_ND_new,B2,raw_no_target_labels,245,0.256,3.3765,2.41504017688
generalized_ND_new,B2,raw_no_target_labels,246,0.256,3.3878,2.41456208681
generalized_ND_new,B2,raw_no_target_labels,247,0.256,3.3819,2.41412160888
generalized_ND_new,B2,raw_no_target_labels,248,0.256,3.3554,2.41368654821
generalized_ND_new,B2,raw_no_target_labels,249,0.256,3.3631,2.41322628979
generalized_ND_new,B2,raw_no_target_labels,250,0.256,3.3544,2.41280208075
generalized_ND_new,B2,raw_no_target_labels,251,0.256,3.3525,2.41238293932
generalized_ND_new,B2,raw_no_target_labels,252,0.256,3.3526,2.41193936138
generalized_ND_new,B2,raw_no_target_labels,253,0.256,3.361,2.4115303809
generalized_ND_new,B2,raw_no_target_labels,254,0.256,3.3674,2.41112614994
generalized_ND_new,B2,raw_no_target_labels,255,0.256,3.3355,2.4106982053
generalized_ND_new,B2,raw_no_target_labels,256,0.256,3.3305,2.41030350613
generalized_ND_new,B2,raw_no_target_labels,257,0.256,3.3512,2.40991326635
generalized_ND_new,B2,raw_no_target_labels,258,0.256,3.3308,2.40949999984
generalized_ND_new,B2,raw_no_target_labels,259,0.256,3.3283,2.40911871725
generalized_ND_new,B2,raw_no_target_labels,260,0.256,3.3361,2.40874162875
generalized_ND_new,B2,raw_no_target_labels,261,0.256,3.3048,2.408342167
generalized_ND_new,B2,raw_no_target_labels,262,0.256,3.3424,2.40797350963
generalized_ND_new,B2,raw_no_target_labels,263,0.256,3.3341,2.40760880318
generalized_ND_new,B2,raw_no_target_labels,264,0.256,3.322,2.40722234564
generalized_ND_new,B2,raw_no_target_labels,265,0.256,3.3125,2.40686558759
generalized_ND_new,B2,raw_no_target_labels,266,0.256,3.3037,2.40651255707
generalized_ND_new,B2,raw_no_target_labels,267,0.256,3.3082,2.40613836835
generalized_ND_new,B2,raw_no_target_labels,268,0.256,3.3115,2.40579284229
generalized_ND_new,B2,raw_no_target_labels,269,0.256,3.3132,2.40545083809
generalized_ND_new,B2,raw_no_target_labels,270,0.256,3.2992,2.40508824117
generalized_ND_new,B2,raw_no_target_labels,271,0.256,3.3009,2.40475333231
generalized_ND_new,B2,raw_no_target_labels,272,0.256,3.3012,2.40442175559
generalized_ND_new,B2,raw_no_target_labels,273,0.256,3.2955,2.40407012592
generalized_ND_new,B2,raw_no_target_labels,274,0.256,3.3021,2.40374526675
generalized_ND_new,B2,raw_no_target_labels,275,0.256,3.2739,2.40342356435
generalized_ND_new,B2,raw_no_target_labels,276,0.256,3.2907,2.40308232468
generalized_ND_new,B2,raw_no_target_labels,277,0.256,3.307,2.40276699032
generalized_ND_new,B2,raw_no_target_labels,278,0.256,3.2841,2.40245465035
generalized_ND_new,B2,raw_no_target_labels,279,0.256,3.295,2.40212326615
generalized_ND_new,B2,raw_no_target_labels,280,0.256,3.2658,2.40181697029
generalized_ND_new,B2,raw_no_target_labels,281,0.256,3.284,2.40151351819
generalized_ND_new,B2,raw_no_target_labels,282,0.256,3.2939,2.40119149361
generalized_ND_new,B2,raw_no_target_labels,283,0.256,3.2928,2.40089378486
generalized_ND_new,B2,raw_no_target_labels,284,0.256,3.2982,2.40059877991
generalized_ND_new,B2,raw_no_target_labels,285,0.256,3.2843,2.40028565423
generalized_ND_new,B2,raw_no_target_labels,286,0.256,3.2764,2.39999611295
generalized_ND_new,B2,raw_no_target_labels,287,0.256,3.2644,2.3997091452
generalized_ND_new,B2,raw_no_target_labels,288,0.256,3.2838,2.39940448962
generalized_ND_new,B2,raw_no_target_labels,289,0.256,3.2779,2.39912272505
generalized_ND_new,B2,raw_no_target_labels,290,0.256,3.2937,2.39912272505
generalized_ND_new,B2,raw_no_target_labels,291,0.256,3.2596,2.39912272505
generalized_ND_new,B2,raw_no_target_labels,292,0.256,3.2787,2.39912272505
generalized_ND_new,B2,raw_no_target_labels,293,0.256,3.2598,2.39912272505
generalized_ND_new,B2,raw_no_target_labels,294,0.59,6.1868,2.70591492668
generalized_ND_new,B2,raw_no_target_labels,295,0.59,5.4588,2.59664818407
generalized_ND_new,B2,raw_no_target_labels,296,0.59,5.1068,2.5461965202
generalized_ND_new,B2,raw_no_target_labels,297,0.59,4.9172,2.51336217449
generalized_ND_new,B2,raw_no_target_labels,298,0.59,4.7094,2.48804318337
generalized_ND_new,B2,raw_no_target_labels,299,0.59,4.5718,2.46986467217
generalized_ND_new,B2,raw_no_target_labels,300,0.59,4.4608,2.45512774777
generalized_ND_new,B2,raw_no_target_labels,301,0.59,4.3643,2.4420159054
generalized_ND_new,B2,raw_no_target_labels,302,0.59,4.3373,2.43161585518
generalized_ND_new,B2,raw_no_target_labels,303,0.59,4.236,2.42256862193
generalized_ND_new,B2,raw_no_target_labels,304,0.59,4.2008,2.41405464768
generalized_ND_new,B2,raw_no_target_labels,305,0.59,4.1554,2.40699315419
generalized_ND_new,B2,raw_no_target_labels,306,0.59,4.1158,2.40063148326
generalized_ND_new,B2,raw_no_target_labels,307,0.59,4.0707,2.39446222342
generalized_ND_new,B2,raw_no_target_labels,308,0.59,4.0159,2.38921383421
generalized_ND_new,B2,raw_no_target_labels,309,0.59,3.9816,2.38438558719
generalized_ND_new,B2,raw_no_target_labels,310,0.59,3.9734,2.37961484004
generalized_ND_new,B2,raw_no_target_labels,311,0.59,3.9364,2.37548912112
generalized_ND_new,B2,raw_no_target_labels,312,0.59,3.9147,2.37164042845
generalized_ND_new,B2,raw_no_target_labels,313,0.59,3.881,2.36778857309
generalized_ND_new,B2,raw_no_target_labels,314,0.59,3.8696,2.36441910627
generalized_ND_new,B2,raw_no_target_labels,315,0.59,3.8147,2.36124447962
generalized_ND_new,B2,raw_no_target_labels,316,0.59,3.8084,2.35803754344
generalized_ND_new,B2,raw_no_target_labels,317,0.59,3.7529,2.35520837981
generalized_ND_new,B2,raw_no_target_labels,318,0.59,3.7741,2.35252287307
generalized_ND_new,B2,raw_no_target_labels,319,0.59,3.7599,2.34979079066
generalized_ND_new,B2,raw_no_target_labels,320,0.59,3.7409,2.34736480517
generalized_ND_new,B2,raw_no_target_labels,321,0.59,3.7052,2.3450486218
generalized_ND_new,B2,raw_no_target_labels,322,0.59,3.6802,2.34267914795
generalized_ND_new,B2,raw_no_target_labels,323,0.59,3.6808,2.34056426009
generalized_ND_new,B2,raw_no_target_labels,324,0.59,3.6708,2.33853571418
generalized_ND_new,B2,raw_no_target_labels,325,0.59,3.6435,2.33645118401
generalized_ND_new,B2,raw_no_target_labels,326,0.59,3.6593,2.33458280941
generalized_ND_new,B2,raw_no_target_labels,327,0.59,3.655,2.33278390551
generalized_ND_new,B2,raw_no_target_labels,328,0.59,3.6134,2.33092852776
generalized_ND_new,B2,raw_no_target_labels,329,0.59,3.606,2.32925975923
generalized_ND_new,B2,raw_no_target_labels,330,0.59,3.5918,2.32764795601
generalized_ND_new,B2,raw_no_target_labels,331,0.59,3.5857,2.32598041051
generalized_ND_new,B2,raw_no_target_labels,332,0.59,3.5691,2.3244761913
generalized_ND_new,B2,raw_no_target_labels,333,0.59,3.5612,2.32301943207
generalized_ND_new,B2,raw_no_target_labels,334,0.59,3.5612,2.32150833115
generalized_ND_new,B2,raw_no_target_labels,335,0.59,3.5417,2.32014182796
generalized_ND_new,B2,raw_no_target_labels,336,0.59,3.5382,2.3188154047
generalized_ND_new,B2,raw_no_target_labels,337,0.59,3.5235,2.31743639057
generalized_ND_new,B2,raw_no_target_labels,338,0.59,3.5094,2.31618664454
generalized_ND_new,B2,raw_no_target_labels,339,0.59,3.5001,2.31497114339
generalized_ND_new,B2,raw_no_target_labels,340,0.59,3.4975,2.31370496505
generalized_ND_new,B2,raw_no_target_labels,341,0.59,3.4997,2.31255531873
generalized_ND_new,B2,raw_no_target_labels,342,0.59,3.4954,2.31143523061
generalized_ND_new,B2,raw_no_target_labels,343,0.59,3.4807,2.31026643075
generalized_ND_new,B2,raw_no_target_labels,344,0.59,3.4671,2.30920344402
generalized_ND_new,B2,raw_no_target_labels,345,0.59,3.4797,2.30816619906
generalized_ND_new,B2,raw_no_target_labels,346,0.59,3.4497,2.30708219384
generalized_ND_new,B2,raw_no_target_labels,347,0.59,3.4467,2.30609487817
generalized_ND_new,B2,raw_no_target_labels,348,0.59,3.4478,2.30513015858
generalized_ND_new,B2,raw_no_target_labels,349,0.59,3.4278,2.30412057801
generalized_ND_new,B2,raw_no_target_labels,350,0.59,3.4083,2.30319984371
generalized_ND_new,B2,raw_no_target_labels,351,0.59,3.4244,2.30229908455
generalized_ND_new,B2,raw_no_target_labels,352,0.59,3.4009,2.30135529017
generalized_ND_new,B2,raw_no_target_labels,353,0.59,3.4062,2.30049353964
generalized_ND_new,B2,raw_no_target_labels,354,0.59,3.4045,2.29964955941
generalized_ND_new,B2,raw_no_target_labels,355,0.59,3.3934,2.29876428528
generalized_ND_new,B2,raw_no_target_labels,356,0.59,3.3985,2.29795510867
generalized_ND_new,B2,raw_no_target_labels,357,0.59,3.3848,2.29716183139
generalized_ND_new,B2,raw_no_target_labels,358,0.59,3.3843,2.29632891271
generalized_ND_new,B2,raw_no_target_labels,359,0.59,3.3828,2.29556685663
generalized_ND_new,B2,raw_no_target_labels,360,0.59,3.3547,2.29481909976
generalized_ND_new,B2,raw_no_target_labels,361,0.59,3.3613,2.29403326472
generalized_ND_new,B2,raw_no_target_labels,362,0.59,3.3545,2.29331365415
generalized_ND_new,B2,raw_no_target_labels,363,0.59,3.3493,2.2926069645
generalized_ND_new,B2,raw_no_target_labels,364,0.59,3.3408,2.29186367262
generalized_ND_new,B2,raw_no_target_labels,365,0.59,3.3703,2.29118247196
generalized_ND_new,B2,raw_no_target_labels,366,0.59,3.3317,2.29046561688
generalized_ND_new,B2,raw_no_target_labels,367,0.59,3.3423,2.28980831244
generalized_ND_new,B2,raw_no_target_labels,368,0.59,3.3376,2.28916201595
generalized_ND_new,B2,raw_no_target_labels,369,0.59,3.3177,2.28848140289
generalized_ND_new,B2,raw_no_target_labels,370,0.59,3.323,2.28785689282
generalized_ND_new,B2,raw_no_target_labels,371,0.59,3.3145,2.28724243738
generalized_ND_new,B2,raw_no_target_labels,372,0.59,3.3082,2.28659492653
generalized_ND_new,B2,raw_no_target_labels,373,0.59,3.302,2.28600040566
generalized_ND_new,B2,raw_no_target_labels,374,0.59,3.2986,2.28541510052
generalized_ND_new,B2,raw_no_target_labels,375,0.59,3.3141,2.28479792907
generalized_ND_new,B2,raw_no_target_labels,376,0.59,3.301,2.28423092494
generalized_ND_new,B2,raw_no_target_labels,377,0.59,3.2799,2.28367239477
generalized_ND_new,B2,raw_no_target_labels,378,0.59,3.2931,2.28308311993
generalized_ND_new,B2,raw_no_target_labels,379,0.59,3.2857,2.28254144309
generalized_ND_new,B2,raw_no_target_labels,380,0.59,3.2804,2.2820075814
generalized_ND_new,B2,raw_no_target_labels,381,0.59,3.2861,2.28144403366
generalized_ND_new,B2,raw_no_target_labels,382,0.59,3.2593,2.28092573683
generalized_ND_new,B2,raw_no_target_labels,383,0.59,3.2627,2.28041466759
generalized_ND_new,B2,raw_no_target_labels,384,0.59,3.271,2.27987491216
generalized_ND_new,B2,raw_no_target_labels,385,0.59,3.255,2.27937825643
generalized_ND_new,B2,raw_no_target_labels,386,0.59,3.2751,2.27888830223
generalized_ND_new,B2,raw_no_target_labels,387,0.59,3.2562,2.27837060697
generalized_ND_new,B2,raw_no_target_labels,388,0.59,3.2515,2.27789403358
generalized_ND_new,B2,raw_no_target_labels,389,0.59,3.2527,2.27742368905
generalized_ND_new,B2,raw_no_target_labels,390,0.59,3.2404,2.27692649761
generalized_ND_new,B2,raw_no_target_labels,391,0.59,3.2433,2.2764686044
generalized_ND_new,B2,raw_no_target_labels,392,0.59,3.2329,2.27601651388
generalized_ND_new,B2,raw_no_target_labels,393,0.59,3.2286,2.27553842313
generalized_ND_new,B2,raw_no_target_labels,394,0.59,3.2389,2.27509794457
generalized_ND_new,B2,raw_no_target_labels,395,0.59,3.2335,2.27466288327
generalized_ND_new,B2,raw_no_target_labels,396,0.59,3.2243,2.27420262419
generalized_ND_new,B2,raw_no_target_labels,397,0.59,3.2167,2.27377841455
generalized_ND_new,B2,raw_no_target_labels,398,0.59,3.2187,2.27335927251
generalized_ND_new,B2,raw_no_target_labels,399,0.59,3.2169,2.27291569394
generalized_ND_new,B2,raw_no_target_labels,400,0.59,3.2201,2.27250671287
generalized_ND_new,B2,raw_no_target_labels,401,0.59,3.2002,2.27210248133
generalized_ND_new,B2,raw_no_target_labels,402,0.59,3.1932,2.27167453607
generalized_ND_new,B2,raw_no_target_labels,403,0.59,3.228,2.27127983633
generalized_ND_new,B2,raw_no_target_labels,404,0.59,3.2009,2.27088959599
generalized_ND_new,B2,raw_no_target_labels,405,0.59,3.1972,2.27047632889
generalized_ND_new,B2,raw_no_target_labels,406,0.59,3.1994,2.27009504575
generalized_ND_new,B2,raw_no_target_labels,407,0.59,3.2034,2.26971795671
generalized_ND_new,B2,raw_no_target_labels,408,0.59,3.1978,2.26931849437
generalized_ND_new,B2,raw_no_target_labels,409,0.59,3.1835,2.26894983647
generalized_ND_new,B2,raw_no_target_labels,410,0.59,3.175,2.26858512949
generalized_ND_new,B2,raw_no_target_labels,411,0.59,3.1745,2.2681986714
generalized_ND_new,B2,raw_no_target_labels,412,0.59,3.1884,2.26784191283
generalized_ND_new,B2,raw_no_target_labels,413,0.59,3.1934,2.2674888818
generalized_ND_new,B2,raw_no_target_labels,414,0.59,3.179,2.26711469254
generalized_ND_new,B2,raw_no_target_labels,415,0.59,3.1705,2.26676916597
generalized_ND_new,B2,raw_no_target_labels,416,0.59,3.1772,2.26642716128
generalized_ND_new,B2,raw_no_target_labels,417,0.59,3.1876,2.26606456384
generalized_ND_new,B2,raw_no_target_labels,418,0.59,3.1692,2.26572965448
generalized_ND_new,B2,raw_no_target_labels,419,0.59,3.1824,2.26539807728
generalized_ND_new,B2,raw_no_target_labels,420,0.59,3.1829,2.2650464471
generalized_ND_new,B2,raw_no_target_labels,421,0.59,3.1523,2.26472158745
generalized_ND_new,B2,raw_no_target_labels,422,0.59,3.1565,2.26439988459
generalized_ND_new,B2,raw_no_target_labels,423,0.59,3.1721,2.26405864442
generalized_ND_new,B2,raw_no_target_labels,424,0.59,3.1519,2.2637433096
generalized_ND_new,B2,raw_no_target_labels,425,0.59,3.1457,2.26343096918
generalized_ND_new,B2,raw_no_target_labels,426,0.59,3.15,2.2630995845
generalized_ND_new,B2,raw_no_target_labels,427,0.59,3.1455,2.26279328819
generalized_ND_new,B2,raw_no_target_labels,428,0.59,3.146,2.26248983564
generalized_ND_new,B2,raw_no_target_labels,429,0.59,3.1423,2.26216781059
generalized_ND_new,B2,raw_no_target_labels,430,0.59,3.1423,2.26187010141
generalized_ND_new,B2,raw_no_target_labels,431,0.59,3.1537,2.26157509603
generalized_ND_new,B2,raw_no_target_labels,432,0.59,3.1461,2.26126196989
generalized_ND_new,B2,raw_no_target_labels,433,0.59,3.1269,2.26097242819
generalized_ND_new,B2,raw_no_target_labels,434,0.59,3.1323,2.26068546002
generalized_ND_new,B2,raw_no_target_labels,435,0.59,3.1495,2.26038080399
generalized_ND_new,B2,raw_no_target_labels,436,0.59,3.1126,2.26009903901
generalized_ND_new,B2,raw_no_target_labels,437,0.59,3.1164,2.26009903901
generalized_ND_new,B2,raw_no_target_labels,438,0.59,3.1376,2.26009903901
generalized_ND_new,B2,raw_no_target_labels,439,0.59,3.1288,2.26009903901
generalized_ND_new,B2,raw_no_target_labels,440,0.59,3.1422,2.26009903901
generalized_ND_new,B2,raw_no_target_labels,441,1.3,6.0969,2.60615851996
generalized_ND_new,B2,raw_no_target_labels,442,1.3,5.3885,2.49689169682
generalized_ND_new,B2,raw_no_target_labels,443,1.3,5.0169,2.44643999222
generalized_ND_new,B2,raw_no_target_labels,444,1.3,4.7769,2.41360561861
generalized_ND_new,B2,raw_no_target_labels,445,1.3,4.6097,2.38828660515
generalized_ND_new,B2,raw_no_target_labels,446,1.3,4.4793,2.37010807743
generalized_ND_new,B2,raw_no_target_labels,447,1.3,4.3778,2.35537113934
generalized_ND_new,B2,raw_no_target_labels,448,1.3,4.2916,2.34225928456
generalized_ND_new,B2,raw_no_target_labels,449,1.3,4.227,2.33185922432
generalized_ND_new,B2,raw_no_target_labels,450,1.3,4.1514,2.32281198223
generalized_ND_new,B2,raw_no_target_labels,451,1.3,4.1002,2.31429799955
generalized_ND_new,B2,raw_no_target_labels,452,1.3,4.0331,2.30723649899
generalized_ND_new,B2,raw_no_target_labels,453,1.3,3.9819,2.30087482163
generalized_ND_new,B2,raw_no_target_labels,454,1.3,3.9704,2.29470555549
generalized_ND_new,B2,raw_no_target_labels,455,1.3,3.905,2.28945716087
generalized_ND_new,B2,raw_no_target_labels,456,1.3,3.8784,2.28462890884
generalized_ND_new,B2,raw_no_target_labels,457,1.3,3.8654,2.2798581567
generalized_ND_new,B2,raw_no_target_labels,458,1.3,3.8059,2.27573243343
generalized_ND_new,B2,raw_no_target_labels,459,1.3,3.7907,2.27188373669
generalized_ND_new,B2,raw_no_target_labels,460,1.3,3.772,2.26803187721
generalized_ND_new,B2,raw_no_target_labels,461,1.3,3.7751,2.26466240678
generalized_ND_new,B2,raw_no_target_labels,462,1.3,3.7297,2.26148777671
generalized_ND_new,B2,raw_no_target_labels,463,1.3,3.6846,2.25828083705
generalized_ND_new,B2,raw_no_target_labels,464,1.3,3.6748,2.25545167034
generalized_ND_new,B2,raw_no_target_labels,465,1.3,3.6764,2.25276616066
generalized_ND_new,B2,raw_no_target_labels,466,1.3,3.6422,2.25003407525
generalized_ND_new,B2,raw_no_target_labels,467,1.3,3.625,2.24760808709
generalized_ND_new,B2,raw_no_target_labels,468,1.3,3.6149,2.24529190115
generalized_ND_new,B2,raw_no_target_labels,469,1.3,3.6031,2.24292242466
generalized_ND_new,B2,raw_no_target_labels,470,1.3,3.6046,2.24080753445
generalized_ND_new,B2,raw_no_target_labels,471,1.3,3.573,2.23877898626
generalized_ND_new,B2,raw_no_target_labels,472,1.3,3.5631,2.23669445375
generalized_ND_new,B2,raw_no_target_labels,473,1.3,3.5374,2.23482607704
generalized_ND_new,B2,raw_no_target_labels,474,1.3,3.541,2.23302717111
generalized_ND_new,B2,raw_no_target_labels,475,1.3,3.5013,2.23117179125
generalized_ND_new,B2,raw_no_target_labels,476,1.3,3.5101,2.22950302082
generalized_ND_new,B2,raw_no_target_labels,477,1.3,3.511,2.22789121576
generalized_ND_new,B2,raw_no_target_labels,478,1.3,3.4765,2.22622366835
generalized_ND_new,B2,raw_no_target_labels,479,1.3,3.4749,2.22471944741
generalized_ND_new,B2,raw_no_target_labels,480,1.3,3.4807,2.22326268651
generalized_ND_new,B2,raw_no_target_labels,481,1.3,3.4531,2.22175158385
generalized_ND_new,B2,raw_no_target_labels,482,1.3,3.4498,2.22038507907
generalized_ND_new,B2,raw_no_target_labels,483,1.3,3.4198,2.21905865427
generalized_ND_new,B2,raw_no_target_labels,484,1.3,3.4372,2.21767963854
generalized_ND_new,B2,raw_no_target_labels,485,1.3,3.4189,2.21642989106
generalized_ND_new,B2,raw_no_target_labels,486,1.3,3.4079,2.21521438849
generalized_ND_new,B2,raw_no_target_labels,487,1.3,3.4168,2.21394820867
generalized_ND_new,B2,raw_no_target_labels,488,1.3,3.3716,2.212798561
generalized_ND_new,B2,raw_no_target_labels,489,1.3,3.3877,2.21167847157
generalized_ND_new,B2,raw_no_target_labels,490,1.3,3.3874,2.21050967033
generalized_ND_new,B2,raw_no_target_labels,491,1.3,3.3717,2.20944668235
generalized_ND_new,B2,raw_no_target_labels,492,1.3,3.3738,2.20840943617
generalized_ND_new,B2,raw_no_target_labels,493,1.3,3.366,2.20732542966
generalized_ND_new,B2,raw_no_target_labels,494,1.3,3.3442,2.20633811282
generalized_ND_new,B2,raw_no_target_labels,495,1.3,3.3481,2.20537339209
generalized_ND_new,B2,raw_no_target_labels,496,1.3,3.3334,2.20436381031
generalized_ND_new,B2,raw_no_target_labels,497,1.3,3.314,2.20344307492
generalized_ND_new,B2,raw_no_target_labels,498,1.3,3.3248,2.20254231468
generalized_ND_new,B2,raw_no_target_labels,499,1.3,3.3104,2.20159851917
generalized_ND_new,B2,raw_no_target_labels,500,1.3,3.3063,2.20073676761
generalized_ND_new,B2,raw_no_target_labels,501,1.3,3.3134,2.19989278637
generalized_ND_new,B2,raw_no_target_labels,502,1.3,3.2935,2.19900751117
generalized_ND_new,B2,raw_no_target_labels,503,1.3,3.2618,2.19819833359
generalized_ND_new,B2,raw_no_target_labels,504,1.3,3.2803,2.19740505535
generalized_ND_new,B2,raw_no_target_labels,505,1.3,3.2939,2.19657213567
generalized_ND_new,B2,raw_no_target_labels,506,1.3,3.2744,2.19581007867
generalized_ND_new,B2,raw_no_target_labels,507,1.3,3.2638,2.1950623209
generalized_ND_new,B2,raw_no_target_labels,508,1.3,3.2676,2.1942764849
generalized_ND_new,B2,raw_no_target_labels,509,1.3,3.2525,2.19355687345
generalized_ND_new,B2,raw_no_target_labels,510,1.3,3.2441,2.19285018294
generalized_ND_new,B2,raw_no_target_labels,511,1.3,3.2401,2.19210689017
generalized_ND_new,B2,raw_no_target_labels,512,1.3,3.247,2.19142568867
generalized_ND_new,B2,raw_no_target_labels,513,1.3,3.2368,2.19070883272
generalized_ND_new,B2,raw_no_target_labels,514,1.3,3.1999,2.19005152748
generalized_ND_new,B2,raw_no_target_labels,515,1.3,3.2125,2.1894052302
generalized_ND_new,B2,raw_no_target_labels,516,1.3,3.2229,2.18872461631
generalized_ND_new,B2,raw_no_target_labels,517,1.3,3.199,2.18810010546
generalized_ND_new,B2,raw_no_target_labels,518,1.3,3.238,2.18748564927
generalized_ND_new,B2,raw_no_target_labels,519,1.3,3.2022,2.18683813763
generalized_ND_new,B2,raw_no_target_labels,520,1.3,3.2104,2.18624361602
generalized_ND_new,B2,raw_no_target_labels,521,1.3,3.1955,2.18565831017
generalized_ND_new,B2,raw_no_target_labels,522,1.3,3.2036,2.18504113796
generalized_ND_new,B2,raw_no_target_labels,523,1.3,3.2029,2.18447413312
generalized_ND_new,B2,raw_no_target_labels,524,1.3,3.1901,2.18391560227
generalized_ND_new,B2,raw_no_target_labels,525,1.3,3.1992,2.18332632669
generalized_ND_new,B2,raw_no_target_labels,526,1.3,3.1741,2.18278464918
generalized_ND_new,B2,raw_no_target_labels,527,1.3,3.1756,2.18225078683
generalized_ND_new,B2,raw_no_target_labels,528,1.3,3.1774,2.18168723839
generalized_ND_new,B2,raw_no_target_labels,529,1.3,3.1684,2.18116894092
generalized_ND_new,B2,raw_no_target_labels,530,1.3,3.1675,2.18065787105
generalized_ND_new,B2,raw_no_target_labels,531,1.3,3.1656,2.18011811495
generalized_ND_new,B2,raw_no_target_labels,532,1.3,3.1615,2.1796214586
generalized_ND_new,B2,raw_no_target_labels,533,1.3,3.1906,2.17913150379
generalized_ND_new,B2,raw_no_target_labels,534,1.3,3.1606,2.17861380788
generalized_ND_new,B2,raw_no_target_labels,535,1.3,3.1238,2.1781372339
generalized_ND_new,B2,raw_no_target_labels,536,1.3,3.1546,2.17766688878
generalized_ND_new,B2,raw_no_target_labels,537,1.3,3.1348,2.17716969672
generalized_ND_new,B2,raw_no_target_labels,538,1.3,3.1366,2.17671180293
generalized_ND_new,B2,raw_no_target_labels,539,1.3,3.1351,2.17625971185
generalized_ND_new,B2,raw_no_target_labels,540,1.3,3.1186,2.1757816205
generalized_ND_new,B2,raw_no_target_labels,541,1.3,3.1289,2.17534114139
generalized_ND_new,B2,raw_no_target_labels,542,1.3,3.1598,2.17490607954
generalized_ND_new,B2,raw_no_target_labels,543,1.3,3.1217,2.17444581988
generalized_ND_new,B2,raw_no_target_labels,544,1.3,3.1099,2.1740216097
generalized_ND_new,B2,raw_no_target_labels,545,1.3,3.1309,2.17360246714
generalized_ND_new,B2,raw_no_target_labels,546,1.3,3.1157,2.17315888801
generalized_ND_new,B2,raw_no_target_labels,547,1.3,3.1022,2.17274990643
generalized_ND_new,B2,raw_no_target_labels,548,1.3,3.1116,2.17234567438
generalized_ND_new,B2,raw_no_target_labels,549,1.3,3.105,2.17191772857
generalized_ND_new,B2,raw_no_target_labels,550,1.3,3.1072,2.17152302834
generalized_ND_new,B2,raw_no_target_labels,551,1.3,3.0972,2.1711327875
generalized_ND_new,B2,raw_no_target_labels,552,1.3,3.0945,2.17071951988
generalized_ND_new,B2,raw_no_target_labels,553,1.3,3.0982,2.17033823625
generalized_ND_new,B2,raw_no_target_labels,554,1.3,3.0938,2.16996114673
generalized_ND_new,B2,raw_no_target_labels,555,1.3,3.086,2.16956168389
generalized_ND_new,B2,raw_no_target_labels,556,1.3,3.0976,2.16919302552
generalized_ND_new,B2,raw_no_target_labels,557,1.3,3.0616,2.16882831808
generalized_ND_new,B2,raw_no_target_labels,558,1.3,3.0947,2.16844185949
generalized_ND_new,B2,raw_no_target_labels,559,1.3,3.076,2.16808510047
generalized_ND_new,B2,raw_no_target_labels,560,1.3,3.068,2.16773206899
generalized_ND_new,B2,raw_no_target_labels,561,1.3,3.0702,2.16735787925
generalized_ND_new,B2,raw_no_target_labels,562,1.3,3.0621,2.16701235225
generalized_ND_new,B2,raw_no_target_labels,563,1.3,3.0725,2.16667034712
generalized_ND_new,B2,raw_no_target_labels,564,1.3,3.0765,2.16630774921
generalized_ND_new,B2,raw_no_target_labels,565,1.3,3.068,2.16597283943
generalized_ND_new,B2,raw_no_target_labels,566,1.3,3.0644,2.1656412618
generalized_ND_new,B2,raw_no_target_labels,567,1.3,3.063,2.16528963117
generalized_ND_new,B2,raw_no_target_labels,568,1.3,3.0609,2.16496477111
generalized_ND_new,B2,raw_no_target_labels,569,1.3,3.0521,2.16464306783
generalized_ND_new,B2,raw_no_target_labels,570,1.3,3.0579,2.16430182723
generalized_ND_new,B2,raw_no_target_labels,571,1.3,3.0428,2.16398649201
generalized_ND_new,B2,raw_no_target_labels,572,1.3,3.0591,2.16367415118
generalized_ND_new,B2,raw_no_target_labels,573,1.3,3.0652,2.16334276607
generalized_ND_new,B2,raw_no_target_labels,574,1.3,3.0515,2.16303646937
generalized_ND_new,B2,raw_no_target_labels,575,1.3,3.0481,2.16273301643
generalized_ND_new,B2,raw_no_target_labels,576,1.3,3.0363,2.16241099097
generalized_ND_new,B2,raw_no_target_labels,577,1.3,3.0354,2.1621132814
generalized_ND_new,B2,raw_no_target_labels,578,1.3,3.039,2.16181827564
generalized_ND_new,B2,raw_no_target_labels,579,1.3,3.0181,2.1615051491
generalized_ND_new,B2,raw_no_target_labels,580,1.3,3.0468,2.16121560702
generalized_ND_new,B2,raw_no_target_labels,581,1.3,3.0286,2.16092863848
generalized_ND_new,B2,raw_no_target_labels,582,1.3,3.0393,2.16062398207
generalized_ND_new,B2,raw_no_target_labels,583,1.3,3.0207,2.16034221672
generalized_ND_new,B2,raw_no_target_labels,584,1.3,3.0089,2.16034221672
generalized_ND_new,B2,raw_no_target_labels,585,1.3,3.0192,2.16034221672
generalized_ND_new,B2,raw_no_target_labels,586,1.3,3.0382,2.16034221672
generalized_ND_new,B2,raw_no_target_labels,587,1.3,3.0308,2.16034221672
generalized_ND_new,B2,raw_no_target_labels,588,2.7,6.0114,2.53492266119
generalized_ND_new,B2,raw_no_target_labels,589,2.7,5.2897,2.42565577458
generalized_ND_new,B2,raw_no_target_labels,590,2.7,4.9366,2.37520403758
generalized_ND_new,B2,raw_no_target_labels,591,2.7,4.698,2.34236964164
generalized_ND_new,B2,raw_no_target_labels,592,2.7,4.5375,2.31705061021
generalized_ND_new,B2,raw_no_target_labels,593,2.7,4.397,2.29887206917
generalized_ND_new,B2,raw_no_target_labels,594,2.7,4.2948,2.28413512
generalized_ND_new,B2,raw_no_target_labels,595,2.7,4.1897,2.27102325513
generalized_ND_new,B2,raw_no_target_labels,596,2.7,4.1484,2.26062318674
generalized_ND_new,B2,raw_no_target_labels,597,2.7,4.0792,2.25157593745
generalized_ND_new,B2,raw_no_target_labels,598,2.7,4.0507,2.24306194789
generalized_ND_new,B2,raw_no_target_labels,599,2.7,3.99,2.23600044155
generalized_ND_new,B2,raw_no_target_labels,600,2.7,3.9117,2.22963875892
generalized_ND_new,B2,raw_no_target_labels,601,2.7,3.8887,2.22346948761
generalized_ND_new,B2,raw_no_target_labels,602,2.7,3.8482,2.21822108855
generalized_ND_new,B2,raw_no_target_labels,603,2.7,3.8267,2.2133928324
generalized_ND_new,B2,raw_no_target_labels,604,2.7,3.7859,2.20862207615
generalized_ND_new,B2,raw_no_target_labels,605,2.7,3.7575,2.2044963493
generalized_ND_new,B2,raw_no_target_labels,606,2.7,3.7271,2.20064764919
generalized_ND_new,B2,raw_no_target_labels,607,2.7,3.6934,2.19679578633
generalized_ND_new,B2,raw_no_target_labels,608,2.7,3.6651,2.19342631291
generalized_ND_new,B2,raw_no_target_labels,609,2.7,3.6683,2.19025168001
generalized_ND_new,B2,raw_no_target_labels,610,2.7,3.6336,2.18704473747
generalized_ND_new,B2,raw_no_target_labels,611,2.7,3.6255,2.18421556821
generalized_ND_new,B2,raw_no_target_labels,612,2.7,3.5919,2.18153005609
generalized_ND_new,B2,raw_no_target_labels,613,2.7,3.5754,2.17879796819
generalized_ND_new,B2,raw_no_target_labels,614,2.7,3.5938,2.17637197781
generalized_ND_new,B2,raw_no_target_labels,615,2.7,3.5487,2.17405578974
generalized_ND_new,B2,raw_no_target_labels,616,2.7,3.5217,2.17168631106
generalized_ND_new,B2,raw_no_target_labels,617,2.7,3.5114,2.16957141888
generalized_ND_new,B2,raw_no_target_labels,618,2.7,3.5054,2.1675428688
generalized_ND_new,B2,raw_no_target_labels,619,2.7,3.4975,2.16545833434
generalized_ND_new,B2,raw_no_target_labels,620,2.7,3.4639,2.16358995588
generalized_ND_new,B2,raw_no_target_labels,621,2.7,3.4625,2.16179104825
generalized_ND_new,B2,raw_no_target_labels,622,2.7,3.4321,2.15993566663
generalized_ND_new,B2,raw_no_target_labels,623,2.7,3.4342,2.15826689461
generalized_ND_new,B2,raw_no_target_labels,624,2.7,3.4073,2.15665508802
generalized_ND_new,B2,raw_no_target_labels,625,2.7,3.4138,2.15498753902
generalized_ND_new,B2,raw_no_target_labels,626,2.7,3.4006,2.15348331664
generalized_ND_new,B2,raw_no_target_labels,627,2.7,3.4066,2.15202655433
generalized_ND_new,B2,raw_no_target_labels,628,2.7,3.3691,2.15051545022
generalized_ND_new,B2,raw_no_target_labels,629,2.7,3.3849,2.14914894412
generalized_ND_new,B2,raw_no_target_labels,630,2.7,3.3422,2.14782251803
generalized_ND_new,B2,raw_no_target_labels,631,2.7,3.3471,2.14644350096
generalized_ND_new,B2,raw_no_target_labels,632,2.7,3.3357,2.14519375226
generalized_ND_new,B2,raw_no_target_labels,633,2.7,3.3388,2.1439782485
generalized_ND_new,B2,raw_no_target_labels,634,2.7,3.3382,2.14271206744
generalized_ND_new,B2,raw_no_target_labels,635,2.7,3.3225,2.14156241864
generalized_ND_new,B2,raw_no_target_labels,636,2.7,3.3067,2.1404423281
generalized_ND_new,B2,raw_no_target_labels,637,2.7,3.2984,2.13927352571
generalized_ND_new,B2,raw_no_target_labels,638,2.7,3.2774,2.13821053667
generalized_ND_new,B2,raw_no_target_labels,639,2.7,3.2834,2.13717328946
generalized_ND_new,B2,raw_no_target_labels,640,2.7,3.2628,2.13608928188
generalized_ND_new,B2,raw_no_target_labels,641,2.7,3.2712,2.13510196406
generalized_ND_new,B2,raw_no_target_labels,642,2.7,3.2753,2.13413724236
generalized_ND_new,B2,raw_no_target_labels,643,2.7,3.2519,2.13312765958
generalized_ND_new,B2,raw_no_target_labels,644,2.7,3.2495,2.13220692326
generalized_ND_new,B2,raw_no_target_labels,645,2.7,3.2542,2.13130616212
generalized_ND_new,B2,raw_no_target_labels,646,2.7,3.2302,2.13036236566
generalized_ND_new,B2,raw_no_target_labels,647,2.7,3.2523,2.12950061323
generalized_ND_new,B2,raw_no_target_labels,648,2.7,3.2052,2.12865663113
generalized_ND_new,B2,raw_no_target_labels,649,2.7,3.2186,2.12777135504
generalized_ND_new,B2,raw_no_target_labels,650,2.7,3.212,2.12696217664
generalized_ND_new,B2,raw_no_target_labels,651,2.7,3.2053,2.1261688976
generalized_ND_new,B2,raw_no_target_labels,652,2.7,3.2132,2.12533597706
generalized_ND_new,B2,raw_no_target_labels,653,2.7,3.2003,2.12457391929
generalized_ND_new,B2,raw_no_target_labels,654,2.7,3.1924,2.12382616075
generalized_ND_new,B2,raw_no_target_labels,655,2.7,3.2048,2.12304032395
generalized_ND_new,B2,raw_no_target_labels,656,2.7,3.1825,2.12232071177
generalized_ND_new,B2,raw_no_target_labels,657,2.7,3.1857,2.12161402054
generalized_ND_new,B2,raw_no_target_labels,658,2.7,3.1907,2.120870727
generalized_ND_new,B2,raw_no_target_labels,659,2.7,3.1806,2.1201895248
generalized_ND_new,B2,raw_no_target_labels,660,2.7,3.1644,2.1194726681
generalized_ND_new,B2,raw_no_target_labels,661,2.7,3.1662,2.11881536219
generalized_ND_new,B2,raw_no_target_labels,662,2.7,3.1655,2.11816906424
generalized_ND_new,B2,raw_no_target_labels,663,2.7,3.1463,2.11748844965
generalized_ND_new,B2,raw_no_target_labels,664,2.7,3.1617,2.11686393816
generalized_ND_new,B2,raw_no_target_labels,665,2.7,3.1542,2.11624948133
generalized_ND_new,B2,raw_no_target_labels,666,2.7,3.1272,2.11560196901
generalized_ND_new,B2,raw_no_target_labels,667,2.7,3.1415,2.11500744679
generalized_ND_new,B2,raw_no_target_labels,668,2.7,3.137,2.11442214032
generalized_ND_new,B2,raw_no_target_labels,669,2.7,3.1239,2.11380496747
generalized_ND_new,B2,raw_no_target_labels,670,2.7,3.1248,2.11323796204
generalized_ND_new,B2,raw_no_target_labels,671,2.7,3.1232,2.1126794306
generalized_ND_new,B2,raw_no_target_labels,672,2.7,3.1054,2.11209015441
generalized_ND_new,B2,raw_no_target_labels,673,2.7,3.1034,2.11154847633
generalized_ND_new,B2,raw_no_target_labels,674,2.7,3.1023,2.11101461342
generalized_ND_new,B2,raw_no_target_labels,675,2.7,3.1037,2.11045106439
generalized_ND_new,B2,raw_no_target_labels,676,2.7,3.1039,2.10993276638
generalized_ND_new,B2,raw_no_target_labels,677,2.7,3.0725,2.10942169596
generalized_ND_new,B2,raw_no_target_labels,678,2.7,3.087,2.10888193929
generalized_ND_new,B2,raw_no_target_labels,679,2.7,3.1159,2.10838528242
generalized_ND_new,B2,raw_no_target_labels,680,2.7,3.0832,2.10789532709
generalized_ND_new,B2,raw_no_target_labels,681,2.7,3.0881,2.10737763063
generalized_ND_new,B2,raw_no_target_labels,682,2.7,3.0699,2.10690105615
generalized_ND_new,B2,raw_no_target_labels,683,2.7,3.0789,2.10643071053
generalized_ND_new,B2,raw_no_target_labels,684,2.7,3.0763,2.10593351794
generalized_ND_new,B2,raw_no_target_labels,685,2.7,3.0619,2.10547562367
generalized_ND_new,B2,raw_no_target_labels,686,2.7,3.0809,2.1050235321
generalized_ND_new,B2,raw_no_target_labels,687,2.7,3.0598,2.10454544024
generalized_ND_new,B2,raw_no_target_labels,688,2.7,3.0551,2.10410496066
generalized_ND_new,B2,raw_no_target_labels,689,2.7,3.0516,2.10366989835
generalized_ND_new,B2,raw_no_target_labels,690,2.7,3.0429,2.1032096382
generalized_ND_new,B2,raw_no_target_labels,691,2.7,3.0535,2.10278542757
generalized_ND_new,B2,raw_no_target_labels,692,2.7,3.0366,2.10236628456
generalized_ND_new,B2,raw_no_target_labels,693,2.7,3.046,2.10192270495
generalized_ND_new,B2,raw_no_target_labels,694,2.7,3.0677,2.10151372293
generalized_ND_new,B2,raw_no_target_labels,695,2.7,3.0378,2.10110949045
generalized_ND_new,B2,raw_no_target_labels,696,2.7,3.0383,2.10068154419
generalized_ND_new,B2,raw_no_target_labels,697,2.7,3.0398,2.10028684352
generalized_ND_new,B2,raw_no_target_labels,698,2.7,3.0236,2.09989660227
generalized_ND_new,B2,raw_no_target_labels,699,2.7,3.0348,2.0994833342
generalized_ND_new,B2,raw_no_target_labels,700,2.7,3.0378,2.09910205016
generalized_ND_new,B2,raw_no_target_labels,701,2.7,3.0221,2.09872496024
generalized_ND_new,B2,raw_no_target_labels,702,2.7,3.035,2.09832549696
generalized_ND_new,B2,raw_no_target_labels,703,2.7,3.0234,2.09795683819
generalized_ND_new,B2,raw_no_target_labels,704,2.7,3.0241,2.09759213036
generalized_ND_new,B2,raw_no_target_labels,705,2.7,3.018,2.09720567135
generalized_ND_new,B2,raw_no_target_labels,706,2.7,3.0171,2.09684891195
generalized_ND_new,B2,raw_no_target_labels,707,2.7,3.0208,2.09649588008
generalized_ND_new,B2,raw_no_target_labels,708,2.7,2.9994,2.09612168994
generalized_ND_new,B2,raw_no_target_labels,709,2.7,3.0069,2.09577616256
generalized_ND_new,B2,raw_no_target_labels,710,2.7,2.993,2.09543415706
generalized_ND_new,B2,raw_no_target_labels,711,2.7,2.9982,2.09507155875
generalized_ND_new,B2,raw_no_target_labels,712,2.7,2.9895,2.09473664861
generalized_ND_new,B2,raw_no_target_labels,713,2.7,2.9932,2.09440507062
generalized_ND_new,B2,raw_no_target_labels,714,2.7,2.997,2.09405343961
generalized_ND_new,B2,raw_no_target_labels,715,2.7,2.9682,2.09372857919
generalized_ND_new,B2,raw_no_target_labels,716,2.7,2.976,2.09340687556
generalized_ND_new,B2,raw_no_target_labels,717,2.7,2.9822,2.09306563459
generalized_ND_new,B2,raw_no_target_labels,718,2.7,2.9733,2.09275029902
generalized_ND_new,B2,raw_no_target_labels,719,2.7,2.9599,2.09243795785
generalized_ND_new,B2,raw_no_target_labels,720,2.7,2.9797,2.09210657238
generalized_ND_new,B2,raw_no_target_labels,721,2.7,2.9706,2.09180027534
generalized_ND_new,B2,raw_no_target_labels,722,2.7,2.9901,2.09149682207
generalized_ND_new,B2,raw_no_target_labels,723,2.7,2.9641,2.09117479626
generalized_ND_new,B2,raw_no_target_labels,724,2.7,2.9628,2.09087708636
generalized_ND_new,B2,raw_no_target_labels,725,2.7,2.9668,2.09058208027
generalized_ND_new,B2,raw_no_target_labels,726,2.7,2.9568,2.09026895339
generalized_ND_new,B2,raw_no_target_labels,727,2.7,2.9685,2.08997941099
generalized_ND_new,B2,raw_no_target_labels,728,2.7,2.9649,2.08969244214
generalized_ND_new,B2,raw_no_target_labels,729,2.7,2.9607,2.08938778539
generalized_ND_new,B2,raw_no_target_labels,730,2.7,2.9703,2.08910601973
generalized_ND_new,B2,raw_no_target_labels,731,2.7,2.9612,2.08910601973
generalized_ND_new,B2,raw_no_target_labels,732,2.7,2.974,2.08910601973
generalized_ND_new,B2,raw_no_target_labels,733,2.7,2.9622,2.08910601973
generalized_ND_new,B2,raw_no_target_labels,734,2.7,2.9453,2.08910601973
generalized_ND_new,B2,raw_no_target_labels,735,6.7,5.9795,2.46779547496
generalized_ND_new,B2,raw_no_target_labels,736,6.7,5.2198,2.35852852308
generalized_ND_new,B2,raw_no_target_labels,737,6.7,4.8737,2.30807675241
generalized_ND_new,B2,raw_no_target_labels,738,6.7,4.6275,2.27524233313
generalized_ND_new,B2,raw_no_target_labels,739,6.7,4.4713,2.24992328285
generalized_ND_new,B2,raw_no_target_labels,740,6.7,4.3226,2.23174472777
generalized_ND_new,B2,raw_no_target_labels,741,6.7,4.2357,2.21700776688
generalized_ND_new,B2,raw_no_target_labels,742,6.7,4.1609,2.20389589132
generalized_ND_new,B2,raw_no_target_labels,743,6.7,4.0776,2.19349581427
generalized_ND_new,B2,raw_no_target_labels,744,6.7,4.023,2.18444855731
generalized_ND_new,B2,raw_no_target_labels,745,6.7,3.9439,2.1759345604
generalized_ND_new,B2,raw_no_target_labels,746,6.7,3.8998,2.16887304788
generalized_ND_new,B2,raw_no_target_labels,747,6.7,3.8565,2.16251135961
generalized_ND_new,B2,raw_no_target_labels,748,6.7,3.8133,2.15634208276
generalized_ND_new,B2,raw_no_target_labels,749,6.7,3.7848,2.15109367893
generalized_ND_new,B2,raw_no_target_labels,750,6.7,3.7579,2.14626541835
generalized_ND_new,B2,raw_no_target_labels,751,6.7,3.7307,2.14149465768
generalized_ND_new,B2,raw_no_target_labels,752,6.7,3.6952,2.13736892698
generalized_ND_new,B2,raw_no_target_labels,753,6.7,3.6562,2.13352022324
generalized_ND_new,B2,raw_no_target_labels,754,6.7,3.6202,2.12966835672
generalized_ND_new,B2,raw_no_target_labels,755,6.7,3.6279,2.12629888007
generalized_ND_new,B2,raw_no_target_labels,756,6.7,3.591,2.1231242441
generalized_ND_new,B2,raw_no_target_labels,757,6.7,3.5589,2.11991729846
generalized_ND_new,B2,raw_no_target_labels,758,6.7,3.5543,2.11708812643
generalized_ND_new,B2,raw_no_target_labels,759,6.7,3.5167,2.11440261167
generalized_ND_new,B2,raw_no_target_labels,760,6.7,3.5268,2.11167052106
generalized_ND_new,B2,raw_no_target_labels,761,6.7,3.499,2.10924452826
generalized_ND_new,B2,raw_no_target_labels,762,6.7,3.4618,2.10692833788
generalized_ND_new,B2,raw_no_target_labels,763,6.7,3.4636,2.10455885682
generalized_ND_new,B2,raw_no_target_labels,764,6.7,3.4444,2.1024439625
generalized_ND_new,B2,raw_no_target_labels,765,6.7,3.4421,2.10041541036
generalized_ND_new,B2,raw_no_target_labels,766,6.7,3.4222,2.09833087377
generalized_ND_new,B2,raw_no_target_labels,767,6.7,3.4075,2.0964624934
generalized_ND_new,B2,raw_no_target_labels,768,6.7,3.3876,2.09466358392
generalized_ND_new,B2,raw_no_target_labels,769,6.7,3.3806,2.09280820038
generalized_ND_new,B2,raw_no_target_labels,770,6.7,3.3649,2.09113942664
generalized_ND_new,B2,raw_no_target_labels,771,6.7,3.3612,2.08952761836
generalized_ND_new,B2,raw_no_target_labels,772,6.7,3.332,2.08786006762
generalized_ND_new,B2,raw_no_target_labels,773,6.7,3.3403,2.08635584366
generalized_ND_new,B2,raw_no_target_labels,774,6.7,3.3204,2.08489907982
generalized_ND_new,B2,raw_no_target_labels,775,6.7,3.3194,2.08338797411
generalized_ND_new,B2,raw_no_target_labels,776,6.7,3.2847,2.08202146656
generalized_ND_new,B2,raw_no_target_labels,777,6.7,3.276,2.08069503906
generalized_ND_new,B2,raw_no_target_labels,778,6.7,3.2849,2.07931602052
generalized_ND_new,B2,raw_no_target_labels,779,6.7,3.2845,2.07806627048
generalized_ND_new,B2,raw_no_target_labels,780,6.7,3.2651,2.07685076542
generalized_ND_new,B2,raw_no_target_labels,781,6.7,3.24,2.07558458299
generalized_ND_new,B2,raw_no_target_labels,782,6.7,3.2426,2.07443493295
generalized_ND_new,B2,raw_no_target_labels,783,6.7,3.2495,2.07331484121
generalized_ND_new,B2,raw_no_target_labels,784,6.7,3.2421,2.07214603754
generalized_ND_new,B2,raw_no_target_labels,785,6.7,3.226,2.07108304735
generalized_ND_new,B2,raw_no_target_labels,786,6.7,3.2195,2.07004579901
generalized_ND_new,B2,raw_no_target_labels,787,6.7,3.2259,2.06896179024
generalized_ND_new,B2,raw_no_target_labels,788,6.7,3.1921,2.06797447133
generalized_ND_new,B2,raw_no_target_labels,789,6.7,3.1984,2.06700974857
generalized_ND_new,B2,raw_no_target_labels,790,6.7,3.2064,2.06600016468
generalized_ND_new,B2,raw_no_target_labels,791,6.7,3.176,2.06507942734
generalized_ND_new,B2,raw_no_target_labels,792,6.7,3.1936,2.06417866521
generalized_ND_new,B2,raw_no_target_labels,793,6.7,3.1721,2.0632348677
generalized_ND_new,B2,raw_no_target_labels,794,6.7,3.1898,2.06237311431
generalized_ND_new,B2,raw_no_target_labels,795,6.7,3.1695,2.06152913127
generalized_ND_new,B2,raw_no_target_labels,796,6.7,3.1604,2.0606438542
generalized_ND_new,B2,raw_no_target_labels,797,6.7,3.1679,2.05983467488
generalized_ND_new,B2,raw_no_target_labels,798,6.7,3.1328,2.05904139495
generalized_ND_new,B2,raw_no_target_labels,799,6.7,3.1369,2.05820847348
generalized_ND_new,B2,raw_no_target_labels,800,6.7,3.1137,2.05744641485
generalized_ND_new,B2,raw_no_target_labels,801,6.7,3.1336,2.05669865547
generalized_ND_new,B2,raw_no_target_labels,802,6.7,3.1218,2.05591281778
generalized_ND_new,B2,raw_no_target_labels,803,6.7,3.1186,2.05519320479
generalized_ND_new,B2,raw_no_target_labels,804,6.7,3.1136,2.05448651275
generalized_ND_new,B2,raw_no_target_labels,805,6.7,3.1162,2.05374321837
generalized_ND_new,B2,raw_no_target_labels,806,6.7,3.1029,2.05306201539
generalized_ND_new,B2,raw_no_target_labels,807,6.7,3.0943,2.05234515788
generalized_ND_new,B2,raw_no_target_labels,808,6.7,3.0874,2.05168785121
generalized_ND_new,B2,raw_no_target_labels,809,6.7,3.0841,2.05104155253
generalized_ND_new,B2,raw_no_target_labels,810,6.7,3.0894,2.05036093715
generalized_ND_new,B2,raw_no_target_labels,811,6.7,3.0746,2.04973642494
generalized_ND_new,B2,raw_no_target_labels,812,6.7,3.0768,2.04912196741
generalized_ND_new,B2,raw_no_target_labels,813,6.7,3.0824,2.04847445435
generalized_ND_new,B2,raw_no_target_labels,814,6.7,3.0636,2.04787993144
generalized_ND_new,B2,raw_no_target_labels,815,6.7,3.0604,2.04729462429
generalized_ND_new,B2,raw_no_target_labels,816,6.7,3.0493,2.04667745073
generalized_ND_new,B2,raw_no_target_labels,817,6.7,3.051,2.04611044464
generalized_ND_new,B2,raw_no_target_labels,818,6.7,3.053,2.04555191255
generalized_ND_new,B2,raw_no_target_labels,819,6.7,3.0294,2.04496263568
generalized_ND_new,B2,raw_no_target_labels,820,6.7,3.0517,2.04442095697
generalized_ND_new,B2,raw_no_target_labels,821,6.7,3.0568,2.04388709344
generalized_ND_new,B2,raw_no_target_labels,822,6.7,3.0308,2.04332354375
generalized_ND_new,B2,raw_no_target_labels,823,6.7,3.0316,2.04280524513
generalized_ND_new,B2,raw_no_target_labels,824,6.7,3.0469,2.04229417412
generalized_ND_new,B2,raw_no_target_labels,825,6.7,3.0208,2.04175441681
generalized_ND_new,B2,raw_no_target_labels,826,6.7,3.0327,2.04125775935
generalized_ND_new,B2,raw_no_target_labels,827,6.7,3.0191,2.04076780345
generalized_ND_new,B2,raw_no_target_labels,828,6.7,3.0166,2.04025010639
generalized_ND_new,B2,raw_no_target_labels,829,6.7,3.0129,2.03977353134
generalized_ND_new,B2,raw_no_target_labels,830,6.7,3.0117,2.03930318517
generalized_ND_new,B2,raw_no_target_labels,831,6.7,3.0136,2.03880599199
generalized_ND_new,B2,raw_no_target_labels,832,6.7,3.0009,2.03834809717
generalized_ND_new,B2,raw_no_target_labels,833,6.7,3.0168,2.03789600507
generalized_ND_new,B2,raw_no_target_labels,834,6.7,2.9993,2.03741791265
generalized_ND_new,B2,raw_no_target_labels,835,6.7,2.9933,2.03697743254
generalized_ND_new,B2,raw_no_target_labels,836,6.7,2.9744,2.03654236972
generalized_ND_new,B2,raw_no_target_labels,837,6.7,2.9836,2.03608210902
generalized_ND_new,B2,raw_no_target_labels,838,6.7,2.9739,2.03565789788
generalized_ND_new,B2,raw_no_target_labels,839,6.7,2.9864,2.03523875437
generalized_ND_new,B2,raw_no_target_labels,840,6.7,2.9856,2.03479517423
generalized_ND_new,B2,raw_no_target_labels,841,6.7,2.9758,2.03438619172
generalized_ND_new,B2,raw_no_target_labels,842,6.7,2.9623,2.03398195876
generalized_ND_new,B2,raw_no_target_labels,843,6.7,2.9872,2.03355401198
generalized_ND_new,B2,raw_no_target_labels,844,6.7,2.9473,2.03315931085
generalized_ND_new,B2,raw_no_target_labels,845,6.7,2.9689,2.03276906912
generalized_ND_new,B2,raw_no_target_labels,846,6.7,2.9593,2.03235580056
generalized_ND_new,B2,raw_no_target_labels,847,6.7,2.9631,2.03197451606
generalized_ND_new,B2,raw_no_target_labels,848,6.7,2.9434,2.03159742568
generalized_ND_new,B2,raw_no_target_labels,849,6.7,2.9422,2.03119796192
generalized_ND_new,B2,raw_no_target_labels,850,6.7,2.9503,2.03082930271
generalized_ND_new,B2,raw_no_target_labels,851,6.7,2.9484,2.03046459443
generalized_ND_new,B2,raw_no_target_labels,852,6.7,2.9425,2.03007813496
generalized_ND_new,B2,raw_no_target_labels,853,6.7,2.9455,2.02972137512
generalized_ND_new,B2,raw_no_target_labels,854,6.7,2.9541,2.02936834283
generalized_ND_new,B2,raw_no_target_labels,855,6.7,2.9284,2.02899415223
generalized_ND_new,B2,raw_no_target_labels,856,6.7,2.9495,2.02864862443
generalized_ND_new,B2,raw_no_target_labels,857,6.7,2.9229,2.02830661852
generalized_ND_new,B2,raw_no_target_labels,858,6.7,2.9279,2.02794401977
generalized_ND_new,B2,raw_no_target_labels,859,6.7,2.93,2.02760910922
generalized_ND_new,B2,raw_no_target_labels,860,6.7,2.9254,2.02727753083
generalized_ND_new,B2,raw_no_target_labels,861,6.7,2.9344,2.02692589939
generalized_ND_new,B2,raw_no_target_labels,862,6.7,2.9303,2.02660103857
generalized_ND_new,B2,raw_no_target_labels,863,6.7,2.9266,2.02627933455
generalized_ND_new,B2,raw_no_target_labels,864,6.7,2.9117,2.02593809316
generalized_ND_new,B2,raw_no_target_labels,865,6.7,2.9099,2.0256227572
generalized_ND_new,B2,raw_no_target_labels,866,6.7,2.904,2.02531041566
generalized_ND_new,B2,raw_no_target_labels,867,6.7,2.909,2.02497902978
generalized_ND_new,B2,raw_no_target_labels,868,6.7,2.9034,2.02467273236
generalized_ND_new,B2,raw_no_target_labels,869,6.7,2.9104,2.02436927872
generalized_ND_new,B2,raw_no_target_labels,870,6.7,2.9122,2.02404725251
generalized_ND_new,B2,raw_no_target_labels,871,6.7,2.8935,2.02374954225
generalized_ND_new,B2,raw_no_target_labels,872,6.7,2.8976,2.0234545358
generalized_ND_new,B2,raw_no_target_labels,873,6.7,2.8865,2.02314140852
generalized_ND_new,B2,raw_no_target_labels,874,6.7,2.8929,2.02285186577
generalized_ND_new,B2,raw_no_target_labels,875,6.7,2.8892,2.02256489656
generalized_ND_new,B2,raw_no_target_labels,876,6.7,2.8851,2.02226023943
generalized_ND_new,B2,raw_no_target_labels,877,6.7,2.879,2.02197847343
generalized_ND_new,B2,raw_no_target_labels,878,6.7,2.8916,2.02197847343
generalized_ND_new,B2,raw_no_target_labels,879,6.7,2.8994,2.02197847343
generalized_ND_new,B2,raw_no_target_labels,880,6.7,2.8913,2.02197847343
generalized_ND_new,B2,raw_no_target_labels,881,6.7,2.8794,2.02197847343
generalized_ND_new,B2,raw_no_target_labels,882,13,5.8879,2.43038658028
generalized_ND_new,B2,raw_no_target_labels,883,13,5.1875,2.32111958932
generalized_ND_new,B2,raw_no_target_labels,884,13,4.8306,2.27066779834
generalized_ND_new,B2,raw_no_target_labels,885,13,4.6049,2.2378333649
generalized_ND_new,B2,raw_no_target_labels,886,13,4.4218,2.21251430312
generalized_ND_new,B2,raw_no_target_labels,887,13,4.2921,2.19433573944
generalized_ND_new,B2,raw_no_target_labels,888,13,4.2019,2.17959877137
generalized_ND_new,B2,raw_no_target_labels,889,13,4.1037,2.16648688924
generalized_ND_new,B2,raw_no_target_labels,890,13,4.006,2.15608680685
generalized_ND_new,B2,raw_no_target_labels,891,13,3.9879,2.14703954515
generalized_ND_new,B2,raw_no_target_labels,892,13,3.9068,2.13852554371
generalized_ND_new,B2,raw_no_target_labels,893,13,3.8926,2.13146402736
generalized_ND_new,B2,raw_no_target_labels,894,13,3.8058,2.12510233559
generalized_ND_new,B2,raw_no_target_labels,895,13,3.7772,2.1189330553
generalized_ND_new,B2,raw_no_target_labels,896,13,3.7422,2.1136846485
generalized_ND_new,B2,raw_no_target_labels,897,13,3.7004,2.10885638516
generalized_ND_new,B2,raw_no_target_labels,898,13,3.6839,2.10408562174
generalized_ND_new,B2,raw_no_target_labels,899,13,3.656,2.09995988862
generalized_ND_new,B2,raw_no_target_labels,900,13,3.6207,2.09611118262
generalized_ND_new,B2,raw_no_target_labels,901,13,3.5986,2.0922593138
generalized_ND_new,B2,raw_no_target_labels,902,13,3.5783,2.08888983514
generalized_ND_new,B2,raw_no_target_labels,903,13,3.5435,2.08571519725
generalized_ND_new,B2,raw_no_target_labels,904,13,3.5297,2.08250824965
generalized_ND_new,B2,raw_no_target_labels,905,13,3.4951,2.07967907588
generalized_ND_new,B2,raw_no_target_labels,906,13,3.4858,2.07699355947
generalized_ND_new,B2,raw_no_target_labels,907,13,3.4735,2.07426146716
generalized_ND_new,B2,raw_no_target_labels,908,13,3.4512,2.07183547284
generalized_ND_new,B2,raw_no_target_labels,909,13,3.4482,2.069519281
generalized_ND_new,B2,raw_no_target_labels,910,13,3.4071,2.06714979844
generalized_ND_new,B2,raw_no_target_labels,911,13,3.417,2.06503490277
generalized_ND_new,B2,raw_no_target_labels,912,13,3.3984,2.06300634934
generalized_ND_new,B2,raw_no_target_labels,913,13,3.371,2.06092181141
generalized_ND_new,B2,raw_no_target_labels,914,13,3.3878,2.05905342982
generalized_ND_new,B2,raw_no_target_labels,915,13,3.3569,2.05725451917
generalized_ND_new,B2,raw_no_target_labels,916,13,3.3502,2.05539913442
generalized_ND_new,B2,raw_no_target_labels,917,13,3.3425,2.05373035958
generalized_ND_new,B2,raw_no_target_labels,918,13,3.3202,2.05211855025
generalized_ND_new,B2,raw_no_target_labels,919,13,3.3101,2.0504509984
generalized_ND_new,B2,raw_no_target_labels,920,13,3.2819,2.04894677344
generalized_ND_new,B2,raw_no_target_labels,921,13,3.2855,2.04749000863
generalized_ND_new,B2,raw_no_target_labels,922,13,3.2848,2.0459789019
generalized_ND_new,B2,raw_no_target_labels,923,13,3.2704,2.04461239344
generalized_ND_new,B2,raw_no_target_labels,924,13,3.2424,2.04328596505
generalized_ND_new,B2,raw_no_target_labels,925,13,3.2362,2.04190694557
generalized_ND_new,B2,raw_no_target_labels,926,13,3.2382,2.04065719468
generalized_ND_new,B2,raw_no_target_labels,927,13,3.2315,2.03944168879
generalized_ND_new,B2,raw_no_target_labels,928,13,3.2268,2.0381755055
generalized_ND_new,B2,raw_no_target_labels,929,13,3.202,2.03702585467
generalized_ND_new,B2,raw_no_target_labels,930,13,3.2006,2.03590576215
generalized_ND_new,B2,raw_no_target_labels,931,13,3.195,2.03473695768
generalized_ND_new,B2,raw_no_target_labels,932,13,3.1949,2.03367396675
generalized_ND_new,B2,raw_no_target_labels,933,13,3.1894,2.03263671769
generalized_ND_new,B2,raw_no_target_labels,934,13,3.1847,2.03155270816
generalized_ND_new,B2,raw_no_target_labels,935,13,3.178,2.03056538857
generalized_ND_new,B2,raw_no_target_labels,936,13,3.1666,2.02960066513
generalized_ND_new,B2,raw_no_target_labels,937,13,3.156,2.02859108053
generalized_ND_new,B2,raw_no_target_labels,938,13,3.1508,2.02767034254
generalized_ND_new,B2,raw_no_target_labels,939,13,3.1597,2.02676957977
generalized_ND_new,B2,raw_no_target_labels,940,13,3.1322,2.02582578159
generalized_ND_new,B2,raw_no_target_labels,941,13,3.159,2.02496402759
generalized_ND_new,B2,raw_no_target_labels,942,13,3.1207,2.02412004395
generalized_ND_new,B2,raw_no_target_labels,943,13,3.1018,2.02323476624
generalized_ND_new,B2,raw_no_target_labels,944,13,3.1097,2.02242558635
generalized_ND_new,B2,raw_no_target_labels,945,13,3.1099,2.02163230585
generalized_ND_new,B2,raw_no_target_labels,946,13,3.0951,2.02079938379
generalized_ND_new,B2,raw_no_target_labels,947,13,3.1051,2.02003732461
generalized_ND_new,B2,raw_no_target_labels,948,13,3.0924,2.01928956468
generalized_ND_new,B2,raw_no_target_labels,949,13,3.0865,2.01850372643
generalized_ND_new,B2,raw_no_target_labels,950,13,3.081,2.01778411291
generalized_ND_new,B2,raw_no_target_labels,951,13,3.0757,2.01707742036
generalized_ND_new,B2,raw_no_target_labels,952,13,3.0562,2.01633412543
generalized_ND_new,B2,raw_no_target_labels,953,13,3.0612,2.01565292196
generalized_ND_new,B2,raw_no_target_labels,954,13,3.0421,2.01493606393
generalized_ND_new,B2,raw_no_target_labels,955,13,3.0489,2.01427875678
generalized_ND_new,B2,raw_no_target_labels,956,13,3.0576,2.01363245762
generalized_ND_new,B2,raw_no_target_labels,957,13,3.0377,2.01295184174
generalized_ND_new,B2,raw_no_target_labels,958,13,3.0471,2.01232732907
generalized_ND_new,B2,raw_no_target_labels,959,13,3.0363,2.01171287109
generalized_ND_new,B2,raw_no_target_labels,960,13,3.0298,2.01106535755
generalized_ND_new,B2,raw_no_target_labels,961,13,3.0196,2.01047083419
generalized_ND_new,B2,raw_no_target_labels,962,13,3.0194,2.00988552661
generalized_ND_new,B2,raw_no_target_labels,963,13,3.0173,2.00926835259
generalized_ND_new,B2,raw_no_target_labels,964,13,3.0223,2.00870134608
generalized_ND_new,B2,raw_no_target_labels,965,13,3.0051,2.00814281358
generalized_ND_new,B2,raw_no_target_labels,966,13,3.0103,2.00755353626
generalized_ND_new,B2,raw_no_target_labels,967,13,2.9909,2.00701185715
generalized_ND_new,B2,raw_no_target_labels,968,13,3.0023,2.00647799322
generalized_ND_new,B2,raw_no_target_labels,969,13,3.0046,2.0059144431
generalized_ND_new,B2,raw_no_target_labels,970,13,2.9995,2.00539614409
generalized_ND_new,B2,raw_no_target_labels,971,13,2.99,2.0048850727
generalized_ND_new,B2,raw_no_target_labels,972,13,2.9815,2.00434531499
generalized_ND_new,B2,raw_no_target_labels,973,13,3.0012,2.00384865715
generalized_ND_new,B2,raw_no_target_labels,974,13,2.9926,2.00335870088
generalized_ND_new,B2,raw_no_target_labels,975,13,2.984,2.00284100342
generalized_ND_new,B2,raw_no_target_labels,976,13,2.9625,2.00236442801
generalized_ND_new,B2,raw_no_target_labels,977,13,2.9866,2.00189408148
generalized_ND_new,B2,raw_no_target_labels,978,13,2.9734,2.00139688792
generalized_ND_new,B2,raw_no_target_labels,979,13,2.9743,2.00093899276
generalized_ND_new,B2,raw_no_target_labels,980,13,2.966,2.00048690032
generalized_ND_new,B2,raw_no_target_labels,981,13,2.9637,2.00000880752
generalized_ND_new,B2,raw_no_target_labels,982,13,2.9482,1.99956832708
generalized_ND_new,B2,raw_no_target_labels,983,13,2.9468,1.99913326392
generalized_ND_new,B2,raw_no_target_labels,984,13,2.9625,1.99867300287
generalized_ND_new,B2,raw_no_target_labels,985,13,2.9574,1.99824879141
generalized_ND_new,B2,raw_no_target_labels,986,13,2.9494,1.99782964757
generalized_ND_new,B2,raw_no_target_labels,987,13,2.9309,1.9973860671
generalized_ND_new,B2,raw_no_target_labels,988,13,2.9464,1.99697708427
generalized_ND_new,B2,raw_no_target_labels,989,13,2.9316,1.99657285099
generalized_ND_new,B2,raw_no_target_labels,990,13,2.9262,1.99614490388
generalized_ND_new,B2,raw_no_target_labels,991,13,2.9316,1.99575020244
generalized_ND_new,B2,raw_no_target_labels,992,13,2.937,1.99535996042
generalized_ND_new,B2,raw_no_target_labels,993,13,2.9226,1.99494669153
generalized_ND_new,B2,raw_no_target_labels,994,13,2.9066,1.99456540674
generalized_ND_new,B2,raw_no_target_labels,995,13,2.9109,1.99418831606
generalized_ND_new,B2,raw_no_target_labels,996,13,2.8747,1.993788852
generalized_ND_new,B2,raw_no_target_labels,997,13,2.9155,1.99342019249
generalized_ND_new,B2,raw_no_target_labels,998,13,2.9034,1.99305548393
generalized_ND_new,B2,raw_no_target_labels,999,13,2.9009,1.99266902416
generalized_ND_new,B2,raw_no_target_labels,1000,13,2.8904,1.99231226404
generalized_ND_new,B2,raw_no_target_labels,1001,13,2.8993,1.99195923147
generalized_ND_new,B2,raw_no_target_labels,1002,13,2.904,1.99158504058
generalized_ND_new,B2,raw_no_target_labels,1003,13,2.8996,1.99123951251
generalized_ND_new,B2,raw_no_target_labels,1004,13,2.9049,1.99089750632
generalized_ND_new,B2,raw_no_target_labels,1005,13,2.8945,1.99053490729
generalized_ND_new,B2,raw_no_target_labels,1006,13,2.8923,1.99019999648
generalized_ND_new,B2,raw_no_target_labels,1007,13,2.8862,1.98986841782
generalized_ND_new,B2,raw_no_target_labels,1008,13,2.8808,1.98951678611
generalized_ND_new,B2,raw_no_target_labels,1009,13,2.8853,1.98919192503
generalized_ND_new,B2,raw_no_target_labels,1010,13,2.8746,1.98887022076
generalized_ND_new,B2,raw_no_target_labels,1011,13,2.8813,1.98852897909
generalized_ND_new,B2,raw_no_target_labels,1012,13,2.8742,1.98821364289
generalized_ND_new,B2,raw_no_target_labels,1013,13,2.8727,1.98790130109
generalized_ND_new,B2,raw_no_target_labels,1014,13,2.8786,1.98756991495
generalized_ND_new,B2,raw_no_target_labels,1015,13,2.8665,1.98726361729
generalized_ND_new,B2,raw_no_target_labels,1016,13,2.8612,1.98696016341
generalized_ND_new,B2,raw_no_target_labels,1017,13,2.8665,1.98663813694
generalized_ND_new,B2,raw_no_target_labels,1018,13,2.8629,1.98634042644
generalized_ND_new,B2,raw_no_target_labels,1019,13,2.8565,1.98604541975
generalized_ND_new,B2,raw_no_target_labels,1020,13,2.8658,1.98573229223
generalized_ND_new,B2,raw_no_target_labels,1021,13,2.8625,1.98544274925
generalized_ND_new,B2,raw_no_target_labels,1022,13,2.8581,1.98515577981
generalized_ND_new,B2,raw_no_target_labels,1023,13,2.8555,1.98485112243
generalized_ND_new,B2,raw_no_target_labels,1024,13,2.8591,1.9845693562
generalized_ND_new,B2,raw_no_target_labels,1025,13,2.8569,1.9845693562
generalized_ND_new,B2,raw_no_target_labels,1026,13,2.8595,1.9845693562
generalized_ND_new,B2,raw_no_target_labels,1027,13,2.8354,1.9845693562
generalized_ND_new,B2,raw_no_target_labels,1028,13,2.8537,1.9845693562
classic_current,B4,raw_no_target_labels,0,1.3,2.5317,2.24464912248
classic_current,B4,raw_no_target_labels,1,65,1.8828,1.86634340127
classic_current,B4,raw_no_target_labels,2,13,2.0796,1.98117101992
classic_current,B4,raw_no_target_labels,3,33,1.9757,1.91480252776
classic_current,B4,raw_no_target_labels,4,20,2.0858,1.9495699328
classic_current,B4,raw_no_target_labels,5,72,1.8505,1.83952200602
classic_current,B4,raw_no_target_labels,6,1.4,2.6238,2.32380371186
classic_current,B4,raw_no_target_labels,7,12,2.1077,2.09320684478
classic_current,B4,raw_no_target_labels,8,2.8,2.4276,2.1905572302
classic_current,B4,raw_no_target_labels,9,0.16,3.725,2.95482838628
classic_current,B4,raw_no_target_labels,10,2.7,2.32,2.11775942207
classic_current,B4,raw_no_target_labels,11,7,2.187,2.04183461031
classic_current,B4,raw_no_target_labels,12,3.5,2.3258,2.06490765946
classic_current,B4,raw_no_target_labels,13,0.41,3.1611,2.60779325853
classic_current,B4,raw_no_target_labels,14,6.9,2.3285,2.12468819235
classic_current,B4,raw_no_target_labels,15,0.5,2.8399,2.37648053859
classic_current,B4,raw_no_target_labels,16,14,2.0512,1.9498561505
classic_current,B4,raw_no_target_labels,17,4.2,2.3867,2.14782527121
classic_current,B4,raw_no_target_labels,18,7,2.1464,1.99063140727
classic_current,B4,raw_no_target_labels,19,7,2.2237,2.01598373647
classic_current,B4,raw_no_target_labels,20,2,2.394,2.14650456592
classic_current,B4,raw_no_target_labels,21,7,2.0973,1.99328246064
classic_current,B4,raw_no_target_labels,22,0.07,4.3629,3.31518863892
classic_current,B4,raw_no_target_labels,23,1.5,2.5398,2.19807698249
classic_current,B4,raw_no_target_labels,24,1,2.7965,2.37573924057
classic_current,B4,raw_no_target_labels,25,18,2.0743,1.95680445713
classic_current,B4,raw_no_target_labels,26,0.12,3,2.85935766651
classic_current,B4,raw_no_target_labels,27,0.35,2.85,2.63732519581
classic_current,B4,raw_no_target_labels,28,0.77,2.75,2.51839170965
classic_current,B4,raw_no_target_labels,29,1.5,2.7,2.43991611687
classic_current,B4,raw_no_target_labels,30,0.13,3.11,2.64942374188
classic_current,B4,raw_no_target_labels,31,0.35,2.88,2.44693065909
classic_current,B4,raw_no_target_labels,32,1.3,2.65,2.26489642201
classic_current,B4,raw_no_target_labels,33,2.7,2.5,2.193660415
classic_current,B4,raw_no_target_labels,34,6.7,2.33,2.12653305805
classic_current,B4,raw_no_target_labels,35,13,2.22,2.08912404774
classic_current,B4,raw_no_target_labels,36,30,2.1,2.05249933299
classic_current,B4,raw_no_target_labels,37,0.56,2.75,2.36162183273
classic_current,B4,raw_no_target_labels,38,1.7,2.55,2.22606127091
classic_current,B4,raw_no_target_labels,39,3,2.45,2.17416213246
classic_current,B4,raw_no_target_labels,40,7.1,2.3,2.1123011589
classic_current,B4,raw_no_target_labels,41,7,2.25,2.03264757996
classic_current,B4,raw_no_target_labels,42,40,2.05,1.95097708116
classic_current,B4,raw_no_target_labels,43,7,2.1,1.97272951714
classic_current,B4,raw_no_target_labels,44,6,2.1,2.01422996809
classic_current,B4,raw_no_target_labels,45,34,1.9,1.92846840525
classic_current,B4,raw_no_target_labels,46,70,1.71,1.85738567325
classic_current,B4,raw_no_target_labels,47,32,1.95,1.87866108433
classic_current,B4,raw_no_target_labels,48,72,1.85,1.85240659872
classic_current,B4,raw_no_target_labels,49,9,2.1,1.95777023297
classic_current,B4,raw_no_target_labels,50,0.11,2.95,2.58626137522
classic_current,B4,raw_no_target_labels,51,0.26,2.7,2.39616473488
classic_current,B4,raw_no_target_labels,52,0.59,2.5,2.26009878432
classic_current,B4,raw_no_target_labels,53,1.3,2.35,2.16034220294
classic_current,B4,raw_no_target_labels,54,2.7,2.22,2.08910619593
classic_current,B4,raw_no_target_labels,55,6.7,2.08,2.02197883898
classic_current,B4,raw_no_target_labels,56,13,2,1.98456982867
generalized_ND_new,B4,raw_no_target_labels,0,1.3,2.5317,2.24464908054
generalized_ND_new,B4,raw_no_target_labels,1,65,1.8828,1.86634256838
generalized_ND_new,B4,raw_no_target_labels,2,13,2.0796,1.98117054085
generalized_ND_new,B4,raw_no_target_labels,3,33,1.9757,1.91480185941
generalized_ND_new,B4,raw_no_target_labels,4,20,2.0858,1.94956936829
generalized_ND_new,B4,raw_no_target_labels,5,72,1.8505,1.83952108422
generalized_ND_new,B4,raw_no_target_labels,6,1.4,2.6238,2.32380366586
generalized_ND_new,B4,raw_no_target_labels,7,12,2.1077,2.09320660557
generalized_ND_new,B4,raw_no_target_labels,8,2.8,2.4276,2.19055709412
generalized_ND_new,B4,raw_no_target_labels,9,0.16,3.725,2.95482793153
generalized_ND_new,B4,raw_no_target_labels,10,2.7,2.32,2.11775924851
generalized_ND_new,B4,raw_no_target_labels,11,7,2.187,2.04183426656
generalized_ND_new,B4,raw_no_target_labels,12,3.5,2.3258,2.06490742316
generalized_ND_new,B4,raw_no_target_labels,13,0.41,3.1611,2.60779317411
generalized_ND_new,B4,raw_no_target_labels,14,6.9,2.3285,2.12468798242
generalized_ND_new,B4,raw_no_target_labels,15,0.5,2.8399,2.37648065689
generalized_ND_new,B4,raw_no_target_labels,16,14,2.0512,1.94985560864
generalized_ND_new,B4,raw_no_target_labels,17,4.2,2.3867,2.14782508459
generalized_ND_new,B4,raw_no_target_labels,18,7,2.1464,1.99063100412
generalized_ND_new,B4,raw_no_target_labels,19,7,2.2237,2.01598335919
generalized_ND_new,B4,raw_no_target_labels,20,2,2.394,2.14650445383
generalized_ND_new,B4,raw_no_target_labels,21,7,2.0973,1.99328205979
generalized_ND_new,B4,raw_no_target_labels,22,0.07,4.3629,3.31518752744
generalized_ND_new,B4,raw_no_target_labels,23,1.5,2.5398,2.19807692389
generalized_ND_new,B4,raw_no_target_labels,24,1,2.7965,2.37573921203
generalized_ND_new,B4,raw_no_target_labels,25,18,2.0743,1.95680391304
generalized_ND_new,B4,raw_no_target_labels,26,0.12,3,2.8593574499
generalized_ND_new,B4,raw_no_target_labels,27,0.35,2.85,2.63732509575
generalized_ND_new,B4,raw_no_target_labels,28,0.77,2.75,2.51839167257
generalized_ND_new,B4,raw_no_target_labels,29,1.5,2.7,2.43991613111
generalized_ND_new,B4,raw_no_target_labels,30,0.13,3.11,2.64942407041
generalized_ND_new,B4,raw_no_target_labels,31,0.35,2.88,2.44693081927
generalized_ND_new,B4,raw_no_target_labels,32,1.3,2.65,2.26489637628
generalized_ND_new,B4,raw_no_target_labels,33,2.7,2.5,2.19366028262
generalized_ND_new,B4,raw_no_target_labels,34,6.7,2.33,2.12653285
generalized_ND_new,B4,raw_no_target_labels,35,13,2.22,2.08912380521
generalized_ND_new,B4,raw_no_target_labels,36,30,2.1,2.05249906776
generalized_ND_new,B4,raw_no_target_labels,37,0.56,2.75,2.36162192734
generalized_ND_new,B4,raw_no_target_labels,38,1.7,2.55,2.22606118871
generalized_ND_new,B4,raw_no_target_labels,39,3,2.45,2.17416198034
generalized_ND_new,B4,raw_no_target_labels,40,7.1,2.3,2.11230092838
generalized_ND_new,B4,raw_no_target_labels,41,7,2.25,2.03264722362
generalized_ND_new,B4,raw_no_target_labels,42,40,2.05,1.95097652162
generalized_ND_new,B4,raw_no_target_labels,43,7,2.1,1.97272910163
generalized_ND_new,B4,raw_no_target_labels,44,6,2.1,2.01422960909
generalized_ND_new,B4,raw_no_target_labels,45,34,1.9,1.92846777511
generalized_ND_new,B4,raw_no_target_labels,46,70,1.71,1.85738480879
generalized_ND_new,B4,raw_no_target_labels,47,32,1.95,1.87866032644
generalized_ND_new,B4,raw_no_target_labels,48,72,1.85,1.85240571704
generalized_ND_new,B4,raw_no_target_labels,49,9,2.1,1.95776975892
generalized_ND_new,B4,raw_no_target_labels,50,0.11,2.95,2.58626220812
generalized_ND_new,B4,raw_no_target_labels,51,0.26,2.7,2.39616526855
generalized_ND_new,B4,raw_no_target_labels,52,0.59,2.5,2.26009903901
generalized_ND_new,B4,raw_no_target_labels,53,1.3,2.35,2.16034221672
generalized_ND_new,B4,raw_no_target_labels,54,2.7,2.22,2.08910601973
generalized_ND_new,B4,raw_no_target_labels,55,6.7,2.08,2.02197847343
generalized_ND_new,B4,raw_no_target_labels,56,13,2,1.9845693562
classic_current,B5,raw_no_target_labels,0,1.5,2.906,2.64930034244
classic_current,B5,raw_no_target_labels,1,0.125,2.761,2.65893155865
classic_current,B5,raw_no_target_labels,2,0.35,2.632,2.44693065909
classic_current,B5,raw_no_target_labels,3,0.77,2.506,2.32799717292
classic_current,B5,raw_no_target_labels,4,1.3,2.415,2.26489642201
classic_current,B5,raw_no_target_labels,5,2.6,2.318,2.19692155446
classic_current,B5,raw_no_target_labels,6,6.7,2.199,2.12653305805
classic_current,B5,raw_no_target_labels,7,13,2.12,2.08912404774
classic_current,B5,raw_no_target_labels,8,175,2.011,2.00227342727
classic_current,B5,raw_no_target_labels,9,0.5,3.015,2.92834395739
classic_current,B5,raw_no_target_labels,10,1,2.628,2.58006684571
classic_current,B5,raw_no_target_labels,11,1.4,2.517,2.5418042817
classic_current,B5,raw_no_target_labels,12,4,2.227,2.27457438652
classic_current,B5,raw_no_target_labels,13,7,2.106,2.18354852228
classic_current,B5,raw_no_target_labels,14,13,1.989,2.09939412568
classic_current,B5,raw_no_target_labels,15,20,1.917,2.04951844962
classic_current,B5,raw_no_target_labels,16,40,1.818,1.98178930526
classic_current,B5,raw_no_target_labels,17,70,1.71,1.93660184002
classic_current,B5,raw_no_target_labels,18,0.2,2.819,2.55292744765
classic_current,B5,raw_no_target_labels,19,0.5,2.679,2.38916876292
classic_current,B5,raw_no_target_labels,20,1.4,2.484,2.25684086738
classic_current,B5,raw_no_target_labels,21,2.8,2.381,2.1905572302
classic_current,B5,raw_no_target_labels,22,7.6,2.312,2.11875589533
classic_current,B5,raw_no_target_labels,23,40,2.169,2.04212191646
classic_current,B5,raw_no_target_labels,24,280,2.057,1.99324290532
classic_current,B5,raw_no_target_labels,25,7,1.943,2.05189656009
classic_current,B5,raw_no_target_labels,26,13,1.835,2.01722819257
classic_current,B5,raw_no_target_labels,27,33,1.778,1.9770523729
classic_current,B5,raw_no_target_labels,28,65,1.685,1.93873235912
classic_current,B5,raw_no_target_labels,29,7,1.849,2.02025603448
classic_current,B5,raw_no_target_labels,30,13,1.75,1.98558766696
classic_current,B5,raw_no_target_labels,31,70,1.617,1.92108721406
classic_current,B5,raw_no_target_labels,32,8,1.901,2.05671064758
classic_current,B5,raw_no_target_labels,33,62,1.653,1.96916642649
classic_current,B5,raw_no_target_labels,34,540,1.473,1.92383840665
classic_current,B5,raw_no_target_labels,35,1.3,2.723,2.30352363664
classic_current,B5,raw_no_target_labels,36,6.7,2.417,2.16516027268
classic_current,B5,raw_no_target_labels,37,30,2.256,2.09112654762
classic_current,B5,raw_no_target_labels,38,66,2.179,2.06493800529
classic_current,B5,raw_no_target_labels,39,175,2.042,2.04090064189
classic_current,B5,raw_no_target_labels,40,0.56,2.628,2.35862912637
classic_current,B5,raw_no_target_labels,41,1.7,2.456,2.22306856454
classic_current,B5,raw_no_target_labels,42,7.1,2.267,2.10930845253
classic_current,B5,raw_no_target_labels,43,176,1.846,1.98854991096
generalized_ND_new,B5,raw_no_target_labels,0,1.5,2.906,2.64930050143
generalized_ND_new,B5,raw_no_target_labels,1,0.125,2.761,2.65893189328
generalized_ND_new,B5,raw_no_target_labels,2,0.35,2.632,2.44693081927
generalized_ND_new,B5,raw_no_target_labels,3,0.77,2.506,2.32799720285
generalized_ND_new,B5,raw_no_target_labels,4,1.3,2.415,2.26489637628
generalized_ND_new,B5,raw_no_target_labels,5,2.6,2.318,2.19692142598
generalized_ND_new,B5,raw_no_target_labels,6,6.7,2.199,2.12653285
generalized_ND_new,B5,raw_no_target_labels,7,13,2.12,2.08912380521
generalized_ND_new,B5,raw_no_target_labels,8,175,2.011,2.00227316706
generalized_ND_new,B5,raw_no_target_labels,9,0.5,3.015,2.92834379532
generalized_ND_new,B5,raw_no_target_labels,10,1,2.628,2.58006685643
generalized_ND_new,B5,raw_no_target_labels,11,1.4,2.517,2.54180434791
generalized_ND_new,B5,raw_no_target_labels,12,4,2.227,2.27457436798
generalized_ND_new,B5,raw_no_target_labels,13,7,2.106,2.18354842043
generalized_ND_new,B5,raw_no_target_labels,14,13,1.989,2.09939390712
generalized_ND_new,B5,raw_no_target_labels,15,20,1.917,2.04951814077
generalized_ND_new,B5,raw_no_target_labels,16,40,1.818,1.98178884389
generalized_ND_new,B5,raw_no_target_labels,17,70,1.71,1.93660125432
generalized_ND_new,B5,raw_no_target_labels,18,0.2,2.819,2.55292770505
generalized_ND_new,B5,raw_no_target_labels,19,0.5,2.679,2.38916886232
generalized_ND_new,B5,raw_no_target_labels,20,1.4,2.484,2.25684081182
generalized_ND_new,B5,raw_no_target_labels,21,2.8,2.381,2.19055709412
generalized_ND_new,B5,raw_no_target_labels,22,7.6,2.312,2.11875567946
generalized_ND_new,B5,raw_no_target_labels,23,40,2.169,2.04212164788
generalized_ND_new,B5,raw_no_target_labels,24,280,2.057,1.99324265399
generalized_ND_new,B5,raw_no_target_labels,25,7,1.943,2.05189623083
generalized_ND_new,B5,raw_no_target_labels,26,13,1.835,2.01722778745
generalized_ND_new,B5,raw_no_target_labels,27,33,1.778,1.97705188693
generalized_ND_new,B5,raw_no_target_labels,28,65,1.685,1.93873177758
generalized_ND_new,B5,raw_no_target_labels,29,7,1.849,2.02025566231
generalized_ND_new,B5,raw_no_target_labels,30,13,1.75,1.98558719648
generalized_ND_new,B5,raw_no_target_labels,31,70,1.617,1.92108657214
generalized_ND_new,B5,raw_no_target_labels,32,8,1.901,2.05671032182
generalized_ND_new,B5,raw_no_target_labels,33,62,1.653,1.96916595038
generalized_ND_new,B5,raw_no_target_labels,34,540,1.473,1.9238379014
generalized_ND_new,B5,raw_no_target_labels,35,1.3,2.723,2.30352359039
generalized_ND_new,B5,raw_no_target_labels,36,6.7,2.417,2.16516013293
generalized_ND_new,B5,raw_no_target_labels,37,30,2.256,2.09112639671
generalized_ND_new,B5,raw_no_target_labels,38,66,2.179,2.06493786809
generalized_ND_new,B5,raw_no_target_labels,39,175,2.042,2.04090053264
generalized_ND_new,B5,raw_no_target_labels,40,0.56,2.628,2.35862922508
generalized_ND_new,B5,raw_no_target_labels,41,1.7,2.456,2.22306848191
generalized_ND_new,B5,raw_no_target_labels,42,7.1,2.267,2.10930821676
generalized_ND_new,B5,raw_no_target_labels,43,176,1.846,1.98854959635
