model,source,split,row,N_params_B,D_tokens_B,Q_score,observed,predicted
quality_model_current,B6,leave_N_out,0,0.07,10,0.1,3.7216,3.72631923707
quality_model_current,B6,leave_N_out,1,0.07,10,0.2,3.6004,3.66984752954
quality_model_current,B6,leave_N_out,2,0.07,10,0.3,3.6507,3.61333238763
quality_model_current,B6,leave_N_out,3,0.07,10,0.4,3.5704,3.5567675253
quality_model_current,B6,leave_N_out,4,0.07,10,0.6,3.5458,3.44345154307
quality_model_current,B6,leave_N_out,5,0.07,10,0.8,3.353,3.32977118735
quality_model_current,B6,leave_N_out,6,0.07,10,0.9,3.2211,3.27268880052
quality_model_current,B6,leave_N_out,7,0.07,10,1,3.1125,3.21511784965
quality_model_current,B6,leave_N_out,8,0.07,50,0.1,3.5105,3.49019204814
quality_model_current,B6,leave_N_out,9,0.07,50,0.2,3.4001,3.43372034061
quality_model_current,B6,leave_N_out,10,0.07,50,0.3,3.3596,3.3772051987
quality_model_current,B6,leave_N_out,11,0.07,50,0.4,3.2727,3.32064033637
quality_model_current,B6,leave_N_out,12,0.07,50,0.6,3.0798,3.20732435414
quality_model_current,B6,leave_N_out,13,0.07,50,0.8,3.1431,3.09364399842
quality_model_current,B6,leave_N_out,14,0.07,50,0.9,3.0628,3.03656161159
quality_model_current,B6,leave_N_out,15,0.07,50,1,2.9922,2.97899066072
quality_model_current,B6,leave_N_out,16,0.07,150,0.1,3.384,3.38034734432
quality_model_current,B6,leave_N_out,17,0.07,150,0.2,3.2214,3.3238756368
quality_model_current,B6,leave_N_out,18,0.07,150,0.3,3.3529,3.26736049489
quality_model_current,B6,leave_N_out,19,0.07,150,0.4,3.1687,3.21079563255
quality_model_current,B6,leave_N_out,20,0.07,150,0.6,3.1017,3.09747965032
quality_model_current,B6,leave_N_out,21,0.07,150,0.8,3.0179,2.9837992946
quality_model_current,B6,leave_N_out,22,0.07,150,0.9,2.7658,2.92671690777
quality_model_current,B6,leave_N_out,23,0.07,150,1,2.9653,2.86914595691
quality_model_current,B6,leave_N_out,24,0.07,300,0.1,3.2863,3.32654047477
quality_model_current,B6,leave_N_out,25,0.07,300,0.2,3.1355,3.27006876724
quality_model_current,B6,leave_N_out,26,0.07,300,0.3,3.1588,3.21355362533
quality_model_current,B6,leave_N_out,27,0.07,300,0.4,3.2809,3.156988763
quality_model_current,B6,leave_N_out,28,0.07,300,0.6,3.0098,3.04367278077
quality_model_current,B6,leave_N_out,29,0.07,300,0.8,2.8391,2.92999242505
quality_model_current,B6,leave_N_out,30,0.07,300,0.9,2.858,2.87291003822
quality_model_current,B6,leave_N_out,31,0.07,300,1,2.837,2.81533908735
quality_model_current,B6,leave_N_out,32,0.07,600,0.1,3.1971,3.28222187669
quality_model_current,B6,leave_N_out,33,0.07,600,0.2,3.1469,3.22575016917
quality_model_current,B6,leave_N_out,34,0.07,600,0.3,3.1946,3.16923502725
quality_model_current,B6,leave_N_out,35,0.07,600,0.4,3.1242,3.11267016492
quality_model_current,B6,leave_N_out,36,0.07,600,0.6,2.9753,2.99935418269
quality_model_current,B6,leave_N_out,37,0.07,600,0.8,2.8695,2.88567382697
quality_model_current,B6,leave_N_out,38,0.07,600,0.9,2.8303,2.82859144014
quality_model_current,B6,leave_N_out,39,0.07,600,1,2.747,2.77102048928
quality_joint_nd_new,B6,leave_N_out,0,0.07,10,0.1,3.7216,3.78122707565
quality_joint_nd_new,B6,leave_N_out,1,0.07,10,0.2,3.6004,3.7185802688
quality_joint_nd_new,B6,leave_N_out,2,0.07,10,0.3,3.6507,3.65589978511
quality_joint_nd_new,B6,leave_N_out,3,0.07,10,0.4,3.5704,3.59318076029
quality_joint_nd_new,B6,leave_N_out,4,0.07,10,0.6,3.5458,3.46759839198
quality_joint_nd_new,B6,leave_N_out,5,0.07,10,0.8,3.353,3.34173390247
quality_joint_nd_new,B6,leave_N_out,6,0.07,10,0.9,3.2211,3.27861432619
quality_joint_nd_new,B6,leave_N_out,7,0.07,10,1,3.1125,3.21511784965
quality_joint_nd_new,B6,leave_N_out,8,0.07,50,0.1,3.5105,3.50642703542
quality_joint_nd_new,B6,leave_N_out,9,0.07,50,0.2,3.4001,3.44805984553
quality_joint_nd_new,B6,leave_N_out,10,0.07,50,0.3,3.3596,3.38966127938
quality_joint_nd_new,B6,leave_N_out,11,0.07,50,0.4,3.2727,3.33122680498
quality_joint_nd_new,B6,leave_N_out,12,0.07,50,0.6,3.0798,3.21422339641
quality_joint_nd_new,B6,leave_N_out,13,0.07,50,0.8,3.1431,3.09695713929
quality_joint_nd_new,B6,leave_N_out,14,0.07,50,0.9,3.0628,3.03814947646
quality_joint_nd_new,B6,leave_N_out,15,0.07,50,1,2.9922,2.97899066072
quality_joint_nd_new,B6,leave_N_out,16,0.07,150,0.1,3.384,3.37171239597
quality_joint_nd_new,B6,leave_N_out,17,0.07,150,0.2,3.2214,3.31609736412
quality_joint_nd_new,B6,leave_N_out,18,0.07,150,0.3,3.3529,3.26045243547
quality_joint_nd_new,B6,leave_N_out,19,0.07,150,0.4,3.1687,3.20477329173
quality_joint_nd_new,B6,leave_N_out,20,0.07,150,0.6,3.1017,3.0932868846
quality_joint_nd_new,B6,leave_N_out,21,0.07,150,0.8,3.0179,2.98155002289
quality_joint_nd_new,B6,leave_N_out,22,0.07,150,0.9,2.7658,2.92551528749
quality_joint_nd_new,B6,leave_N_out,23,0.07,150,1,2.9653,2.86914595691
quality_joint_nd_new,B6,leave_N_out,24,0.07,300,0.1,3.2863,3.30282124648
quality_joint_nd_new,B6,leave_N_out,25,0.07,300,0.2,3.1355,3.24887547195
quality_joint_nd_new,B6,leave_N_out,26,0.07,300,0.3,3.1588,3.19490069796
quality_joint_nd_new,B6,leave_N_out,27,0.07,300,0.4,3.2809,3.14089273583
quality_joint_nd_new,B6,leave_N_out,28,0.07,300,0.6,3.0098,3.03275253737
quality_joint_nd_new,B6,leave_N_out,29,0.07,300,0.8,2.8391,2.9243694016
quality_joint_nd_new,B6,leave_N_out,30,0.07,300,0.9,2.858,2.87001652071
quality_joint_nd_new,B6,leave_N_out,31,0.07,300,1,2.837,2.81533908736
quality_joint_nd_new,B6,leave_N_out,32,0.07,600,0.1,3.1971,3.24387111556
quality_joint_nd_new,B6,leave_N_out,33,0.07,600,0.2,3.1469,3.19154449643
quality_joint_nd_new,B6,leave_N_out,34,0.07,600,0.3,3.1946,3.13918974825
quality_joint_nd_new,B6,leave_N_out,35,0.07,600,0.4,3.1242,3.08680280806
quality_joint_nd_new,B6,leave_N_out,36,0.07,600,0.6,2.9753,2.98190838349
quality_joint_nd_new,B6,leave_N_out,37,0.07,600,0.8,2.8695,2.87677831325
quality_joint_nd_new,B6,leave_N_out,38,0.07,600,0.9,2.8303,2.82405680686
quality_joint_nd_new,B6,leave_N_out,39,0.07,600,1,2.747,2.77102048928
quality_compute_new,B6,leave_N_out,0,0.07,10,0.1,3.7216,3.74550931415
quality_compute_new,B6,leave_N_out,1,0.07,10,0.2,3.6004,3.68674872659
quality_compute_new,B6,leave_N_out,2,0.07,10,0.3,3.6507,3.62796535506
quality_compute_new,B6,leave_N_out,3,0.07,10,0.4,3.5704,3.56915591284
quality_compute_new,B6,leave_N_out,4,0.07,10,0.6,3.5458,3.45143943206
quality_compute_new,B6,leave_N_out,5,0.07,10,0.8,3.353,3.33353225601
quality_compute_new,B6,leave_N_out,6,0.07,10,0.9,3.2211,3.27445213258
quality_compute_new,B6,leave_N_out,7,0.07,10,1,3.1125,3.21511784965
quality_compute_new,B6,leave_N_out,8,0.07,50,0.1,3.5105,3.42810703227
quality_compute_new,B6,leave_N_out,9,0.07,50,0.2,3.4001,3.37835068505
quality_compute_new,B6,leave_N_out,10,0.07,50,0.3,3.3596,3.32857504517
quality_compute_new,B6,leave_N_out,11,0.07,50,0.4,3.2727,3.27877732958
quality_compute_new,B6,leave_N_out,12,0.07,50,0.6,3.0798,3.17909925733
quality_compute_new,B6,leave_N_out,13,0.07,50,0.8,3.1431,3.07925971119
quality_compute_new,B6,leave_N_out,14,0.07,50,0.9,3.0628,3.02923279251
quality_compute_new,B6,leave_N_out,15,0.07,50,1,2.9922,2.97899066072
quality_compute_new,B6,leave_N_out,16,0.07,150,0.1,3.384,3.27005792972
quality_compute_new,B6,leave_N_out,17,0.07,150,0.2,3.2214,3.22564201306
quality_compute_new,B6,leave_N_out,18,0.07,150,0.3,3.3529,3.18120887447
quality_compute_new,B6,leave_N_out,19,0.07,150,0.4,3.1687,3.13675602959
quality_compute_new,B6,leave_N_out,20,0.07,150,0.6,3.1017,3.04777656875
quality_compute_new,B6,leave_N_out,21,0.07,150,0.8,3.0179,2.9586529653
quality_compute_new,B6,leave_N_out,22,0.07,150,0.9,2.7658,2.91399551806
quality_compute_new,B6,leave_N_out,23,0.07,150,1,2.9653,2.86914595691
quality_compute_new,B6,leave_N_out,24,0.07,300,0.1,3.2863,3.18853593625
quality_compute_new,B6,leave_N_out,25,0.07,300,0.2,3.1355,3.14719050069
quality_compute_new,B6,leave_N_out,26,0.07,300,0.3,3.1588,3.10582903376
quality_compute_new,B6,leave_N_out,27,0.07,300,0.4,3.2809,3.06444922282
quality_compute_new,B6,leave_N_out,28,0.07,300,0.6,3.0098,2.9816209297
quality_compute_new,B6,leave_N_out,29,0.07,300,0.8,2.8391,2.89865845856
quality_compute_new,B6,leave_N_out,30,0.07,300,0.9,2.858,2.85708818949
quality_compute_new,B6,leave_N_out,31,0.07,300,1,2.837,2.81533908736
quality_compute_new,B6,leave_N_out,32,0.07,600,0.1,3.1971,3.11841816625
quality_compute_new,B6,leave_N_out,33,0.07,600,0.2,3.1469,3.07993094883
quality_compute_new,B6,leave_N_out,34,0.07,600,0.3,3.1946,3.04142880827
quality_compute_new,B6,leave_N_out,35,0.07,600,0.4,3.1242,3.00290959185
quality_compute_new,B6,leave_N_out,36,0.07,600,0.6,2.9753,2.925807235
quality_compute_new,B6,leave_N_out,37,0.07,600,0.8,2.8695,2.84857997589
quality_compute_new,B6,leave_N_out,38,0.07,600,0.9,2.8303,2.80988346773
quality_compute_new,B6,leave_N_out,39,0.07,600,1,2.747,2.77102048928
quality_model_current,B6,leave_N_out,40,0.16,10,0.1,3.4765,3.43289116654
quality_model_current,B6,leave_N_out,41,0.16,10,0.2,3.4324,3.38581279795
quality_model_current,B6,leave_N_out,42,0.16,10,0.3,3.46,3.33861467997
quality_model_current,B6,leave_N_out,43,0.16,10,0.4,3.2484,3.29127922052
quality_model_current,B6,leave_N_out,44,0.16,10,0.6,3.269,3.19609216239
quality_model_current,B6,leave_N_out,45,0.16,10,0.8,3.2072,3.09988967806
quality_model_current,B6,leave_N_out,46,0.16,10,0.9,3.0024,3.05110785756
quality_model_current,B6,leave_N_out,47,0.16,10,1,3.0121,3.00092580989
quality_model_current,B6,leave_N_out,48,0.16,50,0.1,3.2175,3.19676397761
quality_model_current,B6,leave_N_out,49,0.16,50,0.2,3.1458,3.14968560902
quality_model_current,B6,leave_N_out,50,0.16,50,0.3,3.0796,3.10248749104
quality_model_current,B6,leave_N_out,51,0.16,50,0.4,3.002,3.05515203159
quality_model_current,B6,leave_N_out,52,0.16,50,0.6,2.8375,2.95996497346
quality_model_current,B6,leave_N_out,53,0.16,50,0.8,2.894,2.86376248913
quality_model_current,B6,leave_N_out,54,0.16,50,0.9,2.6326,2.81498066863
quality_model_current,B6,leave_N_out,55,0.16,50,1,2.793,2.76479862096
quality_model_current,B6,leave_N_out,56,0.16,150,0.1,3.1249,3.08691927379
quality_model_current,B6,leave_N_out,57,0.16,150,0.2,2.9746,3.0398409052
quality_model_current,B6,leave_N_out,58,0.16,150,0.3,3.0125,2.99264278722
quality_model_current,B6,leave_N_out,59,0.16,150,0.4,2.9738,2.94530732777
quality_model_current,B6,leave_N_out,60,0.16,150,0.6,2.8802,2.85012026965
quality_model_current,B6,leave_N_out,61,0.16,150,0.8,2.725,2.75391778532
quality_model_current,B6,leave_N_out,62,0.16,150,0.9,2.7204,2.70513596481
quality_model_current,B6,leave_N_out,63,0.16,150,1,2.6657,2.65495391714
quality_model_current,B6,leave_N_out,64,0.16,300,0.1,2.9719,3.03311240424
quality_model_current,B6,leave_N_out,65,0.16,300,0.2,2.9407,2.98603403565
quality_model_current,B6,leave_N_out,66,0.16,300,0.3,2.956,2.93883591767
quality_model_current,B6,leave_N_out,67,0.16,300,0.4,2.8482,2.89150045822
quality_model_current,B6,leave_N_out,68,0.16,300,0.6,2.8081,2.79631340009
quality_model_current,B6,leave_N_out,69,0.16,300,0.8,2.6978,2.70011091577
quality_model_current,B6,leave_N_out,70,0.16,300,0.9,2.6348,2.65132909526
quality_model_current,B6,leave_N_out,71,0.16,300,1,2.6071,2.60114704759
quality_model_current,B6,leave_N_out,72,0.16,600,0.1,2.98,2.98879380616
quality_model_current,B6,leave_N_out,73,0.16,600,0.2,2.9212,2.94171543757
quality_model_current,B6,leave_N_out,74,0.16,600,0.3,2.8818,2.89451731959
quality_model_current,B6,leave_N_out,75,0.16,600,0.4,2.8627,2.84718186014
quality_model_current,B6,leave_N_out,76,0.16,600,0.6,2.7288,2.75199480201
quality_model_current,B6,leave_N_out,77,0.16,600,0.8,2.658,2.65579231769
quality_model_current,B6,leave_N_out,78,0.16,600,0.9,2.5923,2.60701049718
quality_model_current,B6,leave_N_out,79,0.16,600,1,2.5781,2.55682844951
quality_joint_nd_new,B6,leave_N_out,40,0.16,10,0.1,3.4765,3.47373525715
quality_joint_nd_new,B6,leave_N_out,41,0.16,10,0.2,3.4324,3.42216995282
quality_joint_nd_new,B6,leave_N_out,42,0.16,10,0.3,3.46,3.37047811948
quality_joint_nd_new,B6,leave_N_out,43,0.16,10,0.4,3.2484,3.31864118306
quality_joint_nd_new,B6,leave_N_out,44,0.16,10,0.6,3.269,3.21442209033
quality_joint_nd_new,B6,leave_N_out,45,0.16,10,0.8,3.2072,3.10913066574
quality_joint_nd_new,B6,leave_N_out,46,0.16,10,0.9,3.0024,3.05576653501
quality_joint_nd_new,B6,leave_N_out,47,0.16,10,1,3.0121,3.00092580989
quality_joint_nd_new,B6,leave_N_out,48,0.16,50,0.1,3.2175,3.20880537185
quality_joint_nd_new,B6,leave_N_out,49,0.16,50,0.2,3.1458,3.16038133259
quality_joint_nd_new,B6,leave_N_out,50,0.16,50,0.3,3.0796,3.11183847225
quality_joint_nd_new,B6,leave_N_out,51,0.16,50,0.4,3.002,3.06315934824
quality_joint_nd_new,B6,leave_N_out,52,0.16,50,0.6,2.8375,2.96528909414
quality_joint_nd_new,B6,leave_N_out,53,0.16,50,0.8,2.894,2.8664118327
quality_joint_nd_new,B6,leave_N_out,54,0.16,50,0.9,2.6326,2.81629854829
quality_joint_nd_new,B6,leave_N_out,55,0.16,50,1,2.793,2.76479862096
quality_joint_nd_new,B6,leave_N_out,56,0.16,150,0.1,3.1249,3.0803140315
quality_joint_nd_new,B6,leave_N_out,57,0.16,150,0.2,2.9746,3.03392362227
quality_joint_nd_new,B6,leave_N_out,58,0.16,150,0.3,3.0125,2.987419382
quality_joint_nd_new,B6,leave_N_out,59,0.16,150,0.4,2.9738,2.94078460062
quality_joint_nd_new,B6,leave_N_out,60,0.16,150,0.6,2.8802,2.84702453416
quality_joint_nd_new,B6,leave_N_out,61,0.16,150,0.8,2.725,2.75229975091
quality_joint_nd_new,B6,leave_N_out,62,0.16,150,0.9,2.7204,2.70429103856
quality_joint_nd_new,B6,leave_N_out,63,0.16,150,1,2.6657,2.65495391714
quality_joint_nd_new,B6,leave_N_out,64,0.16,300,0.1,2.9719,3.01514745669
quality_joint_nd_new,B6,leave_N_out,65,0.16,300,0.2,2.9407,2.96999595388
quality_joint_nd_new,B6,leave_N_out,66,0.16,300,0.3,2.956,2.92473366
quality_joint_nd_new,B6,leave_N_out,67,0.16,300,0.4,2.8482,2.87934431127
quality_joint_nd_new,B6,leave_N_out,68,0.16,300,0.6,2.8081,2.78808820953
quality_joint_nd_new,B6,leave_N_out,69,0.16,300,0.8,2.6978,2.69589315482
quality_joint_nd_new,B6,leave_N_out,70,0.16,300,0.9,2.6348,2.64916656743
quality_joint_nd_new,B6,leave_N_out,71,0.16,300,1,2.6071,2.60114704759
quality_joint_nd_new,B6,leave_N_out,72,0.16,600,0.1,2.98,2.95977252666
quality_joint_nd_new,B6,leave_N_out,73,0.16,600,0.2,2.9212,2.91582684392
quality_joint_nd_new,B6,leave_N_out,74,0.16,600,0.3,2.8818,2.87177332891
quality_joint_nd_new,B6,leave_N_out,75,0.16,600,0.4,2.8627,2.82759615219
quality_joint_nd_new,B6,leave_N_out,76,0.16,600,0.6,2.7288,2.73877714406
quality_joint_nd_new,B6,leave_N_out,77,0.16,600,0.8,2.658,2.64904425873
quality_joint_nd_new,B6,leave_N_out,78,0.16,600,0.9,2.5923,2.60356555576
quality_joint_nd_new,B6,leave_N_out,79,0.16,600,1,2.5781,2.55682844951
quality_compute_new,B6,leave_N_out,40,0.16,10,0.1,3.4765,3.49874089547
quality_compute_new,B6,leave_N_out,41,0.16,10,0.2,3.4324,3.44436666594
quality_compute_new,B6,leave_N_out,42,0.16,10,0.3,3.46,3.38986970882
quality_compute_new,B6,leave_N_out,43,0.16,10,0.4,3.2484,3.33523203775
quality_compute_new,B6,leave_N_out,44,0.16,10,0.6,3.269,3.22542815468
quality_compute_new,B6,leave_N_out,45,0.16,10,0.8,3.2072,3.11458539296
quality_compute_new,B6,leave_N_out,46,0.16,10,0.9,3.0024,3.0584686424
quality_compute_new,B6,leave_N_out,47,0.16,10,1,3.0121,3.00092580989
quality_compute_new,B6,leave_N_out,48,0.16,50,0.1,3.2175,3.18330111256
quality_compute_new,B6,leave_N_out,49,0.16,50,0.2,3.1458,3.13758986114
quality_compute_new,B6,leave_N_out,50,0.16,50,0.3,3.0796,3.09177543526
quality_compute_new,B6,leave_N_out,51,0.16,50,0.4,3.002,3.04584271418
quality_compute_new,B6,leave_N_out,52,0.16,50,0.6,2.8375,2.95353293896
quality_compute_new,B6,leave_N_out,53,0.16,50,0.8,2.894,2.86034980068
quality_compute_new,B6,leave_N_out,54,0.16,50,0.9,2.6326,2.81317364911
quality_compute_new,B6,leave_N_out,55,0.16,50,1,2.793,2.76479862096
quality_compute_new,B6,leave_N_out,56,0.16,150,0.1,3.1249,3.02670309398
quality_compute_new,B6,leave_N_out,57,0.16,150,0.2,2.9746,2.98609850875
quality_compute_new,B6,leave_N_out,58,0.16,150,0.3,3.0125,2.94540227528
quality_compute_new,B6,leave_N_out,59,0.16,150,0.4,2.9738,2.90460096203
quality_compute_new,B6,leave_N_out,60,0.16,150,0.6,2.8802,2.82260364149
quality_compute_new,B6,leave_N_out,61,0.16,150,0.8,2.725,2.73983052629
quality_compute_new,B6,leave_N_out,62,0.16,150,0.9,2.7204,2.69792469332
quality_compute_new,B6,leave_N_out,63,0.16,150,1,2.6657,2.65495391714
quality_compute_new,B6,leave_N_out,64,0.16,300,0.1,2.9719,2.94612387281
quality_compute_new,B6,leave_N_out,65,0.16,300,0.2,2.9407,2.90844351796
quality_compute_new,B6,leave_N_out,66,0.16,300,0.3,2.956,2.87067811511
quality_compute_new,B6,leave_N_out,67,0.16,300,0.4,2.8482,2.83281520004
quality_compute_new,B6,leave_N_out,68,0.16,300,0.6,2.8081,2.75672310064
quality_compute_new,B6,leave_N_out,69,0.16,300,0.8,2.6978,2.67991107717
quality_compute_new,B6,leave_N_out,70,0.16,300,0.9,2.6348,2.64102318684
quality_compute_new,B6,leave_N_out,71,0.16,300,1,2.6071,2.60114704759
quality_compute_new,B6,leave_N_out,72,0.16,600,0.1,2.98,2.87696099413
quality_compute_new,B6,leave_N_out,73,0.16,600,0.2,2.9212,2.84199427463
quality_compute_new,B6,leave_N_out,74,0.16,600,0.3,2.8818,2.80694863206
quality_compute_new,B6,leave_N_out,75,0.16,600,0.4,2.8627,2.77181249983
quality_compute_new,B6,leave_N_out,76,0.16,600,0.6,2.7288,2.7012003438
quality_compute_new,B6,leave_N_out,77,0.16,600,0.8,2.658,2.62992011066
quality_compute_new,B6,leave_N_out,78,0.16,600,0.9,2.5923,2.59383281906
quality_compute_new,B6,leave_N_out,79,0.16,600,1,2.5781,2.55682844951
quality_model_current,B6,leave_N_out,80,0.41,10,0.1,3.228,3.18874461015
quality_model_current,B6,leave_N_out,81,0.41,10,0.2,3.2291,3.14828016713
quality_model_current,B6,leave_N_out,82,0.41,10,0.3,3.2054,3.10775226486
quality_model_current,B6,leave_N_out,83,0.41,10,0.4,3.0181,3.06715165683
quality_model_current,B6,leave_N_out,84,0.41,10,0.6,3.0836,2.98567768598
quality_model_current,B6,leave_N_out,85,0.41,10,0.8,2.9795,2.90366877138
quality_model_current,B6,leave_N_out,86,0.41,10,0.9,2.8227,2.86230739715
quality_model_current,B6,leave_N_out,87,0.41,10,1,2.9558,2.82021965303
quality_model_current,B6,leave_N_out,88,0.41,50,0.1,2.976,2.95261742122
quality_model_current,B6,leave_N_out,89,0.41,50,0.2,2.9489,2.9121529782
quality_model_current,B6,leave_N_out,90,0.41,50,0.3,2.9676,2.87162507593
quality_model_current,B6,leave_N_out,91,0.41,50,0.4,2.8049,2.83102446789
quality_model_current,B6,leave_N_out,92,0.41,50,0.6,2.6958,2.74955049705
quality_model_current,B6,leave_N_out,93,0.41,50,0.8,2.6518,2.66754158245
quality_model_current,B6,leave_N_out,94,0.41,50,0.9,2.6355,2.62618020822
quality_model_current,B6,leave_N_out,95,0.41,50,1,2.6047,2.5840924641
quality_model_current,B6,leave_N_out,96,0.41,150,0.1,2.8727,2.84277271741
quality_model_current,B6,leave_N_out,97,0.41,150,0.2,2.8815,2.80230827439
quality_model_current,B6,leave_N_out,98,0.41,150,0.3,2.7186,2.76178037212
quality_model_current,B6,leave_N_out,99,0.41,150,0.4,2.6566,2.72117976408
quality_model_current,B6,leave_N_out,100,0.41,150,0.6,2.6516,2.63970579323
quality_model_current,B6,leave_N_out,101,0.41,150,0.8,2.5539,2.55769687864
quality_model_current,B6,leave_N_out,102,0.41,150,0.9,2.5112,2.51633550441
quality_model_current,B6,leave_N_out,103,0.41,150,1,2.4068,2.47424776029
quality_model_current,B6,leave_N_out,104,0.41,300,0.1,2.8085,2.78896584785
quality_model_current,B6,leave_N_out,105,0.41,300,0.2,2.7682,2.74850140484
quality_model_current,B6,leave_N_out,106,0.41,300,0.3,2.6832,2.70797350256
quality_model_current,B6,leave_N_out,107,0.41,300,0.4,2.7891,2.66737289453
quality_model_current,B6,leave_N_out,108,0.41,300,0.6,2.5211,2.58589892368
quality_model_current,B6,leave_N_out,109,0.41,300,0.8,2.549,2.50389000908
quality_model_current,B6,leave_N_out,110,0.41,300,0.9,2.432,2.46252863486
quality_model_current,B6,leave_N_out,111,0.41,300,1,2.3791,2.42044089074
quality_model_current,B6,leave_N_out,112,0.41,600,0.1,2.6695,2.74464724977
quality_model_current,B6,leave_N_out,113,0.41,600,0.2,2.7354,2.70418280676
quality_model_current,B6,leave_N_out,114,0.41,600,0.3,2.6187,2.66365490448
quality_model_current,B6,leave_N_out,115,0.41,600,0.4,2.5858,2.62305429645
quality_model_current,B6,leave_N_out,116,0.41,600,0.6,2.5121,2.5415803256
quality_model_current,B6,leave_N_out,117,0.41,600,0.8,2.4741,2.45957141101
quality_model_current,B6,leave_N_out,118,0.41,600,0.9,2.471,2.41821003678
quality_model_current,B6,leave_N_out,119,0.41,600,1,2.3932,2.37612229266
quality_joint_nd_new,B6,leave_N_out,80,0.41,10,0.1,3.228,3.2224064721
quality_joint_nd_new,B6,leave_N_out,81,0.41,10,0.2,3.2291,3.17821024513
quality_joint_nd_new,B6,leave_N_out,82,0.41,10,0.3,3.2054,3.13394939985
quality_joint_nd_new,B6,leave_N_out,83,0.41,10,0.4,3.0181,3.08961452931
quality_joint_nd_new,B6,leave_N_out,84,0.41,10,0.6,3.0836,3.00066713645
quality_joint_nd_new,B6,leave_N_out,85,0.41,10,0.8,2.9795,2.91117537922
quality_joint_nd_new,B6,leave_N_out,86,0.41,10,0.9,2.8227,2.86606647766
quality_joint_nd_new,B6,leave_N_out,87,0.41,10,1,2.9558,2.82021965303
quality_joint_nd_new,B6,leave_N_out,88,0.41,50,0.1,2.976,2.96268107883
quality_joint_nd_new,B6,leave_N_out,89,0.41,50,0.2,2.9489,2.92107805368
quality_joint_nd_new,B6,leave_N_out,90,0.41,50,0.3,2.9676,2.8794142017
quality_joint_nd_new,B6,leave_N_out,91,0.41,50,0.4,2.8049,2.83768066787
quality_joint_nd_new,B6,leave_N_out,92,0.41,50,0.6,2.6958,2.75395223956
quality_joint_nd_new,B6,leave_N_out,93,0.41,50,0.8,2.6518,2.66971138732
quality_joint_nd_new,B6,leave_N_out,94,0.41,50,0.9,2.6355,2.62724923852
quality_joint_nd_new,B6,leave_N_out,95,0.41,50,1,2.6047,2.5840924641
quality_joint_nd_new,B6,leave_N_out,96,0.41,150,0.1,2.8727,2.83752828551
quality_joint_nd_new,B6,leave_N_out,97,0.41,150,0.2,2.8815,2.79760746318
quality_joint_nd_new,B6,leave_N_out,98,0.41,150,0.3,2.7186,2.75762827352
quality_joint_nd_new,B6,leave_N_out,99,0.41,150,0.4,2.6566,2.71758221957
quality_joint_nd_new,B6,leave_N_out,100,0.41,150,0.6,2.6516,2.63723931905
quality_joint_nd_new,B6,leave_N_out,101,0.41,150,0.8,2.5539,2.55640471426
quality_joint_nd_new,B6,leave_N_out,102,0.41,150,0.9,2.5112,2.51565950662
quality_joint_nd_new,B6,leave_N_out,103,0.41,150,1,2.4068,2.47424776029
quality_joint_nd_new,B6,leave_N_out,104,0.41,300,0.1,2.8085,2.77438315762
quality_joint_nd_new,B6,leave_N_out,105,0.41,300,0.2,2.7682,2.73548851458
quality_joint_nd_new,B6,leave_N_out,106,0.41,300,0.3,2.6832,2.69653700456
quality_joint_nd_new,B6,leave_N_out,107,0.41,300,0.4,2.7891,2.65752034903
quality_joint_nd_new,B6,leave_N_out,108,0.41,300,0.6,2.5211,2.57924269206
quality_joint_nd_new,B6,leave_N_out,109,0.41,300,0.8,2.549,2.50048597025
quality_joint_nd_new,B6,leave_N_out,110,0.41,300,0.9,2.432,2.46078813303
quality_joint_nd_new,B6,leave_N_out,111,0.41,300,1,2.3791,2.42044089074
quality_joint_nd_new,B6,leave_N_out,112,0.41,600,0.1,2.6695,2.72096634453
quality_joint_nd_new,B6,leave_N_out,113,0.41,600,0.2,2.7354,2.68307150247
quality_joint_nd_new,B6,leave_N_out,114,0.41,600,0.3,2.6187,2.64512125521
quality_joint_nd_new,B6,leave_N_out,115,0.41,600,0.4,2.5858,2.60710753704
quality_joint_nd_new,B6,leave_N_out,116,0.41,600,0.6,2.5121,2.53084203578
quality_joint_nd_new,B6,leave_N_out,117,0.41,600,0.8,2.4741,2.45410978422
quality_joint_nd_new,B6,leave_N_out,118,0.41,600,0.9,2.471,2.41543239438
quality_joint_nd_new,B6,leave_N_out,119,0.41,600,1,2.3932,2.37612229266
quality_compute_new,B6,leave_N_out,80,0.41,10,0.1,3.228,3.27385936924
quality_compute_new,B6,leave_N_out,81,0.41,10,0.2,3.2291,3.22395613772
quality_compute_new,B6,leave_N_out,82,0.41,10,0.3,3.2054,3.17398690493
quality_compute_new,B6,leave_N_out,83,0.41,10,0.4,3.0181,3.12394207393
quality_compute_new,B6,leave_N_out,84,0.41,10,0.6,3.0836,3.02356893145
quality_compute_new,B6,leave_N_out,85,0.41,10,0.8,2.9795,2.9226402432
quality_compute_new,B6,leave_N_out,86,0.41,10,0.9,2.8227,2.87180565999
quality_compute_new,B6,leave_N_out,87,0.41,10,1,2.9558,2.82021965303
quality_compute_new,B6,leave_N_out,88,0.41,50,0.1,2.976,2.96452681146
quality_compute_new,B6,leave_N_out,89,0.41,50,0.2,2.9489,2.92267663248
quality_compute_new,B6,leave_N_out,90,0.41,50,0.3,2.9676,2.88077110308
quality_compute_new,B6,leave_N_out,91,0.41,50,0.4,2.8049,2.83880217501
quality_compute_new,B6,leave_N_out,92,0.41,50,0.6,2.6958,2.75462658459
quality_compute_new,B6,leave_N_out,93,0.41,50,0.8,2.6518,2.66998509869
quality_compute_new,B6,leave_N_out,94,0.41,50,0.9,2.6355,2.62735386337
quality_compute_new,B6,leave_N_out,95,0.41,50,1,2.6047,2.5840924641
quality_compute_new,B6,leave_N_out,96,0.41,150,0.1,2.8727,2.81161833985
quality_compute_new,B6,leave_N_out,97,0.41,150,0.2,2.8815,2.77450544708
quality_compute_new,B6,leave_N_out,98,0.41,150,0.3,2.7186,2.73734346937
quality_compute_new,B6,leave_N_out,99,0.41,150,0.4,2.6566,2.70012526947
quality_compute_new,B6,leave_N_out,100,0.41,150,0.6,2.6516,2.62547804605
quality_compute_new,B6,leave_N_out,101,0.41,150,0.8,2.5539,2.55041766479
quality_compute_new,B6,leave_N_out,102,0.41,150,0.9,2.5112,2.5126121284
quality_compute_new,B6,leave_N_out,103,0.41,150,1,2.4068,2.47424776029
quality_compute_new,B6,leave_N_out,104,0.41,300,0.1,2.8085,2.73318563245
quality_compute_new,B6,leave_N_out,105,0.41,300,0.2,2.7682,2.69878173725
quality_compute_new,B6,leave_N_out,106,0.41,300,0.3,2.6832,2.66433233998
quality_compute_new,B6,leave_N_out,107,0.41,300,0.4,2.7891,2.62983082438
quality_compute_new,B6,leave_N_out,108,0.41,300,0.6,2.5211,2.56063235829
quality_compute_new,B6,leave_N_out,109,0.41,300,0.8,2.549,2.49105089218
quality_compute_new,B6,leave_N_out,110,0.41,300,0.9,2.432,2.4560049118
quality_compute_new,B6,leave_N_out,111,0.41,300,1,2.3791,2.42044089074
quality_compute_new,B6,leave_N_out,112,0.41,600,0.1,2.6695,2.66603872104
quality_compute_new,B6,leave_N_out,113,0.41,600,0.2,2.7354,2.63414608437
quality_compute_new,B6,leave_N_out,114,0.41,600,0.3,2.6187,2.60221126698
quality_compute_new,B6,leave_N_out,115,0.41,600,0.4,2.5858,2.57022813555
quality_compute_new,B6,leave_N_out,116,0.41,600,0.6,2.5121,2.50608070328
quality_compute_new,B6,leave_N_out,117,0.41,600,0.8,2.4741,2.44157822747
quality_compute_new,B6,leave_N_out,118,0.41,600,0.9,2.471,2.40909037362
quality_compute_new,B6,leave_N_out,119,0.41,600,1,2.3932,2.37612229266
quality_model_current,B6,leave_N_out,120,0.7,10,0.1,3.1919,3.07979216359
quality_model_current,B6,leave_N_out,121,0.7,10,0.2,3.1552,3.04185454559
quality_model_current,B6,leave_N_out,122,0.7,10,0.3,3.0155,3.00394910548
quality_model_current,B6,leave_N_out,123,0.7,10,0.4,3.0148,2.96608043621
quality_model_current,B6,leave_N_out,124,0.7,10,0.6,2.9615,2.89048044427
quality_model_current,B6,leave_N_out,125,0.7,10,0.8,2.8692,2.81514776399
quality_model_current,B6,leave_N_out,126,0.7,10,0.9,2.7928,2.77765777944
quality_model_current,B6,leave_N_out,127,0.7,10,1,2.8304,2.74051721866
quality_model_current,B6,leave_N_out,128,0.7,50,0.1,2.8444,2.84366497466
quality_model_current,B6,leave_N_out,129,0.7,50,0.2,2.8069,2.80572735666
quality_model_current,B6,leave_N_out,130,0.7,50,0.3,2.7973,2.76782191654
quality_model_current,B6,leave_N_out,131,0.7,50,0.4,2.7324,2.72995324728
quality_model_current,B6,leave_N_out,132,0.7,50,0.6,2.6134,2.65435325534
quality_model_current,B6,leave_N_out,133,0.7,50,0.8,2.6409,2.57902057506
quality_model_current,B6,leave_N_out,134,0.7,50,0.9,2.5496,2.54153059051
quality_model_current,B6,leave_N_out,135,0.7,50,1,2.5581,2.50439002973
quality_model_current,B6,leave_N_out,136,0.7,150,0.1,2.7893,2.73382027084
quality_model_current,B6,leave_N_out,137,0.7,150,0.2,2.6375,2.69588265284
quality_model_current,B6,leave_N_out,138,0.7,150,0.3,2.6856,2.65797721273
quality_model_current,B6,leave_N_out,139,0.7,150,0.4,2.5991,2.62010854346
quality_model_current,B6,leave_N_out,140,0.7,150,0.6,2.5608,2.54450855153
quality_model_current,B6,leave_N_out,141,0.7,150,0.8,2.5043,2.46917587124
quality_model_current,B6,leave_N_out,142,0.7,150,0.9,2.4035,2.4316858867
quality_model_current,B6,leave_N_out,143,0.7,150,1,2.3542,2.39454532592
quality_model_current,B6,leave_N_out,144,0.7,300,0.1,2.6722,2.68001340129
quality_model_current,B6,leave_N_out,145,0.7,300,0.2,2.6214,2.64207578329
quality_model_current,B6,leave_N_out,146,0.7,300,0.3,2.5759,2.60417034318
quality_model_current,B6,leave_N_out,147,0.7,300,0.4,2.5792,2.56630167391
quality_model_current,B6,leave_N_out,148,0.7,300,0.6,2.4842,2.49070168197
quality_model_current,B6,leave_N_out,149,0.7,300,0.8,2.4416,2.41536900169
quality_model_current,B6,leave_N_out,150,0.7,300,0.9,2.4128,2.37787901714
quality_model_current,B6,leave_N_out,151,0.7,300,1,2.3149,2.34073845636
quality_model_current,B6,leave_N_out,152,0.7,600,0.1,2.5974,2.63569480321
quality_model_current,B6,leave_N_out,153,0.7,600,0.2,2.5998,2.59775718521
quality_model_current,B6,leave_N_out,154,0.7,600,0.3,2.5611,2.5598517451
quality_model_current,B6,leave_N_out,155,0.7,600,0.4,2.5225,2.52198307583
quality_model_current,B6,leave_N_out,156,0.7,600,0.6,2.51,2.44638308389
quality_model_current,B6,leave_N_out,157,0.7,600,0.8,2.4421,2.37105040361
quality_model_current,B6,leave_N_out,158,0.7,600,0.9,2.2624,2.33356041906
quality_model_current,B6,leave_N_out,159,0.7,600,1,2.3039,2.29641985828
quality_joint_nd_new,B6,leave_N_out,120,0.7,10,0.1,3.1919,3.10960533218
quality_joint_nd_new,B6,leave_N_out,121,0.7,10,0.2,3.1552,3.06832302828
quality_joint_nd_new,B6,leave_N_out,122,0.7,10,0.3,3.0155,3.02707721009
quality_joint_nd_new,B6,leave_N_out,123,0.7,10,0.4,3.0148,2.98587308383
quality_joint_nd_new,B6,leave_N_out,124,0.7,10,0.6,2.9615,2.90362054918
quality_joint_nd_new,B6,leave_N_out,125,0.7,10,0.8,2.8692,2.82167104708
quality_joint_nd_new,B6,leave_N_out,126,0.7,10,0.9,2.7928,2.78089618484
quality_joint_nd_new,B6,leave_N_out,127,0.7,10,1,2.8304,2.74051721866
quality_joint_nd_new,B6,leave_N_out,128,0.7,50,0.1,2.8444,2.85261431125
quality_joint_nd_new,B6,leave_N_out,129,0.7,50,0.2,2.8069,2.81366561557
quality_joint_nd_new,B6,leave_N_out,130,0.7,50,0.3,2.7973,2.77475134312
quality_joint_nd_new,B6,leave_N_out,131,0.7,50,0.4,2.7324,2.73587640584
quality_joint_nd_new,B6,leave_N_out,132,0.7,50,0.6,2.6134,2.65827344674
quality_joint_nd_new,B6,leave_N_out,133,0.7,50,0.8,2.6409,2.58095639033
quality_joint_nd_new,B6,leave_N_out,134,0.7,50,0.9,2.5496,2.54248645162
quality_joint_nd_new,B6,leave_N_out,135,0.7,50,1,2.5581,2.50439002973
quality_joint_nd_new,B6,leave_N_out,136,0.7,150,0.1,2.7893,2.72920925413
quality_joint_nd_new,B6,leave_N_out,137,0.7,150,0.2,2.6375,2.69177727656
quality_joint_nd_new,B6,leave_N_out,138,0.7,150,0.3,2.6856,2.65437838173
quality_joint_nd_new,B6,leave_N_out,139,0.7,150,0.4,2.5991,2.61701729031
quality_joint_nd_new,B6,leave_N_out,140,0.7,150,0.6,2.5608,2.54243630181
quality_joint_nd_new,B6,leave_N_out,141,0.7,150,0.8,2.5043,2.46813008254
quality_joint_nd_new,B6,leave_N_out,142,0.7,150,0.9,2.4035,2.43115821845
quality_joint_nd_new,B6,leave_N_out,143,0.7,150,1,2.3542,2.39454532592
quality_joint_nd_new,B6,leave_N_out,144,0.7,300,0.1,2.6722,2.66711976069
quality_joint_nd_new,B6,leave_N_out,145,0.7,300,0.2,2.6214,2.63061419008
quality_joint_nd_new,B6,leave_N_out,146,0.7,300,0.3,2.5759,2.59414088344
quality_joint_nd_new,B6,leave_N_out,147,0.7,300,0.4,2.5792,2.5577044446
quality_joint_nd_new,B6,leave_N_out,148,0.7,300,0.6,2.4842,2.48496926686
quality_joint_nd_new,B6,leave_N_out,149,0.7,300,0.8,2.4416,2.41250205806
quality_joint_nd_new,B6,leave_N_out,150,0.7,300,0.9,2.4128,2.37644521354
quality_joint_nd_new,B6,leave_N_out,151,0.7,300,1,2.3149,2.34073845636
quality_joint_nd_new,B6,leave_N_out,152,0.7,600,0.1,2.5974,2.61472352604
quality_joint_nd_new,B6,leave_N_out,153,0.7,600,0.2,2.5998,2.57912143466
quality_joint_nd_new,B6,leave_N_out,154,0.7,600,0.3,2.5611,2.54355080876
quality_joint_nd_new,B6,leave_N_out,155,0.7,600,0.4,2.5225,2.50801613821
quality_joint_nd_new,B6,leave_N_out,156,0.7,600,0.6,2.51,2.4370810891
quality_joint_nd_new,B6,leave_N_out,157,0.7,600,0.8,2.4421,2.36640737696
quality_joint_nd_new,B6,leave_N_out,158,0.7,600,0.9,2.2624,2.33124290612
quality_joint_nd_new,B6,leave_N_out,159,0.7,600,1,2.3039,2.29641985828
quality_compute_new,B6,leave_N_out,120,0.7,10,0.1,3.1919,3.17133666814
quality_compute_new,B6,leave_N_out,121,0.7,10,0.2,3.1552,3.12314147397
quality_compute_new,B6,leave_N_out,122,0.7,10,0.3,3.0155,3.07498998311
quality_compute_new,B6,leave_N_out,123,0.7,10,0.4,3.0148,3.02688843045
quality_compute_new,B6,leave_N_out,124,0.7,10,0.6,2.9615,2.93087183482
quality_compute_new,B6,leave_N_out,125,0.7,10,0.8,2.8692,2.83521816716
quality_compute_new,B6,leave_N_out,126,0.7,10,0.9,2.7928,2.7876307052
quality_compute_new,B6,leave_N_out,127,0.7,10,1,2.8304,2.74051721866
quality_compute_new,B6,leave_N_out,128,0.7,50,0.1,2.8444,2.86589411551
quality_compute_new,B6,leave_N_out,129,0.7,50,0.2,2.8069,2.82545313814
quality_compute_new,B6,leave_N_out,130,0.7,50,0.3,2.7973,2.78504883256
quality_compute_new,B6,leave_N_out,131,0.7,50,0.4,2.7324,2.74468643055
quality_compute_new,B6,leave_N_out,132,0.7,50,0.6,2.6134,2.6641181283
quality_compute_new,B6,leave_N_out,133,0.7,50,0.8,2.6409,2.58385436183
quality_compute_new,B6,leave_N_out,134,0.7,50,0.9,2.5496,2.54392333747
quality_compute_new,B6,leave_N_out,135,0.7,50,1,2.5581,2.50439002973
quality_compute_new,B6,leave_N_out,136,0.7,150,0.1,2.7893,2.71525410074
quality_compute_new,B6,leave_N_out,137,0.7,150,0.2,2.6375,2.6793768401
quality_compute_new,B6,leave_N_out,138,0.7,150,0.3,2.6856,2.6435321129
quality_compute_new,B6,leave_N_out,139,0.7,150,0.4,2.5991,2.60772456048
quality_compute_new,B6,leave_N_out,140,0.7,150,0.6,2.5608,2.53624829639
quality_compute_new,B6,leave_N_out,141,0.7,150,0.8,2.5043,2.46504220158
quality_compute_new,B6,leave_N_out,142,0.7,150,0.9,2.4035,2.42961734637
quality_compute_new,B6,leave_N_out,143,0.7,150,1,2.3542,2.39454532592
quality_compute_new,B6,leave_N_out,144,0.7,300,0.1,2.6722,2.63811109185
quality_compute_new,B6,leave_N_out,145,0.7,300,0.2,2.6214,2.60484441383
quality_compute_new,B6,leave_N_out,146,0.7,300,0.3,2.5759,2.57160790197
quality_compute_new,B6,leave_N_out,147,0.7,300,0.4,2.5792,2.53840585991
quality_compute_new,B6,leave_N_out,148,0.7,300,0.6,2.4842,2.47213051388
quality_compute_new,B6,leave_N_out,149,0.7,300,0.8,2.4416,2.40610567846
quality_compute_new,B6,leave_N_out,150,0.7,300,0.9,2.4128,2.37325848691
quality_compute_new,B6,leave_N_out,151,0.7,300,1,2.3149,2.34073845636
quality_compute_new,B6,leave_N_out,152,0.7,600,0.1,2.5974,2.57215439153
quality_compute_new,B6,leave_N_out,153,0.7,600,0.2,2.5998,2.541308339
quality_compute_new,B6,leave_N_out,154,0.7,600,0.3,2.5611,2.51049025761
quality_compute_new,B6,leave_N_out,155,0.7,600,0.4,2.5225,2.47970413785
quality_compute_new,B6,leave_N_out,156,0.7,600,0.6,2.51,2.41825126887
quality_compute_new,B6,leave_N_out,157,0.7,600,0.8,2.4421,2.35703068229
quality_compute_new,B6,leave_N_out,158,0.7,600,0.9,2.2624,2.32657359261
quality_compute_new,B6,leave_N_out,159,0.7,600,1,2.3039,2.29641985828
quality_model_current,B6,leave_N_out,160,1,10,0.1,3.0483,3.01627627774
quality_model_current,B6,leave_N_out,161,1,10,0.2,2.968,2.98106590271
quality_model_current,B6,leave_N_out,162,1,10,0.3,2.8948,2.94578994028
quality_model_current,B6,leave_N_out,163,1,10,0.4,2.8223,2.91043881011
quality_model_current,B6,leave_N_out,164,1,10,0.6,2.8442,2.8394544095
quality_model_current,B6,leave_N_out,165,1,10,0.8,2.7546,2.76791613981
quality_model_current,B6,leave_N_out,166,1,10,0.9,2.7505,2.73177695425
quality_model_current,B6,leave_N_out,167,1,10,1,2.6827,2.69488219369
quality_model_current,B6,leave_N_out,168,1,50,0.1,2.8264,2.78014908881
quality_model_current,B6,leave_N_out,169,1,50,0.2,2.8076,2.74493871378
quality_model_current,B6,leave_N_out,170,1,50,0.3,2.6823,2.70966275135
quality_model_current,B6,leave_N_out,171,1,50,0.4,2.6528,2.67431162118
quality_model_current,B6,leave_N_out,172,1,50,0.6,2.6707,2.60332722057
quality_model_current,B6,leave_N_out,173,1,50,0.8,2.4922,2.53178895088
quality_model_current,B6,leave_N_out,174,1,50,0.9,2.5805,2.49564976532
quality_model_current,B6,leave_N_out,175,1,50,1,2.5615,2.45875500476
quality_model_current,B6,leave_N_out,176,1,150,0.1,2.6482,2.67030438499
quality_model_current,B6,leave_N_out,177,1,150,0.2,2.6343,2.63509400996
quality_model_current,B6,leave_N_out,178,1,150,0.3,2.6133,2.59981804753
quality_model_current,B6,leave_N_out,179,1,150,0.4,2.5016,2.56446691736
quality_model_current,B6,leave_N_out,180,1,150,0.6,2.5859,2.49348251676
quality_model_current,B6,leave_N_out,181,1,150,0.8,2.3211,2.42194424707
quality_model_current,B6,leave_N_out,182,1,150,0.9,2.3833,2.3858050615
quality_model_current,B6,leave_N_out,183,1,150,1,2.334,2.34891030094
quality_model_current,B6,leave_N_out,184,1,300,0.1,2.6943,2.61649751544
quality_model_current,B6,leave_N_out,185,1,300,0.2,2.5728,2.58128714041
quality_model_current,B6,leave_N_out,186,1,300,0.3,2.4688,2.54601117798
quality_model_current,B6,leave_N_out,187,1,300,0.4,2.5249,2.51066004781
quality_model_current,B6,leave_N_out,188,1,300,0.6,2.4469,2.43967564721
quality_model_current,B6,leave_N_out,189,1,300,0.8,2.4239,2.36813737751
quality_model_current,B6,leave_N_out,190,1,300,0.9,2.2509,2.33199819195
quality_model_current,B6,leave_N_out,191,1,300,1,2.342,2.29510343139
quality_model_current,B6,leave_N_out,192,1,600,0.1,2.6008,2.57217891736
quality_model_current,B6,leave_N_out,193,1,600,0.2,2.4894,2.53696854233
quality_model_current,B6,leave_N_out,194,1,600,0.3,2.4439,2.5016925799
quality_model_current,B6,leave_N_out,195,1,600,0.4,2.4229,2.46634144973
quality_model_current,B6,leave_N_out,196,1,600,0.6,2.4336,2.39535704913
quality_model_current,B6,leave_N_out,197,1,600,0.8,2.3549,2.32381877943
quality_model_current,B6,leave_N_out,198,1,600,0.9,2.2636,2.28767959387
quality_model_current,B6,leave_N_out,199,1,600,1,2.2915,2.25078483331
quality_joint_nd_new,B6,leave_N_out,160,1,10,0.1,3.0483,3.05117659955
quality_joint_nd_new,B6,leave_N_out,161,1,10,0.2,2.968,3.01212116295
quality_joint_nd_new,B6,leave_N_out,162,1,10,0.3,2.8948,2.97299580502
quality_joint_nd_new,B6,leave_N_out,163,1,10,0.4,2.8223,2.93379031858
quality_joint_nd_new,B6,leave_N_out,164,1,10,0.6,2.8442,2.85507862451
quality_joint_nd_new,B6,leave_N_out,165,1,10,0.8,2.7546,2.77577672095
quality_joint_nd_new,B6,leave_N_out,166,1,10,0.9,2.7505,2.73573157159
quality_joint_nd_new,B6,leave_N_out,167,1,10,1,2.6827,2.69488219369
quality_joint_nd_new,B6,leave_N_out,168,1,50,0.1,2.8264,2.7905361724
quality_joint_nd_new,B6,leave_N_out,169,1,50,0.2,2.8076,2.75416776991
quality_joint_nd_new,B6,leave_N_out,170,1,50,0.3,2.6823,2.71773425671
quality_joint_nd_new,B6,leave_N_out,171,1,50,0.4,2.6528,2.68122612789
quality_joint_nd_new,B6,leave_N_out,172,1,50,0.6,2.6707,2.60792983881
quality_joint_nd_new,B6,leave_N_out,173,1,50,0.8,2.4922,2.53408394697
quality_joint_nd_new,B6,leave_N_out,174,1,50,0.9,2.5805,2.49679392447
quality_joint_nd_new,B6,leave_N_out,175,1,50,1,2.5615,2.45875500476
quality_joint_nd_new,B6,leave_N_out,176,1,150,0.1,2.6482,2.66493432975
quality_joint_nd_new,B6,leave_N_out,177,1,150,0.2,2.6343,2.630293156
quality_joint_nd_new,B6,leave_N_out,178,1,150,0.3,2.6133,2.59558996382
quality_joint_nd_new,B6,leave_N_out,179,1,150,0.4,2.5016,2.56081569969
quality_joint_nd_new,B6,leave_N_out,180,1,150,0.6,2.5859,2.49100043943
quality_joint_nd_new,B6,leave_N_out,181,1,150,0.8,2.3211,2.42066167844
quality_joint_nd_new,B6,leave_N_out,182,1,150,0.9,2.3833,2.38514265477
quality_joint_nd_new,B6,leave_N_out,183,1,150,1,2.334,2.34891030094
quality_joint_nd_new,B6,leave_N_out,184,1,300,0.1,2.6943,2.60157312478
quality_joint_nd_new,B6,leave_N_out,185,1,300,0.2,2.5728,2.56797925554
quality_joint_nd_new,B6,leave_N_out,186,1,300,0.3,2.4688,2.53432524288
quality_joint_nd_new,B6,leave_N_out,187,1,300,0.4,2.5249,2.50060230698
quality_joint_nd_new,B6,leave_N_out,188,1,300,0.6,2.4469,2.43289776728
quality_joint_nd_new,B6,leave_N_out,189,1,300,0.8,2.4239,2.36468555381
quality_joint_nd_new,B6,leave_N_out,190,1,300,0.9,2.2509,2.33024037464
quality_joint_nd_new,B6,leave_N_out,191,1,300,1,2.342,2.29510343139
quality_joint_nd_new,B6,leave_N_out,192,1,600,0.1,2.6008,2.54798904692
quality_joint_nd_new,B6,leave_N_out,193,1,600,0.2,2.4894,2.51541081911
quality_joint_nd_new,B6,leave_N_out,194,1,600,0.3,2.4439,2.48277426618
quality_joint_nd_new,B6,leave_N_out,195,1,600,0.4,2.4229,2.45007087378
quality_joint_nd_new,B6,leave_N_out,196,1,600,0.6,2.4336,2.38441324134
quality_joint_nd_new,B6,leave_N_out,197,1,600,0.8,2.3549,2.31826328362
quality_joint_nd_new,B6,leave_N_out,198,1,600,0.9,2.2636,2.28485948348
quality_joint_nd_new,B6,leave_N_out,199,1,600,1,2.2915,2.25078483331
quality_compute_new,B6,leave_N_out,160,1,10,0.1,3.0483,3.11360600277
quality_compute_new,B6,leave_N_out,161,1,10,0.2,2.968,3.06771106165
quality_compute_new,B6,leave_N_out,162,1,10,0.3,2.8948,3.02173346438
quality_compute_new,B6,leave_N_out,163,1,10,0.4,2.8223,2.97566114363
quality_compute_new,B6,leave_N_out,164,1,10,0.6,2.8442,2.88316099948
quality_compute_new,B6,leave_N_out,165,1,10,0.8,2.7546,2.78996310549
quality_compute_new,B6,leave_N_out,166,1,10,0.9,2.7505,2.74289811216
quality_compute_new,B6,leave_N_out,167,1,10,1,2.6827,2.69488219369
quality_compute_new,B6,leave_N_out,168,1,50,0.1,2.8264,2.80879497504
quality_compute_new,B6,leave_N_out,169,1,50,0.2,2.8076,2.77042824385
quality_compute_new,B6,leave_N_out,170,1,50,0.3,2.6823,2.73199241471
quality_compute_new,B6,leave_N_out,171,1,50,0.4,2.6528,2.69347739972
quality_compute_new,B6,leave_N_out,172,1,50,0.6,2.6707,2.61615018066
quality_compute_new,B6,leave_N_out,173,1,50,0.8,2.4922,2.53823966462
quality_compute_new,B6,leave_N_out,174,1,50,0.9,2.5805,2.49889480648
quality_compute_new,B6,leave_N_out,175,1,50,1,2.5615,2.45875500476
quality_compute_new,B6,leave_N_out,176,1,150,0.1,2.6482,2.65865511095
quality_compute_new,B6,leave_N_out,177,1,150,0.2,2.6343,2.6247049999
quality_compute_new,B6,leave_N_out,178,1,150,0.3,2.6133,2.59069374517
quality_compute_new,B6,leave_N_out,179,1,150,0.4,2.5016,2.55661242014
quality_compute_new,B6,leave_N_out,180,1,150,0.6,2.5859,2.48818679218
quality_compute_new,B6,leave_N_out,181,1,150,0.8,2.3211,2.419245014
quality_compute_new,B6,leave_N_out,182,1,150,0.9,2.3833,2.38442937395
quality_compute_new,B6,leave_N_out,183,1,150,1,2.334,2.34891030094
quality_compute_new,B6,leave_N_out,184,1,300,0.1,2.6943,2.58184660498
quality_compute_new,B6,leave_N_out,185,1,300,0.2,2.5728,2.55041762773
quality_compute_new,B6,leave_N_out,186,1,300,0.3,2.4688,2.51893204733
quality_compute_new,B6,leave_N_out,187,1,300,0.4,2.5249,2.48738160005
quality_compute_new,B6,leave_N_out,188,1,300,0.6,2.4469,2.42403725632
quality_compute_new,B6,leave_N_out,189,1,300,0.8,2.4239,2.36021509164
quality_compute_new,B6,leave_N_out,190,1,300,0.9,2.2509,2.32798485954
quality_compute_new,B6,leave_N_out,191,1,300,1,2.342,2.29510343139
quality_compute_new,B6,leave_N_out,192,1,600,0.1,2.6008,2.51623447102
quality_compute_new,B6,leave_N_out,193,1,600,0.2,2.4894,2.48713940829
quality_compute_new,B6,leave_N_out,194,1,600,0.3,2.4439,2.45799194575
quality_compute_new,B6,leave_N_out,195,1,600,0.4,2.4229,2.42878443334
quality_compute_new,B6,leave_N_out,196,1,600,0.6,2.4336,2.37014403788
quality_compute_new,B6,leave_N_out,197,1,600,0.8,2.3549,2.31106130444
quality_compute_new,B6,leave_N_out,198,1,600,0.9,2.2636,2.28122448801
quality_compute_new,B6,leave_N_out,199,1,600,1,2.2915,2.25078483331
quality_model_current,B6,leave_N_out,200,2.8,10,0.1,2.9592,2.86314321522
quality_model_current,B6,leave_N_out,201,2.8,10,0.2,2.8431,2.83299591007
quality_model_current,B6,leave_N_out,202,2.8,10,0.3,2.8867,2.80282682913
quality_model_current,B6,leave_N_out,203,2.8,10,0.4,2.771,2.77263282214
quality_model_current,B6,leave_N_out,204,2.8,10,0.6,2.7064,2.71215144066
quality_model_current,B6,leave_N_out,205,2.8,10,0.8,2.651,2.65148743259
quality_model_current,B6,leave_N_out,206,2.8,10,0.9,2.6397,2.62103405815
quality_model_current,B6,leave_N_out,207,2.8,10,1,2.484,2.5903359925
quality_model_current,B6,leave_N_out,208,2.8,50,0.1,2.5785,2.62701602629
quality_model_current,B6,leave_N_out,209,2.8,50,0.2,2.4874,2.59686872114
quality_model_current,B6,leave_N_out,210,2.8,50,0.3,2.5971,2.5666996402
quality_model_current,B6,leave_N_out,211,2.8,50,0.4,2.5963,2.53650563321
quality_model_current,B6,leave_N_out,212,2.8,50,0.6,2.5446,2.47602425173
quality_model_current,B6,leave_N_out,213,2.8,50,0.8,2.3227,2.41536024366
quality_model_current,B6,leave_N_out,214,2.8,50,0.9,2.3871,2.38490686922
quality_model_current,B6,leave_N_out,215,2.8,50,1,2.2984,2.35420880357
quality_model_current,B6,leave_N_out,216,2.8,150,0.1,2.4446,2.51717132247
quality_model_current,B6,leave_N_out,217,2.8,150,0.2,2.4506,2.48702401733
quality_model_current,B6,leave_N_out,218,2.8,150,0.3,2.3889,2.45685493638
quality_model_current,B6,leave_N_out,219,2.8,150,0.4,2.5101,2.4266609294
quality_model_current,B6,leave_N_out,220,2.8,150,0.6,2.2938,2.36617954792
quality_model_current,B6,leave_N_out,221,2.8,150,0.8,2.2577,2.30551553984
quality_model_current,B6,leave_N_out,222,2.8,150,0.9,2.2652,2.27506216541
quality_model_current,B6,leave_N_out,223,2.8,150,1,2.2464,2.24436409976
quality_model_current,B6,leave_N_out,224,2.8,300,0.1,2.446,2.46336445292
quality_model_current,B6,leave_N_out,225,2.8,300,0.2,2.3643,2.43321714777
quality_model_current,B6,leave_N_out,226,2.8,300,0.3,2.3988,2.40304806683
quality_model_current,B6,leave_N_out,227,2.8,300,0.4,2.3719,2.37285405985
quality_model_current,B6,leave_N_out,228,2.8,300,0.6,2.3342,2.31237267837
quality_model_current,B6,leave_N_out,229,2.8,300,0.8,2.2389,2.25170867029
quality_model_current,B6,leave_N_out,230,2.8,300,0.9,2.2601,2.22125529585
quality_model_current,B6,leave_N_out,231,2.8,300,1,2.1271,2.1905572302
quality_model_current,B6,leave_N_out,232,2.8,600,0.1,2.4515,2.41904585484
quality_model_current,B6,leave_N_out,233,2.8,600,0.2,2.4042,2.38889854969
quality_model_current,B6,leave_N_out,234,2.8,600,0.3,2.3538,2.35872946875
quality_model_current,B6,leave_N_out,235,2.8,600,0.4,2.3322,2.32853546177
quality_model_current,B6,leave_N_out,236,2.8,600,0.6,2.2986,2.26805408029
quality_model_current,B6,leave_N_out,237,2.8,600,0.8,2.2378,2.20739007221
quality_model_current,B6,leave_N_out,238,2.8,600,0.9,2.1287,2.17693669777
quality_model_current,B6,leave_N_out,239,2.8,600,1,2.1935,2.14623863212
quality_joint_nd_new,B6,leave_N_out,200,2.8,10,0.1,2.9592,2.88935256415
quality_joint_nd_new,B6,leave_N_out,201,2.8,10,0.2,2.8431,2.85629707011
quality_joint_nd_new,B6,leave_N_out,202,2.8,10,0.3,2.8867,2.82321926833
quality_joint_nd_new,B6,leave_N_out,203,2.8,10,0.4,2.771,2.79011593291
quality_joint_nd_new,B6,leave_N_out,204,2.8,10,0.6,2.7064,2.72381362676
quality_joint_nd_new,B6,leave_N_out,205,2.8,10,0.8,2.651,2.65732428646
quality_joint_nd_new,B6,leave_N_out,206,2.8,10,0.9,2.6397,2.62395534418
quality_joint_nd_new,B6,leave_N_out,207,2.8,10,1,2.484,2.5903359925
quality_joint_nd_new,B6,leave_N_out,208,2.8,50,0.1,2.5785,2.63493836637
quality_joint_nd_new,B6,leave_N_out,209,2.8,50,0.2,2.4874,2.60390445297
quality_joint_nd_new,B6,leave_N_out,210,2.8,50,0.3,2.5971,2.57284959611
quality_joint_nd_new,B6,leave_N_out,211,2.8,50,0.4,2.5963,2.54177076716
quality_joint_nd_new,B6,leave_N_out,212,2.8,50,0.6,2.5446,2.47952332277
quality_joint_nd_new,B6,leave_N_out,213,2.8,50,0.8,2.3227,2.4171002827
quality_joint_nd_new,B6,leave_N_out,214,2.8,50,0.9,2.3871,2.38577209067
quality_joint_nd_new,B6,leave_N_out,215,2.8,50,1,2.2984,2.35420880357
quality_joint_nd_new,B6,leave_N_out,216,2.8,150,0.1,2.4446,2.51325734168
quality_joint_nd_new,B6,leave_N_out,217,2.8,150,0.2,2.4506,2.48353190236
quality_joint_nd_new,B6,leave_N_out,218,2.8,150,0.3,2.3889,2.45378640262
quality_joint_nd_new,B6,leave_N_out,219,2.8,150,0.4,2.5101,2.42401794152
quality_joint_nd_new,B6,leave_N_out,220,2.8,150,0.6,2.2938,2.36439501845
quality_joint_nd_new,B6,leave_N_out,221,2.8,150,0.8,2.2577,2.3046039033
quality_joint_nd_new,B6,leave_N_out,222,2.8,150,0.9,2.2652,2.27459659294
quality_joint_nd_new,B6,leave_N_out,223,2.8,150,1,2.2464,2.24436409976
quality_joint_nd_new,B6,leave_N_out,224,2.8,300,0.1,2.446,2.45224069905
quality_joint_nd_new,B6,leave_N_out,225,2.8,300,0.2,2.3643,2.42331228115
quality_joint_nd_new,B6,leave_N_out,226,2.8,300,0.3,2.3988,2.39436434069
quality_joint_nd_new,B6,leave_N_out,227,2.8,300,0.4,2.3719,2.36539405454
quality_joint_nd_new,B6,leave_N_out,228,2.8,300,0.6,2.3342,2.30736978729
quality_joint_nd_new,B6,leave_N_out,229,2.8,300,0.8,2.2389,2.24918183765
quality_joint_nd_new,B6,leave_N_out,230,2.8,300,0.9,2.2601,2.21997910645
quality_joint_nd_new,B6,leave_N_out,231,2.8,300,1,2.1271,2.1905572302
quality_joint_nd_new,B6,leave_N_out,232,2.8,600,0.1,2.4515,2.40090564188
quality_joint_nd_new,B6,leave_N_out,233,2.8,600,0.2,2.4042,2.37275287505
quality_joint_nd_new,B6,leave_N_out,234,2.8,600,0.3,2.3538,2.3445811091
quality_joint_nd_new,B6,leave_N_out,235,2.8,600,0.4,2.3322,2.31638759662
quality_joint_nd_new,B6,leave_N_out,236,2.8,600,0.6,2.2986,2.2599191208
quality_joint_nd_new,B6,leave_N_out,237,2.8,600,0.8,2.2378,2.20329135136
quality_joint_nd_new,B6,leave_N_out,238,2.8,600,0.9,2.1287,2.17487162632
quality_joint_nd_new,B6,leave_N_out,239,2.8,600,1,2.1935,2.14623863212
quality_compute_new,B6,leave_N_out,200,2.8,10,0.1,2.9592,2.96489910967
quality_compute_new,B6,leave_N_out,201,2.8,10,0.2,2.8431,2.92348764635
quality_compute_new,B6,leave_N_out,202,2.8,10,0.3,2.8867,2.88204883149
quality_compute_new,B6,leave_N_out,203,2.8,10,0.4,2.771,2.8405787103
quality_compute_new,B6,leave_N_out,204,2.8,10,0.6,2.7064,2.75752121427
quality_compute_new,B6,leave_N_out,205,2.8,10,0.8,2.651,2.67423441551
quality_compute_new,B6,leave_N_out,206,2.8,10,0.9,2.6397,2.63243866945
quality_compute_new,B6,leave_N_out,207,2.8,10,1,2.484,2.5903359925
quality_compute_new,B6,leave_N_out,208,2.8,50,0.1,2.5785,2.67004790416
quality_compute_new,B6,leave_N_out,209,2.8,50,0.2,2.4874,2.63512893128
quality_compute_new,B6,leave_N_out,210,2.8,50,0.3,2.5971,2.60018689504
quality_compute_new,B6,leave_N_out,211,2.8,50,0.4,2.5963,2.56521846068
quality_compute_new,B6,leave_N_out,212,2.8,50,0.6,2.5446,2.49518272133
quality_compute_new,B6,leave_N_out,213,2.8,50,0.8,2.3227,2.42495362934
quality_compute_new,B6,leave_N_out,214,2.8,50,0.9,2.3871,2.38971062158
quality_compute_new,B6,leave_N_out,215,2.8,50,1,2.2984,2.35420880357
quality_compute_new,B6,leave_N_out,216,2.8,150,0.1,2.4446,2.52549765364
quality_compute_new,B6,leave_N_out,217,2.8,150,0.2,2.4506,2.49441570424
quality_compute_new,B6,leave_N_out,218,2.8,150,0.3,2.3889,2.46331322576
quality_compute_new,B6,leave_N_out,219,2.8,150,0.4,2.5101,2.43218724988
quality_compute_new,B6,leave_N_out,220,2.8,150,0.6,2.2938,2.36984729177
quality_compute_new,B6,leave_N_out,221,2.8,150,0.8,2.2577,2.3073352273
quality_compute_new,B6,leave_N_out,222,2.8,150,0.9,2.2652,2.27596484915
quality_compute_new,B6,leave_N_out,223,2.8,150,1,2.2464,2.24436409976
quality_compute_new,B6,leave_N_out,224,2.8,300,0.1,2.446,2.45178368551
quality_compute_new,B6,leave_N_out,225,2.8,300,0.2,2.3643,2.42290265244
quality_compute_new,B6,leave_N_out,226,2.8,300,0.3,2.3988,2.39400254397
quality_compute_new,B6,leave_N_out,227,2.8,300,0.4,2.3719,2.36508060194
quality_compute_new,B6,leave_N_out,228,2.8,300,0.6,2.3342,2.30715494328
quality_compute_new,B6,leave_N_out,229,2.8,300,0.8,2.2389,2.24906936512
quality_compute_new,B6,leave_N_out,230,2.8,300,0.9,2.2601,2.21992032698
quality_compute_new,B6,leave_N_out,231,2.8,300,1,2.1271,2.1905572302
quality_compute_new,B6,leave_N_out,232,2.8,600,0.1,2.4515,2.38896761274
quality_compute_new,B6,leave_N_out,233,2.8,600,0.2,2.4042,2.36213164887
quality_compute_new,B6,leave_N_out,234,2.8,600,0.3,2.3538,2.33527796033
quality_compute_new,B6,leave_N_out,235,2.8,600,0.4,2.3322,2.30840398427
quality_compute_new,B6,leave_N_out,236,2.8,600,0.6,2.2986,2.25458004802
quality_compute_new,B6,leave_N_out,237,2.8,600,0.8,2.2378,2.20060751619
quality_compute_new,B6,leave_N_out,238,2.8,600,0.9,2.1287,2.17352252471
quality_compute_new,B6,leave_N_out,239,2.8,600,1,2.1935,2.14623863212
quality_model_current,B6,leave_N_out,240,4,10,0.1,2.855,2.81759148527
quality_model_current,B6,leave_N_out,241,4,10,0.2,2.872,2.78906847382
quality_model_current,B6,leave_N_out,242,4,10,0.3,2.8016,2.76055980528
quality_model_current,B6,leave_N_out,243,4,10,0.4,2.6993,2.732067533
quality_model_current,B6,leave_N_out,244,4,10,0.6,2.631,2.67514426992
quality_model_current,B6,leave_N_out,245,4,10,0.8,2.6463,2.6183404073
quality_model_current,B6,leave_N_out,246,4,10,0.9,2.6487,2.59001737587
quality_model_current,B6,leave_N_out,247,4,10,1,2.4852,2.56185126989
quality_model_current,B6,leave_N_out,248,4,50,0.1,2.5657,2.58146429634
quality_model_current,B6,leave_N_out,249,4,50,0.2,2.6024,2.55294128489
quality_model_current,B6,leave_N_out,250,4,50,0.3,2.5078,2.52443261635
quality_model_current,B6,leave_N_out,251,4,50,0.4,2.5793,2.49594034407
quality_model_current,B6,leave_N_out,252,4,50,0.6,2.4706,2.43901708099
quality_model_current,B6,leave_N_out,253,4,50,0.8,2.4391,2.38221321837
quality_model_current,B6,leave_N_out,254,4,50,0.9,2.3223,2.35389018694
quality_model_current,B6,leave_N_out,255,4,50,1,2.4105,2.32572408096
quality_model_current,B6,leave_N_out,256,4,150,0.1,2.494,2.47161959252
quality_model_current,B6,leave_N_out,257,4,150,0.2,2.4505,2.44309658107
quality_model_current,B6,leave_N_out,258,4,150,0.3,2.4411,2.41458791253
quality_model_current,B6,leave_N_out,259,4,150,0.4,2.3929,2.38609564026
quality_model_current,B6,leave_N_out,260,4,150,0.6,2.3873,2.32917237717
quality_model_current,B6,leave_N_out,261,4,150,0.8,2.2679,2.27236851456
quality_model_current,B6,leave_N_out,262,4,150,0.9,2.2339,2.24404548313
quality_model_current,B6,leave_N_out,263,4,150,1,2.2102,2.21587937714
quality_model_current,B6,leave_N_out,264,4,300,0.1,2.4125,2.41781272297
quality_model_current,B6,leave_N_out,265,4,300,0.2,2.3793,2.38928971152
quality_model_current,B6,leave_N_out,266,4,300,0.3,2.2697,2.36078104298
quality_model_current,B6,leave_N_out,267,4,300,0.4,2.3711,2.3322887707
quality_model_current,B6,leave_N_out,268,4,300,0.6,2.2294,2.27536550762
quality_model_current,B6,leave_N_out,269,4,300,0.8,2.1962,2.21856164501
quality_model_current,B6,leave_N_out,270,4,300,0.9,2.1753,2.19023861357
quality_model_current,B6,leave_N_out,271,4,300,1,2.1975,2.16207250759
quality_model_current,B6,leave_N_out,272,4,600,0.1,2.2637,2.37349412489
quality_model_current,B6,leave_N_out,273,4,600,0.2,2.2681,2.34497111344
quality_model_current,B6,leave_N_out,274,4,600,0.3,2.403,2.3164624449
quality_model_current,B6,leave_N_out,275,4,600,0.4,2.3312,2.28797017263
quality_model_current,B6,leave_N_out,276,4,600,0.6,2.2966,2.23104690954
quality_model_current,B6,leave_N_out,277,4,600,0.8,2.16,2.17424304693
quality_model_current,B6,leave_N_out,278,4,600,0.9,2.1978,2.1459200155
quality_model_current,B6,leave_N_out,279,4,600,1,2.1107,2.11775390951
quality_joint_nd_new,B6,leave_N_out,240,4,10,0.1,2.855,2.84166046266
quality_joint_nd_new,B6,leave_N_out,241,4,10,0.2,2.872,2.81045338753
quality_joint_nd_new,B6,leave_N_out,242,4,10,0.3,2.8016,2.77926195453
quality_joint_nd_new,B6,leave_N_out,243,4,10,0.4,2.6993,2.74808840303
quality_joint_nd_new,B6,leave_N_out,244,4,10,0.6,2.631,2.68580813283
quality_joint_nd_new,B6,leave_N_out,245,4,10,0.8,2.6463,2.62365807997
quality_joint_nd_new,B6,leave_N_out,246,4,10,0.9,2.6487,2.59266910185
quality_joint_nd_new,B6,leave_N_out,247,4,10,1,2.4852,2.56185126989
quality_joint_nd_new,B6,leave_N_out,248,4,50,0.1,2.5657,2.58872856245
quality_joint_nd_new,B6,leave_N_out,249,4,50,0.2,2.6024,2.55939571411
quality_joint_nd_new,B6,leave_N_out,250,4,50,0.3,2.5078,2.53007756848
quality_joint_nd_new,B6,leave_N_out,251,4,50,0.4,2.5793,2.50077623042
quality_joint_nd_new,B6,leave_N_out,252,4,50,0.6,2.4706,2.44223637329
quality_joint_nd_new,B6,leave_N_out,253,4,50,0.8,2.4391,2.38381891293
quality_joint_nd_new,B6,leave_N_out,254,4,50,0.9,2.3223,2.35469106319
quality_joint_nd_new,B6,leave_N_out,255,4,50,1,2.4105,2.32572408096
quality_joint_nd_new,B6,leave_N_out,256,4,150,0.1,2.494,2.4679962089
quality_joint_nd_new,B6,leave_N_out,257,4,150,0.2,2.4505,2.43987765842
quality_joint_nd_new,B6,leave_N_out,258,4,150,0.3,2.4411,2.41177320199
quality_joint_nd_new,B6,leave_N_out,259,4,150,0.4,2.3929,2.38368485736
quality_joint_nd_new,B6,leave_N_out,260,4,150,0.6,2.3873,2.32756838654
quality_joint_nd_new,B6,leave_N_out,261,4,150,0.8,2.2679,2.2715692456
quality_joint_nd_new,B6,leave_N_out,262,4,150,0.9,2.2339,2.24364720735
quality_joint_nd_new,B6,leave_N_out,263,4,150,1,2.2102,2.21587937714
quality_joint_nd_new,B6,leave_N_out,264,4,300,0.1,2.4125,2.40755309026
quality_joint_nd_new,B6,leave_N_out,265,4,300,0.2,2.3793,2.3801746796
quality_joint_nd_new,B6,leave_N_out,266,4,300,0.3,2.2697,2.352809992
quality_joint_nd_new,B6,leave_N_out,267,4,300,0.4,2.3711,2.3254609921
quality_joint_nd_new,B6,leave_N_out,268,4,300,0.6,2.2294,2.27082162566
quality_joint_nd_new,B6,leave_N_out,269,4,300,0.8,2.1962,2.21629650074
quality_joint_nd_new,B6,leave_N_out,270,4,300,0.9,2.1753,2.18910942969
quality_joint_nd_new,B6,leave_N_out,271,4,300,1,2.1975,2.16207250759
quality_joint_nd_new,B6,leave_N_out,272,4,600,0.1,2.2637,2.35677292323
quality_joint_nd_new,B6,leave_N_out,273,4,600,0.2,2.2681,2.33011517033
quality_joint_nd_new,B6,leave_N_out,274,4,600,0.3,2.403,2.30347077928
quality_joint_nd_new,B6,leave_N_out,275,4,600,0.4,2.3312,2.27684166299
quality_joint_nd_new,B6,leave_N_out,276,4,600,0.6,2.2966,2.22364052042
quality_joint_nd_new,B6,leave_N_out,277,4,600,0.8,2.16,2.1705506123
quality_joint_nd_new,B6,leave_N_out,278,4,600,0.9,2.1978,2.14407916254
quality_joint_nd_new,B6,leave_N_out,279,4,600,1,2.1107,2.11775390951
quality_compute_new,B6,leave_N_out,240,4,10,0.1,2.855,2.92236304702
quality_compute_new,B6,leave_N_out,241,4,10,0.2,2.872,2.88212599289
quality_compute_new,B6,leave_N_out,242,4,10,0.3,2.8016,2.84191301249
quality_compute_new,B6,leave_N_out,243,4,10,0.4,2.6993,2.8017275494
quality_compute_new,B6,leave_N_out,244,4,10,0.6,2.631,2.72145945225
quality_compute_new,B6,leave_N_out,245,4,10,0.8,2.6463,2.64139164585
quality_compute_new,B6,leave_N_out,246,4,10,0.9,2.6487,2.60149003599
quality_compute_new,B6,leave_N_out,247,4,10,1,2.4852,2.56185126989
quality_compute_new,B6,leave_N_out,248,4,50,0.1,2.5657,2.62962643326
quality_compute_new,B6,leave_N_out,249,4,50,0.2,2.6024,2.59570760959
quality_compute_new,B6,leave_N_out,250,4,50,0.3,2.5078,2.56180907946
quality_compute_new,B6,leave_N_out,251,4,50,0.4,2.5793,2.52793374574
quality_compute_new,B6,leave_N_out,252,4,50,0.6,2.4706,2.46026976058
quality_compute_new,B6,leave_N_out,253,4,50,0.8,2.4391,2.39277461548
quality_compute_new,B6,leave_N_out,254,4,50,0.9,2.3223,2.35913856288
quality_compute_new,B6,leave_N_out,255,4,50,1,2.4105,2.32572408096
quality_compute_new,B6,leave_N_out,256,4,150,0.1,2.494,2.48633415086
quality_compute_new,B6,leave_N_out,257,4,150,0.2,2.4505,2.45614844249
quality_compute_new,B6,leave_N_out,258,4,150,0.3,2.4411,2.42598079414
quality_compute_new,B6,leave_N_out,259,4,150,0.4,2.3929,2.3958337892
quality_compute_new,B6,leave_N_out,260,4,150,0.6,2.3873,2.33561692133
quality_compute_new,B6,leave_N_out,261,4,150,0.8,2.2679,2.27555031093
quality_compute_new,B6,leave_N_out,262,4,150,0.9,2.2339,2.24561625176
quality_compute_new,B6,leave_N_out,263,4,150,1,2.2102,2.21587937714
quality_compute_new,B6,leave_N_out,264,4,300,0.1,2.4125,2.41334488036
quality_compute_new,B6,leave_N_out,265,4,300,0.2,2.3793,2.38530013757
quality_compute_new,B6,leave_N_out,266,4,300,0.3,2.2697,2.35727217387
quality_compute_new,B6,leave_N_out,267,4,300,0.4,2.3711,2.32926338941
quality_compute_new,B6,leave_N_out,268,4,300,0.6,2.2294,2.27331749109
quality_compute_new,B6,leave_N_out,269,4,300,0.8,2.1962,2.217511193
quality_compute_new,B6,leave_N_out,270,4,300,0.9,2.1753,2.18970025082
quality_compute_new,B6,leave_N_out,271,4,300,1,2.1975,2.16207250759
quality_compute_new,B6,leave_N_out,272,4,600,0.1,2.2637,2.35120442123
quality_compute_new,B6,leave_N_out,273,4,600,0.2,2.2681,2.32514879289
quality_compute_new,B6,leave_N_out,274,4,600,0.3,2.403,2.29910875357
quality_compute_new,B6,leave_N_out,275,4,600,0.4,2.3312,2.27308653316
quality_compute_new,B6,leave_N_out,276,4,600,0.6,2.2966,2.22110867962
quality_compute_new,B6,leave_N_out,277,4,600,0.8,2.16,2.16926052496
quality_compute_new,B6,leave_N_out,278,4,600,0.9,2.1978,2.14342211459
quality_compute_new,B6,leave_N_out,279,4,600,1,2.1107,2.11775390951
quality_model_current,B6,leave_N_out,280,6.9,10,0.1,2.7585,2.76516317596
quality_model_current,B6,leave_N_out,281,6.9,10,0.2,2.6605,2.7387897229
quality_model_current,B6,leave_N_out,282,6.9,10,0.3,2.72,2.71236766062
quality_model_current,B6,leave_N_out,283,6.9,10,0.4,2.6823,2.68588988994
quality_model_current,B6,leave_N_out,284,6.9,10,0.6,2.5269,2.63272525591
quality_model_current,B6,leave_N_out,285,6.9,10,0.8,2.5341,2.57915017794
quality_model_current,B6,leave_N_out,286,6.9,10,0.9,2.5395,2.5520884384
quality_model_current,B6,leave_N_out,287,6.9,10,1,2.4679,2.52446695465
quality_model_current,B6,leave_N_out,288,6.9,50,0.1,2.5548,2.52903598703
quality_model_current,B6,leave_N_out,289,6.9,50,0.2,2.4799,2.50266253397
quality_model_current,B6,leave_N_out,290,6.9,50,0.3,2.4833,2.47624047169
quality_model_current,B6,leave_N_out,291,6.9,50,0.4,2.4979,2.44976270101
quality_model_current,B6,leave_N_out,292,6.9,50,0.6,2.4093,2.39659806698
quality_model_current,B6,leave_N_out,293,6.9,50,0.8,2.2784,2.34302298901
quality_model_current,B6,leave_N_out,294,6.9,50,0.9,2.347,2.31596124947
quality_model_current,B6,leave_N_out,295,6.9,50,1,2.2632,2.28833976572
quality_model_current,B6,leave_N_out,296,6.9,150,0.1,2.3272,2.41919128321
quality_model_current,B6,leave_N_out,297,6.9,150,0.2,2.3658,2.39281783015
quality_model_current,B6,leave_N_out,298,6.9,150,0.3,2.3708,2.36639576787
quality_model_current,B6,leave_N_out,299,6.9,150,0.4,2.3438,2.3399179972
quality_model_current,B6,leave_N_out,300,6.9,150,0.6,2.2064,2.28675336316
quality_model_current,B6,leave_N_out,301,6.9,150,0.8,2.2296,2.23317828519
quality_model_current,B6,leave_N_out,302,6.9,150,0.9,2.2482,2.20611654565
quality_model_current,B6,leave_N_out,303,6.9,150,1,2.1506,2.1784950619
quality_model_current,B6,leave_N_out,304,6.9,300,0.1,2.3408,2.36538441366
quality_model_current,B6,leave_N_out,305,6.9,300,0.2,2.3195,2.3390109606
quality_model_current,B6,leave_N_out,306,6.9,300,0.3,2.3002,2.31258889832
quality_model_current,B6,leave_N_out,307,6.9,300,0.4,2.3167,2.28611112764
quality_model_current,B6,leave_N_out,308,6.9,300,0.6,2.2275,2.23294649361
quality_model_current,B6,leave_N_out,309,6.9,300,0.8,2.1189,2.17937141564
quality_model_current,B6,leave_N_out,310,6.9,300,0.9,2.1052,2.1523096761
quality_model_current,B6,leave_N_out,311,6.9,300,1,2.1363,2.12468819235
quality_model_current,B6,leave_N_out,312,6.9,600,0.1,2.2081,2.32106581558
quality_model_current,B6,leave_N_out,313,6.9,600,0.2,2.2684,2.29469236252
quality_model_current,B6,leave_N_out,314,6.9,600,0.3,2.2487,2.26827030024
quality_model_current,B6,leave_N_out,315,6.9,600,0.4,2.2425,2.24179252956
quality_model_current,B6,leave_N_out,316,6.9,600,0.6,2.1582,2.18862789553
quality_model_current,B6,leave_N_out,317,6.9,600,0.8,2.1315,2.13505281756
quality_model_current,B6,leave_N_out,318,6.9,600,0.9,2.0744,2.10799107802
quality_model_current,B6,leave_N_out,319,6.9,600,1,2.0492,2.08036959427
quality_joint_nd_new,B6,leave_N_out,280,6.9,10,0.1,2.7585,2.78958839135
quality_joint_nd_new,B6,leave_N_out,281,6.9,10,0.2,2.6605,2.76053585095
quality_joint_nd_new,B6,leave_N_out,282,6.9,10,0.3,2.72,2.73143012808
quality_joint_nd_new,B6,leave_N_out,283,6.9,10,0.4,2.6823,2.70226345649
quality_joint_nd_new,B6,leave_N_out,284,6.9,10,0.6,2.5269,2.64370135705
quality_joint_nd_new,B6,leave_N_out,285,6.9,10,0.8,2.5341,2.58469023242
quality_joint_nd_new,B6,leave_N_out,286,6.9,10,0.9,2.5395,2.55488471255
quality_joint_nd_new,B6,leave_N_out,287,6.9,10,1,2.4679,2.52446695465
quality_joint_nd_new,B6,leave_N_out,288,6.9,50,0.1,2.5548,2.53651542376
quality_joint_nd_new,B6,leave_N_out,289,6.9,50,0.2,2.4799,2.50931983588
quality_joint_nd_new,B6,leave_N_out,290,6.9,50,0.3,2.4833,2.48207446479
quality_joint_nd_new,B6,leave_N_out,291,6.9,50,0.4,2.4979,2.45477204065
quality_joint_nd_new,B6,leave_N_out,292,6.9,50,0.6,2.4093,2.39995305752
quality_joint_nd_new,B6,leave_N_out,293,6.9,50,0.8,2.2784,2.34471374957
quality_joint_nd_new,B6,leave_N_out,294,6.9,50,0.9,2.347,2.31681331043
quality_joint_nd_new,B6,leave_N_out,295,6.9,50,1,2.2632,2.28833976572
quality_joint_nd_new,B6,leave_N_out,296,6.9,150,0.1,2.3272,2.41572973908
quality_joint_nd_new,B6,leave_N_out,297,6.9,150,0.2,2.3658,2.38973308589
quality_joint_nd_new,B6,leave_N_out,298,6.9,150,0.3,2.3708,2.36368884422
quality_joint_nd_new,B6,leave_N_out,299,6.9,150,0.4,2.3438,2.33759006471
quality_joint_nd_new,B6,leave_N_out,300,6.9,150,0.6,2.2064,2.28518781113
quality_joint_nd_new,B6,leave_N_out,301,6.9,150,0.8,2.2296,2.23238376301
quality_joint_nd_new,B6,leave_N_out,302,6.9,150,0.9,2.2482,2.20571333239
quality_joint_nd_new,B6,leave_N_out,303,6.9,150,1,2.1506,2.1784950619
quality_joint_nd_new,B6,leave_N_out,304,6.9,300,0.1,2.3408,2.35526941031
quality_joint_nd_new,B6,leave_N_out,305,6.9,300,0.2,2.3195,2.33000185656
quality_joint_nd_new,B6,leave_N_out,306,6.9,300,0.3,2.3002,2.30468804901
quality_joint_nd_new,B6,leave_N_out,307,6.9,300,0.4,2.3167,2.27932123317
quality_joint_nd_new,B6,leave_N_out,308,6.9,300,0.6,2.2275,2.22838864777
quality_joint_nd_new,B6,leave_N_out,309,6.9,300,0.8,2.1189,2.17706553652
quality_joint_nd_new,B6,leave_N_out,310,6.9,300,0.9,2.1052,2.15114310204
quality_joint_nd_new,B6,leave_N_out,311,6.9,300,1,2.1363,2.12468819235
quality_joint_nd_new,B6,leave_N_out,312,6.9,600,0.1,2.2081,2.30448395524
quality_joint_nd_new,B6,leave_N_out,313,6.9,600,0.2,2.2684,2.2799250527
quality_joint_nd_new,B6,leave_N_out,314,6.9,600,0.3,2.2487,2.25532119357
quality_joint_nd_new,B6,leave_N_out,315,6.9,600,0.4,2.2425,2.23066581283
quality_joint_nd_new,B6,leave_N_out,316,6.9,600,0.6,2.1582,2.18116167744
quality_joint_nd_new,B6,leave_N_out,317,6.9,600,0.8,2.1315,2.13127796887
quality_joint_nd_new,B6,leave_N_out,318,6.9,600,0.9,2.0744,2.1060825523
quality_joint_nd_new,B6,leave_N_out,319,6.9,600,1,2.0492,2.08036959427
quality_compute_new,B6,leave_N_out,280,6.9,10,0.1,2.7585,2.86800667065
quality_compute_new,B6,leave_N_out,281,6.9,10,0.2,2.6605,2.83042220404
quality_compute_new,B6,leave_N_out,282,6.9,10,0.3,2.72,2.7927609066
quality_compute_new,B6,leave_N_out,283,6.9,10,0.4,2.6823,2.75501153851
quality_compute_new,B6,leave_N_out,284,6.9,10,0.6,2.5269,2.67918212344
quality_compute_new,B6,leave_N_out,285,6.9,10,0.8,2.5341,2.60270317874
quality_compute_new,B6,leave_N_out,286,6.9,10,0.9,2.5395,2.56402937641
quality_compute_new,B6,leave_N_out,287,6.9,10,1,2.4679,2.52446695465
quality_compute_new,B6,leave_N_out,288,6.9,50,0.1,2.5548,2.58057598139
quality_compute_new,B6,leave_N_out,289,6.9,50,0.2,2.4799,2.54860430016
quality_compute_new,B6,leave_N_out,290,6.9,50,0.3,2.4833,2.51656726186
quality_compute_new,B6,leave_N_out,291,6.9,50,0.4,2.4979,2.48445530519
quality_compute_new,B6,leave_N_out,292,6.9,50,0.6,2.4093,2.41995009585
quality_compute_new,B6,leave_N_out,293,6.9,50,0.8,2.2784,2.35489235627
quality_compute_new,B6,leave_N_out,294,6.9,50,0.9,2.347,2.32199401843
quality_compute_new,B6,leave_N_out,295,6.9,50,1,2.2632,2.28833976572
quality_compute_new,B6,leave_N_out,296,6.9,150,0.1,2.3272,2.4401842532
quality_compute_new,B6,leave_N_out,297,6.9,150,0.2,2.3658,2.41155452506
quality_compute_new,B6,leave_N_out,298,6.9,150,0.3,2.3708,2.38286627154
quality_compute_new,B6,leave_N_out,299,6.9,150,0.4,2.3438,2.35411093075
quality_compute_new,B6,leave_N_out,300,6.9,150,0.6,2.2064,2.29634835664
quality_compute_new,B6,leave_N_out,301,6.9,150,0.8,2.2296,2.23809100747
quality_compute_new,B6,leave_N_out,302,6.9,150,0.9,2.2482,2.20863148478
quality_compute_new,B6,leave_N_out,303,6.9,150,1,2.1506,2.1784950619
quality_compute_new,B6,leave_N_out,304,6.9,300,0.1,2.3408,2.36876909874
quality_compute_new,B6,leave_N_out,305,6.9,300,0.2,2.3195,2.34206577959
quality_compute_new,B6,leave_N_out,306,6.9,300,0.3,2.3002,2.31530787305
quality_compute_new,B6,leave_N_out,307,6.9,300,0.4,2.3167,2.28848739335
quality_compute_new,B6,leave_N_out,308,6.9,300,0.6,2.2275,2.23461149051
quality_compute_new,B6,leave_N_out,309,6.9,300,0.8,2.1189,2.18027410455
quality_compute_new,B6,leave_N_out,310,6.9,300,0.9,2.1052,2.15279682525
quality_compute_new,B6,leave_N_out,311,6.9,300,1,2.1363,2.12468819235
quality_compute_new,B6,leave_N_out,312,6.9,600,0.1,2.2081,2.30802702471
quality_compute_new,B6,leave_N_out,313,6.9,600,0.2,2.2684,2.28312049224
quality_compute_new,B6,leave_N_out,314,6.9,600,0.3,2.2487,2.25816304539
quality_compute_new,B6,leave_N_out,315,6.9,600,0.4,2.2425,2.23314723575
quality_compute_new,B6,leave_N_out,316,6.9,600,0.6,2.1582,2.18289648166
quality_compute_new,B6,leave_N_out,317,6.9,600,0.8,2.1315,2.13221529628
quality_compute_new,B6,leave_N_out,318,6.9,600,0.9,2.0744,2.10658688113
quality_compute_new,B6,leave_N_out,319,6.9,600,1,2.0492,2.08036959427
quality_model_current,B6,leave_N_out,320,11.97,10,0.1,2.77,2.70812128558
quality_model_current,B6,leave_N_out,321,11.97,10,0.2,2.6684,2.68452426403
quality_model_current,B6,leave_N_out,322,11.97,10,0.3,2.6888,2.6608888045
quality_model_current,B6,leave_N_out,323,11.97,10,0.4,2.7027,2.63720930341
quality_model_current,B6,leave_N_out,324,11.97,10,0.6,2.6784,2.58968506183
quality_model_current,B6,leave_N_out,325,11.97,10,0.8,2.6185,2.54183667992
quality_model_current,B6,leave_N_out,326,11.97,10,0.9,2.4891,2.51769615999
quality_model_current,B6,leave_N_out,327,11.97,10,1,2.4184,2.49311508628
quality_model_current,B6,leave_N_out,328,11.97,50,0.1,2.4506,2.47199409665
quality_model_current,B6,leave_N_out,329,11.97,50,0.2,2.4199,2.4483970751
quality_model_current,B6,leave_N_out,330,11.97,50,0.3,2.4152,2.42476161557
quality_model_current,B6,leave_N_out,331,11.97,50,0.4,2.3833,2.40108211448
quality_model_current,B6,leave_N_out,332,11.97,50,0.6,2.3437,2.3535578729
quality_model_current,B6,leave_N_out,333,11.97,50,0.8,2.2204,2.30570949099
quality_model_current,B6,leave_N_out,334,11.97,50,0.9,2.296,2.28156897106
quality_model_current,B6,leave_N_out,335,11.97,50,1,2.3439,2.25698789735
quality_model_current,B6,leave_N_out,336,11.97,150,0.1,2.4214,2.36214939284
quality_model_current,B6,leave_N_out,337,11.97,150,0.2,2.3485,2.33855237129
quality_model_current,B6,leave_N_out,338,11.97,150,0.3,2.3316,2.31491691175
quality_model_current,B6,leave_N_out,339,11.97,150,0.4,2.2453,2.29123741066
quality_model_current,B6,leave_N_out,340,11.97,150,0.6,2.2154,2.24371316908
quality_model_current,B6,leave_N_out,341,11.97,150,0.8,2.2885,2.19586478718
quality_model_current,B6,leave_N_out,342,11.97,150,0.9,2.1844,2.17172426724
quality_model_current,B6,leave_N_out,343,11.97,150,1,2.2045,2.14714319354
quality_model_current,B6,leave_N_out,344,11.97,300,0.1,2.2899,2.30834252329
quality_model_current,B6,leave_N_out,345,11.97,300,0.2,2.2886,2.28474550173
quality_model_current,B6,leave_N_out,346,11.97,300,0.3,2.2767,2.2611100422
quality_model_current,B6,leave_N_out,347,11.97,300,0.4,2.2501,2.23743054111
quality_model_current,B6,leave_N_out,348,11.97,300,0.6,2.1351,2.18990629953
quality_model_current,B6,leave_N_out,349,11.97,300,0.8,2.1274,2.14205791763
quality_model_current,B6,leave_N_out,350,11.97,300,0.9,2.2077,2.11791739769
quality_model_current,B6,leave_N_out,351,11.97,300,1,2.0939,2.09333632399
quality_model_current,B6,leave_N_out,352,11.97,600,0.1,2.288,2.26402392521
quality_model_current,B6,leave_N_out,353,11.97,600,0.2,2.2118,2.24042690365
quality_model_current,B6,leave_N_out,354,11.97,600,0.3,2.1456,2.21679144412
quality_model_current,B6,leave_N_out,355,11.97,600,0.4,2.141,2.19311194303
quality_model_current,B6,leave_N_out,356,11.97,600,0.6,2.0709,2.14558770145
quality_model_current,B6,leave_N_out,357,11.97,600,0.8,2.0161,2.09773931955
quality_model_current,B6,leave_N_out,358,11.97,600,0.9,2.0573,2.07359879961
quality_model_current,B6,leave_N_out,359,11.97,600,1,2.0191,2.04901772591
quality_joint_nd_new,B6,leave_N_out,320,11.97,10,0.1,2.77,2.72795567422
quality_joint_nd_new,B6,leave_N_out,321,11.97,10,0.2,2.6684,2.70214240907
quality_joint_nd_new,B6,leave_N_out,322,11.97,10,0.3,2.6888,2.67629228213
quality_joint_nd_new,B6,leave_N_out,323,11.97,10,0.4,2.7027,2.65039992871
quality_joint_nd_new,B6,leave_N_out,324,11.97,10,0.6,2.6784,2.59845684971
quality_joint_nd_new,B6,leave_N_out,325,11.97,10,0.8,2.6185,2.5462032997
quality_joint_nd_new,B6,leave_N_out,326,11.97,10,0.9,2.4891,2.51986951218
quality_joint_nd_new,B6,leave_N_out,327,11.97,10,1,2.4184,2.49311508628
quality_joint_nd_new,B6,leave_N_out,328,11.97,50,0.1,2.4506,2.47801955467
quality_joint_nd_new,B6,leave_N_out,329,11.97,50,0.2,2.4199,2.45372414293
quality_joint_nd_new,B6,leave_N_out,330,11.97,50,0.3,2.4152,2.42939403693
quality_joint_nd_new,B6,leave_N_out,331,11.97,50,0.4,2.3833,2.40502418741
quality_joint_nd_new,B6,leave_N_out,332,11.97,50,0.6,2.3437,2.3561354287
quality_joint_nd_new,B6,leave_N_out,333,11.97,50,0.8,2.2204,2.30695445508
quality_joint_nd_new,B6,leave_N_out,334,11.97,50,0.9,2.296,2.28216912837
quality_joint_nd_new,B6,leave_N_out,335,11.97,50,1,2.3439,2.25698789735
quality_joint_nd_new,B6,leave_N_out,336,11.97,150,0.1,2.4214,2.35921805249
quality_joint_nd_new,B6,leave_N_out,337,11.97,150,0.2,2.3485,2.3359071563
quality_joint_nd_new,B6,leave_N_out,338,11.97,150,0.3,2.3316,2.31256297175
quality_joint_nd_new,B6,leave_N_out,339,11.97,150,0.4,2.2453,2.28918065421
quality_joint_nd_new,B6,leave_N_out,340,11.97,150,0.6,2.2154,2.24227299974
quality_joint_nd_new,B6,leave_N_out,341,11.97,150,0.8,2.2885,2.1950849717
quality_joint_nd_new,B6,leave_N_out,342,11.97,150,0.9,2.1844,2.17130401322
quality_joint_nd_new,B6,leave_N_out,343,11.97,150,1,2.2045,2.14714319354
quality_joint_nd_new,B6,leave_N_out,344,11.97,300,0.1,2.2899,2.29994775648
quality_joint_nd_new,B6,leave_N_out,345,11.97,300,0.2,2.2886,2.27723739053
quality_joint_nd_new,B6,leave_N_out,346,11.97,300,0.3,2.2767,2.2544945938
quality_joint_nd_new,B6,leave_N_out,347,11.97,300,0.4,2.2501,2.23171464644
quality_joint_nd_new,B6,leave_N_out,348,11.97,300,0.6,2.1351,2.18601541678
quality_joint_nd_new,B6,leave_N_out,349,11.97,300,0.8,2.1274,2.14004303647
quality_joint_nd_new,B6,leave_N_out,350,11.97,300,0.9,2.2077,2.11687471787
quality_joint_nd_new,B6,leave_N_out,351,11.97,300,1,2.0939,2.09333632399
quality_joint_nd_new,B6,leave_N_out,352,11.97,600,0.1,2.288,2.25030647954
quality_joint_nd_new,B6,leave_N_out,353,11.97,600,0.2,2.2118,2.22818117311
quality_joint_nd_new,B6,leave_N_out,354,11.97,600,0.3,2.1456,2.20602427137
quality_joint_nd_new,B6,leave_N_out,355,11.97,600,0.4,2.141,2.18383117607
quality_joint_nd_new,B6,leave_N_out,356,11.97,600,0.6,2.0709,2.13930924004
quality_joint_nd_new,B6,leave_N_out,357,11.97,600,0.8,2.0161,2.09452119021
quality_joint_nd_new,B6,leave_N_out,358,11.97,600,0.9,2.0573,2.0719497288
quality_joint_nd_new,B6,leave_N_out,359,11.97,600,1,2.0191,2.04901772591
quality_compute_new,B6,leave_N_out,320,11.97,10,0.1,2.77,2.81649449986
quality_compute_new,B6,leave_N_out,321,11.97,10,0.2,2.6684,2.78089253214
quality_compute_new,B6,leave_N_out,322,11.97,10,0.3,2.6888,2.74524719351
quality_compute_new,B6,leave_N_out,323,11.97,10,0.4,2.7027,2.70955218314
quality_compute_new,B6,leave_N_out,324,11.97,10,0.6,2.6784,2.63797593681
quality_compute_new,B6,leave_N_out,325,11.97,10,0.8,2.6185,2.56603485925
quality_compute_new,B6,leave_N_out,326,11.97,10,0.9,2.4891,2.52982129966
quality_compute_new,B6,leave_N_out,327,11.97,10,1,2.4184,2.49311508628
quality_compute_new,B6,leave_N_out,328,11.97,50,0.1,2.4506,2.53204954483
quality_compute_new,B6,leave_N_out,329,11.97,50,0.2,2.4199,2.50176704854
quality_compute_new,B6,leave_N_out,330,11.97,50,0.3,2.4152,2.47144766159
quality_compute_new,B6,leave_N_out,331,11.97,50,0.4,2.3833,2.44108602462
quality_compute_new,B6,leave_N_out,332,11.97,50,0.6,2.3437,2.38020435001
quality_compute_new,B6,leave_N_out,333,11.97,50,0.8,2.2204,2.31901235544
quality_compute_new,B6,leave_N_out,334,11.97,50,0.9,2.296,2.28820964833
quality_compute_new,B6,leave_N_out,335,11.97,50,1,2.3439,2.25698789735
quality_compute_new,B6,leave_N_out,336,11.97,150,0.1,2.4214,2.39343779154
quality_compute_new,B6,leave_N_out,337,11.97,150,0.2,2.3485,2.36632236008
quality_compute_new,B6,leave_N_out,338,11.97,150,0.3,2.3316,2.33917389613
quality_compute_new,B6,leave_N_out,339,11.97,150,0.4,2.2453,2.31198760083
quality_compute_new,B6,leave_N_out,340,11.97,150,0.6,2.2154,2.25747317575
quality_compute_new,B6,leave_N_out,341,11.97,150,0.8,2.2885,2.20268088522
quality_compute_new,B6,leave_N_out,342,11.97,150,0.9,2.1844,2.17509964867
quality_compute_new,B6,leave_N_out,343,11.97,150,1,2.2045,2.14714319354
quality_compute_new,B6,leave_N_out,344,11.97,300,0.1,2.2899,2.32304951505
quality_compute_new,B6,leave_N_out,345,11.97,300,0.2,2.2886,2.29775958852
quality_compute_new,B6,leave_N_out,346,11.97,300,0.3,2.2767,2.27243885336
quality_compute_new,B6,leave_N_out,347,11.97,300,0.4,2.2501,2.2470828338
quality_compute_new,B6,leave_N_out,348,11.97,300,0.6,2.1351,2.19623850897
quality_compute_new,B6,leave_N_out,349,11.97,300,0.8,2.1274,2.14513502556
quality_compute_new,B6,leave_N_out,350,11.97,300,0.9,2.2077,2.11941065356
quality_compute_new,B6,leave_N_out,351,11.97,300,1,2.0939,2.09333632399
quality_compute_new,B6,leave_N_out,352,11.97,600,0.1,2.288,2.26326582788
quality_compute_new,B6,leave_N_out,353,11.97,600,0.2,2.2118,2.23967850696
quality_compute_new,B6,leave_N_out,354,11.97,600,0.3,2.1456,2.21606245155
quality_compute_new,B6,leave_N_out,355,11.97,600,0.4,2.141,2.19241348721
quality_compute_new,B6,leave_N_out,356,11.97,600,0.6,2.0709,2.14499217874
quality_compute_new,B6,leave_N_out,357,11.97,600,0.8,2.0161,2.09732915916
quality_compute_new,B6,leave_N_out,358,11.97,600,0.9,2.0573,2.07333664114
quality_compute_new,B6,leave_N_out,359,11.97,600,1,2.0191,2.04901772591
quality_model_current,B7_new,never_fit_on_target,0,0.07,10,0.5,3.568,3.4912568973
quality_model_current,B7_new,never_fit_on_target,1,0.07,10,0.7,3.4466,3.38151854903
quality_model_current,B7_new,never_fit_on_target,2,0.07,50,0.5,3.1892,3.25512970837
quality_model_current,B7_new,never_fit_on_target,3,0.07,50,0.7,3.1419,3.1453913601
quality_model_current,B7_new,never_fit_on_target,4,0.07,150,0.5,3.1305,3.14528500455
quality_model_current,B7_new,never_fit_on_target,5,0.07,150,0.7,3.0551,3.03554665628
quality_model_current,B7_new,never_fit_on_target,6,0.07,300,0.5,3.1769,3.091478135
quality_model_current,B7_new,never_fit_on_target,7,0.07,300,0.7,2.9398,2.98173978673
quality_model_current,B7_new,never_fit_on_target,8,0.07,600,0.5,3.0404,3.04715953692
quality_model_current,B7_new,never_fit_on_target,9,0.07,600,0.7,2.9333,2.93742118865
quality_model_current,B7_new,never_fit_on_target,10,0.16,10,0.5,3.2494,3.2424385731
quality_model_current,B7_new,never_fit_on_target,11,0.16,10,0.7,3.2288,3.14646079688
quality_model_current,B7_new,never_fit_on_target,12,0.16,50,0.5,2.9246,3.00631138417
quality_model_current,B7_new,never_fit_on_target,13,0.16,50,0.7,2.8275,2.91033360795
quality_model_current,B7_new,never_fit_on_target,14,0.16,150,0.5,2.8925,2.89646668036
quality_model_current,B7_new,never_fit_on_target,15,0.16,150,0.7,2.7914,2.80048890413
quality_model_current,B7_new,never_fit_on_target,16,0.16,300,0.5,2.8079,2.84265981081
quality_model_current,B7_new,never_fit_on_target,17,0.16,300,0.7,2.7592,2.74668203458
quality_model_current,B7_new,never_fit_on_target,18,0.16,600,0.5,2.7776,2.79834121273
quality_model_current,B7_new,never_fit_on_target,19,0.16,600,0.7,2.6652,2.7023634365
quality_model_current,B7_new,never_fit_on_target,20,0.41,10,0.5,3.0802,3.02757094132
quality_model_current,B7_new,never_fit_on_target,21,0.41,10,0.7,3.027,2.94516902069
quality_model_current,B7_new,never_fit_on_target,22,0.41,50,0.5,2.7517,2.79144375239
quality_model_current,B7_new,never_fit_on_target,23,0.41,50,0.7,2.6453,2.70904183176
quality_model_current,B7_new,never_fit_on_target,24,0.41,150,0.5,2.6432,2.68159904858
quality_model_current,B7_new,never_fit_on_target,25,0.41,150,0.7,2.605,2.59919712794
quality_model_current,B7_new,never_fit_on_target,26,0.41,300,0.5,2.6321,2.62779217903
quality_model_current,B7_new,never_fit_on_target,27,0.41,300,0.7,2.5426,2.54539025839
quality_model_current,B7_new,never_fit_on_target,28,0.41,600,0.5,2.5369,2.58347358095
quality_model_current,B7_new,never_fit_on_target,29,0.41,600,0.7,2.4873,2.50107166031
quality_model_current,B7_new,never_fit_on_target,30,0.7,10,0.5,2.9761,2.93064907969
quality_model_current,B7_new,never_fit_on_target,31,0.7,10,0.7,2.9524,2.85509020252
quality_model_current,B7_new,never_fit_on_target,32,0.7,50,0.5,2.6726,2.69452189076
quality_model_current,B7_new,never_fit_on_target,33,0.7,50,0.7,2.606,2.61896301359
quality_model_current,B7_new,never_fit_on_target,34,0.7,150,0.5,2.5964,2.58467718695
quality_model_current,B7_new,never_fit_on_target,35,0.7,150,0.7,2.5081,2.50911830977
quality_model_current,B7_new,never_fit_on_target,36,0.7,300,0.5,2.5359,2.53087031739
quality_model_current,B7_new,never_fit_on_target,37,0.7,300,0.7,2.4237,2.45531144022
quality_model_current,B7_new,never_fit_on_target,38,0.7,600,0.5,2.4897,2.48655171931
quality_model_current,B7_new,never_fit_on_target,39,0.7,600,0.7,2.48,2.41099284214
quality_model_current,B7_new,never_fit_on_target,40,1,10,0.5,2.848,2.87433468238
quality_model_current,B7_new,never_fit_on_target,41,1,10,0.7,2.8028,2.80301981449
quality_model_current,B7_new,never_fit_on_target,42,1,50,0.5,2.6594,2.63820749345
quality_model_current,B7_new,never_fit_on_target,43,1,50,0.7,2.5754,2.56689262556
quality_model_current,B7_new,never_fit_on_target,44,1,150,0.5,2.5142,2.52836278963
quality_model_current,B7_new,never_fit_on_target,45,1,150,0.7,2.4391,2.45704792174
quality_model_current,B7_new,never_fit_on_target,46,1,300,0.5,2.4767,2.47455592008
quality_model_current,B7_new,never_fit_on_target,47,1,300,0.7,2.4565,2.40324105219
quality_model_current,B7_new,never_fit_on_target,48,1,600,0.5,2.4351,2.430237322
quality_model_current,B7_new,never_fit_on_target,49,1,600,0.7,2.359,2.35892245411
quality_model_current,B7_new,never_fit_on_target,50,2.8,10,0.5,2.7452,2.74220784002
quality_model_current,B7_new,never_fit_on_target,51,2.8,10,0.7,2.671,2.68185358793
quality_model_current,B7_new,never_fit_on_target,52,2.8,50,0.5,2.5569,2.50608065109
quality_model_current,B7_new,never_fit_on_target,53,2.8,50,0.7,2.4459,2.445726399
quality_model_current,B7_new,never_fit_on_target,54,2.8,150,0.5,2.4226,2.39623594728
quality_model_current,B7_new,never_fit_on_target,55,2.8,150,0.7,2.2944,2.33588169518
quality_model_current,B7_new,never_fit_on_target,56,2.8,300,0.5,2.3363,2.34242907773
quality_model_current,B7_new,never_fit_on_target,57,2.8,300,0.7,2.2804,2.28207482563
quality_model_current,B7_new,never_fit_on_target,58,2.8,600,0.5,2.322,2.29811047965
quality_model_current,B7_new,never_fit_on_target,59,2.8,600,0.7,2.2877,2.23775622755
quality_model_current,B7_new,never_fit_on_target,60,4,10,0.5,2.6556,2.70519274276
quality_model_current,B7_new,never_fit_on_target,61,4,10,0.7,2.6349,2.64822848289
quality_model_current,B7_new,never_fit_on_target,62,4,50,0.5,2.5028,2.46906555383
quality_model_current,B7_new,never_fit_on_target,63,4,50,0.7,2.4309,2.41210129396
quality_model_current,B7_new,never_fit_on_target,64,4,150,0.5,2.4064,2.35922085002
quality_model_current,B7_new,never_fit_on_target,65,4,150,0.7,2.3547,2.30225659014
quality_model_current,B7_new,never_fit_on_target,66,4,300,0.5,2.2988,2.30541398047
quality_model_current,B7_new,never_fit_on_target,67,4,300,0.7,2.2329,2.24844972059
quality_model_current,B7_new,never_fit_on_target,68,4,600,0.5,2.3211,2.26109538239
quality_model_current,B7_new,never_fit_on_target,69,4,600,0.7,2.2154,2.20413112251
quality_model_current,B7_new,never_fit_on_target,70,6.9,10,0.5,2.6118,2.65568536163
quality_model_current,B7_new,never_fit_on_target,71,6.9,10,0.7,2.5613,2.60353883847
quality_model_current,B7_new,never_fit_on_target,72,6.9,50,0.5,2.4529,2.4195581727
quality_model_current,B7_new,never_fit_on_target,73,6.9,50,0.7,2.3751,2.36741164954
quality_model_current,B7_new,never_fit_on_target,74,6.9,150,0.5,2.2227,2.30971346889
quality_model_current,B7_new,never_fit_on_target,75,6.9,150,0.7,2.2344,2.25756694572
quality_model_current,B7_new,never_fit_on_target,76,6.9,300,0.5,2.2738,2.25590659934
quality_model_current,B7_new,never_fit_on_target,77,6.9,300,0.7,2.1672,2.20376007617
quality_model_current,B7_new,never_fit_on_target,78,6.9,600,0.5,2.2022,2.21158800126
quality_model_current,B7_new,never_fit_on_target,79,6.9,600,0.7,2.1051,2.15944147809
quality_model_current,B7_new,never_fit_on_target,80,11.97,10,0.5,2.6862,2.61312568842
quality_model_current,B7_new,never_fit_on_target,81,11.97,10,0.7,2.6556,2.56543317494
quality_model_current,B7_new,never_fit_on_target,82,11.97,50,0.5,2.3931,2.37699849949
quality_model_current,B7_new,never_fit_on_target,83,11.97,50,0.7,2.2717,2.32930598601
quality_model_current,B7_new,never_fit_on_target,84,11.97,150,0.5,2.2142,2.26715379568
quality_model_current,B7_new,never_fit_on_target,85,11.97,150,0.7,2.2419,2.21946128219
quality_model_current,B7_new,never_fit_on_target,86,11.97,300,0.5,2.2109,2.21334692612
quality_model_current,B7_new,never_fit_on_target,87,11.97,300,0.7,2.1378,2.16565441264
quality_model_current,B7_new,never_fit_on_target,88,11.97,600,0.5,2.0954,2.16902832805
quality_model_current,B7_new,never_fit_on_target,89,11.97,600,0.7,2.0538,2.12133581456
quality_joint_nd_new,B7_new,never_fit_on_target,0,0.07,10,0.5,3.568,3.51761291996
quality_joint_nd_new,B7_new,never_fit_on_target,1,0.07,10,0.7,3.4466,3.39733728877
quality_joint_nd_new,B7_new,never_fit_on_target,2,0.07,50,0.5,3.1892,3.26278703653
quality_joint_nd_new,B7_new,never_fit_on_target,3,0.07,50,0.7,3.1419,3.14994622826
quality_joint_nd_new,B7_new,never_fit_on_target,4,0.07,150,0.5,3.1305,3.1408467044
quality_joint_nd_new,B7_new,never_fit_on_target,5,0.07,150,0.7,3.0551,3.03281526155
quality_joint_nd_new,B7_new,never_fit_on_target,6,0.07,300,0.5,3.1769,3.07967499284
quality_joint_nd_new,B7_new,never_fit_on_target,7,0.07,300,0.7,2.9398,2.97457189861
quality_joint_nd_new,B7_new,never_fit_on_target,8,0.07,600,0.5,3.0404,3.02819118746
quality_joint_nd_new,B7_new,never_fit_on_target,9,0.07,600,0.7,2.9333,2.92593706472
quality_joint_nd_new,B7_new,never_fit_on_target,10,0.16,10,0.5,3.2494,3.26555870162
quality_joint_nd_new,B7_new,never_fit_on_target,11,0.16,10,0.7,3.2288,3.16033752213
quality_joint_nd_new,B7_new,never_fit_on_target,12,0.16,50,0.5,2.9246,3.01307326396
quality_joint_nd_new,B7_new,never_fit_on_target,13,0.16,50,0.7,2.8275,2.91435631838
quality_joint_nd_new,B7_new,never_fit_on_target,14,0.16,150,0.5,2.8925,2.89264689648
quality_joint_nd_new,B7_new,never_fit_on_target,15,0.16,150,0.7,2.7914,2.79813734599
quality_joint_nd_new,B7_new,never_fit_on_target,16,0.16,300,0.5,2.8079,2.83239701469
quality_joint_nd_new,B7_new,never_fit_on_target,17,0.16,300,0.7,2.7592,2.74044928236
quality_joint_nd_new,B7_new,never_fit_on_target,18,0.16,600,0.5,2.7776,2.78181005155
quality_joint_nd_new,B7_new,never_fit_on_target,19,0.16,600,0.7,2.6652,2.69235469559
quality_joint_nd_new,B7_new,never_fit_on_target,20,0.41,10,0.5,3.0802,3.04748822895
quality_joint_nd_new,B7_new,never_fit_on_target,21,0.41,10,0.7,3.027,2.95712354502
quality_joint_nd_new,B7_new,never_fit_on_target,22,0.41,50,0.5,2.7517,2.79731246175
quality_joint_nd_new,B7_new,never_fit_on_target,23,0.41,50,0.7,2.6453,2.71253365933
quality_joint_nd_new,B7_new,never_fit_on_target,24,0.41,150,0.5,2.6432,2.67838015126
quality_joint_nd_new,B7_new,never_fit_on_target,25,0.41,150,0.7,2.605,2.59721468914
quality_joint_nd_new,B7_new,never_fit_on_target,26,0.41,300,0.5,2.6321,2.6190399778
quality_joint_nd_new,B7_new,never_fit_on_target,27,0.41,300,0.7,2.5426,2.540074623
quality_joint_nd_new,B7_new,never_fit_on_target,28,0.41,600,0.5,2.5369,2.56933806402
quality_joint_nd_new,B7_new,never_fit_on_target,29,0.41,600,0.7,2.4873,2.49251317946
quality_joint_nd_new,B7_new,never_fit_on_target,30,0.7,10,0.5,2.9761,2.94894751092
quality_joint_nd_new,B7_new,never_fit_on_target,31,0.7,10,0.7,2.9524,2.86607315222
quality_joint_nd_new,B7_new,never_fit_on_target,32,0.7,50,0.5,2.6726,2.69993622984
quality_joint_nd_new,B7_new,never_fit_on_target,33,0.7,50,0.7,2.606,2.62218473915
quality_joint_nd_new,B7_new,never_fit_on_target,34,0.7,150,0.5,2.5964,2.58175719073
quality_joint_nd_new,B7_new,never_fit_on_target,35,0.7,150,0.7,2.5081,2.50731953069
quality_joint_nd_new,B7_new,never_fit_on_target,36,0.7,300,0.5,2.5359,2.52287567262
quality_joint_nd_new,B7_new,never_fit_on_target,37,0.7,300,0.7,2.4237,2.45045575309
quality_joint_nd_new,B7_new,never_fit_on_target,38,0.7,600,0.5,2.4897,2.47361998167
quality_joint_nd_new,B7_new,never_fit_on_target,39,0.7,600,0.7,2.48,2.40316310888
quality_joint_nd_new,B7_new,never_fit_on_target,40,1,10,0.5,2.848,2.89162745875
quality_joint_nd_new,B7_new,never_fit_on_target,41,1,10,0.7,2.8028,2.81339920559
quality_joint_nd_new,B7_new,never_fit_on_target,42,1,50,0.5,2.6594,2.64333848615
quality_joint_nd_new,B7_new,never_fit_on_target,43,1,50,0.7,2.5754,2.56994590257
quality_joint_nd_new,B7_new,never_fit_on_target,44,1,150,0.5,2.5142,2.52562668687
quality_joint_nd_new,B7_new,never_fit_on_target,45,1,150,0.7,2.4391,2.45536215384
quality_joint_nd_new,B7_new,never_fit_on_target,46,1,300,0.5,2.4767,2.4670296639
quality_joint_nd_new,B7_new,never_fit_on_target,47,1,300,0.7,2.4565,2.39866975274
quality_joint_nd_new,B7_new,never_fit_on_target,48,1,600,0.5,2.4351,2.41805075645
quality_joint_nd_new,B7_new,never_fit_on_target,49,1,600,0.7,2.359,2.35154383962
quality_joint_nd_new,B7_new,never_fit_on_target,50,2.8,10,0.5,2.7452,2.75689692368
quality_joint_nd_new,B7_new,never_fit_on_target,51,2.8,10,0.7,2.671,2.69067032002
quality_joint_nd_new,B7_new,never_fit_on_target,52,2.8,50,0.5,2.5569,2.51047379186
quality_joint_nd_new,B7_new,never_fit_on_target,53,2.8,50,0.7,2.4459,2.44834097733
quality_joint_nd_new,B7_new,never_fit_on_target,54,2.8,150,0.5,2.4226,2.39396894938
quality_joint_nd_new,B7_new,never_fit_on_target,55,2.8,150,0.7,2.2944,2.33448428505
quality_joint_nd_new,B7_new,never_fit_on_target,56,2.8,300,0.5,2.3363,2.33610682385
quality_joint_nd_new,B7_new,never_fit_on_target,57,2.8,300,0.7,2.2804,2.27823457744
quality_joint_nd_new,B7_new,never_fit_on_target,58,2.8,600,0.5,2.322,2.28784289337
quality_joint_nd_new,B7_new,never_fit_on_target,59,2.8,600,0.7,2.2877,2.23153935797
quality_joint_nd_new,B7_new,never_fit_on_target,60,4,10,0.5,2.6556,2.71907445563
quality_joint_nd_new,B7_new,never_fit_on_target,61,4,10,0.7,2.6349,2.65656065042
quality_joint_nd_new,B7_new,never_fit_on_target,62,4,50,0.5,2.5028,2.47322853537
quality_joint_nd_new,B7_new,never_fit_on_target,63,4,50,0.7,2.4309,2.41457901311
quality_joint_nd_new,B7_new,never_fit_on_target,64,4,150,0.5,2.4064,2.35709707384
quality_joint_nd_new,B7_new,never_fit_on_target,65,4,150,0.7,2.3547,2.30094724109
quality_joint_nd_new,B7_new,never_fit_on_target,66,4,300,0.5,2.2988,2.29946229423
quality_joint_nd_new,B7_new,never_fit_on_target,67,4,300,0.7,2.2329,2.24483448396
quality_joint_nd_new,B7_new,never_fit_on_target,68,4,600,0.5,2.3211,2.25141954713
quality_joint_nd_new,B7_new,never_fit_on_target,69,4,600,0.7,2.2154,2.19827250273
quality_joint_nd_new,B7_new,never_fit_on_target,70,6.9,10,0.5,2.6118,2.66841778943
quality_joint_nd_new,B7_new,never_fit_on_target,71,6.9,10,0.7,2.5613,2.61118122853
quality_joint_nd_new,B7_new,never_fit_on_target,72,6.9,50,0.5,2.4529,2.42339229786
quality_joint_nd_new,B7_new,never_fit_on_target,73,6.9,50,0.7,2.3751,2.36969380773
quality_joint_nd_new,B7_new,never_fit_on_target,74,6.9,150,0.5,2.2227,2.30779154721
quality_joint_nd_new,B7_new,never_fit_on_target,75,6.9,150,0.7,2.2344,2.25638172964
quality_joint_nd_new,B7_new,never_fit_on_target,76,6.9,300,0.5,2.2738,2.25047990928
quality_joint_nd_new,B7_new,never_fit_on_target,77,6.9,300,0.7,2.1672,2.20046362923
quality_joint_nd_new,B7_new,never_fit_on_target,78,6.9,600,0.5,2.2022,2.20275154465
quality_joint_nd_new,B7_new,never_fit_on_target,79,6.9,600,0.7,2.1051,2.15409102826
quality_joint_nd_new,B7_new,never_fit_on_target,80,11.97,10,0.5,2.6862,2.62479347802
quality_joint_nd_new,B7_new,never_fit_on_target,81,11.97,10,0.7,2.6556,2.57243658617
quality_joint_nd_new,B7_new,never_fit_on_target,82,11.97,50,0.5,2.3931,2.38052660596
quality_joint_nd_new,B7_new,never_fit_on_target,83,11.97,50,0.7,2.2717,2.33140614876
quality_joint_nd_new,B7_new,never_fit_on_target,84,11.97,150,0.5,2.2142,2.26541658367
quality_joint_nd_new,B7_new,never_fit_on_target,85,11.97,150,0.7,2.2419,2.21838967961
quality_joint_nd_new,B7_new,never_fit_on_target,86,11.97,300,0.5,2.2109,2.2084037427
quality_joint_nd_new,B7_new,never_fit_on_target,87,11.97,300,0.7,2.1378,2.16265157093
quality_joint_nd_new,B7_new,never_fit_on_target,88,11.97,600,0.5,2.0954,2.16096607569
quality_joint_nd_new,B7_new,never_fit_on_target,89,11.97,600,0.7,2.0538,2.11645408276
quality_compute_new,B7_new,never_fit_on_target,0,0.07,10,0.5,3.568,3.52206953415
quality_compute_new,B7_new,never_fit_on_target,1,0.07,10,0.7,3.4466,3.39997039741
quality_compute_new,B7_new,never_fit_on_target,2,0.07,50,0.5,3.1892,3.23753114831
quality_compute_new,B7_new,never_fit_on_target,3,0.07,50,0.7,3.1419,3.13468900103
quality_compute_new,B7_new,never_fit_on_target,4,0.07,150,0.5,3.1305,3.09910267554
quality_compute_new,B7_new,never_fit_on_target,5,0.07,150,0.7,3.0551,3.00763057016
quality_compute_new,B7_new,never_fit_on_target,6,0.07,300,0.5,3.1769,3.02891036439
quality_compute_new,B7_new,never_fit_on_target,7,0.07,300,0.7,2.9398,2.9439560544
quality_compute_new,B7_new,never_fit_on_target,8,0.07,600,0.5,3.0404,2.96937386049
quality_compute_new,B7_new,never_fit_on_target,9,0.07,600,0.7,2.9333,2.8904729239
quality_compute_new,B7_new,never_fit_on_target,10,0.16,10,0.5,3.2494,3.28197492871
quality_compute_new,B7_new,never_fit_on_target,11,0.16,10,0.7,3.2288,3.17017930574
quality_compute_new,B7_new,never_fit_on_target,12,0.16,50,0.5,2.9246,3.00152179234
quality_compute_new,B7_new,never_fit_on_target,13,0.16,50,0.7,2.8275,2.90735812968
quality_compute_new,B7_new,never_fit_on_target,14,0.16,150,0.5,2.8925,2.86550540262
quality_compute_new,B7_new,never_fit_on_target,15,0.16,150,0.7,2.7914,2.78175230428
quality_compute_new,B7_new,never_fit_on_target,16,0.16,300,0.5,2.8079,2.79669580086
quality_compute_new,B7_new,never_fit_on_target,17,0.16,300,0.7,2.7592,2.71891048424
quality_compute_new,B7_new,never_fit_on_target,18,0.16,600,0.5,2.7776,2.73844348214
quality_compute_new,B7_new,never_fit_on_target,19,0.16,600,0.7,2.6652,2.66620071618
quality_compute_new,B7_new,never_fit_on_target,20,0.41,10,0.5,3.0802,3.07443419215
quality_compute_new,B7_new,never_fit_on_target,21,0.41,10,0.7,3.027,2.97331281918
quality_compute_new,B7_new,never_fit_on_target,22,0.41,50,0.5,2.7517,2.7982132988
quality_compute_new,B7_new,never_fit_on_target,23,0.41,50,0.7,2.6453,2.71304038595
quality_compute_new,B7_new,never_fit_on_target,24,0.41,150,0.5,2.6432,2.66469578256
quality_compute_new,B7_new,never_fit_on_target,25,0.41,150,0.7,2.605,2.58893943299
quality_compute_new,B7_new,never_fit_on_target,26,0.41,300,0.5,2.6321,2.5973186422
quality_compute_new,B7_new,never_fit_on_target,27,0.41,300,0.7,2.5426,2.52696027033
quality_compute_new,B7_new,never_fit_on_target,28,0.41,600,0.5,2.5369,2.54039671561
quality_compute_new,B7_new,never_fit_on_target,29,0.41,600,0.7,2.4873,2.47505169148
quality_compute_new,B7_new,never_fit_on_target,30,0.7,10,0.5,2.9761,2.98063554365
quality_compute_new,B7_new,never_fit_on_target,31,0.7,10,0.7,2.9524,2.88512135794
quality_compute_new,B7_new,never_fit_on_target,32,0.7,50,0.5,2.6726,2.70663784904
quality_compute_new,B7_new,never_fit_on_target,33,0.7,50,0.7,2.606,2.62618778021
quality_compute_new,B7_new,never_fit_on_target,34,0.7,150,0.5,2.5964,2.57443299192
quality_compute_new,B7_new,never_fit_on_target,35,0.7,150,0.7,2.5081,2.50287733727
quality_compute_new,B7_new,never_fit_on_target,36,0.7,300,0.5,2.5359,2.50780832403
quality_compute_new,B7_new,never_fit_on_target,37,0.7,300,0.7,2.4237,2.44135132885
quality_compute_new,B7_new,never_fit_on_target,38,0.7,600,0.5,2.4897,2.4515852529
quality_compute_new,B7_new,never_fit_on_target,39,0.7,600,0.7,2.48,2.38986361496
quality_compute_new,B7_new,never_fit_on_target,40,1,10,0.5,2.848,2.92603854442
quality_compute_new,B7_new,never_fit_on_target,41,1,10,0.7,2.8028,2.83408924979
quality_compute_new,B7_new,never_fit_on_target,42,1,50,0.5,2.6594,2.65345429669
quality_compute_new,B7_new,never_fit_on_target,43,1,50,0.7,2.5754,2.57600687852
quality_compute_new,B7_new,never_fit_on_target,44,1,150,0.5,2.5142,2.52208399111
quality_compute_new,B7_new,never_fit_on_target,45,1,150,0.7,2.4391,2.45319901949
quality_compute_new,B7_new,never_fit_on_target,46,1,300,0.5,2.4767,2.45593772394
quality_compute_new,B7_new,never_fit_on_target,47,1,300,0.7,2.4565,2.39196111371
quality_compute_new,B7_new,never_fit_on_target,48,1,600,0.5,2.4351,2.40015896534
quality_compute_new,B7_new,never_fit_on_target,49,1,600,0.7,2.359,2.34074097387
quality_compute_new,B7_new,never_fit_on_target,50,2.8,10,0.5,2.7452,2.79745444302
quality_compute_new,B7_new,never_fit_on_target,51,2.8,10,0.7,2.671,2.71506693617
quality_compute_new,B7_new,never_fit_on_target,52,2.8,50,0.5,2.5569,2.52866135715
quality_compute_new,B7_new,never_fit_on_target,53,2.8,50,0.7,2.4459,2.45926767968
quality_compute_new,B7_new,never_fit_on_target,54,2.8,150,0.5,2.4226,2.39952949437
quality_compute_new,B7_new,never_fit_on_target,55,2.8,150,0.7,2.2944,2.33780785643
quality_compute_new,B7_new,never_fit_on_target,56,2.8,300,0.5,2.3363,2.33466639855
quality_compute_new,B7_new,never_fit_on_target,57,2.8,300,0.7,2.2804,2.27734270254
quality_compute_new,B7_new,never_fit_on_target,58,2.8,600,0.5,2.322,2.28007937963
quality_compute_new,B7_new,never_fit_on_target,59,2.8,600,0.7,2.2877,2.22684025258
quality_compute_new,B7_new,never_fit_on_target,60,4,10,0.5,2.6556,2.7612394057
quality_compute_new,B7_new,never_fit_on_target,61,4,10,0.7,2.6349,2.6819268608
quality_compute_new,B7_new,never_fit_on_target,62,4,50,0.5,2.5028,2.49366551427
quality_compute_new,B7_new,never_fit_on_target,63,4,50,0.7,2.4309,2.426861828
quality_compute_new,B7_new,never_fit_on_target,64,4,150,0.5,2.4064,2.36525350917
quality_compute_new,B7_new,never_fit_on_target,65,4,150,0.7,2.3547,2.3058355177
quality_compute_new,B7_new,never_fit_on_target,66,4,300,0.5,2.2988,2.30080306664
quality_compute_new,B7_new,never_fit_on_target,67,4,300,0.7,2.2329,2.24561887201
quality_compute_new,B7_new,never_fit_on_target,68,4,600,0.5,2.3211,2.24659929761
quality_compute_new,B7_new,never_fit_on_target,69,4,600,0.7,2.2154,2.19534722292
quality_compute_new,B7_new,never_fit_on_target,70,6.9,10,0.5,2.6118,2.71259216852
quality_compute_new,B7_new,never_fit_on_target,71,6.9,10,0.7,2.5613,2.63775978489
quality_compute_new,B7_new,never_fit_on_target,72,6.9,50,0.5,2.4529,2.44679462028
quality_compute_new,B7_new,never_fit_on_target,73,6.9,50,0.7,2.3751,2.38376450208
quality_compute_new,B7_new,never_fit_on_target,74,6.9,150,0.5,2.2227,2.31943143418
quality_compute_new,B7_new,never_fit_on_target,75,6.9,150,0.7,2.2344,2.26336981191
quality_compute_new,B7_new,never_fit_on_target,76,6.9,300,0.5,2.2738,2.25558221965
quality_compute_new,B7_new,never_fit_on_target,77,6.9,300,0.7,2.1672,2.20351523796
quality_compute_new,B7_new,never_fit_on_target,78,6.9,600,0.5,2.2022,2.20193683846
quality_compute_new,B7_new,never_fit_on_target,79,6.9,600,0.7,2.1051,2.15357986138
quality_compute_new,B7_new,never_fit_on_target,80,11.97,10,0.5,2.6862,2.67050657778
quality_compute_new,B7_new,never_fit_on_target,81,11.97,10,0.7,2.6556,2.59994385058
quality_compute_new,B7_new,never_fit_on_target,82,11.97,50,0.5,2.3931,2.40640190947
quality_compute_new,B7_new,never_fit_on_target,83,11.97,50,0.7,2.2717,2.34696805451
quality_compute_new,B7_new,never_fit_on_target,84,11.97,150,0.5,2.2142,2.28003826257
quality_compute_new,B7_new,never_fit_on_target,85,11.97,150,0.7,2.2419,2.22717530717
quality_compute_new,B7_new,never_fit_on_target,86,11.97,300,0.5,2.2109,2.21676202675
quality_compute_new,B7_new,never_fit_on_target,87,11.97,300,0.7,2.1378,2.16766579266
quality_compute_new,B7_new,never_fit_on_target,88,11.97,600,0.5,2.0954,2.16364879699
quality_compute_new,B7_new,never_fit_on_target,89,11.97,600,0.7,2.0538,2.11805088849
quality_model_current,B8_new,never_fit_on_target,0,0.07,5,0.05,1.0401,3.87633837971
quality_model_current,B8_new,never_fit_on_target,1,0.07,5,0.1,1.1624,3.84910003728
quality_model_current,B8_new,never_fit_on_target,2,0.07,5,0.2,1.4286,3.79458417242
quality_model_current,B8_new,never_fit_on_target,3,0.07,5,0.3,1.6112,3.74001049828
quality_model_current,B8_new,never_fit_on_target,4,0.07,5,0.4,1.8958,3.68537062771
quality_model_current,B8_new,never_fit_on_target,5,0.07,5,0.5,2.1434,3.63065332947
quality_model_current,B8_new,never_fit_on_target,6,0.07,5,0.6,2.4434,3.57584277826
quality_model_current,B8_new,never_fit_on_target,7,0.07,5,0.7,2.6519,3.5209149812
quality_model_current,B8_new,never_fit_on_target,8,0.07,5,0.8,2.8801,3.4658291079
quality_model_current,B8_new,never_fit_on_target,9,0.07,5,0.9,3.0925,3.41049889612
quality_model_current,B8_new,never_fit_on_target,10,0.07,5,0.95,3.2372,3.38267115138
quality_model_current,B8_new,never_fit_on_target,11,0.07,5,1,3.3659,3.35451428183
quality_model_current,B8_new,never_fit_on_target,12,0.07,10,0.05,0.9918,3.73694194753
quality_model_current,B8_new,never_fit_on_target,13,0.07,10,0.95,3.2059,3.24327471921
quality_model_current,B8_new,never_fit_on_target,14,0.07,20,0.05,0.9701,3.62212659956
quality_model_current,B8_new,never_fit_on_target,15,0.07,20,0.1,1.096,3.59488825713
quality_model_current,B8_new,never_fit_on_target,16,0.07,20,0.2,1.2839,3.54037239227
quality_model_current,B8_new,never_fit_on_target,17,0.07,20,0.3,1.4876,3.48579871813
quality_model_current,B8_new,never_fit_on_target,18,0.07,20,0.4,1.7688,3.43115884755
quality_model_current,B8_new,never_fit_on_target,19,0.07,20,0.5,1.9631,3.37644154932
quality_model_current,B8_new,never_fit_on_target,20,0.07,20,0.6,2.1816,3.3216309981
quality_model_current,B8_new,never_fit_on_target,21,0.07,20,0.7,2.4162,3.26670320105
quality_model_current,B8_new,never_fit_on_target,22,0.07,20,0.8,2.6428,3.21161732775
quality_model_current,B8_new,never_fit_on_target,23,0.07,20,0.9,2.926,3.15628711596
quality_model_current,B8_new,never_fit_on_target,24,0.07,20,0.95,2.984,3.12845937123
quality_model_current,B8_new,never_fit_on_target,25,0.07,20,1,3.1277,3.10030250167
quality_model_current,B8_new,never_fit_on_target,26,0.07,50,0.05,0.9392,3.5008147586
quality_model_current,B8_new,never_fit_on_target,27,0.07,50,0.95,2.8636,3.00714753028
quality_model_current,B8_new,never_fit_on_target,28,0.07,100,0.05,0.891,3.42763793911
quality_model_current,B8_new,never_fit_on_target,29,0.07,100,0.1,1.0093,3.40039959668
quality_model_current,B8_new,never_fit_on_target,30,0.07,100,0.2,1.2339,3.34588373182
quality_model_current,B8_new,never_fit_on_target,31,0.07,100,0.3,1.4034,3.29131005768
quality_model_current,B8_new,never_fit_on_target,32,0.07,100,0.4,1.6433,3.23667018711
quality_model_current,B8_new,never_fit_on_target,33,0.07,100,0.5,1.8327,3.18195288888
quality_model_current,B8_new,never_fit_on_target,34,0.07,100,0.6,2.104,3.12714233766
quality_model_current,B8_new,never_fit_on_target,35,0.07,100,0.7,2.3189,3.0722145406
quality_model_current,B8_new,never_fit_on_target,36,0.07,100,0.8,2.4893,3.0171286673
quality_model_current,B8_new,never_fit_on_target,37,0.07,100,0.9,2.727,2.96179845552
quality_model_current,B8_new,never_fit_on_target,38,0.07,100,0.95,2.7802,2.93397071078
quality_model_current,B8_new,never_fit_on_target,39,0.07,100,1,2.8644,2.90581384123
quality_model_current,B8_new,never_fit_on_target,40,0.07,150,0.05,0.8911,3.39097005479
quality_model_current,B8_new,never_fit_on_target,41,0.07,150,0.95,2.7592,2.89730282646
quality_model_current,B8_new,never_fit_on_target,42,0.07,300,0.05,0.8812,3.33716318524
quality_model_current,B8_new,never_fit_on_target,43,0.07,300,0.95,2.6843,2.84349595691
quality_model_current,B8_new,never_fit_on_target,44,0.07,500,0.05,0.861,3.30368184919
quality_model_current,B8_new,never_fit_on_target,45,0.07,500,0.1,0.9621,3.27644350676
quality_model_current,B8_new,never_fit_on_target,46,0.07,500,0.2,1.1948,3.2219276419
quality_model_current,B8_new,never_fit_on_target,47,0.07,500,0.3,1.3491,3.16735396776
quality_model_current,B8_new,never_fit_on_target,48,0.07,500,0.4,1.5406,3.11271409719
quality_model_current,B8_new,never_fit_on_target,49,0.07,500,0.5,1.7858,3.05799679895
quality_model_current,B8_new,never_fit_on_target,50,0.07,500,0.6,1.9945,3.00318624774
quality_model_current,B8_new,never_fit_on_target,51,0.07,500,0.7,2.1765,2.94825845068
quality_model_current,B8_new,never_fit_on_target,52,0.07,500,0.8,2.4124,2.89317257738
quality_model_current,B8_new,never_fit_on_target,53,0.07,500,0.9,2.6083,2.8378423656
quality_model_current,B8_new,never_fit_on_target,54,0.07,500,0.95,2.7105,2.81001462086
quality_model_current,B8_new,never_fit_on_target,55,0.07,500,1,2.8055,2.78185775131
quality_model_current,B8_new,never_fit_on_target,56,0.07,1000,0.05,0.8471,3.26526733006
quality_model_current,B8_new,never_fit_on_target,57,0.07,1000,0.1,0.9414,3.23802898763
quality_model_current,B8_new,never_fit_on_target,58,0.07,1000,0.2,1.1388,3.18351312277
quality_model_current,B8_new,never_fit_on_target,59,0.07,1000,0.3,1.3853,3.12893944863
quality_model_current,B8_new,never_fit_on_target,60,0.07,1000,0.4,1.5663,3.07429957806
quality_model_current,B8_new,never_fit_on_target,61,0.07,1000,0.5,1.7504,3.01958227982
quality_model_current,B8_new,never_fit_on_target,62,0.07,1000,0.6,1.9928,2.9647717286
quality_model_current,B8_new,never_fit_on_target,63,0.07,1000,0.7,2.1482,2.90984393155
quality_model_current,B8_new,never_fit_on_target,64,0.07,1000,0.8,2.3195,2.85475805825
quality_model_current,B8_new,never_fit_on_target,65,0.07,1000,0.9,2.523,2.79942784647
quality_model_current,B8_new,never_fit_on_target,66,0.07,1000,0.95,2.6048,2.77160010173
quality_model_current,B8_new,never_fit_on_target,67,0.07,1000,1,2.7431,2.74344323218
quality_model_current,B8_new,never_fit_on_target,68,0.07,2000,0.05,0.8539,3.23362680445
quality_model_current,B8_new,never_fit_on_target,69,0.07,2000,0.1,0.9243,3.20638846202
quality_model_current,B8_new,never_fit_on_target,70,0.07,2000,0.2,1.1409,3.15187259716
quality_model_current,B8_new,never_fit_on_target,71,0.07,2000,0.3,1.3364,3.09729892302
quality_model_current,B8_new,never_fit_on_target,72,0.07,2000,0.4,1.5027,3.04265905245
quality_model_current,B8_new,never_fit_on_target,73,0.07,2000,0.5,1.7429,2.98794175421
quality_model_current,B8_new,never_fit_on_target,74,0.07,2000,0.6,1.9258,2.933131203
quality_model_current,B8_new,never_fit_on_target,75,0.07,2000,0.7,2.1457,2.87820340594
quality_model_current,B8_new,never_fit_on_target,76,0.07,2000,0.8,2.3261,2.82311753264
quality_model_current,B8_new,never_fit_on_target,77,0.07,2000,0.9,2.5085,2.76778732086
quality_model_current,B8_new,never_fit_on_target,78,0.07,2000,0.95,2.5794,2.73995957612
quality_model_current,B8_new,never_fit_on_target,79,0.07,2000,1,2.7374,2.71180270657
quality_model_current,B8_new,never_fit_on_target,80,0.16,5,0.05,0.8104,3.59671253118
quality_model_current,B8_new,never_fit_on_target,81,0.16,5,0.1,0.9548,3.57288972379
quality_model_current,B8_new,never_fit_on_target,82,0.16,5,0.2,1.1752,3.52520984196
quality_model_current,B8_new,never_fit_on_target,83,0.16,5,0.3,1.4476,3.4774793998
quality_model_current,B8_new,never_fit_on_target,84,0.16,5,0.4,1.6751,3.42969106188
quality_model_current,B8_new,never_fit_on_target,85,0.16,5,0.5,1.9108,3.38183500528
quality_model_current,B8_new,never_fit_on_target,86,0.16,5,0.6,2.1591,3.3338973891
quality_model_current,B8_new,never_fit_on_target,87,0.16,5,0.7,2.4836,3.28585722905
quality_model_current,B8_new,never_fit_on_target,88,0.16,5,0.8,2.5952,3.23767881463
quality_model_current,B8_new,never_fit_on_target,89,0.16,5,0.9,2.8737,3.1892867004
quality_model_current,B8_new,never_fit_on_target,90,0.16,5,0.95,2.9535,3.16494839844
quality_model_current,B8_new,never_fit_on_target,91,0.16,5,1,3.1013,3.14032224206
quality_model_current,B8_new,never_fit_on_target,92,0.16,10,0.05,0.7726,3.45731609901
quality_model_current,B8_new,never_fit_on_target,93,0.16,10,0.95,2.9363,3.02555196627
quality_model_current,B8_new,never_fit_on_target,94,0.16,20,0.05,0.7755,3.34250075103
quality_model_current,B8_new,never_fit_on_target,95,0.16,20,0.1,0.8548,3.31867794364
quality_model_current,B8_new,never_fit_on_target,96,0.16,20,0.2,1.0782,3.2709980618
quality_model_current,B8_new,never_fit_on_target,97,0.16,20,0.3,1.3357,3.22326761965
quality_model_current,B8_new,never_fit_on_target,98,0.16,20,0.4,1.5464,3.17547928172
quality_model_current,B8_new,never_fit_on_target,99,0.16,20,0.5,1.7183,3.12762322513
quality_model_current,B8_new,never_fit_on_target,100,0.16,20,0.6,1.9486,3.07968560895
quality_model_current,B8_new,never_fit_on_target,101,0.16,20,0.7,2.2366,3.0316454489
quality_model_current,B8_new,never_fit_on_target,102,0.16,20,0.8,2.4177,2.98346703448
quality_model_current,B8_new,never_fit_on_target,103,0.16,20,0.9,2.6607,2.93507492025
quality_model_current,B8_new,never_fit_on_target,104,0.16,20,0.95,2.8283,2.91073661829
quality_model_current,B8_new,never_fit_on_target,105,0.16,20,1,2.8913,2.88611046191
quality_model_current,B8_new,never_fit_on_target,106,0.16,50,0.05,0.7379,3.22118891008
quality_model_current,B8_new,never_fit_on_target,107,0.16,50,0.95,2.6024,2.78942477733
quality_model_current,B8_new,never_fit_on_target,108,0.16,100,0.05,0.7109,3.14801209059
quality_model_current,B8_new,never_fit_on_target,109,0.16,100,0.1,0.8001,3.1241892832
quality_model_current,B8_new,never_fit_on_target,110,0.16,100,0.2,1.0158,3.07650940136
quality_model_current,B8_new,never_fit_on_target,111,0.16,100,0.3,1.2359,3.02877895921
quality_model_current,B8_new,never_fit_on_target,112,0.16,100,0.4,1.4134,2.98099062128
quality_model_current,B8_new,never_fit_on_target,113,0.16,100,0.5,1.6514,2.93313456468
quality_model_current,B8_new,never_fit_on_target,114,0.16,100,0.6,1.8608,2.88519694851
quality_model_current,B8_new,never_fit_on_target,115,0.16,100,0.7,2.0787,2.83715678846
quality_model_current,B8_new,never_fit_on_target,116,0.16,100,0.8,2.2318,2.78897837404
quality_model_current,B8_new,never_fit_on_target,117,0.16,100,0.9,2.4932,2.74058625981
quality_model_current,B8_new,never_fit_on_target,118,0.16,100,0.95,2.6163,2.71624795784
quality_model_current,B8_new,never_fit_on_target,119,0.16,100,1,2.678,2.69162180146
quality_model_current,B8_new,never_fit_on_target,120,0.16,150,0.05,0.6932,3.11134420626
quality_model_current,B8_new,never_fit_on_target,121,0.16,150,0.95,2.5091,2.67958007352
quality_model_current,B8_new,never_fit_on_target,122,0.16,300,0.05,0.6809,3.05753733671
quality_model_current,B8_new,never_fit_on_target,123,0.16,300,0.95,2.4941,2.62577320397
quality_model_current,B8_new,never_fit_on_target,124,0.16,500,0.05,0.6974,3.02405600067
quality_model_current,B8_new,never_fit_on_target,125,0.16,500,0.1,0.7769,3.00023319327
quality_model_current,B8_new,never_fit_on_target,126,0.16,500,0.2,0.9664,2.95255331144
quality_model_current,B8_new,never_fit_on_target,127,0.16,500,0.3,1.1736,2.90482286928
quality_model_current,B8_new,never_fit_on_target,128,0.16,500,0.4,1.351,2.85703453136
quality_model_current,B8_new,never_fit_on_target,129,0.16,500,0.5,1.5896,2.80917847476
quality_model_current,B8_new,never_fit_on_target,130,0.16,500,0.6,1.7639,2.76124085858
quality_model_current,B8_new,never_fit_on_target,131,0.16,500,0.7,1.9757,2.71320069854
quality_model_current,B8_new,never_fit_on_target,132,0.16,500,0.8,2.1303,2.66502228412
quality_model_current,B8_new,never_fit_on_target,133,0.16,500,0.9,2.3645,2.61663016988
quality_model_current,B8_new,never_fit_on_target,134,0.16,500,0.95,2.4958,2.59229186792
quality_model_current,B8_new,never_fit_on_target,135,0.16,500,1,2.5293,2.56766571154
quality_model_current,B8_new,never_fit_on_target,136,0.16,1000,0.05,0.6787,2.98564148153
quality_model_current,B8_new,never_fit_on_target,137,0.16,1000,0.1,0.7577,2.96181867414
quality_model_current,B8_new,never_fit_on_target,138,0.16,1000,0.2,0.9466,2.91413879231
quality_model_current,B8_new,never_fit_on_target,139,0.16,1000,0.3,1.1493,2.86640835015
quality_model_current,B8_new,never_fit_on_target,140,0.16,1000,0.4,1.3709,2.81862001222
quality_model_current,B8_new,never_fit_on_target,141,0.16,1000,0.5,1.5609,2.77076395563
quality_model_current,B8_new,never_fit_on_target,142,0.16,1000,0.6,1.7116,2.72282633945
quality_model_current,B8_new,never_fit_on_target,143,0.16,1000,0.7,2.0044,2.6747861794
quality_model_current,B8_new,never_fit_on_target,144,0.16,1000,0.8,2.0871,2.62660776498
quality_model_current,B8_new,never_fit_on_target,145,0.16,1000,0.9,2.3054,2.57821565075
quality_model_current,B8_new,never_fit_on_target,146,0.16,1000,0.95,2.4884,2.55387734879
quality_model_current,B8_new,never_fit_on_target,147,0.16,1000,1,2.5056,2.52925119241
quality_model_current,B8_new,never_fit_on_target,148,0.16,2000,0.05,0.6532,2.95400095593
quality_model_current,B8_new,never_fit_on_target,149,0.16,2000,0.1,0.7317,2.93017814853
quality_model_current,B8_new,never_fit_on_target,150,0.16,2000,0.2,0.9418,2.8824982667
quality_model_current,B8_new,never_fit_on_target,151,0.16,2000,0.3,1.1205,2.83476782454
quality_model_current,B8_new,never_fit_on_target,152,0.16,2000,0.4,1.335,2.78697948662
quality_model_current,B8_new,never_fit_on_target,153,0.16,2000,0.5,1.5166,2.73912343002
quality_model_current,B8_new,never_fit_on_target,154,0.16,2000,0.6,1.6953,2.69118581384
quality_model_current,B8_new,never_fit_on_target,155,0.16,2000,0.7,1.9296,2.6431456538
quality_model_current,B8_new,never_fit_on_target,156,0.16,2000,0.8,2.0992,2.59496723938
quality_model_current,B8_new,never_fit_on_target,157,0.16,2000,0.9,2.246,2.54657512514
quality_model_current,B8_new,never_fit_on_target,158,0.16,2000,0.95,2.3649,2.52223682318
quality_model_current,B8_new,never_fit_on_target,159,0.16,2000,1,2.4771,2.4976106668
quality_model_current,B8_new,never_fit_on_target,160,0.41,5,0.05,0.622,3.35145092305
quality_model_current,B8_new,never_fit_on_target,161,0.41,5,0.1,0.7497,3.33099780191
quality_model_current,B8_new,never_fit_on_target,162,0.41,5,0.2,1.0023,3.29006213958
quality_model_current,B8_new,never_fit_on_target,163,0.41,5,0.3,1.2344,3.24908306858
quality_model_current,B8_new,never_fit_on_target,164,0.41,5,0.4,1.4755,3.20805429104
quality_model_current,B8_new,never_fit_on_target,165,0.41,5,0.5,1.6916,3.1669673735
quality_model_current,B8_new,never_fit_on_target,166,0.41,5,0.6,1.98,3.12581043281
quality_model_current,B8_new,never_fit_on_target,167,0.41,5,0.7,2.2447,3.08456545286
quality_model_current,B8_new,never_fit_on_target,168,0.41,5,0.8,2.4492,3.04320177434
quality_model_current,B8_new,never_fit_on_target,169,0.41,5,0.9,2.6707,3.00165462339
quality_model_current,B8_new,never_fit_on_target,170,0.41,5,0.95,2.861,2.9807589233
quality_model_current,B8_new,never_fit_on_target,171,0.41,5,1,3.0229,2.95961608521
quality_model_current,B8_new,never_fit_on_target,172,0.41,10,0.05,0.6007,3.21205449088
quality_model_current,B8_new,never_fit_on_target,173,0.41,10,0.95,2.7299,2.84136249113
quality_model_current,B8_new,never_fit_on_target,174,0.41,20,0.05,0.581,3.0972391429
quality_model_current,B8_new,never_fit_on_target,175,0.41,20,0.1,0.695,3.07678602176
quality_model_current,B8_new,never_fit_on_target,176,0.41,20,0.2,0.9131,3.03585035942
quality_model_current,B8_new,never_fit_on_target,177,0.41,20,0.3,1.1552,2.99487128842
quality_model_current,B8_new,never_fit_on_target,178,0.41,20,0.4,1.3143,2.95384251089
quality_model_current,B8_new,never_fit_on_target,179,0.41,20,0.5,1.5963,2.91275559335
quality_model_current,B8_new,never_fit_on_target,180,0.41,20,0.6,1.7915,2.87159865265
quality_model_current,B8_new,never_fit_on_target,181,0.41,20,0.7,2.0338,2.83035367271
quality_model_current,B8_new,never_fit_on_target,182,0.41,20,0.8,2.246,2.78898999418
quality_model_current,B8_new,never_fit_on_target,183,0.41,20,0.9,2.474,2.74744284324
quality_model_current,B8_new,never_fit_on_target,184,0.41,20,0.95,2.5494,2.72654714315
quality_model_current,B8_new,never_fit_on_target,185,0.41,20,1,2.7188,2.70540430506
quality_model_current,B8_new,never_fit_on_target,186,0.41,50,0.05,0.536,2.97592730195
quality_model_current,B8_new,never_fit_on_target,187,0.41,50,0.95,2.4497,2.6052353022
quality_model_current,B8_new,never_fit_on_target,188,0.41,100,0.05,0.535,2.90275048246
quality_model_current,B8_new,never_fit_on_target,189,0.41,100,0.1,0.6432,2.88229736131
quality_model_current,B8_new,never_fit_on_target,190,0.41,100,0.2,0.8168,2.84136169898
quality_model_current,B8_new,never_fit_on_target,191,0.41,100,0.3,1.0559,2.80038262798
quality_model_current,B8_new,never_fit_on_target,192,0.41,100,0.4,1.2365,2.75935385044
quality_model_current,B8_new,never_fit_on_target,193,0.41,100,0.5,1.477,2.7182669329
quality_model_current,B8_new,never_fit_on_target,194,0.41,100,0.6,1.6841,2.67710999221
quality_model_current,B8_new,never_fit_on_target,195,0.41,100,0.7,1.8979,2.63586501227
quality_model_current,B8_new,never_fit_on_target,196,0.41,100,0.8,2.0213,2.59450133374
quality_model_current,B8_new,never_fit_on_target,197,0.41,100,0.9,2.2729,2.55295418279
quality_model_current,B8_new,never_fit_on_target,198,0.41,100,0.95,2.4488,2.53205848271
quality_model_current,B8_new,never_fit_on_target,199,0.41,100,1,2.488,2.51091564461
quality_model_current,B8_new,never_fit_on_target,200,0.41,150,0.05,0.5231,2.86608259813
quality_model_current,B8_new,never_fit_on_target,201,0.41,150,0.95,2.3801,2.49539059838
quality_model_current,B8_new,never_fit_on_target,202,0.41,300,0.05,0.5209,2.81227572858
quality_model_current,B8_new,never_fit_on_target,203,0.41,300,0.95,2.3692,2.44158372883
quality_model_current,B8_new,never_fit_on_target,204,0.41,500,0.05,0.5057,2.77879439253
quality_model_current,B8_new,never_fit_on_target,205,0.41,500,0.1,0.6047,2.75834127139
quality_model_current,B8_new,never_fit_on_target,206,0.41,500,0.2,0.8045,2.71740560906
quality_model_current,B8_new,never_fit_on_target,207,0.41,500,0.3,1.0122,2.67642653806
quality_model_current,B8_new,never_fit_on_target,208,0.41,500,0.4,1.2031,2.63539776052
quality_model_current,B8_new,never_fit_on_target,209,0.41,500,0.5,1.427,2.59431084298
quality_model_current,B8_new,never_fit_on_target,210,0.41,500,0.6,1.5817,2.55315390229
quality_model_current,B8_new,never_fit_on_target,211,0.41,500,0.7,1.7811,2.51190892234
quality_model_current,B8_new,never_fit_on_target,212,0.41,500,0.8,1.9863,2.47054524382
quality_model_current,B8_new,never_fit_on_target,213,0.41,500,0.9,2.1829,2.42899809287
quality_model_current,B8_new,never_fit_on_target,214,0.41,500,0.95,2.3182,2.40810239279
quality_model_current,B8_new,never_fit_on_target,215,0.41,500,1,2.3631,2.38695955469
quality_model_current,B8_new,never_fit_on_target,216,0.41,1000,0.05,0.5,2.7403798734
quality_model_current,B8_new,never_fit_on_target,217,0.41,1000,0.1,0.5885,2.71992675226
quality_model_current,B8_new,never_fit_on_target,218,0.41,1000,0.2,0.7592,2.67899108993
quality_model_current,B8_new,never_fit_on_target,219,0.41,1000,0.3,0.9951,2.63801201893
quality_model_current,B8_new,never_fit_on_target,220,0.41,1000,0.4,1.2144,2.59698324139
quality_model_current,B8_new,never_fit_on_target,221,0.41,1000,0.5,1.3941,2.55589632385
quality_model_current,B8_new,never_fit_on_target,222,0.41,1000,0.6,1.5743,2.51473938316
quality_model_current,B8_new,never_fit_on_target,223,0.41,1000,0.7,1.759,2.47349440321
quality_model_current,B8_new,never_fit_on_target,224,0.41,1000,0.8,1.9279,2.43213072468
quality_model_current,B8_new,never_fit_on_target,225,0.41,1000,0.9,2.1495,2.39058357374
quality_model_current,B8_new,never_fit_on_target,226,0.41,1000,0.95,2.2212,2.36968787365
quality_model_current,B8_new,never_fit_on_target,227,0.41,1000,1,2.4128,2.34854503556
quality_model_current,B8_new,never_fit_on_target,228,0.41,2000,0.05,0.5,2.70873934779
quality_model_current,B8_new,never_fit_on_target,229,0.41,2000,0.1,0.5802,2.68828622665
quality_model_current,B8_new,never_fit_on_target,230,0.41,2000,0.2,0.7774,2.64735056432
quality_model_current,B8_new,never_fit_on_target,231,0.41,2000,0.3,0.9982,2.60637149332
quality_model_current,B8_new,never_fit_on_target,232,0.41,2000,0.4,1.2122,2.56534271578
quality_model_current,B8_new,never_fit_on_target,233,0.41,2000,0.5,1.3202,2.52425579824
quality_model_current,B8_new,never_fit_on_target,234,0.41,2000,0.6,1.5758,2.48309885755
quality_model_current,B8_new,never_fit_on_target,235,0.41,2000,0.7,1.7331,2.4418538776
quality_model_current,B8_new,never_fit_on_target,236,0.41,2000,0.8,1.9375,2.40049019908
quality_model_current,B8_new,never_fit_on_target,237,0.41,2000,0.9,2.0973,2.35894304813
quality_model_current,B8_new,never_fit_on_target,238,0.41,2000,0.95,2.2225,2.33804734805
quality_model_current,B8_new,never_fit_on_target,239,0.41,2000,1,2.3248,2.31690450995
quality_model_current,B8_new,never_fit_on_target,240,0.7,5,0.05,0.5148,3.23920867885
quality_model_current,B8_new,never_fit_on_target,241,0.7,5,0.1,0.651,3.22045408119
quality_model_current,B8_new,never_fit_on_target,242,0.7,5,0.2,0.8807,3.182917909
quality_model_current,B8_new,never_fit_on_target,243,0.7,5,0.3,1.1486,3.145341933
quality_model_current,B8_new,never_fit_on_target,244,0.7,5,0.4,1.3678,3.10772037832
quality_model_current,B8_new,never_fit_on_target,245,0.7,5,0.5,1.6627,3.07004551187
quality_model_current,B8_new,never_fit_on_target,246,0.7,5,0.6,1.8832,3.03230643731
quality_model_current,B8_new,never_fit_on_target,247,0.7,5,0.7,2.1501,2.99448663469
quality_model_current,B8_new,never_fit_on_target,248,0.7,5,0.8,2.3581,2.95655799079
quality_model_current,B8_new,never_fit_on_target,249,0.7,5,0.9,2.6571,2.91846111087
quality_model_current,B8_new,never_fit_on_target,250,0.7,5,0.95,2.7097,2.89930068811
quality_model_current,B8_new,never_fit_on_target,251,0.7,5,1,2.862,2.87991365084
quality_model_current,B8_new,never_fit_on_target,252,0.7,10,0.05,0.5,3.09981224668
quality_model_current,B8_new,never_fit_on_target,253,0.7,10,0.95,2.657,2.75990425593
quality_model_current,B8_new,never_fit_on_target,254,0.7,20,0.05,0.5,2.9849968987
quality_model_current,B8_new,never_fit_on_target,255,0.7,20,0.1,0.5886,2.96624230104
quality_model_current,B8_new,never_fit_on_target,256,0.7,20,0.2,0.82,2.92870612885
quality_model_current,B8_new,never_fit_on_target,257,0.7,20,0.3,1.0213,2.89113015284
quality_model_current,B8_new,never_fit_on_target,258,0.7,20,0.4,1.2544,2.85350859817
quality_model_current,B8_new,never_fit_on_target,259,0.7,20,0.5,1.5102,2.81583373171
quality_model_current,B8_new,never_fit_on_target,260,0.7,20,0.6,1.733,2.77809465716
quality_model_current,B8_new,never_fit_on_target,261,0.7,20,0.7,1.9575,2.74027485454
quality_model_current,B8_new,never_fit_on_target,262,0.7,20,0.8,2.1359,2.70234621063
quality_model_current,B8_new,never_fit_on_target,263,0.7,20,0.9,2.4142,2.66424933072
quality_model_current,B8_new,never_fit_on_target,264,0.7,20,0.95,2.5456,2.64508890795
quality_model_current,B8_new,never_fit_on_target,265,0.7,20,1,2.5856,2.62570187068
quality_model_current,B8_new,never_fit_on_target,266,0.7,50,0.05,0.5,2.86368505775
quality_model_current,B8_new,never_fit_on_target,267,0.7,50,0.95,2.3802,2.523777067
quality_model_current,B8_new,never_fit_on_target,268,0.7,100,0.05,0.5,2.79050823826
quality_model_current,B8_new,never_fit_on_target,269,0.7,100,0.1,0.5313,2.7717536406
quality_model_current,B8_new,never_fit_on_target,270,0.7,100,0.2,0.7638,2.7342174684
quality_model_current,B8_new,never_fit_on_target,271,0.7,100,0.3,0.9699,2.6966414924
quality_model_current,B8_new,never_fit_on_target,272,0.7,100,0.4,1.1979,2.65901993773
quality_model_current,B8_new,never_fit_on_target,273,0.7,100,0.5,1.3973,2.62134507127
quality_model_current,B8_new,never_fit_on_target,274,0.7,100,0.6,1.5891,2.58360599671
quality_model_current,B8_new,never_fit_on_target,275,0.7,100,0.7,1.8109,2.5457861941
quality_model_current,B8_new,never_fit_on_target,276,0.7,100,0.8,2.017,2.50785755019
quality_model_current,B8_new,never_fit_on_target,277,0.7,100,0.9,2.1928,2.46976067028
quality_model_current,B8_new,never_fit_on_target,278,0.7,100,0.95,2.3158,2.45060024751
quality_model_current,B8_new,never_fit_on_target,279,0.7,100,1,2.4334,2.43121321024
quality_model_current,B8_new,never_fit_on_target,280,0.7,150,0.05,0.5,2.75384035393
quality_model_current,B8_new,never_fit_on_target,281,0.7,150,0.95,2.3482,2.41393236319
quality_model_current,B8_new,never_fit_on_target,282,0.7,300,0.05,0.5,2.70003348438
quality_model_current,B8_new,never_fit_on_target,283,0.7,300,0.95,2.2639,2.36012549364
quality_model_current,B8_new,never_fit_on_target,284,0.7,500,0.05,0.5,2.66655214834
quality_model_current,B8_new,never_fit_on_target,285,0.7,500,0.1,0.5138,2.64779755067
quality_model_current,B8_new,never_fit_on_target,286,0.7,500,0.2,0.701,2.61026137848
quality_model_current,B8_new,never_fit_on_target,287,0.7,500,0.3,0.9241,2.57268540248
quality_model_current,B8_new,never_fit_on_target,288,0.7,500,0.4,1.1327,2.53506384781
quality_model_current,B8_new,never_fit_on_target,289,0.7,500,0.5,1.3085,2.49738898135
quality_model_current,B8_new,never_fit_on_target,290,0.7,500,0.6,1.5486,2.45964990679
quality_model_current,B8_new,never_fit_on_target,291,0.7,500,0.7,1.7063,2.42183010418
quality_model_current,B8_new,never_fit_on_target,292,0.7,500,0.8,1.8982,2.38390146027
quality_model_current,B8_new,never_fit_on_target,293,0.7,500,0.9,2.0978,2.34580458036
quality_model_current,B8_new,never_fit_on_target,294,0.7,500,0.95,2.1997,2.32664415759
quality_model_current,B8_new,never_fit_on_target,295,0.7,500,1,2.2912,2.30725712032
quality_model_current,B8_new,never_fit_on_target,296,0.7,1000,0.05,0.5,2.6281376292
quality_model_current,B8_new,never_fit_on_target,297,0.7,1000,0.1,0.5071,2.60938303154
quality_model_current,B8_new,never_fit_on_target,298,0.7,1000,0.2,0.7115,2.57184685935
quality_model_current,B8_new,never_fit_on_target,299,0.7,1000,0.3,0.9132,2.53427088335
quality_model_current,B8_new,never_fit_on_target,300,0.7,1000,0.4,1.1056,2.49664932867
quality_model_current,B8_new,never_fit_on_target,301,0.7,1000,0.5,1.322,2.45897446221
quality_model_current,B8_new,never_fit_on_target,302,0.7,1000,0.6,1.4614,2.42123538766
quality_model_current,B8_new,never_fit_on_target,303,0.7,1000,0.7,1.7068,2.38341558504
quality_model_current,B8_new,never_fit_on_target,304,0.7,1000,0.8,1.8896,2.34548694114
quality_model_current,B8_new,never_fit_on_target,305,0.7,1000,0.9,2.0683,2.30739006122
quality_model_current,B8_new,never_fit_on_target,306,0.7,1000,0.95,2.1816,2.28822963846
quality_model_current,B8_new,never_fit_on_target,307,0.7,1000,1,2.297,2.26884260118
quality_model_current,B8_new,never_fit_on_target,308,0.7,2000,0.05,0.5,2.5964971036
quality_model_current,B8_new,never_fit_on_target,309,0.7,2000,0.1,0.5001,2.57774250593
quality_model_current,B8_new,never_fit_on_target,310,0.7,2000,0.2,0.6784,2.54020633374
quality_model_current,B8_new,never_fit_on_target,311,0.7,2000,0.3,0.8706,2.50263035774
quality_model_current,B8_new,never_fit_on_target,312,0.7,2000,0.4,1.0904,2.46500880307
quality_model_current,B8_new,never_fit_on_target,313,0.7,2000,0.5,1.2499,2.42733393661
quality_model_current,B8_new,never_fit_on_target,314,0.7,2000,0.6,1.4277,2.38959486205
quality_model_current,B8_new,never_fit_on_target,315,0.7,2000,0.7,1.6336,2.35177505944
quality_model_current,B8_new,never_fit_on_target,316,0.7,2000,0.8,1.8579,2.31384641553
quality_model_current,B8_new,never_fit_on_target,317,0.7,2000,0.9,2.0246,2.27574953562
quality_model_current,B8_new,never_fit_on_target,318,0.7,2000,0.95,2.1556,2.25658911285
quality_model_current,B8_new,never_fit_on_target,319,0.7,2000,1,2.2183,2.23720207558
quality_model_current,B8_new,never_fit_on_target,320,1,5,0.05,0.5,3.17339268388
quality_model_current,B8_new,never_fit_on_target,321,1,5,0.1,0.5747,3.15569149899
quality_model_current,B8_new,never_fit_on_target,322,1,5,0.2,0.8142,3.1202636676
quality_model_current,B8_new,never_fit_on_target,323,1,5,0.3,1.0733,3.0847982681
quality_model_current,B8_new,never_fit_on_target,324,1,5,0.4,1.3204,3.04928985001
quality_model_current,B8_new,never_fit_on_target,325,1,5,0.5,1.5528,3.01373111455
quality_model_current,B8_new,never_fit_on_target,326,1,5,0.6,1.8086,2.97811177746
quality_model_current,B8_new,never_fit_on_target,327,1,5,0.7,2.0374,2.94241624666
quality_model_current,B8_new,never_fit_on_target,328,1,5,0.8,2.3623,2.906617988
quality_model_current,B8_new,never_fit_on_target,329,1,5,0.9,2.5719,2.87066094284
quality_model_current,B8_new,never_fit_on_target,330,1,5,0.95,2.7672,2.85257672734
quality_model_current,B8_new,never_fit_on_target,331,1,5,1,2.8125,2.83427862586
quality_model_current,B8_new,never_fit_on_target,332,1,10,0.05,0.5,3.03399625171
quality_model_current,B8_new,never_fit_on_target,333,1,10,0.95,2.6357,2.71318029516
quality_model_current,B8_new,never_fit_on_target,334,1,20,0.05,0.5,2.91918090373
quality_model_current,B8_new,never_fit_on_target,335,1,20,0.1,0.5188,2.90147971884
quality_model_current,B8_new,never_fit_on_target,336,1,20,0.2,0.7381,2.86605188744
quality_model_current,B8_new,never_fit_on_target,337,1,20,0.3,0.9701,2.83058648795
quality_model_current,B8_new,never_fit_on_target,338,1,20,0.4,1.2279,2.79507806985
quality_model_current,B8_new,never_fit_on_target,339,1,20,0.5,1.4233,2.7595193344
quality_model_current,B8_new,never_fit_on_target,340,1,20,0.6,1.6574,2.72389999731
quality_model_current,B8_new,never_fit_on_target,341,1,20,0.7,1.8968,2.68820446651
quality_model_current,B8_new,never_fit_on_target,342,1,20,0.8,2.0844,2.65240620784
quality_model_current,B8_new,never_fit_on_target,343,1,20,0.9,2.3062,2.61644916269
quality_model_current,B8_new,never_fit_on_target,344,1,20,0.95,2.4517,2.59836494718
quality_model_current,B8_new,never_fit_on_target,345,1,20,1,2.6133,2.58006684571
quality_model_current,B8_new,never_fit_on_target,346,1,50,0.05,0.5,2.79786906278
quality_model_current,B8_new,never_fit_on_target,347,1,50,0.95,2.3371,2.47705310623
quality_model_current,B8_new,never_fit_on_target,348,1,100,0.05,0.5,2.72469224329
quality_model_current,B8_new,never_fit_on_target,349,1,100,0.1,0.5,2.7069910584
quality_model_current,B8_new,never_fit_on_target,350,1,100,0.2,0.7102,2.671563227
quality_model_current,B8_new,never_fit_on_target,351,1,100,0.3,0.9137,2.6360978275
quality_model_current,B8_new,never_fit_on_target,352,1,100,0.4,1.1107,2.60058940941
quality_model_current,B8_new,never_fit_on_target,353,1,100,0.5,1.3086,2.56503067396
quality_model_current,B8_new,never_fit_on_target,354,1,100,0.6,1.5225,2.52941133687
quality_model_current,B8_new,never_fit_on_target,355,1,100,0.7,1.7077,2.49371580607
quality_model_current,B8_new,never_fit_on_target,356,1,100,0.8,1.9487,2.4579175474
quality_model_current,B8_new,never_fit_on_target,357,1,100,0.9,2.2185,2.42196050225
quality_model_current,B8_new,never_fit_on_target,358,1,100,0.95,2.3344,2.40387628674
quality_model_current,B8_new,never_fit_on_target,359,1,100,1,2.4489,2.38557818527
quality_model_current,B8_new,never_fit_on_target,360,1,150,0.05,0.5,2.68802435896
quality_model_current,B8_new,never_fit_on_target,361,1,150,0.95,2.1674,2.36720840242
quality_model_current,B8_new,never_fit_on_target,362,1,300,0.05,0.5,2.63421748941
quality_model_current,B8_new,never_fit_on_target,363,1,300,0.95,2.1877,2.31340153287
quality_model_current,B8_new,never_fit_on_target,364,1,500,0.05,0.5,2.60073615336
quality_model_current,B8_new,never_fit_on_target,365,1,500,0.1,0.5,2.58303496848
quality_model_current,B8_new,never_fit_on_target,366,1,500,0.2,0.6599,2.54760713708
quality_model_current,B8_new,never_fit_on_target,367,1,500,0.3,0.8544,2.51214173758
quality_model_current,B8_new,never_fit_on_target,368,1,500,0.4,1.0836,2.47663331949
quality_model_current,B8_new,never_fit_on_target,369,1,500,0.5,1.2157,2.44107458404
quality_model_current,B8_new,never_fit_on_target,370,1,500,0.6,1.4518,2.40545524695
quality_model_current,B8_new,never_fit_on_target,371,1,500,0.7,1.707,2.36975971615
quality_model_current,B8_new,never_fit_on_target,372,1,500,0.8,1.8739,2.33396145748
quality_model_current,B8_new,never_fit_on_target,373,1,500,0.9,2.0431,2.29800441233
quality_model_current,B8_new,never_fit_on_target,374,1,500,0.95,2.1733,2.27992019682
quality_model_current,B8_new,never_fit_on_target,375,1,500,1,2.2572,2.26162209534
quality_model_current,B8_new,never_fit_on_target,376,1,1000,0.05,0.5,2.56232163423
quality_model_current,B8_new,never_fit_on_target,377,1,1000,0.1,0.5,2.54462044934
quality_model_current,B8_new,never_fit_on_target,378,1,1000,0.2,0.6605,2.50919261795
quality_model_current,B8_new,never_fit_on_target,379,1,1000,0.3,0.8357,2.47372721845
quality_model_current,B8_new,never_fit_on_target,380,1,1000,0.4,1.0525,2.43821880035
quality_model_current,B8_new,never_fit_on_target,381,1,1000,0.5,1.2565,2.4026600649
quality_model_current,B8_new,never_fit_on_target,382,1,1000,0.6,1.407,2.36704072781
quality_model_current,B8_new,never_fit_on_target,383,1,1000,0.7,1.6907,2.33134519701
quality_model_current,B8_new,never_fit_on_target,384,1,1000,0.8,1.8615,2.29554693835
quality_model_current,B8_new,never_fit_on_target,385,1,1000,0.9,1.9758,2.25958989319
quality_model_current,B8_new,never_fit_on_target,386,1,1000,0.95,2.1305,2.24150567769
quality_model_current,B8_new,never_fit_on_target,387,1,1000,1,2.1409,2.22320757621
quality_model_current,B8_new,never_fit_on_target,388,1,2000,0.05,0.5,2.53068110862
quality_model_current,B8_new,never_fit_on_target,389,1,2000,0.1,0.5,2.51297992374
quality_model_current,B8_new,never_fit_on_target,390,1,2000,0.2,0.6467,2.47755209234
quality_model_current,B8_new,never_fit_on_target,391,1,2000,0.3,0.8314,2.44208669284
quality_model_current,B8_new,never_fit_on_target,392,1,2000,0.4,1.0295,2.40657827475
quality_model_current,B8_new,never_fit_on_target,393,1,2000,0.5,1.2251,2.3710195393
quality_model_current,B8_new,never_fit_on_target,394,1,2000,0.6,1.4304,2.3354002022
quality_model_current,B8_new,never_fit_on_target,395,1,2000,0.7,1.5995,2.29970467141
quality_model_current,B8_new,never_fit_on_target,396,1,2000,0.8,1.7725,2.26390641274
quality_model_current,B8_new,never_fit_on_target,397,1,2000,0.9,2.027,2.22794936759
quality_model_current,B8_new,never_fit_on_target,398,1,2000,0.95,2.0759,2.20986515208
quality_model_current,B8_new,never_fit_on_target,399,1,2000,1,2.2081,2.1915670506
quality_model_current,B8_new,never_fit_on_target,400,2.8,5,0.05,0.5,3.01672693162
quality_model_current,B8_new,never_fit_on_target,401,2.8,5,0.1,0.5,3.00174629986
quality_model_current,B8_new,never_fit_on_target,402,2.8,5,0.2,0.6798,2.97176348799
quality_model_current,B8_new,never_fit_on_target,403,2.8,5,0.3,0.9253,2.94174888198
quality_model_current,B8_new,never_fit_on_target,404,2.8,5,0.4,1.2039,2.91169786905
quality_model_current,B8_new,never_fit_on_target,405,2.8,5,0.5,1.4628,2.8816042722
quality_model_current,B8_new,never_fit_on_target,406,2.8,5,0.6,1.7229,2.85145938777
quality_model_current,B8_new,never_fit_on_target,407,2.8,5,0.7,2.0084,2.8212500201
quality_model_current,B8_new,never_fit_on_target,408,2.8,5,0.8,2.2056,2.79095371314
quality_model_current,B8_new,never_fit_on_target,409,2.8,5,0.9,2.4428,2.76052302411
quality_model_current,B8_new,never_fit_on_target,410,2.8,5,0.95,2.6201,2.74521823096
quality_model_current,B8_new,never_fit_on_target,411,2.8,5,1,2.721,2.72973242468
quality_model_current,B8_new,never_fit_on_target,412,2.8,10,0.05,0.5,2.87733049945
quality_model_current,B8_new,never_fit_on_target,413,2.8,10,0.95,2.4203,2.60582179879
quality_model_current,B8_new,never_fit_on_target,414,2.8,20,0.05,0.5,2.76251515147
quality_model_current,B8_new,never_fit_on_target,415,2.8,20,0.1,0.5,2.74753451971
quality_model_current,B8_new,never_fit_on_target,416,2.8,20,0.2,0.623,2.71755170784
quality_model_current,B8_new,never_fit_on_target,417,2.8,20,0.3,0.8308,2.68753710183
quality_model_current,B8_new,never_fit_on_target,418,2.8,20,0.4,1.0678,2.6574860889
quality_model_current,B8_new,never_fit_on_target,419,2.8,20,0.5,1.2966,2.62739249205
quality_model_current,B8_new,never_fit_on_target,420,2.8,20,0.6,1.5279,2.59724760762
quality_model_current,B8_new,never_fit_on_target,421,2.8,20,0.7,1.7488,2.56703823995
quality_model_current,B8_new,never_fit_on_target,422,2.8,20,0.8,2.0341,2.53674193299
quality_model_current,B8_new,never_fit_on_target,423,2.8,20,0.9,2.2362,2.50631124396
quality_model_current,B8_new,never_fit_on_target,424,2.8,20,0.95,2.3457,2.49100645081
quality_model_current,B8_new,never_fit_on_target,425,2.8,20,1,2.5073,2.47552064452
quality_model_current,B8_new,never_fit_on_target,426,2.8,50,0.05,0.5,2.64120331052
quality_model_current,B8_new,never_fit_on_target,427,2.8,50,0.95,2.253,2.36969460986
quality_model_current,B8_new,never_fit_on_target,428,2.8,100,0.05,0.5,2.56802649103
quality_model_current,B8_new,never_fit_on_target,429,2.8,100,0.1,0.5,2.55304585926
quality_model_current,B8_new,never_fit_on_target,430,2.8,100,0.2,0.5671,2.52306304739
quality_model_current,B8_new,never_fit_on_target,431,2.8,100,0.3,0.7708,2.49304844139
quality_model_current,B8_new,never_fit_on_target,432,2.8,100,0.4,0.9718,2.46299742845
quality_model_current,B8_new,never_fit_on_target,433,2.8,100,0.5,1.1999,2.4329038316
quality_model_current,B8_new,never_fit_on_target,434,2.8,100,0.6,1.4075,2.40275894718
quality_model_current,B8_new,never_fit_on_target,435,2.8,100,0.7,1.6363,2.3725495795
quality_model_current,B8_new,never_fit_on_target,436,2.8,100,0.8,1.8765,2.34225327255
quality_model_current,B8_new,never_fit_on_target,437,2.8,100,0.9,2.0444,2.31182258352
quality_model_current,B8_new,never_fit_on_target,438,2.8,100,0.95,2.1982,2.29651779036
quality_model_current,B8_new,never_fit_on_target,439,2.8,100,1,2.2588,2.28103198408
quality_model_current,B8_new,never_fit_on_target,440,2.8,150,0.05,0.5,2.5313586067
quality_model_current,B8_new,never_fit_on_target,441,2.8,150,0.95,2.1192,2.25984990604
quality_model_current,B8_new,never_fit_on_target,442,2.8,300,0.05,0.5,2.47755173715
quality_model_current,B8_new,never_fit_on_target,443,2.8,300,0.95,2.0528,2.20604303649
quality_model_current,B8_new,never_fit_on_target,444,2.8,500,0.05,0.5,2.4440704011
quality_model_current,B8_new,never_fit_on_target,445,2.8,500,0.1,0.5,2.42908976934
quality_model_current,B8_new,never_fit_on_target,446,2.8,500,0.2,0.5387,2.39910695747
quality_model_current,B8_new,never_fit_on_target,447,2.8,500,0.3,0.7277,2.36909235147
quality_model_current,B8_new,never_fit_on_target,448,2.8,500,0.4,0.9045,2.33904133853
quality_model_current,B8_new,never_fit_on_target,449,2.8,500,0.5,1.16,2.30894774168
quality_model_current,B8_new,never_fit_on_target,450,2.8,500,0.6,1.3308,2.27880285725
quality_model_current,B8_new,never_fit_on_target,451,2.8,500,0.7,1.5099,2.24859348958
quality_model_current,B8_new,never_fit_on_target,452,2.8,500,0.8,1.7571,2.21829718262
quality_model_current,B8_new,never_fit_on_target,453,2.8,500,0.9,1.9167,2.1878664936
quality_model_current,B8_new,never_fit_on_target,454,2.8,500,0.95,2.0846,2.17256170044
quality_model_current,B8_new,never_fit_on_target,455,2.8,500,1,2.1517,2.15707589416
quality_model_current,B8_new,never_fit_on_target,456,2.8,1000,0.05,0.5,2.40565588197
quality_model_current,B8_new,never_fit_on_target,457,2.8,1000,0.1,0.5,2.39067525021
quality_model_current,B8_new,never_fit_on_target,458,2.8,1000,0.2,0.519,2.36069243834
quality_model_current,B8_new,never_fit_on_target,459,2.8,1000,0.3,0.7239,2.33067783233
quality_model_current,B8_new,never_fit_on_target,460,2.8,1000,0.4,0.8987,2.3006268194
quality_model_current,B8_new,never_fit_on_target,461,2.8,1000,0.5,1.1398,2.27053322255
quality_model_current,B8_new,never_fit_on_target,462,2.8,1000,0.6,1.3353,2.24038833812
quality_model_current,B8_new,never_fit_on_target,463,2.8,1000,0.7,1.5354,2.21017897045
quality_model_current,B8_new,never_fit_on_target,464,2.8,1000,0.8,1.6984,2.17988266349
quality_model_current,B8_new,never_fit_on_target,465,2.8,1000,0.9,1.9178,2.14945197446
quality_model_current,B8_new,never_fit_on_target,466,2.8,1000,0.95,2.0038,2.13414718131
quality_model_current,B8_new,never_fit_on_target,467,2.8,1000,1,2.1237,2.11866137502
quality_model_current,B8_new,never_fit_on_target,468,2.8,2000,0.05,0.5,2.37401535636
quality_model_current,B8_new,never_fit_on_target,469,2.8,2000,0.1,0.5,2.3590347246
quality_model_current,B8_new,never_fit_on_target,470,2.8,2000,0.2,0.5242,2.32905191273
quality_model_current,B8_new,never_fit_on_target,471,2.8,2000,0.3,0.6887,2.29903730673
quality_model_current,B8_new,never_fit_on_target,472,2.8,2000,0.4,0.9232,2.26898629379
quality_model_current,B8_new,never_fit_on_target,473,2.8,2000,0.5,1.1045,2.23889269694
quality_model_current,B8_new,never_fit_on_target,474,2.8,2000,0.6,1.2855,2.20874781251
quality_model_current,B8_new,never_fit_on_target,475,2.8,2000,0.7,1.4788,2.17853844484
quality_model_current,B8_new,never_fit_on_target,476,2.8,2000,0.8,1.6576,2.14824213788
quality_model_current,B8_new,never_fit_on_target,477,2.8,2000,0.9,1.8775,2.11781144886
quality_model_current,B8_new,never_fit_on_target,478,2.8,2000,0.95,1.8822,2.1025066557
quality_model_current,B8_new,never_fit_on_target,479,2.8,2000,1,2.0839,2.08702084942
quality_model_current,B8_new,never_fit_on_target,480,4,5,0.05,0.5,2.97212223216
quality_model_current,B8_new,never_fit_on_target,481,4,5,0.1,0.5,2.95798303614
quality_model_current,B8_new,never_fit_on_target,482,4,5,0.2,0.6084,2.9296843061
quality_model_current,B8_new,never_fit_on_target,483,4,5,0.3,0.8843,2.90135556774
quality_model_current,B8_new,never_fit_on_target,484,4,5,0.4,1.1447,2.87299246737
quality_model_current,B8_new,never_fit_on_target,485,4,5,0.5,1.3943,2.84458917494
quality_model_current,B8_new,never_fit_on_target,486,4,5,0.6,1.6246,2.81613747567
quality_model_current,B8_new,never_fit_on_target,487,4,5,0.7,1.9244,2.78762491506
quality_model_current,B8_new,never_fit_on_target,488,4,5,0.8,2.1965,2.7590302984
quality_model_current,B8_new,never_fit_on_target,489,4,5,0.9,2.4512,2.73030884767
quality_model_current,B8_new,never_fit_on_target,490,4,5,0.95,2.5824,2.71586369784
quality_model_current,B8_new,never_fit_on_target,491,4,5,1,2.6973,2.70124770206
quality_model_current,B8_new,never_fit_on_target,492,4,10,0.05,0.5,2.83272579999
quality_model_current,B8_new,never_fit_on_target,493,4,10,0.95,2.4433,2.57646726566
quality_model_current,B8_new,never_fit_on_target,494,4,20,0.05,0.5,2.71791045201
quality_model_current,B8_new,never_fit_on_target,495,4,20,0.1,0.5,2.70377125599
quality_model_current,B8_new,never_fit_on_target,496,4,20,0.2,0.5655,2.67547252595
quality_model_current,B8_new,never_fit_on_target,497,4,20,0.3,0.8094,2.64714378759
quality_model_current,B8_new,never_fit_on_target,498,4,20,0.4,1.0284,2.61878068721
quality_model_current,B8_new,never_fit_on_target,499,4,20,0.5,1.2902,2.59037739479
quality_model_current,B8_new,never_fit_on_target,500,4,20,0.6,1.5025,2.56192569552
quality_model_current,B8_new,never_fit_on_target,501,4,20,0.7,1.7203,2.53341313491
quality_model_current,B8_new,never_fit_on_target,502,4,20,0.8,1.9253,2.50481851825
quality_model_current,B8_new,never_fit_on_target,503,4,20,0.9,2.2398,2.47609706752
quality_model_current,B8_new,never_fit_on_target,504,4,20,0.95,2.2806,2.46165191769
quality_model_current,B8_new,never_fit_on_target,505,4,20,1,2.4139,2.44703592191
quality_model_current,B8_new,never_fit_on_target,506,4,50,0.05,0.5,2.59659861106
quality_model_current,B8_new,never_fit_on_target,507,4,50,0.95,2.2424,2.34034007673
quality_model_current,B8_new,never_fit_on_target,508,4,100,0.05,0.5,2.52342179156
quality_model_current,B8_new,never_fit_on_target,509,4,100,0.1,0.5,2.50928259555
quality_model_current,B8_new,never_fit_on_target,510,4,100,0.2,0.5116,2.4809838655
quality_model_current,B8_new,never_fit_on_target,511,4,100,0.3,0.722,2.45265512714
quality_model_current,B8_new,never_fit_on_target,512,4,100,0.4,0.9435,2.42429202677
quality_model_current,B8_new,never_fit_on_target,513,4,100,0.5,1.1487,2.39588873434
quality_model_current,B8_new,never_fit_on_target,514,4,100,0.6,1.3727,2.36743703507
quality_model_current,B8_new,never_fit_on_target,515,4,100,0.7,1.6045,2.33892447447
quality_model_current,B8_new,never_fit_on_target,516,4,100,0.8,1.8522,2.3103298578
quality_model_current,B8_new,never_fit_on_target,517,4,100,0.9,2.1002,2.28160840707
quality_model_current,B8_new,never_fit_on_target,518,4,100,0.95,2.1195,2.26716325724
quality_model_current,B8_new,never_fit_on_target,519,4,100,1,2.2786,2.25254726147
quality_model_current,B8_new,never_fit_on_target,520,4,150,0.05,0.5,2.48675390724
quality_model_current,B8_new,never_fit_on_target,521,4,150,0.95,2.1044,2.23049537292
quality_model_current,B8_new,never_fit_on_target,522,4,300,0.05,0.5,2.43294703769
quality_model_current,B8_new,never_fit_on_target,523,4,300,0.95,2.0785,2.17668850337
quality_model_current,B8_new,never_fit_on_target,524,4,500,0.05,0.5,2.39946570164
quality_model_current,B8_new,never_fit_on_target,525,4,500,0.1,0.5,2.38532650563
quality_model_current,B8_new,never_fit_on_target,526,4,500,0.2,0.5,2.35702777558
quality_model_current,B8_new,never_fit_on_target,527,4,500,0.3,0.6833,2.32869903722
quality_model_current,B8_new,never_fit_on_target,528,4,500,0.4,0.888,2.30033593685
quality_model_current,B8_new,never_fit_on_target,529,4,500,0.5,1.0678,2.27193264442
quality_model_current,B8_new,never_fit_on_target,530,4,500,0.6,1.2876,2.24348094515
quality_model_current,B8_new,never_fit_on_target,531,4,500,0.7,1.5155,2.21496838455
quality_model_current,B8_new,never_fit_on_target,532,4,500,0.8,1.7157,2.18637376788
quality_model_current,B8_new,never_fit_on_target,533,4,500,0.9,1.9644,2.15765231715
quality_model_current,B8_new,never_fit_on_target,534,4,500,0.95,1.9848,2.14320716732
quality_model_current,B8_new,never_fit_on_target,535,4,500,1,2.1365,2.12859117155
quality_model_current,B8_new,never_fit_on_target,536,4,1000,0.05,0.5,2.36105118251
quality_model_current,B8_new,never_fit_on_target,537,4,1000,0.1,0.5,2.34691198649
quality_model_current,B8_new,never_fit_on_target,538,4,1000,0.2,0.5,2.31861325645
quality_model_current,B8_new,never_fit_on_target,539,4,1000,0.3,0.6866,2.29028451809
quality_model_current,B8_new,never_fit_on_target,540,4,1000,0.4,0.8604,2.26192141772
quality_model_current,B8_new,never_fit_on_target,541,4,1000,0.5,1.1039,2.23351812529
quality_model_current,B8_new,never_fit_on_target,542,4,1000,0.6,1.2945,2.20506642602
quality_model_current,B8_new,never_fit_on_target,543,4,1000,0.7,1.4835,2.17655386541
quality_model_current,B8_new,never_fit_on_target,544,4,1000,0.8,1.7176,2.14795924875
quality_model_current,B8_new,never_fit_on_target,545,4,1000,0.9,1.8943,2.11923779802
quality_model_current,B8_new,never_fit_on_target,546,4,1000,0.95,1.9293,2.10479264819
quality_model_current,B8_new,never_fit_on_target,547,4,1000,1,2.1308,2.09017665241
quality_model_current,B8_new,never_fit_on_target,548,4,2000,0.05,0.5,2.3294106569
quality_model_current,B8_new,never_fit_on_target,549,4,2000,0.1,0.5,2.31527146089
quality_model_current,B8_new,never_fit_on_target,550,4,2000,0.2,0.5,2.28697273084
quality_model_current,B8_new,never_fit_on_target,551,4,2000,0.3,0.642,2.25864399248
quality_model_current,B8_new,never_fit_on_target,552,4,2000,0.4,0.8502,2.23028089211
quality_model_current,B8_new,never_fit_on_target,553,4,2000,0.5,1.0844,2.20187759968
quality_model_current,B8_new,never_fit_on_target,554,4,2000,0.6,1.281,2.17342590041
quality_model_current,B8_new,never_fit_on_target,555,4,2000,0.7,1.4643,2.14491333981
quality_model_current,B8_new,never_fit_on_target,556,4,2000,0.8,1.6704,2.11631872314
quality_model_current,B8_new,never_fit_on_target,557,4,2000,0.9,1.8145,2.08759727241
quality_model_current,B8_new,never_fit_on_target,558,4,2000,0.95,1.9664,2.07315212258
quality_model_current,B8_new,never_fit_on_target,559,4,2000,1,2.0978,2.05853612681
quality_model_current,B8_new,never_fit_on_target,560,6.9,5,0.05,0.5,2.91182877757
quality_model_current,B8_new,never_fit_on_target,561,6.9,5,0.1,0.5,2.89888540019
quality_model_current,B8_new,never_fit_on_target,562,6.9,5,0.2,0.5546,2.87298002751
quality_model_current,B8_new,never_fit_on_target,563,6.9,5,0.3,0.7947,2.84704718445
quality_model_current,B8_new,never_fit_on_target,564,6.9,5,0.4,1.0436,2.82108288554
quality_model_current,B8_new,never_fit_on_target,565,6.9,5,0.5,1.3381,2.79508179381
quality_model_current,B8_new,never_fit_on_target,566,6.9,5,0.6,1.6422,2.76903638923
quality_model_current,B8_new,never_fit_on_target,567,6.9,5,0.7,1.8729,2.74293527064
quality_model_current,B8_new,never_fit_on_target,568,6.9,5,0.8,2.1078,2.71675903586
quality_model_current,B8_new,never_fit_on_target,569,6.9,5,0.9,2.465,2.69046669398
quality_model_current,B8_new,never_fit_on_target,570,6.9,5,0.95,2.5263,2.67724323875
quality_model_current,B8_new,never_fit_on_target,571,6.9,5,1,2.633,2.66386338682
quality_model_current,B8_new,never_fit_on_target,572,6.9,10,0.05,0.5,2.7724323454
quality_model_current,B8_new,never_fit_on_target,573,6.9,10,0.95,2.3738,2.53784680657
quality_model_current,B8_new,never_fit_on_target,574,6.9,20,0.05,0.5,2.65761699742
quality_model_current,B8_new,never_fit_on_target,575,6.9,20,0.1,0.5,2.64467362004
quality_model_current,B8_new,never_fit_on_target,576,6.9,20,0.2,0.5,2.61876824736
quality_model_current,B8_new,never_fit_on_target,577,6.9,20,0.3,0.7321,2.5928354043
quality_model_current,B8_new,never_fit_on_target,578,6.9,20,0.4,0.9636,2.56687110539
quality_model_current,B8_new,never_fit_on_target,579,6.9,20,0.5,1.2142,2.54087001366
quality_model_current,B8_new,never_fit_on_target,580,6.9,20,0.6,1.4457,2.51482460907
quality_model_current,B8_new,never_fit_on_target,581,6.9,20,0.7,1.6657,2.48872349049
quality_model_current,B8_new,never_fit_on_target,582,6.9,20,0.8,1.9664,2.46254725571
quality_model_current,B8_new,never_fit_on_target,583,6.9,20,0.9,2.1852,2.43625491383
quality_model_current,B8_new,never_fit_on_target,584,6.9,20,0.95,2.2902,2.4230314586
quality_model_current,B8_new,never_fit_on_target,585,6.9,20,1,2.4144,2.40965160667
quality_model_current,B8_new,never_fit_on_target,586,6.9,50,0.05,0.5,2.53630515647
quality_model_current,B8_new,never_fit_on_target,587,6.9,50,0.95,2.1785,2.30171961764
quality_model_current,B8_new,never_fit_on_target,588,6.9,100,0.05,0.5,2.46312833698
quality_model_current,B8_new,never_fit_on_target,589,6.9,100,0.1,0.5,2.4501849596
quality_model_current,B8_new,never_fit_on_target,590,6.9,100,0.2,0.5,2.42427958691
quality_model_current,B8_new,never_fit_on_target,591,6.9,100,0.3,0.6647,2.39834674386
quality_model_current,B8_new,never_fit_on_target,592,6.9,100,0.4,0.882,2.37238244495
quality_model_current,B8_new,never_fit_on_target,593,6.9,100,0.5,1.1201,2.34638135321
quality_model_current,B8_new,never_fit_on_target,594,6.9,100,0.6,1.3304,2.32033594863
quality_model_current,B8_new,never_fit_on_target,595,6.9,100,0.7,1.5242,2.29423483004
quality_model_current,B8_new,never_fit_on_target,596,6.9,100,0.8,1.818,2.26805859527
quality_model_current,B8_new,never_fit_on_target,597,6.9,100,0.9,1.9399,2.24176625338
quality_model_current,B8_new,never_fit_on_target,598,6.9,100,0.95,2.1119,2.22854279815
quality_model_current,B8_new,never_fit_on_target,599,6.9,100,1,2.2368,2.21516294623
quality_model_current,B8_new,never_fit_on_target,600,6.9,150,0.05,0.5,2.42646045265
quality_model_current,B8_new,never_fit_on_target,601,6.9,150,0.95,2.0784,2.19187491383
quality_model_current,B8_new,never_fit_on_target,602,6.9,300,0.05,0.5,2.3726535831
quality_model_current,B8_new,never_fit_on_target,603,6.9,300,0.95,1.98,2.13806804428
quality_model_current,B8_new,never_fit_on_target,604,6.9,500,0.05,0.5,2.33917224706
quality_model_current,B8_new,never_fit_on_target,605,6.9,500,0.1,0.5,2.32622886968
quality_model_current,B8_new,never_fit_on_target,606,6.9,500,0.2,0.5,2.30032349699
quality_model_current,B8_new,never_fit_on_target,607,6.9,500,0.3,0.6224,2.27439065394
quality_model_current,B8_new,never_fit_on_target,608,6.9,500,0.4,0.8513,2.24842635502
quality_model_current,B8_new,never_fit_on_target,609,6.9,500,0.5,1.0567,2.22242526329
quality_model_current,B8_new,never_fit_on_target,610,6.9,500,0.6,1.2524,2.19637985871
quality_model_current,B8_new,never_fit_on_target,611,6.9,500,0.7,1.4759,2.17027874012
quality_model_current,B8_new,never_fit_on_target,612,6.9,500,0.8,1.6838,2.14410250535
quality_model_current,B8_new,never_fit_on_target,613,6.9,500,0.9,1.9071,2.11781016346
quality_model_current,B8_new,never_fit_on_target,614,6.9,500,0.95,1.9975,2.10458670823
quality_model_current,B8_new,never_fit_on_target,615,6.9,500,1,2.1285,2.0912068563
quality_model_current,B8_new,never_fit_on_target,616,6.9,1000,0.05,0.5,2.30075772792
quality_model_current,B8_new,never_fit_on_target,617,6.9,1000,0.1,0.5,2.28781435054
quality_model_current,B8_new,never_fit_on_target,618,6.9,1000,0.2,0.5,2.26190897786
quality_model_current,B8_new,never_fit_on_target,619,6.9,1000,0.3,0.6085,2.2359761348
quality_model_current,B8_new,never_fit_on_target,620,6.9,1000,0.4,0.8559,2.21001183589
quality_model_current,B8_new,never_fit_on_target,621,6.9,1000,0.5,1.0114,2.18401074416
quality_model_current,B8_new,never_fit_on_target,622,6.9,1000,0.6,1.2482,2.15796533958
quality_model_current,B8_new,never_fit_on_target,623,6.9,1000,0.7,1.4349,2.13186422099
quality_model_current,B8_new,never_fit_on_target,624,6.9,1000,0.8,1.6614,2.10568798621
quality_model_current,B8_new,never_fit_on_target,625,6.9,1000,0.9,1.837,2.07939564433
quality_model_current,B8_new,never_fit_on_target,626,6.9,1000,0.95,1.9432,2.0661721891
quality_model_current,B8_new,never_fit_on_target,627,6.9,1000,1,2.0548,2.05279233717
quality_model_current,B8_new,never_fit_on_target,628,6.9,2000,0.05,0.5,2.26911720232
quality_model_current,B8_new,never_fit_on_target,629,6.9,2000,0.1,0.5,2.25617382494
quality_model_current,B8_new,never_fit_on_target,630,6.9,2000,0.2,0.5,2.23026845225
quality_model_current,B8_new,never_fit_on_target,631,6.9,2000,0.3,0.6165,2.2043356092
quality_model_current,B8_new,never_fit_on_target,632,6.9,2000,0.4,0.8294,2.17837131028
quality_model_current,B8_new,never_fit_on_target,633,6.9,2000,0.5,1.005,2.15237021855
quality_model_current,B8_new,never_fit_on_target,634,6.9,2000,0.6,1.2332,2.12632481397
quality_model_current,B8_new,never_fit_on_target,635,6.9,2000,0.7,1.4283,2.10022369538
quality_model_current,B8_new,never_fit_on_target,636,6.9,2000,0.8,1.651,2.07404746061
quality_model_current,B8_new,never_fit_on_target,637,6.9,2000,0.9,1.8064,2.04775511872
quality_model_current,B8_new,never_fit_on_target,638,6.9,2000,0.95,1.9399,2.03453166349
quality_model_current,B8_new,never_fit_on_target,639,6.9,2000,1,1.9935,2.02115181156
quality_model_current,B8_new,never_fit_on_target,640,12,5,0.05,0.5,2.85907588717
quality_model_current,B8_new,never_fit_on_target,641,12,5,0.1,0.5,2.84724284864
quality_model_current,B8_new,never_fit_on_target,642,12,5,0.2,0.5,2.82355975078
quality_model_current,B8_new,never_fit_on_target,643,12,5,0.3,0.7234,2.79985153907
quality_model_current,B8_new,never_fit_on_target,644,12,5,0.4,1.0113,2.77611456993
quality_model_current,B8_new,never_fit_on_target,645,12,5,0.5,1.2841,2.75234396421
quality_model_current,B8_new,never_fit_on_target,646,12,5,0.6,1.5682,2.72853284699
quality_model_current,B8_new,never_fit_on_target,647,12,5,0.7,1.7793,2.70467079516
quality_model_current,B8_new,never_fit_on_target,648,12,5,0.8,2.0752,2.68074007093
quality_model_current,B8_new,never_fit_on_target,649,12,5,0.9,2.3423,2.65670319975
quality_model_current,B8_new,never_fit_on_target,650,12,5,0.95,2.4625,2.64461410966
quality_model_current,B8_new,never_fit_on_target,651,12,5,1,2.701,2.63238203925
quality_model_current,B8_new,never_fit_on_target,652,12,10,0.05,0.5,2.719679455
quality_model_current,B8_new,never_fit_on_target,653,12,10,0.1,0.5,2.70784641647
quality_model_current,B8_new,never_fit_on_target,654,12,10,0.2,0.5,2.6841633186
quality_model_current,B8_new,never_fit_on_target,655,12,10,0.3,0.6963,2.6604551069
quality_model_current,B8_new,never_fit_on_target,656,12,10,0.4,0.9487,2.63671813775
quality_model_current,B8_new,never_fit_on_target,657,12,10,0.5,1.1986,2.61294753204
quality_model_current,B8_new,never_fit_on_target,658,12,10,0.6,1.4595,2.58913641482
quality_model_current,B8_new,never_fit_on_target,659,12,10,0.7,1.7275,2.56527436298
quality_model_current,B8_new,never_fit_on_target,660,12,10,0.8,1.9842,2.54134363875
quality_model_current,B8_new,never_fit_on_target,661,12,10,0.9,2.1983,2.51730676758
quality_model_current,B8_new,never_fit_on_target,662,12,10,0.95,2.3535,2.50521767748
quality_model_current,B8_new,never_fit_on_target,663,12,10,1,2.4582,2.49298560708
quality_model_current,B8_new,never_fit_on_target,664,12,20,0.05,0.5,2.60486410702
quality_model_current,B8_new,never_fit_on_target,665,12,20,0.1,0.5,2.59303106849
quality_model_current,B8_new,never_fit_on_target,666,12,20,0.2,0.5,2.56934797062
quality_model_current,B8_new,never_fit_on_target,667,12,20,0.3,0.6648,2.54563975892
quality_model_current,B8_new,never_fit_on_target,668,12,20,0.4,0.9074,2.52190278977
quality_model_current,B8_new,never_fit_on_target,669,12,20,0.5,1.1529,2.49813218406
quality_model_current,B8_new,never_fit_on_target,670,12,20,0.6,1.4022,2.47432106684
quality_model_current,B8_new,never_fit_on_target,671,12,20,0.7,1.6378,2.45045901501
quality_model_current,B8_new,never_fit_on_target,672,12,20,0.8,1.9488,2.42652829077
quality_model_current,B8_new,never_fit_on_target,673,12,20,0.9,2.1859,2.4024914196
quality_model_current,B8_new,never_fit_on_target,674,12,20,0.95,2.2362,2.39040232951
quality_model_current,B8_new,never_fit_on_target,675,12,20,1,2.3472,2.3781702591
quality_model_current,B8_new,never_fit_on_target,676,12,50,0.05,0.5,2.48355226607
quality_model_current,B8_new,never_fit_on_target,677,12,50,0.1,0.5,2.47171922754
quality_model_current,B8_new,never_fit_on_target,678,12,50,0.2,0.5,2.44803612967
quality_model_current,B8_new,never_fit_on_target,679,12,50,0.3,0.6406,2.42432791797
quality_model_current,B8_new,never_fit_on_target,680,12,50,0.4,0.8712,2.40059094882
quality_model_current,B8_new,never_fit_on_target,681,12,50,0.5,1.1272,2.37682034311
quality_model_current,B8_new,never_fit_on_target,682,12,50,0.6,1.3567,2.35300922589
quality_model_current,B8_new,never_fit_on_target,683,12,50,0.7,1.542,2.32914717405
quality_model_current,B8_new,never_fit_on_target,684,12,50,0.8,1.7878,2.30521644982
quality_model_current,B8_new,never_fit_on_target,685,12,50,0.9,2.0117,2.28117957865
quality_model_current,B8_new,never_fit_on_target,686,12,50,0.95,2.1497,2.26909048855
quality_model_current,B8_new,never_fit_on_target,687,12,50,1,2.2387,2.25685841815
quality_model_current,B8_new,never_fit_on_target,688,12,100,0.05,0.5,2.41037544657
quality_model_current,B8_new,never_fit_on_target,689,12,100,0.1,0.5,2.39854240804
quality_model_current,B8_new,never_fit_on_target,690,12,100,0.2,0.5,2.37485931018
quality_model_current,B8_new,never_fit_on_target,691,12,100,0.3,0.6166,2.35115109847
quality_model_current,B8_new,never_fit_on_target,692,12,100,0.4,0.8496,2.32741412933
quality_model_current,B8_new,never_fit_on_target,693,12,100,0.5,1.0745,2.30364352361
quality_model_current,B8_new,never_fit_on_target,694,12,100,0.6,1.3174,2.2798324064
quality_model_current,B8_new,never_fit_on_target,695,12,100,0.7,1.5083,2.25597035456
quality_model_current,B8_new,never_fit_on_target,696,12,100,0.8,1.762,2.23203963033
quality_model_current,B8_new,never_fit_on_target,697,12,100,0.9,1.9734,2.20800275916
quality_model_current,B8_new,never_fit_on_target,698,12,100,0.95,2.0303,2.19591366906
quality_model_current,B8_new,never_fit_on_target,699,12,100,1,2.2111,2.18368159866
quality_model_current,B8_new,never_fit_on_target,700,12,150,0.05,0.5,2.37370756225
quality_model_current,B8_new,never_fit_on_target,701,12,150,0.1,0.5,2.36187452372
quality_model_current,B8_new,never_fit_on_target,702,12,150,0.2,0.5,2.33819142586
quality_model_current,B8_new,never_fit_on_target,703,12,150,0.3,0.5971,2.31448321415
quality_model_current,B8_new,never_fit_on_target,704,12,150,0.4,0.8028,2.29074624501
quality_model_current,B8_new,never_fit_on_target,705,12,150,0.5,1.04,2.26697563929
quality_model_current,B8_new,never_fit_on_target,706,12,150,0.6,1.2578,2.24316452207
quality_model_current,B8_new,never_fit_on_target,707,12,150,0.7,1.4982,2.21930247024
quality_model_current,B8_new,never_fit_on_target,708,12,150,0.8,1.6931,2.19537174601
quality_model_current,B8_new,never_fit_on_target,709,12,150,0.9,2.013,2.17133487483
quality_model_current,B8_new,never_fit_on_target,710,12,150,0.95,2.0249,2.15924578474
quality_model_current,B8_new,never_fit_on_target,711,12,150,1,2.0668,2.14701371433
quality_model_current,B8_new,never_fit_on_target,712,12,300,0.05,0.5,2.3199006927
quality_model_current,B8_new,never_fit_on_target,713,12,300,0.1,0.5,2.30806765417
quality_model_current,B8_new,never_fit_on_target,714,12,300,0.2,0.5,2.2843845563
quality_model_current,B8_new,never_fit_on_target,715,12,300,0.3,0.5782,2.2606763446
quality_model_current,B8_new,never_fit_on_target,716,12,300,0.4,0.7936,2.23693937546
quality_model_current,B8_new,never_fit_on_target,717,12,300,0.5,0.9871,2.21316876974
quality_model_current,B8_new,never_fit_on_target,718,12,300,0.6,1.2252,2.18935765252
quality_model_current,B8_new,never_fit_on_target,719,12,300,0.7,1.4255,2.16549560069
quality_model_current,B8_new,never_fit_on_target,720,12,300,0.8,1.6725,2.14156487645
quality_model_current,B8_new,never_fit_on_target,721,12,300,0.9,1.8741,2.11752800528
quality_model_current,B8_new,never_fit_on_target,722,12,300,0.95,1.9887,2.10543891519
quality_model_current,B8_new,never_fit_on_target,723,12,300,1,2.0381,2.09320684478
quality_model_current,B8_new,never_fit_on_target,724,12,500,0.05,0.5,2.28641935665
quality_model_current,B8_new,never_fit_on_target,725,12,500,0.1,0.5,2.27458631812
quality_model_current,B8_new,never_fit_on_target,726,12,500,0.2,0.5,2.25090322026
quality_model_current,B8_new,never_fit_on_target,727,12,500,0.3,0.558,2.22719500855
quality_model_current,B8_new,never_fit_on_target,728,12,500,0.4,0.7966,2.20345803941
quality_model_current,B8_new,never_fit_on_target,729,12,500,0.5,0.9859,2.17968743369
quality_model_current,B8_new,never_fit_on_target,730,12,500,0.6,1.2293,2.15587631647
quality_model_current,B8_new,never_fit_on_target,731,12,500,0.7,1.4001,2.13201426464
quality_model_current,B8_new,never_fit_on_target,732,12,500,0.8,1.6431,2.10808354041
quality_model_current,B8_new,never_fit_on_target,733,12,500,0.9,1.8108,2.08404666924
quality_model_current,B8_new,never_fit_on_target,734,12,500,0.95,1.9414,2.07195757914
quality_model_current,B8_new,never_fit_on_target,735,12,500,1,2.0759,2.05972550874
quality_model_current,B8_new,never_fit_on_target,736,12,1000,0.05,0.5,2.24800483752
quality_model_current,B8_new,never_fit_on_target,737,12,1000,0.1,0.5,2.23617179899
quality_model_current,B8_new,never_fit_on_target,738,12,1000,0.2,0.5,2.21248870112
quality_model_current,B8_new,never_fit_on_target,739,12,1000,0.3,0.544,2.18878048942
quality_model_current,B8_new,never_fit_on_target,740,12,1000,0.4,0.7804,2.16504352028
quality_model_current,B8_new,never_fit_on_target,741,12,1000,0.5,0.9814,2.14127291456
quality_model_current,B8_new,never_fit_on_target,742,12,1000,0.6,1.193,2.11746179734
quality_model_current,B8_new,never_fit_on_target,743,12,1000,0.7,1.4183,2.09359974551
quality_model_current,B8_new,never_fit_on_target,744,12,1000,0.8,1.5722,2.06966902128
quality_model_current,B8_new,never_fit_on_target,745,12,1000,0.9,1.826,2.0456321501
quality_model_current,B8_new,never_fit_on_target,746,12,1000,0.95,1.9075,2.03354306001
quality_model_current,B8_new,never_fit_on_target,747,12,1000,1,2.0468,2.0213109896
quality_model_current,B8_new,never_fit_on_target,748,12,2000,0.05,0.5,2.21636431191
quality_model_current,B8_new,never_fit_on_target,749,12,2000,0.1,0.5,2.20453127338
quality_model_current,B8_new,never_fit_on_target,750,12,2000,0.2,0.5,2.18084817552
quality_model_current,B8_new,never_fit_on_target,751,12,2000,0.3,0.5484,2.15713996381
quality_model_current,B8_new,never_fit_on_target,752,12,2000,0.4,0.7469,2.13340299467
quality_model_current,B8_new,never_fit_on_target,753,12,2000,0.5,0.9661,2.10963238895
quality_model_current,B8_new,never_fit_on_target,754,12,2000,0.6,1.1885,2.08582127173
quality_model_current,B8_new,never_fit_on_target,755,12,2000,0.7,1.3664,2.0619592199
quality_model_current,B8_new,never_fit_on_target,756,12,2000,0.8,1.6065,2.03802849567
quality_model_current,B8_new,never_fit_on_target,757,12,2000,0.9,1.7583,2.0139916245
quality_model_current,B8_new,never_fit_on_target,758,12,2000,0.95,1.9375,2.0019025344
quality_model_current,B8_new,never_fit_on_target,759,12,2000,1,1.9695,1.989670464
quality_model_current,B8_new,never_fit_on_target,760,20,5,0.05,0.5,2.81681768685
quality_model_current,B8_new,never_fit_on_target,761,20,5,0.1,0.5,2.80592485992
quality_model_current,B8_new,never_fit_on_target,762,20,5,0.2,0.5,2.78412353768
quality_model_current,B8_new,never_fit_on_target,763,20,5,0.3,0.6738,2.76229909706
quality_model_current,B8_new,never_fit_on_target,764,20,5,0.4,0.9583,2.74044818397
quality_model_current,B8_new,never_fit_on_target,765,20,5,0.5,1.2067,2.71856630694
quality_model_current,B8_new,never_fit_on_target,766,20,5,0.6,1.5155,2.69664713731
quality_model_current,B8_new,never_fit_on_target,767,20,5,0.7,1.7701,2.67468108016
quality_model_current,B8_new,never_fit_on_target,768,20,5,0.8,2.0429,2.65265180707
quality_model_current,B8_new,never_fit_on_target,769,20,5,0.9,2.3981,2.6305248211
quality_model_current,B8_new,never_fit_on_target,770,20,5,0.95,2.5077,2.61939628757
quality_model_current,B8_new,never_fit_on_target,771,20,5,1,2.5772,2.60813613444
quality_model_current,B8_new,never_fit_on_target,772,20,10,0.05,0.5,2.67742125467
quality_model_current,B8_new,never_fit_on_target,773,20,10,0.1,0.5,2.66652842775
quality_model_current,B8_new,never_fit_on_target,774,20,10,0.2,0.5,2.64472710551
quality_model_current,B8_new,never_fit_on_target,775,20,10,0.3,0.641,2.62290266489
quality_model_current,B8_new,never_fit_on_target,776,20,10,0.4,0.8905,2.60105175179
quality_model_current,B8_new,never_fit_on_target,777,20,10,0.5,1.1635,2.57916987476
quality_model_current,B8_new,never_fit_on_target,778,20,10,0.6,1.446,2.55725070514
quality_model_current,B8_new,never_fit_on_target,779,20,10,0.7,1.7094,2.53528464798
quality_model_current,B8_new,never_fit_on_target,780,20,10,0.8,2.0156,2.51325537489
quality_model_current,B8_new,never_fit_on_target,781,20,10,0.9,2.2015,2.49112838893
quality_model_current,B8_new,never_fit_on_target,782,20,10,0.95,2.3473,2.4799998554
quality_model_current,B8_new,never_fit_on_target,783,20,10,1,2.4446,2.46873970226
quality_model_current,B8_new,never_fit_on_target,784,20,20,0.05,0.5,2.5626059067
quality_model_current,B8_new,never_fit_on_target,785,20,20,0.1,0.5,2.55171307977
quality_model_current,B8_new,never_fit_on_target,786,20,20,0.2,0.5,2.52991175753
quality_model_current,B8_new,never_fit_on_target,787,20,20,0.3,0.5948,2.50808731691
quality_model_current,B8_new,never_fit_on_target,788,20,20,0.4,0.8354,2.48623640381
quality_model_current,B8_new,never_fit_on_target,789,20,20,0.5,1.0991,2.46435452679
quality_model_current,B8_new,never_fit_on_target,790,20,20,0.6,1.3714,2.44243535716
quality_model_current,B8_new,never_fit_on_target,791,20,20,0.7,1.6057,2.4204693
quality_model_current,B8_new,never_fit_on_target,792,20,20,0.8,1.8837,2.39844002692
quality_model_current,B8_new,never_fit_on_target,793,20,20,0.9,2.0254,2.37631304095
quality_model_current,B8_new,never_fit_on_target,794,20,20,0.95,2.2272,2.36518450742
quality_model_current,B8_new,never_fit_on_target,795,20,20,1,2.3884,2.35392435429
quality_model_current,B8_new,never_fit_on_target,796,20,50,0.05,0.5,2.44129406574
quality_model_current,B8_new,never_fit_on_target,797,20,50,0.1,0.5,2.43040123882
quality_model_current,B8_new,never_fit_on_target,798,20,50,0.2,0.5,2.40859991658
quality_model_current,B8_new,never_fit_on_target,799,20,50,0.3,0.5672,2.38677547596
quality_model_current,B8_new,never_fit_on_target,800,20,50,0.4,0.8172,2.36492456286
quality_model_current,B8_new,never_fit_on_target,801,20,50,0.5,1.0322,2.34304268583
quality_model_current,B8_new,never_fit_on_target,802,20,50,0.6,1.2838,2.32112351621
quality_model_current,B8_new,never_fit_on_target,803,20,50,0.7,1.5601,2.29915745905
quality_model_current,B8_new,never_fit_on_target,804,20,50,0.8,1.8085,2.27712818596
quality_model_current,B8_new,never_fit_on_target,805,20,50,0.9,2.0156,2.2550012
quality_model_current,B8_new,never_fit_on_target,806,20,50,0.95,2.0825,2.24387266647
quality_model_current,B8_new,never_fit_on_target,807,20,50,1,2.2835,2.23261251333
quality_model_current,B8_new,never_fit_on_target,808,20,100,0.05,0.5,2.36811724625
quality_model_current,B8_new,never_fit_on_target,809,20,100,0.1,0.5,2.35722441933
quality_model_current,B8_new,never_fit_on_target,810,20,100,0.2,0.5,2.33542309709
quality_model_current,B8_new,never_fit_on_target,811,20,100,0.3,0.5564,2.31359865647
quality_model_current,B8_new,never_fit_on_target,812,20,100,0.4,0.793,2.29174774337
quality_model_current,B8_new,never_fit_on_target,813,20,100,0.5,0.9903,2.26986586634
quality_model_current,B8_new,never_fit_on_target,814,20,100,0.6,1.2411,2.24794669672
quality_model_current,B8_new,never_fit_on_target,815,20,100,0.7,1.4352,2.22598063956
quality_model_current,B8_new,never_fit_on_target,816,20,100,0.8,1.7346,2.20395136647
quality_model_current,B8_new,never_fit_on_target,817,20,100,0.9,1.9249,2.18182438051
quality_model_current,B8_new,never_fit_on_target,818,20,100,0.95,2.0146,2.17069584697
quality_model_current,B8_new,never_fit_on_target,819,20,100,1,2.1626,2.15943569384
quality_model_current,B8_new,never_fit_on_target,820,20,150,0.05,0.5,2.33144936193
quality_model_current,B8_new,never_fit_on_target,821,20,150,0.1,0.5,2.320556535
quality_model_current,B8_new,never_fit_on_target,822,20,150,0.2,0.5,2.29875521276
quality_model_current,B8_new,never_fit_on_target,823,20,150,0.3,0.5609,2.27693077214
quality_model_current,B8_new,never_fit_on_target,824,20,150,0.4,0.7726,2.25507985905
quality_model_current,B8_new,never_fit_on_target,825,20,150,0.5,1.0014,2.23319798202
quality_model_current,B8_new,never_fit_on_target,826,20,150,0.6,1.2131,2.21127881239
quality_model_current,B8_new,never_fit_on_target,827,20,150,0.7,1.4349,2.18931275524
quality_model_current,B8_new,never_fit_on_target,828,20,150,0.8,1.6867,2.16728348215
quality_model_current,B8_new,never_fit_on_target,829,20,150,0.9,1.9415,2.14515649618
quality_model_current,B8_new,never_fit_on_target,830,20,150,0.95,1.9787,2.13402796265
quality_model_current,B8_new,never_fit_on_target,831,20,150,1,2.202,2.12276780952
quality_model_current,B8_new,never_fit_on_target,832,20,300,0.05,0.5,2.27764249238
quality_model_current,B8_new,never_fit_on_target,833,20,300,0.1,0.5,2.26674966545
quality_model_current,B8_new,never_fit_on_target,834,20,300,0.2,0.5,2.24494834321
quality_model_current,B8_new,never_fit_on_target,835,20,300,0.3,0.5245,2.22312390259
quality_model_current,B8_new,never_fit_on_target,836,20,300,0.4,0.7862,2.20127298949
quality_model_current,B8_new,never_fit_on_target,837,20,300,0.5,0.9918,2.17939111247
quality_model_current,B8_new,never_fit_on_target,838,20,300,0.6,1.1855,2.15747194284
quality_model_current,B8_new,never_fit_on_target,839,20,300,0.7,1.4233,2.13550588568
quality_model_current,B8_new,never_fit_on_target,840,20,300,0.8,1.616,2.1134766126
quality_model_current,B8_new,never_fit_on_target,841,20,300,0.9,1.8103,2.09134962663
quality_model_current,B8_new,never_fit_on_target,842,20,300,0.95,1.931,2.0802210931
quality_model_current,B8_new,never_fit_on_target,843,20,300,1,2.0706,2.06896093997
quality_model_current,B8_new,never_fit_on_target,844,20,500,0.05,0.5,2.24416115633
quality_model_current,B8_new,never_fit_on_target,845,20,500,0.1,0.5,2.23326832941
quality_model_current,B8_new,never_fit_on_target,846,20,500,0.2,0.5,2.21146700717
quality_model_current,B8_new,never_fit_on_target,847,20,500,0.3,0.5267,2.18964256654
quality_model_current,B8_new,never_fit_on_target,848,20,500,0.4,0.7311,2.16779165345
quality_model_current,B8_new,never_fit_on_target,849,20,500,0.5,0.9588,2.14590977642
quality_model_current,B8_new,never_fit_on_target,850,20,500,0.6,1.1533,2.1239906068
quality_model_current,B8_new,never_fit_on_target,851,20,500,0.7,1.3975,2.10202454964
quality_model_current,B8_new,never_fit_on_target,852,20,500,0.8,1.5833,2.07999527655
quality_model_current,B8_new,never_fit_on_target,853,20,500,0.9,1.8347,2.05786829059
quality_model_current,B8_new,never_fit_on_target,854,20,500,0.95,1.9382,2.04673975705
quality_model_current,B8_new,never_fit_on_target,855,20,500,1,2.0683,2.03547960392
quality_model_current,B8_new,never_fit_on_target,856,20,1000,0.05,0.5,2.2057466372
quality_model_current,B8_new,never_fit_on_target,857,20,1000,0.1,0.5,2.19485381027
quality_model_current,B8_new,never_fit_on_target,858,20,1000,0.2,0.5,2.17305248803
quality_model_current,B8_new,never_fit_on_target,859,20,1000,0.3,0.5122,2.15122804741
quality_model_current,B8_new,never_fit_on_target,860,20,1000,0.4,0.7145,2.12937713431
quality_model_current,B8_new,never_fit_on_target,861,20,1000,0.5,0.9421,2.10749525729
quality_model_current,B8_new,never_fit_on_target,862,20,1000,0.6,1.156,2.08557608766
quality_model_current,B8_new,never_fit_on_target,863,20,1000,0.7,1.3503,2.06361003051
quality_model_current,B8_new,never_fit_on_target,864,20,1000,0.8,1.5928,2.04158075742
quality_model_current,B8_new,never_fit_on_target,865,20,1000,0.9,1.8254,2.01945377145
quality_model_current,B8_new,never_fit_on_target,866,20,1000,0.95,1.8833,2.00832523792
quality_model_current,B8_new,never_fit_on_target,867,20,1000,1,1.9818,1.99706508479
quality_model_current,B8_new,never_fit_on_target,868,20,2000,0.05,0.5,2.17410611159
quality_model_current,B8_new,never_fit_on_target,869,20,2000,0.1,0.5,2.16321328467
quality_model_current,B8_new,never_fit_on_target,870,20,2000,0.2,0.5,2.14141196243
quality_model_current,B8_new,never_fit_on_target,871,20,2000,0.3,0.5,2.1195875218
quality_model_current,B8_new,never_fit_on_target,872,20,2000,0.4,0.7172,2.09773660871
quality_model_current,B8_new,never_fit_on_target,873,20,2000,0.5,0.9179,2.07585473168
quality_model_current,B8_new,never_fit_on_target,874,20,2000,0.6,1.1399,2.05393556206
quality_model_current,B8_new,never_fit_on_target,875,20,2000,0.7,1.352,2.0319695049
quality_model_current,B8_new,never_fit_on_target,876,20,2000,0.8,1.5389,2.00994023181
quality_model_current,B8_new,never_fit_on_target,877,20,2000,0.9,1.7931,1.98781324584
quality_model_current,B8_new,never_fit_on_target,878,20,2000,0.95,1.8594,1.97668471231
quality_model_current,B8_new,never_fit_on_target,879,20,2000,1,1.9584,1.96542455918
quality_model_current,B8_new,never_fit_on_target,880,40,5,0.05,0.5,2.76780415857
quality_model_current,B8_new,never_fit_on_target,881,40,5,0.1,0.5,2.75806880359
quality_model_current,B8_new,never_fit_on_target,882,40,5,0.2,0.5,2.73858409017
quality_model_current,B8_new,never_fit_on_target,883,40,5,0.3,0.5852,2.71907871492
quality_model_current,B8_new,never_fit_on_target,884,40,5,0.4,0.867,2.69954968017
quality_model_current,B8_new,never_fit_on_target,885,40,5,0.5,1.1797,2.67999297171
quality_model_current,B8_new,never_fit_on_target,886,40,5,0.6,1.4673,2.66040293336
quality_model_current,B8_new,never_fit_on_target,887,40,5,0.7,1.664,2.64077098976
quality_model_current,B8_new,never_fit_on_target,888,40,5,0.8,2.0255,2.62108254755
quality_model_current,B8_new,never_fit_on_target,889,40,5,0.9,2.2617,2.60130677543
quality_model_current,B8_new,never_fit_on_target,890,40,5,0.95,2.4282,2.59136076003
quality_model_current,B8_new,never_fit_on_target,891,40,5,1,2.5961,2.58129711094
quality_model_current,B8_new,never_fit_on_target,892,40,10,0.05,0.5,2.6284077264
quality_model_current,B8_new,never_fit_on_target,893,40,10,0.1,0.5,2.61867237142
quality_model_current,B8_new,never_fit_on_target,894,40,10,0.2,0.5,2.59918765799
quality_model_current,B8_new,never_fit_on_target,895,40,10,0.3,0.5768,2.57968228275
quality_model_current,B8_new,never_fit_on_target,896,40,10,0.4,0.8237,2.56015324799
quality_model_current,B8_new,never_fit_on_target,897,40,10,0.5,1.0791,2.54059653953
quality_model_current,B8_new,never_fit_on_target,898,40,10,0.6,1.3525,2.52100650119
quality_model_current,B8_new,never_fit_on_target,899,40,10,0.7,1.6241,2.50137455758
quality_model_current,B8_new,never_fit_on_target,900,40,10,0.8,1.9251,2.48168611537
quality_model_current,B8_new,never_fit_on_target,901,40,10,0.9,2.2087,2.46191034326
quality_model_current,B8_new,never_fit_on_target,902,40,10,0.95,2.253,2.45196432786
quality_model_current,B8_new,never_fit_on_target,903,40,10,1,2.4636,2.44190067876
quality_model_current,B8_new,never_fit_on_target,904,40,20,0.05,0.5,2.51359237842
quality_model_current,B8_new,never_fit_on_target,905,40,20,0.1,0.5,2.50385702344
quality_model_current,B8_new,never_fit_on_target,906,40,20,0.2,0.5,2.48437231002
quality_model_current,B8_new,never_fit_on_target,907,40,20,0.3,0.5362,2.46486693477
quality_model_current,B8_new,never_fit_on_target,908,40,20,0.4,0.7886,2.44533790001
quality_model_current,B8_new,never_fit_on_target,909,40,20,0.5,1.0198,2.42578119156
quality_model_current,B8_new,never_fit_on_target,910,40,20,0.6,1.3092,2.40619115321
quality_model_current,B8_new,never_fit_on_target,911,40,20,0.7,1.562,2.38655920961
quality_model_current,B8_new,never_fit_on_target,912,40,20,0.8,1.7885,2.3668707674
quality_model_current,B8_new,never_fit_on_target,913,40,20,0.9,2.0261,2.34709499528
quality_model_current,B8_new,never_fit_on_target,914,40,20,0.95,2.1982,2.33714897988
quality_model_current,B8_new,never_fit_on_target,915,40,20,1,2.3679,2.32708533078
quality_model_current,B8_new,never_fit_on_target,916,40,50,0.05,0.5,2.39228053747
quality_model_current,B8_new,never_fit_on_target,917,40,50,0.1,0.5,2.38254518249
quality_model_current,B8_new,never_fit_on_target,918,40,50,0.2,0.5,2.36306046906
quality_model_current,B8_new,never_fit_on_target,919,40,50,0.3,0.5011,2.34355509382
quality_model_current,B8_new,never_fit_on_target,920,40,50,0.4,0.7348,2.32402605906
quality_model_current,B8_new,never_fit_on_target,921,40,50,0.5,1.0179,2.3044693506
quality_model_current,B8_new,never_fit_on_target,922,40,50,0.6,1.2307,2.28487931226
quality_model_current,B8_new,never_fit_on_target,923,40,50,0.7,1.4863,2.26524736865
quality_model_current,B8_new,never_fit_on_target,924,40,50,0.8,1.6999,2.24555892644
quality_model_current,B8_new,never_fit_on_target,925,40,50,0.9,1.9707,2.22578315433
quality_model_current,B8_new,never_fit_on_target,926,40,50,0.95,2.0827,2.21583713893
quality_model_current,B8_new,never_fit_on_target,927,40,50,1,2.262,2.20577348983
quality_model_current,B8_new,never_fit_on_target,928,40,100,0.05,0.5,2.31910371797
quality_model_current,B8_new,never_fit_on_target,929,40,100,0.1,0.5,2.309368363
quality_model_current,B8_new,never_fit_on_target,930,40,100,0.2,0.5,2.28988364957
quality_model_current,B8_new,never_fit_on_target,931,40,100,0.3,0.5,2.27037827433
quality_model_current,B8_new,never_fit_on_target,932,40,100,0.4,0.7481,2.25084923957
quality_model_current,B8_new,never_fit_on_target,933,40,100,0.5,0.9344,2.23129253111
quality_model_current,B8_new,never_fit_on_target,934,40,100,0.6,1.1814,2.21170249277
quality_model_current,B8_new,never_fit_on_target,935,40,100,0.7,1.417,2.19207054916
quality_model_current,B8_new,never_fit_on_target,936,40,100,0.8,1.6703,2.17238210695
quality_model_current,B8_new,never_fit_on_target,937,40,100,0.9,1.9207,2.15260633483
quality_model_current,B8_new,never_fit_on_target,938,40,100,0.95,2.0172,2.14266031944
quality_model_current,B8_new,never_fit_on_target,939,40,100,1,2.1214,2.13259667034
quality_model_current,B8_new,never_fit_on_target,940,40,150,0.05,0.5,2.28243583365
quality_model_current,B8_new,never_fit_on_target,941,40,150,0.1,0.5,2.27270047867
quality_model_current,B8_new,never_fit_on_target,942,40,150,0.2,0.5,2.25321576525
quality_model_current,B8_new,never_fit_on_target,943,40,150,0.3,0.5,2.23371039
quality_model_current,B8_new,never_fit_on_target,944,40,150,0.4,0.7164,2.21418135525
quality_model_current,B8_new,never_fit_on_target,945,40,150,0.5,0.9445,2.19462464679
quality_model_current,B8_new,never_fit_on_target,946,40,150,0.6,1.2004,2.17503460844
quality_model_current,B8_new,never_fit_on_target,947,40,150,0.7,1.4026,2.15540266484
quality_model_current,B8_new,never_fit_on_target,948,40,150,0.8,1.6463,2.13571422263
quality_model_current,B8_new,never_fit_on_target,949,40,150,0.9,1.8339,2.11593845051
quality_model_current,B8_new,never_fit_on_target,950,40,150,0.95,1.9979,2.10599243511
quality_model_current,B8_new,never_fit_on_target,951,40,150,1,2.0917,2.09592878602
quality_model_current,B8_new,never_fit_on_target,952,40,300,0.05,0.5,2.2286289641
quality_model_current,B8_new,never_fit_on_target,953,40,300,0.1,0.5,2.21889360912
quality_model_current,B8_new,never_fit_on_target,954,40,300,0.2,0.5,2.1994088957
quality_model_current,B8_new,never_fit_on_target,955,40,300,0.3,0.5,2.17990352045
quality_model_current,B8_new,never_fit_on_target,956,40,300,0.4,0.6864,2.16037448569
quality_model_current,B8_new,never_fit_on_target,957,40,300,0.5,0.9212,2.14081777724
quality_model_current,B8_new,never_fit_on_target,958,40,300,0.6,1.1336,2.12122773889
quality_model_current,B8_new,never_fit_on_target,959,40,300,0.7,1.3816,2.10159579529
quality_model_current,B8_new,never_fit_on_target,960,40,300,0.8,1.5375,2.08190735308
quality_model_current,B8_new,never_fit_on_target,961,40,300,0.9,1.8101,2.06213158096
quality_model_current,B8_new,never_fit_on_target,962,40,300,0.95,1.9054,2.05218556556
quality_model_current,B8_new,never_fit_on_target,963,40,300,1,2.0147,2.04212191646
quality_model_current,B8_new,never_fit_on_target,964,40,500,0.05,0.5,2.19514762805
quality_model_current,B8_new,never_fit_on_target,965,40,500,0.1,0.5,2.18541227307
quality_model_current,B8_new,never_fit_on_target,966,40,500,0.2,0.5,2.16592755965
quality_model_current,B8_new,never_fit_on_target,967,40,500,0.3,0.5,2.1464221844
quality_model_current,B8_new,never_fit_on_target,968,40,500,0.4,0.7035,2.12689314965
quality_model_current,B8_new,never_fit_on_target,969,40,500,0.5,0.8866,2.10733644119
quality_model_current,B8_new,never_fit_on_target,970,40,500,0.6,1.1238,2.08774640285
quality_model_current,B8_new,never_fit_on_target,971,40,500,0.7,1.351,2.06811445924
quality_model_current,B8_new,never_fit_on_target,972,40,500,0.8,1.5771,2.04842601703
quality_model_current,B8_new,never_fit_on_target,973,40,500,0.9,1.7729,2.02865024491
quality_model_current,B8_new,never_fit_on_target,974,40,500,0.95,1.8226,2.01870422951
quality_model_current,B8_new,never_fit_on_target,975,40,500,1,2.0298,2.00864058042
quality_model_current,B8_new,never_fit_on_target,976,40,1000,0.05,0.5,2.15673310892
quality_model_current,B8_new,never_fit_on_target,977,40,1000,0.1,0.5,2.14699775394
quality_model_current,B8_new,never_fit_on_target,978,40,1000,0.2,0.5,2.12751304052
quality_model_current,B8_new,never_fit_on_target,979,40,1000,0.3,0.5,2.10800766527
quality_model_current,B8_new,never_fit_on_target,980,40,1000,0.4,0.6682,2.08847863052
quality_model_current,B8_new,never_fit_on_target,981,40,1000,0.5,0.8929,2.06892192206
quality_model_current,B8_new,never_fit_on_target,982,40,1000,0.6,1.1087,2.04933188371
quality_model_current,B8_new,never_fit_on_target,983,40,1000,0.7,1.3121,2.02969994011
quality_model_current,B8_new,never_fit_on_target,984,40,1000,0.8,1.5165,2.0100114979
quality_model_current,B8_new,never_fit_on_target,985,40,1000,0.9,1.7375,1.99023572578
quality_model_current,B8_new,never_fit_on_target,986,40,1000,0.95,1.8219,1.98028971038
quality_model_current,B8_new,never_fit_on_target,987,40,1000,1,1.9394,1.97022606128
quality_model_current,B8_new,never_fit_on_target,988,40,2000,0.05,0.5,2.12509258331
quality_model_current,B8_new,never_fit_on_target,989,40,2000,0.1,0.5,2.11535722833
quality_model_current,B8_new,never_fit_on_target,990,40,2000,0.2,0.5,2.09587251491
quality_model_current,B8_new,never_fit_on_target,991,40,2000,0.3,0.5,2.07636713966
quality_model_current,B8_new,never_fit_on_target,992,40,2000,0.4,0.6377,2.05683810491
quality_model_current,B8_new,never_fit_on_target,993,40,2000,0.5,0.8589,2.03728139645
quality_model_current,B8_new,never_fit_on_target,994,40,2000,0.6,1.0771,2.01769135811
quality_model_current,B8_new,never_fit_on_target,995,40,2000,0.7,1.3187,1.9980594145
quality_model_current,B8_new,never_fit_on_target,996,40,2000,0.8,1.5044,1.97837097229
quality_model_current,B8_new,never_fit_on_target,997,40,2000,0.9,1.7336,1.95859520017
quality_model_current,B8_new,never_fit_on_target,998,40,2000,0.95,1.7276,1.94864918477
quality_model_current,B8_new,never_fit_on_target,999,40,2000,1,1.9275,1.93858553568
quality_model_current,B8_new,never_fit_on_target,1000,70,5,0.05,0.5,2.73413436407
quality_model_current,B8_new,never_fit_on_target,1001,70,5,0.1,0.5,2.72524313284
quality_model_current,B8_new,never_fit_on_target,1002,70,5,0.2,0.5,2.70744788112
quality_model_current,B8_new,never_fit_on_target,1003,70,5,0.3,0.5039,2.68963375911
quality_model_current,B8_new,never_fit_on_target,1004,70,5,0.4,0.8232,2.67179802903
quality_model_current,B8_new,never_fit_on_target,1005,70,5,0.5,1.1008,2.65393702475
quality_model_current,B8_new,never_fit_on_target,1006,70,5,0.6,1.4166,2.63604558052
quality_model_current,B8_new,never_fit_on_target,1007,70,5,0.7,1.6785,2.61811586452
quality_model_current,B8_new,never_fit_on_target,1008,70,5,0.8,2.0006,2.60013454873
quality_model_current,B8_new,never_fit_on_target,1009,70,5,0.9,2.2782,2.58207347515
quality_model_current,B8_new,never_fit_on_target,1010,70,5,0.95,2.4175,2.57298984925
quality_model_current,B8_new,never_fit_on_target,1011,70,5,1,2.6033,2.56379878931
quality_model_current,B8_new,never_fit_on_target,1012,70,10,0.05,0.5,2.59473793189
quality_model_current,B8_new,never_fit_on_target,1013,70,10,0.1,0.5,2.58584670067
quality_model_current,B8_new,never_fit_on_target,1014,70,10,0.2,0.5,2.56805144895
quality_model_current,B8_new,never_fit_on_target,1015,70,10,0.3,0.5,2.55023732693
quality_model_current,B8_new,never_fit_on_target,1016,70,10,0.4,0.7647,2.53240159685
quality_model_current,B8_new,never_fit_on_target,1017,70,10,0.5,1.0531,2.51454059258
quality_model_current,B8_new,never_fit_on_target,1018,70,10,0.6,1.3151,2.49664914835
quality_model_current,B8_new,never_fit_on_target,1019,70,10,0.7,1.6283,2.47871943234
quality_model_current,B8_new,never_fit_on_target,1020,70,10,0.8,1.8614,2.46073811655
quality_model_current,B8_new,never_fit_on_target,1021,70,10,0.9,2.1283,2.44267704298
quality_model_current,B8_new,never_fit_on_target,1022,70,10,0.95,2.2749,2.43359341707
quality_model_current,B8_new,never_fit_on_target,1023,70,10,1,2.4186,2.42440235714
quality_model_current,B8_new,never_fit_on_target,1024,70,20,0.05,0.5,2.47992258391
quality_model_current,B8_new,never_fit_on_target,1025,70,20,0.1,0.5,2.47103135269
quality_model_current,B8_new,never_fit_on_target,1026,70,20,0.2,0.5,2.45323610097
quality_model_current,B8_new,never_fit_on_target,1027,70,20,0.3,0.5,2.43542197895
quality_model_current,B8_new,never_fit_on_target,1028,70,20,0.4,0.7217,2.41758624888
quality_model_current,B8_new,never_fit_on_target,1029,70,20,0.5,0.9839,2.3997252446
quality_model_current,B8_new,never_fit_on_target,1030,70,20,0.6,1.2611,2.38183380037
quality_model_current,B8_new,never_fit_on_target,1031,70,20,0.7,1.5062,2.36390408436
quality_model_current,B8_new,never_fit_on_target,1032,70,20,0.8,1.7756,2.34592276858
quality_model_current,B8_new,never_fit_on_target,1033,70,20,0.9,2.0434,2.327861695
quality_model_current,B8_new,never_fit_on_target,1034,70,20,0.95,2.1901,2.31877806909
quality_model_current,B8_new,never_fit_on_target,1035,70,20,1,2.3369,2.30958700916
quality_model_current,B8_new,never_fit_on_target,1036,70,50,0.05,0.5,2.35861074296
quality_model_current,B8_new,never_fit_on_target,1037,70,50,0.1,0.5,2.34971951174
quality_model_current,B8_new,never_fit_on_target,1038,70,50,0.2,0.5,2.33192426002
quality_model_current,B8_new,never_fit_on_target,1039,70,50,0.3,0.5,2.314110138
quality_model_current,B8_new,never_fit_on_target,1040,70,50,0.4,0.7053,2.29627440792
quality_model_current,B8_new,never_fit_on_target,1041,70,50,0.5,0.9448,2.27841340365
quality_model_current,B8_new,never_fit_on_target,1042,70,50,0.6,1.1924,2.26052195942
quality_model_current,B8_new,never_fit_on_target,1043,70,50,0.7,1.4475,2.24259224341
quality_model_current,B8_new,never_fit_on_target,1044,70,50,0.8,1.6973,2.22461092762
quality_model_current,B8_new,never_fit_on_target,1045,70,50,0.9,1.9752,2.20654985405
quality_model_current,B8_new,never_fit_on_target,1046,70,50,0.95,2.1097,2.19746622814
quality_model_current,B8_new,never_fit_on_target,1047,70,50,1,2.2162,2.18827516821
quality_model_current,B8_new,never_fit_on_target,1048,70,100,0.05,0.5,2.28543392347
quality_model_current,B8_new,never_fit_on_target,1049,70,100,0.1,0.5,2.27654269224
quality_model_current,B8_new,never_fit_on_target,1050,70,100,0.2,0.5,2.25874744053
quality_model_current,B8_new,never_fit_on_target,1051,70,100,0.3,0.5,2.24093331851
quality_model_current,B8_new,never_fit_on_target,1052,70,100,0.4,0.6765,2.22309758843
quality_model_current,B8_new,never_fit_on_target,1053,70,100,0.5,0.9072,2.20523658416
quality_model_current,B8_new,never_fit_on_target,1054,70,100,0.6,1.1486,2.18734513993
quality_model_current,B8_new,never_fit_on_target,1055,70,100,0.7,1.3726,2.16941542392
quality_model_current,B8_new,never_fit_on_target,1056,70,100,0.8,1.6395,2.15143410813
quality_model_current,B8_new,never_fit_on_target,1057,70,100,0.9,1.905,2.13337303456
quality_model_current,B8_new,never_fit_on_target,1058,70,100,0.95,1.9747,2.12428940865
quality_model_current,B8_new,never_fit_on_target,1059,70,100,1,2.1223,2.11509834872
quality_model_current,B8_new,never_fit_on_target,1060,70,150,0.05,0.5,2.24876603915
quality_model_current,B8_new,never_fit_on_target,1061,70,150,0.1,0.5,2.23987480792
quality_model_current,B8_new,never_fit_on_target,1062,70,150,0.2,0.5,2.2220795562
quality_model_current,B8_new,never_fit_on_target,1063,70,150,0.3,0.5,2.20426543419
quality_model_current,B8_new,never_fit_on_target,1064,70,150,0.4,0.6507,2.18642970411
quality_model_current,B8_new,never_fit_on_target,1065,70,150,0.5,0.8903,2.16856869983
quality_model_current,B8_new,never_fit_on_target,1066,70,150,0.6,1.1506,2.1506772556
quality_model_current,B8_new,never_fit_on_target,1067,70,150,0.7,1.3601,2.1327475396
quality_model_current,B8_new,never_fit_on_target,1068,70,150,0.8,1.5779,2.11476622381
quality_model_current,B8_new,never_fit_on_target,1069,70,150,0.9,1.8604,2.09670515023
quality_model_current,B8_new,never_fit_on_target,1070,70,150,0.95,1.9377,2.08762152433
quality_model_current,B8_new,never_fit_on_target,1071,70,150,1,2.0817,2.07843046439
quality_model_current,B8_new,never_fit_on_target,1072,70,300,0.05,0.5,2.19495916959
quality_model_current,B8_new,never_fit_on_target,1073,70,300,0.1,0.5,2.18606793837
quality_model_current,B8_new,never_fit_on_target,1074,70,300,0.2,0.5,2.16827268665
quality_model_current,B8_new,never_fit_on_target,1075,70,300,0.3,0.5,2.15045856463
quality_model_current,B8_new,never_fit_on_target,1076,70,300,0.4,0.6571,2.13262283456
quality_model_current,B8_new,never_fit_on_target,1077,70,300,0.5,0.8554,2.11476183028
quality_model_current,B8_new,never_fit_on_target,1078,70,300,0.6,1.1181,2.09687038605
quality_model_current,B8_new,never_fit_on_target,1079,70,300,0.7,1.3754,2.07894067004
quality_model_current,B8_new,never_fit_on_target,1080,70,300,0.8,1.5736,2.06095935426
quality_model_current,B8_new,never_fit_on_target,1081,70,300,0.9,1.7826,2.04289828068
quality_model_current,B8_new,never_fit_on_target,1082,70,300,0.95,1.9317,2.03381465478
quality_model_current,B8_new,never_fit_on_target,1083,70,300,1,2.0225,2.02462359484
quality_model_current,B8_new,never_fit_on_target,1084,70,500,0.05,0.5,2.16147783355
quality_model_current,B8_new,never_fit_on_target,1085,70,500,0.1,0.5,2.15258660232
quality_model_current,B8_new,never_fit_on_target,1086,70,500,0.2,0.5,2.13479135061
quality_model_current,B8_new,never_fit_on_target,1087,70,500,0.3,0.5,2.11697722859
quality_model_current,B8_new,never_fit_on_target,1088,70,500,0.4,0.6398,2.09914149851
quality_model_current,B8_new,never_fit_on_target,1089,70,500,0.5,0.8696,2.08128049423
quality_model_current,B8_new,never_fit_on_target,1090,70,500,0.6,1.0654,2.06338905001
quality_model_current,B8_new,never_fit_on_target,1091,70,500,0.7,1.3269,2.045459334
quality_model_current,B8_new,never_fit_on_target,1092,70,500,0.8,1.552,2.02747801821
quality_model_current,B8_new,never_fit_on_target,1093,70,500,0.9,1.7856,2.00941694464
quality_model_current,B8_new,never_fit_on_target,1094,70,500,0.95,1.8785,2.00033331873
quality_model_current,B8_new,never_fit_on_target,1095,70,500,1,2.0232,1.9911422588
quality_model_current,B8_new,never_fit_on_target,1096,70,1000,0.05,0.5,2.12306331441
quality_model_current,B8_new,never_fit_on_target,1097,70,1000,0.1,0.5,2.11417208319
quality_model_current,B8_new,never_fit_on_target,1098,70,1000,0.2,0.5,2.09637683147
quality_model_current,B8_new,never_fit_on_target,1099,70,1000,0.3,0.5,2.07856270946
quality_model_current,B8_new,never_fit_on_target,1100,70,1000,0.4,0.6331,2.06072697938
quality_model_current,B8_new,never_fit_on_target,1101,70,1000,0.5,0.8268,2.0428659751
quality_model_current,B8_new,never_fit_on_target,1102,70,1000,0.6,1.0717,2.02497453087
quality_model_current,B8_new,never_fit_on_target,1103,70,1000,0.7,1.3056,2.00704481486
quality_model_current,B8_new,never_fit_on_target,1104,70,1000,0.8,1.5113,1.98906349908
quality_model_current,B8_new,never_fit_on_target,1105,70,1000,0.9,1.7324,1.9710024255
quality_model_current,B8_new,never_fit_on_target,1106,70,1000,0.95,1.8305,1.9619187996
quality_model_current,B8_new,never_fit_on_target,1107,70,1000,1,1.9314,1.95272773966
quality_model_current,B8_new,never_fit_on_target,1108,70,2000,0.05,0.5,2.09142278881
quality_model_current,B8_new,never_fit_on_target,1109,70,2000,0.1,0.5,2.08253155758
quality_model_current,B8_new,never_fit_on_target,1110,70,2000,0.2,0.5,2.06473630587
quality_model_current,B8_new,never_fit_on_target,1111,70,2000,0.3,0.5,2.04692218385
quality_model_current,B8_new,never_fit_on_target,1112,70,2000,0.4,0.6095,2.02908645377
quality_model_current,B8_new,never_fit_on_target,1113,70,2000,0.5,0.8205,2.01122544949
quality_model_current,B8_new,never_fit_on_target,1114,70,2000,0.6,1.0279,1.99333400527
quality_model_current,B8_new,never_fit_on_target,1115,70,2000,0.7,1.2745,1.97540428926
quality_model_current,B8_new,never_fit_on_target,1116,70,2000,0.8,1.4713,1.95742297347
quality_model_current,B8_new,never_fit_on_target,1117,70,2000,0.9,1.7312,1.9393618999
quality_model_current,B8_new,never_fit_on_target,1118,70,2000,0.95,1.7959,1.93027827399
quality_model_current,B8_new,never_fit_on_target,1119,70,2000,1,1.9285,1.92108721406
quality_model_current,B8_new,never_fit_on_target,1120,120,5,0.05,0.5,2.70590476014
quality_model_current,B8_new,never_fit_on_target,1121,120,5,0.1,0.5,2.69775727916
quality_model_current,B8_new,never_fit_on_target,1122,120,5,0.2,0.5,2.68145059776
quality_model_current,B8_new,never_fit_on_target,1123,120,5,0.3,0.5,2.66512662456
quality_model_current,B8_new,never_fit_on_target,1124,120,5,0.4,0.759,2.64878285081
quality_model_current,B8_new,never_fit_on_target,1125,120,5,0.5,1.0383,2.63241591705
quality_model_current,B8_new,never_fit_on_target,1126,120,5,0.6,1.3529,2.61602108963
quality_model_current,B8_new,never_fit_on_target,1127,120,5,0.7,1.6294,2.59959119186
quality_model_current,B8_new,never_fit_on_target,1128,120,5,0.8,1.8929,2.58311401062
quality_model_current,B8_new,never_fit_on_target,1129,120,5,0.9,2.2776,2.56656374333
quality_model_current,B8_new,never_fit_on_target,1130,120,5,0.95,2.3327,2.55823996146
quality_model_current,B8_new,never_fit_on_target,1131,120,5,1,2.5753,2.5498177324
quality_model_current,B8_new,never_fit_on_target,1132,120,10,0.05,0.5,2.56650832796
quality_model_current,B8_new,never_fit_on_target,1133,120,10,0.1,0.5,2.55836084699
quality_model_current,B8_new,never_fit_on_target,1134,120,10,0.2,0.5,2.54205416559
quality_model_current,B8_new,never_fit_on_target,1135,120,10,0.3,0.5,2.52573019239
quality_model_current,B8_new,never_fit_on_target,1136,120,10,0.4,0.7123,2.50938641864
quality_model_current,B8_new,never_fit_on_target,1137,120,10,0.5,0.9953,2.49301948487
quality_model_current,B8_new,never_fit_on_target,1138,120,10,0.6,1.2815,2.47662465745
quality_model_current,B8_new,never_fit_on_target,1139,120,10,0.7,1.5384,2.46019475968
quality_model_current,B8_new,never_fit_on_target,1140,120,10,0.8,1.8585,2.44371757845
quality_model_current,B8_new,never_fit_on_target,1141,120,10,0.9,2.1465,2.42716731115
quality_model_current,B8_new,never_fit_on_target,1142,120,10,0.95,2.2588,2.41884352928
quality_model_current,B8_new,never_fit_on_target,1143,120,10,1,2.4219,2.41042130023
quality_model_current,B8_new,never_fit_on_target,1144,120,20,0.05,0.5,2.45169297999
quality_model_current,B8_new,never_fit_on_target,1145,120,20,0.1,0.5,2.44354549901
quality_model_current,B8_new,never_fit_on_target,1146,120,20,0.2,0.5,2.42723881761
quality_model_current,B8_new,never_fit_on_target,1147,120,20,0.3,0.5,2.41091484441
quality_model_current,B8_new,never_fit_on_target,1148,120,20,0.4,0.686,2.39457107066
quality_model_current,B8_new,never_fit_on_target,1149,120,20,0.5,0.9324,2.3782041369
quality_model_current,B8_new,never_fit_on_target,1150,120,20,0.6,1.2186,2.36180930948
quality_model_current,B8_new,never_fit_on_target,1151,120,20,0.7,1.4699,2.34537941171
quality_model_current,B8_new,never_fit_on_target,1152,120,20,0.8,1.7489,2.32890223047
quality_model_current,B8_new,never_fit_on_target,1153,120,20,0.9,2.0566,2.31235196317
quality_model_current,B8_new,never_fit_on_target,1154,120,20,0.95,2.1247,2.30402818131
quality_model_current,B8_new,never_fit_on_target,1155,120,20,1,2.2493,2.29560595225
quality_model_current,B8_new,never_fit_on_target,1156,120,50,0.05,0.5,2.33038113903
quality_model_current,B8_new,never_fit_on_target,1157,120,50,0.1,0.5,2.32223365806
quality_model_current,B8_new,never_fit_on_target,1158,120,50,0.2,0.5,2.30592697666
quality_model_current,B8_new,never_fit_on_target,1159,120,50,0.3,0.5,2.28960300346
quality_model_current,B8_new,never_fit_on_target,1160,120,50,0.4,0.6689,2.27325922971
quality_model_current,B8_new,never_fit_on_target,1161,120,50,0.5,0.9237,2.25689229594
quality_model_current,B8_new,never_fit_on_target,1162,120,50,0.6,1.1614,2.24049746852
quality_model_current,B8_new,never_fit_on_target,1163,120,50,0.7,1.3938,2.22406757075
quality_model_current,B8_new,never_fit_on_target,1164,120,50,0.8,1.682,2.20759038952
quality_model_current,B8_new,never_fit_on_target,1165,120,50,0.9,1.9395,2.19104012222
quality_model_current,B8_new,never_fit_on_target,1166,120,50,0.95,2.0853,2.18271634035
quality_model_current,B8_new,never_fit_on_target,1167,120,50,1,2.2004,2.1742941113
quality_model_current,B8_new,never_fit_on_target,1168,120,100,0.05,0.5,2.25720431954
quality_model_current,B8_new,never_fit_on_target,1169,120,100,0.1,0.5,2.24905683857
quality_model_current,B8_new,never_fit_on_target,1170,120,100,0.2,0.5,2.23275015717
quality_model_current,B8_new,never_fit_on_target,1171,120,100,0.3,0.5,2.21642618397
quality_model_current,B8_new,never_fit_on_target,1172,120,100,0.4,0.6206,2.20008241022
quality_model_current,B8_new,never_fit_on_target,1173,120,100,0.5,0.8829,2.18371547645
quality_model_current,B8_new,never_fit_on_target,1174,120,100,0.6,1.1099,2.16732064903
quality_model_current,B8_new,never_fit_on_target,1175,120,100,0.7,1.3531,2.15089075126
quality_model_current,B8_new,never_fit_on_target,1176,120,100,0.8,1.5774,2.13441357003
quality_model_current,B8_new,never_fit_on_target,1177,120,100,0.9,1.8321,2.11786330273
quality_model_current,B8_new,never_fit_on_target,1178,120,100,0.95,1.9432,2.10953952086
quality_model_current,B8_new,never_fit_on_target,1179,120,100,1,2.1521,2.10111729181
quality_model_current,B8_new,never_fit_on_target,1180,120,150,0.05,0.5,2.22053643522
quality_model_current,B8_new,never_fit_on_target,1181,120,150,0.1,0.5,2.21238895424
quality_model_current,B8_new,never_fit_on_target,1182,120,150,0.2,0.5,2.19608227284
quality_model_current,B8_new,never_fit_on_target,1183,120,150,0.3,0.5,2.17975829964
quality_model_current,B8_new,never_fit_on_target,1184,120,150,0.4,0.6188,2.16341452589
quality_model_current,B8_new,never_fit_on_target,1185,120,150,0.5,0.8572,2.14704759213
quality_model_current,B8_new,never_fit_on_target,1186,120,150,0.6,1.0887,2.13065276471
quality_model_current,B8_new,never_fit_on_target,1187,120,150,0.7,1.3605,2.11422286694
quality_model_current,B8_new,never_fit_on_target,1188,120,150,0.8,1.5564,2.0977456857
quality_model_current,B8_new,never_fit_on_target,1189,120,150,0.9,1.8816,2.08119541841
quality_model_current,B8_new,never_fit_on_target,1190,120,150,0.95,1.9557,2.07287163654
quality_model_current,B8_new,never_fit_on_target,1191,120,150,1,2.0881,2.06444940748
quality_model_current,B8_new,never_fit_on_target,1192,120,300,0.05,0.5,2.16672956567
quality_model_current,B8_new,never_fit_on_target,1193,120,300,0.1,0.5,2.15858208469
quality_model_current,B8_new,never_fit_on_target,1194,120,300,0.2,0.5,2.14227540329
quality_model_current,B8_new,never_fit_on_target,1195,120,300,0.3,0.5,2.12595143009
quality_model_current,B8_new,never_fit_on_target,1196,120,300,0.4,0.6045,2.10960765634
quality_model_current,B8_new,never_fit_on_target,1197,120,300,0.5,0.8569,2.09324072258
quality_model_current,B8_new,never_fit_on_target,1198,120,300,0.6,1.092,2.07684589516
quality_model_current,B8_new,never_fit_on_target,1199,120,300,0.7,1.2863,2.06041599739
quality_model_current,B8_new,never_fit_on_target,1200,120,300,0.8,1.5302,2.04393881615
quality_model_current,B8_new,never_fit_on_target,1201,120,300,0.9,1.7838,2.02738854886
quality_model_current,B8_new,never_fit_on_target,1202,120,300,0.95,1.9031,2.01906476699
quality_model_current,B8_new,never_fit_on_target,1203,120,300,1,2.0619,2.01064253793
quality_model_current,B8_new,never_fit_on_target,1204,120,500,0.05,0.5,2.13324822962
quality_model_current,B8_new,never_fit_on_target,1205,120,500,0.1,0.5,2.12510074865
quality_model_current,B8_new,never_fit_on_target,1206,120,500,0.2,0.5,2.10879406725
quality_model_current,B8_new,never_fit_on_target,1207,120,500,0.3,0.5,2.09247009405
quality_model_current,B8_new,never_fit_on_target,1208,120,500,0.4,0.5807,2.0761263203
quality_model_current,B8_new,never_fit_on_target,1209,120,500,0.5,0.8175,2.05975938653
quality_model_current,B8_new,never_fit_on_target,1210,120,500,0.6,1.0547,2.04336455911
quality_model_current,B8_new,never_fit_on_target,1211,120,500,0.7,1.2832,2.02693466134
quality_model_current,B8_new,never_fit_on_target,1212,120,500,0.8,1.5164,2.01045748011
quality_model_current,B8_new,never_fit_on_target,1213,120,500,0.9,1.7304,1.99390721281
quality_model_current,B8_new,never_fit_on_target,1214,120,500,0.95,1.8749,1.98558343094
quality_model_current,B8_new,never_fit_on_target,1215,120,500,1,2.0294,1.97716120189
quality_model_current,B8_new,never_fit_on_target,1216,120,1000,0.05,0.5,2.09483371049
quality_model_current,B8_new,never_fit_on_target,1217,120,1000,0.1,0.5,2.08668622951
quality_model_current,B8_new,never_fit_on_target,1218,120,1000,0.2,0.5,2.07037954811
quality_model_current,B8_new,never_fit_on_target,1219,120,1000,0.3,0.5,2.05405557491
quality_model_current,B8_new,never_fit_on_target,1220,120,1000,0.4,0.5785,2.03771180116
quality_model_current,B8_new,never_fit_on_target,1221,120,1000,0.5,0.7972,2.0213448674
quality_model_current,B8_new,never_fit_on_target,1222,120,1000,0.6,1.0412,2.00495003998
quality_model_current,B8_new,never_fit_on_target,1223,120,1000,0.7,1.2562,1.98852014221
quality_model_current,B8_new,never_fit_on_target,1224,120,1000,0.8,1.485,1.97204296097
quality_model_current,B8_new,never_fit_on_target,1225,120,1000,0.9,1.7223,1.95549269368
quality_model_current,B8_new,never_fit_on_target,1226,120,1000,0.95,1.8568,1.94716891181
quality_model_current,B8_new,never_fit_on_target,1227,120,1000,1,1.9082,1.93874668275
quality_model_current,B8_new,never_fit_on_target,1228,120,2000,0.05,0.5,2.06319318488
quality_model_current,B8_new,never_fit_on_target,1229,120,2000,0.1,0.5,2.05504570391
quality_model_current,B8_new,never_fit_on_target,1230,120,2000,0.2,0.5,2.03873902251
quality_model_current,B8_new,never_fit_on_target,1231,120,2000,0.3,0.5,2.02241504931
quality_model_current,B8_new,never_fit_on_target,1232,120,2000,0.4,0.5772,2.00607127556
quality_model_current,B8_new,never_fit_on_target,1233,120,2000,0.5,0.7936,1.98970434179
quality_model_current,B8_new,never_fit_on_target,1234,120,2000,0.6,1.0107,1.97330951437
quality_model_current,B8_new,never_fit_on_target,1235,120,2000,0.7,1.2063,1.9568796166
quality_model_current,B8_new,never_fit_on_target,1236,120,2000,0.8,1.4677,1.94040243537
quality_model_current,B8_new,never_fit_on_target,1237,120,2000,0.9,1.6316,1.92385216807
quality_model_current,B8_new,never_fit_on_target,1238,120,2000,0.95,1.8387,1.9155283862
quality_model_current,B8_new,never_fit_on_target,1239,120,2000,1,1.9249,1.90710615715
quality_model_current,B8_new,never_fit_on_target,1240,300,5,0.05,0.5,2.665756029
quality_model_current,B8_new,never_fit_on_target,1241,300,5,0.1,0.5,2.6587329419
quality_model_current,B8_new,never_fit_on_target,1242,300,5,0.2,0.5,2.6446766656
quality_model_current,B8_new,never_fit_on_target,1243,300,5,0.3,0.5,2.63060548385
quality_model_current,B8_new,never_fit_on_target,1244,300,5,0.4,0.6853,2.61651723413
quality_model_current,B8_new,never_fit_on_target,1245,300,5,0.5,0.9862,2.6024090206
quality_model_current,B8_new,never_fit_on_target,1246,300,5,0.6,1.3009,2.58827676288
quality_model_current,B8_new,never_fit_on_target,1247,300,5,0.7,1.6208,2.57411427469
quality_model_current,B8_new,never_fit_on_target,1248,300,5,0.8,1.8604,2.5599110284
quality_model_current,B8_new,never_fit_on_target,1249,300,5,0.9,2.2235,2.5456447823
quality_model_current,B8_new,never_fit_on_target,1250,300,5,0.95,2.4307,2.53846972473
quality_model_current,B8_new,never_fit_on_target,1251,300,5,1,2.478,2.53120980618
quality_model_current,B8_new,never_fit_on_target,1252,300,10,0.05,0.5,2.52635959682
quality_model_current,B8_new,never_fit_on_target,1253,300,10,0.1,0.5,2.51933650972
quality_model_current,B8_new,never_fit_on_target,1254,300,10,0.2,0.5,2.50528023342
quality_model_current,B8_new,never_fit_on_target,1255,300,10,0.3,0.5,2.49120905168
quality_model_current,B8_new,never_fit_on_target,1256,300,10,0.4,0.6257,2.47712080196
quality_model_current,B8_new,never_fit_on_target,1257,300,10,0.5,0.9294,2.46301258842
quality_model_current,B8_new,never_fit_on_target,1258,300,10,0.6,1.2357,2.4488803307
quality_model_current,B8_new,never_fit_on_target,1259,300,10,0.7,1.5156,2.43471784252
quality_model_current,B8_new,never_fit_on_target,1260,300,10,0.8,1.8333,2.42051459623
quality_model_current,B8_new,never_fit_on_target,1261,300,10,0.9,2.1073,2.40624835012
quality_model_current,B8_new,never_fit_on_target,1262,300,10,0.95,2.2727,2.39907329255
quality_model_current,B8_new,never_fit_on_target,1263,300,10,1,2.4246,2.39181337401
quality_model_current,B8_new,never_fit_on_target,1264,300,20,0.05,0.5,2.41154424884
quality_model_current,B8_new,never_fit_on_target,1265,300,20,0.1,0.5,2.40452116174
quality_model_current,B8_new,never_fit_on_target,1266,300,20,0.2,0.5,2.39046488544
quality_model_current,B8_new,never_fit_on_target,1267,300,20,0.3,0.5,2.3763937037
quality_model_current,B8_new,never_fit_on_target,1268,300,20,0.4,0.6087,2.36230545398
quality_model_current,B8_new,never_fit_on_target,1269,300,20,0.5,0.8857,2.34819724045
quality_model_current,B8_new,never_fit_on_target,1270,300,20,0.6,1.1745,2.33406498272
quality_model_current,B8_new,never_fit_on_target,1271,300,20,0.7,1.445,2.31990249454
quality_model_current,B8_new,never_fit_on_target,1272,300,20,0.8,1.7275,2.30569924825
quality_model_current,B8_new,never_fit_on_target,1273,300,20,0.9,1.993,2.29143300214
quality_model_current,B8_new,never_fit_on_target,1274,300,20,0.95,2.1129,2.28425794457
quality_model_current,B8_new,never_fit_on_target,1275,300,20,1,2.3267,2.27699802603
quality_model_current,B8_new,never_fit_on_target,1276,300,50,0.05,0.5,2.29023240789
quality_model_current,B8_new,never_fit_on_target,1277,300,50,0.1,0.5,2.28320932079
quality_model_current,B8_new,never_fit_on_target,1278,300,50,0.2,0.5,2.26915304449
quality_model_current,B8_new,never_fit_on_target,1279,300,50,0.3,0.5,2.25508186275
quality_model_current,B8_new,never_fit_on_target,1280,300,50,0.4,0.5737,2.24099361303
quality_model_current,B8_new,never_fit_on_target,1281,300,50,0.5,0.8188,2.22688539949
quality_model_current,B8_new,never_fit_on_target,1282,300,50,0.6,1.0844,2.21275314177
quality_model_current,B8_new,never_fit_on_target,1283,300,50,0.7,1.3817,2.19859065359
quality_model_current,B8_new,never_fit_on_target,1284,300,50,0.8,1.6524,2.1843874073
quality_model_current,B8_new,never_fit_on_target,1285,300,50,0.9,1.917,2.17012116119
quality_model_current,B8_new,never_fit_on_target,1286,300,50,0.95,2.0545,2.16294610362
quality_model_current,B8_new,never_fit_on_target,1287,300,50,1,2.1404,2.15568618508
quality_model_current,B8_new,never_fit_on_target,1288,300,100,0.05,0.5,2.2170555884
quality_model_current,B8_new,never_fit_on_target,1289,300,100,0.1,0.5,2.2100325013
quality_model_current,B8_new,never_fit_on_target,1290,300,100,0.2,0.5,2.195976225
quality_model_current,B8_new,never_fit_on_target,1291,300,100,0.3,0.5,2.18190504325
quality_model_current,B8_new,never_fit_on_target,1292,300,100,0.4,0.5656,2.16781679354
quality_model_current,B8_new,never_fit_on_target,1293,300,100,0.5,0.7851,2.15370858
quality_model_current,B8_new,never_fit_on_target,1294,300,100,0.6,1.0582,2.13957632228
quality_model_current,B8_new,never_fit_on_target,1295,300,100,0.7,1.2974,2.1254138341
quality_model_current,B8_new,never_fit_on_target,1296,300,100,0.8,1.6239,2.1112105878
quality_model_current,B8_new,never_fit_on_target,1297,300,100,0.9,1.7981,2.0969443417
quality_model_current,B8_new,never_fit_on_target,1298,300,100,0.95,1.9909,2.08976928413
quality_model_current,B8_new,never_fit_on_target,1299,300,100,1,2.018,2.08250936559
quality_model_current,B8_new,never_fit_on_target,1300,300,150,0.05,0.5,2.18038770408
quality_model_current,B8_new,never_fit_on_target,1301,300,150,0.1,0.5,2.17336461698
quality_model_current,B8_new,never_fit_on_target,1302,300,150,0.2,0.5,2.15930834068
quality_model_current,B8_new,never_fit_on_target,1303,300,150,0.3,0.5,2.14523715893
quality_model_current,B8_new,never_fit_on_target,1304,300,150,0.4,0.5498,2.13114890921
quality_model_current,B8_new,never_fit_on_target,1305,300,150,0.5,0.7913,2.11704069568
quality_model_current,B8_new,never_fit_on_target,1306,300,150,0.6,1.0259,2.10290843796
quality_model_current,B8_new,never_fit_on_target,1307,300,150,0.7,1.3071,2.08874594977
quality_model_current,B8_new,never_fit_on_target,1308,300,150,0.8,1.5543,2.07454270348
quality_model_current,B8_new,never_fit_on_target,1309,300,150,0.9,1.8567,2.06027645738
quality_model_current,B8_new,never_fit_on_target,1310,300,150,0.95,1.9405,2.05310139981
quality_model_current,B8_new,never_fit_on_target,1311,300,150,1,2.0823,2.04584148126
quality_model_current,B8_new,never_fit_on_target,1312,300,300,0.05,0.5,2.12658083452
quality_model_current,B8_new,never_fit_on_target,1313,300,300,0.1,0.5,2.11955774743
quality_model_current,B8_new,never_fit_on_target,1314,300,300,0.2,0.5,2.10550147112
quality_model_current,B8_new,never_fit_on_target,1315,300,300,0.3,0.5,2.09143028938
quality_model_current,B8_new,never_fit_on_target,1316,300,300,0.4,0.5355,2.07734203966
quality_model_current,B8_new,never_fit_on_target,1317,300,300,0.5,0.7618,2.06323382613
quality_model_current,B8_new,never_fit_on_target,1318,300,300,0.6,1.0191,2.0491015684
quality_model_current,B8_new,never_fit_on_target,1319,300,300,0.7,1.2421,2.03493908022
quality_model_current,B8_new,never_fit_on_target,1320,300,300,0.8,1.5064,2.02073583393
quality_model_current,B8_new,never_fit_on_target,1321,300,300,0.9,1.708,2.00646958782
quality_model_current,B8_new,never_fit_on_target,1322,300,300,0.95,1.8785,1.99929453026
quality_model_current,B8_new,never_fit_on_target,1323,300,300,1,1.9949,1.99203461171
quality_model_current,B8_new,never_fit_on_target,1324,300,500,0.05,0.5,2.09309949848
quality_model_current,B8_new,never_fit_on_target,1325,300,500,0.1,0.5,2.08607641138
quality_model_current,B8_new,never_fit_on_target,1326,300,500,0.2,0.5,2.07202013508
quality_model_current,B8_new,never_fit_on_target,1327,300,500,0.3,0.5,2.05794895333
quality_model_current,B8_new,never_fit_on_target,1328,300,500,0.4,0.5242,2.04386070361
quality_model_current,B8_new,never_fit_on_target,1329,300,500,0.5,0.764,2.02975249008
quality_model_current,B8_new,never_fit_on_target,1330,300,500,0.6,1.004,2.01562023236
quality_model_current,B8_new,never_fit_on_target,1331,300,500,0.7,1.2386,2.00145774417
quality_model_current,B8_new,never_fit_on_target,1332,300,500,0.8,1.4481,1.98725449788
quality_model_current,B8_new,never_fit_on_target,1333,300,500,0.9,1.7684,1.97298825178
quality_model_current,B8_new,never_fit_on_target,1334,300,500,0.95,1.8116,1.96581319421
quality_model_current,B8_new,never_fit_on_target,1335,300,500,1,1.92,1.95855327567
quality_model_current,B8_new,never_fit_on_target,1336,300,1000,0.05,0.5,2.05468497934
quality_model_current,B8_new,never_fit_on_target,1337,300,1000,0.1,0.5,2.04766189225
quality_model_current,B8_new,never_fit_on_target,1338,300,1000,0.2,0.5,2.03360561595
quality_model_current,B8_new,never_fit_on_target,1339,300,1000,0.3,0.5,2.0195344342
quality_model_current,B8_new,never_fit_on_target,1340,300,1000,0.4,0.5189,2.00544618448
quality_model_current,B8_new,never_fit_on_target,1341,300,1000,0.5,0.7381,1.99133797095
quality_model_current,B8_new,never_fit_on_target,1342,300,1000,0.6,1.0017,1.97720571323
quality_model_current,B8_new,never_fit_on_target,1343,300,1000,0.7,1.2048,1.96304322504
quality_model_current,B8_new,never_fit_on_target,1344,300,1000,0.8,1.4767,1.94883997875
quality_model_current,B8_new,never_fit_on_target,1345,300,1000,0.9,1.6646,1.93457373265
quality_model_current,B8_new,never_fit_on_target,1346,300,1000,0.95,1.8451,1.92739867508
quality_model_current,B8_new,never_fit_on_target,1347,300,1000,1,1.9425,1.92013875653
quality_model_current,B8_new,never_fit_on_target,1348,300,2000,0.05,0.5,2.02304445374
quality_model_current,B8_new,never_fit_on_target,1349,300,2000,0.1,0.5,2.01602136664
quality_model_current,B8_new,never_fit_on_target,1350,300,2000,0.2,0.5,2.00196509034
quality_model_current,B8_new,never_fit_on_target,1351,300,2000,0.3,0.5,1.98789390859
quality_model_current,B8_new,never_fit_on_target,1352,300,2000,0.4,0.5,1.97380565887
quality_model_current,B8_new,never_fit_on_target,1353,300,2000,0.5,0.7402,1.95969744534
quality_model_current,B8_new,never_fit_on_target,1354,300,2000,0.6,0.9783,1.94556518762
quality_model_current,B8_new,never_fit_on_target,1355,300,2000,0.7,1.1809,1.93140269943
quality_model_current,B8_new,never_fit_on_target,1356,300,2000,0.8,1.4119,1.91719945314
quality_model_current,B8_new,never_fit_on_target,1357,300,2000,0.9,1.6756,1.90293320704
quality_model_current,B8_new,never_fit_on_target,1358,300,2000,0.95,1.7414,1.89575814947
quality_model_current,B8_new,never_fit_on_target,1359,300,2000,1,1.8777,1.88849823093
quality_model_current,B8_new,never_fit_on_target,1360,700,5,0.05,0.5,2.63574973828
quality_model_current,B8_new,never_fit_on_target,1361,700,5,0.1,0.5,2.62962779952
quality_model_current,B8_new,never_fit_on_target,1362,700,5,0.2,0.5,2.61737511611
quality_model_current,B8_new,never_fit_on_target,1363,700,5,0.3,0.5,2.60510943981
quality_model_current,B8_new,never_fit_on_target,1364,700,5,0.4,0.5981,2.59282888557
quality_model_current,B8_new,never_fit_on_target,1365,700,5,0.5,0.9159,2.58053092912
quality_model_current,B8_new,never_fit_on_target,1366,700,5,0.6,1.2092,2.56821201364
quality_model_current,B8_new,never_fit_on_target,1367,700,5,0.7,1.587,2.55586674664
quality_model_current,B8_new,never_fit_on_target,1368,700,5,0.8,1.8853,2.5434859513
quality_model_current,B8_new,never_fit_on_target,1369,700,5,0.9,2.2108,2.5310502398
quality_model_current,B8_new,never_fit_on_target,1370,700,5,0.95,2.4127,2.52479583025
quality_model_current,B8_new,never_fit_on_target,1371,700,5,1,2.5391,2.51846744842
quality_model_current,B8_new,never_fit_on_target,1372,700,10,0.05,0.5,2.49635330611
quality_model_current,B8_new,never_fit_on_target,1373,700,10,0.1,0.5,2.49023136734
quality_model_current,B8_new,never_fit_on_target,1374,700,10,0.2,0.5,2.47797868394
quality_model_current,B8_new,never_fit_on_target,1375,700,10,0.3,0.5,2.46571300764
quality_model_current,B8_new,never_fit_on_target,1376,700,10,0.4,0.5653,2.4534324534
quality_model_current,B8_new,never_fit_on_target,1377,700,10,0.5,0.8604,2.44113449695
quality_model_current,B8_new,never_fit_on_target,1378,700,10,0.6,1.1538,2.42881558147
quality_model_current,B8_new,never_fit_on_target,1379,700,10,0.7,1.4868,2.41647031447
quality_model_current,B8_new,never_fit_on_target,1380,700,10,0.8,1.7512,2.40408951913
quality_model_current,B8_new,never_fit_on_target,1381,700,10,0.9,2.0469,2.39165380763
quality_model_current,B8_new,never_fit_on_target,1382,700,10,0.95,2.2272,2.38539939807
quality_model_current,B8_new,never_fit_on_target,1383,700,10,1,2.4033,2.37907101625
quality_model_current,B8_new,never_fit_on_target,1384,700,20,0.05,0.5,2.38153795813
quality_model_current,B8_new,never_fit_on_target,1385,700,20,0.1,0.5,2.37541601936
quality_model_current,B8_new,never_fit_on_target,1386,700,20,0.2,0.5,2.36316333596
quality_model_current,B8_new,never_fit_on_target,1387,700,20,0.3,0.5,2.35089765966
quality_model_current,B8_new,never_fit_on_target,1388,700,20,0.4,0.5501,2.33861710542
quality_model_current,B8_new,never_fit_on_target,1389,700,20,0.5,0.8411,2.32631914897
quality_model_current,B8_new,never_fit_on_target,1390,700,20,0.6,1.1236,2.31400023349
quality_model_current,B8_new,never_fit_on_target,1391,700,20,0.7,1.4239,2.30165496649
quality_model_current,B8_new,never_fit_on_target,1392,700,20,0.8,1.6984,2.28927417115
quality_model_current,B8_new,never_fit_on_target,1393,700,20,0.9,1.9239,2.27683845965
quality_model_current,B8_new,never_fit_on_target,1394,700,20,0.95,2.0927,2.27058405009
quality_model_current,B8_new,never_fit_on_target,1395,700,20,1,2.2974,2.26425566827
quality_model_current,B8_new,never_fit_on_target,1396,700,50,0.05,0.5,2.26022611718
quality_model_current,B8_new,never_fit_on_target,1397,700,50,0.1,0.5,2.25410417841
quality_model_current,B8_new,never_fit_on_target,1398,700,50,0.2,0.5,2.24185149501
quality_model_current,B8_new,never_fit_on_target,1399,700,50,0.3,0.5,2.22958581871
quality_model_current,B8_new,never_fit_on_target,1400,700,50,0.4,0.515,2.21730526447
quality_model_current,B8_new,never_fit_on_target,1401,700,50,0.5,0.7581,2.20500730802
quality_model_current,B8_new,never_fit_on_target,1402,700,50,0.6,1.0355,2.19268839254
quality_model_current,B8_new,never_fit_on_target,1403,700,50,0.7,1.3068,2.18034312554
quality_model_current,B8_new,never_fit_on_target,1404,700,50,0.8,1.584,2.1679623302
quality_model_current,B8_new,never_fit_on_target,1405,700,50,0.9,1.9143,2.1555266187
quality_model_current,B8_new,never_fit_on_target,1406,700,50,0.95,2.0439,2.14927220914
quality_model_current,B8_new,never_fit_on_target,1407,700,50,1,2.071,2.14294382732
quality_model_current,B8_new,never_fit_on_target,1408,700,100,0.05,0.5,2.18704929768
quality_model_current,B8_new,never_fit_on_target,1409,700,100,0.1,0.5,2.18092735892
quality_model_current,B8_new,never_fit_on_target,1410,700,100,0.2,0.5,2.16867467552
quality_model_current,B8_new,never_fit_on_target,1411,700,100,0.3,0.5,2.15640899922
quality_model_current,B8_new,never_fit_on_target,1412,700,100,0.4,0.5,2.14412844498
quality_model_current,B8_new,never_fit_on_target,1413,700,100,0.5,0.7348,2.13183048852
quality_model_current,B8_new,never_fit_on_target,1414,700,100,0.6,0.9905,2.11951157305
quality_model_current,B8_new,never_fit_on_target,1415,700,100,0.7,1.2988,2.10716630605
quality_model_current,B8_new,never_fit_on_target,1416,700,100,0.8,1.5329,2.09478551071
quality_model_current,B8_new,never_fit_on_target,1417,700,100,0.9,1.7971,2.0823497992
quality_model_current,B8_new,never_fit_on_target,1418,700,100,0.95,1.9362,2.07609538965
quality_model_current,B8_new,never_fit_on_target,1419,700,100,1,2.0708,2.06976700782
quality_model_current,B8_new,never_fit_on_target,1420,700,150,0.05,0.5,2.15038141336
quality_model_current,B8_new,never_fit_on_target,1421,700,150,0.1,0.5,2.1442594746
quality_model_current,B8_new,never_fit_on_target,1422,700,150,0.2,0.5,2.13200679119
quality_model_current,B8_new,never_fit_on_target,1423,700,150,0.3,0.5,2.11974111489
quality_model_current,B8_new,never_fit_on_target,1424,700,150,0.4,0.5,2.10746056065
quality_model_current,B8_new,never_fit_on_target,1425,700,150,0.5,0.7523,2.0951626042
quality_model_current,B8_new,never_fit_on_target,1426,700,150,0.6,0.9957,2.08284368872
quality_model_current,B8_new,never_fit_on_target,1427,700,150,0.7,1.2155,2.07049842172
quality_model_current,B8_new,never_fit_on_target,1428,700,150,0.8,1.4766,2.05811762638
quality_model_current,B8_new,never_fit_on_target,1429,700,150,0.9,1.7601,2.04568191488
quality_model_current,B8_new,never_fit_on_target,1430,700,150,0.95,1.8874,2.03942750533
quality_model_current,B8_new,never_fit_on_target,1431,700,150,1,2.0154,2.0330991235
quality_model_current,B8_new,never_fit_on_target,1432,700,300,0.05,0.5,2.09657454381
quality_model_current,B8_new,never_fit_on_target,1433,700,300,0.1,0.5,2.09045260505
quality_model_current,B8_new,never_fit_on_target,1434,700,300,0.2,0.5,2.07819992164
quality_model_current,B8_new,never_fit_on_target,1435,700,300,0.3,0.5,2.06593424534
quality_model_current,B8_new,never_fit_on_target,1436,700,300,0.4,0.5,2.0536536911
quality_model_current,B8_new,never_fit_on_target,1437,700,300,0.5,0.7304,2.04135573465
quality_model_current,B8_new,never_fit_on_target,1438,700,300,0.6,0.9707,2.02903681917
quality_model_current,B8_new,never_fit_on_target,1439,700,300,0.7,1.208,2.01669155217
quality_model_current,B8_new,never_fit_on_target,1440,700,300,0.8,1.4829,2.00431075683
quality_model_current,B8_new,never_fit_on_target,1441,700,300,0.9,1.7289,1.99187504533
quality_model_current,B8_new,never_fit_on_target,1442,700,300,0.95,1.8991,1.98562063577
quality_model_current,B8_new,never_fit_on_target,1443,700,300,1,2.0155,1.97929225395
quality_model_current,B8_new,never_fit_on_target,1444,700,500,0.05,0.5,2.06309320776
quality_model_current,B8_new,never_fit_on_target,1445,700,500,0.1,0.5,2.056971269
quality_model_current,B8_new,never_fit_on_target,1446,700,500,0.2,0.5,2.04471858559
quality_model_current,B8_new,never_fit_on_target,1447,700,500,0.3,0.5,2.0324529093
quality_model_current,B8_new,never_fit_on_target,1448,700,500,0.4,0.5,2.02017235506
quality_model_current,B8_new,never_fit_on_target,1449,700,500,0.5,0.6974,2.0078743986
quality_model_current,B8_new,never_fit_on_target,1450,700,500,0.6,0.9578,1.99555548313
quality_model_current,B8_new,never_fit_on_target,1451,700,500,0.7,1.2213,1.98321021613
quality_model_current,B8_new,never_fit_on_target,1452,700,500,0.8,1.432,1.97082942079
quality_model_current,B8_new,never_fit_on_target,1453,700,500,0.9,1.6736,1.95839370928
quality_model_current,B8_new,never_fit_on_target,1454,700,500,0.95,1.8314,1.95213929973
quality_model_current,B8_new,never_fit_on_target,1455,700,500,1,1.9675,1.9458109179
quality_model_current,B8_new,never_fit_on_target,1456,700,1000,0.05,0.5,2.02467868863
quality_model_current,B8_new,never_fit_on_target,1457,700,1000,0.1,0.5,2.01855674987
quality_model_current,B8_new,never_fit_on_target,1458,700,1000,0.2,0.5,2.00630406646
quality_model_current,B8_new,never_fit_on_target,1459,700,1000,0.3,0.5,1.99403839016
quality_model_current,B8_new,never_fit_on_target,1460,700,1000,0.4,0.5,1.98175783592
quality_model_current,B8_new,never_fit_on_target,1461,700,1000,0.5,0.7003,1.96945987947
quality_model_current,B8_new,never_fit_on_target,1462,700,1000,0.6,0.9207,1.95714096399
quality_model_current,B8_new,never_fit_on_target,1463,700,1000,0.7,1.1975,1.94479569699
quality_model_current,B8_new,never_fit_on_target,1464,700,1000,0.8,1.4235,1.93241490165
quality_model_current,B8_new,never_fit_on_target,1465,700,1000,0.9,1.6964,1.91997919015
quality_model_current,B8_new,never_fit_on_target,1466,700,1000,0.95,1.818,1.91372478059
quality_model_current,B8_new,never_fit_on_target,1467,700,1000,1,1.882,1.90739639877
quality_model_current,B8_new,never_fit_on_target,1468,700,2000,0.05,0.5,1.99303816302
quality_model_current,B8_new,never_fit_on_target,1469,700,2000,0.1,0.5,1.98691622426
quality_model_current,B8_new,never_fit_on_target,1470,700,2000,0.2,0.5,1.97466354085
quality_model_current,B8_new,never_fit_on_target,1471,700,2000,0.3,0.5,1.96239786456
quality_model_current,B8_new,never_fit_on_target,1472,700,2000,0.4,0.5,1.95011731032
quality_model_current,B8_new,never_fit_on_target,1473,700,2000,0.5,0.6792,1.93781935386
quality_model_current,B8_new,never_fit_on_target,1474,700,2000,0.6,0.8872,1.92550043839
quality_model_current,B8_new,never_fit_on_target,1475,700,2000,0.7,1.1635,1.91315517139
quality_model_current,B8_new,never_fit_on_target,1476,700,2000,0.8,1.3899,1.90077437605
quality_model_current,B8_new,never_fit_on_target,1477,700,2000,0.9,1.6863,1.88833866454
quality_model_current,B8_new,never_fit_on_target,1478,700,2000,0.95,1.7351,1.88208425499
quality_model_current,B8_new,never_fit_on_target,1479,700,2000,1,1.8865,1.87575587316
quality_joint_nd_new,B8_new,never_fit_on_target,0,0.07,5,0.05,1.0401,3.94232691609
quality_joint_nd_new,B8_new,never_fit_on_target,1,0.07,5,0.1,1.1624,3.91162359127
quality_joint_nd_new,B8_new,never_fit_on_target,2,0.07,5,0.2,1.4286,3.85017633166
quality_joint_nd_new,B8_new,never_fit_on_target,3,0.07,5,0.3,1.6112,3.78866915698
quality_joint_nd_new,B8_new,never_fit_on_target,4,0.07,5,0.4,1.8958,3.72709338085
quality_joint_nd_new,B8_new,never_fit_on_target,5,0.07,5,0.5,2.1434,3.66543737252
quality_joint_nd_new,B8_new,never_fit_on_target,6,0.07,5,0.6,2.4434,3.60368474565
quality_joint_nd_new,B8_new,never_fit_on_target,7,0.07,5,0.7,2.6519,3.54181066037
quality_joint_nd_new,B8_new,never_fit_on_target,8,0.07,5,0.8,2.8801,3.47977285278
quality_joint_nd_new,B8_new,never_fit_on_target,9,0.07,5,0.9,3.0925,3.41748205641
quality_joint_nd_new,B8_new,never_fit_on_target,10,0.07,5,0.95,3.2372,3.38616832838
quality_joint_nd_new,B8_new,never_fit_on_target,11,0.07,5,1,3.3659,3.35451428183
quality_joint_nd_new,B8_new,never_fit_on_target,12,0.07,10,0.05,0.9918,3.78699697168
quality_joint_nd_new,B8_new,never_fit_on_target,13,0.07,10,0.95,3.2059,3.24591386746
quality_joint_nd_new,B8_new,never_fit_on_target,14,0.07,20,0.05,0.9701,3.65668001239
quality_joint_nd_new,B8_new,never_fit_on_target,15,0.07,20,0.1,1.096,3.62761864413
quality_joint_nd_new,B8_new,never_fit_on_target,16,0.07,20,0.2,1.2839,3.56945746938
quality_joint_nd_new,B8_new,never_fit_on_target,17,0.07,20,0.3,1.4876,3.5112395837
quality_joint_nd_new,B8_new,never_fit_on_target,18,0.07,20,0.4,1.7688,3.45295676526
quality_joint_nd_new,B8_new,never_fit_on_target,19,0.07,20,0.5,1.9631,3.39459800528
quality_joint_nd_new,B8_new,never_fit_on_target,20,0.07,20,0.6,2.1816,3.33614779373
quality_joint_nd_new,B8_new,never_fit_on_target,21,0.07,20,0.7,2.4162,3.27758261916
quality_joint_nd_new,B8_new,never_fit_on_target,22,0.07,20,0.8,2.6428,3.21886247784
quality_joint_nd_new,B8_new,never_fit_on_target,23,0.07,20,0.9,2.926,3.15990287709
quality_joint_nd_new,B8_new,never_fit_on_target,24,0.07,20,0.95,2.984,3.13026374884
quality_joint_nd_new,B8_new,never_fit_on_target,25,0.07,20,1,3.1277,3.10030250167
quality_joint_nd_new,B8_new,never_fit_on_target,26,0.07,50,0.05,0.9392,3.51551914718
quality_joint_nd_new,B8_new,never_fit_on_target,27,0.07,50,0.95,2.8636,3.00788302658
quality_joint_nd_new,B8_new,never_fit_on_target,28,0.07,100,0.05,0.891,3.42779894651
quality_joint_nd_new,B8_new,never_fit_on_target,29,0.07,100,0.1,1.0093,3.40053400306
quality_joint_nd_new,B8_new,never_fit_on_target,30,0.07,100,0.2,1.2339,3.34596805396
quality_joint_nd_new,B8_new,never_fit_on_target,31,0.07,100,0.3,1.4034,3.29134889952
quality_joint_nd_new,B8_new,never_fit_on_target,32,0.07,100,0.4,1.6433,3.23666882613
quality_joint_nd_new,B8_new,never_fit_on_target,33,0.07,100,0.5,1.8327,3.18191750552
quality_joint_nd_new,B8_new,never_fit_on_target,34,0.07,100,0.6,2.104,3.1270803864
quality_joint_nd_new,B8_new,never_fit_on_target,35,0.07,100,0.7,2.3189,3.07213541068
quality_joint_nd_new,B8_new,never_fit_on_target,36,0.07,100,0.8,2.4893,3.01704504747
quality_joint_nd_new,B8_new,never_fit_on_target,37,0.07,100,0.9,2.727,2.96173002698
quality_joint_nd_new,B8_new,never_fit_on_target,38,0.07,100,0.95,2.7802,2.9339230377
quality_joint_nd_new,B8_new,never_fit_on_target,39,0.07,100,1,2.8644,2.90581384123
quality_joint_nd_new,B8_new,never_fit_on_target,40,0.07,150,0.05,0.8911,3.38280717055
quality_joint_nd_new,B8_new,never_fit_on_target,41,0.07,150,0.95,2.7592,2.89680690705
quality_joint_nd_new,B8_new,never_fit_on_target,42,0.07,300,0.05,0.8812,3.31507677035
quality_joint_nd_new,B8_new,never_fit_on_target,43,0.07,300,0.95,2.6843,2.84225024741
quality_joint_nd_new,B8_new,never_fit_on_target,44,0.07,500,0.05,0.861,3.27157641335
quality_joint_nd_new,B8_new,never_fit_on_target,45,0.07,500,0.1,0.9621,3.24599684892
quality_joint_nd_new,B8_new,never_fit_on_target,46,0.07,500,0.2,1.1948,3.19480388707
quality_joint_nd_new,B8_new,never_fit_on_target,47,0.07,500,0.3,1.3491,3.14356100875
quality_joint_nd_new,B8_new,never_fit_on_target,48,0.07,500,0.4,1.5406,3.09226097718
quality_joint_nd_new,B8_new,never_fit_on_target,49,0.07,500,0.5,1.7858,3.04089410252
quality_joint_nd_new,B8_new,never_fit_on_target,50,0.07,500,0.6,1.9945,2.98944673298
quality_joint_nd_new,B8_new,never_fit_on_target,51,0.07,500,0.7,2.1765,2.93789817398
quality_joint_nd_new,B8_new,never_fit_on_target,52,0.07,500,0.8,2.4124,2.8862132146
quality_joint_nd_new,B8_new,never_fit_on_target,53,0.07,500,0.9,2.6083,2.83431748511
quality_joint_nd_new,B8_new,never_fit_on_target,54,0.07,500,0.95,2.7105,2.80822938135
quality_joint_nd_new,B8_new,never_fit_on_target,55,0.07,500,1,2.8055,2.78185775131
quality_joint_nd_new,B8_new,never_fit_on_target,56,0.07,1000,0.05,0.8471,3.21988736108
quality_joint_nd_new,B8_new,never_fit_on_target,57,0.07,1000,0.1,0.9414,3.19500116777
quality_joint_nd_new,B8_new,never_fit_on_target,58,0.07,1000,0.2,1.1388,3.14519586524
quality_joint_nd_new,B8_new,never_fit_on_target,59,0.07,1000,0.3,1.3853,3.09534199931
quality_joint_nd_new,B8_new,never_fit_on_target,60,0.07,1000,0.4,1.5663,3.04543252934
quality_joint_nd_new,B8_new,never_fit_on_target,61,0.07,1000,0.5,1.7504,2.99545802817
quality_joint_nd_new,B8_new,never_fit_on_target,62,0.07,1000,0.6,1.9928,2.94540521405
quality_joint_nd_new,B8_new,never_fit_on_target,63,0.07,1000,0.7,2.1482,2.89525395335
quality_joint_nd_new,B8_new,never_fit_on_target,64,0.07,1000,0.8,2.3195,2.8449699896
quality_joint_nd_new,B8_new,never_fit_on_target,65,0.07,1000,0.9,2.523,2.79448096897
quality_joint_nd_new,B8_new,never_fit_on_target,66,0.07,1000,0.95,2.6048,2.76910002102
quality_joint_nd_new,B8_new,never_fit_on_target,67,0.07,1000,1,2.7431,2.74344323218
quality_joint_nd_new,B8_new,never_fit_on_target,68,0.07,2000,0.05,0.8539,3.17533212778
quality_joint_nd_new,B8_new,never_fit_on_target,69,0.07,2000,0.1,0.9243,3.15112051075
quality_joint_nd_new,B8_new,never_fit_on_target,70,0.07,2000,0.2,1.1409,3.10266525304
quality_joint_nd_new,B8_new,never_fit_on_target,71,0.07,2000,0.3,1.3364,3.0541627483
quality_joint_nd_new,B8_new,never_fit_on_target,72,0.07,2000,0.4,1.5027,3.00560614675
quality_joint_nd_new,B8_new,never_fit_on_target,73,0.07,2000,0.5,1.7429,2.95698627676
quality_joint_nd_new,B8_new,never_fit_on_target,74,0.07,2000,0.6,1.9258,2.90829021661
quality_joint_nd_new,B8_new,never_fit_on_target,75,0.07,2000,0.7,2.1457,2.85949837842
quality_joint_nd_new,B8_new,never_fit_on_target,76,0.07,2000,0.8,2.3261,2.81057743428
quality_joint_nd_new,B8_new,never_fit_on_target,77,0.07,2000,0.9,2.5085,2.76145699163
quality_joint_nd_new,B8_new,never_fit_on_target,78,0.07,2000,0.95,2.5794,2.73676403101
quality_joint_nd_new,B8_new,never_fit_on_target,79,0.07,2000,1,2.7374,2.71180270657
quality_joint_nd_new,B8_new,never_fit_on_target,80,0.16,5,0.05,0.8104,3.65456056351
quality_joint_nd_new,B8_new,never_fit_on_target,81,0.16,5,0.1,0.9548,3.62770025923
quality_joint_nd_new,B8_new,never_fit_on_target,82,0.16,5,0.2,1.1752,3.57394412368
quality_joint_nd_new,B8_new,never_fit_on_target,83,0.16,5,0.3,1.4476,3.52013557242
quality_joint_nd_new,B8_new,never_fit_on_target,84,0.16,5,0.4,1.6751,3.4662670063
quality_joint_nd_new,B8_new,never_fit_on_target,85,0.16,5,0.5,1.9108,3.41232825034
quality_joint_nd_new,B8_new,never_fit_on_target,86,0.16,5,0.6,2.1591,3.35830496921
quality_joint_nd_new,B8_new,never_fit_on_target,87,0.16,5,0.7,2.4836,3.30417543218
quality_joint_nd_new,B8_new,never_fit_on_target,88,0.16,5,0.8,2.5952,3.24990266535
quality_joint_nd_new,B8_new,never_fit_on_target,89,0.16,5,0.9,2.8737,3.19540857539
quality_joint_nd_new,B8_new,never_fit_on_target,90,0.16,5,0.95,2.9535,3.16801426979
quality_joint_nd_new,B8_new,never_fit_on_target,91,0.16,5,1,3.1013,3.14032224206
quality_joint_nd_new,B8_new,never_fit_on_target,92,0.16,10,0.05,0.7726,3.50122495734
quality_joint_nd_new,B8_new,never_fit_on_target,93,0.16,10,0.95,2.9363,3.02786720512
quality_joint_nd_new,B8_new,never_fit_on_target,94,0.16,20,0.05,0.7755,3.37284827686
quality_joint_nd_new,B8_new,never_fit_on_target,95,0.16,20,0.1,0.8548,3.34742441157
quality_joint_nd_new,B8_new,never_fit_on_target,96,0.16,20,0.2,1.0782,3.29654305391
quality_joint_nd_new,B8_new,never_fit_on_target,97,0.16,20,0.3,1.3357,3.24561208363
quality_joint_nd_new,B8_new,never_fit_on_target,98,0.16,20,0.4,1.5464,3.19462430797
quality_joint_nd_new,B8_new,never_fit_on_target,99,0.16,20,0.5,1.7183,3.14357009609
quality_joint_nd_new,B8_new,never_fit_on_target,100,0.16,20,0.6,1.9486,3.0924358793
quality_joint_nd_new,B8_new,never_fit_on_target,101,0.16,20,0.7,2.2366,3.04120108897
quality_joint_nd_new,B8_new,never_fit_on_target,102,0.16,20,0.8,2.4177,2.9898307285
quality_joint_nd_new,B8_new,never_fit_on_target,103,0.16,20,0.9,2.6607,2.93825088086
quality_joint_nd_new,B8_new,never_fit_on_target,104,0.16,20,0.95,2.8283,2.91232157163
quality_joint_nd_new,B8_new,never_fit_on_target,105,0.16,20,1,2.8913,2.88611046191
quality_joint_nd_new,B8_new,never_fit_on_target,106,0.16,50,0.05,0.7379,3.23417183991
quality_joint_nd_new,B8_new,never_fit_on_target,107,0.16,50,0.95,2.6024,2.79007463725
quality_joint_nd_new,B8_new,never_fit_on_target,108,0.16,100,0.05,0.7109,3.14827197997
quality_joint_nd_new,B8_new,never_fit_on_target,109,0.16,100,0.1,0.8001,3.12441968769
quality_joint_nd_new,B8_new,never_fit_on_target,110,0.16,100,0.2,1.0158,3.07668355472
quality_joint_nd_new,B8_new,never_fit_on_target,111,0.16,100,0.3,1.2359,3.02890087592
quality_joint_nd_new,B8_new,never_fit_on_target,112,0.16,100,0.4,1.4134,2.98106490316
quality_joint_nd_new,B8_new,never_fit_on_target,113,0.16,100,0.5,1.6514,2.93316660093
quality_joint_nd_new,B8_new,never_fit_on_target,114,0.16,100,0.6,1.8608,2.88519323928
quality_joint_nd_new,B8_new,never_fit_on_target,115,0.16,100,0.7,2.0787,2.83712552103
quality_joint_nd_new,B8_new,never_fit_on_target,116,0.16,100,0.8,2.2318,2.7889306129
quality_joint_nd_new,B8_new,never_fit_on_target,117,0.16,100,0.9,2.4932,2.74053916701
quality_joint_nd_new,B8_new,never_fit_on_target,118,0.16,100,0.95,2.6163,2.71621267475
quality_joint_nd_new,B8_new,never_fit_on_target,119,0.16,100,1,2.678,2.69162180147
quality_joint_nd_new,B8_new,never_fit_on_target,120,0.16,150,0.05,0.6932,3.10432207444
quality_joint_nd_new,B8_new,never_fit_on_target,121,0.16,150,0.95,2.5091,2.67915264942
quality_joint_nd_new,B8_new,never_fit_on_target,122,0.16,300,0.05,0.6809,3.03833443059
quality_joint_nd_new,B8_new,never_fit_on_target,123,0.16,300,0.95,2.4941,2.62468983821
quality_joint_nd_new,B8_new,never_fit_on_target,124,0.16,500,0.05,0.6974,2.99608811703
quality_joint_nd_new,B8_new,never_fit_on_target,125,0.16,500,0.1,0.7769,2.97371025119
quality_joint_nd_new,B8_new,never_fit_on_target,126,0.16,500,0.2,0.9664,2.92892492123
quality_joint_nd_new,B8_new,never_fit_on_target,127,0.16,500,0.3,1.1736,2.88409592268
quality_joint_nd_new,B8_new,never_fit_on_target,128,0.16,500,0.4,1.351,2.83921692453
quality_joint_nd_new,B8_new,never_fit_on_target,129,0.16,500,0.5,1.5896,2.79427944979
quality_joint_nd_new,B8_new,never_fit_on_target,130,0.16,500,0.6,1.7639,2.74927155542
quality_joint_nd_new,B8_new,never_fit_on_target,131,0.16,500,0.7,1.9757,2.70417513709
quality_joint_nd_new,B8_new,never_fit_on_target,132,0.16,500,0.8,2.1303,2.65895939111
quality_joint_nd_new,B8_new,never_fit_on_target,133,0.16,500,0.9,2.3645,2.61355925633
quality_joint_nd_new,B8_new,never_fit_on_target,134,0.16,500,0.95,2.4958,2.59073650311
quality_joint_nd_new,B8_new,never_fit_on_target,135,0.16,500,1,2.5293,2.56766571154
quality_joint_nd_new,B8_new,never_fit_on_target,136,0.16,1000,0.05,0.6787,2.94606058852
quality_joint_nd_new,B8_new,never_fit_on_target,137,0.16,1000,0.1,0.7577,2.92428930711
quality_joint_nd_new,B8_new,never_fit_on_target,138,0.16,1000,0.2,0.9466,2.88071794835
quality_joint_nd_new,B8_new,never_fit_on_target,139,0.16,1000,0.3,1.1493,2.83710410469
quality_joint_nd_new,B8_new,never_fit_on_target,140,0.16,1000,0.4,1.3709,2.79344161674
quality_joint_nd_new,B8_new,never_fit_on_target,141,0.16,1000,0.5,1.5609,2.74972223729
quality_joint_nd_new,B8_new,never_fit_on_target,142,0.16,1000,0.6,1.7116,2.70593434704
quality_joint_nd_new,B8_new,never_fit_on_target,143,0.16,1000,0.7,2.0044,2.6620603324
quality_joint_nd_new,B8_new,never_fit_on_target,144,0.16,1000,0.8,2.0871,2.61807022466
quality_joint_nd_new,B8_new,never_fit_on_target,145,0.16,1000,0.9,2.3054,2.57390072624
quality_joint_nd_new,B8_new,never_fit_on_target,146,0.16,1000,0.95,2.4884,2.55169661678
quality_joint_nd_new,B8_new,never_fit_on_target,147,0.16,1000,1,2.5056,2.52925119241
quality_joint_nd_new,B8_new,never_fit_on_target,148,0.16,2000,0.05,0.6532,2.90312184096
quality_joint_nd_new,B8_new,never_fit_on_target,149,0.16,2000,0.1,0.7317,2.88194070165
quality_joint_nd_new,B8_new,never_fit_on_target,150,0.16,2000,0.2,0.9418,2.83955040763
quality_joint_nd_new,B8_new,never_fit_on_target,151,0.16,2000,0.3,1.1205,2.79711878032
quality_joint_nd_new,B8_new,never_fit_on_target,152,0.16,2000,0.4,1.335,2.7546398273
quality_joint_nd_new,B8_new,never_fit_on_target,153,0.16,2000,0.5,1.5166,2.71210552491
quality_joint_nd_new,B8_new,never_fit_on_target,154,0.16,2000,0.6,1.6953,2.6695045688
quality_joint_nd_new,B8_new,never_fit_on_target,155,0.16,2000,0.7,1.9296,2.62681982283
quality_joint_nd_new,B8_new,never_fit_on_target,156,0.16,2000,0.8,2.0992,2.58402213063
quality_joint_nd_new,B8_new,never_fit_on_target,157,0.16,2000,0.9,2.246,2.54104991039
quality_joint_nd_new,B8_new,never_fit_on_target,158,0.16,2000,0.95,2.3649,2.51944767546
quality_joint_nd_new,B8_new,never_fit_on_target,159,0.16,2000,1,2.4771,2.4976106668
quality_joint_nd_new,B8_new,never_fit_on_target,160,0.41,5,0.05,0.622,3.40124754768
quality_joint_nd_new,B8_new,never_fit_on_target,161,0.41,5,0.1,0.7497,3.37817973075
quality_joint_nd_new,B8_new,never_fit_on_target,162,0.41,5,0.2,1.0023,3.33201358605
quality_joint_nd_new,B8_new,never_fit_on_target,163,0.41,5,0.3,1.2344,3.28580242637
quality_joint_nd_new,B8_new,never_fit_on_target,164,0.41,5,0.4,1.4755,3.2395397255
quality_joint_nd_new,B8_new,never_fit_on_target,165,0.41,5,0.5,1.6916,3.19321674511
quality_joint_nd_new,B8_new,never_fit_on_target,166,0.41,5,0.6,1.98,3.14682117392
quality_joint_nd_new,B8_new,never_fit_on_target,167,0.41,5,0.7,2.2447,3.10033434942
quality_joint_nd_new,B8_new,never_fit_on_target,168,0.41,5,0.8,2.4492,3.05372451816
quality_joint_nd_new,B8_new,never_fit_on_target,169,0.41,5,0.9,2.6707,3.00692461306
quality_joint_nd_new,B8_new,never_fit_on_target,170,0.41,5,0.95,2.861,2.98339819205
quality_joint_nd_new,B8_new,never_fit_on_target,171,0.41,5,1,3.0229,2.95961608521
quality_joint_nd_new,B8_new,never_fit_on_target,172,0.41,10,0.05,0.6007,3.24988005552
quality_joint_nd_new,B8_new,never_fit_on_target,173,0.41,10,0.95,2.7299,2.84335711145
quality_joint_nd_new,B8_new,never_fit_on_target,174,0.41,20,0.05,0.581,3.12341814046
quality_joint_nd_new,B8_new,never_fit_on_target,175,0.41,20,0.1,0.695,3.10158394736
quality_joint_nd_new,B8_new,never_fit_on_target,176,0.41,20,0.2,0.9131,3.05788668199
quality_joint_nd_new,B8_new,never_fit_on_target,177,0.41,20,0.3,1.1552,3.01414680895
quality_joint_nd_new,B8_new,never_fit_on_target,178,0.41,20,0.4,1.3143,2.97035815106
quality_joint_nd_new,B8_new,never_fit_on_target,179,0.41,20,0.5,1.5963,2.92651243728
quality_joint_nd_new,B8_new,never_fit_on_target,180,0.41,20,0.6,1.7915,2.88259801472
quality_joint_nd_new,B8_new,never_fit_on_target,181,0.41,20,0.7,2.0338,2.8385972189
quality_joint_nd_new,B8_new,never_fit_on_target,182,0.41,20,0.8,2.246,2.7944799945
quality_joint_nd_new,B8_new,never_fit_on_target,183,0.41,20,0.9,2.474,2.75018286105
quality_joint_nd_new,B8_new,never_fit_on_target,184,0.41,20,0.95,2.5494,2.72791458917
quality_joint_nd_new,B8_new,never_fit_on_target,185,0.41,20,1,2.7188,2.70540430506
quality_joint_nd_new,B8_new,never_fit_on_target,186,0.41,50,0.05,0.536,2.98719346317
quality_joint_nd_new,B8_new,never_fit_on_target,187,0.41,50,0.95,2.4497,2.60579968345
quality_joint_nd_new,B8_new,never_fit_on_target,188,0.41,100,0.05,0.535,2.90309000767
quality_joint_nd_new,B8_new,never_fit_on_target,189,0.41,100,0.1,0.6432,2.88260549245
quality_joint_nd_new,B8_new,never_fit_on_target,190,0.41,100,0.2,0.8168,2.84160936801
quality_joint_nd_new,B8_new,never_fit_on_target,191,0.41,100,0.3,1.0559,2.80057326969
quality_joint_nd_new,B8_new,never_fit_on_target,192,0.41,100,0.4,1.2365,2.75949140215
quality_joint_nd_new,B8_new,never_fit_on_target,193,0.41,100,0.5,1.477,2.71835600562
quality_joint_nd_new,B8_new,never_fit_on_target,194,0.41,100,0.6,1.6841,2.67715614753
quality_joint_nd_new,B8_new,never_fit_on_target,195,0.41,100,0.7,1.8979,2.63587525534
quality_joint_nd_new,B8_new,never_fit_on_target,196,0.41,100,0.8,2.0213,2.59448513159
quality_joint_nd_new,B8_new,never_fit_on_target,197,0.41,100,0.9,2.2729,2.55292621984
quality_joint_nd_new,B8_new,never_fit_on_target,198,0.41,100,0.95,2.4488,2.53203445836
quality_joint_nd_new,B8_new,never_fit_on_target,199,0.41,100,1,2.488,2.51091564461
quality_joint_nd_new,B8_new,never_fit_on_target,200,0.41,150,0.05,0.5231,2.86016827267
quality_joint_nd_new,B8_new,never_fit_on_target,201,0.41,150,0.95,2.3801,2.4950298006
quality_joint_nd_new,B8_new,never_fit_on_target,202,0.41,300,0.05,0.5209,2.79590046907
quality_joint_nd_new,B8_new,never_fit_on_target,203,0.41,300,0.95,2.3692,2.44065960377
quality_joint_nd_new,B8_new,never_fit_on_target,204,0.41,500,0.05,0.5057,2.75489170911
quality_joint_nd_new,B8_new,never_fit_on_target,205,0.41,500,0.1,0.6047,2.73567344161
quality_joint_nd_new,B8_new,never_fit_on_target,206,0.41,500,0.2,0.8045,2.69721148741
quality_joint_nd_new,B8_new,never_fit_on_target,207,0.41,500,0.3,1.0122,2.65871203032
quality_joint_nd_new,B8_new,never_fit_on_target,208,0.41,500,0.4,1.2031,2.62016963322
quality_joint_nd_new,B8_new,never_fit_on_target,209,0.41,500,0.5,1.427,2.58157701602
quality_joint_nd_new,B8_new,never_fit_on_target,210,0.41,500,0.6,1.5817,2.54292392195
quality_joint_nd_new,B8_new,never_fit_on_target,211,0.41,500,0.7,1.7811,2.50419480289
quality_joint_nd_new,B8_new,never_fit_on_target,212,0.41,500,0.8,1.9863,2.4653632044
quality_joint_nd_new,B8_new,never_fit_on_target,213,0.41,500,0.9,2.1829,2.42637325152
quality_joint_nd_new,B8_new,never_fit_on_target,214,0.41,500,0.95,2.3182,2.40677291164
quality_joint_nd_new,B8_new,never_fit_on_target,215,0.41,500,1,2.3631,2.38695955469
quality_joint_nd_new,B8_new,never_fit_on_target,216,0.41,1000,0.05,0.5,2.7065038564
quality_joint_nd_new,B8_new,never_fit_on_target,217,0.41,1000,0.1,0.5885,2.68780652786
quality_joint_nd_new,B8_new,never_fit_on_target,218,0.41,1000,0.2,0.7592,2.6503871406
quality_joint_nd_new,B8_new,never_fit_on_target,219,0.41,1000,0.3,0.9951,2.61293126701
quality_joint_nd_new,B8_new,never_fit_on_target,220,0.41,1000,0.4,1.2144,2.57543361737
quality_joint_nd_new,B8_new,never_fit_on_target,221,0.41,1000,0.5,1.3941,2.53788710892
quality_joint_nd_new,B8_new,never_fit_on_target,222,0.41,1000,0.6,1.5743,2.50028176291
quality_joint_nd_new,B8_new,never_fit_on_target,223,0.41,1000,0.7,1.759,2.46260245267
quality_joint_nd_new,B8_new,never_fit_on_target,224,0.41,1000,0.8,1.9279,2.42482344086
quality_joint_nd_new,B8_new,never_fit_on_target,225,0.41,1000,0.9,2.1495,2.38689036709
quality_joint_nd_new,B8_new,never_fit_on_target,226,0.41,1000,0.95,2.2212,2.36782132279
quality_joint_nd_new,B8_new,never_fit_on_target,227,0.41,1000,1,2.4128,2.34854503556
quality_joint_nd_new,B8_new,never_fit_on_target,228,0.41,2000,0.05,0.5,2.66516033886
quality_joint_nd_new,B8_new,never_fit_on_target,229,0.41,2000,0.1,0.5802,2.64696982847
quality_joint_nd_new,B8_new,never_fit_on_target,230,0.41,2000,0.2,0.7774,2.61056474786
quality_joint_nd_new,B8_new,never_fit_on_target,231,0.41,2000,0.3,0.9982,2.57412416994
quality_joint_nd_new,B8_new,never_fit_on_target,232,0.41,2000,0.4,1.2122,2.53764294837
quality_joint_nd_new,B8_new,never_fit_on_target,233,0.41,2000,0.5,1.3202,2.50111419237
quality_joint_nd_new,B8_new,never_fit_on_target,234,0.41,2000,0.6,1.5758,2.46452819369
quality_joint_nd_new,B8_new,never_fit_on_target,235,0.41,2000,0.7,1.7331,2.42787023569
quality_joint_nd_new,B8_new,never_fit_on_target,236,0.41,2000,0.8,1.9375,2.39111527868
quality_joint_nd_new,B8_new,never_fit_on_target,237,0.41,2000,0.9,2.0973,2.35421043577
quality_joint_nd_new,B8_new,never_fit_on_target,238,0.41,2000,0.95,2.2225,2.33565828552
quality_joint_nd_new,B8_new,never_fit_on_target,239,0.41,2000,1,2.3248,2.31690450995
quality_joint_nd_new,B8_new,never_fit_on_target,240,0.7,5,0.05,0.5148,3.28493829811
quality_joint_nd_new,B8_new,never_fit_on_target,241,0.7,5,0.1,0.651,3.26378257164
quality_joint_nd_new,B8_new,never_fit_on_target,242,0.7,5,0.2,0.8807,3.22144313693
quality_joint_nd_new,B8_new,never_fit_on_target,243,0.7,5,0.3,1.1486,3.17906241852
quality_joint_nd_new,B8_new,never_fit_on_target,244,0.7,5,0.4,1.3678,3.13663443118
quality_joint_nd_new,B8_new,never_fit_on_target,245,0.7,5,0.5,1.6627,3.09415116088
quality_joint_nd_new,B8_new,never_fit_on_target,246,0.7,5,0.6,1.8832,3.05160131683
quality_joint_nd_new,B8_new,never_fit_on_target,247,0.7,5,0.7,2.1501,3.00896778345
quality_joint_nd_new,B8_new,never_fit_on_target,248,0.7,5,0.8,2.3581,2.96622143934
quality_joint_nd_new,B8_new,never_fit_on_target,249,0.7,5,0.9,2.6571,2.9233007766
quality_joint_nd_new,B8_new,never_fit_on_target,250,0.7,5,0.95,2.7097,2.90172445974
quality_joint_nd_new,B8_new,never_fit_on_target,251,0.7,5,1,2.862,2.87991365084
quality_joint_nd_new,B8_new,never_fit_on_target,252,0.7,10,0.05,0.5,3.13456308665
quality_joint_nd_new,B8_new,never_fit_on_target,253,0.7,10,0.95,2.657,2.76173681402
quality_joint_nd_new,B8_new,never_fit_on_target,254,0.7,20,0.05,0.5,3.0090665551
quality_joint_nd_new,B8_new,never_fit_on_target,255,0.7,20,0.1,0.5886,2.98904219743
quality_joint_nd_new,B8_new,never_fit_on_target,256,0.7,20,0.2,0.82,2.94896699674
quality_joint_nd_new,B8_new,never_fit_on_target,257,0.7,20,0.3,1.0213,2.90885272012
quality_joint_nd_new,B8_new,never_fit_on_target,258,0.7,20,0.4,1.2544,2.86869370242
quality_joint_nd_new,B8_new,never_fit_on_target,259,0.7,20,0.5,1.5102,2.8284823582
quality_joint_nd_new,B8_new,never_fit_on_target,260,0.7,20,0.6,1.733,2.78820800046
quality_joint_nd_new,B8_new,never_fit_on_target,261,0.7,20,0.7,1.9575,2.74785442894
quality_joint_nd_new,B8_new,never_fit_on_target,262,0.7,20,0.8,2.1359,2.70739407961
quality_joint_nd_new,B8_new,never_fit_on_target,263,0.7,20,0.9,2.4142,2.66676873387
quality_joint_nd_new,B8_new,never_fit_on_target,264,0.7,20,0.95,2.5456,2.6463462782
quality_joint_nd_new,B8_new,never_fit_on_target,265,0.7,20,1,2.5856,2.62570187068
quality_joint_nd_new,B8_new,never_fit_on_target,266,0.7,50,0.05,0.5,2.87407800225
quality_joint_nd_new,B8_new,never_fit_on_target,267,0.7,50,0.95,2.3802,2.52429793849
quality_joint_nd_new,B8_new,never_fit_on_target,268,0.7,100,0.05,0.5,2.79088025519
quality_joint_nd_new,B8_new,never_fit_on_target,269,0.7,100,0.1,0.5313,2.77209370066
quality_joint_nd_new,B8_new,never_fit_on_target,270,0.7,100,0.2,0.7638,2.73449574343
quality_joint_nd_new,B8_new,never_fit_on_target,271,0.7,100,0.3,0.9699,2.69686112574
quality_joint_nd_new,B8_new,never_fit_on_target,272,0.7,100,0.4,1.1979,2.65918453264
quality_joint_nd_new,B8_new,never_fit_on_target,273,0.7,100,0.5,1.3973,2.62145884757
quality_joint_nd_new,B8_new,never_fit_on_target,274,0.7,100,0.6,1.5891,2.58367404416
quality_joint_nd_new,B8_new,never_fit_on_target,275,0.7,100,0.7,1.8109,2.54581492356
quality_joint_nd_new,B8_new,never_fit_on_target,276,0.7,100,0.8,2.017,2.5078556256
quality_joint_nd_new,B8_new,never_fit_on_target,277,0.7,100,0.9,2.1928,2.46974153047
quality_joint_nd_new,B8_new,never_fit_on_target,278,0.7,100,0.95,2.3158,2.45058148632
quality_joint_nd_new,B8_new,never_fit_on_target,279,0.7,100,1,2.4334,2.43121321024
quality_joint_nd_new,B8_new,never_fit_on_target,280,0.7,150,0.05,0.5,2.74847690164
quality_joint_nd_new,B8_new,never_fit_on_target,281,0.7,150,0.95,2.3482,2.4136047437
quality_joint_nd_new,B8_new,never_fit_on_target,282,0.7,300,0.05,0.5,2.68507620446
quality_joint_nd_new,B8_new,never_fit_on_target,283,0.7,300,0.95,2.2639,2.35928124104
quality_joint_nd_new,B8_new,never_fit_on_target,284,0.7,500,0.05,0.5,2.64469139239
quality_joint_nd_new,B8_new,never_fit_on_target,285,0.7,500,0.1,0.5138,2.62706612635
quality_joint_nd_new,B8_new,never_fit_on_target,286,0.7,500,0.2,0.701,2.59179228209
quality_joint_nd_new,B8_new,never_fit_on_target,287,0.7,500,0.3,0.9241,2.55648404353
quality_joint_nd_new,B8_new,never_fit_on_target,288,0.7,500,0.4,1.1327,2.52113642427
quality_joint_nd_new,B8_new,never_fit_on_target,289,0.7,500,0.5,1.3085,2.48574274765
quality_joint_nd_new,B8_new,never_fit_on_target,290,0.7,500,0.6,1.5486,2.45029360708
quality_joint_nd_new,B8_new,never_fit_on_target,291,0.7,500,0.7,1.7063,2.41477474323
quality_joint_nd_new,B8_new,never_fit_on_target,292,0.7,500,0.8,1.8982,2.37916189447
quality_joint_nd_new,B8_new,never_fit_on_target,293,0.7,500,0.9,2.0978,2.34340381731
quality_joint_nd_new,B8_new,never_fit_on_target,294,0.7,500,0.95,2.1997,2.32542814886
quality_joint_nd_new,B8_new,never_fit_on_target,295,0.7,500,1,2.2912,2.30725712032
quality_joint_nd_new,B8_new,never_fit_on_target,296,0.7,1000,0.05,0.5,2.59713022892
quality_joint_nd_new,B8_new,never_fit_on_target,297,0.7,1000,0.1,0.5071,2.57998272123
quality_joint_nd_new,B8_new,never_fit_on_target,298,0.7,1000,0.2,0.7115,2.54566502557
quality_joint_nd_new,B8_new,never_fit_on_target,299,0.7,1000,0.3,0.9132,2.51131386792
quality_joint_nd_new,B8_new,never_fit_on_target,300,0.7,1000,0.4,1.1056,2.47692439704
quality_joint_nd_new,B8_new,never_fit_on_target,301,0.7,1000,0.5,1.322,2.44249011725
quality_joint_nd_new,B8_new,never_fit_on_target,302,0.7,1000,0.6,1.4614,2.40800187695
quality_joint_nd_new,B8_new,never_fit_on_target,303,0.7,1000,0.7,1.7068,2.37344580331
quality_joint_nd_new,B8_new,never_fit_on_target,304,0.7,1000,0.8,1.8896,2.33879829236
quality_joint_nd_new,B8_new,never_fit_on_target,305,0.7,1000,0.9,2.0683,2.30400948964
quality_joint_nd_new,B8_new,never_fit_on_target,306,0.7,1000,0.95,2.1816,2.2865210777
quality_joint_nd_new,B8_new,never_fit_on_target,307,0.7,1000,1,2.297,2.26884260118
quality_joint_nd_new,B8_new,never_fit_on_target,308,0.7,2000,0.05,0.5,2.55659099202
quality_joint_nd_new,B8_new,never_fit_on_target,309,0.7,2000,0.1,0.5001,2.53990829234
quality_joint_nd_new,B8_new,never_fit_on_target,310,0.7,2000,0.2,0.6784,2.50652082749
quality_joint_nd_new,B8_new,never_fit_on_target,311,0.7,2000,0.3,0.8706,2.47310080769
quality_joint_nd_new,B8_new,never_fit_on_target,312,0.7,2000,0.4,1.0904,2.43964351319
quality_joint_nd_new,B8_new,never_fit_on_target,313,0.7,2000,0.5,1.2499,2.40614262439
quality_joint_nd_new,B8_new,never_fit_on_target,314,0.7,2000,0.6,1.4277,2.37258923776
quality_joint_nd_new,B8_new,never_fit_on_target,315,0.7,2000,0.7,1.6336,2.33896985651
quality_joint_nd_new,B8_new,never_fit_on_target,316,0.7,2000,0.8,1.8579,2.3052615165
quality_joint_nd_new,B8_new,never_fit_on_target,317,0.7,2000,0.9,2.0246,2.27141571462
quality_joint_nd_new,B8_new,never_fit_on_target,318,0.7,2000,0.95,2.1556,2.2544013514
quality_joint_nd_new,B8_new,never_fit_on_target,319,0.7,2000,1,2.2183,2.23720207558
quality_joint_nd_new,B8_new,never_fit_on_target,320,1,5,0.05,0.5,3.21659676552
quality_joint_nd_new,B8_new,never_fit_on_target,321,1,5,0.1,0.5747,3.19662707222
quality_joint_nd_new,B8_new,never_fit_on_target,322,1,5,0.2,0.8142,3.15666127255
quality_joint_nd_new,B8_new,never_fit_on_target,323,1,5,0.3,1.0733,3.11665650364
quality_joint_nd_new,B8_new,never_fit_on_target,324,1,5,0.4,1.3204,3.07660711578
quality_joint_nd_new,B8_new,never_fit_on_target,325,1,5,0.5,1.5528,3.03650554424
quality_joint_nd_new,B8_new,never_fit_on_target,326,1,5,0.6,1.8086,2.99634113121
quality_joint_nd_new,B8_new,never_fit_on_target,327,1,5,0.7,2.0374,2.95609772065
quality_joint_nd_new,B8_new,never_fit_on_target,328,1,5,0.8,2.3623,2.91574782376
quality_joint_nd_new,B8_new,never_fit_on_target,329,1,5,0.9,2.5719,2.87523338089
quality_joint_nd_new,B8_new,never_fit_on_target,330,1,5,0.95,2.7672,2.85486667635
quality_joint_nd_new,B8_new,never_fit_on_target,331,1,5,1,2.8125,2.83427862586
quality_joint_nd_new,B8_new,never_fit_on_target,332,1,10,0.05,0.5,3.06683704682
quality_joint_nd_new,B8_new,never_fit_on_target,333,1,10,0.95,2.6357,2.71491217527
quality_joint_nd_new,B8_new,never_fit_on_target,334,1,20,0.05,0.5,2.9419393242
quality_joint_nd_new,B8_new,never_fit_on_target,335,1,20,0.1,0.5188,2.92303757285
quality_joint_nd_new,B8_new,never_fit_on_target,336,1,20,0.2,0.7381,2.88520906963
quality_joint_nd_new,B8_new,never_fit_on_target,337,1,20,0.3,0.9701,2.84734368115
quality_joint_nd_new,B8_new,never_fit_on_target,338,1,20,0.4,1.2279,2.80943605988
quality_joint_nd_new,B8_new,never_fit_on_target,339,1,20,0.5,1.4233,2.7714790456
quality_joint_nd_new,B8_new,never_fit_on_target,340,1,20,0.6,1.6574,2.73346255048
quality_joint_nd_new,B8_new,never_fit_on_target,341,1,20,0.7,1.8968,2.69537128247
quality_joint_nd_new,B8_new,never_fit_on_target,342,1,20,0.8,2.0844,2.65717922282
quality_joint_nd_new,B8_new,never_fit_on_target,343,1,20,0.9,2.3062,2.61883141681
quality_joint_nd_new,B8_new,never_fit_on_target,344,1,20,0.95,2.4517,2.59955388565
quality_joint_nd_new,B8_new,never_fit_on_target,345,1,20,1,2.6133,2.58006684571
quality_joint_nd_new,B8_new,never_fit_on_target,346,1,50,0.05,0.5,2.8077175157
quality_joint_nd_new,B8_new,never_fit_on_target,347,1,50,0.95,2.3371,2.47754683556
quality_joint_nd_new,B8_new,never_fit_on_target,348,1,100,0.05,0.5,2.72508156228
quality_joint_nd_new,B8_new,never_fit_on_target,349,1,100,0.1,0.5,2.7073482203
quality_joint_nd_new,B8_new,never_fit_on_target,350,1,100,0.2,0.7102,2.67185808122
quality_joint_nd_new,B8_new,never_fit_on_target,351,1,100,0.3,0.9137,2.63633333694
quality_joint_nd_new,B8_new,never_fit_on_target,352,1,100,0.4,1.1107,2.60076897048
quality_joint_nd_new,B8_new,never_fit_on_target,353,1,100,0.5,1.3086,2.56515826424
quality_joint_nd_new,B8_new,never_fit_on_target,354,1,100,0.6,1.5225,2.52949175396
quality_joint_nd_new,B8_new,never_fit_on_target,355,1,100,0.7,1.7077,2.49375509286
quality_joint_nd_new,B8_new,never_fit_on_target,356,1,100,0.8,1.9487,2.45792387054
quality_joint_nd_new,B8_new,never_fit_on_target,357,1,100,0.9,2.2185,2.42194652931
quality_joint_nd_new,B8_new,never_fit_on_target,358,1,100,0.95,2.3344,2.40386063629
quality_joint_nd_new,B8_new,never_fit_on_target,359,1,100,1,2.4489,2.38557818527
quality_joint_nd_new,B8_new,never_fit_on_target,360,1,150,0.05,0.5,2.68299975083
quality_joint_nd_new,B8_new,never_fit_on_target,361,1,150,0.95,2.1674,2.3669012089
quality_joint_nd_new,B8_new,never_fit_on_target,362,1,300,0.05,0.5,2.62013690319
quality_joint_nd_new,B8_new,never_fit_on_target,363,1,300,0.95,2.1877,2.31260666975
quality_joint_nd_new,B8_new,never_fit_on_target,364,1,500,0.05,0.5,2.58013911406
quality_joint_nd_new,B8_new,never_fit_on_target,365,1,500,0.1,0.5,2.56350195638
quality_joint_nd_new,B8_new,never_fit_on_target,366,1,500,0.2,0.6599,2.53020563575
quality_joint_nd_new,B8_new,never_fit_on_target,367,1,500,0.3,0.8544,2.49687684904
quality_joint_nd_new,B8_new,never_fit_on_target,368,1,500,0.4,1.0836,2.46351088939
quality_joint_nd_new,B8_new,never_fit_on_target,369,1,500,0.5,1.2157,2.43010145446
quality_joint_nd_new,B8_new,never_fit_on_target,370,1,500,0.6,1.4518,2.39663966499
quality_joint_nd_new,B8_new,never_fit_on_target,371,1,500,0.7,1.707,2.36311206108
quality_joint_nd_new,B8_new,never_fit_on_target,372,1,500,0.8,1.8739,2.32949574124
quality_joint_nd_new,B8_new,never_fit_on_target,373,1,500,0.9,2.0431,2.2957423348
quality_joint_nd_new,B8_new,never_fit_on_target,374,1,500,0.95,2.1733,2.27877441898
quality_joint_nd_new,B8_new,never_fit_on_target,375,1,500,1,2.2572,2.26162209534
quality_joint_nd_new,B8_new,never_fit_on_target,376,1,1000,0.05,0.5,2.53309073013
quality_joint_nd_new,B8_new,never_fit_on_target,377,1,1000,0.1,0.5,2.51690454668
quality_joint_nd_new,B8_new,never_fit_on_target,378,1,1000,0.2,0.6605,2.48451077101
quality_joint_nd_new,B8_new,never_fit_on_target,379,1,1000,0.3,0.8357,2.45208540931
quality_joint_nd_new,B8_new,never_fit_on_target,380,1,1000,0.4,1.0525,2.41962388229
quality_joint_nd_new,B8_new,never_fit_on_target,381,1,1000,0.5,1.2565,2.38712005844
quality_joint_nd_new,B8_new,never_fit_on_target,382,1,1000,0.6,1.407,2.35456529922
quality_joint_nd_new,B8_new,never_fit_on_target,383,1,1000,0.7,1.6907,2.32194650953
quality_joint_nd_new,B8_new,never_fit_on_target,384,1,1000,0.8,1.8615,2.2892414087
quality_joint_nd_new,B8_new,never_fit_on_target,385,1,1000,0.9,1.9758,2.25640293719
quality_joint_nd_new,B8_new,never_fit_on_target,386,1,1000,0.95,2.1305,2.23989496128
quality_joint_nd_new,B8_new,never_fit_on_target,387,1,1000,1,2.1409,2.22320757621
quality_joint_nd_new,B8_new,never_fit_on_target,388,1,2000,0.05,0.5,2.49305037312
quality_joint_nd_new,B8_new,never_fit_on_target,389,1,2000,0.1,0.5,2.4773029396
quality_joint_nd_new,B8_new,never_fit_on_target,390,1,2000,0.2,0.6467,2.44578724411
quality_joint_nd_new,B8_new,never_fit_on_target,391,1,2000,0.3,0.8314,2.41424081877
quality_joint_nd_new,B8_new,never_fit_on_target,392,1,2000,0.4,1.0295,2.38265920842
quality_joint_nd_new,B8_new,never_fit_on_target,393,1,2000,0.5,1.2251,2.35103644777
quality_joint_nd_new,B8_new,never_fit_on_target,394,1,2000,0.6,1.4304,2.31936413241
quality_joint_nd_new,B8_new,never_fit_on_target,395,1,2000,0.7,1.5995,2.28762952223
quality_joint_nd_new,B8_new,never_fit_on_target,396,1,2000,0.8,1.7725,2.25581094048
quality_joint_nd_new,B8_new,never_fit_on_target,397,1,2000,0.9,2.027,2.22386260328
quality_joint_nd_new,B8_new,never_fit_on_target,398,1,2000,0.95,2.0759,2.20780209995
quality_joint_nd_new,B8_new,never_fit_on_target,399,1,2000,1,2.2081,2.1915670506
quality_joint_nd_new,B8_new,never_fit_on_target,400,2.8,5,0.05,0.5,3.05339594627
quality_joint_nd_new,B8_new,never_fit_on_target,401,2.8,5,0.1,0.5,3.03648997036
quality_joint_nd_new,B8_new,never_fit_on_target,402,2.8,5,0.2,0.6798,3.00265565773
quality_joint_nd_new,B8_new,never_fit_on_target,403,2.8,5,0.3,0.9253,2.96878835444
quality_joint_nd_new,B8_new,never_fit_on_target,404,2.8,5,0.4,1.2039,2.93488327758
quality_joint_nd_new,B8_new,never_fit_on_target,405,2.8,5,0.5,1.4628,2.90093402297
quality_joint_nd_new,B8_new,never_fit_on_target,406,2.8,5,0.6,1.7229,2.8669315679
quality_joint_nd_new,B8_new,never_fit_on_target,407,2.8,5,0.7,2.0084,2.83286223497
quality_joint_nd_new,B8_new,never_fit_on_target,408,2.8,5,0.8,2.2056,2.79870275267
quality_joint_nd_new,B8_new,never_fit_on_target,409,2.8,5,0.9,2.4428,2.76440396877
quality_joint_nd_new,B8_new,never_fit_on_target,410,2.8,5,0.95,2.6201,2.74716189043
quality_joint_nd_new,B8_new,never_fit_on_target,411,2.8,5,1,2.721,2.72973242468
quality_joint_nd_new,B8_new,never_fit_on_target,412,2.8,10,0.05,0.5,2.90522614589
quality_joint_nd_new,B8_new,never_fit_on_target,413,2.8,10,0.95,2.4203,2.60729300736
quality_joint_nd_new,B8_new,never_fit_on_target,414,2.8,20,0.05,0.5,2.78187524454
quality_joint_nd_new,B8_new,never_fit_on_target,415,2.8,20,0.1,0.5,2.7658733687
quality_joint_nd_new,B8_new,never_fit_on_target,416,2.8,20,0.2,0.623,2.73384845201
quality_joint_nd_new,B8_new,never_fit_on_target,417,2.8,20,0.3,0.8308,2.70179230895
quality_joint_nd_new,B8_new,never_fit_on_target,418,2.8,20,0.4,1.0678,2.66970041237
quality_joint_nd_new,B8_new,never_fit_on_target,419,2.8,20,0.5,1.2966,2.63756670059
quality_joint_nd_new,B8_new,never_fit_on_target,420,2.8,20,0.6,1.5279,2.60538263341
quality_joint_nd_new,B8_new,never_fit_on_target,421,2.8,20,0.7,1.7488,2.57313526488
quality_joint_nd_new,B8_new,never_fit_on_target,422,2.8,20,0.8,2.0341,2.54080256799
quality_joint_nd_new,B8_new,never_fit_on_target,423,2.8,20,0.9,2.2362,2.50833801909
quality_joint_nd_new,B8_new,never_fit_on_target,424,2.8,20,0.95,2.3457,2.49201801495
quality_joint_nd_new,B8_new,never_fit_on_target,425,2.8,20,1,2.5073,2.47552064452
quality_joint_nd_new,B8_new,never_fit_on_target,426,2.8,50,0.05,0.5,2.64963406197
quality_joint_nd_new,B8_new,never_fit_on_target,427,2.8,50,0.95,2.253,2.3701176227
quality_joint_nd_new,B8_new,never_fit_on_target,428,2.8,100,0.05,0.5,2.56844931326
quality_joint_nd_new,B8_new,never_fit_on_target,429,2.8,100,0.1,0.5,2.55343659135
quality_joint_nd_new,B8_new,never_fit_on_target,430,2.8,100,0.2,0.5671,2.52339129083
quality_joint_nd_new,B8_new,never_fit_on_target,431,2.8,100,0.3,0.7708,2.4933166942
quality_joint_nd_new,B8_new,never_fit_on_target,432,2.8,100,0.4,0.9718,2.46320855415
quality_joint_nd_new,B8_new,never_fit_on_target,433,2.8,100,0.5,1.1999,2.43306118369
quality_joint_nd_new,B8_new,never_fit_on_target,434,2.8,100,0.6,1.4075,2.40286657056
quality_joint_nd_new,B8_new,never_fit_on_target,435,2.8,100,0.7,1.6363,2.37261256903
quality_joint_nd_new,B8_new,never_fit_on_target,436,2.8,100,0.8,1.8765,2.34227851371
quality_joint_nd_new,B8_new,never_fit_on_target,437,2.8,100,0.9,2.0444,2.31182075679
quality_joint_nd_new,B8_new,never_fit_on_target,438,2.8,100,0.95,2.1982,2.29650957164
quality_joint_nd_new,B8_new,never_fit_on_target,439,2.8,100,1,2.2588,2.28103198408
quality_joint_nd_new,B8_new,never_fit_on_target,440,2.8,150,0.05,0.5,2.52719809757
quality_joint_nd_new,B8_new,never_fit_on_target,441,2.8,150,0.95,2.1192,2.2595948723
quality_joint_nd_new,B8_new,never_fit_on_target,442,2.8,300,0.05,0.5,2.46572460315
quality_joint_nd_new,B8_new,never_fit_on_target,443,2.8,300,0.95,2.0528,2.20537515062
quality_joint_nd_new,B8_new,never_fit_on_target,444,2.8,500,0.05,0.5,2.4267265575
quality_joint_nd_new,B8_new,never_fit_on_target,445,2.8,500,0.1,0.5,2.41264184509
quality_joint_nd_new,B8_new,never_fit_on_target,446,2.8,500,0.2,0.5387,2.38445379102
quality_joint_nd_new,B8_new,never_fit_on_target,447,2.8,500,0.3,0.7277,2.35623825178
quality_joint_nd_new,B8_new,never_fit_on_target,448,2.8,500,0.4,0.9045,2.32799124259
quality_joint_nd_new,B8_new,never_fit_on_target,449,2.8,500,0.5,1.16,2.29970742803
quality_joint_nd_new,B8_new,never_fit_on_target,450,2.8,500,0.6,1.3308,2.27137929109
quality_joint_nd_new,B8_new,never_fit_on_target,451,2.8,500,0.7,1.5099,2.24299543683
quality_joint_nd_new,B8_new,never_fit_on_target,452,2.8,500,0.8,1.7571,2.21453647731
quality_joint_nd_new,B8_new,never_fit_on_target,453,2.8,500,0.9,1.9167,2.18596146278
quality_joint_nd_new,B8_new,never_fit_on_target,454,2.8,500,0.95,2.0846,2.1715967366
quality_joint_nd_new,B8_new,never_fit_on_target,455,2.8,500,1,2.1517,2.15707589416
quality_joint_nd_new,B8_new,never_fit_on_target,456,2.8,1000,0.05,0.5,2.38100276685
quality_joint_nd_new,B8_new,never_fit_on_target,457,2.8,1000,0.1,0.5,2.36729984096
quality_joint_nd_new,B8_new,never_fit_on_target,458,2.8,1000,0.2,0.519,2.3398758649
quality_joint_nd_new,B8_new,never_fit_on_target,459,2.8,1000,0.3,0.7239,2.31242514868
quality_joint_nd_new,B8_new,never_fit_on_target,460,2.8,1000,0.4,0.8987,2.28494381556
quality_joint_nd_new,B8_new,never_fit_on_target,461,2.8,1000,0.5,1.1398,2.25742667473
quality_joint_nd_new,B8_new,never_fit_on_target,462,2.8,1000,0.6,1.3353,2.22986641294
quality_joint_nd_new,B8_new,never_fit_on_target,463,2.8,1000,0.7,1.5354,2.20225194414
quality_joint_nd_new,B8_new,never_fit_on_target,464,2.8,1000,0.8,1.6984,2.1745644059
quality_joint_nd_new,B8_new,never_fit_on_target,465,2.8,1000,0.9,1.9178,2.1467639585
quality_joint_nd_new,B8_new,never_fit_on_target,466,2.8,1000,0.95,2.0038,2.13278860902
quality_joint_nd_new,B8_new,never_fit_on_target,467,2.8,1000,1,2.1237,2.11866137502
quality_joint_nd_new,B8_new,never_fit_on_target,468,2.8,2000,0.05,0.5,2.34225109812
quality_joint_nd_new,B8_new,never_fit_on_target,469,2.8,2000,0.1,0.5,2.32891960987
quality_joint_nd_new,B8_new,never_fit_on_target,470,2.8,2000,0.2,0.5242,2.30223900037
quality_joint_nd_new,B8_new,never_fit_on_target,471,2.8,2000,0.3,0.6887,2.27553237554
quality_joint_nd_new,B8_new,never_fit_on_target,472,2.8,2000,0.4,0.9232,2.24879596374
quality_joint_nd_new,B8_new,never_fit_on_target,473,2.8,2000,0.5,1.1045,2.22202471483
quality_joint_nd_new,B8_new,never_fit_on_target,474,2.8,2000,0.6,1.2855,2.19521151383
quality_joint_nd_new,B8_new,never_fit_on_target,475,2.8,2000,0.7,1.4788,2.16834557517
quality_joint_nd_new,B8_new,never_fit_on_target,476,2.8,2000,0.8,1.6576,2.14140854773
quality_joint_nd_new,B8_new,never_fit_on_target,477,2.8,2000,0.9,1.8775,2.1143616717
quality_joint_nd_new,B8_new,never_fit_on_target,478,2.8,2000,0.95,1.8822,2.10076514429
quality_joint_nd_new,B8_new,never_fit_on_target,479,2.8,2000,1,2.0839,2.08702084942
quality_joint_nd_new,B8_new,never_fit_on_target,480,4,5,0.05,0.5,3.00676598666
quality_joint_nd_new,B8_new,never_fit_on_target,481,4,5,0.1,0.5,2.99080779423
quality_joint_nd_new,B8_new,never_fit_on_target,482,4,5,0.2,0.6084,2.95887030215
quality_joint_nd_new,B8_new,never_fit_on_target,483,4,5,0.3,0.8843,2.92690166895
quality_joint_nd_new,B8_new,never_fit_on_target,484,4,5,0.4,1.1447,2.89489737983
quality_joint_nd_new,B8_new,never_fit_on_target,485,4,5,0.5,1.3943,2.86285138966
quality_joint_nd_new,B8_new,never_fit_on_target,486,4,5,0.6,1.6246,2.83075518156
quality_joint_nd_new,B8_new,never_fit_on_target,487,4,5,0.7,1.9244,2.7985958449
quality_joint_nd_new,B8_new,never_fit_on_target,488,4,5,0.8,2.1965,2.76635141284
quality_joint_nd_new,B8_new,never_fit_on_target,489,4,5,0.9,2.4512,2.7339754887
quality_joint_nd_new,B8_new,never_fit_on_target,490,4,5,0.95,2.5824,2.71770003643
quality_joint_nd_new,B8_new,never_fit_on_target,491,4,5,1,2.6973,2.70124770206
quality_joint_nd_new,B8_new,never_fit_on_target,492,4,10,0.05,0.5,2.85908803918
quality_joint_nd_new,B8_new,never_fit_on_target,493,4,10,0.95,2.4433,2.57785763992
quality_joint_nd_new,B8_new,never_fit_on_target,494,4,20,0.05,0.5,2.73621565837
quality_joint_nd_new,B8_new,never_fit_on_target,495,4,20,0.1,0.5,2.72111088031
quality_joint_nd_new,B8_new,never_fit_on_target,496,4,20,0.2,0.5655,2.69088134575
quality_joint_nd_new,B8_new,never_fit_on_target,497,4,20,0.3,0.8094,2.66062233544
quality_joint_nd_new,B8_new,never_fit_on_target,498,4,20,0.4,1.0284,2.63032957602
quality_joint_nd_new,B8_new,never_fit_on_target,499,4,20,0.5,1.2902,2.59999734565
quality_joint_nd_new,B8_new,never_fit_on_target,500,4,20,0.6,1.5025,2.5696175829
quality_joint_nd_new,B8_new,never_fit_on_target,501,4,20,0.7,1.7203,2.5391780676
quality_joint_nd_new,B8_new,never_fit_on_target,502,4,20,0.8,1.9253,2.50865800764
quality_joint_nd_new,B8_new,never_fit_on_target,503,4,20,0.9,2.2398,2.47801348755
quality_joint_nd_new,B8_new,never_fit_on_target,504,4,20,0.95,2.2806,2.46260841611
quality_joint_nd_new,B8_new,never_fit_on_target,505,4,20,1,2.4139,2.44703592191
quality_joint_nd_new,B8_new,never_fit_on_target,506,4,50,0.05,0.5,2.60458719697
quality_joint_nd_new,B8_new,never_fit_on_target,507,4,50,0.95,2.2424,2.34074101925
quality_joint_nd_new,B8_new,never_fit_on_target,508,4,100,0.05,0.5,2.5238513891
quality_joint_nd_new,B8_new,never_fit_on_target,509,4,100,0.1,0.5,2.50968031099
quality_joint_nd_new,B8_new,never_fit_on_target,510,4,100,0.2,0.5116,2.48131941129
quality_joint_nd_new,B8_new,never_fit_on_target,511,4,100,0.3,0.722,2.45293085787
quality_joint_nd_new,B8_new,never_fit_on_target,512,4,100,0.4,0.9435,2.42451064154
quality_joint_nd_new,B8_new,never_fit_on_target,513,4,100,0.5,1.1487,2.39605339415
quality_joint_nd_new,B8_new,never_fit_on_target,514,4,100,0.6,1.3727,2.36755155259
quality_joint_nd_new,B8_new,never_fit_on_target,515,4,100,0.7,1.6045,2.33899365208
quality_joint_nd_new,B8_new,never_fit_on_target,516,4,100,0.8,1.8522,2.31036018576
quality_joint_nd_new,B8_new,never_fit_on_target,517,4,100,0.9,2.1002,2.2816099528
quality_joint_nd_new,B8_new,never_fit_on_target,518,4,100,0.95,2.1195,2.26715714391
quality_joint_nd_new,B8_new,never_fit_on_target,519,4,100,1,2.2786,2.25254726147
quality_joint_nd_new,B8_new,never_fit_on_target,520,4,150,0.05,0.5,2.48285712432
quality_joint_nd_new,B8_new,never_fit_on_target,521,4,150,0.95,2.1044,2.23025628153
quality_joint_nd_new,B8_new,never_fit_on_target,522,4,300,0.05,0.5,2.42181343651
quality_joint_nd_new,B8_new,never_fit_on_target,523,4,300,0.95,2.0785,2.17605970517
quality_joint_nd_new,B8_new,never_fit_on_target,524,4,500,0.05,0.5,2.38312466885
quality_joint_nd_new,B8_new,never_fit_on_target,525,4,500,0.1,0.5,2.36982957414
quality_joint_nd_new,B8_new,never_fit_on_target,526,4,500,0.2,0.5,2.34322179987
quality_joint_nd_new,B8_new,never_fit_on_target,527,4,500,0.3,0.6833,2.31658808128
quality_joint_nd_new,B8_new,never_fit_on_target,528,4,500,0.4,0.888,2.28992465703
quality_joint_nd_new,B8_new,never_fit_on_target,529,4,500,0.5,1.0678,2.26322649079
quality_joint_nd_new,B8_new,never_fit_on_target,530,4,500,0.6,1.2876,2.23648648697
quality_joint_nd_new,B8_new,never_fit_on_target,531,4,500,0.7,1.5155,2.20969388946
quality_joint_nd_new,B8_new,never_fit_on_target,532,4,500,0.8,1.7157,2.18283039724
quality_joint_nd_new,B8_new,never_fit_on_target,533,4,500,0.9,1.9644,2.15585735629
quality_joint_nd_new,B8_new,never_fit_on_target,534,4,500,0.95,1.9848,2.14229794596
quality_joint_nd_new,B8_new,never_fit_on_target,535,4,500,1,2.1365,2.12859117155
quality_joint_nd_new,B8_new,never_fit_on_target,536,4,1000,0.05,0.5,2.33781065087
quality_joint_nd_new,B8_new,never_fit_on_target,537,4,1000,0.1,0.5,2.32487593895
quality_joint_nd_new,B8_new,never_fit_on_target,538,4,1000,0.2,0.5,2.29898940691
quality_joint_nd_new,B8_new,never_fit_on_target,539,4,1000,0.3,0.6866,2.27307763381
quality_joint_nd_new,B8_new,never_fit_on_target,540,4,1000,0.4,0.8604,2.24713696027
quality_joint_nd_new,B8_new,never_fit_on_target,541,4,1000,0.5,1.1039,2.22116248646
quality_joint_nd_new,B8_new,never_fit_on_target,542,4,1000,0.6,1.2945,2.19514730915
quality_joint_nd_new,B8_new,never_fit_on_target,543,4,1000,0.7,1.4835,2.16908096377
quality_joint_nd_new,B8_new,never_fit_on_target,544,4,1000,0.8,1.7176,2.14294564539
quality_joint_nd_new,B8_new,never_fit_on_target,545,4,1000,0.9,1.8943,2.11670374776
quality_joint_nd_new,B8_new,never_fit_on_target,546,4,1000,0.95,1.9293,2.10351188486
quality_joint_nd_new,B8_new,never_fit_on_target,547,4,1000,1,2.1308,2.09017665241
quality_joint_nd_new,B8_new,never_fit_on_target,548,4,2000,0.05,0.5,2.29945764732
quality_joint_nd_new,B8_new,never_fit_on_target,549,4,2000,0.1,0.5,2.28687354949
quality_joint_nd_new,B8_new,never_fit_on_target,550,4,2000,0.2,0.5,2.26168870936
quality_joint_nd_new,B8_new,never_fit_on_target,551,4,2000,0.3,0.642,2.23647931238
quality_joint_nd_new,B8_new,never_fit_on_target,552,4,2000,0.4,0.8502,2.21124179834
quality_joint_nd_new,B8_new,never_fit_on_target,553,4,2000,0.5,1.0844,2.18597140024
quality_joint_nd_new,B8_new,never_fit_on_target,554,4,2000,0.6,1.281,2.16066140196
quality_joint_nd_new,B8_new,never_fit_on_target,555,4,2000,0.7,1.4643,2.13530162261
quality_joint_nd_new,B8_new,never_fit_on_target,556,4,2000,0.8,1.6704,2.10987473985
quality_joint_nd_new,B8_new,never_fit_on_target,557,4,2000,0.9,1.8145,2.08434416684
quality_joint_nd_new,B8_new,never_fit_on_target,558,4,2000,0.95,1.9664,2.07150988848
quality_joint_nd_new,B8_new,never_fit_on_target,559,4,2000,1,2.0978,2.05853612681
quality_joint_nd_new,B8_new,never_fit_on_target,560,6.9,5,0.05,0.5,2.94359065415
quality_joint_nd_new,B8_new,never_fit_on_target,561,6.9,5,0.1,0.5,2.92897960864
quality_joint_nd_new,B8_new,never_fit_on_target,562,6.9,5,0.2,0.5546,2.89973819222
quality_joint_nd_new,B8_new,never_fit_on_target,563,6.9,5,0.3,0.7947,2.87046826352
quality_joint_nd_new,B8_new,never_fit_on_target,564,6.9,5,0.4,1.0436,2.84116568888
quality_joint_nd_new,B8_new,never_fit_on_target,565,6.9,5,0.5,1.3381,2.81182493348
quality_joint_nd_new,B8_new,never_fit_on_target,566,6.9,5,0.6,1.6422,2.78243819941
quality_joint_nd_new,B8_new,never_fit_on_target,567,6.9,5,0.7,1.8729,2.75299366592
quality_joint_nd_new,B8_new,never_fit_on_target,568,6.9,5,0.8,2.1078,2.72347122054
quality_joint_nd_new,B8_new,never_fit_on_target,569,6.9,5,0.9,2.465,2.6938283833
quality_joint_nd_new,B8_new,never_fit_on_target,570,6.9,5,0.95,2.5263,2.67892686015
quality_joint_nd_new,B8_new,never_fit_on_target,571,6.9,5,1,2.633,2.66386338682
quality_joint_nd_new,B8_new,never_fit_on_target,572,6.9,10,0.05,0.5,2.79661180953
quality_joint_nd_new,B8_new,never_fit_on_target,573,6.9,10,0.95,2.3738,2.53912211073
quality_joint_nd_new,B8_new,never_fit_on_target,574,6.9,20,0.05,0.5,2.67441958137
quality_joint_nd_new,B8_new,never_fit_on_target,575,6.9,20,0.1,0.5,2.66058990733
quality_joint_nd_new,B8_new,never_fit_on_target,576,6.9,20,0.2,0.5,2.63291226733
quality_joint_nd_new,B8_new,never_fit_on_target,577,6.9,20,0.3,0.7321,2.60520763983
quality_joint_nd_new,B8_new,never_fit_on_target,578,6.9,20,0.4,0.9636,2.57747211224
quality_joint_nd_new,B8_new,never_fit_on_target,579,6.9,20,0.5,1.2142,2.54970044573
quality_joint_nd_new,B8_new,never_fit_on_target,580,6.9,20,0.6,1.4457,2.52188525939
quality_joint_nd_new,B8_new,never_fit_on_target,581,6.9,20,0.7,1.6657,2.49401536465
quality_joint_nd_new,B8_new,never_fit_on_target,582,6.9,20,0.8,1.9664,2.4660717246
quality_joint_nd_new,B8_new,never_fit_on_target,583,6.9,20,0.9,2.1852,2.43801413101
quality_joint_nd_new,B8_new,never_fit_on_target,584,6.9,20,0.95,2.2902,2.42390951354
quality_joint_nd_new,B8_new,never_fit_on_target,585,6.9,20,1,2.4144,2.40965160667
quality_joint_nd_new,B8_new,never_fit_on_target,586,6.9,50,0.05,0.5,2.54366202083
quality_joint_nd_new,B8_new,never_fit_on_target,587,6.9,50,0.95,2.1785,2.30208901518
quality_joint_nd_new,B8_new,never_fit_on_target,588,6.9,100,0.05,0.5,2.46356432207
quality_joint_nd_new,B8_new,never_fit_on_target,589,6.9,100,0.1,0.5,2.45058952758
quality_joint_nd_new,B8_new,never_fit_on_target,590,6.9,100,0.2,0.5,2.42462277739
quality_joint_nd_new,B8_new,never_fit_on_target,591,6.9,100,0.3,0.6647,2.39863070794
quality_joint_nd_new,B8_new,never_fit_on_target,592,6.9,100,0.4,0.882,2.37260964848
quality_joint_nd_new,B8_new,never_fit_on_target,593,6.9,100,0.5,1.1201,2.34655468401
quality_joint_nd_new,B8_new,never_fit_on_target,594,6.9,100,0.6,1.3304,2.32045888991
quality_joint_nd_new,B8_new,never_fit_on_target,595,6.9,100,0.7,1.5242,2.29431176918
quality_joint_nd_new,B8_new,never_fit_on_target,596,6.9,100,0.8,1.818,2.2680954617
quality_joint_nd_new,B8_new,never_fit_on_target,597,6.9,100,0.9,1.9399,2.24177224471
quality_joint_nd_new,B8_new,never_fit_on_target,598,6.9,100,0.95,2.1119,2.22853950239
quality_joint_nd_new,B8_new,never_fit_on_target,599,6.9,100,1,2.2368,2.21516294623
quality_joint_nd_new,B8_new,never_fit_on_target,600,6.9,150,0.05,0.5,2.42293527848
quality_joint_nd_new,B8_new,never_fit_on_target,601,6.9,150,0.95,2.0784,2.19165830737
quality_joint_nd_new,B8_new,never_fit_on_target,602,6.9,300,0.05,0.5,2.36250250306
quality_joint_nd_new,B8_new,never_fit_on_target,603,6.9,300,0.95,1.98,2.137494629
quality_joint_nd_new,B8_new,never_fit_on_target,604,6.9,500,0.05,0.5,2.32425333252
quality_joint_nd_new,B8_new,never_fit_on_target,605,6.9,500,0.1,0.5,2.31208057332
quality_joint_nd_new,B8_new,never_fit_on_target,606,6.9,500,0.2,0.5,2.28771895451
quality_joint_nd_new,B8_new,never_fit_on_target,607,6.9,500,0.3,0.6224,2.26333358154
quality_joint_nd_new,B8_new,never_fit_on_target,608,6.9,500,0.4,0.8513,2.23892101058
quality_joint_nd_new,B8_new,never_fit_on_target,609,6.9,500,0.5,1.0567,2.21447663044
quality_joint_nd_new,B8_new,never_fit_on_target,610,6.9,500,0.6,1.2524,2.18999394455
quality_joint_nd_new,B8_new,never_fit_on_target,611,6.9,500,0.7,1.4759,2.16546310478
quality_joint_nd_new,B8_new,never_fit_on_target,612,6.9,500,0.8,1.6838,2.14086735504
quality_joint_nd_new,B8_new,never_fit_on_target,613,6.9,500,0.9,1.9071,2.11617130437
quality_joint_nd_new,B8_new,never_fit_on_target,614,6.9,500,0.95,1.9975,2.10375654234
quality_joint_nd_new,B8_new,never_fit_on_target,615,6.9,500,1,2.1285,2.0912068563
quality_joint_nd_new,B8_new,never_fit_on_target,616,6.9,1000,0.05,0.5,2.27952175135
quality_joint_nd_new,B8_new,never_fit_on_target,617,6.9,1000,0.1,0.5,2.2676789524
quality_joint_nd_new,B8_new,never_fit_on_target,618,6.9,1000,0.2,0.5,2.24397769053
quality_joint_nd_new,B8_new,never_fit_on_target,619,6.9,1000,0.3,0.6085,2.22025331839
quality_joint_nd_new,B8_new,never_fit_on_target,620,6.9,1000,0.4,0.8559,2.1965024855
quality_joint_nd_new,B8_new,never_fit_on_target,621,6.9,1000,0.5,1.0114,2.17272070567
quality_joint_nd_new,B8_new,never_fit_on_target,622,6.9,1000,0.6,1.2482,2.14890165841
quality_joint_nd_new,B8_new,never_fit_on_target,623,6.9,1000,0.7,1.4349,2.12503576256
quality_joint_nd_new,B8_new,never_fit_on_target,624,6.9,1000,0.8,1.6614,2.10110671621
quality_joint_nd_new,B8_new,never_fit_on_target,625,6.9,1000,0.9,1.837,2.07708008774
quality_joint_nd_new,B8_new,never_fit_on_target,626,6.9,1000,0.95,1.9432,2.0650018458
quality_joint_nd_new,B8_new,never_fit_on_target,627,6.9,1000,1,2.0548,2.05279233717
quality_joint_nd_new,B8_new,never_fit_on_target,628,6.9,2000,0.05,0.5,2.24173539681
quality_joint_nd_new,B8_new,never_fit_on_target,629,6.9,2000,0.1,0.5,2.23021361407
quality_joint_nd_new,B8_new,never_fit_on_target,630,6.9,2000,0.2,0.5,2.20715480921
quality_joint_nd_new,B8_new,never_fit_on_target,631,6.9,2000,0.3,0.6165,2.18407352051
quality_joint_nd_new,B8_new,never_fit_on_target,632,6.9,2000,0.4,0.8294,2.16096648832
quality_joint_nd_new,B8_new,never_fit_on_target,633,6.9,2000,0.5,1.005,2.13782934805
quality_joint_nd_new,B8_new,never_fit_on_target,634,6.9,2000,0.6,1.2332,2.11465595054
quality_joint_nd_new,B8_new,never_fit_on_target,635,6.9,2000,0.7,1.4283,2.09143697434
quality_joint_nd_new,B8_new,never_fit_on_target,636,6.9,2000,0.8,1.651,2.06815655943
quality_joint_nd_new,B8_new,never_fit_on_target,637,6.9,2000,0.9,1.8064,2.0447812075
quality_joint_nd_new,B8_new,never_fit_on_target,638,6.9,2000,0.95,1.9399,2.03303036379
quality_joint_nd_new,B8_new,never_fit_on_target,639,6.9,2000,1,1.9935,2.02115181156
quality_joint_nd_new,B8_new,never_fit_on_target,640,12,5,0.05,0.5,2.88815773976
quality_joint_nd_new,B8_new,never_fit_on_target,641,12,5,0.1,0.5,2.87479776082
quality_joint_nd_new,B8_new,never_fit_on_target,642,12,5,0.2,0.5,2.84806013227
quality_joint_nd_new,B8_new,never_fit_on_target,643,12,5,0.3,0.7234,2.8212964328
quality_joint_nd_new,B8_new,never_fit_on_target,644,12,5,0.4,1.0113,2.79450288269
quality_joint_nd_new,B8_new,never_fit_on_target,645,12,5,0.5,1.2841,2.76767442103
quality_joint_nd_new,B8_new,never_fit_on_target,646,12,5,0.6,1.5682,2.74080391761
quality_joint_nd_new,B8_new,never_fit_on_target,647,12,5,0.7,1.7793,2.71388056384
quality_joint_nd_new,B8_new,never_fit_on_target,648,12,5,0.8,2.0752,2.68688596936
quality_joint_nd_new,B8_new,never_fit_on_target,649,12,5,0.9,2.3423,2.65978129152
quality_joint_nd_new,B8_new,never_fit_on_target,650,12,5,0.95,2.4625,2.64615570701
quality_joint_nd_new,B8_new,never_fit_on_target,651,12,5,1,2.701,2.63238203925
quality_joint_nd_new,B8_new,never_fit_on_target,652,12,10,0.05,0.5,2.74182813702
quality_joint_nd_new,B8_new,never_fit_on_target,653,12,10,0.1,0.5,2.72883029965
quality_joint_nd_new,B8_new,never_fit_on_target,654,12,10,0.2,0.5,2.70281743322
quality_joint_nd_new,B8_new,never_fit_on_target,655,12,10,0.3,0.6963,2.67677920256
quality_joint_nd_new,B8_new,never_fit_on_target,656,12,10,0.4,0.9487,2.6507119304
quality_joint_nd_new,B8_new,never_fit_on_target,657,12,10,0.5,1.1986,2.62461069303
quality_joint_nd_new,B8_new,never_fit_on_target,658,12,10,0.6,1.4595,2.5984685535
quality_joint_nd_new,B8_new,never_fit_on_target,659,12,10,0.7,1.7275,2.57227499619
quality_joint_nd_new,B8_new,never_fit_on_target,660,12,10,0.8,1.9842,2.54601212927
quality_joint_nd_new,B8_new,never_fit_on_target,661,12,10,0.9,2.1983,2.51964216296
quality_joint_nd_new,B8_new,never_fit_on_target,662,12,10,0.95,2.3535,2.50638591964
quality_joint_nd_new,B8_new,never_fit_on_target,663,12,10,1,2.4582,2.49298560708
quality_joint_nd_new,B8_new,never_fit_on_target,664,12,20,0.05,0.5,2.6202675521
quality_joint_nd_new,B8_new,never_fit_on_target,665,12,20,0.1,0.5,2.60762203993
quality_joint_nd_new,B8_new,never_fit_on_target,666,12,20,0.2,0.5,2.58231428989
quality_joint_nd_new,B8_new,never_fit_on_target,667,12,20,0.3,0.6648,2.55698186316
quality_joint_nd_new,B8_new,never_fit_on_target,668,12,20,0.4,0.9074,2.53162118214
quality_joint_nd_new,B8_new,never_fit_on_target,669,12,20,0.5,1.1529,2.50622745659
quality_joint_nd_new,B8_new,never_fit_on_target,670,12,20,0.6,1.4022,2.48079393758
quality_joint_nd_new,B8_new,never_fit_on_target,671,12,20,0.7,1.6378,2.45531039456
quality_joint_nd_new,B8_new,never_fit_on_target,672,12,20,0.8,1.9488,2.42975942066
quality_joint_nd_new,B8_new,never_fit_on_target,673,12,20,0.9,2.1859,2.40410425045
quality_joint_nd_new,B8_new,never_fit_on_target,674,12,20,0.95,2.2362,2.39120733679
quality_joint_nd_new,B8_new,never_fit_on_target,675,12,20,1,2.3472,2.3781702591
quality_joint_nd_new,B8_new,never_fit_on_target,676,12,50,0.05,0.5,2.49031877858
quality_joint_nd_new,B8_new,never_fit_on_target,677,12,50,0.1,0.5,2.47812440089
quality_joint_nd_new,B8_new,never_fit_on_target,678,12,50,0.2,0.5,2.4537195165
quality_joint_nd_new,B8_new,never_fit_on_target,679,12,50,0.3,0.6406,2.42929083578
quality_joint_nd_new,B8_new,never_fit_on_target,680,12,50,0.4,0.8712,2.40483490875
quality_joint_nd_new,B8_new,never_fit_on_target,681,12,50,0.5,1.1272,2.38034711606
quality_joint_nd_new,B8_new,never_fit_on_target,682,12,50,0.6,1.3567,2.35582094958
quality_joint_nd_new,B8_new,never_fit_on_target,683,12,50,0.7,1.542,2.33124654371
quality_joint_nd_new,B8_new,never_fit_on_target,684,12,50,0.8,1.7878,2.30660711258
quality_joint_nd_new,B8_new,never_fit_on_target,685,12,50,0.9,2.0117,2.2818672024
quality_joint_nd_new,B8_new,never_fit_on_target,686,12,50,0.95,2.1497,2.26943039208
quality_joint_nd_new,B8_new,never_fit_on_target,687,12,50,1,2.2387,2.25685841815
quality_joint_nd_new,B8_new,never_fit_on_target,688,12,100,0.05,0.5,2.41081367812
quality_joint_nd_new,B8_new,never_fit_on_target,689,12,100,0.1,0.5,2.39894984668
quality_joint_nd_new,B8_new,never_fit_on_target,690,12,100,0.2,0.5,2.37520649201
quality_joint_nd_new,B8_new,never_fit_on_target,691,12,100,0.3,0.6166,2.35143998603
quality_joint_nd_new,B8_new,never_fit_on_target,692,12,100,0.4,0.8496,2.32764697231
quality_joint_nd_new,B8_new,never_fit_on_target,693,12,100,0.5,1.0745,2.30382295668
quality_joint_nd_new,B8_new,never_fit_on_target,694,12,100,0.6,1.3174,2.27996160744
quality_joint_nd_new,B8_new,never_fit_on_target,695,12,100,0.7,1.5083,2.25605332641
quality_joint_nd_new,B8_new,never_fit_on_target,696,12,100,0.8,1.762,2.23208178272
quality_joint_nd_new,B8_new,never_fit_on_target,697,12,100,0.9,1.9734,2.20801248361
quality_joint_nd_new,B8_new,never_fit_on_target,698,12,100,0.95,2.0303,2.19591279104
quality_joint_nd_new,B8_new,never_fit_on_target,699,12,100,1,2.2111,2.18368159866
quality_joint_nd_new,B8_new,never_fit_on_target,700,12,150,0.05,0.5,2.37052380766
quality_joint_nd_new,B8_new,never_fit_on_target,701,12,150,0.1,0.5,2.35884916408
quality_joint_nd_new,B8_new,never_fit_on_target,702,12,150,0.2,0.5,2.33548443537
quality_joint_nd_new,B8_new,never_fit_on_target,703,12,150,0.3,0.5971,2.31209692454
quality_joint_nd_new,B8_new,never_fit_on_target,704,12,150,0.4,0.8028,2.28868332866
quality_joint_nd_new,B8_new,never_fit_on_target,705,12,150,0.5,1.04,2.26523922527
quality_joint_nd_new,B8_new,never_fit_on_target,706,12,150,0.6,1.2578,2.2417583836
quality_joint_nd_new,B8_new,never_fit_on_target,707,12,150,0.7,1.4982,2.21823135854
quality_joint_nd_new,B8_new,never_fit_on_target,708,12,150,0.8,1.6931,2.19464207965
quality_joint_nd_new,B8_new,never_fit_on_target,709,12,150,0.9,2.013,2.17095660422
quality_joint_nd_new,B8_new,never_fit_on_target,710,12,150,0.95,2.0249,2.15904986069
quality_joint_nd_new,B8_new,never_fit_on_target,711,12,150,1,2.0668,2.14701371433
quality_joint_nd_new,B8_new,never_fit_on_target,712,12,300,0.05,0.5,2.31065837353
quality_joint_nd_new,B8_new,never_fit_on_target,713,12,300,0.1,0.5,2.29930018806
quality_joint_nd_new,B8_new,never_fit_on_target,714,12,300,0.2,0.5,2.27656879414
quality_joint_nd_new,B8_new,never_fit_on_target,715,12,300,0.3,0.5782,2.25381523564
quality_joint_nd_new,B8_new,never_fit_on_target,716,12,300,0.4,0.7936,2.23103629917
quality_joint_nd_new,B8_new,never_fit_on_target,717,12,300,0.5,0.9871,2.20822768213
quality_joint_nd_new,B8_new,never_fit_on_target,718,12,300,0.6,1.2252,2.18538332265
quality_joint_nd_new,B8_new,never_fit_on_target,719,12,300,0.7,1.4255,2.16249403166
quality_joint_nd_new,B8_new,never_fit_on_target,720,12,300,0.8,1.6725,2.13954417432
quality_joint_nd_new,B8_new,never_fit_on_target,721,12,300,0.9,1.8741,2.11650072798
quality_joint_nd_new,B8_new,never_fit_on_target,722,12,300,0.95,1.9887,2.10491673397
quality_joint_nd_new,B8_new,never_fit_on_target,723,12,300,1,2.0381,2.09320684478
quality_joint_nd_new,B8_new,never_fit_on_target,724,12,500,0.05,0.5,2.27281744744
quality_joint_nd_new,B8_new,never_fit_on_target,725,12,500,0.1,0.5,2.26168697724
quality_joint_nd_new,B8_new,never_fit_on_target,726,12,500,0.2,0.5,2.23941131504
quality_joint_nd_new,B8_new,never_fit_on_target,727,12,500,0.3,0.558,2.21711393262
quality_joint_nd_new,B8_new,never_fit_on_target,728,12,500,0.4,0.7966,2.19479168103
quality_joint_nd_new,B8_new,never_fit_on_target,729,12,500,0.5,0.9859,2.17244034391
quality_joint_nd_new,B8_new,never_fit_on_target,730,12,500,0.6,1.2293,2.15005398096
quality_joint_nd_new,B8_new,never_fit_on_target,731,12,500,0.7,1.4001,2.12762358729
quality_joint_nd_new,B8_new,never_fit_on_target,732,12,500,0.8,1.6431,2.10513384154
quality_joint_nd_new,B8_new,never_fit_on_target,733,12,500,0.9,1.8108,2.08255238312
quality_joint_nd_new,B8_new,never_fit_on_target,734,12,500,0.95,1.9414,2.07120063151
quality_joint_nd_new,B8_new,never_fit_on_target,735,12,500,1,2.0759,2.05972550874
quality_joint_nd_new,B8_new,never_fit_on_target,736,12,1000,0.05,0.5,2.22862676289
quality_joint_nd_new,B8_new,never_fit_on_target,737,12,1000,0.1,0.5,2.2177980002
quality_joint_nd_new,B8_new,never_fit_on_target,738,12,1000,0.2,0.5,2.19612615206
quality_joint_nd_new,B8_new,never_fit_on_target,739,12,1000,0.3,0.544,2.17443317246
quality_joint_nd_new,B8_new,never_fit_on_target,740,12,1000,0.4,0.7804,2.15271599781
quality_joint_nd_new,B8_new,never_fit_on_target,741,12,1000,0.5,0.9814,2.13097052603
quality_joint_nd_new,B8_new,never_fit_on_target,742,12,1000,0.6,1.193,2.10919097785
quality_joint_nd_new,B8_new,never_fit_on_target,743,12,1000,0.7,1.4183,2.08736859247
quality_joint_nd_new,B8_new,never_fit_on_target,744,12,1000,0.8,1.5722,2.06548846383
quality_joint_nd_new,B8_new,never_fit_on_target,745,12,1000,0.9,1.826,2.04351910851
quality_joint_nd_new,B8_new,never_fit_on_target,746,12,1000,0.95,1.9075,2.03247506257
quality_joint_nd_new,B8_new,never_fit_on_target,747,12,1000,1,2.0468,2.0213109896
quality_joint_nd_new,B8_new,never_fit_on_target,748,12,2000,0.05,0.5,2.19136664319
quality_joint_nd_new,B8_new,never_fit_on_target,749,12,2000,0.1,0.5,2.18083140978
quality_joint_nd_new,B8_new,never_fit_on_target,750,12,2000,0.2,0.5,2.15974700845
quality_joint_nd_new,B8_new,never_fit_on_target,751,12,2000,0.3,0.5484,2.13864204847
quality_joint_nd_new,B8_new,never_fit_on_target,752,12,2000,0.4,0.7469,2.11751354926
quality_joint_nd_new,B8_new,never_fit_on_target,753,12,2000,0.5,0.9661,2.09635751998
quality_joint_nd_new,B8_new,never_fit_on_target,754,12,2000,0.6,1.1885,2.07516833796
quality_joint_nd_new,B8_new,never_fit_on_target,755,12,2000,0.7,1.3664,2.05393747992
quality_joint_nd_new,B8_new,never_fit_on_target,756,12,2000,0.8,1.6065,2.03265044384
quality_joint_nd_new,B8_new,never_fit_on_target,757,12,2000,0.9,1.7583,2.0112765997
quality_joint_nd_new,B8_new,never_fit_on_target,758,12,2000,0.95,1.9375,2.0005319186
quality_joint_nd_new,B8_new,never_fit_on_target,759,12,2000,1,1.9695,1.989670464
quality_joint_nd_new,B8_new,never_fit_on_target,760,20,5,0.05,0.5,2.8436267428
quality_joint_nd_new,B8_new,never_fit_on_target,761,20,5,0.1,0.5,2.83132631879
quality_joint_nd_new,B8_new,never_fit_on_target,762,20,5,0.2,0.5,2.80670920152
quality_joint_nd_new,B8_new,never_fit_on_target,763,20,5,0.3,0.6738,2.78206808097
quality_joint_nd_new,B8_new,never_fit_on_target,764,20,5,0.4,0.9583,2.75739947717
quality_joint_nd_new,B8_new,never_fit_on_target,765,20,5,0.5,1.2067,2.7326987306
quality_joint_nd_new,B8_new,never_fit_on_target,766,20,5,0.6,1.5155,2.70795927653
quality_joint_nd_new,B8_new,never_fit_on_target,767,20,5,0.7,1.7701,2.68317116355
quality_joint_nd_new,B8_new,never_fit_on_target,768,20,5,0.8,2.0429,2.65831745984
quality_joint_nd_new,B8_new,never_fit_on_target,769,20,5,0.9,2.3981,2.63336240329
quality_joint_nd_new,B8_new,never_fit_on_target,770,20,5,0.95,2.5077,2.62081743839
quality_joint_nd_new,B8_new,never_fit_on_target,771,20,5,1,2.5772,2.60813613444
quality_joint_nd_new,B8_new,never_fit_on_target,772,20,10,0.05,0.5,2.69784699685
quality_joint_nd_new,B8_new,never_fit_on_target,773,20,10,0.1,0.5,2.68587999363
quality_joint_nd_new,B8_new,never_fit_on_target,774,20,10,0.2,0.5,2.66193015896
quality_joint_nd_new,B8_new,never_fit_on_target,775,20,10,0.3,0.641,2.63795697164
quality_joint_nd_new,B8_new,never_fit_on_target,776,20,10,0.4,0.8905,2.61395704606
quality_joint_nd_new,B8_new,never_fit_on_target,777,20,10,0.5,1.1635,2.58992584897
quality_joint_nd_new,B8_new,never_fit_on_target,778,20,10,0.6,1.446,2.5658569936
quality_joint_nd_new,B8_new,never_fit_on_target,779,20,10,0.7,1.7094,2.54174079831
quality_joint_nd_new,B8_new,never_fit_on_target,780,20,10,0.8,2.0156,2.51756079021
quality_joint_nd_new,B8_new,never_fit_on_target,781,20,10,0.9,2.2015,2.49328217658
quality_joint_nd_new,B8_new,never_fit_on_target,782,20,10,0.95,2.3473,2.48107726111
quality_joint_nd_new,B8_new,never_fit_on_target,783,20,10,1,2.4446,2.46873970226
quality_joint_nd_new,B8_new,never_fit_on_target,784,20,20,0.05,0.5,2.57682136405
quality_joint_nd_new,B8_new,never_fit_on_target,785,20,20,0.1,0.5,2.56517874378
quality_joint_nd_new,B8_new,never_fit_on_target,786,20,20,0.2,0.5,2.54187810404
quality_joint_nd_new,B8_new,never_fit_on_target,787,20,20,0.3,0.5948,2.51855474466
quality_joint_nd_new,B8_new,never_fit_on_target,788,20,20,0.4,0.8354,2.49520537179
quality_joint_nd_new,B8_new,never_fit_on_target,789,20,20,0.5,1.0991,2.47182557509
quality_joint_nd_new,B8_new,never_fit_on_target,790,20,20,0.6,1.3714,2.44840914088
quality_joint_nd_new,B8_new,never_fit_on_target,791,20,20,0.7,1.6057,2.42494664997
quality_joint_nd_new,B8_new,never_fit_on_target,792,20,20,0.8,1.8837,2.40142207599
quality_joint_nd_new,B8_new,never_fit_on_target,793,20,20,0.9,2.0254,2.37780156932
quality_joint_nd_new,B8_new,never_fit_on_target,794,20,20,0.95,2.2272,2.36592748575
quality_joint_nd_new,B8_new,never_fit_on_target,795,20,20,1,2.3884,2.35392435429
quality_joint_nd_new,B8_new,never_fit_on_target,796,20,50,0.05,0.5,2.44755756949
quality_joint_nd_new,B8_new,never_fit_on_target,797,20,50,0.1,0.5,2.43633030506
quality_joint_nd_new,B8_new,never_fit_on_target,798,20,50,0.2,0.5,2.41386092639
quality_joint_nd_new,B8_new,never_fit_on_target,799,20,50,0.3,0.5672,2.39136963861
quality_joint_nd_new,B8_new,never_fit_on_target,800,20,50,0.4,0.8172,2.36885326539
quality_joint_nd_new,B8_new,never_fit_on_target,801,20,50,0.5,1.0322,2.34630755372
quality_joint_nd_new,B8_new,never_fit_on_target,802,20,50,0.6,1.2838,2.3237265116
quality_joint_nd_new,B8_new,never_fit_on_target,803,20,50,0.7,1.5601,2.30110105587
quality_joint_nd_new,B8_new,never_fit_on_target,804,20,50,0.8,1.8085,2.27841573191
quality_joint_nd_new,B8_new,never_fit_on_target,805,20,50,0.9,2.0156,2.25563789771
quality_joint_nd_new,B8_new,never_fit_on_target,806,20,50,0.95,2.0825,2.24418742754
quality_joint_nd_new,B8_new,never_fit_on_target,807,20,50,1,2.2835,2.23261251333
quality_joint_nd_new,B8_new,never_fit_on_target,808,20,100,0.05,0.5,2.36855435315
quality_joint_nd_new,B8_new,never_fit_on_target,809,20,100,0.1,0.5,2.35763141997
quality_joint_nd_new,B8_new,never_fit_on_target,810,20,100,0.2,0.5,2.33577110633
quality_joint_nd_new,B8_new,never_fit_on_target,811,20,100,0.3,0.5564,2.31388947746
quality_joint_nd_new,B8_new,never_fit_on_target,812,20,100,0.4,0.793,2.29198344313
quality_joint_nd_new,B8_new,never_fit_on_target,813,20,100,0.5,0.9903,2.2700488656
quality_joint_nd_new,B8_new,never_fit_on_target,814,20,100,0.6,1.2411,2.24807991531
quality_joint_nd_new,B8_new,never_fit_on_target,815,20,100,0.7,1.4352,2.2260677553
quality_joint_nd_new,B8_new,never_fit_on_target,816,20,100,0.8,1.7346,2.20399734988
quality_joint_nd_new,B8_new,never_fit_on_target,817,20,100,0.9,1.9249,2.18183694185
quality_joint_nd_new,B8_new,never_fit_on_target,818,20,100,0.95,2.0146,2.17069685325
quality_joint_nd_new,B8_new,never_fit_on_target,819,20,100,1,2.1626,2.15943569384
quality_joint_nd_new,B8_new,never_fit_on_target,820,20,150,0.05,0.5,2.32855173562
quality_joint_nd_new,B8_new,never_fit_on_target,821,20,150,0.1,0.5,2.31780298618
quality_joint_nd_new,B8_new,never_fit_on_target,822,20,150,0.2,0.5,2.29629127038
quality_joint_nd_new,B8_new,never_fit_on_target,823,20,150,0.3,0.5609,2.27475857926
quality_joint_nd_new,B8_new,never_fit_on_target,824,20,150,0.4,0.7726,2.25320187186
quality_joint_nd_new,B8_new,never_fit_on_target,825,20,150,0.5,1.0014,2.23161707643
quality_joint_nd_new,B8_new,never_fit_on_target,826,20,150,0.6,1.2131,2.20999845637
quality_joint_nd_new,B8_new,never_fit_on_target,827,20,150,0.7,1.4349,2.18833731564
quality_joint_nd_new,B8_new,never_fit_on_target,828,20,150,0.8,1.6867,2.16661885832
quality_joint_nd_new,B8_new,never_fit_on_target,829,20,150,0.9,1.9415,2.14481183361
quality_joint_nd_new,B8_new,never_fit_on_target,830,20,150,0.95,1.9787,2.13384939164
quality_joint_nd_new,B8_new,never_fit_on_target,831,20,150,1,2.202,2.12276780952
quality_joint_nd_new,B8_new,never_fit_on_target,832,20,300,0.05,0.5,2.26916679491
quality_joint_nd_new,B8_new,never_fit_on_target,833,20,300,0.1,0.5,2.25870940588
quality_joint_nd_new,B8_new,never_fit_on_target,834,20,300,0.2,0.5,2.23778079627
quality_joint_nd_new,B8_new,never_fit_on_target,835,20,300,0.3,0.5245,2.21683177991
quality_joint_nd_new,B8_new,never_fit_on_target,836,20,300,0.4,0.7862,2.19585939826
quality_joint_nd_new,B8_new,never_fit_on_target,837,20,300,0.5,0.9918,2.17485968995
quality_joint_nd_new,B8_new,never_fit_on_target,838,20,300,0.6,1.1855,2.15382707388
quality_joint_nd_new,B8_new,never_fit_on_target,839,20,300,0.7,1.4233,2.13275308972
quality_joint_nd_new,B8_new,never_fit_on_target,840,20,300,0.8,1.616,2.11162334262
quality_joint_nd_new,B8_new,never_fit_on_target,841,20,300,0.9,1.8103,2.09040742888
quality_joint_nd_new,B8_new,never_fit_on_target,842,20,300,0.95,1.931,2.07974213976
quality_joint_nd_new,B8_new,never_fit_on_target,843,20,300,1,2.0706,2.06896093997
quality_joint_nd_new,B8_new,never_fit_on_target,844,20,500,0.05,0.5,2.23167161976
quality_joint_nd_new,B8_new,never_fit_on_target,845,20,500,0.1,0.5,2.22142388632
quality_joint_nd_new,B8_new,never_fit_on_target,846,20,500,0.2,0.5,2.2009148652
quality_joint_nd_new,B8_new,never_fit_on_target,847,20,500,0.3,0.5267,2.18038584645
quality_joint_nd_new,B8_new,never_fit_on_target,848,20,500,0.4,0.7311,2.15983393085
quality_joint_nd_new,B8_new,never_fit_on_target,849,20,500,0.5,0.9588,2.13925523646
quality_joint_nd_new,B8_new,never_fit_on_target,850,20,500,0.6,1.1533,2.11864429405
quality_joint_nd_new,B8_new,never_fit_on_target,851,20,500,0.7,1.3975,2.09799281293
quality_joint_nd_new,B8_new,never_fit_on_target,852,20,500,0.8,1.5833,2.07728668683
quality_joint_nd_new,B8_new,never_fit_on_target,853,20,500,0.9,1.8347,2.05649612161
quality_joint_nd_new,B8_new,never_fit_on_target,854,20,500,0.95,1.9382,2.04604465618
quality_joint_nd_new,B8_new,never_fit_on_target,855,20,500,1,2.0683,2.03547960392
quality_joint_nd_new,B8_new,never_fit_on_target,856,20,1000,0.05,0.5,2.18793903207
quality_joint_nd_new,B8_new,never_fit_on_target,857,20,1000,0.1,0.5,2.17796907828
quality_joint_nd_new,B8_new,never_fit_on_target,858,20,1000,0.2,0.5,2.15801598386
quality_joint_nd_new,B8_new,never_fit_on_target,859,20,1000,0.3,0.5122,2.13804343388
quality_joint_nd_new,B8_new,never_fit_on_target,860,20,1000,0.4,0.7145,2.1180486077
quality_joint_nd_new,B8_new,never_fit_on_target,861,20,1000,0.5,0.9421,2.0980277286
quality_joint_nd_new,B8_new,never_fit_on_target,862,20,1000,0.6,1.156,2.07797547562
quality_joint_nd_new,B8_new,never_fit_on_target,863,20,1000,0.7,1.3503,2.05788378279
quality_joint_nd_new,B8_new,never_fit_on_target,864,20,1000,0.8,1.5928,2.03773892621
quality_joint_nd_new,B8_new,never_fit_on_target,865,20,1000,0.9,1.8254,2.01751191935
quality_joint_nd_new,B8_new,never_fit_on_target,866,20,1000,0.95,1.8833,2.00734375602
quality_joint_nd_new,B8_new,never_fit_on_target,867,20,1000,1,1.9818,1.99706508479
quality_joint_nd_new,B8_new,never_fit_on_target,868,20,2000,0.05,0.5,2.15112459186
quality_joint_nd_new,B8_new,never_fit_on_target,869,20,2000,0.1,0.5,2.1414248881
quality_joint_nd_new,B8_new,never_fit_on_target,870,20,2000,0.2,0.5,2.12201265118
quality_joint_nd_new,B8_new,never_fit_on_target,871,20,2000,0.3,0.5,2.10258148608
quality_joint_nd_new,B8_new,never_fit_on_target,872,20,2000,0.4,0.7172,2.0831286486
quality_joint_nd_new,B8_new,never_fit_on_target,873,20,2000,0.5,0.9179,2.06365046441
quality_joint_nd_new,B8_new,never_fit_on_target,874,20,2000,0.6,1.1399,2.04414175677
quality_joint_nd_new,B8_new,never_fit_on_target,875,20,2000,0.7,1.352,2.02459467835
quality_joint_nd_new,B8_new,never_fit_on_target,876,20,2000,0.8,1.5389,2.00499587726
quality_joint_nd_new,B8_new,never_fit_on_target,877,20,2000,0.9,1.7931,1.9853171527
quality_joint_nd_new,B8_new,never_fit_on_target,878,20,2000,0.95,1.8594,1.97542461215
quality_joint_nd_new,B8_new,never_fit_on_target,879,20,2000,1,1.9584,1.96542455918
quality_joint_nd_new,B8_new,never_fit_on_target,880,40,5,0.05,0.5,2.79181050966
quality_joint_nd_new,B8_new,never_fit_on_target,881,40,5,0.1,0.5,2.78081472481
quality_joint_nd_new,B8_new,never_fit_on_target,882,40,5,0.2,0.5,2.75880861145
quality_joint_nd_new,B8_new,never_fit_on_target,883,40,5,0.3,0.5852,2.7367810407
quality_joint_nd_new,B8_new,never_fit_on_target,884,40,5,0.4,0.867,2.71472890171
quality_joint_nd_new,B8_new,never_fit_on_target,885,40,5,0.5,1.1797,2.69264802915
quality_joint_nd_new,B8_new,never_fit_on_target,886,40,5,0.6,1.4673,2.67053255459
quality_joint_nd_new,B8_new,never_fit_on_target,887,40,5,0.7,1.664,2.64837358211
quality_joint_nd_new,B8_new,never_fit_on_target,888,40,5,0.8,2.0255,2.62615597574
quality_joint_nd_new,B8_new,never_fit_on_target,889,40,5,0.9,2.2617,2.60384776648
quality_joint_nd_new,B8_new,never_fit_on_target,890,40,5,0.95,2.4282,2.59263337786
quality_joint_nd_new,B8_new,never_fit_on_target,891,40,5,1,2.5961,2.58129711094
quality_joint_nd_new,B8_new,never_fit_on_target,892,40,10,0.05,0.5,2.64670780713
quality_joint_nd_new,B8_new,never_fit_on_target,893,40,10,0.1,0.5,2.63601007894
quality_joint_nd_new,B8_new,never_fit_on_target,894,40,10,0.2,0.5,2.61460047313
quality_joint_nd_new,B8_new,never_fit_on_target,895,40,10,0.3,0.5768,2.59316999157
quality_joint_nd_new,B8_new,never_fit_on_target,896,40,10,0.4,0.8237,2.57171560773
quality_joint_nd_new,B8_new,never_fit_on_target,897,40,10,0.5,1.0791,2.55023326918
quality_joint_nd_new,B8_new,never_fit_on_target,898,40,10,0.6,1.3525,2.52871726656
quality_joint_nd_new,B8_new,never_fit_on_target,899,40,10,0.7,1.6241,2.5071589451
quality_joint_nd_new,B8_new,never_fit_on_target,900,40,10,0.8,1.9251,2.48554357911
quality_joint_nd_new,B8_new,never_fit_on_target,901,40,10,0.9,2.2087,2.46384006614
quality_joint_nd_new,B8_new,never_fit_on_target,902,40,10,0.95,2.253,2.45292965976
quality_joint_nd_new,B8_new,never_fit_on_target,903,40,10,1,2.4636,2.44190067876
quality_joint_nd_new,B8_new,never_fit_on_target,904,40,20,0.05,0.5,2.52634086551
quality_joint_nd_new,B8_new,never_fit_on_target,905,40,20,0.1,0.5,2.51593311472
quality_joint_nd_new,B8_new,never_fit_on_target,906,40,20,0.2,0.5,2.49510384727
quality_joint_nd_new,B8_new,never_fit_on_target,907,40,20,0.3,0.5362,2.47425426993
quality_joint_nd_new,B8_new,never_fit_on_target,908,40,20,0.4,0.7886,2.45338143821
quality_joint_nd_new,B8_new,never_fit_on_target,909,40,20,0.5,1.0198,2.43248140954
quality_joint_nd_new,B8_new,never_fit_on_target,910,40,20,0.6,1.3092,2.41154862931
quality_joint_nd_new,B8_new,never_fit_on_target,911,40,20,0.7,1.562,2.39057467736
quality_joint_nd_new,B8_new,never_fit_on_target,912,40,20,0.8,1.7885,2.36954522715
quality_joint_nd_new,B8_new,never_fit_on_target,913,40,20,0.9,2.0261,2.34843001932
quality_joint_nd_new,B8_new,never_fit_on_target,914,40,20,0.95,2.1982,2.33781535529
quality_joint_nd_new,B8_new,never_fit_on_target,915,40,20,1,2.3679,2.32708533078
quality_joint_nd_new,B8_new,never_fit_on_target,916,40,50,0.05,0.5,2.39792049147
quality_joint_nd_new,B8_new,never_fit_on_target,917,40,50,0.1,0.5,2.387884042
quality_joint_nd_new,B8_new,never_fit_on_target,918,40,50,0.2,0.5,2.36779786826
quality_joint_nd_new,B8_new,never_fit_on_target,919,40,50,0.3,0.5011,2.34769210921
quality_joint_nd_new,B8_new,never_fit_on_target,920,40,50,0.4,0.7348,2.32756392539
quality_joint_nd_new,B8_new,never_fit_on_target,921,40,50,0.5,1.0179,2.30740951488
quality_joint_nd_new,B8_new,never_fit_on_target,922,40,50,0.6,1.2307,2.28722352123
quality_joint_nd_new,B8_new,never_fit_on_target,923,40,50,0.7,1.4863,2.26699782469
quality_joint_nd_new,B8_new,never_fit_on_target,924,40,50,0.8,1.6999,2.24671860982
quality_joint_nd_new,B8_new,never_fit_on_target,925,40,50,0.9,1.9707,2.22635669676
quality_joint_nd_new,B8_new,never_fit_on_target,926,40,50,0.95,2.0827,2.21612071577
quality_joint_nd_new,B8_new,never_fit_on_target,927,40,50,1,2.262,2.20577348983
quality_joint_nd_new,B8_new,never_fit_on_target,928,40,100,0.05,0.5,2.31953524939
quality_joint_nd_new,B8_new,never_fit_on_target,929,40,100,0.1,0.5,2.30977085241
quality_joint_nd_new,B8_new,never_fit_on_target,930,40,100,0.2,0.5,2.29022914349
quality_joint_nd_new,B8_new,never_fit_on_target,931,40,100,0.3,0.5,2.27066838013
quality_joint_nd_new,B8_new,never_fit_on_target,932,40,100,0.4,0.7481,2.25108579986
quality_joint_nd_new,B8_new,never_fit_on_target,933,40,100,0.5,0.9344,2.23147770382
quality_joint_nd_new,B8_new,never_fit_on_target,934,40,100,0.6,1.1814,2.21183888075
quality_joint_nd_new,B8_new,never_fit_on_target,935,40,100,0.7,1.417,2.19216143099
quality_joint_nd_new,B8_new,never_fit_on_target,936,40,100,0.8,1.6703,2.17243191359
quality_joint_nd_new,B8_new,never_fit_on_target,937,40,100,0.9,1.9207,2.15262193965
quality_joint_nd_new,B8_new,never_fit_on_target,938,40,100,0.95,2.0172,2.14266341974
quality_joint_nd_new,B8_new,never_fit_on_target,939,40,100,1,2.1214,2.13259667034
quality_joint_nd_new,B8_new,never_fit_on_target,940,40,150,0.05,0.5,2.27988632891
quality_joint_nd_new,B8_new,never_fit_on_target,941,40,150,0.1,0.5,2.27027764093
quality_joint_nd_new,B8_new,never_fit_on_target,942,40,150,0.2,0.5,2.25104755597
quality_joint_nd_new,B8_new,never_fit_on_target,943,40,150,0.3,0.5,2.23179872043
quality_joint_nd_new,B8_new,never_fit_on_target,944,40,150,0.4,0.7164,2.21252841589
quality_joint_nd_new,B8_new,never_fit_on_target,945,40,150,0.5,0.9445,2.19323300246
quality_joint_nd_new,B8_new,never_fit_on_target,946,40,150,0.6,1.2004,2.173907352
quality_joint_nd_new,B8_new,never_fit_on_target,947,40,150,0.7,1.4026,2.1545436908
quality_joint_nd_new,B8_new,never_fit_on_target,948,40,150,0.8,1.6463,2.13512879227
quality_joint_nd_new,B8_new,never_fit_on_target,949,40,150,0.9,1.8339,2.11563472022
quality_joint_nd_new,B8_new,never_fit_on_target,950,40,150,0.95,1.9979,2.10583500491
quality_joint_nd_new,B8_new,never_fit_on_target,951,40,150,1,2.0917,2.09592878602
quality_joint_nd_new,B8_new,never_fit_on_target,952,40,300,0.05,0.5,2.2210930239
quality_joint_nd_new,B8_new,never_fit_on_target,953,40,300,0.1,0.5,2.21174479332
quality_joint_nd_new,B8_new,never_fit_on_target,954,40,300,0.2,0.5,2.19303596765
quality_joint_nd_new,B8_new,never_fit_on_target,955,40,300,0.3,0.5,2.17430889966
quality_joint_nd_new,B8_new,never_fit_on_target,956,40,300,0.4,0.6864,2.15556094461
quality_joint_nd_new,B8_new,never_fit_on_target,957,40,300,0.5,0.9212,2.13678856129
quality_joint_nd_new,B8_new,never_fit_on_target,958,40,300,0.6,1.1336,2.11798676055
quality_joint_nd_new,B8_new,never_fit_on_target,959,40,300,0.7,1.3816,2.09914797942
quality_joint_nd_new,B8_new,never_fit_on_target,960,40,300,0.8,1.5375,2.08025934981
quality_joint_nd_new,B8_new,never_fit_on_target,961,40,300,0.9,1.8101,2.0612936928
quality_joint_nd_new,B8_new,never_fit_on_target,962,40,300,0.95,1.9054,2.05175961296
quality_joint_nd_new,B8_new,never_fit_on_target,963,40,300,1,2.0147,2.04212191646
quality_joint_nd_new,B8_new,never_fit_on_target,964,40,500,0.05,0.5,2.18402357486
quality_joint_nd_new,B8_new,never_fit_on_target,965,40,500,0.1,0.5,2.17486276284
quality_joint_nd_new,B8_new,never_fit_on_target,966,40,500,0.2,0.5,2.15652902218
quality_joint_nd_new,B8_new,never_fit_on_target,967,40,500,0.3,0.5,2.13817740494
quality_joint_nd_new,B8_new,never_fit_on_target,968,40,500,0.4,0.7035,2.11980531939
quality_joint_nd_new,B8_new,never_fit_on_target,969,40,500,0.5,0.8866,2.10140929533
quality_joint_nd_new,B8_new,never_fit_on_target,970,40,500,0.6,1.1238,2.08298444362
quality_joint_nd_new,B8_new,never_fit_on_target,971,40,500,0.7,1.351,2.06452335292
quality_joint_nd_new,B8_new,never_fit_on_target,972,40,500,0.8,1.5771,2.04601341314
quality_joint_nd_new,B8_new,never_fit_on_target,973,40,500,0.9,1.7729,2.02742799024
quality_joint_nd_new,B8_new,never_fit_on_target,974,40,500,0.95,1.8226,2.01808505498
quality_joint_nd_new,B8_new,never_fit_on_target,975,40,500,1,2.0298,2.00864058042
quality_joint_nd_new,B8_new,never_fit_on_target,976,40,1000,0.05,0.5,2.14085504582
quality_joint_nd_new,B8_new,never_fit_on_target,977,40,1000,0.1,0.5,2.13194255087
quality_joint_nd_new,B8_new,never_fit_on_target,978,40,1000,0.2,0.5,2.11410577279
quality_joint_nd_new,B8_new,never_fit_on_target,979,40,1000,0.3,0.5,2.09625160269
quality_joint_nd_new,B8_new,never_fit_on_target,980,40,1000,0.4,0.6682,2.07837751911
quality_joint_nd_new,B8_new,never_fit_on_target,981,40,1000,0.5,0.8929,2.06048014591
quality_joint_nd_new,B8_new,never_fit_on_target,982,40,1000,0.6,1.1087,2.04255472647
quality_joint_nd_new,B8_new,never_fit_on_target,983,40,1000,0.7,1.3121,2.02459405036
quality_joint_nd_new,B8_new,never_fit_on_target,984,40,1000,0.8,1.5165,2.00658584929
quality_joint_nd_new,B8_new,never_fit_on_target,985,40,1000,0.9,1.7375,1.98850421117
quality_joint_nd_new,B8_new,never_fit_on_target,986,40,1000,0.95,1.8219,1.97941452969
quality_joint_nd_new,B8_new,never_fit_on_target,987,40,1000,1,1.9394,1.97022606128
quality_joint_nd_new,B8_new,never_fit_on_target,988,40,2000,0.05,0.5,2.10458937462
quality_joint_nd_new,B8_new,never_fit_on_target,989,40,2000,0.1,0.5,2.09591846575
quality_joint_nd_new,B8_new,never_fit_on_target,990,40,2000,0.2,0.5,2.07856517935
quality_joint_nd_new,B8_new,never_fit_on_target,991,40,2000,0.3,0.5,2.06119497238
quality_joint_nd_new,B8_new,never_fit_on_target,992,40,2000,0.4,0.6377,2.04380539171
quality_joint_nd_new,B8_new,never_fit_on_target,993,40,2000,0.5,0.8589,2.0263931527
quality_joint_nd_new,B8_new,never_fit_on_target,994,40,2000,0.6,1.0771,2.00895362771
quality_joint_nd_new,B8_new,never_fit_on_target,995,40,2000,0.7,1.3187,1.99147980172
quality_joint_nd_new,B8_new,never_fit_on_target,996,40,2000,0.8,1.5044,1.973959739
quality_joint_nd_new,B8_new,never_fit_on_target,997,40,2000,0.9,1.7336,1.95636822986
quality_joint_nd_new,B8_new,never_fit_on_target,998,40,2000,0.95,1.7276,1.94752493735
quality_joint_nd_new,B8_new,never_fit_on_target,999,40,2000,1,1.9275,1.93858553568
quality_joint_nd_new,B8_new,never_fit_on_target,1000,70,5,0.05,0.5,2.75609313958
quality_joint_nd_new,B8_new,never_fit_on_target,1001,70,5,0.1,0.5,2.74604899362
quality_joint_nd_new,B8_new,never_fit_on_target,1002,70,5,0.2,0.5,2.72594741673
quality_joint_nd_new,B8_new,never_fit_on_target,1003,70,5,0.3,0.5039,2.7058262395
quality_joint_nd_new,B8_new,never_fit_on_target,1004,70,5,0.4,0.8232,2.68568262031
quality_joint_nd_new,B8_new,never_fit_on_target,1005,70,5,0.5,1.1008,2.66551275431
quality_joint_nd_new,B8_new,never_fit_on_target,1006,70,5,0.6,1.4166,2.64531128097
quality_joint_nd_new,B8_new,never_fit_on_target,1007,70,5,0.7,1.6785,2.62507007428
quality_joint_nd_new,B8_new,never_fit_on_target,1008,70,5,0.8,2.0006,2.60477530821
quality_joint_nd_new,B8_new,never_fit_on_target,1009,70,5,0.9,2.2782,2.58439778055
quality_joint_nd_new,B8_new,never_fit_on_target,1010,70,5,0.95,2.4175,2.57415395006
quality_joint_nd_new,B8_new,never_fit_on_target,1011,70,5,1,2.6033,2.56379878931
quality_joint_nd_new,B8_new,never_fit_on_target,1012,70,10,0.05,0.5,2.61148429072
quality_joint_nd_new,B8_new,never_fit_on_target,1013,70,10,0.1,0.5,2.60171240587
quality_joint_nd_new,B8_new,never_fit_on_target,1014,70,10,0.2,0.5,2.58215571132
quality_joint_nd_new,B8_new,never_fit_on_target,1015,70,10,0.3,0.5,2.56257994772
quality_joint_nd_new,B8_new,never_fit_on_target,1016,70,10,0.4,0.7647,2.54298235048
quality_joint_nd_new,B8_new,never_fit_on_target,1017,70,10,0.5,1.0531,2.5233592179
quality_joint_nd_new,B8_new,never_fit_on_target,1018,70,10,0.6,1.3151,2.50370533473
quality_joint_nd_new,B8_new,never_fit_on_target,1019,70,10,0.7,1.6283,2.48401279524
quality_joint_nd_new,B8_new,never_fit_on_target,1020,70,10,0.8,1.8614,2.46426814819
quality_joint_nd_new,B8_new,never_fit_on_target,1021,70,10,0.9,2.1283,2.4444429829
quality_joint_nd_new,B8_new,never_fit_on_target,1022,70,10,0.95,2.2749,2.43447682626
quality_joint_nd_new,B8_new,never_fit_on_target,1023,70,10,1,2.4186,2.42440235714
quality_joint_nd_new,B8_new,never_fit_on_target,1024,70,20,0.05,0.5,2.49159781616
quality_joint_nd_new,B8_new,never_fit_on_target,1025,70,20,0.1,0.5,2.48209081239
quality_joint_nd_new,B8_new,never_fit_on_target,1026,70,20,0.2,0.5,2.46306423035
quality_joint_nd_new,B8_new,never_fit_on_target,1027,70,20,0.3,0.5,2.44401909616
quality_joint_nd_new,B8_new,never_fit_on_target,1028,70,20,0.4,0.7217,2.42495272016
quality_joint_nd_new,B8_new,never_fit_on_target,1029,70,20,0.5,0.9839,2.40586150099
quality_joint_nd_new,B8_new,never_fit_on_target,1030,70,20,0.6,1.2611,2.38674036476
quality_joint_nd_new,B8_new,never_fit_on_target,1031,70,20,0.7,1.5062,2.36758162006
quality_joint_nd_new,B8_new,never_fit_on_target,1032,70,20,0.8,1.7756,2.34837218024
quality_joint_nd_new,B8_new,never_fit_on_target,1033,70,20,0.9,2.0434,2.32908440476
quality_joint_nd_new,B8_new,never_fit_on_target,1034,70,20,0.95,2.1901,2.31938839522
quality_joint_nd_new,B8_new,never_fit_on_target,1035,70,20,1,2.3369,2.30958700916
quality_joint_nd_new,B8_new,never_fit_on_target,1036,70,50,0.05,0.5,2.36379265574
quality_joint_nd_new,B8_new,never_fit_on_target,1037,70,50,0.1,0.5,2.35462481871
quality_joint_nd_new,B8_new,never_fit_on_target,1038,70,50,0.2,0.5,2.33627701876
quality_joint_nd_new,B8_new,never_fit_on_target,1039,70,50,0.3,0.5,2.31791132851
quality_joint_nd_new,B8_new,never_fit_on_target,1040,70,50,0.4,0.7053,2.29952515427
quality_joint_nd_new,B8_new,never_fit_on_target,1041,70,50,0.5,0.9448,2.28111502314
quality_joint_nd_new,B8_new,never_fit_on_target,1042,70,50,0.6,1.1924,2.26267604227
quality_joint_nd_new,B8_new,never_fit_on_target,1043,70,50,0.7,1.4475,2.24420079462
quality_joint_nd_new,B8_new,never_fit_on_target,1044,70,50,0.8,1.6973,2.22567666043
quality_joint_nd_new,B8_new,never_fit_on_target,1045,70,50,0.9,1.9752,2.20707698523
quality_joint_nd_new,B8_new,never_fit_on_target,1046,70,50,0.95,2.1097,2.1977268853
quality_joint_nd_new,B8_new,never_fit_on_target,1047,70,50,1,2.2162,2.18827516821
quality_joint_nd_new,B8_new,never_fit_on_target,1048,70,100,0.05,0.5,2.28585818071
quality_joint_nd_new,B8_new,never_fit_on_target,1049,70,100,0.1,0.5,2.27693885118
quality_joint_nd_new,B8_new,never_fit_on_target,1050,70,100,0.2,0.5,2.2590883949
quality_joint_nd_new,B8_new,never_fit_on_target,1051,70,100,0.3,0.5,2.24122053327
quality_joint_nd_new,B8_new,never_fit_on_target,1052,70,100,0.4,0.6765,2.22333274289
quality_joint_nd_new,B8_new,never_fit_on_target,1053,70,100,0.5,0.9072,2.20542164501
quality_joint_nd_new,B8_new,never_fit_on_target,1054,70,100,0.6,1.1486,2.18748247941
quality_joint_nd_new,B8_new,never_fit_on_target,1055,70,100,0.7,1.3726,2.16950803008
quality_joint_nd_new,B8_new,never_fit_on_target,1056,70,100,0.8,1.6395,2.15148601936
quality_joint_nd_new,B8_new,never_fit_on_target,1057,70,100,0.9,1.905,2.13339051527
quality_joint_nd_new,B8_new,never_fit_on_target,1058,70,100,0.95,1.9747,2.12429386333
quality_joint_nd_new,B8_new,never_fit_on_target,1059,70,100,1,2.1223,2.11509834872
quality_joint_nd_new,B8_new,never_fit_on_target,1060,70,150,0.05,0.5,2.24646725635
quality_joint_nd_new,B8_new,never_fit_on_target,1061,70,150,0.1,0.5,2.23769015987
quality_joint_nd_new,B8_new,never_fit_on_target,1062,70,150,0.2,0.5,2.22012435781
quality_joint_nd_new,B8_new,never_fit_on_target,1063,70,150,0.3,0.5,2.20254142796
quality_joint_nd_new,B8_new,never_fit_on_target,1064,70,150,0.4,0.6507,2.18493888715
quality_joint_nd_new,B8_new,never_fit_on_target,1065,70,150,0.5,0.8903,2.16731341053
quality_joint_nd_new,B8_new,never_fit_on_target,1066,70,150,0.6,1.1506,2.14966031375
quality_joint_nd_new,B8_new,never_fit_on_target,1067,70,150,0.7,1.3601,2.13197249592
quality_joint_nd_new,B8_new,never_fit_on_target,1068,70,150,0.8,1.5779,2.11423787513
quality_joint_nd_new,B8_new,never_fit_on_target,1069,70,150,0.9,1.8604,2.09643093295
quality_joint_nd_new,B8_new,never_fit_on_target,1070,70,150,0.95,1.9377,2.08747934175
quality_joint_nd_new,B8_new,never_fit_on_target,1071,70,150,1,2.0817,2.07843046439
quality_joint_nd_new,B8_new,never_fit_on_target,1072,70,300,0.05,0.5,2.18810550634
quality_joint_nd_new,B8_new,never_fit_on_target,1073,70,300,0.1,0.5,2.17956632577
quality_joint_nd_new,B8_new,never_fit_on_target,1074,70,300,0.2,0.5,2.1624766702
quality_joint_nd_new,B8_new,never_fit_on_target,1075,70,300,0.3,0.5,2.14537035111
quality_joint_nd_new,B8_new,never_fit_on_target,1076,70,300,0.4,0.6571,2.12824495264
quality_joint_nd_new,B8_new,never_fit_on_target,1077,70,300,0.5,0.8554,2.11109724007
quality_joint_nd_new,B8_new,never_fit_on_target,1078,70,300,0.6,1.1181,2.09392265604
quality_joint_nd_new,B8_new,never_fit_on_target,1079,70,300,0.7,1.3754,2.07671429211
quality_joint_nd_new,B8_new,never_fit_on_target,1080,70,300,0.8,1.5736,2.05946039388
quality_joint_nd_new,B8_new,never_fit_on_target,1081,70,300,0.9,1.7826,2.04213613464
quality_joint_nd_new,B8_new,never_fit_on_target,1082,70,300,0.95,1.9317,2.03342718928
quality_joint_nd_new,B8_new,never_fit_on_target,1083,70,300,1,2.0225,2.02462359484
quality_joint_nd_new,B8_new,never_fit_on_target,1084,70,500,0.05,0.5,2.15134659338
quality_joint_nd_new,B8_new,never_fit_on_target,1085,70,500,0.1,0.5,2.14297861107
quality_joint_nd_new,B8_new,never_fit_on_target,1086,70,500,0.2,0.5,2.12623157849
quality_joint_nd_new,B8_new,never_fit_on_target,1087,70,500,0.3,0.5,2.10946821646
quality_joint_nd_new,B8_new,never_fit_on_target,1088,70,500,0.4,0.6398,2.09268615758
quality_joint_nd_new,B8_new,never_fit_on_target,1089,70,500,0.5,0.8696,2.07588223196
quality_joint_nd_new,B8_new,never_fit_on_target,1090,70,500,0.6,1.0654,2.0590519736
quality_joint_nd_new,B8_new,never_fit_on_target,1091,70,500,0.7,1.3269,2.04218861259
quality_joint_nd_new,B8_new,never_fit_on_target,1092,70,500,0.8,1.552,2.02528063018
quality_joint_nd_new,B8_new,never_fit_on_target,1093,70,500,0.9,1.7856,2.00830369739
quality_joint_nd_new,B8_new,never_fit_on_target,1094,70,500,0.95,1.8785,1.99976935384
quality_joint_nd_new,B8_new,never_fit_on_target,1095,70,500,1,2.0232,1.9911422588
quality_joint_nd_new,B8_new,never_fit_on_target,1096,70,1000,0.05,0.5,2.10858950388
quality_joint_nd_new,B8_new,never_fit_on_target,1097,70,1000,0.1,0.5,2.10044834785
quality_joint_nd_new,B8_new,never_fit_on_target,1098,70,1000,0.2,0.5,2.08415526782
quality_joint_nd_new,B8_new,never_fit_on_target,1099,70,1000,0.3,0.5,2.06784630099
quality_joint_nd_new,B8_new,never_fit_on_target,1100,70,1000,0.4,0.6331,2.0515191441
quality_joint_nd_new,B8_new,never_fit_on_target,1101,70,1000,0.5,0.8268,2.0351707132
quality_joint_nd_new,B8_new,never_fit_on_target,1102,70,1000,0.6,1.0717,2.01879666336
quality_joint_nd_new,B8_new,never_fit_on_target,1103,70,1000,0.7,1.3056,2.00239040816
quality_joint_nd_new,B8_new,never_fit_on_target,1104,70,1000,0.8,1.5113,1.98594074108
quality_joint_nd_new,B8_new,never_fit_on_target,1105,70,1000,0.9,1.7324,1.96942399262
quality_joint_nd_new,B8_new,never_fit_on_target,1106,70,1000,0.95,1.8305,1.96112098481
quality_joint_nd_new,B8_new,never_fit_on_target,1107,70,1000,1,1.9314,1.95272773966
quality_joint_nd_new,B8_new,never_fit_on_target,1108,70,2000,0.05,0.5,2.07272411957
quality_joint_nd_new,B8_new,never_fit_on_target,1109,70,2000,0.1,0.5,2.06480364135
quality_joint_nd_new,B8_new,never_fit_on_target,1110,70,2000,0.2,0.5,2.04895220884
quality_joint_nd_new,B8_new,never_fit_on_target,1111,70,2000,0.3,0.5,2.03308532016
quality_joint_nd_new,B8_new,never_fit_on_target,1112,70,2000,0.4,0.6095,2.01720073449
quality_joint_nd_new,B8_new,never_fit_on_target,1113,70,2000,0.5,0.8205,2.00129545147
quality_joint_nd_new,B8_new,never_fit_on_target,1114,70,2000,0.6,1.0279,1.98536524395
quality_joint_nd_new,B8_new,never_fit_on_target,1115,70,2000,0.7,1.2745,1.96940370404
quality_joint_nd_new,B8_new,never_fit_on_target,1116,70,2000,0.8,1.4713,1.953399929
quality_joint_nd_new,B8_new,never_fit_on_target,1117,70,2000,0.9,1.7312,1.93733089091
quality_joint_nd_new,B8_new,never_fit_on_target,1118,70,2000,0.95,1.7959,1.92925294814
quality_joint_nd_new,B8_new,never_fit_on_target,1119,70,2000,1,1.9285,1.92108721406
quality_joint_nd_new,B8_new,never_fit_on_target,1120,120,5,0.05,0.5,2.72605665079
quality_joint_nd_new,B8_new,never_fit_on_target,1121,120,5,0.1,0.5,2.71685113114
quality_joint_nd_new,B8_new,never_fit_on_target,1122,120,5,0.2,0.5,2.69842791609
quality_joint_nd_new,B8_new,never_fit_on_target,1123,120,5,0.3,0.5,2.6799867372
quality_joint_nd_new,B8_new,never_fit_on_target,1124,120,5,0.4,0.759,2.66152499012
quality_joint_nd_new,B8_new,never_fit_on_target,1125,120,5,0.5,1.0383,2.6430391877
quality_joint_nd_new,B8_new,never_fit_on_target,1126,120,5,0.6,1.3529,2.62452441695
quality_joint_nd_new,B8_new,never_fit_on_target,1127,120,5,0.7,1.6294,2.60597323034
quality_joint_nd_new,B8_new,never_fit_on_target,1128,120,5,0.8,1.8929,2.58737295626
quality_joint_nd_new,B8_new,never_fit_on_target,1129,120,5,0.9,2.2776,2.56869683067
quality_joint_nd_new,B8_new,never_fit_on_target,1130,120,5,0.95,2.3327,2.55930829896
quality_joint_nd_new,B8_new,never_fit_on_target,1131,120,5,1,2.5753,2.5498177324
quality_joint_nd_new,B8_new,never_fit_on_target,1132,120,10,0.05,0.5,2.58188300765
quality_joint_nd_new,B8_new,never_fit_on_target,1133,120,10,0.1,0.5,2.57292701694
quality_joint_nd_new,B8_new,never_fit_on_target,1134,120,10,0.2,0.5,2.55500318979
quality_joint_nd_new,B8_new,never_fit_on_target,1135,120,10,0.3,0.5,2.53706188575
quality_joint_nd_new,B8_new,never_fit_on_target,1136,120,10,0.4,0.7123,2.51910057105
quality_joint_nd_new,B8_new,never_fit_on_target,1137,120,10,0.5,0.9953,2.50111585305
quality_joint_nd_new,B8_new,never_fit_on_target,1138,120,10,0.6,1.2815,2.48310295196
quality_joint_nd_new,B8_new,never_fit_on_target,1139,120,10,0.7,1.5384,2.46505462212
quality_joint_nd_new,B8_new,never_fit_on_target,1140,120,10,0.8,1.8585,2.44695853539
quality_joint_nd_new,B8_new,never_fit_on_target,1141,120,10,0.9,2.1465,2.42878865321
quality_joint_nd_new,B8_new,never_fit_on_target,1142,120,10,0.95,2.2588,2.41965461124
quality_joint_nd_new,B8_new,never_fit_on_target,1143,120,10,1,2.4219,2.41042130023
quality_joint_nd_new,B8_new,never_fit_on_target,1144,120,20,0.05,0.5,2.46241994193
quality_joint_nd_new,B8_new,never_fit_on_target,1145,120,20,0.1,0.5,2.4537067163
quality_joint_nd_new,B8_new,never_fit_on_target,1146,120,20,0.2,0.5,2.43626874044
quality_joint_nd_new,B8_new,never_fit_on_target,1147,120,20,0.3,0.5,2.41881376141
quality_joint_nd_new,B8_new,never_fit_on_target,1148,120,20,0.4,0.686,2.40133931414
quality_joint_nd_new,B8_new,never_fit_on_target,1149,120,20,0.5,0.9324,2.38384209795
quality_joint_nd_new,B8_new,never_fit_on_target,1150,120,20,0.6,1.2186,2.36631746262
quality_joint_nd_new,B8_new,never_fit_on_target,1151,120,20,0.7,1.4699,2.34875835888
quality_joint_nd_new,B8_new,never_fit_on_target,1152,120,20,0.8,1.7489,2.33115279277
quality_joint_nd_new,B8_new,never_fit_on_target,1153,120,20,0.9,2.0566,2.31347543155
quality_joint_nd_new,B8_new,never_fit_on_target,1154,120,20,0.95,2.1247,2.304588981
quality_joint_nd_new,B8_new,never_fit_on_target,1155,120,20,1,2.2493,2.29560595225
quality_joint_nd_new,B8_new,never_fit_on_target,1156,120,50,0.05,0.5,2.33515693497
quality_joint_nd_new,B8_new,never_fit_on_target,1157,120,50,0.1,0.5,2.32675455769
quality_joint_nd_new,B8_new,never_fit_on_target,1158,120,50,0.2,0.5,2.30993868965
quality_joint_nd_new,B8_new,never_fit_on_target,1159,120,50,0.3,0.5,2.29310642505
quality_joint_nd_new,B8_new,never_fit_on_target,1160,120,50,0.4,0.6689,2.27625538674
quality_joint_nd_new,B8_new,never_fit_on_target,1161,120,50,0.5,0.9237,2.25938239182
quality_joint_nd_new,B8_new,never_fit_on_target,1162,120,50,0.6,1.1614,2.24248295592
quality_joint_nd_new,B8_new,never_fit_on_target,1163,120,50,0.7,1.3938,2.22555028131
quality_joint_nd_new,B8_new,never_fit_on_target,1164,120,50,0.8,1.682,2.20857280189
quality_joint_nd_new,B8_new,never_fit_on_target,1165,120,50,0.9,1.9395,2.19152608868
quality_joint_nd_new,B8_new,never_fit_on_target,1166,120,50,0.95,2.0853,2.18295666636
quality_joint_nd_new,B8_new,never_fit_on_target,1167,120,50,1,2.2004,2.1742941113
quality_joint_nd_new,B8_new,never_fit_on_target,1168,120,100,0.05,0.5,2.25761969582
quality_joint_nd_new,B8_new,never_fit_on_target,1169,120,100,0.1,0.5,2.24944507713
quality_joint_nd_new,B8_new,never_fit_on_target,1170,120,100,0.2,0.5,2.23308502754
quality_joint_nd_new,B8_new,never_fit_on_target,1171,120,100,0.3,0.5,2.21670902583
quality_joint_nd_new,B8_new,never_fit_on_target,1172,120,100,0.4,0.6206,2.20031475931
quality_joint_nd_new,B8_new,never_fit_on_target,1173,120,100,0.5,0.8829,2.18389913133
quality_joint_nd_new,B8_new,never_fit_on_target,1174,120,100,0.6,1.1099,2.16745777911
quality_joint_nd_new,B8_new,never_fit_on_target,1175,120,100,0.7,1.3531,2.15098408914
quality_joint_nd_new,B8_new,never_fit_on_target,1176,120,100,0.8,1.5774,2.13446680887
quality_joint_nd_new,B8_new,never_fit_on_target,1177,120,100,0.9,1.8321,2.1178821715
quality_joint_nd_new,B8_new,never_fit_on_target,1178,120,100,0.95,1.9432,2.10954503577
quality_joint_nd_new,B8_new,never_fit_on_target,1179,120,100,1,2.1521,2.10111729181
quality_joint_nd_new,B8_new,never_fit_on_target,1180,120,150,0.05,0.5,2.21845612907
quality_joint_nd_new,B8_new,never_fit_on_target,1181,120,150,0.1,0.5,2.21041186782
quality_joint_nd_new,B8_new,never_fit_on_target,1182,120,150,0.2,0.5,2.19431270552
quality_joint_nd_new,B8_new,never_fit_on_target,1183,120,150,0.3,0.5,2.17819784548
quality_joint_nd_new,B8_new,never_fit_on_target,1184,120,150,0.4,0.6188,2.16206501189
quality_joint_nd_new,B8_new,never_fit_on_target,1185,120,150,0.5,0.8572,2.14591115749
quality_joint_nd_new,B8_new,never_fit_on_target,1186,120,150,0.6,1.0887,2.12973198906
quality_joint_nd_new,B8_new,never_fit_on_target,1187,120,150,0.7,1.3605,2.11352099857
quality_joint_nd_new,B8_new,never_fit_on_target,1188,120,150,0.8,1.5564,2.09726711289
quality_joint_nd_new,B8_new,never_fit_on_target,1189,120,150,0.9,1.8816,2.08094694422
quality_joint_nd_new,B8_new,never_fit_on_target,1190,120,150,0.95,1.9557,2.07274275752
quality_joint_nd_new,B8_new,never_fit_on_target,1191,120,150,1,2.0881,2.06444940748
quality_joint_nd_new,B8_new,never_fit_on_target,1192,120,300,0.05,0.5,2.16047468443
quality_joint_nd_new,B8_new,never_fit_on_target,1193,120,300,0.1,0.5,2.15264847452
quality_joint_nd_new,B8_new,never_fit_on_target,1194,120,300,0.2,0.5,2.13698570331
quality_joint_nd_new,B8_new,never_fit_on_target,1195,120,300,0.3,0.5,2.12130765989
quality_joint_nd_new,B8_new,never_fit_on_target,1196,120,300,0.4,0.6045,2.1056121301
quality_joint_nd_new,B8_new,never_fit_on_target,1197,120,300,0.5,0.8569,2.0898961493
quality_joint_nd_new,B8_new,never_fit_on_target,1198,120,300,0.6,1.092,2.07415554065
quality_joint_nd_new,B8_new,never_fit_on_target,1199,120,300,0.7,1.2863,2.05838397252
quality_joint_nd_new,B8_new,never_fit_on_target,1200,120,300,0.8,1.5302,2.04257067193
quality_joint_nd_new,B8_new,never_fit_on_target,1201,120,300,0.9,1.7838,2.02669288506
quality_joint_nd_new,B8_new,never_fit_on_target,1202,120,300,0.95,1.9031,2.01871108472
quality_joint_nd_new,B8_new,never_fit_on_target,1203,120,300,1,2.0619,2.01064253793
quality_joint_nd_new,B8_new,never_fit_on_target,1204,120,500,0.05,0.5,2.12398942959
quality_joint_nd_new,B8_new,never_fit_on_target,1205,120,500,0.1,0.5,2.11632012393
quality_joint_nd_new,B8_new,never_fit_on_target,1206,120,500,0.2,0.5,2.10097136873
quality_joint_nd_new,B8_new,never_fit_on_target,1207,120,500,0.3,0.5,2.08560764749
quality_joint_nd_new,B8_new,never_fit_on_target,1208,120,500,0.4,0.5807,2.07022679048
quality_joint_nd_new,B8_new,never_fit_on_target,1209,120,500,0.5,0.8175,2.05482589247
quality_joint_nd_new,B8_new,never_fit_on_target,1210,120,500,0.6,1.0547,2.03940086035
quality_joint_nd_new,B8_new,never_fit_on_target,1211,120,500,0.7,1.2832,2.02394548945
quality_joint_nd_new,B8_new,never_fit_on_target,1212,120,500,0.8,1.5164,2.00844922277
quality_joint_nd_new,B8_new,never_fit_on_target,1213,120,500,0.9,1.7304,1.99288976267
quality_joint_nd_new,B8_new,never_fit_on_target,1214,120,500,0.95,1.8749,1.98506798593
quality_joint_nd_new,B8_new,never_fit_on_target,1215,120,500,1,2.0294,1.97716120189
quality_joint_nd_new,B8_new,never_fit_on_target,1216,120,1000,0.05,0.5,2.08159491884
quality_joint_nd_new,B8_new,never_fit_on_target,1217,120,1000,0.1,0.5,2.0741335008
quality_joint_nd_new,B8_new,never_fit_on_target,1218,120,1000,0.2,0.5,2.05920079582
quality_joint_nd_new,B8_new,never_fit_on_target,1219,120,1000,0.3,0.5,2.04425353049
quality_joint_nd_new,B8_new,never_fit_on_target,1220,120,1000,0.4,0.5785,2.02928959387
quality_joint_nd_new,B8_new,never_fit_on_target,1221,120,1000,0.5,0.7972,2.01430615949
quality_joint_nd_new,B8_new,never_fit_on_target,1222,120,1000,0.6,1.0412,1.9992992452
quality_joint_nd_new,B8_new,never_fit_on_target,1223,120,1000,0.7,1.2562,1.98426281449
quality_joint_nd_new,B8_new,never_fit_on_target,1224,120,1000,0.8,1.485,1.96918659655
quality_joint_nd_new,B8_new,never_fit_on_target,1225,120,1000,0.9,1.7223,1.95404889813
quality_joint_nd_new,B8_new,never_fit_on_target,1226,120,1000,0.95,1.8568,1.94643914197
quality_joint_nd_new,B8_new,never_fit_on_target,1227,120,1000,1,1.9082,1.93874668275
quality_joint_nd_new,B8_new,never_fit_on_target,1228,120,2000,0.05,0.5,2.04608228504
quality_joint_nd_new,B8_new,never_fit_on_target,1229,120,2000,0.1,0.5,2.03882311954
quality_joint_nd_new,B8_new,never_fit_on_target,1230,120,2000,0.2,0.5,2.02429518714
quality_joint_nd_new,B8_new,never_fit_on_target,1231,120,2000,0.3,0.5,2.00975308907
quality_joint_nd_new,B8_new,never_fit_on_target,1232,120,2000,0.4,0.5772,1.99519477161
quality_joint_nd_new,B8_new,never_fit_on_target,1233,120,2000,0.5,0.7936,1.9806174849
quality_joint_nd_new,B8_new,never_fit_on_target,1234,120,2000,0.6,1.0107,1.96601735474
quality_joint_nd_new,B8_new,never_fit_on_target,1235,120,2000,0.7,1.2063,1.95138850826
quality_joint_nd_new,B8_new,never_fit_on_target,1236,120,2000,0.8,1.4677,1.93672095302
quality_joint_nd_new,B8_new,never_fit_on_target,1237,120,2000,0.9,1.6316,1.92199358382
quality_joint_nd_new,B8_new,never_fit_on_target,1238,120,2000,0.95,1.8387,1.91459010112
quality_joint_nd_new,B8_new,never_fit_on_target,1239,120,2000,1,1.9249,1.90710615715
quality_joint_nd_new,B8_new,never_fit_on_target,1240,300,5,0.05,0.5,2.68317077447
quality_joint_nd_new,B8_new,never_fit_on_target,1241,300,5,0.1,0.5,2.67523336943
quality_joint_nd_new,B8_new,never_fit_on_target,1242,300,5,0.2,0.5,2.65934806087
quality_joint_nd_new,B8_new,never_fit_on_target,1243,300,5,0.3,0.5,2.6434472631
quality_joint_nd_new,B8_new,never_fit_on_target,1244,300,5,0.4,0.6853,2.62752873054
quality_joint_nd_new,B8_new,never_fit_on_target,1245,300,5,0.5,0.9862,2.61158945638
quality_joint_nd_new,B8_new,never_fit_on_target,1246,300,5,0.6,1.3009,2.59562520446
quality_joint_nd_new,B8_new,never_fit_on_target,1247,300,5,0.7,1.6208,2.57962955319
quality_joint_nd_new,B8_new,never_fit_on_target,1248,300,5,0.8,1.8604,2.56359157653
quality_joint_nd_new,B8_new,never_fit_on_target,1249,300,5,0.9,2.2235,2.54748819736
quality_joint_nd_new,B8_new,never_fit_on_target,1250,300,5,0.95,2.4307,2.53939299124
quality_joint_nd_new,B8_new,never_fit_on_target,1251,300,5,1,2.478,2.53120980618
quality_joint_nd_new,B8_new,never_fit_on_target,1252,300,10,0.05,0.5,2.53965522031
quality_joint_nd_new,B8_new,never_fit_on_target,1253,300,10,0.1,0.5,2.53193297012
quality_joint_nd_new,B8_new,never_fit_on_target,1254,300,10,0.2,0.5,2.51647825584
quality_joint_nd_new,B8_new,never_fit_on_target,1255,300,10,0.3,0.5,2.50100847221
quality_joint_nd_new,B8_new,never_fit_on_target,1256,300,10,0.4,0.6257,2.48552143451
quality_joint_nd_new,B8_new,never_fit_on_target,1257,300,10,0.5,0.9294,2.47001421745
quality_joint_nd_new,B8_new,never_fit_on_target,1258,300,10,0.6,1.2357,2.45448269969
quality_joint_nd_new,B8_new,never_fit_on_target,1259,300,10,0.7,1.5156,2.4389206337
quality_joint_nd_new,B8_new,never_fit_on_target,1260,300,10,0.8,1.8333,2.4233173896
quality_joint_nd_new,B8_new,never_fit_on_target,1261,300,10,0.9,2.1073,2.40765051583
quality_joint_nd_new,B8_new,never_fit_on_target,1262,300,10,0.95,2.2727,2.39977474199
quality_joint_nd_new,B8_new,never_fit_on_target,1263,300,10,1,2.4246,2.39181337401
quality_joint_nd_new,B8_new,never_fit_on_target,1264,300,20,0.05,0.5,2.42083240511
quality_joint_nd_new,B8_new,never_fit_on_target,1265,300,20,0.1,0.5,2.41331947768
quality_joint_nd_new,B8_new,never_fit_on_target,1266,300,20,0.2,0.5,2.3982836858
quality_joint_nd_new,B8_new,never_fit_on_target,1267,300,20,0.3,0.5,2.38323323305
quality_joint_nd_new,B8_new,never_fit_on_target,1268,300,20,0.4,0.6087,2.36816599392
quality_joint_nd_new,B8_new,never_fit_on_target,1269,300,20,0.5,0.8857,2.35307912243
quality_joint_nd_new,B8_new,never_fit_on_target,1270,300,20,0.6,1.1745,2.33796860893
quality_joint_nd_new,B8_new,never_fit_on_target,1271,300,20,0.7,1.445,2.32282837526
quality_joint_nd_new,B8_new,never_fit_on_target,1272,300,20,0.8,1.7275,2.30764807968
quality_joint_nd_new,B8_new,never_fit_on_target,1273,300,20,0.9,1.993,2.2924058792
quality_joint_nd_new,B8_new,never_fit_on_target,1274,300,20,0.95,2.1129,2.28474358961
quality_joint_nd_new,B8_new,never_fit_on_target,1275,300,20,1,2.3267,2.27699802603
quality_joint_nd_new,B8_new,never_fit_on_target,1276,300,50,0.05,0.5,2.29438920636
quality_joint_nd_new,B8_new,never_fit_on_target,1277,300,50,0.1,0.5,2.28714430608
quality_joint_nd_new,B8_new,never_fit_on_target,1278,300,50,0.2,0.5,2.27264492301
quality_joint_nd_new,B8_new,never_fit_on_target,1279,300,50,0.3,0.5,2.2581314021
quality_joint_nd_new,B8_new,never_fit_on_target,1280,300,50,0.4,0.5737,2.24360169367
quality_joint_nd_new,B8_new,never_fit_on_target,1281,300,50,0.5,0.8188,2.22905305328
quality_joint_nd_new,B8_new,never_fit_on_target,1282,300,50,0.6,1.0844,2.21448161432
quality_joint_nd_new,B8_new,never_fit_on_target,1283,300,50,0.7,1.3817,2.19988151547
quality_joint_nd_new,B8_new,never_fit_on_target,1284,300,50,0.8,1.6524,2.18524278393
quality_joint_nd_new,B8_new,never_fit_on_target,1285,300,50,0.9,1.917,2.17054435598
quality_joint_nd_new,B8_new,never_fit_on_target,1286,300,50,0.95,2.0545,2.1631554221
quality_joint_nd_new,B8_new,never_fit_on_target,1287,300,50,1,2.1404,2.15568618508
quality_joint_nd_new,B8_new,never_fit_on_target,1288,300,100,0.05,0.5,2.21745264072
quality_joint_nd_new,B8_new,never_fit_on_target,1289,300,100,0.1,0.5,2.21040412395
quality_joint_nd_new,B8_new,never_fit_on_target,1290,300,100,0.2,0.5,2.19629776765
quality_joint_nd_new,B8_new,never_fit_on_target,1291,300,100,0.3,0.5,2.18217765673
quality_joint_nd_new,B8_new,never_fit_on_target,1292,300,100,0.4,0.5656,2.16804179708
quality_joint_nd_new,B8_new,never_fit_on_target,1293,300,100,0.5,0.7851,2.15388751864
quality_joint_nd_new,B8_new,never_fit_on_target,1294,300,100,0.6,1.0582,2.13971105962
quality_joint_nd_new,B8_new,never_fit_on_target,1295,300,100,0.7,1.2974,2.12550671758
quality_joint_nd_new,B8_new,never_fit_on_target,1296,300,100,0.8,1.6239,2.11126479005
quality_joint_nd_new,B8_new,never_fit_on_target,1297,300,100,0.9,1.7981,2.09696478426
quality_joint_nd_new,B8_new,never_fit_on_target,1298,300,100,0.95,1.9909,2.08977613813
quality_joint_nd_new,B8_new,never_fit_on_target,1299,300,100,1,2.018,2.08250936559
quality_joint_nd_new,B8_new,never_fit_on_target,1300,300,150,0.05,0.5,2.17863286894
quality_joint_nd_new,B8_new,never_fit_on_target,1301,300,150,0.1,0.5,2.1716967521
quality_joint_nd_new,B8_new,never_fit_on_target,1302,300,150,0.2,0.5,2.15781534433
quality_joint_nd_new,B8_new,never_fit_on_target,1303,300,150,0.3,0.5,2.14392040128
quality_joint_nd_new,B8_new,never_fit_on_target,1304,300,150,0.4,0.5498,2.13000996063
quality_joint_nd_new,B8_new,never_fit_on_target,1305,300,150,0.5,0.7913,2.11608139492
quality_joint_nd_new,B8_new,never_fit_on_target,1306,300,150,0.6,1.0259,2.10213100233
quality_joint_nd_new,B8_new,never_fit_on_target,1307,300,150,0.7,1.3071,2.08815317136
quality_joint_nd_new,B8_new,never_fit_on_target,1308,300,150,0.8,1.5543,2.07413835426
quality_joint_nd_new,B8_new,never_fit_on_target,1309,300,150,0.9,1.8567,2.06006638505
quality_joint_nd_new,B8_new,never_fit_on_target,1310,300,150,0.95,1.9405,2.05299237344
quality_joint_nd_new,B8_new,never_fit_on_target,1311,300,150,1,2.0823,2.04584148126
quality_joint_nd_new,B8_new,never_fit_on_target,1312,300,300,0.05,0.5,2.12122649663
quality_joint_nd_new,B8_new,never_fit_on_target,1313,300,300,0.1,0.5,2.11447839328
quality_joint_nd_new,B8_new,never_fit_on_target,1314,300,300,0.2,0.5,2.10097326115
quality_joint_nd_new,B8_new,never_fit_on_target,1315,300,300,0.3,0.5,2.08745496064
quality_joint_nd_new,B8_new,never_fit_on_target,1316,300,300,0.4,0.5355,2.07392158262
quality_joint_nd_new,B8_new,never_fit_on_target,1317,300,300,0.5,0.7618,2.06037057084
quality_joint_nd_new,B8_new,never_fit_on_target,1318,300,300,0.6,1.0191,2.04679832384
quality_joint_nd_new,B8_new,never_fit_on_target,1319,300,300,0.7,1.2421,2.0331993822
quality_joint_nd_new,B8_new,never_fit_on_target,1320,300,300,0.8,1.5064,2.01956445701
quality_joint_nd_new,B8_new,never_fit_on_target,1321,300,300,0.9,1.708,2.00587392889
quality_joint_nd_new,B8_new,never_fit_on_target,1322,300,300,0.95,1.8785,1.9989916686
quality_joint_nd_new,B8_new,never_fit_on_target,1323,300,300,1,1.9949,1.99203461171
quality_joint_nd_new,B8_new,never_fit_on_target,1324,300,500,0.05,0.5,2.08515504932
quality_joint_nd_new,B8_new,never_fit_on_target,1325,300,500,0.1,0.5,2.07854223572
quality_joint_nd_new,B8_new,never_fit_on_target,1326,300,500,0.2,0.5,2.06530786205
quality_joint_nd_new,B8_new,never_fit_on_target,1327,300,500,0.3,0.5,2.052060584
quality_joint_nd_new,B8_new,never_fit_on_target,1328,300,500,0.4,0.5242,2.03879853072
quality_joint_nd_new,B8_new,never_fit_on_target,1329,300,500,0.5,0.764,2.02551919722
quality_joint_nd_new,B8_new,never_fit_on_target,1330,300,500,0.6,1.004,2.01221905422
quality_joint_nd_new,B8_new,never_fit_on_target,1331,300,500,0.7,1.2386,1.99889275178
quality_joint_nd_new,B8_new,never_fit_on_target,1332,300,500,0.8,1.4481,1.9855311872
quality_joint_nd_new,B8_new,never_fit_on_target,1333,300,500,0.9,1.7684,1.97211513446
quality_joint_nd_new,B8_new,never_fit_on_target,1334,300,500,0.95,1.8116,1.96537085359
quality_joint_nd_new,B8_new,never_fit_on_target,1335,300,500,1,1.92,1.95855327567
quality_joint_nd_new,B8_new,never_fit_on_target,1336,300,1000,0.05,0.5,2.04330880587
quality_joint_nd_new,B8_new,never_fit_on_target,1337,300,1000,0.1,0.5,2.03687524216
quality_joint_nd_new,B8_new,never_fit_on_target,1338,300,1000,0.2,0.5,2.02399960534
quality_joint_nd_new,B8_new,never_fit_on_target,1339,300,1000,0.3,0.5,2.01111141393
quality_joint_nd_new,B8_new,never_fit_on_target,1340,300,1000,0.4,0.5189,1.99820884781
quality_joint_nd_new,B8_new,never_fit_on_target,1341,300,1000,0.5,0.7381,1.98528946985
quality_joint_nd_new,B8_new,never_fit_on_target,1342,300,1000,0.6,1.0017,1.97234984648
quality_joint_nd_new,B8_new,never_fit_on_target,1343,300,1000,0.7,1.2048,1.95938477277
quality_joint_nd_new,B8_new,never_fit_on_target,1344,300,1000,0.8,1.4767,1.94638539273
quality_joint_nd_new,B8_new,never_fit_on_target,1345,300,1000,0.9,1.6646,1.93333300152
quality_joint_nd_new,B8_new,never_fit_on_target,1346,300,1000,0.95,1.8451,1.92677153414
quality_joint_nd_new,B8_new,never_fit_on_target,1347,300,1000,1,1.9425,1.92013875653
quality_joint_nd_new,B8_new,never_fit_on_target,1348,300,2000,0.05,0.5,2.00832957781
quality_joint_nd_new,B8_new,never_fit_on_target,1349,300,2000,0.1,0.5,2.00207040515
quality_joint_nd_new,B8_new,never_fit_on_target,1350,300,2000,0.2,0.5,1.9895437811
quality_joint_nd_new,B8_new,never_fit_on_target,1351,300,2000,0.3,0.5,1.97700494278
quality_joint_nd_new,B8_new,never_fit_on_target,1352,300,2000,0.4,0.5,1.96445211938
quality_joint_nd_new,B8_new,never_fit_on_target,1353,300,2000,0.5,0.7402,1.95188293987
quality_joint_nd_new,B8_new,never_fit_on_target,1354,300,2000,0.6,0.9783,1.93929406372
quality_joint_nd_new,B8_new,never_fit_on_target,1355,300,2000,0.7,1.1809,1.92668042709
quality_joint_nd_new,B8_new,never_fit_on_target,1356,300,2000,0.8,1.4119,1.91403341406
quality_joint_nd_new,B8_new,never_fit_on_target,1357,300,2000,0.9,1.6756,1.9013348268
quality_joint_nd_new,B8_new,never_fit_on_target,1358,300,2000,0.95,1.7414,1.89495121749
quality_joint_nd_new,B8_new,never_fit_on_target,1359,300,2000,1,1.8777,1.88849823093
quality_joint_nd_new,B8_new,never_fit_on_target,1360,700,5,0.05,0.5,2.65096536842
quality_joint_nd_new,B8_new,never_fit_on_target,1361,700,5,0.1,0.5,2.64404458034
quality_joint_nd_new,B8_new,never_fit_on_target,1362,700,5,0.2,0.5,2.63019385033
quality_joint_nd_new,B8_new,never_fit_on_target,1363,700,5,0.3,0.5,2.61632961497
quality_joint_nd_new,B8_new,never_fit_on_target,1364,700,5,0.4,0.5981,2.60244991627
quality_joint_nd_new,B8_new,never_fit_on_target,1365,700,5,0.5,0.9159,2.58855213255
quality_joint_nd_new,B8_new,never_fit_on_target,1366,700,5,0.6,1.2092,2.57463257019
quality_joint_nd_new,B8_new,never_fit_on_target,1367,700,5,0.7,1.587,2.56068563009
quality_joint_nd_new,B8_new,never_fit_on_target,1368,700,5,0.8,1.8853,2.5467017856
quality_joint_nd_new,B8_new,never_fit_on_target,1369,700,5,0.9,2.2108,2.53266091531
quality_joint_nd_new,B8_new,never_fit_on_target,1370,700,5,0.95,2.4127,2.52560253719
quality_joint_nd_new,B8_new,never_fit_on_target,1371,700,5,1,2.5391,2.51846744842
quality_joint_nd_new,B8_new,never_fit_on_target,1372,700,10,0.05,0.5,2.50797738835
quality_joint_nd_new,B8_new,never_fit_on_target,1373,700,10,0.1,0.5,2.50124419825
quality_joint_nd_new,B8_new,never_fit_on_target,1374,700,10,0.2,0.5,2.48776891233
quality_joint_nd_new,B8_new,never_fit_on_target,1375,700,10,0.3,0.5,2.47428048713
quality_joint_nd_new,B8_new,never_fit_on_target,1376,700,10,0.4,0.5653,2.46077701775
quality_joint_nd_new,B8_new,never_fit_on_target,1377,700,10,0.5,0.8604,2.44725595357
quality_joint_nd_new,B8_new,never_fit_on_target,1378,700,10,0.6,1.1538,2.4337137011
quality_joint_nd_new,B8_new,never_fit_on_target,1379,700,10,0.7,1.4868,2.420144813
quality_joint_nd_new,B8_new,never_fit_on_target,1380,700,10,0.8,1.7512,2.40654002085
quality_joint_nd_new,B8_new,never_fit_on_target,1381,700,10,0.9,2.0469,2.39287974867
quality_joint_nd_new,B8_new,never_fit_on_target,1382,700,10,0.95,2.2272,2.38601269811
quality_joint_nd_new,B8_new,never_fit_on_target,1383,700,10,1,2.4033,2.37907101625
quality_joint_nd_new,B8_new,never_fit_on_target,1384,700,20,0.05,0.5,2.38966784658
quality_joint_nd_new,B8_new,never_fit_on_target,1385,700,20,0.1,0.5,2.38311716934
quality_joint_nd_new,B8_new,never_fit_on_target,1386,700,20,0.2,0.5,2.37000715055
quality_joint_nd_new,B8_new,never_fit_on_target,1387,700,20,0.3,0.5,2.35688434864
quality_joint_nd_new,B8_new,never_fit_on_target,1388,700,20,0.4,0.5501,2.34374691034
quality_joint_nd_new,B8_new,never_fit_on_target,1389,700,20,0.5,0.8411,2.33059235418
quality_joint_nd_new,B8_new,never_fit_on_target,1390,700,20,0.6,1.1236,2.31741718406
quality_joint_nd_new,B8_new,never_fit_on_target,1391,700,20,0.7,1.4239,2.30421610031
quality_joint_nd_new,B8_new,never_fit_on_target,1392,700,20,0.8,1.6984,2.29098008575
quality_joint_nd_new,B8_new,never_fit_on_target,1393,700,20,0.9,1.9239,2.27769009501
quality_joint_nd_new,B8_new,never_fit_on_target,1394,700,20,0.95,2.0927,2.2710091858
quality_joint_nd_new,B8_new,never_fit_on_target,1395,700,20,1,2.2974,2.26425566827
quality_joint_nd_new,B8_new,never_fit_on_target,1396,700,50,0.05,0.5,2.26388186834
quality_joint_nd_new,B8_new,never_fit_on_target,1397,700,50,0.1,0.5,2.25756488953
quality_joint_nd_new,B8_new,never_fit_on_target,1398,700,50,0.2,0.5,2.2449225767
quality_joint_nd_new,B8_new,never_fit_on_target,1399,700,50,0.3,0.5,2.23226793681
quality_joint_nd_new,B8_new,never_fit_on_target,1400,700,50,0.4,0.515,2.21959918267
quality_joint_nd_new,B8_new,never_fit_on_target,1401,700,50,0.5,0.7581,2.20691392137
quality_joint_nd_new,B8_new,never_fit_on_target,1402,700,50,0.6,1.0355,2.19420878152
quality_joint_nd_new,B8_new,never_fit_on_target,1403,700,50,0.7,1.3068,2.18147865252
quality_joint_nd_new,B8_new,never_fit_on_target,1404,700,50,0.8,1.584,2.16871483888
quality_joint_nd_new,B8_new,never_fit_on_target,1405,700,50,0.9,1.9143,2.15589897469
quality_joint_nd_new,B8_new,never_fit_on_target,1406,700,50,0.95,2.0439,2.14945640999
quality_joint_nd_new,B8_new,never_fit_on_target,1407,700,50,1,2.071,2.14294382732
quality_joint_nd_new,B8_new,never_fit_on_target,1408,700,100,0.05,0.5,2.18742684821
quality_joint_nd_new,B8_new,never_fit_on_target,1409,700,100,0.1,0.5,2.18128110025
quality_joint_nd_new,B8_new,never_fit_on_target,1410,700,100,0.2,0.5,2.16898147561
quality_joint_nd_new,B8_new,never_fit_on_target,1411,700,100,0.3,0.5,2.15666985804
quality_joint_nd_new,B8_new,never_fit_on_target,1412,700,100,0.4,0.5,2.14434450883
quality_joint_nd_new,B8_new,never_fit_on_target,1413,700,100,0.5,0.7348,2.13200309989
quality_joint_nd_new,B8_new,never_fit_on_target,1414,700,100,0.6,0.9905,2.11964235125
quality_joint_nd_new,B8_new,never_fit_on_target,1415,700,100,0.7,1.2988,2.10725729081
quality_joint_nd_new,B8_new,never_fit_on_target,1416,700,100,0.8,1.5329,2.09483945882
quality_joint_nd_new,B8_new,never_fit_on_target,1417,700,100,0.9,1.7971,2.08237098718
quality_joint_nd_new,B8_new,never_fit_on_target,1418,700,100,0.95,1.9362,2.07610305752
quality_joint_nd_new,B8_new,never_fit_on_target,1419,700,100,1,2.0708,2.06976700782
quality_joint_nd_new,B8_new,never_fit_on_target,1420,700,150,0.05,0.5,2.14888268858
quality_joint_nd_new,B8_new,never_fit_on_target,1421,700,150,0.1,0.5,2.14283494445
quality_joint_nd_new,B8_new,never_fit_on_target,1422,700,150,0.2,0.5,2.1307314571
quality_joint_nd_new,B8_new,never_fit_on_target,1423,700,150,0.3,0.5,2.11861616807
quality_joint_nd_new,B8_new,never_fit_on_target,1424,700,150,0.4,0.5,2.10648736636
quality_joint_nd_new,B8_new,never_fit_on_target,1425,700,150,0.5,0.7523,2.09434276103
quality_joint_nd_new,B8_new,never_fit_on_target,1426,700,150,0.6,0.9957,2.08217912439
quality_joint_nd_new,B8_new,never_fit_on_target,1427,700,150,0.7,1.2155,2.06999156366
quality_joint_nd_new,B8_new,never_fit_on_target,1428,700,150,0.8,1.4766,2.05777175396
quality_joint_nd_new,B8_new,never_fit_on_target,1429,700,150,0.9,1.7601,2.04550211214
quality_joint_nd_new,B8_new,never_fit_on_target,1430,700,150,0.95,1.8874,2.0393341347
quality_joint_nd_new,B8_new,never_fit_on_target,1431,700,150,1,2.0154,2.0330991235
quality_joint_nd_new,B8_new,never_fit_on_target,1432,700,300,0.05,0.5,2.09193733791
quality_joint_nd_new,B8_new,never_fit_on_target,1433,700,300,0.1,0.5,2.08605352664
quality_joint_nd_new,B8_new,never_fit_on_target,1434,700,300,0.2,0.5,2.07427812184
quality_joint_nd_new,B8_new,never_fit_on_target,1435,700,300,0.3,0.5,2.06249123525
quality_joint_nd_new,B8_new,never_fit_on_target,1436,700,300,0.4,0.5,2.05069120227
quality_joint_nd_new,B8_new,never_fit_on_target,1437,700,300,0.5,0.7304,2.03887579404
quality_joint_nd_new,B8_new,never_fit_on_target,1438,700,300,0.6,0.9707,2.02704187038
quality_joint_nd_new,B8_new,never_fit_on_target,1439,700,300,0.7,1.208,2.01518467112
quality_joint_nd_new,B8_new,never_fit_on_target,1440,700,300,0.8,1.4829,2.00329609705
quality_joint_nd_new,B8_new,never_fit_on_target,1441,700,300,0.9,1.7289,1.99135904163
quality_joint_nd_new,B8_new,never_fit_on_target,1442,700,300,0.95,1.8991,1.98535825615
quality_joint_nd_new,B8_new,never_fit_on_target,1443,700,300,1,2.0155,1.97929225395
quality_joint_nd_new,B8_new,never_fit_on_target,1444,700,500,0.05,0.5,2.05619763014
quality_joint_nd_new,B8_new,never_fit_on_target,1445,700,500,0.1,0.5,2.05043178081
quality_joint_nd_new,B8_new,never_fit_on_target,1446,700,500,0.2,0.5,2.03889245592
quality_joint_nd_new,B8_new,never_fit_on_target,1447,700,500,0.3,0.5,2.02734187943
quality_joint_nd_new,B8_new,never_fit_on_target,1448,700,500,0.4,0.5,2.01577842012
quality_joint_nd_new,B8_new,never_fit_on_target,1449,700,500,0.5,0.6974,2.00419989381
quality_joint_nd_new,B8_new,never_fit_on_target,1450,700,500,0.6,0.9578,1.99260322328
quality_joint_nd_new,B8_new,never_fit_on_target,1451,700,500,0.7,1.2213,1.98098374379
quality_joint_nd_new,B8_new,never_fit_on_target,1452,700,500,0.8,1.432,1.96933351851
quality_joint_nd_new,B8_new,never_fit_on_target,1453,700,500,0.9,1.6736,1.95763578387
quality_joint_nd_new,B8_new,never_fit_on_target,1454,700,500,0.95,1.8314,1.95175530549
quality_joint_nd_new,B8_new,never_fit_on_target,1455,700,500,1,1.9675,1.9458109179
quality_joint_nd_new,B8_new,never_fit_on_target,1456,700,1000,0.05,0.5,2.0147909194
quality_joint_nd_new,B8_new,never_fit_on_target,1457,700,1000,0.1,0.5,2.00918136176
quality_joint_nd_new,B8_new,never_fit_on_target,1458,700,1000,0.2,0.5,1.99795482697
quality_joint_nd_new,B8_new,never_fit_on_target,1459,700,1000,0.3,0.5,1.98671734558
quality_joint_nd_new,B8_new,never_fit_on_target,1460,700,1000,0.4,0.5,1.97546733057
quality_joint_nd_new,B8_new,never_fit_on_target,1461,700,1000,0.5,0.7003,1.96420265697
quality_joint_nd_new,B8_new,never_fit_on_target,1462,700,1000,0.6,0.9207,1.95292033098
quality_joint_nd_new,B8_new,never_fit_on_target,1463,700,1000,0.7,1.1975,1.94161581431
quality_joint_nd_new,B8_new,never_fit_on_target,1464,700,1000,0.8,1.4235,1.93028138524
quality_joint_nd_new,B8_new,never_fit_on_target,1465,700,1000,0.9,1.6964,1.91890073463
quality_joint_nd_new,B8_new,never_fit_on_target,1466,700,1000,0.95,1.818,1.91317965513
quality_joint_nd_new,B8_new,never_fit_on_target,1467,700,1000,1,1.882,1.90739639877
quality_joint_nd_new,B8_new,never_fit_on_target,1468,700,2000,0.05,0.5,1.98023930987
quality_joint_nd_new,B8_new,never_fit_on_target,1469,700,2000,0.1,0.5,1.97478180742
quality_joint_nd_new,B8_new,never_fit_on_target,1470,700,2000,0.2,0.5,1.9638595841
quality_joint_nd_new,B8_new,never_fit_on_target,1471,700,2000,0.3,0.5,1.9529267109
quality_joint_nd_new,B8_new,never_fit_on_target,1472,700,2000,0.4,0.5,1.94198164383
quality_joint_nd_new,B8_new,never_fit_on_target,1473,700,2000,0.5,0.6792,1.93102231552
quality_joint_nd_new,B8_new,never_fit_on_target,1474,700,2000,0.6,0.8872,1.92004581331
quality_joint_nd_new,B8_new,never_fit_on_target,1475,700,2000,0.7,1.1635,1.90904772191
quality_joint_nd_new,B8_new,never_fit_on_target,1476,700,2000,0.8,1.3899,1.89802052895
quality_joint_nd_new,B8_new,never_fit_on_target,1477,700,2000,0.9,1.6863,1.88694836735
quality_joint_nd_new,B8_new,never_fit_on_target,1478,700,2000,0.95,1.7351,1.88138236599
quality_joint_nd_new,B8_new,never_fit_on_target,1479,700,2000,1,1.8865,1.87575587316
quality_compute_new,B8_new,never_fit_on_target,0,0.07,5,0.05,1.0401,3.97955921219
quality_compute_new,B8_new,never_fit_on_target,1,0.07,5,0.1,1.1624,3.94689365926
quality_compute_new,B8_new,never_fit_on_target,2,0.07,5,0.2,1.4286,3.88152237909
quality_compute_new,B8_new,never_fit_on_target,3,0.07,5,0.3,1.6112,3.81609182989
quality_compute_new,B8_new,never_fit_on_target,4,0.07,5,0.4,1.8958,3.75059342395
quality_compute_new,B8_new,never_fit_on_target,5,0.07,5,0.5,2.1434,3.6850156635
quality_compute_new,B8_new,never_fit_on_target,6,0.07,5,0.6,2.4434,3.61934235114
quality_compute_new,B8_new,never_fit_on_target,7,0.07,5,0.7,2.6519,3.55354893623
quality_compute_new,B8_new,never_fit_on_target,8,0.07,5,0.8,2.8801,3.48759365321
quality_compute_new,B8_new,never_fit_on_target,9,0.07,5,0.9,3.0925,3.42138830743
quality_compute_new,B8_new,never_fit_on_target,10,0.07,5,0.95,3.2372,3.38811930456
quality_compute_new,B8_new,never_fit_on_target,11,0.07,5,1,3.3659,3.35451428183
quality_compute_new,B8_new,never_fit_on_target,12,0.07,10,0.05,0.9918,3.79562554159
quality_compute_new,B8_new,never_fit_on_target,13,0.07,10,0.95,3.2059,3.24632836466
quality_compute_new,B8_new,never_fit_on_target,14,0.07,20,0.05,0.9701,3.63944643202
quality_compute_new,B8_new,never_fit_on_target,15,0.07,20,0.1,1.096,3.61127016222
quality_compute_new,B8_new,never_fit_on_target,16,0.07,20,0.2,1.2839,3.55488296954
quality_compute_new,B8_new,never_fit_on_target,17,0.07,20,0.3,1.4876,3.49844465328
quality_compute_new,B8_new,never_fit_on_target,18,0.07,20,0.4,1.7688,3.44194780594
quality_compute_new,B8_new,never_fit_on_target,19,0.07,20,0.5,1.9631,3.38538250992
quality_compute_new,B8_new,never_fit_on_target,20,0.07,20,0.6,2.1816,3.32873479385
quality_compute_new,B8_new,never_fit_on_target,21,0.07,20,0.7,2.4162,3.27198348113
quality_compute_new,B8_new,never_fit_on_target,22,0.07,20,0.8,2.6428,3.21509254612
quality_compute_new,B8_new,never_fit_on_target,23,0.07,20,0.9,2.926,3.1579859149
quality_compute_new,B8_new,never_fit_on_target,24,0.07,20,0.95,2.984,3.12928912832
quality_compute_new,B8_new,never_fit_on_target,25,0.07,20,1,3.1277,3.10030250167
quality_compute_new,B8_new,never_fit_on_target,26,0.07,50,0.05,0.9392,3.46794299199
quality_compute_new,B8_new,never_fit_on_target,27,0.07,50,0.95,2.8636,3.00527877764
quality_compute_new,B8_new,never_fit_on_target,28,0.07,100,0.05,0.891,3.35992613861
quality_compute_new,B8_new,never_fit_on_target,29,0.07,100,0.1,1.0093,3.33619371785
quality_compute_new,B8_new,never_fit_on_target,30,0.07,100,0.2,1.2339,3.28869968857
quality_compute_new,B8_new,never_fit_on_target,31,0.07,100,0.3,1.4034,3.24116259872
quality_compute_new,B8_new,never_fit_on_target,32,0.07,100,0.4,1.6433,3.19357620908
quality_compute_new,B8_new,never_fit_on_target,33,0.07,100,0.5,1.8327,3.14593216622
quality_compute_new,B8_new,never_fit_on_target,34,0.07,100,0.6,2.104,3.09821870227
quality_compute_new,B8_new,never_fit_on_target,35,0.07,100,0.7,2.3189,3.05041798051
quality_compute_new,B8_new,never_fit_on_target,36,0.07,100,0.8,2.4893,3.00249965714
quality_compute_new,B8_new,never_fit_on_target,37,0.07,100,0.9,2.727,2.95439965631
quality_compute_new,B8_new,never_fit_on_target,38,0.07,100,0.95,2.7802,2.93022881259
quality_compute_new,B8_new,never_fit_on_target,39,0.07,100,1,2.8644,2.90581384123
quality_compute_new,B8_new,never_fit_on_target,40,0.07,150,0.05,0.8911,3.3040406023
quality_compute_new,B8_new,never_fit_on_target,41,0.07,150,0.95,2.7592,2.89252770714
quality_compute_new,B8_new,never_fit_on_target,42,0.07,300,0.05,0.8812,3.21924555003
quality_compute_new,B8_new,never_fit_on_target,43,0.07,300,0.95,2.6843,2.83705478362
quality_compute_new,B8_new,never_fit_on_target,44,0.07,500,0.05,0.861,3.16434926615
quality_compute_new,B8_new,never_fit_on_target,45,0.07,500,0.1,0.9621,3.14435982824
quality_compute_new,B8_new,never_fit_on_target,46,0.07,500,0.2,1.1948,3.10435636807
quality_compute_new,B8_new,never_fit_on_target,47,0.07,500,0.3,1.3491,3.06431663866
quality_compute_new,B8_new,never_fit_on_target,48,0.07,500,0.4,1.5406,3.02423538483
quality_compute_new,B8_new,never_fit_on_target,49,0.07,500,0.5,1.7858,2.98410557062
quality_compute_new,B8_new,never_fit_on_target,50,0.07,500,0.6,1.9945,2.94391728413
quality_compute_new,B8_new,never_fit_on_target,51,0.07,500,0.7,2.1765,2.90365550179
quality_compute_new,B8_new,never_fit_on_target,52,0.07,500,0.8,2.4124,2.86329466549
quality_compute_new,B8_new,never_fit_on_target,53,0.07,500,0.9,2.6083,2.82278080518
quality_compute_new,B8_new,never_fit_on_target,54,0.07,500,0.95,2.7105,2.80242209065
quality_compute_new,B8_new,never_fit_on_target,55,0.07,500,1,2.8055,2.78185775131
quality_compute_new,B8_new,never_fit_on_target,56,0.07,1000,0.05,0.8471,3.09868052102
quality_compute_new,B8_new,never_fit_on_target,57,0.07,1000,0.1,0.9414,3.0801154197
quality_compute_new,B8_new,never_fit_on_target,58,0.07,1000,0.2,1.1388,3.04296238444
quality_compute_new,B8_new,never_fit_on_target,59,0.07,1000,0.3,1.3853,3.0057756643
quality_compute_new,B8_new,never_fit_on_target,60,0.07,1000,0.4,1.5663,2.96855037853
quality_compute_new,B8_new,never_fit_on_target,61,0.07,1000,0.5,1.7504,2.93127999251
quality_compute_new,B8_new,never_fit_on_target,62,0.07,1000,0.6,1.9928,2.89395530064
quality_compute_new,B8_new,never_fit_on_target,63,0.07,1000,0.7,2.1482,2.85656234983
quality_compute_new,B8_new,never_fit_on_target,64,0.07,1000,0.8,2.3195,2.81907740309
quality_compute_new,B8_new,never_fit_on_target,65,0.07,1000,0.9,2.523,2.78145033598
quality_compute_new,B8_new,never_fit_on_target,66,0.07,1000,0.95,2.6048,2.76254227064
quality_compute_new,B8_new,never_fit_on_target,67,0.07,1000,1,2.7431,2.74344323218
quality_compute_new,B8_new,never_fit_on_target,68,0.07,2000,0.05,0.8539,3.04172775454
quality_compute_new,B8_new,never_fit_on_target,69,0.07,2000,0.1,0.9243,3.02448549948
quality_compute_new,B8_new,never_fit_on_target,70,0.07,2000,0.2,1.1409,2.98997978365
quality_compute_new,B8_new,never_fit_on_target,71,0.07,2000,0.3,1.3364,2.95544278313
quality_compute_new,B8_new,never_fit_on_target,72,0.07,2000,0.4,1.5027,2.92086996497
quality_compute_new,B8_new,never_fit_on_target,73,0.07,2000,0.5,1.7429,2.88625526015
quality_compute_new,B8_new,never_fit_on_target,74,0.07,2000,0.6,1.9258,2.85159011901
quality_compute_new,B8_new,never_fit_on_target,75,0.07,2000,0.7,2.1457,2.81686158268
quality_compute_new,B8_new,never_fit_on_target,76,0.07,2000,0.8,2.3261,2.78204760554
quality_compute_new,B8_new,never_fit_on_target,77,0.07,2000,0.9,2.5085,2.74710163475
quality_compute_new,B8_new,never_fit_on_target,78,0.07,2000,0.95,2.5794,2.72954085338
quality_compute_new,B8_new,never_fit_on_target,79,0.07,2000,1,2.7374,2.71180270657
quality_compute_new,B8_new,never_fit_on_target,80,0.16,5,0.05,0.8104,3.71262184416
quality_compute_new,B8_new,never_fit_on_target,81,0.16,5,0.1,0.9548,3.68271282157
quality_compute_new,B8_new,never_fit_on_target,82,0.16,5,0.2,1.1752,3.62285799224
quality_compute_new,B8_new,never_fit_on_target,83,0.16,5,0.3,1.4476,3.56294889539
quality_compute_new,B8_new,never_fit_on_target,84,0.16,5,0.4,1.6751,3.50297766798
quality_compute_new,B8_new,never_fit_on_target,85,0.16,5,0.5,1.9108,3.44293378251
quality_compute_new,B8_new,never_fit_on_target,86,0.16,5,0.6,2.1591,3.38280240842
quality_compute_new,B8_new,never_fit_on_target,87,0.16,5,0.7,2.4836,3.3225610668
quality_compute_new,B8_new,never_fit_on_target,88,0.16,5,0.8,2.5952,3.26217151655
quality_compute_new,B8_new,never_fit_on_target,89,0.16,5,0.9,2.8737,3.20155300546
quality_compute_new,B8_new,never_fit_on_target,90,0.16,5,0.95,2.9535,3.17109145592
quality_compute_new,B8_new,never_fit_on_target,91,0.16,5,1,3.1013,3.14032224206
quality_compute_new,B8_new,never_fit_on_target,92,0.16,10,0.05,0.7726,3.5324465134
quality_compute_new,B8_new,never_fit_on_target,93,0.16,10,0.95,2.9363,3.02950258006
quality_compute_new,B8_new,never_fit_on_target,94,0.16,20,0.05,0.7755,3.37975794519
quality_compute_new,B8_new,never_fit_on_target,95,0.16,20,0.1,0.8548,3.35395937103
quality_compute_new,B8_new,never_fit_on_target,96,0.16,20,0.2,1.0782,3.30233049386
quality_compute_new,B8_new,never_fit_on_target,97,0.16,20,0.3,1.3357,3.25065480725
quality_compute_new,B8_new,never_fit_on_target,98,0.16,20,0.4,1.5464,3.19892552878
quality_compute_new,B8_new,never_fit_on_target,99,0.16,20,0.5,1.7183,3.14713357779
quality_compute_new,B8_new,never_fit_on_target,100,0.16,20,0.6,1.9486,3.09526616187
quality_compute_new,B8_new,never_fit_on_target,101,0.16,20,0.7,2.2366,3.04330389147
quality_compute_new,B8_new,never_fit_on_target,102,0.16,20,0.8,2.4177,2.991213781
quality_compute_new,B8_new,never_fit_on_target,103,0.16,20,0.9,2.6607,2.93892617616
quality_compute_new,B8_new,never_fit_on_target,104,0.16,20,0.95,2.8283,2.91265100978
quality_compute_new,B8_new,never_fit_on_target,105,0.16,20,1,2.8913,2.88611046191
quality_compute_new,B8_new,never_fit_on_target,106,0.16,50,0.05,0.7379,3.21248999648
quality_compute_new,B8_new,never_fit_on_target,107,0.16,50,0.95,2.6024,2.78886837678
quality_compute_new,B8_new,never_fit_on_target,108,0.16,100,0.05,0.7109,3.10741317018
quality_compute_new,B8_new,never_fit_on_target,109,0.16,100,0.1,0.8001,3.08568344436
quality_compute_new,B8_new,never_fit_on_target,110,0.16,100,0.2,1.0158,3.04219726803
quality_compute_new,B8_new,never_fit_on_target,111,0.16,100,0.3,1.2359,2.99867166485
quality_compute_new,B8_new,never_fit_on_target,112,0.16,100,0.4,1.4134,2.95510092212
quality_compute_new,B8_new,never_fit_on_target,113,0.16,100,0.5,1.6514,2.91147739132
quality_compute_new,B8_new,never_fit_on_target,114,0.16,100,0.6,1.8608,2.86779029762
quality_compute_new,B8_new,never_fit_on_target,115,0.16,100,0.7,2.0787,2.82402330951
quality_compute_new,B8_new,never_fit_on_target,116,0.16,100,0.8,2.2318,2.78014864375
quality_compute_new,B8_new,never_fit_on_target,117,0.16,100,0.9,2.4932,2.73610763166
quality_compute_new,B8_new,never_fit_on_target,118,0.16,100,0.95,2.6163,2.71397647985
quality_compute_new,B8_new,never_fit_on_target,119,0.16,100,1,2.678,2.69162180147
quality_compute_new,B8_new,never_fit_on_target,120,0.16,150,0.05,0.6932,3.05314934346
quality_compute_new,B8_new,never_fit_on_target,121,0.16,150,0.95,2.5091,2.67636256427
quality_compute_new,B8_new,never_fit_on_target,122,0.16,300,0.05,0.6809,2.97096927419
quality_compute_new,B8_new,never_fit_on_target,123,0.16,300,0.95,2.4941,2.62103023314
quality_compute_new,B8_new,never_fit_on_target,124,0.16,500,0.05,0.6974,2.91788012193
quality_compute_new,B8_new,never_fit_on_target,125,0.16,500,0.1,0.7769,2.8995775219
quality_compute_new,B8_new,never_fit_on_target,126,0.16,500,0.2,0.9664,2.86294981207
quality_compute_new,B8_new,never_fit_on_target,127,0.16,500,0.3,1.1736,2.82628889364
quality_compute_new,B8_new,never_fit_on_target,128,0.16,500,0.4,1.351,2.78958995489
quality_compute_new,B8_new,never_fit_on_target,129,0.16,500,0.5,1.5896,2.75284655358
quality_compute_new,B8_new,never_fit_on_target,130,0.16,500,0.6,1.7639,2.71604961427
quality_compute_new,B8_new,never_fit_on_target,131,0.16,500,0.7,1.9757,2.67918538117
quality_compute_new,B8_new,never_fit_on_target,132,0.16,500,0.8,2.1303,2.64223045292
quality_compute_new,B8_new,never_fit_on_target,133,0.16,500,0.9,2.3645,2.60513541381
quality_compute_new,B8_new,never_fit_on_target,134,0.16,500,0.95,2.4958,2.58649469911
quality_compute_new,B8_new,never_fit_on_target,135,0.16,500,1,2.5293,2.56766571154
quality_compute_new,B8_new,never_fit_on_target,136,0.16,1000,0.05,0.6787,2.85451126442
quality_compute_new,B8_new,never_fit_on_target,137,0.16,1000,0.1,0.7577,2.83751280625
quality_compute_new,B8_new,never_fit_on_target,138,0.16,1000,0.2,0.9466,2.80349498407
quality_compute_new,B8_new,never_fit_on_target,139,0.16,1000,0.3,1.1493,2.76944631956
quality_compute_new,B8_new,never_fit_on_target,140,0.16,1000,0.4,1.3709,2.73536234383
quality_compute_new,B8_new,never_fit_on_target,141,0.16,1000,0.5,1.5609,2.70123707371
quality_compute_new,B8_new,never_fit_on_target,142,0.16,1000,0.6,1.7116,2.66706208041
quality_compute_new,B8_new,never_fit_on_target,143,0.16,1000,0.7,2.0044,2.6328245883
quality_compute_new,B8_new,never_fit_on_target,144,0.16,1000,0.8,2.0871,2.59850286347
quality_compute_new,B8_new,never_fit_on_target,145,0.16,1000,0.9,2.3054,2.56405101131
quality_compute_new,B8_new,never_fit_on_target,146,0.16,1000,0.95,2.4884,2.54673853065
quality_compute_new,B8_new,never_fit_on_target,147,0.16,1000,1,2.5056,2.52925119241
quality_compute_new,B8_new,never_fit_on_target,148,0.16,2000,0.05,0.6532,2.79969450831
quality_compute_new,B8_new,never_fit_on_target,149,0.16,2000,0.1,0.7317,2.78390726609
quality_compute_new,B8_new,never_fit_on_target,150,0.16,2000,0.2,0.9418,2.75231336543
quality_compute_new,B8_new,never_fit_on_target,151,0.16,2000,0.3,1.1205,2.72069082009
quality_compute_new,B8_new,never_fit_on_target,152,0.16,2000,0.4,1.335,2.68903547962
quality_compute_new,B8_new,never_fit_on_target,153,0.16,2000,0.5,1.5166,2.65734178716
quality_compute_new,B8_new,never_fit_on_target,154,0.16,2000,0.6,1.6953,2.62560191452
quality_compute_new,B8_new,never_fit_on_target,155,0.16,2000,0.7,1.9296,2.59380399639
quality_compute_new,B8_new,never_fit_on_target,156,0.16,2000,0.8,2.0992,2.5619278475
quality_compute_new,B8_new,never_fit_on_target,157,0.16,2000,0.9,2.246,2.52993084343
quality_compute_new,B8_new,never_fit_on_target,158,0.16,2000,0.95,2.3649,2.51385195422
quality_compute_new,B8_new,never_fit_on_target,159,0.16,2000,1,2.4771,2.4976106668
quality_compute_new,B8_new,never_fit_on_target,160,0.41,5,0.05,0.622,3.47727250127
quality_compute_new,B8_new,never_fit_on_target,161,0.41,5,0.1,0.7497,3.4502191932
quality_compute_new,B8_new,never_fit_on_target,162,0.41,5,0.2,1.0023,3.39607930507
quality_compute_new,B8_new,never_fit_on_target,163,0.41,5,0.3,1.2344,3.34189033088
quality_compute_new,B8_new,never_fit_on_target,164,0.41,5,0.4,1.4755,3.28764515837
quality_compute_new,B8_new,never_fit_on_target,165,0.41,5,0.5,1.6916,3.23333426519
quality_compute_new,B8_new,never_fit_on_target,166,0.41,5,0.6,1.98,3.17894423679
quality_compute_new,B8_new,never_fit_on_target,167,0.41,5,0.7,2.2447,3.12445474058
quality_compute_new,B8_new,never_fit_on_target,168,0.41,5,0.8,2.4492,3.06983118671
quality_compute_new,B8_new,never_fit_on_target,169,0.41,5,0.9,2.6707,3.01500053317
quality_compute_new,B8_new,never_fit_on_target,170,0.41,5,0.95,2.861,2.98744745346
quality_compute_new,B8_new,never_fit_on_target,171,0.41,5,1,3.0229,2.95961608521
quality_compute_new,B8_new,never_fit_on_target,172,0.41,10,0.05,0.6007,3.30099074117
quality_compute_new,B8_new,never_fit_on_target,173,0.41,10,0.95,2.7299,2.84606791219
quality_compute_new,B8_new,never_fit_on_target,174,0.41,20,0.05,0.581,3.15191830935
quality_compute_new,B8_new,never_fit_on_target,175,0.41,20,0.1,0.695,3.12858298395
quality_compute_new,B8_new,never_fit_on_target,176,0.41,20,0.2,0.9131,3.08188363378
quality_compute_new,B8_new,never_fit_on_target,177,0.41,20,0.3,1.1552,3.03514194354
quality_compute_new,B8_new,never_fit_on_target,178,0.41,20,0.4,1.3143,2.9883517784
quality_compute_new,B8_new,never_fit_on_target,179,0.41,20,0.5,1.5963,2.94150492469
quality_compute_new,B8_new,never_fit_on_target,180,0.41,20,0.6,1.7915,2.89458981147
quality_compute_new,B8_new,never_fit_on_target,181,0.41,20,0.7,2.0338,2.84758890046
quality_compute_new,B8_new,never_fit_on_target,182,0.41,20,0.8,2.246,2.80047235556
quality_compute_new,B8_new,never_fit_on_target,183,0.41,20,0.9,2.474,2.75317717306
quality_compute_new,B8_new,never_fit_on_target,184,0.41,20,0.95,2.5494,2.72941076049
quality_compute_new,B8_new,never_fit_on_target,185,0.41,20,1,2.7188,2.70540430506
quality_compute_new,B8_new,never_fit_on_target,186,0.41,50,0.05,0.536,2.98903825142
quality_compute_new,B8_new,never_fit_on_target,187,0.41,50,0.95,2.4497,2.6058640388
quality_compute_new,B8_new,never_fit_on_target,188,0.41,100,0.05,0.535,2.88700723888
quality_compute_new,B8_new,never_fit_on_target,189,0.41,100,0.1,0.6432,2.86735226805
quality_compute_new,B8_new,never_fit_on_target,190,0.41,100,0.2,0.8168,2.82801815335
quality_compute_new,B8_new,never_fit_on_target,191,0.41,100,0.3,1.0559,2.78864837629
quality_compute_new,B8_new,never_fit_on_target,192,0.41,100,0.4,1.2365,2.74923776961
quality_compute_new,B8_new,never_fit_on_target,193,0.41,100,0.5,1.477,2.70977941505
quality_compute_new,B8_new,never_fit_on_target,194,0.41,100,0.6,1.6841,2.67026356659
quality_compute_new,B8_new,never_fit_on_target,195,0.41,100,0.7,1.8979,2.63067545203
quality_compute_new,B8_new,never_fit_on_target,196,0.41,100,0.8,2.0213,2.5909899409
quality_compute_new,B8_new,never_fit_on_target,197,0.41,100,0.9,2.2729,2.55115396618
quality_compute_new,B8_new,never_fit_on_target,198,0.41,100,0.95,2.4488,2.53113589753
quality_compute_new,B8_new,never_fit_on_target,199,0.41,100,1,2.488,2.51091564461
quality_compute_new,B8_new,never_fit_on_target,200,0.41,150,0.05,0.5231,2.83442347337
quality_compute_new,B8_new,never_fit_on_target,201,0.41,150,0.95,2.3801,2.49361230904
quality_compute_new,B8_new,never_fit_on_target,202,0.41,300,0.05,0.5209,2.7549524782
quality_compute_new,B8_new,never_fit_on_target,203,0.41,300,0.95,2.3692,2.43842562904
quality_compute_new,B8_new,never_fit_on_target,204,0.41,500,0.05,0.5057,2.70373548091
quality_compute_new,B8_new,never_fit_on_target,205,0.41,500,0.1,0.6047,2.68718041378
quality_compute_new,B8_new,never_fit_on_target,206,0.41,500,0.2,0.8045,2.65404991896
quality_compute_new,B8_new,never_fit_on_target,207,0.41,500,0.3,1.0122,2.62088938631
quality_compute_new,B8_new,never_fit_on_target,208,0.41,500,0.4,1.2031,2.58769446351
quality_compute_new,B8_new,never_fit_on_target,209,0.41,500,0.5,1.427,2.55445932345
quality_compute_new,B8_new,never_fit_on_target,210,0.41,500,0.6,1.5817,2.52117575719
quality_compute_new,B8_new,never_fit_on_target,211,0.41,500,0.7,1.7811,2.48783132236
quality_compute_new,B8_new,never_fit_on_target,212,0.41,500,0.8,1.9863,2.45440485195
quality_compute_new,B8_new,never_fit_on_target,213,0.41,500,0.9,2.1829,2.42085164848
quality_compute_new,B8_new,never_fit_on_target,214,0.41,500,0.95,2.3182,2.40399074986
quality_compute_new,B8_new,never_fit_on_target,215,0.41,500,1,2.3631,2.38695955469
quality_compute_new,B8_new,never_fit_on_target,216,0.41,1000,0.05,0.5,2.6427492645
quality_compute_new,B8_new,never_fit_on_target,217,0.41,1000,0.1,0.5885,2.62737381972
quality_compute_new,B8_new,never_fit_on_target,218,0.41,1000,0.2,0.7592,2.59660402039
quality_compute_new,B8_new,never_fit_on_target,219,0.41,1000,0.3,0.9951,2.56580632356
quality_compute_new,B8_new,never_fit_on_target,220,0.41,1000,0.4,1.2144,2.53497668703
quality_compute_new,B8_new,never_fit_on_target,221,0.41,1000,0.5,1.3941,2.50410969889
quality_compute_new,B8_new,never_fit_on_target,222,0.41,1000,0.6,1.5743,2.47319773515
quality_compute_new,B8_new,never_fit_on_target,223,0.41,1000,0.7,1.759,2.44222923998
quality_compute_new,B8_new,never_fit_on_target,224,0.41,1000,0.8,1.9279,2.41118455464
quality_compute_new,B8_new,never_fit_on_target,225,0.41,1000,0.9,2.1495,2.38002216653
quality_compute_new,B8_new,never_fit_on_target,226,0.41,1000,0.95,2.2212,2.36436268213
quality_compute_new,B8_new,never_fit_on_target,227,0.41,1000,1,2.4128,2.34854503556
quality_compute_new,B8_new,never_fit_on_target,228,0.41,2000,0.05,0.5,2.5901453757
quality_compute_new,B8_new,never_fit_on_target,229,0.41,2000,0.1,0.5802,2.57586549992
quality_compute_new,B8_new,never_fit_on_target,230,0.41,2000,0.2,0.7774,2.547288186
quality_compute_new,B8_new,never_fit_on_target,231,0.41,2000,0.3,0.9982,2.51868496239
quality_compute_new,B8_new,never_fit_on_target,232,0.41,2000,0.4,1.2122,2.49005207493
quality_compute_new,B8_new,never_fit_on_target,233,0.41,2000,0.5,1.3202,2.46138449735
quality_compute_new,B8_new,never_fit_on_target,234,0.41,2000,0.6,1.5758,2.43267514886
quality_compute_new,B8_new,never_fit_on_target,235,0.41,2000,0.7,1.7331,2.40391329706
quality_compute_new,B8_new,never_fit_on_target,236,0.41,2000,0.8,1.9375,2.37508068399
quality_compute_new,B8_new,never_fit_on_target,237,0.41,2000,0.9,2.0973,2.34613875498
quality_compute_new,B8_new,never_fit_on_target,238,0.41,2000,0.95,2.2225,2.33159507867
quality_compute_new,B8_new,never_fit_on_target,239,0.41,2000,1,2.3248,2.31690450995
quality_compute_new,B8_new,never_fit_on_target,240,0.7,5,0.05,0.5148,3.36886598211
quality_compute_new,B8_new,never_fit_on_target,241,0.7,5,0.1,0.651,3.34331278188
quality_compute_new,B8_new,never_fit_on_target,242,0.7,5,0.2,0.8807,3.29217495436
quality_compute_new,B8_new,never_fit_on_target,243,0.7,5,0.3,1.1486,3.24099076262
quality_compute_new,B8_new,never_fit_on_target,244,0.7,5,0.4,1.3678,3.18975348875
quality_compute_new,B8_new,never_fit_on_target,245,0.7,5,0.5,1.6627,3.13845413842
quality_compute_new,B8_new,never_fit_on_target,246,0.7,5,0.6,1.8832,3.08708004094
quality_compute_new,B8_new,never_fit_on_target,247,0.7,5,0.7,2.1501,3.03561199114
quality_compute_new,B8_new,never_fit_on_target,248,0.7,5,0.8,2.3581,2.98401731718
quality_compute_new,B8_new,never_fit_on_target,249,0.7,5,0.9,2.6571,2.93222702725
quality_compute_new,B8_new,never_fit_on_target,250,0.7,5,0.95,2.7097,2.90620176775
quality_compute_new,B8_new,never_fit_on_target,251,0.7,5,1,2.862,2.87991365084
quality_compute_new,B8_new,never_fit_on_target,252,0.7,10,0.05,0.5,3.19462951604
quality_compute_new,B8_new,never_fit_on_target,253,0.7,10,0.95,2.657,2.76493219002
quality_compute_new,B8_new,never_fit_on_target,254,0.7,20,0.05,0.5,3.04745664195
quality_compute_new,B8_new,never_fit_on_target,255,0.7,20,0.1,0.5886,3.02541526198
quality_compute_new,B8_new,never_fit_on_target,256,0.7,20,0.2,0.82,2.98130539407
quality_compute_new,B8_new,never_fit_on_target,257,0.7,20,0.3,1.0213,2.93715553385
quality_compute_new,B8_new,never_fit_on_target,258,0.7,20,0.4,1.2544,2.89295988667
quality_compute_new,B8_new,never_fit_on_target,259,0.7,20,0.5,1.5102,2.84871069431
quality_compute_new,B8_new,never_fit_on_target,260,0.7,20,0.6,1.733,2.80439702742
quality_compute_new,B8_new,never_fit_on_target,261,0.7,20,0.7,1.9575,2.76000232024
quality_compute_new,B8_new,never_fit_on_target,262,0.7,20,0.8,2.1359,2.71549839108
quality_compute_new,B8_new,never_fit_on_target,263,0.7,20,0.9,2.4142,2.67082572979
quality_compute_new,B8_new,never_fit_on_target,264,0.7,20,0.95,2.5456,2.64837716647
quality_compute_new,B8_new,never_fit_on_target,265,0.7,20,1,2.5856,2.62570187068
quality_compute_new,B8_new,never_fit_on_target,266,0.7,50,0.05,0.5,2.88688154457
quality_compute_new,B8_new,never_fit_on_target,267,0.7,50,0.95,2.3802,2.52495436907
quality_compute_new,B8_new,never_fit_on_target,268,0.7,100,0.05,0.5,2.78645049908
quality_compute_new,B8_new,never_fit_on_target,269,0.7,100,0.1,0.5313,2.76788539776
quality_compute_new,B8_new,never_fit_on_target,270,0.7,100,0.2,0.7638,2.7307323625
quality_compute_new,B8_new,never_fit_on_target,271,0.7,100,0.3,0.9699,2.69354564236
quality_compute_new,B8_new,never_fit_on_target,272,0.7,100,0.4,1.1979,2.65632035659
quality_compute_new,B8_new,never_fit_on_target,273,0.7,100,0.5,1.3973,2.61904997058
quality_compute_new,B8_new,never_fit_on_target,274,0.7,100,0.6,1.5891,2.5817252787
quality_compute_new,B8_new,never_fit_on_target,275,0.7,100,0.7,1.8109,2.54433232789
quality_compute_new,B8_new,never_fit_on_target,276,0.7,100,0.8,2.017,2.50684738115
quality_compute_new,B8_new,never_fit_on_target,277,0.7,100,0.9,2.1928,2.46922031404
quality_compute_new,B8_new,never_fit_on_target,278,0.7,100,0.95,2.3158,2.4503122487
quality_compute_new,B8_new,never_fit_on_target,279,0.7,100,1,2.4334,2.43121321024
quality_compute_new,B8_new,never_fit_on_target,280,0.7,150,0.05,0.5,2.7347492703
quality_compute_new,B8_new,never_fit_on_target,281,0.7,150,0.95,2.3482,2.41283610907
quality_compute_new,B8_new,never_fit_on_target,282,0.7,300,0.05,0.5,2.6567013527
quality_compute_new,B8_new,never_fit_on_target,283,0.7,300,0.95,2.2639,2.35772593966
quality_compute_new,B8_new,never_fit_on_target,284,0.7,500,0.05,0.5,2.60646779908
quality_compute_new,B8_new,never_fit_on_target,285,0.7,500,0.1,0.5138,2.59083071159
quality_compute_new,B8_new,never_fit_on_target,286,0.7,500,0.2,0.701,2.55953730505
quality_compute_new,B8_new,never_fit_on_target,287,0.7,500,0.3,0.9241,2.52821552627
quality_compute_new,B8_new,never_fit_on_target,288,0.7,500,0.4,1.1327,2.49686126428
quality_compute_new,B8_new,never_fit_on_target,289,0.7,500,0.5,1.3085,2.46546901508
quality_compute_new,B8_new,never_fit_on_target,290,0.7,500,0.6,1.5486,2.43403102492
quality_compute_new,B8_new,never_fit_on_target,291,0.7,500,0.7,1.7063,2.40253554135
quality_compute_new,B8_new,never_fit_on_target,292,0.7,500,0.8,1.8982,2.37096257109
quality_compute_new,B8_new,never_fit_on_target,293,0.7,500,0.9,2.0978,2.33926989511
quality_compute_new,B8_new,never_fit_on_target,294,0.7,500,0.95,2.1997,2.32334393452
quality_compute_new,B8_new,never_fit_on_target,295,0.7,500,1,2.2912,2.30725712032
quality_compute_new,B8_new,never_fit_on_target,296,0.7,1000,0.05,0.5,2.54673318488
quality_compute_new,B8_new,never_fit_on_target,297,0.7,1000,0.1,0.5071,2.5322103096
quality_compute_new,B8_new,never_fit_on_target,298,0.7,1000,0.2,0.7115,2.50314669781
quality_compute_new,B8_new,never_fit_on_target,299,0.7,1000,0.3,0.9132,2.47405673544
quality_compute_new,B8_new,never_fit_on_target,300,0.7,1000,0.4,1.1056,2.44493660443
quality_compute_new,B8_new,never_fit_on_target,301,0.7,1000,0.5,1.322,2.41578119296
quality_compute_new,B8_new,never_fit_on_target,302,0.7,1000,0.6,1.4614,2.38658329979
quality_compute_new,B8_new,never_fit_on_target,303,0.7,1000,0.7,1.7068,2.35733200987
quality_compute_new,B8_new,never_fit_on_target,304,0.7,1000,0.8,1.8896,2.32800875452
quality_compute_new,B8_new,never_fit_on_target,305,0.7,1000,0.9,2.0683,2.29857432303
quality_compute_new,B8_new,never_fit_on_target,306,0.7,1000,0.95,2.1816,2.28378315814
quality_compute_new,B8_new,never_fit_on_target,307,0.7,1000,1,2.297,2.26884260118
quality_compute_new,B8_new,never_fit_on_target,308,0.7,2000,0.05,0.5,2.49529171604
quality_compute_new,B8_new,never_fit_on_target,309,0.7,2000,0.1,0.5001,2.48180366038
quality_compute_new,B8_new,never_fit_on_target,310,0.7,2000,0.2,0.6784,2.45481096053
quality_compute_new,B8_new,never_fit_on_target,311,0.7,2000,0.3,0.8706,2.42779378769
quality_compute_new,B8_new,never_fit_on_target,312,0.7,2000,0.4,1.0904,2.40074859587
quality_compute_new,B8_new,never_fit_on_target,313,0.7,2000,0.5,1.2499,2.37367063748
quality_compute_new,B8_new,never_fit_on_target,314,0.7,2000,0.6,1.4277,2.34655322439
quality_compute_new,B8_new,never_fit_on_target,315,0.7,2000,0.7,1.6336,2.31938621931
quality_compute_new,B8_new,never_fit_on_target,316,0.7,2000,0.8,1.8579,2.29215237666
quality_compute_new,B8_new,never_fit_on_target,317,0.7,2000,0.9,2.0246,2.26481527966
quality_compute_new,B8_new,never_fit_on_target,318,0.7,2000,0.95,2.1556,2.25107805123
quality_compute_new,B8_new,never_fit_on_target,319,0.7,2000,1,2.2183,2.23720207558
quality_compute_new,B8_new,never_fit_on_target,320,1,5,0.05,0.5,3.30498171187
quality_compute_new,B8_new,never_fit_on_target,321,1,5,0.1,0.5747,3.28038223778
quality_compute_new,B8_new,never_fit_on_target,322,1,5,0.2,0.8142,3.2311530355
quality_compute_new,B8_new,never_fit_on_target,323,1,5,0.3,1.0733,3.18187919945
quality_compute_new,B8_new,never_fit_on_target,324,1,5,0.4,1.3204,3.13255426245
quality_compute_new,B8_new,never_fit_on_target,325,1,5,0.5,1.5528,3.0831695659
quality_compute_new,B8_new,never_fit_on_target,326,1,5,0.6,1.8086,3.033712912
quality_compute_new,B8_new,never_fit_on_target,327,1,5,0.7,2.0374,2.98416581236
quality_compute_new,B8_new,never_fit_on_target,328,1,5,0.8,2.3623,2.93449681459
quality_compute_new,B8_new,never_fit_on_target,329,1,5,0.9,2.5719,2.88463950185
quality_compute_new,B8_new,never_fit_on_target,330,1,5,0.95,2.7672,2.85958558723
quality_compute_new,B8_new,never_fit_on_target,331,1,5,1,2.8125,2.83427862586
quality_compute_new,B8_new,never_fit_on_target,332,1,10,0.05,0.5,3.13204558591
quality_compute_new,B8_new,never_fit_on_target,333,1,10,0.95,2.6357,2.71838592121
quality_compute_new,B8_new,never_fit_on_target,334,1,20,0.05,0.5,2.98608039688
quality_compute_new,B8_new,never_fit_on_target,335,1,20,0.1,0.5188,2.96486167083
quality_compute_new,B8_new,never_fit_on_target,336,1,20,0.2,0.7381,2.9223981225
quality_compute_new,B8_new,never_fit_on_target,337,1,20,0.3,0.9701,2.8798960745
quality_compute_new,B8_new,never_fit_on_target,338,1,20,0.4,1.2279,2.83734994845
quality_compute_new,B8_new,never_fit_on_target,339,1,20,0.5,1.4233,2.79475227571
quality_compute_new,B8_new,never_fit_on_target,340,1,20,0.6,1.6574,2.75209253482
quality_compute_new,B8_new,never_fit_on_target,341,1,20,0.7,1.8968,2.70935477833
quality_compute_new,B8_new,never_fit_on_target,342,1,20,0.8,2.0844,2.66651187636
quality_compute_new,B8_new,never_fit_on_target,343,1,20,0.9,2.3062,2.62350653988
quality_compute_new,B8_new,never_fit_on_target,344,1,20,0.95,2.4517,2.60189582784
quality_compute_new,B8_new,never_fit_on_target,345,1,20,1,2.6133,2.58006684571
quality_compute_new,B8_new,never_fit_on_target,346,1,50,0.05,0.5,2.82697072824
quality_compute_new,B8_new,never_fit_on_target,347,1,50,0.95,2.3371,2.478551818
quality_compute_new,B8_new,never_fit_on_target,348,1,100,0.05,0.5,2.72755689654
quality_compute_new,B8_new,never_fit_on_target,349,1,100,0.1,0.5,2.70968470344
quality_compute_new,B8_new,never_fit_on_target,350,1,100,0.2,0.7102,2.67391833679
quality_compute_new,B8_new,never_fit_on_target,351,1,100,0.3,0.9137,2.63811954249
quality_compute_new,B8_new,never_fit_on_target,352,1,100,0.4,1.1107,2.60228362196
quality_compute_new,B8_new,never_fit_on_target,353,1,100,0.5,1.3086,2.56640428446
quality_compute_new,B8_new,never_fit_on_target,354,1,100,0.6,1.5225,2.53047266797
quality_compute_new,B8_new,never_fit_on_target,355,1,100,0.7,1.7077,2.49447534018
quality_compute_new,B8_new,never_fit_on_target,356,1,100,0.8,1.9487,2.45838945004
quality_compute_new,B8_new,never_fit_on_target,357,1,100,0.9,2.2185,2.42216674391
quality_compute_new,B8_new,never_fit_on_target,358,1,100,0.95,2.3344,2.40396438729
quality_compute_new,B8_new,never_fit_on_target,359,1,100,1,2.4489,2.38557818527
quality_compute_new,B8_new,never_fit_on_target,360,1,150,0.05,0.5,2.67641675965
quality_compute_new,B8_new,never_fit_on_target,361,1,150,0.95,2.1674,2.3665184143
quality_compute_new,B8_new,never_fit_on_target,362,1,300,0.05,0.5,2.59927359453
quality_compute_new,B8_new,never_fit_on_target,363,1,300,0.95,2.1877,2.31145688816
quality_compute_new,B8_new,never_fit_on_target,364,1,500,0.05,0.5,2.54966528658
quality_compute_new,B8_new,never_fit_on_target,365,1,500,0.1,0.5,2.53461182458
quality_compute_new,B8_new,never_fit_on_target,366,1,500,0.2,0.6599,2.5044863868
quality_compute_new,B8_new,never_fit_on_target,367,1,500,0.3,0.8544,2.47433363573
quality_compute_new,B8_new,never_fit_on_target,368,1,500,0.4,1.0836,2.44414961383
quality_compute_new,B8_new,never_fit_on_target,369,1,500,0.5,1.2157,2.41392902252
quality_compute_new,B8_new,never_fit_on_target,370,1,500,0.6,1.4518,2.38366439744
quality_compute_new,B8_new,never_fit_on_target,371,1,500,0.7,1.707,2.35334442479
quality_compute_new,B8_new,never_fit_on_target,372,1,500,0.8,1.8739,2.32294985749
quality_compute_new,B8_new,never_fit_on_target,373,1,500,0.9,2.0431,2.29244005228
quality_compute_new,B8_new,never_fit_on_target,374,1,500,0.95,2.1733,2.27710849883
quality_compute_new,B8_new,never_fit_on_target,375,1,500,1,2.2572,2.26162209534
quality_compute_new,B8_new,never_fit_on_target,376,1,1000,0.05,0.5,2.49072640566
quality_compute_new,B8_new,never_fit_on_target,377,1,1000,0.1,0.5,2.47674556995
quality_compute_new,B8_new,never_fit_on_target,378,1,1000,0.2,0.6605,2.44876670395
quality_compute_new,B8_new,never_fit_on_target,379,1,1000,0.3,0.8357,2.42076247085
quality_compute_new,B8_new,never_fit_on_target,380,1,1000,0.4,1.0525,2.3927291951
quality_compute_new,B8_new,never_fit_on_target,381,1,1000,0.5,1.2565,2.36466195567
quality_compute_new,B8_new,never_fit_on_target,382,1,1000,0.6,1.407,2.33655382008
quality_compute_new,B8_new,never_fit_on_target,383,1,1000,0.7,1.6907,2.30839428068
quality_compute_new,B8_new,never_fit_on_target,384,1,1000,0.8,1.8615,2.28016546184
quality_compute_new,B8_new,never_fit_on_target,385,1,1000,0.9,1.9758,2.25182961629
quality_compute_new,B8_new,never_fit_on_target,386,1,1000,0.95,2.1305,2.23759050439
quality_compute_new,B8_new,never_fit_on_target,387,1,1000,1,2.1409,2.22320757621
quality_compute_new,B8_new,never_fit_on_target,388,1,2000,0.05,0.5,2.44002397056
quality_compute_new,B8_new,never_fit_on_target,389,1,2000,0.1,0.5,2.42703933174
quality_compute_new,B8_new,never_fit_on_target,390,1,2000,0.2,0.6467,2.4010540847
quality_compute_new,B8_new,never_fit_on_target,391,1,2000,0.3,0.8314,2.37504527808
quality_compute_new,B8_new,never_fit_on_target,392,1,2000,0.4,1.0295,2.34900949823
quality_compute_new,B8_new,never_fit_on_target,393,1,2000,0.5,1.2251,2.32294217477
quality_compute_new,B8_new,never_fit_on_target,394,1,2000,0.6,1.4304,2.29683686918
quality_compute_new,B8_new,never_fit_on_target,395,1,2000,0.7,1.5995,2.27068382253
quality_compute_new,B8_new,never_fit_on_target,396,1,2000,0.8,1.7725,2.2444664329
quality_compute_new,B8_new,never_fit_on_target,397,1,2000,0.9,2.027,2.2181496427
quality_compute_new,B8_new,never_fit_on_target,398,1,2000,0.95,2.0759,2.20492513102
quality_compute_new,B8_new,never_fit_on_target,399,1,2000,1,2.2081,2.1915670506
quality_compute_new,B8_new,never_fit_on_target,400,2.8,5,0.05,0.5,3.15148719594
quality_compute_new,B8_new,never_fit_on_target,401,2.8,5,0.1,0.5,3.12944581598
quality_compute_new,B8_new,never_fit_on_target,402,2.8,5,0.2,0.6798,3.08533594807
quality_compute_new,B8_new,never_fit_on_target,403,2.8,5,0.3,0.9253,3.04118608784
quality_compute_new,B8_new,never_fit_on_target,404,2.8,5,0.4,1.2039,2.99699044066
quality_compute_new,B8_new,never_fit_on_target,405,2.8,5,0.5,1.4628,2.9527412483
quality_compute_new,B8_new,never_fit_on_target,406,2.8,5,0.6,1.7229,2.90842758141
quality_compute_new,B8_new,never_fit_on_target,407,2.8,5,0.7,2.0084,2.86403287423
quality_compute_new,B8_new,never_fit_on_target,408,2.8,5,0.8,2.2056,2.81952894507
quality_compute_new,B8_new,never_fit_on_target,409,2.8,5,0.9,2.4428,2.77485628378
quality_compute_new,B8_new,never_fit_on_target,410,2.8,5,0.95,2.6201,2.75240772046
quality_compute_new,B8_new,never_fit_on_target,411,2.8,5,1,2.721,2.72973242468
quality_compute_new,B8_new,never_fit_on_target,412,2.8,10,0.05,0.5,2.98203885567
quality_compute_new,B8_new,never_fit_on_target,413,2.8,10,0.95,2.4203,2.61139557235
quality_compute_new,B8_new,never_fit_on_target,414,2.8,20,0.05,0.5,2.83931293205
quality_compute_new,B8_new,never_fit_on_target,415,2.8,20,0.1,0.5,2.82030073685
quality_compute_new,B8_new,never_fit_on_target,416,2.8,20,0.2,0.623,2.78225296396
quality_compute_new,B8_new,never_fit_on_target,417,2.8,20,0.3,0.8308,2.74417069498
quality_compute_new,B8_new,never_fit_on_target,418,2.8,20,0.4,1.0678,2.70604893162
quality_compute_new,B8_new,never_fit_on_target,419,2.8,20,0.5,1.2966,2.66788098188
quality_compute_new,B8_new,never_fit_on_target,420,2.8,20,0.6,1.5279,2.62965741847
quality_compute_new,B8_new,never_fit_on_target,421,2.8,20,0.7,1.7488,2.59136395226
quality_compute_new,B8_new,never_fit_on_target,422,2.8,20,0.8,2.0341,2.55297627465
quality_compute_new,B8_new,never_fit_on_target,423,2.8,20,0.9,2.2362,2.51444305405
quality_compute_new,B8_new,never_fit_on_target,424,2.8,20,0.95,2.3457,2.4950796354
quality_compute_new,B8_new,never_fit_on_target,425,2.8,20,1,2.5073,2.47552064452
quality_compute_new,B8_new,never_fit_on_target,426,2.8,50,0.05,0.5,2.68413385154
quality_compute_new,B8_new,never_fit_on_target,427,2.8,50,0.95,2.253,2.37194695038
quality_compute_new,B8_new,never_fit_on_target,428,2.8,100,0.05,0.5,2.58744840122
quality_compute_new,B8_new,never_fit_on_target,429,2.8,100,0.1,0.5,2.57143473371
quality_compute_new,B8_new,never_fit_on_target,430,2.8,100,0.2,0.5671,2.539387704
quality_compute_new,B8_new,never_fit_on_target,431,2.8,100,0.3,0.7708,2.50731161877
quality_compute_new,B8_new,never_fit_on_target,432,2.8,100,0.4,0.9718,2.47520226807
quality_compute_new,B8_new,never_fit_on_target,433,2.8,100,0.5,1.1999,2.44305401532
quality_compute_new,B8_new,never_fit_on_target,434,2.8,100,0.6,1.4075,2.41085892006
quality_compute_new,B8_new,never_fit_on_target,435,2.8,100,0.7,1.6363,2.3786049468
quality_compute_new,B8_new,never_fit_on_target,436,2.8,100,0.8,1.8765,2.34627162077
quality_compute_new,B8_new,never_fit_on_target,437,2.8,100,0.9,2.0444,2.31381570622
quality_compute_new,B8_new,never_fit_on_target,438,2.8,100,0.95,2.1982,2.29750620883
quality_compute_new,B8_new,never_fit_on_target,439,2.8,100,1,2.2588,2.28103198408
quality_compute_new,B8_new,never_fit_on_target,440,2.8,150,0.05,0.5,2.53781323082
quality_compute_new,B8_new,never_fit_on_target,441,2.8,150,0.95,2.1192,2.26014114912
quality_compute_new,B8_new,never_fit_on_target,442,2.8,300,0.05,0.5,2.46309680216
quality_compute_new,B8_new,never_fit_on_target,443,2.8,300,0.95,2.0528,2.20521009445
quality_compute_new,B8_new,never_fit_on_target,444,2.8,500,0.05,0.5,2.41516553462
quality_compute_new,B8_new,never_fit_on_target,445,2.8,500,0.1,0.5,2.40167747896
quality_compute_new,B8_new,never_fit_on_target,446,2.8,500,0.2,0.5387,2.37468477912
quality_compute_new,B8_new,never_fit_on_target,447,2.8,500,0.3,0.7277,2.34766760628
quality_compute_new,B8_new,never_fit_on_target,448,2.8,500,0.4,0.9045,2.32062241445
quality_compute_new,B8_new,never_fit_on_target,449,2.8,500,0.5,1.16,2.29354445606
quality_compute_new,B8_new,never_fit_on_target,450,2.8,500,0.6,1.3308,2.26642704297
quality_compute_new,B8_new,never_fit_on_target,451,2.8,500,0.7,1.5099,2.23926003789
quality_compute_new,B8_new,never_fit_on_target,452,2.8,500,0.8,1.7571,2.21202619524
quality_compute_new,B8_new,never_fit_on_target,453,2.8,500,0.9,1.9167,2.18468909824
quality_compute_new,B8_new,never_fit_on_target,454,2.8,500,0.95,2.0846,2.17095186981
quality_compute_new,B8_new,never_fit_on_target,455,2.8,500,1,2.1517,2.15707589416
quality_compute_new,B8_new,never_fit_on_target,456,2.8,1000,0.05,0.5,2.35836097776
quality_compute_new,B8_new,never_fit_on_target,457,2.8,1000,0.1,0.5,2.34583400621
quality_compute_new,B8_new,never_fit_on_target,458,2.8,1000,0.2,0.519,2.32076465659
quality_compute_new,B8_new,never_fit_on_target,459,2.8,1000,0.3,0.7239,2.29567257779
quality_compute_new,B8_new,never_fit_on_target,460,2.8,1000,0.4,0.8987,2.27055447648
quality_compute_new,B8_new,never_fit_on_target,461,2.8,1000,0.5,1.1398,2.24540594336
quality_compute_new,B8_new,never_fit_on_target,462,2.8,1000,0.6,1.3353,2.22022076688
quality_compute_new,B8_new,never_fit_on_target,463,2.8,1000,0.7,1.5354,2.19498953205
quality_compute_new,B8_new,never_fit_on_target,464,2.8,1000,0.8,1.6984,2.16969622213
quality_compute_new,B8_new,never_fit_on_target,465,2.8,1000,0.9,1.9178,2.14430701519
quality_compute_new,B8_new,never_fit_on_target,466,2.8,1000,0.95,2.0038,2.13154862554
quality_compute_new,B8_new,never_fit_on_target,467,2.8,1000,1,2.1237,2.11866137502
quality_compute_new,B8_new,never_fit_on_target,468,2.8,2000,0.05,0.5,2.30964078661
quality_compute_new,B8_new,never_fit_on_target,469,2.8,2000,0.1,0.5,2.29800641765
quality_compute_new,B8_new,never_fit_on_target,470,2.8,2000,0.2,0.5242,2.27472337097
quality_compute_new,B8_new,never_fit_on_target,471,2.8,2000,0.3,0.6887,2.25141921467
quality_compute_new,B8_new,never_fit_on_target,472,2.8,2000,0.4,0.9232,2.22809089008
quality_compute_new,B8_new,never_fit_on_target,473,2.8,2000,0.5,1.1045,2.2047343021
quality_compute_new,B8_new,never_fit_on_target,474,2.8,2000,0.6,1.2855,2.18134368174
quality_compute_new,B8_new,never_fit_on_target,475,2.8,2000,0.7,1.4788,2.1579102849
quality_compute_new,B8_new,never_fit_on_target,476,2.8,2000,0.8,1.6576,2.13441923609
quality_compute_new,B8_new,never_fit_on_target,477,2.8,2000,0.9,1.8775,2.11083912336
quality_compute_new,B8_new,never_fit_on_target,478,2.8,2000,0.95,1.8822,2.09898982586
quality_compute_new,B8_new,never_fit_on_target,479,2.8,2000,1,2.0839,2.08702084942
quality_compute_new,B8_new,never_fit_on_target,480,4,5,0.05,0.5,3.10726125323
quality_compute_new,B8_new,never_fit_on_target,481,4,5,0.1,0.5,3.08604252719
quality_compute_new,B8_new,never_fit_on_target,482,4,5,0.2,0.6084,3.04357897886
quality_compute_new,B8_new,never_fit_on_target,483,4,5,0.3,0.8843,3.00107693086
quality_compute_new,B8_new,never_fit_on_target,484,4,5,0.4,1.1447,2.95853080481
quality_compute_new,B8_new,never_fit_on_target,485,4,5,0.5,1.3943,2.91593313206
quality_compute_new,B8_new,never_fit_on_target,486,4,5,0.6,1.6246,2.87327339118
quality_compute_new,B8_new,never_fit_on_target,487,4,5,0.7,1.9244,2.83053563468
quality_compute_new,B8_new,never_fit_on_target,488,4,5,0.8,2.1965,2.78769273271
quality_compute_new,B8_new,never_fit_on_target,489,4,5,0.9,2.4512,2.74468739623
quality_compute_new,B8_new,never_fit_on_target,490,4,5,0.95,2.5824,2.7230766842
quality_compute_new,B8_new,never_fit_on_target,491,4,5,1,2.6973,2.70124770206
quality_compute_new,B8_new,never_fit_on_target,492,4,10,0.05,0.5,2.93893454508
quality_compute_new,B8_new,never_fit_on_target,493,4,10,0.95,2.4433,2.58212483971
quality_compute_new,B8_new,never_fit_on_target,494,4,20,0.05,0.5,2.7972503323
quality_compute_new,B8_new,never_fit_on_target,495,4,20,0.1,0.5,2.77894773227
quality_compute_new,B8_new,never_fit_on_target,496,4,20,0.2,0.5655,2.74232002244
quality_compute_new,B8_new,never_fit_on_target,497,4,20,0.3,0.8094,2.70565910401
quality_compute_new,B8_new,never_fit_on_target,498,4,20,0.4,1.0284,2.66896016525
quality_compute_new,B8_new,never_fit_on_target,499,4,20,0.5,1.2902,2.63221676395
quality_compute_new,B8_new,never_fit_on_target,500,4,20,0.6,1.5025,2.59541982464
quality_compute_new,B8_new,never_fit_on_target,501,4,20,0.7,1.7203,2.55855559154
quality_compute_new,B8_new,never_fit_on_target,502,4,20,0.8,1.9253,2.52160066329
quality_compute_new,B8_new,never_fit_on_target,503,4,20,0.9,2.2398,2.48450562418
quality_compute_new,B8_new,never_fit_on_target,504,4,20,0.95,2.2806,2.46586490948
quality_compute_new,B8_new,never_fit_on_target,505,4,20,1,2.4139,2.44703592191
quality_compute_new,B8_new,never_fit_on_target,506,4,50,0.05,0.5,2.64333528414
quality_compute_new,B8_new,never_fit_on_target,507,4,50,0.95,2.2424,2.34280018411
quality_compute_new,B8_new,never_fit_on_target,508,4,100,0.05,0.5,2.54752725016
quality_compute_new,B8_new,never_fit_on_target,509,4,100,0.1,0.5,2.5321112633
quality_compute_new,B8_new,never_fit_on_target,510,4,100,0.2,0.5116,2.50126032995
quality_compute_new,B8_new,never_fit_on_target,511,4,100,0.3,0.722,2.47038142554
quality_compute_new,B8_new,never_fit_on_target,512,4,100,0.4,0.9435,2.43947049721
quality_compute_new,B8_new,never_fit_on_target,513,4,100,0.5,1.1487,2.40852211879
quality_compute_new,B8_new,never_fit_on_target,514,4,100,0.6,1.3727,2.37752864616
quality_compute_new,B8_new,never_fit_on_target,515,4,100,0.7,1.6045,2.34647849305
quality_compute_new,B8_new,never_fit_on_target,516,4,100,0.8,1.8522,2.31535194887
quality_compute_new,B8_new,never_fit_on_target,517,4,100,0.9,2.1002,2.28410739156
quality_compute_new,B8_new,never_fit_on_target,518,4,100,0.95,2.1195,2.26840661612
quality_compute_new,B8_new,never_fit_on_target,519,4,100,1,2.2786,2.25254726147
quality_compute_new,B8_new,never_fit_on_target,520,4,150,0.05,0.5,2.49837605984
quality_compute_new,B8_new,never_fit_on_target,521,4,150,0.95,2.1044,2.2310675772
quality_compute_new,B8_new,never_fit_on_target,522,4,300,0.05,0.5,2.42444004196
quality_compute_new,B8_new,never_fit_on_target,523,4,300,0.95,2.0785,2.17617848066
quality_compute_new,B8_new,never_fit_on_target,524,4,500,0.05,0.5,2.3770480915
quality_compute_new,B8_new,never_fit_on_target,525,4,500,0.1,0.5,2.36406345268
quality_compute_new,B8_new,never_fit_on_target,526,4,500,0.2,0.5,2.33807820564
quality_compute_new,B8_new,never_fit_on_target,527,4,500,0.3,0.6833,2.31206939902
quality_compute_new,B8_new,never_fit_on_target,528,4,500,0.4,0.888,2.28603361917
quality_compute_new,B8_new,never_fit_on_target,529,4,500,0.5,1.0678,2.25996629571
quality_compute_new,B8_new,never_fit_on_target,530,4,500,0.6,1.2876,2.23386099012
quality_compute_new,B8_new,never_fit_on_target,531,4,500,0.7,1.5155,2.20770794347
quality_compute_new,B8_new,never_fit_on_target,532,4,500,0.8,1.7157,2.18149055384
quality_compute_new,B8_new,never_fit_on_target,533,4,500,0.9,1.9644,2.15517376364
quality_compute_new,B8_new,never_fit_on_target,534,4,500,0.95,1.9848,2.14194925196
quality_compute_new,B8_new,never_fit_on_target,535,4,500,1,2.1365,2.12859117155
quality_compute_new,B8_new,never_fit_on_target,536,4,1000,0.05,0.5,2.32092990893
quality_compute_new,B8_new,never_fit_on_target,537,4,1000,0.1,0.5,2.30887048352
quality_compute_new,B8_new,never_fit_on_target,538,4,1000,0.2,0.5,2.28473680121
quality_compute_new,B8_new,never_fit_on_target,539,4,1000,0.3,0.6866,2.26058123803
quality_compute_new,B8_new,never_fit_on_target,540,4,1000,0.4,0.8604,2.23640062359
quality_compute_new,B8_new,never_fit_on_target,541,4,1000,0.5,1.1039,2.21219071317
quality_compute_new,B8_new,never_fit_on_target,542,4,1000,0.6,1.2945,2.18794552701
quality_compute_new,B8_new,never_fit_on_target,543,4,1000,0.7,1.4835,2.16365600155
quality_compute_new,B8_new,never_fit_on_target,544,4,1000,0.8,1.7176,2.13930671784
quality_compute_new,B8_new,never_fit_on_target,545,4,1000,0.9,1.8943,2.11486511629
quality_compute_new,B8_new,never_fit_on_target,546,4,1000,0.95,1.9293,2.10258291003
quality_compute_new,B8_new,never_fit_on_target,547,4,1000,1,2.1308,2.09017665241
quality_compute_new,B8_new,never_fit_on_target,548,4,2000,0.05,0.5,2.27284718485
quality_compute_new,B8_new,never_fit_on_target,549,4,2000,0.1,0.5,2.26164704727
quality_compute_new,B8_new,never_fit_on_target,550,4,2000,0.2,0.5,2.23923299744
quality_compute_new,B8_new,never_fit_on_target,551,4,2000,0.3,0.642,2.21679862585
quality_compute_new,B8_new,never_fit_on_target,552,4,2000,0.4,0.8502,2.19434098801
quality_compute_new,B8_new,never_fit_on_target,553,4,2000,0.5,1.0844,2.17185614166
quality_compute_new,B8_new,never_fit_on_target,554,4,2000,0.6,1.281,2.14933853312
quality_compute_new,B8_new,never_fit_on_target,555,4,2000,0.7,1.4643,2.12677974466
quality_compute_new,B8_new,never_fit_on_target,556,4,2000,0.8,1.6704,2.10416545599
quality_compute_new,B8_new,never_fit_on_target,557,4,2000,0.9,1.8145,2.08146542754
quality_compute_new,B8_new,never_fit_on_target,558,4,2000,0.95,1.9664,2.07005838325
quality_compute_new,B8_new,never_fit_on_target,559,4,2000,1,2.0978,2.05853612681
quality_compute_new,B8_new,never_fit_on_target,560,6.9,5,0.05,0.5,3.04694227886
quality_compute_new,B8_new,never_fit_on_target,561,6.9,5,0.1,0.5,3.02692214396
quality_compute_new,B8_new,never_fit_on_target,562,6.9,5,0.2,0.5546,2.98685725205
quality_compute_new,B8_new,never_fit_on_target,563,6.9,5,0.3,0.7947,2.9467560352
quality_compute_new,B8_new,never_fit_on_target,564,6.9,5,0.4,1.0436,2.90661323016
quality_compute_new,B8_new,never_fit_on_target,565,6.9,5,0.5,1.3381,2.86642179016
quality_compute_new,B8_new,never_fit_on_target,566,6.9,5,0.6,1.6422,2.8261717881
quality_compute_new,B8_new,never_fit_on_target,567,6.9,5,0.7,1.8729,2.78584817733
quality_compute_new,B8_new,never_fit_on_target,568,6.9,5,0.8,2.1078,2.74542536048
quality_compute_new,B8_new,never_fit_on_target,569,6.9,5,0.9,2.465,2.70484928462
quality_compute_new,B8_new,never_fit_on_target,570,6.9,5,0.95,2.5263,2.68445930601
quality_compute_new,B8_new,never_fit_on_target,571,6.9,5,1,2.633,2.66386338682
quality_compute_new,B8_new,never_fit_on_target,572,6.9,10,0.05,0.5,2.88024976744
quality_compute_new,B8_new,never_fit_on_target,573,6.9,10,0.95,2.3738,2.54359532275
quality_compute_new,B8_new,never_fit_on_target,574,6.9,20,0.05,0.5,2.74008330758
quality_compute_new,B8_new,never_fit_on_target,575,6.9,20,0.1,0.5,2.72281457426
quality_compute_new,B8_new,never_fit_on_target,576,6.9,20,0.2,0.5,2.68825586936
quality_compute_new,B8_new,never_fit_on_target,577,6.9,20,0.3,0.7321,2.65366583173
quality_compute_new,B8_new,never_fit_on_target,578,6.9,20,0.4,0.9636,2.61903992145
quality_compute_new,B8_new,never_fit_on_target,579,6.9,20,0.5,1.2142,2.58437206019
quality_compute_new,B8_new,never_fit_on_target,580,6.9,20,0.6,1.4457,2.54965368515
quality_compute_new,B8_new,never_fit_on_target,581,6.9,20,0.7,1.6657,2.51487181757
quality_compute_new,B8_new,never_fit_on_target,582,6.9,20,0.8,1.9664,2.48000437798
quality_compute_new,B8_new,never_fit_on_target,583,6.9,20,0.9,2.1852,2.44500474202
quality_compute_new,B8_new,never_fit_on_target,584,6.9,20,0.95,2.2902,2.42741699325
quality_compute_new,B8_new,never_fit_on_target,585,6.9,20,1,2.4144,2.40965160667
quality_compute_new,B8_new,never_fit_on_target,586,6.9,50,0.05,0.5,2.58800993058
quality_compute_new,B8_new,never_fit_on_target,587,6.9,50,0.95,2.1785,2.30445128381
quality_compute_new,B8_new,never_fit_on_target,588,6.9,100,0.05,0.5,2.49348027558
quality_compute_new,B8_new,never_fit_on_target,589,6.9,100,0.1,0.5,2.47893509809
quality_compute_new,B8_new,never_fit_on_target,590,6.9,100,0.2,0.5,2.44982685445
quality_compute_new,B8_new,never_fit_on_target,591,6.9,100,0.3,0.6647,2.42069221977
quality_compute_new,B8_new,never_fit_on_target,592,6.9,100,0.4,0.882,2.39152737012
quality_compute_new,B8_new,never_fit_on_target,593,6.9,100,0.5,1.1201,2.36232718583
quality_compute_new,B8_new,never_fit_on_target,594,6.9,100,0.6,1.3304,2.3330844546
quality_compute_new,B8_new,never_fit_on_target,595,6.9,100,0.7,1.5242,2.30378824462
quality_compute_new,B8_new,never_fit_on_target,596,6.9,100,0.8,1.818,2.2744199587
quality_compute_new,B8_new,never_fit_on_target,597,6.9,100,0.9,1.9399,2.24494032591
quality_compute_new,B8_new,never_fit_on_target,598,6.9,100,0.95,2.1119,2.23012644681
quality_compute_new,B8_new,never_fit_on_target,599,6.9,100,1,2.2368,2.21516294623
quality_compute_new,B8_new,never_fit_on_target,600,6.9,150,0.05,0.5,2.44503423504
quality_compute_new,B8_new,never_fit_on_target,601,6.9,150,0.95,2.0784,2.19282531967
quality_compute_new,B8_new,never_fit_on_target,602,6.9,300,0.05,0.5,2.37223526088
quality_compute_new,B8_new,never_fit_on_target,603,6.9,300,0.95,1.98,2.13799735536
quality_compute_new,B8_new,never_fit_on_target,604,6.9,500,0.05,0.5,2.32562908518
quality_compute_new,B8_new,never_fit_on_target,605,6.9,500,0.1,0.5,2.31337791514
quality_compute_new,B8_new,never_fit_on_target,606,6.9,500,0.2,0.5,2.28886050773
quality_compute_new,B8_new,never_fit_on_target,607,6.9,500,0.3,0.6224,2.26432087157
quality_compute_new,B8_new,never_fit_on_target,608,6.9,500,0.4,0.8513,2.23975578582
quality_compute_new,B8_new,never_fit_on_target,609,6.9,500,0.5,1.0567,2.21516093828
quality_compute_new,B8_new,never_fit_on_target,610,6.9,500,0.6,1.2524,2.19053025413
quality_compute_new,B8_new,never_fit_on_target,611,6.9,500,0.7,1.4759,2.16585452568
quality_compute_new,B8_new,never_fit_on_target,612,6.9,500,0.8,1.6838,2.14111808883
quality_compute_new,B8_new,never_fit_on_target,613,6.9,500,0.9,1.9071,2.11628786628
quality_compute_new,B8_new,never_fit_on_target,614,6.9,500,0.95,1.9975,2.10381037318
quality_compute_new,B8_new,never_fit_on_target,615,6.9,500,1,2.1285,2.0912068563
quality_compute_new,B8_new,never_fit_on_target,616,6.9,1000,0.05,0.5,2.27051093692
quality_compute_new,B8_new,never_fit_on_target,617,6.9,1000,0.1,0.5,2.25913271738
quality_compute_new,B8_new,never_fit_on_target,618,6.9,1000,0.2,0.5,2.23636228458
quality_compute_new,B8_new,never_fit_on_target,619,6.9,1000,0.3,0.6085,2.21357120692
quality_compute_new,B8_new,never_fit_on_target,620,6.9,1000,0.4,0.8559,2.19075649307
quality_compute_new,B8_new,never_fit_on_target,621,6.9,1000,0.5,1.0114,2.16791413808
quality_compute_new,B8_new,never_fit_on_target,622,6.9,1000,0.6,1.2482,2.14503850001
quality_compute_new,B8_new,never_fit_on_target,623,6.9,1000,0.7,1.4349,2.12212102724
quality_compute_new,B8_new,never_fit_on_target,624,6.9,1000,0.8,1.6614,2.09914717182
quality_compute_new,B8_new,never_fit_on_target,625,6.9,1000,0.9,1.837,2.07608621335
quality_compute_new,B8_new,never_fit_on_target,626,6.9,1000,0.95,1.9432,2.06449779727
quality_compute_new,B8_new,never_fit_on_target,627,6.9,1000,1,2.0548,2.05279233717
quality_compute_new,B8_new,never_fit_on_target,628,6.9,2000,0.05,0.5,2.22335699026
quality_compute_new,B8_new,never_fit_on_target,629,6.9,2000,0.1,0.5,2.21278951959
quality_compute_new,B8_new,never_fit_on_target,630,6.9,2000,0.2,0.5,2.19164158166
quality_compute_new,B8_new,never_fit_on_target,631,6.9,2000,0.3,0.6165,2.17047446991
quality_compute_new,B8_new,never_fit_on_target,632,6.9,2000,0.4,0.8294,2.14928540616
quality_compute_new,B8_new,never_fit_on_target,633,6.9,2000,0.5,1.005,2.12807067082
quality_compute_new,B8_new,never_fit_on_target,634,6.9,2000,0.6,1.2332,2.10682502396
quality_compute_new,B8_new,never_fit_on_target,635,6.9,2000,0.7,1.4283,2.08554052332
quality_compute_new,B8_new,never_fit_on_target,636,6.9,2000,0.8,1.651,2.06420365754
quality_compute_new,B8_new,never_fit_on_target,637,6.9,2000,0.9,1.8064,2.04278589519
quality_compute_new,B8_new,never_fit_on_target,638,6.9,2000,0.95,1.9399,2.03202320544
quality_compute_new,B8_new,never_fit_on_target,639,6.9,2000,1,1.9935,2.02115181156
quality_compute_new,B8_new,never_fit_on_target,640,12,5,0.05,0.5,2.99350746615
quality_compute_new,B8_new,never_fit_on_target,641,12,5,0.1,0.5,2.97463464409
quality_compute_new,B8_new,never_fit_on_target,642,12,5,0.2,0.5,2.93686578891
quality_compute_new,B8_new,never_fit_on_target,643,12,5,0.3,0.7234,2.89906269051
quality_compute_new,B8_new,never_fit_on_target,644,12,5,0.4,1.0113,2.86122038724
quality_compute_new,B8_new,never_fit_on_target,645,12,5,0.5,1.2841,2.82333223619
quality_compute_new,B8_new,never_fit_on_target,646,12,5,0.6,1.5682,2.78538887914
quality_compute_new,B8_new,never_fit_on_target,647,12,5,0.7,1.7793,2.74737613175
quality_compute_new,B8_new,never_fit_on_target,648,12,5,0.8,2.0752,2.70926986358
quality_compute_new,B8_new,never_fit_on_target,649,12,5,0.9,2.3423,2.67101911936
quality_compute_new,B8_new,never_fit_on_target,650,12,5,0.95,2.4625,2.65179764858
quality_compute_new,B8_new,never_fit_on_target,651,12,5,1,2.701,2.63238203925
quality_compute_new,B8_new,never_fit_on_target,652,12,10,0.05,0.5,2.82837923701
quality_compute_new,B8_new,never_fit_on_target,653,12,10,0.1,0.5,2.81085118769
quality_compute_new,B8_new,never_fit_on_target,654,12,10,0.2,0.5,2.77577353185
quality_compute_new,B8_new,never_fit_on_target,655,12,10,0.3,0.6963,2.74066407277
quality_compute_new,B8_new,never_fit_on_target,656,12,10,0.4,0.9487,2.70551820236
quality_compute_new,B8_new,never_fit_on_target,657,12,10,0.5,1.1986,2.67032975102
quality_compute_new,B8_new,never_fit_on_target,658,12,10,0.6,1.4595,2.63509002735
quality_compute_new,B8_new,never_fit_on_target,659,12,10,0.7,1.7275,2.59978585772
quality_compute_new,B8_new,never_fit_on_target,660,12,10,0.8,1.9842,2.56439483107
quality_compute_new,B8_new,never_fit_on_target,661,12,10,0.9,2.1983,2.52886962294
quality_compute_new,B8_new,never_fit_on_target,662,12,10,0.95,2.3535,2.51101776766
quality_compute_new,B8_new,never_fit_on_target,663,12,10,1,2.4582,2.49298560708
quality_compute_new,B8_new,never_fit_on_target,664,12,20,0.05,0.5,2.68966559735
quality_compute_new,B8_new,never_fit_on_target,665,12,20,0.1,0.5,2.6733864997
quality_compute_new,B8_new,never_fit_on_target,666,12,20,0.2,0.5,2.64080828325
quality_compute_new,B8_new,never_fit_on_target,667,12,20,0.3,0.6648,2.60820052969
quality_compute_new,B8_new,never_fit_on_target,668,12,20,0.4,0.9074,2.57555895927
quality_compute_new,B8_new,never_fit_on_target,669,12,20,0.5,1.1529,2.54287784199
quality_compute_new,B8_new,never_fit_on_target,670,12,20,0.6,1.4022,2.51014910577
quality_compute_new,B8_new,never_fit_on_target,671,12,20,0.7,1.6378,2.47736051565
quality_compute_new,B8_new,never_fit_on_target,672,12,20,0.8,1.9488,2.44449125746
quality_compute_new,B8_new,never_fit_on_target,673,12,20,0.9,2.1859,2.41149737882
quality_compute_new,B8_new,never_fit_on_target,674,12,20,0.95,2.2362,2.39491754784
quality_compute_new,B8_new,never_fit_on_target,675,12,20,1,2.3472,2.3781702591
quality_compute_new,B8_new,never_fit_on_target,676,12,50,0.05,0.5,2.53935510084
quality_compute_new,B8_new,never_fit_on_target,677,12,50,0.1,0.5,2.52459150563
quality_compute_new,B8_new,never_fit_on_target,678,12,50,0.2,0.5,2.49504615794
quality_compute_new,B8_new,never_fit_on_target,679,12,50,0.3,0.6406,2.46547402289
quality_compute_new,B8_new,never_fit_on_target,680,12,50,0.4,0.8712,2.43587121915
quality_compute_new,B8_new,never_fit_on_target,681,12,50,0.5,1.1272,2.40623255017
quality_compute_new,B8_new,never_fit_on_target,682,12,50,0.6,1.3567,2.37655069535
quality_compute_new,B8_new,never_fit_on_target,683,12,50,0.7,1.542,2.3468145587
quality_compute_new,B8_new,never_fit_on_target,684,12,50,0.8,1.7878,2.3170052638
quality_compute_new,B8_new,never_fit_on_target,685,12,50,0.9,2.0117,2.28708294998
quality_compute_new,B8_new,never_fit_on_target,686,12,50,0.95,2.1497,2.2720466182
quality_compute_new,B8_new,never_fit_on_target,687,12,50,1,2.2387,2.25685841815
quality_compute_new,B8_new,never_fit_on_target,688,12,100,0.05,0.5,2.44604913303
quality_compute_new,B8_new,never_fit_on_target,689,12,100,0.1,0.5,2.43233750981
quality_compute_new,B8_new,never_fit_on_target,690,12,100,0.2,0.5,2.40489739988
quality_compute_new,B8_new,never_fit_on_target,691,12,100,0.3,0.6166,2.37743241132
quality_compute_new,B8_new,never_fit_on_target,692,12,100,0.4,0.8496,2.34993893935
quality_compute_new,B8_new,never_fit_on_target,693,12,100,0.5,1.0745,2.3224121577
quality_compute_new,B8_new,never_fit_on_target,694,12,100,0.6,1.3174,2.29484526738
quality_compute_new,B8_new,never_fit_on_target,695,12,100,0.7,1.5083,2.26722796308
quality_compute_new,B8_new,never_fit_on_target,696,12,100,0.8,1.762,2.23954271335
quality_compute_new,B8_new,never_fit_on_target,697,12,100,0.9,1.9734,2.21175249782
quality_compute_new,B8_new,never_fit_on_target,698,12,100,0.95,2.0303,2.19778757173
quality_compute_new,B8_new,never_fit_on_target,699,12,100,1,2.2111,2.18368159866
quality_compute_new,B8_new,never_fit_on_target,700,12,150,0.05,0.5,2.39827807445
quality_compute_new,B8_new,never_fit_on_target,701,12,150,0.1,0.5,2.38514671564
quality_compute_new,B8_new,never_fit_on_target,702,12,150,0.2,0.5,2.35886784818
quality_compute_new,B8_new,never_fit_on_target,703,12,150,0.3,0.5971,2.33256515492
quality_compute_new,B8_new,never_fit_on_target,704,12,150,0.4,0.8028,2.30623518365
quality_compute_new,B8_new,never_fit_on_target,705,12,150,0.5,1.04,2.27987331234
quality_compute_new,B8_new,never_fit_on_target,706,12,150,0.6,1.2578,2.25347302973
quality_compute_new,B8_new,never_fit_on_target,707,12,150,0.7,1.4982,2.2270244666
quality_compute_new,B8_new,never_fit_on_target,708,12,150,0.8,1.6931,2.20051083345
quality_compute_new,B8_new,never_fit_on_target,709,12,150,0.9,2.013,2.17389667656
quality_compute_new,B8_new,never_fit_on_target,710,12,150,0.95,2.0249,2.16052273444
quality_compute_new,B8_new,never_fit_on_target,711,12,150,1,2.0668,2.14701371433
quality_compute_new,B8_new,never_fit_on_target,712,12,300,0.05,0.5,2.32656749883
quality_compute_new,B8_new,never_fit_on_target,713,12,300,0.1,0.5,2.31437180789
quality_compute_new,B8_new,never_fit_on_target,714,12,300,0.2,0.5,2.28996542691
quality_compute_new,B8_new,never_fit_on_target,715,12,300,0.3,0.5782,2.26553691783
quality_compute_new,B8_new,never_fit_on_target,716,12,300,0.4,0.7936,2.24108307443
quality_compute_new,B8_new,never_fit_on_target,717,12,300,0.5,0.9871,2.216599604
quality_compute_new,B8_new,never_fit_on_target,718,12,300,0.6,1.2252,2.19208045924
quality_compute_new,B8_new,never_fit_on_target,719,12,300,0.7,1.4255,2.16751647417
quality_compute_new,B8_new,never_fit_on_target,720,12,300,0.8,1.6725,2.14289205562
quality_compute_new,B8_new,never_fit_on_target,721,12,300,0.9,1.8741,2.11817427607
quality_compute_new,B8_new,never_fit_on_target,722,12,300,0.95,1.9887,2.10575328697
quality_compute_new,B8_new,never_fit_on_target,723,12,300,1,2.0381,2.09320684478
quality_compute_new,B8_new,never_fit_on_target,724,12,500,0.05,0.5,2.28071348075
quality_compute_new,B8_new,never_fit_on_target,725,12,500,0.1,0.5,2.26916440013
quality_compute_new,B8_new,never_fit_on_target,726,12,500,0.2,0.5,2.24605203503
quality_compute_new,B8_new,never_fit_on_target,727,12,500,0.3,0.558,2.22291871505
quality_compute_new,B8_new,never_fit_on_target,728,12,500,0.4,0.7966,2.19976140396
quality_compute_new,B8_new,never_fit_on_target,729,12,500,0.5,0.9859,2.17657603665
quality_compute_new,B8_new,never_fit_on_target,730,12,500,0.6,1.2293,2.15335688646
quality_compute_new,B8_new,never_fit_on_target,731,12,500,0.7,1.4001,2.13009527337
quality_compute_new,B8_new,never_fit_on_target,732,12,500,0.8,1.6431,2.10677643095
quality_compute_new,B8_new,never_fit_on_target,733,12,500,0.9,1.8108,2.0833691775
quality_compute_new,B8_new,never_fit_on_target,734,12,500,0.95,1.9414,2.07160674393
quality_compute_new,B8_new,never_fit_on_target,735,12,500,1,2.0759,2.05972550874
quality_compute_new,B8_new,never_fit_on_target,736,12,1000,0.05,0.5,2.22655258321
quality_compute_new,B8_new,never_fit_on_target,737,12,1000,0.1,0.5,2.21582642607
quality_compute_new,B8_new,never_fit_on_target,738,12,1000,0.2,0.5,2.19436092005
quality_compute_new,B8_new,never_fit_on_target,739,12,1000,0.3,0.544,2.17287595227
quality_compute_new,B8_new,never_fit_on_target,740,12,1000,0.4,0.7804,2.15136870285
quality_compute_new,B8_new,never_fit_on_target,741,12,1000,0.5,0.9814,2.12983539636
quality_compute_new,B8_new,never_fit_on_target,742,12,1000,0.6,1.193,2.10827071415
quality_compute_new,B8_new,never_fit_on_target,743,12,1000,0.7,1.4183,2.08666659472
quality_compute_new,B8_new,never_fit_on_target,744,12,1000,0.8,1.5722,2.0650093238
quality_compute_new,B8_new,never_fit_on_target,745,12,1000,0.9,1.826,2.04326994154
quality_compute_new,B8_new,never_fit_on_target,746,12,1000,0.95,1.9075,2.03234563381
quality_compute_new,B8_new,never_fit_on_target,747,12,1000,1,2.0468,2.0213109896
quality_compute_new,B8_new,never_fit_on_target,748,12,2000,0.05,0.5,2.18028767886
quality_compute_new,B8_new,never_fit_on_target,749,12,2000,0.1,0.5,2.17032580825
quality_compute_new,B8_new,never_fit_on_target,750,12,2000,0.2,0.5,2.15038981525
quality_compute_new,B8_new,never_fit_on_target,751,12,2000,0.3,0.5484,2.13043574723
quality_compute_new,B8_new,never_fit_on_target,752,12,2000,0.4,0.7469,2.11046098524
quality_compute_new,B8_new,never_fit_on_target,753,12,2000,0.5,0.9661,2.09046202285
quality_compute_new,B8_new,never_fit_on_target,754,12,2000,0.6,1.1885,2.07043392041
quality_compute_new,B8_new,never_fit_on_target,755,12,2000,0.7,1.3664,2.05036919082
quality_compute_new,B8_new,never_fit_on_target,756,12,2000,0.8,1.6065,2.03025509703
quality_compute_new,B8_new,never_fit_on_target,757,12,2000,0.9,1.7583,2.01006474269
quality_compute_new,B8_new,never_fit_on_target,758,12,2000,0.95,1.9375,1.9999188406
quality_compute_new,B8_new,never_fit_on_target,759,12,2000,1,1.9695,1.989670464
quality_compute_new,B8_new,never_fit_on_target,760,20,5,0.05,0.5,2.95011484571
quality_compute_new,B8_new,never_fit_on_target,761,20,5,0.1,0.5,2.93224265261
quality_compute_new,B8_new,never_fit_on_target,762,20,5,0.2,0.5,2.89647628597
quality_compute_new,B8_new,never_fit_on_target,763,20,5,0.3,0.6738,2.86067749167
quality_compute_new,B8_new,never_fit_on_target,764,20,5,0.4,0.9583,2.82484157113
quality_compute_new,B8_new,never_fit_on_target,765,20,5,0.5,1.2067,2.78896223364
quality_compute_new,B8_new,never_fit_on_target,766,20,5,0.6,1.5155,2.75303061715
quality_compute_new,B8_new,never_fit_on_target,767,20,5,0.7,1.7701,2.71703328935
quality_compute_new,B8_new,never_fit_on_target,768,20,5,0.8,2.0429,2.68094739922
quality_compute_new,B8_new,never_fit_on_target,769,20,5,0.9,2.3981,2.64472469309
quality_compute_new,B8_new,never_fit_on_target,770,20,5,0.95,2.5077,2.62652233647
quality_compute_new,B8_new,never_fit_on_target,771,20,5,1,2.5772,2.60813613444
quality_compute_new,B8_new,never_fit_on_target,772,20,10,0.05,0.5,2.78635090544
quality_compute_new,B8_new,never_fit_on_target,773,20,10,0.1,0.5,2.76975218579
quality_compute_new,B8_new,never_fit_on_target,774,20,10,0.2,0.5,2.73653433226
quality_compute_new,B8_new,never_fit_on_target,775,20,10,0.3,0.641,2.70328636168
quality_compute_new,B8_new,never_fit_on_target,776,20,10,0.4,0.8905,2.67000391028
quality_compute_new,B8_new,never_fit_on_target,777,20,10,0.5,1.1635,2.63668113557
quality_compute_new,B8_new,never_fit_on_target,778,20,10,0.6,1.446,2.60330980698
quality_compute_new,B8_new,never_fit_on_target,779,20,10,0.7,1.7094,2.56987744931
quality_compute_new,B8_new,never_fit_on_target,780,20,10,0.8,2.0156,2.53636283975
quality_compute_new,B8_new,never_fit_on_target,781,20,10,0.9,2.2015,2.50272116296
quality_compute_new,B8_new,never_fit_on_target,782,20,10,0.95,2.3473,2.48581580541
quality_compute_new,B8_new,never_fit_on_target,783,20,10,1,2.4446,2.46873970227
quality_compute_new,B8_new,never_fit_on_target,784,20,20,0.05,0.5,2.64890434298
quality_compute_new,B8_new,never_fit_on_target,785,20,20,0.1,0.5,2.63348835612
quality_compute_new,B8_new,never_fit_on_target,786,20,20,0.2,0.5,2.60263742277
quality_compute_new,B8_new,never_fit_on_target,787,20,20,0.3,0.5948,2.57175851835
quality_compute_new,B8_new,never_fit_on_target,788,20,20,0.4,0.8354,2.54084759003
quality_compute_new,B8_new,never_fit_on_target,789,20,20,0.5,1.0991,2.5098992116
quality_compute_new,B8_new,never_fit_on_target,790,20,20,0.6,1.3714,2.47890573898
quality_compute_new,B8_new,never_fit_on_target,791,20,20,0.7,1.6057,2.44785558587
quality_compute_new,B8_new,never_fit_on_target,792,20,20,0.8,1.8837,2.41672904169
quality_compute_new,B8_new,never_fit_on_target,793,20,20,0.9,2.0254,2.38548448438
quality_compute_new,B8_new,never_fit_on_target,794,20,20,0.95,2.2272,2.36978370894
quality_compute_new,B8_new,never_fit_on_target,795,20,20,1,2.3884,2.35392435429
quality_compute_new,B8_new,never_fit_on_target,796,20,50,0.05,0.5,2.50013134278
quality_compute_new,B8_new,never_fit_on_target,797,20,50,0.1,0.5,2.48615050707
quality_compute_new,B8_new,never_fit_on_target,798,20,50,0.2,0.5,2.45817164107
quality_compute_new,B8_new,never_fit_on_target,799,20,50,0.3,0.5672,2.43016740797
quality_compute_new,B8_new,never_fit_on_target,800,20,50,0.4,0.8172,2.40213413222
quality_compute_new,B8_new,never_fit_on_target,801,20,50,0.5,1.0322,2.37406689279
quality_compute_new,B8_new,never_fit_on_target,802,20,50,0.6,1.2838,2.34595875721
quality_compute_new,B8_new,never_fit_on_target,803,20,50,0.7,1.5601,2.31779921781
quality_compute_new,B8_new,never_fit_on_target,804,20,50,0.8,1.8085,2.28957039896
quality_compute_new,B8_new,never_fit_on_target,805,20,50,0.9,2.0156,2.26123455342
quality_compute_new,B8_new,never_fit_on_target,806,20,50,0.95,2.0825,2.24699544152
quality_compute_new,B8_new,never_fit_on_target,807,20,50,1,2.2835,2.23261251333
quality_compute_new,B8_new,never_fit_on_target,808,20,100,0.05,0.5,2.4078926138
quality_compute_new,B8_new,never_fit_on_target,809,20,100,0.1,0.5,2.39490797498
quality_compute_new,B8_new,never_fit_on_target,810,20,100,0.2,0.5,2.36892272794
quality_compute_new,B8_new,never_fit_on_target,811,20,100,0.3,0.5564,2.34291392132
quality_compute_new,B8_new,never_fit_on_target,812,20,100,0.4,0.793,2.31687814147
quality_compute_new,B8_new,never_fit_on_target,813,20,100,0.5,0.9903,2.29081081801
quality_compute_new,B8_new,never_fit_on_target,814,20,100,0.6,1.2411,2.26470551242
quality_compute_new,B8_new,never_fit_on_target,815,20,100,0.7,1.4352,2.23855246577
quality_compute_new,B8_new,never_fit_on_target,816,20,100,0.8,1.7346,2.21233507614
quality_compute_new,B8_new,never_fit_on_target,817,20,100,0.9,1.9249,2.18601828594
quality_compute_new,B8_new,never_fit_on_target,818,20,100,0.95,2.0146,2.17279377426
quality_compute_new,B8_new,never_fit_on_target,819,20,100,1,2.1626,2.15943569384
quality_compute_new,B8_new,never_fit_on_target,820,20,150,0.05,0.5,2.36071024077
quality_compute_new,B8_new,never_fit_on_target,821,20,150,0.1,0.5,2.34827510098
quality_compute_new,B8_new,never_fit_on_target,822,20,150,0.2,0.5,2.32338952783
quality_compute_new,B8_new,never_fit_on_target,823,20,150,0.3,0.5609,2.29848139212
quality_compute_new,B8_new,never_fit_on_target,824,20,150,0.4,0.7726,2.27354742466
quality_compute_new,B8_new,never_fit_on_target,825,20,150,0.5,1.0014,2.24858324849
quality_compute_new,B8_new,never_fit_on_target,826,20,150,0.6,1.2131,2.22358269756
quality_compute_new,B8_new,never_fit_on_target,827,20,150,0.7,1.4349,2.19853642594
quality_compute_new,B8_new,never_fit_on_target,828,20,150,0.8,1.6867,2.17342853427
quality_compute_new,B8_new,never_fit_on_target,829,20,150,0.9,1.9415,2.14822544859
quality_compute_new,B8_new,never_fit_on_target,830,20,150,0.95,1.9787,2.13556058716
quality_compute_new,B8_new,never_fit_on_target,831,20,150,1,2.202,2.12276780952
quality_compute_new,B8_new,never_fit_on_target,832,20,300,0.05,0.5,2.28994891198
quality_compute_new,B8_new,never_fit_on_target,833,20,300,0.1,0.5,2.27839983136
quality_compute_new,B8_new,never_fit_on_target,834,20,300,0.2,0.5,2.25528746626
quality_compute_new,B8_new,never_fit_on_target,835,20,300,0.3,0.5245,2.23215414628
quality_compute_new,B8_new,never_fit_on_target,836,20,300,0.4,0.7862,2.20899683519
quality_compute_new,B8_new,never_fit_on_target,837,20,300,0.5,0.9918,2.18581146789
quality_compute_new,B8_new,never_fit_on_target,838,20,300,0.6,1.1855,2.16259231769
quality_compute_new,B8_new,never_fit_on_target,839,20,300,0.7,1.4233,2.1393307046
quality_compute_new,B8_new,never_fit_on_target,840,20,300,0.8,1.616,2.11601186218
quality_compute_new,B8_new,never_fit_on_target,841,20,300,0.9,1.8103,2.09260460873
quality_compute_new,B8_new,never_fit_on_target,842,20,300,0.95,1.931,2.08084217516
quality_compute_new,B8_new,never_fit_on_target,843,20,300,1,2.0706,2.06896093997
quality_compute_new,B8_new,never_fit_on_target,844,20,500,0.05,0.5,2.24475088822
quality_compute_new,B8_new,never_fit_on_target,845,20,500,0.1,0.5,2.2338141349
quality_compute_new,B8_new,never_fit_on_target,846,20,500,0.2,0.5,2.21192717751
quality_compute_new,B8_new,never_fit_on_target,847,20,500,0.3,0.5267,2.19002037626
quality_compute_new,B8_new,never_fit_on_target,848,20,500,0.4,0.7311,2.16809085589
quality_compute_new,B8_new,never_fit_on_target,849,20,500,0.5,0.9588,2.14613476685
quality_compute_new,B8_new,never_fit_on_target,850,20,500,0.6,1.1533,2.12414668606
quality_compute_new,B8_new,never_fit_on_target,851,20,500,0.7,1.3975,2.10211839375
quality_compute_new,B8_new,never_fit_on_target,852,20,500,0.8,1.5833,2.08003590637
quality_compute_new,B8_new,never_fit_on_target,853,20,500,0.9,1.8347,2.05786969549
quality_compute_new,B8_new,never_fit_on_target,854,20,500,0.95,1.9382,2.04673090111
quality_compute_new,B8_new,never_fit_on_target,855,20,500,1,2.0683,2.03547960392
quality_compute_new,B8_new,never_fit_on_target,856,20,1000,0.05,0.5,2.19142485692
quality_compute_new,B8_new,never_fit_on_target,857,20,1000,0.1,0.5,2.18126739604
quality_compute_new,B8_new,never_fit_on_target,858,20,1000,0.2,0.5,2.16093998196
quality_compute_new,B8_new,never_fit_on_target,859,20,1000,0.3,0.5122,2.14059413799
quality_compute_new,B8_new,never_fit_on_target,860,20,1000,0.4,0.7145,2.12022719373
quality_compute_new,B8_new,never_fit_on_target,861,20,1000,0.5,0.9421,2.09983557393
quality_compute_new,B8_new,never_fit_on_target,862,20,1000,0.6,1.156,2.07941424195
quality_compute_new,B8_new,never_fit_on_target,863,20,1000,0.7,1.3503,2.05895556369
quality_compute_new,B8_new,never_fit_on_target,864,20,1000,0.8,1.5928,2.03844655201
quality_compute_new,B8_new,never_fit_on_target,865,20,1000,0.9,1.8254,2.01785978249
quality_compute_new,B8_new,never_fit_on_target,866,20,1000,0.95,1.8833,2.00751467688
quality_compute_new,B8_new,never_fit_on_target,867,20,1000,1,1.9818,1.99706508479
quality_compute_new,B8_new,never_fit_on_target,868,20,2000,0.05,0.5,2.14593533088
quality_compute_new,B8_new,never_fit_on_target,869,20,2000,0.1,0.5,2.13650163438
quality_compute_new,B8_new,never_fit_on_target,870,20,2000,0.2,0.5,2.1176226392
quality_compute_new,B8_new,never_fit_on_target,871,20,2000,0.3,0.5,2.09872652733
quality_compute_new,B8_new,never_fit_on_target,872,20,2000,0.4,0.7172,2.07981081867
quality_compute_new,B8_new,never_fit_on_target,873,20,2000,0.5,0.9179,2.06087219271
quality_compute_new,B8_new,never_fit_on_target,874,20,2000,0.6,1.1399,2.04190597169
quality_compute_new,B8_new,never_fit_on_target,875,20,2000,0.7,1.352,2.02290506548
quality_compute_new,B8_new,never_fit_on_target,876,20,2000,0.8,1.5389,2.00385741234
quality_compute_new,B8_new,never_fit_on_target,877,20,2000,0.9,1.7931,1.98473754195
quality_compute_new,B8_new,never_fit_on_target,878,20,2000,0.95,1.8594,1.97512957124
quality_compute_new,B8_new,never_fit_on_target,879,20,2000,1,1.9584,1.96542455918
quality_compute_new,B8_new,never_fit_on_target,880,40,5,0.05,0.5,2.89890831411
quality_compute_new,B8_new,never_fit_on_target,881,40,5,0.1,0.5,2.88230959446
quality_compute_new,B8_new,never_fit_on_target,882,40,5,0.2,0.5,2.84909174093
quality_compute_new,B8_new,never_fit_on_target,883,40,5,0.3,0.5852,2.81584377035
quality_compute_new,B8_new,never_fit_on_target,884,40,5,0.4,0.867,2.78256131895
quality_compute_new,B8_new,never_fit_on_target,885,40,5,0.5,1.1797,2.74923854424
quality_compute_new,B8_new,never_fit_on_target,886,40,5,0.6,1.4673,2.71586721565
quality_compute_new,B8_new,never_fit_on_target,887,40,5,0.7,1.664,2.68243485798
quality_compute_new,B8_new,never_fit_on_target,888,40,5,0.8,2.0255,2.64892024842
quality_compute_new,B8_new,never_fit_on_target,889,40,5,0.9,2.2617,2.61527857163
quality_compute_new,B8_new,never_fit_on_target,890,40,5,0.95,2.4282,2.59837321408
quality_compute_new,B8_new,never_fit_on_target,891,40,5,1,2.5961,2.58129711094
quality_compute_new,B8_new,never_fit_on_target,892,40,10,0.05,0.5,2.73688066745
quality_compute_new,B8_new,never_fit_on_target,893,40,10,0.1,0.5,2.72146468059
quality_compute_new,B8_new,never_fit_on_target,894,40,10,0.2,0.5,2.69061374725
quality_compute_new,B8_new,never_fit_on_target,895,40,10,0.3,0.5768,2.65973484283
quality_compute_new,B8_new,never_fit_on_target,896,40,10,0.4,0.8237,2.6288239145
quality_compute_new,B8_new,never_fit_on_target,897,40,10,0.5,1.0791,2.59787553608
quality_compute_new,B8_new,never_fit_on_target,898,40,10,0.6,1.3525,2.56688206345
quality_compute_new,B8_new,never_fit_on_target,899,40,10,0.7,1.6241,2.53583191035
quality_compute_new,B8_new,never_fit_on_target,900,40,10,0.8,1.9251,2.50470536617
quality_compute_new,B8_new,never_fit_on_target,901,40,10,0.9,2.2087,2.47346080885
quality_compute_new,B8_new,never_fit_on_target,902,40,10,0.95,2.253,2.45776003341
quality_compute_new,B8_new,never_fit_on_target,903,40,10,1,2.4636,2.44190067876
quality_compute_new,B8_new,never_fit_on_target,904,40,20,0.05,0.5,2.60104667994
quality_compute_new,B8_new,never_fit_on_target,905,40,20,0.1,0.5,2.58672915088
quality_compute_new,B8_new,never_fit_on_target,906,40,20,0.2,0.5,2.5580764841
quality_compute_new,B8_new,never_fit_on_target,907,40,20,0.3,0.5362,2.52939783932
quality_compute_new,B8_new,never_fit_on_target,908,40,20,0.4,0.7886,2.50068945247
quality_compute_new,B8_new,never_fit_on_target,909,40,20,0.5,1.0198,2.47194628401
quality_compute_new,B8_new,never_fit_on_target,910,40,20,0.6,1.3092,2.44316123451
quality_compute_new,B8_new,never_fit_on_target,911,40,20,0.7,1.562,2.41432354327
quality_compute_new,B8_new,never_fit_on_target,912,40,20,0.8,1.7885,2.38541490416
quality_compute_new,B8_new,never_fit_on_target,913,40,20,0.9,2.0261,2.35639666088
quality_compute_new,B8_new,never_fit_on_target,914,40,20,0.95,2.1982,2.3418146357
quality_compute_new,B8_new,never_fit_on_target,915,40,20,1,2.3679,2.32708533078
quality_compute_new,B8_new,never_fit_on_target,916,40,50,0.05,0.5,2.45423040979
quality_compute_new,B8_new,never_fit_on_target,917,40,50,0.1,0.5,2.44124577097
quality_compute_new,B8_new,never_fit_on_target,918,40,50,0.2,0.5,2.41526052393
quality_compute_new,B8_new,never_fit_on_target,919,40,50,0.3,0.5011,2.38925171731
quality_compute_new,B8_new,never_fit_on_target,920,40,50,0.4,0.7348,2.36321593746
quality_compute_new,B8_new,never_fit_on_target,921,40,50,0.5,1.0179,2.33714861399
quality_compute_new,B8_new,never_fit_on_target,922,40,50,0.6,1.2307,2.31104330841
quality_compute_new,B8_new,never_fit_on_target,923,40,50,0.7,1.4863,2.28489026175
quality_compute_new,B8_new,never_fit_on_target,924,40,50,0.8,1.6999,2.25867287213
quality_compute_new,B8_new,never_fit_on_target,925,40,50,0.9,1.9707,2.23235608193
quality_compute_new,B8_new,never_fit_on_target,926,40,50,0.95,2.0827,2.21913157025
quality_compute_new,B8_new,never_fit_on_target,927,40,50,1,2.262,2.20577348983
quality_compute_new,B8_new,never_fit_on_target,928,40,100,0.05,0.5,2.36334992686
quality_compute_new,B8_new,never_fit_on_target,929,40,100,0.1,0.5,2.35129050145
quality_compute_new,B8_new,never_fit_on_target,930,40,100,0.2,0.5,2.32715681913
quality_compute_new,B8_new,never_fit_on_target,931,40,100,0.3,0.5,2.30300125596
quality_compute_new,B8_new,never_fit_on_target,932,40,100,0.4,0.7481,2.27882064152
quality_compute_new,B8_new,never_fit_on_target,933,40,100,0.5,0.9344,2.25461073109
quality_compute_new,B8_new,never_fit_on_target,934,40,100,0.6,1.1814,2.23036554493
quality_compute_new,B8_new,never_fit_on_target,935,40,100,0.7,1.417,2.20607601947
quality_compute_new,B8_new,never_fit_on_target,936,40,100,0.8,1.6703,2.18172673576
quality_compute_new,B8_new,never_fit_on_target,937,40,100,0.9,1.9207,2.15728513422
quality_compute_new,B8_new,never_fit_on_target,938,40,100,0.95,2.0172,2.14500292796
quality_compute_new,B8_new,never_fit_on_target,939,40,100,1,2.1214,2.13259667034
quality_compute_new,B8_new,never_fit_on_target,940,40,150,0.05,0.5,2.31691675803
quality_compute_new,B8_new,never_fit_on_target,941,40,150,0.1,0.5,2.30536767741
quality_compute_new,B8_new,never_fit_on_target,942,40,150,0.2,0.5,2.28225531231
quality_compute_new,B8_new,never_fit_on_target,943,40,150,0.3,0.5,2.25912199233
quality_compute_new,B8_new,never_fit_on_target,944,40,150,0.4,0.7164,2.23596468124
quality_compute_new,B8_new,never_fit_on_target,945,40,150,0.5,0.9445,2.21277931393
quality_compute_new,B8_new,never_fit_on_target,946,40,150,0.6,1.2004,2.18956016374
quality_compute_new,B8_new,never_fit_on_target,947,40,150,0.7,1.4026,2.16629855065
quality_compute_new,B8_new,never_fit_on_target,948,40,150,0.8,1.6463,2.14297970823
quality_compute_new,B8_new,never_fit_on_target,949,40,150,0.9,1.8339,2.11957245478
quality_compute_new,B8_new,never_fit_on_target,950,40,150,0.95,1.9979,2.10781002121
quality_compute_new,B8_new,never_fit_on_target,951,40,150,1,2.0917,2.09592878602
quality_compute_new,B8_new,never_fit_on_target,952,40,300,0.05,0.5,2.24736351007
quality_compute_new,B8_new,never_fit_on_target,953,40,300,0.1,0.5,2.23663735293
quality_compute_new,B8_new,never_fit_on_target,954,40,300,0.2,0.5,2.21517184691
quality_compute_new,B8_new,never_fit_on_target,955,40,300,0.3,0.5,2.19368687913
quality_compute_new,B8_new,never_fit_on_target,956,40,300,0.4,0.6864,2.17217962972
quality_compute_new,B8_new,never_fit_on_target,957,40,300,0.5,0.9212,2.15064632322
quality_compute_new,B8_new,never_fit_on_target,958,40,300,0.6,1.1336,2.12908164102
quality_compute_new,B8_new,never_fit_on_target,959,40,300,0.7,1.3816,2.10747752158
quality_compute_new,B8_new,never_fit_on_target,960,40,300,0.8,1.5375,2.08582025067
quality_compute_new,B8_new,never_fit_on_target,961,40,300,0.9,1.8101,2.0640808684
quality_compute_new,B8_new,never_fit_on_target,962,40,300,0.95,1.9054,2.05315656067
quality_compute_new,B8_new,never_fit_on_target,963,40,300,1,2.0147,2.04212191646
quality_compute_new,B8_new,never_fit_on_target,964,40,500,0.05,0.5,2.20300035255
quality_compute_new,B8_new,never_fit_on_target,965,40,500,0.1,0.5,2.19284289167
quality_compute_new,B8_new,never_fit_on_target,966,40,500,0.2,0.5,2.17251547759
quality_compute_new,B8_new,never_fit_on_target,967,40,500,0.3,0.5,2.15216963362
quality_compute_new,B8_new,never_fit_on_target,968,40,500,0.4,0.7035,2.13180268936
quality_compute_new,B8_new,never_fit_on_target,969,40,500,0.5,0.8866,2.11141106956
quality_compute_new,B8_new,never_fit_on_target,970,40,500,0.6,1.1238,2.09098973758
quality_compute_new,B8_new,never_fit_on_target,971,40,500,0.7,1.351,2.07053105932
quality_compute_new,B8_new,never_fit_on_target,972,40,500,0.8,1.5771,2.05002204764
quality_compute_new,B8_new,never_fit_on_target,973,40,500,0.9,1.7729,2.02943527812
quality_compute_new,B8_new,never_fit_on_target,974,40,500,0.95,1.8226,2.01909017251
quality_compute_new,B8_new,never_fit_on_target,975,40,500,1,2.0298,2.00864058042
quality_compute_new,B8_new,never_fit_on_target,976,40,1000,0.05,0.5,2.15073683298
quality_compute_new,B8_new,never_fit_on_target,977,40,1000,0.1,0.5,2.14130313649
quality_compute_new,B8_new,never_fit_on_target,978,40,1000,0.2,0.5,2.1224241413
quality_compute_new,B8_new,never_fit_on_target,979,40,1000,0.3,0.5,2.10352802943
quality_compute_new,B8_new,never_fit_on_target,980,40,1000,0.4,0.6682,2.08461232077
quality_compute_new,B8_new,never_fit_on_target,981,40,1000,0.5,0.8929,2.06567369481
quality_compute_new,B8_new,never_fit_on_target,982,40,1000,0.6,1.1087,2.0467074738
quality_compute_new,B8_new,never_fit_on_target,983,40,1000,0.7,1.3121,2.02770656759
quality_compute_new,B8_new,never_fit_on_target,984,40,1000,0.8,1.5165,2.00865891444
quality_compute_new,B8_new,never_fit_on_target,985,40,1000,0.9,1.7375,1.98953904405
quality_compute_new,B8_new,never_fit_on_target,986,40,1000,0.95,1.8219,1.97993107334
quality_compute_new,B8_new,never_fit_on_target,987,40,1000,1,1.9394,1.97022606128
quality_compute_new,B8_new,never_fit_on_target,988,40,2000,0.05,0.5,2.10623410997
quality_compute_new,B8_new,never_fit_on_target,989,40,2000,0.1,0.5,2.09747260642
quality_compute_new,B8_new,never_fit_on_target,990,40,2000,0.2,0.5,2.07993882383
quality_compute_new,B8_new,never_fit_on_target,991,40,2000,0.3,0.5,2.06238914419
quality_compute_new,B8_new,never_fit_on_target,992,40,2000,0.4,0.6377,2.04482126412
quality_compute_new,B8_new,never_fit_on_target,993,40,2000,0.5,0.8589,2.02723209971
quality_compute_new,B8_new,never_fit_on_target,994,40,2000,0.6,1.0771,2.00961730651
quality_compute_new,B8_new,never_fit_on_target,995,40,2000,0.7,1.3187,1.9919702996
quality_compute_new,B8_new,never_fit_on_target,996,40,2000,0.8,1.5044,1.97427987667
quality_compute_new,B8_new,never_fit_on_target,997,40,2000,0.9,1.7336,1.9565223823
quality_compute_new,B8_new,never_fit_on_target,998,40,2000,0.95,1.7276,1.94759902235
quality_compute_new,B8_new,never_fit_on_target,999,40,2000,1,1.9275,1.93858553568
quality_compute_new,B8_new,never_fit_on_target,1000,70,5,0.05,0.5,2.86300946808
quality_compute_new,B8_new,never_fit_on_target,1001,70,5,0.1,0.5,2.84737238059
quality_compute_new,B8_new,never_fit_on_target,1002,70,5,0.2,0.5,2.81607897405
quality_compute_new,B8_new,never_fit_on_target,1003,70,5,0.3,0.5039,2.78475719527
quality_compute_new,B8_new,never_fit_on_target,1004,70,5,0.4,0.8232,2.75340293328
quality_compute_new,B8_new,never_fit_on_target,1005,70,5,0.5,1.1008,2.72201068408
quality_compute_new,B8_new,never_fit_on_target,1006,70,5,0.6,1.4166,2.69057269392
quality_compute_new,B8_new,never_fit_on_target,1007,70,5,0.7,1.6785,2.65907721035
quality_compute_new,B8_new,never_fit_on_target,1008,70,5,0.8,2.0006,2.62750424008
quality_compute_new,B8_new,never_fit_on_target,1009,70,5,0.9,2.2782,2.59581156411
quality_compute_new,B8_new,never_fit_on_target,1010,70,5,0.95,2.4175,2.57988560351
quality_compute_new,B8_new,never_fit_on_target,1011,70,5,1,2.6033,2.56379878931
quality_compute_new,B8_new,never_fit_on_target,1012,70,10,0.05,0.5,2.70229294083
quality_compute_new,B8_new,never_fit_on_target,1013,70,10,0.1,0.5,2.68777006555
quality_compute_new,B8_new,never_fit_on_target,1014,70,10,0.2,0.5,2.65870645377
quality_compute_new,B8_new,never_fit_on_target,1015,70,10,0.3,0.5,2.62961649139
quality_compute_new,B8_new,never_fit_on_target,1016,70,10,0.4,0.7647,2.60049636038
quality_compute_new,B8_new,never_fit_on_target,1017,70,10,0.5,1.0531,2.57134094892
quality_compute_new,B8_new,never_fit_on_target,1018,70,10,0.6,1.3151,2.54214305574
quality_compute_new,B8_new,never_fit_on_target,1019,70,10,0.7,1.6283,2.51289176582
quality_compute_new,B8_new,never_fit_on_target,1020,70,10,0.8,1.8614,2.48356851047
quality_compute_new,B8_new,never_fit_on_target,1021,70,10,0.9,2.1283,2.45413407898
quality_compute_new,B8_new,never_fit_on_target,1022,70,10,0.95,2.2749,2.43934291409
quality_compute_new,B8_new,never_fit_on_target,1023,70,10,1,2.4186,2.42440235714
quality_compute_new,B8_new,never_fit_on_target,1024,70,20,0.05,0.5,2.56767664963
quality_compute_new,B8_new,never_fit_on_target,1025,70,20,0.1,0.5,2.55418859397
quality_compute_new,B8_new,never_fit_on_target,1026,70,20,0.2,0.5,2.52719589412
quality_compute_new,B8_new,never_fit_on_target,1027,70,20,0.3,0.5,2.50017872128
quality_compute_new,B8_new,never_fit_on_target,1028,70,20,0.4,0.7217,2.47313352945
quality_compute_new,B8_new,never_fit_on_target,1029,70,20,0.5,0.9839,2.44605557106
quality_compute_new,B8_new,never_fit_on_target,1030,70,20,0.6,1.2611,2.41893815797
quality_compute_new,B8_new,never_fit_on_target,1031,70,20,0.7,1.5062,2.39177115289
quality_compute_new,B8_new,never_fit_on_target,1032,70,20,0.8,1.7756,2.36453731024
quality_compute_new,B8_new,never_fit_on_target,1033,70,20,0.9,2.0434,2.33720021325
quality_compute_new,B8_new,never_fit_on_target,1034,70,20,0.95,2.1901,2.32346298481
quality_compute_new,B8_new,never_fit_on_target,1035,70,20,1,2.3369,2.30958700916
quality_compute_new,B8_new,never_fit_on_target,1036,70,50,0.05,0.5,2.42233795605
quality_compute_new,B8_new,never_fit_on_target,1037,70,50,0.1,0.5,2.4101055708
quality_compute_new,B8_new,never_fit_on_target,1038,70,50,0.2,0.5,2.38562575609
quality_compute_new,B8_new,never_fit_on_target,1039,70,50,0.3,0.5,2.3611237467
quality_compute_new,B8_new,never_fit_on_target,1040,70,50,0.4,0.7053,2.33659632675
quality_compute_new,B8_new,never_fit_on_target,1041,70,50,0.5,0.9448,2.31203919064
quality_compute_new,B8_new,never_fit_on_target,1042,70,50,0.6,1.1924,2.28744627286
quality_compute_new,B8_new,never_fit_on_target,1043,70,50,0.7,1.4475,2.26280837986
quality_compute_new,B8_new,never_fit_on_target,1044,70,50,0.8,1.6973,2.23810987153
quality_compute_new,B8_new,never_fit_on_target,1045,70,50,0.9,1.9752,2.21331772132
quality_compute_new,B8_new,never_fit_on_target,1046,70,50,0.95,2.1097,2.20085936004
quality_compute_new,B8_new,never_fit_on_target,1047,70,50,1,2.2162,2.18827516821
quality_compute_new,B8_new,never_fit_on_target,1048,70,100,0.05,0.5,2.33248311921
quality_compute_new,B8_new,never_fit_on_target,1049,70,100,0.1,0.5,2.32112234596
quality_compute_new,B8_new,never_fit_on_target,1050,70,100,0.2,0.5,2.29838682721
quality_compute_new,B8_new,never_fit_on_target,1051,70,100,0.3,0.5,2.27563069524
quality_compute_new,B8_new,never_fit_on_target,1052,70,100,0.4,0.6765,2.25285096333
quality_compute_new,B8_new,never_fit_on_target,1053,70,100,0.5,0.9072,2.23004363267
quality_compute_new,B8_new,never_fit_on_target,1054,70,100,0.6,1.1486,2.20720306995
quality_compute_new,B8_new,never_fit_on_target,1055,70,100,0.7,1.3726,2.18432073669
quality_compute_new,B8_new,never_fit_on_target,1056,70,100,0.8,1.6395,2.16138210721
quality_compute_new,B8_new,never_fit_on_target,1057,70,100,0.9,1.905,2.13835650825
quality_compute_new,B8_new,never_fit_on_target,1058,70,100,0.95,1.9747,2.12678586076
quality_compute_new,B8_new,never_fit_on_target,1059,70,100,1,2.1223,2.11509834872
quality_compute_new,B8_new,never_fit_on_target,1060,70,150,0.05,0.5,2.28661569352
quality_compute_new,B8_new,never_fit_on_target,1061,70,150,0.1,0.5,2.27573569867
quality_compute_new,B8_new,never_fit_on_target,1062,70,150,0.2,0.5,2.25396232802
quality_compute_new,B8_new,never_fit_on_target,1063,70,150,0.3,0.5,2.2321692165
quality_compute_new,B8_new,never_fit_on_target,1064,70,150,0.4,0.6507,2.21035350376
quality_compute_new,B8_new,never_fit_on_target,1065,70,150,0.5,0.8903,2.18851136023
quality_compute_new,B8_new,never_fit_on_target,1066,70,150,0.6,1.1506,2.16663739098
quality_compute_new,B8_new,never_fit_on_target,1067,70,150,0.7,1.3601,2.1447234189
quality_compute_new,B8_new,never_fit_on_target,1068,70,150,0.8,1.5779,2.122755533
quality_compute_new,B8_new,never_fit_on_target,1069,70,150,0.9,1.8604,2.1007043581
quality_compute_new,B8_new,never_fit_on_target,1070,70,150,0.95,1.9377,2.08962337072
quality_compute_new,B8_new,never_fit_on_target,1071,70,150,1,2.0817,2.07843046439
quality_compute_new,B8_new,never_fit_on_target,1072,70,300,0.05,0.5,2.21797469807
quality_compute_new,B8_new,never_fit_on_target,1073,70,300,0.1,0.5,2.20786995137
quality_compute_new,B8_new,never_fit_on_target,1074,70,300,0.2,0.5,2.18764803047
quality_compute_new,B8_new,never_fit_on_target,1075,70,300,0.3,0.5,2.16740777532
quality_compute_new,B8_new,never_fit_on_target,1076,70,300,0.4,0.6571,2.1471465294
quality_compute_new,B8_new,never_fit_on_target,1077,70,300,0.5,0.8554,2.12686073599
quality_compute_new,B8_new,never_fit_on_target,1078,70,300,0.6,1.1181,2.10654538459
quality_compute_new,B8_new,never_fit_on_target,1079,70,300,0.7,1.3754,2.08619288073
quality_compute_new,B8_new,never_fit_on_target,1080,70,300,0.8,1.5736,2.06579030466
quality_compute_new,B8_new,never_fit_on_target,1081,70,300,0.9,1.7826,2.0453103743
quality_compute_new,B8_new,never_fit_on_target,1082,70,300,0.95,1.9317,2.03501895668
quality_compute_new,B8_new,never_fit_on_target,1083,70,300,1,2.0225,2.02462359484
quality_compute_new,B8_new,never_fit_on_target,1084,70,500,0.05,0.5,2.17424196926
quality_compute_new,B8_new,never_fit_on_target,1085,70,500,0.1,0.5,2.16467297191
quality_compute_new,B8_new,never_fit_on_target,1086,70,500,0.2,0.5,2.1455232086
quality_compute_new,B8_new,never_fit_on_target,1087,70,500,0.3,0.5,2.12635608312
quality_compute_new,B8_new,never_fit_on_target,1088,70,500,0.4,0.6398,2.10716907978
quality_compute_new,B8_new,never_fit_on_target,1089,70,500,0.5,0.8696,2.08795883046
quality_compute_new,B8_new,never_fit_on_target,1090,70,500,0.6,1.0654,2.0687205903
quality_compute_new,B8_new,never_fit_on_target,1091,70,500,0.7,1.3269,2.04944716749
quality_compute_new,B8_new,never_fit_on_target,1092,70,500,0.8,1.552,2.03012632728
quality_compute_new,B8_new,never_fit_on_target,1093,70,500,0.9,1.7856,2.01073223406
quality_compute_new,B8_new,never_fit_on_target,1094,70,500,0.95,1.8785,2.000986463
quality_compute_new,B8_new,never_fit_on_target,1095,70,500,1,2.0232,1.9911422588
quality_compute_new,B8_new,never_fit_on_target,1096,70,1000,0.05,0.5,2.1227807793
quality_compute_new,B8_new,never_fit_on_target,1097,70,1000,0.1,0.5,2.11389361568
quality_compute_new,B8_new,never_fit_on_target,1098,70,1000,0.2,0.5,2.0961083584
quality_compute_new,B8_new,never_fit_on_target,1099,70,1000,0.3,0.5,2.07830697607
quality_compute_new,B8_new,never_fit_on_target,1100,70,1000,0.4,0.6331,2.06048713228
quality_compute_new,B8_new,never_fit_on_target,1101,70,1000,0.5,0.8268,2.04264569888
quality_compute_new,B8_new,never_fit_on_target,1102,70,1000,0.6,1.0717,2.02477826912
quality_compute_new,B8_new,never_fit_on_target,1103,70,1000,0.7,1.3056,2.00687816362
quality_compute_new,B8_new,never_fit_on_target,1104,70,1000,0.8,1.5113,1.98893401943
quality_compute_new,B8_new,never_fit_on_target,1105,70,1000,0.9,1.7324,1.97092184184
quality_compute_new,B8_new,never_fit_on_target,1106,70,1000,0.95,1.8305,1.96187050042
quality_compute_new,B8_new,never_fit_on_target,1107,70,1000,1,1.9314,1.95272773966
quality_compute_new,B8_new,never_fit_on_target,1108,70,2000,0.05,0.5,2.07902321633
quality_compute_new,B8_new,never_fit_on_target,1109,70,2000,0.1,0.5,2.07076930275
quality_compute_new,B8_new,never_fit_on_target,1110,70,2000,0.2,0.5,2.05425132436
quality_compute_new,B8_new,never_fit_on_target,1111,70,2000,0.3,0.5,2.0377183699
quality_compute_new,B8_new,never_fit_on_target,1112,70,2000,0.4,0.6095,2.02116826944
quality_compute_new,B8_new,never_fit_on_target,1113,70,2000,0.5,0.8205,2.00459811773
quality_compute_new,B8_new,never_fit_on_target,1114,70,2000,0.6,1.0279,1.98800382201
quality_compute_new,B8_new,never_fit_on_target,1115,70,2000,0.7,1.2745,1.97137917885
quality_compute_new,B8_new,never_fit_on_target,1116,70,2000,0.8,1.4713,1.95471363494
quality_compute_new,B8_new,never_fit_on_target,1117,70,2000,0.9,1.7312,1.93798490532
quality_compute_new,B8_new,never_fit_on_target,1118,70,2000,0.95,1.7959,1.92957851234
quality_compute_new,B8_new,never_fit_on_target,1119,70,2000,1,1.9285,1.92108721406
quality_compute_new,B8_new,never_fit_on_target,1120,120,5,0.05,0.5,2.8323144151
quality_compute_new,B8_new,never_fit_on_target,1121,120,5,0.1,0.5,2.81755081989
quality_compute_new,B8_new,never_fit_on_target,1122,120,5,0.2,0.5,2.78800547219
quality_compute_new,B8_new,never_fit_on_target,1123,120,5,0.3,0.5,2.75843333714
quality_compute_new,B8_new,never_fit_on_target,1124,120,5,0.4,0.759,2.7288305334
quality_compute_new,B8_new,never_fit_on_target,1125,120,5,0.5,1.0383,2.69919186443
quality_compute_new,B8_new,never_fit_on_target,1126,120,5,0.6,1.3529,2.6695100096
quality_compute_new,B8_new,never_fit_on_target,1127,120,5,0.7,1.6294,2.63977387296
quality_compute_new,B8_new,never_fit_on_target,1128,120,5,0.8,1.8929,2.60996457805
quality_compute_new,B8_new,never_fit_on_target,1129,120,5,0.9,2.2776,2.58004226423
quality_compute_new,B8_new,never_fit_on_target,1130,120,5,0.95,2.3327,2.56500593245
quality_compute_new,B8_new,never_fit_on_target,1131,120,5,1,2.5753,2.5498177324
quality_compute_new,B8_new,never_fit_on_target,1132,120,10,0.05,0.5,2.6727888346
quality_compute_new,B8_new,never_fit_on_target,1133,120,10,0.1,0.5,2.65907721138
quality_compute_new,B8_new,never_fit_on_target,1134,120,10,0.2,0.5,2.63163710146
quality_compute_new,B8_new,never_fit_on_target,1135,120,10,0.3,0.5,2.60417211289
quality_compute_new,B8_new,never_fit_on_target,1136,120,10,0.4,0.7123,2.57667864092
quality_compute_new,B8_new,never_fit_on_target,1137,120,10,0.5,0.9953,2.54915185927
quality_compute_new,B8_new,never_fit_on_target,1138,120,10,0.6,1.2815,2.52158496896
quality_compute_new,B8_new,never_fit_on_target,1139,120,10,0.7,1.5384,2.49396766465
quality_compute_new,B8_new,never_fit_on_target,1140,120,10,0.8,1.8585,2.46628241493
quality_compute_new,B8_new,never_fit_on_target,1141,120,10,0.9,2.1465,2.43849219939
quality_compute_new,B8_new,never_fit_on_target,1142,120,10,0.95,2.2588,2.4245272733
quality_compute_new,B8_new,never_fit_on_target,1143,120,10,1,2.4219,2.41042130023
quality_compute_new,B8_new,never_fit_on_target,1144,120,20,0.05,0.5,2.53927862988
quality_compute_new,B8_new,never_fit_on_target,1145,120,20,0.1,0.5,2.52654402095
quality_compute_new,B8_new,never_fit_on_target,1146,120,20,0.2,0.5,2.50105914122
quality_compute_new,B8_new,never_fit_on_target,1147,120,20,0.3,0.5,2.47555115556
quality_compute_new,B8_new,never_fit_on_target,1148,120,20,0.4,0.686,2.45001671606
quality_compute_new,B8_new,never_fit_on_target,1149,120,20,0.5,0.9324,2.42445134035
quality_compute_new,B8_new,never_fit_on_target,1150,120,20,0.6,1.2186,2.39884871389
quality_compute_new,B8_new,never_fit_on_target,1151,120,20,0.7,1.4699,2.37319926566
quality_compute_new,B8_new,never_fit_on_target,1152,120,20,0.8,1.7489,2.34748671343
quality_compute_new,B8_new,never_fit_on_target,1153,120,20,0.9,2.0566,2.32167667467
quality_compute_new,B8_new,never_fit_on_target,1154,120,20,0.95,2.1247,2.30870681184
quality_compute_new,B8_new,never_fit_on_target,1155,120,20,1,2.2493,2.29560595225
quality_compute_new,B8_new,never_fit_on_target,1156,120,50,0.05,0.5,2.39528208332
quality_compute_new,B8_new,never_fit_on_target,1157,120,50,0.1,0.5,2.38373300269
quality_compute_new,B8_new,never_fit_on_target,1158,120,50,0.2,0.5,2.36062063759
quality_compute_new,B8_new,never_fit_on_target,1159,120,50,0.3,0.5,2.33748731761
quality_compute_new,B8_new,never_fit_on_target,1160,120,50,0.4,0.6689,2.31433000652
quality_compute_new,B8_new,never_fit_on_target,1161,120,50,0.5,0.9237,2.29114463922
quality_compute_new,B8_new,never_fit_on_target,1162,120,50,0.6,1.1614,2.26792548903
quality_compute_new,B8_new,never_fit_on_target,1163,120,50,0.7,1.3938,2.24466387594
quality_compute_new,B8_new,never_fit_on_target,1164,120,50,0.8,1.682,2.22134503351
quality_compute_new,B8_new,never_fit_on_target,1165,120,50,0.9,1.9395,2.19793778007
quality_compute_new,B8_new,never_fit_on_target,1166,120,50,0.95,2.0853,2.18617534649
quality_compute_new,B8_new,never_fit_on_target,1167,120,50,1,2.2004,2.1742941113
quality_compute_new,B8_new,never_fit_on_target,1168,120,100,0.05,0.5,2.30635888541
quality_compute_new,B8_new,never_fit_on_target,1169,120,100,0.1,0.5,2.29563272828
quality_compute_new,B8_new,never_fit_on_target,1170,120,100,0.2,0.5,2.27416722225
quality_compute_new,B8_new,never_fit_on_target,1171,120,100,0.3,0.5,2.25268225448
quality_compute_new,B8_new,never_fit_on_target,1172,120,100,0.4,0.6206,2.23117500506
quality_compute_new,B8_new,never_fit_on_target,1173,120,100,0.5,0.8829,2.20964169856
quality_compute_new,B8_new,never_fit_on_target,1174,120,100,0.6,1.1099,2.18807701636
quality_compute_new,B8_new,never_fit_on_target,1175,120,100,0.7,1.3531,2.16647289693
quality_compute_new,B8_new,never_fit_on_target,1176,120,100,0.8,1.5774,2.14481562601
quality_compute_new,B8_new,never_fit_on_target,1177,120,100,0.9,1.8321,2.12307624375
quality_compute_new,B8_new,never_fit_on_target,1178,120,100,0.95,1.9432,2.11215193601
quality_compute_new,B8_new,never_fit_on_target,1179,120,100,1,2.1521,2.10111729181
quality_compute_new,B8_new,never_fit_on_target,1180,120,150,0.05,0.5,2.26100534879
quality_compute_new,B8_new,never_fit_on_target,1181,120,150,0.1,0.5,2.25073311364
quality_compute_new,B8_new,never_fit_on_target,1182,120,150,0.2,0.5,2.23017600985
quality_compute_new,B8_new,never_fit_on_target,1183,120,150,0.3,0.5,2.20960026791
quality_compute_new,B8_new,never_fit_on_target,1184,120,150,0.4,0.6188,2.18900318727
quality_compute_new,B8_new,never_fit_on_target,1185,120,150,0.5,0.8572,2.16838115226
quality_compute_new,B8_new,never_fit_on_target,1186,120,150,0.6,1.0887,2.14772906934
quality_compute_new,B8_new,never_fit_on_target,1187,120,150,0.7,1.3605,2.12703921815
quality_compute_new,B8_new,never_fit_on_target,1188,120,150,0.8,1.5564,2.10629846479
quality_compute_new,B8_new,never_fit_on_target,1189,120,150,0.9,1.8816,2.08547907497
quality_compute_new,B8_new,never_fit_on_target,1190,120,150,0.95,1.9557,2.07501707479
quality_compute_new,B8_new,never_fit_on_target,1191,120,150,1,2.0881,2.06444940748
quality_compute_new,B8_new,never_fit_on_target,1192,120,300,0.05,0.5,2.19319299196
quality_compute_new,B8_new,never_fit_on_target,1193,120,300,0.1,0.5,2.18365269937
quality_compute_new,B8_new,never_fit_on_target,1194,120,300,0.2,0.5,2.16456038088
quality_compute_new,B8_new,never_fit_on_target,1195,120,300,0.3,0.5,2.14545075231
quality_compute_new,B8_new,never_fit_on_target,1196,120,300,0.4,0.6045,2.12632130551
quality_compute_new,B8_new,never_fit_on_target,1197,120,300,0.5,0.8569,2.10716868245
quality_compute_new,B8_new,never_fit_on_target,1198,120,300,0.6,1.092,2.08798815253
quality_compute_new,B8_new,never_fit_on_target,1199,120,300,0.7,1.2863,2.06877254549
quality_compute_new,B8_new,never_fit_on_target,1200,120,300,0.8,1.5302,2.0495096633
quality_compute_new,B8_new,never_fit_on_target,1201,120,300,0.9,1.7838,2.03017374784
quality_compute_new,B8_new,never_fit_on_target,1202,120,300,0.95,1.9031,2.02045721182
quality_compute_new,B8_new,never_fit_on_target,1203,120,300,1,2.0619,2.01064253793
quality_compute_new,B8_new,never_fit_on_target,1204,120,500,0.05,0.5,2.15003290895
quality_compute_new,B8_new,never_fit_on_target,1205,120,500,0.1,0.5,2.14099843859
quality_compute_new,B8_new,never_fit_on_target,1206,120,500,0.2,0.5,2.12291838666
quality_compute_new,B8_new,never_fit_on_target,1207,120,500,0.3,0.5,2.10482194242
quality_compute_new,B8_new,never_fit_on_target,1208,120,500,0.4,0.5807,2.0867067307
quality_compute_new,B8_new,never_fit_on_target,1209,120,500,0.5,0.8175,2.06856957153
quality_compute_new,B8_new,never_fit_on_target,1210,120,500,0.6,1.0547,2.05040598509
quality_compute_new,B8_new,never_fit_on_target,1211,120,500,0.7,1.2832,2.03220918132
quality_compute_new,B8_new,never_fit_on_target,1212,120,500,0.8,1.5164,2.01396760889
quality_compute_new,B8_new,never_fit_on_target,1213,120,500,0.9,1.7304,1.9956568754
quality_compute_new,B8_new,never_fit_on_target,1214,120,500,0.95,1.8749,1.98645550596
quality_compute_new,B8_new,never_fit_on_target,1215,120,500,1,2.0294,1.97716120189
quality_compute_new,B8_new,never_fit_on_target,1216,120,1000,0.05,0.5,2.09930050983
quality_compute_new,B8_new,never_fit_on_target,1217,120,1000,0.1,0.5,2.09090978577
quality_compute_new,B8_new,never_fit_on_target,1218,120,1000,0.2,0.5,2.07411801817
quality_compute_new,B8_new,never_fit_on_target,1219,120,1000,0.3,0.5,2.05731102627
quality_compute_new,B8_new,never_fit_on_target,1220,120,1000,0.4,0.5785,2.04048660417
quality_compute_new,B8_new,never_fit_on_target,1221,120,1000,0.5,0.7972,2.02364179846
quality_compute_new,B8_new,never_fit_on_target,1222,120,1000,0.6,1.0412,2.00677244855
quality_compute_new,B8_new,never_fit_on_target,1223,120,1000,0.7,1.2562,1.98987224819
quality_compute_new,B8_new,never_fit_on_target,1224,120,1000,0.8,1.485,1.97293046914
quality_compute_new,B8_new,never_fit_on_target,1225,120,1000,0.9,1.7223,1.95592445706
quality_compute_new,B8_new,never_fit_on_target,1226,120,1000,0.95,1.8568,1.94737872622
quality_compute_new,B8_new,never_fit_on_target,1227,120,1000,1,1.9082,1.93874668275
quality_compute_new,B8_new,never_fit_on_target,1228,120,2000,0.05,0.5,2.05621980812
quality_compute_new,B8_new,never_fit_on_target,1229,120,2000,0.1,0.5,2.04842696056
quality_compute_new,B8_new,never_fit_on_target,1230,120,2000,0.2,0.5,2.03283168128
quality_compute_new,B8_new,never_fit_on_target,1231,120,2000,0.3,0.5,2.0172222625
quality_compute_new,B8_new,never_fit_on_target,1232,120,2000,0.4,0.5772,2.00159665549
quality_compute_new,B8_new,never_fit_on_target,1233,120,2000,0.5,0.7936,1.9859521173
quality_compute_new,B8_new,never_fit_on_target,1234,120,2000,0.6,1.0107,1.9702847838
quality_compute_new,B8_new,never_fit_on_target,1235,120,2000,0.7,1.2063,1.95458879807
quality_compute_new,B8_new,never_fit_on_target,1236,120,2000,0.8,1.4677,1.93885419632
quality_compute_new,B8_new,never_fit_on_target,1237,120,2000,0.9,1.6316,1.92305993843
quality_compute_new,B8_new,never_fit_on_target,1238,120,2000,0.95,1.8387,1.91512312903
quality_compute_new,B8_new,never_fit_on_target,1239,120,2000,1,1.9249,1.90710615715
quality_compute_new,B8_new,never_fit_on_target,1240,300,5,0.05,0.5,2.78740746289
quality_compute_new,B8_new,never_fit_on_target,1241,300,5,0.1,0.5,2.77401828443
quality_compute_new,B8_new,never_fit_on_target,1242,300,5,0.2,0.5,2.7472234606
quality_compute_new,B8_new,never_fit_on_target,1243,300,5,0.3,0.5,2.72040434318
quality_compute_new,B8_new,never_fit_on_target,1244,300,5,0.4,0.6853,2.69355741218
quality_compute_new,B8_new,never_fit_on_target,1245,300,5,0.5,0.9862,2.66667795481
quality_compute_new,B8_new,never_fit_on_target,1246,300,5,0.6,1.3009,2.63975933197
quality_compute_new,B8_new,never_fit_on_target,1247,300,5,0.7,1.6208,2.61279148069
quality_compute_new,B8_new,never_fit_on_target,1248,300,5,0.8,1.8604,2.58575728181
quality_compute_new,B8_new,never_fit_on_target,1249,300,5,0.9,2.2235,2.55862058551
quality_compute_new,B8_new,never_fit_on_target,1250,300,5,0.95,2.4307,2.54498406089
quality_compute_new,B8_new,never_fit_on_target,1251,300,5,1,2.478,2.53120980618
quality_compute_new,B8_new,never_fit_on_target,1252,300,10,0.05,0.5,2.62975580526
quality_compute_new,B8_new,never_fit_on_target,1253,300,10,0.1,0.5,2.61732066547
quality_compute_new,B8_new,never_fit_on_target,1254,300,10,0.2,0.5,2.59243509232
quality_compute_new,B8_new,never_fit_on_target,1255,300,10,0.3,0.5,2.56752695661
quality_compute_new,B8_new,never_fit_on_target,1256,300,10,0.4,0.6257,2.54259298915
quality_compute_new,B8_new,never_fit_on_target,1257,300,10,0.5,0.9294,2.51762881298
quality_compute_new,B8_new,never_fit_on_target,1258,300,10,0.6,1.2357,2.49262826205
quality_compute_new,B8_new,never_fit_on_target,1259,300,10,0.7,1.5156,2.46758199043
quality_compute_new,B8_new,never_fit_on_target,1260,300,10,0.8,1.8333,2.44247409876
quality_compute_new,B8_new,never_fit_on_target,1261,300,10,0.9,2.1073,2.41727101308
quality_compute_new,B8_new,never_fit_on_target,1262,300,10,0.95,2.2727,2.40460615165
quality_compute_new,B8_new,never_fit_on_target,1263,300,10,1,2.4246,2.39181337401
quality_compute_new,B8_new,never_fit_on_target,1264,300,20,0.05,0.5,2.49798599805
quality_compute_new,B8_new,never_fit_on_target,1265,300,20,0.1,0.5,2.48643691742
quality_compute_new,B8_new,never_fit_on_target,1266,300,20,0.2,0.5,2.46332455232
quality_compute_new,B8_new,never_fit_on_target,1267,300,20,0.3,0.5,2.44019123235
quality_compute_new,B8_new,never_fit_on_target,1268,300,20,0.4,0.6087,2.41703392125
quality_compute_new,B8_new,never_fit_on_target,1269,300,20,0.5,0.8857,2.39384855395
quality_compute_new,B8_new,never_fit_on_target,1270,300,20,0.6,1.1745,2.37062940376
quality_compute_new,B8_new,never_fit_on_target,1271,300,20,0.7,1.445,2.34736779067
quality_compute_new,B8_new,never_fit_on_target,1272,300,20,0.8,1.7275,2.32404894824
quality_compute_new,B8_new,never_fit_on_target,1273,300,20,0.9,1.993,2.3006416948
quality_compute_new,B8_new,never_fit_on_target,1274,300,20,0.95,2.1129,2.28887926122
quality_compute_new,B8_new,never_fit_on_target,1275,300,20,1,2.3267,2.27699802603
quality_compute_new,B8_new,never_fit_on_target,1276,300,50,0.05,0.5,2.35610128394
quality_compute_new,B8_new,never_fit_on_target,1277,300,50,0.1,0.5,2.34562736486
quality_compute_new,B8_new,never_fit_on_target,1278,300,50,0.2,0.5,2.32466664518
quality_compute_new,B8_new,never_fit_on_target,1279,300,50,0.3,0.5,2.3036869214
quality_compute_new,B8_new,never_fit_on_target,1280,300,50,0.4,0.5737,2.28268543996
quality_compute_new,B8_new,never_fit_on_target,1281,300,50,0.5,0.8188,2.26165851421
quality_compute_new,B8_new,never_fit_on_target,1282,300,50,0.6,1.0844,2.24060095059
quality_compute_new,B8_new,never_fit_on_target,1283,300,50,0.7,1.3817,2.21950487715
quality_compute_new,B8_new,never_fit_on_target,1284,300,50,0.8,1.6524,2.19835690214
quality_compute_new,B8_new,never_fit_on_target,1285,300,50,0.9,1.917,2.17712874673
quality_compute_new,B8_new,never_fit_on_target,1286,300,50,0.95,2.0545,2.16646133679
quality_compute_new,B8_new,never_fit_on_target,1287,300,50,1,2.1404,2.15568618508
quality_compute_new,B8_new,never_fit_on_target,1288,300,100,0.05,0.5,2.26864399498
quality_compute_new,B8_new,never_fit_on_target,1289,300,100,0.1,0.5,2.25891638935
quality_compute_new,B8_new,never_fit_on_target,1290,300,100,0.2,0.5,2.2394492144
quality_compute_new,B8_new,never_fit_on_target,1291,300,100,0.3,0.5,2.2199643895
quality_compute_new,B8_new,never_fit_on_target,1292,300,100,0.4,0.5656,2.20045935726
quality_compute_new,B8_new,never_fit_on_target,1293,300,100,0.5,0.7851,2.18093069373
quality_compute_new,B8_new,never_fit_on_target,1294,300,100,0.6,1.0582,2.16137357541
quality_compute_new,B8_new,never_fit_on_target,1295,300,100,0.7,1.2974,2.14178069127
quality_compute_new,B8_new,never_fit_on_target,1296,300,100,0.8,1.6239,2.12213960378
quality_compute_new,B8_new,never_fit_on_target,1297,300,100,0.9,1.7981,2.1024240491
quality_compute_new,B8_new,never_fit_on_target,1298,300,100,0.95,1.9909,2.09251673969
quality_compute_new,B8_new,never_fit_on_target,1299,300,100,1,2.018,2.08250936559
quality_compute_new,B8_new,never_fit_on_target,1300,300,150,0.05,0.5,2.22409904908
quality_compute_new,B8_new,never_fit_on_target,1301,300,150,0.1,0.5,2.21478310756
quality_compute_new,B8_new,never_fit_on_target,1302,300,150,0.2,0.5,2.19613976715
quality_compute_new,B8_new,never_fit_on_target,1303,300,150,0.3,0.5,2.17747952372
quality_compute_new,B8_new,never_fit_on_target,1304,300,150,0.4,0.5498,2.1587999281
quality_compute_new,B8_new,never_fit_on_target,1305,300,150,0.5,0.7913,2.14009770125
quality_compute_new,B8_new,never_fit_on_target,1306,300,150,0.6,1.0259,2.12136822379
quality_compute_new,B8_new,never_fit_on_target,1307,300,150,0.7,1.3071,2.1026044941
quality_compute_new,B8_new,never_fit_on_target,1308,300,150,0.8,1.5543,2.08379460098
quality_compute_new,B8_new,never_fit_on_target,1309,300,150,0.9,1.8567,2.06491339206
quality_compute_new,B8_new,never_fit_on_target,1310,300,150,0.95,1.9405,2.05542535168
quality_compute_new,B8_new,never_fit_on_target,1311,300,150,1,2.0823,2.04584148126
quality_compute_new,B8_new,never_fit_on_target,1312,300,300,0.05,0.5,2.15759053295
quality_compute_new,B8_new,never_fit_on_target,1313,300,300,0.1,0.5,2.14893839381
quality_compute_new,B8_new,never_fit_on_target,1314,300,300,0.2,0.5,2.13162347454
quality_compute_new,B8_new,never_fit_on_target,1315,300,300,0.3,0.5,2.11429285665
quality_compute_new,B8_new,never_fit_on_target,1316,300,300,0.4,0.5355,2.09694426552
quality_compute_new,B8_new,never_fit_on_target,1317,300,300,0.5,0.7618,2.07957465573
quality_compute_new,B8_new,never_fit_on_target,1318,300,300,0.6,1.0191,2.06217973706
quality_compute_new,B8_new,never_fit_on_target,1319,300,300,0.7,1.2421,2.04475300677
quality_compute_new,B8_new,never_fit_on_target,1320,300,300,0.8,1.5064,2.02728340241
quality_compute_new,B8_new,never_fit_on_target,1321,300,300,0.9,1.708,2.00974756382
quality_compute_new,B8_new,never_fit_on_target,1322,300,300,0.95,1.8785,2.00093558863
quality_compute_new,B8_new,never_fit_on_target,1323,300,300,1,1.9949,1.99203461171
quality_compute_new,B8_new,never_fit_on_target,1324,300,500,0.05,0.5,2.1153314928
quality_compute_new,B8_new,never_fit_on_target,1325,300,500,0.1,0.5,2.10713808637
quality_compute_new,B8_new,never_fit_on_target,1326,300,500,0.2,0.5,2.09074119671
quality_compute_new,B8_new,never_fit_on_target,1327,300,500,0.3,0.5,2.07432944077
quality_compute_new,B8_new,never_fit_on_target,1328,300,500,0.4,0.5242,2.05790066452
quality_compute_new,B8_new,never_fit_on_target,1329,300,500,0.5,0.764,2.041451984
quality_compute_new,B8_new,never_fit_on_target,1330,300,500,0.6,1.004,2.02497933648
quality_compute_new,B8_new,never_fit_on_target,1331,300,500,0.7,1.2386,2.00847656398
quality_compute_new,B8_new,never_fit_on_target,1332,300,500,0.8,1.4481,1.99193319056
quality_compute_new,B8_new,never_fit_on_target,1333,300,500,0.9,1.7684,1.97532709463
quality_compute_new,B8_new,never_fit_on_target,1334,300,500,0.95,1.8116,1.96698232659
quality_compute_new,B8_new,never_fit_on_target,1335,300,500,1,1.92,1.95855327567
quality_compute_new,B8_new,never_fit_on_target,1336,300,1000,0.05,0.5,2.06574582661
quality_compute_new,B8_new,never_fit_on_target,1337,300,1000,0.1,0.5,2.05813623692
quality_compute_new,B8_new,never_fit_on_target,1338,300,1000,0.2,0.5,2.04290769876
quality_compute_new,B8_new,never_fit_on_target,1339,300,1000,0.3,0.5,2.02766535362
quality_compute_new,B8_new,never_fit_on_target,1340,300,1000,0.4,0.5189,2.01240720093
quality_compute_new,B8_new,never_fit_on_target,1341,300,1000,0.5,0.7381,1.99713056225
quality_compute_new,B8_new,never_fit_on_target,1342,300,1000,0.6,1.0017,1.98183166431
quality_compute_new,B8_new,never_fit_on_target,1343,300,1000,0.7,1.2048,1.96650478794
quality_compute_new,B8_new,never_fit_on_target,1344,300,1000,0.8,1.4767,1.95114020365
quality_compute_new,B8_new,never_fit_on_target,1345,300,1000,0.9,1.6646,1.9357173661
quality_compute_new,B8_new,never_fit_on_target,1346,300,1000,0.95,1.8451,1.9279672
quality_compute_new,B8_new,never_fit_on_target,1347,300,1000,1,1.9425,1.92013875653
quality_compute_new,B8_new,never_fit_on_target,1348,300,2000,0.05,0.5,2.02373014798
quality_compute_new,B8_new,never_fit_on_target,1349,300,2000,0.1,0.5,2.01666277549
quality_compute_new,B8_new,never_fit_on_target,1350,300,2000,0.2,0.5,2.00251933858
quality_compute_new,B8_new,never_fit_on_target,1351,300,2000,0.3,0.5,1.9883630785
quality_compute_new,B8_new,never_fit_on_target,1352,300,2000,0.4,0.5,1.97419213722
quality_compute_new,B8_new,never_fit_on_target,1353,300,2000,0.5,0.7402,1.96000402717
quality_compute_new,B8_new,never_fit_on_target,1354,300,2000,0.6,0.9783,1.94579524393
quality_compute_new,B8_new,never_fit_on_target,1355,300,2000,0.7,1.1809,1.93156047584
quality_compute_new,B8_new,never_fit_on_target,1356,300,2000,0.8,1.4119,1.9172906867
quality_compute_new,B8_new,never_fit_on_target,1357,300,2000,0.9,1.6756,1.90296679509
quality_compute_new,B8_new,never_fit_on_target,1358,300,2000,0.95,1.7414,1.89576886288
quality_compute_new,B8_new,never_fit_on_target,1359,300,2000,1,1.8777,1.88849823093
quality_compute_new,B8_new,never_fit_on_target,1360,700,5,0.05,0.5,2.75253023626
quality_compute_new,B8_new,never_fit_on_target,1361,700,5,0.1,0.5,2.74029785101
quality_compute_new,B8_new,never_fit_on_target,1362,700,5,0.2,0.5,2.7158180363
quality_compute_new,B8_new,never_fit_on_target,1363,700,5,0.3,0.5,2.69131602691
quality_compute_new,B8_new,never_fit_on_target,1364,700,5,0.4,0.5981,2.66678860696
quality_compute_new,B8_new,never_fit_on_target,1365,700,5,0.5,0.9159,2.64223147085
quality_compute_new,B8_new,never_fit_on_target,1366,700,5,0.6,1.2092,2.61763855307
quality_compute_new,B8_new,never_fit_on_target,1367,700,5,0.7,1.587,2.59300066007
quality_compute_new,B8_new,never_fit_on_target,1368,700,5,0.8,1.8853,2.56830215175
quality_compute_new,B8_new,never_fit_on_target,1369,700,5,0.9,2.2108,2.54351000153
quality_compute_new,B8_new,never_fit_on_target,1370,700,5,0.95,2.4127,2.53105164025
quality_compute_new,B8_new,never_fit_on_target,1371,700,5,1,2.5391,2.51846744842
quality_compute_new,B8_new,never_fit_on_target,1372,700,10,0.05,0.5,2.59645578674
quality_compute_new,B8_new,never_fit_on_target,1373,700,10,0.1,0.5,2.58509501349
quality_compute_new,B8_new,never_fit_on_target,1374,700,10,0.2,0.5,2.56235949473
quality_compute_new,B8_new,never_fit_on_target,1375,700,10,0.3,0.5,2.53960336277
quality_compute_new,B8_new,never_fit_on_target,1376,700,10,0.4,0.5653,2.51682363086
quality_compute_new,B8_new,never_fit_on_target,1377,700,10,0.5,0.8604,2.4940163002
quality_compute_new,B8_new,never_fit_on_target,1378,700,10,0.6,1.1538,2.47117573748
quality_compute_new,B8_new,never_fit_on_target,1379,700,10,0.7,1.4868,2.44829340422
quality_compute_new,B8_new,never_fit_on_target,1380,700,10,0.8,1.7512,2.42535477474
quality_compute_new,B8_new,never_fit_on_target,1381,700,10,0.9,2.0469,2.40232917578
quality_compute_new,B8_new,never_fit_on_target,1382,700,10,0.95,2.2272,2.39075852829
quality_compute_new,B8_new,never_fit_on_target,1383,700,10,1,2.4033,2.37907101625
quality_compute_new,B8_new,never_fit_on_target,1384,700,20,0.05,0.5,2.46615080453
quality_compute_new,B8_new,never_fit_on_target,1385,700,20,0.1,0.5,2.45559953703
quality_compute_new,B8_new,never_fit_on_target,1386,700,20,0.2,0.5,2.43448402536
quality_compute_new,B8_new,never_fit_on_target,1387,700,20,0.3,0.5,2.41334936927
quality_compute_new,B8_new,never_fit_on_target,1388,700,20,0.4,0.5501,2.39219279484
quality_compute_new,B8_new,never_fit_on_target,1389,700,20,0.5,0.8411,2.37101058819
quality_compute_new,B8_new,never_fit_on_target,1390,700,20,0.6,1.1236,2.34979751741
quality_compute_new,B8_new,never_fit_on_target,1391,700,20,0.7,1.4239,2.32854565243
quality_compute_new,B8_new,never_fit_on_target,1392,700,20,0.8,1.6984,2.30724150259
quality_compute_new,B8_new,never_fit_on_target,1393,700,20,0.9,1.9239,2.28585658023
quality_compute_new,B8_new,never_fit_on_target,1394,700,20,0.95,2.0927,2.27511039297
quality_compute_new,B8_new,never_fit_on_target,1395,700,20,1,2.2974,2.26425566827
quality_compute_new,B8_new,never_fit_on_target,1396,700,50,0.05,0.5,2.32604353778
quality_compute_new,B8_new,never_fit_on_target,1397,700,50,0.1,0.5,2.31647454043
quality_compute_new,B8_new,never_fit_on_target,1398,700,50,0.2,0.5,2.29732477712
quality_compute_new,B8_new,never_fit_on_target,1399,700,50,0.3,0.5,2.27815765164
quality_compute_new,B8_new,never_fit_on_target,1400,700,50,0.4,0.515,2.25897064831
quality_compute_new,B8_new,never_fit_on_target,1401,700,50,0.5,0.7581,2.23976039898
quality_compute_new,B8_new,never_fit_on_target,1402,700,50,0.6,1.0355,2.22052215882
quality_compute_new,B8_new,never_fit_on_target,1403,700,50,0.7,1.3068,2.20124873601
quality_compute_new,B8_new,never_fit_on_target,1404,700,50,0.8,1.584,2.1819278958
quality_compute_new,B8_new,never_fit_on_target,1405,700,50,0.9,1.9143,2.16253380258
quality_compute_new,B8_new,never_fit_on_target,1406,700,50,0.95,2.0439,2.15278803152
quality_compute_new,B8_new,never_fit_on_target,1407,700,50,1,2.071,2.14294382732
quality_compute_new,B8_new,never_fit_on_target,1408,700,100,0.05,0.5,2.23982004746
quality_compute_new,B8_new,never_fit_on_target,1409,700,100,0.1,0.5,2.23093288384
quality_compute_new,B8_new,never_fit_on_target,1410,700,100,0.2,0.5,2.21314762656
quality_compute_new,B8_new,never_fit_on_target,1411,700,100,0.3,0.5,2.19534624424
quality_compute_new,B8_new,never_fit_on_target,1412,700,100,0.4,0.5,2.17752640044
quality_compute_new,B8_new,never_fit_on_target,1413,700,100,0.5,0.7348,2.15968496704
quality_compute_new,B8_new,never_fit_on_target,1414,700,100,0.6,0.9905,2.14181753728
quality_compute_new,B8_new,never_fit_on_target,1415,700,100,0.7,1.2988,2.12391743179
quality_compute_new,B8_new,never_fit_on_target,1416,700,100,0.8,1.5329,2.10597328759
quality_compute_new,B8_new,never_fit_on_target,1417,700,100,0.9,1.7971,2.08796111
quality_compute_new,B8_new,never_fit_on_target,1418,700,100,0.95,1.9362,2.07890976858
quality_compute_new,B8_new,never_fit_on_target,1419,700,100,1,2.0708,2.06976700783
quality_compute_new,B8_new,never_fit_on_target,1420,700,150,0.05,0.5,2.19595566096
quality_compute_new,B8_new,never_fit_on_target,1421,700,150,0.1,0.5,2.18744459466
quality_compute_new,B8_new,never_fit_on_target,1422,700,150,0.2,0.5,2.17041199457
quality_compute_new,B8_new,never_fit_on_target,1423,700,150,0.3,0.5,2.15336395183
quality_compute_new,B8_new,never_fit_on_target,1424,700,150,0.4,0.5,2.1362982289
quality_compute_new,B8_new,never_fit_on_target,1425,700,150,0.5,0.7523,2.11921183002
quality_compute_new,B8_new,never_fit_on_target,1426,700,150,0.6,0.9957,2.10210053491
quality_compute_new,B8_new,never_fit_on_target,1427,700,150,0.7,1.2155,2.08495794688
quality_compute_new,B8_new,never_fit_on_target,1428,700,150,0.8,1.4766,2.06777318384
quality_compute_new,B8_new,never_fit_on_target,1429,700,150,0.9,1.7601,2.05052326651
quality_compute_new,B8_new,never_fit_on_target,1430,700,150,0.95,1.8874,2.04185497028
quality_compute_new,B8_new,never_fit_on_target,1431,700,150,1,2.0154,2.0330991235
quality_compute_new,B8_new,never_fit_on_target,1432,700,300,0.05,0.5,2.13054453692
quality_compute_new,B8_new,never_fit_on_target,1433,700,300,0.1,0.5,2.12263992205
quality_compute_new,B8_new,never_fit_on_target,1434,700,300,0.2,0.5,2.10682097066
quality_compute_new,B8_new,never_fit_on_target,1435,700,300,0.3,0.5,2.09098767699
quality_compute_new,B8_new,never_fit_on_target,1436,700,300,0.4,0.5,2.07513796291
quality_compute_new,B8_new,never_fit_on_target,1437,700,300,0.5,0.7304,2.05926904614
quality_compute_new,B8_new,never_fit_on_target,1438,700,300,0.6,0.9707,2.04337700711
quality_compute_new,B8_new,never_fit_on_target,1439,700,300,0.7,1.208,2.02745590492
quality_compute_new,B8_new,never_fit_on_target,1440,700,300,0.8,1.4829,2.01149563288
quality_compute_new,B8_new,never_fit_on_target,1441,700,300,0.9,1.7289,1.99547484908
quality_compute_new,B8_new,never_fit_on_target,1442,700,300,0.95,1.8991,1.98742420761
quality_compute_new,B8_new,never_fit_on_target,1443,700,300,1,2.0155,1.97929225395
quality_compute_new,B8_new,never_fit_on_target,1444,700,500,0.05,0.5,2.08904386955
quality_compute_new,B8_new,never_fit_on_target,1445,700,500,0.1,0.5,2.08155835397
quality_compute_new,B8_new,never_fit_on_target,1446,700,500,0.2,0.5,2.06657811662
quality_compute_new,B8_new,never_fit_on_target,1447,700,500,0.3,0.5,2.0515842974
quality_compute_new,B8_new,never_fit_on_target,1448,700,500,0.4,0.5,2.03657492839
quality_compute_new,B8_new,never_fit_on_target,1449,700,500,0.5,0.6974,2.02154737479
quality_compute_new,B8_new,never_fit_on_target,1450,700,500,0.6,0.9578,2.00649792488
quality_compute_new,B8_new,never_fit_on_target,1451,700,500,0.7,1.2213,1.99142095271
quality_compute_new,B8_new,never_fit_on_target,1452,700,500,0.8,1.432,1.97630688746
quality_compute_new,B8_new,never_fit_on_target,1453,700,500,0.9,1.6736,1.96113551876
quality_compute_new,B8_new,never_fit_on_target,1454,700,500,0.95,1.8314,1.95351171886
quality_compute_new,B8_new,never_fit_on_target,1455,700,500,1,1.9675,1.9458109179
quality_compute_new,B8_new,never_fit_on_target,1456,700,1000,0.05,0.5,2.04042336392
quality_compute_new,B8_new,never_fit_on_target,1457,700,1000,0.1,0.5,2.03347122471
quality_compute_new,B8_new,never_fit_on_target,1458,700,1000,0.2,0.5,2.01955839607
quality_compute_new,B8_new,never_fit_on_target,1459,700,1000,0.3,0.5,2.00563295333
quality_compute_new,B8_new,never_fit_on_target,1460,700,1000,0.4,0.5,1.99169306878
quality_compute_new,B8_new,never_fit_on_target,1461,700,1000,0.5,0.7003,1.97773629539
quality_compute_new,B8_new,never_fit_on_target,1462,700,1000,0.6,0.9207,1.96375918589
quality_compute_new,B8_new,never_fit_on_target,1463,700,1000,0.7,1.1975,1.94975651522
quality_compute_new,B8_new,never_fit_on_target,1464,700,1000,0.8,1.4235,1.93571939451
quality_compute_new,B8_new,never_fit_on_target,1465,700,1000,0.9,1.6964,1.92162905348
quality_compute_new,B8_new,never_fit_on_target,1466,700,1000,0.95,1.818,1.91454848332
quality_compute_new,B8_new,never_fit_on_target,1467,700,1000,1,1.882,1.90739639877
quality_compute_new,B8_new,never_fit_on_target,1468,700,2000,0.05,0.5,1.99930407387
quality_compute_new,B8_new,never_fit_on_target,1469,700,2000,0.1,0.5,1.99284730557
quality_compute_new,B8_new,never_fit_on_target,1470,700,2000,0.2,0.5,1.97992582801
quality_compute_new,B8_new,never_fit_on_target,1471,700,2000,0.3,0.5,1.96699263516
quality_compute_new,B8_new,never_fit_on_target,1472,700,2000,0.4,0.5,1.95404602955
quality_compute_new,B8_new,never_fit_on_target,1473,700,2000,0.5,0.6792,1.9410837385
quality_compute_new,B8_new,never_fit_on_target,1474,700,2000,0.6,0.8872,1.92810256037
quality_compute_new,B8_new,never_fit_on_target,1475,700,2000,0.7,1.1635,1.91509764243
quality_compute_new,B8_new,never_fit_on_target,1476,700,2000,0.8,1.3899,1.90206072916
quality_compute_new,B8_new,never_fit_on_target,1477,700,2000,0.9,1.6863,1.88897438776
quality_compute_new,B8_new,never_fit_on_target,1478,700,2000,0.95,1.7351,1.88239833979
quality_compute_new,B8_new,never_fit_on_target,1479,700,2000,1,1.8865,1.87575587316
