dataset,index,model,actual_mean_loss,predicted_mean_loss,mixture_mse
train_nested_oof,1,v2,5.904635429382324,5.567702760363848,0.18063673025110277
train_nested_oof,2,v2,5.133344430189866,5.545335357375553,0.2162468913912903
train_nested_oof,3,v2,5.542253035765428,5.634676797152005,0.030883424723243638
train_nested_oof,4,v2,5.290134576650766,5.110578940517407,0.05728041272304029
train_nested_oof,5,v2,4.9657532618596,4.875738909426565,0.02872542226123067
train_nested_oof,6,v2,5.358781594496507,5.126290962841441,0.08245297224314135
train_nested_oof,7,v2,5.058426526876596,5.6844368407917845,0.5145958160171437
train_nested_oof,8,v2,5.898907331319956,5.9544660939157215,0.017844133959051486
train_nested_oof,9,v2,6.21538573044997,5.709948223807732,0.30507061697016113
train_nested_oof,10,v2,5.393702800457294,5.371131086534547,0.008248358652979132
train_nested_oof,11,v2,6.063049664864173,5.557612588586723,0.4033786882219719
train_nested_oof,12,v2,5.737708825331468,5.297242599220953,0.2853316218602827
train_nested_oof,13,v2,5.631498850308931,5.764126258697605,0.044487430631448256
train_nested_oof,14,v2,4.817876852475679,5.000264047464504,0.042355607215851264
train_nested_oof,15,v2,4.961122586176946,5.257325888669374,0.11203186914818097
train_nested_oof,16,v2,4.79795071711907,4.8578193392910665,0.06855488509610055
train_nested_oof,17,v2,5.027804338015043,5.217147421250159,0.06753145340575861
train_nested_oof,18,v2,4.846522661355825,5.013472606885731,0.05720162297433962
train_nested_oof,19,v2,4.862268686294556,5.462883079800477,0.46269833691538725
train_nested_oof,20,v2,5.18797335257897,5.404896273559425,0.07788787349271778
train_nested_oof,21,v2,5.312407071773823,5.314329289095885,0.08742302226386417
train_nested_oof,22,v2,5.267660049291758,5.4569090494646275,0.11316072203612716
train_nested_oof,23,v2,5.236186431004451,5.163133053508755,0.040036414885017184
train_nested_oof,24,v2,6.004401573768029,5.8054572593215195,0.13481132388670342
train_nested_oof,25,v2,5.220030491168682,5.289638913943615,0.009626000655323017
train_nested_oof,26,v2,5.404111513724694,5.337047685485694,0.02293953230374258
train_nested_oof,27,v2,4.946193236571092,5.397132235627913,0.285214522631763
train_nested_oof,28,v2,5.129373101087717,5.0994047479996905,0.016815601227018886
train_nested_oof,29,v2,6.132923419658955,5.344441651177936,1.0020699682802587
train_nested_oof,30,v2,5.525556601010836,5.39473875097042,0.06284459729608037
train_nested_oof,31,v2,5.268221598405105,5.111133458486432,0.05785019681470269
train_nested_oof,32,v2,6.351518722680899,5.853015084050766,0.38052015865286487
train_nested_oof,33,v2,5.77667471078726,5.639000456421568,0.03349236263216953
train_nested_oof,34,v2,5.556892028221717,5.579546476972802,0.037297463499654154
train_nested_oof,35,v2,5.203048513485835,5.102374395925858,0.01876426096668243
train_nested_oof,36,v2,5.13854692532466,5.0766156425798385,0.021187124771196535
train_nested_oof,37,v2,4.969163656234741,4.896514165494306,0.028540071787098505
train_nested_oof,38,v2,5.545954630925105,5.579633493648485,0.038255205546778165
train_nested_oof,39,v2,4.993031996947068,4.95503300871056,0.011721020793537354
train_nested_oof,40,v2,5.374926933875451,5.329262495079934,0.022833072974370126
train_nested_oof,41,v2,5.1798697618337775,5.342750511667722,0.058144315782655845
train_nested_oof,42,v2,5.084016616527851,5.062979179083007,0.0063926839583021144
train_nested_oof,43,v2,5.076522203592154,5.390908664671428,0.15247487680131586
train_nested_oof,44,v2,5.084354584033672,5.127660370457756,0.017547988160720115
train_nested_oof,45,v2,5.588743741695698,5.491634342886092,0.04608787827719345
train_nested_oof,46,v2,4.864920946267935,4.7610341259076865,0.025209617424537176
train_nested_oof,47,v2,5.89624966107882,5.0467874242079915,1.2326188412443684
train_nested_oof,48,v2,5.411233351780818,5.5736086767724675,0.04195504032232523
train_nested_oof,49,v2,5.7741538011110745,5.737365651002364,0.012878798471227661
train_nested_oof,50,v2,5.143856727159941,5.616004621040255,0.2767236828571552
train_nested_oof,51,v2,5.70809296461252,5.7303184722235905,0.020790485191713694
train_nested_oof,52,v2,5.145880625798152,5.265363811661343,0.06371647022882768
train_nested_oof,53,v2,5.5614226047809305,5.6063152257408655,0.0748372054098098
train_nested_oof,54,v2,5.299323155329778,5.321027376169146,0.03255236667833572
train_nested_oof,55,v2,5.317342171302209,5.65948801683639,0.14383801425423856
train_nested_oof,56,v2,4.808996420640212,5.016746209119839,0.08072272273610007
train_nested_oof,57,v2,5.887269716996413,5.547950368986582,0.17341993371336709
train_nested_oof,58,v2,5.4202854083134575,5.5593739047744615,0.04440310436680564
train_nested_oof,59,v2,5.7707441953512335,5.668910016298317,0.03469103720560425
train_nested_oof,60,v2,5.324331246889555,5.256319958214167,0.01947357871767824
train_nested_oof,61,v2,5.112476293857281,5.156190149465697,0.014509663394181202
train_nested_oof,62,v2,4.98912211564871,5.284802725003311,0.15938746576714355
train_nested_oof,63,v2,5.187093367943397,5.374378610350542,0.04611893554289789
train_nested_oof,64,v2,5.2748544949751635,5.246840850689011,0.021296540688022482
train_nested_oof,65,v2,5.458681143247164,5.485225551350207,0.004103566763750941
train_nested_oof,66,v2,5.32672276863685,5.503098169329856,0.046054208785530945
train_nested_oof,67,v2,5.0674561720628,5.23905627752319,0.07053982688333374
train_nested_oof,68,v2,5.173592264835651,5.158529523198467,0.02116484151149905
train_nested_oof,69,v2,5.631533072544978,5.459123568948432,0.1072378432424639
train_nested_oof,70,v2,6.022816988138052,5.635043358768002,0.20672762424297986
train_nested_oof,71,v2,5.365188855391282,5.313490624013549,0.015627203149743606
train_nested_oof,72,v2,4.787480858656076,4.740632222783092,0.03484913240351072
train_nested_oof,73,v2,5.179639073518606,5.215749193840504,0.011053827201652612
train_nested_oof,74,v2,5.226524077928984,5.214623419054618,0.001961546675736413
train_nested_oof,75,v2,4.9586097827324505,5.351982639392067,0.23933283158016755
train_nested_oof,76,v2,5.651923748163076,5.522680304269626,0.0817058637004105
train_nested_oof,77,v2,5.3520875710707445,5.641061676757867,0.128794492638712
train_nested_oof,78,v2,5.554785545055683,5.739648053788082,0.08444584594877456
train_nested_oof,79,v2,5.4707560906043415,5.33472065720144,0.052172992054840175
train_nested_oof,80,v2,5.09033621274508,5.541466841471827,0.24660029007744486
train_nested_oof,81,v2,5.297927673046406,5.41027031704777,0.04938976189947925
train_nested_oof,82,v2,5.424900385049673,5.328320182045385,0.0773972721902998
train_nested_oof,83,v2,5.750808275662935,5.243451892928694,0.30856972118583703
train_nested_oof,84,v2,4.950157734063955,4.827615204818331,0.09644276098915718
train_nested_oof,85,v2,5.716571239324717,5.544977537548528,0.14449306621399285
train_nested_oof,86,v2,5.235661506652832,5.300872093590173,0.06474399488741722
train_nested_oof,87,v2,5.10342132128202,5.480140879714636,0.17352268580771554
train_nested_oof,88,v2,5.470787085019625,5.530269916649344,0.028442321751730285
train_nested_oof,89,v2,4.961350642717802,5.19184381772257,0.1018245107960817
train_nested_oof,90,v2,5.33156681060791,5.104100893060759,0.06253867929648663
train_nested_oof,91,v2,5.31988525390625,5.300312132599554,0.023969192187930477
train_nested_oof,92,v2,5.012554086171663,5.184773444172573,0.06537601787997836
train_nested_oof,93,v2,5.421647585355318,5.436086029177174,0.005597046958776227
train_nested_oof,94,v2,5.098412843850943,5.065581160067176,0.024809259029175825
train_nested_oof,95,v2,5.005955879504864,5.399890710458785,0.19949178884027738
train_nested_oof,96,v2,5.560164378239558,5.378170533885636,0.05415947572741398
train_nested_oof,97,v2,5.086579616253193,4.849726318761318,0.07654742676003651
train_nested_oof,98,v2,4.968219261903029,4.996753984516085,0.004259070866586951
train_nested_oof,99,v2,5.034334586216853,5.429106685642561,0.2884681447154875
train_nested_oof,100,v2,5.14715836598323,5.5825940360540836,0.3670201738868305
train_nested_oof,101,v2,5.508998687450703,5.495406808902356,0.03500677095463651
train_nested_oof,102,v2,5.058160011584942,5.161189413509595,0.017163825334307617
train_nested_oof,103,v2,5.707575486256526,5.493418906271385,0.11845817916676228
train_nested_oof,104,v2,5.525642706797673,5.498487073235903,0.016913055024331106
train_nested_oof,105,v2,5.0328695223881645,5.384142305910464,0.16961635683387963
train_nested_oof,106,v2,5.289851610477154,5.075049650904442,0.06705444072175383
train_nested_oof,107,v2,4.989442605238694,5.451554899631774,0.25891363498230524
train_nested_oof,108,v2,5.295009301258967,5.367312905003997,0.03189653802289978
train_nested_oof,109,v2,5.334094707782452,5.585825707564613,0.11518652300917936
train_nested_oof,110,v2,5.449594552700336,5.49452580984881,0.010485155940753178
train_nested_oof,111,v2,5.312416535157424,5.285043084315347,0.01106756158342919
train_nested_oof,112,v2,5.569669283353365,5.455485410363308,0.041043189648179115
train_nested_oof,113,v2,5.79182611978971,5.392846583686482,0.2253888748468938
train_nested_oof,114,v2,5.115278867574839,5.454275674276801,0.1966147462662839
train_nested_oof,115,v2,5.0793792467850905,5.03141243138395,0.028817553428579126
train_nested_oof,116,v2,5.581812601823073,5.667148715986459,0.03547591659405845
train_nested_oof,117,v2,5.493302418635442,5.541448785137078,0.015750644034900053
train_nested_oof,118,v2,5.253312000861535,5.4952994470223935,0.06553318048567922
train_nested_oof,119,v2,5.23164596924415,5.289983579013635,0.02342798621231619
train_nested_oof,120,v2,5.474159240722656,5.389151938994445,0.053397734353930866
train_nested_oof,121,v2,4.878322711357703,5.093116921945886,0.06273804008825214
train_nested_oof,122,v2,5.4010228377122145,5.715327413701413,0.12044569659885537
train_nested_oof,123,v2,5.233468826000507,5.203671112955994,0.014137371776372821
train_nested_oof,124,v2,5.488834692881658,5.355191854585693,0.028853999186240733
train_nested_oof,125,v2,4.976043426073515,5.515211149318824,0.37579933125569237
train_nested_oof,126,v2,5.585982726170466,5.486135086411171,0.034497738246508064
train_nested_oof,127,v2,5.2504966259002686,5.3171095567837945,0.009827822368938708
train_nested_oof,128,v2,5.531904037182148,5.576313465763524,0.0104839996347782
train_nested_oof,129,v2,5.114644875893226,5.4680061782893095,0.1805926565683959
train_nested_oof,130,v2,5.506486379183256,5.592313807720511,0.018173519343318973
train_nested_oof,131,v2,5.957377782234778,5.728450579355036,0.09260947621683872
train_nested_oof,132,v2,5.082580731465266,5.047325039061335,0.02171076298247963
train_nested_oof,133,v2,5.319046313946064,5.532896005820144,0.09944607501233876
train_nested_oof,134,v2,4.923890682367178,5.004458129676795,0.031032434112684325
train_nested_oof,135,v2,4.972090299312885,4.878668311713167,0.0319707257513072
train_nested_oof,136,v2,4.926703443894019,4.985621452782592,0.041061378467842524
train_nested_oof,137,v2,4.777031256602361,4.720807710684145,0.010476015652833662
train_nested_oof,138,v2,5.449319784457867,5.389622973452997,0.008361779872293054
train_nested_oof,139,v2,4.83827004982875,5.235769255390236,0.18281109357169079
train_nested_oof,140,v2,5.102373728385339,5.298368423680879,0.07586156160753256
train_nested_oof,141,v2,5.222839227089515,5.345903678769951,0.05261927973111668
train_nested_oof,142,v2,5.015156672551082,4.989461373088326,0.006750706821110826
train_nested_oof,143,v2,4.806556151463435,4.862056955900447,0.01675293250335979
train_nested_oof,144,v2,4.959281939726609,5.007626446852123,0.03701409142441478
train_nested_oof,145,v2,5.952231370485746,5.696438485457817,0.116275810988473
train_nested_oof,146,v2,5.150994777679443,5.0292474362286015,0.04055672617867433
train_nested_oof,147,v2,5.291426695310152,5.252076039036529,0.01633086032358049
train_nested_oof,148,v2,4.931557105137752,5.43287815919555,0.3189607945709796
train_nested_oof,149,v2,5.27410074380728,5.4621939103478265,0.07177336607799067
train_nested_oof,150,v2,5.937332300039438,5.508769324834234,0.3409419745488948
train_nested_oof,151,v2,5.100791674393874,5.044281270829401,0.009432568544045755
train_nested_oof,152,v2,5.498166927924523,5.048199290988969,0.3648351803665663
train_nested_oof,153,v2,5.385987942035381,5.628150084781672,0.09646050331914902
train_nested_oof,154,v2,5.031752347946167,5.131314740937698,0.022382051397756817
train_nested_oof,155,v2,5.387985853048471,5.396652673432371,0.07380869864817095
train_nested_oof,156,v2,5.079572989390447,5.045100749568629,0.005640647893749999
train_nested_oof,157,v2,5.245475769042969,5.1556414678174,0.01596376298150998
train_nested_oof,158,v2,5.923797717461219,5.410663697837679,0.36002012129960365
train_nested_oof,159,v2,5.11954140663147,5.249621197549435,0.09362204351164599
train_nested_oof,160,v2,5.644763946533203,5.491583707482798,0.04837916947089923
train_nested_oof,161,v2,5.495572090148926,5.319685166137172,0.05401288624389659
train_nested_oof,162,v2,5.367383810190054,5.493955465067128,0.025318088160526702
train_nested_oof,163,v2,5.3949007254380446,5.782476147854043,0.21292383719511287
train_nested_oof,164,v2,5.122750318967379,5.415298629449814,0.1291144269768884
train_nested_oof,165,v2,5.165469132936918,5.370062727020242,0.0843939394861642
train_nested_oof,166,v2,5.544644575852614,5.500883178831068,0.03537590257925344
train_nested_oof,167,v2,5.240923624772292,4.969143069539523,0.1155175141678584
train_nested_oof,168,v2,5.24033796787262,4.963260355870076,0.12492763340048887
train_nested_oof,169,v2,5.386430887075571,5.549115126033484,0.04149407131453989
train_nested_oof,170,v2,4.753428780115568,4.912850547810698,0.057702778042252996
train_nested_oof,171,v2,5.758380779853234,5.199178566981415,0.4186155256330148
train_nested_oof,172,v2,4.881629925507766,4.90957383622918,0.015874212788731863
train_nested_oof,173,v2,5.508442255166861,5.217608490520832,0.21018052679781263
train_nested_oof,174,v2,5.495788207420936,5.542972122982348,0.01680487451172813
train_nested_oof,175,v2,5.148220539093018,5.277288929803911,0.024269628971551747
train_nested_oof,176,v2,5.556494043423579,5.264654808442799,0.0989448147049108
train_nested_oof,177,v2,5.095407596001258,5.235379979339017,0.04767675094939009
train_nested_oof,178,v2,5.937310732327974,5.69208984943849,0.06736979840152613
train_nested_oof,179,v2,4.976028167284452,5.248529436796474,0.10877858408387456
train_nested_oof,180,v2,5.494938593644362,5.486113209724573,0.01952595292015238
train_nested_oof,181,v2,5.141839816020085,5.239015184527184,0.020142306467588886
train_nested_oof,182,v2,5.295228261214036,5.588910610535077,0.0991198484562133
train_nested_oof,183,v2,5.253902343603281,5.440109011751392,0.05097237621400335
train_nested_oof,184,v2,5.191439298483042,5.250359499895018,0.017354680140183886
train_nested_oof,185,v2,5.2902715022747335,5.324867533093303,0.0252470440331743
train_nested_oof,186,v2,4.878201521359957,5.048915280486259,0.036111921324687435
train_nested_oof,187,v2,5.423074575570913,5.427817091687199,0.012657993083990913
train_nested_oof,188,v2,5.185021583850567,5.712682534905843,0.3457190331379266
train_nested_oof,189,v2,5.652520766625037,5.3546167012610075,0.11351749729087525
train_nested_oof,190,v2,5.019367126318125,5.2158625135438115,0.05828857018746095
train_nested_oof,191,v2,5.316304060129019,5.360733773727302,0.14425479778188333
train_nested_oof,192,v2,5.892361090733455,5.803341584955431,0.08208836765963475
train_nested_oof,193,v2,5.536613170917217,5.599404060117346,0.027519115790358505
train_nested_oof,194,v2,5.429344837482159,5.522428409893374,0.010821552582865733
train_nested_oof,195,v2,4.924977174172034,5.248507343285804,0.15749698062164263
train_nested_oof,196,v2,4.989451243327214,5.161825039523749,0.041448660590340955
train_nested_oof,197,v2,4.980419287314782,5.049994995504303,0.00998847763029066
train_nested_oof,198,v2,5.206969554607685,5.265532452189285,0.015092203775466504
train_nested_oof,199,v2,5.577325490804819,5.62329985559589,0.014127473494985991
train_nested_oof,200,v2,4.981486100416917,5.33476862559825,0.15195023077336633
train_nested_oof,201,v2,5.27765663770529,5.125848467215405,0.06681566704476463
train_nested_oof,202,v2,5.150389304527869,5.099523531046827,0.007581595244729624
train_nested_oof,203,v2,5.623192493732159,5.345381635165362,0.15555699810712273
train_nested_oof,204,v2,4.941437867971567,5.368493016389499,0.25352344547624595
train_nested_oof,205,v2,5.35276198387146,5.366067532487681,0.037816582215523184
train_nested_oof,206,v2,5.266261522586529,5.446040353203338,0.11538074452471808
train_nested_oof,207,v2,5.7279043931227465,5.67552701841115,0.03541813678366294
train_nested_oof,208,v2,5.5625254190885105,5.392275765476072,0.03856710347680022
train_nested_oof,209,v2,5.313656513507549,5.117464296284307,0.06239436374651152
train_nested_oof,210,v2,5.629430532455444,5.699165177844433,0.03485122833038728
train_nested_oof,211,v2,4.933682166613066,5.077747947947021,0.04194258160932743
train_nested_oof,212,v2,5.075303829633272,5.0795568426637185,0.05333841110463854
train_nested_oof,213,v2,5.264764015491192,5.238545319540128,0.025633668739657136
train_nested_oof,214,v2,4.916725580508892,4.905002660229151,0.004555373807478901
train_nested_oof,215,v2,5.386073754383967,5.506779567996872,0.021148290709790133
train_nested_oof,216,v2,5.281318224393404,5.416911628465613,0.05186962346618017
train_nested_oof,217,v2,5.939222537554228,5.4783992271495,0.3034900565110984
train_nested_oof,218,v2,5.080042637311495,5.299862160173036,0.08621091909487381
train_nested_oof,219,v2,5.515955741588886,5.394927544400634,0.029933709955211853
train_nested_oof,220,v2,5.317405902422392,5.38007982165553,0.008931019771893468
train_nested_oof,221,v2,5.251096872182993,5.276690444218468,0.012817019764105994
train_nested_oof,222,v2,6.054345736136804,5.849060273858819,0.10124654904891575
train_nested_oof,223,v2,5.7078226162837105,5.621090070914061,0.049622216845463196
train_nested_oof,224,v2,5.286468689258282,5.120508812579218,0.08016929057819963
train_nested_oof,225,v2,5.014853074000432,5.1100837959658785,0.041751885889973285
train_nested_oof,226,v2,5.161886325249305,5.313133599709653,0.03918306152330469
train_nested_oof,227,v2,4.919211167555589,5.164923302539696,0.09898213298627893
train_nested_oof,228,v2,5.416094890007606,5.01704607237177,0.22601301128415813
train_nested_oof,229,v2,5.332706378056453,5.2042874583530585,0.06571393408606943
train_nested_oof,230,v2,5.555266838807326,5.622872819421468,0.04334753018041648
train_nested_oof,231,v2,5.509172256176289,5.2471810438980375,0.14646025538092758
train_nested_oof,232,v2,5.255817715938274,5.301986695093872,0.01775744296493389
train_nested_oof,233,v2,5.338685842660757,5.494407583338544,0.05087044226691052
train_nested_oof,234,v2,5.009716492432815,5.05238433325961,0.012703761054833725
train_nested_oof,235,v2,5.199401617050171,5.280645456478454,0.02021526142424012
train_nested_oof,236,v2,5.195423227090102,4.959678820885121,0.09375903895188754
train_nested_oof,237,v2,5.799081563949585,5.51228991534598,0.09942425136051489
train_nested_oof,238,v2,5.919422388076782,5.896393770556192,0.03654692855480626
train_nested_oof,239,v2,5.059099765924307,4.947863586166786,0.020329601444478738
train_nested_oof,240,v2,5.506106009850135,5.702702117340734,0.054561176606613256
train_nested_oof,241,v2,5.525696662756113,5.243005509502124,0.13191101774729883
train_nested_oof,242,v2,5.40106816475208,5.463712703879798,0.05228607707643497
train_nested_oof,243,v2,5.341662150162917,5.2864046544448176,0.08834663876288026
train_nested_oof,244,v2,4.994082230788011,5.017842612284875,0.01906614939195272
train_nested_oof,245,v2,5.183573704499465,5.266329819894235,0.01836826664139892
train_nested_oof,246,v2,5.13984856238732,5.1530159250711725,0.024050405392035144
train_nested_oof,247,v2,5.323499386127178,5.690358476835893,0.17311858080595272
train_nested_oof,248,v2,5.34416048343365,5.428081803110657,0.07988658452952603
train_nested_oof,249,v2,5.37323548243596,5.187347024233982,0.09158200229214943
train_nested_oof,250,v2,5.615814529932463,5.506307095029413,0.03221031652440698
train_nested_oof,251,v2,5.4239313785846415,5.439562438546577,0.012224175805120176
train_nested_oof,252,v2,5.004812167241023,5.312805792983706,0.1350610872280584
train_nested_oof,253,v2,5.4878202218275804,5.623571776591705,0.047009646850301685
train_nested_oof,254,v2,5.389522057313186,5.4230317638286,0.039107052936969845
train_nested_oof,255,v2,5.556340786126944,5.501181347540141,0.023172721131245577
train_nested_oof,256,v2,5.307339998391958,5.041379034912032,0.17841691168743848
train_nested_oof,257,v2,5.03038554925185,5.603328668274798,0.42060166900446183
train_nested_oof,258,v2,5.418178778428298,5.2923499851003015,0.0691824427492418
train_nested_oof,259,v2,5.371851370884822,5.28022372987901,0.04274940520209146
train_nested_oof,260,v2,5.7834014525780315,5.567443402647565,0.08078275206230537
train_nested_oof,261,v2,5.06170626787039,5.027619202856329,0.025042749903433595
train_nested_oof,262,v2,5.518408151773306,5.497976470561531,0.013374524590520326
train_nested_oof,263,v2,5.314384533808782,5.167031695743078,0.05135722512193302
train_nested_oof,264,v2,5.524590308849628,5.69332958947756,0.0508020263783399
train_nested_oof,265,v2,5.651582589516273,5.504375925523646,0.03251399799628483
train_nested_oof,266,v2,5.377012876363901,5.423651428403543,0.022127273748422886
train_nested_oof,267,v2,5.555308268620418,5.661284471374634,0.018196347328357874
train_nested_oof,268,v2,5.118859511155349,5.317189366258954,0.050399664918826116
train_nested_oof,269,v2,5.7348542763636665,5.201475207651866,0.49247568368400607
train_nested_oof,270,v2,4.772263802014864,4.840002077288776,0.025457946197289662
train_nested_oof,271,v2,5.168233174544114,5.125601443411101,0.007441499396944532
train_nested_oof,272,v2,5.113263203547551,5.360115471507039,0.12218974044657477
train_nested_oof,273,v2,5.372246265411377,5.1840756783848585,0.06201008302340143
train_nested_oof,274,v2,5.4840655877039985,5.331326791195016,0.0902723565270637
train_nested_oof,275,v2,5.481735412891094,5.415577726079472,0.04412655842540968
train_nested_oof,276,v2,5.6565719567812405,5.40304745664527,0.0847479008280363
train_nested_oof,277,v2,5.6439738273620605,5.509603287161834,0.0601059199046179
train_nested_oof,278,v2,5.830113245890691,5.546237468742472,0.12526445057946536
train_nested_oof,279,v2,5.660053179814265,5.940694228677392,0.13190967561167935
train_nested_oof,280,v2,5.6408299299386835,5.5772800181146716,0.07587795020113976
train_nested_oof,281,v2,5.064841105387761,5.02263089053227,0.02691689025322846
train_nested_oof,282,v2,5.228692348186787,5.181744751898197,0.04385414989996462
train_nested_oof,283,v2,5.9031042869274435,5.317154750079721,0.515575489889871
train_nested_oof,284,v2,5.360134968390832,5.756747685456094,0.22125505284756297
train_nested_oof,285,v2,5.571967161618746,5.281058149884796,0.21744683102806162
train_nested_oof,286,v2,5.467186029140766,5.497735054387528,0.04228947660958152
train_nested_oof,287,v2,5.316890203035795,5.284750128003187,0.056455152584908214
train_nested_oof,288,v2,5.25947904586792,5.598352856617732,0.1901749579305253
train_nested_oof,289,v2,5.4515665127680855,5.506643640643192,0.02464863355127144
train_nested_oof,290,v2,5.292156980587886,5.606972788565134,0.14040457996187156
train_nested_oof,291,v2,5.612547966150137,5.253590645982085,0.20631383408544435
train_nested_oof,292,v2,6.091124222828792,5.503657896513262,0.49090666575192804
train_nested_oof,293,v2,5.161940959783701,5.392211934622896,0.09263798844313363
train_nested_oof,294,v2,6.396356949439416,5.695139466073462,0.6978022901493018
train_nested_oof,295,v2,5.254497766494751,5.063367255346559,0.08536248917411932
train_nested_oof,296,v2,5.7086256467379055,5.5943423879388785,0.07689911971420135
train_nested_oof,297,v2,5.428704261779785,5.236024910175848,0.13682057716420729
train_nested_oof,298,v2,5.2843863138785725,5.1936166036336004,0.03089870668545358
train_nested_oof,299,v2,5.40080110843365,5.1742996095242315,0.11245106117816658
train_nested_oof,300,v2,6.15841504243704,5.602229903596369,0.4024170829217396
train_nested_oof,301,v2,5.000038953927847,4.872796440495568,0.021509116840987903
train_nested_oof,302,v2,5.348329067230225,5.409190815118681,0.011157433348761119
train_nested_oof,303,v2,5.872115960487952,5.825783053274137,0.07101915490215324
train_nested_oof,304,v2,5.591289556943453,5.55357084578261,0.014052213181791427
train_nested_oof,305,v2,6.041809155390813,5.782818120624745,0.15680407756399245
train_nested_oof,306,v2,5.382696005014273,5.39431739118201,0.018303371995868196
train_nested_oof,307,v2,5.53076459811284,5.56363676604773,0.03799337640374474
train_nested_oof,308,v2,4.991022513462947,4.991892579789142,0.06048361782324751
train_nested_oof,309,v2,5.542721051436204,5.557034724317896,0.019832180119355596
train_nested_oof,310,v2,5.260374949528621,5.401855995656185,0.12289590944424528
train_nested_oof,311,v2,4.919286214388334,5.2035724392904825,0.1307496384253296
train_nested_oof,312,v2,5.421507065112774,5.510654391902653,0.039010116569825844
train_nested_oof,313,v2,5.611201561414278,5.54954090018135,0.029151375098252084
train_nested_oof,314,v2,5.246305025540865,5.002201683704679,0.06892748560758476
train_nested_oof,315,v2,5.568589925765991,5.625366388253162,0.12047309917933677
train_nested_oof,316,v2,5.172437704526461,5.438876713623343,0.11159476221774217
train_nested_oof,317,v2,5.737836654369648,5.695512270706032,0.014609418147660872
train_nested_oof,318,v2,5.92633593082428,5.499078924760339,0.28550662547967653
train_nested_oof,319,v2,5.4916139382582445,5.244163537606511,0.09182521777397125
train_nested_oof,320,v2,5.526452798109788,5.504126327435009,0.07059738355266641
train_nested_oof,321,v2,5.502916281039898,5.386360300297261,0.036363227055504224
train_nested_oof,322,v2,5.884679794311523,5.620893805330179,0.1129329615757238
train_nested_oof,323,v2,4.9917039687816915,4.698710888493708,0.13946500952283336
train_nested_oof,324,v2,5.27025844500615,5.263057665164907,0.008691527970829218
train_nested_oof,325,v2,5.309898376464844,5.20346297448257,0.05570815878248881
train_nested_oof,326,v2,5.264256734114427,5.147888498837916,0.04138771883680896
train_nested_oof,327,v2,5.226937073927659,5.414515052315547,0.17371733207740564
train_nested_oof,328,v2,6.758002519607544,5.527542576827195,2.089518329697677
train_nested_oof,329,v2,5.574751523824839,5.447628627037707,0.06140321836692616
train_nested_oof,330,v2,5.108058525965764,5.185505934653564,0.02468625512959044
train_nested_oof,331,v2,5.055047603753897,5.145954822653545,0.01898839357847033
train_nested_oof,332,v2,5.271875674907978,5.211144170122188,0.042198350354853614
train_nested_oof,333,v2,5.157759996560904,5.103828841008845,0.0073379981587400715
train_nested_oof,334,v2,5.233025404123159,5.28406183910649,0.007144011902810712
train_nested_oof,335,v2,5.669360142487746,5.394982734008999,0.1689416610353505
train_nested_oof,336,v2,5.511850173656757,5.509039745387192,0.025774738379149714
train_nested_oof,337,v2,5.4885938717768745,5.299873793349756,0.10651278635394185
train_nested_oof,338,v2,5.3023834595313435,5.2298268790898765,0.01476937918488739
train_nested_oof,339,v2,5.181351038125845,4.983533211322873,0.04825483862176175
train_nested_oof,340,v2,4.951281474186824,5.243831611123475,0.11522862256735414
train_nested_oof,341,v2,5.420316439408523,5.582292317614241,0.05602106877663364
train_nested_oof,342,v2,5.323123565086951,5.451293257460948,0.0716592671773157
train_nested_oof,343,v2,5.10161095399123,5.288113859019698,0.05126845688344121
train_nested_oof,344,v2,5.805060203258808,5.829908947139942,0.023364107859499543
train_nested_oof,345,v2,5.447537899017334,5.186924365676329,0.13457093132732542
train_nested_oof,346,v2,4.819319413258479,5.124378465759997,0.1095934758913358
train_nested_oof,347,v2,5.474208795107328,5.339761197218842,0.026051404597816703
train_nested_oof,348,v2,5.513573683225191,5.408822643515719,0.03527329767646864
train_nested_oof,349,v2,4.789364090332618,4.857219706343983,0.020008080318449254
train_nested_oof,350,v2,4.949371282870953,4.863137182144678,0.016822347011522066
train_nested_oof,351,v2,5.155112578318669,5.238845134235539,0.027754902526080982
train_nested_oof,352,v2,6.082065105438232,5.303361877102524,0.9019417564279942
train_nested_oof,353,v2,4.982067768390362,5.208906382462014,0.07061864006454745
train_nested_oof,354,v2,5.095458324138935,5.484253519172238,0.16828700489541243
train_nested_oof,355,v2,5.431123109964224,5.237886644962105,0.06404266813003948
train_nested_oof,356,v2,5.071555045934824,5.098497361656211,0.03866046546572964
train_nested_oof,357,v2,5.1868560039080105,5.106625877848599,0.0488590486871613
train_nested_oof,358,v2,5.22973895072937,5.248234355532839,0.029468172260117727
train_nested_oof,359,v2,5.089330783257117,5.608618340723921,0.38044580471629524
train_nested_oof,360,v2,5.347133031258216,5.452554537158092,0.052716335346117076
train_nested_oof,361,v2,5.629197524144099,5.369153355770241,0.09187421550128681
train_nested_oof,362,v2,5.672273489145132,5.579688557144241,0.045490453205145324
train_nested_oof,363,v2,5.077806289379414,5.419345266846192,0.15447199851300766
train_nested_oof,364,v2,5.59030400789701,5.3249068645297974,0.21520153139302364
train_nested_oof,365,v2,4.976911544799805,5.4585778316503415,0.30992955798389027
train_nested_oof,366,v2,5.484955695959238,5.299518545501922,0.0454289278618128
train_nested_oof,367,v2,4.912813470913814,4.921777851441314,0.020948679558416124
train_nested_oof,368,v2,4.928864295666035,5.233279576931494,0.13545963630403007
train_nested_oof,369,v2,5.482219567665687,5.58633162805155,0.08104271945945457
train_nested_oof,370,v2,5.380783301133376,5.5716978315204475,0.09910854949542908
train_nested_oof,371,v2,5.210643355663006,5.190279538976882,0.009361672054177133
train_nested_oof,372,v2,5.45513941691472,5.5912196745606755,0.06776011807879515
train_nested_oof,373,v2,5.800429747654841,5.5938009078644155,0.08867511983336517
train_nested_oof,374,v2,5.3152457017164965,5.870008272198121,0.3696652228422775
train_nested_oof,375,v2,5.317656076871431,5.248503795138015,0.024183031589854794
train_nested_oof,376,v2,5.38286698781527,5.685598099045322,0.13965972365501755
train_nested_oof,377,v2,5.371554961571326,5.396026978607732,0.013792571369662238
train_nested_oof,378,v2,6.05059737425584,5.5585645080354835,0.2888454706484694
train_nested_oof,379,v2,4.8844727736253,5.258437450664217,0.17289482711270981
train_nested_oof,380,v2,5.615977342312153,5.385045191183165,0.2652337317981722
train_nested_oof,381,v2,5.012710406230046,5.354963471073919,0.15402838504406013
train_nested_oof,382,v2,6.0491665326631985,5.80393622321293,0.17734981321257193
train_nested_oof,383,v2,6.205285732562725,5.2636620138851855,1.0209415591579523
train_nested_oof,384,v2,4.9754770535689135,4.8936290145048735,0.04525526017595263
train_nested_oof,385,v2,5.126936912536621,5.2489155608765055,0.02494553466874068
train_nested_oof,386,v2,6.058488790805523,5.316471695624788,0.6991740578325824
train_nested_oof,387,v2,6.239235474513127,5.515049700022909,0.7866875426309894
train_nested_oof,388,v2,5.574407174037053,5.296361332147769,0.09405909053833067
train_nested_oof,389,v2,5.805640147282527,5.293663134735163,0.31533384492980077
train_nested_oof,390,v2,5.128426423439612,5.483356245437804,0.15184346972036133
train_nested_oof,391,v2,5.583163958329421,5.552526851755502,0.017952942455620048
train_nested_oof,392,v2,5.3277291517991285,5.324766404981184,0.029188500298586297
train_nested_oof,393,v2,4.8987074081714335,5.041842455786837,0.029939897870382266
train_nested_oof,394,v2,5.782568711500901,5.384987055964083,0.22131852754394166
train_nested_oof,395,v2,5.253134094751799,5.203553462134375,0.014670607599407103
train_nested_oof,396,v2,5.5238377681145305,5.494834295349573,0.010997669181523563
train_nested_oof,397,v2,5.1657520440908575,5.414579662255529,0.086616101232914
train_nested_oof,398,v2,5.180898207884568,5.485334188066085,0.19940105333918956
train_nested_oof,399,v2,5.519307631712693,5.815001156574924,0.10878249244052343
train_nested_oof,400,v2,5.013546888644878,5.110262672535796,0.030367200898994008
train_nested_oof,401,v2,4.867796861208403,5.155793196002402,0.11276820990575846
train_nested_oof,402,v2,5.215671227528499,5.344569270077388,0.07280345079548053
train_nested_oof,403,v2,4.9522881141075725,5.322800472014649,0.18058169238551955
train_nested_oof,404,v2,5.017572696392353,5.398913360102475,0.2348121207865447
train_nested_oof,405,v2,5.418186976359441,5.258215967709361,0.05248160594180491
train_nested_oof,406,v2,5.359878778457642,5.379375096692292,0.014350086417153194
train_nested_oof,407,v2,5.137108692756066,5.304629750832817,0.034829231624993955
train_nested_oof,408,v2,5.67198214164147,5.549937855657609,0.020098167182820443
train_nested_oof,409,v2,4.944631301439726,5.149608378222283,0.06293315169018408
train_nested_oof,410,v2,5.49001851448646,4.912676138153184,0.44193552885327725
train_nested_oof,411,v2,5.2178285488715535,5.647773592391641,0.2099228722457419
train_nested_oof,412,v2,5.691750398048987,5.485485361253172,0.07198484525725558
train_nested_oof,413,v2,5.358504588787373,5.307213742278554,0.02267039044312358
train_nested_oof,414,v2,5.09181979069343,5.263726994019742,0.046622608239017045
train_nested_oof,415,v2,5.052486749795767,4.977737131838589,0.0182194345300802
train_nested_oof,416,v2,5.228025381381695,5.522347703280393,0.1477540319634292
train_nested_oof,417,v2,4.965925161655132,4.871072274166087,0.04189730903472423
train_nested_oof,418,v2,5.894948904330914,5.552640669532342,0.1444937989540162
train_nested_oof,419,v2,4.907001770459688,5.016033705341467,0.01989281547174535
train_nested_oof,420,v2,5.029015962894146,5.186416292154542,0.05207597307434419
train_nested_oof,421,v2,5.417145197208111,5.27647931926291,0.05409033557084745
train_nested_oof,422,v2,4.96103495817918,5.4785606761691525,0.3681387533275037
train_nested_oof,423,v2,5.655895123114953,5.435002244644338,0.07690945342044953
train_nested_oof,424,v2,4.899122439897978,5.044251609901721,0.034893306109666816
train_nested_oof,425,v2,4.995036235222449,5.357966455607815,0.1962465954876
train_nested_oof,426,v2,5.170091940806462,5.048224818262137,0.025319191122904
train_nested_oof,427,v2,5.257874892308162,5.358918553051989,0.03916076257584185
train_nested_oof,428,v2,4.988566600359404,5.299293012257061,0.12553685339487627
train_nested_oof,429,v2,6.001700621384841,5.947210402413069,0.03364452943321217
train_nested_oof,430,v2,5.0852461228003865,5.082259134094823,0.013638091517567286
train_nested_oof,431,v2,4.967501548620371,5.111439149987744,0.0317845875437602
train_nested_oof,432,v2,5.407969749890841,4.96523090627287,0.24131066792998784
train_nested_oof,433,v2,5.276859686924861,5.536779447396615,0.08912903815382232
train_nested_oof,434,v2,4.836559809171236,4.862654720436159,0.006113385429606775
train_nested_oof,435,v2,6.334114698263315,5.544455110117885,0.8810219709181316
train_nested_oof,436,v2,5.860291627737192,5.563002200453014,0.1561447166778529
train_nested_oof,437,v2,5.229294428458581,5.33765572038261,0.02767734975285246
train_nested_oof,438,v2,4.912032475838294,5.07682338876099,0.03852026049308957
train_nested_oof,439,v2,5.155846769993122,5.843137476998848,0.6413159011312787
train_nested_oof,440,v2,5.038766714242788,5.15571591248319,0.02744183021114488
train_nested_oof,441,v2,5.302644949692946,5.098173283383543,0.12540753972104882
train_nested_oof,442,v2,4.949524090840266,5.122077639703032,0.045429115213574386
train_nested_oof,443,v2,5.054934795086201,5.035975729748211,0.014625211141739862
train_nested_oof,444,v2,5.759063757382906,5.423292155181841,0.18726963564366356
train_nested_oof,445,v2,4.95904712493603,4.9107157389457585,0.01885223862302151
train_nested_oof,446,v2,5.325273202015803,5.351095267891058,0.04559470058387091
train_nested_oof,447,v2,5.274159523156973,5.379912044490198,0.03434438217643688
train_nested_oof,448,v2,5.06376838684082,5.42158559367851,0.18344864508420006
train_nested_oof,449,v2,5.2479963669410115,5.527198368086797,0.10042534906475577
train_nested_oof,450,v2,5.777711996665368,5.859550704823972,0.02096557974404267
train_nested_oof,451,v2,5.305993015949543,5.297864376917764,0.006100083430696118
train_nested_oof,452,v2,5.576637203876789,5.679302884752961,0.02695657613900293
train_nested_oof,453,v2,5.505244493484497,5.4539719565718485,0.04376248021824122
train_nested_oof,454,v2,5.030335224591768,5.307689929907633,0.12626981770708545
train_nested_oof,455,v2,5.263978536312397,5.105656587469427,0.04423707730718866
train_nested_oof,456,v2,5.485509193860567,5.374918748853111,0.027993350194528428
train_nested_oof,457,v2,5.417599476300753,5.486236876723833,0.024396943163461065
train_nested_oof,458,v2,5.454484902895414,5.523505855546298,0.014198574808224855
train_nested_oof,459,v2,5.288934634282039,5.234765722637478,0.007177817052686426
train_nested_oof,460,v2,5.500341011927678,5.419851880801033,0.022265798428207157
train_nested_oof,461,v2,5.305441599625808,5.657911077746129,0.17578720301621936
train_nested_oof,462,v2,5.101687339635996,5.3192884932109585,0.09232774090735958
train_nested_oof,463,v2,5.435612165010893,5.204527367134135,0.09462804711587315
train_nested_oof,464,v2,5.392031669616699,5.184102099402896,0.05552422130956235
train_nested_oof,465,v2,6.246409948055561,5.729698969895564,0.32020674831730794
train_nested_oof,466,v2,4.991350669127244,5.086687404500491,0.014320266454750041
train_nested_oof,467,v2,5.219642088963435,5.018755500027547,0.06224458023180704
train_nested_oof,468,v2,5.8366319583012505,5.770874692896745,0.027035741885501122
train_nested_oof,469,v2,5.090020106388972,5.078465629509467,0.04000185707468032
train_nested_oof,470,v2,5.082184608166035,5.238452607113037,0.059556357727286284
train_nested_oof,471,v2,5.141508432535025,5.164038158514621,0.0068840807529365194
train_nested_oof,472,v2,5.559896487456101,5.438801968262137,0.10484577379314378
train_nested_oof,473,v2,5.452413852398212,5.441109339728181,0.034972103134615955
train_nested_oof,474,v2,5.464592860295222,5.578983578597525,0.021452857737347737
train_nested_oof,475,v2,5.070542518909161,5.169761136982031,0.01564615558927574
train_nested_oof,476,v2,5.3017718975360575,5.231452211948583,0.013483167287377314
train_nested_oof,477,v2,4.841120279752291,5.033570032891571,0.06632420703205451
train_nested_oof,478,v2,5.035210719475379,4.946425929636224,0.017255717924675205
train_nested_oof,479,v2,4.991526310260479,5.491971308940162,0.3200377277175023
train_nested_oof,480,v2,6.170672178268433,5.372783669545262,0.8134061196244267
train_nested_oof,481,v2,5.745120635399451,5.233098078665425,0.3476652904824211
train_nested_oof,482,v2,5.4759024656735935,5.40074780672613,0.015535351780694326
train_nested_oof,483,v2,5.1057652326730585,5.210859861227442,0.04218901921724172
train_nested_oof,484,v2,5.455598702797523,5.334904751603235,0.08035737012445056
train_nested_oof,485,v2,5.0685954093933105,5.340394692648681,0.10523972700411112
train_nested_oof,486,v2,5.178144821753869,5.241668988245662,0.1380296920124267
train_nested_oof,487,v2,6.174967270631057,5.753434189432969,0.28055977045199837
train_nested_oof,488,v2,5.847340822219849,5.477141068569042,0.2329239592355434
train_nested_oof,489,v2,5.207778472166795,5.706787197072988,0.36235675896045827
train_nested_oof,490,v2,5.490812044877273,5.2675301937378745,0.06131957971682229
train_nested_oof,491,v2,5.529909739127526,5.468947980154882,0.08230184227716066
train_nested_oof,492,v2,5.235699919553904,5.182232333796173,0.037736414362146135
train_nested_oof,493,v2,5.376889632298396,5.660001908190844,0.22908347906505297
train_nested_oof,494,v2,5.393037410882803,5.276160420691506,0.056692049156250285
train_nested_oof,495,v2,4.911649593940148,5.20385065038529,0.1172417256792806
train_nested_oof,496,v2,5.179699375079228,5.034686150871611,0.032399794589620126
train_nested_oof,497,v2,4.952001645014836,5.569393016164663,0.44503959339024945
train_nested_oof,498,v2,5.3830383374140816,5.435114579865976,0.0682727887700218
train_nested_oof,499,v2,5.063532792604887,4.8359030853195755,0.06711309317844948
train_nested_oof,500,v2,5.382334030591524,5.435864621409338,0.012119678709605243
train_nested_oof,501,v2,5.51168416096614,5.736341243136503,0.20061894416714057
train_nested_oof,502,v2,5.310084141217745,4.953724582416386,0.19072146920228586
train_nested_oof,503,v2,5.27580294242272,5.189365521031821,0.048032585391559954
train_nested_oof,504,v2,5.0050808282998895,5.4902795334190335,0.3239842167087121
train_nested_oof,505,v2,5.226062151101919,5.2791213174951315,0.05077928686560243
train_nested_oof,506,v2,5.2189785333780145,5.526174213693716,0.15151697215226032
train_nested_oof,507,v2,4.9429234724778395,4.966595074773962,0.008578800765705366
train_nested_oof,508,v2,5.213699120741624,5.221480962670057,0.005482141751552121
train_nested_oof,509,v2,5.799065553225004,5.5917711402398105,0.10735277842646909
train_nested_oof,510,v2,5.8304275549375095,5.807501814336981,0.011107222844617745
train_nested_oof,511,v2,5.1176449335538425,5.411610958643059,0.09644682696804704
train_nested_oof,512,v2,6.006154610560491,5.4736338635911705,0.3433144475505652
train_nested_oof,1,additive_clr_spline,5.904635429382324,5.866284918359117,0.03659624414745794
train_nested_oof,2,additive_clr_spline,5.133344430189866,5.231344318102325,0.03207469636277271
train_nested_oof,3,additive_clr_spline,5.542253035765428,5.553735082010538,0.013161425401060948
train_nested_oof,4,additive_clr_spline,5.290134576650766,5.201667715588005,0.027450483804809182
train_nested_oof,5,additive_clr_spline,4.9657532618596,4.993202747566513,0.009797667845477141
train_nested_oof,6,additive_clr_spline,5.358781594496507,5.504526767159925,0.04361745402531462
train_nested_oof,7,additive_clr_spline,5.058426526876596,5.14201115425167,0.025812786792270732
train_nested_oof,8,additive_clr_spline,5.898907331319956,5.950614846050621,0.05936977985430563
train_nested_oof,9,additive_clr_spline,6.21538573044997,5.9400199637043665,0.11032595052347385
train_nested_oof,10,additive_clr_spline,5.393702800457294,5.3040534723560455,0.01597528126168213
train_nested_oof,11,additive_clr_spline,6.063049664864173,5.85280991480422,0.13173820288291244
train_nested_oof,12,additive_clr_spline,5.737708825331468,5.679379185878026,0.026642161796001554
train_nested_oof,13,additive_clr_spline,5.631498850308931,5.697854032425216,0.04590338002922457
train_nested_oof,14,additive_clr_spline,4.817876852475679,5.012068645963492,0.12699541657027635
train_nested_oof,15,additive_clr_spline,4.961122586176946,5.038663454820987,0.0160398944087067
train_nested_oof,16,additive_clr_spline,4.79795071711907,4.561006243566985,0.14183427629948236
train_nested_oof,17,additive_clr_spline,5.027804338015043,5.022589893144478,0.010840921384735115
train_nested_oof,18,additive_clr_spline,4.846522661355825,4.874877313283347,0.025655465110193065
train_nested_oof,19,additive_clr_spline,4.862268686294556,4.761086832437328,0.02888420614777522
train_nested_oof,20,additive_clr_spline,5.18797335257897,5.212859285352696,0.018931456517257937
train_nested_oof,21,additive_clr_spline,5.312407071773823,5.347430682866709,0.008744276179325708
train_nested_oof,22,additive_clr_spline,5.267660049291758,5.219130969675054,0.023397667587739528
train_nested_oof,23,additive_clr_spline,5.236186431004451,5.219578533828155,0.03019293352111328
train_nested_oof,24,additive_clr_spline,6.004401573768029,5.911914212245251,0.09677555436364832
train_nested_oof,25,additive_clr_spline,5.220030491168682,5.267402148265801,0.016055768687892845
train_nested_oof,26,additive_clr_spline,5.404111513724694,5.3802650615772825,0.02060980032681944
train_nested_oof,27,additive_clr_spline,4.946193236571092,4.922586801472489,0.022750285212679466
train_nested_oof,28,additive_clr_spline,5.129373101087717,5.147576838026962,0.02523061653977596
train_nested_oof,29,additive_clr_spline,6.132923419658955,5.979855110645058,0.28716247498144715
train_nested_oof,30,additive_clr_spline,5.525556601010836,5.623067958512859,0.08133540019934592
train_nested_oof,31,additive_clr_spline,5.268221598405105,5.326115462286765,0.05874432822316407
train_nested_oof,32,additive_clr_spline,6.351518722680899,5.966525476156491,0.26183687296727975
train_nested_oof,33,additive_clr_spline,5.77667471078726,5.932243923933238,0.039975219692917854
train_nested_oof,34,additive_clr_spline,5.556892028221717,5.486535903071833,0.03183395600684901
train_nested_oof,35,additive_clr_spline,5.203048513485835,5.387403591468338,0.0715757513095332
train_nested_oof,36,additive_clr_spline,5.13854692532466,5.1160530934887545,0.026390377393831616
train_nested_oof,37,additive_clr_spline,4.969163656234741,4.927780443867089,0.015223539598316575
train_nested_oof,38,additive_clr_spline,5.545954630925105,5.514291415455891,0.046742015841195764
train_nested_oof,39,additive_clr_spline,4.993031996947068,5.0927222614828604,0.028710799075096865
train_nested_oof,40,additive_clr_spline,5.374926933875451,5.422572662152522,0.04086223427905126
train_nested_oof,41,additive_clr_spline,5.1798697618337775,5.356885197265827,0.07090858778895479
train_nested_oof,42,additive_clr_spline,5.084016616527851,5.227014107075909,0.031374588010674054
train_nested_oof,43,additive_clr_spline,5.076522203592154,5.018451870681313,0.02526363020081173
train_nested_oof,44,additive_clr_spline,5.084354584033672,5.086984021788785,0.012998462886253849
train_nested_oof,45,additive_clr_spline,5.588743741695698,5.5644418450884485,0.010507431935534975
train_nested_oof,46,additive_clr_spline,4.864920946267935,4.821329747543919,0.08815840477396517
train_nested_oof,47,additive_clr_spline,5.89624966107882,5.413734027609877,0.6753097741516674
train_nested_oof,48,additive_clr_spline,5.411233351780818,5.384675838766983,0.07631118234182216
train_nested_oof,49,additive_clr_spline,5.7741538011110745,5.809421474953696,0.020806839581893073
train_nested_oof,50,additive_clr_spline,5.143856727159941,5.106072466542871,0.023599683657011365
train_nested_oof,51,additive_clr_spline,5.70809296461252,5.811945761077429,0.10125529889809082
train_nested_oof,52,additive_clr_spline,5.145880625798152,5.158318033366941,0.02692743003731453
train_nested_oof,53,additive_clr_spline,5.5614226047809305,5.6100613782412685,0.02300349770723396
train_nested_oof,54,additive_clr_spline,5.299323155329778,5.380105987688016,0.04180635506667225
train_nested_oof,55,additive_clr_spline,5.317342171302209,5.5699323978977455,0.12405310511143477
train_nested_oof,56,additive_clr_spline,4.808996420640212,4.803751952835589,0.02893813825631506
train_nested_oof,57,additive_clr_spline,5.887269716996413,5.830898952850694,0.03463148614338897
train_nested_oof,58,additive_clr_spline,5.4202854083134575,5.489834361570598,0.05030691638733948
train_nested_oof,59,additive_clr_spline,5.7707441953512335,5.754613279390446,0.12540459358273248
train_nested_oof,60,additive_clr_spline,5.324331246889555,5.284185307557428,0.04084224152010447
train_nested_oof,61,additive_clr_spline,5.112476293857281,5.295742435127461,0.06228619468948341
train_nested_oof,62,additive_clr_spline,4.98912211564871,5.059269222287342,0.04975698469770749
train_nested_oof,63,additive_clr_spline,5.187093367943397,5.272204303398878,0.014204231932595261
train_nested_oof,64,additive_clr_spline,5.2748544949751635,5.277353251759139,0.0088983948502611
train_nested_oof,65,additive_clr_spline,5.458681143247164,5.276792899357998,0.053976702235026805
train_nested_oof,66,additive_clr_spline,5.32672276863685,5.3417464227369305,0.019433433632841727
train_nested_oof,67,additive_clr_spline,5.0674561720628,5.091546700491183,0.018557168005424306
train_nested_oof,68,additive_clr_spline,5.173592264835651,5.131170767952332,0.031841803727950375
train_nested_oof,69,additive_clr_spline,5.631533072544978,5.688929203787694,0.030626360855578412
train_nested_oof,70,additive_clr_spline,6.022816988138052,5.889094935800549,0.06646136399212155
train_nested_oof,71,additive_clr_spline,5.365188855391282,5.527740316062823,0.041456184301158744
train_nested_oof,72,additive_clr_spline,4.787480858656076,4.7312421468740435,0.021304228055880135
train_nested_oof,73,additive_clr_spline,5.179639073518606,5.2243956599252055,0.00967036918409375
train_nested_oof,74,additive_clr_spline,5.226524077928984,5.240342982509208,0.053440519127137286
train_nested_oof,75,additive_clr_spline,4.9586097827324505,5.006968170283924,0.010247966835870707
train_nested_oof,76,additive_clr_spline,5.651923748163076,5.789265856446367,0.10565841035620581
train_nested_oof,77,additive_clr_spline,5.3520875710707445,5.369047039142459,0.023808752006587497
train_nested_oof,78,additive_clr_spline,5.554785545055683,5.526896628328469,0.03952441521488133
train_nested_oof,79,additive_clr_spline,5.4707560906043415,5.382757280373619,0.0874818075287996
train_nested_oof,80,additive_clr_spline,5.09033621274508,5.100499763660978,0.028948815518507642
train_nested_oof,81,additive_clr_spline,5.297927673046406,5.479168239864214,0.04951233344440882
train_nested_oof,82,additive_clr_spline,5.424900385049673,5.466490551518045,0.033967752798785236
train_nested_oof,83,additive_clr_spline,5.750808275662935,5.696336581595063,0.039781077265278644
train_nested_oof,84,additive_clr_spline,4.950157734063955,4.915103390933274,0.028885364573591144
train_nested_oof,85,additive_clr_spline,5.716571239324717,5.50149498363058,0.12925039497263918
train_nested_oof,86,additive_clr_spline,5.235661506652832,5.222110252406888,0.037145216479526504
train_nested_oof,87,additive_clr_spline,5.10342132128202,5.089917383982244,0.03169544417942204
train_nested_oof,88,additive_clr_spline,5.470787085019625,5.437620391319064,0.052280151121200394
train_nested_oof,89,additive_clr_spline,4.961350642717802,4.88496700617568,0.024464960982737243
train_nested_oof,90,additive_clr_spline,5.33156681060791,5.134175994707011,0.08449105982361327
train_nested_oof,91,additive_clr_spline,5.31988525390625,5.24101197167262,0.024602563051062523
train_nested_oof,92,additive_clr_spline,5.012554086171663,4.926127609712667,0.03749422645225358
train_nested_oof,93,additive_clr_spline,5.421647585355318,5.569464998029569,0.02795342015151582
train_nested_oof,94,additive_clr_spline,5.098412843850943,5.066443869334582,0.0192626124815992
train_nested_oof,95,additive_clr_spline,5.005955879504864,5.079068707094574,0.07657402983955885
train_nested_oof,96,additive_clr_spline,5.560164378239558,5.656234176441353,0.04325035340955885
train_nested_oof,97,additive_clr_spline,5.086579616253193,5.2122292554955285,0.035040387378148755
train_nested_oof,98,additive_clr_spline,4.968219261903029,4.906663775532132,0.022285655376005235
train_nested_oof,99,additive_clr_spline,5.034334586216853,5.007487542859034,0.010385847155334329
train_nested_oof,100,additive_clr_spline,5.14715836598323,5.133055464893785,0.07400732433234138
train_nested_oof,101,additive_clr_spline,5.508998687450703,5.479079723955452,0.0179860028377172
train_nested_oof,102,additive_clr_spline,5.058160011584942,5.0917190509877575,0.011514296209164507
train_nested_oof,103,additive_clr_spline,5.707575486256526,5.685439181657754,0.09050759042845241
train_nested_oof,104,additive_clr_spline,5.525642706797673,5.49549603617269,0.09105654169153364
train_nested_oof,105,additive_clr_spline,5.0328695223881645,4.6499544941311655,0.19798982518909322
train_nested_oof,106,additive_clr_spline,5.289851610477154,5.3560399423797564,0.01478423378667464
train_nested_oof,107,additive_clr_spline,4.989442605238694,5.128145878645698,0.06691387938819761
train_nested_oof,108,additive_clr_spline,5.295009301258967,5.170805041083288,0.05054696687487635
train_nested_oof,109,additive_clr_spline,5.334094707782452,5.455419467392662,0.05091486639750195
train_nested_oof,110,additive_clr_spline,5.449594552700336,5.658276627446623,0.10025326809606526
train_nested_oof,111,additive_clr_spline,5.312416535157424,5.28508266611269,0.03359597513901358
train_nested_oof,112,additive_clr_spline,5.569669283353365,5.48405242110894,0.02199325390322304
train_nested_oof,113,additive_clr_spline,5.79182611978971,5.686046761049834,0.08457031572088614
train_nested_oof,114,additive_clr_spline,5.115278867574839,5.164252101593393,0.01798576765291688
train_nested_oof,115,additive_clr_spline,5.0793792467850905,5.029055752375475,0.09552731968819489
train_nested_oof,116,additive_clr_spline,5.581812601823073,5.611185317175987,0.010999827556104609
train_nested_oof,117,additive_clr_spline,5.493302418635442,5.589759193397445,0.04036696405242179
train_nested_oof,118,additive_clr_spline,5.253312000861535,5.1076202374033945,0.04931345540462572
train_nested_oof,119,additive_clr_spline,5.23164596924415,5.307677425876516,0.047606129811176894
train_nested_oof,120,additive_clr_spline,5.474159240722656,5.435503370596006,0.011985446095520515
train_nested_oof,121,additive_clr_spline,4.878322711357703,4.9960182753608695,0.02068167123953442
train_nested_oof,122,additive_clr_spline,5.4010228377122145,5.360214520440393,0.01959894382754835
train_nested_oof,123,additive_clr_spline,5.233468826000507,5.023264163875597,0.11667588503941678
train_nested_oof,124,additive_clr_spline,5.488834692881658,5.509871654186105,0.013654988704605703
train_nested_oof,125,additive_clr_spline,4.976043426073515,5.159846537677486,0.11328995895966686
train_nested_oof,126,additive_clr_spline,5.585982726170466,5.484603026170498,0.028027610091477882
train_nested_oof,127,additive_clr_spline,5.2504966259002686,5.371426914556257,0.06791541201411541
train_nested_oof,128,additive_clr_spline,5.531904037182148,5.308214128644895,0.071423325184815
train_nested_oof,129,additive_clr_spline,5.114644875893226,5.081980890318835,0.029599674623411707
train_nested_oof,130,additive_clr_spline,5.506486379183256,5.5350660182193305,0.03162211121811601
train_nested_oof,131,additive_clr_spline,5.957377782234778,6.034182245486747,0.06894713178181844
train_nested_oof,132,additive_clr_spline,5.082580731465266,4.957254172104718,0.045514798911449
train_nested_oof,133,additive_clr_spline,5.319046313946064,5.424107993064268,0.04603323231290776
train_nested_oof,134,additive_clr_spline,4.923890682367178,4.867267067611615,0.010652999081890852
train_nested_oof,135,additive_clr_spline,4.972090299312885,5.086505422647909,0.03692212053139627
train_nested_oof,136,additive_clr_spline,4.926703443894019,4.929388149220647,0.016337910700973287
train_nested_oof,137,additive_clr_spline,4.777031256602361,4.8414868057911615,0.05245872971931402
train_nested_oof,138,additive_clr_spline,5.449319784457867,5.363022606266934,0.0798781745452578
train_nested_oof,139,additive_clr_spline,4.83827004982875,4.765377763360505,0.023340722168849692
train_nested_oof,140,additive_clr_spline,5.102373728385339,5.309039945798143,0.1338837463104713
train_nested_oof,141,additive_clr_spline,5.222839227089515,5.499105660909988,0.1880599193563084
train_nested_oof,142,additive_clr_spline,5.015156672551082,5.262631057941477,0.06417876431969526
train_nested_oof,143,additive_clr_spline,4.806556151463435,4.971387581831357,0.03660673049189874
train_nested_oof,144,additive_clr_spline,4.959281939726609,5.054023121778529,0.034940662950394705
train_nested_oof,145,additive_clr_spline,5.952231370485746,5.923249180379575,0.025979770723406143
train_nested_oof,146,additive_clr_spline,5.150994777679443,5.036472675930036,0.03666019553142737
train_nested_oof,147,additive_clr_spline,5.291426695310152,5.353375639260498,0.028522658877201075
train_nested_oof,148,additive_clr_spline,4.931557105137752,4.802124407393064,0.08183290630455796
train_nested_oof,149,additive_clr_spline,5.27410074380728,5.2097007577953365,0.02994284150794587
train_nested_oof,150,additive_clr_spline,5.937332300039438,5.874000693355343,0.08178852654001473
train_nested_oof,151,additive_clr_spline,5.100791674393874,5.1852849996382115,0.027815121467016646
train_nested_oof,152,additive_clr_spline,5.498166927924523,5.547447787029706,0.18420801720521995
train_nested_oof,153,additive_clr_spline,5.385987942035381,5.202015245367506,0.10397571528699712
train_nested_oof,154,additive_clr_spline,5.031752347946167,4.957374547838421,0.01895684829854774
train_nested_oof,155,additive_clr_spline,5.387985853048471,5.352064056053032,0.04909586676750021
train_nested_oof,156,additive_clr_spline,5.079572989390447,5.1402911238979945,0.023691042422059473
train_nested_oof,157,additive_clr_spline,5.245475769042969,5.226094583530178,0.0074039414437833545
train_nested_oof,158,additive_clr_spline,5.923797717461219,5.954050130545609,0.057342203564550547
train_nested_oof,159,additive_clr_spline,5.11954140663147,5.03954593005855,0.03396119395492032
train_nested_oof,160,additive_clr_spline,5.644763946533203,5.591020506239309,0.012521542784487636
train_nested_oof,161,additive_clr_spline,5.495572090148926,5.51811320173022,0.026883863675258222
train_nested_oof,162,additive_clr_spline,5.367383810190054,5.2706555417528405,0.031108191618592632
train_nested_oof,163,additive_clr_spline,5.3949007254380446,5.452867589520372,0.05952412015897849
train_nested_oof,164,additive_clr_spline,5.122750318967379,5.222922786186372,0.0723744786865417
train_nested_oof,165,additive_clr_spline,5.165469132936918,5.53191369347948,0.2471802407707435
train_nested_oof,166,additive_clr_spline,5.544644575852614,5.518126356564902,0.009508333332451144
train_nested_oof,167,additive_clr_spline,5.240923624772292,5.289930212640651,0.011656777584642782
train_nested_oof,168,additive_clr_spline,5.24033796787262,5.333977562073448,0.07027038152851148
train_nested_oof,169,additive_clr_spline,5.386430887075571,5.349478567373112,0.0749999170289535
train_nested_oof,170,additive_clr_spline,4.753428780115568,4.772838893016223,0.04783373038455804
train_nested_oof,171,additive_clr_spline,5.758380779853234,5.598848723464172,0.13422737949749447
train_nested_oof,172,additive_clr_spline,4.881629925507766,4.784920911548145,0.04200322155928616
train_nested_oof,173,additive_clr_spline,5.508442255166861,5.413631821590015,0.058354425396735236
train_nested_oof,174,additive_clr_spline,5.495788207420936,5.533909214622402,0.015664630580868137
train_nested_oof,175,additive_clr_spline,5.148220539093018,5.276327914029627,0.04801752394973161
train_nested_oof,176,additive_clr_spline,5.556494043423579,5.497519287461769,0.03405145514110175
train_nested_oof,177,additive_clr_spline,5.095407596001258,5.331761072959255,0.07745121400808784
train_nested_oof,178,additive_clr_spline,5.937310732327974,5.886807258520786,0.025593361119473322
train_nested_oof,179,additive_clr_spline,4.976028167284452,5.04230919602502,0.023909123036849413
train_nested_oof,180,additive_clr_spline,5.494938593644362,5.66723679355303,0.10161905380275593
train_nested_oof,181,additive_clr_spline,5.141839816020085,5.07136847995319,0.021015813019860646
train_nested_oof,182,additive_clr_spline,5.295228261214036,5.413253988664338,0.04475239322649076
train_nested_oof,183,additive_clr_spline,5.253902343603281,5.399121984530426,0.05286624023823313
train_nested_oof,184,additive_clr_spline,5.191439298483042,5.206285224137214,0.019215933308963117
train_nested_oof,185,additive_clr_spline,5.2902715022747335,5.341241770155343,0.07194197610821554
train_nested_oof,186,additive_clr_spline,4.878201521359957,4.868441560628993,0.02882525378220807
train_nested_oof,187,additive_clr_spline,5.423074575570913,5.343250923783604,0.03631070904828581
train_nested_oof,188,additive_clr_spline,5.185021583850567,5.282325457458564,0.018187434520822485
train_nested_oof,189,additive_clr_spline,5.652520766625037,5.61280593675462,0.01865680441619738
train_nested_oof,190,additive_clr_spline,5.019367126318125,4.985154540915673,0.03922523393697694
train_nested_oof,191,additive_clr_spline,5.316304060129019,5.394058541439833,0.07167295519370029
train_nested_oof,192,additive_clr_spline,5.892361090733455,5.8013283404314295,0.1332909072408026
train_nested_oof,193,additive_clr_spline,5.536613170917217,5.6832872885333945,0.11138306594812362
train_nested_oof,194,additive_clr_spline,5.429344837482159,5.534791591893763,0.08264080526367658
train_nested_oof,195,additive_clr_spline,4.924977174172034,5.1515394482758445,0.07043419320668697
train_nested_oof,196,additive_clr_spline,4.989451243327214,4.997455423573166,0.007353563852678204
train_nested_oof,197,additive_clr_spline,4.980419287314782,4.9721470711907,0.011886892163282252
train_nested_oof,198,additive_clr_spline,5.206969554607685,5.319296652650749,0.02951256569623055
train_nested_oof,199,additive_clr_spline,5.577325490804819,5.613734762525779,0.11295927559954809
train_nested_oof,200,additive_clr_spline,4.981486100416917,5.182645425585326,0.04930466862946429
train_nested_oof,201,additive_clr_spline,5.27765663770529,5.247555391356507,0.04145244605398498
train_nested_oof,202,additive_clr_spline,5.150389304527869,5.244210467177462,0.04583654748694343
train_nested_oof,203,additive_clr_spline,5.623192493732159,5.566462624652749,0.04123141322107348
train_nested_oof,204,additive_clr_spline,4.941437867971567,4.981642037214124,0.03871548460217627
train_nested_oof,205,additive_clr_spline,5.35276198387146,5.289501742760693,0.01224855767293315
train_nested_oof,206,additive_clr_spline,5.266261522586529,5.379681782590565,0.0487405165101417
train_nested_oof,207,additive_clr_spline,5.7279043931227465,5.521238032971484,0.11719699152154142
train_nested_oof,208,additive_clr_spline,5.5625254190885105,5.696529332118671,0.05769715387482585
train_nested_oof,209,additive_clr_spline,5.313656513507549,5.416637630301894,0.01951179619439144
train_nested_oof,210,additive_clr_spline,5.629430532455444,5.747971589651322,0.03313192803476477
train_nested_oof,211,additive_clr_spline,4.933682166613066,5.122426023210981,0.06144432177085583
train_nested_oof,212,additive_clr_spline,5.075303829633272,5.111705988956863,0.020340887501256857
train_nested_oof,213,additive_clr_spline,5.264764015491192,5.515950905405076,0.08906643949803489
train_nested_oof,214,additive_clr_spline,4.916725580508892,4.929182195491474,0.011241049606387641
train_nested_oof,215,additive_clr_spline,5.386073754383967,5.275836253537255,0.11283560722962226
train_nested_oof,216,additive_clr_spline,5.281318224393404,5.309035936612161,0.01867253811771546
train_nested_oof,217,additive_clr_spline,5.939222537554228,5.837460962375807,0.09065393392423819
train_nested_oof,218,additive_clr_spline,5.080042637311495,5.28181702932878,0.08946506115283646
train_nested_oof,219,additive_clr_spline,5.515955741588886,5.4916332280761075,0.027549241572529012
train_nested_oof,220,additive_clr_spline,5.317405902422392,5.489426933073431,0.047955150809299824
train_nested_oof,221,additive_clr_spline,5.251096872182993,5.229784438164803,0.010473160006776817
train_nested_oof,222,additive_clr_spline,6.054345736136804,5.98129390012731,0.03915221450125438
train_nested_oof,223,additive_clr_spline,5.7078226162837105,5.828137536034638,0.052838341179881655
train_nested_oof,224,additive_clr_spline,5.286468689258282,5.327316724023723,0.019370241571720306
train_nested_oof,225,additive_clr_spline,5.014853074000432,5.200400240405656,0.06863530860462445
train_nested_oof,226,additive_clr_spline,5.161886325249305,5.236516932950324,0.027576553558561225
train_nested_oof,227,additive_clr_spline,4.919211167555589,4.946021493318522,0.03700149167691303
train_nested_oof,228,additive_clr_spline,5.416094890007606,5.382222781449299,0.043651872841735224
train_nested_oof,229,additive_clr_spline,5.332706378056453,5.488884910276985,0.11414688822020441
train_nested_oof,230,additive_clr_spline,5.555266838807326,5.5848253599128554,0.0429041705397316
train_nested_oof,231,additive_clr_spline,5.509172256176289,5.516880483150034,0.17322707045164648
train_nested_oof,232,additive_clr_spline,5.255817715938274,5.3195513256765,0.026316509229845478
train_nested_oof,233,additive_clr_spline,5.338685842660757,5.329090991536016,0.015227233646321158
train_nested_oof,234,additive_clr_spline,5.009716492432815,4.99564020522774,0.011532208815433508
train_nested_oof,235,additive_clr_spline,5.199401617050171,5.3685422008749875,0.04900466162495553
train_nested_oof,236,additive_clr_spline,5.195423227090102,5.134306469687685,0.04571390552559947
train_nested_oof,237,additive_clr_spline,5.799081563949585,5.760448823011651,0.00973176246953266
train_nested_oof,238,additive_clr_spline,5.919422388076782,5.737957094447309,0.08251527985566336
train_nested_oof,239,additive_clr_spline,5.059099765924307,5.116485491420706,0.01676777188767909
train_nested_oof,240,additive_clr_spline,5.506106009850135,5.576601868332768,0.02809913413044735
train_nested_oof,241,additive_clr_spline,5.525696662756113,5.404868258500067,0.038183586007085636
train_nested_oof,242,additive_clr_spline,5.40106816475208,5.337887008218869,0.060215590280224954
train_nested_oof,243,additive_clr_spline,5.341662150162917,5.460966416331412,0.04143959682707817
train_nested_oof,244,additive_clr_spline,4.994082230788011,4.800283591651937,0.07248775203081134
train_nested_oof,245,additive_clr_spline,5.183573704499465,4.94200900732809,0.08934454798474598
train_nested_oof,246,additive_clr_spline,5.13984856238732,5.092449779525485,0.010328478537607315
train_nested_oof,247,additive_clr_spline,5.323499386127178,5.316528808808949,0.0490298498197009
train_nested_oof,248,additive_clr_spline,5.34416048343365,5.255816426713945,0.07132731077504721
train_nested_oof,249,additive_clr_spline,5.37323548243596,5.4187645622497485,0.05044701990939572
train_nested_oof,250,additive_clr_spline,5.615814529932463,5.57303016379773,0.03138164589736894
train_nested_oof,251,additive_clr_spline,5.4239313785846415,5.704083637666059,0.16192520739670552
train_nested_oof,252,additive_clr_spline,5.004812167241023,5.016116200476024,0.011354134272567633
train_nested_oof,253,additive_clr_spline,5.4878202218275804,5.441156892429105,0.05429138003957578
train_nested_oof,254,additive_clr_spline,5.389522057313186,5.422444753938833,0.0689881235512138
train_nested_oof,255,additive_clr_spline,5.556340786126944,5.587645295338504,0.03386461046958053
train_nested_oof,256,additive_clr_spline,5.307339998391958,5.201326365967916,0.0766182900098704
train_nested_oof,257,additive_clr_spline,5.03038554925185,5.260160673563801,0.08943508856992176
train_nested_oof,258,additive_clr_spline,5.418178778428298,5.210118883765882,0.08609857347406204
train_nested_oof,259,additive_clr_spline,5.371851370884822,5.351852875258756,0.03080020805186827
train_nested_oof,260,additive_clr_spline,5.7834014525780315,5.857040241501649,0.06488994639958354
train_nested_oof,261,additive_clr_spline,5.06170626787039,5.268700421019417,0.09185937940985468
train_nested_oof,262,additive_clr_spline,5.518408151773306,5.512930411758912,0.03431233048279028
train_nested_oof,263,additive_clr_spline,5.314384533808782,5.308621381897412,0.03806559239746272
train_nested_oof,264,additive_clr_spline,5.524590308849628,5.3875971140145715,0.04593585900526615
train_nested_oof,265,additive_clr_spline,5.651582589516273,5.6016945579471304,0.07526697257538278
train_nested_oof,266,additive_clr_spline,5.377012876363901,5.495550858595248,0.041716918806183306
train_nested_oof,267,additive_clr_spline,5.555308268620418,5.7890107057886615,0.08434160634516817
train_nested_oof,268,additive_clr_spline,5.118859511155349,5.217962193572224,0.03750871964978191
train_nested_oof,269,additive_clr_spline,5.7348542763636665,5.815330796331502,0.18157825145661644
train_nested_oof,270,additive_clr_spline,4.772263802014864,4.735083823199667,0.047869353418355014
train_nested_oof,271,additive_clr_spline,5.168233174544114,5.135996137057267,0.039357817894612714
train_nested_oof,272,additive_clr_spline,5.113263203547551,5.172618927449491,0.04946314117965965
train_nested_oof,273,additive_clr_spline,5.372246265411377,5.57689402326136,0.10660028994461125
train_nested_oof,274,additive_clr_spline,5.4840655877039985,5.632883982051321,0.14374503002245345
train_nested_oof,275,additive_clr_spline,5.481735412891094,5.628540103039985,0.047720415100454515
train_nested_oof,276,additive_clr_spline,5.6565719567812405,5.605731784856686,0.06893245124392237
train_nested_oof,277,additive_clr_spline,5.6439738273620605,5.610304450495328,0.08546337431919998
train_nested_oof,278,additive_clr_spline,5.830113245890691,5.632533433950111,0.07774438868060927
train_nested_oof,279,additive_clr_spline,5.660053179814265,5.574511011606081,0.06261411420092543
train_nested_oof,280,additive_clr_spline,5.6408299299386835,5.625102724617067,0.08989813410675314
train_nested_oof,281,additive_clr_spline,5.064841105387761,4.982582703599738,0.024985456510730066
train_nested_oof,282,additive_clr_spline,5.228692348186787,5.275537438017633,0.013898395060412062
train_nested_oof,283,additive_clr_spline,5.9031042869274435,5.912961296352591,0.029305849537647165
train_nested_oof,284,additive_clr_spline,5.360134968390832,5.519442537015549,0.046151883784046346
train_nested_oof,285,additive_clr_spline,5.571967161618746,5.5755087393268985,0.0423350988257238
train_nested_oof,286,additive_clr_spline,5.467186029140766,5.552829759294208,0.04416727044230366
train_nested_oof,287,additive_clr_spline,5.316890203035795,5.337753350502284,0.0630079897493774
train_nested_oof,288,additive_clr_spline,5.25947904586792,5.319104720525008,0.08146264709681404
train_nested_oof,289,additive_clr_spline,5.4515665127680855,5.482871978424066,0.03868425673586185
train_nested_oof,290,additive_clr_spline,5.292156980587886,5.310956099477808,0.02476898320337395
train_nested_oof,291,additive_clr_spline,5.612547966150137,5.5549401848612225,0.06008089433803287
train_nested_oof,292,additive_clr_spline,6.091124222828792,6.140041013727457,0.08187392276209689
train_nested_oof,293,additive_clr_spline,5.161940959783701,5.092851845116859,0.013247720798051112
train_nested_oof,294,additive_clr_spline,6.396356949439416,6.018821978082498,0.2442704627678864
train_nested_oof,295,additive_clr_spline,5.254497766494751,5.019110510613876,0.07089783970988946
train_nested_oof,296,additive_clr_spline,5.7086256467379055,5.592937780761509,0.057417392987154155
train_nested_oof,297,additive_clr_spline,5.428704261779785,5.481414064239436,0.026144476665078263
train_nested_oof,298,additive_clr_spline,5.2843863138785725,5.247691987118468,0.031777600293664325
train_nested_oof,299,additive_clr_spline,5.40080110843365,5.261796499992624,0.06503841142669323
train_nested_oof,300,additive_clr_spline,6.15841504243704,5.7520888621459045,0.23357862107679622
train_nested_oof,301,additive_clr_spline,5.000038953927847,5.2526187858471145,0.13661900981880654
train_nested_oof,302,additive_clr_spline,5.348329067230225,5.396121042687867,0.017378664487684096
train_nested_oof,303,additive_clr_spline,5.872115960487952,5.929525327731824,0.04599096286477587
train_nested_oof,304,additive_clr_spline,5.591289556943453,5.613266888977541,0.03672279608137812
train_nested_oof,305,additive_clr_spline,6.041809155390813,5.927201942460097,0.07206153101522833
train_nested_oof,306,additive_clr_spline,5.382696005014273,5.240975794086157,0.049728293143419165
train_nested_oof,307,additive_clr_spline,5.53076459811284,5.569218461597829,0.05724599877787818
train_nested_oof,308,additive_clr_spline,4.991022513462947,4.770939214756742,0.13273153504387689
train_nested_oof,309,additive_clr_spline,5.542721051436204,5.722969523718034,0.0514391185897443
train_nested_oof,310,additive_clr_spline,5.260374949528621,5.2931446704878065,0.1820440691432731
train_nested_oof,311,additive_clr_spline,4.919286214388334,5.2352071923010275,0.19817568870670124
train_nested_oof,312,additive_clr_spline,5.421507065112774,5.446848239617613,0.044788642846823976
train_nested_oof,313,additive_clr_spline,5.611201561414278,5.7674136306565735,0.05916740386286678
train_nested_oof,314,additive_clr_spline,5.246305025540865,5.263145901480663,0.014772618149637172
train_nested_oof,315,additive_clr_spline,5.568589925765991,5.4165096827977814,0.2164353688463963
train_nested_oof,316,additive_clr_spline,5.172437704526461,5.338974517464838,0.10962954593044288
train_nested_oof,317,additive_clr_spline,5.737836654369648,5.613685828420158,0.05970143707883949
train_nested_oof,318,additive_clr_spline,5.92633593082428,5.649581218429223,0.20102224310592354
train_nested_oof,319,additive_clr_spline,5.4916139382582445,5.513249941056311,0.02300305751200808
train_nested_oof,320,additive_clr_spline,5.526452798109788,5.488895539849866,0.016971432806680706
train_nested_oof,321,additive_clr_spline,5.502916281039898,5.571162952858158,0.022400202874543605
train_nested_oof,322,additive_clr_spline,5.884679794311523,5.725446623001289,0.08225485513981923
train_nested_oof,323,additive_clr_spline,4.9917039687816915,4.7738565224283445,0.07621294132893924
train_nested_oof,324,additive_clr_spline,5.27025844500615,5.162471802865563,0.02992517756252096
train_nested_oof,325,additive_clr_spline,5.309898376464844,5.419902319557762,0.04739062631968312
train_nested_oof,326,additive_clr_spline,5.264256734114427,5.347160713656335,0.026830766492528215
train_nested_oof,327,additive_clr_spline,5.226937073927659,5.145089543851052,0.128691523241922
train_nested_oof,328,additive_clr_spline,6.758002519607544,6.044997767941136,0.9887994891018591
train_nested_oof,329,additive_clr_spline,5.574751523824839,5.5384799775395175,0.0267202134937646
train_nested_oof,330,additive_clr_spline,5.108058525965764,5.13378147402164,0.010206556154056743
train_nested_oof,331,additive_clr_spline,5.055047603753897,5.173508873497368,0.026450977214377534
train_nested_oof,332,additive_clr_spline,5.271875674907978,5.394927714973378,0.04213192486676773
train_nested_oof,333,additive_clr_spline,5.157759996560904,5.2331215522842545,0.013638151830610705
train_nested_oof,334,additive_clr_spline,5.233025404123159,5.291681646972837,0.07483985897166948
train_nested_oof,335,additive_clr_spline,5.669360142487746,5.7489047214084446,0.09596572507446958
train_nested_oof,336,additive_clr_spline,5.511850173656757,5.646649408122427,0.054293611440609006
train_nested_oof,337,additive_clr_spline,5.4885938717768745,5.527423601954453,0.045825869180115636
train_nested_oof,338,additive_clr_spline,5.3023834595313435,5.340649755956269,0.0074692914156594915
train_nested_oof,339,additive_clr_spline,5.181351038125845,5.3749546301652575,0.08447031669820858
train_nested_oof,340,additive_clr_spline,4.951281474186824,4.974424775141018,0.011224167848761275
train_nested_oof,341,additive_clr_spline,5.420316439408523,5.545530490697893,0.03095285850651384
train_nested_oof,342,additive_clr_spline,5.323123565086951,5.382700793750242,0.0380535316636038
train_nested_oof,343,additive_clr_spline,5.10161095399123,5.123153717274499,0.0069048893902264406
train_nested_oof,344,additive_clr_spline,5.805060203258808,5.813631974449274,0.016877686635335173
train_nested_oof,345,additive_clr_spline,5.447537899017334,5.446811338148333,0.02012075661771162
train_nested_oof,346,additive_clr_spline,4.819319413258479,4.770655705069029,0.02015413181637667
train_nested_oof,347,additive_clr_spline,5.474208795107328,5.608729159915674,0.03644120572352853
train_nested_oof,348,additive_clr_spline,5.513573683225191,5.6412440630655745,0.06256341599246762
train_nested_oof,349,additive_clr_spline,4.789364090332618,4.761451787069008,0.009795885364471972
train_nested_oof,350,additive_clr_spline,4.949371282870953,4.8388148840131056,0.02627063530745968
train_nested_oof,351,additive_clr_spline,5.155112578318669,5.0665533772582965,0.01570457499063329
train_nested_oof,352,additive_clr_spline,6.082065105438232,5.64164983701672,0.4231975311999733
train_nested_oof,353,additive_clr_spline,4.982067768390362,5.325348966826512,0.1638310451110545
train_nested_oof,354,additive_clr_spline,5.095458324138935,5.664200982405693,0.46167526622759475
train_nested_oof,355,additive_clr_spline,5.431123109964224,5.286516069517932,0.06275174826797207
train_nested_oof,356,additive_clr_spline,5.071555045934824,4.71617349125126,0.17480048682170532
train_nested_oof,357,additive_clr_spline,5.1868560039080105,5.183148483519305,0.016223783329200384
train_nested_oof,358,additive_clr_spline,5.22973895072937,5.357411151345654,0.04328496894218056
train_nested_oof,359,additive_clr_spline,5.089330783257117,5.148793739274797,0.05000954438843727
train_nested_oof,360,additive_clr_spline,5.347133031258216,5.5109839777053855,0.05196323628323578
train_nested_oof,361,additive_clr_spline,5.629197524144099,5.617616959291329,0.037520931421753737
train_nested_oof,362,additive_clr_spline,5.672273489145132,5.514894709527327,0.0277723332866525
train_nested_oof,363,additive_clr_spline,5.077806289379414,4.984061344976788,0.02259419704779375
train_nested_oof,364,additive_clr_spline,5.59030400789701,5.561527953585432,0.028300291765014144
train_nested_oof,365,additive_clr_spline,4.976911544799805,4.979007444623019,0.023623007071945288
train_nested_oof,366,additive_clr_spline,5.484955695959238,5.327012411412626,0.08423160647872742
train_nested_oof,367,additive_clr_spline,4.912813470913814,4.615604311547139,0.15016576301079246
train_nested_oof,368,additive_clr_spline,4.928864295666035,4.868777305517835,0.041724930844492567
train_nested_oof,369,additive_clr_spline,5.482219567665687,5.819856651106255,0.21339509640939006
train_nested_oof,370,additive_clr_spline,5.380783301133376,5.441671456458413,0.025087913870648237
train_nested_oof,371,additive_clr_spline,5.210643355663006,5.009012742389353,0.06837725097539665
train_nested_oof,372,additive_clr_spline,5.45513941691472,5.43806633542988,0.027881891861456596
train_nested_oof,373,additive_clr_spline,5.800429747654841,5.738603690490051,0.05360878064956021
train_nested_oof,374,additive_clr_spline,5.3152457017164965,5.272194785541364,0.03938714424153212
train_nested_oof,375,additive_clr_spline,5.317656076871431,5.243698625430269,0.04892697181574069
train_nested_oof,376,additive_clr_spline,5.38286698781527,5.454604731256089,0.04655657110566483
train_nested_oof,377,additive_clr_spline,5.371554961571326,5.389019056720039,0.04157009025035682
train_nested_oof,378,additive_clr_spline,6.05059737425584,5.886212372825816,0.10043651965808024
train_nested_oof,379,additive_clr_spline,4.8844727736253,4.633563317189263,0.09347448029833602
train_nested_oof,380,additive_clr_spline,5.615977342312153,5.539623422523666,0.15911574874020257
train_nested_oof,381,additive_clr_spline,5.012710406230046,4.930477986291222,0.030115455926134144
train_nested_oof,382,additive_clr_spline,6.0491665326631985,6.047022133425319,0.07126840445014904
train_nested_oof,383,additive_clr_spline,6.205285732562725,5.689536702356344,0.4277571679874365
train_nested_oof,384,additive_clr_spline,4.9754770535689135,4.659051748176048,0.14874474171328814
train_nested_oof,385,additive_clr_spline,5.126936912536621,5.148188925575267,0.02286568255737252
train_nested_oof,386,additive_clr_spline,6.058488790805523,5.929196929749249,0.1996337841663794
train_nested_oof,387,additive_clr_spline,6.239235474513127,5.828437338427362,0.47858110745905597
train_nested_oof,388,additive_clr_spline,5.574407174037053,5.396347969315925,0.05198054382188362
train_nested_oof,389,additive_clr_spline,5.805640147282527,5.683143619284694,0.07380396664000137
train_nested_oof,390,additive_clr_spline,5.128426423439612,5.17576454044953,0.01762564382478626
train_nested_oof,391,additive_clr_spline,5.583163958329421,5.627067299553574,0.025551867545586988
train_nested_oof,392,additive_clr_spline,5.3277291517991285,5.272561713131983,0.09797322549958246
train_nested_oof,393,additive_clr_spline,4.8987074081714335,5.071832287255602,0.10848328090749286
train_nested_oof,394,additive_clr_spline,5.782568711500901,5.650264319691626,0.07022873940103781
train_nested_oof,395,additive_clr_spline,5.253134094751799,5.249732111817663,0.01653475581967205
train_nested_oof,396,additive_clr_spline,5.5238377681145305,5.527625699641908,0.015470103749678141
train_nested_oof,397,additive_clr_spline,5.1657520440908575,5.211792295918977,0.026368123821424647
train_nested_oof,398,additive_clr_spline,5.180898207884568,5.336389236921473,0.12587257873169863
train_nested_oof,399,additive_clr_spline,5.519307631712693,5.485524383713444,0.023033192946180527
train_nested_oof,400,additive_clr_spline,5.013546888644878,5.005306357967178,0.008921194733950085
train_nested_oof,401,additive_clr_spline,4.867796861208403,4.778193039250037,0.016771967512467435
train_nested_oof,402,additive_clr_spline,5.215671227528499,5.324322620066942,0.07267193641784576
train_nested_oof,403,additive_clr_spline,4.9522881141075725,5.0937741771894505,0.050477016391499055
train_nested_oof,404,additive_clr_spline,5.017572696392353,5.087035209911621,0.042659455902456705
train_nested_oof,405,additive_clr_spline,5.418186976359441,5.311896996965686,0.08583483355703583
train_nested_oof,406,additive_clr_spline,5.359878778457642,5.440825668890704,0.01681008850164737
train_nested_oof,407,additive_clr_spline,5.137108692756066,5.114505897540727,0.022525001711127
train_nested_oof,408,additive_clr_spline,5.67198214164147,5.736394605038239,0.04059413007156639
train_nested_oof,409,additive_clr_spline,4.944631301439726,5.2678640629832065,0.12303213589940606
train_nested_oof,410,additive_clr_spline,5.49001851448646,5.429676703990607,0.0886490669594982
train_nested_oof,411,additive_clr_spline,5.2178285488715535,5.222855869037219,0.006862350981421499
train_nested_oof,412,additive_clr_spline,5.691750398048987,5.6658360349172865,0.02778204397340727
train_nested_oof,413,additive_clr_spline,5.358504588787373,5.51115633689327,0.031307258795004504
train_nested_oof,414,additive_clr_spline,5.09181979069343,4.875692603852098,0.10889362711575516
train_nested_oof,415,additive_clr_spline,5.052486749795767,5.127835175011897,0.028498055389272983
train_nested_oof,416,additive_clr_spline,5.228025381381695,5.33544079414837,0.05728321530767518
train_nested_oof,417,additive_clr_spline,4.965925161655132,4.866836702967637,0.049057709094631474
train_nested_oof,418,additive_clr_spline,5.894948904330914,5.801782353952256,0.04083404196331381
train_nested_oof,419,additive_clr_spline,4.907001770459688,4.822524085237635,0.03811459913141389
train_nested_oof,420,additive_clr_spline,5.029015962894146,5.046698160189381,0.009733742201944895
train_nested_oof,421,additive_clr_spline,5.417145197208111,5.245981682886362,0.12581635956520856
train_nested_oof,422,additive_clr_spline,4.96103495817918,5.163314534795157,0.09357209165461514
train_nested_oof,423,additive_clr_spline,5.655895123114953,5.7476794365961315,0.05235137807093823
train_nested_oof,424,additive_clr_spline,4.899122439897978,4.857471122530293,0.023363285587336427
train_nested_oof,425,additive_clr_spline,4.995036235222449,4.794492367829446,0.06781980052014333
train_nested_oof,426,additive_clr_spline,5.170091940806462,5.243409894001941,0.02295864761525733
train_nested_oof,427,additive_clr_spline,5.257874892308162,5.399241742985354,0.030442806193003
train_nested_oof,428,additive_clr_spline,4.988566600359404,5.052466337014286,0.019199814773894378
train_nested_oof,429,additive_clr_spline,6.001700621384841,6.228312594875224,0.10544989894171532
train_nested_oof,430,additive_clr_spline,5.0852461228003865,5.272825040747738,0.07761652596740122
train_nested_oof,431,additive_clr_spline,4.967501548620371,4.929146829690007,0.01768747674073231
train_nested_oof,432,additive_clr_spline,5.407969749890841,5.409429146875383,0.06867029660024886
train_nested_oof,433,additive_clr_spline,5.276859686924861,5.328189715445925,0.022409207696380204
train_nested_oof,434,additive_clr_spline,4.836559809171236,4.97677404075074,0.03362883426518687
train_nested_oof,435,additive_clr_spline,6.334114698263315,5.849167578462221,0.5408542328136152
train_nested_oof,436,additive_clr_spline,5.860291627737192,5.781192140268579,0.07062019199947547
train_nested_oof,437,additive_clr_spline,5.229294428458581,5.259415819591729,0.02878342417815922
train_nested_oof,438,additive_clr_spline,4.912032475838294,4.940595025996026,0.0541177651459274
train_nested_oof,439,additive_clr_spline,5.155846769993122,5.144001711743908,0.05833874681053293
train_nested_oof,440,additive_clr_spline,5.038766714242788,5.1026648724619115,0.03451431747472098
train_nested_oof,441,additive_clr_spline,5.302644949692946,5.377887329464603,0.03954458313839534
train_nested_oof,442,additive_clr_spline,4.949524090840266,5.0286071400044685,0.02221396725805413
train_nested_oof,443,additive_clr_spline,5.054934795086201,5.088624213340337,0.009917764935857765
train_nested_oof,444,additive_clr_spline,5.759063757382906,5.557141591193524,0.11954078199986976
train_nested_oof,445,additive_clr_spline,4.95904712493603,4.9316478046257215,0.021274991756263874
train_nested_oof,446,additive_clr_spline,5.325273202015803,5.2914051639687125,0.04834195782602188
train_nested_oof,447,additive_clr_spline,5.274159523156973,5.370844335765412,0.031192252878601754
train_nested_oof,448,additive_clr_spline,5.06376838684082,4.966810525804096,0.026896626701749058
train_nested_oof,449,additive_clr_spline,5.2479963669410115,5.250731781988842,0.057259111073845965
train_nested_oof,450,additive_clr_spline,5.777711996665368,5.719789779608605,0.09301298562372026
train_nested_oof,451,additive_clr_spline,5.305993015949543,5.343810281752856,0.021999309992550495
train_nested_oof,452,additive_clr_spline,5.576637203876789,5.612337630476253,0.045187820229318006
train_nested_oof,453,additive_clr_spline,5.505244493484497,5.431058881945651,0.031271904909339863
train_nested_oof,454,additive_clr_spline,5.030335224591768,5.060287206243564,0.011594670992589403
train_nested_oof,455,additive_clr_spline,5.263978536312397,5.105496965382337,0.03796043512113839
train_nested_oof,456,additive_clr_spline,5.485509193860567,5.495726919663705,0.04519712433754235
train_nested_oof,457,additive_clr_spline,5.417599476300753,5.462879143112905,0.014837887365452138
train_nested_oof,458,additive_clr_spline,5.454484902895414,5.3839915914171526,0.027422205090586446
train_nested_oof,459,additive_clr_spline,5.288934634282039,5.3792803005139405,0.020820664339836363
train_nested_oof,460,additive_clr_spline,5.500341011927678,5.299261848728343,0.06688445298460753
train_nested_oof,461,additive_clr_spline,5.305441599625808,5.38928376137573,0.045582182483049474
train_nested_oof,462,additive_clr_spline,5.101687339635996,5.16753527738126,0.02035237011590568
train_nested_oof,463,additive_clr_spline,5.435612165010893,5.508917105286187,0.023271064888855077
train_nested_oof,464,additive_clr_spline,5.392031669616699,5.439538962064772,0.039556444658894976
train_nested_oof,465,additive_clr_spline,6.246409948055561,6.001095777522644,0.14210669211877255
train_nested_oof,466,additive_clr_spline,4.991350669127244,4.91190169919433,0.035822693332673974
train_nested_oof,467,additive_clr_spline,5.219642088963435,5.31936638032282,0.02427589965155867
train_nested_oof,468,additive_clr_spline,5.8366319583012505,5.578401727887835,0.19198965155987255
train_nested_oof,469,additive_clr_spline,5.090020106388972,4.964107723928848,0.03207313709077269
train_nested_oof,470,additive_clr_spline,5.082184608166035,5.141014386192102,0.04344364479064808
train_nested_oof,471,additive_clr_spline,5.141508432535025,5.182700437459937,0.009180634289961763
train_nested_oof,472,additive_clr_spline,5.559896487456101,5.635278588010268,0.048255793595705296
train_nested_oof,473,additive_clr_spline,5.452413852398212,5.487874166612583,0.0209937029457324
train_nested_oof,474,additive_clr_spline,5.464592860295222,5.494026360268445,0.053049720280185356
train_nested_oof,475,additive_clr_spline,5.070542518909161,5.093957087759502,0.012867919295722409
train_nested_oof,476,additive_clr_spline,5.3017718975360575,5.4424016873285455,0.04392647806679653
train_nested_oof,477,additive_clr_spline,4.841120279752291,5.045051933761993,0.06795199708850083
train_nested_oof,478,additive_clr_spline,5.035210719475379,4.837349021745646,0.058144606292417404
train_nested_oof,479,additive_clr_spline,4.991526310260479,5.012902502381644,0.033124023376183365
train_nested_oof,480,additive_clr_spline,6.170672178268433,5.9738415048205304,0.11249686113219001
train_nested_oof,481,additive_clr_spline,5.745120635399451,5.614754217225197,0.043671453317924845
train_nested_oof,482,additive_clr_spline,5.4759024656735935,5.51731001242751,0.027371415798525946
train_nested_oof,483,additive_clr_spline,5.1057652326730585,5.28355563020936,0.06994016631585608
train_nested_oof,484,additive_clr_spline,5.455598702797523,5.545813981299897,0.03707500751942207
train_nested_oof,485,additive_clr_spline,5.0685954093933105,5.068290092152345,0.013926193712686729
train_nested_oof,486,additive_clr_spline,5.178144821753869,5.261732848483229,0.04617721717287874
train_nested_oof,487,additive_clr_spline,6.174967270631057,6.180236682308711,0.07989393353241121
train_nested_oof,488,additive_clr_spline,5.847340822219849,6.015542920731184,0.04168742132086997
train_nested_oof,489,additive_clr_spline,5.207778472166795,5.302989598900059,0.04764443978020054
train_nested_oof,490,additive_clr_spline,5.490812044877273,5.4112227644370074,0.07022252825502164
train_nested_oof,491,additive_clr_spline,5.529909739127526,5.758409437833458,0.07184110662181978
train_nested_oof,492,additive_clr_spline,5.235699919553904,5.340527579764769,0.04710105079360147
train_nested_oof,493,additive_clr_spline,5.376889632298396,5.050160163090931,0.3169345259890392
train_nested_oof,494,additive_clr_spline,5.393037410882803,5.393889721505191,0.04418049002501692
train_nested_oof,495,additive_clr_spline,4.911649593940148,5.1742241212007025,0.09889044523024476
train_nested_oof,496,additive_clr_spline,5.179699375079228,5.315005785080202,0.06013064458144601
train_nested_oof,497,additive_clr_spline,4.952001645014836,4.910991229795494,0.03134945298421131
train_nested_oof,498,additive_clr_spline,5.3830383374140816,5.154010166231136,0.08839240259982832
train_nested_oof,499,additive_clr_spline,5.063532792604887,4.920451634746374,0.034391524385094435
train_nested_oof,500,additive_clr_spline,5.382334030591524,5.348007284773838,0.010527775778447842
train_nested_oof,501,additive_clr_spline,5.51168416096614,5.188198706389624,0.41235374683847353
train_nested_oof,502,additive_clr_spline,5.310084141217745,5.426841433247906,0.06389028932566308
train_nested_oof,503,additive_clr_spline,5.27580294242272,5.4403557380778125,0.049485499605040936
train_nested_oof,504,additive_clr_spline,5.0050808282998895,5.4971912900656985,0.3242487684477621
train_nested_oof,505,additive_clr_spline,5.226062151101919,5.334065598987947,0.11681112115385518
train_nested_oof,506,additive_clr_spline,5.2189785333780145,5.144033715319237,0.06985183167488915
train_nested_oof,507,additive_clr_spline,4.9429234724778395,4.882149969618729,0.017698965202073435
train_nested_oof,508,additive_clr_spline,5.213699120741624,5.150508633074703,0.035724224841192566
train_nested_oof,509,additive_clr_spline,5.799065553225004,5.787337232445288,0.03948958509952252
train_nested_oof,510,additive_clr_spline,5.8304275549375095,5.931410914850537,0.08453896071922876
train_nested_oof,511,additive_clr_spline,5.1176449335538425,4.974500967225191,0.04333524886718524
train_nested_oof,512,additive_clr_spline,6.006154610560491,5.857069005710146,0.09425004582469375
train_nested_oof,1,lowrank_ilr_quadratic,5.904635429382324,5.3238441647473005,0.47179817605988794
train_nested_oof,2,lowrank_ilr_quadratic,5.133344430189866,5.36182432076202,0.17780210326164708
train_nested_oof,3,lowrank_ilr_quadratic,5.542253035765428,5.622753098864141,0.04012709655133039
train_nested_oof,4,lowrank_ilr_quadratic,5.290134576650766,5.122413772612372,0.06489436957770423
train_nested_oof,5,lowrank_ilr_quadratic,4.9657532618596,4.871559482883091,0.02972151320156066
train_nested_oof,6,lowrank_ilr_quadratic,5.358781594496507,4.993117856977087,0.17397592180191276
train_nested_oof,7,lowrank_ilr_quadratic,5.058426526876596,5.747701684966907,0.6493194062252657
train_nested_oof,8,lowrank_ilr_quadratic,5.898907331319956,5.845799474939655,0.029479113609714176
train_nested_oof,9,lowrank_ilr_quadratic,6.21538573044997,5.630719237997654,0.4171594479994827
train_nested_oof,10,lowrank_ilr_quadratic,5.393702800457294,5.358368408768329,0.035331588948273714
train_nested_oof,11,lowrank_ilr_quadratic,6.063049664864173,5.384600400348897,0.6230411447064796
train_nested_oof,12,lowrank_ilr_quadratic,5.737708825331468,5.564430639834665,0.06257390391801808
train_nested_oof,13,lowrank_ilr_quadratic,5.631498850308931,5.479773086801935,0.13271130955155666
train_nested_oof,14,lowrank_ilr_quadratic,4.817876852475679,5.095483901526551,0.13095550009448345
train_nested_oof,15,lowrank_ilr_quadratic,4.961122586176946,5.247136598003057,0.13915720823221464
train_nested_oof,16,lowrank_ilr_quadratic,4.79795071711907,4.8670673790987795,0.07035125891277892
train_nested_oof,17,lowrank_ilr_quadratic,5.027804338015043,5.234197859278156,0.10153421458746723
train_nested_oof,18,lowrank_ilr_quadratic,4.846522661355825,5.2103067268412255,0.18696296284188968
train_nested_oof,19,lowrank_ilr_quadratic,4.862268686294556,5.232616816315338,0.2247576577235949
train_nested_oof,20,lowrank_ilr_quadratic,5.18797335257897,5.6644790701888175,0.3605952757898002
train_nested_oof,21,lowrank_ilr_quadratic,5.312407071773823,5.163711751539205,0.16416010085857652
train_nested_oof,22,lowrank_ilr_quadratic,5.267660049291758,5.255173832140735,0.11750111366673484
train_nested_oof,23,lowrank_ilr_quadratic,5.236186431004451,5.010263313168408,0.12756230034038907
train_nested_oof,24,lowrank_ilr_quadratic,6.004401573768029,5.67303121825282,0.21433109750273263
train_nested_oof,25,lowrank_ilr_quadratic,5.220030491168682,5.356362877757876,0.042998687339867156
train_nested_oof,26,lowrank_ilr_quadratic,5.404111513724694,5.464540962649005,0.03828826596541467
train_nested_oof,27,lowrank_ilr_quadratic,4.946193236571092,5.4080612145656355,0.30438856603918857
train_nested_oof,28,lowrank_ilr_quadratic,5.129373101087717,5.211528910962254,0.04847244623824593
train_nested_oof,29,lowrank_ilr_quadratic,6.132923419658955,5.180993757982865,1.4173913047329296
train_nested_oof,30,lowrank_ilr_quadratic,5.525556601010836,5.466779705429415,0.11373399543760829
train_nested_oof,31,lowrank_ilr_quadratic,5.268221598405105,5.259801559557341,0.02904809057064502
train_nested_oof,32,lowrank_ilr_quadratic,6.351518722680899,5.858207473736707,0.4000520986828452
train_nested_oof,33,lowrank_ilr_quadratic,5.77667471078726,5.691933865374773,0.03510033747289901
train_nested_oof,34,lowrank_ilr_quadratic,5.556892028221717,5.6871709929717,0.05858441566985068
train_nested_oof,35,lowrank_ilr_quadratic,5.203048513485835,5.005771539557627,0.05616361826436992
train_nested_oof,36,lowrank_ilr_quadratic,5.13854692532466,5.302606810639886,0.06875159785613959
train_nested_oof,37,lowrank_ilr_quadratic,4.969163656234741,4.862232525247759,0.032092394589549184
train_nested_oof,38,lowrank_ilr_quadratic,5.545954630925105,5.5675346041528275,0.040655167235187736
train_nested_oof,39,lowrank_ilr_quadratic,4.993031996947068,4.935309863894103,0.03288340868502124
train_nested_oof,40,lowrank_ilr_quadratic,5.374926933875451,5.389093061539129,0.06074196404473447
train_nested_oof,41,lowrank_ilr_quadratic,5.1798697618337775,5.337531713251905,0.06276925759898765
train_nested_oof,42,lowrank_ilr_quadratic,5.084016616527851,5.256716302627296,0.1762262850818483
train_nested_oof,43,lowrank_ilr_quadratic,5.076522203592154,5.3500362325256345,0.13868589918066346
train_nested_oof,44,lowrank_ilr_quadratic,5.084354584033672,5.135594366804019,0.017168197789505263
train_nested_oof,45,lowrank_ilr_quadratic,5.588743741695698,5.3604413414558305,0.11866449056925668
train_nested_oof,46,lowrank_ilr_quadratic,4.864920946267935,4.967813691960286,0.026999319032442775
train_nested_oof,47,lowrank_ilr_quadratic,5.89624966107882,5.022320113692644,1.5746609289418343
train_nested_oof,48,lowrank_ilr_quadratic,5.411233351780818,5.707868159649623,0.12321282986484766
train_nested_oof,49,lowrank_ilr_quadratic,5.7741538011110745,5.676469593003258,0.02777619146544409
train_nested_oof,50,lowrank_ilr_quadratic,5.143856727159941,5.600703412549603,0.2437960141643695
train_nested_oof,51,lowrank_ilr_quadratic,5.70809296461252,5.765626960661384,0.053374725523950096
train_nested_oof,52,lowrank_ilr_quadratic,5.145880625798152,5.363599798454947,0.1435697859700324
train_nested_oof,53,lowrank_ilr_quadratic,5.5614226047809305,5.619533798678318,0.12503027993919916
train_nested_oof,54,lowrank_ilr_quadratic,5.299323155329778,5.381700405542726,0.05888695138733631
train_nested_oof,55,lowrank_ilr_quadratic,5.317342171302209,5.558291515469268,0.1063699082083714
train_nested_oof,56,lowrank_ilr_quadratic,4.808996420640212,5.140351477429728,0.18156486175660427
train_nested_oof,57,lowrank_ilr_quadratic,5.887269716996413,5.45685911199224,0.26643134116948597
train_nested_oof,58,lowrank_ilr_quadratic,5.4202854083134575,5.58690374688001,0.05870534222210649
train_nested_oof,59,lowrank_ilr_quadratic,5.7707441953512335,5.921071838965988,0.09281304159006772
train_nested_oof,60,lowrank_ilr_quadratic,5.324331246889555,5.287334319046898,0.04785561649974478
train_nested_oof,61,lowrank_ilr_quadratic,5.112476293857281,5.273367416546799,0.05879900074384644
train_nested_oof,62,lowrank_ilr_quadratic,4.98912211564871,5.1865130222295885,0.06664683713876464
train_nested_oof,63,lowrank_ilr_quadratic,5.187093367943397,5.394380051128187,0.08398383109056404
train_nested_oof,64,lowrank_ilr_quadratic,5.2748544949751635,5.32425879697152,0.08485654027195728
train_nested_oof,65,lowrank_ilr_quadratic,5.458681143247164,5.476263837044138,0.020972289729454967
train_nested_oof,66,lowrank_ilr_quadratic,5.32672276863685,5.465452662409035,0.02797215032223112
train_nested_oof,67,lowrank_ilr_quadratic,5.0674561720628,5.210274286280069,0.09576196251689363
train_nested_oof,68,lowrank_ilr_quadratic,5.173592264835651,5.036056775759146,0.02654691369698627
train_nested_oof,69,lowrank_ilr_quadratic,5.631533072544978,5.0026585301392865,0.5293442709272796
train_nested_oof,70,lowrank_ilr_quadratic,6.022816988138052,5.669705697655153,0.20134663913019984
train_nested_oof,71,lowrank_ilr_quadratic,5.365188855391282,5.3383342910301,0.049256263816124024
train_nested_oof,72,lowrank_ilr_quadratic,4.787480858656076,4.943775960505144,0.06749708485603437
train_nested_oof,73,lowrank_ilr_quadratic,5.179639073518606,5.072110519453133,0.031174675507565367
train_nested_oof,74,lowrank_ilr_quadratic,5.226524077928984,5.219797389090148,0.01789688714007284
train_nested_oof,75,lowrank_ilr_quadratic,4.9586097827324505,5.260370138348567,0.1580049614381133
train_nested_oof,76,lowrank_ilr_quadratic,5.651923748163076,5.7060922514066315,0.09841977987790593
train_nested_oof,77,lowrank_ilr_quadratic,5.3520875710707445,5.591385483040354,0.09085613382029321
train_nested_oof,78,lowrank_ilr_quadratic,5.554785545055683,5.747982887347712,0.12556431918973512
train_nested_oof,79,lowrank_ilr_quadratic,5.4707560906043415,5.108337996216443,0.16008486418294202
train_nested_oof,80,lowrank_ilr_quadratic,5.09033621274508,5.330700014416868,0.07391672012020783
train_nested_oof,81,lowrank_ilr_quadratic,5.297927673046406,5.456195932728745,0.03806560170285279
train_nested_oof,82,lowrank_ilr_quadratic,5.424900385049673,5.305396897265088,0.10249977258042514
train_nested_oof,83,lowrank_ilr_quadratic,5.750808275662935,5.104162077292329,0.5257931300376651
train_nested_oof,84,lowrank_ilr_quadratic,4.950157734063955,4.9726793321704355,0.1262559540771846
train_nested_oof,85,lowrank_ilr_quadratic,5.716571239324717,5.288359233731064,0.2504820410481746
train_nested_oof,86,lowrank_ilr_quadratic,5.235661506652832,4.971395589220018,0.13803992241515067
train_nested_oof,87,lowrank_ilr_quadratic,5.10342132128202,5.281863767514182,0.14335617823166225
train_nested_oof,88,lowrank_ilr_quadratic,5.470787085019625,5.45861153142426,0.008230772106268951
train_nested_oof,89,lowrank_ilr_quadratic,4.961350642717802,5.312200866204634,0.18312970671373158
train_nested_oof,90,lowrank_ilr_quadratic,5.33156681060791,5.186373644657588,0.06189847310857012
train_nested_oof,91,lowrank_ilr_quadratic,5.31988525390625,5.261328308256252,0.015553216685801332
train_nested_oof,92,lowrank_ilr_quadratic,5.012554086171663,5.38197627411083,0.16946712848618473
train_nested_oof,93,lowrank_ilr_quadratic,5.421647585355318,5.369358429958046,0.016668007089164102
train_nested_oof,94,lowrank_ilr_quadratic,5.098412843850943,5.203397005830352,0.07973207539131119
train_nested_oof,95,lowrank_ilr_quadratic,5.005955879504864,5.628370235456986,0.4783796538920108
train_nested_oof,96,lowrank_ilr_quadratic,5.560164378239558,5.567396294981061,0.03121599082097811
train_nested_oof,97,lowrank_ilr_quadratic,5.086579616253193,4.965961771941158,0.07357564962854356
train_nested_oof,98,lowrank_ilr_quadratic,4.968219261903029,5.078347656847608,0.021099773768428844
train_nested_oof,99,lowrank_ilr_quadratic,5.034334586216853,5.349648977408743,0.20756378850747886
train_nested_oof,100,lowrank_ilr_quadratic,5.14715836598323,5.490863488768015,0.38186638067153234
train_nested_oof,101,lowrank_ilr_quadratic,5.508998687450703,5.562525374663142,0.05305285709532504
train_nested_oof,102,lowrank_ilr_quadratic,5.058160011584942,5.436587702084419,0.20359782400705398
train_nested_oof,103,lowrank_ilr_quadratic,5.707575486256526,5.29895602619834,0.2895864210554005
train_nested_oof,104,lowrank_ilr_quadratic,5.525642706797673,5.635432351729047,0.02902975369725016
train_nested_oof,105,lowrank_ilr_quadratic,5.0328695223881645,5.554632662201535,0.5760246666287443
train_nested_oof,106,lowrank_ilr_quadratic,5.289851610477154,5.102117749201711,0.09046682457457458
train_nested_oof,107,lowrank_ilr_quadratic,4.989442605238694,5.0658953942541425,0.04999596145567842
train_nested_oof,108,lowrank_ilr_quadratic,5.295009301258967,5.494039558165284,0.14120156650581556
train_nested_oof,109,lowrank_ilr_quadratic,5.334094707782452,5.614805736847875,0.14214802852324968
train_nested_oof,110,lowrank_ilr_quadratic,5.449594552700336,5.525255738725276,0.021551323566509326
train_nested_oof,111,lowrank_ilr_quadratic,5.312416535157424,5.228363561828981,0.020229091382506077
train_nested_oof,112,lowrank_ilr_quadratic,5.569669283353365,5.3951512522692715,0.10549210780157232
train_nested_oof,113,lowrank_ilr_quadratic,5.79182611978971,5.229236836831266,0.4510720257126095
train_nested_oof,114,lowrank_ilr_quadratic,5.115278867574839,5.252554398836959,0.05255922055803774
train_nested_oof,115,lowrank_ilr_quadratic,5.0793792467850905,5.064029157012987,0.017774096027463094
train_nested_oof,116,lowrank_ilr_quadratic,5.581812601823073,5.4612684442199555,0.051213846196983964
train_nested_oof,117,lowrank_ilr_quadratic,5.493302418635442,5.65566209167016,0.04439555918049246
train_nested_oof,118,lowrank_ilr_quadratic,5.253312000861535,5.5244886863441565,0.08964473430363286
train_nested_oof,119,lowrank_ilr_quadratic,5.23164596924415,5.456847766822334,0.09694996986905033
train_nested_oof,120,lowrank_ilr_quadratic,5.474159240722656,5.36405808022479,0.044603907103172316
train_nested_oof,121,lowrank_ilr_quadratic,4.878322711357703,5.113280117041194,0.08288097404643821
train_nested_oof,122,lowrank_ilr_quadratic,5.4010228377122145,5.817613410008846,0.2067619600647395
train_nested_oof,123,lowrank_ilr_quadratic,5.233468826000507,5.113042662905689,0.054493644297292906
train_nested_oof,124,lowrank_ilr_quadratic,5.488834692881658,5.5499899821595875,0.024617360848479892
train_nested_oof,125,lowrank_ilr_quadratic,4.976043426073515,5.417109931897291,0.22410409820190902
train_nested_oof,126,lowrank_ilr_quadratic,5.585982726170466,5.541465142136797,0.026628102573478366
train_nested_oof,127,lowrank_ilr_quadratic,5.2504966259002686,5.338353285941961,0.016136074581949066
train_nested_oof,128,lowrank_ilr_quadratic,5.531904037182148,5.8217197690278,0.12533642063301834
train_nested_oof,129,lowrank_ilr_quadratic,5.114644875893226,5.477669649365236,0.19912916553759277
train_nested_oof,130,lowrank_ilr_quadratic,5.506486379183256,5.634026080829983,0.06441573030802393
train_nested_oof,131,lowrank_ilr_quadratic,5.957377782234778,5.603851874146797,0.17415916316727637
train_nested_oof,132,lowrank_ilr_quadratic,5.082580731465266,5.080016851285423,0.0026995955383935333
train_nested_oof,133,lowrank_ilr_quadratic,5.319046313946064,5.319913292705914,0.024663896023626633
train_nested_oof,134,lowrank_ilr_quadratic,4.923890682367178,5.054458817389992,0.09023849893013461
train_nested_oof,135,lowrank_ilr_quadratic,4.972090299312885,4.783793334901666,0.08537740439150279
train_nested_oof,136,lowrank_ilr_quadratic,4.926703443894019,5.149477310702123,0.10912585330862891
train_nested_oof,137,lowrank_ilr_quadratic,4.777031256602361,4.964916733682608,0.06409346666979118
train_nested_oof,138,lowrank_ilr_quadratic,5.449319784457867,5.572325833272928,0.056042168164894594
train_nested_oof,139,lowrank_ilr_quadratic,4.83827004982875,5.107439564311617,0.12668996544265745
train_nested_oof,140,lowrank_ilr_quadratic,5.102373728385339,5.148038829662019,0.027432058443753925
train_nested_oof,141,lowrank_ilr_quadratic,5.222839227089515,5.329840990325659,0.06757892061383206
train_nested_oof,142,lowrank_ilr_quadratic,5.015156672551082,5.180883653382931,0.056775100123399966
train_nested_oof,143,lowrank_ilr_quadratic,4.806556151463435,5.057507576423445,0.0726095338601881
train_nested_oof,144,lowrank_ilr_quadratic,4.959281939726609,5.147566980784704,0.1269411250163806
train_nested_oof,145,lowrank_ilr_quadratic,5.952231370485746,5.646613665710513,0.15222856998827913
train_nested_oof,146,lowrank_ilr_quadratic,5.150994777679443,5.085182965778104,0.05252781629581692
train_nested_oof,147,lowrank_ilr_quadratic,5.291426695310152,5.3552440772909815,0.0724811675538995
train_nested_oof,148,lowrank_ilr_quadratic,4.931557105137752,5.354303949620581,0.2652156060532628
train_nested_oof,149,lowrank_ilr_quadratic,5.27410074380728,5.546102145968384,0.13898180113434075
train_nested_oof,150,lowrank_ilr_quadratic,5.937332300039438,5.642245755006753,0.17870105524874547
train_nested_oof,151,lowrank_ilr_quadratic,5.100791674393874,4.98466016112614,0.02970728049485915
train_nested_oof,152,lowrank_ilr_quadratic,5.498166927924523,4.924997444823291,0.6960499472478353
train_nested_oof,153,lowrank_ilr_quadratic,5.385987942035381,5.648578673865165,0.11584174227952719
train_nested_oof,154,lowrank_ilr_quadratic,5.031752347946167,5.184799164868565,0.03274710251063502
train_nested_oof,155,lowrank_ilr_quadratic,5.387985853048471,5.116827288293909,0.12691572823187594
train_nested_oof,156,lowrank_ilr_quadratic,5.079572989390447,5.09730678834596,0.03161589734952669
train_nested_oof,157,lowrank_ilr_quadratic,5.245475769042969,5.0877712564303925,0.04044035263175968
train_nested_oof,158,lowrank_ilr_quadratic,5.923797717461219,5.399179517176606,0.3686896867315388
train_nested_oof,159,lowrank_ilr_quadratic,5.11954140663147,5.523702403011736,0.27204800969071413
train_nested_oof,160,lowrank_ilr_quadratic,5.644763946533203,5.635366763135026,0.08182891358288163
train_nested_oof,161,lowrank_ilr_quadratic,5.495572090148926,5.246674736351845,0.1316210430343851
train_nested_oof,162,lowrank_ilr_quadratic,5.367383810190054,5.390708526941696,0.027646956779652582
train_nested_oof,163,lowrank_ilr_quadratic,5.3949007254380446,5.2588562152846805,0.10228267654794844
train_nested_oof,164,lowrank_ilr_quadratic,5.122750318967379,5.3869152279924135,0.1155222097604389
train_nested_oof,165,lowrank_ilr_quadratic,5.165469132936918,5.292508486817386,0.1211930685576747
train_nested_oof,166,lowrank_ilr_quadratic,5.544644575852614,5.545319743444397,0.03631099087954817
train_nested_oof,167,lowrank_ilr_quadratic,5.240923624772292,5.247659775601948,0.02296130765268474
train_nested_oof,168,lowrank_ilr_quadratic,5.24033796787262,4.9531415379843695,0.12824231903879663
train_nested_oof,169,lowrank_ilr_quadratic,5.386430887075571,5.6539977520812,0.09696171903439385
train_nested_oof,170,lowrank_ilr_quadratic,4.753428780115568,5.086242764234883,0.19764976912923957
train_nested_oof,171,lowrank_ilr_quadratic,5.758380779853234,5.2186206741767345,0.3997495967254513
train_nested_oof,172,lowrank_ilr_quadratic,4.881629925507766,5.112585317909373,0.06782483766807007
train_nested_oof,173,lowrank_ilr_quadratic,5.508442255166861,5.152554929143266,0.2191800456044022
train_nested_oof,174,lowrank_ilr_quadratic,5.495788207420936,5.539510251197759,0.007585320617872494
train_nested_oof,175,lowrank_ilr_quadratic,5.148220539093018,5.302562857960909,0.029014710368372592
train_nested_oof,176,lowrank_ilr_quadratic,5.556494043423579,5.151973661508112,0.19245312963132066
train_nested_oof,177,lowrank_ilr_quadratic,5.095407596001258,5.128187093295198,0.04062571707628526
train_nested_oof,178,lowrank_ilr_quadratic,5.937310732327974,5.665899844977409,0.09022222212396266
train_nested_oof,179,lowrank_ilr_quadratic,4.976028167284452,5.377633251167868,0.2735407794649309
train_nested_oof,180,lowrank_ilr_quadratic,5.494938593644362,5.586647552066479,0.040238926657823186
train_nested_oof,181,lowrank_ilr_quadratic,5.141839816020085,5.045008601745649,0.023540197025894813
train_nested_oof,182,lowrank_ilr_quadratic,5.295228261214036,5.414328170302637,0.02658045557643958
train_nested_oof,183,lowrank_ilr_quadratic,5.253902343603281,5.3993667012096145,0.039080461229074416
train_nested_oof,184,lowrank_ilr_quadratic,5.191439298483042,5.251816217574335,0.016127551442903062
train_nested_oof,185,lowrank_ilr_quadratic,5.2902715022747335,5.214202988397448,0.03673123807855005
train_nested_oof,186,lowrank_ilr_quadratic,4.878201521359957,5.290148799584886,0.19535689030482548
train_nested_oof,187,lowrank_ilr_quadratic,5.423074575570913,5.210684379162992,0.0772720746885256
train_nested_oof,188,lowrank_ilr_quadratic,5.185021583850567,5.695890558715242,0.35881725978697515
train_nested_oof,189,lowrank_ilr_quadratic,5.652520766625037,5.230477946778411,0.2805685370044338
train_nested_oof,190,lowrank_ilr_quadratic,5.019367126318125,5.4107197469780335,0.3245987583191523
train_nested_oof,191,lowrank_ilr_quadratic,5.316304060129019,5.202398600919135,0.15430587767981155
train_nested_oof,192,lowrank_ilr_quadratic,5.892361090733455,5.791714319167044,0.07611396018743617
train_nested_oof,193,lowrank_ilr_quadratic,5.536613170917217,5.73605768403524,0.059166294653637694
train_nested_oof,194,lowrank_ilr_quadratic,5.429344837482159,5.492850659751151,0.008997603648262551
train_nested_oof,195,lowrank_ilr_quadratic,4.924977174172034,4.953680653134811,0.022138907895362468
train_nested_oof,196,lowrank_ilr_quadratic,4.989451243327214,5.2623088345673406,0.10724964394638378
train_nested_oof,197,lowrank_ilr_quadratic,4.980419287314782,4.953940458701225,0.023192642804055544
train_nested_oof,198,lowrank_ilr_quadratic,5.206969554607685,5.105302207752449,0.07617780583626693
train_nested_oof,199,lowrank_ilr_quadratic,5.577325490804819,5.765841532652113,0.05167698452161345
train_nested_oof,200,lowrank_ilr_quadratic,4.981486100416917,5.287466342706876,0.11104477631078008
train_nested_oof,201,lowrank_ilr_quadratic,5.27765663770529,5.109406976469065,0.05671273443709832
train_nested_oof,202,lowrank_ilr_quadratic,5.150389304527869,5.187004225605245,0.009855307359934213
train_nested_oof,203,lowrank_ilr_quadratic,5.623192493732159,5.283395088978569,0.24617650588496742
train_nested_oof,204,lowrank_ilr_quadratic,4.941437867971567,5.193340282304261,0.10854153705780109
train_nested_oof,205,lowrank_ilr_quadratic,5.35276198387146,5.412888923853501,0.030956158638753232
train_nested_oof,206,lowrank_ilr_quadratic,5.266261522586529,5.5259607026126085,0.2404867405849853
train_nested_oof,207,lowrank_ilr_quadratic,5.7279043931227465,5.756013492872113,0.02126607456223418
train_nested_oof,208,lowrank_ilr_quadratic,5.5625254190885105,5.391899591367941,0.045803405818463365
train_nested_oof,209,lowrank_ilr_quadratic,5.313656513507549,5.063560429575863,0.11730172579841916
train_nested_oof,210,lowrank_ilr_quadratic,5.629430532455444,5.677903608602141,0.02893517067738189
train_nested_oof,211,lowrank_ilr_quadratic,4.933682166613066,4.981646713330126,0.03203008098579804
train_nested_oof,212,lowrank_ilr_quadratic,5.075303829633272,5.082558270910988,0.05251085225767842
train_nested_oof,213,lowrank_ilr_quadratic,5.264764015491192,5.094132418282858,0.08248227253771531
train_nested_oof,214,lowrank_ilr_quadratic,4.916725580508892,4.858492984913507,0.006568397399509521
train_nested_oof,215,lowrank_ilr_quadratic,5.386073754383967,5.663337303186897,0.08526966700061137
train_nested_oof,216,lowrank_ilr_quadratic,5.281318224393404,5.386363093147939,0.03605993723285612
train_nested_oof,217,lowrank_ilr_quadratic,5.939222537554228,5.403650220241563,0.3965480348932292
train_nested_oof,218,lowrank_ilr_quadratic,5.080042637311495,5.20830279627313,0.06687461580744027
train_nested_oof,219,lowrank_ilr_quadratic,5.515955741588886,5.447643445587681,0.01914315921306264
train_nested_oof,220,lowrank_ilr_quadratic,5.317405902422392,5.306239792135883,0.011411681469875189
train_nested_oof,221,lowrank_ilr_quadratic,5.251096872182993,5.314432600187063,0.02120178268842228
train_nested_oof,222,lowrank_ilr_quadratic,6.054345736136804,5.800629960201951,0.11182476586158142
train_nested_oof,223,lowrank_ilr_quadratic,5.7078226162837105,5.698900708454705,0.005453109035764346
train_nested_oof,224,lowrank_ilr_quadratic,5.286468689258282,5.066998103654246,0.1045660039536558
train_nested_oof,225,lowrank_ilr_quadratic,5.014853074000432,4.8528333653075855,0.06404920212241592
train_nested_oof,226,lowrank_ilr_quadratic,5.161886325249305,5.596254318205661,0.2198138820213339
train_nested_oof,227,lowrank_ilr_quadratic,4.919211167555589,5.122812073816566,0.08195735025424722
train_nested_oof,228,lowrank_ilr_quadratic,5.416094890007606,5.156726780201279,0.12077451849404316
train_nested_oof,229,lowrank_ilr_quadratic,5.332706378056453,5.109024482172771,0.11010648790493346
train_nested_oof,230,lowrank_ilr_quadratic,5.555266838807326,5.457603872222109,0.01962271483693343
train_nested_oof,231,lowrank_ilr_quadratic,5.509172256176289,5.251502334953698,0.1279300015058441
train_nested_oof,232,lowrank_ilr_quadratic,5.255817715938274,5.423964560370534,0.08211404708427976
train_nested_oof,233,lowrank_ilr_quadratic,5.338685842660757,5.452618044509986,0.05269225475167079
train_nested_oof,234,lowrank_ilr_quadratic,5.009716492432815,5.258758950792524,0.08640224913808574
train_nested_oof,235,lowrank_ilr_quadratic,5.199401617050171,5.147280102057365,0.06556163411934078
train_nested_oof,236,lowrank_ilr_quadratic,5.195423227090102,4.962258106658508,0.07132026650326567
train_nested_oof,237,lowrank_ilr_quadratic,5.799081563949585,5.519656370065592,0.15781723508598755
train_nested_oof,238,lowrank_ilr_quadratic,5.919422388076782,5.558228124727024,0.2625705991682385
train_nested_oof,239,lowrank_ilr_quadratic,5.059099765924307,5.051964125524482,0.02433644648193169
train_nested_oof,240,lowrank_ilr_quadratic,5.506106009850135,5.315382606710694,0.09467220409585277
train_nested_oof,241,lowrank_ilr_quadratic,5.525696662756113,5.306774692171165,0.07656729465503562
train_nested_oof,242,lowrank_ilr_quadratic,5.40106816475208,5.23565225492765,0.0525445432883593
train_nested_oof,243,lowrank_ilr_quadratic,5.341662150162917,5.095614975122861,0.22396573920614943
train_nested_oof,244,lowrank_ilr_quadratic,4.994082230788011,5.4811393586622845,0.31015150349369675
train_nested_oof,245,lowrank_ilr_quadratic,5.183573704499465,5.2367938193930845,0.010622784330685102
train_nested_oof,246,lowrank_ilr_quadratic,5.13984856238732,5.06899687558311,0.013988452093363909
train_nested_oof,247,lowrank_ilr_quadratic,5.323499386127178,5.418465399821902,0.024488650054129417
train_nested_oof,248,lowrank_ilr_quadratic,5.34416048343365,5.3526040341863865,0.08527912124815008
train_nested_oof,249,lowrank_ilr_quadratic,5.37323548243596,5.493284747604355,0.0588540984005117
train_nested_oof,250,lowrank_ilr_quadratic,5.615814529932463,5.498896328527163,0.04083633793215077
train_nested_oof,251,lowrank_ilr_quadratic,5.4239313785846415,5.493892913948665,0.017880430515043604
train_nested_oof,252,lowrank_ilr_quadratic,5.004812167241023,5.253977394502261,0.10880672667531627
train_nested_oof,253,lowrank_ilr_quadratic,5.4878202218275804,5.6988353370849065,0.12205421744608516
train_nested_oof,254,lowrank_ilr_quadratic,5.389522057313186,5.427095867935782,0.07251897888223933
train_nested_oof,255,lowrank_ilr_quadratic,5.556340786126944,5.475714701132151,0.03912161797040613
train_nested_oof,256,lowrank_ilr_quadratic,5.307339998391958,5.258461544280001,0.076172880719498
train_nested_oof,257,lowrank_ilr_quadratic,5.03038554925185,5.515442082158564,0.3108099140292906
train_nested_oof,258,lowrank_ilr_quadratic,5.418178778428298,5.3533131845940485,0.02271401577037679
train_nested_oof,259,lowrank_ilr_quadratic,5.371851370884822,5.237411099961234,0.14593956317142795
train_nested_oof,260,lowrank_ilr_quadratic,5.7834014525780315,5.534347929630825,0.1097698160938756
train_nested_oof,261,lowrank_ilr_quadratic,5.06170626787039,4.813727514324122,0.08170967179713438
train_nested_oof,262,lowrank_ilr_quadratic,5.518408151773306,5.637585693210037,0.05218236975566552
train_nested_oof,263,lowrank_ilr_quadratic,5.314384533808782,5.064347937621838,0.10518173388739914
train_nested_oof,264,lowrank_ilr_quadratic,5.524590308849628,5.74595485265541,0.06051938479961974
train_nested_oof,265,lowrank_ilr_quadratic,5.651582589516273,5.622186039639449,0.015889196989538005
train_nested_oof,266,lowrank_ilr_quadratic,5.377012876363901,5.446162451695922,0.03801791459440857
train_nested_oof,267,lowrank_ilr_quadratic,5.555308268620418,5.6607632160250745,0.028269122493890114
train_nested_oof,268,lowrank_ilr_quadratic,5.118859511155349,5.12029196766934,0.016471530475029108
train_nested_oof,269,lowrank_ilr_quadratic,5.7348542763636665,5.016664597835767,0.677377931233999
train_nested_oof,270,lowrank_ilr_quadratic,4.772263802014864,5.017196275349233,0.0861905107291592
train_nested_oof,271,lowrank_ilr_quadratic,5.168233174544114,5.24845474915359,0.028836145288023564
train_nested_oof,272,lowrank_ilr_quadratic,5.113263203547551,5.385609105633969,0.12243526135997332
train_nested_oof,273,lowrank_ilr_quadratic,5.372246265411377,5.071742196260991,0.13737215295360936
train_nested_oof,274,lowrank_ilr_quadratic,5.4840655877039985,5.310178229463082,0.05082123585205273
train_nested_oof,275,lowrank_ilr_quadratic,5.481735412891094,5.257368753145201,0.10187787415580493
train_nested_oof,276,lowrank_ilr_quadratic,5.6565719567812405,5.300266370633198,0.16348329067448936
train_nested_oof,277,lowrank_ilr_quadratic,5.6439738273620605,5.486695992343622,0.07597126751346064
train_nested_oof,278,lowrank_ilr_quadratic,5.830113245890691,5.5255950516773265,0.16204990773151465
train_nested_oof,279,lowrank_ilr_quadratic,5.660053179814265,5.492733774084248,0.04382211936002096
train_nested_oof,280,lowrank_ilr_quadratic,5.6408299299386835,5.564871642964485,0.07763931561668208
train_nested_oof,281,lowrank_ilr_quadratic,5.064841105387761,5.021530287620213,0.03325740742084916
train_nested_oof,282,lowrank_ilr_quadratic,5.228692348186787,5.173289660797436,0.07477208573820984
train_nested_oof,283,lowrank_ilr_quadratic,5.9031042869274435,5.388892188941008,0.4263745167542054
train_nested_oof,284,lowrank_ilr_quadratic,5.360134968390832,5.637046042449745,0.1701967283681192
train_nested_oof,285,lowrank_ilr_quadratic,5.571967161618746,5.368230021387952,0.12326623820134183
train_nested_oof,286,lowrank_ilr_quadratic,5.467186029140766,5.677946907261949,0.09318460860205137
train_nested_oof,287,lowrank_ilr_quadratic,5.316890203035795,5.388310207641992,0.08944962449518506
train_nested_oof,288,lowrank_ilr_quadratic,5.25947904586792,5.3684654068892055,0.08035682945077387
train_nested_oof,289,lowrank_ilr_quadratic,5.4515665127680855,5.373407773865005,0.03684532097134172
train_nested_oof,290,lowrank_ilr_quadratic,5.292156980587886,5.484731691886863,0.10870282016871813
train_nested_oof,291,lowrank_ilr_quadratic,5.612547966150137,5.2174414677658865,0.2639740096101418
train_nested_oof,292,lowrank_ilr_quadratic,6.091124222828792,5.588208424732253,0.3870763029260003
train_nested_oof,293,lowrank_ilr_quadratic,5.161940959783701,5.47275194607302,0.1362376394426705
train_nested_oof,294,lowrank_ilr_quadratic,6.396356949439416,5.656862269910315,0.7745437956223709
train_nested_oof,295,lowrank_ilr_quadratic,5.254497766494751,5.235929665036987,0.020569058104762776
train_nested_oof,296,lowrank_ilr_quadratic,5.7086256467379055,5.720021223263698,0.06666156592472645
train_nested_oof,297,lowrank_ilr_quadratic,5.428704261779785,5.217171691064279,0.18963142579507972
train_nested_oof,298,lowrank_ilr_quadratic,5.2843863138785725,5.211478263050894,0.04668837847611167
train_nested_oof,299,lowrank_ilr_quadratic,5.40080110843365,5.153370959543458,0.12503928927246916
train_nested_oof,300,lowrank_ilr_quadratic,6.15841504243704,5.605603500452334,0.44627981915628107
train_nested_oof,301,lowrank_ilr_quadratic,5.000038953927847,4.9342352298132734,0.011785605833216499
train_nested_oof,302,lowrank_ilr_quadratic,5.348329067230225,5.416535227173515,0.03709990856042687
train_nested_oof,303,lowrank_ilr_quadratic,5.872115960487952,5.6377261606212254,0.11280308089321589
train_nested_oof,304,lowrank_ilr_quadratic,5.591289556943453,5.4995766462130105,0.041846589540734946
train_nested_oof,305,lowrank_ilr_quadratic,6.041809155390813,5.792948662725515,0.14013496646821896
train_nested_oof,306,lowrank_ilr_quadratic,5.382696005014273,5.280442152607931,0.041143333818609365
train_nested_oof,307,lowrank_ilr_quadratic,5.53076459811284,5.751894410855309,0.1405782379238691
train_nested_oof,308,lowrank_ilr_quadratic,4.991022513462947,4.707826517564931,0.18735190638468208
train_nested_oof,309,lowrank_ilr_quadratic,5.542721051436204,5.559231342143294,0.045056474043467624
train_nested_oof,310,lowrank_ilr_quadratic,5.260374949528621,5.565734287208688,0.18675692581583936
train_nested_oof,311,lowrank_ilr_quadratic,4.919286214388334,5.038209999662613,0.030703938307652785
train_nested_oof,312,lowrank_ilr_quadratic,5.421507065112774,5.555010592355482,0.06825621992171468
train_nested_oof,313,lowrank_ilr_quadratic,5.611201561414278,5.480083891731709,0.054897594100148744
train_nested_oof,314,lowrank_ilr_quadratic,5.246305025540865,5.057497104778204,0.04919860970400335
train_nested_oof,315,lowrank_ilr_quadratic,5.568589925765991,5.744037634830037,0.11998794827465721
train_nested_oof,316,lowrank_ilr_quadratic,5.172437704526461,5.111899240886374,0.013399261216894099
train_nested_oof,317,lowrank_ilr_quadratic,5.737836654369648,5.82045968842146,0.020487596963817304
train_nested_oof,318,lowrank_ilr_quadratic,5.92633593082428,5.353685505755132,0.4137989666266114
train_nested_oof,319,lowrank_ilr_quadratic,5.4916139382582445,5.367803014768418,0.06201381785389769
train_nested_oof,320,lowrank_ilr_quadratic,5.526452798109788,5.31569460664674,0.17936534614831506
train_nested_oof,321,lowrank_ilr_quadratic,5.502916281039898,5.514930208324665,0.014844921555106342
train_nested_oof,322,lowrank_ilr_quadratic,5.884679794311523,5.613058036998205,0.14084357201640602
train_nested_oof,323,lowrank_ilr_quadratic,4.9917039687816915,4.817571552806034,0.08246884135838006
train_nested_oof,324,lowrank_ilr_quadratic,5.27025844500615,5.414084442555424,0.032951311168806646
train_nested_oof,325,lowrank_ilr_quadratic,5.309898376464844,5.15372906305687,0.12353348236439908
train_nested_oof,326,lowrank_ilr_quadratic,5.264256734114427,4.953290656263335,0.15013981128779194
train_nested_oof,327,lowrank_ilr_quadratic,5.226937073927659,5.5527501392667356,0.2624653126071152
train_nested_oof,328,lowrank_ilr_quadratic,6.758002519607544,5.661062119711787,1.6832074924095257
train_nested_oof,329,lowrank_ilr_quadratic,5.574751523824839,5.585067028547683,0.01812606591450032
train_nested_oof,330,lowrank_ilr_quadratic,5.108058525965764,5.364962223976288,0.09151535061779001
train_nested_oof,331,lowrank_ilr_quadratic,5.055047603753897,5.283235209444353,0.07349464739610113
train_nested_oof,332,lowrank_ilr_quadratic,5.271875674907978,5.40110394255065,0.1185274227885363
train_nested_oof,333,lowrank_ilr_quadratic,5.157759996560904,5.225934384714653,0.028088729859376257
train_nested_oof,334,lowrank_ilr_quadratic,5.233025404123159,5.312782598994175,0.014673650163541416
train_nested_oof,335,lowrank_ilr_quadratic,5.669360142487746,5.4535474977701135,0.14909128888365028
train_nested_oof,336,lowrank_ilr_quadratic,5.511850173656757,5.4073745127949016,0.03903603414271013
train_nested_oof,337,lowrank_ilr_quadratic,5.4885938717768745,5.308942262511428,0.07782896912613518
train_nested_oof,338,lowrank_ilr_quadratic,5.3023834595313435,5.183130759702447,0.08013476096734107
train_nested_oof,339,lowrank_ilr_quadratic,5.181351038125845,4.91556525972002,0.09075758871857025
train_nested_oof,340,lowrank_ilr_quadratic,4.951281474186824,5.1342888846913715,0.07293351417944735
train_nested_oof,341,lowrank_ilr_quadratic,5.420316439408523,5.595434800678489,0.08830282167162179
train_nested_oof,342,lowrank_ilr_quadratic,5.323123565086951,5.381638419972932,0.03562214069075021
train_nested_oof,343,lowrank_ilr_quadratic,5.10161095399123,5.344369112084502,0.08464326659203418
train_nested_oof,344,lowrank_ilr_quadratic,5.805060203258808,5.784963170248646,0.022633213207477625
train_nested_oof,345,lowrank_ilr_quadratic,5.447537899017334,5.385180347359948,0.08116976297775744
train_nested_oof,346,lowrank_ilr_quadratic,4.819319413258479,4.997039080139005,0.04486301417969601
train_nested_oof,347,lowrank_ilr_quadratic,5.474208795107328,5.226555502114825,0.08133603825206129
train_nested_oof,348,lowrank_ilr_quadratic,5.513573683225191,5.470434162223993,0.03657827113485591
train_nested_oof,349,lowrank_ilr_quadratic,4.789364090332618,4.72957927485645,0.04411209362223285
train_nested_oof,350,lowrank_ilr_quadratic,4.949371282870953,4.868320999015161,0.023396067942625557
train_nested_oof,351,lowrank_ilr_quadratic,5.155112578318669,5.316851477534756,0.045437630839908524
train_nested_oof,352,lowrank_ilr_quadratic,6.082065105438232,5.213205057565957,1.0473953771739664
train_nested_oof,353,lowrank_ilr_quadratic,4.982067768390362,5.087106944984532,0.03988252333313126
train_nested_oof,354,lowrank_ilr_quadratic,5.095458324138935,5.15586727987082,0.030055566466648823
train_nested_oof,355,lowrank_ilr_quadratic,5.431123109964224,5.249827794490549,0.062364314741339154
train_nested_oof,356,lowrank_ilr_quadratic,5.071555045934824,5.274114739172247,0.07678713299183537
train_nested_oof,357,lowrank_ilr_quadratic,5.1868560039080105,4.898175400050348,0.14480848292150125
train_nested_oof,358,lowrank_ilr_quadratic,5.22973895072937,5.389846863391295,0.12249565664916276
train_nested_oof,359,lowrank_ilr_quadratic,5.089330783257117,5.593297034330655,0.3792546282526156
train_nested_oof,360,lowrank_ilr_quadratic,5.347133031258216,5.253544241385173,0.03490339196636265
train_nested_oof,361,lowrank_ilr_quadratic,5.629197524144099,5.521162436017208,0.023015362443710607
train_nested_oof,362,lowrank_ilr_quadratic,5.672273489145132,5.412747795225011,0.14110093630681336
train_nested_oof,363,lowrank_ilr_quadratic,5.077806289379414,5.381544673395111,0.10011827915807013
train_nested_oof,364,lowrank_ilr_quadratic,5.59030400789701,5.470742883577274,0.03695672398239762
train_nested_oof,365,lowrank_ilr_quadratic,4.976911544799805,5.344130497155681,0.15942784650148908
train_nested_oof,366,lowrank_ilr_quadratic,5.484955695959238,5.245603139821043,0.07573014896449287
train_nested_oof,367,lowrank_ilr_quadratic,4.912813470913814,4.935250272874025,0.05780462673519257
train_nested_oof,368,lowrank_ilr_quadratic,4.928864295666035,5.0643499285214135,0.045000603840627984
train_nested_oof,369,lowrank_ilr_quadratic,5.482219567665687,5.489553382819245,0.040953995728728966
train_nested_oof,370,lowrank_ilr_quadratic,5.380783301133376,5.4942523963303085,0.051655628419635474
train_nested_oof,371,lowrank_ilr_quadratic,5.210643355663006,5.301377520766678,0.01900890315614581
train_nested_oof,372,lowrank_ilr_quadratic,5.45513941691472,5.505653664122225,0.07205105450560403
train_nested_oof,373,lowrank_ilr_quadratic,5.800429747654841,5.517747333913846,0.1343939787067226
train_nested_oof,374,lowrank_ilr_quadratic,5.3152457017164965,5.851353984155433,0.3698984310801171
train_nested_oof,375,lowrank_ilr_quadratic,5.317656076871431,5.248860124213004,0.04725308265714593
train_nested_oof,376,lowrank_ilr_quadratic,5.38286698781527,5.461899809679645,0.08611869365968537
train_nested_oof,377,lowrank_ilr_quadratic,5.371554961571326,5.462489571144804,0.040563681519731346
train_nested_oof,378,lowrank_ilr_quadratic,6.05059737425584,5.606549837092978,0.23021006141015052
train_nested_oof,379,lowrank_ilr_quadratic,4.8844727736253,5.175617158580062,0.11266414044521793
train_nested_oof,380,lowrank_ilr_quadratic,5.615977342312153,5.087515779254734,0.47017087130290997
train_nested_oof,381,lowrank_ilr_quadratic,5.012710406230046,5.214868714129323,0.11056871953532187
train_nested_oof,382,lowrank_ilr_quadratic,6.0491665326631985,5.735070448448587,0.22630644503039163
train_nested_oof,383,lowrank_ilr_quadratic,6.205285732562725,5.2177871888597736,1.1385085692146544
train_nested_oof,384,lowrank_ilr_quadratic,4.9754770535689135,4.9808552970511695,0.055893666189877914
train_nested_oof,385,lowrank_ilr_quadratic,5.126936912536621,5.243483481411245,0.02292458198206102
train_nested_oof,386,lowrank_ilr_quadratic,6.058488790805523,5.446145217468895,0.5136279302844055
train_nested_oof,387,lowrank_ilr_quadratic,6.239235474513127,5.4990080977954126,0.8933686667583849
train_nested_oof,388,lowrank_ilr_quadratic,5.574407174037053,5.317521284147537,0.09226720147695545
train_nested_oof,389,lowrank_ilr_quadratic,5.805640147282527,5.186431525115239,0.46804389923674733
train_nested_oof,390,lowrank_ilr_quadratic,5.128426423439612,5.531525627118861,0.18212249898044386
train_nested_oof,391,lowrank_ilr_quadratic,5.583163958329421,5.49313524068746,0.03721713561455419
train_nested_oof,392,lowrank_ilr_quadratic,5.3277291517991285,5.362380679605701,0.059487648008927904
train_nested_oof,393,lowrank_ilr_quadratic,4.8987074081714335,5.033579029419579,0.04451912104764421
train_nested_oof,394,lowrank_ilr_quadratic,5.782568711500901,5.479656041311409,0.20507723292939442
train_nested_oof,395,lowrank_ilr_quadratic,5.253134094751799,5.2872443117550425,0.026153153403342476
train_nested_oof,396,lowrank_ilr_quadratic,5.5238377681145305,5.560002078410022,0.012821477112920539
train_nested_oof,397,lowrank_ilr_quadratic,5.1657520440908575,5.738143706540983,0.4657588187475757
train_nested_oof,398,lowrank_ilr_quadratic,5.180898207884568,5.210074076851063,0.1490116386975808
train_nested_oof,399,lowrank_ilr_quadratic,5.519307631712693,5.7484807100365,0.08611417793057007
train_nested_oof,400,lowrank_ilr_quadratic,5.013546888644878,5.108715636846525,0.03410749699902858
train_nested_oof,401,lowrank_ilr_quadratic,4.867796861208403,5.109393948977005,0.09207292107866957
train_nested_oof,402,lowrank_ilr_quadratic,5.215671227528499,5.329700822490979,0.09785359468079827
train_nested_oof,403,lowrank_ilr_quadratic,4.9522881141075725,5.1860504281146556,0.08660543329446325
train_nested_oof,404,lowrank_ilr_quadratic,5.017572696392353,5.409526282731144,0.2340344590399095
train_nested_oof,405,lowrank_ilr_quadratic,5.418186976359441,5.346081666771988,0.043058615268317696
train_nested_oof,406,lowrank_ilr_quadratic,5.359878778457642,5.371376383623726,0.01851974949588447
train_nested_oof,407,lowrank_ilr_quadratic,5.137108692756066,5.3767392076925296,0.07471222726002633
train_nested_oof,408,lowrank_ilr_quadratic,5.67198214164147,5.462604055022244,0.07121633494634566
train_nested_oof,409,lowrank_ilr_quadratic,4.944631301439726,5.006619636844127,0.023423934090045055
train_nested_oof,410,lowrank_ilr_quadratic,5.49001851448646,5.006535306886482,0.3202448979001541
train_nested_oof,411,lowrank_ilr_quadratic,5.2178285488715535,5.347959973775189,0.03851646848810722
train_nested_oof,412,lowrank_ilr_quadratic,5.691750398048987,5.365707130251607,0.133741584609537
train_nested_oof,413,lowrank_ilr_quadratic,5.358504588787373,5.237965593362616,0.06019000247593654
train_nested_oof,414,lowrank_ilr_quadratic,5.09181979069343,5.358922930367102,0.1000087942125215
train_nested_oof,415,lowrank_ilr_quadratic,5.052486749795767,4.983219282124092,0.0215937257790777
train_nested_oof,416,lowrank_ilr_quadratic,5.228025381381695,5.493874809540715,0.11973779127688111
train_nested_oof,417,lowrank_ilr_quadratic,4.965925161655132,4.827275817277269,0.0978426829955706
train_nested_oof,418,lowrank_ilr_quadratic,5.894948904330914,5.488094492761791,0.21256617281109103
train_nested_oof,419,lowrank_ilr_quadratic,4.907001770459688,5.120921882498383,0.07979986880304658
train_nested_oof,420,lowrank_ilr_quadratic,5.029015962894146,5.314572387808989,0.12180648260877588
train_nested_oof,421,lowrank_ilr_quadratic,5.417145197208111,5.348886180414946,0.08282886823114555
train_nested_oof,422,lowrank_ilr_quadratic,4.96103495817918,5.227318769364776,0.15631129904503843
train_nested_oof,423,lowrank_ilr_quadratic,5.655895123114953,5.4542709454067495,0.07163346630933434
train_nested_oof,424,lowrank_ilr_quadratic,4.899122439897978,4.923809957429565,0.015974256619704967
train_nested_oof,425,lowrank_ilr_quadratic,4.995036235222449,5.425791864370504,0.24897139159086318
train_nested_oof,426,lowrank_ilr_quadratic,5.170091940806462,5.180141572583215,0.021641203926115436
train_nested_oof,427,lowrank_ilr_quadratic,5.257874892308162,5.4311434702853365,0.22395219441530265
train_nested_oof,428,lowrank_ilr_quadratic,4.988566600359404,5.27772018995179,0.11869585437377415
train_nested_oof,429,lowrank_ilr_quadratic,6.001700621384841,5.990356521053288,0.03573006234913283
train_nested_oof,430,lowrank_ilr_quadratic,5.0852461228003865,5.104140416799855,0.012658247920948936
train_nested_oof,431,lowrank_ilr_quadratic,4.967501548620371,5.146481491523929,0.05616806188321713
train_nested_oof,432,lowrank_ilr_quadratic,5.407969749890841,4.930294320197591,0.283582732830769
train_nested_oof,433,lowrank_ilr_quadratic,5.276859686924861,5.554756748417768,0.11236172845082686
train_nested_oof,434,lowrank_ilr_quadratic,4.836559809171236,4.921021811408663,0.012354076425940587
train_nested_oof,435,lowrank_ilr_quadratic,6.334114698263315,5.483527862758681,0.9935601141626157
train_nested_oof,436,lowrank_ilr_quadratic,5.860291627737192,5.486558884944088,0.23512532551183035
train_nested_oof,437,lowrank_ilr_quadratic,5.229294428458581,5.32361547127493,0.025112265332886956
train_nested_oof,438,lowrank_ilr_quadratic,4.912032475838294,5.094188243348678,0.05908287210776472
train_nested_oof,439,lowrank_ilr_quadratic,5.155846769993122,5.4450743487056235,0.1197035731467424
train_nested_oof,440,lowrank_ilr_quadratic,5.038766714242788,4.980384504030841,0.02926545867998052
train_nested_oof,441,lowrank_ilr_quadratic,5.302644949692946,5.1614196569826225,0.12071578163629428
train_nested_oof,442,lowrank_ilr_quadratic,4.949524090840266,5.355661299968845,0.20059409234424838
train_nested_oof,443,lowrank_ilr_quadratic,5.054934795086201,5.015643911587606,0.10437847539078225
train_nested_oof,444,lowrank_ilr_quadratic,5.759063757382906,5.2875391779142635,0.33682980361687037
train_nested_oof,445,lowrank_ilr_quadratic,4.95904712493603,4.935311955418708,0.02053632673577663
train_nested_oof,446,lowrank_ilr_quadratic,5.325273202015803,5.417050322206103,0.07373687231571903
train_nested_oof,447,lowrank_ilr_quadratic,5.274159523156973,5.397595399251485,0.08229568853545893
train_nested_oof,448,lowrank_ilr_quadratic,5.06376838684082,5.376950979153522,0.20580474134596824
train_nested_oof,449,lowrank_ilr_quadratic,5.2479963669410115,5.480116451709491,0.150026608836337
train_nested_oof,450,lowrank_ilr_quadratic,5.777711996665368,5.88336314815267,0.03498349074562369
train_nested_oof,451,lowrank_ilr_quadratic,5.305993015949543,5.399924525196156,0.028885637518440175
train_nested_oof,452,lowrank_ilr_quadratic,5.576637203876789,5.6282635283298585,0.030925462874282602
train_nested_oof,453,lowrank_ilr_quadratic,5.505244493484497,5.441488039268918,0.030435256739189252
train_nested_oof,454,lowrank_ilr_quadratic,5.030335224591768,5.257481320799668,0.12921851244745197
train_nested_oof,455,lowrank_ilr_quadratic,5.263978536312397,5.091448138721424,0.0631493366454319
train_nested_oof,456,lowrank_ilr_quadratic,5.485509193860567,5.3807856462185635,0.04413815992953986
train_nested_oof,457,lowrank_ilr_quadratic,5.417599476300753,5.662684964284264,0.1290718513993678
train_nested_oof,458,lowrank_ilr_quadratic,5.454484902895414,5.578424885331462,0.04510022745495924
train_nested_oof,459,lowrank_ilr_quadratic,5.288934634282039,5.299090194128326,0.006869195370065395
train_nested_oof,460,lowrank_ilr_quadratic,5.500341011927678,5.2995433719772,0.07362496494497922
train_nested_oof,461,lowrank_ilr_quadratic,5.305441599625808,5.796259882901982,0.381966558082573
train_nested_oof,462,lowrank_ilr_quadratic,5.101687339635996,5.519609614986871,0.2592943738810086
train_nested_oof,463,lowrank_ilr_quadratic,5.435612165010893,5.228844567750981,0.1359077129640556
train_nested_oof,464,lowrank_ilr_quadratic,5.392031669616699,5.25073158747387,0.0316302455955529
train_nested_oof,465,lowrank_ilr_quadratic,6.246409948055561,5.656591217356861,0.41287780745159175
train_nested_oof,466,lowrank_ilr_quadratic,4.991350669127244,5.070692315495808,0.021541634187877585
train_nested_oof,467,lowrank_ilr_quadratic,5.219642088963435,5.129228193101942,0.04116770841044585
train_nested_oof,468,lowrank_ilr_quadratic,5.8366319583012505,5.902840789415553,0.03892542649162643
train_nested_oof,469,lowrank_ilr_quadratic,5.090020106388972,5.233709941829281,0.04644078347375513
train_nested_oof,470,lowrank_ilr_quadratic,5.082184608166035,4.939288270785247,0.03833959910845133
train_nested_oof,471,lowrank_ilr_quadratic,5.141508432535025,5.290951112342646,0.09578639663141345
train_nested_oof,472,lowrank_ilr_quadratic,5.559896487456101,5.287475291600264,0.2276961638633278
train_nested_oof,473,lowrank_ilr_quadratic,5.452413852398212,5.36574848354159,0.05142524402263646
train_nested_oof,474,lowrank_ilr_quadratic,5.464592860295222,5.633109202128896,0.03922161319286406
train_nested_oof,475,lowrank_ilr_quadratic,5.070542518909161,5.2414585071748165,0.04351682413342534
train_nested_oof,476,lowrank_ilr_quadratic,5.3017718975360575,5.204643362765282,0.027887500554173265
train_nested_oof,477,lowrank_ilr_quadratic,4.841120279752291,5.152976610823411,0.1556943764158688
train_nested_oof,478,lowrank_ilr_quadratic,5.035210719475379,4.847503430138429,0.05345101909933005
train_nested_oof,479,lowrank_ilr_quadratic,4.991526310260479,5.362372456263118,0.1858757280297234
train_nested_oof,480,lowrank_ilr_quadratic,6.170672178268433,5.2404876902158115,1.1422574629650304
train_nested_oof,481,lowrank_ilr_quadratic,5.745120635399451,5.209475996079306,0.378883283806504
train_nested_oof,482,lowrank_ilr_quadratic,5.4759024656735935,5.640006123054514,0.1897021243170201
train_nested_oof,483,lowrank_ilr_quadratic,5.1057652326730585,5.114893903112108,0.06559772518171927
train_nested_oof,484,lowrank_ilr_quadratic,5.455598702797523,5.588356758081095,0.05201787435973439
train_nested_oof,485,lowrank_ilr_quadratic,5.0685954093933105,5.319392056027065,0.08646663310253723
train_nested_oof,486,lowrank_ilr_quadratic,5.178144821753869,5.1539258388271145,0.08127179315286948
train_nested_oof,487,lowrank_ilr_quadratic,6.174967270631057,5.736964468437875,0.303316871571787
train_nested_oof,488,lowrank_ilr_quadratic,5.847340822219849,5.4707308879025245,0.24899065774764634
train_nested_oof,489,lowrank_ilr_quadratic,5.207778472166795,5.456854021254007,0.14165808284808826
train_nested_oof,490,lowrank_ilr_quadratic,5.490812044877273,5.249342848993696,0.07738275151943869
train_nested_oof,491,lowrank_ilr_quadratic,5.529909739127526,5.1864744880788916,0.150522644533675
train_nested_oof,492,lowrank_ilr_quadratic,5.235699919553904,5.013021607505958,0.06394888624700927
train_nested_oof,493,lowrank_ilr_quadratic,5.376889632298396,5.756097881317245,0.292284083294286
train_nested_oof,494,lowrank_ilr_quadratic,5.393037410882803,5.318905158040214,0.06827835793182921
train_nested_oof,495,lowrank_ilr_quadratic,4.911649593940148,4.985672528661993,0.023383992449267997
train_nested_oof,496,lowrank_ilr_quadratic,5.179699375079228,5.056065482585743,0.056593857136996426
train_nested_oof,497,lowrank_ilr_quadratic,4.952001645014836,5.443491418656084,0.3012976441345721
train_nested_oof,498,lowrank_ilr_quadratic,5.3830383374140816,5.3143391954586585,0.021695676478705482
train_nested_oof,499,lowrank_ilr_quadratic,5.063532792604887,4.866218209657591,0.07795298235736547
train_nested_oof,500,lowrank_ilr_quadratic,5.382334030591524,5.539100499019003,0.041741949018082855
train_nested_oof,501,lowrank_ilr_quadratic,5.51168416096614,5.686328980446506,0.1326074760157092
train_nested_oof,502,lowrank_ilr_quadratic,5.310084141217745,5.032854511079366,0.11935071634867375
train_nested_oof,503,lowrank_ilr_quadratic,5.27580294242272,4.974924521326245,0.09968602823308942
train_nested_oof,504,lowrank_ilr_quadratic,5.0050808282998895,5.4031128221296125,0.25008390677643605
train_nested_oof,505,lowrank_ilr_quadratic,5.226062151101919,5.235931805262608,0.03588504092629328
train_nested_oof,506,lowrank_ilr_quadratic,5.2189785333780145,5.700390044606346,0.31146512865436987
train_nested_oof,507,lowrank_ilr_quadratic,4.9429234724778395,5.012371408992609,0.02126604241755512
train_nested_oof,508,lowrank_ilr_quadratic,5.213699120741624,5.27679931388873,0.025297739747880174
train_nested_oof,509,lowrank_ilr_quadratic,5.799065553225004,5.497790605362868,0.12655301775933184
train_nested_oof,510,lowrank_ilr_quadratic,5.8304275549375095,5.892937663341316,0.03405566854872282
train_nested_oof,511,lowrank_ilr_quadratic,5.1176449335538425,5.6336453491250715,0.3252293035256911
train_nested_oof,512,lowrank_ilr_quadratic,6.006154610560491,5.465938649712517,0.34719181957860895
test_1m,1,v2,5.373965153327355,5.7630901670437185,0.23761518210985197
test_1m,2,v2,4.87088759128864,4.667607640267975,0.06534974307836833
test_1m,3,v2,5.0853205277369575,5.274091554212555,0.04567018344956442
test_1m,4,v2,5.274973685924824,5.374862280776309,0.028410895780086994
test_1m,5,v2,5.359663541500385,5.421091305844736,0.03741035401026067
test_1m,6,v2,4.832554211983314,4.757099871141843,0.011073715729411503
test_1m,7,v2,6.1226600133455715,5.752529326621623,0.16571446258899225
test_1m,8,v2,5.555017544673039,5.137207462246803,0.21329018033153388
test_1m,9,v2,5.278190264335046,5.147992002470067,0.025461701500986485
test_1m,10,v2,5.622174207980816,5.719414103682443,0.042393581654777406
test_1m,11,v2,5.316068282494178,5.490940164850538,0.050866879879705576
test_1m,12,v2,5.243096773441021,5.378257837997991,0.055684980487219114
test_1m,13,v2,5.3679552261645975,5.405297027372715,0.012118605279224424
test_1m,14,v2,5.620352524977464,5.425199476781293,0.06282243439112994
test_1m,15,v2,5.108994245529175,5.622168089207888,0.3275254736534423
test_1m,16,v2,5.430535133068378,5.530400318487351,0.02560832728736173
test_1m,17,v2,5.153882228411161,5.311179267775206,0.06757555319537017
test_1m,18,v2,5.012001450245197,5.470192267607961,0.2589790261724334
test_1m,19,v2,5.573129892349243,5.497823861291873,0.03915036932326132
test_1m,20,v2,5.411105082585261,5.547470722283397,0.0743237428552085
test_1m,21,v2,5.185511203912588,5.152896096307526,0.018131753202255557
test_1m,22,v2,5.426152119269738,5.503767094948156,0.03238747654309905
test_1m,23,v2,5.119761852117685,5.280862768367781,0.04080373913454935
test_1m,24,v2,5.380604853996863,5.441580203369647,0.014281832772076914
test_1m,25,v2,4.985298065038828,5.0874835864045584,0.018857152864563076
test_1m,26,v2,6.030289613283598,5.490819748995689,0.336424879467737
test_1m,27,v2,5.3554720145005446,5.355065100726571,0.06835874637525531
test_1m,28,v2,4.822077512741089,4.8208355437390855,0.005470827733488422
test_1m,29,v2,5.511135798234206,5.595454935539961,0.02876990815962245
test_1m,30,v2,5.3289276269766,5.234236698858194,0.01146509190899641
test_1m,31,v2,5.541824230780969,5.5651679605940565,0.025449238267463835
test_1m,32,v2,4.942216506371131,5.056581052005087,0.03709263126854114
test_1m,33,v2,4.850861732776348,5.021260821050377,0.039219527705831925
test_1m,34,v2,5.470191625448374,5.27663494163315,0.08414860782679409
test_1m,35,v2,4.842583014414861,4.997782051043777,0.061857173691972404
test_1m,36,v2,4.996479859718909,5.184578780665868,0.058273395402969656
test_1m,37,v2,5.3476937183967,5.329556958574225,0.021617891032170364
test_1m,38,v2,5.533937160785381,5.4385734141259725,0.019308323061465398
test_1m,39,v2,5.247154749356783,5.315738312724322,0.007876285691054353
test_1m,40,v2,4.861885676017175,4.931578200070529,0.007684847052968371
test_1m,41,v2,4.824003237944383,5.000047979598894,0.04624117006564421
test_1m,42,v2,5.514141229482798,5.342449942198276,0.11966136069912824
test_1m,43,v2,5.512701438023494,5.3054854842563035,0.0670343207010733
test_1m,44,v2,5.065673901484563,5.19077349071558,0.021707018225175553
test_1m,45,v2,4.894003648024339,5.184268963993943,0.14452518332296885
test_1m,46,v2,5.1635107810680685,5.221365025779343,0.009345192830584175
test_1m,47,v2,5.117653076465313,5.580922287210186,0.3259338167591543
test_1m,48,v2,5.232946267494788,5.256442841304035,0.005668629464899085
test_1m,49,v2,5.485732243611262,5.415435019334568,0.011459873620867709
test_1m,50,v2,4.918953253672673,5.091467033190023,0.048436426087259836
test_1m,51,v2,5.210708599824172,5.203291880723831,0.033542486147306164
test_1m,52,v2,5.616335960534903,5.561875297209283,0.022656830156680425
test_1m,53,v2,4.925976707385137,4.952053556663993,0.022965493638494372
test_1m,54,v2,5.445093961862417,5.422229767669491,0.05562705076220036
test_1m,55,v2,5.4119741183060865,5.464661671522264,0.016280211279490153
test_1m,56,v2,5.022448970721318,5.061091535669765,0.017016849011510158
test_1m,57,v2,6.0019166836371785,5.595200738780265,0.23158401538061568
test_1m,58,v2,4.8247223909084616,5.060011443813682,0.0728673435123872
test_1m,59,v2,4.857201796311599,4.656930709814313,0.149219104560324
test_1m,60,v2,5.41318128659175,5.406773403237938,0.021273146589817552
test_1m,61,v2,5.597858062157264,5.453103667778267,0.04623593167183289
test_1m,62,v2,5.30172061920166,5.415525811046769,0.02906093552218588
test_1m,63,v2,5.682907618009127,5.405322132346284,0.2961884235601246
test_1m,64,v2,4.841868152985206,4.946750400942685,0.013325995941836592
test_1m,65,v2,5.357793001028208,5.554639751020913,0.16919128763136324
test_1m,66,v2,5.643125313978929,5.413214803897635,0.11264245662982285
test_1m,67,v2,5.974604258170495,5.5117799272387495,0.311315637220711
test_1m,68,v2,4.849615793961745,5.205867233006385,0.18347907994346133
test_1m,69,v2,4.953273947422321,5.429919819826538,0.28946736526008154
test_1m,70,v2,5.410243327801044,5.497754450651426,0.01713555422826202
test_1m,71,v2,5.234482068281907,5.3591701293888425,0.028796085151919025
test_1m,72,v2,5.297613822496855,5.013647515162756,0.10596336103007392
test_1m,73,v2,5.492023046200092,5.689400956941319,0.1906490637875631
test_1m,74,v2,5.583093661528367,5.882326558124697,0.2278908039830276
test_1m,75,v2,5.079312672981849,5.351848499850273,0.1099523145575949
test_1m,76,v2,4.998651376137366,5.023802602770876,0.00520865811086192
test_1m,77,v2,5.560814985862145,5.336866219283977,0.06585387651220286
test_1m,78,v2,5.0722093765552225,5.462525546724976,0.18420419530706986
test_1m,79,v2,5.943764393146221,5.550684369265289,0.1938830663584172
test_1m,80,v2,5.496101251015296,5.506959581683865,0.012633396677563902
test_1m,81,v2,4.923734188079834,5.019787413328709,0.026093436628197943
test_1m,82,v2,5.182465589963472,5.164950976702917,0.0036525603805312385
test_1m,83,v2,5.346311752612774,5.273150392796721,0.025107977188649926
test_1m,84,v2,5.065563788780799,5.2373275575435505,0.04641087914345187
test_1m,85,v2,5.603990334730882,5.5057477038231735,0.03084115800038427
test_1m,86,v2,5.389875118549053,5.459618252739209,0.06981922618298314
test_1m,87,v2,6.255406177960909,5.821301839801947,0.35180274064484185
test_1m,88,v2,5.339869609245887,5.092307735687893,0.08858890583945105
test_1m,89,v2,5.183077060259306,5.469336436716217,0.11820727633984057
test_1m,90,v2,5.137655404897837,5.097448237669931,0.020092274970351043
test_1m,91,v2,5.181325380618755,5.435325786671251,0.1151002638820271
test_1m,92,v2,5.086711131609404,5.181904734199083,0.017696314402051713
test_1m,93,v2,5.25266760129195,5.4162020384037115,0.06040777344743746
test_1m,94,v2,5.582974470578707,5.3512965799162995,0.07679899402019795
test_1m,95,v2,5.189936821277325,5.250703948661746,0.016632607429810577
test_1m,96,v2,5.411290608919584,5.353572777568602,0.042934147846713705
test_1m,97,v2,5.608062890859751,5.802195213697669,0.06433219518657093
test_1m,98,v2,5.191432806161734,5.512567789307797,0.15067754176081893
test_1m,99,v2,5.267571302560659,5.408587055245617,0.03353514583757471
test_1m,100,v2,5.286745548248291,5.363191120969749,0.01871474703498534
test_1m,101,v2,5.7576320721552925,5.673476317913755,0.09557073067024995
test_1m,102,v2,5.30854738675631,5.389354581080284,0.033015429936578675
test_1m,103,v2,5.351222936923687,5.156006502840075,0.051634339594450025
test_1m,104,v2,5.032535387919499,5.1496739888149445,0.03440779709248823
test_1m,105,v2,5.332005354074331,5.299232381271911,0.005974815815326431
test_1m,106,v2,5.500462238605206,5.441358704943346,0.028563514991875007
test_1m,107,v2,5.0212734662569485,5.455604929643755,0.22460500878031409
test_1m,108,v2,5.221878198476938,5.194261994077627,0.011379679906007691
test_1m,109,v2,5.327835669884315,5.289788614623903,0.011590154173711197
test_1m,110,v2,5.304491354868962,5.153643226649451,0.0687530547520703
test_1m,111,v2,5.349758625030518,5.3472661952888165,0.024579701806599123
test_1m,112,v2,5.1627951218531685,5.000025113747242,0.07566053233800205
test_1m,113,v2,5.112499567178579,5.0383849114554655,0.017697397418174325
test_1m,114,v2,5.043016635454618,5.070475253383189,0.030769641507210246
test_1m,115,v2,5.322289026700533,5.357561286581608,0.01832982530107031
test_1m,116,v2,5.231626620659461,5.253761446267328,0.018754157469610726
test_1m,117,v2,5.446287631988525,5.2897672897401184,0.05057619010680979
test_1m,118,v2,5.708623335911677,5.759288106956001,0.03876163680869086
test_1m,119,v2,4.819635070287264,4.90912215364418,0.022945251071484617
test_1m,120,v2,5.282045437739446,5.355810481782884,0.02067265627953037
test_1m,121,v2,5.450615240977361,5.537079093779692,0.013484172205364235
test_1m,122,v2,4.936770695906419,5.078745919202196,0.04872607928611199
test_1m,123,v2,5.454761578486516,5.235044641021455,0.0915083476707376
test_1m,124,v2,5.221884736647973,5.355720638260402,0.055590202995397485
test_1m,125,v2,5.063311173365666,5.4529960221954745,0.20769140733983396
test_1m,126,v2,5.075846562018762,5.276941457014173,0.06592179163718653
test_1m,127,v2,5.145153375772329,5.232875663391728,0.046345709670465335
test_1m,128,v2,5.006139021653396,5.024561251127941,0.006506861094309676
test_1m,129,v2,5.386295612041767,5.531810796489863,0.054463349536385354
test_1m,130,v2,4.963192664659941,5.294004136450725,0.15650488671631196
test_1m,131,v2,5.076912788244394,5.367073673742525,0.12363876281027425
test_1m,132,v2,5.258599299650926,5.360469713669295,0.021663443057710723
test_1m,133,v2,4.978934398064246,5.2239272972231285,0.10437250757667216
test_1m,134,v2,5.45208663206834,5.74450919183141,0.11713780184226827
test_1m,135,v2,5.882924281633818,5.928436214646771,0.012284956435362388
test_1m,136,v2,5.645181380785429,5.575432936291526,0.04194895858137642
test_1m,137,v2,5.335846644181472,5.522817864113753,0.05102980874395746
test_1m,138,v2,5.734728152935322,5.639877691994115,0.022671870269137393
test_1m,139,v2,5.872643544123723,5.668359546463563,0.08701972459867538
test_1m,140,v2,5.057002562742967,5.241207306096569,0.07851201108086124
test_1m,141,v2,5.358076884196355,5.641385836095856,0.12550049914501174
test_1m,142,v2,5.228418221840491,5.36683031177059,0.0776896579809523
test_1m,143,v2,4.8701782409961405,4.899457374066831,0.009575450114361507
test_1m,144,v2,5.2966673007378215,5.561540491473072,0.12606457821189937
test_1m,145,v2,5.112739893106314,5.245695499772898,0.05067434314451143
test_1m,146,v2,5.457334096615131,5.283628543123341,0.056867085842192286
test_1m,147,v2,5.307218826734102,5.66404858732382,0.15638915238004275
test_1m,148,v2,5.2064825388101434,5.07789232540376,0.04601855127891178
test_1m,149,v2,5.430807131987351,5.5735079061834,0.050770589473388875
test_1m,150,v2,5.428873428931603,5.418423889496328,0.015253924286040067
test_1m,151,v2,5.222006137554462,5.473572590369184,0.08777964922772309
test_1m,152,v2,4.884913802146912,5.209921931158461,0.13100656358180032
test_1m,153,v2,4.9806958345266485,5.1977768074684105,0.08777338817089196
test_1m,154,v2,5.267538877633902,5.245314804785149,0.0074179658250373235
test_1m,155,v2,4.885753613251906,5.212724456380469,0.14615828864449057
test_1m,156,v2,5.346514151646541,5.365611799767346,0.007771859813841448
test_1m,157,v2,5.070986362603994,5.285461110912021,0.06891414804255999
test_1m,158,v2,5.234849067834707,5.137463274177923,0.02745171760374598
test_1m,159,v2,5.512349660579975,5.438883992506108,0.017291655533083657
test_1m,160,v2,5.117385690028851,5.515370313158234,0.1896665645173052
test_1m,161,v2,5.324403762817383,5.385192949613513,0.018949057269542654
test_1m,162,v2,5.353014890964214,5.404116860628964,0.02545689962483827
test_1m,163,v2,5.048737287521362,5.399061163854101,0.1983059166944819
test_1m,164,v2,4.96267975293673,5.150840544024643,0.04654823546225455
test_1m,165,v2,4.9157152359302225,4.932901655414146,0.043738524982721336
test_1m,166,v2,5.286557564368615,5.438638677035424,0.033660326980378574
test_1m,167,v2,5.133503042734587,4.9396844173099606,0.07711907035883635
test_1m,168,v2,5.197917736493624,5.271795585614441,0.01683181508458529
test_1m,169,v2,5.126447888521048,5.233802108601041,0.03417918910314947
test_1m,170,v2,5.287885409135085,5.550627434006935,0.07897483270813667
test_1m,171,v2,5.30585241317749,5.071576685042486,0.07736975705257537
test_1m,172,v2,4.837997051385733,4.7511735912712645,0.046824344262235945
test_1m,173,v2,5.239429235458374,5.169868499957412,0.026102479034982452
test_1m,174,v2,5.488476863274207,5.496022225546706,0.012517198557591667
test_1m,175,v2,5.475210226499117,5.733942317866308,0.07455600857451093
test_1m,176,v2,4.92287250665518,5.093747644702911,0.07118351679114221
test_1m,177,v2,5.35578047312223,5.775619365797732,0.26113306385007684
test_1m,178,v2,5.1411422949570875,5.338815630788004,0.04970294503103502
test_1m,179,v2,5.151545451237605,5.646463480954662,0.30765252011525834
test_1m,180,v2,5.563087665117704,5.658708928966957,0.03190608191319837
test_1m,181,v2,5.219185086397024,5.103741084689668,0.036251468887982204
test_1m,182,v2,5.26178763462947,5.2129273408980055,0.004974437791679943
test_1m,183,v2,5.371381301146287,5.316622370485807,0.020891736247558836
test_1m,184,v2,5.240099540123572,5.018586856210013,0.07717125937006049
test_1m,185,v2,5.576606750488281,5.495460187715404,0.052492911944923705
test_1m,186,v2,5.590281853309045,5.582708299782463,0.027529134577509384
test_1m,187,v2,5.33940498645489,5.332060698173754,0.019165710648680757
test_1m,188,v2,5.043212157029372,5.41682219113247,0.18403011484520676
test_1m,189,v2,5.405239325303298,5.430363184280326,0.004637982270989636
test_1m,190,v2,5.185509388263409,4.985378971671502,0.11379512029214525
test_1m,191,v2,5.42188888329726,5.272155400780179,0.044428953344490714
test_1m,192,v2,4.8160657699291525,4.8642422463680335,0.014338068789506287
test_1m,193,v2,5.4283616084318895,5.26151092333693,0.041485263894636
test_1m,194,v2,5.459724536308875,5.439627794921492,0.01486955503768946
test_1m,195,v2,5.234574794769287,5.349947939017133,0.03672126031105674
test_1m,196,v2,5.184967343623821,5.277987155349441,0.025997017486922923
test_1m,197,v2,5.518194308647742,5.506856010148904,0.01865687192990388
test_1m,198,v2,5.557751985696646,5.662924841051033,0.019078527863007073
test_1m,199,v2,4.781108076755817,4.69325027959783,0.08241006118420781
test_1m,200,v2,5.06939539542565,4.947799899975721,0.02047611920747612
test_1m,201,v2,5.339909296769362,5.297531840863621,0.019481770034383117
test_1m,202,v2,5.61352616090041,5.499450931935428,0.04318762370233028
test_1m,203,v2,5.0352346163529615,4.979149703098728,0.01656646807255767
test_1m,204,v2,4.877113030507014,5.145535279086212,0.09773507643865041
test_1m,205,v2,5.267979805286114,5.473034062700889,0.07035665971823911
test_1m,206,v2,5.150456776985755,5.167762036097972,0.016425063330791738
test_1m,207,v2,5.1401409552647515,5.341785752851432,0.07168315788598793
test_1m,208,v2,5.676010627012986,5.553107144344509,0.026511168139861836
test_1m,209,v2,5.377659724308894,5.092123732254638,0.11091938093012899
test_1m,210,v2,5.186076457683857,5.55192937362035,0.21650831494167727
test_1m,211,v2,5.287550559410682,5.174155450390287,0.06670562698529746
test_1m,212,v2,5.250837564468384,5.185287416305827,0.05651993673748465
test_1m,213,v2,5.810631862053504,5.472100989272762,0.14907636696676405
test_1m,214,v2,5.2689264187446,5.291726862859606,0.009146835963466292
test_1m,215,v2,5.594226121902466,5.958337762237402,0.17304816968105788
test_1m,216,v2,5.750330264751728,5.66771382037779,0.03338135036042012
test_1m,217,v2,5.459014305701623,5.361886754423877,0.02132169883463436
test_1m,218,v2,6.01004985662607,5.57115645510205,0.27700921968719766
test_1m,219,v2,4.837217972828792,5.086222167971793,0.07399144999709002
test_1m,220,v2,5.186958074569702,5.248668206009922,0.04477910325820903
test_1m,221,v2,5.200841005031879,5.448873926692655,0.13966061451269615
test_1m,222,v2,5.261684747842642,5.304165435840902,0.01236121620625429
test_1m,223,v2,5.336975409434392,5.453049971022618,0.020866084038031585
test_1m,224,v2,5.489916590543894,5.032430260113273,0.26134315994374324
test_1m,225,v2,5.041584913547222,5.183833906373609,0.04289183891732827
test_1m,226,v2,4.847743309461153,5.136026468989518,0.11100324398822882
test_1m,227,v2,5.5380350809830885,5.699743815224016,0.04651403133498562
test_1m,228,v2,5.436667589040903,5.491131033385996,0.025253662680018715
test_1m,229,v2,5.461142650017371,5.4137095982858625,0.01196878824439492
test_1m,230,v2,5.141164376185491,5.592270647146119,0.27197067705953465
test_1m,231,v2,5.319232243757981,5.498863142204415,0.04809360298796466
test_1m,232,v2,4.92147761124831,4.867618646373139,0.04508829160668152
test_1m,233,v2,5.459875510289119,5.537108098141283,0.01805262377012291
test_1m,234,v2,5.89896035194397,5.531903849178414,0.16412213094469982
test_1m,235,v2,5.202117608143733,5.410745782783712,0.0573320051087378
test_1m,236,v2,5.195189402653621,5.14198411373828,0.010621063429647193
test_1m,237,v2,5.716134273088896,5.741952615075048,0.026295370274501927
test_1m,238,v2,5.81378096800584,5.660070087988397,0.1468748099757125
test_1m,239,v2,4.748776215773362,4.49071171819881,0.12040507486840149
test_1m,240,v2,4.957890822337224,5.183613151454655,0.08612392487192154
test_1m,241,v2,5.62933349609375,5.594112497149674,0.03337297093401428
test_1m,242,v2,5.148434042930603,5.267567122132085,0.029773316296634093
test_1m,243,v2,4.883842871739314,5.290528668860868,0.19994568929901704
test_1m,244,v2,5.041003465652466,5.140606069511528,0.018953095524045026
test_1m,245,v2,4.897606299473689,5.203859624115528,0.12343621035482036
test_1m,246,v2,5.2644751622126655,5.075453633762545,0.07454962458245032
test_1m,247,v2,5.501915564903846,5.40891819996018,0.013767888407887962
test_1m,248,v2,5.475500913766714,5.377595615226637,0.023621867876146084
test_1m,249,v2,5.208934123699482,5.426368566475814,0.07287423179959707
test_1m,250,v2,5.4785849039371195,5.354719093011259,0.033040612348888665
test_1m,251,v2,5.3387604126563435,5.567619516670864,0.09038315638547964
test_1m,252,v2,4.944269565435556,5.180398217667326,0.07630086057190058
test_1m,253,v2,4.8902964408581076,4.809876029532675,0.03528525428248019
test_1m,254,v2,5.046159487504226,4.965757038733822,0.026541298421626558
test_1m,255,v2,5.319039436487051,5.628463864125863,0.18643828804884294
test_1m,256,v2,5.699696925970224,5.623866051213939,0.02019906854539896
test_1m,1,additive_clr_spline,5.373965153327355,5.287793587750434,0.026241432701356388
test_1m,2,additive_clr_spline,4.87088759128864,4.696065147277098,0.0640743748701339
test_1m,3,additive_clr_spline,5.0853205277369575,5.175849178332081,0.028132966197311152
test_1m,4,additive_clr_spline,5.274973685924824,5.1822823427571585,0.056430603845798614
test_1m,5,additive_clr_spline,5.359663541500385,5.145974720208985,0.06307684906215594
test_1m,6,additive_clr_spline,4.832554211983314,4.703165938423981,0.031903790764442594
test_1m,7,additive_clr_spline,6.1226600133455715,5.935668440996362,0.0857296139855773
test_1m,8,additive_clr_spline,5.555017544673039,5.681045291637878,0.04775530133536546
test_1m,9,additive_clr_spline,5.278190264335046,5.30804933931161,0.0071590383712597395
test_1m,10,additive_clr_spline,5.622174207980816,5.550551057158457,0.07669938427232804
test_1m,11,additive_clr_spline,5.316068282494178,5.2449650480047705,0.07714246149630224
test_1m,12,additive_clr_spline,5.243096773441021,5.0807070340790625,0.04097846121219318
test_1m,13,additive_clr_spline,5.3679552261645975,5.465871284257128,0.048927110693529924
test_1m,14,additive_clr_spline,5.620352524977464,5.601395745111443,0.02870525705477054
test_1m,15,additive_clr_spline,5.108994245529175,5.1017716138803895,0.07494989093352332
test_1m,16,additive_clr_spline,5.430535133068378,5.48291205793323,0.042100455443515185
test_1m,17,additive_clr_spline,5.153882228411161,5.268017762330337,0.04204217297723431
test_1m,18,additive_clr_spline,5.012001450245197,5.045487116946443,0.038132296563788
test_1m,19,additive_clr_spline,5.573129892349243,5.733183752469117,0.051900135305848215
test_1m,20,additive_clr_spline,5.411105082585261,5.345342332849788,0.057172351184160225
test_1m,21,additive_clr_spline,5.185511203912588,5.226824305922947,0.02030995375956653
test_1m,22,additive_clr_spline,5.426152119269738,5.331741370313048,0.046006658649974996
test_1m,23,additive_clr_spline,5.119761852117685,5.0789504486625106,0.017798505993609697
test_1m,24,additive_clr_spline,5.380604853996863,5.39097763129359,0.021254683588370796
test_1m,25,additive_clr_spline,4.985298065038828,5.2540179546567725,0.10127528448446367
test_1m,26,additive_clr_spline,6.030289613283598,5.921487711705254,0.08486116051299593
test_1m,27,additive_clr_spline,5.3554720145005446,5.368110148390349,0.03987911161232852
test_1m,28,additive_clr_spline,4.822077512741089,4.812128778745831,0.004276050729906671
test_1m,29,additive_clr_spline,5.511135798234206,5.553299925198697,0.024713668284884478
test_1m,30,additive_clr_spline,5.3289276269766,5.3240959974920194,0.004720227803177993
test_1m,31,additive_clr_spline,5.541824230780969,5.598452326684722,0.04477420585169856
test_1m,32,additive_clr_spline,4.942216506371131,4.93855841854161,0.031174598881882024
test_1m,33,additive_clr_spline,4.850861732776348,4.994151044280338,0.028548091281439644
test_1m,34,additive_clr_spline,5.470191625448374,5.499709277186413,0.02094653351774684
test_1m,35,additive_clr_spline,4.842583014414861,4.740393661228345,0.04060719132173464
test_1m,36,additive_clr_spline,4.996479859718909,4.8127854940911,0.0629120763857196
test_1m,37,additive_clr_spline,5.3476937183967,5.463183477871365,0.03677333666256425
test_1m,38,additive_clr_spline,5.533937160785381,5.67464375580635,0.0463041468130867
test_1m,39,additive_clr_spline,5.247154749356783,5.316020997870638,0.0866813147990318
test_1m,40,additive_clr_spline,4.861885676017175,4.777430341729915,0.025957700110604984
test_1m,41,additive_clr_spline,4.824003237944383,4.914036162005815,0.025061344218591963
test_1m,42,additive_clr_spline,5.514141229482798,5.491663127120694,0.03269964030973335
test_1m,43,additive_clr_spline,5.512701438023494,5.575705979669115,0.03953873417290636
test_1m,44,additive_clr_spline,5.065673901484563,5.082038726229383,0.003593499647141838
test_1m,45,additive_clr_spline,4.894003648024339,4.849296380838182,0.010522420061567552
test_1m,46,additive_clr_spline,5.1635107810680685,5.252700738665036,0.032849084538184234
test_1m,47,additive_clr_spline,5.117653076465313,5.019356856915688,0.02394137953290502
test_1m,48,additive_clr_spline,5.232946267494788,5.252597908332941,0.01415335193329881
test_1m,49,additive_clr_spline,5.485732243611262,5.41326042056126,0.02716267095758129
test_1m,50,additive_clr_spline,4.918953253672673,5.032766466442586,0.048348030897059385
test_1m,51,additive_clr_spline,5.210708599824172,5.2248416230744406,0.017543451707057588
test_1m,52,additive_clr_spline,5.616335960534903,5.8103923158888495,0.08719035771545353
test_1m,53,additive_clr_spline,4.925976707385137,5.085417406224665,0.0327652868517342
test_1m,54,additive_clr_spline,5.445093961862417,5.450715904600923,0.022265378002486215
test_1m,55,additive_clr_spline,5.4119741183060865,5.345354773002705,0.02834270495287402
test_1m,56,additive_clr_spline,5.022448970721318,5.165664224968248,0.04549559834900375
test_1m,57,additive_clr_spline,6.0019166836371785,5.951608747733157,0.049282531712092355
test_1m,58,additive_clr_spline,4.8247223909084616,4.802819271085497,0.015846775567551083
test_1m,59,additive_clr_spline,4.857201796311599,4.934269612658273,0.03686942626467262
test_1m,60,additive_clr_spline,5.41318128659175,5.50966887014018,0.03497025866321956
test_1m,61,additive_clr_spline,5.597858062157264,5.533129257766321,0.05013545104805564
test_1m,62,additive_clr_spline,5.30172061920166,5.168859557566255,0.11744418485262857
test_1m,63,additive_clr_spline,5.682907618009127,5.6553525973798,0.053884087806323464
test_1m,64,additive_clr_spline,4.841868152985206,4.858835279969418,0.008141482982123742
test_1m,65,additive_clr_spline,5.357793001028208,5.583407429201129,0.14545559493744342
test_1m,66,additive_clr_spline,5.643125313978929,5.732693486822739,0.17125188046818737
test_1m,67,additive_clr_spline,5.974604258170495,5.964433067989514,0.03973597193222257
test_1m,68,additive_clr_spline,4.849615793961745,5.126916121530895,0.11116447665144
test_1m,69,additive_clr_spline,4.953273947422321,5.080645728867016,0.0472795183321681
test_1m,70,additive_clr_spline,5.410243327801044,5.365220459629735,0.01908686899975657
test_1m,71,additive_clr_spline,5.234482068281907,5.462970574513066,0.07396974528697334
test_1m,72,additive_clr_spline,5.297613822496855,5.370649951142748,0.01683729416489882
test_1m,73,additive_clr_spline,5.492023046200092,5.6734742854477185,0.19464066942513927
test_1m,74,additive_clr_spline,5.583093661528367,5.572529486367764,0.08388241549753041
test_1m,75,additive_clr_spline,5.079312672981849,5.029100537775606,0.04945639778297907
test_1m,76,additive_clr_spline,4.998651376137366,5.009002728088491,0.017073443219454768
test_1m,77,additive_clr_spline,5.560814985862145,5.626156146927494,0.0660046473787524
test_1m,78,additive_clr_spline,5.0722093765552225,5.113340311235347,0.028749850386524136
test_1m,79,additive_clr_spline,5.943764393146221,5.9286022029075784,0.07042062411809553
test_1m,80,additive_clr_spline,5.496101251015296,5.360489798686813,0.04613528934570721
test_1m,81,additive_clr_spline,4.923734188079834,4.961903114405346,0.00762326002743637
test_1m,82,additive_clr_spline,5.182465589963472,5.212132800564077,0.028580081061103397
test_1m,83,additive_clr_spline,5.346311752612774,5.43126780653374,0.050701716040504295
test_1m,84,additive_clr_spline,5.065563788780799,5.11344881735137,0.021888831200659653
test_1m,85,additive_clr_spline,5.603990334730882,5.613248547212766,0.03569310385152438
test_1m,86,additive_clr_spline,5.389875118549053,5.376462358549667,0.00761984255383131
test_1m,87,additive_clr_spline,6.255406177960909,6.028259653340201,0.12217066780642015
test_1m,88,additive_clr_spline,5.339869609245887,5.374561677373625,0.021086291184415275
test_1m,89,additive_clr_spline,5.183077060259306,5.173312420098953,0.038701506252498984
test_1m,90,additive_clr_spline,5.137655404897837,5.1195807507290185,0.006440093451235461
test_1m,91,additive_clr_spline,5.181325380618755,5.2587209774047965,0.023205052197000246
test_1m,92,additive_clr_spline,5.086711131609404,5.044465460912344,0.026111885082604116
test_1m,93,additive_clr_spline,5.25266760129195,5.185785047677529,0.039066510988704055
test_1m,94,additive_clr_spline,5.582974470578707,5.559633271987993,0.010596361952321467
test_1m,95,additive_clr_spline,5.189936821277325,5.296692779202275,0.024655565802779666
test_1m,96,additive_clr_spline,5.411290608919584,5.51938465288835,0.026296251276724476
test_1m,97,additive_clr_spline,5.608062890859751,5.4067272914657085,0.10423328641171771
test_1m,98,additive_clr_spline,5.191432806161734,5.20566218601012,0.034772729588656785
test_1m,99,additive_clr_spline,5.267571302560659,5.260290077037084,0.04935729028067432
test_1m,100,additive_clr_spline,5.286745548248291,5.33192660320375,0.015994265971437445
test_1m,101,additive_clr_spline,5.7576320721552925,5.726915907966099,0.07042857714256441
test_1m,102,additive_clr_spline,5.30854738675631,5.238004864755025,0.02661987354526768
test_1m,103,additive_clr_spline,5.351222936923687,5.467014891943583,0.06513274992340848
test_1m,104,additive_clr_spline,5.032535387919499,5.079764321847711,0.02904720969571217
test_1m,105,additive_clr_spline,5.332005354074331,5.198784595075656,0.037300499539555006
test_1m,106,additive_clr_spline,5.500462238605206,5.321158627723065,0.08107185353704294
test_1m,107,additive_clr_spline,5.0212734662569485,5.059977128808509,0.010029737085981724
test_1m,108,additive_clr_spline,5.221878198476938,5.347394032904049,0.040522962570643146
test_1m,109,additive_clr_spline,5.327835669884315,5.390545662275532,0.01945096878081607
test_1m,110,additive_clr_spline,5.304491354868962,5.4119616793046825,0.0320412551180535
test_1m,111,additive_clr_spline,5.349758625030518,5.345570814495165,0.022183193294885124
test_1m,112,additive_clr_spline,5.1627951218531685,5.383326417701796,0.07714398999665523
test_1m,113,additive_clr_spline,5.112499567178579,5.0640680003392955,0.009590119945558388
test_1m,114,additive_clr_spline,5.043016635454618,5.149164669990925,0.023497796874323244
test_1m,115,additive_clr_spline,5.322289026700533,5.384927229225029,0.02831411761076796
test_1m,116,additive_clr_spline,5.231626620659461,5.324280787226011,0.03337636022268291
test_1m,117,additive_clr_spline,5.446287631988525,5.3891155712646315,0.013509114695280782
test_1m,118,additive_clr_spline,5.708623335911677,5.623961244029521,0.06811934346625632
test_1m,119,additive_clr_spline,4.819635070287264,4.914150318566781,0.027962606333556166
test_1m,120,additive_clr_spline,5.282045437739446,5.477066634713797,0.10330056641077677
test_1m,121,additive_clr_spline,5.450615240977361,5.5591358109835145,0.02968607402962535
test_1m,122,additive_clr_spline,4.936770695906419,4.943231557156807,0.020614280423905455
test_1m,123,additive_clr_spline,5.454761578486516,5.520212021927809,0.051911158432765066
test_1m,124,additive_clr_spline,5.221884736647973,5.22562159019358,0.05665404956207755
test_1m,125,additive_clr_spline,5.063311173365666,5.1673200661275285,0.029343029635645015
test_1m,126,additive_clr_spline,5.075846562018762,5.316958032231066,0.09685339296669238
test_1m,127,additive_clr_spline,5.145153375772329,5.187352825659399,0.031338650062844996
test_1m,128,additive_clr_spline,5.006139021653396,4.664978158636637,0.13177345265020254
test_1m,129,additive_clr_spline,5.386295612041767,5.411086362881969,0.01715809926348821
test_1m,130,additive_clr_spline,4.963192664659941,5.014625885330217,0.012933838775538536
test_1m,131,additive_clr_spline,5.076912788244394,5.169670452091635,0.024988750501212614
test_1m,132,additive_clr_spline,5.258599299650926,5.1966959012211325,0.07829166124786749
test_1m,133,additive_clr_spline,4.978934398064246,5.160887789826289,0.05947323383440897
test_1m,134,additive_clr_spline,5.45208663206834,5.316166561983109,0.05450802961409432
test_1m,135,additive_clr_spline,5.882924281633818,6.10268414154362,0.08526222186604845
test_1m,136,additive_clr_spline,5.645181380785429,5.64874922779648,0.04711215838680738
test_1m,137,additive_clr_spline,5.335846644181472,5.387999943513503,0.05892955746264667
test_1m,138,additive_clr_spline,5.734728152935322,5.828192863273555,0.021921242297644004
test_1m,139,additive_clr_spline,5.872643544123723,5.630341811081271,0.08751085954185271
test_1m,140,additive_clr_spline,5.057002562742967,5.133830687974353,0.02771995565926303
test_1m,141,additive_clr_spline,5.358076884196355,5.289818365737811,0.07647311585470631
test_1m,142,additive_clr_spline,5.228418221840491,5.3486417643976205,0.04061162170374225
test_1m,143,additive_clr_spline,4.8701782409961405,4.755610688603337,0.02822321708679156
test_1m,144,additive_clr_spline,5.2966673007378215,5.196904867432607,0.04532604028209434
test_1m,145,additive_clr_spline,5.112739893106314,5.2281616746426165,0.03503010694500415
test_1m,146,additive_clr_spline,5.457334096615131,5.590844714276666,0.09776208241584732
test_1m,147,additive_clr_spline,5.307218826734102,5.200631661659746,0.13844674993219025
test_1m,148,additive_clr_spline,5.2064825388101434,5.179061874184598,0.02958787181244084
test_1m,149,additive_clr_spline,5.430807131987351,5.400684359161886,0.06886554538547839
test_1m,150,additive_clr_spline,5.428873428931603,5.624205904144085,0.06159391222110317
test_1m,151,additive_clr_spline,5.222006137554462,5.212941365182678,0.037161589787089125
test_1m,152,additive_clr_spline,4.884913802146912,4.713778311080274,0.05681561425192131
test_1m,153,additive_clr_spline,4.9806958345266485,5.159026196214039,0.09905031298138336
test_1m,154,additive_clr_spline,5.267538877633902,5.335060175961628,0.011026547108329522
test_1m,155,additive_clr_spline,4.885753613251906,5.046012692695559,0.052390846932150126
test_1m,156,additive_clr_spline,5.346514151646541,5.237706040459336,0.047505566055035905
test_1m,157,additive_clr_spline,5.070986362603994,4.922249316773887,0.033130440569908826
test_1m,158,additive_clr_spline,5.234849067834707,5.318550555925845,0.02119131184653561
test_1m,159,additive_clr_spline,5.512349660579975,5.622605090150235,0.05553932632701353
test_1m,160,additive_clr_spline,5.117385690028851,5.106070636537083,0.01587425123463521
test_1m,161,additive_clr_spline,5.324403762817383,5.183576404243886,0.038040246832292436
test_1m,162,additive_clr_spline,5.353014890964214,5.477273671672663,0.029131533712282835
test_1m,163,additive_clr_spline,5.048737287521362,5.112702605042864,0.019595922504596082
test_1m,164,additive_clr_spline,4.96267975293673,5.007642710100658,0.009130008508067973
test_1m,165,additive_clr_spline,4.9157152359302225,5.069597575499992,0.047536994674561704
test_1m,166,additive_clr_spline,5.286557564368615,5.1741482033102155,0.022493349943868875
test_1m,167,additive_clr_spline,5.133503042734587,5.020475079904658,0.04448534316785043
test_1m,168,additive_clr_spline,5.197917736493624,5.206163857105752,0.022764520599986647
test_1m,169,additive_clr_spline,5.126447888521048,5.214484945511385,0.04427076644505328
test_1m,170,additive_clr_spline,5.287885409135085,5.270167684824737,0.016460288943078324
test_1m,171,additive_clr_spline,5.30585241317749,5.206431071535088,0.02023590182823411
test_1m,172,additive_clr_spline,4.837997051385733,4.834832510694893,0.039136767584517416
test_1m,173,additive_clr_spline,5.239429235458374,5.222053652241432,0.037185874955529066
test_1m,174,additive_clr_spline,5.488476863274207,5.523828488146297,0.01835601431685825
test_1m,175,additive_clr_spline,5.475210226499117,5.5511084928947945,0.034217821602651396
test_1m,176,additive_clr_spline,4.92287250665518,4.88087711087504,0.02612089551659246
test_1m,177,additive_clr_spline,5.35578047312223,5.382263172445463,0.028881180667799593
test_1m,178,additive_clr_spline,5.1411422949570875,5.033387567118733,0.02961914059210774
test_1m,179,additive_clr_spline,5.151545451237605,5.2246631672837776,0.042896316776244975
test_1m,180,additive_clr_spline,5.563087665117704,5.626053803944474,0.03976260325899406
test_1m,181,additive_clr_spline,5.219185086397024,5.2554008456149,0.012470839857547565
test_1m,182,additive_clr_spline,5.26178763462947,5.261361019925772,0.004018888600212146
test_1m,183,additive_clr_spline,5.371381301146287,5.316980194675817,0.009202050318255727
test_1m,184,additive_clr_spline,5.240099540123572,5.189833082391565,0.04696224000701638
test_1m,185,additive_clr_spline,5.576606750488281,5.423090866746047,0.06546826163446184
test_1m,186,additive_clr_spline,5.590281853309045,5.681266107072754,0.10844906304255358
test_1m,187,additive_clr_spline,5.33940498645489,5.393550312254678,0.006220236279965031
test_1m,188,additive_clr_spline,5.043212157029372,4.889019509398011,0.03870137007121352
test_1m,189,additive_clr_spline,5.405239325303298,5.426158239539872,0.022216744937564883
test_1m,190,additive_clr_spline,5.185509388263409,5.127133053384397,0.025251759830176343
test_1m,191,additive_clr_spline,5.42188888329726,5.377143439923449,0.030463357284336655
test_1m,192,additive_clr_spline,4.8160657699291525,5.061245752486526,0.06895513029030391
test_1m,193,additive_clr_spline,5.4283616084318895,5.319217051468495,0.021165758296316336
test_1m,194,additive_clr_spline,5.459724536308875,5.4781853965003,0.0371496441507111
test_1m,195,additive_clr_spline,5.234574794769287,5.303455844314792,0.017448706124503433
test_1m,196,additive_clr_spline,5.184967343623821,4.992397126022107,0.06647902423105377
test_1m,197,additive_clr_spline,5.518194308647742,5.614497649838256,0.03192863683367411
test_1m,198,additive_clr_spline,5.557751985696646,5.488460687273735,0.06711842094225763
test_1m,199,additive_clr_spline,4.781108076755817,4.6529131263545604,0.06088528943422992
test_1m,200,additive_clr_spline,5.06939539542565,5.02338227366254,0.010896832540207846
test_1m,201,additive_clr_spline,5.339909296769362,5.4366117974737795,0.04491247947122165
test_1m,202,additive_clr_spline,5.61352616090041,5.478692381051053,0.0663717731864561
test_1m,203,additive_clr_spline,5.0352346163529615,5.063458137541823,0.03024188569064406
test_1m,204,additive_clr_spline,4.877113030507014,5.131497017985155,0.09132629802654997
test_1m,205,additive_clr_spline,5.267979805286114,5.161130248421164,0.0177496240030696
test_1m,206,additive_clr_spline,5.150456776985755,5.090456385198494,0.031634469267268546
test_1m,207,additive_clr_spline,5.1401409552647515,5.156638190447435,0.01326406779201156
test_1m,208,additive_clr_spline,5.676010627012986,5.735012671631984,0.02478533458177662
test_1m,209,additive_clr_spline,5.377659724308894,5.453785464729697,0.027788675462692706
test_1m,210,additive_clr_spline,5.186076457683857,5.302062694481312,0.0767021329379721
test_1m,211,additive_clr_spline,5.287550559410682,5.258989991398026,0.05031149209716556
test_1m,212,additive_clr_spline,5.250837564468384,5.210129096849894,0.010579081322005284
test_1m,213,additive_clr_spline,5.810631862053504,5.7352878801181175,0.011619686853791686
test_1m,214,additive_clr_spline,5.2689264187446,5.287056850790786,0.013999821036104091
test_1m,215,additive_clr_spline,5.594226121902466,5.550201725540213,0.03591034902842882
test_1m,216,additive_clr_spline,5.750330264751728,5.6162040398735655,0.07150307836585802
test_1m,217,additive_clr_spline,5.459014305701623,5.382448015418545,0.02933269216088113
test_1m,218,additive_clr_spline,6.01004985662607,5.933568240053422,0.048544193389752924
test_1m,219,additive_clr_spline,4.837217972828792,4.904000652878881,0.015164268776083813
test_1m,220,additive_clr_spline,5.186958074569702,5.305375475040851,0.034350608909120964
test_1m,221,additive_clr_spline,5.200841005031879,5.2177116564742665,0.01450789296394836
test_1m,222,additive_clr_spline,5.261684747842642,5.063768382762638,0.06975064240044504
test_1m,223,additive_clr_spline,5.336975409434392,5.435077667689503,0.02810336224683826
test_1m,224,additive_clr_spline,5.489916590543894,5.637653699862979,0.02816927561556072
test_1m,225,additive_clr_spline,5.041584913547222,4.9726828492161035,0.023499300329718538
test_1m,226,additive_clr_spline,4.847743309461153,5.054407014242165,0.06242678986851295
test_1m,227,additive_clr_spline,5.5380350809830885,5.400995127840816,0.11862915383293716
test_1m,228,additive_clr_spline,5.436667589040903,5.496777585510508,0.013437993426029114
test_1m,229,additive_clr_spline,5.461142650017371,5.481045971488738,0.0413618907121993
test_1m,230,additive_clr_spline,5.141164376185491,5.02667657804607,0.04592757498849121
test_1m,231,additive_clr_spline,5.319232243757981,5.260315065817014,0.01846038118712106
test_1m,232,additive_clr_spline,4.92147761124831,5.028244535480885,0.04526163443427843
test_1m,233,additive_clr_spline,5.459875510289119,5.595398417969264,0.05135112598675876
test_1m,234,additive_clr_spline,5.89896035194397,5.810899015003818,0.06677767399105983
test_1m,235,additive_clr_spline,5.202117608143733,5.082865655629324,0.03783677581024367
test_1m,236,additive_clr_spline,5.195189402653621,5.292965740824055,0.029817968533360266
test_1m,237,additive_clr_spline,5.716134273088896,5.958925046685584,0.09071832655515641
test_1m,238,additive_clr_spline,5.81378096800584,5.96386915842812,0.08707751023068531
test_1m,239,additive_clr_spline,4.748776215773362,4.60358090109507,0.03370490015470523
test_1m,240,additive_clr_spline,4.957890822337224,4.97283504728065,0.016501803906347774
test_1m,241,additive_clr_spline,5.62933349609375,5.616679670800612,0.03496707333720136
test_1m,242,additive_clr_spline,5.148434042930603,5.109662603214531,0.05510551308107798
test_1m,243,additive_clr_spline,4.883842871739314,5.094663199979214,0.06318754543563908
test_1m,244,additive_clr_spline,5.041003465652466,5.069903741079029,0.017321507725128523
test_1m,245,additive_clr_spline,4.897606299473689,4.868141603593131,0.013063012216789202
test_1m,246,additive_clr_spline,5.2644751622126655,5.077071987385832,0.11024225612326675
test_1m,247,additive_clr_spline,5.501915564903846,5.547549114131273,0.024063724286341952
test_1m,248,additive_clr_spline,5.475500913766714,5.557378929868799,0.05072322288657381
test_1m,249,additive_clr_spline,5.208934123699482,5.120369420218602,0.0366640208061457
test_1m,250,additive_clr_spline,5.4785849039371195,5.377904957195989,0.02092927559564171
test_1m,251,additive_clr_spline,5.3387604126563435,5.4398413777432255,0.053120922552566854
test_1m,252,additive_clr_spline,4.944269565435556,5.052169579694131,0.02898136491288131
test_1m,253,additive_clr_spline,4.8902964408581076,4.808627963614705,0.024626442822422483
test_1m,254,additive_clr_spline,5.046159487504226,5.152499957699599,0.025967964318176658
test_1m,255,additive_clr_spline,5.319039436487051,5.224658753953578,0.06274996695580203
test_1m,256,additive_clr_spline,5.699696925970224,5.7831355328439,0.03381996429803507
test_1m,1,lowrank_ilr_quadratic,5.373965153327355,5.92277889516081,0.37163809723721464
test_1m,2,lowrank_ilr_quadratic,4.87088759128864,4.788945144639223,0.016877168597095763
test_1m,3,lowrank_ilr_quadratic,5.0853205277369575,5.412121871609519,0.13543991557887008
test_1m,4,lowrank_ilr_quadratic,5.274973685924824,5.466201511208657,0.05355162529363022
test_1m,5,lowrank_ilr_quadratic,5.359663541500385,5.3341022719947855,0.016817532801736684
test_1m,6,lowrank_ilr_quadratic,4.832554211983314,4.830177158273624,0.020497381920276225
test_1m,7,lowrank_ilr_quadratic,6.1226600133455715,5.622986739499216,0.2819992071804759
test_1m,8,lowrank_ilr_quadratic,5.555017544673039,5.0695756898082465,0.27851757864772764
test_1m,9,lowrank_ilr_quadratic,5.278190264335046,5.247544846167356,0.013320581101942409
test_1m,10,lowrank_ilr_quadratic,5.622174207980816,5.793490764643627,0.07262238005510649
test_1m,11,lowrank_ilr_quadratic,5.316068282494178,5.6842949578789295,0.16000916833217238
test_1m,12,lowrank_ilr_quadratic,5.243096773441021,5.317745377576274,0.05479510758729658
test_1m,13,lowrank_ilr_quadratic,5.3679552261645975,5.4328236386907935,0.02023230805226534
test_1m,14,lowrank_ilr_quadratic,5.620352524977464,5.51307152734759,0.07774321135185976
test_1m,15,lowrank_ilr_quadratic,5.108994245529175,5.676975277421902,0.3813991913438576
test_1m,16,lowrank_ilr_quadratic,5.430535133068378,5.530172594154802,0.036961994569542564
test_1m,17,lowrank_ilr_quadratic,5.153882228411161,5.347691821720478,0.10581794607828206
test_1m,18,lowrank_ilr_quadratic,5.012001450245197,5.410472368570945,0.24221643387871308
test_1m,19,lowrank_ilr_quadratic,5.573129892349243,5.4899345510567095,0.04578952248330717
test_1m,20,lowrank_ilr_quadratic,5.411105082585261,5.604070919300787,0.11593348823072745
test_1m,21,lowrank_ilr_quadratic,5.185511203912588,5.366719037703164,0.10477293305197755
test_1m,22,lowrank_ilr_quadratic,5.426152119269738,5.68974593204949,0.09932393141495446
test_1m,23,lowrank_ilr_quadratic,5.119761852117685,5.2479317261849125,0.02888300583156028
test_1m,24,lowrank_ilr_quadratic,5.380604853996863,5.305392588811855,0.01583344776052844
test_1m,25,lowrank_ilr_quadratic,4.985298065038828,5.053566877439441,0.019592698751205652
test_1m,26,lowrank_ilr_quadratic,6.030289613283598,5.400978006583511,0.4501635795646942
test_1m,27,lowrank_ilr_quadratic,5.3554720145005446,5.319361640156393,0.008745445319781527
test_1m,28,lowrank_ilr_quadratic,4.822077512741089,4.882346307118233,0.028298653054147305
test_1m,29,lowrank_ilr_quadratic,5.511135798234206,5.496729951668149,0.017713234489016863
test_1m,30,lowrank_ilr_quadratic,5.3289276269766,5.3189718027644535,0.013138052074771273
test_1m,31,lowrank_ilr_quadratic,5.541824230780969,5.571670793229714,0.030189521138018333
test_1m,32,lowrank_ilr_quadratic,4.942216506371131,4.989401074718434,0.02718147002027185
test_1m,33,lowrank_ilr_quadratic,4.850861732776348,4.9990325576538615,0.05714869969016164
test_1m,34,lowrank_ilr_quadratic,5.470191625448374,5.061502515755233,0.22018050384369386
test_1m,35,lowrank_ilr_quadratic,4.842583014414861,5.056409414203192,0.0781392105154082
test_1m,36,lowrank_ilr_quadratic,4.996479859718909,5.127804929190314,0.0600413311019477
test_1m,37,lowrank_ilr_quadratic,5.3476937183967,5.420481826679053,0.02816903544299027
test_1m,38,lowrank_ilr_quadratic,5.533937160785381,5.438821199312489,0.035163223352477985
test_1m,39,lowrank_ilr_quadratic,5.247154749356783,5.452838903396392,0.0710714873119498
test_1m,40,lowrank_ilr_quadratic,4.861885676017175,5.064585898441781,0.053024421089319144
test_1m,41,lowrank_ilr_quadratic,4.824003237944383,4.974883220552277,0.034560080485977376
test_1m,42,lowrank_ilr_quadratic,5.514141229482798,5.109675266415736,0.21710173992118967
test_1m,43,lowrank_ilr_quadratic,5.512701438023494,5.300568895804767,0.07968620480066133
test_1m,44,lowrank_ilr_quadratic,5.065673901484563,5.155072745011613,0.014317818666272955
test_1m,45,lowrank_ilr_quadratic,4.894003648024339,5.116276545490621,0.12388268099967042
test_1m,46,lowrank_ilr_quadratic,5.1635107810680685,5.113501630863681,0.01222735450130483
test_1m,47,lowrank_ilr_quadratic,5.117653076465313,5.571672362925231,0.31921611645654424
test_1m,48,lowrank_ilr_quadratic,5.232946267494788,5.3520446838798685,0.027611183116240615
test_1m,49,lowrank_ilr_quadratic,5.485732243611262,5.384079142432028,0.0287780779627171
test_1m,50,lowrank_ilr_quadratic,4.918953253672673,5.003910761048842,0.028410539244620333
test_1m,51,lowrank_ilr_quadratic,5.210708599824172,5.303149852427675,0.04074047312554819
test_1m,52,lowrank_ilr_quadratic,5.616335960534903,5.509994629658413,0.06890592928635218
test_1m,53,lowrank_ilr_quadratic,4.925976707385137,5.101950382809429,0.0831000644934373
test_1m,54,lowrank_ilr_quadratic,5.445093961862417,5.291880360963641,0.04101738330171531
test_1m,55,lowrank_ilr_quadratic,5.4119741183060865,5.329392766737704,0.025110185455778998
test_1m,56,lowrank_ilr_quadratic,5.022448970721318,4.944013874640059,0.024025784559199535
test_1m,57,lowrank_ilr_quadratic,6.0019166836371785,5.517314230391831,0.28933364125832167
test_1m,58,lowrank_ilr_quadratic,4.8247223909084616,5.137791470775725,0.1272059433399308
test_1m,59,lowrank_ilr_quadratic,4.857201796311599,4.823650936993434,0.06450801553075382
test_1m,60,lowrank_ilr_quadratic,5.41318128659175,5.375333144222093,0.031105883773025332
test_1m,61,lowrank_ilr_quadratic,5.597858062157264,5.36740947412262,0.12184517096517482
test_1m,62,lowrank_ilr_quadratic,5.30172061920166,5.526355328872664,0.07267687014359904
test_1m,63,lowrank_ilr_quadratic,5.682907618009127,5.238829471277412,0.2518210563069039
test_1m,64,lowrank_ilr_quadratic,4.841868152985206,5.0347277346310655,0.045431027547883765
test_1m,65,lowrank_ilr_quadratic,5.357793001028208,5.633533742673313,0.1860791029305609
test_1m,66,lowrank_ilr_quadratic,5.643125313978929,5.496462218008451,0.05727182272010759
test_1m,67,lowrank_ilr_quadratic,5.974604258170495,5.407619314210326,0.4031242307950146
test_1m,68,lowrank_ilr_quadratic,4.849615793961745,5.145463563524894,0.1389324763462694
test_1m,69,lowrank_ilr_quadratic,4.953273947422321,5.049608308307304,0.01682827700285502
test_1m,70,lowrank_ilr_quadratic,5.410243327801044,5.4188673091406185,0.02939351786295332
test_1m,71,lowrank_ilr_quadratic,5.234482068281907,5.455906313158914,0.06871628275167177
test_1m,72,lowrank_ilr_quadratic,5.297613822496855,5.089257705736781,0.06291191996485226
test_1m,73,lowrank_ilr_quadratic,5.492023046200092,5.559569001007873,0.2154745755298496
test_1m,74,lowrank_ilr_quadratic,5.583093661528367,5.968857040421789,0.3308777983103164
test_1m,75,lowrank_ilr_quadratic,5.079312672981849,5.337256598863688,0.11999341856055662
test_1m,76,lowrank_ilr_quadratic,4.998651376137366,4.98212910429365,0.007903520522778653
test_1m,77,lowrank_ilr_quadratic,5.560814985862145,5.164474810479235,0.18622733117705612
test_1m,78,lowrank_ilr_quadratic,5.0722093765552225,5.515963373171797,0.2447031044337479
test_1m,79,lowrank_ilr_quadratic,5.943764393146221,5.523223910315211,0.22462380387978692
test_1m,80,lowrank_ilr_quadratic,5.496101251015296,5.567468454814232,0.011129147549878605
test_1m,81,lowrank_ilr_quadratic,4.923734188079834,5.09188770235345,0.06667833427417799
test_1m,82,lowrank_ilr_quadratic,5.182465589963472,5.221436586153359,0.032608967009525015
test_1m,83,lowrank_ilr_quadratic,5.346311752612774,5.3081164481074,0.014205639342250897
test_1m,84,lowrank_ilr_quadratic,5.065563788780799,5.270577796766645,0.05215004171645385
test_1m,85,lowrank_ilr_quadratic,5.603990334730882,5.419219344249805,0.042883279921282394
test_1m,86,lowrank_ilr_quadratic,5.389875118549053,5.508821617174647,0.07810846804998693
test_1m,87,lowrank_ilr_quadratic,6.255406177960909,5.715492077552217,0.4891292624091759
test_1m,88,lowrank_ilr_quadratic,5.339869609245887,5.046417396478818,0.11707865375950452
test_1m,89,lowrank_ilr_quadratic,5.183077060259306,5.500100119381514,0.17446935968011199
test_1m,90,lowrank_ilr_quadratic,5.137655404897837,5.083931139347413,0.0932277099355383
test_1m,91,lowrank_ilr_quadratic,5.181325380618755,5.206590916504741,0.02171128544952518
test_1m,92,lowrank_ilr_quadratic,5.086711131609404,5.3735070861423,0.09790021735464954
test_1m,93,lowrank_ilr_quadratic,5.25266760129195,5.408203037208079,0.04857954034560222
test_1m,94,lowrank_ilr_quadratic,5.582974470578707,5.323214997597604,0.11007843200767477
test_1m,95,lowrank_ilr_quadratic,5.189936821277325,5.24571401490292,0.018462229112121146
test_1m,96,lowrank_ilr_quadratic,5.411290608919584,5.429371876414536,0.030385979595477397
test_1m,97,lowrank_ilr_quadratic,5.608062890859751,5.958277787683509,0.15176799824493364
test_1m,98,lowrank_ilr_quadratic,5.191432806161734,5.466859591544983,0.12139924957427084
test_1m,99,lowrank_ilr_quadratic,5.267571302560659,5.279070351576549,0.015602647539719482
test_1m,100,lowrank_ilr_quadratic,5.286745548248291,5.359102972996306,0.029921370374093682
test_1m,101,lowrank_ilr_quadratic,5.7576320721552925,5.5668649357814965,0.09927919135826932
test_1m,102,lowrank_ilr_quadratic,5.30854738675631,5.414136969925514,0.052874189982101985
test_1m,103,lowrank_ilr_quadratic,5.351222936923687,5.097344784031015,0.08126285587857235
test_1m,104,lowrank_ilr_quadratic,5.032535387919499,5.119549171657699,0.027167346152855758
test_1m,105,lowrank_ilr_quadratic,5.332005354074331,5.368930086553807,0.04791036204119767
test_1m,106,lowrank_ilr_quadratic,5.500462238605206,5.5294322034979775,0.03758932374643482
test_1m,107,lowrank_ilr_quadratic,5.0212734662569485,5.45716576048754,0.2060028718959484
test_1m,108,lowrank_ilr_quadratic,5.221878198476938,5.295028780006752,0.10968013460521009
test_1m,109,lowrank_ilr_quadratic,5.327835669884315,5.104690101793645,0.06941540898849122
test_1m,110,lowrank_ilr_quadratic,5.304491354868962,5.028036502418986,0.1410519902027387
test_1m,111,lowrank_ilr_quadratic,5.349758625030518,5.3935625546089465,0.027846878383103624
test_1m,112,lowrank_ilr_quadratic,5.1627951218531685,5.085341249767183,0.03121365098162267
test_1m,113,lowrank_ilr_quadratic,5.112499567178579,5.15569256461051,0.04232725692967078
test_1m,114,lowrank_ilr_quadratic,5.043016635454618,5.216683310825099,0.08223150637364693
test_1m,115,lowrank_ilr_quadratic,5.322289026700533,5.40647415215644,0.03337714157911593
test_1m,116,lowrank_ilr_quadratic,5.231626620659461,5.108715244029009,0.03938246800597527
test_1m,117,lowrank_ilr_quadratic,5.446287631988525,5.249429891793113,0.05224632794228289
test_1m,118,lowrank_ilr_quadratic,5.708623335911677,5.540835695717381,0.09282537942382262
test_1m,119,lowrank_ilr_quadratic,4.819635070287264,5.001270128543509,0.0458991512107565
test_1m,120,lowrank_ilr_quadratic,5.282045437739446,5.4487450986995185,0.06351656057338212
test_1m,121,lowrank_ilr_quadratic,5.450615240977361,5.3417761798247305,0.024109043287961852
test_1m,122,lowrank_ilr_quadratic,4.936770695906419,5.123695809366078,0.07089938622184977
test_1m,123,lowrank_ilr_quadratic,5.454761578486516,5.386465275223647,0.06487484518760975
test_1m,124,lowrank_ilr_quadratic,5.221884736647973,5.197426116899226,0.09085873123476304
test_1m,125,lowrank_ilr_quadratic,5.063311173365666,5.3453491505219395,0.10589056037600159
test_1m,126,lowrank_ilr_quadratic,5.075846562018762,5.170132924302374,0.03132681203996968
test_1m,127,lowrank_ilr_quadratic,5.145153375772329,5.249849216765345,0.07194811058768379
test_1m,128,lowrank_ilr_quadratic,5.006139021653396,5.10521946908169,0.03673964747541865
test_1m,129,lowrank_ilr_quadratic,5.386295612041767,5.604346971312629,0.0881633468730722
test_1m,130,lowrank_ilr_quadratic,4.963192664659941,5.16261084890094,0.060959967328146084
test_1m,131,lowrank_ilr_quadratic,5.076912788244394,5.316940437744979,0.08305502607844734
test_1m,132,lowrank_ilr_quadratic,5.258599299650926,5.517061511459953,0.0895217605694609
test_1m,133,lowrank_ilr_quadratic,4.978934398064246,5.190331253226852,0.060984612237215706
test_1m,134,lowrank_ilr_quadratic,5.45208663206834,5.758661101262381,0.12928680141760393
test_1m,135,lowrank_ilr_quadratic,5.882924281633818,5.844889560006928,0.017943906561127824
test_1m,136,lowrank_ilr_quadratic,5.645181380785429,5.581932644775235,0.031091040295530226
test_1m,137,lowrank_ilr_quadratic,5.335846644181472,5.740984679861911,0.22510709888970043
test_1m,138,lowrank_ilr_quadratic,5.734728152935322,5.606025646405393,0.037390461037704784
test_1m,139,lowrank_ilr_quadratic,5.872643544123723,5.7253728033573115,0.09134364417639139
test_1m,140,lowrank_ilr_quadratic,5.057002562742967,5.156306103360797,0.0371916208613294
test_1m,141,lowrank_ilr_quadratic,5.358076884196355,5.594587994720474,0.09514919210928743
test_1m,142,lowrank_ilr_quadratic,5.228418221840491,5.093038130807627,0.03872213799851186
test_1m,143,lowrank_ilr_quadratic,4.8701782409961405,5.052461315620243,0.11530868555108661
test_1m,144,lowrank_ilr_quadratic,5.2966673007378215,5.539586340018119,0.14502041263760582
test_1m,145,lowrank_ilr_quadratic,5.112739893106314,5.211109417911974,0.038133048494343964
test_1m,146,lowrank_ilr_quadratic,5.457334096615131,5.141638644748888,0.1493407163251824
test_1m,147,lowrank_ilr_quadratic,5.307218826734102,5.6680350466996225,0.1419485202103097
test_1m,148,lowrank_ilr_quadratic,5.2064825388101434,5.183958311995538,0.05134305833149847
test_1m,149,lowrank_ilr_quadratic,5.430807131987351,5.575630269951055,0.03714890569493271
test_1m,150,lowrank_ilr_quadratic,5.428873428931603,5.341691468548991,0.03384594839594878
test_1m,151,lowrank_ilr_quadratic,5.222006137554462,5.217749465530772,0.009714150097839732
test_1m,152,lowrank_ilr_quadratic,4.884913802146912,5.252566806952954,0.16981917364242183
test_1m,153,lowrank_ilr_quadratic,4.9806958345266485,5.099386281351826,0.06346178639760844
test_1m,154,lowrank_ilr_quadratic,5.267538877633902,5.140671270412521,0.021934493244347555
test_1m,155,lowrank_ilr_quadratic,4.885753613251906,5.312212662125646,0.240240230676148
test_1m,156,lowrank_ilr_quadratic,5.346514151646541,5.34203594323214,0.03973843614877063
test_1m,157,lowrank_ilr_quadratic,5.070986362603994,5.3753094086254976,0.10982841212345845
test_1m,158,lowrank_ilr_quadratic,5.234849067834707,5.20209109107349,0.017140749827374825
test_1m,159,lowrank_ilr_quadratic,5.512349660579975,5.407306443004331,0.03141363320146239
test_1m,160,lowrank_ilr_quadratic,5.117385690028851,5.475618951513979,0.1523849515072792
test_1m,161,lowrank_ilr_quadratic,5.324403762817383,5.337060800311702,0.017689235174799874
test_1m,162,lowrank_ilr_quadratic,5.353014890964214,5.334842407964674,0.010509705300493603
test_1m,163,lowrank_ilr_quadratic,5.048737287521362,5.229185927115926,0.08949829131183253
test_1m,164,lowrank_ilr_quadratic,4.96267975293673,5.387183583759286,0.22799988965827037
test_1m,165,lowrank_ilr_quadratic,4.9157152359302225,5.022532546611528,0.031013750476317048
test_1m,166,lowrank_ilr_quadratic,5.286557564368615,5.141452903971016,0.05909961830462967
test_1m,167,lowrank_ilr_quadratic,5.133503042734587,4.95777844031455,0.06224716204825715
test_1m,168,lowrank_ilr_quadratic,5.197917736493624,5.342070328906869,0.03535135919892885
test_1m,169,lowrank_ilr_quadratic,5.126447888521048,5.265888372874814,0.05395013728479561
test_1m,170,lowrank_ilr_quadratic,5.287885409135085,5.527914497721752,0.06615390932122857
test_1m,171,lowrank_ilr_quadratic,5.30585241317749,4.983352842015792,0.1299817668811154
test_1m,172,lowrank_ilr_quadratic,4.837997051385733,4.885677191952232,0.02483733584219597
test_1m,173,lowrank_ilr_quadratic,5.239429235458374,5.235176421756592,0.009110486833536807
test_1m,174,lowrank_ilr_quadratic,5.488476863274207,5.537690849810288,0.03631279329144072
test_1m,175,lowrank_ilr_quadratic,5.475210226499117,5.675311335687116,0.05616823364931022
test_1m,176,lowrank_ilr_quadratic,4.92287250665518,5.039230377900463,0.08283053534898525
test_1m,177,lowrank_ilr_quadratic,5.35578047312223,5.665019667249857,0.14459504105439913
test_1m,178,lowrank_ilr_quadratic,5.1411422949570875,5.5836383556894145,0.24569582483356273
test_1m,179,lowrank_ilr_quadratic,5.151545451237605,5.4965254217692525,0.1776550920706441
test_1m,180,lowrank_ilr_quadratic,5.563087665117704,5.512946330269733,0.015543879795834215
test_1m,181,lowrank_ilr_quadratic,5.219185086397024,4.976627435448786,0.09062427945337911
test_1m,182,lowrank_ilr_quadratic,5.26178763462947,5.095417583452376,0.04095157122377079
test_1m,183,lowrank_ilr_quadratic,5.371381301146287,5.49562143916402,0.08019589677139848
test_1m,184,lowrank_ilr_quadratic,5.240099540123572,5.252507185086591,0.029676498893828833
test_1m,185,lowrank_ilr_quadratic,5.576606750488281,5.412779282468749,0.10047481909943248
test_1m,186,lowrank_ilr_quadratic,5.590281853309045,5.5243904921271785,0.026773858758806775
test_1m,187,lowrank_ilr_quadratic,5.33940498645489,5.215417840097597,0.03331579845208017
test_1m,188,lowrank_ilr_quadratic,5.043212157029372,5.3493063900351325,0.10809432040103413
test_1m,189,lowrank_ilr_quadratic,5.405239325303298,5.51565426826103,0.02271893791220244
test_1m,190,lowrank_ilr_quadratic,5.185509388263409,5.10529218984069,0.1170903007783464
test_1m,191,lowrank_ilr_quadratic,5.42188888329726,5.3797677531678705,0.06402673388784827
test_1m,192,lowrank_ilr_quadratic,4.8160657699291525,4.772364472427973,0.01226652953349437
test_1m,193,lowrank_ilr_quadratic,5.4283616084318895,5.08029393599138,0.15067661868900636
test_1m,194,lowrank_ilr_quadratic,5.459724536308875,5.486874334551984,0.016202268926133936
test_1m,195,lowrank_ilr_quadratic,5.234574794769287,5.358527292848076,0.05695764471529512
test_1m,196,lowrank_ilr_quadratic,5.184967343623821,5.363970261557573,0.07227844452864683
test_1m,197,lowrank_ilr_quadratic,5.518194308647742,5.430264100507914,0.023897567238097016
test_1m,198,lowrank_ilr_quadratic,5.557751985696646,5.645143803342186,0.023518710954156436
test_1m,199,lowrank_ilr_quadratic,4.781108076755817,4.825587305534528,0.03730594335869063
test_1m,200,lowrank_ilr_quadratic,5.06939539542565,5.105326596591261,0.012076975695434405
test_1m,201,lowrank_ilr_quadratic,5.339909296769362,5.290001731154088,0.017611626998425035
test_1m,202,lowrank_ilr_quadratic,5.61352616090041,5.63430344838776,0.027961295003772365
test_1m,203,lowrank_ilr_quadratic,5.0352346163529615,4.952197715086319,0.018904819765900967
test_1m,204,lowrank_ilr_quadratic,4.877113030507014,5.015300275112101,0.029937255887154235
test_1m,205,lowrank_ilr_quadratic,5.267979805286114,5.637143577678255,0.186169211693036
test_1m,206,lowrank_ilr_quadratic,5.150456776985755,5.412004640449311,0.11835183626807354
test_1m,207,lowrank_ilr_quadratic,5.1401409552647515,5.144261303758071,0.0060115501441062305
test_1m,208,lowrank_ilr_quadratic,5.676010627012986,5.558946686089507,0.026629191432734498
test_1m,209,lowrank_ilr_quadratic,5.377659724308894,5.233715951815421,0.06372198448861598
test_1m,210,lowrank_ilr_quadratic,5.186076457683857,5.5431120852483895,0.20700931242989562
test_1m,211,lowrank_ilr_quadratic,5.287550559410682,5.529209168734202,0.160960251109841
test_1m,212,lowrank_ilr_quadratic,5.250837564468384,5.122655554914828,0.06808030769416144
test_1m,213,lowrank_ilr_quadratic,5.810631862053504,5.494611471446043,0.12980567896007675
test_1m,214,lowrank_ilr_quadratic,5.2689264187446,5.307162009621858,0.009376380163379746
test_1m,215,lowrank_ilr_quadratic,5.594226121902466,5.963456105012788,0.18925794325505102
test_1m,216,lowrank_ilr_quadratic,5.750330264751728,5.727998529412285,0.017092788586152183
test_1m,217,lowrank_ilr_quadratic,5.459014305701623,5.406347670120154,0.020228061529513734
test_1m,218,lowrank_ilr_quadratic,6.01004985662607,5.4454018506545765,0.4277296650486668
test_1m,219,lowrank_ilr_quadratic,4.837217972828792,5.207060188170282,0.14791909066729006
test_1m,220,lowrank_ilr_quadratic,5.186958074569702,5.125004715136948,0.07894743568569661
test_1m,221,lowrank_ilr_quadratic,5.200841005031879,5.284793185467572,0.10431987818334855
test_1m,222,lowrank_ilr_quadratic,5.261684747842642,5.279130127215959,0.010905757366290434
test_1m,223,lowrank_ilr_quadratic,5.336975409434392,5.663667656094058,0.14696185287293542
test_1m,224,lowrank_ilr_quadratic,5.489916590543894,5.183953427681355,0.10552194622976684
test_1m,225,lowrank_ilr_quadratic,5.041584913547222,5.284476122095536,0.10006507279095403
test_1m,226,lowrank_ilr_quadratic,4.847743309461153,5.123814611240369,0.09056154493196109
test_1m,227,lowrank_ilr_quadratic,5.5380350809830885,5.911751325729938,0.1963474008404457
test_1m,228,lowrank_ilr_quadratic,5.436667589040903,5.484836621789754,0.03406422215045047
test_1m,229,lowrank_ilr_quadratic,5.461142650017371,5.474121306306919,0.011644357058788444
test_1m,230,lowrank_ilr_quadratic,5.141164376185491,5.532605036194946,0.19885371113977815
test_1m,231,lowrank_ilr_quadratic,5.319232243757981,5.433555576497944,0.036848772060419324
test_1m,232,lowrank_ilr_quadratic,4.92147761124831,4.76205442215968,0.08786654395756331
test_1m,233,lowrank_ilr_quadratic,5.459875510289119,5.3738260780856955,0.04106185142655207
test_1m,234,lowrank_ilr_quadratic,5.89896035194397,5.64587382627377,0.09090956641027731
test_1m,235,lowrank_ilr_quadratic,5.202117608143733,5.610935102336236,0.19755331694444125
test_1m,236,lowrank_ilr_quadratic,5.195189402653621,5.2441248300363394,0.02940854724892109
test_1m,237,lowrank_ilr_quadratic,5.716134273088896,5.703008887447192,0.03409818203010652
test_1m,238,lowrank_ilr_quadratic,5.81378096800584,5.557003042143136,0.18575688881306912
test_1m,239,lowrank_ilr_quadratic,4.748776215773362,4.5011162060089065,0.12345332938116683
test_1m,240,lowrank_ilr_quadratic,4.957890822337224,4.952828310985757,0.04056227033818417
test_1m,241,lowrank_ilr_quadratic,5.62933349609375,5.636742065797851,0.0338528969491193
test_1m,242,lowrank_ilr_quadratic,5.148434042930603,5.297774567891515,0.035350157805920136
test_1m,243,lowrank_ilr_quadratic,4.883842871739314,5.193903019646742,0.1387049142400888
test_1m,244,lowrank_ilr_quadratic,5.041003465652466,5.239837953709117,0.05506266559228404
test_1m,245,lowrank_ilr_quadratic,4.897606299473689,5.305108578412903,0.21667068895150468
test_1m,246,lowrank_ilr_quadratic,5.2644751622126655,5.189234748453497,0.02909792458909274
test_1m,247,lowrank_ilr_quadratic,5.501915564903846,5.479209882522186,0.002710624701819149
test_1m,248,lowrank_ilr_quadratic,5.475500913766714,5.197889094181577,0.0982701212748463
test_1m,249,lowrank_ilr_quadratic,5.208934123699482,5.423284304920405,0.06955819432526802
test_1m,250,lowrank_ilr_quadratic,5.4785849039371195,5.301139279190636,0.04578793124334612
test_1m,251,lowrank_ilr_quadratic,5.3387604126563435,5.5637302299334035,0.06981782224695296
test_1m,252,lowrank_ilr_quadratic,4.944269565435556,5.092089223795331,0.036715526139614936
test_1m,253,lowrank_ilr_quadratic,4.8902964408581076,4.743409985225782,0.06058870742230964
test_1m,254,lowrank_ilr_quadratic,5.046159487504226,4.918589279630679,0.04059600033770934
test_1m,255,lowrank_ilr_quadratic,5.319039436487051,5.703103021298085,0.23706683398501083
test_1m,256,lowrank_ilr_quadratic,5.699696925970224,5.646705262965974,0.019260887808078223
test_60m,1,v2,3.8517696674053488,5.7630901670437185,4.275984394219326
test_60m,2,v2,3.5351413855185876,4.667607640267975,1.5494484223491485
test_60m,3,v2,3.6975777057500987,5.274091554212555,2.7985951679448293
test_60m,4,v2,3.747084856033325,5.374862280776309,2.8373520667332572
test_60m,5,v2,3.976117363342872,5.421091305844736,2.3167312494043
test_60m,6,v2,3.496182386691754,4.757099871141843,1.7237517080082105
test_60m,7,v2,4.51767621590541,5.752529326621623,1.6893101145451226
test_60m,8,v2,4.025382995605469,5.137207462246803,1.3578876066659133
test_60m,9,v2,3.8515106531289907,5.147992002470067,1.8802051737907939
test_60m,10,v2,4.0511001623593845,5.719414103682443,3.1569471823512174
test_60m,11,v2,3.8083887008520274,5.490940164850538,3.0802063674205367
test_60m,12,v2,3.835879949422983,5.378257837997991,2.609484059156528
test_60m,13,v2,3.818448671927819,5.405297027372715,2.678306272237587
test_60m,14,v2,4.010570544462937,5.425199476781293,2.2109382054689255
test_60m,15,v2,3.6536311369675856,5.622168089207888,4.139158691410906
test_60m,16,v2,3.8936427189753604,5.530400318487351,2.8964583937892976
test_60m,17,v2,3.7458608608979445,5.311179267775206,2.725515766903673
test_60m,18,v2,3.6736345291137695,5.470192267607961,3.539900614402733
test_60m,19,v2,3.986793637275696,5.497823861291873,2.403681342455745
test_60m,20,v2,3.921114582281846,5.547470722283397,2.899397790588959
test_60m,21,v2,3.7338699560899,5.152896096307526,2.1420818643013537
test_60m,22,v2,3.9283689077083883,5.503767094948156,2.635550316567709
test_60m,23,v2,3.73233307324923,5.280862768367781,2.6863585824788268
test_60m,24,v2,3.8281856316786547,5.441580203369647,2.7462053609138843
test_60m,25,v2,3.6098001094964833,5.0874835864045584,2.4570049600825254
test_60m,26,v2,4.52334216924814,5.490819748995689,1.1548479035699006
test_60m,27,v2,3.8328062937809873,5.355065100726571,2.523308690869312
test_60m,28,v2,3.4803308156820445,4.8208355437390855,1.9171940540613217
test_60m,29,v2,4.0002803435692424,5.595454935539961,2.7652567089661675
test_60m,30,v2,3.791948520220243,5.234236698858194,2.2988215405170758
test_60m,31,v2,3.952471513014573,5.5651679605940565,2.83742706861178
test_60m,32,v2,3.589862640087421,5.056581052005087,2.522288700261082
test_60m,33,v2,3.531308650970459,5.021260821050377,2.453189161803773
test_60m,34,v2,3.9553150213681736,5.27663494163315,1.91496151263118
test_60m,35,v2,3.491188040146461,4.997782051043777,2.6286903523618856
test_60m,36,v2,3.6330374754392185,5.184578780665868,2.7840760101547657
test_60m,37,v2,3.8820956395222592,5.329556958574225,2.3051005766074733
test_60m,38,v2,3.9896026299549985,5.4385734141259725,2.2353649097602455
test_60m,39,v2,3.7114682014171896,5.315738312724322,2.780532110978364
test_60m,40,v2,3.4876694037364078,4.931578200070529,2.2545639868174914
test_60m,41,v2,3.4726490607628455,5.000047979598894,2.546621777710787
test_60m,42,v2,4.010781966722929,5.342449942198276,1.9246886274984267
test_60m,43,v2,3.9998620473421536,5.3054854842563035,1.8531904946567315
test_60m,44,v2,3.683179965386024,5.19077349071558,2.5099509879510227
test_60m,45,v2,3.5566786986130934,5.184268963993943,2.9143859765486613
test_60m,46,v2,3.7220435234216542,5.221365025779343,2.541889771409842
test_60m,47,v2,3.721112709779006,5.580922287210186,3.7453120251057044
test_60m,48,v2,3.795633004261897,5.256442841304035,2.359229077641799
test_60m,49,v2,3.98742308983436,5.415435019334568,2.2295118665427207
test_60m,50,v2,3.5141503444084754,5.091467033190023,2.6483339307536675
test_60m,51,v2,3.8121002637423,5.203291880723831,2.3591523101104994
test_60m,52,v2,4.0367646767542915,5.561875297209283,2.5155464125635865
test_60m,53,v2,3.593762764563927,4.952053556663993,2.201177369996527
test_60m,54,v2,3.9291177712954006,5.422229767669491,2.5091065561106154
test_60m,55,v2,3.815370046175443,5.464661671522264,3.0226481157344156
test_60m,56,v2,3.6355657394115743,5.061091535669765,2.3889984109193927
test_60m,57,v2,4.346470979543833,5.595200738780265,1.784628300789249
test_60m,58,v2,3.4814772605895996,5.060011443813682,2.752822989395596
test_60m,59,v2,3.544405753795917,4.656930709814313,1.716341146786103
test_60m,60,v2,3.8489716053009033,5.406773403237938,2.6616781459472842
test_60m,61,v2,4.072615751853356,5.453103667778267,2.098647413473986
test_60m,62,v2,3.7368050721975474,5.415525811046769,3.0554553126429034
test_60m,63,v2,4.265139267994807,5.405322132346284,1.5268136180949972
test_60m,64,v2,3.545279539548434,4.946750400942685,2.1530723078883147
test_60m,65,v2,3.880960391117976,5.554639751020913,3.1629844212297753
test_60m,66,v2,4.252322765497061,5.413214803897635,1.511802418149038
test_60m,67,v2,4.332634650743925,5.5117799272387495,1.6058542219521579
test_60m,68,v2,3.4717498742617092,5.205867233006385,3.230269091513175
test_60m,69,v2,3.6408189810239353,5.429919819826538,3.5255434362393356
test_60m,70,v2,3.8522486136509824,5.497754450651426,2.9231712945447366
test_60m,71,v2,3.8086358858988834,5.3591701293888425,2.5870243150628243
test_60m,72,v2,3.9089009211613583,5.013647515162756,1.5485772458136642
test_60m,73,v2,3.9746962877420278,5.689400956941319,3.4001760676306443
test_60m,74,v2,4.132767347189096,5.882326558124697,3.476879547673553
test_60m,75,v2,3.692255946306082,5.351848499850273,3.1639634691354033
test_60m,76,v2,3.5244153096125674,5.023802602770876,2.410774454082256
test_60m,77,v2,4.122740873923669,5.336866219283977,1.7214878325435652
test_60m,78,v2,3.7407119549237766,5.462525546724976,3.226719278241073
test_60m,79,v2,4.322127452263465,5.550684369265289,1.6500344281030066
test_60m,80,v2,3.9859176048865685,5.506959581683865,2.610728452891652
test_60m,81,v2,3.5875075230231652,5.019787413328709,2.2931569636821574
test_60m,82,v2,3.6867511364129872,5.164950976702917,2.3221730323608654
test_60m,83,v2,3.7745808821458082,5.273150392796721,2.530287241688673
test_60m,84,v2,3.6411989743892965,5.2373275575435505,2.945137033169009
test_60m,85,v2,4.032860379952651,5.5057477038231735,2.2950037699443993
test_60m,86,v2,3.985370525946984,5.459618252739209,2.4424600861297217
test_60m,87,v2,4.9417715806227465,5.821301839801947,0.9026289737556853
test_60m,88,v2,3.9005948305130005,5.092307735687893,1.7556103349091465
test_60m,89,v2,3.7253656754126916,5.469336436716217,3.255754362940025
test_60m,90,v2,3.672991991043091,5.097448237669931,2.170702550057474
test_60m,91,v2,3.7143257214472842,5.435325786671251,3.2006770342202913
test_60m,92,v2,3.6817013300382175,5.181904734199083,2.411342738072755
test_60m,93,v2,3.9557971312449527,5.4162020384037115,2.3172869011756725
test_60m,94,v2,3.9536246336423435,5.3512965799162995,2.1440066407312504
test_60m,95,v2,3.7890310287475586,5.250703948661746,2.4724188528757614
test_60m,96,v2,3.855214687494131,5.353572777568602,2.3805270333736805
test_60m,97,v2,4.108679881462684,5.802195213697669,3.1617175997608267
test_60m,98,v2,3.7424087707812967,5.512567789307797,3.4078910679310175
test_60m,99,v2,3.812870979309082,5.408587055245617,2.7308419460573647
test_60m,100,v2,3.768987252162053,5.363191120969749,2.7140640936076172
test_60m,101,v2,4.178329962950486,5.673476317913755,2.4775147470342653
test_60m,102,v2,3.867125015992385,5.389354581080284,2.651935998649978
test_60m,103,v2,3.916417360305786,5.156006502840075,1.8457902717581112
test_60m,104,v2,3.6533081990021925,5.1496739888149445,2.4453204974671188
test_60m,105,v2,3.7717432975769043,5.299232381271911,2.5970717259842573
test_60m,106,v2,3.9463119690234842,5.441358704943346,2.40406309181364
test_60m,107,v2,3.6469135192724376,5.455604929643755,3.573840803968909
test_60m,108,v2,3.727438816657433,5.194261994077627,2.357277284521692
test_60m,109,v2,3.9604038825401893,5.289788614623903,2.014758886656373
test_60m,110,v2,3.8622882457879872,5.153643226649451,1.822174344798753
test_60m,111,v2,3.8817020379579983,5.3472661952888165,2.2998341347848057
test_60m,112,v2,3.730443312571599,5.000025113747242,1.8301481177670331
test_60m,113,v2,3.6126034076397238,5.0383849114554655,2.1973322217621254
test_60m,114,v2,3.597884233181293,5.070475253383189,2.3372155894583933
test_60m,115,v2,3.7760184361384463,5.357561286581608,2.6710387092423673
test_60m,116,v2,3.814143125827496,5.253761446267328,2.3134136253302593
test_60m,117,v2,3.928957407291119,5.2897672897401184,2.002514246221547
test_60m,118,v2,4.136897508914654,5.759288106956001,2.9197159901977647
test_60m,119,v2,3.5129338869681725,4.90912215364418,2.245072764319258
test_60m,120,v2,3.8374079924363356,5.355810481782884,2.4803414867945546
test_60m,121,v2,3.8669496866372914,5.537079093779692,2.985810128256062
test_60m,122,v2,3.603101601967445,5.078745919202196,2.3863561368133284
test_60m,123,v2,3.9023352769704966,5.235044641021455,1.9127218371049028
test_60m,124,v2,3.848479756942162,5.355720638260402,2.68722650205942
test_60m,125,v2,3.6159766820760875,5.4529960221954745,3.718804703495915
test_60m,126,v2,3.6746405271383433,5.276941457014173,2.8168152789912706
test_60m,127,v2,3.77904565517719,5.232875663391728,2.341881834372574
test_60m,128,v2,3.570678234100342,5.024561251127941,2.300869831758294
test_60m,129,v2,3.890173545250526,5.531810796489863,2.8647940192090764
test_60m,130,v2,3.607477536568275,5.294004136450725,3.1015648394867146
test_60m,131,v2,3.6605310164965115,5.367073673742525,3.210553179011382
test_60m,132,v2,3.7558477383393507,5.360469713669295,2.7480393965229677
test_60m,133,v2,3.6148468255996704,5.2239272972231285,2.8411136529689074
test_60m,134,v2,3.9481968512901893,5.74450919183141,3.5918873115413414
test_60m,135,v2,4.25965980383066,5.928436214646771,3.0039831565667177
test_60m,136,v2,4.012937289017898,5.575432936291526,2.801447310620328
test_60m,137,v2,3.7768317002516527,5.522817864113753,3.272652039500876
test_60m,138,v2,4.100774379876944,5.639877691994115,2.544790811014099
test_60m,139,v2,4.305909285178552,5.668359546463563,2.013091483704127
test_60m,140,v2,3.7063923615675707,5.241207306096569,2.5834388029710955
test_60m,141,v2,3.9241505769582896,5.641385836095856,3.2004498406692763
test_60m,142,v2,3.7528554843022275,5.36683031177059,2.979731666577271
test_60m,143,v2,3.5172098783346324,4.899457374066831,2.1325105679619027
test_60m,144,v2,3.866101384162903,5.561540491473072,3.4386647263680357
test_60m,145,v2,3.7117647849596462,5.245695499772898,2.453078629024748
test_60m,146,v2,4.060513707307669,5.283628543123341,1.738349992004539
test_60m,147,v2,3.83463414815756,5.66404858732382,3.615005033290163
test_60m,148,v2,3.7881136123950663,5.07789232540376,1.7737143694125803
test_60m,149,v2,3.9071736427453847,5.5735079061834,2.976369088164882
test_60m,150,v2,3.882493936098539,5.418423889496328,2.576079059523234
test_60m,151,v2,3.6868716203249416,5.473572590369184,3.497513976604125
test_60m,152,v2,3.5546825849092922,5.209921931158461,2.957777201571182
test_60m,153,v2,3.6115563282599816,5.1977768074684105,2.6842222816026475
test_60m,154,v2,3.708408630811251,5.245314804785149,2.5731245105862857
test_60m,155,v2,3.5387800198334913,5.212724456380469,3.1671956345939116
test_60m,156,v2,3.7940599734966574,5.365611799767346,2.6421636585265724
test_60m,157,v2,3.6939790615668664,5.285461110912021,2.7583519990228873
test_60m,158,v2,3.8098807426599355,5.137463274177923,2.026366768299699
test_60m,159,v2,4.096861582535964,5.438883992506108,1.9619747547864796
test_60m,160,v2,3.73585228736584,5.515370313158234,3.542418556807614
test_60m,161,v2,3.8748917946448693,5.385192949613513,2.5304637248936857
test_60m,162,v2,3.8448636623529286,5.404116860628964,2.6348101011172504
test_60m,163,v2,3.676275317485516,5.399061163854101,3.2180086754952266
test_60m,164,v2,3.590802495296185,5.150840544024643,2.7352850637194877
test_60m,165,v2,3.582403274682852,4.932901655414146,2.2391850307589953
test_60m,166,v2,3.829378549869244,5.438638677035424,2.805593464010398
test_60m,167,v2,3.8095065630399265,4.9396844173099606,1.605510689690452
test_60m,168,v2,3.7210366909320536,5.271795585614441,2.6007313444559013
test_60m,169,v2,3.767973863161527,5.233802108601041,2.5105454643925436
test_60m,170,v2,3.764651555281419,5.550627434006935,3.5109468200884013
test_60m,171,v2,3.804078744007991,5.071576685042486,1.7093905621430945
test_60m,172,v2,3.452861584149874,4.7511735912712645,1.7967084522207775
test_60m,173,v2,3.737874984741211,5.169868499957412,2.280839369016716
test_60m,174,v2,3.887841673997732,5.496022225546706,2.8499219074278943
test_60m,175,v2,3.9176295078717747,5.733942317866308,3.5109385398517197
test_60m,176,v2,3.57160405929272,5.093747644702911,2.752213211145284
test_60m,177,v2,3.8537976374992957,5.775619365797732,4.254697720981298
test_60m,178,v2,3.6695265769958496,5.338815630788004,3.0143628682786363
test_60m,179,v2,3.7001241262142477,5.646463480954662,4.242227112751853
test_60m,180,v2,4.098448294859666,5.658708928966957,2.6389727146985686
test_60m,181,v2,3.8129103917341967,5.103741084689668,1.8985247020866913
test_60m,182,v2,3.7027198718144345,5.2129273408980055,2.5247966565844817
test_60m,183,v2,3.957926475084745,5.316622370485807,2.013779646269231
test_60m,184,v2,3.802668644831731,5.018586856210013,1.5830572436130042
test_60m,185,v2,4.054521358930147,5.495460187715404,2.2702117133182136
test_60m,186,v2,4.024204914386456,5.582708299782463,2.726307678425682
test_60m,187,v2,3.8589374468876767,5.332060698173754,2.3409127926655238
test_60m,188,v2,3.5756070613861084,5.41682219113247,3.7439957540319257
test_60m,189,v2,3.886023374704214,5.430363184280326,2.6071586770434623
test_60m,190,v2,3.6874592304229736,4.985378971671502,1.8405154806645965
test_60m,191,v2,3.9413101306328406,5.272155400780179,1.9059832089075803
test_60m,192,v2,3.49213052712954,4.8642422463680335,2.1513008053218776
test_60m,193,v2,3.9885007234720082,5.26151092333693,1.9531307292483282
test_60m,194,v2,3.9018641068385196,5.439627794921492,2.555336494574881
test_60m,195,v2,3.758896772678082,5.349947939017133,2.760178211721985
test_60m,196,v2,3.8417633771896362,5.277987155349441,2.2761465691977794
test_60m,197,v2,3.9560943016639123,5.506856010148904,2.5951973343221004
test_60m,198,v2,4.024665905879094,5.662924841051033,2.8962483528632705
test_60m,199,v2,3.478434911141029,4.69325027959783,1.912202322174498
test_60m,200,v2,3.600207989032452,4.947799899975721,1.942772906834164
test_60m,201,v2,3.820918468328623,5.297531840863621,2.420600744763419
test_60m,202,v2,4.130558710831862,5.499450931935428,2.1134369861842823
test_60m,203,v2,3.623501108242915,4.979149703098728,2.156637007337475
test_60m,204,v2,3.5280830401640673,5.145535279086212,2.8059395787863206
test_60m,205,v2,3.8118319603113027,5.473034062700889,3.2079826618936917
test_60m,206,v2,3.7758293885451097,5.167762036097972,2.250395404768082
test_60m,207,v2,3.7110812664031982,5.341785752851432,2.8255211389897754
test_60m,208,v2,4.100145028187678,5.553107144344509,2.2619644733942383
test_60m,209,v2,3.8717464483701267,5.092123732254638,1.6771176963256091
test_60m,210,v2,3.7084686205937314,5.55192937362035,3.766355249241547
test_60m,211,v2,3.7856003871330848,5.174155450390287,2.0900281689690385
test_60m,212,v2,3.77112707724938,5.185287416305827,2.1959779953555962
test_60m,213,v2,4.290385869833139,5.472100989272762,1.5512328014565568
test_60m,214,v2,3.7944410214057336,5.291726862859606,2.4862998556385656
test_60m,215,v2,4.103272841526912,5.958337762237402,3.7472649273599097
test_60m,216,v2,4.2124140446002665,5.66771382037779,2.2975867296374366
test_60m,217,v2,3.9720353346604567,5.361886754423877,2.140388239802796
test_60m,218,v2,4.362709907385019,5.57115645510205,1.6583011782514108
test_60m,219,v2,3.4426276225310106,5.086222167971793,2.977848136088154
test_60m,220,v2,3.807428268285898,5.248668206009922,2.5776533089352673
test_60m,221,v2,3.8140864739051232,5.448873926692655,3.0092536947184807
test_60m,222,v2,3.7926635283690233,5.304165435840902,2.4712694787637983
test_60m,223,v2,3.9651521260921774,5.453049971022618,2.428874898392966
test_60m,224,v2,4.039348638974703,5.032430260113273,1.294798228839769
test_60m,225,v2,3.6124001191212582,5.183833906373609,2.6884376539096713
test_60m,226,v2,3.4943402913900523,5.136026468989518,2.929953600252723
test_60m,227,v2,4.001542632396404,5.699743815224016,3.1058862967874408
test_60m,228,v2,3.9004869827857385,5.491131033385996,2.7932324532970827
test_60m,229,v2,3.951046118369469,5.4137095982858625,2.356221008199768
test_60m,230,v2,3.77346264399015,5.592270647146119,3.5794137711734355
test_60m,231,v2,3.765969606546255,5.498863142204415,3.297612716629934
test_60m,232,v2,3.6042430584247294,4.867618646373139,1.9623497222588153
test_60m,233,v2,3.908458581337562,5.537108098141283,2.8770303179996377
test_60m,234,v2,4.292688644849337,5.531903849178414,1.7968689969119205
test_60m,235,v2,3.7696188871677103,5.410745782783712,3.1390002725776442
test_60m,236,v2,3.7924403869188748,5.14198411373828,2.006052436246655
test_60m,237,v2,4.106463899979224,5.741952615075048,2.8290891943701117
test_60m,238,v2,4.26254784143888,5.660070087988397,2.1994166833627626
test_60m,239,v2,3.4505914449691772,4.49071171819881,1.3381565578825523
test_60m,240,v2,3.605923139131986,5.183613151454655,2.653682721245803
test_60m,241,v2,4.0380394367071295,5.594112497149674,2.587781009445813
test_60m,242,v2,3.7682379942673903,5.267567122132085,2.4239016278963414
test_60m,243,v2,3.5302089636142435,5.290528668860868,3.3607508369011283
test_60m,244,v2,3.570804009070763,5.140606069511528,2.682544266125554
test_60m,245,v2,3.5269406942220836,5.203859624115528,3.056724649333084
test_60m,246,v2,3.7958293969814596,5.075453633762545,1.70965678113827
test_60m,247,v2,3.911018885098971,5.40891819996018,2.4309921158258545
test_60m,248,v2,3.911881373478816,5.377595615226637,2.324160670765636
test_60m,249,v2,3.7244341465143056,5.426368566475814,3.10318014292937
test_60m,250,v2,4.07816101037539,5.354719093011259,1.8764690849408094
test_60m,251,v2,3.8377485825465274,5.567619516670864,3.374925124059269
test_60m,252,v2,3.5872572660446167,5.180398217667326,2.84062948697275
test_60m,253,v2,3.563312347118671,4.809876029532675,1.8614630518044886
test_60m,254,v2,3.6537202229866614,4.965757038733822,1.902838843158683
test_60m,255,v2,3.8290128524486837,5.628463864125863,3.6492666910017793
test_60m,256,v2,4.086858556820796,5.623866051213939,2.5684626387368774
test_60m,1,additive_clr_spline,3.8517696674053488,5.287793587750434,2.347153355025945
test_60m,2,additive_clr_spline,3.5351413855185876,4.696065147277098,1.622877631770005
test_60m,3,additive_clr_spline,3.6975777057500987,5.175849178332081,2.539032072625844
test_60m,4,additive_clr_spline,3.747084856033325,5.1822823427571585,2.234948906878727
test_60m,5,additive_clr_spline,3.976117363342872,5.145974720208985,1.550657712688015
test_60m,6,additive_clr_spline,3.496182386691754,4.703165938423981,1.5918646846448037
test_60m,7,additive_clr_spline,4.51767621590541,5.935668440996362,2.3094980754524332
test_60m,8,additive_clr_spline,4.025382995605469,5.681045291637878,3.021762078482635
test_60m,9,additive_clr_spline,3.8515106531289907,5.30804933931161,2.342342114031727
test_60m,10,additive_clr_spline,4.0511001623593845,5.550551057158457,2.4791432400474447
test_60m,11,additive_clr_spline,3.8083887008520274,5.2449650480047705,2.2081966471225773
test_60m,12,additive_clr_spline,3.835879949422983,5.0807070340790625,1.7966694154745777
test_60m,13,additive_clr_spline,3.818448671927819,5.465871284257128,2.9552413332647514
test_60m,14,additive_clr_spline,4.010570544462937,5.601395745111443,2.823654399635513
test_60m,15,additive_clr_spline,3.6536311369675856,5.1017716138803895,2.196176246238625
test_60m,16,additive_clr_spline,3.8936427189753604,5.48291205793323,2.8213032385126118
test_60m,17,additive_clr_spline,3.7458608608979445,5.268017762330337,2.655796591121416
test_60m,18,additive_clr_spline,3.6736345291137695,5.045487116946443,2.2811636948344574
test_60m,19,additive_clr_spline,3.986793637275696,5.733183752469117,3.2868406572886153
test_60m,20,additive_clr_spline,3.921114582281846,5.345342332849788,2.2247228949686852
test_60m,21,additive_clr_spline,3.7338699560899,5.226824305922947,2.4232612805712446
test_60m,22,additive_clr_spline,3.9283689077083883,5.331741370313048,2.078840943089559
test_60m,23,additive_clr_spline,3.73233307324923,5.0789504486625106,2.0607538942390553
test_60m,24,additive_clr_spline,3.8281856316786547,5.39097763129359,2.5697675235801754
test_60m,25,additive_clr_spline,3.6098001094964833,5.2540179546567725,3.0522206103226375
test_60m,26,additive_clr_spline,4.52334216924814,5.921487711705254,2.3388005559165914
test_60m,27,additive_clr_spline,3.8328062937809873,5.368110148390349,2.573291150732515
test_60m,28,additive_clr_spline,3.4803308156820445,4.812128778745831,1.9017700562543314
test_60m,29,additive_clr_spline,4.0002803435692424,5.553299925198697,2.6452573199696277
test_60m,30,additive_clr_spline,3.791948520220243,5.3240959974920194,2.5403274097851996
test_60m,31,additive_clr_spline,3.952471513014573,5.598452326684722,2.9692283498174397
test_60m,32,additive_clr_spline,3.589862640087421,4.93855841854161,2.2110673162809835
test_60m,33,additive_clr_spline,3.531308650970459,4.994151044280338,2.3585432164538362
test_60m,34,additive_clr_spline,3.9553150213681736,5.499709277186413,2.6099371636828392
test_60m,35,additive_clr_spline,3.491188040146461,4.740393661228345,1.8638050659422527
test_60m,36,additive_clr_spline,3.6330374754392185,4.8127854940911,1.7497052999259435
test_60m,37,additive_clr_spline,3.8820956395222592,5.463183477871365,2.8110983468697395
test_60m,38,additive_clr_spline,3.9896026299549985,5.67464375580635,3.0946455166733107
test_60m,39,additive_clr_spline,3.7114682014171896,5.316020997870638,2.884246152877042
test_60m,40,additive_clr_spline,3.4876694037364078,4.777430341729915,1.8330204673204504
test_60m,41,additive_clr_spline,3.4726490607628455,4.914036162005815,2.298300627537452
test_60m,42,additive_clr_spline,4.010781966722929,5.491663127120694,2.34832316425637
test_60m,43,additive_clr_spline,3.9998620473421536,5.575705979669115,2.7649791509067563
test_60m,44,additive_clr_spline,3.683179965386024,5.082038726229383,2.1701883999810505
test_60m,45,additive_clr_spline,3.5566786986130934,4.849296380838182,1.8988353121289212
test_60m,46,additive_clr_spline,3.7220435234216542,5.252700738665036,2.7710696023419192
test_60m,47,additive_clr_spline,3.721112709779006,5.019356856915688,1.9799798407562532
test_60m,48,additive_clr_spline,3.795633004261897,5.252597908332941,2.3183165646851007
test_60m,49,additive_clr_spline,3.98742308983436,5.41326042056126,2.2751548767884704
test_60m,50,additive_clr_spline,3.5141503444084754,5.032766466442586,2.465421905258793
test_60m,51,additive_clr_spline,3.8121002637423,5.2248416230744406,2.333389954457933
test_60m,52,additive_clr_spline,4.0367646767542915,5.8103923158888495,3.4413661400320623
test_60m,53,additive_clr_spline,3.593762764563927,5.085417406224665,2.5082741680696667
test_60m,54,additive_clr_spline,3.9291177712954006,5.450715904600923,2.554632117624482
test_60m,55,additive_clr_spline,3.815370046175443,5.345354773002705,2.6255838759041508
test_60m,56,additive_clr_spline,3.6355657394115743,5.165664224968248,2.7618861397084866
test_60m,57,additive_clr_spline,4.346470979543833,5.951608747733157,2.9214344013472577
test_60m,58,additive_clr_spline,3.4814772605895996,4.802819271085497,1.9900304863575573
test_60m,59,additive_clr_spline,3.544405753795917,4.934269612658273,2.308706718976505
test_60m,60,additive_clr_spline,3.8489716053009033,5.50966887014018,3.1178896393073434
test_60m,61,additive_clr_spline,4.072615751853356,5.533129257766321,2.444624102737075
test_60m,62,additive_clr_spline,3.7368050721975474,5.168859557566255,2.2405819541148606
test_60m,63,additive_clr_spline,4.265139267994807,5.6553525973798,2.062355241310857
test_60m,64,additive_clr_spline,3.545279539548434,4.858835279969418,1.9584249623485566
test_60m,65,additive_clr_spline,3.880960391117976,5.583407429201129,3.2466571192718683
test_60m,66,additive_clr_spline,4.252322765497061,5.732693486822739,2.5374432935893294
test_60m,67,additive_clr_spline,4.332634650743925,5.964433067989514,2.984746891395775
test_60m,68,additive_clr_spline,3.4717498742617092,5.126916121530895,2.892469884188057
test_60m,69,additive_clr_spline,3.6408189810239353,5.080645728867016,2.4175137683978214
test_60m,70,additive_clr_spline,3.8522486136509824,5.365220459629735,2.5491403767859655
test_60m,71,additive_clr_spline,3.8086358858988834,5.462970574513066,3.0186112560886587
test_60m,72,additive_clr_spline,3.9089009211613583,5.370649951142748,2.433249611032042
test_60m,73,additive_clr_spline,3.9746962877420278,5.6734742854477185,3.3825084973162305
test_60m,74,additive_clr_spline,4.132767347189096,5.572529486367764,2.379752648711025
test_60m,75,additive_clr_spline,3.692255946306082,5.029100537775606,2.0938182689806473
test_60m,76,additive_clr_spline,3.5244153096125674,5.009002728088491,2.3746227591330973
test_60m,77,additive_clr_spline,4.122740873923669,5.626156146927494,2.5371355521216974
test_60m,78,additive_clr_spline,3.7407119549237766,5.113340311235347,2.198922898412623
test_60m,79,additive_clr_spline,4.322127452263465,5.9286022029075784,2.9175653123442564
test_60m,80,additive_clr_spline,3.9859176048865685,5.360489798686813,2.1375887827113216
test_60m,81,additive_clr_spline,3.5875075230231652,4.961903114405346,2.0884655045312077
test_60m,82,additive_clr_spline,3.6867511364129872,5.212132800564077,2.4788631509402896
test_60m,83,additive_clr_spline,3.7745808821458082,5.43126780653374,3.1228189753460165
test_60m,84,additive_clr_spline,3.6411989743892965,5.11344881735137,2.490610019024484
test_60m,85,additive_clr_spline,4.032860379952651,5.613248547212766,2.6772400493083266
test_60m,86,additive_clr_spline,3.985370525946984,5.376462358549667,2.1626536139083568
test_60m,87,additive_clr_spline,4.9417715806227465,6.028259653340201,1.2443772366489438
test_60m,88,additive_clr_spline,3.9005948305130005,5.374561677373625,2.462527181072598
test_60m,89,additive_clr_spline,3.7253656754126916,5.173312420098953,2.424944451273698
test_60m,90,additive_clr_spline,3.672991991043091,5.1195807507290185,2.27293464337616
test_60m,91,additive_clr_spline,3.7143257214472842,5.2587209774047965,2.6408415152034284
test_60m,92,additive_clr_spline,3.6817013300382175,5.044465460912344,1.9881874407348126
test_60m,93,additive_clr_spline,3.9557971312449527,5.185785047677529,1.8063908174972698
test_60m,94,additive_clr_spline,3.9536246336423435,5.559633271987993,2.8333838151033484
test_60m,95,additive_clr_spline,3.7890310287475586,5.296692779202275,2.616143142244999
test_60m,96,additive_clr_spline,3.855214687494131,5.51938465288835,2.9623299153602725
test_60m,97,additive_clr_spline,4.108679881462684,5.4067272914657085,1.913532178155683
test_60m,98,additive_clr_spline,3.7424087707812967,5.20566218601012,2.3708160093627173
test_60m,99,additive_clr_spline,3.812870979309082,5.260290077037084,2.2703252364285698
test_60m,100,additive_clr_spline,3.768987252162053,5.33192660320375,2.6920898355466694
test_60m,101,additive_clr_spline,4.178329962950486,5.726915907966099,2.6174464458594455
test_60m,102,additive_clr_spline,3.867125015992385,5.238004864755025,2.146933962767605
test_60m,103,additive_clr_spline,3.916417360305786,5.467014891943583,2.798192475954742
test_60m,104,additive_clr_spline,3.6533081990021925,5.079764321847711,2.282803943109063
test_60m,105,additive_clr_spline,3.7717432975769043,5.198784595075656,2.300833002017862
test_60m,106,additive_clr_spline,3.9463119690234842,5.321158627723065,2.118407650947868
test_60m,107,additive_clr_spline,3.6469135192724376,5.059977128808509,2.2124010654773287
test_60m,108,additive_clr_spline,3.727438816657433,5.347394032904049,2.9027646207456406
test_60m,109,additive_clr_spline,3.9604038825401893,5.390545662275532,2.2232057521099664
test_60m,110,additive_clr_spline,3.8622882457879872,5.4119616793046825,2.6741605948745937
test_60m,111,additive_clr_spline,3.8817020379579983,5.345570814495165,2.4021912302788615
test_60m,112,additive_clr_spline,3.730443312571599,5.383326417701796,2.959275530704117
test_60m,113,additive_clr_spline,3.6126034076397238,5.0640680003392955,2.273901717835626
test_60m,114,additive_clr_spline,3.597884233181293,5.149164669990925,2.619359981553363
test_60m,115,additive_clr_spline,3.7760184361384463,5.384927229225029,2.841556821917734
test_60m,116,additive_clr_spline,3.814143125827496,5.324280787226011,2.5945954453347806
test_60m,117,additive_clr_spline,3.928957407291119,5.3891155712646315,2.295183857550508
test_60m,118,additive_clr_spline,4.136897508914654,5.623961244029521,2.3951604470078327
test_60m,119,additive_clr_spline,3.5129338869681725,4.914150318566781,2.2670866086299104
test_60m,120,additive_clr_spline,3.8374079924363356,5.477066634713797,2.955149949112636
test_60m,121,additive_clr_spline,3.8669496866372914,5.5591358109835145,3.079079634942892
test_60m,122,additive_clr_spline,3.603101601967445,4.943231557156807,2.0601286865123334
test_60m,123,additive_clr_spline,3.9023352769704966,5.520212021927809,2.8734729788649984
test_60m,124,additive_clr_spline,3.848479756942162,5.22562159019358,2.291691419293118
test_60m,125,additive_clr_spline,3.6159766820760875,5.1673200661275285,2.611000704890706
test_60m,126,additive_clr_spline,3.6746405271383433,5.316958032231066,2.9208545647214015
test_60m,127,additive_clr_spline,3.77904565517719,5.187352825659399,2.2736772642313694
test_60m,128,additive_clr_spline,3.570678234100342,4.664978158636637,1.296154972896831
test_60m,129,additive_clr_spline,3.890173545250526,5.411086362881969,2.48487481876915
test_60m,130,additive_clr_spline,3.607477536568275,5.014625885330217,2.2270960455741973
test_60m,131,additive_clr_spline,3.6605310164965115,5.169670452091635,2.536152523867717
test_60m,132,additive_clr_spline,3.7558477383393507,5.1966959012211325,2.2573849201956135
test_60m,133,additive_clr_spline,3.6148468255996704,5.160887789826289,2.634474684058279
test_60m,134,additive_clr_spline,3.9481968512901893,5.316166561983109,2.059696408245139
test_60m,135,additive_clr_spline,4.25965980383066,6.10268414154362,3.6979304730943627
test_60m,136,additive_clr_spline,4.012937289017898,5.64874922779648,3.010310759514594
test_60m,137,additive_clr_spline,3.7768317002516527,5.387999943513503,2.7530470996627354
test_60m,138,additive_clr_spline,4.100774379876944,5.828192863273555,3.2163320269671383
test_60m,139,additive_clr_spline,4.305909285178552,5.630341811081271,1.9160691382535378
test_60m,140,additive_clr_spline,3.7063923615675707,5.133830687974353,2.22265667962406
test_60m,141,additive_clr_spline,3.9241505769582896,5.289818365737811,2.208828455456606
test_60m,142,additive_clr_spline,3.7528554843022275,5.3486417643976205,2.8386602982072784
test_60m,143,additive_clr_spline,3.5172098783346324,4.755610688603337,1.755693288057763
test_60m,144,additive_clr_spline,3.866101384162903,5.196904867432607,2.13149386358024
test_60m,145,additive_clr_spline,3.7117647849596462,5.2281616746426165,2.4784597173177327
test_60m,146,additive_clr_spline,4.060513707307669,5.590844714276666,2.5660565865262726
test_60m,147,additive_clr_spline,3.83463414815756,5.200631661659746,2.101055399229477
test_60m,148,additive_clr_spline,3.7881136123950663,5.179061874184598,2.0739913699845407
test_60m,149,additive_clr_spline,3.9071736427453847,5.400684359161886,2.424444222299294
test_60m,150,additive_clr_spline,3.882493936098539,5.624205904144085,3.3716623963114647
test_60m,151,additive_clr_spline,3.6868716203249416,5.212941365182678,2.5481939274879015
test_60m,152,additive_clr_spline,3.5546825849092922,4.713778311080274,1.6018369117453373
test_60m,153,additive_clr_spline,3.6115563282599816,5.159026196214039,2.588406919253497
test_60m,154,additive_clr_spline,3.708408630811251,5.335060175961628,2.9008718091776617
test_60m,155,additive_clr_spline,3.5387800198334913,5.046012692695559,2.6121879271974087
test_60m,156,additive_clr_spline,3.7940599734966574,5.237706040459336,2.177812120002645
test_60m,157,additive_clr_spline,3.6939790615668664,4.922249316773887,1.7606198478925228
test_60m,158,additive_clr_spline,3.8098807426599355,5.318550555925845,2.5730246710425106
test_60m,159,additive_clr_spline,4.096861582535964,5.622605090150235,2.5931295289630256
test_60m,160,additive_clr_spline,3.73585228736584,5.106070636537083,2.2100396990446396
test_60m,161,additive_clr_spline,3.8748917946448693,5.183576404243886,1.9206276145150425
test_60m,162,additive_clr_spline,3.8448636623529286,5.477273671672663,2.883346269456701
test_60m,163,additive_clr_spline,3.676275317485516,5.112702605042864,2.3065835086632656
test_60m,164,additive_clr_spline,3.590802495296185,5.007642710100658,2.2745693298223415
test_60m,165,additive_clr_spline,3.582403274682852,5.069597575499992,2.531548745913498
test_60m,166,additive_clr_spline,3.829378549869244,5.1741482033102155,1.9681717256196878
test_60m,167,additive_clr_spline,3.8095065630399265,5.020475079904658,1.8073370749190145
test_60m,168,additive_clr_spline,3.7210366909320536,5.206163857105752,2.4349040276932685
test_60m,169,additive_clr_spline,3.767973863161527,5.214484945511385,2.4273102128686825
test_60m,170,additive_clr_spline,3.764651555281419,5.270167684824737,2.612329309018489
test_60m,171,additive_clr_spline,3.804078744007991,5.206431071535088,2.1082317318137
test_60m,172,additive_clr_spline,3.452861584149874,4.834832510694893,2.03245363508861
test_60m,173,additive_clr_spline,3.737874984741211,5.222053652241432,2.5170133254457374
test_60m,174,additive_clr_spline,3.887841673997732,5.523828488146297,2.968547029036259
test_60m,175,additive_clr_spline,3.9176295078717747,5.5511084928947945,2.842280131573263
test_60m,176,additive_clr_spline,3.57160405929272,4.88087711087504,2.089736591512394
test_60m,177,additive_clr_spline,3.8537976374992957,5.382263172445463,2.699393742552409
test_60m,178,additive_clr_spline,3.6695265769958496,5.033387567118733,2.0371462483444525
test_60m,179,additive_clr_spline,3.7001241262142477,5.2246631672837776,2.659182858824446
test_60m,180,additive_clr_spline,4.098448294859666,5.626053803944474,2.562472612872914
test_60m,181,additive_clr_spline,3.8129103917341967,5.2554008456149,2.37885817996758
test_60m,182,additive_clr_spline,3.7027198718144345,5.261361019925772,2.6843136599231436
test_60m,183,additive_clr_spline,3.957926475084745,5.316980194675817,1.9820005919424306
test_60m,184,additive_clr_spline,3.802668644831731,5.189833082391565,2.127106964118365
test_60m,185,additive_clr_spline,4.054521358930147,5.423090866746047,2.0789513942554843
test_60m,186,additive_clr_spline,4.024204914386456,5.681266107072754,3.2164782686668567
test_60m,187,additive_clr_spline,3.8589374468876767,5.393550312254678,2.558134142500443
test_60m,188,additive_clr_spline,3.5756070613861084,4.889019509398011,1.8895386875508073
test_60m,189,additive_clr_spline,3.886023374704214,5.426158239539872,2.703948126117529
test_60m,190,additive_clr_spline,3.6874592304229736,5.127133053384397,2.3471189962917616
test_60m,191,additive_clr_spline,3.9413101306328406,5.377143439923449,2.3278010982693824
test_60m,192,additive_clr_spline,3.49213052712954,5.061245752486526,2.6979809766266105
test_60m,193,additive_clr_spline,3.9885007234720082,5.319217051468495,2.10123461248893
test_60m,194,additive_clr_spline,3.9018641068385196,5.4781853965003,2.688926079083427
test_60m,195,additive_clr_spline,3.758896772678082,5.303455844314792,2.5511593294093946
test_60m,196,additive_clr_spline,3.8417633771896362,4.992397126022107,1.6250725259795336
test_60m,197,additive_clr_spline,3.9560943016639123,5.614497649838256,2.9673689209327
test_60m,198,additive_clr_spline,4.024665905879094,5.488460687273735,2.313158748442876
test_60m,199,additive_clr_spline,3.478434911141029,4.6529131263545604,1.7562995418800478
test_60m,200,additive_clr_spline,3.600207989032452,5.02338227366254,2.2168113893854486
test_60m,201,additive_clr_spline,3.820918468328623,5.4366117974737795,2.8899324915483144
test_60m,202,additive_clr_spline,4.130558710831862,5.478692381051053,2.1340121664580245
test_60m,203,additive_clr_spline,3.623501108242915,5.063458137541823,2.5057669671040874
test_60m,204,additive_clr_spline,3.5280830401640673,5.131497017985155,2.7684811159241254
test_60m,205,additive_clr_spline,3.8118319603113027,5.161130248421164,2.176332863728991
test_60m,206,additive_clr_spline,3.7758293885451097,5.090456385198494,2.094756104823705
test_60m,207,additive_clr_spline,3.7110812664031982,5.156638190447435,2.2595126370668757
test_60m,208,additive_clr_spline,4.100145028187678,5.735012671631984,2.9108714052394884
test_60m,209,additive_clr_spline,3.8717464483701267,5.453785464729697,2.778337845853577
test_60m,210,additive_clr_spline,3.7084686205937314,5.302062694481312,2.8299516042667197
test_60m,211,additive_clr_spline,3.7856003871330848,5.258989991398026,2.325592354819008
test_60m,212,additive_clr_spline,3.77112707724938,5.210129096849894,2.213586023956729
test_60m,213,additive_clr_spline,4.290385869833139,5.7352878801181175,2.305606291031107
test_60m,214,additive_clr_spline,3.7944410214057336,5.287056850790786,2.4634069517066717
test_60m,215,additive_clr_spline,4.103272841526912,5.550201725540213,2.297074351063795
test_60m,216,additive_clr_spline,4.2124140446002665,5.6162040398735655,2.181882230459912
test_60m,217,additive_clr_spline,3.9720353346604567,5.382448015418545,2.2077429052415463
test_60m,218,additive_clr_spline,4.362709907385019,5.933568240053422,2.7888355631924147
test_60m,219,additive_clr_spline,3.4426276225310106,4.904000652878881,2.4359781497504374
test_60m,220,additive_clr_spline,3.807428268285898,5.305375475040851,2.648110275933495
test_60m,221,additive_clr_spline,3.8140864739051232,5.2177116564742665,2.1759522275523677
test_60m,222,additive_clr_spline,3.7926635283690233,5.063768382762638,1.8550539826608057
test_60m,223,additive_clr_spline,3.9651521260921774,5.435077667689503,2.405206738447281
test_60m,224,additive_clr_spline,4.039348638974703,5.637653699862979,2.876510393359674
test_60m,225,additive_clr_spline,3.6124001191212582,4.9726828492161035,2.0817492408812894
test_60m,226,additive_clr_spline,3.4943402913900523,5.054407014242165,2.6720064799388723
test_60m,227,additive_clr_spline,4.001542632396404,5.400995127840816,2.1576522672802407
test_60m,228,additive_clr_spline,3.9004869827857385,5.496777585510508,2.8652600125741654
test_60m,229,additive_clr_spline,3.951046118369469,5.481045971488738,2.6507452608385886
test_60m,230,additive_clr_spline,3.77346264399015,5.02667657804607,1.9035190814658223
test_60m,231,additive_clr_spline,3.765969606546255,5.260315065817014,2.4661955156097046
test_60m,232,additive_clr_spline,3.6042430584247294,5.028244535480885,2.3802271138633277
test_60m,233,additive_clr_spline,3.908458581337562,5.595398417969264,3.1148987618708213
test_60m,234,additive_clr_spline,4.292688644849337,5.810899015003818,2.6590957995572904
test_60m,235,additive_clr_spline,3.7696188871677103,5.082865655629324,2.019939292557385
test_60m,236,additive_clr_spline,3.7924403869188748,5.292965740824055,2.458315034820885
test_60m,237,additive_clr_spline,4.106463899979224,5.958925046685584,3.75676463450989
test_60m,238,additive_clr_spline,4.26254784143888,5.96386915842812,3.157331921630982
test_60m,239,additive_clr_spline,3.4505914449691772,4.60358090109507,1.5514397534379578
test_60m,240,additive_clr_spline,3.605923139131986,4.97283504728065,2.1297174558851477
test_60m,241,additive_clr_spline,4.0380394367071295,5.616679670800612,2.744888449312694
test_60m,242,additive_clr_spline,3.7682379942673903,5.109662603214531,2.0217638530611635
test_60m,243,additive_clr_spline,3.5302089636142435,5.094663199979214,2.7634347897197062
test_60m,244,additive_clr_spline,3.570804009070763,5.069903741079029,2.4970191034775784
test_60m,245,additive_clr_spline,3.5269406942220836,4.868141603593131,2.0725909301811103
test_60m,246,additive_clr_spline,3.7958293969814596,5.077071987385832,1.7564456006890934
test_60m,247,additive_clr_spline,3.911018885098971,5.547549114131273,2.977648012101075
test_60m,248,additive_clr_spline,3.911881373478816,5.557378929868799,2.916541120225862
test_60m,249,additive_clr_spline,3.7244341465143056,5.120369420218602,2.096801912494656
test_60m,250,additive_clr_spline,4.07816101037539,5.377904957195989,1.9087995109638574
test_60m,251,additive_clr_spline,3.8377485825465274,5.4398413777432255,2.9621155425698067
test_60m,252,additive_clr_spline,3.5872572660446167,5.052169579694131,2.444620429630917
test_60m,253,additive_clr_spline,3.563312347118671,4.808627963614705,1.8212393495684194
test_60m,254,additive_clr_spline,3.6537202229866614,5.152499957699599,2.5787084236367264
test_60m,255,additive_clr_spline,3.8290128524486837,5.224658753953578,2.1235151441516016
test_60m,256,additive_clr_spline,4.086858556820796,5.7831355328439,3.1313815355560553
test_60m,1,lowrank_ilr_quadratic,3.8517696674053488,5.92277889516081,4.863346433269176
test_60m,2,lowrank_ilr_quadratic,3.5351413855185876,4.788945144639223,1.814376684787452
test_60m,3,lowrank_ilr_quadratic,3.6975777057500987,5.412121871609519,3.3137755784174865
test_60m,4,lowrank_ilr_quadratic,3.747084856033325,5.466201511208657,3.1492939635587076
test_60m,5,lowrank_ilr_quadratic,3.976117363342872,5.3341022719947855,2.057063777310199
test_60m,6,lowrank_ilr_quadratic,3.496182386691754,4.830177158273624,2.0134597705207176
test_60m,7,lowrank_ilr_quadratic,4.51767621590541,5.622986739499216,1.319282710391604
test_60m,8,lowrank_ilr_quadratic,4.025382995605469,5.0695756898082465,1.2122707701326711
test_60m,9,lowrank_ilr_quadratic,3.8515106531289907,5.247544846167356,2.1960748824177236
test_60m,10,lowrank_ilr_quadratic,4.0511001623593845,5.793490764643627,3.4027257013740333
test_60m,11,lowrank_ilr_quadratic,3.8083887008520274,5.6842949578789295,3.760709951521977
test_60m,12,lowrank_ilr_quadratic,3.835879949422983,5.317745377576274,2.393333410083545
test_60m,13,lowrank_ilr_quadratic,3.818448671927819,5.4328236386907935,2.781813070673068
test_60m,14,lowrank_ilr_quadratic,4.010570544462937,5.51307152734759,2.539051892463203
test_60m,15,lowrank_ilr_quadratic,3.6536311369675856,5.676975277421902,4.357813819719558
test_60m,16,lowrank_ilr_quadratic,3.8936427189753604,5.530172594154802,2.885096599247307
test_60m,17,lowrank_ilr_quadratic,3.7458608608979445,5.347691821720478,2.808012061601142
test_60m,18,lowrank_ilr_quadratic,3.6736345291137695,5.410472368570945,3.199776928409981
test_60m,19,lowrank_ilr_quadratic,3.986793637275696,5.4899345510567095,2.3630045965214754
test_60m,20,lowrank_ilr_quadratic,3.921114582281846,5.604070919300787,3.0828602254563995
test_60m,21,lowrank_ilr_quadratic,3.7338699560899,5.366719037703164,2.894157088913034
test_60m,22,lowrank_ilr_quadratic,3.9283689077083883,5.68974593204949,3.3053454240602855
test_60m,23,lowrank_ilr_quadratic,3.73233307324923,5.2479317261849125,2.621674815643714
test_60m,24,lowrank_ilr_quadratic,3.8281856316786547,5.305392588811855,2.3517645298747523
test_60m,25,lowrank_ilr_quadratic,3.6098001094964833,5.053566877439441,2.384760404529017
test_60m,26,lowrank_ilr_quadratic,4.52334216924814,5.400978006583511,0.9423225113459307
test_60m,27,lowrank_ilr_quadratic,3.8328062937809873,5.319361640156393,2.409273078360275
test_60m,28,lowrank_ilr_quadratic,3.4803308156820445,4.882346307118233,2.2288889520151423
test_60m,29,lowrank_ilr_quadratic,4.0002803435692424,5.496729951668149,2.4395322403617388
test_60m,30,lowrank_ilr_quadratic,3.791948520220243,5.3189718027644535,2.5361794007812146
test_60m,31,lowrank_ilr_quadratic,3.952471513014573,5.571670793229714,2.8843376166023447
test_60m,32,lowrank_ilr_quadratic,3.589862640087421,4.989401074718434,2.315711236196332
test_60m,33,lowrank_ilr_quadratic,3.531308650970459,4.9990325576538615,2.507613621725217
test_60m,34,lowrank_ilr_quadratic,3.9553150213681736,5.061502515755233,1.3441065734825697
test_60m,35,lowrank_ilr_quadratic,3.491188040146461,5.056409414203192,2.782135819213653
test_60m,36,lowrank_ilr_quadratic,3.6330374754392185,5.127804929190314,2.670004619048683
test_60m,37,lowrank_ilr_quadratic,3.8820956395222592,5.420481826679053,2.539025355523797
test_60m,38,lowrank_ilr_quadratic,3.9896026299549985,5.438821199312489,2.2606580380976626
test_60m,39,lowrank_ilr_quadratic,3.7114682014171896,5.452838903396392,3.2494980624253267
test_60m,40,lowrank_ilr_quadratic,3.4876694037364078,5.064585898441781,2.720124894110882
test_60m,41,lowrank_ilr_quadratic,3.4726490607628455,4.974883220552277,2.4957045249018646
test_60m,42,lowrank_ilr_quadratic,4.010781966722929,5.109675266415736,1.316806491638102
test_60m,43,lowrank_ilr_quadratic,3.9998620473421536,5.300568895804767,1.8544662735147257
test_60m,44,lowrank_ilr_quadratic,3.683179965386024,5.155072745011613,2.3818601113450106
test_60m,45,lowrank_ilr_quadratic,3.5566786986130934,5.116276545490621,2.675784136863555
test_60m,46,lowrank_ilr_quadratic,3.7220435234216542,5.113501630863681,2.1696666488887213
test_60m,47,lowrank_ilr_quadratic,3.721112709779006,5.571672362925231,3.6751924504011835
test_60m,48,lowrank_ilr_quadratic,3.795633004261897,5.3520446838798685,2.699065843312454
test_60m,49,lowrank_ilr_quadratic,3.98742308983436,5.384079142432028,2.1242043212303936
test_60m,50,lowrank_ilr_quadratic,3.5141503444084754,5.003910761048842,2.3303762260755168
test_60m,51,lowrank_ilr_quadratic,3.8121002637423,5.303149852427675,2.664784487549755
test_60m,52,lowrank_ilr_quadratic,4.0367646767542915,5.509994629658413,2.3384991495689746
test_60m,53,lowrank_ilr_quadratic,3.593762764563927,5.101950382809429,2.761371768211402
test_60m,54,lowrank_ilr_quadratic,3.9291177712954006,5.291880360963641,2.1559323653726916
test_60m,55,lowrank_ilr_quadratic,3.815370046175443,5.329392766737704,2.5468632303261742
test_60m,56,lowrank_ilr_quadratic,3.6355657394115743,4.944013874640059,1.948386307519331
test_60m,57,lowrank_ilr_quadratic,4.346470979543833,5.517314230391831,1.5432439977878982
test_60m,58,lowrank_ilr_quadratic,3.4814772605895996,5.137791470775725,3.0025878365852328
test_60m,59,lowrank_ilr_quadratic,3.544405753795917,4.823650936993434,2.0797807460908597
test_60m,60,lowrank_ilr_quadratic,3.8489716053009033,5.375333144222093,2.5613475032618984
test_60m,61,lowrank_ilr_quadratic,4.072615751853356,5.36740947412262,1.8577567320718982
test_60m,62,lowrank_ilr_quadratic,3.7368050721975474,5.526355328872664,3.417055850385507
test_60m,63,lowrank_ilr_quadratic,4.265139267994807,5.238829471277412,1.0604185362354737
test_60m,64,lowrank_ilr_quadratic,3.545279539548434,5.0347277346310655,2.415612573060369
test_60m,65,lowrank_ilr_quadratic,3.880960391117976,5.633533742673313,3.4452646148558466
test_60m,66,lowrank_ilr_quadratic,4.252322765497061,5.496462218008451,1.724782860996753
test_60m,67,lowrank_ilr_quadratic,4.332634650743925,5.407619314210326,1.4124856613792436
test_60m,68,lowrank_ilr_quadratic,3.4717498742617092,5.145463563524894,2.986950497389741
test_60m,69,lowrank_ilr_quadratic,3.6408189810239353,5.049608308307304,2.2146962663977856
test_60m,70,lowrank_ilr_quadratic,3.8522486136509824,5.4188673091406185,2.6361619192008843
test_60m,71,lowrank_ilr_quadratic,3.8086358858988834,5.455906313158914,2.8913814629403185
test_60m,72,lowrank_ilr_quadratic,3.9089009211613583,5.089257705736781,1.6684060569197319
test_60m,73,lowrank_ilr_quadratic,3.9746962877420278,5.559569001007873,3.014240807489757
test_60m,74,lowrank_ilr_quadratic,4.132767347189096,5.968857040421789,3.832493319627053
test_60m,75,lowrank_ilr_quadratic,3.692255946306082,5.337256598863688,3.1061274649096267
test_60m,76,lowrank_ilr_quadratic,3.5244153096125674,4.98212910429365,2.251614078931989
test_60m,77,lowrank_ilr_quadratic,4.122740873923669,5.164474810479235,1.3470067285313208
test_60m,78,lowrank_ilr_quadratic,3.7407119549237766,5.515963373171797,3.4700525208004462
test_60m,79,lowrank_ilr_quadratic,4.322127452263465,5.523223910315211,1.5962503822677312
test_60m,80,lowrank_ilr_quadratic,3.9859176048865685,5.567468454814232,2.78990348491978
test_60m,81,lowrank_ilr_quadratic,3.5875075230231652,5.09188770235345,2.4773877470355106
test_60m,82,lowrank_ilr_quadratic,3.6867511364129872,5.221436586153359,2.508590046922386
test_60m,83,lowrank_ilr_quadratic,3.7745808821458082,5.3081164481074,2.624680354830609
test_60m,84,lowrank_ilr_quadratic,3.6411989743892965,5.270577796766645,2.96725313203076
test_60m,85,lowrank_ilr_quadratic,4.032860379952651,5.419219344249805,2.0576895315498764
test_60m,86,lowrank_ilr_quadratic,3.985370525946984,5.508821617174647,2.626050757932185
test_60m,87,lowrank_ilr_quadratic,4.9417715806227465,5.715492077552217,0.7579234435048557
test_60m,88,lowrank_ilr_quadratic,3.9005948305130005,5.046417396478818,1.6548591207272882
test_60m,89,lowrank_ilr_quadratic,3.7253656754126916,5.500100119381514,3.4020974106113537
test_60m,90,lowrank_ilr_quadratic,3.672991991043091,5.083931139347413,2.1383325828963544
test_60m,91,lowrank_ilr_quadratic,3.7143257214472842,5.206590916504741,2.422605502106122
test_60m,92,lowrank_ilr_quadratic,3.6817013300382175,5.3735070861423,3.0957061455039896
test_60m,93,lowrank_ilr_quadratic,3.9557971312449527,5.408203037208079,2.2849664966492447
test_60m,94,lowrank_ilr_quadratic,3.9536246336423435,5.323214997597604,2.0564884241000727
test_60m,95,lowrank_ilr_quadratic,3.7890310287475586,5.24571401490292,2.432306448342874
test_60m,96,lowrank_ilr_quadratic,3.855214687494131,5.429371876414536,2.6334708493275922
test_60m,97,lowrank_ilr_quadratic,4.108679881462684,5.958277787683509,3.773011809483315
test_60m,98,lowrank_ilr_quadratic,3.7424087707812967,5.466859591544983,3.301506307179345
test_60m,99,lowrank_ilr_quadratic,3.812870979309082,5.279070351576549,2.292485771423621
test_60m,100,lowrank_ilr_quadratic,3.768987252162053,5.359102972996306,2.697141041506925
test_60m,101,lowrank_ilr_quadratic,4.178329962950486,5.5668649357814965,2.1914295600390474
test_60m,102,lowrank_ilr_quadratic,3.867125015992385,5.414136969925514,2.785721928043595
test_60m,103,lowrank_ilr_quadratic,3.916417360305786,5.097344784031015,1.6904298531346529
test_60m,104,lowrank_ilr_quadratic,3.6533081990021925,5.119549171657699,2.406074237509489
test_60m,105,lowrank_ilr_quadratic,3.7717432975769043,5.368930086553807,2.815789782757415
test_60m,106,lowrank_ilr_quadratic,3.9463119690234842,5.5294322034979775,2.7115495965842964
test_60m,107,lowrank_ilr_quadratic,3.6469135192724376,5.45716576048754,3.567120041468105
test_60m,108,lowrank_ilr_quadratic,3.727438816657433,5.295028780006752,2.7164537566196993
test_60m,109,lowrank_ilr_quadratic,3.9604038825401893,5.104690101793645,1.5016067962932473
test_60m,110,lowrank_ilr_quadratic,3.8622882457879872,5.028036502418986,1.5077838302927777
test_60m,111,lowrank_ilr_quadratic,3.8817020379579983,5.3935625546089465,2.4048462560674606
test_60m,112,lowrank_ilr_quadratic,3.730443312571599,5.085341249767183,2.038964187507314
test_60m,113,lowrank_ilr_quadratic,3.6126034076397238,5.15569256461051,2.553918330744054
test_60m,114,lowrank_ilr_quadratic,3.597884233181293,5.216683310825099,2.8329430023101563
test_60m,115,lowrank_ilr_quadratic,3.7760184361384463,5.40647415215644,2.8239162848184227
test_60m,116,lowrank_ilr_quadratic,3.814143125827496,5.108715244029009,1.8711702908407633
test_60m,117,lowrank_ilr_quadratic,3.928957407291119,5.249429891793113,1.9074712026316716
test_60m,118,lowrank_ilr_quadratic,4.136897508914654,5.540835695717381,2.2212752949922536
test_60m,119,lowrank_ilr_quadratic,3.5129338869681725,5.001270128543509,2.4730450153141126
test_60m,120,lowrank_ilr_quadratic,3.8374079924363356,5.4487450986995185,2.840352193481664
test_60m,121,lowrank_ilr_quadratic,3.8669496866372914,5.3417761798247305,2.3988407243115413
test_60m,122,lowrank_ilr_quadratic,3.603101601967445,5.123695809366078,2.5267258842941587
test_60m,123,lowrank_ilr_quadratic,3.9023352769704966,5.386465275223647,2.356461619530114
test_60m,124,lowrank_ilr_quadratic,3.848479756942162,5.197426116899226,2.366567602537706
test_60m,125,lowrank_ilr_quadratic,3.6159766820760875,5.3453491505219395,3.3024740385484526
test_60m,126,lowrank_ilr_quadratic,3.6746405271383433,5.170132924302374,2.481536688390117
test_60m,127,lowrank_ilr_quadratic,3.77904565517719,5.249849216765345,2.428789268208921
test_60m,128,lowrank_ilr_quadratic,3.570678234100342,5.10521946908169,2.609435545645827
test_60m,129,lowrank_ilr_quadratic,3.890173545250526,5.604346971312629,3.1498869021801807
test_60m,130,lowrank_ilr_quadratic,3.607477536568275,5.16261084890094,2.6463179623588284
test_60m,131,lowrank_ilr_quadratic,3.6605310164965115,5.316940437744979,3.041975055614771
test_60m,132,lowrank_ilr_quadratic,3.7558477383393507,5.517061511459953,3.2955358845702465
test_60m,133,lowrank_ilr_quadratic,3.6148468255996704,5.190331253226852,2.765263092906312
test_60m,134,lowrank_ilr_quadratic,3.9481968512901893,5.758661101262381,3.615321293664713
test_60m,135,lowrank_ilr_quadratic,4.25965980383066,5.844889560006928,2.6941839228869955
test_60m,136,lowrank_ilr_quadratic,4.012937289017898,5.581932644775235,2.797969853162434
test_60m,137,lowrank_ilr_quadratic,3.7768317002516527,5.740984679861911,4.16026946870706
test_60m,138,lowrank_ilr_quadratic,4.100774379876944,5.606025646405393,2.441730244759449
test_60m,139,lowrank_ilr_quadratic,4.305909285178552,5.7253728033573115,2.179756735691389
test_60m,140,lowrank_ilr_quadratic,3.7063923615675707,5.156306103360797,2.3439631589055696
test_60m,141,lowrank_ilr_quadratic,3.9241505769582896,5.594587994720474,3.0325294967355605
test_60m,142,lowrank_ilr_quadratic,3.7528554843022275,5.093038130807627,2.0608448664643215
test_60m,143,lowrank_ilr_quadratic,3.5172098783346324,5.052461315620243,2.522079303103167
test_60m,144,lowrank_ilr_quadratic,3.866101384162903,5.539586340018119,3.540333717585772
test_60m,145,lowrank_ilr_quadratic,3.7117647849596462,5.211109417911974,2.357830721668779
test_60m,146,lowrank_ilr_quadratic,4.060513707307669,5.141638644748888,1.4952035170950144
test_60m,147,lowrank_ilr_quadratic,3.83463414815756,5.6680350466996225,3.5805482395151027
test_60m,148,lowrank_ilr_quadratic,3.7881136123950663,5.183958311995538,2.0476364481595875
test_60m,149,lowrank_ilr_quadratic,3.9071736427453847,5.575630269951055,2.9846389740647146
test_60m,150,lowrank_ilr_quadratic,3.882493936098539,5.341691468548991,2.3678469534458806
test_60m,151,lowrank_ilr_quadratic,3.6868716203249416,5.217749465530772,2.526235155428389
test_60m,152,lowrank_ilr_quadratic,3.5546825849092922,5.252566806952954,3.064068189459339
test_60m,153,lowrank_ilr_quadratic,3.6115563282599816,5.099386281351826,2.362838638335465
test_60m,154,lowrank_ilr_quadratic,3.708408630811251,5.140671270412521,2.276344294987375
test_60m,155,lowrank_ilr_quadratic,3.5387800198334913,5.312212662125646,3.4637678903426257
test_60m,156,lowrank_ilr_quadratic,3.7940599734966574,5.34203594323214,2.580870774383685
test_60m,157,lowrank_ilr_quadratic,3.6939790615668664,5.3753094086254976,3.106495147852787
test_60m,158,lowrank_ilr_quadratic,3.8098807426599355,5.20209109107349,2.2251369982135007
test_60m,159,lowrank_ilr_quadratic,4.096861582535964,5.407306443004331,1.9134501295986661
test_60m,160,lowrank_ilr_quadratic,3.73585228736584,5.475618951513979,3.4091637362663145
test_60m,161,lowrank_ilr_quadratic,3.8748917946448693,5.337060800311702,2.419747897270221
test_60m,162,lowrank_ilr_quadratic,3.8448636623529286,5.334842407964674,2.3684014001284854
test_60m,163,lowrank_ilr_quadratic,3.676275317485516,5.229185927115926,2.6062277020320206
test_60m,164,lowrank_ilr_quadratic,3.590802495296185,5.387183583759286,3.550128780106808
test_60m,165,lowrank_ilr_quadratic,3.582403274682852,5.022532546611528,2.438320361397402
test_60m,166,lowrank_ilr_quadratic,3.829378549869244,5.141452903971016,1.9233456365736123
test_60m,167,lowrank_ilr_quadratic,3.8095065630399265,4.95777844031455,1.6580562092387876
test_60m,168,lowrank_ilr_quadratic,3.7210366909320536,5.342070328906869,2.8596226594547947
test_60m,169,lowrank_ilr_quadratic,3.767973863161527,5.265888372874814,2.6459552679012925
test_60m,170,lowrank_ilr_quadratic,3.764651555281419,5.527914497721752,3.3829322841645917
test_60m,171,lowrank_ilr_quadratic,3.804078744007991,4.983352842015792,1.4908789695201192
test_60m,172,lowrank_ilr_quadratic,3.452861584149874,4.885677191952232,2.1645608066984456
test_60m,173,lowrank_ilr_quadratic,3.737874984741211,5.235176421756592,2.440416791045318
test_60m,174,lowrank_ilr_quadratic,3.887841673997732,5.537690849810288,3.057086561231413
test_60m,175,lowrank_ilr_quadratic,3.9176295078717747,5.675311335687116,3.3402579524257936
test_60m,176,lowrank_ilr_quadratic,3.57160405929272,5.039230377900463,2.655231125270391
test_60m,177,lowrank_ilr_quadratic,3.8537976374992957,5.665019667249857,3.784369472000049
test_60m,178,lowrank_ilr_quadratic,3.6695265769958496,5.5836383556894145,4.001276951994458
test_60m,179,lowrank_ilr_quadratic,3.7001241262142477,5.4965254217692525,3.5838467534891736
test_60m,180,lowrank_ilr_quadratic,4.098448294859666,5.512946330269733,2.2048382159858138
test_60m,181,lowrank_ilr_quadratic,3.8129103917341967,4.976627435448786,1.5793421539452657
test_60m,182,lowrank_ilr_quadratic,3.7027198718144345,5.095417583452376,2.1410547338890735
test_60m,183,lowrank_ilr_quadratic,3.957926475084745,5.49562143916402,2.5979479086293553
test_60m,184,lowrank_ilr_quadratic,3.802668644831731,5.252507185086591,2.2602644285526305
test_60m,185,lowrank_ilr_quadratic,4.054521358930147,5.412779282468749,2.0017347423432024
test_60m,186,lowrank_ilr_quadratic,4.024204914386456,5.5243904921271785,2.4874165726407758
test_60m,187,lowrank_ilr_quadratic,3.8589374468876767,5.215417840097597,1.9848710602072612
test_60m,188,lowrank_ilr_quadratic,3.5756070613861084,5.3493063900351325,3.3961335716875882
test_60m,189,lowrank_ilr_quadratic,3.886023374704214,5.51565426826103,2.9166859279628388
test_60m,190,lowrank_ilr_quadratic,3.6874592304229736,5.10529218984069,2.2043204011724353
test_60m,191,lowrank_ilr_quadratic,3.9413101306328406,5.3797677531678705,2.243477733793183
test_60m,192,lowrank_ilr_quadratic,3.49213052712954,4.772364472427973,1.8959649661888824
test_60m,193,lowrank_ilr_quadratic,3.9885007234720082,5.08029393599138,1.522169152182473
test_60m,194,lowrank_ilr_quadratic,3.9018641068385196,5.486874334551984,2.7111811254898894
test_60m,195,lowrank_ilr_quadratic,3.758896772678082,5.358527292848076,2.916988322995697
test_60m,196,lowrank_ilr_quadratic,3.8417633771896362,5.363970261557573,2.5836333694816647
test_60m,197,lowrank_ilr_quadratic,3.9560943016639123,5.430264100507914,2.3559357296694725
test_60m,198,lowrank_ilr_quadratic,4.024665905879094,5.645143803342186,2.8198492346351576
test_60m,199,lowrank_ilr_quadratic,3.478434911141029,4.825587305534528,2.164337334269081
test_60m,200,lowrank_ilr_quadratic,3.600207989032452,5.105326596591261,2.42281893773206
test_60m,201,lowrank_ilr_quadratic,3.820918468328623,5.290001731154088,2.332289332592585
test_60m,202,lowrank_ilr_quadratic,4.130558710831862,5.63430344838776,2.5281488616665198
test_60m,203,lowrank_ilr_quadratic,3.623501108242915,4.952197715086319,2.01913221283721
test_60m,204,lowrank_ilr_quadratic,3.5280830401640673,5.015300275112101,2.3909560342999585
test_60m,205,lowrank_ilr_quadratic,3.8118319603113027,5.637143577678255,3.895412314109166
test_60m,206,lowrank_ilr_quadratic,3.7758293885451097,5.412004640449311,3.1652769508944383
test_60m,207,lowrank_ilr_quadratic,3.7110812664031982,5.144261303758071,2.2074526241002217
test_60m,208,lowrank_ilr_quadratic,4.100145028187678,5.558946686089507,2.2680006124514245
test_60m,209,lowrank_ilr_quadratic,3.8717464483701267,5.233715951815421,2.0836044642366778
test_60m,210,lowrank_ilr_quadratic,3.7084686205937314,5.5431120852483895,3.733440647508365
test_60m,211,lowrank_ilr_quadratic,3.7856003871330848,5.529209168734202,3.3431325157057543
test_60m,212,lowrank_ilr_quadratic,3.77112707724938,5.122655554914828,2.0197081337826366
test_60m,213,lowrank_ilr_quadratic,4.290385869833139,5.494611471446043,1.5980484230848309
test_60m,214,lowrank_ilr_quadratic,3.7944410214057336,5.307162009621858,2.527253788006461
test_60m,215,lowrank_ilr_quadratic,4.103272841526912,5.963456105012788,3.7763616194610425
test_60m,216,lowrank_ilr_quadratic,4.2124140446002665,5.727998529412285,2.4887531258702804
test_60m,217,lowrank_ilr_quadratic,3.9720353346604567,5.406347670120154,2.2923934748316284
test_60m,218,lowrank_ilr_quadratic,4.362709907385019,5.4454018506545765,1.3235193048882732
test_60m,219,lowrank_ilr_quadratic,3.4426276225310106,5.207060188170282,3.4228804729648896
test_60m,220,lowrank_ilr_quadratic,3.807428268285898,5.125004715136948,2.3264751426029155
test_60m,221,lowrank_ilr_quadratic,3.8140864739051232,5.284793185467572,2.400724268406959
test_60m,222,lowrank_ilr_quadratic,3.7926635283690233,5.279130127215959,2.4463972720371414
test_60m,223,lowrank_ilr_quadratic,3.9651521260921774,5.663667656094058,3.264415182463872
test_60m,224,lowrank_ilr_quadratic,4.039348638974703,5.183953427681355,1.642956648889869
test_60m,225,lowrank_ilr_quadratic,3.6124001191212582,5.284476122095536,3.0401890137758634
test_60m,226,lowrank_ilr_quadratic,3.4943402913900523,5.123814611240369,2.951773945906605
test_60m,227,lowrank_ilr_quadratic,4.001542632396404,5.911751325729938,3.9806871461259608
test_60m,228,lowrank_ilr_quadratic,3.9004869827857385,5.484836621789754,2.7579514561601597
test_60m,229,lowrank_ilr_quadratic,3.951046118369469,5.474121306306919,2.5538004337546747
test_60m,230,lowrank_ilr_quadratic,3.77346264399015,5.532605036194946,3.3575349805495427
test_60m,231,lowrank_ilr_quadratic,3.765969606546255,5.433555576497944,3.0979645542119054
test_60m,232,lowrank_ilr_quadratic,3.6042430584247294,4.76205442215968,1.7213322274077714
test_60m,233,lowrank_ilr_quadratic,3.908458581337562,5.3738260780856955,2.3190973686784777
test_60m,234,lowrank_ilr_quadratic,4.292688644849337,5.64587382627377,2.1311352076879606
test_60m,235,lowrank_ilr_quadratic,3.7696188871677103,5.610935102336236,3.92379811614704
test_60m,236,lowrank_ilr_quadratic,3.7924403869188748,5.2441248300363394,2.231740254877957
test_60m,237,lowrank_ilr_quadratic,4.106463899979224,5.703008887447192,2.65665802690802
test_60m,238,lowrank_ilr_quadratic,4.26254784143888,5.557003042143136,1.8602280992054572
test_60m,239,lowrank_ilr_quadratic,3.4505914449691772,4.5011162060089065,1.42346673812296
test_60m,240,lowrank_ilr_quadratic,3.605923139131986,4.952828310985757,1.9178136257775855
test_60m,241,lowrank_ilr_quadratic,4.0380394367071295,5.636742065797851,2.73868259209489
test_60m,242,lowrank_ilr_quadratic,3.7682379942673903,5.297774567891515,2.5142959050899174
test_60m,243,lowrank_ilr_quadratic,3.5302089636142435,5.193903019646742,3.0133685634105563
test_60m,244,lowrank_ilr_quadratic,3.570804009070763,5.239837953709117,3.0885895331345257
test_60m,245,lowrank_ilr_quadratic,3.5269406942220836,5.305108578412903,3.409836964477304
test_60m,246,lowrank_ilr_quadratic,3.7958293969814596,5.189234748453497,2.0252748201976543
test_60m,247,lowrank_ilr_quadratic,3.911018885098971,5.479209882522186,2.6484673161046066
test_60m,248,lowrank_ilr_quadratic,3.911881373478816,5.197889094181577,1.783495240560557
test_60m,249,lowrank_ilr_quadratic,3.7244341465143056,5.423284304920405,3.0730467943069155
test_60m,250,lowrank_ilr_quadratic,4.07816101037539,5.301139279190636,1.6820200283270939
test_60m,251,lowrank_ilr_quadratic,3.8377485825465274,5.5637302299334035,3.3192274919168687
test_60m,252,lowrank_ilr_quadratic,3.5872572660446167,5.092089223795331,2.465067266612491
test_60m,253,lowrank_ilr_quadratic,3.563312347118671,4.743409985225782,1.7298604913863045
test_60m,254,lowrank_ilr_quadratic,3.6537202229866614,4.918589279630679,1.7834768673974577
test_60m,255,lowrank_ilr_quadratic,3.8290128524486837,5.703103021298085,3.97942664796389
test_60m,256,lowrank_ilr_quadratic,4.086858556820796,5.646705262965974,2.638530372184484
test_1B,0,v2,2.268910171230769,4.878818439689329,7.202134413209568
test_1B,1,v2,2.2202228678461537,4.767642223629975,6.8324351946607385
test_1B,2,v2,2.158954113923077,4.74898851394833,7.10398262089093
test_1B,3,v2,2.2978220733846153,4.894568986840675,6.869217212229803
test_1B,4,v2,2.2596442387692304,4.8138775742334,7.229690133774261
test_1B,5,v2,2.250573700384615,4.659080641930073,6.522659990326153
test_1B,6,v2,2.1365596063076926,4.662861360597568,6.6226988741276775
test_1B,7,v2,2.2200372773846153,4.844179391781218,7.500604402906126
test_1B,8,v2,2.211698407846154,4.685372207908425,6.575983566448599
test_1B,9,v2,2.182831441846154,4.826546312114285,7.179333838581865
test_1B,10,v2,2.2403361748461537,4.918484385259955,7.553002824546463
test_1B,11,v2,2.249554406846154,4.8302180415501885,6.964184639081686
test_1B,12,v2,2.1134832436153848,4.645558371120194,7.071400688957295
test_1B,13,v2,2.301508649846154,5.2209553317582085,8.844844772924397
test_1B,14,v2,2.2374433647692302,4.827532974195777,6.879536498675994
test_1B,15,v2,2.200567332384615,4.7825217024870605,7.113580041898708
test_1B,16,v2,2.269338471769231,4.785212226086677,7.185962851165726
test_1B,17,v2,2.2269126127692305,4.790858449736723,6.80489970232871
test_1B,18,v2,2.2847994710769233,5.073425817136841,8.005427797802822
test_1B,19,v2,2.200563970615385,4.664066120758341,7.018914690979059
test_1B,20,v2,2.1784147224615387,4.849706171170999,7.280121782546487
test_1B,21,v2,2.1498512269999996,4.868259484348146,7.693260999543908
test_1B,22,v2,2.2783338171538463,5.027503480147015,7.922118383706036
test_1B,23,v2,2.261651138384615,4.888367931815512,7.241008712307421
test_1B,24,v2,2.2326221901538457,4.918516706743278,7.497454497864278
test_1B,25,v2,2.229065296769231,4.916663639516143,7.410051619880091
test_1B,26,v2,2.212113792,4.7508156454065125,6.976882940466537
test_1B,27,v2,2.211488948769231,4.867742698197527,7.206310503093324
test_1B,28,v2,2.2115665394615385,4.862392945351939,7.191863710848566
test_1B,29,v2,2.1808748666923075,4.6796968593200985,6.831846554642325
test_1B,30,v2,2.2302286073846154,4.668560650583846,6.7519196284649645
test_1B,31,v2,2.2045516753076924,4.745026065923033,7.23008587893527
test_1B,32,v2,2.217951380923077,4.724748768890861,7.23729090494694
test_1B,33,v2,2.2848637036153847,5.172562154485713,8.743820383936608
test_1B,34,v2,2.260730384076923,5.213900398037936,9.177481530019703
test_1B,35,v2,2.2594743416153844,5.122724055821934,8.601190702331138
test_1B,36,v2,2.4442399745384615,4.795247838664421,5.832931554451589
test_1B,37,v2,2.260743969153846,4.947334647675174,7.3333696816240455
test_1B,38,v2,2.291458922769231,4.9550859422057805,7.405845305766703
test_1B,39,v2,2.182367508076923,4.7486403135042945,6.93461702274794
test_1B,40,v2,2.2950587230769233,5.0803270045562225,8.211321527673574
test_1B,41,v2,2.2760151351538465,4.918362935899051,7.319638105661058
test_1B,42,v2,2.1902820931538463,4.783870666232085,6.903655521056507
test_1B,43,v2,2.259092208923077,4.860884468591577,7.514692099810956
test_1B,44,v2,2.1960051576923076,4.690144029761665,6.625630667343326
test_1B,45,v2,2.111309207076923,4.495294180001692,6.111801678989722
test_1B,46,v2,2.2084713797692306,4.88010802388321,7.451832472219792
test_1B,47,v2,2.173961432692308,4.819815048725276,7.657282558463906
test_1B,48,v2,2.235983221076923,4.622447460499562,6.453851682557171
test_1B,49,v2,2.2020630356923077,4.845960665404044,7.922571731735132
test_1B,50,v2,2.187208932769231,4.880104478065109,7.844712067637524
test_1B,51,v2,2.151937621846154,4.793605603196873,7.147165234736459
test_1B,52,v2,2.2681441679230767,4.952563526980274,7.585800619702514
test_1B,53,v2,2.187429321615385,4.802552372309359,7.197468846398157
test_1B,54,v2,2.227650901846154,4.981638328403625,7.806988698002254
test_1B,55,v2,2.2585364458461545,4.89959289241251,7.350215854666905
test_1B,56,v2,2.252677299846154,5.103049657405193,8.487963023445209
test_1B,57,v2,2.197322574153846,4.840753021666922,7.129251451687898
test_1B,58,v2,2.2096809515384614,4.851455042988565,7.157373121435382
test_1B,59,v2,2.166673793,4.4735857304609645,5.798231611493686
test_1B,60,v2,2.1845107656923077,4.916340830530788,7.7326076917957725
test_1B,61,v2,2.2594306072307697,4.746525261069598,6.7193712948243025
test_1B,62,v2,2.2119779854615382,4.819393629832712,7.622707979747182
test_1B,63,v2,2.210720472,4.9227154828111965,7.957760645031613
test_1B,0,additive_clr_spline,2.268910171230769,4.943642453276151,7.50500721146968
test_1B,1,additive_clr_spline,2.2202228678461537,4.8371900613242245,7.18698541085197
test_1B,2,additive_clr_spline,2.158954113923077,4.76317480875388,7.162026544326774
test_1B,3,additive_clr_spline,2.2978220733846153,5.087103168742905,7.941630717352123
test_1B,4,additive_clr_spline,2.2596442387692304,4.963444907580475,7.930493928800025
test_1B,5,additive_clr_spline,2.250573700384615,4.809083083107488,7.194881925785884
test_1B,6,additive_clr_spline,2.1365596063076926,4.635054654151598,6.499585402346165
test_1B,7,additive_clr_spline,2.2200372773846153,4.788815715440539,7.1230342480722015
test_1B,8,additive_clr_spline,2.211698407846154,4.805282147577118,7.101059798306428
test_1B,9,additive_clr_spline,2.182831441846154,4.882564462568943,7.4930843225686505
test_1B,10,additive_clr_spline,2.2403361748461537,5.007424078388556,7.998368392204998
test_1B,11,additive_clr_spline,2.249554406846154,4.799977353080327,6.799532514922225
test_1B,12,additive_clr_spline,2.1134832436153848,4.485211642019352,6.1688605310126965
test_1B,13,additive_clr_spline,2.301508649846154,5.274684251801947,9.214815739112431
test_1B,14,additive_clr_spline,2.2374433647692302,4.918652639081283,7.399859496579732
test_1B,15,additive_clr_spline,2.200567332384615,4.738633445875402,6.765297243262893
test_1B,16,additive_clr_spline,2.269338471769231,5.004119687495557,8.25132878280117
test_1B,17,additive_clr_spline,2.2269126127692305,4.821645252324634,7.0453279272988905
test_1B,18,additive_clr_spline,2.2847994710769233,5.184070975304716,8.752349872938577
test_1B,19,additive_clr_spline,2.200563970615385,4.655586525495914,6.772127645572706
test_1B,20,additive_clr_spline,2.1784147224615387,4.863086515905893,7.3142635462740575
test_1B,21,additive_clr_spline,2.1498512269999996,4.881957592422186,7.7804140720495285
test_1B,22,additive_clr_spline,2.2783338171538463,5.005563710017781,7.7743016628943105
test_1B,23,additive_clr_spline,2.261651138384615,4.833152299425915,6.86679192917663
test_1B,24,additive_clr_spline,2.2326221901538457,5.028790817465805,8.113092842274014
test_1B,25,additive_clr_spline,2.229065296769231,4.986313477301723,7.837062838024431
test_1B,26,additive_clr_spline,2.212113792,4.70969180952026,6.7486287905131706
test_1B,27,additive_clr_spline,2.211488948769231,4.989520649215338,7.928273902678504
test_1B,28,additive_clr_spline,2.2115665394615385,4.905375343975711,7.451221469766289
test_1B,29,additive_clr_spline,2.1808748666923075,4.558500036030946,6.21537744175169
test_1B,30,additive_clr_spline,2.2302286073846154,4.800613772705176,7.302956444309284
test_1B,31,additive_clr_spline,2.2045516753076924,4.716149275284434,6.8647254285937445
test_1B,32,additive_clr_spline,2.217951380923077,4.851869223160485,7.68135297963192
test_1B,33,additive_clr_spline,2.2848637036153847,5.175919141632518,8.750829569896716
test_1B,34,additive_clr_spline,2.260730384076923,5.077309875306527,8.335526669323242
test_1B,35,additive_clr_spline,2.2594743416153844,5.014459735328812,8.087384373757923
test_1B,36,additive_clr_spline,2.4442399745384615,5.188854512658749,7.93091880116997
test_1B,37,additive_clr_spline,2.260743969153846,5.07435860434064,8.094773659426888
test_1B,38,additive_clr_spline,2.291458922769231,4.9717843098658685,7.546556577667266
test_1B,39,additive_clr_spline,2.182367508076923,4.550871924013139,5.8923153805543915
test_1B,40,additive_clr_spline,2.2950587230769233,5.131399178565369,8.473614634337794
test_1B,41,additive_clr_spline,2.2760151351538465,4.9938059992870345,7.738257437025225
test_1B,42,additive_clr_spline,2.1902820931538463,4.8256036929723445,7.089821518741764
test_1B,43,additive_clr_spline,2.259092208923077,4.992397164350239,8.137051696642981
test_1B,44,additive_clr_spline,2.1960051576923076,4.861300433211998,7.560581100252703
test_1B,45,additive_clr_spline,2.111309207076923,4.384516422517903,5.675182287756488
test_1B,46,additive_clr_spline,2.2084713797692306,4.767455987471455,6.833651070049408
test_1B,47,additive_clr_spline,2.173961432692308,4.7769425114025,7.34983543661451
test_1B,48,additive_clr_spline,2.235983221076923,4.708083938309291,6.637860210478416
test_1B,49,additive_clr_spline,2.2020630356923077,4.92880884394025,8.163258258124511
test_1B,50,additive_clr_spline,2.187208932769231,4.667039999675298,6.623329280375793
test_1B,51,additive_clr_spline,2.151937621846154,4.963329091491598,8.098037525745704
test_1B,52,additive_clr_spline,2.2681441679230767,4.97914017524822,7.715124215200655
test_1B,53,additive_clr_spline,2.187429321615385,4.848712931680172,7.422232372950646
test_1B,54,additive_clr_spline,2.227650901846154,5.135363027995066,8.733382263286881
test_1B,55,additive_clr_spline,2.2585364458461545,4.906233114227231,7.3926515221138045
test_1B,56,additive_clr_spline,2.252677299846154,4.986952067106776,7.776551746305957
test_1B,57,additive_clr_spline,2.197322574153846,5.013182801481113,8.074861116671979
test_1B,58,additive_clr_spline,2.2096809515384614,5.044976859860979,8.293503573637015
test_1B,59,additive_clr_spline,2.166673793,4.613092295767469,6.397530368128604
test_1B,60,additive_clr_spline,2.1845107656923077,4.989640604118776,8.201862054514306
test_1B,61,additive_clr_spline,2.2594306072307697,4.806632684886129,7.007772467216408
test_1B,62,additive_clr_spline,2.2119779854615382,4.7059197111526,6.903036197174209
test_1B,63,additive_clr_spline,2.210720472,4.8943649319208795,7.860136329651453
test_1B,0,lowrank_ilr_quadratic,2.268910171230769,4.865605696095385,7.0691578468676255
test_1B,1,lowrank_ilr_quadratic,2.2202228678461537,4.871251719755408,7.297563671164905
test_1B,2,lowrank_ilr_quadratic,2.158954113923077,4.844111644729694,7.647742009167193
test_1B,3,lowrank_ilr_quadratic,2.2978220733846153,5.023368391331764,7.624825827198593
test_1B,4,lowrank_ilr_quadratic,2.2596442387692304,4.948498988823186,7.892381256288761
test_1B,5,lowrank_ilr_quadratic,2.250573700384615,4.685080170385339,6.581327723137374
test_1B,6,lowrank_ilr_quadratic,2.1365596063076926,4.895733782291605,7.847708794062631
test_1B,7,lowrank_ilr_quadratic,2.2200372773846153,4.933052000412683,8.01136012238795
test_1B,8,lowrank_ilr_quadratic,2.211698407846154,4.744128184119377,6.889418805720951
test_1B,9,lowrank_ilr_quadratic,2.182831441846154,5.00985298977757,8.285953499164082
test_1B,10,lowrank_ilr_quadratic,2.2403361748461537,5.010198641032127,7.967309045284386
test_1B,11,lowrank_ilr_quadratic,2.249554406846154,4.8862528704879615,7.310670003308252
test_1B,12,lowrank_ilr_quadratic,2.1134832436153848,4.954616006593126,8.96158675176434
test_1B,13,lowrank_ilr_quadratic,2.301508649846154,5.224531711497937,8.913968852026708
test_1B,14,lowrank_ilr_quadratic,2.2374433647692302,4.925546622236969,7.413901096309511
test_1B,15,lowrank_ilr_quadratic,2.200567332384615,4.815804680649655,7.341827269185491
test_1B,16,lowrank_ilr_quadratic,2.269338471769231,4.83739626826613,7.410900659966284
test_1B,17,lowrank_ilr_quadratic,2.2269126127692305,4.940889283950593,7.755353626384452
test_1B,18,lowrank_ilr_quadratic,2.2847994710769233,5.122381043531108,8.279703259336463
test_1B,19,lowrank_ilr_quadratic,2.200563970615385,4.733104252028021,7.313409590043067
test_1B,20,lowrank_ilr_quadratic,2.1784147224615387,5.00684777207615,8.126399790230188
test_1B,21,lowrank_ilr_quadratic,2.1498512269999996,4.942021295592771,8.054337952543467
test_1B,22,lowrank_ilr_quadratic,2.2783338171538463,5.000356648943391,7.676723102249681
test_1B,23,lowrank_ilr_quadratic,2.261651138384615,4.827149154734847,6.9331007085043375
test_1B,24,lowrank_ilr_quadratic,2.2326221901538457,4.990826352142388,7.865868433925897
test_1B,25,lowrank_ilr_quadratic,2.229065296769231,5.0706175872237385,8.312195312037037
test_1B,26,lowrank_ilr_quadratic,2.212113792,4.756611955626414,7.035892294477933
test_1B,27,lowrank_ilr_quadratic,2.211488948769231,5.084585017925159,8.475601952588015
test_1B,28,lowrank_ilr_quadratic,2.2115665394615385,5.022741254200862,8.133190236156564
test_1B,29,lowrank_ilr_quadratic,2.1808748666923075,4.65327682227886,6.653488046296752
test_1B,30,lowrank_ilr_quadratic,2.2302286073846154,4.6869905389265245,6.889058775954463
test_1B,31,lowrank_ilr_quadratic,2.2045516753076924,4.817271215685475,7.671154391192696
test_1B,32,lowrank_ilr_quadratic,2.217951380923077,4.757235373534818,7.349623800957738
test_1B,33,lowrank_ilr_quadratic,2.2848637036153847,5.236573345514708,9.016748665060113
test_1B,34,lowrank_ilr_quadratic,2.260730384076923,5.197817878727353,9.076320286059126
test_1B,35,lowrank_ilr_quadratic,2.2594743416153844,5.206079682299219,9.095351803460556
test_1B,36,lowrank_ilr_quadratic,2.4442399745384615,4.758284080740402,5.686226349331275
test_1B,37,lowrank_ilr_quadratic,2.260743969153846,5.100932507006011,8.261182458270339
test_1B,38,lowrank_ilr_quadratic,2.291458922769231,4.977853962097547,7.522042507583778
test_1B,39,lowrank_ilr_quadratic,2.182367508076923,4.887764887768935,7.597892669017084
test_1B,40,lowrank_ilr_quadratic,2.2950587230769233,5.121285860055776,8.484253195985028
test_1B,41,lowrank_ilr_quadratic,2.2760151351538465,4.963006891603035,7.503473801466045
test_1B,42,lowrank_ilr_quadratic,2.1902820931538463,4.870893137259352,7.457906614527687
test_1B,43,lowrank_ilr_quadratic,2.259092208923077,5.030813541510875,8.355940681851013
test_1B,44,lowrank_ilr_quadratic,2.1960051576923076,4.83461746696232,7.494288440194581
test_1B,45,lowrank_ilr_quadratic,2.111309207076923,4.669697861457315,7.024881673931532
test_1B,46,lowrank_ilr_quadratic,2.2084713797692306,4.919069081813496,7.706050481125336
test_1B,47,lowrank_ilr_quadratic,2.173961432692308,4.995295293039319,8.814211088318581
test_1B,48,lowrank_ilr_quadratic,2.235983221076923,4.671552120487837,6.666782496488393
test_1B,49,lowrank_ilr_quadratic,2.2020630356923077,4.989197739492787,8.637478041919325
test_1B,50,lowrank_ilr_quadratic,2.187208932769231,4.822804355391828,7.53172039060038
test_1B,51,lowrank_ilr_quadratic,2.151937621846154,5.00724169263289,8.302702114764276
test_1B,52,lowrank_ilr_quadratic,2.2681441679230767,4.985864355898705,7.75908214020986
test_1B,53,lowrank_ilr_quadratic,2.187429321615385,5.061018175993149,8.792999659426386
test_1B,54,lowrank_ilr_quadratic,2.227650901846154,5.117241512711849,8.612041246310891
test_1B,55,lowrank_ilr_quadratic,2.2585364458461545,4.910602842178761,7.405213388330345
test_1B,56,lowrank_ilr_quadratic,2.252677299846154,5.023474223214685,7.952059360092078
test_1B,57,lowrank_ilr_quadratic,2.197322574153846,4.878217027961384,7.3359393495945335
test_1B,58,lowrank_ilr_quadratic,2.2096809515384614,5.070940487393705,8.389945953597483
test_1B,59,lowrank_ilr_quadratic,2.166673793,4.722232030398617,7.106181053643946
test_1B,60,lowrank_ilr_quadratic,2.1845107656923077,5.0064170019607195,8.183996089062303
test_1B,61,lowrank_ilr_quadratic,2.2594306072307697,4.749063575203648,6.760610141453544
test_1B,62,lowrank_ilr_quadratic,2.2119779854615382,4.819176905539292,7.571445759463207
test_1B,63,lowrank_ilr_quadratic,2.210720472,5.031692177991828,8.474840478052469
est_10b,1,v2,1.7115076923076922,5.597720915409048,15.310105674775777
est_10b,2,v2,1.7185307692307694,5.46831284654685,14.114080306696998
est_10b,3,v2,1.8022153846153846,5.651408900694054,15.174834479415814
est_10b,4,v2,1.8228307692307695,5.14272454751486,11.335215473275705
est_10b,5,v2,1.9229615384615384,4.898178784344498,9.515404952816708
est_10b,6,v2,1.654623076923077,5.233765194759148,13.050618599699702
est_10b,7,v2,1.9834153846153848,5.529433009257674,12.739095038416163
est_10b,8,v2,1.7380230769230767,5.891073050149154,17.60540428261732
est_10b,9,v2,1.6371,5.766247674689553,17.686666240840655
est_10b,10,v2,1.8495230769230768,5.334092692593093,12.354054406937392
est_10b,11,v2,1.7043076923076923,5.652227230193618,15.96832503445925
est_10b,12,v2,1.6439384615384611,5.519517778664073,15.429234139136595
est_10b,13,v2,1.8157230769230768,5.72418371236393,15.616935201871097
est_10b,14,v2,1.9477384615384614,5.007501533455929,9.567843372424873
est_10b,15,v2,1.8105615384615386,5.161857934010437,11.615234636442382
est_10b,16,v2,1.9567230769230766,4.832891048134329,8.843729854625298
est_10b,17,v2,1.8411999999999997,5.077674322246685,10.79944240605238
est_10b,18,v2,1.9124230769230768,5.001495066019738,9.690678491626427
est_10b,19,v2,1.8993846153846157,5.266055735508564,11.461724914348931
est_10b,20,v2,1.8048076923076921,5.36997131953917,12.812840465236718
est_10b,21,v2,1.7212615384615384,5.27038957944599,12.7674736900644
est_10b,22,v2,1.8810307692307693,5.3540794451430855,12.577894070755054
est_10b,23,v2,1.8310153846153847,5.185840533329346,11.44775531933876
est_10b,24,v2,1.7026692307692306,5.87788380348392,17.858650433594114
est_10b,25,v2,1.7796076923076924,5.334943959057652,12.783473294246818
est_10b,26,v2,1.9114461538461542,5.3568873107090536,12.088622702467696
est_10b,27,v2,1.8610769230769233,5.332248440811583,12.303962443441488
est_10b,28,v2,1.7525384615384614,5.065609271175604,11.727852357686157
est_10b,29,v2,1.6738307692307695,5.493010464897119,14.884033952171292
est_10b,30,v2,1.766946153846154,5.375743591097531,13.209950023428721
est_10b,31,v2,1.8201692307692303,5.216186612064211,11.83073482750038
est_10b,32,v2,1.598,5.881782721280961,18.77962641408687
est_10b,33,v2,1.7194153846153846,5.615579609393852,15.47053410165003
est_10b,34,v2,1.8206615384615383,5.50083871735938,13.776758549941299
est_10b,35,v2,1.7829076923076923,5.098490101184595,11.514696648311855
est_10b,36,v2,1.986723076923077,5.172503328182772,10.499422075941379
est_10b,37,v2,1.911807692307692,4.875699355199278,9.449378109162712
est_10b,38,v2,1.856107692307692,5.56939111111622,14.01664527732517
est_10b,39,v2,1.8007307692307692,4.984448175942422,10.548514235163772
est_10b,40,v2,1.782646153846154,5.396578499627224,13.418755027038731
est_10b,41,v2,1.796930769230769,5.329817279593404,12.73615646201332
est_10b,42,v2,1.8521923076923075,5.0983938644677655,10.988148654497708
est_10b,43,v2,1.914153846153846,5.2985520087569755,11.916534512111411
est_10b,44,v2,1.7903,5.119492600573829,11.686979089068071
est_10b,45,v2,1.610869230769231,5.494920909176386,15.534852765062652
est_10b,46,v2,1.850523076923077,4.803500048076548,8.825041329167968
est_10b,47,v2,1.6495769230769228,5.475914741486254,15.174228737261176
est_10b,48,v2,1.791553846153846,5.5173553247889275,14.235543513878838
est_10b,49,v2,1.7416461538461538,5.715148079847125,16.222849939971873
est_10b,50,v2,1.7364769230769228,5.429961071990864,14.045508621226888
est_10b,51,v2,1.6761076923076923,5.741371354161609,16.897084758566905
est_10b,52,v2,1.9167615384615384,5.2686604014072085,11.707805074664053
est_10b,53,v2,1.6852461538461538,5.6175444115688284,15.950298887072307
est_10b,54,v2,1.8305307692307693,5.310286908585907,12.388088313510952
est_10b,55,v2,1.8313230769230766,5.572171922317907,14.282596043475657
est_10b,56,v2,1.8824615384615382,4.942229256496707,9.458577658945673
est_10b,57,v2,1.7857384615384613,5.5872672318488,14.643985003633533
est_10b,58,v2,1.702676923076923,5.504436470931624,14.694559593690634
est_10b,59,v2,1.6271923076923078,5.658277723932281,16.790972807989338
est_10b,60,v2,1.7722615384615388,5.232770973859636,12.308037625288978
est_10b,61,v2,1.9224923076923077,5.157631495379184,10.790346767002298
est_10b,62,v2,1.8331846153846152,5.1736397807248915,11.3791141644279
est_10b,63,v2,1.9015846153846154,5.318081828787243,11.828077335516152
est_10b,1,additive_clr_spline,1.7115076923076922,5.883411781302997,17.69977883033078
est_10b,2,additive_clr_spline,1.7185307692307694,5.165995679001175,11.972366021038646
est_10b,3,additive_clr_spline,1.8022153846153846,5.632037791808295,15.074711407807525
est_10b,4,additive_clr_spline,1.8228307692307695,5.213692691961461,11.822503060991231
est_10b,5,additive_clr_spline,1.9229615384615384,4.955667346807275,9.842754313224434
est_10b,6,additive_clr_spline,1.654623076923077,5.476076480612728,14.743791198746537
est_10b,7,additive_clr_spline,1.9834153846153848,5.145185315375281,10.205465069373881
est_10b,8,additive_clr_spline,1.7380230769230767,5.899511356195195,17.822744268143172
est_10b,9,additive_clr_spline,1.6371,5.979502582414554,19.557176320722284
est_10b,10,additive_clr_spline,1.8495230769230768,5.326082343282162,12.328029661139217
est_10b,11,additive_clr_spline,1.7043076923076923,5.812045942662392,17.227726199972548
est_10b,12,additive_clr_spline,1.6439384615384611,5.679420059300943,16.735754338639616
est_10b,13,additive_clr_spline,1.8157230769230768,5.651359233436906,15.051472344610563
est_10b,14,additive_clr_spline,1.9477384615384614,4.896460235630387,8.839425855629905
est_10b,15,additive_clr_spline,1.8105615384615386,4.991754994848001,10.57084066786237
est_10b,16,additive_clr_spline,1.9567230769230766,4.699496017530658,7.987882816692759
est_10b,17,additive_clr_spline,1.8411999999999997,5.001540836237698,10.315728083388429
est_10b,18,additive_clr_spline,1.9124230769230768,4.881291160530015,9.056360291908293
est_10b,19,additive_clr_spline,1.8993846153846157,4.933504858738819,9.393441301875082
est_10b,20,additive_clr_spline,1.8048076923076921,5.21083168305842,11.702922684824127
est_10b,21,additive_clr_spline,1.7212615384615384,5.271184879846801,12.766091130613622
est_10b,22,additive_clr_spline,1.8810307692307693,5.3027679905699125,12.26940798548456
est_10b,23,additive_clr_spline,1.8310153846153847,5.234047552936303,11.783191816270191
est_10b,24,additive_clr_spline,1.7026692307692306,5.898226030132838,18.018982017714585
est_10b,25,additive_clr_spline,1.7796076923076924,5.345337323003033,12.842268235543997
est_10b,26,additive_clr_spline,1.9114461538461542,5.3985735557890315,12.444436843753964
est_10b,27,additive_clr_spline,1.8610769230769233,5.0403761774589935,10.401864639662422
est_10b,28,additive_clr_spline,1.7525384615384614,5.095991833748982,11.960210030245271
est_10b,29,additive_clr_spline,1.6738307692307695,6.016436544537327,19.097927159351382
est_10b,30,additive_clr_spline,1.766946153846154,5.608353834836875,14.880734111636562
est_10b,31,additive_clr_spline,1.8201692307692303,5.324117740089681,12.525338988504739
est_10b,32,additive_clr_spline,1.598,5.956947813345841,19.40912326721916
est_10b,33,additive_clr_spline,1.7194153846153846,5.921759245700461,17.944099290830113
est_10b,34,additive_clr_spline,1.8206615384615383,5.396806084311563,13.126832941189603
est_10b,35,additive_clr_spline,1.7829076923076923,5.416546750861939,13.612720902720707
est_10b,36,additive_clr_spline,1.986723076923077,5.1437747526642905,10.435418456225939
est_10b,37,additive_clr_spline,1.911807692307692,4.971399111542021,9.895494879946439
est_10b,38,additive_clr_spline,1.856107692307692,5.530020553226336,13.728328642337098
est_10b,39,additive_clr_spline,1.8007307692307692,5.107829034624881,11.423374456670215
est_10b,40,additive_clr_spline,1.782646153846154,5.3770225195508905,13.353571645186475
est_10b,41,additive_clr_spline,1.796930769230769,5.322925538833628,12.72462942386262
est_10b,42,additive_clr_spline,1.8521923076923075,5.209486801646,11.709889310355475
est_10b,43,additive_clr_spline,1.914153846153846,5.022087160676451,10.315679047833944
est_10b,44,additive_clr_spline,1.7903,5.063292777328703,11.482256997221668
est_10b,45,additive_clr_spline,1.610869230769231,5.591652508964998,16.410201170934865
est_10b,46,additive_clr_spline,1.850523076923077,4.852910717879016,9.077022955966724
est_10b,47,additive_clr_spline,1.6495769230769228,5.538496097305916,15.466841842027874
est_10b,48,additive_clr_spline,1.791553846153846,5.381532495553822,13.369938909968413
est_10b,49,additive_clr_spline,1.7416461538461538,5.816298733688779,16.984360837070682
est_10b,50,additive_clr_spline,1.7364769230769228,5.158373256947092,12.03765614412403
est_10b,51,additive_clr_spline,1.6761076923076923,5.805162893271903,17.68508721273313
est_10b,52,additive_clr_spline,1.9167615384615384,5.192703399349404,11.243648305476102
est_10b,53,additive_clr_spline,1.6852461538461538,5.553440506612446,15.423402580953681
est_10b,54,additive_clr_spline,1.8305307692307693,5.336807799673053,12.632261757591372
est_10b,55,additive_clr_spline,1.8313230769230766,5.500586884480981,13.822938428588047
est_10b,56,additive_clr_spline,1.8824615384615382,4.992698087071834,9.800835873027243
est_10b,57,additive_clr_spline,1.7857384615384613,5.864248054850071,16.89622728801351
est_10b,58,additive_clr_spline,1.702676923076923,5.455271892572987,14.30751083861719
est_10b,59,additive_clr_spline,1.6271923076923078,5.702074788829113,17.45474741477949
est_10b,60,additive_clr_spline,1.7722615384615388,5.295808637787706,12.884110073588728
est_10b,61,additive_clr_spline,1.9224923076923077,5.197873691013978,11.025974672249259
est_10b,62,additive_clr_spline,1.8331846153846152,5.045594003374465,10.619537089697968
est_10b,63,additive_clr_spline,1.9015846153846154,5.235575095111681,11.253243917835492
est_10b,1,lowrank_ilr_quadratic,1.7115076923076922,5.386137810204957,13.698986259058573
est_10b,2,lowrank_ilr_quadratic,1.7185307692307694,5.402377412711198,13.70955749978406
est_10b,3,lowrank_ilr_quadratic,1.8022153846153846,5.679095418018377,15.39646664589972
est_10b,4,lowrank_ilr_quadratic,1.8228307692307695,5.166408103398112,11.436329904205941
est_10b,5,lowrank_ilr_quadratic,1.9229615384615384,4.899507529033056,9.457728991679321
est_10b,6,lowrank_ilr_quadratic,1.654623076923077,5.187071234889473,12.76272095455311
est_10b,7,lowrank_ilr_quadratic,1.9834153846153848,5.574400332969002,13.110174606175901
est_10b,8,lowrank_ilr_quadratic,1.7380230769230767,5.920884577034092,17.8901989865793
est_10b,9,lowrank_ilr_quadratic,1.6371,5.6966179259609095,17.117099187977225
est_10b,10,lowrank_ilr_quadratic,1.8495230769230768,5.277511727572898,11.95343710996776
est_10b,11,lowrank_ilr_quadratic,1.7043076923076923,5.541515376071157,15.100983320079688
est_10b,12,lowrank_ilr_quadratic,1.6439384615384611,5.6088729916448745,16.187926201943878
est_10b,13,lowrank_ilr_quadratic,1.8157230769230768,5.5325799944469916,14.135507198568455
est_10b,14,lowrank_ilr_quadratic,1.9477384615384614,5.173639260167108,10.543902800071852
est_10b,15,lowrank_ilr_quadratic,1.8105615384615386,5.173922727488077,11.652491412196476
est_10b,16,lowrank_ilr_quadratic,1.9567230769230766,4.872277726745332,8.98388810818051
est_10b,17,lowrank_ilr_quadratic,1.8411999999999997,5.291653433554852,12.209155046695638
est_10b,18,lowrank_ilr_quadratic,1.9124230769230768,5.160508791956113,10.654731297606538
est_10b,19,lowrank_ilr_quadratic,1.8993846153846157,5.18959492812702,10.94167693499395
est_10b,20,lowrank_ilr_quadratic,1.8048076923076921,5.603689730622222,14.604569156044192
est_10b,21,lowrank_ilr_quadratic,1.7212615384615384,5.280165549473172,12.813322325705
est_10b,22,lowrank_ilr_quadratic,1.8810307692307693,5.369491807209134,12.625010635077432
est_10b,23,lowrank_ilr_quadratic,1.8310153846153847,5.0959080208704695,10.832871598685996
est_10b,24,lowrank_ilr_quadratic,1.7026692307692306,5.824618780151572,17.41189907595465
est_10b,25,lowrank_ilr_quadratic,1.7796076923076924,5.383401511030176,13.132024752609551
est_10b,26,lowrank_ilr_quadratic,1.9114461538461542,5.425638529674791,12.552167884909625
est_10b,27,lowrank_ilr_quadratic,1.8610769230769233,5.328603872265991,12.35821714606793
est_10b,28,lowrank_ilr_quadratic,1.7525384615384614,5.13084677064168,12.110987174577762
est_10b,29,lowrank_ilr_quadratic,1.6738307692307695,5.389867124798768,14.08876363840963
est_10b,30,lowrank_ilr_quadratic,1.766946153846154,5.5176990154589,14.294020028059773
est_10b,31,lowrank_ilr_quadratic,1.8201692307692303,5.215346400416725,11.829201113468546
est_10b,32,lowrank_ilr_quadratic,1.598,5.868601414104967,18.6844002853696
est_10b,33,lowrank_ilr_quadratic,1.7194153846153846,5.674108288363043,15.957212360687059
est_10b,34,lowrank_ilr_quadratic,1.8206615384615383,5.514203331604284,13.901190692496886
est_10b,35,lowrank_ilr_quadratic,1.7829076923076923,4.9462775380147965,10.563278102885345
est_10b,36,lowrank_ilr_quadratic,1.986723076923077,5.448627237956138,12.226035413909962
est_10b,37,lowrank_ilr_quadratic,1.911807692307692,4.907981254279158,9.577179909401476
est_10b,38,lowrank_ilr_quadratic,1.856107692307692,5.558632351817877,13.929712736076086
est_10b,39,lowrank_ilr_quadratic,1.8007307692307692,4.931082931443068,10.263446711561027
est_10b,40,lowrank_ilr_quadratic,1.782646153846154,5.484970354952387,14.061395961153368
est_10b,41,lowrank_ilr_quadratic,1.796930769230769,5.300920434103348,12.52041852926528
est_10b,42,lowrank_ilr_quadratic,1.8521923076923075,5.318676888278177,12.329734731287193
est_10b,43,lowrank_ilr_quadratic,1.914153846153846,5.330787943104277,12.099406196192096
est_10b,44,lowrank_ilr_quadratic,1.7903,5.1356940349222056,11.771739775529436
est_10b,45,lowrank_ilr_quadratic,1.610869230769231,5.404160061801353,14.87801726837679
est_10b,46,lowrank_ilr_quadratic,1.850523076923077,4.959646960577121,9.819260561320384
est_10b,47,lowrank_ilr_quadratic,1.6495769230769228,5.311203608261793,13.74042362962647
est_10b,48,lowrank_ilr_quadratic,1.791553846153846,5.664313786365195,15.380084224457429
est_10b,49,lowrank_ilr_quadratic,1.7416461538461538,5.739388990352529,16.444652258428654
est_10b,50,lowrank_ilr_quadratic,1.7364769230769228,5.450316090350257,14.246576700507745
est_10b,51,lowrank_ilr_quadratic,1.6761076923076923,5.73336214782702,16.823623183185564
est_10b,52,lowrank_ilr_quadratic,1.9167615384615384,5.277264223400268,11.724709267163483
est_10b,53,lowrank_ilr_quadratic,1.6852461538461538,5.594303832093863,15.75020980769625
est_10b,54,lowrank_ilr_quadratic,1.8305307692307693,5.30219931346891,12.336059907202737
est_10b,55,lowrank_ilr_quadratic,1.8313230769230766,5.526712167750718,13.960683491913674
est_10b,56,lowrank_ilr_quadratic,1.8824615384615382,4.96034463839851,9.561627686695683
est_10b,57,lowrank_ilr_quadratic,1.7857384615384613,5.43764391442268,13.506168316243047
est_10b,58,lowrank_ilr_quadratic,1.702676923076923,5.517182737431299,14.78134931079787
est_10b,59,lowrank_ilr_quadratic,1.6271923076923078,5.846781162222299,18.37323617129668
est_10b,60,lowrank_ilr_quadratic,1.7722615384615388,5.254309102623141,12.432926627459715
est_10b,61,lowrank_ilr_quadratic,1.9224923076923077,5.273219574299394,11.535211876279458
est_10b,62,lowrank_ilr_quadratic,1.8331846153846152,5.034796439208806,10.554238045916646
est_10b,63,lowrank_ilr_quadratic,1.9015846153846154,5.3520546321612255,12.081213423399303
est_70b,1,v2,1.3061538461538462,5.597720915409048,18.669781700773985
est_70b,2,v2,1.3529692307692307,5.46831284654685,17.00239299141409
est_70b,3,v2,1.4120307692307692,5.651408900694054,18.41275859793365
est_70b,4,v2,1.4423230769230766,5.14272454751486,14.07331207702356
est_70b,5,v2,1.5518307692307696,4.898178784344498,12.009378287718626
est_70b,6,v2,1.2822384615384617,5.233765194759148,15.898545295444157
est_70b,7,v2,1.5931923076923076,5.529433009257674,15.704652008653817
est_70b,8,v2,1.3274461538461537,5.891073050149154,21.259924577945107
est_70b,9,v2,1.2251307692307694,5.766247674689553,21.383814723222038
est_70b,10,v2,1.455723076923077,5.334092692593093,15.306425872578778
est_70b,11,v2,1.2944384615384616,5.652227230193618,19.45223419033631
est_70b,12,v2,1.248923076923077,5.519517778664073,18.733260459479872
est_70b,13,v2,1.4180692307692306,5.72418371236393,18.950733314259285
est_70b,14,v2,1.583992307692308,5.007501533455929,11.985905558211014
est_70b,15,v2,1.4487384615384618,5.161857934010437,14.266085991165134
est_70b,16,v2,1.5975076923076925,4.832891048134329,11.158576041730374
est_70b,17,v2,1.4732923076923077,5.077674322246685,13.399152645715601
est_70b,18,v2,1.5563461538461536,5.001495066019738,12.063003314236491
est_70b,19,v2,1.5334846153846156,5.266055735508564,14.102968296305177
est_70b,20,v2,1.4248692307692308,5.36997131953917,15.684558903608847
est_70b,21,v2,1.3425153846153846,5.27038957944599,15.631835933199426
est_70b,22,v2,1.4958846153846155,5.3540794451430855,15.53473554131632
est_70b,23,v2,1.453323076923077,5.185840533329346,14.163630723252483
est_70b,24,v2,1.2946076923076921,5.87788380348392,21.52529301300087
est_70b,25,v2,1.406853846153846,5.334943959057652,15.6071756097634
est_70b,26,v2,1.5043230769230769,5.3568873107090536,15.111059510322034
est_70b,27,v2,1.494876923076923,5.332248440811583,15.04567870819861
est_70b,28,v2,1.3880461538461537,5.065609271175604,14.437683365731125
est_70b,29,v2,1.2588999999999997,5.493010464897119,18.297258694898737
est_70b,30,v2,1.376053846153846,5.375743591097531,16.224348207747912
est_70b,31,v2,1.435346153846154,5.216186612064211,14.66757547033103
est_70b,32,v2,1.1902923076923075,5.881782721280961,22.533702288113528
est_70b,33,v2,1.3266692307692307,5.615579609393852,18.748803566025707
est_70b,34,v2,1.4226461538461537,5.50083871735938,16.915883673258243
est_70b,35,v2,1.4142,5.098490101184595,14.214262723817313
est_70b,36,v2,1.6167,5.172503328182772,13.087886251124822
est_70b,37,v2,1.543053846153846,4.875699355199278,11.916857539229285
est_70b,38,v2,1.456723076923077,5.56939111111622,17.186835745601563
est_70b,39,v2,1.4358076923076928,4.984448175942422,13.108712987596489
est_70b,40,v2,1.4061538461538463,5.396578499627224,16.358727718061605
est_70b,41,v2,1.4296692307692307,5.329817279593404,15.540420547856503
est_70b,42,v2,1.4742769230769235,5.0983938644677655,13.695157699042513
est_70b,43,v2,1.5365076923076926,5.2985520087569755,14.739224166012054
est_70b,44,v2,1.421792307692308,5.119492600573829,14.418986488800853
est_70b,45,v2,1.2298076923076922,5.494920909176386,18.74678880869232
est_70b,46,v2,1.4916692307692307,4.803500048076548,11.098893404289159
est_70b,47,v2,1.2510076923076925,5.475914741486254,18.519531355088954
est_70b,48,v2,1.4048538461538462,5.5173553247889275,17.3478271291253
est_70b,49,v2,1.3366846153846152,5.715148079847125,19.7016739123874
est_70b,50,v2,1.3706769230769233,5.429961071990864,16.979848671699465
est_70b,51,v2,1.2810384615384616,5.741371354161609,20.344931313589534
est_70b,52,v2,1.5345307692307695,5.2686604014072085,14.545809694159813
est_70b,53,v2,1.3008923076923078,5.6175444115688284,19.23589739654359
est_70b,54,v2,1.444653846153846,5.310286908585907,15.293794558950639
est_70b,55,v2,1.447576923076923,5.572171922317907,17.361193960311905
est_70b,56,v2,1.5292615384615382,4.942229256496707,11.77946445972559
est_70b,57,v2,1.3659538461538463,5.5872672318488,18.055708681263596
est_70b,58,v2,1.326453846153846,5.504436470931624,17.74191269286579
est_70b,59,v2,1.2387692307692306,5.658277723932281,20.184053300507173
est_70b,60,v2,1.3886,5.232770973859636,15.18262982448353
est_70b,61,v2,1.5410000000000001,5.157631495379184,13.486635193588562
est_70b,62,v2,1.4675307692307693,5.1736397807248915,14.017971221548382
est_70b,63,v2,1.5115076923076922,5.318081828787243,14.681190641512526
est_70b,1,additive_clr_spline,1.3061538461538462,5.883411781302997,21.300510698024063
est_70b,2,additive_clr_spline,1.3529692307692307,5.165995679001175,14.644669896844892
est_70b,3,additive_clr_spline,1.4120307692307692,5.632037791808295,18.303737111863004
est_70b,4,additive_clr_spline,1.4423230769230766,5.213692691961461,14.61497915757615
est_70b,5,additive_clr_spline,1.5518307692307696,4.955667346807275,12.377113713859396
est_70b,6,additive_clr_spline,1.2822384615384617,5.476076480612728,17.762303029791497
est_70b,7,additive_clr_spline,1.5931923076923076,5.145185315375281,12.883769220008052
est_70b,8,additive_clr_spline,1.3274461538461537,5.899511356195195,21.496273954931176
est_70b,9,additive_clr_spline,1.2251307692307694,5.979502582414554,23.437039293885547
est_70b,10,additive_clr_spline,1.455723076923077,5.326082343282162,15.2775274292095
est_70b,11,additive_clr_spline,1.2944384615384616,5.812045942662392,20.840878985067526
est_70b,12,additive_clr_spline,1.248923076923077,5.679420059300943,20.171164015755053
est_70b,13,additive_clr_spline,1.4180692307692306,5.651359233436906,18.325440130183573
est_70b,14,additive_clr_spline,1.583992307692308,4.896460235630387,11.166623009642993
est_70b,15,additive_clr_spline,1.4487384615384618,4.991754994848001,13.107009168910102
est_70b,16,additive_clr_spline,1.5975076923076925,4.699496017530658,10.1958776524192
est_70b,17,additive_clr_spline,1.4732923076923077,5.001540836237698,12.859827953791562
est_70b,18,additive_clr_spline,1.5563461538461536,4.881291160530015,11.353848088234724
est_70b,19,additive_clr_spline,1.5334846153846156,4.933504858738819,11.802899154263297
est_70b,20,additive_clr_spline,1.4248692307692308,5.21083168305842,14.455000673590096
est_70b,21,additive_clr_spline,1.3425153846153846,5.271184879846801,15.631184684114698
est_70b,22,additive_clr_spline,1.4958846153846155,5.3027679905699125,15.191583992574307
est_70b,23,additive_clr_spline,1.453323076923077,5.234047552936303,14.535094891744182
est_70b,24,additive_clr_spline,1.2946076923076921,5.898226030132838,21.69932868567073
est_70b,25,additive_clr_spline,1.406853846153846,5.345337323003033,15.67058362465026
est_70b,26,additive_clr_spline,1.5043230769230769,5.3985735557890315,15.50769535602974
est_70b,27,additive_clr_spline,1.494876923076923,5.0403761774589935,12.93704185353321
est_70b,28,additive_clr_spline,1.3880461538461537,5.095991833748982,14.694641626443959
est_70b,29,additive_clr_spline,1.2588999999999997,6.016436544537327,22.946133448981186
est_70b,30,additive_clr_spline,1.376053846153846,5.608353834836875,18.06838238904139
est_70b,31,additive_clr_spline,1.435346153846154,5.324117740089681,15.4374044959341
est_70b,32,additive_clr_spline,1.1902923076923075,5.956947813345841,23.220429970145613
est_70b,33,additive_clr_spline,1.3266692307692307,5.921759245700461,21.461346584003973
est_70b,34,additive_clr_spline,1.4226461538461537,5.396806084311563,16.193357825704958
est_70b,35,additive_clr_spline,1.4142,5.416546750861939,16.531988377515134
est_70b,36,additive_clr_spline,1.6167,5.1437747526642905,13.014967053329258
est_70b,37,additive_clr_spline,1.543053846153846,4.971399111542021,12.418362220729044
est_70b,38,additive_clr_spline,1.456723076923077,5.530020553226336,16.865286570257283
est_70b,39,additive_clr_spline,1.4358076923076928,5.107829034624881,14.081435274461297
est_70b,40,additive_clr_spline,1.4061538461538463,5.3770225195508905,16.284781684295147
est_70b,41,additive_clr_spline,1.4296692307692307,5.322925538833628,15.528788862625516
est_70b,42,additive_clr_spline,1.4742769230769235,5.209486801646,14.498952579890972
est_70b,43,additive_clr_spline,1.5365076923076926,5.022087160676451,12.953078542567615
est_70b,44,additive_clr_spline,1.421792307692308,5.063292777328703,14.190363554630274
est_70b,45,additive_clr_spline,1.2298076923076922,5.591652508964998,19.70824208408055
est_70b,46,additive_clr_spline,1.4916692307692307,4.852910717879016,11.378820433285332
est_70b,47,additive_clr_spline,1.2510076923076925,5.538496097305916,18.82960234392923
est_70b,48,additive_clr_spline,1.4048538461538462,5.381532495553822,16.385011682731843
est_70b,49,additive_clr_spline,1.3366846153846152,5.816298733688779,20.53722069644101
est_70b,50,additive_clr_spline,1.3706769230769233,5.158373256947092,14.764683913985193
est_70b,51,additive_clr_spline,1.2810384615384616,5.805162893271903,21.20360420277213
est_70b,52,additive_clr_spline,1.5345307692307695,5.192703399349404,14.028562412974082
est_70b,53,additive_clr_spline,1.3008923076923078,5.553440506612446,18.65839093182781
est_70b,54,additive_clr_spline,1.444653846153846,5.336807799673053,15.56415448094329
est_70b,55,additive_clr_spline,1.447576923076923,5.500586884480981,16.851620856325493
est_70b,56,additive_clr_spline,1.5292615384615382,4.992698087071834,12.162385568808757
est_70b,57,additive_clr_spline,1.3659538461538463,5.864248054850071,20.5485720684426
est_70b,58,additive_clr_spline,1.326453846153846,5.455271892572987,17.31461111903425
est_70b,59,additive_clr_spline,1.2387692307692306,5.702074788829113,20.903988983695754
est_70b,60,additive_clr_spline,1.3886,5.295808637787706,15.819654966773234
est_70b,61,additive_clr_spline,1.5410000000000001,5.197873691013978,13.75002323004869
est_70b,62,additive_clr_spline,1.4675307692307693,5.045594003374465,13.174144521941422
est_70b,63,additive_clr_spline,1.5115076923076922,5.235575095111681,14.04004378040408
est_70b,1,lowrank_ilr_quadratic,1.3061538461538462,5.386137810204957,16.881611308485716
est_70b,2,lowrank_ilr_quadratic,1.3529692307692307,5.402377412711198,16.548308622040764
est_70b,3,lowrank_ilr_quadratic,1.4120307692307692,5.679095418018377,18.65653921245492
est_70b,4,lowrank_ilr_quadratic,1.4423230769230766,5.166408103398112,14.186353439909343
est_70b,5,lowrank_ilr_quadratic,1.5518307692307696,4.899507529033056,11.945248108051734
est_70b,6,lowrank_ilr_quadratic,1.2822384615384617,5.187071234889473,15.57979808949632
est_70b,7,lowrank_ilr_quadratic,1.5931923076923076,5.574400332969002,16.114341792157358
est_70b,8,lowrank_ilr_quadratic,1.3274461538461537,5.920884577034092,21.57246441488096
est_70b,9,lowrank_ilr_quadratic,1.2251307692307694,5.6966179259609095,20.7561209406734
est_70b,10,lowrank_ilr_quadratic,1.455723076923077,5.277511727572898,14.856326879853576
est_70b,11,lowrank_ilr_quadratic,1.2944384615384616,5.541515376071157,18.4914636904079
est_70b,12,lowrank_ilr_quadratic,1.248923076923077,5.6088729916448745,19.568919313600908
est_70b,13,lowrank_ilr_quadratic,1.4180692307692306,5.5325799944469916,17.31477847020672
est_70b,14,lowrank_ilr_quadratic,1.583992307692308,5.173639260167108,13.070589092055247
est_70b,15,lowrank_ilr_quadratic,1.4487384615384618,5.173922727488077,14.306099289639189
est_70b,16,lowrank_ilr_quadratic,1.5975076923076925,4.872277726745332,11.317657843627947
est_70b,17,lowrank_ilr_quadratic,1.4732923076923077,5.291653433554852,14.961533497090995
est_70b,18,lowrank_ilr_quadratic,1.5563461538461536,5.160508791956113,13.13147224959384
est_70b,19,lowrank_ilr_quadratic,1.5334846153846156,5.18959492812702,13.523440681777036
est_70b,20,lowrank_ilr_quadratic,1.4248692307692308,5.603689730622222,17.656105599727276
est_70b,21,lowrank_ilr_quadratic,1.3425153846153846,5.280165549473172,15.68262484345165
est_70b,22,lowrank_ilr_quadratic,1.4958846153846155,5.369491807209134,15.583934525800347
est_70b,23,lowrank_ilr_quadratic,1.453323076923077,5.0959080208704695,13.477679971646333
est_70b,24,lowrank_ilr_quadratic,1.2946076923076921,5.824618780151572,21.033801410356883
est_70b,25,lowrank_ilr_quadratic,1.406853846153846,5.383401511030176,15.990987036016756
est_70b,26,lowrank_ilr_quadratic,1.5043230769230769,5.425638529674791,15.627463205258358
est_70b,27,lowrank_ilr_quadratic,1.494876923076923,5.328603872265991,15.108256949483422
est_70b,28,lowrank_ilr_quadratic,1.3880461538461537,5.13084677064168,14.862518600822712
est_70b,29,lowrank_ilr_quadratic,1.2588999999999997,5.389867124798768,17.414334554443943
est_70b,30,lowrank_ilr_quadratic,1.376053846153846,5.5176990154589,17.421549273248594
est_70b,31,lowrank_ilr_quadratic,1.435346153846154,5.215346400416725,14.6662941983833
est_70b,32,lowrank_ilr_quadratic,1.1902923076923075,5.868601414104967,22.42874790866769
est_70b,33,lowrank_ilr_quadratic,1.3266692307692307,5.674108288363043,19.283189952478626
est_70b,34,lowrank_ilr_quadratic,1.4226461538461537,5.514203331604284,17.053981002848396
est_70b,35,lowrank_ilr_quadratic,1.4142,4.9462775380147965,13.153365911053244
est_70b,36,lowrank_ilr_quadratic,1.6167,5.448627237956138,15.001489600583401
est_70b,37,lowrank_ilr_quadratic,1.543053846153846,4.907981254279158,12.061830133557619
est_70b,38,lowrank_ilr_quadratic,1.456723076923077,5.558632351817877,17.090526153151636
est_70b,39,lowrank_ilr_quadratic,1.4358076923076928,4.931082931443068,12.790284717160896
est_70b,40,lowrank_ilr_quadratic,1.4061538461538463,5.484970354952387,17.065241871096564
est_70b,41,lowrank_ilr_quadratic,1.4296692307692307,5.300920434103348,15.301313661618472
est_70b,42,lowrank_ilr_quadratic,1.4742769230769235,5.318676888278177,15.179642000859406
est_70b,43,lowrank_ilr_quadratic,1.5365076923076926,5.330787943104277,14.938311202797356
est_70b,44,lowrank_ilr_quadratic,1.421792307692308,5.1356940349222056,14.513205843652454
est_70b,45,lowrank_ilr_quadratic,1.2298076923076922,5.404160061801353,18.022520022073277
est_70b,46,lowrank_ilr_quadratic,1.4916692307692307,4.959646960577121,12.21044725230024
est_70b,47,lowrank_ilr_quadratic,1.2510076923076925,5.311203608261793,16.926635053319295
est_70b,48,lowrank_ilr_quadratic,1.4048538461538462,5.664313786365195,18.608061313975313
est_70b,49,lowrank_ilr_quadratic,1.3366846153846152,5.739388990352529,19.945449945514277
est_70b,50,lowrank_ilr_quadratic,1.3706769230769233,5.450316090350257,17.201330025876807
est_70b,51,lowrank_ilr_quadratic,1.2810384615384616,5.73336214782702,20.263918639383363
est_70b,52,lowrank_ilr_quadratic,1.5345307692307695,5.277264223400268,14.5616637560469
est_70b,53,lowrank_ilr_quadratic,1.3008923076923078,5.594303832093863,19.015031716021166
est_70b,54,lowrank_ilr_quadratic,1.444653846153846,5.30219931346891,15.235937148683636
est_70b,55,lowrank_ilr_quadratic,1.447576923076923,5.526712167750718,17.006276269543154
est_70b,56,lowrank_ilr_quadratic,1.5292615384615382,4.96034463839851,11.89287056945022
est_70b,57,lowrank_ilr_quadratic,1.3659538461538463,5.43764391442268,16.78826400054469
est_70b,58,lowrank_ilr_quadratic,1.326453846153846,5.517182737431299,17.83597558793731
est_70b,59,lowrank_ilr_quadratic,1.2387692307692306,5.846781162222299,21.912614382876583
est_70b,60,lowrank_ilr_quadratic,1.3886,5.254309102623141,15.3198811219901
est_70b,61,lowrank_ilr_quadratic,1.5410000000000001,5.273219574299394,14.316326058038507
est_70b,62,lowrank_ilr_quadratic,1.4675307692307693,5.034796439208806,13.103486161702696
est_70b,63,lowrank_ilr_quadratic,1.5115076923076922,5.3520546321612255,14.961215231336979
