replicate,budget,N_B,D_B,Q_B,loss,C_total,C_train,C_Q,C_attn,s_train,s_Q,s_attn,budget_ratio,optimizer_spread,global_checked,global_gap,N_at_lower_bound,N_at_upper_bound,D_at_lower_bound,D_at_upper_bound,Q_at_Q0,Q_at_1
0,1e+19,0.307744073687,4.03197861463,0.719044007395,3.1730299252,1e+19,7.4449051433e+18,1.53861714113e+18,1.01647771557e+18,0.74449051433,0.153861714113,0.101647771557,1,1.4743761767e-13,False,not_applicable,False,False,False,False,False,False
0,1e+20,0.925567719556,11.4634029154,0.937802753042,2.70000205588,1e+20,6.36609341685e+19,2.76472262864e+19,8.69183954513e+18,0.636609341685,0.276472262864,0.0869183954513,1,9.68114477473e-14,False,not_applicable,False,False,False,False,False,False
0,1e+22,5.43473012187,245.526403128,1,2.15470669357,1e+22,8.00621843277e+21,9.00665877208e+20,1.09311569002e+21,0.800621843277,0.0900665877208,0.109311569002,1,6.66133814775e-15,False,not_applicable,False,False,False,False,False,True
0,1e+24,39.5843190379,3654.9481309,1,1.91601135746,1e+24,8.68071797283e+23,1.34074666615e+22,1.18520736056e+23,0.868071797283,0.0134074666615,0.118520736056,1,8.37108160567e-14,False,not_applicable,False,False,False,False,False,True
1,1e+19,0.312391557636,3.9252111951,0.726833577162,3.17953502354,1e+19,7.35721703572e+18,1.63827759834e+18,1.00450536594e+18,0.735721703572,0.163827759834,0.100450536594,1,1.73194791842e-14,False,not_applicable,False,False,False,False,False,False
1,1e+20,0.946219922817,10.9153394033,0.954742522541,2.70186539666,1e+20,6.19698696464e+19,2.95691774845e+19,8.46095286906e+18,0.619698696464,0.295691774845,0.0846095286906,1,2.53130849615e-13,False,not_applicable,False,False,False,False,False,False
1,1e+22,5.43332023888,245.584374748,1,2.15471564308,1e+22,8.00603132201e+21,9.00878534824e+20,1.09309014317e+21,0.800603132201,0.0900878534824,0.109309014317,1,9.32587340685e-15,False,not_applicable,False,False,False,False,False,True
1,1e+24,39.5649541728,3656.71303048,1,1.91602482672,1e+24,8.68066100845e+23,1.34139408525e+22,1.18519958302e+23,0.868066100845,0.0134139408525,0.118519958302,1,4.84057238737e-14,False,not_applicable,False,False,False,False,False,True
2,1e+19,0.313227579996,3.93476700368,0.724284881517,3.18158861421,1e+19,7.39486527846e+18,1.59548911552e+18,1.00964560602e+18,0.739486527846,0.159548911552,0.100964560602,1,7.9936057773e-15,False,not_applicable,False,False,False,False,False,False
2,1e+20,0.959742106588,10.5875425684,0.964808312656,2.70289892647,1e+20,6.09678624492e+19,3.07079920644e+19,8.32414548639e+18,0.609678624492,0.307079920644,0.0832414548639,1,0.000715293938827,False,not_applicable,False,False,False,False,False,False
2,1e+22,5.43172937418,245.64982086,1,2.15470159251,1e+22,8.00582008638e+21,9.01118611164e+20,1.09306130246e+21,0.800582008638,0.0901118611164,0.109306130246,1,7.54951656745e-15,False,not_applicable,False,False,False,False,False,True
2,1e+24,39.5383492648,3659.14056359,1,1.91600907751,1e+24,8.68058265674e+23,1.34228457858e+22,1.1851888854e+23,0.868058265674,0.0134228457858,0.11851888854,1,3.46389583683e-14,False,not_applicable,False,False,False,False,False,True
3,1e+19,0.311561258749,3.97456382663,0.721214030869,3.17993862266,1e+19,7.42992065281e+18,1.55564751406e+18,1.01443183313e+18,0.742992065281,0.155564751406,0.101443183313,1,2.52242671195e-13,False,not_applicable,False,False,False,False,False,False
3,1e+20,0.954383596758,10.7276611295,0.960318106603,2.70265259237,1e+20,6.14298228817e+19,3.01829586342e+19,8.38721848412e+18,0.614298228817,0.301829586342,0.0838721848412,1,0.000967269226878,False,not_applicable,False,False,False,False,False,False
3,1e+22,5.43132936942,245.666282026,1,2.15469864974,1e+22,8.00576695587e+21,9.01178995752e+20,1.09305404838e+21,0.800576695587,0.0901178995752,0.109305404838,1,3.15303338994e-14,False,not_applicable,False,False,False,False,False,True
3,1e+24,39.5318126445,3659.73748302,1,1.91599314757,1e+24,8.68056339041e+23,1.34250354687e+22,1.1851862549e+23,0.868056339041,0.0134250354687,0.11851862549,1,2.0872192863e-14,False,not_applicable,False,False,False,False,False,True
4,1e+19,0.311711574828,3.93849718426,0.725989518359,3.17759635061,1e+19,7.36605095858e+18,1.62823755054e+18,1.00571149088e+18,0.736605095858,0.162823755054,0.100571149088,1,6.70574706874e-14,False,not_applicable,False,False,False,False,False,False
4,1e+20,0.938215555912,11.1236244511,0.948279375925,2.70115971061,1e+20,6.26181449889e+19,2.88323909486e+19,8.54946406249e+18,0.626181449889,0.288323909486,0.0854946406249,1,3.10862446895e-15,False,not_applicable,False,False,False,False,False,False
4,1e+22,5.4337866384,245.565194285,1,2.15470158172,1e+22,8.00609322939e+21,9.00808175027e+20,1.09309859559e+21,0.800609322939,0.0900808175027,0.109309859559,1,2.22044604925e-15,False,not_applicable,False,False,False,False,False,True
4,1e+24,39.5714664284,3656.1193181,1,1.91599320951,1e+24,8.68068017127e+23,1.34117629341e+22,1.18520219938e+23,0.868068017127,0.0134117629341,0.118520219938,1,4.26325641456e-14,False,not_applicable,False,False,False,False,False,True
5,1e+19,0.307811455593,4.01509920293,0.721251391252,3.17896776841,1e+19,7.41536118002e+18,1.5721948402e+18,1.01244397978e+18,0.741536118002,0.15721948402,0.101244397978,1,4.03233002544e-13,False,not_applicable,False,False,False,False,False,False
5,1e+20,0.950641448932,10.7916522447,0.958750985778,2.70233462277,1e+20,6.15539515577e+19,3.00418822563e+19,8.40416618601e+18,0.615539515577,0.300418822563,0.0840416618601,1,1.90958360236e-14,False,not_applicable,False,False,False,False,False,False
5,1e+22,5.43770289663,245.404258118,1,2.15466417544,1e+22,8.00661267129e+21,9.00217811985e+20,1.09316951672e+21,0.800661267129,0.0900217811985,0.109316951672,1,6.2172489379e-15,False,not_applicable,False,False,False,False,False,True
5,1e+24,39.6214011291,3651.57324667,1,1.91594158282,1e+24,8.6808269015e+23,1.33950865548e+22,1.18522223295e+23,0.86808269015,0.0133950865548,0.118522223295,1,2.10942374679e-14,False,not_applicable,False,False,False,False,False,True
6,1e+19,0.312197273839,3.92331515838,0.727376520203,3.18118294658,1e+19,7.34908978116e+18,1.64751449405e+18,1.00339572479e+18,0.734908978116,0.164751449405,0.100339572479,1,2.13162820728e-14,False,not_applicable,False,False,False,False,False,False
6,1e+20,0.953900305022,10.7127817468,0.961167366559,2.70246444978,1e+20,6.13135546553e+19,3.03151013491e+19,8.37134399561e+18,0.613135546553,0.303151013491,0.0837134399561,1,7.23865412056e-14,False,not_applicable,False,False,False,False,False,False
6,1e+22,5.43432381519,245.543106854,1,2.15470608176,1e+22,8.00616451938e+21,9.00727151577e+20,1.09310832905e+21,0.800616451938,0.0900727151577,0.109310832905,1,5.77315972805e-15,False,not_applicable,False,False,False,False,False,True
6,1e+24,39.5794785522,3655.38912949,1,1.91598620239,1e+24,8.68070373904e+23,1.34090843791e+22,1.18520541717e+23,0.868070373904,0.0134090843791,0.118520541717,1,1.1768364061e-14,False,not_applicable,False,False,False,False,False,True
7,1e+19,0.311510327928,3.94808738991,0.724960949327,3.1782016284,1e+19,7.37921998513e+18,1.61327051291e+18,1.00750950197e+18,0.737921998513,0.161327051291,0.100750950197,1,8.881784197e-15,False,not_applicable,False,False,False,False,False,False
7,1e+20,0.941912028511,11.029587053,0.951152838011,2.70153214526,1e+20,6.23334042885e+19,2.9156008246e+19,8.51058746552e+18,0.623334042885,0.29156008246,0.0851058746552,1,1.24789067968e-13,False,not_applicable,False,False,False,False,False,False
7,1e+22,5.43256610305,245.615394571,1,2.15470785641,1e+22,8.00593120159e+21,9.00992325014e+20,1.09307647339e+21,0.800593120159,0.0900992325014,0.109307647339,1,2.22044604925e-15,False,not_applicable,False,False,False,False,False,True
7,1e+24,39.5548678392,3657.63296679,1,1.91602980719,1e+24,8.68063131634e+23,1.341731546e+22,1.18519552906e+23,0.868063131634,0.01341731546,0.118519552906,1,5.39568389968e-14,False,not_applicable,False,False,False,False,False,True
8,1e+19,0.318480629079,3.82515353991,0.732093777462,3.18224792069,1e+19,7.30942383429e+18,1.69259616487e+18,9.97980000842e+17,0.730942383429,0.169259616487,0.0997980000842,1,2.57571741713e-14,False,not_applicable,False,False,False,False,False,False
8,1e+20,0.952592680233,10.7800952845,0.958572485073,2.70224134547,1e+20,6.16142391611e+19,2.99733633855e+19,8.41239745346e+18,0.616142391611,0.299733633855,0.0841239745346,1,7.1054273576e-14,False,not_applicable,False,False,False,False,False,False
8,1e+22,5.43295108305,245.599558233,1,2.15470992582,1e+22,8.00598231538e+21,9.00934232488e+20,1.09308345213e+21,0.800598231538,0.0900934232488,0.109308345213,1,2.6645352591e-15,False,not_applicable,False,False,False,False,False,True
8,1e+24,39.5596904762,3657.19305458,1,1.9159797865,1e+24,8.68064551507e+23,1.34157017276e+22,1.18519746766e+23,0.868064551507,0.0134157017276,0.118519746766,1,1.89848137211e-13,False,not_applicable,False,False,False,False,False,True
9,1e+19,0.331658403867,3.63207359814,0.74192263747,3.18695639619,1e+19,7.22764639371e+18,1.785538952e+18,9.86814654288e+17,0.722764639371,0.1785538952,0.0986814654288,1,1.95399252334e-14,False,not_applicable,False,False,False,False,False,False
9,1e+20,0.962563491573,10.5852208696,0.963930006667,2.70267356364,1e+20,6.1133682956e+19,3.05195315311e+19,8.34678551292e+18,0.61133682956,0.305195315311,0.0834678551292,1,8.34887714518e-14,False,not_applicable,False,False,False,False,False,False
9,1e+22,5.43161644529,245.654467934,1,2.15470230243,1e+22,8.00580508735e+21,9.01135658053e+20,1.09305925459e+21,0.800580508735,0.0901135658053,0.109305925459,1,4.88498130835e-15,False,not_applicable,False,False,False,False,False,True
9,1e+24,39.5370012881,3659.26364391,1,1.91599842135,1e+24,8.68057868417e+23,1.3423297282e+22,1.18518834301e+23,0.868057868417,0.013423297282,0.118518834301,1,1.7763568394e-14,False,not_applicable,False,False,False,False,False,True
10,1e+19,0.309911098075,3.95162081327,0.726809812466,3.18321825748,1e+19,7.34790687251e+18,1.64885890916e+18,1.00323421833e+18,0.734790687251,0.164885890916,0.100323421833,1,3.10862446895e-13,False,not_applicable,False,False,False,False,False,False
10,1e+20,0.968359018015,10.3332201724,0.973443854813,2.70322854284,1e+20,6.00376016345e+19,3.1765264489e+19,8.1971338765e+18,0.600376016345,0.31765264489,0.081971338765,1,0.000387729742085,False,not_applicable,False,False,False,False,False,False
10,1e+22,5.43198650967,245.639240276,1,2.15469748411,1e+22,8.00585423655e+21,9.01079798348e+20,1.0930659651e+21,0.800585423655,0.0901079798348,0.10930659651,1,2.6645352591e-15,False,not_applicable,False,False,False,False,False,True
10,1e+24,39.5435783562,3658.66318693,1,1.91600901433,1e+24,8.68059806468e+23,1.34210946223e+22,1.1851909891e+23,0.868059806468,0.0134210946223,0.11851909891,1,1.95399252334e-14,False,not_applicable,False,False,False,False,False,True
11,1e+19,0.309156898646,3.9883929197,0.722893806768,3.17961728978,1e+19,7.39823511381e+18,1.59165918532e+18,1.01010570087e+18,0.739823511381,0.159165918532,0.101010570087,1,4.84501327946e-13,False,not_applicable,False,False,False,False,False,False
11,1e+20,0.951271236594,10.7752967254,0.959267182625,2.70240594543,1e+20,6.1501379044e+19,3.01016326706e+19,8.39698828547e+18,0.61501379044,0.301016326706,0.0839698828547,1,2.30926389122e-14,False,not_applicable,False,False,False,False,False,False
11,1e+22,5.43387064997,245.561739667,1,2.15469983767,1e+22,8.00610437961e+21,9.00795502432e+20,1.09310011796e+21,0.800610437961,0.0900795502432,0.109310011796,1,1.85629289717e-13,False,not_applicable,False,False,False,False,False,True
11,1e+24,39.5743888573,3655.8529474,1,1.9159822352,1e+24,8.68068876873e+23,1.34107858049e+22,1.18520337322e+23,0.868068876873,0.0134107858049,0.118520337322,1,8.881784197e-16,False,not_applicable,False,False,False,False,False,True
12,1e+19,0.311936714095,3.94637636387,0.724571168059,3.17843103963,1e+19,7.38611805316e+18,1.60543062865e+18,1.00845131819e+18,0.738611805316,0.160543062865,0.100845131819,1,1.82076576039e-14,False,not_applicable,False,False,False,False,False,False
12,1e+20,0.943371069676,10.9997587467,0.951961462309,2.70165482502,1e+20,6.22611250505e+19,2.92381560093e+19,8.50071894022e+18,0.622611250505,0.292381560093,0.0850071894022,1,1.60760293966e-13,False,not_applicable,False,False,False,False,False,False
12,1e+22,5.43388188565,245.561277655,1,2.15471046419,1e+22,8.00610587081e+21,9.0079380763e+20,1.09310032156e+21,0.800610587081,0.090079380763,0.109310032156,1,2.22044604925e-15,False,not_applicable,False,False,False,False,False,True
12,1e+24,39.5717958483,3656.08929052,1,1.91603848924,1e+24,8.68068114045e+23,1.34116527837e+22,1.18520233171e+23,0.868068114045,0.0134116527837,0.118520233171,1,6.5059069243e-14,False,not_applicable,False,False,False,False,False,True
13,1e+19,0.312122396066,3.94465515385,0.724536543217,3.18582796522,1e+19,7.38729130964e+18,1.60409718355e+18,1.00861150681e+18,0.738729130964,0.160409718355,0.100861150681,1,5.74651437546e-13,False,not_applicable,False,False,False,False,False,False
13,1e+20,1.00252860463,9.51950430427,1,2.70361373683,1e+20,5.72614522014e+19,3.4920450858e+19,7.81809694056e+18,0.572614522014,0.34920450858,0.0781809694056,1,2.62012633812e-14,False,not_applicable,False,False,False,False,False,True
13,1e+22,5.43173140342,245.649737358,1,2.15469685787,1e+22,8.00582035589e+21,9.01118304852e+20,1.09306133926e+21,0.800582035589,0.0901118304852,0.109306133926,1,2.22044604925e-15,False,not_applicable,False,False,False,False,False,True
13,1e+24,39.5384051886,3659.13545751,1,1.91600499962,1e+24,8.68058282155e+23,1.34228270552e+22,1.1851889079e+23,0.868058282155,0.0134228270552,0.11851889079,1,4.7251091928e-13,False,not_applicable,False,False,False,False,False,True
14,1e+19,0.311385365884,3.95801398124,0.723773275824,3.17919919364,1e+19,7.39480579033e+18,1.59555672576e+18,1.00963748391e+18,0.739480579033,0.159555672576,0.100963748391,1,4.88498130835e-15,False,not_applicable,False,False,False,False,False,False
14,1e+20,0.947359973041,10.8927370136,0.955350404783,2.70209771228,1e+20,6.19160582614e+19,2.96303359173e+19,8.4536058213e+18,0.619160582614,0.296303359173,0.084536058213,1,1.06581410364e-14,False,not_applicable,False,False,False,False,False,False
14,1e+22,5.43131509787,245.666869376,1,2.15469405689,1e+22,8.00576506013e+21,9.0118115033e+20,1.09305378954e+21,0.800576506013,0.090118115033,0.109305378954,1,8.881784197e-16,False,not_applicable,False,False,False,False,False,True
14,1e+24,39.5364064931,3659.31795576,1,1.91597242586,1e+24,8.68057693118e+23,1.34234965145e+22,1.18518810367e+23,0.868057693118,0.0134234965145,0.118518810367,1,1.66533453694e-14,False,not_applicable,False,False,False,False,False,True
15,1e+19,0.312411229278,3.92662663367,0.726609497769,3.18290094613,1e+19,7.36033352125e+18,1.63473560865e+18,1.0049308701e+18,0.736033352125,0.163473560865,0.10049308701,1,8.881784197e-15,False,not_applicable,False,False,False,False,False,False
15,1e+20,0.965788162369,10.4179412256,0.970453657158,2.70311552411,1e+20,6.03691458719e+19,3.13884534117e+19,8.24240071638e+18,0.603691458719,0.313884534117,0.0824240071638,1,0.00047636899782,False,not_applicable,False,False,False,False,False,False
15,1e+22,5.43506956957,245.512449793,1,2.15470078901,1e+22,8.00626346893e+21,9.00614692111e+20,1.09312183896e+21,0.800626346893,0.0900614692111,0.109312183896,1,3.10862446895e-15,False,not_applicable,False,False,False,False,False,True
15,1e+24,39.5867517158,3654.72653886,1,1.91600110746,1e+24,8.68072512499e+23,1.34066537942e+22,1.18520833707e+23,0.868072512499,0.0134066537942,0.118520833707,1,3.15303338994e-14,False,not_applicable,False,False,False,False,False,True
16,1e+19,0.307683668103,4.03309915887,0.718982204638,3.17708960504,1e+19,7.44551245815e+18,1.53792690756e+18,1.01656063429e+18,0.744551245815,0.153792690756,0.101656063429,1,1.06581410364e-14,False,not_applicable,False,False,False,False,False,False
16,1e+20,0.942928659447,10.9988622809,0.95216844294,2.70186244724,1e+20,6.22268547957e+19,2.92771052961e+19,8.49603990811e+18,0.622268547957,0.292771052961,0.0849603990811,1,3.95239396767e-14,False,not_applicable,False,False,False,False,False,False
16,1e+22,5.43016702719,245.71412775,1,2.15469966794,1e+22,8.00561252773e+21,9.01354508486e+20,1.09303296379e+21,0.800561252773,0.0901354508486,0.109303296379,1,2.22044604925e-15,False,not_applicable,False,False,False,False,False,True
16,1e+24,39.5145413955,3661.31561847,1,1.91598816617,1e+24,8.68051245408e+23,1.34308245518e+22,1.1851793004e+23,0.868051245408,0.0134308245518,0.11851793004,1,5.59552404411e-14,False,not_applicable,False,False,False,False,False,True
17,1e+19,0.317296051878,3.84715169458,0.730671341937,3.18798438501,1e+19,7.32411626199e+18,1.67589773104e+18,9.9998600697e+17,0.732411626199,0.167589773104,0.099998600697,1,4.88498130835e-15,False,not_applicable,False,False,False,False,False,False
17,1e+20,1.00249593136,9.51970621706,1,2.70363493679,1e+20,5.72608005022e+19,3.49211915359e+19,7.8180079619e+18,0.572608005022,0.349211915359,0.078180079619,1,2.88657986403e-14,False,not_applicable,False,False,False,False,False,True
17,1e+22,5.43101999234,245.679015156,1,2.1546997787,1e+22,8.00572585808e+21,9.01225704765e+20,1.09304843716e+21,0.800572585808,0.0901225704765,0.109304843716,1,6.26165785889e-14,False,not_applicable,False,False,False,False,False,True
17,1e+24,39.5300282154,3659.90046964,1,1.91598861709,1e+24,8.68055812981e+23,1.34256333534e+22,1.18518553666e+23,0.868055812981,0.0134256333534,0.118518553666,1,6.17284001692e-14,False,not_applicable,False,False,False,False,False,True
18,1e+19,0.311391610628,3.95428259085,0.724279919192,3.18007955945,1e+19,7.38798254906e+18,1.60331156691e+18,1.00870588403e+18,0.738798254906,0.160331156691,0.100870588403,1,2.18935980456e-13,False,not_applicable,False,False,False,False,False,False
18,1e+20,0.952004637913,10.7722712272,0.959140814716,2.70236876979,1e+20,6.15315130148e+19,3.00673844083e+19,8.40110257695e+18,0.615315130148,0.300673844083,0.0840110257695,1,1.11022302463e-14,False,not_applicable,False,False,False,False,False,False
18,1e+22,5.43515048472,245.50912393,1,2.15468329204,1e+22,8.00627420358e+21,9.00602491828e+20,1.0931233046e+21,0.800627420358,0.0900602491828,0.10931233046,1,1.7763568394e-15,False,not_applicable,False,False,False,False,False,True
18,1e+24,39.5879878115,3654.6139535,1,1.91597210423,1e+24,8.68072875883e+23,1.34062407967e+22,1.18520883321e+23,0.868072875883,0.0134062407967,0.118520883321,1,8.881784197e-16,False,not_applicable,False,False,False,False,False,True
19,1e+19,0.335114431784,3.56299046268,0.747618674712,3.19159684933,1e+19,7.16405714613e+18,1.85781025152e+18,9.78132602351e+17,0.716405714613,0.185781025152,0.0978132602351,1,5.99520433298e-14,False,not_applicable,False,False,False,False,False,False
19,1e+20,0.982936276474,10.0381023638,0.982179276626,2.70352682778,1e+20,5.9200889762e+19,3.27162154225e+19,8.08289481551e+18,0.59200889762,0.327162154225,0.0808289481551,1,9.192407486e-05,False,not_applicable,False,False,False,False,False,False
19,1e+22,5.43254164461,245.61640075,1,2.1547043285,1e+22,8.00592795402e+21,9.00996015986e+20,1.09307602999e+21,0.800592795402,0.0900996015986,0.109307602999,1,1.50990331349e-14,False,not_applicable,False,False,False,False,False,True
19,1e+24,39.5516218035,3657.92912387,1,1.91601102601,1e+24,8.6806217575e+23,1.34184018547e+22,1.18519422396e+23,0.86806217575,0.0134184018547,0.118519422396,1,2.50910403565e-14,False,not_applicable,False,False,False,False,False,True
20,1e+19,0.312866881011,3.93829315261,0.724324670099,3.18101724694,1e+19,7.39296897099e+18,1.59764433217e+18,1.00938669684e+18,0.739296897099,0.159764433217,0.100938669684,1,7.54951656745e-15,False,not_applicable,False,False,False,False,False,False
20,1e+20,0.95679708562,10.6577987732,0.962642103538,2.70266974524,1e+20,6.11841048318e+19,3.04622253885e+19,8.3536697797e+18,0.611841048318,0.304622253885,0.083536697797,1,0.000883896707681,False,not_applicable,False,False,False,False,False,False
20,1e+22,5.43160815582,245.654809057,1,2.1547496566,1e+22,8.00580398634e+21,9.01136909395e+20,1.09305910427e+21,0.800580398634,0.0901136909395,0.109305910427,1,7.54951656745e-15,False,not_applicable,False,False,False,False,False,True
20,1e+24,39.5423034229,3658.77956725,1,1.91614673757,1e+24,8.68059430836e+23,1.34215215409e+22,1.18519047623e+23,0.868059430836,0.0134215215409,0.118519047623,1,3.06421554797e-14,False,not_applicable,False,False,False,False,False,True
21,1e+19,0.309162488419,3.985348314,0.723302277338,3.1784548761,1e+19,7.39272121184e+18,1.59792591871e+18,1.00935286946e+18,0.739272121184,0.159792591871,0.100935286946,1,9.32587340685e-15,False,not_applicable,False,False,False,False,False,False
21,1e+20,0.945404978537,10.9256733137,0.954573981697,2.70189323017,1e+20,6.19751156678e+19,2.95632152063e+19,8.46166912585e+18,0.619751156678,0.295632152063,0.0846166912585,1,2.0872192863e-13,False,not_applicable,False,False,False,False,False,False
21,1e+22,5.4346709715,245.528834725,1,2.15470606427,1e+22,8.00621058448e+21,9.0067479705e+20,1.09311461847e+21,0.800621058448,0.090067479705,0.109311461847,1,3.99680288865e-15,False,not_applicable,False,False,False,False,False,True
21,1e+24,39.5806719281,3655.28039558,1,1.91600996277,1e+24,8.68070724856e+23,1.34086855099e+22,1.18520589634e+23,0.868070724856,0.0134086855099,0.118520589634,1,5.57331958362e-14,False,not_applicable,False,False,False,False,False,True
22,1e+19,0.320952997743,3.79752814166,0.732538087719,3.18496269652,1e+19,7.31296824646e+18,1.68856782229e+18,9.9846393125e+17,0.731296824646,0.168856782229,0.099846393125,1,1.09690034833e-13,False,not_applicable,False,False,False,False,False,False
22,1e+20,0.966841985825,10.4285707726,0.969614489791,2.70310905324,1e+20,6.04966804505e+19,3.1243506112e+19,8.25981343751e+18,0.604966804505,0.31243506112,0.0825981343751,1,0.000502957849161,False,not_applicable,False,False,False,False,False,False
22,1e+22,5.4323334705,245.624965013,1,2.15470095293,1e+22,8.00590031178e+21,9.01027432321e+20,1.0930722559e+21,0.800590031178,0.0901027432321,0.10930722559,1,2.62012633812e-14,False,not_applicable,False,False,False,False,False,True
22,1e+24,39.5467666443,3658.37218136,1,1.91598847073,1e+24,8.68060745725e+23,1.3420027125e+22,1.1851922715e+23,0.868060745725,0.013420027125,0.11851922715,1,2.975397706e-14,False,not_applicable,False,False,False,False,False,True
23,1e+19,0.310901121502,3.96204794443,0.723931346293,3.18116871166,1e+19,7.3908308962e+18,1.60007432544e+18,1.00909477836e+18,0.73908308962,0.160007432544,0.100909477836,1,3.90798504668e-14,False,not_applicable,False,False,False,False,False,False
23,1e+20,0.958804185618,10.593156552,0.964879239424,2.7028315059,1e+20,6.09405770459e+19,3.07390028348e+19,8.32042011933e+18,0.609405770459,0.307390028348,0.0832042011933,1,0.000770103539341,False,not_applicable,False,False,False,False,False,False
23,1e+22,5.43241617098,245.621562651,1,2.15470711429,1e+22,8.00591129333e+21,9.01014951418e+20,1.09307375525e+21,0.800591129333,0.0901014951418,0.109307375525,1,4.88498130835e-15,False,not_applicable,False,False,False,False,False,True
23,1e+24,39.5506378985,3658.01890144,1,1.9160061162,1e+24,8.68061885981e+23,1.34187311863e+22,1.18519382833e+23,0.868061885981,0.0134187311863,0.118519382833,1,1.06581410364e-14,False,not_applicable,False,False,False,False,False,True
24,1e+19,0.313432533576,3.9180676255,0.726310712849,3.17848415409,1e+19,7.3682991755e+18,1.62568237708e+18,1.00601844743e+18,0.73682991755,0.162568237708,0.100601844743,1,2.44249065418e-14,False,not_applicable,False,False,False,False,False,False
24,1e+20,0.941835002486,11.0472303695,0.950378205216,2.70145371995,1e+20,6.24280094549e+19,2.90484863208e+19,8.52350422425e+18,0.624280094549,0.290484863208,0.0852350422425,1,1.50990331349e-14,False,not_applicable,False,False,False,False,False,False
24,1e+22,5.43430485127,245.543886537,1,2.1546982241,1e+22,8.00616200285e+21,9.00730011694e+20,1.09310798546e+21,0.800616200285,0.0900730011694,0.109310798546,1,3.5527136788e-15,False,not_applicable,False,False,False,False,False,True
24,1e+24,39.5747020335,3655.82440462,1,1.91598508432,1e+24,8.68068968998e+23,1.34106811013e+22,1.18520349901e+23,0.868068968998,0.0134106811013,0.118520349901,1,1.10800257858e-13,False,not_applicable,False,False,False,False,False,True
25,1e+19,0.313171100889,3.9341333617,0.724456430283,3.18639113663,1e+19,7.39234125557e+18,1.59835775167e+18,1.00930099276e+18,0.739234125557,0.159835775167,0.100930099276,1,0.0774113489012,False,not_applicable,False,False,False,False,False,False
25,1e+20,1.00250826763,9.51962998091,1,2.70362214115,1e+20,5.72610465641e+19,3.49209118784e+19,7.81804155755e+18,0.572610465641,0.349209118784,0.0781804155755,1,8.881784197e-16,False,not_applicable,False,False,False,False,False,True
25,1e+22,5.43277153861,245.606943626,1,2.15470779581,1e+22,8.00595847809e+21,9.00961324366e+20,1.09308019754e+21,0.800595847809,0.0900961324366,0.109308019754,1,4.88498130835e-15,False,not_applicable,False,False,False,False,False,True
25,1e+24,39.5580224433,3657.34519755,1,1.91599537632,1e+24,8.68064060446e+23,1.34162598345e+22,1.1851967972e+23,0.868064060446,0.0134162598345,0.11851967972,1,4.08562073062e-14,False,not_applicable,False,False,False,False,False,True
26,1e+19,0.311408570804,3.96105857003,0.723317534729,3.17656009622,1e+19,7.40104552899e+18,1.58846505479e+18,1.01048941622e+18,0.740104552899,0.158846505479,0.101048941622,1,2.17603712827e-14,False,not_applicable,False,False,False,False,False,False
26,1e+20,0.935849252067,11.1992608378,0.945748486298,2.70102202295,1e+20,6.28849192723e+19,2.85291930831e+19,8.58588764464e+18,0.628849192723,0.285291930831,0.0858588764464,1,6.2172489379e-15,False,not_applicable,False,False,False,False,False,False
26,1e+22,5.42940268159,245.745600818,1,2.15471362994,1e+22,8.00551094441e+21,9.01469961318e+20,1.09301909428e+21,0.800551094441,0.0901469961318,0.109301909428,1,3.10862446895e-15,False,not_applicable,False,False,False,False,False,True
26,1e+24,39.5059622526,3662.10003133,1,1.9160217824,1e+24,8.68048713616e+23,1.34337020179e+22,1.18517584366e+23,0.868048713616,0.0134337020179,0.118517584366,1,4.4408920985e-14,False,not_applicable,False,False,False,False,False,True
27,1e+19,0.312693300108,3.91747383592,0.727465161228,3.17897041302,1e+19,7.34980693104e+18,1.6466994293e+18,1.00349363965e+18,0.734980693104,0.16466994293,0.100349363965,1,2.79776202206e-14,False,not_applicable,False,False,False,False,False,False
27,1e+20,0.943394458344,10.9944796812,0.952193090417,2.70152530855,1e+20,6.2232787222e+19,2.9270362896e+19,8.49684988204e+18,0.62232787222,0.29270362896,0.0849684988204,1,4.88498130835e-15,False,not_applicable,False,False,False,False,False,False
27,1e+22,5.43973542983,245.320815568,1,2.15465583731,1e+22,8.00688199272e+21,8.99911719211e+20,1.09320628807e+21,0.800688199272,0.0899911719211,0.109320628807,1,1.55431223448e-14,False,not_applicable,False,False,False,False,False,True
27,1e+24,39.6477356799,3649.18029084,1,1.91593010786,1e+24,8.68090413719e+23,1.33863084616e+22,1.1852327782e+23,0.868090413719,0.0133863084616,0.11852327782,1,2.46469511467e-14,False,not_applicable,False,False,False,False,False,True
28,1e+19,0.31301739083,3.92889458807,0.725411369876,3.18138595193,1e+19,7.37887399684e+18,1.61366374012e+18,1.00746226304e+18,0.737887399684,0.161366374012,0.100746226304,1,3.10862446895e-15,False,not_applicable,False,False,False,False,False,False
28,1e+20,0.957265430102,10.6444439814,0.963084941891,2.70272006907,1e+20,6.11373494763e+19,3.05153644086e+19,8.34728611516e+18,0.611373494763,0.305153644086,0.0834728611516,1,0.000894111972942,False,not_applicable,False,False,False,False,False,False
28,1e+22,5.43347160957,245.578149371,1,2.1546986489,1e+22,8.00605141521e+21,9.00855698238e+20,1.09309288656e+21,0.800605141521,0.0900855698238,0.109309288656,1,1.82076576039e-14,False,not_applicable,False,False,False,False,False,True
28,1e+24,39.5657102758,3656.64408784,1,1.91598295107,1e+24,8.68066323366e+23,1.34136879499e+22,1.18519988684e+23,0.868066323366,0.0134136879499,0.118519988684,1,1.487698853e-14,False,not_applicable,False,False,False,False,False,True
29,1e+19,0.311978425351,3.95735811336,0.722985770986,3.17715928025,1e+19,7.40766211653e+18,1.5809450825e+18,1.01139280098e+18,0.740766211653,0.15809450825,0.101139280098,1,3.01980662698e-14,False,not_applicable,False,False,False,False,False,False
29,1e+20,0.938608026553,11.1357779159,0.947574264796,2.70130351915,1e+20,6.27127832028e+19,2.87248314639e+19,8.56238533328e+18,0.627127832028,0.287248314639,0.0856238533328,1,1.42552636362e-13,False,not_applicable,False,False,False,False,False,False
29,1e+22,5.43068801191,245.692680048,1,2.15470181297,1e+22,8.00568175291e+21,9.01275831762e+20,1.09304241533e+21,0.800568175291,0.0901275831762,0.109304241533,1,2.6645352591e-15,False,not_applicable,False,False,False,False,False,True
29,1e+24,39.5250709949,3660.35332962,1,1.91599338367,1e+24,8.68054351318e+23,1.34272945822e+22,1.185183541e+23,0.868054351318,0.0134272945822,0.1185183541,1,7.90478793533e-14,False,not_applicable,False,False,False,False,False,True
30,1e+19,0.309628779651,3.98957201353,0.722029132884,3.18164873114,1e+19,7.41171788327e+18,1.5763355684e+18,1.01194654833e+18,0.741171788327,0.15763355684,0.101194654833,1,5.15143483426e-14,False,not_applicable,False,False,False,False,False,False
30,1e+20,0.964694332406,10.4416379831,0.969745565647,2.70321353501,1e+20,6.04379338999e+19,3.1310273525e+19,8.25179257513e+18,0.604379338999,0.31310273525,0.0825179257513,1,0.00043278321001,False,not_applicable,False,False,False,False,False,False
30,1e+22,5.43165593593,245.652842857,1,2.15469936479,1e+22,8.0058103325e+21,9.01129696773e+20,1.09305997073e+21,0.80058103325,0.0901129696773,0.109305997073,1,7.54951656745e-15,False,not_applicable,False,False,False,False,False,True
30,1e+24,39.541601911,3658.84360685,1,1.9159817717,1e+24,8.6805922414e+23,1.34217564577e+22,1.18519019403e+23,0.86805922414,0.0134217564577,0.118519019403,1,1.9162449405e-13,False,not_applicable,False,False,False,False,False,True
31,1e+19,0.310667950604,3.95282548825,0.725542658118,3.17978701574,1e+19,7.36809716116e+18,1.6259119731e+18,1.00599086574e+18,0.736809716116,0.16259119731,0.100599086574,1,8.881784197e-15,False,not_applicable,False,False,False,False,False,False
31,1e+20,0.948808843344,10.8370341328,0.957353100855,2.70214998235,1e+20,6.16936429247e+19,2.98831183613e+19,8.42323871398e+18,0.616936429247,0.298831183613,0.0842323871398,1,1.33226762955e-15,False,not_applicable,False,False,False,False,False,False
31,1e+22,5.43105888354,245.677414427,1,2.15469307784,1e+22,8.00573102464e+21,9.01219832798e+20,1.09304914256e+21,0.800573102464,0.0901219832798,0.109304914256,1,0,False,not_applicable,False,False,False,False,False,True
31,1e+24,39.5310948569,3659.80304273,1,1.91599191293,1e+24,8.68056127439e+23,1.34252759618e+22,1.185185966e+23,0.868056127439,0.0134252759618,0.1185185966,1,1.60094160151e-13,False,not_applicable,False,False,False,False,False,True
32,1e+19,0.321569297404,3.7918641786,0.732482713454,3.18483934047,1e+19,7.31608259858e+18,1.68502825729e+18,9.98889144126e+17,0.731608259858,0.168502825729,0.0998889144126,1,1.45217171621e-13,False,not_applicable,False,False,False,False,False,False
32,1e+20,0.965671522905,10.4646707938,0.968365611437,2.70306256655,1e+20,6.06326074927e+19,3.10890204976e+19,8.27837200968e+18,0.606326074927,0.310890204976,0.0827837200968,1,0.000557778600832,False,not_applicable,False,False,False,False,False,False
32,1e+22,5.43387222833,245.561674765,1,2.15469491557,1e+22,8.00610458909e+21,9.0079526435e+20,1.09310014656e+21,0.800610458909,0.090079526435,0.109310014656,1,3.73923114694e-13,False,not_applicable,False,False,False,False,False,True
32,1e+24,39.5715102412,3656.11532441,1,1.91597266159,1e+24,8.68068030018e+23,1.3411748284e+22,1.18520221698e+23,0.868068030018,0.013411748284,0.118520221698,1,1.95399252334e-14,False,not_applicable,False,False,False,False,False,True
33,1e+19,0.311086465613,3.96184489294,0.723685539912,3.17700047126,1e+19,7.39485795031e+18,1.59549744421e+18,1.00964460548e+18,0.739485795031,0.159549744421,0.100964460548,1,2.62012633812e-14,False,not_applicable,False,False,False,False,False,False
33,1e+20,0.938048872874,11.1375652886,0.947708418595,2.70115879245,1e+20,6.26854833934e+19,2.87558586073e+19,8.55865799931e+18,0.626854833934,0.287558586073,0.0855865799931,1,5.77315972805e-15,False,not_applicable,False,False,False,False,False,False
33,1e+22,5.43503764184,245.513762147,1,2.15470985854,1e+22,8.00625923314e+21,9.00619506226e+20,1.09312126063e+21,0.800625923314,0.0900619506226,0.109312126063,1,4.4408920985e-16,False,not_applicable,False,False,False,False,False,True
33,1e+24,39.5863227158,3654.76561442,1,1.91604589086,1e+24,8.68072386378e+23,1.34067971353e+22,1.18520816487e+23,0.868072386378,0.0134067971353,0.118520816487,1,5.17363929475e-14,False,not_applicable,False,False,False,False,False,True
34,1e+19,0.314707537,3.89893719731,0.727125815156,3.17692321875,1e+19,7.36214953369e+18,1.63267164998e+18,1.00517881633e+18,0.736214953369,0.163267164998,0.100517881633,1,1.29674049276e-13,False,not_applicable,False,False,False,False,False,False
34,1e+20,0.93411281619,11.2622681717,0.943553740001,2.70061236789,1e+20,6.31213742313e+19,2.82604541403e+19,8.61817162838e+18,0.631213742313,0.282604541403,0.0861817162838,1,1.42108547152e-14,False,not_applicable,False,False,False,False,False,False
34,1e+22,5.43479833476,245.523599042,1,2.15470428431,1e+22,8.00622748331e+21,9.00655590963e+20,1.09311692572e+21,0.800622748331,0.0900655590963,0.109311692572,1,1.1990408666e-14,False,not_applicable,False,False,False,False,False,True
34,1e+24,39.5861900974,3654.77769416,1,1.91600965506,1e+24,8.68072347389e+23,1.34068414475e+22,1.18520811164e+23,0.868072347389,0.0134068414475,0.118520811164,1,9.68114477473e-14,False,not_applicable,False,False,False,False,False,True
35,1e+19,0.31227546509,3.927101943,0.726741016013,3.18555080203,1e+19,7.35802551425e+18,1.63735873554e+18,1.00461575021e+18,0.735802551425,0.163735873554,0.100461575021,1,8.43769498715e-15,False,not_applicable,False,False,False,False,False,False
35,1e+20,1.00254777086,9.51938586561,1,2.70357820275,1e+20,5.72618344772e+19,3.49200163888e+19,7.81814913395e+18,0.572618344772,0.349200163888,0.0781814913395,1,1.99840144433e-14,False,not_applicable,False,False,False,False,False,True
35,1e+22,5.43431657259,245.543404625,1,2.15471253426,1e+22,8.00616355828e+21,9.00728243895e+20,1.09310819782e+21,0.800616355828,0.0900728243895,0.109310819782,1,4.13002965161e-14,False,not_applicable,False,False,False,False,False,True
35,1e+24,39.5781295382,3655.51205209,1,1.91604503147,1e+24,8.68069977156e+23,1.34095352968e+22,1.18520487548e+23,0.868069977156,0.0134095352968,0.118520487548,1,2.24265050974e-14,False,not_applicable,False,False,False,False,False,True
36,1e+19,0.312124434029,3.94131027849,0.724997002458,3.18084500542,1e+19,7.38107544004e+18,1.61116172655e+18,1.00776283341e+18,0.738107544004,0.161116172655,0.100776283341,1,1.98951966013e-13,False,not_applicable,False,False,False,False,False,False
36,1e+20,0.954803487975,10.7009041717,0.961386370125,2.70259570229,1e+20,6.1303563766e+19,3.03264563278e+19,8.36997990618e+18,0.61303563766,0.303264563278,0.0836997990618,1,2.22044604925e-15,False,not_applicable,False,False,False,False,False,False
36,1e+22,5.43205769822,245.636311178,1,2.15470103258,1e+22,8.00586369059e+21,9.01069053522e+20,1.09306725589e+21,0.800586369059,0.0901069053522,0.109306725589,1,2.30926389122e-14,False,not_applicable,False,False,False,False,False,True
36,1e+24,39.5464950081,3658.39697269,1,1.91597104033,1e+24,8.68060665708e+23,1.34201180672e+22,1.18519216225e+23,0.868060665708,0.0134201180672,0.118519216225,1,2.70894418009e-14,False,not_applicable,False,False,False,False,False,True
37,1e+19,0.311178351885,3.96924345701,0.722525575095,3.17933683888,1e+19,7.41085582309e+18,1.57731532853e+18,1.01182884838e+18,0.741085582309,0.157731532853,0.101182884838,1,2.0872192863e-14,False,not_applicable,False,False,False,False,False,False
37,1e+20,0.949854263043,10.8351912802,0.957056186298,2.70227754639,1e+20,6.17511157703e+19,2.98177985565e+19,8.43108567318e+18,0.617511157703,0.298177985565,0.0843108567318,1,9.99200722163e-14,False,not_applicable,False,False,False,False,False,False
37,1e+22,5.43417258902,245.549324512,1,2.15469258414,1e+22,8.00614445109e+21,9.00749959849e+20,1.09310558906e+21,0.800614445109,0.0900749959849,0.109310558906,1,1.33226762955e-14,False,not_applicable,False,False,False,False,False,True
37,1e+24,39.5757099079,3655.7325503,1,1.91598420509,1e+24,8.6806926547e+23,1.34103441516e+22,1.18520390379e+23,0.86806926547,0.0134103441516,0.118520390379,1,1.02140518266e-14,False,not_applicable,False,False,False,False,False,True
38,1e+19,0.309100088057,3.99903497548,0.721519002751,3.18146811473,1e+19,7.41661237838e+18,1.57077281156e+18,1.01261481006e+18,0.741661237838,0.157077281156,0.101261481006,1,1.64313007645e-14,False,not_applicable,False,False,False,False,False,False
38,1e+20,0.965249602959,10.4282344548,0.970167223126,2.70319146159,1e+20,6.03950950025e+19,3.13589613598e+19,8.24594363768e+18,0.603950950025,0.313589613598,0.0824594363768,1,0.000407422677712,False,not_applicable,False,False,False,False,False,False
38,1e+22,5.43439964177,245.539989365,1,2.15470340685,1e+22,8.00617458147e+21,9.00715715675e+20,1.09310970286e+21,0.800617458147,0.0900715715675,0.109310970286,1,1.28785870857e-14,False,not_applicable,False,False,False,False,False,True
38,1e+24,39.5779723443,3655.52637618,1,1.91600181639,1e+24,8.68069930923e+23,1.34095878419e+22,1.18520481235e+23,0.868069930923,0.0134095878419,0.118520481235,1,1.69197988953e-13,False,not_applicable,False,False,False,False,False,True
39,1e+19,0.312125858351,3.93751330202,0.725520411483,3.18420519056,1e+19,7.37399831497e+18,1.6192051151e+18,1.00679656994e+18,0.737399831497,0.16192051151,0.100679656994,1,6.2172489379e-15,False,not_applicable,False,False,False,False,False,False
39,1e+20,0.979848397627,10.0696464895,0.981711970978,2.70357427279,1e+20,5.92003618642e+19,3.2716815396e+19,8.08282273986e+18,0.592003618642,0.32716815396,0.0808282273986,1,1.90744432529e-05,False,not_applicable,False,False,False,False,False,False
39,1e+22,5.4352335183,245.505711086,1,2.15469877891,1e+22,8.00628521896e+21,9.00589972473e+20,1.09312480856e+21,0.800628521896,0.0900589972473,0.109312480856,1,2.04281036531e-14,False,not_applicable,False,False,False,False,False,True
39,1e+24,39.5910388372,3654.33609142,1,1.91600721401,1e+24,8.68073772718e+23,1.34052215137e+22,1.18521005768e+23,0.868073772718,0.0134052215137,0.118521005768,1,2.04058991926e-13,False,not_applicable,False,False,False,False,False,True
40,1e+19,0.316397228841,3.84182789229,0.732682452096,3.18556568694,1e+19,7.29326219284e+18,1.71096440909e+18,9.95773398063e+17,0.729326219284,0.171096440909,0.0995773398063,1,7.81597009336e-14,False,not_applicable,False,False,False,False,False,False
40,1e+20,0.973285039639,10.2330577638,0.976379664696,2.70332481483,1e+20,5.97580921874e+19,3.20829362926e+19,8.15897151999e+18,0.597580921874,0.320829362926,0.0815897151999,1,0.000275797296778,False,not_applicable,False,False,False,False,False,False
40,1e+22,5.43076601997,245.689468964,1,2.1546967732,1e+22,8.00569211709e+21,9.01264052525e+20,1.09304383039e+21,0.800569211709,0.0901264052525,0.109304383039,1,9.7699626167e-15,False,not_applicable,False,False,False,False,False,True
40,1e+24,39.5156804058,3661.21150113,1,1.91600278468,1e+24,8.6805158146e+23,1.34304426176e+22,1.18517975922e+23,0.86805158146,0.0134304426176,0.118517975922,1,1.28785870857e-14,False,not_applicable,False,False,False,False,False,True
41,1e+19,0.309427250616,4.00077617184,0.720788310058,3.18410429626,1e+19,7.42769502709e+18,1.55817701188e+18,1.01412796103e+18,0.742769502709,0.155817701188,0.101412796103,1,1.15907283771e-13,False,not_applicable,False,False,False,False,False,False
41,1e+20,1.00252117772,9.51955020001,1,2.70357117508,1e+20,5.72613040671e+19,3.49206192177e+19,7.81807671529e+18,0.572613040671,0.349206192177,0.0781807671529,1,1.24344978758e-14,False,not_applicable,False,False,False,False,False,True
41,1e+22,5.43444056358,245.538306963,1,2.15471631379,1e+22,8.00618001163e+21,9.00709544112e+20,1.09311044425e+21,0.800618001163,0.0900709544112,0.109311044425,1,7.9936057773e-14,False,not_applicable,False,False,False,False,False,True
41,1e+24,39.5807046188,3655.27741708,1,1.91606363187,1e+24,8.6807073447e+23,1.34086745839e+22,1.18520590946e+23,0.86807073447,0.0134086745839,0.118520590946,1,4.13002965161e-14,False,not_applicable,False,False,False,False,False,True
42,1e+19,0.307145402545,4.06529361659,0.715382990288,3.17278080476,1e+19,7.491817466e+18,1.48529972265e+18,1.02288281136e+18,0.7491817466,0.148529972265,0.102288281136,1,1.33226762955e-14,False,not_applicable,False,False,False,False,False,False
42,1e+20,0.927179963756,11.4390159386,0.938258332138,2.70033887978,1e+20,6.36361583003e+19,2.76753848864e+19,8.68845681327e+18,0.636361583003,0.276753848864,0.0868845681327,1,8.43769498715e-15,False,not_applicable,False,False,False,False,False,False
42,1e+22,5.43312834625,245.592267112,1,2.15470830414,1e+22,8.0060058484e+21,9.00907486429e+20,1.09308666517e+21,0.80060058484,0.0900907486429,0.109308666517,1,1.7763568394e-15,False,not_applicable,False,False,False,False,False,True
42,1e+24,39.5629368504,3656.89698581,1,1.91600835775,1e+24,8.68065507106e+23,1.34146156569e+22,1.18519877237e+23,0.868065507106,0.0134146156569,0.118519877237,1,1.90070181816e-13,False,not_applicable,False,False,False,False,False,True
43,1e+19,0.328481263958,3.6698877009,0.740614713634,3.1926481442,1e+19,7.23293610345e+18,1.77952702056e+18,9.87536875991e+17,0.723293610345,0.177952702056,0.0987536875991,1,0.0711750125362,False,not_applicable,False,False,False,False,False,False
43,1e+20,1.00251910216,9.51956302634,1,2.70361946836,1e+20,5.72612626685e+19,3.49206662685e+19,7.818071063e+18,0.572612626685,0.349206662685,0.07818071063,1,4.88498130835e-14,False,not_applicable,False,False,False,False,False,True
43,1e+22,5.43126836075,245.668792875,1,2.15469656935,1e+22,8.00575885179e+21,9.01188206312e+20,1.0930529419e+21,0.800575885179,0.0901188206312,0.10930529419,1,1.33226762955e-15,False,not_applicable,False,False,False,False,False,True
43,1e+24,39.5316171199,3659.75534119,1,1.91600196307,1e+24,8.68056281401e+23,1.34251009779e+22,1.18518617621e+23,0.868056281401,0.0134251009779,0.118518617621,1,5.50670620214e-14,False,not_applicable,False,False,False,False,False,True
44,1e+19,0.308205087657,3.99391533843,0.723551232079,3.18102139372,1e+19,7.38567016186e+18,1.60593967204e+18,1.0083901661e+18,0.738567016186,0.160593967204,0.10083901661,1,6.66133814775e-15,False,not_applicable,False,False,False,False,False,False
44,1e+20,0.959527346388,10.5548380008,0.966369000752,2.70286490896,1e+20,6.07659341907e+19,3.09374902611e+19,8.29657554817e+18,0.607659341907,0.309374902611,0.0829657554817,1,0.000737572894589,False,not_applicable,False,False,False,False,False,False
44,1e+22,5.43316893915,245.590597522,1,2.15470769337,1e+22,8.00601123722e+21,9.00901361861e+20,1.09308740092e+21,0.800601123722,0.0900901361861,0.109308740092,1,1.7763568394e-15,False,not_applicable,False,False,False,False,False,True
44,1e+24,39.5601111741,3657.1546843,1,1.91600282926,1e+24,8.68064675352e+23,1.34155609737e+22,1.18519763675e+23,0.868064675352,0.0134155609737,0.118519763675,1,9.32587340685e-15,False,not_applicable,False,False,False,False,False,True
45,1e+19,0.317404664151,3.84486719601,0.73083837929,3.18022252067,1e+19,7.32227268634e+18,1.67799301622e+18,9.99734297441e+17,0.732227268634,0.167799301622,0.0999734297441,1,2.48689957516e-14,False,not_applicable,False,False,False,False,False,False
45,1e+20,0.9444972852,10.9896455574,0.951999275744,2.70155794852,1e+20,6.22781423655e+19,2.92188152636e+19,8.50304237096e+18,0.622781423655,0.292188152636,0.0850304237096,1,7.9936057773e-15,False,not_applicable,False,False,False,False,False,False
45,1e+22,5.43379134559,245.56500072,1,2.15470700372,1e+22,8.00609385415e+21,9.00807464969e+20,1.09309868089e+21,0.800609385415,0.0900807464969,0.109309868089,1,1.42108547152e-14,False,not_applicable,False,False,False,False,False,True
45,1e+24,39.5730693352,3655.9732131,1,1.91601770873,1e+24,8.680684887e+23,1.34112269763e+22,1.18520284324e+23,0.8680684887,0.0134112269763,0.118520284324,1,1.13020703907e-13,False,not_applicable,False,False,False,False,False,True
46,1e+19,0.311750993397,3.94697952212,0.724760683448,3.1766395793,1e+19,7.38284872163e+18,1.60914633292e+18,1.00800494546e+18,0.738284872163,0.160914633292,0.100800494546,1,2.75335310107e-14,False,not_applicable,False,False,False,False,False,False
46,1e+20,0.935121087574,11.2147289678,0.945327471628,2.70087371004,1e+20,6.29227772953e+19,2.8486166178e+19,8.59105652671e+18,0.629227772953,0.28486166178,0.0859105652671,1,2.61124455392e-13,False,not_applicable,False,False,False,False,False,False
46,1e+22,5.43332866777,245.584028087,1,2.1546987988,1e+22,8.0060324409e+21,9.00877263165e+20,1.09309029593e+21,0.80060324409,0.0900877263165,0.109309029593,1,9.32587340685e-15,False,not_applicable,False,False,False,False,False,True
46,1e+24,39.5648293315,3656.72441395,1,1.91598558977,1e+24,8.68066064104e+23,1.34139826106e+22,1.18519953286e+23,0.868066064104,0.0134139826106,0.118519953286,1,6.83897383169e-14,False,not_applicable,False,False,False,False,False,True
47,1e+19,0.307854632573,3.96428666207,0.728068635663,3.18200680832,1e+19,7.3225440826e+18,1.67768456532e+18,9.99771352078e+17,0.73225440826,0.167768456532,0.0999771352078,1,9.7699626167e-15,False,not_applicable,False,False,False,False,False,False
47,1e+20,0.959377125093,10.5288456865,0.967598540197,2.70277620474,1e+20,6.06068022316e+19,3.11183490371e+19,8.27484873135e+18,0.606068022316,0.311183490371,0.0827484873135,1,3.2684965845e-13,False,not_applicable,False,False,False,False,False,False
47,1e+22,5.43227635823,245.627314711,1,2.15471500473,1e+22,8.00589272783e+21,9.01036051731e+20,1.09307122044e+21,0.800589272783,0.0901036051731,0.109307122044,1,1.06581410364e-14,False,not_applicable,False,False,False,False,False,True
47,1e+24,39.5775638328,3655.56360181,1,1.91596088455,1e+24,8.68069810772e+23,1.34097243969e+22,1.18520464831e+23,0.868069810772,0.0134097243969,0.118520464831,1,2.86215495748e-13,False,not_applicable,False,False,False,False,False,True
48,1e+19,0.3130142552,3.9107486275,0.727931042548,3.1811986616,1e+19,7.34472041346e+18,1.65248042608e+18,1.00279916045e+18,0.734472041346,0.165248042608,0.100279916045,1,1.10578213253e-13,False,not_applicable,False,False,False,False,False,False
48,1e+20,0.953312133573,10.7319014764,0.96050792964,2.70238737331,1e+20,6.13851113627e+19,3.02337747659e+19,8.38111387139e+18,0.613851113627,0.302337747659,0.0838111387139,1,1.85629289717e-13,False,not_applicable,False,False,False,False,False,False
48,1e+22,5.43152417662,245.658264962,1,2.15470109289,1e+22,8.00579283197e+21,9.0114958671e+20,1.09305758132e+21,0.800579283197,0.090114958671,0.109305758132,1,7.54951656745e-15,False,not_applicable,False,False,False,False,False,True
48,1e+24,39.5333564287,3659.5964882,1,1.9160057782,1e+24,8.6805679412e+23,1.34245182566e+22,1.18518687624e+23,0.86805679412,0.0134245182566,0.118518687624,1,4.08562073062e-14,False,not_applicable,False,False,False,False,False,True
49,1e+19,0.311138998981,3.96055954969,0.723785444644,3.18151675853,1e+19,7.39370720216e+18,1.59680530783e+18,1.00948749e+18,0.739370720216,0.159680530783,0.100948749,1,9.7699626167e-15,False,not_applicable,False,False,False,False,False,False
49,1e+20,0.961186039534,10.5366295649,0.966624670882,2.70296276427,1e+20,6.07659674494e+19,3.09374524615e+19,8.2965800891e+18,0.607659674494,0.309374524615,0.082965800891,1,0.000639399193468,False,not_applicable,False,False,False,False,False,False
49,1e+22,5.43408459105,245.55294269,1,2.15471207403,1e+22,8.00613277297e+21,9.00763232432e+20,1.0931039946e+21,0.800613277297,0.0900763232432,0.10931039946,1,5.3290705182e-15,False,not_applicable,False,False,False,False,False,True
49,1e+24,39.5731524814,3655.96563465,1,1.9160095038,1e+24,8.6806851316e+23,1.34111991762e+22,1.18520287663e+23,0.86806851316,0.0134111991762,0.118520287663,1,5.90638649101e-14,False,not_applicable,False,False,False,False,False,True
50,1e+19,0.31254614474,3.929991235,0.72594766844,3.18335598827,1e+19,7.36982165616e+18,1.62395202705e+18,1.00622631679e+18,0.736982165616,0.162395202705,0.100622631679,1,1.95399252334e-14,False,not_applicable,False,False,False,False,False,False
50,1e+20,0.969962338508,10.3159072496,0.973700830328,2.70333114761,1e+20,6.00362491179e+19,3.17668016692e+19,8.1969492129e+18,0.600362491179,0.317668016692,0.081969492129,1,0.000288919686313,False,not_applicable,False,False,False,False,False,False
50,1e+22,5.43358967354,245.573294008,1,2.15469411234,1e+22,8.0060670865e+21,9.00837887284e+20,1.09309502621e+21,0.80060670865,0.0900837887284,0.109309502621,1,5.3290705182e-15,False,not_applicable,False,False,False,False,False,True
50,1e+24,39.5670766276,3656.51950835,1,1.91596967504,1e+24,8.68066725463e+23,1.34132309542e+22,1.18520043583e+23,0.868066725463,0.0134132309542,0.118520043583,1,1.82742709853e-13,False,not_applicable,False,False,False,False,False,True
51,1e+19,0.30958606151,3.98454324408,0.722783944634,3.18483677903,1e+19,7.4013542991e+18,1.58811412726e+18,1.01053157364e+18,0.74013542991,0.158811412726,0.101053157364,1,1.74971148681e-13,False,not_applicable,False,False,False,False,False,False
51,1e+20,1.00258188758,9.51917504703,1,2.70360221214,1e+20,5.72625149209e+19,3.49192430419e+19,7.8182420372e+18,0.572625149209,0.349192430419,0.078182420372,1,7.1054273576e-15,False,not_applicable,False,False,False,False,False,True
51,1e+22,5.43483488353,245.522096627,1,2.15469949668,1e+22,8.00623233255e+21,9.00650079646e+20,1.0931175878e+21,0.800623233255,0.0900650079646,0.10931175878,1,8.39328606617e-14,False,not_applicable,False,False,False,False,False,True
51,1e+24,39.5858367805,3654.80987694,1,1.91600013922,1e+24,8.68072243515e+23,1.34069595038e+22,1.18520796981e+23,0.868072243515,0.0134069595038,0.118520796981,1,5.50670620214e-14,False,not_applicable,False,False,False,False,False,True
52,1e+19,0.32033062075,3.81444355597,0.731002722322,3.18278890975,1e+19,7.3312984326e+18,1.66773495474e+18,1.00096661266e+18,0.73312984326,0.166773495474,0.100096661266,1,7.9936057773e-15,False,not_applicable,False,False,False,False,False,False
52,1e+20,0.956240006369,10.7095872909,0.960479077072,2.70249955195,1e+20,6.14456149154e+19,3.01650104615e+19,8.38937462312e+18,0.614456149154,0.301650104615,0.0838937462312,1,3.24185123191e-14,False,not_applicable,False,False,False,False,False,False
52,1e+22,5.43356904893,245.574142178,1,2.15470458567,1e+22,8.00606434893e+21,9.00840998631e+20,1.09309465244e+21,0.800606434893,0.0900840998631,0.109309465244,1,8.43769498715e-15,False,not_applicable,False,False,False,False,False,True
52,1e+24,39.5663622176,3656.58464486,1,1.91599994911,1e+24,8.68066515226e+23,1.34134698948e+22,1.18520014879e+23,0.868066515226,0.0134134698948,0.118520014879,1,1.70974345792e-14,False,not_applicable,False,False,False,False,False,True
53,1e+19,0.308839993561,4.00064851549,0.721686973776,3.17845511361,1e+19,7.41336157059e+18,1.57446746298e+18,1.01217096644e+18,0.741336157059,0.157446746298,0.101217096644,1,2.44249065418e-14,False,not_applicable,False,False,False,False,False,False
53,1e+20,0.94663831349,10.8982788947,0.955364056676,2.7020905668,1e+20,6.19003701171e+19,2.96481660163e+19,8.45146386665e+18,0.619003701171,0.296481660163,0.0845146386665,1,3.10862446895e-14,False,not_applicable,False,False,False,False,False,False
53,1e+22,5.43288291314,245.602362286,1,2.15470330004,1e+22,8.00597326495e+21,9.00944518612e+20,1.09308221644e+21,0.800597326495,0.0900944518612,0.109308221644,1,7.1054273576e-15,False,not_applicable,False,False,False,False,False,True
53,1e+24,39.5594527938,3657.21473306,1,1.91598572213,1e+24,8.68064481537e+23,1.34157812509e+22,1.18519737212e+23,0.868064481537,0.0134157812509,0.118519737212,1,7.92699239582e-14,False,not_applicable,False,False,False,False,False,True
54,1e+19,0.310605301155,3.96734546457,0.723638185104,3.18101284886,1e+19,7.39367119685e+18,1.59684622907e+18,1.00948257408e+18,0.739367119685,0.159684622907,0.100948257408,1,2.44693154627e-13,False,not_applicable,False,False,False,False,False,False
54,1e+20,0.957987164913,10.6132186316,0.964252095602,2.70281526873,1e+20,6.1003963365e+19,3.06669621703e+19,8.32907446476e+18,0.61003963365,0.306669621703,0.0832907446476,1,0.000811624758323,False,not_applicable,False,False,False,False,False,False
54,1e+22,5.43382354992,245.563676444,1,2.15470377784,1e+22,8.00609812841e+21,9.00802607122e+20,1.09309926447e+21,0.800609812841,0.0900802607122,0.109309926447,1,6.2172489379e-15,False,not_applicable,False,False,False,False,False,True
54,1e+24,39.5728308815,3655.99494743,1,1.91598964402,1e+24,8.6806841855e+23,1.34113067045e+22,1.18520274746e+23,0.86806841855,0.0134113067045,0.118520274746,1,7.1054273576e-15,False,not_applicable,False,False,False,False,False,True
55,1e+19,0.320065724079,3.80830746988,0.732249384406,3.18430467065,1e+19,7.31345212719e+18,1.68801787571e+18,9.98529997099e+17,0.731345212719,0.168801787571,0.0998529997099,1,1.7763568394e-15,False,not_applicable,False,False,False,False,False,False
55,1e+20,0.963459355453,10.509894951,0.967060170909,2.70291547038,1e+20,6.0755139692e+19,3.09497585687e+19,8.29510173929e+18,0.60755139692,0.309497585687,0.0829510173929,1,0.000673954664657,False,not_applicable,False,False,False,False,False,False
55,1e+22,5.43329913207,245.585242826,1,2.15471396746,1e+22,8.00602852018e+21,9.00881719201e+20,1.09308976062e+21,0.800602852018,0.0900881719201,0.109308976062,1,1.73194791842e-14,False,not_applicable,False,False,False,False,False,True
55,1e+24,39.5642329477,3656.77879534,1,1.91603709407,1e+24,8.68065888581e+23,1.34141820981e+22,1.18519929321e+23,0.868065888581,0.0134141820981,0.118519929321,1,1.79856129989e-14,False,not_applicable,False,False,False,False,False,True
56,1e+19,0.317946914594,3.85682119178,0.728377869577,3.17525246714,1e+19,7.3575863884e+18,1.6378578167e+18,1.0045557949e+18,0.73575863884,0.16378578167,0.10045557949,1,5.41788836017e-14,False,not_applicable,False,False,False,False,False,False
56,1e+20,0.926860829887,11.4935982636,0.935887643863,2.6995295311,1e+20,6.39177961502e+19,2.73552940821e+19,8.7269097677e+18,0.639177961502,0.273552940821,0.087269097677,1,6.70574706874e-14,False,not_applicable,False,False,False,False,False,False
56,1e+22,5.43418340963,245.548879613,1,2.15471580125,1e+22,8.00614588706e+21,9.00748327822e+20,1.09310578511e+21,0.800614588706,0.0900748327822,0.109310578511,1,4.4408920985e-16,False,not_applicable,False,False,False,False,False,True
56,1e+24,39.5777674387,3655.54504812,1,1.9160585548,1e+24,8.68069870657e+23,1.34096563363e+22,1.18520473007e+23,0.868069870657,0.0134096563363,0.118520473007,1,1.1945999745e-13,False,not_applicable,False,False,False,False,False,True
57,1e+19,0.320223524499,3.80394247211,0.732647859419,3.18526635083,1e+19,7.30867119246e+18,1.6934515674e+18,9.97877240143e+17,0.730867119246,0.16934515674,0.0997877240143,1,3.70370401015e-13,False,not_applicable,False,False,False,False,False,False
57,1e+20,0.969046462163,10.3650874395,0.971766819245,2.70321101423,1e+20,6.02655078798e+19,3.15062414444e+19,8.22825067585e+18,0.602655078798,0.315062414444,0.0822825067585,1,0.000406576589232,False,not_applicable,False,False,False,False,False,False
57,1e+22,5.43241721539,245.621519684,1,2.15470551874,1e+22,8.00591143201e+21,9.01014793801e+20,1.09307377418e+21,0.800591143201,0.0901014793801,0.109307377418,1,2.26485497024e-14,False,not_applicable,False,False,False,False,False,True
57,1e+24,39.5498852427,3658.08758138,1,1.91598619689,1e+24,8.68061664308e+23,1.34189831253e+22,1.18519352567e+23,0.868061664308,0.0134189831253,0.118519352567,1,3.17523785043e-14,False,not_applicable,False,False,False,False,False,True
58,1e+19,0.310015745743,3.98585420543,0.721963243951,3.1809550671,1e+19,7.41406538353e+18,1.57366755611e+18,1.01226706036e+18,0.741406538353,0.157366755611,0.101226706036,1,1.99840144433e-13,False,not_applicable,False,False,False,False,False,False
58,1e+20,0.96059488844,10.550993369,0.966175411756,2.70295733166,1e+20,6.08113817891e+19,3.08858375506e+19,8.30278066027e+18,0.608113817891,0.308858375506,0.0830278066027,1,0.000632462254972,False,not_applicable,False,False,False,False,False,False
58,1e+22,5.43256330497,245.615509679,1,2.15470180829,1e+22,8.00593083007e+21,9.00992747266e+20,1.09307642267e+21,0.800593083007,0.0900992747266,0.109307642267,1,3.99680288865e-15,False,not_applicable,False,False,False,False,False,True
58,1e+24,39.5459044036,3658.45087635,1,1.91602375461,1e+24,8.68060491727e+23,1.34203158022e+22,1.1851919247e+23,0.868060491727,0.0134203158022,0.11851919247,1,5.90638649101e-14,False,not_applicable,False,False,False,False,False,True
59,1e+19,0.307558030273,4.02665932008,0.720054206186,3.1772842931,1e+19,7.43058845439e+18,1.55488853531e+18,1.01452301031e+18,0.743058845439,0.155488853531,0.101452301031,1,7.54951656745e-15,False,not_applicable,False,False,False,False,False,False
59,1e+20,0.942986185809,10.990812961,0.952513016251,2.7018239824,1e+20,6.21851087581e+19,2.93245510595e+19,8.49034018244e+18,0.621851087581,0.293245510595,0.0849034018244,1,1.15463194561e-14,False,not_applicable,False,False,False,False,False,False
59,1e+22,5.43414960564,245.550269501,1,2.15470756699,1e+22,8.00614140102e+21,9.00753426356e+20,1.09310517262e+21,0.800614140102,0.0900753426356,0.109310517262,1,3.5527136788e-15,False,not_applicable,False,False,False,False,False,True
59,1e+24,39.5754636679,3655.75499137,1,1.9159913016,1e+24,8.68069193038e+23,1.34104264723e+22,1.18520380489e+23,0.868069193038,0.0134104264723,0.118520380489,1,2.35145236616e-13,False,not_applicable,False,False,False,False,False,True
60,1e+19,0.311585901695,3.95435974465,0.723982754384,3.18060180901,1e+19,7.39273647998e+18,1.59790856595e+18,1.00935495407e+18,0.739273647998,0.159790856595,0.100935495407,1,1.11022302463e-14,False,not_applicable,False,False,False,False,False,False
60,1e+20,0.955025192838,10.6961362335,0.961524532209,2.70260024156,1e+20,6.12904774141e+19,3.0341329403e+19,8.36819318294e+18,0.612904774141,0.30341329403,0.0836819318294,1,0.00100133334303,False,not_applicable,False,False,False,False,False,False
60,1e+22,5.43255560295,245.615826526,1,2.15470459844,1e+22,8.0059298074e+21,9.00993909558e+20,1.09307628304e+21,0.80059298074,0.0900993909558,0.109307628304,1,3.10862446895e-15,False,not_applicable,False,False,False,False,False,True
60,1e+24,39.5503924319,3658.04130002,1,1.91601726205,1e+24,8.68061813687e+23,1.34188133511e+22,1.18519372962e+23,0.868061813687,0.0134188133511,0.118519372962,1,7.54951656745e-15,False,not_applicable,False,False,False,False,False,True
61,1e+19,0.311312973453,3.9724571263,0.721878902264,3.17996309994,1e+19,7.42006463942e+18,1.56684920181e+18,1.01308615877e+18,0.742006463942,0.156684920181,0.101308615877,1,4.39648317752e-14,False,not_applicable,False,False,False,False,False,False
61,1e+20,0.954058060341,10.7299265854,0.960331303344,2.70259104721,1e+20,6.14218376739e+19,3.01920340891e+19,8.38612823707e+18,0.614218376739,0.301920340891,0.0838612823707,1,0.00100656992391,False,not_applicable,False,False,False,False,False,False
61,1e+22,5.43284848721,245.603778363,1,2.15471562041,1e+22,8.00596869438e+21,9.00949713213e+20,1.09308159241e+21,0.800596869438,0.0900949713213,0.109308159241,1,3.5527136788e-15,False,not_applicable,False,False,False,False,False,True
61,1e+24,39.5573503746,3657.40650119,1,1.91602756653,1e+24,8.68063862581e+23,1.3416484715e+22,1.18519652704e+23,0.868063862581,0.013416484715,0.118519652704,1,2.0650148258e-14,False,not_applicable,False,False,False,False,False,True
62,1e+19,0.308543696477,3.97245938593,0.725967083923,3.17910019107,1e+19,7.35406381825e+18,1.6418613351e+18,1.00407484665e+18,0.735406381825,0.16418613351,0.100407484665,1,4.4408920985e-14,False,not_applicable,False,False,False,False,False,False
62,1e+20,0.945989050064,10.8831404154,0.956289790929,2.70188782492,1e+20,6.17719899799e+19,2.97940743215e+19,8.43393569858e+18,0.617719899799,0.297940743215,0.0843393569858,1,9.54791801178e-14,False,not_applicable,False,False,False,False,False,False
62,1e+22,5.43536448786,245.500328172,1,2.15471019605,1e+22,8.006302593e+21,9.00570226299e+20,1.0931271807e+21,0.8006302593,0.0900570226299,0.10931271807,1,2.0872192863e-14,False,not_applicable,False,False,False,False,False,True
62,1e+24,39.6213818087,3651.57500341,1,1.91597641801,1e+24,8.6808268448e+23,1.33950929991e+22,1.18522222521e+23,0.86808268448,0.0133950929991,0.118522222521,1,1.97619698383e-14,False,not_applicable,False,False,False,False,False,True
63,1e+19,0.30853879758,4.0045614034,0.721601711767,3.18145498505,1e+19,7.41337536145e+18,1.5744517892e+18,1.01217284935e+18,0.741337536145,0.15744517892,0.101217284935,1,1.95399252334e-14,False,not_applicable,False,False,False,False,False,False
63,1e+20,0.965456681476,10.4174105854,0.970589216837,2.70316939839,1e+20,6.03453519201e+19,3.1415496031e+19,8.23915204883e+18,0.603453519201,0.31415496031,0.0823915204883,1,0.000403084712794,False,not_applicable,False,False,False,False,False,False
63,1e+22,5.43372846503,245.567586475,1,2.15470980762,1e+22,8.00608550829e+21,9.00816950308e+20,1.0930975414e+21,0.800608550829,0.0900816950308,0.10930975414,1,1.64313007645e-14,False,not_applicable,False,False,False,False,False,True
63,1e+24,39.5693193584,3656.31504189,1,1.91604442358,1e+24,8.68067385404e+23,1.34124809088e+22,1.18520133687e+23,0.868067385404,0.0134124809088,0.118520133687,1,2.10498285469e-13,False,not_applicable,False,False,False,False,False,True
64,1e+19,0.309029700205,3.98119041035,0.724066793768,3.178387893,1e+19,7.38183647383e+18,1.61029678628e+18,1.00786673989e+18,0.738183647383,0.161029678628,0.100786673989,1,1.28785870857e-14,False,not_applicable,False,False,False,False,False,False
64,1e+20,0.944051138377,10.9527679118,0.953844827449,2.70179615351,1e+20,6.20398380932e+19,2.94896560125e+19,8.47050589432e+18,0.620398380932,0.294896560125,0.0847050589432,1,1.68309810533e-13,False,not_applicable,False,False,False,False,False,False
64,1e+22,5.43132914018,245.666291461,1,2.15469864974,1e+22,8.00576692542e+21,9.0117903036e+20,1.09305404422e+21,0.800576692542,0.090117903036,0.109305404422,1,4.88498130835e-15,False,not_applicable,False,False,False,False,False,True
64,1e+24,39.5318126445,3659.73748302,1,1.91599314757,1e+24,8.68056339041e+23,1.34250354687e+22,1.1851862549e+23,0.868056339041,0.0134250354687,0.11851862549,1,2.88657986403e-15,False,not_applicable,False,False,False,False,False,True
65,1e+19,0.321550210545,3.79277986458,0.732378500146,3.18509039012,1e+19,7.31741498405e+18,1.6835139568e+18,9.99071059155e+17,0.731741498405,0.16835139568,0.0999071059155,1,1.07025499574e-13,False,not_applicable,False,False,False,False,False,False
65,1e+20,0.967600135095,10.4139184329,0.970026528652,2.70315020312,1e+20,6.04590532952e+19,3.12862706283e+19,8.25467607657e+18,0.604590532952,0.312862706283,0.0825467607657,1,0.000457904977167,False,not_applicable,False,False,False,False,False,False
65,1e+22,5.4334445379,245.579262715,1,2.15470844535,1e+22,8.00604782174e+21,9.00859782328e+20,1.09309239593e+21,0.800604782174,0.0900859782328,0.109309239593,1,9.32587340685e-15,False,not_applicable,False,False,False,False,False,True
65,1e+24,39.5660745666,3656.61087216,1,1.91600821261,1e+24,8.68066430574e+23,1.34135661046e+22,1.18520003321e+23,0.868066430574,0.0134135661046,0.118520003321,1,2.73114864058e-14,False,not_applicable,False,False,False,False,False,True
66,1e+19,0.309816690654,3.98250280604,0.722721399292,3.17811344969,1e+19,7.40307503934e+18,1.58615844862e+18,1.01076651204e+18,0.740307503934,0.158615844862,0.101076651204,1,6.66133814775e-15,False,not_applicable,False,False,False,False,False,False
66,1e+20,0.943798092847,10.9774923456,0.952815086116,2.70181955694,1e+20,6.21632180403e+19,2.93494305899e+19,8.48735136977e+18,0.621632180403,0.293494305899,0.0848735136977,1,1.42108547152e-13,False,not_applicable,False,False,False,False,False,False
66,1e+22,5.4340419455,245.554696169,1,2.1547112463,1e+22,8.00612711339e+21,9.00769664729e+20,1.09310322188e+21,0.800612711339,0.0900769664729,0.109310322188,1,7.1054273576e-15,False,not_applicable,False,False,False,False,False,True
66,1e+24,39.5748683827,3655.80924379,1,1.9159802431,1e+24,8.68069017932e+23,1.34106254868e+22,1.18520356582e+23,0.868069017932,0.0134106254868,0.118520356582,1,2.00062189037e-13,False,not_applicable,False,False,False,False,False,True
67,1e+19,0.33837742546,3.53554366926,0.747531724638,3.19540121695,1e+19,7.17808898643e+18,1.84186259729e+18,9.80048416281e+17,0.717808898643,0.184186259729,0.0980048416281,1,0.0684197058761,False,not_applicable,False,False,False,False,False,False
67,1e+20,1.00258874767,9.51913265737,1,2.70363025661,1e+20,5.72626517389e+19,3.49190875437e+19,7.81826071742e+18,0.572626517389,0.349190875437,0.0781826071742,1,7.9936057773e-15,False,not_applicable,False,False,False,False,False,True
67,1e+22,5.43481635377,245.52285833,1,2.15471734854,1e+22,8.00622987406e+21,9.00652873805e+20,1.09311725214e+21,0.800622987406,0.0900652873805,0.109311725214,1,2.6645352591e-15,False,not_applicable,False,False,False,False,False,True
67,1e+24,39.5863477213,3654.76333676,1,1.91600048706,1e+24,8.68072393729e+23,1.34067887802e+22,1.18520817491e+23,0.868072393729,0.0134067887802,0.118520817491,1,7.86037901435e-14,False,not_applicable,False,False,False,False,False,True
68,1e+19,0.320698538662,3.81129707169,0.730931204214,3.18289607726,1e+19,7.33366440779e+18,1.66504594507e+18,1.00128964714e+18,0.733366440779,0.166504594507,0.100128964714,1,1.73194791842e-14,False,not_applicable,False,False,False,False,False,False
68,1e+20,0.956670403194,10.7025763174,0.960645614451,2.70254659242,1e+20,6.14330280049e+19,3.01793159048e+19,8.38765609027e+18,0.614330280049,0.301793159048,0.0838765609027,1,4.77839989799e-13,False,not_applicable,False,False,False,False,False,False
68,1e+22,5.43377916444,245.565501625,1,2.15469882694,1e+22,8.00609223741e+21,9.00809302443e+20,1.09309846015e+21,0.800609223741,0.0900809302443,0.109309846015,1,8.43769498715e-15,False,not_applicable,False,False,False,False,False,True
68,1e+24,39.569586798,3656.29066134,1,1.9159736275,1e+24,8.68067464095e+23,1.34123914735e+22,1.18520144431e+23,0.868067464095,0.0134123914735,0.118520144431,1,6.66133814775e-16,False,not_applicable,False,False,False,False,False,True
69,1e+19,0.313495687748,3.93259620979,0.724192953085,3.1768756897,1e+19,7.39711172054e+18,1.59293595922e+18,1.00995232024e+18,0.739711172054,0.159293595922,0.100995232024,1,1.86517468137e-14,False,not_applicable,False,False,False,False,False,False
69,1e+20,0.936267081854,11.2095313605,0.945116271046,2.70098506126,1e+20,6.29706912952e+19,2.84317103199e+19,8.59759838484e+18,0.629706912952,0.284317103199,0.0859759838484,1,2.17603712827e-14,False,not_applicable,False,False,False,False,False,False
69,1e+22,5.43292503477,245.600629677,1,2.15470730163,1e+22,8.00597885716e+21,9.00938162873e+20,1.09308297996e+21,0.800597885716,0.0900938162873,0.109308297996,1,5.77315972805e-15,False,not_applicable,False,False,False,False,False,True
69,1e+24,39.5603361287,3657.13416736,1,1.91599364344,1e+24,8.68064741573e+23,1.34154857113e+22,1.18519772716e+23,0.868064741573,0.0134154857113,0.118519772716,1,1.11022302463e-13,False,not_applicable,False,False,False,False,False,True
70,1e+19,0.312709036129,3.91283900307,0.728082158473,3.18042331317,1e+19,7.34148067906e+18,1.65616249222e+18,1.00235682871e+18,0.734148067906,0.165616249222,0.100235682871,1,3.10862446895e-15,False,not_applicable,False,False,False,False,False,False
70,1e+20,0.949392805609,10.8305321593,0.957436188674,2.70206482353,1e+20,6.16945758776e+19,2.98820580293e+19,8.42336609315e+18,0.616945758776,0.298820580293,0.0842336609315,1,5.01820807131e-14,False,not_applicable,False,False,False,False,False,False
70,1e+22,5.43550240653,245.4946599,1,2.15470365975,1e+22,8.00632088807e+21,9.00549433348e+20,1.09312967858e+21,0.800632088807,0.0900549433348,0.109312967858,1,6.66133814775e-15,False,not_applicable,False,False,False,False,False,True
70,1e+24,39.5938049144,3654.08421659,1,1.91601598142,1e+24,8.68074585676e+23,1.34042975599e+22,1.18521116764e+23,0.868074585676,0.0134042975599,0.118521116764,1,5.83977310953e-14,False,not_applicable,False,False,False,False,False,True
71,1e+19,0.313207021665,3.92731828673,0.725353089675,3.18278882791,1e+19,7.3803819823e+18,1.61194986438e+18,1.00766815332e+18,0.73803819823,0.161194986438,0.100766815332,1,4.17443857259e-14,False,not_applicable,False,False,False,False,False,False
71,1e+20,0.966099402968,10.419325361,0.970285986536,2.7032129893,1e+20,6.03966240636e+19,3.13572235309e+19,8.24615240549e+18,0.603966240636,0.313572235309,0.0824615240549,1,0.000422106241157,False,not_applicable,False,False,False,False,False,False
71,1e+22,5.43117130932,245.672787191,1,2.15469915433,1e+22,8.00574595963e+21,9.01202858684e+20,1.09305118169e+21,0.800574595963,0.0901202858684,0.109305118169,1,1.73194791842e-14,False,not_applicable,False,False,False,False,False,True
71,1e+24,39.5313281396,3659.78173541,1,1.91598115255,1e+24,8.68056196211e+23,1.34251978e+22,1.18518605989e+23,0.868056196211,0.0134251978,0.118518605989,1,9.63673585375e-14,False,not_applicable,False,False,False,False,False,True
72,1e+19,0.311027353047,3.95923591264,0.724132961967,3.18200578081,1e+19,7.38858399598e+18,1.60262800244e+18,1.00878800158e+18,0.738858399598,0.160262800244,0.100878800158,1,3.75699471533e-13,False,not_applicable,False,False,False,False,False,False
72,1e+20,0.963735792927,10.4697451226,0.968793046977,2.70309992556,1e+20,6.05404087048e+19,3.11938074934e+19,8.26578380182e+18,0.605404087048,0.311938074934,0.0826578380182,1,0.00052213633365,False,not_applicable,False,False,False,False,False,False
72,1e+22,5.43482977434,245.52230665,1,2.15470415726,1e+22,8.00623165467e+21,9.00650850074e+20,1.09311749525e+21,0.800623165467,0.0900650850074,0.109311749525,1,1.42108547152e-14,False,not_applicable,False,False,False,False,False,True
72,1e+24,39.5851178038,3654.87536855,1,1.91598314647,1e+24,8.68072032133e+23,1.3407199747e+22,1.1852076812e+23,0.868072032133,0.013407199747,0.11852076812,1,6.68354260824e-14,False,not_applicable,False,False,False,False,False,True
73,1e+19,0.313090387338,3.9473019553,0.722736272468,3.17875474237,1e+19,7.41517378876e+18,1.57240781662e+18,1.01241839463e+18,0.741517378876,0.157240781662,0.101241839463,1,6.2172489379e-15,False,not_applicable,False,False,False,False,False,False
73,1e+20,0.946186755018,10.9502481932,0.953164314956,2.70196768055,1e+20,6.21658788275e+19,2.93464065166e+19,8.48771465591e+18,0.621658788275,0.293464065166,0.0848771465591,1,1.40332190313e-13,False,not_applicable,False,False,False,False,False,False
73,1e+22,5.43361455316,245.572270862,1,2.15470573972,1e+22,8.00607038884e+21,9.00834134072e+20,1.09309547709e+21,0.800607038884,0.0900834134072,0.109309547709,1,2.22044604925e-15,False,not_applicable,False,False,False,False,False,True
73,1e+24,39.568990577,3656.34501497,1,1.91600942211,1e+24,8.68067288662e+23,1.34125908592e+22,1.18520120479e+23,0.868067288662,0.0134125908592,0.118520120479,1,5.3290705182e-15,False,not_applicable,False,False,False,False,False,True
74,1e+19,0.329116589288,3.6555733903,0.741851479197,3.18931122352,1e+19,7.21865907665e+18,1.79575333742e+18,9.85587585932e+17,0.721865907665,0.179575333742,0.0985587585932,1,4.67181848762e-13,False,not_applicable,False,False,False,False,False,False
74,1e+20,0.9790166666,10.1279547669,0.97932047432,2.70346382961,1e+20,5.94926190922e+19,3.23846553144e+19,8.12272559339e+18,0.594926190922,0.323846553144,0.0812272559339,1,0.000152151967944,False,not_applicable,False,False,False,False,False,False
74,1e+22,5.4306585991,245.693890804,1,2.15471027022,1e+22,8.00567784504e+21,9.01280273184e+20,1.09304188178e+21,0.800567784504,0.0901280273184,0.109304188178,1,3.99680288865e-15,False,not_applicable,False,False,False,False,False,True
74,1e+24,39.5213982765,3660.68891798,1,1.91601431765,1e+24,8.68053268164e+23,1.34285256229e+22,1.18518206213e+23,0.868053268164,0.0134285256229,0.118518206213,1,5.21804821574e-14,False,not_applicable,False,False,False,False,False,True
75,1e+19,0.308819060544,3.96859404802,0.726089815081,3.18028112458,1e+19,7.35346491356e+18,1.64254201024e+18,1.0039930762e+18,0.735346491356,0.164254201024,0.10039930762,1,3.10862446895e-15,False,not_applicable,False,False,False,False,False,False
75,1e+20,0.951660745744,10.7442660834,0.960536090107,2.70233737186,1e+20,6.13493776405e+19,3.02743873323e+19,8.37623502718e+18,0.613493776405,0.302743873323,0.0837623502718,1,1.40332190313e-13,False,not_applicable,False,False,False,False,False,False
75,1e+22,5.4302696249,245.70990375,1,2.15469693883,1e+22,8.00562616122e+21,9.01339013566e+20,1.09303482521e+21,0.800562616122,0.0901339013566,0.109303482521,1,4.88498130835e-15,False,not_applicable,False,False,False,False,False,True
75,1e+24,39.5150691624,3661.26737438,1,1.91598243208,1e+24,8.68051401122e+23,1.34306475777e+22,1.185179513e+23,0.868051401122,0.0134306475777,0.1185179513,1,3.99680288865e-14,False,not_applicable,False,False,False,False,False,True
76,1e+19,0.31480629504,3.89915852088,0.726951772007,3.17785603885,1e+19,7.3648778864e+18,1.62957078618e+18,1.00555132742e+18,0.73648778864,0.162957078618,0.100555132742,1,6.2172489379e-14,False,not_applicable,False,False,False,False,False,False
76,1e+20,0.938120427552,11.1576097942,0.946766213537,2.70105636244,1e+20,6.28030900235e+19,2.8622194752e+19,8.57471522454e+18,0.628030900235,0.28622194752,0.0857471522454,1,1.64313007645e-14,False,not_applicable,False,False,False,False,False,False
76,1e+22,5.435385178,245.499477818,1,2.15471430622,1e+22,8.00630533763e+21,9.00567106941e+20,1.09312755543e+21,0.800630533763,0.0900567106941,0.109312755543,1,3.10862446895e-15,False,not_applicable,False,False,False,False,False,True
76,1e+24,39.5941003421,3654.05731745,1,1.91601627763,1e+24,8.68074672496e+23,1.34041988856e+22,1.18521128618e+23,0.868074672496,0.0134041988856,0.118521128618,1,1.09023901018e-13,False,not_applicable,False,False,False,False,False,True
77,1e+19,0.319252556426,3.82246045358,0.731386823197,3.18355221942,1e+19,7.32198162987e+18,1.6783238116e+18,9.99694558532e+17,0.732198162987,0.16783238116,0.0999694558532,1,3.41948691585e-14,False,not_applicable,False,False,False,False,False,False
77,1e+20,0.960291794923,10.5911509893,0.964452473299,2.70276526882,1e+20,6.1023572363e+19,3.06446758904e+19,8.33175174663e+18,0.61023572363,0.306446758904,0.0833175174663,1,0.000845710424903,False,not_applicable,False,False,False,False,False,False
77,1e+22,5.43448726473,245.536386985,1,2.1547057666,1e+22,8.0061862086e+21,9.00702501047e+20,1.09311129035e+21,0.80061862086,0.0900702501047,0.109311129035,1,7.54951656745e-15,False,not_applicable,False,False,False,False,False,True
77,1e+24,39.5801652772,3655.32655806,1,1.91599750325,1e+24,8.68070575861e+23,1.3408854848e+22,1.18520569291e+23,0.868070575861,0.013408854848,0.118520569291,1,5.99520433298e-15,False,not_applicable,False,False,False,False,False,True
78,1e+19,0.310922356644,3.95064633229,0.725469869733,3.18347779664,1e+19,7.37006560741e+18,1.62367476833e+18,1.00625962426e+18,0.737006560741,0.162367476833,0.100625962426,1,4.21884749358e-14,False,not_applicable,False,False,False,False,False,False
78,1e+20,0.973383769595,10.2235253865,0.976780869093,2.70341092782,1e+20,5.97084820754e+19,3.21393198385e+19,8.15219808603e+18,0.597084820754,0.321393198385,0.0815219808603,1,0.000184943871561,False,not_applicable,False,False,False,False,False,False
78,1e+22,5.43505939025,245.512868201,1,2.15471151837,1e+22,8.00626211847e+21,9.0061622696e+20,1.09312165457e+21,0.800626211847,0.090061622696,0.109312165457,1,1.24344978758e-14,False,not_applicable,False,False,False,False,False,True
78,1e+24,39.5858141645,3654.81193701,1,1.91600991395,1e+24,8.68072236866e+23,1.34069670607e+22,1.18520796073e+23,0.868072236866,0.0134069670607,0.118520796073,1,1.82076576039e-13,False,not_applicable,False,False,False,False,False,True
79,1e+19,0.311342839437,3.97417354073,0.721595727225,3.1804951262,1e+19,7.42398284751e+18,1.56239602771e+18,1.01362112478e+18,0.742398284751,0.156239602771,0.101362112478,1,3.15303338994e-14,False,not_applicable,False,False,False,False,False,False
79,1e+20,0.957572990342,10.6419166033,0.963091841306,2.70281570402,1e+20,6.11424714286e+19,3.0509543139e+19,8.34798543239e+18,0.611424714286,0.30509543139,0.0834798543239,1,0.000784672698595,False,not_applicable,False,False,False,False,False,False
79,1e+22,5.43078921285,245.68851428,1,2.15469642354,1e+22,8.00569519845e+21,9.01260550454e+20,1.0930442511e+21,0.800569519845,0.0901260550454,0.10930442511,1,5.3290705182e-15,False,not_applicable,False,False,False,False,False,True
79,1e+24,39.5166601547,3661.12194667,1,1.91601030678,1e+24,8.68051870509e+23,1.34301141044e+22,1.18518015387e+23,0.868051870509,0.0134301141044,0.118518015387,1,3.28626015289e-14,False,not_applicable,False,False,False,False,False,True
80,1e+19,0.309432115403,3.99156730043,0.722048432328,3.17965741885,1e+19,7.41071468127e+18,1.57747574092e+18,1.01180957782e+18,0.741071468127,0.157747574092,0.101180957782,1,8.43769498715e-15,False,not_applicable,False,False,False,False,False,False
80,1e+20,0.952521814734,10.7506171585,0.95993979559,2.70250289801,1e+20,6.1441184192e+19,3.01700461263e+19,8.38876968168e+18,0.61441184192,0.301700461263,0.0838876968168,1,4.88498130835e-14,False,not_applicable,False,False,False,False,False,False
80,1e+22,5.43239078135,245.62260719,1,2.15469997318,1e+22,8.00590792195e+21,9.01018783106e+20,1.09307329494e+21,0.800590792195,0.0901018783106,0.109307329494,1,5.3290705182e-15,False,not_applicable,False,False,False,False,False,True
80,1e+24,39.5485466956,3658.20973035,1,1.91599495904,1e+24,8.68061270057e+23,1.3419431205e+22,1.18519298738e+23,0.868061270057,0.013419431205,0.118519298738,1,1.66533453694e-14,False,not_applicable,False,False,False,False,False,True
81,1e+19,0.311253892767,3.97336829713,0.721840674959,3.18121788499,1e+19,7.42035809929e+18,1.56651567489e+18,1.01312622582e+18,0.742035809929,0.156651567489,0.101312622582,1,3.99680288865e-14,False,not_applicable,False,False,False,False,False,False
81,1e+20,0.962070043324,10.5253139038,0.966835266308,2.70304647599,1e+20,6.07565352203e+19,3.09481725042e+19,8.29529227542e+18,0.607565352203,0.309481725042,0.0829529227542,1,0.000546938602169,False,not_applicable,False,False,False,False,False,False
81,1e+22,5.43501779361,245.514577993,1,2.15470967193,1e+22,8.0062565999e+21,9.00622498999e+20,1.09312090111e+21,0.80062565999,0.0900622498999,0.109312090111,1,6.66133814775e-15,False,not_applicable,False,False,False,False,False,True
81,1e+24,39.5851894366,3654.8688434,1,1.91601034303,1e+24,8.68072053193e+23,1.34071758108e+22,1.18520770996e+23,0.868072053193,0.0134071758108,0.118520770996,1,1.13242748512e-13,False,not_applicable,False,False,False,False,False,True
82,1e+19,0.315673402117,3.87375367641,0.729254620162,3.1805124852,1e+19,7.33704601196e+18,1.66120263921e+18,1.00175134883e+18,0.733704601196,0.166120263921,0.100175134883,1,4.7517545454e-14,False,not_applicable,False,False,False,False,False,False
82,1e+20,0.947765844631,10.8949187896,0.955101466642,2.70192122569,1e+20,6.1954991453e+19,2.95860870473e+19,8.45892149971e+18,0.61954991453,0.295860870473,0.0845892149971,1,2.54019028034e-13,False,not_applicable,False,False,False,False,False,False
82,1e+22,5.43290361015,245.601510943,1,2.15471095817,1e+22,8.00597601276e+21,9.00941395626e+20,1.09308259161e+21,0.800597601276,0.0900941395626,0.109308259161,1,1.06581410364e-14,False,not_applicable,False,False,False,False,False,True
82,1e+24,39.5585812371,3657.29422799,1,1.91599583414,1e+24,8.68064224957e+23,1.34160728626e+22,1.18519702181e+23,0.868064224957,0.0134160728626,0.118519702181,1,1.05249142734e-13,False,not_applicable,False,False,False,False,False,True
83,1e+19,0.310946409338,3.97606335652,0.721926345734,3.17394565442,1e+19,7.41805574405e+18,1.56913237836e+18,1.01281187759e+18,0.741805574405,0.156913237836,0.101281187759,1,9.14823772291e-14,False,not_applicable,False,False,False,False,False,False
83,1e+20,0.926635235051,11.4514000123,0.937914552117,2.69999250409,1e+20,6.36676244525e+19,2.76396225555e+19,8.69275299192e+18,0.636676244525,0.276396225555,0.0869275299192,1,7.37188088351e-14,False,not_applicable,False,False,False,False,False,False
83,1e+22,5.42480525814,245.935076798,1,2.15474218019,1e+22,8.00489938663e+21,9.02165017114e+20,1.09293559625e+21,0.800489938663,0.0902165017114,0.109293559625,1,1.15463194561e-14,False,not_applicable,False,False,False,False,False,True
83,1e+24,39.4272325483,3669.31421432,1,1.91610563507,1e+24,8.68025428925e+23,1.34601658457e+22,1.18514405229e+23,0.868025428925,0.0134601658457,0.118514405229,1,1.0236256287e-13,False,not_applicable,False,False,False,False,False,True
84,1e+19,0.309189118948,3.98465006804,0.723358356398,3.18227935864,1e+19,7.39206266313e+18,1.59867438126e+18,1.00926295561e+18,0.739206266313,0.159867438126,0.100926295561,1,4.49418280368e-13,False,not_applicable,False,False,False,False,False,False
84,1e+20,0.967967094461,10.3524636947,0.97270014422,2.70328717659,1e+20,6.01250652182e+19,3.16658592106e+19,8.20907557113e+18,0.601250652182,0.316658592106,0.0820907557113,1,0.000336998130119,False,not_applicable,False,False,False,False,False,False
84,1e+22,5.43336021924,245.582730456,1,2.15471237482,1e+22,8.00603662917e+21,9.00872503061e+20,1.09309086777e+21,0.800603662917,0.0900872503061,0.109309086777,1,1.86517468137e-14,False,not_applicable,False,False,False,False,False,True
84,1e+24,39.565297603,3656.68171566,1,1.91599543093,1e+24,8.68066201918e+23,1.34138259802e+22,1.18519972102e+23,0.868066201918,0.0134138259802,0.118519972102,1,1.40776279522e-13,False,not_applicable,False,False,False,False,False,True
85,1e+19,0.309656861067,3.99360500704,0.721431829834,3.18004024771,1e+19,7.41988314493e+18,1.56705547635e+18,1.01306137872e+18,0.741988314493,0.156705547635,0.101306137872,1,1.7763568394e-15,False,not_applicable,False,False,False,False,False,False
85,1e+20,0.955182025983,10.6866814981,0.961898902391,2.70270346164,1e+20,6.12463565064e+19,3.03914742852e+19,8.36216920835e+18,0.612463565064,0.303914742852,0.0836216920835,1,0.000922942992845,False,not_applicable,False,False,False,False,False,False
85,1e+22,5.43115189742,245.673586136,1,2.15469434996,1e+22,8.00574338093e+21,9.01205789459e+20,1.09305082961e+21,0.800574338093,0.0901205789459,0.109305082961,1,2.22044604925e-15,False,not_applicable,False,False,False,False,False,True
85,1e+24,39.5318342876,3659.73550627,1,1.91599482103,1e+24,8.68056345421e+23,1.34250282174e+22,1.18518626362e+23,0.868056345421,0.0134250282174,0.118518626362,1,2.90878432452e-14,False,not_applicable,False,False,False,False,False,True
86,1e+19,0.308461793043,4.02235533624,0.719275572777,3.17421414485,1e+19,7.44445763564e+18,1.53912574851e+18,1.01641661585e+18,0.744445763564,0.153912574851,0.101641661585,1,4.61852778244e-14,False,not_applicable,False,False,False,False,False,False
86,1e+20,0.929841212965,11.3543853973,0.941047859312,2.70051875906,1e+20,6.3346652942e+19,2.80044173763e+19,8.64892968168e+18,0.63346652942,0.280044173763,0.0864892968168,1,2.70894418009e-14,False,not_applicable,False,False,False,False,False,False
86,1e+22,5.43253934801,245.616495228,1,2.15470328363,1e+22,8.00592764908e+21,9.00996362562e+20,1.09307598835e+21,0.800592764908,0.0900996362562,0.109307598835,1,3.10862446895e-15,False,not_applicable,False,False,False,False,False,True
86,1e+24,39.5540133091,3657.71092652,1,1.91598742058,1e+24,8.68062880009e+23,1.34176014401e+22,1.18519518551e+23,0.868062880009,0.0134176014401,0.118519518551,1,5.59552404411e-14,False,not_applicable,False,False,False,False,False,True
87,1e+19,0.326066324824,3.71174875494,0.737797225991,3.18645127578,1e+19,7.26165765117e+18,1.74688402419e+18,9.9145832464e+17,0.726165765117,0.174688402419,0.099145832464,1,2.22044604925e-14,False,not_applicable,False,False,False,False,False,False
87,1e+20,0.966798413835,10.4461923377,0.96882545331,2.70300564502,1e+20,6.05961730961e+19,3.11304294039e+19,8.27339750005e+18,0.605961730961,0.311304294039,0.0827339750005,1,0.000601719250295,False,not_applicable,False,False,False,False,False,False
87,1e+22,5.43395300959,245.558353073,1,2.15469450226,1e+22,8.00611531027e+21,9.00783079369e+20,1.09310161036e+21,0.800611531027,0.0900783079369,0.109310161036,1,1.33226762955e-15,False,not_applicable,False,False,False,False,False,True
87,1e+24,39.5710815468,3656.15440181,1,1.91598037392,1e+24,8.6806790389e+23,1.34118916318e+22,1.18520204478e+23,0.86806790389,0.0134118916318,0.118520204478,1,2.6645352591e-15,False,not_applicable,False,False,False,False,False,True
88,1e+19,0.309503959075,3.96254285243,0.725913944564,3.18123535767,1e+19,7.358536205e+18,1.63677831848e+18,1.00468547652e+18,0.7358536205,0.163677831848,0.100468547652,1,2.22044604925e-15,False,not_applicable,False,False,False,False,False,False
88,1e+20,0.956825434532,10.6210148793,0.96430357981,2.70268708354,1e+20,6.09747430624e+19,3.07001720182e+19,8.32508491945e+18,0.609747430624,0.307001720182,0.0832508491945,1,4.88498130835e-15,False,not_applicable,False,False,False,False,False,False
88,1e+22,5.43292580253,245.600598096,1,2.15470730163,1e+22,8.00597895909e+21,9.00938047025e+20,1.09308299388e+21,0.800597895909,0.0900938047025,0.109308299388,1,3.99680288865e-15,False,not_applicable,False,False,False,False,False,True
88,1e+24,39.5603409503,3657.13372761,1,1.91599364344,1e+24,8.68064742992e+23,1.34154840982e+22,1.1851977291e+23,0.868064742992,0.0134154840982,0.11851977291,1,1.06581410364e-14,False,not_applicable,False,False,False,False,False,True
89,1e+19,0.307804697253,4.00712422244,0.722348438792,3.17849959909,1e+19,7.40046994885e+18,1.58911922081e+18,1.01041083035e+18,0.740046994885,0.158911922081,0.101041083035,1,2.27373675443e-13,False,not_applicable,False,False,False,False,False,False
89,1e+20,0.946700725802,10.8830581352,0.956032710301,2.7020498637,1e+20,6.18179942131e+19,2.9741788977e+19,8.4402168099e+18,0.618179942131,0.29741788977,0.084402168099,1,1.90958360236e-14,False,not_applicable,False,False,False,False,False,False
89,1e+22,5.43417258902,245.549324512,1,2.15469258414,1e+22,8.00614445109e+21,9.00749959849e+20,1.09310558906e+21,0.800614445109,0.0900749959849,0.109310558906,1,1.1990408666e-14,False,not_applicable,False,False,False,False,False,True
89,1e+24,39.5757099079,3655.7325503,1,1.91598420509,1e+24,8.6806926547e+23,1.34103441516e+22,1.18520390379e+23,0.86806926547,0.0134103441516,0.118520390379,1,1.62980740015e-13,False,not_applicable,False,False,False,False,False,True
90,1e+19,0.318655853471,3.83921275423,0.729858962368,3.18016866937,1e+19,7.34032570112e+18,1.65747516315e+18,1.00219913573e+18,0.734032570112,0.165747516315,0.100219913573,1,1.37667655054e-14,False,not_applicable,False,False,False,False,False,False
90,1e+20,0.94506855335,10.9954389388,0.951519757193,2.70161411368,1e+20,6.23486614282e+19,2.91386679982e+19,8.51267057366e+18,0.623486614282,0.291386679982,0.0851267057366,1,2.26485497024e-14,False,not_applicable,False,False,False,False,False,False
90,1e+22,5.4326132222,245.613456192,1,2.15470578513,1e+22,8.00593745796e+21,9.00985214449e+20,1.09307732759e+21,0.800593745796,0.0900985214449,0.109307732759,1,1.02140518266e-14,False,not_applicable,False,False,False,False,False,True
90,1e+24,39.5539982896,3657.71229679,1,1.91600304524,1e+24,8.68062875587e+23,1.34176064667e+22,1.18519517947e+23,0.868062875587,0.0134176064667,0.118519517947,1,1.76081371706e-13,False,not_applicable,False,False,False,False,False,True
91,1e+19,0.314048307475,3.91037091185,0.726486595882,3.18517697708,1e+19,7.3682721988e+18,1.625713037e+18,1.00601476421e+18,0.73682721988,0.1625713037,0.100601476421,1,2.29150032283e-13,False,not_applicable,False,False,False,False,False,False
91,1e+20,1.00256507601,9.51927893017,1,2.70360899044,1e+20,5.72621796249e+19,3.4919624117e+19,7.81819625812e+18,0.572621796249,0.34919624117,0.0781819625812,1,2.58904009343e-13,False,not_applicable,False,False,False,False,False,True
91,1e+22,5.4315516343,245.657135015,1,2.15470354485,1e+22,8.00579647901e+21,9.0114544172e+20,1.09305807927e+21,0.800579647901,0.090114544172,0.109305807927,1,2.04281036531e-14,False,not_applicable,False,False,False,False,False,True
91,1e+24,39.534149833,3659.52403029,1,1.91600923296,1e+24,8.68057027987e+23,1.34242524589e+22,1.18518719554e+23,0.868057027987,0.0134242524589,0.118518719554,1,5.17363929475e-14,False,not_applicable,False,False,False,False,False,True
92,1e+19,0.329152711623,3.65640947094,0.741681883529,3.1892992324,1e+19,7.221102553e+18,1.7929762451e+18,9.85921201903e+17,0.7221102553,0.17929762451,0.0985921201903,1,4.38316050122e-13,False,not_applicable,False,False,False,False,False,False
92,1e+20,0.978917857953,10.1310759449,0.979209682363,2.70348283535,1e+20,5.95049469767e+19,3.23706442627e+19,8.12440876055e+18,0.595049469767,0.323706442627,0.0812440876055,1,0.00015132100488,False,not_applicable,False,False,False,False,False,False
92,1e+22,5.43094762355,245.681993852,1,2.15469937976,1e+22,8.00571624396e+21,9.0123663153e+20,1.09304712451e+21,0.800571624396,0.090123663153,0.109304712451,1,1.06581410364e-14,False,not_applicable,False,False,False,False,False,True
92,1e+24,39.5278691388,3660.0976953,1,1.9159823183,1e+24,8.6805517641e+23,1.34263568374e+22,1.18518466753e+23,0.86805517641,0.0134263568374,0.118518466753,1,4.88498130835e-15,False,not_applicable,False,False,False,False,False,True
93,1e+19,0.316942474437,3.8589740126,0.729512939258,3.18399108417,1e+19,7.33843663405e+18,1.65962215084e+18,1.0019412151e+18,0.733843663405,0.165962215084,0.10019412151,1,1.1812772982e-13,False,not_applicable,False,False,False,False,False,False
93,1e+20,0.966047706709,10.4312368924,0.969761437788,2.70316402385,1e+20,6.04624348685e+19,3.12824273575e+19,8.25513777404e+18,0.604624348685,0.312824273575,0.0825513777404,1,0.000493888210951,False,not_applicable,False,False,False,False,False,False
93,1e+22,5.43365785417,245.570490177,1,2.1547102559,1e+22,8.00607613622e+21,9.00827601976e+20,1.0930962618e+21,0.800607613622,0.0900827601976,0.10930962618,1,1.06581410364e-14,False,not_applicable,False,False,False,False,False,True
93,1e+24,39.5718248371,3656.08664813,1,1.9159685037,1e+24,8.68068122574e+23,1.34116430906e+22,1.18520234335e+23,0.868068122574,0.0134116430906,0.118520234335,1,1.33226762955e-14,False,not_applicable,False,False,False,False,False,True
94,1e+19,0.310066210841,3.98697741039,0.721732859277,3.18451614018,1e+19,7.41736187009e+18,1.56992098925e+18,1.01271714066e+18,0.741736187009,0.156992098925,0.101271714066,1,8.17124146124e-14,False,not_applicable,False,False,False,False,False,False
94,1e+20,1.00252527031,9.51952490913,1,2.70360404574,1e+20,5.72613856966e+19,3.4920526443e+19,7.81808786044e+18,0.572613856966,0.34920526443,0.0781808786044,1,6.48370246381e-14,False,not_applicable,False,False,False,False,False,True
94,1e+22,5.4342752154,245.545104998,1,2.15471234534,1e+22,8.00615807011e+21,9.00734481382e+20,1.09310744851e+21,0.800615807011,0.0900734481382,0.109310744851,1,9.7699626167e-15,False,not_applicable,False,False,False,False,False,True
94,1e+24,39.5793307927,3655.40259298,1,1.91602725458,1e+24,8.68070330449e+23,1.34091337673e+22,1.18520535784e+23,0.868070330449,0.0134091337673,0.118520535784,1,5.95079541199e-14,False,not_applicable,False,False,False,False,False,True
95,1e+19,0.313188522494,3.93785237645,0.723911814122,3.17945300999,1e+19,7.39974100548e+18,1.58994768924e+18,1.01031130528e+18,0.739974100548,0.158994768924,0.101031130528,1,3.71702668645e-13,False,not_applicable,False,False,False,False,False,False
95,1e+20,0.948337007154,10.8876991311,0.955219950387,2.70212239842,1e+20,6.19512480525e+19,2.95903415468e+19,8.45841040076e+18,0.619512480525,0.295903415468,0.0845841040076,1,1.06581410364e-14,False,not_applicable,False,False,False,False,False,False
95,1e+22,5.43471755868,245.526919581,1,2.154696558,1e+22,8.00621676585e+21,9.00667771715e+20,1.09311546243e+21,0.800621676585,0.0900667771715,0.109311546243,1,3.99680288865e-15,False,not_applicable,False,False,False,False,False,True
95,1e+24,39.58472886,3654.91079842,1,1.91598639765,1e+24,8.68071917778e+23,1.34073297146e+22,1.18520752507e+23,0.868071917778,0.0134073297146,0.118520752507,1,1.08801856413e-14,False,not_applicable,False,False,False,False,False,True
96,1e+19,0.314145431482,3.90292979644,0.727382474801,3.1820373625,1e+19,7.35652538969e+18,1.6390636771e+18,1.00441093321e+18,0.735652538969,0.16390636771,0.100441093321,1,2.70894418009e-14,False,not_applicable,False,False,False,False,False,False
96,1e+20,0.958406037363,10.6149056654,0.964029048324,2.70273178614,1e+20,6.10403380546e+19,3.0625621123e+19,8.33404082239e+18,0.610403380546,0.30625621123,0.0833404082239,1,0.000872813968122,False,not_applicable,False,False,False,False,False,False
96,1e+22,5.43158113479,245.655921014,1,2.15470228217,1e+22,8.00580039736e+21,9.01140988391e+20,1.09305861425e+21,0.800580039736,0.0901140988391,0.109305861425,1,3.10862446895e-15,False,not_applicable,False,False,False,False,False,True
96,1e+24,39.5329870523,3659.6302226,1,1.91600172117,1e+24,8.68056685238e+23,1.34246420047e+22,1.18518672758e+23,0.868056685238,0.0134246420047,0.118518672758,1,2.04281036531e-14,False,not_applicable,False,False,False,False,False,True
97,1e+19,0.312773500687,3.93369495746,0.725101464111,3.17710200375,1e+19,7.38213325489e+18,1.60995948471e+18,1.0079072604e+18,0.738213325489,0.160995948471,0.10079072604,1,5.3290705182e-14,False,not_applicable,False,False,False,False,False,False
97,1e+20,0.93689430295,11.1777187098,0.946324262887,2.70099988768,1e+20,6.28340458751e+19,2.85870123947e+19,8.57894173015e+18,0.628340458751,0.285870123947,0.0857894173015,1,5.55111512313e-14,False,not_applicable,False,False,False,False,False,False
97,1e+22,5.43344504422,245.579241893,1,2.15471228589,1e+22,8.00604788895e+21,9.00859705944e+20,1.0930924051e+21,0.800604788895,0.0900859705944,0.10930924051,1,7.1054273576e-15,False,not_applicable,False,False,False,False,False,True
97,1e+24,39.565135494,3656.69649709,1,1.91602888061,1e+24,8.68066154209e+23,1.3413880203e+22,1.18519965588e+23,0.868066154209,0.013413880203,0.118519965588,1,8.37108160567e-14,False,not_applicable,False,False,False,False,False,True
98,1e+19,0.310373732503,3.96789717998,0.72390443778,3.17736630337,1e+19,7.38918634763e+18,1.60194340971e+18,1.00887024266e+18,0.738918634763,0.160194340971,0.100887024266,1,4.52970994047e-14,False,not_applicable,False,False,False,False,False,False
98,1e+20,0.939359162608,11.0933459749,0.949219857316,2.70133560773,1e+20,6.2523817113e+19,2.89395977238e+19,8.53658516317e+18,0.62523817113,0.289395977238,0.0853658516317,1,5.3290705182e-15,False,not_applicable,False,False,False,False,False,False
98,1e+22,5.43510758074,245.510887405,1,2.15469865926,1e+22,8.00626851174e+21,9.00608960795e+20,1.09312252747e+21,0.800626851174,0.0900608960795,0.109312252747,1,4.4408920985e-15,False,not_applicable,False,False,False,False,False,True
98,1e+24,39.5881148939,3654.60237905,1,1.91598541765,1e+24,8.68072913241e+23,1.34061983381e+22,1.18520888421e+23,0.868072913241,0.0134061983381,0.118520888421,1,2.50910403565e-14,False,not_applicable,False,False,False,False,False,True
99,1e+19,0.308532607246,4.00987083477,0.720883519588,3.17523853643,1e+19,7.42305542023e+18,1.56345007972e+18,1.01349450004e+18,0.742305542023,0.156345007972,0.101349450004,1,3.41948691585e-14,False,not_applicable,False,False,False,False,False,False
99,1e+20,0.932937850666,11.2611388323,0.94406899502,2.70080451808,1e+20,6.30356559497e+19,2.83578758246e+19,8.60646822567e+18,0.630356559497,0.283578758246,0.0860646822567,1,1.06581410364e-14,False,not_applicable,False,False,False,False,False,False
99,1e+22,5.43323696714,245.587799574,1,2.15470506494,1e+22,8.00602026795e+21,9.00891098133e+20,1.09308863392e+21,0.800602026795,0.0900891098133,0.109308863392,1,6.66133814775e-15,False,not_applicable,False,False,False,False,False,True
99,1e+24,39.5621134597,3656.97207436,1,1.91599152147,1e+24,8.68065264748e+23,1.34148911046e+22,1.18519844147e+23,0.868065264748,0.0134148911046,0.118519844147,1,8.5931262106e-14,False,not_applicable,False,False,False,False,False,True
100,1e+19,0.311787700133,3.94897089492,0.724431205841,3.18228157215,1e+19,7.38744331932e+18,1.60392441948e+18,1.0086322612e+18,0.738744331932,0.160392441948,0.10086322612,1,7.9936057773e-14,False,not_applicable,False,False,False,False,False,False
100,1e+20,0.965046859128,10.4407066884,0.969668782906,2.70314796695,1e+20,6.04546271806e+19,3.1291301055e+19,8.25407176439e+18,0.604546271806,0.31291301055,0.0825407176439,1,0.000461894472305,False,not_applicable,False,False,False,False,False,False
100,1e+22,5.43382719976,245.56352636,1,2.15471136303,1e+22,8.00609861283e+21,9.00802056567e+20,1.0930993306e+21,0.800609861283,0.0900802056567,0.10930993306,1,8.881784197e-15,False,not_applicable,False,False,False,False,False,True
100,1e+24,39.5700636726,3656.24718891,1,1.91600310706,1e+24,8.68067604408e+23,1.34122320033e+22,1.18520163589e+23,0.868067604408,0.0134122320033,0.118520163589,1,6.92779167366e-14,False,not_applicable,False,False,False,False,False,True
101,1e+19,0.319184950553,3.82556749974,0.731042029768,3.18457165006,1e+19,7.32638143946e+18,1.67332328133e+18,1.0002952792e+18,0.732638143946,0.167332328133,0.10002952792,1,2.58459920133e-13,False,not_applicable,False,False,False,False,False,False
101,1e+20,0.967450119395,10.4062470716,0.970426702771,2.70313556553,1e+20,6.04051498315e+19,3.13475337115e+19,8.24731645699e+18,0.604051498315,0.313475337115,0.0824731645699,1,0.000451416184377,False,not_applicable,False,False,False,False,False,False
101,1e+22,5.43385871253,245.562230538,1,2.15470856073,1e+22,8.00610279526e+21,9.00797303095e+20,1.09309990165e+21,0.800610279526,0.0900797303095,0.109309990165,1,6.2172489379e-15,False,not_applicable,False,False,False,False,False,True
101,1e+24,39.5699842128,3656.25443249,1,1.91601982263,1e+24,8.68067581029e+23,1.34122585749e+22,1.18520160396e+23,0.868067581029,0.0134122585749,0.118520160396,1,4.26325641456e-14,False,not_applicable,False,False,False,False,False,True
102,1e+19,0.310319215009,3.96240479081,0.724739265481,3.18190716274,1e+19,7.37766206539e+18,1.61504114062e+18,1.00729679399e+18,0.737766206539,0.161504114062,0.100729679399,1,1.42108547152e-13,False,not_applicable,False,False,False,False,False,False
102,1e+20,0.962512548166,10.4923287184,0.968183304846,2.70302102464,1e+20,6.05939883055e+19,3.11329124912e+19,8.2730992033e+18,0.605939883055,0.311329124912,0.082730992033,1,0.000601728489121,False,not_applicable,False,False,False,False,False,False
102,1e+22,5.43422310322,245.547247588,1,2.15470816799,1e+22,8.00615115463e+21,9.00742341055e+20,1.09310650431e+21,0.800615115463,0.0900742341055,0.109310650431,1,3.43725048424e-13,False,not_applicable,False,False,False,False,False,True
102,1e+24,39.5742663987,3655.86410835,1,1.91599130364,1e+24,8.68068840849e+23,1.34108267467e+22,1.18520332404e+23,0.868068840849,0.0134108267467,0.118520332404,1,2.99760216649e-14,False,not_applicable,False,False,False,False,False,True
103,1e+19,0.307424959664,4.03082413188,0.719686274593,3.17715377148,1e+19,7.43505567693e+18,1.54981138799e+18,1.01513293509e+18,0.743505567693,0.154981138799,0.101513293509,1,3.5527136788e-15,False,not_applicable,False,False,False,False,False,False
103,1e+20,0.942808319254,10.9978179823,0.95226111011,2.70179922203,1e+20,6.22130057239e+19,2.92928452279e+19,8.49414904817e+18,0.622130057239,0.292928452279,0.0849414904817,1,1.73194791842e-14,False,not_applicable,False,False,False,False,False,False
103,1e+22,5.43607774549,245.471017069,1,2.15468267182,1e+22,8.00639719831e+21,9.00462704217e+20,1.09314009748e+21,0.800639719831,0.0900462704217,0.109314009748,1,8.43769498715e-15,False,not_applicable,False,False,False,False,False,True
103,1e+24,39.6014984769,3653.38383492,1,1.91595845401,1e+24,8.68076846247e+23,1.34017283459e+22,1.18521425408e+23,0.868076846247,0.0134017283459,0.118521425408,1,2.20046203481e-13,False,not_applicable,False,False,False,False,False,True
104,1e+19,0.319546751907,3.80533535793,0.733396698712,3.18241802876,1e+19,7.29589532127e+18,1.70797177087e+18,9.96132907864e+17,0.729589532127,0.170797177087,0.0996132907864,1,7.01660951563e-14,False,not_applicable,False,False,False,False,False,False
104,1e+20,0.952024761231,10.7981091461,0.957956763778,2.70211634598,1e+20,6.16804036893e+19,2.98981651936e+19,8.42143111705e+18,0.616804036893,0.298981651936,0.0842143111705,1,6.2172489379e-15,False,not_applicable,False,False,False,False,False,False
104,1e+22,5.43389064229,245.560917583,1,2.15470956523,1e+22,8.00610703299e+21,9.00792486775e+20,1.09310048024e+21,0.800610703299,0.0900792486775,0.109310048024,1,0,False,not_applicable,False,False,False,False,False,True
104,1e+24,39.5724892472,3656.02608679,1,1.91602313358,1e+24,8.68068318043e+23,1.34114209332e+22,1.18520261024e+23,0.868068318043,0.0134114209332,0.118520261024,1,2.05613304161e-13,False,not_applicable,False,False,False,False,False,True
105,1e+19,0.314209121488,3.90438398874,0.727087747089,3.1791288694,1e+19,7.36075837832e+18,1.63425274443e+18,1.00498887725e+18,0.736075837832,0.163425274443,0.100498887725,1,1.50990331349e-14,False,not_applicable,False,False,False,False,False,False
105,1e+20,0.943297789042,11.0092060884,0.95155855535,2.70163071685,1e+20,6.23097585735e+19,2.91828823893e+19,8.50735903723e+18,0.623097585735,0.291828823893,0.0850735903723,1,7.28306304154e-14,False,not_applicable,False,False,False,False,False,False
105,1e+22,5.4309403057,245.682295058,1,2.15469882698,1e+22,8.00571527178e+21,9.01237736447e+20,1.09304699177e+21,0.800571527178,0.0901237736447,0.109304699177,1,2.6645352591e-15,False,not_applicable,False,False,False,False,False,True
105,1e+24,39.5306380261,3659.84476897,1,1.91597223409,1e+24,8.68055992762e+23,1.34254290263e+22,1.18518578212e+23,0.868055992762,0.0134254290263,0.118518578212,1,1.172395514e-13,False,not_applicable,False,False,False,False,False,True
106,1e+19,0.313437679268,3.91122750239,0.727253199232,3.17849152621,1e+19,7.35555642863e+18,1.64016493365e+18,1.00427863772e+18,0.735555642863,0.164016493365,0.100427863772,1,1.73194791842e-14,False,not_applicable,False,False,False,False,False,False
106,1e+20,0.94069549352,11.0694549268,0.94979834551,2.70136183126,1e+20,6.24779181921e+19,2.89917633774e+19,8.5303184305e+18,0.624779181921,0.289917633774,0.085303184305,1,1.95399252334e-13,False,not_applicable,False,False,False,False,False,False
106,1e+22,5.43297931464,245.598396993,1,2.15470156784,1e+22,8.00598606343e+21,9.00929972705e+20,1.09308396386e+21,0.800598606343,0.0900929972705,0.109308396386,1,3.10862446895e-15,False,not_applicable,False,False,False,False,False,True
106,1e+24,39.5595924142,3657.20199857,1,1.91597534366,1e+24,8.68064522639e+23,1.34157345369e+22,1.18519742824e+23,0.868064522639,0.0134157345369,0.118519742824,1,4.21884749358e-14,False,not_applicable,False,False,False,False,False,True
107,1e+19,0.312090692929,3.94219713615,0.724923695652,3.18129655307,1e+19,7.38193821531e+18,1.61018115369e+18,1.007880631e+18,0.738193821531,0.161018115369,0.1007880631,1,5.77315972805e-15,False,not_applicable,False,False,False,False,False,False
107,1e+20,0.95800306934,10.6211985968,0.963883715709,2.70275090054,1e+20,6.1050845135e+19,3.06136794759e+19,8.3354753891e+18,0.61050845135,0.306136794759,0.083354753891,1,0.000844971160585,False,not_applicable,False,False,False,False,False,False
107,1e+22,5.43505939025,245.512868201,1,2.15471151837,1e+22,8.00626211847e+21,9.0061622696e+20,1.09312165457e+21,0.800626211847,0.090061622696,0.109312165457,1,3.99680288865e-15,False,not_applicable,False,False,False,False,False,True
107,1e+24,39.5858141645,3654.81193701,1,1.91600991395,1e+24,8.68072236866e+23,1.34069670607e+22,1.18520796073e+23,0.868072236866,0.0134069670607,0.118520796073,1,1.86517468137e-14,False,not_applicable,False,False,False,False,False,True
108,1e+19,0.31112854379,3.95828511346,0.72411493884,3.18106199169,1e+19,7.38921289954e+18,1.60191323258e+18,1.00887386788e+18,0.738921289954,0.160191323258,0.100887386788,1,3.99680288865e-15,False,not_applicable,False,False,False,False,False,False
108,1e+20,0.957405131668,10.6267248353,0.963841703053,2.7027673605,1e+20,6.10444853409e+19,3.06209075939e+19,8.33460706521e+18,0.610444853409,0.306209075939,0.0833460706521,1,0.000845622006186,False,not_applicable,False,False,False,False,False,False
108,1e+22,5.42841118572,245.786439151,1,2.15473307588,1e+22,8.0053791335e+21,9.01619768804e+20,1.09300109769e+21,0.80053791335,0.0901619768804,0.109300109769,1,1.7763568394e-15,False,not_applicable,False,False,False,False,False,True
108,1e+24,39.4924881006,3663.33268602,1,1.91609132795,1e+24,8.68044735067e+23,1.34382237719e+22,1.18517041161e+23,0.868044735067,0.0134382237719,0.118517041161,1,2.88657986403e-14,False,not_applicable,False,False,False,False,False,True
109,1e+19,0.313800527144,3.92515819362,0.724784140032,3.18355498796,1e+19,7.39030026169e+18,1.60067740925e+18,1.00902232906e+18,0.739030026169,0.160067740925,0.100902232906,1,9.7699626167e-15,False,not_applicable,False,False,False,False,False,False
109,1e+20,0.973209152168,10.2457235567,0.975828324951,2.70348200871,1e+20,5.9827391616e+19,3.2004175182e+19,8.16843320198e+18,0.59827391616,0.32004175182,0.0816843320198,1,0.000142842974664,False,not_applicable,False,False,False,False,False,False
109,1e+22,5.43260629959,245.613740971,1,2.15469860718,1e+22,8.0059365388e+21,9.00986259106e+20,1.0930772021e+21,0.80059365388,0.0900986259106,0.10930772021,1,3.10862446895e-15,False,not_applicable,False,False,False,False,False,True
109,1e+24,39.5551797807,3657.60450885,1,1.91598044514,1e+24,8.68063223486e+23,1.34172110676e+22,1.18519565447e+23,0.868063223486,0.0134172110676,0.118519565447,1,2.40030217924e-13,False,not_applicable,False,False,False,False,False,True
110,1e+19,0.315991190448,3.87173377669,0.729082522166,3.17894760804,1e+19,7.34060259116e+18,1.65716046839e+18,1.00223694045e+18,0.734060259116,0.165716046839,0.100223694045,1,1.90958360236e-14,False,not_applicable,False,False,False,False,False,False
110,1e+20,0.941067031867,11.0766985844,0.949326367756,2.70125800626,1e+20,6.25434951582e+19,2.89172329695e+19,8.53927187227e+18,0.625434951582,0.289172329695,0.0853927187227,1,4.88498130835e-15,False,not_applicable,False,False,False,False,False,False
110,1e+22,5.43261719664,245.613292694,1,2.15471842712,1e+22,8.00593798567e+21,9.00984614687e+20,1.09307739964e+21,0.800593798567,0.0900984614687,0.109307739964,1,8.881784197e-16,False,not_applicable,False,False,False,False,False,True
110,1e+24,39.5523557835,3657.86215388,1,1.91604308321,1e+24,8.68062391904e+23,1.34181561883e+22,1.18519451908e+23,0.868062391904,0.0134181561883,0.118519451908,1,9.28146448587e-14,False,not_applicable,False,False,False,False,False,True
111,1e+19,0.313133730165,3.92937521341,0.725174158472,3.18581929537,1e+19,7.38251950677e+18,1.60952049657e+18,1.00795999666e+18,0.738251950677,0.160952049657,0.100795999666,1,1.7807977315e-13,False,not_applicable,False,False,False,False,False,False
111,1e+20,1.00255545595,9.51933837608,1,2.70360870073,1e+20,5.72619877557e+19,3.49198421827e+19,7.81817006158e+18,0.572619877557,0.349198421827,0.0781817006158,1,2.6645352591e-15,False,not_applicable,False,False,False,False,False,True
111,1e+22,5.43309901958,245.593473336,1,2.15470311296,1e+22,8.00600195516e+21,9.00911911225e+20,1.09308613361e+21,0.800600195516,0.0900911911225,0.109308613361,1,2.22044604925e-15,False,not_applicable,False,False,False,False,False,True
111,1e+24,39.5606375516,3657.10667652,1,1.91599327875,1e+24,8.68064830303e+23,1.34153848665e+22,1.18519784831e+23,0.868064830303,0.0134153848665,0.118519784831,1,2.3803181648e-13,False,not_applicable,False,False,False,False,False,True
112,1e+19,0.310417376653,3.96969627539,0.723592382011,3.18102067435,1e+19,7.3935762235e+18,1.59695416946e+18,1.00946960705e+18,0.73935762235,0.159695416946,0.100946960705,1,6.97220059465e-14,False,not_applicable,False,False,False,False,False,False
112,1e+20,0.958610992411,10.5960074233,0.964816879376,2.70281270019,1e+20,6.09446951497e+19,3.07343224725e+19,8.32098237777e+18,0.609446951497,0.307343224725,0.0832098237777,1,0.000776159887732,False,not_applicable,False,False,False,False,False,False
112,1e+22,5.43344504422,245.579241893,1,2.15471228589,1e+22,8.00604788895e+21,9.00859705944e+20,1.0930924051e+21,0.800604788895,0.0900859705944,0.10930924051,1,2.6645352591e-15,False,not_applicable,False,False,False,False,False,True
112,1e+24,39.5651305947,3656.69694383,1,1.91602888061,1e+24,8.68066152767e+23,1.34138818418e+22,1.18519965391e+23,0.868066152767,0.0134138818418,0.118519965391,1,1.75415237891e-14,False,not_applicable,False,False,False,False,False,True
113,1e+19,0.320046658422,3.80371323277,0.732927985611,3.1858237047,1e+19,7.30419425846e+18,1.69853975212e+18,9.97265989421e+17,0.730419425846,0.169853975212,0.0997265989421,1,1.08801856413e-13,False,not_applicable,False,False,False,False,False,False
113,1e+20,0.9722258747,10.2796271582,0.97460667648,2.70335072531,1e+20,5.9964717033e+19,3.18481002681e+19,8.1871826989e+18,0.59964717033,0.318481002681,0.081871826989,1,0.000282298201824,False,not_applicable,False,False,False,False,False,False
113,1e+22,5.43167524416,245.652048313,1,2.15469665527,1e+22,8.00581289699e+21,9.01126782142e+20,1.09306032087e+21,0.800581289699,0.0901126782142,0.109306032087,1,4.4408920985e-15,False,not_applicable,False,False,False,False,False,True
113,1e+24,39.5405813061,3658.93677979,1,1.91599076796,1e+24,8.68058923412e+23,1.34220982446e+22,1.18518978343e+23,0.868058923412,0.0134220982446,0.118518978343,1,3.57491813929e-14,False,not_applicable,False,False,False,False,False,True
114,1e+19,0.315569834534,3.87756147317,0.728870697994,3.18321028257,1e+19,7.34184859491e+18,1.6557443436e+18,1.00240706149e+18,0.734184859491,0.16557443436,0.100240706149,1,3.01980662698e-14,False,not_applicable,False,False,False,False,False,False
114,1e+20,0.962551949587,10.511843555,0.967282727228,2.70296613252,1e+20,6.0709173046e+19,3.10020011942e+19,8.28882575987e+18,0.60709173046,0.310020011942,0.0828882575987,1,0.000660858703693,False,not_applicable,False,False,False,False,False,False
114,1e+22,5.43184836313,245.644924602,1,2.15470305459,1e+22,8.00583588967e+21,9.01100650194e+20,1.09306346014e+21,0.800583588967,0.0901100650194,0.109306346014,1,1.90958360236e-14,False,not_applicable,False,False,False,False,False,True
114,1e+24,39.5426695254,3658.74614739,1,1.91600430585,1e+24,8.68059538702e+23,1.34213989467e+22,1.18519062351e+23,0.868059538702,0.0134213989467,0.118519062351,1,2.44249065418e-14,False,not_applicable,False,False,False,False,False,True
115,1e+19,0.309640065786,3.9850759268,0.722630464607,3.17830382391,1e+19,7.40363503284e+18,1.58552199734e+18,1.01084296982e+18,0.740363503284,0.158552199734,0.101084296982,1,3.10862446895e-15,False,not_applicable,False,False,False,False,False,False
115,1e+20,0.944788879301,10.9498383302,0.953703731942,2.70190027644,1e+20,6.20717129073e+19,2.94534292237e+19,8.47485786895e+18,0.620717129073,0.294534292237,0.0847485786895,1,1.45661260831e-13,False,not_applicable,False,False,False,False,False,False
115,1e+22,5.43442929434,245.538770269,1,2.15471191547,1e+22,8.00617851626e+21,9.00711243658e+20,1.09311024009e+21,0.800617851626,0.0900711243658,0.109311024009,1,4.4408920985e-16,False,not_applicable,False,False,False,False,False,True
115,1e+24,39.5819798889,3655.16122875,1,1.91600284644,1e+24,8.68071109482e+23,1.34082483696e+22,1.18520642148e+23,0.868071109482,0.0134082483696,0.118520642148,1,2.48467912911e-13,False,not_applicable,False,False,False,False,False,True
116,1e+19,0.310435537124,3.96259828162,0.724541697854,3.17886553333,1e+19,7.38078795576e+18,1.61148846201e+18,1.00772358223e+18,0.738078795576,0.161148846201,0.100772358223,1,1.02140518266e-14,False,not_applicable,False,False,False,False,False,False
116,1e+20,0.945531326446,10.9267835352,0.954476749525,2.70189601237,1e+20,6.1989696779e+19,2.95466432874e+19,8.46365993356e+18,0.61989696779,0.295466432874,0.0846365993356,1,3.50830475782e-14,False,not_applicable,False,False,False,False,False,False
116,1e+22,5.43359807729,245.572948412,1,2.15470397515,1e+22,8.00606820196e+21,9.00836619534e+20,1.09309517851e+21,0.800606820196,0.0900836619534,0.109309517851,1,4.4408920985e-16,False,not_applicable,False,False,False,False,False,True
116,1e+24,39.5694050625,3656.30722882,1,1.91599776145,1e+24,8.68067410622e+23,1.3412452248e+22,1.1852013713e+23,0.868067410622,0.013412452248,0.11852013713,1,4.57411886146e-14,False,not_applicable,False,False,False,False,False,True
117,1e+19,0.312051126644,3.93221756486,0.726361033866,3.18435925486,1e+19,7.36231752793e+18,1.63248071892e+18,1.00520175315e+18,0.736231752793,0.163248071892,0.100520175315,1,2.59792187762e-13,False,not_applicable,False,False,False,False,False,False
117,1e+20,0.979326653896,10.0779612412,0.981498120319,2.70354882132,1e+20,5.92176963628e+19,3.26971141605e+19,8.08518947673e+18,0.592176963628,0.326971141605,0.0808518947673,1,4.08821292974e-05,False,not_applicable,False,False,False,False,False,False
117,1e+22,5.43314816126,245.591452116,1,2.15472467683,1e+22,8.00600847891e+21,9.00904496773e+20,1.09308702432e+21,0.800600847891,0.0900904496773,0.109308702432,1,1.24344978758e-14,False,not_applicable,False,False,False,False,False,True
117,1e+24,39.5626392492,3656.92412498,1,1.91605721453,1e+24,8.68065419511e+23,1.34147152117e+22,1.18519865277e+23,0.868065419511,0.0134147152117,0.118519865277,1,2.77111666946e-13,False,not_applicable,False,False,False,False,False,True
118,1e+19,0.309868748115,3.98250355711,0.722643863606,3.17920504811,1e+19,7.40432034963e+18,1.58474311197e+18,1.0109365384e+18,0.740432034963,0.158474311197,0.10109365384,1,4.54747350886e-13,False,not_applicable,False,False,False,False,False,False
118,1e+20,0.949423959215,10.8307361101,0.957415584468,2.70224332697,1e+20,6.16977621531e+19,2.98784367209e+19,8.42380112597e+18,0.616977621531,0.298784367209,0.0842380112597,1,3.5438318946e-13,False,not_applicable,False,False,False,False,False,False
118,1e+22,5.43303086302,245.596276701,1,2.15471049547,1e+22,8.00599290695e+21,9.00922194825e+20,1.09308489823e+21,0.800599290695,0.0900922194825,0.109308489823,1,1.33226762955e-14,False,not_applicable,False,False,False,False,False,True
118,1e+24,39.5616410362,3657.01515809,1,1.91602960372,1e+24,8.6806512569e+23,1.34150491489e+22,1.18519825161e+23,0.86806512569,0.0134150491489,0.118519825161,1,2.44249065418e-15,False,not_applicable,False,False,False,False,False,True
119,1e+19,0.311298154293,3.98360416934,0.720350141163,3.17572023165,1e+19,7.44053175211e+18,1.543587646e+18,1.01588060189e+18,0.744053175211,0.1543587646,0.101588060189,1,2.53130849615e-14,False,not_applicable,False,False,False,False,False,False
119,1e+20,0.935229758349,11.2393562115,0.944160344113,2.70096688959,1e+20,6.30682823618e+19,2.83207948197e+19,8.61092281847e+18,0.630682823618,0.283207948197,0.0861092281847,1,3.96571664396e-13,False,not_applicable,False,False,False,False,False,False
119,1e+22,5.43386992571,245.561769449,1,2.15470685101,1e+22,8.00610428348e+21,9.00795611681e+20,1.09310010484e+21,0.800610428348,0.0900795611681,0.109310010484,1,1.37667655054e-14,False,not_applicable,False,False,False,False,False,True
119,1e+24,39.5690858347,3656.33633084,1,1.91602321675,1e+24,8.68067316691e+23,1.34125590031e+22,1.18520124306e+23,0.868067316691,0.0134125590031,0.118520124306,1,1.74527059471e-13,False,not_applicable,False,False,False,False,False,True
120,1e+19,0.311890448426,3.9528213626,0.723746120839,3.18294559897,1e+19,7.39708336398e+18,1.5929681874e+18,1.00994844863e+18,0.739708336398,0.15929681874,0.100994844863,1,7.1054273576e-15,False,not_applicable,False,False,False,False,False,False
120,1e+20,0.971780498251,10.2738297409,0.975016397596,2.70339531197,1e+20,5.99034443071e+19,3.19177387635e+19,8.1788169294e+18,0.599034443071,0.319177387635,0.081788169294,1,0.000186130577553,False,not_applicable,False,False,False,False,False,False
120,1e+22,5.43306920022,245.594699835,1,2.15471206831,1e+22,8.00599799648e+21,9.00916410401e+20,1.09308559312e+21,0.800599799648,0.0900916410401,0.109308559312,1,2.22044604925e-15,False,not_applicable,False,False,False,False,False,True
120,1e+24,39.5591972519,3657.23804076,1,1.91603339818,1e+24,8.68064406308e+23,1.34158667507e+22,1.18519726941e+23,0.868064406308,0.0134158667507,0.118519726941,1,2.32924790566e-13,False,not_applicable,False,False,False,False,False,True
121,1e+19,0.310040564848,3.97599253731,0.723284133857,3.18308797288,1e+19,7.39631383259e+18,1.59384278547e+18,1.00984338194e+18,0.739631383259,0.159384278547,0.100984338194,1,8.08242361927e-14,False,not_applicable,False,False,False,False,False,False
121,1e+20,0.975216667435,10.1808686097,0.978128062262,2.70348853158,1e+20,5.95713165431e+19,3.22952130383e+19,8.13347041868e+18,0.595713165431,0.322952130383,0.0813347041868,1,0.000102993524584,False,not_applicable,False,False,False,False,False,False
121,1e+22,5.43604757151,245.472256918,1,2.15469664338,1e+22,8.00639319654e+21,9.00467252362e+20,1.0931395511e+21,0.800639319654,0.0900467252362,0.10931395511,1,7.9936057773e-15,False,not_applicable,False,False,False,False,False,True
121,1e+24,39.6004466902,3653.47956824,1,1.91599511944,1e+24,8.68076537255e+23,1.34020795249e+22,1.1852138322e+23,0.868076537255,0.0134020795249,0.11852138322,1,2.86215495748e-13,False,not_applicable,False,False,False,False,False,True
122,1e+19,0.308160988346,4.00175157271,0.722549581042,3.17677850346,1e+19,7.39910231856e+18,1.59067357821e+18,1.01022410323e+18,0.739910231856,0.159067357821,0.101022410323,1,5.55111512313e-14,False,not_applicable,False,False,False,False,False,False
122,1e+20,0.938310887065,11.1024895743,0.949204418937,2.70131844401,1e+20,6.25055210466e+19,2.89603918132e+19,8.53408714022e+18,0.625055210466,0.289603918132,0.0853408714022,1,1.15463194561e-14,False,not_applicable,False,False,False,False,False,False
122,1e+22,5.43199860005,245.638742805,1,2.15470533446,1e+22,8.00585584221e+21,9.01077973472e+20,1.09306618432e+21,0.800585584221,0.0901077973472,0.109306618432,1,4.4408920985e-16,False,not_applicable,False,False,False,False,False,True
122,1e+24,39.5437023474,3658.65186898,1,1.91598936139,1e+24,8.68059842998e+23,1.34210531046e+22,1.18519103897e+23,0.868059842998,0.0134210531046,0.118519103897,1,2.75335310107e-14,False,not_applicable,False,False,False,False,False,True
123,1e+19,0.328675885757,3.66567248153,0.740968132341,3.18708863129,1e+19,7.22890889859e+18,1.78410407312e+18,9.86987028287e+17,0.722890889859,0.178410407312,0.0986987028287,1,1.33226762955e-15,False,not_applicable,False,False,False,False,False,False
123,1e+20,0.965695369946,10.4769297922,0.967798041902,2.70286719779,1e+20,6.07051355493e+19,3.10065899437e+19,8.288274507e+18,0.607051355493,0.310065899437,0.08288274507,1,0.000714354605325,False,not_applicable,False,False,False,False,False,False
123,1e+22,5.42959331561,245.737750423,1,2.1547429777,1e+22,8.00553628255e+21,9.01441163672e+20,1.09302255378e+21,0.800553628255,0.0901441163672,0.109302255378,1,8.881784197e-15,False,not_applicable,False,False,False,False,False,True
123,1e+24,39.5120989122,3661.53890671,1,1.91609405213,1e+24,8.68050524717e+23,1.34316436413e+22,1.18517831641e+23,0.868050524717,0.0134316436413,0.118517831641,1,2.55351295664e-14,False,not_applicable,False,False,False,False,False,True
124,1e+19,0.31137818721,3.9517892125,0.724644020742,3.1839115353,1e+19,7.38300576735e+18,1.60896784521e+18,1.00802638744e+18,0.738300576735,0.160896784521,0.100802638744,1,5.16919840265e-13,False,not_applicable,False,False,False,False,False,False
124,1e+20,0.979917814958,10.0652593464,0.981889614548,2.70357905513,1e+20,5.91787616745e+19,3.27413647315e+19,8.07987359396e+18,0.591787616745,0.327413647315,0.0807987359396,1,1.00716667668e-05,False,not_applicable,False,False,False,False,False,False
124,1e+22,5.43258949896,245.61443211,1,2.1547101204,1e+22,8.00593430806e+21,9.00988794416e+20,1.09307689753e+21,0.800593430806,0.0900988794416,0.109307689753,1,5.3290705182e-15,False,not_applicable,False,False,False,False,False,True
124,1e+24,39.5535871967,3657.74980246,1,1.91602718598,1e+24,8.68062754532e+23,1.3417744049e+22,1.18519501419e+23,0.868062754532,0.013417744049,0.118519501419,1,2.01616501272e-13,False,not_applicable,False,False,False,False,False,True
125,1e+19,0.311576593976,3.94498322265,0.725292218875,3.18205366023,1e+19,7.37498661482e+18,1.61808187937e+18,1.00693150581e+18,0.737498661482,0.161808187937,0.100693150581,1,2.75335310107e-14,False,not_applicable,False,False,False,False,False,False
125,1e+20,0.962289428966,10.4963559812,0.96807650145,2.70299224565,1e+20,6.06031944204e+19,3.11224494348e+19,8.27435614486e+18,0.606031944204,0.311224494348,0.0827435614486,1,0.000581515156307,False,not_applicable,False,False,False,False,False,False
125,1e+22,5.43645425861,245.455547201,1,2.15471146112,1e+22,8.00644712927e+21,9.00405956013e+20,1.09314691472e+21,0.800644712927,0.0900405956013,0.109314691472,1,7.54951656745e-15,False,not_applicable,False,False,False,False,False,True
125,1e+24,39.6574988126,3648.29393572,1,1.91593920081,1e+24,8.68093274542e+23,1.33830570401e+22,1.18523668418e+23,0.868093274542,0.0133830570401,0.118523668418,1,3.88578058619e-14,False,not_applicable,False,False,False,False,False,True
126,1e+19,0.315666106765,3.88746654854,0.727344688407,3.18232430682,1e+19,7.36284858336e+18,1.63187715673e+18,1.00527425991e+18,0.736284858336,0.163187715673,0.100527425991,1,1.99840144433e-14,False,not_applicable,False,False,False,False,False,False
126,1e+20,0.959367057883,10.6038831234,0.964195024042,2.70281082141,1e+20,6.10380969252e+19,3.06281682413e+19,8.33373483352e+18,0.610380969252,0.306281682413,0.0833373483352,1,0.00080772049516,False,not_applicable,False,False,False,False,False,False
126,1e+22,5.43408730098,245.552831266,1,2.15471303128,1e+22,8.0061331326e+21,9.00762823693e+20,1.0931040437e+21,0.80061331326,0.0900762823693,0.10931040437,1,7.1054273576e-15,False,not_applicable,False,False,False,False,False,True
126,1e+24,39.5757002262,3655.73343263,1,1.91600554101,1e+24,8.68069262622e+23,1.34103473883e+22,1.1852038999e+23,0.868069262622,0.0134103473883,0.11852038999,1,9.99200722163e-15,False,not_applicable,False,False,False,False,False,True
127,1e+19,0.311793626764,3.94666435343,0.724741638745,3.18207387652,1e+19,7.38326875425e+18,1.60866895184e+18,1.00806229391e+18,0.738326875425,0.160866895184,0.100806229391,1,1.24344978758e-14,False,not_applicable,False,False,False,False,False,False
127,1e+20,0.962983521899,10.4905754251,0.968102342545,2.70304165153,1e+20,6.06135076175e+19,3.11107281425e+19,8.27576424004e+18,0.606135076175,0.311107281425,0.0827576424004,1,0.000564819461955,False,not_applicable,False,False,False,False,False,False
127,1e+22,5.43130867179,245.667133844,1,2.15469741363,1e+22,8.00576420652e+21,9.0118212048e+20,1.093053673e+21,0.800576420652,0.090118212048,0.1093053673,1,1.06581410364e-14,False,not_applicable,False,False,False,False,False,True
127,1e+24,39.530254466,3659.87980349,1,1.91600642375,1e+24,8.68055879684e+23,1.34255575437e+22,1.18518562773e+23,0.868055879684,0.0134255575437,0.118518562773,1,2.17603712827e-14,False,not_applicable,False,False,False,False,False,True
128,1e+19,0.31518100036,3.88355661722,0.728591006584,3.1812624564,1e+19,7.34413955742e+18,1.65314058834e+18,1.00271985424e+18,0.734413955742,0.165314058834,0.100271985424,1,1.90958360236e-14,False,not_applicable,False,False,False,False,False,False
128,1e+20,0.952300247296,10.7757739925,0.958874890987,2.70229773224,1e+20,6.1570633427e+19,3.00229227557e+19,8.40644381724e+18,0.61570633427,0.300229227557,0.0840644381724,1,2.35367281221e-14,False,not_applicable,False,False,False,False,False,False
128,1e+22,5.43323710356,245.587793963,1,2.15470506494,1e+22,8.00602028606e+21,9.00891077552e+20,1.09308863639e+21,0.800602028606,0.0900891077552,0.109308863639,1,2.17603712827e-14,False,not_applicable,False,False,False,False,False,True
128,1e+24,39.5621155799,3656.971881,1,1.91599152147,1e+24,8.68065265372e+23,1.34148903953e+22,1.18519844232e+23,0.868065265372,0.0134148903953,0.118519844232,1,1.64313007645e-14,False,not_applicable,False,False,False,False,False,True
129,1e+19,0.310687051645,3.97769365193,0.722087931084,3.17720090358,1e+19,7.41490747838e+18,1.57271048724e+18,1.01238203438e+18,0.741490747838,0.157271048724,0.101238203438,1,2.62012633812e-14,False,not_applicable,False,False,False,False,False,False
129,1e+20,0.940231499888,11.0852436589,0.949255715831,2.70143908934,1e+20,6.25361716325e+19,2.89255564007e+19,8.53827196688e+18,0.625361716325,0.289255564007,0.0853827196688,1,6.79456491071e-14,False,not_applicable,False,False,False,False,False,False
129,1e+22,5.43466824325,245.528946881,1,2.15471258386,1e+22,8.00621022249e+21,9.00675208471e+20,1.09311456904e+21,0.800621022249,0.0900675208471,0.109311456904,1,4.4408920985e-16,False,not_applicable,False,False,False,False,False,True
129,1e+24,39.5830909418,3655.06000808,1,1.91604953253,1e+24,8.68071436185e+23,1.34078770612e+22,1.18520686754e+23,0.868071436185,0.0134078770612,0.118520686754,1,7.88258347484e-14,False,not_applicable,False,False,False,False,False,True
130,1e+19,0.308254076733,3.98521808054,0.724660739866,3.18138800313,1e+19,7.37075831998e+18,1.62288747739e+18,1.00635420262e+18,0.737075831998,0.162288747739,0.100635420262,1,1.55431223448e-14,False,not_applicable,False,False,False,False,False,False
130,1e+20,0.959901133174,10.5396066299,0.966931321081,2.70289353504,1e+20,6.07018820833e+19,3.10102876162e+19,8.28783030044e+18,0.607018820833,0.310102876162,0.0828783030044,1,0.000740486744982,False,not_applicable,False,False,False,False,False,False
130,1e+22,5.43207730406,245.635504496,1,2.15470252018,1e+22,8.00586629426e+21,9.01066094365e+20,1.09306761138e+21,0.800586629426,0.0901066094365,0.109306761138,1,3.10862446895e-15,False,not_applicable,False,False,False,False,False,True
130,1e+24,39.5474714514,3658.30785754,1,1.91597428345,1e+24,8.68060953339e+23,1.34197911655e+22,1.18519255496e+23,0.868060953339,0.0134197911655,0.118519255496,1,3.04201108747e-14,False,not_applicable,False,False,False,False,False,True
131,1e+19,0.310983626504,3.98045680692,0.721261139758,3.17543881141,1e+19,7.42714135776e+18,1.55880627553e+18,1.01405236671e+18,0.742714135776,0.155880627553,0.101405236671,1,2.22044604925e-14,False,not_applicable,False,False,False,False,False,False
131,1e+20,0.932930422045,11.2884361106,0.942826426189,2.70076651089,1e+20,6.31879527895e+19,2.81847853897e+19,8.62726182085e+18,0.631879527895,0.281847853897,0.0862726182085,1,1.1857181903e-13,False,not_applicable,False,False,False,False,False,False
131,1e+22,5.43006546071,245.718309436,1,2.15469512797,1e+22,8.0055990308e+21,9.01369848191e+20,1.09303112101e+21,0.80055990308,0.0901369848191,0.109303112101,1,8.881784197e-16,False,not_applicable,False,False,False,False,False,True
131,1e+24,39.5141983406,3661.3469784,1,1.91597197738,1e+24,8.6805114419e+23,1.34309395896e+22,1.1851791622e+23,0.86805114419,0.0134309395896,0.11851791622,1,1.37001521239e-13,False,not_applicable,False,False,False,False,False,True
132,1e+19,0.308963508769,4.0213577393,0.718650020236,3.1750681055,1e+19,7.45471678288e+18,1.5274658857e+18,1.01781733142e+18,0.745471678288,0.15274658857,0.101781733142,1,2.48689957516e-14,False,not_applicable,False,False,False,False,False,False
132,1e+20,0.933863605637,11.2589535449,0.943803582682,2.70097080333,1e+20,6.30859617188e+19,2.83007016412e+19,8.61333664e+18,0.630859617188,0.283007016412,0.0861333664,1,8.43769498715e-15,False,not_applicable,False,False,False,False,False,False
132,1e+22,5.43188932918,245.643238942,1,2.15465898739,1e+22,8.00584133035e+21,9.01094466676e+20,1.09306420297e+21,0.800584133035,0.0901094466676,0.109306420297,1,1.28785870857e-14,False,not_applicable,False,False,False,False,False,True
132,1e+24,39.5371504562,3659.25002334,1,1.91589353156,1e+24,8.68057912379e+23,1.34232473176e+22,1.18518840303e+23,0.868057912379,0.0134232473176,0.118518840303,1,7.90478793533e-14,False,not_applicable,False,False,False,False,False,True
133,1e+19,0.31244208836,3.93708677413,0.725116491462,3.1873198883,1e+19,7.38066968259e+18,1.61162288342e+18,1.007707434e+18,0.738066968259,0.161162288342,0.1007707434,1,0.0765129927728,False,not_applicable,False,False,False,False,False,False
133,1e+20,1.00250725513,9.519636238,1,2.70361674362,1e+20,5.72610263685e+19,3.49209348313e+19,7.81803880018e+18,0.572610263685,0.349209348313,0.0781803880018,1,9.32587340685e-15,False,not_applicable,False,False,False,False,False,True
133,1e+22,5.4318698698,245.644039648,1,2.15469590801,1e+22,8.00583874597e+21,9.01097403912e+20,1.09306385012e+21,0.800583874597,0.0901097403912,0.109306385012,1,1.95399252334e-14,False,not_applicable,False,False,False,False,False,True
133,1e+24,39.541592156,3658.84449738,1,1.91600488786,1e+24,8.68059221265e+23,1.34217597245e+22,1.1851901901e+23,0.868059221265,0.0134217597245,0.11851901901,1,5.66213742559e-14,False,not_applicable,False,False,False,False,False,True
134,1e+19,0.329334346559,3.65735829874,0.741302297622,3.19002651947,1e+19,7.22696223269e+18,1.7863165238e+18,9.86721243504e+17,0.722696223269,0.17863165238,0.0986721243504,1,1.34559030585e-13,False,not_applicable,False,False,False,False,False,False
134,1e+20,1.00252445698,9.51952993526,1,2.70362539359,1e+20,5.72613694741e+19,3.49205448804e+19,7.81808564553e+18,0.572613694741,0.349205448804,0.0781808564553,1,3.84908108861e-05,False,not_applicable,False,False,False,False,False,True
134,1e+22,5.43146850707,245.660555924,1,2.1547013519,1e+22,8.00578543759e+21,9.0115799066e+20,1.09305657175e+21,0.800578543759,0.090115799066,0.109305657175,1,7.54951656745e-15,False,not_applicable,False,False,False,False,False,True
134,1e+24,39.5353365029,3659.41566264,1,1.91599684713,1e+24,8.68057377757e+23,1.34238549332e+22,1.1851876731e+23,0.868057377757,0.0134238549332,0.11851876731,1,1.51878509769e-13,False,not_applicable,False,False,False,False,False,True
135,1e+19,0.311708597798,3.93759697611,0.726117938227,3.17609153345,1e+19,7.3642969927e+18,1.63023099123e+18,1.00547201607e+18,0.73642969927,0.163023099123,0.100547201607,1,2.23376872555e-13,False,not_applicable,False,False,False,False,False,False
135,1e+20,0.931975080564,11.2876603256,0.943240632625,2.70049079572,1e+20,6.31189088481e+19,2.82632561305e+19,8.6178350214e+18,0.631189088481,0.282632561305,0.086178350214,1,1.37667655054e-14,False,not_applicable,False,False,False,False,False,False
135,1e+22,5.43130832017,245.667148315,1,2.15470432004,1e+22,8.00576415982e+21,9.01182173564e+20,1.09305366662e+21,0.800576415982,0.0901182173564,0.109305366662,1,4.4408920985e-15,False,not_applicable,False,False,False,False,False,True
135,1e+24,39.5345471513,3659.48774615,1,1.91597863034,1e+24,8.68057145098e+23,1.34241193575e+22,1.18518735544e+23,0.868057145098,0.0134241193575,0.118518735544,1,7.06101843662e-14,False,not_applicable,False,False,False,False,False,True
136,1e+19,0.310856737644,3.97334270043,0.722436898256,3.18056276083,1e+19,7.4108420964e+18,1.57733092938e+18,1.01182697423e+18,0.74108420964,0.157733092938,0.101182697423,1,6.2172489379e-14,False,not_applicable,False,False,False,False,False,False
136,1e+20,0.957075031777,10.6457311488,0.963093318063,2.70276368652,1e+20,6.1132580865e+19,3.05207840942e+19,8.34663504077e+18,0.61132580865,0.305207840942,0.0834663504077,1,0.000835909178241,False,not_applicable,False,False,False,False,False,False
136,1e+22,5.43396244867,245.557964948,1,2.15470745927,1e+22,8.00611656299e+21,9.00781655608e+20,1.0931017814e+21,0.800611656299,0.0900781655608,0.10931017814,1,7.9936057773e-15,False,not_applicable,False,False,False,False,False,True
136,1e+24,39.5719425238,3656.07592077,1,1.91600882816,1e+24,8.68068157198e+23,1.34116037394e+22,1.18520239063e+23,0.868068157198,0.0134116037394,0.118520239063,1,2.17603712827e-14,False,not_applicable,False,False,False,False,False,True
137,1e+19,0.307002194089,4.00690361994,0.723570052051,3.17962615223,1e+19,7.38076921696e+18,1.61150975928e+18,1.00772102376e+18,0.738076921696,0.161150975928,0.100772102376,1,1.59872115546e-14,False,not_applicable,False,False,False,False,False,False
137,1e+20,0.95157698633,10.7429576033,0.960625311737,2.70238112599,1e+20,6.13365073224e+19,3.02890148778e+19,8.37447779976e+18,0.613365073224,0.302890148778,0.0837447779976,1,2.48689957516e-14,False,not_applicable,False,False,False,False,False,False
137,1e+22,5.43268512467,245.610498341,1,2.15470767065,1e+22,8.0059470048e+21,9.00974364147e+20,1.09307863106e+21,0.80059470048,0.0900974364147,0.109307863106,1,1.28785870857e-14,False,not_applicable,False,False,False,False,False,True
137,1e+24,39.5556894646,3657.55801213,1,1.91601003818,1e+24,8.6806337356e+23,1.34170405034e+22,1.18519585937e+23,0.86806337356,0.0134170405034,0.118519585937,1,2.72892819453e-13,False,not_applicable,False,False,False,False,False,True
138,1e+19,0.309832499241,3.98328192156,0.72259073416,3.17923748185,1e+19,7.40490115764e+18,1.58408300431e+18,1.01101583806e+18,0.740490115764,0.158408300431,0.101101583806,1,4.47641923529e-13,False,not_applicable,False,False,False,False,False,False
138,1e+20,0.94924273049,10.8346128286,0.957305252709,2.7022612055,1e+20,6.17080647912e+19,2.98667274293e+19,8.42520777949e+18,0.617080647912,0.298667274293,0.0842520777949,1,2.29150032283e-13,False,not_applicable,False,False,False,False,False,False
138,1e+22,5.43189206378,245.64312642,1,2.15469556617,1e+22,8.00584169353e+21,9.01094053912e+20,1.09306425256e+21,0.800584169353,0.0901094053912,0.109306425256,1,9.7699626167e-15,False,not_applicable,False,False,False,False,False,True
138,1e+24,39.5446281702,3658.56736184,1,1.91600932385,1e+24,8.68060115756e+23,1.34207431066e+22,1.18519141138e+23,0.868060115756,0.0134207431066,0.118519141138,1,1.90958360236e-14,False,not_applicable,False,False,False,False,False,True
139,1e+19,0.308327304873,3.99566055137,0.723132557371,3.18106259454,1e+19,7.39182749396e+18,1.59894165887e+18,1.00923084717e+18,0.739182749396,0.159894165887,0.100923084717,1,5.10702591328e-13,False,not_applicable,False,False,False,False,False,False
139,1e+20,0.959624773532,10.5536983641,0.966387132164,2.70293718975,1e+20,6.07655424155e+19,3.09379355267e+19,8.2965220578e+18,0.607655424155,0.309379355267,0.082965220578,1,0.000715626380009,False,not_applicable,False,False,False,False,False,False
139,1e+22,5.43131111584,245.667033258,1,2.1546990486,1e+22,8.00576453118e+21,9.011817515e+20,1.09305371732e+21,0.800576453118,0.09011817515,0.109305371732,1,1.11022302463e-14,False,not_applicable,False,False,False,False,False,True
139,1e+24,39.5363977016,3659.31875854,1,1.91596890478,1e+24,8.68057690527e+23,1.34234994594e+22,1.18518810013e+23,0.868057690527,0.0134234994594,0.118518810013,1,8.65973959208e-15,False,not_applicable,False,False,False,False,False,True
140,1e+19,0.313138971839,3.93836869265,0.723912891488,3.18414344379,1e+19,7.39954033883e+18,1.59017575358e+18,1.01028390759e+18,0.739954033883,0.159017575358,0.101028390759,1,9.01501095996e-14,False,not_applicable,False,False,False,False,False,False
140,1e+20,1.00256831681,9.5192589042,1,2.70360993989,1e+20,5.72622442613e+19,3.49195506556e+19,7.81820508314e+18,0.572622442613,0.349195506556,0.0781820508314,1,8.22002760144e-05,False,not_applicable,False,False,False,False,False,True
140,1e+22,5.43360576128,245.572632417,1,2.15471081707,1e+22,8.00606922187e+21,9.00835460365e+20,1.09309531776e+21,0.800606922187,0.0900835460365,0.109309531776,1,4.88498130835e-14,False,not_applicable,False,False,False,False,False,True
140,1e+24,39.5677015082,3656.46253661,1,1.91600642528,1e+24,8.68066909346e+23,1.34130219645e+22,1.18520068689e+23,0.868066909346,0.0134130219645,0.118520068689,1,5.50670620214e-14,False,not_applicable,False,False,False,False,False,True
141,1e+19,0.314950720227,3.88635585934,0.72853113199,3.17913546513,1e+19,7.34406346176e+18,1.65322707359e+18,1.00270946465e+18,0.734406346176,0.165322707359,0.100270946465,1,1.82076576039e-14,False,not_applicable,False,False,False,False,False,False
141,1e+20,0.942352021672,11.0336562836,0.950801117435,2.70142677937,1e+20,6.23855298318e+19,2.90967658285e+19,8.5177043397e+18,0.623855298318,0.290967658285,0.085177043397,1,1.02140518266e-14,False,not_applicable,False,False,False,False,False,False
141,1e+22,5.43260355124,245.613854032,1,2.15470599068,1e+22,8.00593617388e+21,9.00986673847e+20,1.09307715227e+21,0.800593617388,0.0900986673847,0.109307715227,1,6.2172489379e-15,False,not_applicable,False,False,False,False,False,True
141,1e+24,39.5545216675,3657.66454801,1,1.91602681282,1e+24,8.68063029702e+23,1.34174313096e+22,1.18519538989e+23,0.868063029702,0.0134174313096,0.118519538989,1,8.2822637637e-14,False,not_applicable,False,False,False,False,False,True
142,1e+19,0.310624039044,3.9617732344,0.724377704843,3.17989196116,1e+19,7.38373202308e+18,1.60814243137e+18,1.00812554555e+18,0.738373202308,0.160814243137,0.100812554555,1,1.7763568394e-15,False,not_applicable,False,False,False,False,False,False
142,1e+20,0.950890580074,10.7910234723,0.958689650915,2.70231822633,1e+20,6.15664954149e+19,3.00276257445e+19,8.40587884064e+18,0.615664954149,0.300276257445,0.0840587884064,1,2.84217094304e-14,False,not_applicable,False,False,False,False,False,False
142,1e+22,5.43309773221,245.593526286,1,2.1547006028,1e+22,8.00600178426e+21,9.00912105463e+20,1.09308611028e+21,0.800600178426,0.0900912105463,0.109308611028,1,1.28785870857e-14,False,not_applicable,False,False,False,False,False,True
142,1e+24,39.5613052535,3657.04578117,1,1.91599122316,1e+24,8.6806502685e+23,1.34151614838e+22,1.18519811666e+23,0.86806502685,0.0134151614838,0.118519811666,1,2.46469511467e-13,False,not_applicable,False,False,False,False,False,True
143,1e+19,0.309746745992,3.97423548215,0.723959897103,3.17923769833,1e+19,7.38603905041e+18,1.60552041791e+18,1.00844053168e+18,0.738603905041,0.160552041791,0.100844053168,1,1.15463194561e-14,False,not_applicable,False,False,False,False,False,False
143,1e+20,0.948207452938,10.8530321207,0.95684536028,2.70211588781,1e+20,6.17455556629e+19,2.9824117804e+19,8.43032653317e+18,0.617455556629,0.29824117804,0.0843032653317,1,3.97015753606e-13,False,not_applicable,False,False,False,False,False,False
143,1e+22,5.43305283868,245.595372807,1,2.15470715546,1e+22,8.00599582438e+21,9.00918879068e+20,1.09308529655e+21,0.800599582438,0.0900918879068,0.109308529655,1,7.1054273576e-15,False,not_applicable,False,False,False,False,False,True
143,1e+24,39.5624599891,3656.94047247,1,1.9160262594,1e+24,8.68065366748e+23,1.34147751792e+22,1.18519858073e+23,0.868065366748,0.0134147751792,0.118519858073,1,2.74891220897e-13,False,not_applicable,False,False,False,False,False,True
144,1e+19,0.313114384529,3.93071137825,0.725016532509,3.17986290816,1e+19,7.38457364376e+18,1.60718590141e+18,1.00824045483e+18,0.738457364376,0.160718590141,0.100824045483,1,5.3290705182e-15,False,not_applicable,False,False,False,False,False,False
144,1e+20,0.949560908993,10.846564868,0.956645301069,2.70215671002,1e+20,6.17968439731e+19,2.97658269297e+19,8.43732909713e+18,0.617968439731,0.297658269297,0.0843732909713,1,1.82076576039e-14,False,not_applicable,False,False,False,False,False,False
144,1e+22,5.43340274964,245.580981313,1,2.15471736215,1e+22,8.00604227475e+21,9.00866086669e+20,1.09309163858e+21,0.800604227475,0.0900866086669,0.109309163858,1,4.4408920985e-16,False,not_applicable,False,False,False,False,False,True
144,1e+24,39.5661818262,3656.60109245,1,1.91605971487,1e+24,8.6806646214e+23,1.34135302296e+22,1.18520007631e+23,0.86806646214,0.0134135302296,0.118520007631,1,2.64233079861e-14,False,not_applicable,False,False,False,False,False,True
145,1e+19,0.30819593137,3.9740977367,0.726252075286,3.18301718584,1e+19,7.34880451991e+18,1.64783870297e+18,1.00335677712e+18,0.734880451991,0.164783870297,0.100335677712,1,1.42996725572e-13,False,not_applicable,False,False,False,False,False,False
145,1e+20,0.969056893637,10.3031684548,0.974576981479,2.70325213628,1e+20,5.99061385046e+19,3.19146767182e+19,8.17918477716e+18,0.599061385046,0.319146767182,0.0817918477716,1,0.000351828598011,False,not_applicable,False,False,False,False,False,False
145,1e+22,5.43292435239,245.600657745,1,2.15471117713,1e+22,8.00597876657e+21,9.00938265836e+20,1.0930829676e+21,0.800597876657,0.0900938265836,0.10930829676,1,9.32587340685e-15,False,not_applicable,False,False,False,False,False,True
145,1e+24,39.5822857985,3655.13335879,1,1.91596422143,1e+24,8.68071199436e+23,1.34081461341e+22,1.1852065443e+23,0.868071199436,0.0134081461341,0.11852065443,1,7.1054273576e-15,False,not_applicable,False,False,False,False,False,True
146,1e+19,0.311477997211,3.96187525089,0.723101438003,3.18060721672,1e+19,7.40422181007e+18,1.58485510546e+18,1.01092308447e+18,0.740422181007,0.158485510546,0.101092308447,1,2.0650148258e-13,False,not_applicable,False,False,False,False,False,False
146,1e+20,0.955934078241,10.6759035859,0.962122981377,2.70270385025,1e+20,6.12327603224e+19,3.04069268016e+19,8.36031287602e+18,0.612327603224,0.304069268016,0.0836031287602,1,0.000917871983177,False,not_applicable,False,False,False,False,False,False
146,1e+22,5.43118588218,245.672187412,1,2.15469408238,1e+22,8.00574789549e+21,9.0120065851e+20,1.093051446e+21,0.800574789549,0.090120065851,0.1093051446,1,3.10862446895e-15,False,not_applicable,False,False,False,False,False,True
146,1e+24,39.5302920014,3659.87637497,1,1.91599028546,1e+24,8.6805589075e+23,1.34255449668e+22,1.18518564284e+23,0.86805589075,0.0134255449668,0.118518564284,1,2.88657986403e-14,False,not_applicable,False,False,False,False,False,True
147,1e+19,0.310759644992,3.97297854785,0.72263180846,3.18381296563,1e+19,7.40784841856e+18,1.58073334402e+18,1.01141823741e+18,0.740784841856,0.158073334402,0.101141823741,1,3.95239396767e-14,False,not_applicable,False,False,False,False,False,False
147,1e+20,1.00252944018,9.51949914086,1,2.70364112474,1e+20,5.72614688669e+19,3.49204319171e+19,7.81809921597e+18,0.572614688669,0.349204319171,0.0781809921597,1,8.881784197e-16,False,not_applicable,False,False,False,False,False,True
147,1e+22,5.43316195657,245.590884715,1,2.15470166595,1e+22,8.00601031027e+21,9.00902415372e+20,1.09308727436e+21,0.800601031027,0.0900902415372,0.109308727436,1,7.1054273576e-15,False,not_applicable,False,False,False,False,False,True
147,1e+24,39.5635573777,3656.84039928,1,1.91597235748,1e+24,8.68065689746e+23,1.34144080802e+22,1.18519902173e+23,0.868065689746,0.0134144080802,0.118519902173,1,1.42108547152e-14,False,not_applicable,False,False,False,False,False,True
148,1e+19,0.325643849199,3.71255513909,0.73825394942,3.19021669764,1e+19,7.25382447514e+18,1.75578668986e+18,9.90388835006e+17,0.725382447514,0.175578668986,0.0990388835006,1,6.43929354283e-14,False,not_applicable,False,False,False,False,False,False
148,1e+20,1.00248258402,9.51978870287,1,2.70359571909,1e+20,5.72605342688e+19,3.4921494119e+19,7.81797161217e+18,0.572605342688,0.34921494119,0.0781797161217,1,8.881784197e-16,False,not_applicable,False,False,False,False,False,True
148,1e+22,5.43328254538,245.585925006,1,2.15470961386,1e+22,8.00602631836e+21,9.00884221645e+20,1.09308946e+21,0.800602631836,0.0900884221645,0.109308946,1,9.7699626167e-15,False,not_applicable,False,False,False,False,False,True
148,1e+24,39.565665499,3656.64817058,1,1.91603098603,1e+24,8.68066310189e+23,1.34137029266e+22,1.18519986884e+23,0.868066310189,0.0134137029266,0.118519986884,1,1.0413891971e-13,False,not_applicable,False,False,False,False,False,True
149,1e+19,0.309002208979,3.97264812142,0.725271354498,3.18238716883,1e+19,7.3653422701e+18,1.62904299862e+18,1.00561473128e+18,0.73653422701,0.162904299862,0.100561473128,1,1.28785870857e-13,False,not_applicable,False,False,False,False,False,False
149,1e+20,0.965609769682,10.4016589419,0.971252887816,2.70314211922,1e+20,6.02636609714e+19,3.15083405173e+19,8.22799851129e+18,0.602636609714,0.315083405173,0.0822799851129,1,0.000476534613587,False,not_applicable,False,False,False,False,False,False
149,1e+22,5.43251318268,245.617571636,1,2.15470278644,1e+22,8.00592417484e+21,9.01000311153e+20,1.09307551401e+21,0.800592417484,0.0901000311153,0.109307551401,1,9.32587340685e-15,False,not_applicable,False,False,False,False,False,True
149,1e+24,39.551799667,3657.91289498,1,1.91598342573,1e+24,8.6806222813e+23,1.34183423222e+22,1.18519429547e+23,0.86806222813,0.0134183423222,0.118519429547,1,1.62092561595e-14,False,not_applicable,False,False,False,False,False,True
150,1e+19,0.336133302188,3.57158715647,0.745024910334,3.1929646986,1e+19,7.20317630975e+18,1.8133500181e+18,9.83473672158e+17,0.720317630975,0.18133500181,0.0983473672158,1,1.02140518266e-14,False,not_applicable,False,False,False,False,False,False
150,1e+20,1.00254765601,9.5193865753,1,2.70359555683,1e+20,5.72618321866e+19,3.49200189922e+19,7.81814882121e+18,0.572618321866,0.349200189922,0.0781814882121,1,0,False,not_applicable,False,False,False,False,False,True
150,1e+22,5.43389906379,245.560571292,1,2.1547126652,1e+22,8.00610815069e+21,9.00791216474e+20,1.09310063284e+21,0.800610815069,0.0900791216474,0.109310063284,1,4.26325641456e-14,False,not_applicable,False,False,False,False,False,True
150,1e+24,39.5725022407,3656.02490245,1,1.9160267935,1e+24,8.68068321866e+23,1.34114165886e+22,1.18520261545e+23,0.868068321866,0.0134114165886,0.118520261545,1,1.75415237891e-13,False,not_applicable,False,False,False,False,False,True
151,1e+19,0.308092767734,4.03866462336,0.717592218998,3.17706494368,1e+19,7.46570017056e+18,1.51498289949e+18,1.01931692995e+18,0.746570017056,0.151498289949,0.101931692995,1,8.881784197e-15,False,not_applicable,False,False,False,False,False,False
151,1e+20,0.943898561715,10.987175342,0.952336628247,2.70198791689,1e+20,6.2224674016e+19,2.9279583825e+19,8.49574215898e+18,0.62224674016,0.29279583825,0.0849574215898,1,2.30926389122e-14,False,not_applicable,False,False,False,False,False,False
151,1e+22,5.43287100727,245.60285202,1,2.15470588896,1e+22,8.00597168427e+21,9.00946315107e+20,1.09308200063e+21,0.800597168427,0.0900946315107,0.109308200063,1,9.7699626167e-15,False,not_applicable,False,False,False,False,False,True
151,1e+24,39.560236989,3657.14320936,1,1.91599338196,1e+24,8.68064712388e+23,1.34155188801e+22,1.18519768731e+23,0.868064712388,0.0134155188801,0.118519768731,1,1.55431223448e-14,False,not_applicable,False,False,False,False,False,True
152,1e+19,0.309005611731,3.98188665525,0.724007309112,3.17768273797,1e+19,7.3825519305e+18,1.60948364592e+18,1.00796442358e+18,0.73825519305,0.160948364592,0.100796442358,1,2.93098878501e-14,False,not_applicable,False,False,False,False,False,False
152,1e+20,0.940943157083,11.0316659078,0.951423898755,2.70151507832,1e+20,6.2281023283e+19,2.92155410047e+19,8.50343571224e+18,0.62281023283,0.292155410047,0.0850343571224,1,2.34923192011e-13,False,not_applicable,False,False,False,False,False,False
152,1e+22,5.43240704021,245.621938294,1,2.15470711744,1e+22,8.0059100809e+21,9.0101632939e+20,1.09307358971e+21,0.80059100809,0.090101632939,0.109307358971,1,8.881784197e-15,False,not_applicable,False,False,False,False,False,True
152,1e+24,39.5625521272,3656.93206999,1,1.91598345624,1e+24,8.68065393868e+23,1.34147443564e+22,1.18519861776e+23,0.868065393868,0.0134147443564,0.118519861776,1,1.1990408666e-14,False,not_applicable,False,False,False,False,False,True
153,1e+19,0.310160356947,3.95662462377,0.72576383916,3.1814362477,1e+19,7.36312863368e+18,1.6315588702e+18,1.00531249612e+18,0.736312863368,0.16315588702,0.100531249612,1,1.28785870857e-13,False,not_applicable,False,False,False,False,False,False
153,1e+20,0.958011454194,10.5974194946,0.96496125373,2.70275196254,1e+20,6.09146955642e+19,3.07684180014e+19,8.31688643437e+18,0.609146955642,0.307684180014,0.0831688643437,1,1.50990331349e-14,False,not_applicable,False,False,False,False,False,False
153,1e+22,5.43242903978,245.621033227,1,2.15470281045,1e+22,8.00591300211e+21,9.0101300933e+20,1.09307398856e+21,0.800591300211,0.090101300933,0.109307398856,1,2.6645352591e-15,False,not_applicable,False,False,False,False,False,True
153,1e+24,39.5511994448,3657.96766195,1,1.91600514328,1e+24,8.68062051363e+23,1.34185432242e+22,1.18519405413e+23,0.868062051363,0.0134185432242,0.118519405413,1,4.28546087505e-14,False,not_applicable,False,False,False,False,False,True
154,1e+19,0.309468922227,3.97282805815,0.724561852454,3.18036085907,1e+19,7.37680090408e+18,1.61601987915e+18,1.00717921677e+18,0.737680090408,0.161601987915,0.100717921677,1,2.02948768901e-13,False,not_applicable,False,False,False,False,False,False
154,1e+20,0.953545962716,10.710953501,0.96137634688,2.70249209754,1e+20,6.12803188063e+19,3.03528749994e+19,8.36680619435e+18,0.612803188063,0.303528749994,0.0836680619435,1,3.59268170769e-13,False,not_applicable,False,False,False,False,False,False
154,1e+22,5.43281834169,245.605018382,1,2.15470345064,1e+22,8.00596469206e+21,9.00954261983e+20,1.09308104596e+21,0.800596469206,0.0900954261983,0.109308104596,1,3.10862446895e-15,False,not_applicable,False,False,False,False,False,True
154,1e+24,39.5547802156,3657.64096063,1,1.91602018329,1e+24,8.68063105833e+23,1.34173447839e+22,1.18519549383e+23,0.868063105833,0.0134173447839,0.118519549383,1,4.99600361081e-14,False,not_applicable,False,False,False,False,False,True
155,1e+19,0.318193031002,3.83183579551,0.731557381753,3.18288573356,1e+19,7.31558067646e+18,1.68559870852e+18,9.98820615026e+17,0.731558067646,0.168559870852,0.0998820615026,1,1.61648472385e-13,False,not_applicable,False,False,False,False,False,False
155,1e+20,0.956744119326,10.6719234099,0.962017665259,2.70254610448,1e+20,6.12617997856e+19,3.03739224836e+19,8.36427773073e+18,0.612617997856,0.303739224836,0.0836427773073,1,3.30846461338e-13,False,not_applicable,False,False,False,False,False,False
155,1e+22,5.43170338516,245.650890305,1,2.15470194181,1e+22,8.00581663461e+21,9.01122534213e+20,1.09306083118e+21,0.800581663461,0.0901122534213,0.109306083118,1,4.4408920985e-15,False,not_applicable,False,False,False,False,False,True
155,1e+24,39.5392103233,3659.06194687,1,1.9159698032,1e+24,8.6805851942e+23,1.34225573957e+22,1.18518923185e+23,0.86805851942,0.0134225573957,0.118518923185,1,3.01980662698e-14,False,not_applicable,False,False,False,False,False,True
156,1e+19,0.309244550061,3.97370128164,0.724772417964,3.17998983817,1e+19,7.37307278951e+18,1.62025700563e+18,1.00667020486e+18,0.737307278951,0.162025700563,0.100667020486,1,3.99680288865e-15,False,not_applicable,False,False,False,False,False,False
156,1e+20,0.951136111579,10.7680715023,0.959643840761,2.70234291145,1e+20,6.14514099477e+19,3.01584242141e+19,8.39016583819e+18,0.614514099477,0.301584242141,0.0839016583819,1,3.38840067116e-13,False,not_applicable,False,False,False,False,False,False
156,1e+22,5.43141636913,245.66270159,1,2.15469371119,1e+22,8.00577851219e+21,9.01165861616e+20,1.0930556262e+21,0.800577851219,0.0901165861616,0.10930556262,1,4.88498130835e-15,False,not_applicable,False,False,False,False,False,True
156,1e+24,39.5360146788,3659.35373394,1,1.91599327406,1e+24,8.6805757764e+23,1.34236277598e+22,1.185187946e+23,0.86805757764,0.0134236277598,0.1185187946,1,2.55795384874e-13,False,not_applicable,False,False,False,False,False,True
157,1e+19,0.311659214214,3.96671527524,0.722159823788,3.18311544992,1e+19,7.41758019416e+18,1.56967285667e+18,1.01274694918e+18,0.741758019416,0.156967285667,0.101274694918,1,2.6645352591e-15,False,not_applicable,False,False,False,False,False,False
157,1e+20,0.977747247461,10.1287163231,0.979690204181,2.70359207163,1e+20,5.94199470313e+19,3.2467249534e+19,8.11280343467e+18,0.594199470313,0.32467249534,0.0811280343467,1,5.90054901695e-06,False,not_applicable,False,False,False,False,False,False
157,1e+22,5.43213514194,245.633124787,1,2.154703252,1e+22,8.00587397507e+21,9.01057364865e+20,1.09306866006e+21,0.800587397507,0.0901057364865,0.109306866006,1,2.975397706e-14,False,not_applicable,False,False,False,False,False,True
157,1e+24,39.5449166628,3658.54102964,1,1.91599521659,1e+24,8.68060200746e+23,1.34206465121e+22,1.18519152742e+23,0.868060200746,0.0134206465121,0.118519152742,1,1.38777878078e-13,False,not_applicable,False,False,False,False,False,True
158,1e+19,0.31844245186,3.84659292015,0.729117230117,3.18274409968,1e+19,7.3495108848e+18,1.64703589573e+18,1.00345321947e+18,0.73495108848,0.164703589573,0.100345321947,1,7.63833440942e-14,False,not_applicable,False,False,False,False,False,False
158,1e+20,0.958987026039,10.6288764906,0.96318903942,2.70271904153,1e+20,6.11577279353e+19,3.04922036106e+19,8.3500684541e+18,0.611577279353,0.304922036106,0.083500684541,1,0.000868236228873,False,not_applicable,False,False,False,False,False,False
158,1e+22,5.43184974392,245.644867786,1,2.15470957215,1e+22,8.00583607305e+21,9.01100441773e+20,1.09306348517e+21,0.800583607305,0.0901100441773,0.109306348517,1,2.975397706e-14,False,not_applicable,False,False,False,False,False,True
158,1e+24,39.5411091362,3658.8885926,1,1.91601786019,1e+24,8.68059078943e+23,1.34219214792e+22,1.18518999578e+23,0.868059078943,0.0134219214792,0.118518999578,1,2.35367281221e-14,False,not_applicable,False,False,False,False,False,True
159,1e+19,0.3113703116,3.93737110284,0.726641161664,3.18490090673,1e+19,7.35588280304e+18,1.63979399825e+18,1.00432319871e+18,0.735588280304,0.163979399825,0.100432319871,1,6.66133814775e-15,False,not_applicable,False,False,False,False,False,False
159,1e+20,1.00256989289,9.51924916512,1,2.70356782723,1e+20,5.72622756954e+19,3.49195149297e+19,7.81820937494e+18,0.572622756954,0.349195149297,0.0781820937494,1,5.834911188e-05,False,not_applicable,False,False,False,False,False,True
159,1e+22,5.43380245744,245.564543788,1,2.15472206142,1e+22,8.00609532895e+21,9.00805788802e+20,1.09309888225e+21,0.800609532895,0.0900805788802,0.109309888225,1,8.43769498715e-15,False,not_applicable,False,False,False,False,False,True
159,1e+24,39.5688350757,3656.35919129,1,1.91606187523,1e+24,8.68067242906e+23,1.34126428622e+22,1.18520114231e+23,0.868067242906,0.0134126428622,0.118520114231,1,1.70086167373e-13,False,not_applicable,False,False,False,False,False,True
160,1e+19,0.315000411086,3.89317102227,0.727508004965,3.18011772214,1e+19,7.35810283466e+18,1.63727085831e+18,1.00462630703e+18,0.735810283466,0.163727085831,0.100462630703,1,6.66133814775e-14,False,not_applicable,False,False,False,False,False,False
160,1e+20,0.947289478291,10.9114904254,0.954522217362,2.70197788638,1e+20,6.20180404348e+19,2.95144297778e+19,8.46752978737e+18,0.620180404348,0.295144297778,0.0846752978737,1,4.88498130835e-15,False,not_applicable,False,False,False,False,False,False
160,1e+22,5.43465665964,245.529423075,1,2.15471774487,1e+22,8.00620868551e+21,9.00676955295e+20,1.09311435919e+21,0.800620868551,0.0900676955295,0.109311435919,1,1.7763568394e-15,False,not_applicable,False,False,False,False,False,True
160,1e+24,39.5879756742,3654.61505895,1,1.91597981621,1e+24,8.68072872315e+23,1.34062448518e+22,1.18520882833e+23,0.868072872315,0.0134062448518,0.118520882833,1,2.44027020813e-13,False,not_applicable,False,False,False,False,False,True
161,1e+19,0.313076725244,3.92819947052,0.725421193762,3.18029002383,1e+19,7.37896695801e+18,1.61355808666e+18,1.00747495533e+18,0.737896695801,0.161355808666,0.100747495533,1,3.98792110445e-13,False,not_applicable,False,False,False,False,False,False
161,1e+20,0.951220110019,10.8004886032,0.958139917454,2.70229248398,1e+20,6.16418517442e+19,2.99419807643e+19,8.41616749147e+18,0.616418517442,0.299419807643,0.0841616749147,1,6.92779167366e-14,False,not_applicable,False,False,False,False,False,False
161,1e+22,5.43306476688,245.594882184,1,2.15470660241,1e+22,8.00599740793e+21,9.00917079312e+20,1.09308551276e+21,0.800599740793,0.0900917079312,0.109308551276,1,7.63833440942e-14,False,not_applicable,False,False,False,False,False,True
161,1e+24,39.5615855388,3657.02021937,1,1.9160213162,1e+24,8.68065109354e+23,1.34150677152e+22,1.18519822931e+23,0.868065109354,0.0134150677152,0.118519822931,1,2.02060590482e-14,False,not_applicable,False,False,False,False,False,True
162,1e+19,0.311152051624,3.96223743276,0.723534283859,3.17441757577,1e+19,7.39714983734e+18,1.59289263821e+18,1.00995752446e+18,0.739714983734,0.159289263821,0.100995752446,1,6.97220059465e-14,False,not_applicable,False,False,False,False,False,False
162,1e+20,0.927448586177,11.4226980838,0.938894767895,2.70001390446,1e+20,6.35637911288e+19,2.77576325891e+19,8.67857628212e+18,0.635637911288,0.277576325891,0.0867857628212,1,1.10134124043e-13,False,not_applicable,False,False,False,False,False,False
162,1e+22,5.43288311945,245.6023538,1,2.15470674563,1e+22,8.00597329234e+21,9.00944487481e+20,1.09308222018e+21,0.800597329234,0.0900944487481,0.109308222018,1,1.7763568394e-15,False,not_applicable,False,False,False,False,False,True
162,1e+24,39.5571378487,3657.42588746,1,1.9159988697,1e+24,8.68063800009e+23,1.34165558298e+22,1.18519644161e+23,0.868063800009,0.0134165558298,0.118519644161,1,1.04360964315e-13,False,not_applicable,False,False,False,False,False,True
163,1e+19,0.310726072787,3.97686891293,0.722143802611,3.17696911169,1e+19,7.41430115582e+18,1.57339959304e+18,1.01229925114e+18,0.741430115582,0.157339959304,0.101229925114,1,7.1054273576e-15,False,not_applicable,False,False,False,False,False,False
163,1e+20,0.939186273639,11.114074666,0.948341627857,2.70134798028,1e+20,6.2629118223e+19,2.88199195023e+19,8.55096227471e+18,0.62629118223,0.288199195023,0.0855096227471,1,8.03801469829e-14,False,not_applicable,False,False,False,False,False,False
163,1e+22,5.43473301045,245.526284384,1,2.15470793658,1e+22,8.00621881603e+21,9.00665441617e+20,1.09311574235e+21,0.800621881603,0.0900665441617,0.109311574235,1,2.04281036531e-14,False,not_applicable,False,False,False,False,False,True
163,1e+24,39.5815971928,3655.19609495,1,1.91600921162,1e+24,8.68070996947e+23,1.34083762694e+22,1.18520626783e+23,0.868070996947,0.0134083762694,0.118520626783,1,8.52651282912e-14,False,not_applicable,False,False,False,False,False,True
164,1e+19,0.318246796788,3.83180553085,0.731485802943,3.18306109363,1e+19,7.31675901663e+18,1.68425948563e+18,9.98981497738e+17,0.731675901663,0.168425948563,0.0998981497738,1,1.50102152929e-13,False,not_applicable,False,False,False,False,False,False
164,1e+20,0.95739040145,10.6560674092,0.962511712315,2.70260462623,1e+20,6.12120999288e+19,3.04304080276e+19,8.35749204361e+18,0.612120999288,0.304304080276,0.0835749204361,1,2.17603712827e-14,False,not_applicable,False,False,False,False,False,False
164,1e+22,5.43453797255,245.53430232,1,2.15471057424,1e+22,8.00619293713e+21,9.00694853858e+20,1.09311220902e+21,0.800619293713,0.0900694853858,0.109311220902,1,8.881784197e-15,False,not_applicable,False,False,False,False,False,True
164,1e+24,39.584751699,3654.90871794,1,1.91599677213,1e+24,8.68071924493e+23,1.34073220828e+22,1.18520753424e+23,0.868071924493,0.0134073220828,0.118520753424,1,3.01980662698e-14,False,not_applicable,False,False,False,False,False,True
165,1e+19,0.315995340234,3.87374454038,0.728794914599,3.18254986799,1e+19,7.34451134411e+18,1.65271804037e+18,1.00277061552e+18,0.734451134411,0.165271804037,0.100277061552,1,6.2172489379e-15,False,not_applicable,False,False,False,False,False,False
165,1e+20,0.958655418377,10.6169786545,0.96384747462,2.70273558236,1e+20,6.10681446834e+19,3.05940179625e+19,8.33783735411e+18,0.610681446834,0.305940179625,0.0833783735411,1,0.000884571812551,False,not_applicable,False,False,False,False,False,False
165,1e+22,5.43351125431,245.576518965,1,2.15470723186,1e+22,8.00605667755e+21,9.00849717412e+20,1.09309360504e+21,0.800605667755,0.0900849717412,0.109309360504,1,2.26485497024e-14,False,not_applicable,False,False,False,False,False,True
165,1e+24,39.5683831827,3656.40038887,1,1.91600109656,1e+24,8.68067109936e+23,1.34127939875e+22,1.18520096077e+23,0.868067109936,0.0134127939875,0.118520096077,1,2.88657986403e-14,False,not_applicable,False,False,False,False,False,True
166,1e+19,0.309744853636,4.00011462709,0.720401243092,3.17787546989,1e+19,7.43408951817e+18,1.55090945961e+18,1.01500102221e+18,0.743408951817,0.155090945961,0.101500102221,1,1.06581410364e-14,False,not_applicable,False,False,False,False,False,False
166,1e+20,0.945099027894,10.9578693869,0.953222632216,2.70196019251,1e+20,6.21376302324e+19,2.93785119866e+19,8.48385778106e+18,0.621376302324,0.293785119866,0.0848385778106,1,9.32587340685e-15,False,not_applicable,False,False,False,False,False,False
166,1e+22,5.43492877389,245.518237147,1,2.15471665408,1e+22,8.00624478951e+21,9.00635921894e+20,1.09311928859e+21,0.800624478951,0.0900635921894,0.109311928859,1,7.54951656745e-15,False,not_applicable,False,False,False,False,False,True
166,1e+24,39.5862636201,3654.77099723,1,1.91602206285,1e+24,8.68072369004e+23,1.34068168811e+22,1.18520814115e+23,0.868072369004,0.0134068168811,0.118520814115,1,1.95399252334e-14,False,not_applicable,False,False,False,False,False,True
167,1e+19,0.311382396348,3.9555266324,0.724121585815,3.18040868363,1e+19,7.3900881697e+18,1.60091845886e+18,1.00899337144e+18,0.73900881697,0.160091845886,0.100899337144,1,2.6645352591e-15,False,not_applicable,False,False,False,False,False,False
167,1e+20,0.95392796582,10.7226211094,0.960710183974,2.70251729112,1e+20,6.13716488587e+19,3.02490753504e+19,8.37927579085e+18,0.613716488587,0.302490753504,0.0837927579085,1,2.13162820728e-14,False,not_applicable,False,False,False,False,False,False
167,1e+22,5.43447125807,245.537045048,1,2.15470591496,1e+22,8.00618408462e+21,9.00704915022e+20,1.09311100035e+21,0.800618408462,0.0900704915022,0.109311100035,1,8.43769498715e-15,False,not_applicable,False,False,False,False,False,True
167,1e+24,39.5795629071,3655.38144332,1,1.91600990786,1e+24,8.68070398712e+23,1.34090561839e+22,1.18520545104e+23,0.868070398712,0.0134090561839,0.118520545104,1,2.64233079861e-14,False,not_applicable,False,False,False,False,False,True
168,1e+19,0.312527279035,3.93358453639,0.72547734466,3.1802156888,1e+19,7.37611483208e+18,1.61679962285e+18,1.00708554507e+18,0.737611483208,0.161679962285,0.100708554507,1,8.881784197e-15,False,not_applicable,False,False,False,False,False,False
168,1e+20,0.950848183936,10.8045333991,0.958090524508,2.70228698748,1e+20,6.16408257647e+19,2.99431468242e+19,8.41602741108e+18,0.616408257647,0.299431468242,0.0841602741108,1,1.90958360236e-14,False,not_applicable,False,False,False,False,False,False
168,1e+22,5.43022388989,245.711786666,1,2.1546937751,1e+22,8.00562008387e+21,9.01345920675e+20,1.09303399545e+21,0.800562008387,0.0901345920675,0.109303399545,1,1.06581410364e-14,False,not_applicable,False,False,False,False,False,True
168,1e+24,39.51273999,3661.48029768,1,1.91598662231,1e+24,8.68050713885e+23,1.34314286455e+22,1.18517857469e+23,0.868050713885,0.0134314286455,0.118517857469,1,1.57651669497e-14,False,not_applicable,False,False,False,False,False,True
169,1e+19,0.307920898681,4.00839063906,0.722002564456,3.17667417504,1e+19,7.40560348706e+18,1.5832847835e+18,1.01111172943e+18,0.740560348706,0.15832847835,0.101111172943,1,1.42996725572e-13,False,not_applicable,False,False,False,False,False,False
169,1e+20,0.938456182033,11.1011733933,0.949208738693,2.70132191715,1e+20,6.25077887925e+19,2.89578144444e+19,8.53439676313e+18,0.625077887925,0.289578144444,0.0853439676313,1,8.881784197e-15,False,not_applicable,False,False,False,False,False,False
169,1e+22,5.43554230096,245.493020342,1,2.1547166145,1e+22,8.00632617995e+21,9.00543418947e+20,1.0931304011e+21,0.800632617995,0.0900543418947,0.10931304011,1,1.11022302463e-14,False,not_applicable,False,False,False,False,False,True
169,1e+24,39.5948883279,3653.98557206,1,1.91603315679,1e+24,8.68074904064e+23,1.34039357016e+22,1.18521160235e+23,0.868074904064,0.0134039357016,0.118521160235,1,2.93098878501e-14,False,not_applicable,False,False,False,False,False,True
170,1e+19,0.321335537528,3.78984598372,0.733098264299,3.18419362915,1e+19,7.30687317797e+18,1.6954950708e+18,9.97631751232e+17,0.730687317797,0.16954950708,0.0997631751232,1,4.66293670343e-14,False,not_applicable,False,False,False,False,False,False
170,1e+20,0.961339196882,10.5737312461,0.964882087997,2.70278743611,1e+20,6.09896538251e+19,3.06832254393e+19,8.32712073558e+18,0.609896538251,0.306832254393,0.0832712073558,1,0.000821417830211,False,not_applicable,False,False,False,False,False,False
170,1e+22,5.43335125253,245.583099233,1,2.15469139925,1e+22,8.0060354389e+21,9.00873855846e+20,1.09309070526e+21,0.80060354389,0.0900873855846,0.109309070526,1,7.1054273576e-15,False,not_applicable,False,False,False,False,False,True
170,1e+24,39.5610331931,3657.07059321,1,1.9159595649,1e+24,8.68064946766e+23,1.34152525019e+22,1.18519800732e+23,0.868064946766,0.0134152525019,0.118519800732,1,1.62092561595e-14,False,not_applicable,False,False,False,False,False,True
171,1e+19,0.314048582615,3.89033096324,0.729271376418,3.18406264114,1e+19,7.33051754944e+18,1.66862245448e+18,1.00085999608e+18,0.733051754944,0.166862245448,0.100085999608,1,1.73194791842e-14,False,not_applicable,False,False,False,False,False,False
171,1e+20,0.968837987025,10.3406919455,0.97294608896,2.70322503358,1e+20,6.01107310138e+19,3.16821505118e+19,8.20711847442e+18,0.601107310138,0.316821505118,0.0820711847442,1,0.00038960384389,False,not_applicable,False,False,False,False,False,False
171,1e+22,5.43105442685,245.677597859,1,2.15469980562,1e+22,8.00573043259e+21,9.01220505686e+20,1.09304906173e+21,0.800573043259,0.0901220505686,0.109304906173,1,9.7699626167e-15,False,not_applicable,False,False,False,False,False,True
171,1e+24,39.5255772244,3660.30707859,1,1.91599159706,1e+24,8.68054500599e+23,1.34271249193e+22,1.18518374482e+23,0.868054500599,0.0134271249193,0.118518374482,1,1.79856129989e-14,False,not_applicable,False,False,False,False,False,True
172,1e+19,0.30841349063,4.02809343211,0.718558918747,3.17259322609,1e+19,7.45391013587e+18,1.52838266691e+18,1.01770719722e+18,0.745391013587,0.152838266691,0.101770719722,1,2.30038210702e-13,False,not_applicable,False,False,False,False,False,False
172,1e+20,0.924139661577,11.5141934968,0.936069247869,2.69983178709,1e+20,6.38443372886e+19,2.74387825269e+19,8.71688018448e+18,0.638443372886,0.274387825269,0.0871688018448,1,6.12843109593e-14,False,not_applicable,False,False,False,False,False,False
172,1e+22,5.43098992354,245.680252778,1,2.15469849769,1e+22,8.0057218635e+21,9.01230244738e+20,1.09304789176e+21,0.80057218635,0.0901230244738,0.109304789176,1,6.2172489379e-15,False,not_applicable,False,False,False,False,False,True
172,1e+24,39.5254436535,3660.31928201,1,1.91599101388,1e+24,8.68054461211e+23,1.34271696852e+22,1.18518369104e+23,0.868054461211,0.0134271696852,0.118518369104,1,9.41469124882e-14,False,not_applicable,False,False,False,False,False,True
173,1e+19,0.312078026316,3.94847966302,0.724071484019,3.18168379601,1e+19,7.39340244109e+18,1.59715167896e+18,1.00944587996e+18,0.739340244109,0.159715167896,0.100944587996,1,3.81916720471e-14,False,not_applicable,False,False,False,False,False,False
173,1e+20,0.960814290786,10.5485264804,0.966211862594,2.70297775349,1e+20,6.08110499346e+19,3.08862147143e+19,8.30273535108e+18,0.608110499346,0.308862147143,0.0830273535108,1,0.00064871392322,False,not_applicable,False,False,False,False,False,False
173,1e+22,5.42917584825,245.754942569,1,2.15471877075,1e+22,8.00548079272e+21,9.01504229718e+20,1.09301497757e+21,0.800548079272,0.0901504229718,0.109301497757,1,3.5527136788e-15,False,not_applicable,False,False,False,False,False,True
173,1e+24,39.5045943251,3662.22513548,1,1.91605109152,1e+24,8.68048309827e+23,1.34341609381e+22,1.18517529235e+23,0.868048309827,0.0134341609381,0.118517529235,1,3.39728245535e-14,False,not_applicable,False,False,False,False,False,True
174,1e+19,0.309779687066,3.97279000164,0.724109377651,3.17910613165,1e+19,7.38413786091e+18,1.60768118314e+18,1.00818095594e+18,0.738413786091,0.160768118314,0.100818095594,1,2.6645352591e-15,False,not_applicable,False,False,False,False,False,False
174,1e+20,0.947311127149,10.8764993324,0.956106834827,2.70204300498,1e+20,6.18205730522e+19,2.97388580404e+19,8.4405689074e+18,0.618205730522,0.297388580404,0.084405689074,1,5.23137089203e-13,False,not_applicable,False,False,False,False,False,False
174,1e+22,5.43343413546,245.579690528,1,2.15470160287,1e+22,8.00604644093e+21,9.00861351673e+20,1.0930922074e+21,0.800604644093,0.0900861351673,0.10930922074,1,7.54951656745e-15,False,not_applicable,False,False,False,False,False,True
174,1e+24,39.564022357,3656.79799848,1,1.91602326415,1e+24,8.680658266e+23,1.34142525411e+22,1.18519920859e+23,0.8680658266,0.0134142525411,0.118519920859,1,1.76969550125e-13,False,not_applicable,False,False,False,False,False,True
175,1e+19,0.318654784492,3.83146467735,0.730957366321,3.18229832701,1e+19,7.32548730629e+18,1.67433949349e+18,1.00017320022e+18,0.732548730629,0.167433949349,0.100017320022,1,3.69926311805e-13,False,not_applicable,False,False,False,False,False,False
175,1e+20,0.95390986689,10.7516792644,0.959393336393,2.70236084715,1e+20,6.15367976156e+19,3.00613782833e+19,8.40182410112e+18,0.615367976156,0.300613782833,0.0840182410112,1,4.92939022934e-14,False,not_applicable,False,False,False,False,False,False
175,1e+22,5.42939737487,245.745819358,1,2.15472293632,1e+22,8.00551023904e+21,9.0147076299e+20,1.09301899797e+21,0.800551023904,0.090147076299,0.109301899797,1,4.88498130835e-15,False,not_applicable,False,False,False,False,False,True
175,1e+24,39.5055574583,3662.137051,1,1.91605494586,1e+24,8.68048594131e+23,1.34338378173e+22,1.18517568052e+23,0.868048594131,0.0134338378173,0.118517568052,1,3.77475828373e-15,False,not_applicable,False,False,False,False,False,True
176,1e+19,0.310391055971,3.98423285602,0.721625897756,3.17570926301,1e+19,7.42002146048e+18,1.56689827611e+18,1.0130802634e+18,0.742002146048,0.156689827611,0.10130802634,1,1.06581410364e-14,False,not_applicable,False,False,False,False,False,False
176,1e+20,0.934176582745,11.2462004835,0.944262367963,2.70085022671,1e+20,6.30356228191e+19,2.83579134787e+19,8.60646370223e+18,0.630356228191,0.283579134787,0.0860646370223,1,3.38840067116e-13,False,not_applicable,False,False,False,False,False,False
176,1e+22,5.43386515607,245.561965577,1,2.15470800683,1e+22,8.00610365045e+21,9.0079633114e+20,1.09310001841e+21,0.800610365045,0.090079633114,0.109310001841,1,3.99680288865e-15,False,not_applicable,False,False,False,False,False,True
176,1e+24,39.5710354826,3656.15860081,1,1.91602341227,1e+24,8.68067890338e+23,1.34119070351e+22,1.18520202627e+23,0.868067890338,0.0134119070351,0.118520202627,1,1.24122934153e-13,False,not_applicable,False,False,False,False,False,True
177,1e+19,0.310934636529,3.93659871354,0.72737850386,3.18375766474,1e+19,7.34414934093e+18,1.65312946906e+18,1.00272119001e+18,0.734414934093,0.165312946906,0.100272119001,1,5.12923037377e-13,False,not_applicable,False,False,False,False,False,False
177,1e+20,0.970830951495,10.2773499076,0.975167090348,2.70334261334,1e+20,5.98654163379e+19,3.19609588181e+19,8.173624844e+18,0.598654163379,0.319609588181,0.08173624844,1,0.000299300396869,False,not_applicable,False,False,False,False,False,False
177,1e+22,5.43330166579,245.585138619,1,2.15469316875,1e+22,8.00602885652e+21,9.00881336938e+20,1.09308980654e+21,0.800602885652,0.0900881336938,0.109308980654,1,1.7763568394e-14,False,not_applicable,False,False,False,False,False,True
177,1e+24,39.5662533376,3656.59457223,1,1.91596317135,1e+24,8.68066483184e+23,1.34135063115e+22,1.18520010504e+23,0.868066483184,0.0134135063115,0.118520010504,1,4.08562073062e-14,False,not_applicable,False,False,False,False,False,True
178,1e+19,0.309382159015,3.99842222665,0.721180329295,3.17986235847,1e+19,7.42224300681e+18,1.56437341466e+18,1.01338357853e+18,0.742224300681,0.156437341466,0.101338357853,1,2.21600515715e-13,False,not_applicable,False,False,False,False,False,False
178,1e+20,0.954940704112,10.6929851182,0.961697801538,2.70266588257,1e+20,6.12670004268e+19,3.03680117816e+19,8.3649877916e+18,0.612670004268,0.303680117816,0.083649877916,1,0.000936084366554,False,not_applicable,False,False,False,False,False,False
178,1e+22,5.43366720382,245.570105691,1,2.15470873158,1e+22,8.0060773772e+21,9.00826191565e+20,1.09309643123e+21,0.80060773772,0.0900826191565,0.109309643123,1,3.10862446895e-15,False,not_applicable,False,False,False,False,False,True
178,1e+24,39.5694170972,3656.3061317,1,1.91601402497,1e+24,8.68067414163e+23,1.34124482235e+22,1.18520137614e+23,0.868067414163,0.0134124482235,0.118520137614,1,3.99680288865e-14,False,not_applicable,False,False,False,False,False,True
179,1e+19,0.332749890567,3.61336742408,0.743240956141,3.19129027349,1e+19,7.21408568964e+18,1.8009511442e+18,9.84963166159e+17,0.721408568964,0.18009511442,0.0984963166159,1,2.13606909938e-13,False,not_applicable,False,False,False,False,False,False
179,1e+20,1.00254323037,9.51941392353,1,2.7036277641,1e+20,5.72617439167e+19,3.49201193139e+19,7.81813676942e+18,0.572617439167,0.349201193139,0.0781813676942,1,3.99680288865e-15,False,not_applicable,False,False,False,False,False,True
179,1e+22,5.43363475073,245.571440266,1,2.15469759624,1e+22,8.00607306969e+21,9.00831087193e+20,1.09309584312e+21,0.800607306969,0.0900831087193,0.109309584312,1,2.35367281221e-14,False,not_applicable,False,False,False,False,False,True
179,1e+24,39.569647117,3656.28516254,1,1.91597915607,1e+24,8.68067481843e+23,1.34123713022e+22,1.18520146854e+23,0.868067481843,0.0134123713022,0.118520146854,1,2.06279437975e-13,False,not_applicable,False,False,False,False,False,True
180,1e+19,0.310338661207,3.98354946666,0.721798755604,3.17826001442,1e+19,7.41749645002e+18,1.56976803467e+18,1.01273551531e+18,0.741749645002,0.156976803467,0.101273551531,1,2.22044604925e-15,False,not_applicable,False,False,False,False,False,False
180,1e+20,0.945030104785,10.955698122,0.953347221845,2.70196580483,1e+20,6.21207872652e+19,2.93976545802e+19,8.4815581546e+18,0.621207872652,0.293976545802,0.084815581546,1,1.59872115546e-14,False,not_applicable,False,False,False,False,False,False
180,1e+22,5.4323927876,245.622524652,1,2.15470244889,1e+22,8.00590818835e+21,9.01018480332e+20,1.09307333132e+21,0.800590818835,0.0901018480332,0.109307333132,1,0,False,not_applicable,False,False,False,False,False,True
180,1e+24,39.5515372378,3657.93684,1,1.91597081786,1e+24,8.68062150845e+23,1.34184301599e+22,1.18519418995e+23,0.868062150845,0.0134184301599,0.118519418995,1,2.50910403565e-14,False,not_applicable,False,False,False,False,False,True
181,1e+19,0.311699333893,3.97203853643,0.721358770713,3.17626287188,1e+19,7.42849059603e+18,1.55727282126e+18,1.01423658271e+18,0.742849059603,0.155727282126,0.101423658271,1,5.77315972805e-15,False,not_applicable,False,False,False,False,False,False
181,1e+20,0.936290410091,11.206518442,0.945244815366,2.70107579253,1e+20,6.29553344867e+19,2.84491638448e+19,8.59550166858e+18,0.629553344867,0.284491638448,0.0859550166858,1,7.06101843662e-14,False,not_applicable,False,False,False,False,False,False
181,1e+22,5.43323112864,245.588039705,1,2.15470988304,1e+22,8.00601949289e+21,9.00891979009e+20,1.0930885281e+21,0.800601949289,0.0900891979009,0.10930885281,1,4.88498130835e-15,False,not_applicable,False,False,False,False,False,True
181,1e+24,39.5659730556,3656.62012777,1,1.91603630626,1e+24,8.68066400701e+23,1.3413600057e+22,1.18519999242e+23,0.868066400701,0.013413600057,0.118519999242,1,1.58539847916e-13,False,not_applicable,False,False,False,False,False,True
182,1e+19,0.311520162761,3.9504652937,0.724618125371,3.17909613503,1e+19,7.38389754765e+18,1.60795430718e+18,1.00814814517e+18,0.738389754765,0.160795430718,0.100814814517,1,5.3290705182e-15,False,not_applicable,False,False,False,False,False,False
182,1e+20,0.946196428726,10.9212754185,0.954481105172,2.70196976411,1e+20,6.20020307885e+19,2.95326252745e+19,8.46534393699e+18,0.620020307885,0.295326252745,0.0846534393699,1,8.881784197e-16,False,not_applicable,False,False,False,False,False,False
182,1e+22,5.43420284157,245.548080654,1,2.154709794,1e+22,8.0061484658e+21,9.00745396998e+20,1.0931061372e+21,0.80061484658,0.0900745396998,0.10931061372,1,1.33226762955e-15,False,not_applicable,False,False,False,False,False,True
182,1e+24,39.5783434954,3655.49255568,1,1.91597321309,1e+24,8.68070040083e+23,1.3409463778e+22,1.18520496139e+23,0.868070040083,0.013409463778,0.118520496139,1,2.54241072639e-13,False,not_applicable,False,False,False,False,False,True
183,1e+19,0.306614871829,3.99388363631,0.725892085411,3.18449922042,1e+19,7.34750471547e+18,1.64931597404e+18,1.00317931049e+18,0.734750471547,0.164931597404,0.100317931049,1,3.39728245535e-13,False,not_applicable,False,False,False,False,False,False
183,1e+20,1.00253454833,9.51946757456,1,2.70360160944,1e+20,5.72615707512e+19,3.49203161222e+19,7.81811312656e+18,0.572615707512,0.349203161222,0.0781811312656,1,2.33384874204e-05,False,not_applicable,False,False,False,False,False,True
183,1e+22,5.43241575136,245.621579915,1,2.15470711429,1e+22,8.00591123761e+21,9.01015014746e+20,1.09307374764e+21,0.800591123761,0.0901015014746,0.109307374764,1,3.99680288865e-15,False,not_applicable,False,False,False,False,False,True
183,1e+24,39.5506357411,3658.01909831,1,1.9160061162,1e+24,8.68061885346e+23,1.34187319084e+22,1.18519382746e+23,0.868061885346,0.0134187319084,0.118519382746,1,2.47357689886e-13,False,not_applicable,False,False,False,False,False,True
184,1e+19,0.316942793197,3.86678354237,0.728413113848,3.18008365021,1e+19,7.35329505964e+18,1.64273505489e+18,1.00396988548e+18,0.735329505964,0.164273505489,0.100396988548,1,1.06581410364e-14,False,not_applicable,False,False,False,False,False,False
184,1e+20,0.946537540688,10.9470559443,0.953179139876,2.70177540053,1e+20,6.21707964677e+19,2.93408174546e+19,8.48838607773e+18,0.621707964677,0.293408174546,0.0848838607773,1,1.37667655054e-14,False,not_applicable,False,False,False,False,False,False
184,1e+22,5.43362815504,245.571711504,1,2.15471389542,1e+22,8.00607219424e+21,9.00832082175e+20,1.09309572359e+21,0.800607219424,0.0900832082175,0.109309572359,1,2.22044604925e-15,False,not_applicable,False,False,False,False,False,True
184,1e+24,39.5670405907,3656.52279397,1,1.91604429784,1e+24,8.68066714858e+23,1.34132430069e+22,1.18520042135e+23,0.868066714858,0.0134132430069,0.118520042135,1,2.9665159218e-13,False,not_applicable,False,False,False,False,False,True
185,1e+19,0.33470944497,3.58954366004,0.744203256362,3.1903819284,1e+19,7.20872499689e+18,1.80704375021e+18,9.84231252908e+17,0.720872499689,0.180704375021,0.0984231252908,1,8.3044682242e-14,False,not_applicable,False,False,False,False,False,False
185,1e+20,0.98048124903,10.1146502316,0.979460737852,2.70350145655,1e+20,5.95033493552e+19,3.23724600128e+19,8.12419063196e+18,0.595033493552,0.323724600128,0.0812419063196,1,0.00011024996678,False,not_applicable,False,False,False,False,False,False
185,1e+22,5.43082370832,245.687094364,1,2.15470039942,1e+22,8.00569978141e+21,9.01255341767e+20,1.09304487682e+21,0.800569978141,0.0901255341767,0.109304487682,1,4.88498130835e-15,False,not_applicable,False,False,False,False,False,True
185,1e+24,39.5213300455,3660.69515305,1,1.91599098234,1e+24,8.68053248039e+23,1.3428548495e+22,1.18518203466e+23,0.868053248039,0.013428548495,0.118518203466,1,3.46389583683e-14,False,not_applicable,False,False,False,False,False,True
186,1e+19,0.308491283342,4.01306477351,0.720507592573,3.17610305332,1e+19,7.4279730127e+18,1.55786107197e+18,1.01416591533e+18,0.74279730127,0.155786107197,0.101416591533,1,2.26485497024e-14,False,not_applicable,False,False,False,False,False,False
186,1e+20,0.936987616054,11.1594458297,0.94712121846,2.70122305776,1e+20,6.27375752667e+19,2.86966544569e+19,8.56577027641e+18,0.627375752667,0.286966544569,0.0856577027641,1,7.1054273576e-15,False,not_applicable,False,False,False,False,False,False
186,1e+22,5.43680417109,245.441172026,1,2.15462618761,1e+22,8.00649352697e+21,9.0035322348e+20,1.09315324955e+21,0.800649352697,0.090035322348,0.109315324955,1,5.77315972805e-15,False,not_applicable,False,False,False,False,False,True
186,1e+24,39.6088232161,3652.71727845,1,1.91583392935,1e+24,8.68078997642e+23,1.3399283213e+22,1.18521719145e+23,0.868078997642,0.013399283213,0.118521719145,1,6.83897383169e-14,False,not_applicable,False,False,False,False,False,True
187,1e+19,0.308704842419,4.02531169664,0.718498273956,3.17593725149,1e+19,7.45579927798e+18,1.52623559393e+18,1.01796512809e+18,0.745579927798,0.152623559393,0.101796512809,1,4.4408920985e-15,False,not_applicable,False,False,False,False,False,False
187,1e+20,0.937861664833,11.1499149621,0.947217616338,2.70137524872,1e+20,6.27424668548e+19,2.8691095004e+19,8.56643814124e+18,0.627424668548,0.28691095004,0.0856643814124,1,2.6645352591e-15,False,not_applicable,False,False,False,False,False,False
187,1e+22,5.43514391669,245.509393893,1,2.15471443456,1e+22,8.00627333224e+21,9.00603482134e+20,1.09312318563e+21,0.800627333224,0.0900603482134,0.109312318563,1,3.5527136788e-15,False,not_applicable,False,False,False,False,False,True
187,1e+24,39.5903972623,3654.39451723,1,1.91601344236,1e+24,8.68073584141e+23,1.34054358374e+22,1.18520980021e+23,0.868073584141,0.0134054358374,0.118520980021,1,2.44027020813e-13,False,not_applicable,False,False,False,False,False,True
188,1e+19,0.323718828355,3.73203494599,0.738068632193,3.18506208771,1e+19,7.24877988057e+18,1.76152003974e+18,9.89700079693e+17,0.724877988057,0.176152003974,0.0989700079693,1,8.43769498715e-14,False,not_applicable,False,False,False,False,False,False
188,1e+20,0.959469416979,10.6171473202,0.963554670345,2.70253738749,1e+20,6.11209688956e+19,3.05339814845e+19,8.34504961988e+18,0.611209688956,0.305339814845,0.0834504961988,1,8.881784197e-16,False,not_applicable,False,False,False,False,False,False
188,1e+22,5.43445796292,245.537591638,1,2.15470569709,1e+22,8.00618232044e+21,9.0070692008e+20,1.09311075948e+21,0.800618232044,0.090070692008,0.109311075948,1,4.88498130835e-15,False,not_applicable,False,False,False,False,False,True
188,1e+24,39.5782505795,3655.50102242,1,1.91600734063,1e+24,8.68070012755e+23,1.34094948366e+22,1.18520492408e+23,0.868070012755,0.0134094948366,0.118520492408,1,5.77315972805e-15,False,not_applicable,False,False,False,False,False,True
189,1e+19,0.309289628067,3.99797653511,0.721380455427,3.17953193021,1e+19,7.4191960534e+18,1.56783637877e+18,1.01296756782e+18,0.74191960534,0.156783637877,0.101296756782,1,3.10862446895e-15,False,not_applicable,False,False,False,False,False,False
189,1e+20,0.95264112237,10.7494945341,0.959948088471,2.70254307622,1e+20,6.14424632272e+19,3.01685924602e+19,8.38894431262e+18,0.614424632272,0.301685924602,0.0838894431262,1,0.00108971541972,False,not_applicable,False,False,False,False,False,False
189,1e+22,5.43214442997,245.63274264,1,2.1547055686,1e+22,8.0058752085e+21,9.01055963034e+20,1.09306882847e+21,0.80058752085,0.0901055963034,0.109306882847,1,8.881784197e-16,False,not_applicable,False,False,False,False,False,True
189,1e+24,39.5480832556,3658.25202341,1,1.91597870891,1e+24,8.6806113355e+23,1.34195863489e+22,1.18519280101e+23,0.86806113355,0.0134195863489,0.118519280101,1,1.90958360236e-14,False,not_applicable,False,False,False,False,False,True
190,1e+19,0.33408316996,3.59506479944,0.744201776621,3.18928394213,1e+19,7.20630386646e+18,1.80979544564e+18,9.83900687901e+17,0.720630386646,0.180979544564,0.0983900687901,1,1.86073378927e-13,False,not_applicable,False,False,False,False,False,False
190,1e+20,0.971928037405,10.3408062853,0.971913756444,2.70321659231,1e+20,6.03031173484e+19,3.14634970296e+19,8.23338562197e+18,0.603031173484,0.314634970296,0.0823338562197,1,0.000441116536075,False,not_applicable,False,False,False,False,False,False
190,1e+22,5.43368629595,245.569320569,1,2.15471234551,1e+22,8.00607991128e+21,9.00823311495e+20,1.09309677722e+21,0.800607991128,0.0900823311495,0.109309677722,1,3.99680288865e-15,False,not_applicable,False,False,False,False,False,True
190,1e+24,39.5726899301,3656.00779484,1,1.91597329807,1e+24,8.68068377083e+23,1.34113538327e+22,1.18520269084e+23,0.868068377083,0.0134113538327,0.118520269084,1,2.62012633812e-14,False,not_applicable,False,False,False,False,False,True
191,1e+19,0.308917193624,4.00751319001,0.7206285615,3.18156480154,1e+19,7.42793836841e+18,1.55790044636e+18,1.01416118523e+18,0.742793836841,0.155790044636,0.101416118523,1,7.59392548844e-14,False,not_applicable,False,False,False,False,False,False
191,1e+20,0.967577202063,10.3707533909,0.971999028346,2.7033043186,1e+20,6.02070272954e+19,3.15727065778e+19,8.22026612674e+18,0.602070272954,0.315727065778,0.0822026612674,1,0.000291662643998,False,not_applicable,False,False,False,False,False,False
191,1e+22,5.43335203411,245.583067088,1,2.15470988239,1e+22,8.00603554265e+21,9.0087373793e+20,1.09309071942e+21,0.800603554265,0.090087373793,0.109309071942,1,2.6645352591e-15,False,not_applicable,False,False,False,False,False,True
191,1e+24,39.5656225655,3656.65208527,1,1.91602590508,1e+24,8.68066297554e+23,1.34137172869e+22,1.18519985159e+23,0.868066297554,0.0134137172869,0.118519985159,1,2.58237875528e-13,False,not_applicable,False,False,False,False,False,True
192,1e+19,0.315809006763,3.88577328924,0.727375752733,3.18561180412,1e+19,7.36297321787e+18,1.63173550544e+18,1.00529127668e+18,0.736297321787,0.163173550544,0.100529127668,1,2.72226685638e-13,False,not_applicable,False,False,False,False,False,False
192,1e+20,1.00256094049,9.51930448498,1,2.70361086754,1e+20,5.72620971435e+19,3.49197178598e+19,7.81818499666e+18,0.572620971435,0.349197178598,0.0781818499666,1,2.30926389122e-14,False,not_applicable,False,False,False,False,False,True
192,1e+22,5.43409985344,245.552315145,1,2.15470718117,1e+22,8.00613479845e+21,9.00760930405e+20,1.09310427115e+21,0.800613479845,0.0900760930405,0.109310427115,1,7.54951656745e-14,False,not_applicable,False,False,False,False,False,True
192,1e+24,39.5755438927,3655.74768006,1,1.91600547594,1e+24,8.68069216636e+23,1.34103996522e+22,1.18520383711e+23,0.868069216636,0.0134103996522,0.118520383711,1,8.03801469829e-14,False,not_applicable,False,False,False,False,False,True
193,1e+19,0.308975579487,3.99642342326,0.722063539456,3.17845966524,1e+19,7.40878345847e+18,1.57967064e+18,1.01154590153e+18,0.740878345847,0.157967064,0.101154590153,1,1.82076576039e-14,False,not_applicable,False,False,False,False,False,False
193,1e+20,0.946447075267,10.9031595102,0.955212610974,2.70204137632,1e+20,6.19155805779e+19,2.96308788206e+19,8.45354060156e+18,0.619155805779,0.296308788206,0.0845354060156,1,3.50830475782e-13,False,not_applicable,False,False,False,False,False,False
193,1e+22,5.43393608101,245.559049162,1,2.15470908961,1e+22,8.00611306355e+21,9.00785632835e+20,1.09310130361e+21,0.800611306355,0.0900785632835,0.109310130361,1,1.7763568394e-15,False,not_applicable,False,False,False,False,False,True
193,1e+24,39.5733219614,3655.95018729,1,1.91600549857,1e+24,8.68068563019e+23,1.34111425106e+22,1.18520294471e+23,0.868068563019,0.0134111425106,0.118520294471,1,1.56097357262e-13,False,not_applicable,False,False,False,False,False,True
194,1e+19,0.309281059445,4.00557130865,0.720347526073,3.17473599736,1e+19,7.43308402814e+18,1.55205223256e+18,1.01486373931e+18,0.743308402814,0.155205223256,0.101486373931,1,1.99840144433e-14,False,not_applicable,False,False,False,False,False,False
194,1e+20,0.931000971852,11.3254133468,0.941906017806,2.70060723698,1e+20,6.3263824995e+19,2.8098554099e+19,8.63762090598e+18,0.63263824995,0.28098554099,0.0863762090598,1,5.77315972805e-15,False,not_applicable,False,False,False,False,False,False
194,1e+22,5.43085206149,245.685927292,1,2.15469666144,1e+22,8.00570354828e+21,9.01251060591e+20,1.09304539113e+21,0.800570354828,0.0901251060591,0.109304539113,1,2.22044604925e-15,False,not_applicable,False,False,False,False,False,True
194,1e+24,39.5258923606,3660.27828715,1,1.91598214475,1e+24,8.68054593527e+23,1.34270193035e+22,1.1851838717e+23,0.868054593527,0.0134270193035,0.11851838717,1,6.63913368726e-14,False,not_applicable,False,False,False,False,False,True
195,1e+19,0.334101431493,3.59961439425,0.743502465908,3.18885308234,1e+19,7.21581793167e+18,1.7989823934e+18,9.85199674937e+17,0.721581793167,0.17989823934,0.0985199674937,1,1.40332190313e-13,False,not_applicable,False,False,False,False,False,False
195,1e+20,0.970781734036,10.3762937395,0.970674232839,2.70312136172,1e+20,6.04386985756e+19,3.13094044456e+19,8.25189697885e+18,0.604386985756,0.313094044456,0.0825189697885,1,0.000487581973919,False,not_applicable,False,False,False,False,False,False
195,1e+22,5.43311428174,245.592845592,1,2.15470370691,1e+22,8.00600398128e+21,9.00909608471e+20,1.09308641024e+21,0.800600398128,0.0900909608471,0.109308641024,1,1.7763568394e-15,False,not_applicable,False,False,False,False,False,True
195,1e+24,39.5594061851,3657.21898417,1,1.9159913472,1e+24,8.68064467816e+23,1.34157968453e+22,1.18519735339e+23,0.868064467816,0.0134157968453,0.118519735339,1,4.88498130835e-15,False,not_applicable,False,False,False,False,False,True
196,1e+19,0.310860170054,3.97149535647,0.722687328508,3.18198101493,1e+19,7.40747833129e+18,1.58115396054e+18,1.01136770817e+18,0.740747833129,0.158115396054,0.101136770817,1,5.77315972805e-15,False,not_applicable,False,False,False,False,False,False
196,1e+20,0.966293189574,10.4096662041,0.970660034745,2.70322297994,1e+20,6.03527373524e+19,3.1407102241e+19,8.24016040652e+18,0.603527373524,0.31407102241,0.0824016040652,1,0.000374389046001,False,not_applicable,False,False,False,False,False,False
196,1e+22,5.4334902823,245.577381444,1,2.15470664876,1e+22,8.00605389378e+21,9.00852881251e+20,1.09309322496e+21,0.800605389378,0.0900852881251,0.109309322496,1,2.6645352591e-15,False,not_applicable,False,False,False,False,False,True
196,1e+24,39.5647488625,3656.73175145,1,1.91600667221,1e+24,8.68066040421e+23,1.34140095268e+22,1.18519950052e+23,0.868066040421,0.0134140095268,0.118519950052,1,2.28927987678e-13,False,not_applicable,False,False,False,False,False,True
197,1e+19,0.311061577867,3.96275320219,0.723596874408,3.1796852512,1e+19,7.39596158264e+18,1.59424312928e+18,1.00979528808e+18,0.739596158264,0.159424312928,0.100979528808,1,3.80140363632e-13,False,not_applicable,False,False,False,False,False,False
197,1e+20,0.950788251748,10.8034231449,0.958162749243,2.7023170841,1e+20,6.1630606829e+19,2.99547609853e+19,8.41463218572e+18,0.61630606829,0.299547609853,0.0841463218572,1,3.95239396767e-14,False,not_applicable,False,False,False,False,False,False
197,1e+22,5.43274506927,245.608032455,1,2.1547008889,1e+22,8.00595496376e+21,9.00965318524e+20,1.09307971772e+21,0.800595496376,0.0900965318524,0.109307971772,1,3.5527136788e-15,False,not_applicable,False,False,False,False,False,True
197,1e+24,39.552528239,3657.846419,1,1.9159829091,1e+24,8.6806244269e+23,1.3418098468e+22,1.18519458842e+23,0.86806244269,0.013418098468,0.118519458842,1,5.3290705182e-14,False,not_applicable,False,False,False,False,False,True
198,1e+19,0.324220236918,3.73361789783,0.737160166721,3.18820125444,1e+19,7.26308687639e+18,1.74525966209e+18,9.91653461523e+17,0.726308687639,0.174525966209,0.0991653461523,1,1.30562227696e-13,False,not_applicable,False,False,False,False,False,False
198,1e+20,0.981952581736,10.0407634333,0.98236618772,2.70360295863,1e+20,5.91573214553e+19,3.27657322553e+19,8.07694628936e+18,0.591573214553,0.327657322553,0.0807694628936,1,4.42810666215e-05,False,not_applicable,False,False,False,False,False,False
198,1e+22,5.43367845573,245.56964298,1,2.15470518561,1e+22,8.00607887066e+21,9.00824494199e+20,1.09309663514e+21,0.800607887066,0.0900824494199,0.109309663514,1,1.7763568394e-15,False,not_applicable,False,False,False,False,False,True
198,1e+24,39.5727075201,3656.00619154,1,1.91597891655,1e+24,8.68068382258e+23,1.34113479513e+22,1.18520269791e+23,0.868068382258,0.0134113479513,0.118520269791,1,1.9340085089e-13,False,not_applicable,False,False,False,False,False,True
199,1e+19,0.308501651645,4.01214870173,0.720617664675,3.17842212111,1e+19,7.42652700677e+18,1.55950450591e+18,1.01396848732e+18,0.742652700677,0.155950450591,0.101396848732,1,3.80140363632e-13,False,not_applicable,False,False,False,False,False,False
199,1e+20,0.947904261957,10.8690650121,0.956227427072,2.70219154194,1e+20,6.18169982909e+19,2.97429208757e+19,8.44008083332e+18,0.618169982909,0.297429208757,0.0844008083332,1,5.55111512313e-14,False,not_applicable,False,False,False,False,False,False
199,1e+22,5.43355255179,245.574820613,1,2.15470325266,1e+22,8.00606215919e+21,9.0084348734e+20,1.09309435347e+21,0.800606215919,0.090084348734,0.109309435347,1,1.45661260831e-13,False,not_applicable,False,False,False,False,False,True
199,1e+24,39.5669903882,3656.52737112,1,1.91600321182,1e+24,8.68066700085e+23,1.34132597973e+22,1.18520040118e+23,0.868066700085,0.0134132597973,0.118520040118,1,1.11022302463e-15,False,not_applicable,False,False,False,False,False,True
