run_id,N_params_B,D_tokens_B,C_FLOPs_1e21,steps,batch_tokens_M,lr,wd,precision,gpu_days,step_time_ms,train_loss,val_loss,ppl,grad_norm_avg,raw_pred,residual_observed_minus_predicted
cerebras_0.111B,0.111,14,0.009548,1000,14.3,0.0006,0.1,bf16,,,6.504,6.4979,663.77,,3.029774547,3.468125453
cerebras_0.111B,0.111,29,0.019095,2000,14.3,0.0006,0.1,bf16,,,5.8141,5.7942,328.4,,2.920507786,2.873692214
cerebras_0.111B,0.111,43,0.028643,3000,14.3,0.0006,0.1,bf16,,,5.4758,5.4529,233.43,,2.870056107,2.582843893
cerebras_0.111B,0.111,57,0.03819,4000,14.3,0.0006,0.1,bf16,,,5.1889,5.1848,178.55,,2.837221749,2.347578251
cerebras_0.111B,0.111,72,0.047738,5000,14.3,0.0006,0.1,bf16,,,5.0567,5.0399,154.46,,2.811902745,2.227997255
cerebras_0.111B,0.111,86,0.057285,6000,14.3,0.0006,0.1,bf16,,,4.9145,4.9005,134.36,,2.793724224,2.106775776
cerebras_0.111B,0.111,100,0.066833,7000,14.3,0.0006,0.1,bf16,,,4.7979,4.7688,117.78,,2.77898729,1.98981271
cerebras_0.111B,0.111,115,0.07638,8000,14.3,0.0006,0.1,bf16,,,4.74,4.7178,111.92,,2.765875439,1.951924561
cerebras_0.111B,0.111,129,0.085928,9000,14.3,0.0006,0.1,bf16,,,4.654,4.6465,104.22,,2.755475381,1.891024619
cerebras_0.111B,0.111,143,0.095476,10000,14.3,0.0006,0.1,bf16,,,4.6171,4.6003,99.52,,2.74642814,1.85387186
cerebras_0.111B,0.111,158,0.105023,11000,14.3,0.0006,0.1,bf16,,,4.5494,4.522,92.02,,2.737914159,1.784085841
cerebras_0.111B,0.111,172,0.114571,12000,14.3,0.0006,0.1,bf16,,,4.4673,4.4305,83.98,,2.730852659,1.699647341
cerebras_0.111B,0.111,186,0.124118,13000,14.3,0.0006,0.1,bf16,,,4.4258,4.4228,83.33,,2.724490982,1.698309018
cerebras_0.111B,0.111,201,0.133666,14000,14.3,0.0006,0.1,bf16,,,4.4239,4.3766,79.57,,2.718321716,1.658278284
cerebras_0.111B,0.111,215,0.143213,15000,14.3,0.0006,0.1,bf16,,,4.3468,4.341,76.79,,2.713073322,1.627926678
cerebras_0.111B,0.111,229,0.152761,16000,14.3,0.0006,0.1,bf16,,,4.3317,4.3079,74.28,,2.70824507,1.59965493
cerebras_0.111B,0.111,244,0.162308,17000,14.3,0.0006,0.1,bf16,,,4.2845,4.2706,71.56,,2.703474318,1.567125682
cerebras_0.111B,0.111,258,0.171856,18000,14.3,0.0006,0.1,bf16,,,4.2927,4.2643,71.12,,2.699348594,1.564951406
cerebras_0.111B,0.111,272,0.181403,19000,14.3,0.0006,0.1,bf16,,,4.2413,4.222,68.17,,2.695499897,1.526500103
cerebras_0.111B,0.111,287,0.190951,20000,14.3,0.0006,0.1,bf16,,,4.2141,4.1985,66.59,,2.691648037,1.506851963
cerebras_0.111B,0.111,301,0.200499,21000,14.3,0.0006,0.1,bf16,,,4.194,4.1726,64.89,,2.688278567,1.484321433
cerebras_0.111B,0.111,315,0.210046,22000,14.3,0.0006,0.1,bf16,,,4.177,4.1687,64.63,,2.685103936,1.483596064
cerebras_0.111B,0.111,330,0.219594,23000,14.3,0.0006,0.1,bf16,,,4.1775,4.1408,62.85,,2.681896996,1.458903004
cerebras_0.111B,0.111,344,0.229141,24000,14.3,0.0006,0.1,bf16,,,4.1204,4.0985,60.25,,2.679067829,1.419432171
cerebras_0.111B,0.111,358,0.238689,25000,14.3,0.0006,0.1,bf16,,,4.1116,4.0932,59.93,,2.676382319,1.416817681
cerebras_0.111B,0.111,373,0.248236,26000,14.3,0.0006,0.1,bf16,,,4.0762,4.0662,58.34,,2.673650233,1.392549767
cerebras_0.111B,0.111,387,0.257784,27000,14.3,0.0006,0.1,bf16,,,4.0537,4.028,56.15,,2.671224244,1.356775756
cerebras_0.111B,0.111,401,0.267331,28000,14.3,0.0006,0.1,bf16,,,4.024,3.9989,54.54,,2.668908057,1.329991943
cerebras_0.111B,0.111,416,0.276879,29000,14.3,0.0006,0.1,bf16,,,4.0436,4.0339,56.48,,2.66653858,1.36736142
cerebras_0.111B,0.111,430,0.286427,30000,14.3,0.0006,0.1,bf16,,,4.0418,4.0147,55.4,,2.664423689,1.350276311
cerebras_0.111B,0.111,444,0.295974,31000,14.3,0.0006,0.1,bf16,,,4.0177,4.0021,54.71,,2.662395141,1.339704859
cerebras_0.111B,0.111,459,0.305522,32000,14.3,0.0006,0.1,bf16,,,4.006,3.984,53.73,,2.660310607,1.323689393
cerebras_0.111B,0.111,473,0.315069,33000,14.3,0.0006,0.1,bf16,,,3.9717,3.9569,52.3,,2.65844223,1.29845777
cerebras_0.111B,0.111,487,0.324617,34000,14.3,0.0006,0.1,bf16,,,3.9761,3.9615,52.54,,2.656643324,1.304856676
cerebras_0.111B,0.111,502,0.334164,35000,14.3,0.0006,0.1,bf16,,,3.9678,3.9469,51.77,,2.654787943,1.292112057
cerebras_0.111B,0.111,516,0.343712,36000,14.3,0.0006,0.1,bf16,,,3.9481,3.927,50.75,,2.653119172,1.273880828
cerebras_0.111B,0.111,530,0.353259,37000,14.3,0.0006,0.1,bf16,,,3.9431,3.9224,50.52,,2.651507366,1.270892634
cerebras_0.111B,0.111,545,0.362807,38000,14.3,0.0006,0.1,bf16,,,3.9364,3.9095,49.87,,2.649839818,1.259660182
cerebras_0.111B,0.111,559,0.372355,39000,14.3,0.0006,0.1,bf16,,,3.9169,3.8948,49.14,,2.648335597,1.246464403
cerebras_0.111B,0.111,573,0.381902,40000,14.3,0.0006,0.1,bf16,,,3.9083,3.8842,48.63,,2.646878835,1.237321165
cerebras_0.111B,0.111,588,0.39145,41000,14.3,0.0006,0.1,bf16,,,3.9023,3.8751,48.19,,2.645367732,1.229732268
cerebras_0.111B,0.111,602,0.400997,42000,14.3,0.0006,0.1,bf16,,,3.8858,3.8797,48.41,,2.644001227,1.235698773
cerebras_0.111B,0.111,616,0.410545,43000,14.3,0.0006,0.1,bf16,,,3.9055,3.8736,48.12,,2.642674801,1.230925199
cerebras_0.111B,0.111,631,0.420092,44000,14.3,0.0006,0.1,bf16,,,3.8834,3.8393,46.49,,2.641295785,1.198004215
cerebras_0.111B,0.111,645,0.42964,45000,14.3,0.0006,0.1,bf16,,,3.8675,3.8422,46.63,,2.640046037,1.202153963
cerebras_0.111B,0.111,659,0.439187,46000,14.3,0.0006,0.1,bf16,,,3.8642,3.8504,47.01,,2.638830533,1.211569467
cerebras_0.111B,0.111,674,0.448735,47000,14.3,0.0006,0.1,bf16,,,3.8266,3.8098,45.14,,2.637564353,1.172235647
cerebras_0.111B,0.111,688,0.458283,48000,14.3,0.0006,0.1,bf16,,,3.8403,3.8163,45.44,,2.636414705,1.179885295
cerebras_0.111B,0.111,702,0.46783,49000,14.3,0.0006,0.1,bf16,,,3.8515,3.8145,45.35,,2.635294615,1.179205385
cerebras_0.111B,0.111,717,0.477378,50000,14.3,0.0006,0.1,bf16,,,3.7978,3.7898,44.25,,2.634125813,1.155674187
cerebras_0.111B,0.111,731,0.486925,51000,14.3,0.0006,0.1,bf16,,,3.8145,3.7948,44.47,,2.633062824,1.161737176
cerebras_0.111B,0.111,745,0.496473,52000,14.3,0.0006,0.1,bf16,,,3.7894,3.783,43.95,,2.632025578,1.150974422
cerebras_0.111B,0.111,760,0.50602,53000,14.3,0.0006,0.1,bf16,,,3.8108,3.7843,44,,2.63094157,1.15335843
cerebras_0.111B,0.111,774,0.515568,54000,14.3,0.0006,0.1,bf16,,,3.8136,3.7664,43.23,,2.629954253,1.136445747
cerebras_0.111B,0.111,788,0.525115,55000,14.3,0.0006,0.1,bf16,,,3.7797,3.7494,42.5,,2.628989532,1.120410468
cerebras_0.111B,0.111,803,0.534663,56000,14.3,0.0006,0.1,bf16,,,3.7611,3.7496,42.51,,2.627979949,1.121620051
cerebras_0.111B,0.111,817,0.54421,57000,14.3,0.0006,0.1,bf16,,,3.7668,3.7365,41.95,,2.627059213,1.109440787
cerebras_0.111B,0.111,831,0.553758,58000,14.3,0.0006,0.1,bf16,,,3.7516,3.7364,41.95,,2.626158453,1.110241547
cerebras_0.111B,0.111,846,0.563306,59000,14.3,0.0006,0.1,bf16,,,3.7568,3.7325,41.78,,2.625214656,1.107285344
cerebras_0.111B,0.111,860,0.572853,60000,14.3,0.0006,0.1,bf16,,,3.7677,3.7441,42.27,,2.624352904,1.119747096
cerebras_0.111B,0.111,874,0.582401,61000,14.3,0.0006,0.1,bf16,,,3.7733,3.7393,42.07,,2.623508922,1.115791078
cerebras_0.111B,0.111,889,0.591948,62000,14.3,0.0006,0.1,bf16,,,3.7385,3.7148,41.05,,2.622623647,1.092176353
cerebras_0.111B,0.111,903,0.601496,63000,14.3,0.0006,0.1,bf16,,,3.7519,3.7239,41.42,,2.621814469,1.102085531
cerebras_0.111B,0.111,917,0.611043,64000,14.3,0.0006,0.1,bf16,,,3.7462,3.7098,40.84,,2.62102119,1.08877881
cerebras_0.111B,0.111,932,0.620591,65000,14.3,0.0006,0.1,bf16,,,3.7191,3.7005,40.47,,2.62018827,1.08031173
cerebras_0.111B,0.111,946,0.630138,66000,14.3,0.0006,0.1,bf16,,,3.721,3.7018,40.52,,2.619426212,1.082373788
cerebras_0.111B,0.111,960,0.639686,67000,14.3,0.0006,0.1,bf16,,,3.7133,3.6815,39.7,,2.618678454,1.062821546
cerebras_0.111B,0.111,975,0.649234,68000,14.3,0.0006,0.1,bf16,,,3.7185,3.6878,39.96,,2.617892617,1.069907383
cerebras_0.111B,0.111,989,0.658781,69000,14.3,0.0006,0.1,bf16,,,3.7046,3.6956,40.27,,2.617173005,1.078426995
cerebras_0.111B,0.111,1003,0.668329,70000,14.3,0.0006,0.1,bf16,,,3.7001,3.6837,39.79,,2.616466314,1.067233686
cerebras_0.111B,0.111,1018,0.677876,71000,14.3,0.0006,0.1,bf16,,,3.7031,3.6756,39.47,,2.615723021,1.059876979
cerebras_0.111B,0.111,1032,0.687424,72000,14.3,0.0006,0.1,bf16,,,3.6717,3.6601,38.87,,2.615041819,1.045058181
cerebras_0.111B,0.111,1047,0.696971,73000,14.3,0.0006,0.1,bf16,,,3.6815,3.6633,38.99,,2.614324962,1.048975038
cerebras_0.111B,0.111,1061,0.706519,74000,14.3,0.0006,0.1,bf16,,,3.6776,3.653,38.59,,2.613667657,1.039332343
cerebras_0.111B,0.111,1075,0.716066,75000,14.3,0.0006,0.1,bf16,,,3.6784,3.6523,38.56,,2.613021359,1.039278641
cerebras_0.111B,0.111,1090,0.725614,76000,14.3,0.0006,0.1,bf16,,,3.671,3.6565,38.72,,2.612340744,1.044159256
cerebras_0.111B,0.111,1104,0.735162,77000,14.3,0.0006,0.1,bf16,,,3.6637,3.6394,38.07,,2.611716233,1.027683767
cerebras_0.111B,0.111,1118,0.744709,78000,14.3,0.0006,0.1,bf16,,,3.6662,3.6433,38.22,,2.611101776,1.032198224
cerebras_0.111B,0.111,1133,0.754257,79000,14.3,0.0006,0.1,bf16,,,3.6884,3.6521,38.56,,2.610454264,1.041645736
cerebras_0.111B,0.111,1147,0.763804,80000,14.3,0.0006,0.1,bf16,,,3.636,3.6144,37.13,,2.609859742,1.004540258
cerebras_0.111B,0.111,1161,0.773352,81000,14.3,0.0006,0.1,bf16,,,3.6369,3.6255,37.54,,2.609274436,1.016225564
cerebras_0.111B,0.111,1176,0.782899,82000,14.3,0.0006,0.1,bf16,,,3.6058,3.6066,36.84,,2.608657263,0.997942737
cerebras_0.111B,0.111,1190,0.792447,83000,14.3,0.0006,0.1,bf16,,,3.6328,3.6165,37.21,,2.608090258,1.008409742
cerebras_0.111B,0.111,1204,0.801994,84000,14.3,0.0006,0.1,bf16,,,3.6355,3.6178,37.26,,2.607531726,1.010268274
cerebras_0.111B,0.111,1219,0.811542,85000,14.3,0.0006,0.1,bf16,,,3.6512,3.6195,37.32,,2.60694245,1.01255755
cerebras_0.111B,0.111,1233,0.82109,86000,14.3,0.0006,0.1,bf16,,,3.615,3.6,36.6,,2.606400772,0.9935992277
cerebras_0.111B,0.111,1247,0.830637,87000,14.3,0.0006,0.1,bf16,,,3.6297,3.6177,37.25,,2.60586691,1.01183309
cerebras_0.111B,0.111,1262,0.840185,88000,14.3,0.0006,0.1,bf16,,,3.659,3.6181,37.27,,2.605303361,1.012796639
cerebras_0.111B,0.111,1276,0.849732,89000,14.3,0.0006,0.1,bf16,,,3.6141,3.5926,36.33,,2.604785063,0.9878149373
cerebras_0.111B,0.111,1290,0.85928,90000,14.3,0.0006,0.1,bf16,,,3.605,3.5969,36.48,,2.604273992,0.9926260077
cerebras_0.111B,0.111,1305,0.868827,91000,14.3,0.0006,0.1,bf16,,,3.6102,3.611,37,,2.603734236,1.007265764
cerebras_0.111B,0.111,1319,0.878375,92000,14.3,0.0006,0.1,bf16,,,3.6018,3.5849,36.05,,2.603237579,0.981662421
cerebras_0.111B,0.111,1333,0.887922,93000,14.3,0.0006,0.1,bf16,,,3.6246,3.6034,36.72,,2.602747624,1.000652376
cerebras_0.111B,0.111,1348,0.89747,94000,14.3,0.0006,0.1,bf16,,,3.5887,3.5631,35.27,,2.602229927,0.9608700727
cerebras_0.111B,0.111,1362,0.907017,95000,14.3,0.0006,0.1,bf16,,,3.6117,3.5785,35.82,,2.601753353,0.9767466471
cerebras_0.111B,0.111,1376,0.916565,96000,14.3,0.0006,0.1,bf16,,,3.5834,3.5532,34.92,,2.601283007,0.9519169926
cerebras_0.111B,0.111,1391,0.926113,97000,14.3,0.0006,0.1,bf16,,,3.5938,3.58,35.87,,2.600785815,0.9792141852
cerebras_0.111B,0.111,1405,0.93566,98000,14.3,0.0006,0.1,bf16,,,3.5691,3.5553,35,,2.600327921,0.9549720794
cerebras_0.111B,0.111,1419,0.945208,99000,14.3,0.0006,0.1,bf16,,,3.6018,3.5734,35.64,,2.599875829,0.9735241709
cerebras_0.111B,0.111,1434,0.954755,100000,14.3,0.0006,0.1,bf16,,,3.5827,3.5537,34.94,,2.599397737,0.9543022627
cerebras_0.111B,0.111,1448,0.964303,101000,14.3,0.0006,0.1,bf16,,,3.5865,3.5694,35.49,,2.598957258,0.9704427422
cerebras_0.111B,0.111,1462,0.97385,102000,14.3,0.0006,0.1,bf16,,,3.5813,3.5651,35.34,,2.598522195,0.9665778045
cerebras_0.111B,0.111,1477,0.983398,103000,14.3,0.0006,0.1,bf16,,,3.5645,3.5457,34.66,,2.598061935,0.9476380646
cerebras_0.111B,0.111,1491,0.992945,104000,14.3,0.0006,0.1,bf16,,,3.5491,3.5496,34.8,,2.597637725,0.9519622752
cerebras_0.111B,0.111,1505,1.002493,105000,14.3,0.0006,0.1,bf16,,,3.5288,3.5322,34.2,,2.597218582,0.9349814182
cerebras_0.111B,0.111,1520,1.012041,106000,14.3,0.0006,0.1,bf16,,,3.5799,3.5472,34.72,,2.596775002,0.9504249977
cerebras_0.111B,0.111,1534,1.021588,107000,14.3,0.0006,0.1,bf16,,,3.5534,3.553,34.92,,2.59636602,0.9566339797
cerebras_0.111B,0.111,1548,1.031136,108000,14.3,0.0006,0.1,bf16,,,3.5434,3.5352,34.3,,2.595961788,0.9392382122
cerebras_0.111B,0.111,1563,1.040683,109000,14.3,0.0006,0.1,bf16,,,3.5318,3.5175,33.7,,2.595533842,0.9219661584
cerebras_0.111B,0.111,1577,1.050231,110000,14.3,0.0006,0.1,bf16,,,3.5557,3.5153,33.62,,2.595139141,0.9201608591
cerebras_0.111B,0.111,1591,1.059778,111000,14.3,0.0006,0.1,bf16,,,3.5206,3.5106,33.47,,2.5947489,0.9158511003
cerebras_0.111B,0.111,1606,1.069326,112000,14.3,0.0006,0.1,bf16,,,3.5421,3.5216,33.84,,2.594335632,0.9272643683
cerebras_0.111B,0.111,1620,1.078873,113000,14.3,0.0006,0.1,bf16,,,3.529,3.521,33.82,,2.593954348,0.9270456524
cerebras_0.111B,0.111,1634,1.088421,114000,14.3,0.0006,0.1,bf16,,,3.5432,3.5206,33.81,,2.593577258,0.9270227423
cerebras_0.111B,0.111,1649,1.097969,115000,14.3,0.0006,0.1,bf16,,,3.541,3.5229,33.88,,2.593177794,0.9297222055
cerebras_0.111B,0.111,1663,1.107516,116000,14.3,0.0006,0.1,bf16,,,3.5284,3.5229,33.88,,2.592809136,0.9300908643
cerebras_0.111B,0.111,1677,1.117064,117000,14.3,0.0006,0.1,bf16,,,3.5524,3.524,33.92,,2.592444428,0.9315555721
cerebras_0.111B,0.111,1692,1.126611,118000,14.3,0.0006,0.1,bf16,,,3.5357,3.5111,33.49,,2.592057969,0.9190420311
cerebras_0.111B,0.111,1706,1.136159,119000,14.3,0.0006,0.1,bf16,,,3.5439,3.5154,33.63,,2.591701209,0.9236987905
cerebras_0.111B,0.111,1720,1.145706,120000,14.3,0.0006,0.1,bf16,,,3.5227,3.4917,32.84,,2.591348178,0.9003518224
cerebras_0.111B,0.111,1735,1.155254,121000,14.3,0.0006,0.1,bf16,,,3.5341,3.5025,33.2,,2.590973987,0.9115260125
cerebras_0.111B,0.111,1749,1.164801,122000,14.3,0.0006,0.1,bf16,,,3.5121,3.502,33.18,,2.59062846,0.9113715399
cerebras_0.111B,0.111,1763,1.174349,123000,14.3,0.0006,0.1,bf16,,,3.5081,3.4839,32.59,,2.590286455,0.8936135454
cerebras_0.111B,0.111,1778,1.183897,124000,14.3,0.0006,0.1,bf16,,,3.5094,3.5044,33.26,,2.589923856,0.9144761437
cerebras_0.111B,0.111,1792,1.193444,125000,14.3,0.0006,0.1,bf16,,,3.5175,3.487,32.69,,2.589588946,0.8974110538
cerebras_0.111B,0.111,1806,1.202992,126000,14.3,0.0006,0.1,bf16,,,3.5222,3.4845,32.6,,2.589257368,0.8952426318
cerebras_0.111B,0.111,1821,1.212539,127000,14.3,0.0006,0.1,bf16,,,3.5251,3.493,32.88,,2.588905737,0.9040942628
cerebras_0.111B,0.111,1835,1.222087,128000,14.3,0.0006,0.1,bf16,,,3.5148,3.4765,32.35,,2.588580877,0.8879191233
cerebras_0.111B,0.111,1849,1.231634,129000,14.3,0.0006,0.1,bf16,,,3.5134,3.4894,32.77,,2.588259173,0.9011408269
cerebras_0.111B,0.111,1864,1.241182,130000,14.3,0.0006,0.1,bf16,,,3.5107,3.4875,32.7,,2.587917932,0.8995820679
cerebras_0.111B,0.111,1878,1.250729,131000,14.3,0.0006,0.1,bf16,,,3.5112,3.4917,32.84,,2.587602597,0.9040974035
cerebras_0.111B,0.111,1892,1.260277,132000,14.3,0.0006,0.1,bf16,,,3.4913,3.4726,32.22,,2.587290255,0.8853097446
cerebras_0.111B,0.111,1907,1.269824,133000,14.3,0.0006,0.1,bf16,,,3.4968,3.4755,32.31,,2.58695887,0.8885411301
cerebras_0.111B,0.111,1921,1.279372,134000,14.3,0.0006,0.1,bf16,,,3.4833,3.4517,31.55,,2.586652573,0.8650474272
cerebras_0.111B,0.111,1935,1.28892,135000,14.3,0.0006,0.1,bf16,,,3.4746,3.4589,31.78,,2.58634912,0.8725508805
cerebras_0.111B,0.111,1950,1.298467,136000,14.3,0.0006,0.1,bf16,,,3.4911,3.4629,31.91,,2.586027094,0.8768729063
cerebras_0.111B,0.111,1964,1.308015,137000,14.3,0.0006,0.1,bf16,,,3.4491,3.4425,31.27,,2.585729384,0.8567706162
cerebras_0.111B,0.111,1978,1.317562,138000,14.3,0.0006,0.1,bf16,,,3.521,3.4873,32.7,,2.585434378,0.9018656223
cerebras_0.111B,0.111,1993,1.32711,139000,14.3,0.0006,0.1,bf16,,,3.496,3.4783,32.4,,2.585121251,0.8931787492
cerebras_0.111B,0.111,2007,1.336657,140000,14.3,0.0006,0.1,bf16,,,3.4894,3.471,32.17,,2.584831708,0.8861682916
cerebras_0.111B,0.111,2021,1.346205,141000,14.3,0.0006,0.1,bf16,,,3.4537,3.4516,31.55,,2.584544739,0.8670552605
cerebras_0.111B,0.111,2036,1.355752,142000,14.3,0.0006,0.1,bf16,,,3.4709,3.4533,31.6,,2.584240083,0.8690599173
cerebras_0.111B,0.111,2050,1.3653,143000,14.3,0.0006,0.1,bf16,,,3.4398,3.4291,30.85,,2.583958317,0.845141683
cerebras_0.111B,0.111,2050,1.3653,144000,14.3,0.0006,0.1,bf16,,,3.4578,3.449,31.47,,2.583958317,0.865041683
cerebras_0.111B,0.111,2050,1.3653,145000,14.3,0.0006,0.1,bf16,,,3.4769,3.4599,31.81,,2.583958317,0.875941683
cerebras_0.111B,0.111,2050,1.3653,146000,14.3,0.0006,0.1,bf16,,,3.4875,3.4553,31.67,,2.583958317,0.871341683
cerebras_0.111B,0.111,2050,1.3653,147000,14.3,0.0006,0.1,bf16,,,3.4626,3.4559,31.69,,2.583958317,0.871941683
cerebras_0.256B,0.256,14,0.02202,1000,14.3,0.0006,0.1,bf16,,,6.3497,6.3352,564.1,,2.844938416,3.490261584
cerebras_0.256B,0.256,29,0.044039,2000,14.3,0.0006,0.1,bf16,,,5.5949,5.5767,264.19,,2.735671655,2.841028345
cerebras_0.256B,0.256,43,0.066059,3000,14.3,0.0006,0.1,bf16,,,5.2766,5.2522,190.99,,2.685219976,2.566980024
cerebras_0.256B,0.256,57,0.088078,4000,14.3,0.0006,0.1,bf16,,,5.0095,4.9889,146.78,,2.652385618,2.336514382
cerebras_0.256B,0.256,72,0.110098,5000,14.3,0.0006,0.1,bf16,,,4.8745,4.8609,129.14,,2.627066614,2.233833386
cerebras_0.256B,0.256,86,0.132117,6000,14.3,0.0006,0.1,bf16,,,4.7385,4.7174,111.88,,2.608888093,2.108511907
cerebras_0.256B,0.256,100,0.154137,7000,14.3,0.0006,0.1,bf16,,,4.6473,4.6157,101.06,,2.594151159,2.021548841
cerebras_0.256B,0.256,115,0.176157,8000,14.3,0.0006,0.1,bf16,,,4.536,4.5286,92.63,,2.581039307,1.947560693
cerebras_0.256B,0.256,129,0.198176,9000,14.3,0.0006,0.1,bf16,,,4.4615,4.4388,84.67,,2.570639249,1.868160751
cerebras_0.256B,0.256,143,0.220196,10000,14.3,0.0006,0.1,bf16,,,4.383,4.3626,78.46,,2.561592009,1.801007991
cerebras_0.256B,0.256,158,0.242215,11000,14.3,0.0006,0.1,bf16,,,4.3593,4.3339,76.24,,2.553078028,1.780821972
cerebras_0.256B,0.256,172,0.264235,12000,14.3,0.0006,0.1,bf16,,,4.2986,4.2775,72.06,,2.546016528,1.731483472
cerebras_0.256B,0.256,186,0.286255,13000,14.3,0.0006,0.1,bf16,,,4.2408,4.2283,68.6,,2.539654851,1.688645149
cerebras_0.256B,0.256,201,0.308274,14000,14.3,0.0006,0.1,bf16,,,4.2236,4.209,67.29,,2.533485585,1.675514415
cerebras_0.256B,0.256,215,0.330294,15000,14.3,0.0006,0.1,bf16,,,4.1957,4.1641,64.33,,2.528237191,1.635862809
cerebras_0.256B,0.256,229,0.352313,16000,14.3,0.0006,0.1,bf16,,,4.1811,4.1461,63.19,,2.523408939,1.622691061
cerebras_0.256B,0.256,244,0.374333,17000,14.3,0.0006,0.1,bf16,,,4.0915,4.0865,59.53,,2.518638187,1.567861813
cerebras_0.256B,0.256,258,0.396352,18000,14.3,0.0006,0.1,bf16,,,4.0767,4.0612,58.04,,2.514512463,1.546687537
cerebras_0.256B,0.256,272,0.418372,19000,14.3,0.0006,0.1,bf16,,,4.0543,4.0367,56.64,,2.510663766,1.526036234
cerebras_0.256B,0.256,287,0.440392,20000,14.3,0.0006,0.1,bf16,,,4.0123,4.0105,55.18,,2.506811906,1.503688094
cerebras_0.256B,0.256,301,0.462411,21000,14.3,0.0006,0.1,bf16,,,4.0315,3.9922,54.17,,2.503442435,1.488757565
cerebras_0.256B,0.256,315,0.484431,22000,14.3,0.0006,0.1,bf16,,,4.0136,3.9872,53.91,,2.500267805,1.486932195
cerebras_0.256B,0.256,330,0.50645,23000,14.3,0.0006,0.1,bf16,,,3.9656,3.9532,52.1,,2.497060865,1.456139135
cerebras_0.256B,0.256,344,0.52847,24000,14.3,0.0006,0.1,bf16,,,3.9619,3.9191,50.36,,2.494231698,1.424868302
cerebras_0.256B,0.256,358,0.55049,25000,14.3,0.0006,0.1,bf16,,,3.9429,3.9095,49.87,,2.491546187,1.417953813
cerebras_0.256B,0.256,373,0.572509,26000,14.3,0.0006,0.1,bf16,,,3.9149,3.8888,48.85,,2.488814101,1.399985899
cerebras_0.256B,0.256,387,0.594529,27000,14.3,0.0006,0.1,bf16,,,3.9068,3.8797,48.41,,2.486388113,1.393311887
cerebras_0.256B,0.256,401,0.616548,28000,14.3,0.0006,0.1,bf16,,,3.8598,3.8418,46.61,,2.484071926,1.357728074
cerebras_0.256B,0.256,416,0.638568,29000,14.3,0.0006,0.1,bf16,,,3.8838,3.8636,47.64,,2.481702449,1.381897551
cerebras_0.256B,0.256,430,0.660587,30000,14.3,0.0006,0.1,bf16,,,3.8568,3.8376,46.42,,2.479587558,1.358012442
cerebras_0.256B,0.256,444,0.682607,31000,14.3,0.0006,0.1,bf16,,,3.8072,3.7951,44.48,,2.47755901,1.31754099
cerebras_0.256B,0.256,459,0.704627,32000,14.3,0.0006,0.1,bf16,,,3.7798,3.7779,43.73,,2.475474476,1.302425524
cerebras_0.256B,0.256,473,0.726646,33000,14.3,0.0006,0.1,bf16,,,3.791,3.7783,43.74,,2.473606099,1.304693901
cerebras_0.256B,0.256,487,0.748666,34000,14.3,0.0006,0.1,bf16,,,3.7655,3.7533,42.66,,2.471807193,1.281492807
cerebras_0.256B,0.256,502,0.770685,35000,14.3,0.0006,0.1,bf16,,,3.7754,3.7502,42.53,,2.469951812,1.280248188
cerebras_0.256B,0.256,516,0.792705,36000,14.3,0.0006,0.1,bf16,,,3.7725,3.751,42.56,,2.468283041,1.282716959
cerebras_0.256B,0.256,530,0.814724,37000,14.3,0.0006,0.1,bf16,,,3.766,3.7451,42.31,,2.466671235,1.278428765
cerebras_0.256B,0.256,545,0.836744,38000,14.3,0.0006,0.1,bf16,,,3.7355,3.7255,41.49,,2.465003687,1.260496313
cerebras_0.256B,0.256,559,0.858764,39000,14.3,0.0006,0.1,bf16,,,3.7237,3.7042,40.62,,2.463499466,1.240700534
cerebras_0.256B,0.256,573,0.880783,40000,14.3,0.0006,0.1,bf16,,,3.7353,3.6973,40.34,,2.462042704,1.235257296
cerebras_0.256B,0.256,588,0.902803,41000,14.3,0.0006,0.1,bf16,,,3.7253,3.6983,40.38,,2.460531601,1.237768399
cerebras_0.256B,0.256,602,0.924822,42000,14.3,0.0006,0.1,bf16,,,3.7046,3.6804,39.66,,2.459165095,1.221234905
cerebras_0.256B,0.256,616,0.946842,43000,14.3,0.0006,0.1,bf16,,,3.7031,3.6897,40.03,,2.45783867,1.23186133
cerebras_0.256B,0.256,631,0.968862,44000,14.3,0.0006,0.1,bf16,,,3.6826,3.6772,39.54,,2.456459654,1.220740346
cerebras_0.256B,0.256,645,0.990881,45000,14.3,0.0006,0.1,bf16,,,3.6915,3.6611,38.9,,2.455209906,1.205890094
cerebras_0.256B,0.256,659,1.012901,46000,14.3,0.0006,0.1,bf16,,,3.6868,3.6571,38.75,,2.453994402,1.203105598
cerebras_0.256B,0.256,674,1.03492,47000,14.3,0.0006,0.1,bf16,,,3.6388,3.622,37.41,,2.452728222,1.169271778
cerebras_0.256B,0.256,688,1.05694,48000,14.3,0.0006,0.1,bf16,,,3.6783,3.6474,38.38,,2.451578574,1.195821426
cerebras_0.256B,0.256,702,1.078959,49000,14.3,0.0006,0.1,bf16,,,3.6279,3.6151,37.15,,2.450458484,1.164641516
cerebras_0.256B,0.256,717,1.100979,50000,14.3,0.0006,0.1,bf16,,,3.6382,3.6191,37.3,,2.449289682,1.169810318
cerebras_0.256B,0.256,731,1.122999,51000,14.3,0.0006,0.1,bf16,,,3.6174,3.6045,36.76,,2.448226693,1.156273307
cerebras_0.256B,0.256,745,1.145018,52000,14.3,0.0006,0.1,bf16,,,3.6309,3.6023,36.68,,2.447189446,1.155110554
cerebras_0.256B,0.256,760,1.167038,53000,14.3,0.0006,0.1,bf16,,,3.6193,3.5921,36.31,,2.446105439,1.145994561
cerebras_0.256B,0.256,774,1.189057,54000,14.3,0.0006,0.1,bf16,,,3.6321,3.5851,36.06,,2.445118122,1.139981878
cerebras_0.256B,0.256,788,1.211077,55000,14.3,0.0006,0.1,bf16,,,3.6195,3.5854,36.07,,2.444153401,1.141246599
cerebras_0.256B,0.256,803,1.233097,56000,14.3,0.0006,0.1,bf16,,,3.5675,3.5539,34.95,,2.443143818,1.110756182
cerebras_0.256B,0.256,817,1.255116,57000,14.3,0.0006,0.1,bf16,,,3.5751,3.5631,35.27,,2.442223082,1.120876918
cerebras_0.256B,0.256,831,1.277136,58000,14.3,0.0006,0.1,bf16,,,3.5521,3.5356,34.31,,2.441322321,1.094277679
cerebras_0.256B,0.256,846,1.299155,59000,14.3,0.0006,0.1,bf16,,,3.5941,3.5695,35.5,,2.440378525,1.129121475
cerebras_0.256B,0.256,860,1.321175,60000,14.3,0.0006,0.1,bf16,,,3.5822,3.5519,34.88,,2.439516773,1.112383227
cerebras_0.256B,0.256,874,1.343194,61000,14.3,0.0006,0.1,bf16,,,3.5698,3.5381,34.4,,2.438672791,1.099427209
cerebras_0.256B,0.256,889,1.365214,62000,14.3,0.0006,0.1,bf16,,,3.5624,3.5355,34.31,,2.437787516,1.097712484
cerebras_0.256B,0.256,903,1.387234,63000,14.3,0.0006,0.1,bf16,,,3.539,3.5182,33.72,,2.436978337,1.081221663
cerebras_0.256B,0.256,917,1.409253,64000,14.3,0.0006,0.1,bf16,,,3.5401,3.5273,34.03,,2.436185059,1.091114941
cerebras_0.256B,0.256,932,1.431273,65000,14.3,0.0006,0.1,bf16,,,3.5102,3.5062,33.32,,2.435352138,1.070847862
cerebras_0.256B,0.256,946,1.453292,66000,14.3,0.0006,0.1,bf16,,,3.5389,3.5165,33.67,,2.434590081,1.081909919
cerebras_0.256B,0.256,960,1.475312,67000,14.3,0.0006,0.1,bf16,,,3.5421,3.5163,33.66,,2.433842323,1.082457677
cerebras_0.256B,0.256,975,1.497331,68000,14.3,0.0006,0.1,bf16,,,3.5454,3.5221,33.86,,2.433056486,1.089043514
cerebras_0.256B,0.256,989,1.519351,69000,14.3,0.0006,0.1,bf16,,,3.5293,3.5056,33.3,,2.432336874,1.073263126
cerebras_0.256B,0.256,1003,1.541371,70000,14.3,0.0006,0.1,bf16,,,3.5086,3.4931,32.89,,2.431630183,1.061469817
cerebras_0.256B,0.256,1018,1.56339,71000,14.3,0.0006,0.1,bf16,,,3.5141,3.4933,32.89,,2.43088689,1.06241311
cerebras_0.256B,0.256,1032,1.58541,72000,14.3,0.0006,0.1,bf16,,,3.4929,3.4711,32.17,,2.430205688,1.040894312
cerebras_0.256B,0.256,1047,1.607429,73000,14.3,0.0006,0.1,bf16,,,3.4879,3.4659,32.01,,2.429488831,1.036411169
cerebras_0.256B,0.256,1061,1.629449,74000,14.3,0.0006,0.1,bf16,,,3.5112,3.4839,32.59,,2.428831525,1.055068475
cerebras_0.256B,0.256,1075,1.651469,75000,14.3,0.0006,0.1,bf16,,,3.4593,3.4539,31.62,,2.428185228,1.025714772
cerebras_0.256B,0.256,1090,1.673488,76000,14.3,0.0006,0.1,bf16,,,3.4545,3.4381,31.13,,2.427504613,1.010595387
cerebras_0.256B,0.256,1104,1.695508,77000,14.3,0.0006,0.1,bf16,,,3.4602,3.4586,31.77,,2.426880102,1.031719898
cerebras_0.256B,0.256,1118,1.717527,78000,14.3,0.0006,0.1,bf16,,,3.4501,3.4478,31.43,,2.426265645,1.021534355
cerebras_0.256B,0.256,1133,1.739547,79000,14.3,0.0006,0.1,bf16,,,3.475,3.4434,31.29,,2.425618133,1.017781867
cerebras_0.256B,0.256,1147,1.761566,80000,14.3,0.0006,0.1,bf16,,,3.4834,3.4474,31.42,,2.425023611,1.022376389
cerebras_0.256B,0.256,1161,1.783586,81000,14.3,0.0006,0.1,bf16,,,3.4643,3.4489,31.47,,2.424438305,1.024461695
cerebras_0.256B,0.256,1176,1.805606,82000,14.3,0.0006,0.1,bf16,,,3.4828,3.454,31.63,,2.423821132,1.030178868
cerebras_0.256B,0.256,1190,1.827625,83000,14.3,0.0006,0.1,bf16,,,3.4324,3.416,30.45,,2.423254127,0.9927458734
cerebras_0.256B,0.256,1204,1.849645,84000,14.3,0.0006,0.1,bf16,,,3.4399,3.4221,30.63,,2.422695595,0.9994044047
cerebras_0.256B,0.256,1219,1.871664,85000,14.3,0.0006,0.1,bf16,,,3.4604,3.4291,30.85,,2.422106319,1.006993681
cerebras_0.256B,0.256,1233,1.893684,86000,14.3,0.0006,0.1,bf16,,,3.4418,3.4248,30.72,,2.421564641,1.003235359
cerebras_0.256B,0.256,1247,1.915703,87000,14.3,0.0006,0.1,bf16,,,3.4445,3.4275,30.8,,2.421030778,1.006469222
cerebras_0.256B,0.256,1262,1.937723,88000,14.3,0.0006,0.1,bf16,,,3.439,3.4211,30.6,,2.42046723,1.00063277
cerebras_0.256B,0.256,1276,1.959743,89000,14.3,0.0006,0.1,bf16,,,3.4447,3.4238,30.69,,2.419948932,1.003851068
cerebras_0.256B,0.256,1290,1.981762,90000,14.3,0.0006,0.1,bf16,,,3.409,3.4016,30.01,,2.419437861,0.9821621387
cerebras_0.256B,0.256,1305,2.003782,91000,14.3,0.0006,0.1,bf16,,,3.4201,3.405,30.11,,2.418898105,0.9861018953
cerebras_0.256B,0.256,1319,2.025801,92000,14.3,0.0006,0.1,bf16,,,3.4404,3.4141,30.39,,2.418401448,0.9956985521
cerebras_0.256B,0.256,1333,2.047821,93000,14.3,0.0006,0.1,bf16,,,3.4163,3.3994,29.95,,2.417911493,0.9814885074
cerebras_0.256B,0.256,1348,2.069841,94000,14.3,0.0006,0.1,bf16,,,3.4097,3.3995,29.95,,2.417393796,0.9821062038
cerebras_0.256B,0.256,1362,2.09186,95000,14.3,0.0006,0.1,bf16,,,3.377,3.3695,29.06,,2.416917222,0.9525827782
cerebras_0.256B,0.256,1376,2.11388,96000,14.3,0.0006,0.1,bf16,,,3.4287,3.3874,29.59,,2.416446876,0.9709531237
cerebras_0.256B,0.256,1391,2.135899,97000,14.3,0.0006,0.1,bf16,,,3.4159,3.3943,29.79,,2.415949684,0.9783503163
cerebras_0.256B,0.256,1405,2.157919,98000,14.3,0.0006,0.1,bf16,,,3.3943,3.3771,29.29,,2.41549179,0.9616082105
cerebras_0.256B,0.256,1419,2.179938,99000,14.3,0.0006,0.1,bf16,,,3.3944,3.3765,29.27,,2.415039698,0.961460302
cerebras_0.256B,0.256,1434,2.201958,100000,14.3,0.0006,0.1,bf16,,,3.3912,3.3878,29.6,,2.414561606,0.9732383938
cerebras_0.256B,0.256,1448,2.223978,101000,14.3,0.0006,0.1,bf16,,,3.3979,3.3819,29.43,,2.414121127,0.9677788733
cerebras_0.256B,0.256,1462,2.245997,102000,14.3,0.0006,0.1,bf16,,,3.369,3.3554,28.66,,2.413686064,0.9417139356
cerebras_0.256B,0.256,1477,2.268017,103000,14.3,0.0006,0.1,bf16,,,3.3965,3.3631,28.88,,2.413225804,0.9498741957
cerebras_0.256B,0.256,1491,2.290036,104000,14.3,0.0006,0.1,bf16,,,3.3894,3.3544,28.63,,2.412801594,0.9415984063
cerebras_0.256B,0.256,1505,2.312056,105000,14.3,0.0006,0.1,bf16,,,3.3869,3.3525,28.57,,2.412382451,0.9401175493
cerebras_0.256B,0.256,1520,2.334076,106000,14.3,0.0006,0.1,bf16,,,3.3954,3.3526,28.58,,2.411938871,0.9406611288
cerebras_0.256B,0.256,1534,2.356095,107000,14.3,0.0006,0.1,bf16,,,3.3786,3.361,28.82,,2.411529889,0.9494701108
cerebras_0.256B,0.256,1548,2.378115,108000,14.3,0.0006,0.1,bf16,,,3.3891,3.3674,29,,2.411125657,0.9562743433
cerebras_0.256B,0.256,1563,2.400134,109000,14.3,0.0006,0.1,bf16,,,3.3525,3.3355,28.09,,2.41069771,0.9248022895
cerebras_0.256B,0.256,1577,2.422154,110000,14.3,0.0006,0.1,bf16,,,3.3381,3.3305,27.95,,2.41030301,0.9201969901
cerebras_0.256B,0.256,1591,2.444173,111000,14.3,0.0006,0.1,bf16,,,3.3737,3.3512,28.54,,2.409912769,0.9412872314
cerebras_0.256B,0.256,1606,2.466193,112000,14.3,0.0006,0.1,bf16,,,3.3556,3.3308,27.96,,2.409499501,0.9213004994
cerebras_0.256B,0.256,1620,2.488213,113000,14.3,0.0006,0.1,bf16,,,3.3511,3.3283,27.89,,2.409118217,0.9191817834
cerebras_0.256B,0.256,1634,2.510232,114000,14.3,0.0006,0.1,bf16,,,3.3653,3.3361,28.11,,2.408741127,0.9273588734
cerebras_0.256B,0.256,1649,2.532252,115000,14.3,0.0006,0.1,bf16,,,3.3298,3.3048,27.24,,2.408341663,0.8964583366
cerebras_0.256B,0.256,1663,2.554271,116000,14.3,0.0006,0.1,bf16,,,3.3759,3.3424,28.29,,2.407973005,0.9344269954
cerebras_0.256B,0.256,1677,2.576291,117000,14.3,0.0006,0.1,bf16,,,3.3543,3.3341,28.05,,2.407608297,0.9264917032
cerebras_0.256B,0.256,1692,2.59831,118000,14.3,0.0006,0.1,bf16,,,3.3223,3.322,27.72,,2.407221838,0.9147781622
cerebras_0.256B,0.256,1706,2.62033,119000,14.3,0.0006,0.1,bf16,,,3.3292,3.3125,27.46,,2.406865078,0.9056349216
cerebras_0.256B,0.256,1720,2.64235,120000,14.3,0.0006,0.1,bf16,,,3.3057,3.3037,27.21,,2.406512047,0.8971879534
cerebras_0.256B,0.256,1735,2.664369,121000,14.3,0.0006,0.1,bf16,,,3.3119,3.3082,27.34,,2.406137856,0.9020621436
cerebras_0.256B,0.256,1749,2.686389,122000,14.3,0.0006,0.1,bf16,,,3.3155,3.3115,27.43,,2.405792329,0.905707671
cerebras_0.256B,0.256,1763,2.708408,123000,14.3,0.0006,0.1,bf16,,,3.3261,3.3132,27.47,,2.405450324,0.9077496765
cerebras_0.256B,0.256,1778,2.730428,124000,14.3,0.0006,0.1,bf16,,,3.3166,3.2992,27.09,,2.405087725,0.8941122748
cerebras_0.256B,0.256,1792,2.752448,125000,14.3,0.0006,0.1,bf16,,,3.3229,3.3009,27.14,,2.404752815,0.8961471849
cerebras_0.256B,0.256,1806,2.774467,126000,14.3,0.0006,0.1,bf16,,,3.3192,3.3012,27.15,,2.404421237,0.8967787629
cerebras_0.256B,0.256,1821,2.796487,127000,14.3,0.0006,0.1,bf16,,,3.3079,3.2955,26.99,,2.404069606,0.8914303939
cerebras_0.256B,0.256,1835,2.818506,128000,14.3,0.0006,0.1,bf16,,,3.3176,3.3021,27.17,,2.403744746,0.8983552544
cerebras_0.256B,0.256,1849,2.840526,129000,14.3,0.0006,0.1,bf16,,,3.2907,3.2739,26.41,,2.403423042,0.870476958
cerebras_0.256B,0.256,1864,2.862545,130000,14.3,0.0006,0.1,bf16,,,3.319,3.2907,26.86,,2.403081801,0.887618199
cerebras_0.256B,0.256,1878,2.884565,131000,14.3,0.0006,0.1,bf16,,,3.3519,3.307,27.3,,2.402766465,0.9042335346
cerebras_0.256B,0.256,1892,2.906585,132000,14.3,0.0006,0.1,bf16,,,3.3117,3.2841,26.69,,2.402454124,0.8816458757
cerebras_0.256B,0.256,1907,2.928604,133000,14.3,0.0006,0.1,bf16,,,3.2968,3.295,26.98,,2.402122739,0.8928772612
cerebras_0.256B,0.256,1921,2.950624,134000,14.3,0.0006,0.1,bf16,,,3.2648,3.2658,26.2,,2.401816442,0.8639835583
cerebras_0.256B,0.256,1935,2.972643,135000,14.3,0.0006,0.1,bf16,,,3.2972,3.284,26.68,,2.401512988,0.8824870116
cerebras_0.256B,0.256,1950,2.994663,136000,14.3,0.0006,0.1,bf16,,,3.3096,3.2939,26.95,,2.401190963,0.8927090374
cerebras_0.256B,0.256,1964,3.016683,137000,14.3,0.0006,0.1,bf16,,,3.319,3.2928,26.92,,2.400893253,0.8919067473
cerebras_0.256B,0.256,1978,3.038702,138000,14.3,0.0006,0.1,bf16,,,3.2952,3.2982,27.06,,2.400598247,0.8976017534
cerebras_0.256B,0.256,1993,3.060722,139000,14.3,0.0006,0.1,bf16,,,3.3004,3.2843,26.69,,2.40028512,0.8840148803
cerebras_0.256B,0.256,2007,3.082741,140000,14.3,0.0006,0.1,bf16,,,3.3025,3.2764,26.48,,2.399995577,0.8764044227
cerebras_0.256B,0.256,2021,3.104761,141000,14.3,0.0006,0.1,bf16,,,3.2737,3.2644,26.16,,2.399708608,0.8646913916
cerebras_0.256B,0.256,2036,3.12678,142000,14.3,0.0006,0.1,bf16,,,3.3085,3.2838,26.68,,2.399403952,0.8843960484
cerebras_0.256B,0.256,2050,3.1488,143000,14.3,0.0006,0.1,bf16,,,3.3127,3.2779,26.52,,2.399122186,0.8787778141
cerebras_0.256B,0.256,2050,3.1488,144000,14.3,0.0006,0.1,bf16,,,3.3175,3.2937,26.94,,2.399122186,0.8945778141
cerebras_0.256B,0.256,2050,3.1488,145000,14.3,0.0006,0.1,bf16,,,3.2822,3.2596,26.04,,2.399122186,0.8604778141
cerebras_0.256B,0.256,2050,3.1488,146000,14.3,0.0006,0.1,bf16,,,3.2943,3.2787,26.54,,2.399122186,0.8795778141
cerebras_0.256B,0.256,2050,3.1488,147000,14.3,0.0006,0.1,bf16,,,3.2595,3.2598,26.04,,2.399122186,0.8606778141
cerebras_0.59B,0.59,14,0.050748,1000,14.3,0.0006,0.1,bf16,,,6.2062,6.1868,486.29,,2.705915014,3.480884986
cerebras_0.59B,0.59,29,0.101497,2000,14.3,0.0006,0.1,bf16,,,5.4861,5.4588,234.82,,2.596648254,2.862151746
cerebras_0.59B,0.59,43,0.152245,3000,14.3,0.0006,0.1,bf16,,,5.1325,5.1068,165.14,,2.546196575,2.560603425
cerebras_0.59B,0.59,57,0.202993,4000,14.3,0.0006,0.1,bf16,,,4.9491,4.9172,136.63,,2.513362216,2.403837784
cerebras_0.59B,0.59,72,0.253741,5000,14.3,0.0006,0.1,bf16,,,4.7306,4.7094,110.99,,2.488043212,2.221356788
cerebras_0.59B,0.59,86,0.30449,6000,14.3,0.0006,0.1,bf16,,,4.5936,4.5718,96.72,,2.469864691,2.101935309
cerebras_0.59B,0.59,100,0.355238,7000,14.3,0.0006,0.1,bf16,,,4.4819,4.4608,86.56,,2.455127757,2.005672243
cerebras_0.59B,0.59,115,0.405986,8000,14.3,0.0006,0.1,bf16,,,4.395,4.3643,78.6,,2.442015906,1.922284094
cerebras_0.59B,0.59,129,0.456734,9000,14.3,0.0006,0.1,bf16,,,4.351,4.3373,76.5,,2.431615848,1.905684152
cerebras_0.59B,0.59,143,0.507483,10000,14.3,0.0006,0.1,bf16,,,4.2447,4.236,69.13,,2.422568607,1.813431393
cerebras_0.59B,0.59,158,0.558231,11000,14.3,0.0006,0.1,bf16,,,4.227,4.2008,66.74,,2.414054626,1.786745374
cerebras_0.59B,0.59,172,0.608979,12000,14.3,0.0006,0.1,bf16,,,4.1543,4.1554,63.78,,2.406993126,1.748406874
cerebras_0.59B,0.59,186,0.659727,13000,14.3,0.0006,0.1,bf16,,,4.1336,4.1158,61.3,,2.400631449,1.715168551
cerebras_0.59B,0.59,201,0.710476,14000,14.3,0.0006,0.1,bf16,,,4.11,4.0707,58.6,,2.394462184,1.676237816
cerebras_0.59B,0.59,215,0.761224,15000,14.3,0.0006,0.1,bf16,,,4.0413,4.0159,55.47,,2.389213789,1.626686211
cerebras_0.59B,0.59,229,0.811972,16000,14.3,0.0006,0.1,bf16,,,3.9988,3.9816,53.6,,2.384385537,1.597214463
cerebras_0.59B,0.59,244,0.86272,17000,14.3,0.0006,0.1,bf16,,,3.9912,3.9734,53.17,,2.379614785,1.593785215
cerebras_0.59B,0.59,258,0.913469,18000,14.3,0.0006,0.1,bf16,,,3.9634,3.9364,51.24,,2.375489061,1.560910939
cerebras_0.59B,0.59,272,0.964217,19000,14.3,0.0006,0.1,bf16,,,3.9558,3.9147,50.14,,2.371640364,1.543059636
cerebras_0.59B,0.59,287,1.014965,20000,14.3,0.0006,0.1,bf16,,,3.9116,3.881,48.47,,2.367788505,1.513211495
cerebras_0.59B,0.59,301,1.065713,21000,14.3,0.0006,0.1,bf16,,,3.8955,3.8696,47.92,,2.364419034,1.505180966
cerebras_0.59B,0.59,315,1.116462,22000,14.3,0.0006,0.1,bf16,,,3.8511,3.8147,45.36,,2.361244403,1.453455597
cerebras_0.59B,0.59,330,1.16721,23000,14.3,0.0006,0.1,bf16,,,3.845,3.8084,45.08,,2.358037463,1.450362537
cerebras_0.59B,0.59,344,1.217958,24000,14.3,0.0006,0.1,bf16,,,3.7887,3.7529,42.65,,2.355208296,1.397691704
cerebras_0.59B,0.59,358,1.268706,25000,14.3,0.0006,0.1,bf16,,,3.7949,3.7741,43.56,,2.352522786,1.421577214
cerebras_0.59B,0.59,373,1.319455,26000,14.3,0.0006,0.1,bf16,,,3.7926,3.7599,42.95,,2.3497907,1.4101093
cerebras_0.59B,0.59,387,1.370203,27000,14.3,0.0006,0.1,bf16,,,3.7702,3.7409,42.14,,2.347364711,1.393535289
cerebras_0.59B,0.59,401,1.420951,28000,14.3,0.0006,0.1,bf16,,,3.7136,3.7052,40.66,,2.345048525,1.360151475
cerebras_0.59B,0.59,416,1.471699,29000,14.3,0.0006,0.1,bf16,,,3.7141,3.6802,39.65,,2.342679048,1.337520952
cerebras_0.59B,0.59,430,1.522448,30000,14.3,0.0006,0.1,bf16,,,3.696,3.6808,39.68,,2.340564157,1.340235843
cerebras_0.59B,0.59,444,1.573196,31000,14.3,0.0006,0.1,bf16,,,3.699,3.6708,39.28,,2.338535608,1.332264392
cerebras_0.59B,0.59,459,1.623944,32000,14.3,0.0006,0.1,bf16,,,3.6643,3.6435,38.22,,2.336451075,1.307048925
cerebras_0.59B,0.59,473,1.674692,33000,14.3,0.0006,0.1,bf16,,,3.6733,3.6593,38.84,,2.334582697,1.324717303
cerebras_0.59B,0.59,487,1.725441,34000,14.3,0.0006,0.1,bf16,,,3.6847,3.655,38.67,,2.332783791,1.322216209
cerebras_0.59B,0.59,502,1.776189,35000,14.3,0.0006,0.1,bf16,,,3.6395,3.6134,37.09,,2.33092841,1.28247159
cerebras_0.59B,0.59,516,1.826937,36000,14.3,0.0006,0.1,bf16,,,3.6272,3.606,36.82,,2.329259639,1.276740361
cerebras_0.59B,0.59,530,1.877685,37000,14.3,0.0006,0.1,bf16,,,3.611,3.5918,36.3,,2.327647834,1.264152166
cerebras_0.59B,0.59,545,1.928434,38000,14.3,0.0006,0.1,bf16,,,3.599,3.5857,36.08,,2.325980286,1.259719714
cerebras_0.59B,0.59,559,1.979182,39000,14.3,0.0006,0.1,bf16,,,3.6007,3.5691,35.49,,2.324476064,1.244623936
cerebras_0.59B,0.59,573,2.02993,40000,14.3,0.0006,0.1,bf16,,,3.6036,3.5612,35.21,,2.323019303,1.238180697
cerebras_0.59B,0.59,588,2.080678,41000,14.3,0.0006,0.1,bf16,,,3.5782,3.5612,35.21,,2.321508199,1.239691801
cerebras_0.59B,0.59,602,2.131427,42000,14.3,0.0006,0.1,bf16,,,3.5554,3.5417,34.52,,2.320141694,1.221558306
cerebras_0.59B,0.59,616,2.182175,43000,14.3,0.0006,0.1,bf16,,,3.5579,3.5382,34.4,,2.318815268,1.219384732
cerebras_0.59B,0.59,631,2.232923,44000,14.3,0.0006,0.1,bf16,,,3.5533,3.5235,33.9,,2.317436252,1.206063748
cerebras_0.59B,0.59,645,2.283671,45000,14.3,0.0006,0.1,bf16,,,3.5265,3.5094,33.43,,2.316186504,1.193213496
cerebras_0.59B,0.59,659,2.33442,46000,14.3,0.0006,0.1,bf16,,,3.5195,3.5001,33.12,,2.314971001,1.185128999
cerebras_0.59B,0.59,674,2.385168,47000,14.3,0.0006,0.1,bf16,,,3.518,3.4975,33.03,,2.31370482,1.18379518
cerebras_0.59B,0.59,688,2.435916,48000,14.3,0.0006,0.1,bf16,,,3.5313,3.4997,33.1,,2.312555172,1.187144828
cerebras_0.59B,0.59,702,2.486664,49000,14.3,0.0006,0.1,bf16,,,3.5042,3.4954,32.96,,2.311435082,1.183964918
cerebras_0.59B,0.59,717,2.537413,50000,14.3,0.0006,0.1,bf16,,,3.5004,3.4807,32.48,,2.31026628,1.17043372
cerebras_0.59B,0.59,731,2.588161,51000,14.3,0.0006,0.1,bf16,,,3.4747,3.4671,32.04,,2.309203292,1.157896708
cerebras_0.59B,0.59,745,2.638909,52000,14.3,0.0006,0.1,bf16,,,3.4867,3.4797,32.45,,2.308166045,1.171533955
cerebras_0.59B,0.59,760,2.689657,53000,14.3,0.0006,0.1,bf16,,,3.4746,3.4497,31.49,,2.307082038,1.142617962
cerebras_0.59B,0.59,774,2.740406,54000,14.3,0.0006,0.1,bf16,,,3.4595,3.4467,31.4,,2.30609472,1.14060528
cerebras_0.59B,0.59,788,2.791154,55000,14.3,0.0006,0.1,bf16,,,3.4838,3.4478,31.43,,2.305129999,1.142670001
cerebras_0.59B,0.59,803,2.841902,56000,14.3,0.0006,0.1,bf16,,,3.4497,3.4278,30.81,,2.304120417,1.123679583
cerebras_0.59B,0.59,817,2.89265,57000,14.3,0.0006,0.1,bf16,,,3.427,3.4083,30.21,,2.303199681,1.105100319
cerebras_0.59B,0.59,831,2.943399,58000,14.3,0.0006,0.1,bf16,,,3.4456,3.4244,30.7,,2.30229892,1.12210108
cerebras_0.59B,0.59,846,2.994147,59000,14.3,0.0006,0.1,bf16,,,3.4121,3.4009,29.99,,2.301355124,1.099544876
cerebras_0.59B,0.59,860,3.044895,60000,14.3,0.0006,0.1,bf16,,,3.4247,3.4062,30.15,,2.300493372,1.105706628
cerebras_0.59B,0.59,874,3.095643,61000,14.3,0.0006,0.1,bf16,,,3.428,3.4045,30.1,,2.29964939,1.10485061
cerebras_0.59B,0.59,889,3.146392,62000,14.3,0.0006,0.1,bf16,,,3.4031,3.3934,29.77,,2.298764114,1.094635886
cerebras_0.59B,0.59,903,3.19714,63000,14.3,0.0006,0.1,bf16,,,3.4273,3.3985,29.92,,2.297954936,1.100545064
cerebras_0.59B,0.59,917,3.247888,64000,14.3,0.0006,0.1,bf16,,,3.409,3.3848,29.51,,2.297161657,1.087638343
cerebras_0.59B,0.59,932,3.298636,65000,14.3,0.0006,0.1,bf16,,,3.4325,3.3843,29.5,,2.296328737,1.087971263
cerebras_0.59B,0.59,946,3.349385,66000,14.3,0.0006,0.1,bf16,,,3.4031,3.3828,29.45,,2.295566679,1.087233321
cerebras_0.59B,0.59,960,3.400133,67000,14.3,0.0006,0.1,bf16,,,3.3664,3.3547,28.64,,2.294818921,1.059881079
cerebras_0.59B,0.59,975,3.450881,68000,14.3,0.0006,0.1,bf16,,,3.3784,3.3613,28.83,,2.294033084,1.067266916
cerebras_0.59B,0.59,989,3.501629,69000,14.3,0.0006,0.1,bf16,,,3.377,3.3545,28.63,,2.293313472,1.061186528
cerebras_0.59B,0.59,1003,3.552378,70000,14.3,0.0006,0.1,bf16,,,3.379,3.3493,28.48,,2.292606781,1.056693219
cerebras_0.59B,0.59,1018,3.603126,71000,14.3,0.0006,0.1,bf16,,,3.3787,3.3408,28.24,,2.291863488,1.048936512
cerebras_0.59B,0.59,1032,3.653874,72000,14.3,0.0006,0.1,bf16,,,3.3855,3.3703,29.09,,2.291182286,1.079117714
cerebras_0.59B,0.59,1047,3.704622,73000,14.3,0.0006,0.1,bf16,,,3.3605,3.3317,27.99,,2.29046543,1.04123457
cerebras_0.59B,0.59,1061,3.755371,74000,14.3,0.0006,0.1,bf16,,,3.3678,3.3423,28.28,,2.289808124,1.052491876
cerebras_0.59B,0.59,1075,3.806119,75000,14.3,0.0006,0.1,bf16,,,3.3452,3.3376,28.15,,2.289161826,1.048438174
cerebras_0.59B,0.59,1090,3.856867,76000,14.3,0.0006,0.1,bf16,,,3.3435,3.3177,27.6,,2.288481212,1.029218788
cerebras_0.59B,0.59,1104,3.907615,77000,14.3,0.0006,0.1,bf16,,,3.3462,3.323,27.74,,2.2878567,1.0351433
cerebras_0.59B,0.59,1118,3.958364,78000,14.3,0.0006,0.1,bf16,,,3.3201,3.3145,27.51,,2.287242244,1.027257756
cerebras_0.59B,0.59,1133,4.009112,79000,14.3,0.0006,0.1,bf16,,,3.3433,3.3082,27.34,,2.286594731,1.021605269
cerebras_0.59B,0.59,1147,4.05986,80000,14.3,0.0006,0.1,bf16,,,3.3319,3.302,27.17,,2.286000209,1.015999791
cerebras_0.59B,0.59,1161,4.110608,81000,14.3,0.0006,0.1,bf16,,,3.3283,3.2986,27.07,,2.285414903,1.013185097
cerebras_0.59B,0.59,1176,4.161357,82000,14.3,0.0006,0.1,bf16,,,3.326,3.3141,27.5,,2.28479773,1.02930227
cerebras_0.59B,0.59,1190,4.212105,83000,14.3,0.0006,0.1,bf16,,,3.3022,3.301,27.14,,2.284230725,1.016769275
cerebras_0.59B,0.59,1204,4.262853,84000,14.3,0.0006,0.1,bf16,,,3.2996,3.2799,26.57,,2.283672194,0.9962278063
cerebras_0.59B,0.59,1219,4.313601,85000,14.3,0.0006,0.1,bf16,,,3.3134,3.2931,26.93,,2.283082918,1.010017082
cerebras_0.59B,0.59,1233,4.36435,86000,14.3,0.0006,0.1,bf16,,,3.3118,3.2857,26.73,,2.28254124,1.00315876
cerebras_0.59B,0.59,1247,4.415098,87000,14.3,0.0006,0.1,bf16,,,3.3067,3.2804,26.59,,2.282007377,0.9983926232
cerebras_0.59B,0.59,1262,4.465846,88000,14.3,0.0006,0.1,bf16,,,3.3037,3.2861,26.74,,2.281443828,1.004656172
cerebras_0.59B,0.59,1276,4.516594,89000,14.3,0.0006,0.1,bf16,,,3.2681,3.2593,26.03,,2.28092553,0.97837447
cerebras_0.59B,0.59,1290,4.567343,90000,14.3,0.0006,0.1,bf16,,,3.2635,3.2627,26.12,,2.28041446,0.9822855404
cerebras_0.59B,0.59,1305,4.618091,91000,14.3,0.0006,0.1,bf16,,,3.3049,3.271,26.34,,2.279874703,0.9911252969
cerebras_0.59B,0.59,1319,4.668839,92000,14.3,0.0006,0.1,bf16,,,3.2637,3.255,25.92,,2.279378046,0.9756219537
cerebras_0.59B,0.59,1333,4.719587,93000,14.3,0.0006,0.1,bf16,,,3.2943,3.2751,26.45,,2.278888091,0.996211909
cerebras_0.59B,0.59,1348,4.770336,94000,14.3,0.0006,0.1,bf16,,,3.2839,3.2562,25.95,,2.278370395,0.9778296054
cerebras_0.59B,0.59,1362,4.821084,95000,14.3,0.0006,0.1,bf16,,,3.2713,3.2515,25.83,,2.27789382,0.9736061798
cerebras_0.59B,0.59,1376,4.871832,96000,14.3,0.0006,0.1,bf16,,,3.2713,3.2527,25.86,,2.277423475,0.9752765254
cerebras_0.59B,0.59,1391,4.92258,97000,14.3,0.0006,0.1,bf16,,,3.249,3.2404,25.54,,2.276926282,0.9634737179
cerebras_0.59B,0.59,1405,4.973329,98000,14.3,0.0006,0.1,bf16,,,3.2531,3.2433,25.62,,2.276468388,0.9668316121
cerebras_0.59B,0.59,1419,5.024077,99000,14.3,0.0006,0.1,bf16,,,3.2727,3.2329,25.35,,2.276016296,0.9568837036
cerebras_0.59B,0.59,1434,5.074825,100000,14.3,0.0006,0.1,bf16,,,3.2699,3.2286,25.24,,2.275538205,0.9530617954
cerebras_0.59B,0.59,1448,5.125573,101000,14.3,0.0006,0.1,bf16,,,3.2723,3.2389,25.51,,2.275097725,0.9638022749
cerebras_0.59B,0.59,1462,5.176322,102000,14.3,0.0006,0.1,bf16,,,3.2368,3.2335,25.37,,2.274662663,0.9588373372
cerebras_0.59B,0.59,1477,5.22707,103000,14.3,0.0006,0.1,bf16,,,3.2309,3.2243,25.14,,2.274202403,0.9500975973
cerebras_0.59B,0.59,1491,5.277818,104000,14.3,0.0006,0.1,bf16,,,3.2525,3.2167,24.95,,2.273778192,0.9429218079
cerebras_0.59B,0.59,1505,5.328566,105000,14.3,0.0006,0.1,bf16,,,3.2292,3.2187,25,,2.273359049,0.9453409509
cerebras_0.59B,0.59,1520,5.379315,106000,14.3,0.0006,0.1,bf16,,,3.237,3.2169,24.95,,2.27291547,0.9439845305
cerebras_0.59B,0.59,1534,5.430063,107000,14.3,0.0006,0.1,bf16,,,3.2522,3.2201,25.03,,2.272506488,0.9475935124
cerebras_0.59B,0.59,1548,5.480811,108000,14.3,0.0006,0.1,bf16,,,3.2118,3.2002,24.54,,2.272102255,0.9280977449
cerebras_0.59B,0.59,1563,5.531559,109000,14.3,0.0006,0.1,bf16,,,3.227,3.1932,24.37,,2.271674309,0.9215256911
cerebras_0.59B,0.59,1577,5.582308,110000,14.3,0.0006,0.1,bf16,,,3.2442,3.228,25.23,,2.271279608,0.9567203918
cerebras_0.59B,0.59,1591,5.633056,111000,14.3,0.0006,0.1,bf16,,,3.2182,3.2009,24.55,,2.270889367,0.930010633
cerebras_0.59B,0.59,1606,5.683804,112000,14.3,0.0006,0.1,bf16,,,3.2138,3.1972,24.46,,2.270476099,0.926723901
cerebras_0.59B,0.59,1620,5.734552,113000,14.3,0.0006,0.1,bf16,,,3.2249,3.1994,24.52,,2.270094815,0.9293051851
cerebras_0.59B,0.59,1634,5.785301,114000,14.3,0.0006,0.1,bf16,,,3.2207,3.2034,24.62,,2.269717725,0.933682275
cerebras_0.59B,0.59,1649,5.836049,115000,14.3,0.0006,0.1,bf16,,,3.2073,3.1978,24.48,,2.269318262,0.9284817382
cerebras_0.59B,0.59,1663,5.886797,116000,14.3,0.0006,0.1,bf16,,,3.2162,3.1835,24.13,,2.268949603,0.914550397
cerebras_0.59B,0.59,1677,5.937545,117000,14.3,0.0006,0.1,bf16,,,3.1814,3.175,23.93,,2.268584895,0.9064151048
cerebras_0.59B,0.59,1692,5.988294,118000,14.3,0.0006,0.1,bf16,,,3.1917,3.1745,23.92,,2.268198436,0.9063015638
cerebras_0.59B,0.59,1706,6.039042,119000,14.3,0.0006,0.1,bf16,,,3.2077,3.1884,24.25,,2.267841677,0.9205583232
cerebras_0.59B,0.59,1720,6.08979,120000,14.3,0.0006,0.1,bf16,,,3.2222,3.1934,24.37,,2.267488645,0.9259113551
cerebras_0.59B,0.59,1735,6.140538,121000,14.3,0.0006,0.1,bf16,,,3.2136,3.179,24.02,,2.267114455,0.9118855452
cerebras_0.59B,0.59,1749,6.191287,122000,14.3,0.0006,0.1,bf16,,,3.1656,3.1705,23.82,,2.266768927,0.9037310726
cerebras_0.59B,0.59,1763,6.242035,123000,14.3,0.0006,0.1,bf16,,,3.1971,3.1772,23.98,,2.266426922,0.9107730781
cerebras_0.59B,0.59,1778,6.292783,124000,14.3,0.0006,0.1,bf16,,,3.2222,3.1876,24.23,,2.266064324,0.9215356764
cerebras_0.59B,0.59,1792,6.343531,125000,14.3,0.0006,0.1,bf16,,,3.1825,3.1692,23.79,,2.265729413,0.9034705865
cerebras_0.59B,0.59,1806,6.39428,126000,14.3,0.0006,0.1,bf16,,,3.2052,3.1824,24.1,,2.265397835,0.9170021645
cerebras_0.59B,0.59,1821,6.445028,127000,14.3,0.0006,0.1,bf16,,,3.2007,3.1829,24.12,,2.265046204,0.9178537956
cerebras_0.59B,0.59,1835,6.495776,128000,14.3,0.0006,0.1,bf16,,,3.1837,3.1523,23.39,,2.264721344,0.887578656
cerebras_0.59B,0.59,1849,6.546524,129000,14.3,0.0006,0.1,bf16,,,3.1771,3.1565,23.49,,2.26439964,0.8921003596
cerebras_0.59B,0.59,1864,6.597273,130000,14.3,0.0006,0.1,bf16,,,3.1924,3.1721,23.86,,2.264058399,0.9080416006
cerebras_0.59B,0.59,1878,6.648021,131000,14.3,0.0006,0.1,bf16,,,3.1725,3.1519,23.38,,2.263743064,0.8881569362
cerebras_0.59B,0.59,1892,6.698769,132000,14.3,0.0006,0.1,bf16,,,3.1636,3.1457,23.24,,2.263430723,0.8822692774
cerebras_0.59B,0.59,1907,6.749517,133000,14.3,0.0006,0.1,bf16,,,3.1725,3.15,23.34,,2.263099337,0.8869006628
cerebras_0.59B,0.59,1921,6.800266,134000,14.3,0.0006,0.1,bf16,,,3.1435,3.1455,23.23,,2.26279304,0.8827069599
cerebras_0.59B,0.59,1935,6.851014,135000,14.3,0.0006,0.1,bf16,,,3.2021,3.146,23.24,,2.262489587,0.8835104132
cerebras_0.59B,0.59,1950,6.901762,136000,14.3,0.0006,0.1,bf16,,,3.1631,3.1423,23.16,,2.262167561,0.880132439
cerebras_0.59B,0.59,1964,6.95251,137000,14.3,0.0006,0.1,bf16,,,3.1727,3.1423,23.16,,2.261869851,0.8804301489
cerebras_0.59B,0.59,1978,7.003259,138000,14.3,0.0006,0.1,bf16,,,3.1732,3.1537,23.42,,2.261574845,0.892125155
cerebras_0.59B,0.59,1993,7.054007,139000,14.3,0.0006,0.1,bf16,,,3.1643,3.1461,23.25,,2.261261718,0.8848382819
cerebras_0.59B,0.59,2007,7.104755,140000,14.3,0.0006,0.1,bf16,,,3.1577,3.1269,22.8,,2.260972176,0.8659278244
cerebras_0.59B,0.59,2021,7.155503,141000,14.3,0.0006,0.1,bf16,,,3.1561,3.1323,22.93,,2.260685207,0.8716147932
cerebras_0.59B,0.59,2036,7.206252,142000,14.3,0.0006,0.1,bf16,,,3.1739,3.1495,23.32,,2.26038055,0.88911945
cerebras_0.59B,0.59,2050,7.257,143000,14.3,0.0006,0.1,bf16,,,3.1437,3.1126,22.48,,2.260098784,0.8525012157
cerebras_0.59B,0.59,2050,7.257,144000,14.3,0.0006,0.1,bf16,,,3.1291,3.1164,22.56,,2.260098784,0.8563012157
cerebras_0.59B,0.59,2050,7.257,145000,14.3,0.0006,0.1,bf16,,,3.1516,3.1376,23.05,,2.260098784,0.8775012157
cerebras_0.59B,0.59,2050,7.257,146000,14.3,0.0006,0.1,bf16,,,3.1444,3.1288,22.85,,2.260098784,0.8687012157
cerebras_0.59B,0.59,2050,7.257,147000,14.3,0.0006,0.1,bf16,,,3.1592,3.1422,23.16,,2.260098784,0.8821012157
cerebras_1.3B,1.3,14,0.111818,1000,14.3,0.0006,0.1,bf16,,,6.107,6.0969,444.46,,2.606158433,3.490741567
cerebras_1.3B,1.3,29,0.223636,2000,14.3,0.0006,0.1,bf16,,,5.4182,5.3885,218.88,,2.496891672,2.891608328
cerebras_1.3B,1.3,43,0.335455,3000,14.3,0.0006,0.1,bf16,,,5.0371,5.0169,150.95,,2.446439993,2.570460007
cerebras_1.3B,1.3,57,0.447273,4000,14.3,0.0006,0.1,bf16,,,4.8112,4.7769,118.74,,2.413605635,2.363294365
cerebras_1.3B,1.3,72,0.559091,5000,14.3,0.0006,0.1,bf16,,,4.6194,4.6097,100.45,,2.388286631,2.221413369
cerebras_1.3B,1.3,86,0.670909,6000,14.3,0.0006,0.1,bf16,,,4.4901,4.4793,88.17,,2.37010811,2.10919189
cerebras_1.3B,1.3,100,0.782727,7000,14.3,0.0006,0.1,bf16,,,4.3828,4.3778,79.66,,2.355371176,2.022428824
cerebras_1.3B,1.3,115,0.894545,8000,14.3,0.0006,0.1,bf16,,,4.3205,4.2916,73.08,,2.342259324,1.949340676
cerebras_1.3B,1.3,129,1.006364,9000,14.3,0.0006,0.1,bf16,,,4.2551,4.227,68.51,,2.331859266,1.895140734
cerebras_1.3B,1.3,143,1.118182,10000,14.3,0.0006,0.1,bf16,,,4.1818,4.1514,63.52,,2.322812026,1.828587974
cerebras_1.3B,1.3,158,1.23,11000,14.3,0.0006,0.1,bf16,,,4.1294,4.1002,60.35,,2.314298045,1.785901955
cerebras_1.3B,1.3,172,1.341818,12000,14.3,0.0006,0.1,bf16,,,4.0472,4.0331,56.44,,2.307236545,1.725863455
cerebras_1.3B,1.3,186,1.453636,13000,14.3,0.0006,0.1,bf16,,,4.0076,3.9819,53.62,,2.300874868,1.681025132
cerebras_1.3B,1.3,201,1.565455,14000,14.3,0.0006,0.1,bf16,,,4.0063,3.9704,53.01,,2.294705602,1.675694398
cerebras_1.3B,1.3,215,1.677273,15000,14.3,0.0006,0.1,bf16,,,3.944,3.905,49.65,,2.289457208,1.615542792
cerebras_1.3B,1.3,229,1.789091,16000,14.3,0.0006,0.1,bf16,,,3.8817,3.8784,48.35,,2.284628956,1.593771044
cerebras_1.3B,1.3,244,1.900909,17000,14.3,0.0006,0.1,bf16,,,3.8879,3.8654,47.72,,2.279858204,1.585541796
cerebras_1.3B,1.3,258,2.012727,18000,14.3,0.0006,0.1,bf16,,,3.8109,3.8059,44.97,,2.27573248,1.53016752
cerebras_1.3B,1.3,272,2.124545,19000,14.3,0.0006,0.1,bf16,,,3.7953,3.7907,44.29,,2.271883783,1.518816217
cerebras_1.3B,1.3,287,2.236364,20000,14.3,0.0006,0.1,bf16,,,3.8159,3.772,43.47,,2.268031923,1.503968077
cerebras_1.3B,1.3,301,2.348182,21000,14.3,0.0006,0.1,bf16,,,3.7812,3.7751,43.6,,2.264662452,1.510437548
cerebras_1.3B,1.3,315,2.46,22000,14.3,0.0006,0.1,bf16,,,3.7489,3.7297,41.67,,2.261487822,1.468212178
cerebras_1.3B,1.3,330,2.571818,23000,14.3,0.0006,0.1,bf16,,,3.6913,3.6846,39.83,,2.258280882,1.426319118
cerebras_1.3B,1.3,344,2.683636,24000,14.3,0.0006,0.1,bf16,,,3.681,3.6748,39.44,,2.255451715,1.419348285
cerebras_1.3B,1.3,358,2.795455,25000,14.3,0.0006,0.1,bf16,,,3.6838,3.6764,39.5,,2.252766204,1.423633796
cerebras_1.3B,1.3,373,2.907273,26000,14.3,0.0006,0.1,bf16,,,3.6755,3.6422,38.18,,2.250034118,1.392165882
cerebras_1.3B,1.3,387,3.019091,27000,14.3,0.0006,0.1,bf16,,,3.6458,3.625,37.52,,2.24760813,1.37739187
cerebras_1.3B,1.3,401,3.130909,28000,14.3,0.0006,0.1,bf16,,,3.6341,3.6149,37.15,,2.245291943,1.369608057
cerebras_1.3B,1.3,416,3.242727,29000,14.3,0.0006,0.1,bf16,,,3.6118,3.6031,36.71,,2.242922466,1.360177534
cerebras_1.3B,1.3,430,3.354545,30000,14.3,0.0006,0.1,bf16,,,3.6089,3.6046,36.77,,2.240807575,1.363792425
cerebras_1.3B,1.3,444,3.466364,31000,14.3,0.0006,0.1,bf16,,,3.5886,3.573,35.62,,2.238779027,1.334220973
cerebras_1.3B,1.3,459,3.578182,32000,14.3,0.0006,0.1,bf16,,,3.588,3.5631,35.27,,2.236694493,1.326405507
cerebras_1.3B,1.3,473,3.69,33000,14.3,0.0006,0.1,bf16,,,3.5424,3.5374,34.38,,2.234826116,1.302573884
cerebras_1.3B,1.3,487,3.801818,34000,14.3,0.0006,0.1,bf16,,,3.5515,3.541,34.5,,2.23302721,1.30797279
cerebras_1.3B,1.3,502,3.913636,35000,14.3,0.0006,0.1,bf16,,,3.5116,3.5013,33.16,,2.231171829,1.270128171
cerebras_1.3B,1.3,516,4.025455,36000,14.3,0.0006,0.1,bf16,,,3.5215,3.5101,33.45,,2.229503058,1.280596942
cerebras_1.3B,1.3,530,4.137273,37000,14.3,0.0006,0.1,bf16,,,3.5307,3.511,33.48,,2.227891252,1.283108748
cerebras_1.3B,1.3,545,4.249091,38000,14.3,0.0006,0.1,bf16,,,3.4995,3.4765,32.35,,2.226223704,1.250276296
cerebras_1.3B,1.3,559,4.360909,39000,14.3,0.0006,0.1,bf16,,,3.4984,3.4749,32.3,,2.224719483,1.250180517
cerebras_1.3B,1.3,573,4.472727,40000,14.3,0.0006,0.1,bf16,,,3.4939,3.4807,32.48,,2.223262721,1.257437279
cerebras_1.3B,1.3,588,4.584545,41000,14.3,0.0006,0.1,bf16,,,3.4732,3.4531,31.6,,2.221751618,1.231348382
cerebras_1.3B,1.3,602,4.696364,42000,14.3,0.0006,0.1,bf16,,,3.4598,3.4498,31.49,,2.220385112,1.229414888
cerebras_1.3B,1.3,616,4.808182,43000,14.3,0.0006,0.1,bf16,,,3.4125,3.4198,30.56,,2.219058687,1.200741313
cerebras_1.3B,1.3,631,4.92,44000,14.3,0.0006,0.1,bf16,,,3.4374,3.4372,31.1,,2.217679671,1.219520329
cerebras_1.3B,1.3,645,5.031818,45000,14.3,0.0006,0.1,bf16,,,3.4424,3.4189,30.54,,2.216429923,1.202470077
cerebras_1.3B,1.3,659,5.143636,46000,14.3,0.0006,0.1,bf16,,,3.4212,3.4079,30.2,,2.215214419,1.192685581
cerebras_1.3B,1.3,674,5.255455,47000,14.3,0.0006,0.1,bf16,,,3.4348,3.4168,30.47,,2.213948239,1.202851761
cerebras_1.3B,1.3,688,5.367273,48000,14.3,0.0006,0.1,bf16,,,3.3914,3.3716,29.12,,2.212798591,1.158801409
cerebras_1.3B,1.3,702,5.479091,49000,14.3,0.0006,0.1,bf16,,,3.4038,3.3877,29.6,,2.211678501,1.176021499
cerebras_1.3B,1.3,717,5.590909,50000,14.3,0.0006,0.1,bf16,,,3.4154,3.3874,29.59,,2.210509699,1.176890301
cerebras_1.3B,1.3,731,5.702727,51000,14.3,0.0006,0.1,bf16,,,3.375,3.3717,29.13,,2.20944671,1.16225329
cerebras_1.3B,1.3,745,5.814545,52000,14.3,0.0006,0.1,bf16,,,3.4021,3.3738,29.19,,2.208409463,1.165390537
cerebras_1.3B,1.3,760,5.926364,53000,14.3,0.0006,0.1,bf16,,,3.3901,3.366,28.96,,2.207325456,1.158674544
cerebras_1.3B,1.3,774,6.038182,54000,14.3,0.0006,0.1,bf16,,,3.3721,3.3442,28.34,,2.206338139,1.137861861
cerebras_1.3B,1.3,788,6.15,55000,14.3,0.0006,0.1,bf16,,,3.3708,3.3481,28.45,,2.205373418,1.142726582
cerebras_1.3B,1.3,803,6.261818,56000,14.3,0.0006,0.1,bf16,,,3.344,3.3334,28.03,,2.204363835,1.129036165
cerebras_1.3B,1.3,817,6.373636,57000,14.3,0.0006,0.1,bf16,,,3.3431,3.314,27.5,,2.203443099,1.110556901
cerebras_1.3B,1.3,831,6.485455,58000,14.3,0.0006,0.1,bf16,,,3.3376,3.3248,27.79,,2.202542338,1.122257662
cerebras_1.3B,1.3,846,6.597273,59000,14.3,0.0006,0.1,bf16,,,3.3148,3.3104,27.4,,2.201598542,1.108801458
cerebras_1.3B,1.3,860,6.709091,60000,14.3,0.0006,0.1,bf16,,,3.3189,3.3063,27.28,,2.20073679,1.10556321
cerebras_1.3B,1.3,874,6.820909,61000,14.3,0.0006,0.1,bf16,,,3.3481,3.3134,27.48,,2.199892808,1.113507192
cerebras_1.3B,1.3,889,6.932727,62000,14.3,0.0006,0.1,bf16,,,3.326,3.2935,26.94,,2.199007533,1.094492467
cerebras_1.3B,1.3,903,7.044545,63000,14.3,0.0006,0.1,bf16,,,3.2693,3.2618,26.1,,2.198198354,1.063601646
cerebras_1.3B,1.3,917,7.156364,64000,14.3,0.0006,0.1,bf16,,,3.2982,3.2803,26.58,,2.197405076,1.082894924
cerebras_1.3B,1.3,932,7.268182,65000,14.3,0.0006,0.1,bf16,,,3.3077,3.2939,26.95,,2.196572155,1.097327845
cerebras_1.3B,1.3,946,7.38,66000,14.3,0.0006,0.1,bf16,,,3.3017,3.2744,26.43,,2.195810098,1.078589902
cerebras_1.3B,1.3,960,7.491818,67000,14.3,0.0006,0.1,bf16,,,3.2548,3.2638,26.15,,2.19506234,1.06873766
cerebras_1.3B,1.3,975,7.603636,68000,14.3,0.0006,0.1,bf16,,,3.2631,3.2676,26.25,,2.194276503,1.073323497
cerebras_1.3B,1.3,989,7.715455,69000,14.3,0.0006,0.1,bf16,,,3.2971,3.2525,25.85,,2.193556891,1.058943109
cerebras_1.3B,1.3,1003,7.827273,70000,14.3,0.0006,0.1,bf16,,,3.2706,3.2441,25.64,,2.1928502,1.0512498
cerebras_1.3B,1.3,1018,7.939091,71000,14.3,0.0006,0.1,bf16,,,3.2518,3.2401,25.54,,2.192106907,1.047993093
cerebras_1.3B,1.3,1032,8.050909,72000,14.3,0.0006,0.1,bf16,,,3.2797,3.247,25.71,,2.191425705,1.055574295
cerebras_1.3B,1.3,1047,8.162727,73000,14.3,0.0006,0.1,bf16,,,3.256,3.2368,25.45,,2.190708848,1.046091152
cerebras_1.3B,1.3,1061,8.274545,74000,14.3,0.0006,0.1,bf16,,,3.2169,3.1999,24.53,,2.190051542,1.009848458
cerebras_1.3B,1.3,1075,8.386364,75000,14.3,0.0006,0.1,bf16,,,3.2397,3.2125,24.84,,2.189405245,1.023094755
cerebras_1.3B,1.3,1090,8.498182,76000,14.3,0.0006,0.1,bf16,,,3.2572,3.2229,25.1,,2.18872463,1.03417537
cerebras_1.3B,1.3,1104,8.61,77000,14.3,0.0006,0.1,bf16,,,3.2134,3.199,24.51,,2.188100119,1.010899881
cerebras_1.3B,1.3,1118,8.721818,78000,14.3,0.0006,0.1,bf16,,,3.2621,3.238,25.48,,2.187485662,1.050514338
cerebras_1.3B,1.3,1133,8.833636,79000,14.3,0.0006,0.1,bf16,,,3.2129,3.2022,24.59,,2.18683815,1.01536185
cerebras_1.3B,1.3,1147,8.945455,80000,14.3,0.0006,0.1,bf16,,,3.2486,3.2104,24.79,,2.186243628,1.024156372
cerebras_1.3B,1.3,1161,9.057273,81000,14.3,0.0006,0.1,bf16,,,3.2223,3.1955,24.42,,2.185658322,1.009841678
cerebras_1.3B,1.3,1176,9.169091,82000,14.3,0.0006,0.1,bf16,,,3.2231,3.2036,24.62,,2.185041149,1.018558851
cerebras_1.3B,1.3,1190,9.280909,83000,14.3,0.0006,0.1,bf16,,,3.2068,3.2029,24.6,,2.184474144,1.018425856
cerebras_1.3B,1.3,1204,9.392727,84000,14.3,0.0006,0.1,bf16,,,3.1997,3.1901,24.29,,2.183915612,1.006184388
cerebras_1.3B,1.3,1219,9.504545,85000,14.3,0.0006,0.1,bf16,,,3.2534,3.1992,24.51,,2.183326336,1.015873664
cerebras_1.3B,1.3,1233,9.616364,86000,14.3,0.0006,0.1,bf16,,,3.2032,3.1741,23.91,,2.182784658,0.9913153417
cerebras_1.3B,1.3,1247,9.728182,87000,14.3,0.0006,0.1,bf16,,,3.182,3.1756,23.94,,2.182250795,0.9933492046
cerebras_1.3B,1.3,1262,9.84,88000,14.3,0.0006,0.1,bf16,,,3.2047,3.1774,23.98,,2.181687247,0.9957127535
cerebras_1.3B,1.3,1276,9.951818,89000,14.3,0.0006,0.1,bf16,,,3.1945,3.1684,23.77,,2.181168949,0.9872310514
cerebras_1.3B,1.3,1290,10.063636,90000,14.3,0.0006,0.1,bf16,,,3.1932,3.1675,23.75,,2.180657878,0.9868421217
cerebras_1.3B,1.3,1305,10.175455,91000,14.3,0.0006,0.1,bf16,,,3.1871,3.1656,23.7,,2.180118122,0.9854818783
cerebras_1.3B,1.3,1319,10.287273,92000,14.3,0.0006,0.1,bf16,,,3.1897,3.1615,23.61,,2.179621465,0.9818785351
cerebras_1.3B,1.3,1333,10.399091,93000,14.3,0.0006,0.1,bf16,,,3.2197,3.1906,24.3,,2.17913151,1.01146849
cerebras_1.3B,1.3,1348,10.510909,94000,14.3,0.0006,0.1,bf16,,,3.1722,3.1606,23.58,,2.178613813,0.9819861868
cerebras_1.3B,1.3,1362,10.622727,95000,14.3,0.0006,0.1,bf16,,,3.1274,3.1238,22.73,,2.178137239,0.9456627612
cerebras_1.3B,1.3,1376,10.734545,96000,14.3,0.0006,0.1,bf16,,,3.1703,3.1546,23.44,,2.177666893,0.9769331067
cerebras_1.3B,1.3,1391,10.846364,97000,14.3,0.0006,0.1,bf16,,,3.1524,3.1348,22.98,,2.177169701,0.9576302993
cerebras_1.3B,1.3,1405,10.958182,98000,14.3,0.0006,0.1,bf16,,,3.1506,3.1366,23.02,,2.176711807,0.9598881935
cerebras_1.3B,1.3,1419,11.07,99000,14.3,0.0006,0.1,bf16,,,3.1497,3.1351,22.99,,2.176259715,0.958840285
cerebras_1.3B,1.3,1434,11.181818,100000,14.3,0.0006,0.1,bf16,,,3.1297,3.1186,22.61,,2.175781623,0.9428183768
cerebras_1.3B,1.3,1448,11.293636,101000,14.3,0.0006,0.1,bf16,,,3.1432,3.1289,22.85,,2.175341144,0.9535588563
cerebras_1.3B,1.3,1462,11.405455,102000,14.3,0.0006,0.1,bf16,,,3.176,3.1598,23.56,,2.174906081,0.9848939186
cerebras_1.3B,1.3,1477,11.517273,103000,14.3,0.0006,0.1,bf16,,,3.1531,3.1217,22.68,,2.174445821,0.9472541787
cerebras_1.3B,1.3,1491,11.629091,104000,14.3,0.0006,0.1,bf16,,,3.1249,3.1099,22.42,,2.174021611,0.9358783893
cerebras_1.3B,1.3,1505,11.740909,105000,14.3,0.0006,0.1,bf16,,,3.1655,3.1309,22.89,,2.173602468,0.9572975323
cerebras_1.3B,1.3,1520,11.852727,106000,14.3,0.0006,0.1,bf16,,,3.1457,3.1157,22.55,,2.173158888,0.9425411118
cerebras_1.3B,1.3,1534,11.964545,107000,14.3,0.0006,0.1,bf16,,,3.1241,3.1022,22.25,,2.172749906,0.9294500938
cerebras_1.3B,1.3,1548,12.076364,108000,14.3,0.0006,0.1,bf16,,,3.1291,3.1116,22.46,,2.172345674,0.9392543263
cerebras_1.3B,1.3,1563,12.188182,109000,14.3,0.0006,0.1,bf16,,,3.138,3.105,22.31,,2.171917727,0.9330822725
cerebras_1.3B,1.3,1577,12.3,110000,14.3,0.0006,0.1,bf16,,,3.1452,3.1072,22.36,,2.171523027,0.9356769731
cerebras_1.3B,1.3,1591,12.411818,111000,14.3,0.0006,0.1,bf16,,,3.1085,3.0972,22.14,,2.171132786,0.9260672144
cerebras_1.3B,1.3,1606,12.523636,112000,14.3,0.0006,0.1,bf16,,,3.1181,3.0945,22.08,,2.170719518,0.9237804824
cerebras_1.3B,1.3,1620,12.635455,113000,14.3,0.0006,0.1,bf16,,,3.1435,3.0982,22.16,,2.170338234,0.9278617664
cerebras_1.3B,1.3,1634,12.747273,114000,14.3,0.0006,0.1,bf16,,,3.1117,3.0938,22.06,,2.169961144,0.9238388564
cerebras_1.3B,1.3,1649,12.859091,115000,14.3,0.0006,0.1,bf16,,,3.1076,3.086,21.89,,2.16956168,0.9164383196
cerebras_1.3B,1.3,1663,12.970909,116000,14.3,0.0006,0.1,bf16,,,3.1253,3.0976,22.14,,2.169193022,0.9284069784
cerebras_1.3B,1.3,1677,13.082727,117000,14.3,0.0006,0.1,bf16,,,3.0904,3.0616,21.36,,2.168828314,0.8927716862
cerebras_1.3B,1.3,1692,13.194545,118000,14.3,0.0006,0.1,bf16,,,3.1114,3.0947,22.08,,2.168441855,0.9262581452
cerebras_1.3B,1.3,1706,13.306364,119000,14.3,0.0006,0.1,bf16,,,3.0791,3.076,21.67,,2.168085095,0.9079149046
cerebras_1.3B,1.3,1720,13.418182,120000,14.3,0.0006,0.1,bf16,,,3.0883,3.068,21.5,,2.167732064,0.9002679364
cerebras_1.3B,1.3,1735,13.53,121000,14.3,0.0006,0.1,bf16,,,3.0835,3.0702,21.55,,2.167357873,0.9028421266
cerebras_1.3B,1.3,1749,13.641818,122000,14.3,0.0006,0.1,bf16,,,3.0818,3.0621,21.37,,2.167012346,0.895087654
cerebras_1.3B,1.3,1763,13.753636,123000,14.3,0.0006,0.1,bf16,,,3.0869,3.0725,21.6,,2.166670341,0.9058296595
cerebras_1.3B,1.3,1778,13.865455,124000,14.3,0.0006,0.1,bf16,,,3.102,3.0765,21.68,,2.166307742,0.9101922578
cerebras_1.3B,1.3,1792,13.977273,125000,14.3,0.0006,0.1,bf16,,,3.0714,3.068,21.5,,2.165972832,0.9020271679
cerebras_1.3B,1.3,1806,14.089091,126000,14.3,0.0006,0.1,bf16,,,3.0802,3.0644,21.42,,2.165641254,0.8987587459
cerebras_1.3B,1.3,1821,14.200909,127000,14.3,0.0006,0.1,bf16,,,3.0808,3.063,21.39,,2.165289623,0.8977103769
cerebras_1.3B,1.3,1835,14.312727,128000,14.3,0.0006,0.1,bf16,,,3.0886,3.0609,21.35,,2.164964763,0.8959352373
cerebras_1.3B,1.3,1849,14.424545,129000,14.3,0.0006,0.1,bf16,,,3.0744,3.0521,21.16,,2.164643059,0.887456941
cerebras_1.3B,1.3,1864,14.536364,130000,14.3,0.0006,0.1,bf16,,,3.0794,3.0579,21.28,,2.164301818,0.893598182
cerebras_1.3B,1.3,1878,14.648182,131000,14.3,0.0006,0.1,bf16,,,3.0568,3.0428,20.96,,2.163986482,0.8788135176
cerebras_1.3B,1.3,1892,14.76,132000,14.3,0.0006,0.1,bf16,,,3.0907,3.0591,21.31,,2.163674141,0.8954258587
cerebras_1.3B,1.3,1907,14.871818,133000,14.3,0.0006,0.1,bf16,,,3.1002,3.0652,21.44,,2.163342756,0.9018572442
cerebras_1.3B,1.3,1921,14.983636,134000,14.3,0.0006,0.1,bf16,,,3.0711,3.0515,21.15,,2.163036459,0.8884635413
cerebras_1.3B,1.3,1935,15.095455,135000,14.3,0.0006,0.1,bf16,,,3.0787,3.0481,21.07,,2.162733005,0.8853669946
cerebras_1.3B,1.3,1950,15.207273,136000,14.3,0.0006,0.1,bf16,,,3.0532,3.0363,20.83,,2.16241098,0.8738890204
cerebras_1.3B,1.3,1964,15.319091,137000,14.3,0.0006,0.1,bf16,,,3.0633,3.0354,20.81,,2.16211327,0.8732867303
cerebras_1.3B,1.3,1978,15.430909,138000,14.3,0.0006,0.1,bf16,,,3.0623,3.039,20.88,,2.161818264,0.8771817364
cerebras_1.3B,1.3,1993,15.542727,139000,14.3,0.0006,0.1,bf16,,,3.0351,3.0181,20.45,,2.161505137,0.8565948633
cerebras_1.3B,1.3,2007,15.654545,140000,14.3,0.0006,0.1,bf16,,,3.0555,3.0468,21.05,,2.161215594,0.8855844057
cerebras_1.3B,1.3,2021,15.766364,141000,14.3,0.0006,0.1,bf16,,,3.0533,3.0286,20.67,,2.160928625,0.8676713746
cerebras_1.3B,1.3,2036,15.878182,142000,14.3,0.0006,0.1,bf16,,,3.0669,3.0393,20.89,,2.160623969,0.8786760314
cerebras_1.3B,1.3,2050,15.99,143000,14.3,0.0006,0.1,bf16,,,3.0184,3.0207,20.51,,2.160342203,0.8603577971
cerebras_1.3B,1.3,2050,15.99,144000,14.3,0.0006,0.1,bf16,,,3.0255,3.0089,20.26,,2.160342203,0.8485577971
cerebras_1.3B,1.3,2050,15.99,145000,14.3,0.0006,0.1,bf16,,,3.045,3.0192,20.47,,2.160342203,0.8588577971
cerebras_1.3B,1.3,2050,15.99,146000,14.3,0.0006,0.1,bf16,,,3.0705,3.0382,20.87,,2.160342203,0.8778577971
cerebras_1.3B,1.3,2050,15.99,147000,14.3,0.0006,0.1,bf16,,,3.042,3.0308,20.71,,2.160342203,0.8704577971
cerebras_2.7B,2.7,14,0.232238,1000,14.3,0.0006,0.1,bf16,,,6.0377,6.0114,408.06,,2.534922426,3.476477574
cerebras_2.7B,2.7,29,0.464476,2000,14.3,0.0006,0.1,bf16,,,5.3203,5.2897,198.29,,2.425655665,2.864044335
cerebras_2.7B,2.7,43,0.696713,3000,14.3,0.0006,0.1,bf16,,,4.9665,4.9366,139.3,,2.375203986,2.561396014
cerebras_2.7B,2.7,57,0.928951,4000,14.3,0.0006,0.1,bf16,,,4.7087,4.698,109.73,,2.342369628,2.355630372
cerebras_2.7B,2.7,72,1.161189,5000,14.3,0.0006,0.1,bf16,,,4.5511,4.5375,93.46,,2.317050624,2.220449376
cerebras_2.7B,2.7,86,1.393427,6000,14.3,0.0006,0.1,bf16,,,4.4199,4.397,81.2,,2.298872103,2.098127897
cerebras_2.7B,2.7,100,1.625664,7000,14.3,0.0006,0.1,bf16,,,4.314,4.2948,73.32,,2.284135169,2.010664831
cerebras_2.7B,2.7,115,1.857902,8000,14.3,0.0006,0.1,bf16,,,4.2277,4.1897,66.01,,2.271023317,1.918676683
cerebras_2.7B,2.7,129,2.09014,9000,14.3,0.0006,0.1,bf16,,,4.1673,4.1484,63.33,,2.260623259,1.887776741
cerebras_2.7B,2.7,143,2.322378,10000,14.3,0.0006,0.1,bf16,,,4.1052,4.0792,59.1,,2.251576019,1.827623981
cerebras_2.7B,2.7,158,2.554615,11000,14.3,0.0006,0.1,bf16,,,4.069,4.0507,57.44,,2.243062038,1.807637962
cerebras_2.7B,2.7,172,2.786853,12000,14.3,0.0006,0.1,bf16,,,4.0175,3.99,54.05,,2.236000538,1.753999462
cerebras_2.7B,2.7,186,3.019091,13000,14.3,0.0006,0.1,bf16,,,3.9343,3.9117,49.99,,2.229638861,1.682061139
cerebras_2.7B,2.7,201,3.251329,14000,14.3,0.0006,0.1,bf16,,,3.9167,3.8887,48.85,,2.223469595,1.665230405
cerebras_2.7B,2.7,215,3.483566,15000,14.3,0.0006,0.1,bf16,,,3.8679,3.8482,46.91,,2.218221201,1.629978799
cerebras_2.7B,2.7,229,3.715804,16000,14.3,0.0006,0.1,bf16,,,3.8348,3.8267,45.91,,2.213392949,1.613307051
cerebras_2.7B,2.7,244,3.948042,17000,14.3,0.0006,0.1,bf16,,,3.813,3.7859,44.08,,2.208622197,1.577277803
cerebras_2.7B,2.7,258,4.18028,18000,14.3,0.0006,0.1,bf16,,,3.7847,3.7575,42.84,,2.204496473,1.553003527
cerebras_2.7B,2.7,272,4.412517,19000,14.3,0.0006,0.1,bf16,,,3.7512,3.7271,41.56,,2.200647776,1.526452224
cerebras_2.7B,2.7,287,4.644755,20000,14.3,0.0006,0.1,bf16,,,3.7053,3.6934,40.18,,2.196795916,1.496604084
cerebras_2.7B,2.7,301,4.876993,21000,14.3,0.0006,0.1,bf16,,,3.6804,3.6651,39.06,,2.193426445,1.471673555
cerebras_2.7B,2.7,315,5.109231,22000,14.3,0.0006,0.1,bf16,,,3.6859,3.6683,39.18,,2.190251815,1.478048185
cerebras_2.7B,2.7,330,5.341469,23000,14.3,0.0006,0.1,bf16,,,3.6375,3.6336,37.85,,2.187044875,1.446555125
cerebras_2.7B,2.7,344,5.573706,24000,14.3,0.0006,0.1,bf16,,,3.6344,3.6255,37.54,,2.184215708,1.441284292
cerebras_2.7B,2.7,358,5.805944,25000,14.3,0.0006,0.1,bf16,,,3.6099,3.5919,36.3,,2.181530197,1.410369803
cerebras_2.7B,2.7,373,6.038182,26000,14.3,0.0006,0.1,bf16,,,3.5961,3.5754,35.71,,2.178798111,1.396601889
cerebras_2.7B,2.7,387,6.27042,27000,14.3,0.0006,0.1,bf16,,,3.6226,3.5938,36.37,,2.176372123,1.417427877
cerebras_2.7B,2.7,401,6.502657,28000,14.3,0.0006,0.1,bf16,,,3.5458,3.5487,34.77,,2.174055936,1.374644064
cerebras_2.7B,2.7,416,6.734895,29000,14.3,0.0006,0.1,bf16,,,3.5554,3.5217,33.84,,2.171686459,1.350013541
cerebras_2.7B,2.7,430,6.967133,30000,14.3,0.0006,0.1,bf16,,,3.522,3.5114,33.49,,2.169571568,1.341828432
cerebras_2.7B,2.7,444,7.199371,31000,14.3,0.0006,0.1,bf16,,,3.5197,3.5054,33.3,,2.16754302,1.33785698
cerebras_2.7B,2.7,459,7.431608,32000,14.3,0.0006,0.1,bf16,,,3.5186,3.4975,33.03,,2.165458486,1.332041514
cerebras_2.7B,2.7,473,7.663846,33000,14.3,0.0006,0.1,bf16,,,3.5082,3.4639,31.94,,2.163590109,1.300309891
cerebras_2.7B,2.7,487,7.896084,34000,14.3,0.0006,0.1,bf16,,,3.479,3.4625,31.9,,2.161791203,1.300708797
cerebras_2.7B,2.7,502,8.128322,35000,14.3,0.0006,0.1,bf16,,,3.4523,3.4321,30.94,,2.159935822,1.272164178
cerebras_2.7B,2.7,516,8.360559,36000,14.3,0.0006,0.1,bf16,,,3.4466,3.4342,31.01,,2.158267051,1.275932949
cerebras_2.7B,2.7,530,8.592797,37000,14.3,0.0006,0.1,bf16,,,3.4224,3.4073,30.18,,2.156655245,1.250644755
cerebras_2.7B,2.7,545,8.825035,38000,14.3,0.0006,0.1,bf16,,,3.4493,3.4138,30.38,,2.154987697,1.258812303
cerebras_2.7B,2.7,559,9.057273,39000,14.3,0.0006,0.1,bf16,,,3.4263,3.4006,29.98,,2.153483476,1.247116524
cerebras_2.7B,2.7,573,9.28951,40000,14.3,0.0006,0.1,bf16,,,3.4025,3.4066,30.16,,2.152026714,1.254573286
cerebras_2.7B,2.7,588,9.521748,41000,14.3,0.0006,0.1,bf16,,,3.3787,3.3691,29.05,,2.150515611,1.218584389
cerebras_2.7B,2.7,602,9.753986,42000,14.3,0.0006,0.1,bf16,,,3.3918,3.3849,29.52,,2.149149105,1.235750895
cerebras_2.7B,2.7,616,9.986224,43000,14.3,0.0006,0.1,bf16,,,3.3717,3.3422,28.28,,2.14782268,1.19437732
cerebras_2.7B,2.7,631,10.218462,44000,14.3,0.0006,0.1,bf16,,,3.3624,3.3471,28.42,,2.146443664,1.200656336
cerebras_2.7B,2.7,645,10.450699,45000,14.3,0.0006,0.1,bf16,,,3.3444,3.3357,28.1,,2.145193916,1.190506084
cerebras_2.7B,2.7,659,10.682937,46000,14.3,0.0006,0.1,bf16,,,3.3684,3.3388,28.19,,2.143978412,1.194821588
cerebras_2.7B,2.7,674,10.915175,47000,14.3,0.0006,0.1,bf16,,,3.3397,3.3382,28.17,,2.142712232,1.195487768
cerebras_2.7B,2.7,688,11.147413,48000,14.3,0.0006,0.1,bf16,,,3.3546,3.3225,27.73,,2.141562584,1.180937416
cerebras_2.7B,2.7,702,11.37965,49000,14.3,0.0006,0.1,bf16,,,3.3289,3.3067,27.29,,2.140442494,1.166257506
cerebras_2.7B,2.7,717,11.611888,50000,14.3,0.0006,0.1,bf16,,,3.3121,3.2984,27.07,,2.139273692,1.159126308
cerebras_2.7B,2.7,731,11.844126,51000,14.3,0.0006,0.1,bf16,,,3.3165,3.2774,26.51,,2.138210703,1.139189297
cerebras_2.7B,2.7,745,12.076364,52000,14.3,0.0006,0.1,bf16,,,3.3146,3.2834,26.67,,2.137173456,1.146226544
cerebras_2.7B,2.7,760,12.308601,53000,14.3,0.0006,0.1,bf16,,,3.287,3.2628,26.12,,2.136089449,1.126710551
cerebras_2.7B,2.7,774,12.540839,54000,14.3,0.0006,0.1,bf16,,,3.2756,3.2712,26.34,,2.135102132,1.136097868
cerebras_2.7B,2.7,788,12.773077,55000,14.3,0.0006,0.1,bf16,,,3.288,3.2753,26.45,,2.134137411,1.141162589
cerebras_2.7B,2.7,803,13.005315,56000,14.3,0.0006,0.1,bf16,,,3.2688,3.2519,25.84,,2.133127828,1.118772172
cerebras_2.7B,2.7,817,13.237552,57000,14.3,0.0006,0.1,bf16,,,3.2664,3.2495,25.78,,2.132207092,1.117292908
cerebras_2.7B,2.7,831,13.46979,58000,14.3,0.0006,0.1,bf16,,,3.2722,3.2542,25.9,,2.131306331,1.122893669
cerebras_2.7B,2.7,846,13.702028,59000,14.3,0.0006,0.1,bf16,,,3.2651,3.2302,25.28,,2.130362535,1.099837465
cerebras_2.7B,2.7,860,13.934266,60000,14.3,0.0006,0.1,bf16,,,3.2634,3.2523,25.85,,2.129500783,1.122799217
cerebras_2.7B,2.7,874,14.166503,61000,14.3,0.0006,0.1,bf16,,,3.229,3.2052,24.66,,2.128656801,1.076543199
cerebras_2.7B,2.7,889,14.398741,62000,14.3,0.0006,0.1,bf16,,,3.2393,3.2186,24.99,,2.127771526,1.090828474
cerebras_2.7B,2.7,903,14.630979,63000,14.3,0.0006,0.1,bf16,,,3.2461,3.212,24.83,,2.126962347,1.085037653
cerebras_2.7B,2.7,917,14.863217,64000,14.3,0.0006,0.1,bf16,,,3.2309,3.2053,24.66,,2.126169069,1.079130931
cerebras_2.7B,2.7,932,15.095455,65000,14.3,0.0006,0.1,bf16,,,3.2481,3.2132,24.86,,2.125336148,1.087863852
cerebras_2.7B,2.7,946,15.327692,66000,14.3,0.0006,0.1,bf16,,,3.2138,3.2003,24.54,,2.124574091,1.075725909
cerebras_2.7B,2.7,960,15.55993,67000,14.3,0.0006,0.1,bf16,,,3.2241,3.1924,24.35,,2.123826333,1.068573667
cerebras_2.7B,2.7,975,15.792168,68000,14.3,0.0006,0.1,bf16,,,3.243,3.2048,24.65,,2.123040496,1.081759504
cerebras_2.7B,2.7,989,16.024406,69000,14.3,0.0006,0.1,bf16,,,3.2026,3.1825,24.11,,2.122320884,1.060179116
cerebras_2.7B,2.7,1003,16.256643,70000,14.3,0.0006,0.1,bf16,,,3.2068,3.1857,24.18,,2.121614193,1.064085807
cerebras_2.7B,2.7,1018,16.488881,71000,14.3,0.0006,0.1,bf16,,,3.2243,3.1907,24.31,,2.1208709,1.0698291
cerebras_2.7B,2.7,1032,16.721119,72000,14.3,0.0006,0.1,bf16,,,3.199,3.1806,24.06,,2.120189698,1.060410302
cerebras_2.7B,2.7,1047,16.953357,73000,14.3,0.0006,0.1,bf16,,,3.1831,3.1644,23.67,,2.119472841,1.044927159
cerebras_2.7B,2.7,1061,17.185594,74000,14.3,0.0006,0.1,bf16,,,3.204,3.1662,23.72,,2.118815535,1.047384465
cerebras_2.7B,2.7,1075,17.417832,75000,14.3,0.0006,0.1,bf16,,,3.1757,3.1655,23.7,,2.118169238,1.047330762
cerebras_2.7B,2.7,1090,17.65007,76000,14.3,0.0006,0.1,bf16,,,3.1632,3.1463,23.25,,2.117488623,1.028811377
cerebras_2.7B,2.7,1104,17.882308,77000,14.3,0.0006,0.1,bf16,,,3.1896,3.1617,23.61,,2.116864112,1.044835888
cerebras_2.7B,2.7,1118,18.114545,78000,14.3,0.0006,0.1,bf16,,,3.1697,3.1542,23.43,,2.116249655,1.037950345
cerebras_2.7B,2.7,1133,18.346783,79000,14.3,0.0006,0.1,bf16,,,3.1449,3.1272,22.81,,2.115602143,1.011597857
cerebras_2.7B,2.7,1147,18.579021,80000,14.3,0.0006,0.1,bf16,,,3.1746,3.1415,23.14,,2.115007621,1.026492379
cerebras_2.7B,2.7,1161,18.811259,81000,14.3,0.0006,0.1,bf16,,,3.1658,3.137,23.04,,2.114422315,1.022577685
cerebras_2.7B,2.7,1176,19.043497,82000,14.3,0.0006,0.1,bf16,,,3.1408,3.1239,22.74,,2.113805142,1.010094858
cerebras_2.7B,2.7,1190,19.275734,83000,14.3,0.0006,0.1,bf16,,,3.1406,3.1248,22.75,,2.113238137,1.011561863
cerebras_2.7B,2.7,1204,19.507972,84000,14.3,0.0006,0.1,bf16,,,3.1464,3.1232,22.72,,2.112679605,1.010520395
cerebras_2.7B,2.7,1219,19.74021,85000,14.3,0.0006,0.1,bf16,,,3.1407,3.1054,22.32,,2.112090329,0.9933096708
cerebras_2.7B,2.7,1233,19.972448,86000,14.3,0.0006,0.1,bf16,,,3.1336,3.1034,22.27,,2.111548651,0.9918513488
cerebras_2.7B,2.7,1247,20.204685,87000,14.3,0.0006,0.1,bf16,,,3.1236,3.1023,22.25,,2.111014788,0.9912852116
cerebras_2.7B,2.7,1262,20.436923,88000,14.3,0.0006,0.1,bf16,,,3.1045,3.1037,22.28,,2.11045124,0.9932487605
cerebras_2.7B,2.7,1276,20.669161,89000,14.3,0.0006,0.1,bf16,,,3.1119,3.1039,22.29,,2.109932942,0.9939670584
cerebras_2.7B,2.7,1290,20.901399,90000,14.3,0.0006,0.1,bf16,,,3.105,3.0725,21.6,,2.109421871,0.9630781288
cerebras_2.7B,2.7,1305,21.133636,91000,14.3,0.0006,0.1,bf16,,,3.0874,3.087,21.91,,2.108882115,0.9781178853
cerebras_2.7B,2.7,1319,21.365874,92000,14.3,0.0006,0.1,bf16,,,3.146,3.1159,22.55,,2.108385458,1.007514542
cerebras_2.7B,2.7,1333,21.598112,93000,14.3,0.0006,0.1,bf16,,,3.0951,3.0832,21.83,,2.107895503,0.9753044974
cerebras_2.7B,2.7,1348,21.83035,94000,14.3,0.0006,0.1,bf16,,,3.0842,3.0881,21.93,,2.107377806,0.9807221938
cerebras_2.7B,2.7,1362,22.062587,95000,14.3,0.0006,0.1,bf16,,,3.0843,3.0699,21.54,,2.106901232,0.9629987682
cerebras_2.7B,2.7,1376,22.294825,96000,14.3,0.0006,0.1,bf16,,,3.1108,3.0789,21.73,,2.106430886,0.9724691137
cerebras_2.7B,2.7,1391,22.527063,97000,14.3,0.0006,0.1,bf16,,,3.0998,3.0763,21.68,,2.105933694,0.9703663063
cerebras_2.7B,2.7,1405,22.759301,98000,14.3,0.0006,0.1,bf16,,,3.0778,3.0619,21.37,,2.1054758,0.9564242005
cerebras_2.7B,2.7,1419,22.991538,99000,14.3,0.0006,0.1,bf16,,,3.1048,3.0809,21.78,,2.105023708,0.975876292
cerebras_2.7B,2.7,1434,23.223776,100000,14.3,0.0006,0.1,bf16,,,3.0843,3.0598,21.32,,2.104545616,0.9552543838
cerebras_2.7B,2.7,1448,23.456014,101000,14.3,0.0006,0.1,bf16,,,3.0774,3.0551,21.22,,2.104105137,0.9509948633
cerebras_2.7B,2.7,1462,23.688252,102000,14.3,0.0006,0.1,bf16,,,3.092,3.0516,21.15,,2.103670074,0.9479299256
cerebras_2.7B,2.7,1477,23.92049,103000,14.3,0.0006,0.1,bf16,,,3.062,3.0429,20.97,,2.103209814,0.9396901857
cerebras_2.7B,2.7,1491,24.152727,104000,14.3,0.0006,0.1,bf16,,,3.0882,3.0535,21.19,,2.102785604,0.9507143963
cerebras_2.7B,2.7,1505,24.384965,105000,14.3,0.0006,0.1,bf16,,,3.0507,3.0366,20.83,,2.102366461,0.9342335393
cerebras_2.7B,2.7,1520,24.617203,106000,14.3,0.0006,0.1,bf16,,,3.0769,3.046,21.03,,2.101922881,0.9440771188
cerebras_2.7B,2.7,1534,24.849441,107000,14.3,0.0006,0.1,bf16,,,3.0814,3.0677,21.49,,2.101513899,0.9661861008
cerebras_2.7B,2.7,1548,25.081678,108000,14.3,0.0006,0.1,bf16,,,3.0807,3.0378,20.86,,2.101109667,0.9366903333
cerebras_2.7B,2.7,1563,25.313916,109000,14.3,0.0006,0.1,bf16,,,3.0479,3.0383,20.87,,2.10068172,0.9376182795
cerebras_2.7B,2.7,1577,25.546154,110000,14.3,0.0006,0.1,bf16,,,3.0611,3.0398,20.9,,2.10028702,0.9395129802
cerebras_2.7B,2.7,1591,25.778392,111000,14.3,0.0006,0.1,bf16,,,3.0515,3.0236,20.56,,2.099896779,0.9237032214
cerebras_2.7B,2.7,1606,26.010629,112000,14.3,0.0006,0.1,bf16,,,3.0504,3.0348,20.8,,2.099483511,0.9353164894
cerebras_2.7B,2.7,1620,26.242867,113000,14.3,0.0006,0.1,bf16,,,3.0424,3.0378,20.86,,2.099102227,0.9386977735
cerebras_2.7B,2.7,1634,26.475105,114000,14.3,0.0006,0.1,bf16,,,3.0428,3.0221,20.53,,2.098725137,0.9233748634
cerebras_2.7B,2.7,1649,26.707343,115000,14.3,0.0006,0.1,bf16,,,3.0473,3.035,20.8,,2.098325673,0.9366743266
cerebras_2.7B,2.7,1663,26.93958,116000,14.3,0.0006,0.1,bf16,,,3.0497,3.0234,20.56,,2.097957015,0.9254429854
cerebras_2.7B,2.7,1677,27.171818,117000,14.3,0.0006,0.1,bf16,,,3.0513,3.0241,20.58,,2.097592307,0.9265076932
cerebras_2.7B,2.7,1692,27.404056,118000,14.3,0.0006,0.1,bf16,,,3.0342,3.018,20.45,,2.097205848,0.9207941522
cerebras_2.7B,2.7,1706,27.636294,119000,14.3,0.0006,0.1,bf16,,,3.0457,3.0171,20.43,,2.096849088,0.9202509116
cerebras_2.7B,2.7,1720,27.868531,120000,14.3,0.0006,0.1,bf16,,,3.0296,3.0208,20.51,,2.096496057,0.9243039435
cerebras_2.7B,2.7,1735,28.100769,121000,14.3,0.0006,0.1,bf16,,,3.0228,2.9994,20.07,,2.096121866,0.9032781336
cerebras_2.7B,2.7,1749,28.333007,122000,14.3,0.0006,0.1,bf16,,,3.032,3.0069,20.22,,2.095776339,0.911123661
cerebras_2.7B,2.7,1763,28.565245,123000,14.3,0.0006,0.1,bf16,,,3.0044,2.993,19.94,,2.095434334,0.8975656665
cerebras_2.7B,2.7,1778,28.797483,124000,14.3,0.0006,0.1,bf16,,,3.0382,2.9982,20.05,,2.095071735,0.9031282648
cerebras_2.7B,2.7,1792,29.02972,125000,14.3,0.0006,0.1,bf16,,,2.9937,2.9895,19.88,,2.094736825,0.8947631749
cerebras_2.7B,2.7,1806,29.261958,126000,14.3,0.0006,0.1,bf16,,,3.0149,2.9932,19.95,,2.094405247,0.8987947529
cerebras_2.7B,2.7,1821,29.494196,127000,14.3,0.0006,0.1,bf16,,,2.9917,2.997,20.02,,2.094053616,0.9029463839
cerebras_2.7B,2.7,1835,29.726434,128000,14.3,0.0006,0.1,bf16,,,2.9997,2.9682,19.46,,2.093728756,0.8744712444
cerebras_2.7B,2.7,1849,29.958671,129000,14.3,0.0006,0.1,bf16,,,3.0072,2.976,19.61,,2.093407052,0.882592948
cerebras_2.7B,2.7,1864,30.190909,130000,14.3,0.0006,0.1,bf16,,,3.0027,2.9822,19.73,,2.093065811,0.889134189
cerebras_2.7B,2.7,1878,30.423147,131000,14.3,0.0006,0.1,bf16,,,2.9939,2.9733,19.56,,2.092750475,0.8805495246
cerebras_2.7B,2.7,1892,30.655385,132000,14.3,0.0006,0.1,bf16,,,2.9768,2.9599,19.3,,2.092438134,0.8674618657
cerebras_2.7B,2.7,1907,30.887622,133000,14.3,0.0006,0.1,bf16,,,3.0047,2.9797,19.68,,2.092106749,0.8875932512
cerebras_2.7B,2.7,1921,31.11986,134000,14.3,0.0006,0.1,bf16,,,2.9973,2.9706,19.5,,2.091800452,0.8787995483
cerebras_2.7B,2.7,1935,31.352098,135000,14.3,0.0006,0.1,bf16,,,3.0137,2.9901,19.89,,2.091496998,0.8986030016
cerebras_2.7B,2.7,1950,31.584336,136000,14.3,0.0006,0.1,bf16,,,2.9855,2.9641,19.38,,2.091174973,0.8729250274
cerebras_2.7B,2.7,1964,31.816573,137000,14.3,0.0006,0.1,bf16,,,2.9994,2.9628,19.35,,2.090877263,0.8719227373
cerebras_2.7B,2.7,1978,32.048811,138000,14.3,0.0006,0.1,bf16,,,2.9806,2.9668,19.43,,2.090582257,0.8762177434
cerebras_2.7B,2.7,1993,32.281049,139000,14.3,0.0006,0.1,bf16,,,2.9595,2.9568,19.24,,2.09026913,0.8665308703
cerebras_2.7B,2.7,2007,32.513287,140000,14.3,0.0006,0.1,bf16,,,2.975,2.9685,19.46,,2.089979587,0.8785204127
cerebras_2.7B,2.7,2021,32.745524,141000,14.3,0.0006,0.1,bf16,,,2.9955,2.9649,19.39,,2.089692618,0.8752073816
cerebras_2.7B,2.7,2036,32.977762,142000,14.3,0.0006,0.1,bf16,,,2.9763,2.9607,19.31,,2.089387962,0.8713120384
cerebras_2.7B,2.7,2050,33.21,143000,14.3,0.0006,0.1,bf16,,,2.991,2.9703,19.5,,2.089106196,0.8811938041
cerebras_2.7B,2.7,2050,33.21,144000,14.3,0.0006,0.1,bf16,,,2.9789,2.9612,19.32,,2.089106196,0.8720938041
cerebras_2.7B,2.7,2050,33.21,145000,14.3,0.0006,0.1,bf16,,,2.9946,2.974,19.57,,2.089106196,0.8848938041
cerebras_2.7B,2.7,2050,33.21,146000,14.3,0.0006,0.1,bf16,,,2.9929,2.9622,19.34,,2.089106196,0.8730938041
cerebras_2.7B,2.7,2050,33.21,147000,14.3,0.0006,0.1,bf16,,,2.9656,2.9453,19.02,,2.089106196,0.8561938041
cerebras_6.7B,6.7,14,0.576294,1000,14.3,0.0006,0.1,bf16,,,5.9806,5.9795,395.24,,2.467795069,3.511704931
cerebras_6.7B,6.7,29,1.152587,2000,14.3,0.0006,0.1,bf16,,,5.2486,5.2198,184.9,,2.358528308,2.861271692
cerebras_6.7B,6.7,43,1.728881,3000,14.3,0.0006,0.1,bf16,,,4.9016,4.8737,130.8,,2.308076629,2.565623371
cerebras_6.7B,6.7,57,2.305175,4000,14.3,0.0006,0.1,bf16,,,4.648,4.6275,102.26,,2.275242271,2.352257729
cerebras_6.7B,6.7,72,2.881469,5000,14.3,0.0006,0.1,bf16,,,4.4963,4.4713,87.47,,2.249923267,2.221376733
cerebras_6.7B,6.7,86,3.457762,6000,14.3,0.0006,0.1,bf16,,,4.3392,4.3226,75.39,,2.231744746,2.090855254
cerebras_6.7B,6.7,100,4.034056,7000,14.3,0.0006,0.1,bf16,,,4.2383,4.2357,69.11,,2.217007812,2.018692188
cerebras_6.7B,6.7,115,4.61035,8000,14.3,0.0006,0.1,bf16,,,4.1627,4.1609,64.13,,2.203895961,1.957004039
cerebras_6.7B,6.7,129,5.186643,9000,14.3,0.0006,0.1,bf16,,,4.1112,4.0776,59.01,,2.193495903,1.884104097
cerebras_6.7B,6.7,143,5.762937,10000,14.3,0.0006,0.1,bf16,,,4.0427,4.023,55.87,,2.184448662,1.838551338
cerebras_6.7B,6.7,158,6.339231,11000,14.3,0.0006,0.1,bf16,,,3.9675,3.9439,51.62,,2.175934681,1.767965319
cerebras_6.7B,6.7,172,6.915524,12000,14.3,0.0006,0.1,bf16,,,3.9139,3.8998,49.39,,2.168873181,1.730926819
cerebras_6.7B,6.7,186,7.491818,13000,14.3,0.0006,0.1,bf16,,,3.873,3.8565,47.3,,2.162511504,1.693988496
cerebras_6.7B,6.7,201,8.068112,14000,14.3,0.0006,0.1,bf16,,,3.8224,3.8133,45.3,,2.156342238,1.656957762
cerebras_6.7B,6.7,215,8.644406,15000,14.3,0.0006,0.1,bf16,,,3.804,3.7848,44.03,,2.151093844,1.633706156
cerebras_6.7B,6.7,229,9.220699,16000,14.3,0.0006,0.1,bf16,,,3.7945,3.7579,42.86,,2.146265592,1.611634408
cerebras_6.7B,6.7,244,9.796993,17000,14.3,0.0006,0.1,bf16,,,3.7639,3.7307,41.71,,2.14149484,1.58920516
cerebras_6.7B,6.7,258,10.373287,18000,14.3,0.0006,0.1,bf16,,,3.7191,3.6952,40.26,,2.137369116,1.557830884
cerebras_6.7B,6.7,272,10.94958,19000,14.3,0.0006,0.1,bf16,,,3.6761,3.6562,38.71,,2.133520419,1.522679581
cerebras_6.7B,6.7,287,11.525874,20000,14.3,0.0006,0.1,bf16,,,3.6336,3.6202,37.34,,2.129668559,1.490531441
cerebras_6.7B,6.7,301,12.102168,21000,14.3,0.0006,0.1,bf16,,,3.6563,3.6279,37.63,,2.126299089,1.501600911
cerebras_6.7B,6.7,315,12.678462,22000,14.3,0.0006,0.1,bf16,,,3.6137,3.591,36.27,,2.123124458,1.467875542
cerebras_6.7B,6.7,330,13.254755,23000,14.3,0.0006,0.1,bf16,,,3.5882,3.5589,35.12,,2.119917518,1.438982482
cerebras_6.7B,6.7,344,13.831049,24000,14.3,0.0006,0.1,bf16,,,3.5753,3.5543,34.96,,2.117088351,1.437211649
cerebras_6.7B,6.7,358,14.407343,25000,14.3,0.0006,0.1,bf16,,,3.5362,3.5167,33.67,,2.11440284,1.40229716
cerebras_6.7B,6.7,373,14.983636,26000,14.3,0.0006,0.1,bf16,,,3.5519,3.5268,34.02,,2.111670755,1.415129245
cerebras_6.7B,6.7,387,15.55993,27000,14.3,0.0006,0.1,bf16,,,3.5239,3.499,33.08,,2.109244766,1.389755234
cerebras_6.7B,6.7,401,16.136224,28000,14.3,0.0006,0.1,bf16,,,3.4748,3.4618,31.88,,2.106928579,1.354871421
cerebras_6.7B,6.7,416,16.712517,29000,14.3,0.0006,0.1,bf16,,,3.4904,3.4636,31.93,,2.104559102,1.359040898
cerebras_6.7B,6.7,430,17.288811,30000,14.3,0.0006,0.1,bf16,,,3.4733,3.4444,31.32,,2.102444211,1.341955789
cerebras_6.7B,6.7,444,17.865105,31000,14.3,0.0006,0.1,bf16,,,3.4568,3.4421,31.25,,2.100415663,1.341684337
cerebras_6.7B,6.7,459,18.441399,32000,14.3,0.0006,0.1,bf16,,,3.4217,3.4222,30.64,,2.098331129,1.323868871
cerebras_6.7B,6.7,473,19.017692,33000,14.3,0.0006,0.1,bf16,,,3.4272,3.4075,30.19,,2.096462752,1.311037248
cerebras_6.7B,6.7,487,19.593986,34000,14.3,0.0006,0.1,bf16,,,3.4011,3.3876,29.59,,2.094663846,1.292936154
cerebras_6.7B,6.7,502,20.17028,35000,14.3,0.0006,0.1,bf16,,,3.3951,3.3806,29.39,,2.092808465,1.287791535
cerebras_6.7B,6.7,516,20.746573,36000,14.3,0.0006,0.1,bf16,,,3.3732,3.3649,28.93,,2.091139694,1.273760306
cerebras_6.7B,6.7,530,21.322867,37000,14.3,0.0006,0.1,bf16,,,3.3666,3.3612,28.82,,2.089527888,1.271672112
cerebras_6.7B,6.7,545,21.899161,38000,14.3,0.0006,0.1,bf16,,,3.3703,3.332,28,,2.08786034,1.24413966
cerebras_6.7B,6.7,559,22.475455,39000,14.3,0.0006,0.1,bf16,,,3.3747,3.3403,28.23,,2.086356119,1.253943881
cerebras_6.7B,6.7,573,23.051748,40000,14.3,0.0006,0.1,bf16,,,3.3314,3.3204,27.67,,2.084899357,1.235500643
cerebras_6.7B,6.7,588,23.628042,41000,14.3,0.0006,0.1,bf16,,,3.3599,3.3194,27.64,,2.083388254,1.236011746
cerebras_6.7B,6.7,602,24.204336,42000,14.3,0.0006,0.1,bf16,,,3.2921,3.2847,26.7,,2.082021748,1.202678252
cerebras_6.7B,6.7,616,24.780629,43000,14.3,0.0006,0.1,bf16,,,3.2833,3.276,26.47,,2.080695323,1.195304677
cerebras_6.7B,6.7,631,25.356923,44000,14.3,0.0006,0.1,bf16,,,3.3149,3.2849,26.71,,2.079316307,1.205583693
cerebras_6.7B,6.7,645,25.933217,45000,14.3,0.0006,0.1,bf16,,,3.3038,3.2845,26.7,,2.078066559,1.206433441
cerebras_6.7B,6.7,659,26.50951,46000,14.3,0.0006,0.1,bf16,,,3.2857,3.2651,26.18,,2.076851055,1.188248945
cerebras_6.7B,6.7,674,27.085804,47000,14.3,0.0006,0.1,bf16,,,3.2611,3.24,25.53,,2.075584875,1.164415125
cerebras_6.7B,6.7,688,27.662098,48000,14.3,0.0006,0.1,bf16,,,3.2551,3.2426,25.6,,2.074435227,1.168164773
cerebras_6.7B,6.7,702,28.238392,49000,14.3,0.0006,0.1,bf16,,,3.2774,3.2495,25.78,,2.073315137,1.176184863
cerebras_6.7B,6.7,717,28.814685,50000,14.3,0.0006,0.1,bf16,,,3.2589,3.2421,25.59,,2.072146335,1.169953665
cerebras_6.7B,6.7,731,29.390979,51000,14.3,0.0006,0.1,bf16,,,3.2504,3.226,25.18,,2.071083346,1.154916654
cerebras_6.7B,6.7,745,29.967273,52000,14.3,0.0006,0.1,bf16,,,3.227,3.2195,25.02,,2.070046099,1.149453901
cerebras_6.7B,6.7,760,30.543566,53000,14.3,0.0006,0.1,bf16,,,3.2413,3.2259,25.18,,2.068962092,1.156937908
cerebras_6.7B,6.7,774,31.11986,54000,14.3,0.0006,0.1,bf16,,,3.1959,3.1921,24.34,,2.067974775,1.124125225
cerebras_6.7B,6.7,788,31.696154,55000,14.3,0.0006,0.1,bf16,,,3.2301,3.1984,24.49,,2.067010054,1.131389946
cerebras_6.7B,6.7,803,32.272448,56000,14.3,0.0006,0.1,bf16,,,3.2326,3.2064,24.69,,2.066000471,1.140399529
cerebras_6.7B,6.7,817,32.848741,57000,14.3,0.0006,0.1,bf16,,,3.197,3.176,23.95,,2.065079735,1.110920265
cerebras_6.7B,6.7,831,33.425035,58000,14.3,0.0006,0.1,bf16,,,3.2019,3.1936,24.38,,2.064178974,1.129421026
cerebras_6.7B,6.7,846,34.001329,59000,14.3,0.0006,0.1,bf16,,,3.1869,3.1721,23.86,,2.063235178,1.108864822
cerebras_6.7B,6.7,860,34.577622,60000,14.3,0.0006,0.1,bf16,,,3.2222,3.1898,24.28,,2.062373426,1.127426574
cerebras_6.7B,6.7,874,35.153916,61000,14.3,0.0006,0.1,bf16,,,3.2087,3.1695,23.79,,2.061529444,1.107970556
cerebras_6.7B,6.7,889,35.73021,62000,14.3,0.0006,0.1,bf16,,,3.1828,3.1604,23.58,,2.060644169,1.099755831
cerebras_6.7B,6.7,903,36.306503,63000,14.3,0.0006,0.1,bf16,,,3.1868,3.1679,23.76,,2.059834991,1.108065009
cerebras_6.7B,6.7,917,36.882797,64000,14.3,0.0006,0.1,bf16,,,3.1651,3.1328,22.94,,2.059041712,1.073758288
cerebras_6.7B,6.7,932,37.459091,65000,14.3,0.0006,0.1,bf16,,,3.1725,3.1369,23.03,,2.058208791,1.078691209
cerebras_6.7B,6.7,946,38.035385,66000,14.3,0.0006,0.1,bf16,,,3.1456,3.1137,22.5,,2.057446734,1.056253266
cerebras_6.7B,6.7,960,38.611678,67000,14.3,0.0006,0.1,bf16,,,3.1492,3.1336,22.96,,2.056698976,1.076901024
cerebras_6.7B,6.7,975,39.187972,68000,14.3,0.0006,0.1,bf16,,,3.148,3.1218,22.69,,2.055913139,1.065886861
cerebras_6.7B,6.7,989,39.764266,69000,14.3,0.0006,0.1,bf16,,,3.1419,3.1186,22.62,,2.055193527,1.063406473
cerebras_6.7B,6.7,1003,40.340559,70000,14.3,0.0006,0.1,bf16,,,3.1352,3.1136,22.5,,2.054486836,1.059113164
cerebras_6.7B,6.7,1018,40.916853,71000,14.3,0.0006,0.1,bf16,,,3.1199,3.1162,22.56,,2.053743543,1.062456457
cerebras_6.7B,6.7,1032,41.493147,72000,14.3,0.0006,0.1,bf16,,,3.1263,3.1029,22.26,,2.053062341,1.049837659
cerebras_6.7B,6.7,1047,42.069441,73000,14.3,0.0006,0.1,bf16,,,3.1324,3.0943,22.07,,2.052345484,1.041954516
cerebras_6.7B,6.7,1061,42.645734,74000,14.3,0.0006,0.1,bf16,,,3.1043,3.0874,21.92,,2.051688179,1.035711821
cerebras_6.7B,6.7,1075,43.222028,75000,14.3,0.0006,0.1,bf16,,,3.1127,3.0841,21.85,,2.051041881,1.033058119
cerebras_6.7B,6.7,1090,43.798322,76000,14.3,0.0006,0.1,bf16,,,3.1288,3.0894,21.96,,2.050361266,1.039038734
cerebras_6.7B,6.7,1104,44.374615,77000,14.3,0.0006,0.1,bf16,,,3.0842,3.0746,21.64,,2.049736755,1.024863245
cerebras_6.7B,6.7,1118,44.950909,78000,14.3,0.0006,0.1,bf16,,,3.0993,3.0768,21.69,,2.049122298,1.027677702
cerebras_6.7B,6.7,1133,45.527203,79000,14.3,0.0006,0.1,bf16,,,3.1103,3.0824,21.81,,2.048474786,1.033925214
cerebras_6.7B,6.7,1147,46.103497,80000,14.3,0.0006,0.1,bf16,,,3.0818,3.0636,21.4,,2.047880264,1.015719736
cerebras_6.7B,6.7,1161,46.67979,81000,14.3,0.0006,0.1,bf16,,,3.0956,3.0604,21.34,,2.047294958,1.013105042
cerebras_6.7B,6.7,1176,47.256084,82000,14.3,0.0006,0.1,bf16,,,3.0826,3.0493,21.1,,2.046677785,1.002622215
cerebras_6.7B,6.7,1190,47.832378,83000,14.3,0.0006,0.1,bf16,,,3.0755,3.051,21.14,,2.04611078,1.00488922
cerebras_6.7B,6.7,1204,48.408671,84000,14.3,0.0006,0.1,bf16,,,3.0724,3.053,21.18,,2.045552248,1.007447752
cerebras_6.7B,6.7,1219,48.984965,85000,14.3,0.0006,0.1,bf16,,,3.0399,3.0294,20.68,,2.044962972,0.9844370277
cerebras_6.7B,6.7,1233,49.561259,86000,14.3,0.0006,0.1,bf16,,,3.051,3.0517,21.15,,2.044421294,1.007278706
cerebras_6.7B,6.7,1247,50.137552,87000,14.3,0.0006,0.1,bf16,,,3.0874,3.0568,21.26,,2.043887431,1.012912569
cerebras_6.7B,6.7,1262,50.713846,88000,14.3,0.0006,0.1,bf16,,,3.0637,3.0308,20.71,,2.043323883,0.9874761174
cerebras_6.7B,6.7,1276,51.29014,89000,14.3,0.0006,0.1,bf16,,,3.0452,3.0316,20.73,,2.042805585,0.9887944154
cerebras_6.7B,6.7,1290,51.866434,90000,14.3,0.0006,0.1,bf16,,,3.0797,3.0469,21.05,,2.042294514,1.004605486
cerebras_6.7B,6.7,1305,52.442727,91000,14.3,0.0006,0.1,bf16,,,3.0408,3.0208,20.51,,2.041754758,0.9790452423
cerebras_6.7B,6.7,1319,53.019021,92000,14.3,0.0006,0.1,bf16,,,3.0535,3.0327,20.75,,2.041258101,0.9914418991
cerebras_6.7B,6.7,1333,53.595315,93000,14.3,0.0006,0.1,bf16,,,3.029,3.0191,20.47,,2.040768146,0.9783318543
cerebras_6.7B,6.7,1348,54.171608,94000,14.3,0.0006,0.1,bf16,,,3.0513,3.0166,20.42,,2.040250449,0.9763495507
cerebras_6.7B,6.7,1362,54.747902,95000,14.3,0.0006,0.1,bf16,,,3.0334,3.0129,20.35,,2.039773875,0.9731261251
cerebras_6.7B,6.7,1376,55.324196,96000,14.3,0.0006,0.1,bf16,,,3.0316,3.0117,20.32,,2.039303529,0.9723964707
cerebras_6.7B,6.7,1391,55.90049,97000,14.3,0.0006,0.1,bf16,,,3.0371,3.0136,20.36,,2.038806337,0.9747936632
cerebras_6.7B,6.7,1405,56.476783,98000,14.3,0.0006,0.1,bf16,,,3.0042,3.0009,20.1,,2.038348443,0.9625515574
cerebras_6.7B,6.7,1419,57.053077,99000,14.3,0.0006,0.1,bf16,,,3.0326,3.0168,20.43,,2.037896351,0.9789036489
cerebras_6.7B,6.7,1434,57.629371,100000,14.3,0.0006,0.1,bf16,,,3.0204,2.9993,20.07,,2.037418259,0.9618817407
cerebras_6.7B,6.7,1448,58.205664,101000,14.3,0.0006,0.1,bf16,,,3.0286,2.9933,19.95,,2.03697778,0.9563222203
cerebras_6.7B,6.7,1462,58.781958,102000,14.3,0.0006,0.1,bf16,,,2.9979,2.9744,19.58,,2.036542717,0.9378572825
cerebras_6.7B,6.7,1477,59.358252,103000,14.3,0.0006,0.1,bf16,,,3.0009,2.9836,19.76,,2.036082457,0.9475175426
cerebras_6.7B,6.7,1491,59.934545,104000,14.3,0.0006,0.1,bf16,,,2.9965,2.9739,19.57,,2.035658247,0.9382417532
cerebras_6.7B,6.7,1505,60.510839,105000,14.3,0.0006,0.1,bf16,,,2.9964,2.9864,19.81,,2.035239104,0.9511608962
cerebras_6.7B,6.7,1520,61.087133,106000,14.3,0.0006,0.1,bf16,,,3.006,2.9856,19.8,,2.034795524,0.9508044758
cerebras_6.7B,6.7,1534,61.663427,107000,14.3,0.0006,0.1,bf16,,,2.9924,2.9758,19.61,,2.034386542,0.9414134578
cerebras_6.7B,6.7,1548,62.23972,108000,14.3,0.0006,0.1,bf16,,,3.013,2.9623,19.34,,2.03398231,0.9283176902
cerebras_6.7B,6.7,1563,62.816014,109000,14.3,0.0006,0.1,bf16,,,3,2.9872,19.83,,2.033554364,0.9536456365
cerebras_6.7B,6.7,1577,63.392308,110000,14.3,0.0006,0.1,bf16,,,2.9826,2.9473,19.05,,2.033159663,0.9141403371
cerebras_6.7B,6.7,1591,63.968601,111000,14.3,0.0006,0.1,bf16,,,2.9783,2.9689,19.47,,2.032769422,0.9361305783
cerebras_6.7B,6.7,1606,64.544895,112000,14.3,0.0006,0.1,bf16,,,2.9751,2.9593,19.28,,2.032356154,0.9269438464
cerebras_6.7B,6.7,1620,65.121189,113000,14.3,0.0006,0.1,bf16,,,2.9854,2.9631,19.36,,2.03197487,0.9311251304
cerebras_6.7B,6.7,1634,65.697483,114000,14.3,0.0006,0.1,bf16,,,2.9635,2.9434,18.98,,2.03159778,0.9118022203
cerebras_6.7B,6.7,1649,66.273776,115000,14.3,0.0006,0.1,bf16,,,2.9659,2.9422,18.96,,2.031198316,0.9110016836
cerebras_6.7B,6.7,1663,66.85007,116000,14.3,0.0006,0.1,bf16,,,2.9653,2.9503,19.11,,2.030829658,0.9194703423
cerebras_6.7B,6.7,1677,67.426364,117000,14.3,0.0006,0.1,bf16,,,2.9649,2.9484,19.07,,2.03046495,0.9179350502
cerebras_6.7B,6.7,1692,68.002657,118000,14.3,0.0006,0.1,bf16,,,2.9675,2.9425,18.96,,2.030078491,0.9124215092
cerebras_6.7B,6.7,1706,68.578951,119000,14.3,0.0006,0.1,bf16,,,2.9725,2.9455,19.02,,2.029721731,0.9157782685
cerebras_6.7B,6.7,1720,69.155245,120000,14.3,0.0006,0.1,bf16,,,2.976,2.9541,19.19,,2.0293687,0.9247313004
cerebras_6.7B,6.7,1735,69.731538,121000,14.3,0.0006,0.1,bf16,,,2.9548,2.9284,18.7,,2.028994509,0.8994054905
cerebras_6.7B,6.7,1749,70.307832,122000,14.3,0.0006,0.1,bf16,,,2.9742,2.9495,19.1,,2.028648982,0.9208510179
cerebras_6.7B,6.7,1763,70.884126,123000,14.3,0.0006,0.1,bf16,,,2.9442,2.9229,18.59,,2.028306977,0.8945930234
cerebras_6.7B,6.7,1778,71.46042,124000,14.3,0.0006,0.1,bf16,,,2.9452,2.9279,18.69,,2.027944378,0.8999556217
cerebras_6.7B,6.7,1792,72.036713,125000,14.3,0.0006,0.1,bf16,,,2.9486,2.93,18.73,,2.027609468,0.9023905319
cerebras_6.7B,6.7,1806,72.613007,126000,14.3,0.0006,0.1,bf16,,,2.934,2.9254,18.64,,2.02727789,0.8981221099
cerebras_6.7B,6.7,1821,73.189301,127000,14.3,0.0006,0.1,bf16,,,2.9467,2.9344,18.81,,2.026926259,0.9074737409
cerebras_6.7B,6.7,1835,73.765594,128000,14.3,0.0006,0.1,bf16,,,2.9518,2.9303,18.73,,2.026601399,0.9036986013
cerebras_6.7B,6.7,1849,74.341888,129000,14.3,0.0006,0.1,bf16,,,2.9351,2.9266,18.66,,2.026279695,0.9003203049
cerebras_6.7B,6.7,1864,74.918182,130000,14.3,0.0006,0.1,bf16,,,2.9305,2.9117,18.39,,2.025938454,0.8857615459
cerebras_6.7B,6.7,1878,75.494476,131000,14.3,0.0006,0.1,bf16,,,2.9275,2.9099,18.35,,2.025623118,0.8842768815
cerebras_6.7B,6.7,1892,76.070769,132000,14.3,0.0006,0.1,bf16,,,2.9237,2.904,18.25,,2.025310777,0.8786892227
cerebras_6.7B,6.7,1907,76.647063,133000,14.3,0.0006,0.1,bf16,,,2.927,2.909,18.34,,2.024979392,0.8840206082
cerebras_6.7B,6.7,1921,77.223357,134000,14.3,0.0006,0.1,bf16,,,2.927,2.9034,18.24,,2.024673095,0.8787269052
cerebras_6.7B,6.7,1935,77.79965,135000,14.3,0.0006,0.1,bf16,,,2.9215,2.9104,18.36,,2.024369641,0.8860303585
cerebras_6.7B,6.7,1950,78.375944,136000,14.3,0.0006,0.1,bf16,,,2.9253,2.9122,18.4,,2.024047616,0.8881523843
cerebras_6.7B,6.7,1964,78.952238,137000,14.3,0.0006,0.1,bf16,,,2.9133,2.8935,18.06,,2.023749906,0.8697500943
cerebras_6.7B,6.7,1978,79.528531,138000,14.3,0.0006,0.1,bf16,,,2.9317,2.8976,18.13,,2.0234549,0.8741451004
cerebras_6.7B,6.7,1993,80.104825,139000,14.3,0.0006,0.1,bf16,,,2.8961,2.8865,17.93,,2.023141773,0.8633582273
cerebras_6.7B,6.7,2007,80.681119,140000,14.3,0.0006,0.1,bf16,,,2.9106,2.8929,18.05,,2.02285223,0.8700477697
cerebras_6.7B,6.7,2021,81.257413,141000,14.3,0.0006,0.1,bf16,,,2.9195,2.8892,17.98,,2.022565261,0.8666347386
cerebras_6.7B,6.7,2036,81.833706,142000,14.3,0.0006,0.1,bf16,,,2.8982,2.8851,17.9,,2.022260605,0.8628393953
cerebras_6.7B,6.7,2050,82.41,143000,14.3,0.0006,0.1,bf16,,,2.9139,2.879,17.8,,2.021978839,0.857021161
cerebras_6.7B,6.7,2050,82.41,144000,14.3,0.0006,0.1,bf16,,,2.9002,2.8916,18.02,,2.021978839,0.869621161
cerebras_6.7B,6.7,2050,82.41,145000,14.3,0.0006,0.1,bf16,,,2.9319,2.8994,18.16,,2.021978839,0.877421161
cerebras_6.7B,6.7,2050,82.41,146000,14.3,0.0006,0.1,bf16,,,2.9064,2.8913,18.02,,2.021978839,0.869321161
cerebras_6.7B,6.7,2050,82.41,147000,14.3,0.0006,0.1,bf16,,,2.8901,2.8794,17.8,,2.021978839,0.857421161
cerebras_13.0B,13,14,1.118182,1000,14.3,0.0006,0.1,bf16,,,5.9058,5.8879,360.66,,2.430386058,3.457513942
cerebras_13.0B,13,29,2.236364,2000,14.3,0.0006,0.1,bf16,,,5.2039,5.1875,179.02,,2.321119298,2.866380702
cerebras_13.0B,13,43,3.354545,3000,14.3,0.0006,0.1,bf16,,,4.8628,4.8306,125.28,,2.270667619,2.559932381
cerebras_13.0B,13,57,4.472727,4000,14.3,0.0006,0.1,bf16,,,4.5988,4.6049,99.97,,2.23783326,2.36706674
cerebras_13.0B,13,72,5.590909,5000,14.3,0.0006,0.1,bf16,,,4.4547,4.4218,83.24,,2.212514257,2.209285743
cerebras_13.0B,13,86,6.709091,6000,14.3,0.0006,0.1,bf16,,,4.3227,4.2921,73.12,,2.194335735,2.097764265
cerebras_13.0B,13,100,7.827273,7000,14.3,0.0006,0.1,bf16,,,4.2288,4.2019,66.81,,2.179598802,2.022301198
cerebras_13.0B,13,115,8.945455,8000,14.3,0.0006,0.1,bf16,,,4.1179,4.1037,60.56,,2.16648695,1.93721305
cerebras_13.0B,13,129,10.063636,9000,14.3,0.0006,0.1,bf16,,,4.0367,4.006,54.92,,2.156086892,1.849913108
cerebras_13.0B,13,143,11.181818,10000,14.3,0.0006,0.1,bf16,,,3.9973,3.9879,53.94,,2.147039652,1.840860348
cerebras_13.0B,13,158,12.3,11000,14.3,0.0006,0.1,bf16,,,3.9341,3.9068,49.74,,2.13852567,1.76827433
cerebras_13.0B,13,172,13.418182,12000,14.3,0.0006,0.1,bf16,,,3.9382,3.8926,49.04,,2.131464171,1.761135829
cerebras_13.0B,13,186,14.536364,13000,14.3,0.0006,0.1,bf16,,,3.8428,3.8058,44.96,,2.125102494,1.680697506
cerebras_13.0B,13,201,15.654545,14000,14.3,0.0006,0.1,bf16,,,3.802,3.7772,43.69,,2.118933228,1.658266772
cerebras_13.0B,13,215,16.772727,15000,14.3,0.0006,0.1,bf16,,,3.7481,3.7422,42.19,,2.113684834,1.628515166
cerebras_13.0B,13,229,17.890909,16000,14.3,0.0006,0.1,bf16,,,3.737,3.7004,40.46,,2.108856582,1.591543418
cerebras_13.0B,13,244,19.009091,17000,14.3,0.0006,0.1,bf16,,,3.6853,3.6839,39.8,,2.104085829,1.579814171
cerebras_13.0B,13,258,20.127273,18000,14.3,0.0006,0.1,bf16,,,3.6909,3.656,38.7,,2.099960106,1.556039894
cerebras_13.0B,13,272,21.245455,19000,14.3,0.0006,0.1,bf16,,,3.6575,3.6207,37.36,,2.096111409,1.524588591
cerebras_13.0B,13,287,22.363636,20000,14.3,0.0006,0.1,bf16,,,3.6125,3.5986,36.55,,2.092259549,1.506340451
cerebras_13.0B,13,301,23.481818,21000,14.3,0.0006,0.1,bf16,,,3.5959,3.5783,35.81,,2.088890078,1.489409922
cerebras_13.0B,13,315,24.6,22000,14.3,0.0006,0.1,bf16,,,3.5652,3.5435,34.59,,2.085715448,1.457784552
cerebras_13.0B,13,330,25.718182,23000,14.3,0.0006,0.1,bf16,,,3.5626,3.5297,34.11,,2.082508508,1.447191492
cerebras_13.0B,13,344,26.836364,24000,14.3,0.0006,0.1,bf16,,,3.4993,3.4951,32.95,,2.07967934,1.41542066
cerebras_13.0B,13,358,27.954545,25000,14.3,0.0006,0.1,bf16,,,3.5003,3.4858,32.65,,2.07699383,1.40880617
cerebras_13.0B,13,373,29.072727,26000,14.3,0.0006,0.1,bf16,,,3.4926,3.4735,32.25,,2.074261744,1.399238256
cerebras_13.0B,13,387,30.190909,27000,14.3,0.0006,0.1,bf16,,,3.4598,3.4512,31.54,,2.071835755,1.379364245
cerebras_13.0B,13,401,31.309091,28000,14.3,0.0006,0.1,bf16,,,3.4682,3.4482,31.44,,2.069519569,1.378680431
cerebras_13.0B,13,416,32.427273,29000,14.3,0.0006,0.1,bf16,,,3.4338,3.4071,30.18,,2.067150092,1.339949908
cerebras_13.0B,13,430,33.545455,30000,14.3,0.0006,0.1,bf16,,,3.4375,3.417,30.48,,2.065035201,1.351964799
cerebras_13.0B,13,444,34.663636,31000,14.3,0.0006,0.1,bf16,,,3.4256,3.3984,29.92,,2.063006652,1.335393348
cerebras_13.0B,13,459,35.781818,32000,14.3,0.0006,0.1,bf16,,,3.387,3.371,29.11,,2.060922119,1.310077881
cerebras_13.0B,13,473,36.9,33000,14.3,0.0006,0.1,bf16,,,3.3946,3.3878,29.6,,2.059053742,1.328746258
cerebras_13.0B,13,487,38.018182,34000,14.3,0.0006,0.1,bf16,,,3.3619,3.3569,28.7,,2.057254835,1.299645165
cerebras_13.0B,13,502,39.136364,35000,14.3,0.0006,0.1,bf16,,,3.381,3.3502,28.51,,2.055399455,1.294800545
cerebras_13.0B,13,516,40.254545,36000,14.3,0.0006,0.1,bf16,,,3.3623,3.3425,28.29,,2.053730684,1.288769316
cerebras_13.0B,13,530,41.372727,37000,14.3,0.0006,0.1,bf16,,,3.3354,3.3202,27.67,,2.052118878,1.268081122
cerebras_13.0B,13,545,42.490909,38000,14.3,0.0006,0.1,bf16,,,3.3388,3.3101,27.39,,2.05045133,1.25964867
cerebras_13.0B,13,559,43.609091,39000,14.3,0.0006,0.1,bf16,,,3.3142,3.2819,26.63,,2.048947108,1.232952892
cerebras_13.0B,13,573,44.727273,40000,14.3,0.0006,0.1,bf16,,,3.2988,3.2855,26.72,,2.047490347,1.238009653
cerebras_13.0B,13,588,45.845455,41000,14.3,0.0006,0.1,bf16,,,3.3059,3.2848,26.7,,2.045979244,1.238820756
cerebras_13.0B,13,602,46.963636,42000,14.3,0.0006,0.1,bf16,,,3.3032,3.2704,26.32,,2.044612738,1.225787262
cerebras_13.0B,13,616,48.081818,43000,14.3,0.0006,0.1,bf16,,,3.2508,3.2424,25.6,,2.043286313,1.199113687
cerebras_13.0B,13,631,49.2,44000,14.3,0.0006,0.1,bf16,,,3.2637,3.2362,25.44,,2.041907296,1.194292704
cerebras_13.0B,13,645,50.318182,45000,14.3,0.0006,0.1,bf16,,,3.2633,3.2382,25.49,,2.040657548,1.197542452
cerebras_13.0B,13,659,51.436364,46000,14.3,0.0006,0.1,bf16,,,3.2624,3.2315,25.32,,2.039442045,1.192057955
cerebras_13.0B,13,674,52.554545,47000,14.3,0.0006,0.1,bf16,,,3.2346,3.2268,25.2,,2.038175865,1.188624135
cerebras_13.0B,13,688,53.672727,48000,14.3,0.0006,0.1,bf16,,,3.2326,3.202,24.58,,2.037026216,1.164973784
cerebras_13.0B,13,702,54.790909,49000,14.3,0.0006,0.1,bf16,,,3.2273,3.2006,24.55,,2.035906126,1.164693874
cerebras_13.0B,13,717,55.909091,50000,14.3,0.0006,0.1,bf16,,,3.2075,3.195,24.41,,2.034737324,1.160262676
cerebras_13.0B,13,731,57.027273,51000,14.3,0.0006,0.1,bf16,,,3.2221,3.1949,24.41,,2.033674336,1.161225664
cerebras_13.0B,13,745,58.145455,52000,14.3,0.0006,0.1,bf16,,,3.2112,3.1894,24.28,,2.032637089,1.156762911
cerebras_13.0B,13,760,59.263636,53000,14.3,0.0006,0.1,bf16,,,3.2056,3.1847,24.16,,2.031553082,1.153146918
cerebras_13.0B,13,774,60.381818,54000,14.3,0.0006,0.1,bf16,,,3.2007,3.178,24,,2.030565765,1.147434235
cerebras_13.0B,13,788,61.5,55000,14.3,0.0006,0.1,bf16,,,3.2004,3.1666,23.73,,2.029601043,1.136998957
cerebras_13.0B,13,803,62.618182,56000,14.3,0.0006,0.1,bf16,,,3.1667,3.156,23.48,,2.028591461,1.127408539
cerebras_13.0B,13,817,63.736364,57000,14.3,0.0006,0.1,bf16,,,3.1518,3.1508,23.36,,2.027670725,1.123129275
cerebras_13.0B,13,831,64.854545,58000,14.3,0.0006,0.1,bf16,,,3.1869,3.1597,23.56,,2.026769964,1.132930036
cerebras_13.0B,13,846,65.972727,59000,14.3,0.0006,0.1,bf16,,,3.1662,3.1322,22.92,,2.025826168,1.106373832
cerebras_13.0B,13,860,67.090909,60000,14.3,0.0006,0.1,bf16,,,3.1723,3.159,23.55,,2.024964416,1.134035584
cerebras_13.0B,13,874,68.209091,61000,14.3,0.0006,0.1,bf16,,,3.1476,3.1207,22.66,,2.024120434,1.096579566
cerebras_13.0B,13,889,69.327273,62000,14.3,0.0006,0.1,bf16,,,3.141,3.1018,22.24,,2.023235158,1.078564842
cerebras_13.0B,13,903,70.445455,63000,14.3,0.0006,0.1,bf16,,,3.1278,3.1097,22.41,,2.02242598,1.08727402
cerebras_13.0B,13,917,71.563636,64000,14.3,0.0006,0.1,bf16,,,3.1269,3.1099,22.42,,2.021632701,1.088267299
cerebras_13.0B,13,932,72.681818,65000,14.3,0.0006,0.1,bf16,,,3.1147,3.0951,22.09,,2.020799781,1.074300219
cerebras_13.0B,13,946,73.8,66000,14.3,0.0006,0.1,bf16,,,3.1189,3.1051,22.31,,2.020037724,1.085062276
cerebras_13.0B,13,960,74.918182,67000,14.3,0.0006,0.1,bf16,,,3.1029,3.0924,22.03,,2.019289965,1.073110035
cerebras_13.0B,13,975,76.036364,68000,14.3,0.0006,0.1,bf16,,,3.1048,3.0865,21.9,,2.018504129,1.067995871
cerebras_13.0B,13,989,77.154545,69000,14.3,0.0006,0.1,bf16,,,3.1001,3.081,21.78,,2.017784517,1.063215483
cerebras_13.0B,13,1003,78.272727,70000,14.3,0.0006,0.1,bf16,,,3.0877,3.0757,21.66,,2.017077826,1.058622174
cerebras_13.0B,13,1018,79.390909,71000,14.3,0.0006,0.1,bf16,,,3.0795,3.0562,21.25,,2.016334532,1.039865468
cerebras_13.0B,13,1032,80.509091,72000,14.3,0.0006,0.1,bf16,,,3.0789,3.0612,21.35,,2.01565333,1.04554667
cerebras_13.0B,13,1047,81.627273,73000,14.3,0.0006,0.1,bf16,,,3.0631,3.0421,20.95,,2.014936474,1.027163526
cerebras_13.0B,13,1061,82.745455,74000,14.3,0.0006,0.1,bf16,,,3.0825,3.0489,21.09,,2.014279168,1.034620832
cerebras_13.0B,13,1075,83.863636,75000,14.3,0.0006,0.1,bf16,,,3.0946,3.0576,21.28,,2.01363287,1.04396713
cerebras_13.0B,13,1090,84.981818,76000,14.3,0.0006,0.1,bf16,,,3.0514,3.0377,20.86,,2.012952256,1.024747744
cerebras_13.0B,13,1104,86.1,77000,14.3,0.0006,0.1,bf16,,,3.0781,3.0471,21.05,,2.012327745,1.034772255
cerebras_13.0B,13,1118,87.218182,78000,14.3,0.0006,0.1,bf16,,,3.0594,3.0363,20.83,,2.011713288,1.024586712
cerebras_13.0B,13,1133,88.336364,79000,14.3,0.0006,0.1,bf16,,,3.0422,3.0298,20.69,,2.011065776,1.018734224
cerebras_13.0B,13,1147,89.454545,80000,14.3,0.0006,0.1,bf16,,,3.0559,3.0196,20.48,,2.010471254,1.009128746
cerebras_13.0B,13,1161,90.572727,81000,14.3,0.0006,0.1,bf16,,,3.0303,3.0194,20.48,,2.009885947,1.009514053
cerebras_13.0B,13,1176,91.690909,82000,14.3,0.0006,0.1,bf16,,,3.0304,3.0173,20.44,,2.009268775,1.008031225
cerebras_13.0B,13,1190,92.809091,83000,14.3,0.0006,0.1,bf16,,,3.0279,3.0223,20.54,,2.008701769,1.013598231
cerebras_13.0B,13,1204,93.927273,84000,14.3,0.0006,0.1,bf16,,,3.0089,3.0051,20.19,,2.008143238,0.996956762
cerebras_13.0B,13,1219,95.045455,85000,14.3,0.0006,0.1,bf16,,,3.0249,3.0103,20.29,,2.007553962,1.002746038
cerebras_13.0B,13,1233,96.163636,86000,14.3,0.0006,0.1,bf16,,,2.9977,2.9909,19.9,,2.007012284,0.983887716
cerebras_13.0B,13,1247,97.281818,87000,14.3,0.0006,0.1,bf16,,,3.0296,3.0023,20.13,,2.006478421,0.9958215788
cerebras_13.0B,13,1262,98.4,88000,14.3,0.0006,0.1,bf16,,,3.0307,3.0046,20.18,,2.005914872,0.9986851278
cerebras_13.0B,13,1276,99.518182,89000,14.3,0.0006,0.1,bf16,,,3.0121,2.9995,20.08,,2.005396574,0.9941034257
cerebras_13.0B,13,1290,100.636364,90000,14.3,0.0006,0.1,bf16,,,3.0135,2.99,19.89,,2.004885504,0.985114496
cerebras_13.0B,13,1305,101.754545,91000,14.3,0.0006,0.1,bf16,,,3.0033,2.9815,19.72,,2.004345747,0.9771542526
cerebras_13.0B,13,1319,102.872727,92000,14.3,0.0006,0.1,bf16,,,3.0136,3.0012,20.11,,2.003849091,0.9973509094
cerebras_13.0B,13,1333,103.990909,93000,14.3,0.0006,0.1,bf16,,,3.0016,2.9926,19.94,,2.003359135,0.9892408646
cerebras_13.0B,13,1348,105.109091,94000,14.3,0.0006,0.1,bf16,,,2.9875,2.984,19.77,,2.002841439,0.981158561
cerebras_13.0B,13,1362,106.227273,95000,14.3,0.0006,0.1,bf16,,,2.9893,2.9625,19.35,,2.002364865,0.9601351354
cerebras_13.0B,13,1376,107.345455,96000,14.3,0.0006,0.1,bf16,,,3.0128,2.9866,19.82,,2.001894519,0.984705481
cerebras_13.0B,13,1391,108.463636,97000,14.3,0.0006,0.1,bf16,,,3.0053,2.9734,19.56,,2.001397326,0.9720026735
cerebras_13.0B,13,1405,109.581818,98000,14.3,0.0006,0.1,bf16,,,2.9951,2.9743,19.58,,2.000939432,0.9733605677
cerebras_13.0B,13,1419,110.7,99000,14.3,0.0006,0.1,bf16,,,2.9885,2.966,19.41,,2.000487341,0.9655126592
cerebras_13.0B,13,1434,111.818182,100000,14.3,0.0006,0.1,bf16,,,2.9887,2.9637,19.37,,2.000009249,0.9636907511
cerebras_13.0B,13,1448,112.936364,101000,14.3,0.0006,0.1,bf16,,,2.9691,2.9482,19.07,,1.999568769,0.9486312306
cerebras_13.0B,13,1462,114.054545,102000,14.3,0.0006,0.1,bf16,,,2.9543,2.9468,19.04,,1.999133707,0.9476662929
cerebras_13.0B,13,1477,115.172727,103000,14.3,0.0006,0.1,bf16,,,2.9755,2.9625,19.35,,1.998673447,0.963826553
cerebras_13.0B,13,1491,116.290909,104000,14.3,0.0006,0.1,bf16,,,2.9837,2.9574,19.25,,1.998249236,0.9591507636
cerebras_13.0B,13,1505,117.409091,105000,14.3,0.0006,0.1,bf16,,,2.9759,2.9494,19.09,,1.997830093,0.9515699065
cerebras_13.0B,13,1520,118.527273,106000,14.3,0.0006,0.1,bf16,,,2.9707,2.9309,18.74,,1.997386514,0.9335134861
cerebras_13.0B,13,1534,119.645455,107000,14.3,0.0006,0.1,bf16,,,2.9728,2.9464,19.04,,1.996977532,0.9494224681
cerebras_13.0B,13,1548,120.763636,108000,14.3,0.0006,0.1,bf16,,,2.9613,2.9316,18.76,,1.996573299,0.9350267005
cerebras_13.0B,13,1563,121.881818,109000,14.3,0.0006,0.1,bf16,,,2.9547,2.9262,18.66,,1.996145353,0.9300546468
cerebras_13.0B,13,1577,123,110000,14.3,0.0006,0.1,bf16,,,2.9393,2.9316,18.76,,1.995750653,0.9358493474
cerebras_13.0B,13,1591,124.118182,111000,14.3,0.0006,0.1,bf16,,,2.9517,2.937,18.86,,1.995360411,0.9416395886
cerebras_13.0B,13,1606,125.236364,112000,14.3,0.0006,0.1,bf16,,,2.9346,2.9226,18.59,,1.994947143,0.9276528567
cerebras_13.0B,13,1620,126.354545,113000,14.3,0.0006,0.1,bf16,,,2.9214,2.9066,18.29,,1.994565859,0.9120341407
cerebras_13.0B,13,1634,127.472727,114000,14.3,0.0006,0.1,bf16,,,2.9216,2.9109,18.37,,1.994188769,0.9167112306
cerebras_13.0B,13,1649,128.590909,115000,14.3,0.0006,0.1,bf16,,,2.9,2.8747,17.72,,1.993789306,0.8809106939
cerebras_13.0B,13,1663,129.709091,116000,14.3,0.0006,0.1,bf16,,,2.9317,2.9155,18.46,,1.993420647,0.9220793526
cerebras_13.0B,13,1677,130.827273,117000,14.3,0.0006,0.1,bf16,,,2.9307,2.9034,18.24,,1.99305594,0.9103440605
cerebras_13.0B,13,1692,131.945455,118000,14.3,0.0006,0.1,bf16,,,2.9107,2.9009,18.19,,1.992669481,0.9082305195
cerebras_13.0B,13,1706,133.063636,119000,14.3,0.0006,0.1,bf16,,,2.9245,2.8904,18,,1.992312721,0.8980872789
cerebras_13.0B,13,1720,134.181818,120000,14.3,0.0006,0.1,bf16,,,2.9275,2.8993,18.16,,1.991959689,0.9073403107
cerebras_13.0B,13,1735,135.3,121000,14.3,0.0006,0.1,bf16,,,2.9102,2.904,18.25,,1.991585499,0.9124145009
cerebras_13.0B,13,1749,136.418182,122000,14.3,0.0006,0.1,bf16,,,2.9214,2.8996,18.17,,1.991239972,0.9083600282
cerebras_13.0B,13,1763,137.536364,123000,14.3,0.0006,0.1,bf16,,,2.9233,2.9049,18.26,,1.990897966,0.9140020337
cerebras_13.0B,13,1778,138.654545,124000,14.3,0.0006,0.1,bf16,,,2.9101,2.8945,18.07,,1.990535368,0.903964632
cerebras_13.0B,13,1792,139.772727,125000,14.3,0.0006,0.1,bf16,,,2.913,2.8923,18.03,,1.990200458,0.9020995422
cerebras_13.0B,13,1806,140.890909,126000,14.3,0.0006,0.1,bf16,,,2.9172,2.8862,17.93,,1.98986888,0.8963311202
cerebras_13.0B,13,1821,142.009091,127000,14.3,0.0006,0.1,bf16,,,2.9266,2.8808,17.83,,1.989517249,0.8912827512
cerebras_13.0B,13,1835,143.127273,128000,14.3,0.0006,0.1,bf16,,,2.8901,2.8853,17.91,,1.989192388,0.8961076116
cerebras_13.0B,13,1849,144.245455,129000,14.3,0.0006,0.1,bf16,,,2.8996,2.8746,17.72,,1.988870685,0.8857293153
cerebras_13.0B,13,1864,145.363636,130000,14.3,0.0006,0.1,bf16,,,2.9,2.8813,17.84,,1.988529444,0.8927705562
cerebras_13.0B,13,1878,146.481818,131000,14.3,0.0006,0.1,bf16,,,2.9045,2.8742,17.71,,1.988214108,0.8859858918
cerebras_13.0B,13,1892,147.6,132000,14.3,0.0006,0.1,bf16,,,2.8867,2.8727,17.68,,1.987901767,0.884798233
cerebras_13.0B,13,1907,148.718182,133000,14.3,0.0006,0.1,bf16,,,2.8839,2.8786,17.79,,1.987570382,0.8910296185
cerebras_13.0B,13,1921,149.836364,134000,14.3,0.0006,0.1,bf16,,,2.886,2.8665,17.57,,1.987264084,0.8792359155
cerebras_13.0B,13,1935,150.954545,135000,14.3,0.0006,0.1,bf16,,,2.9021,2.8612,17.48,,1.986960631,0.8742393688
cerebras_13.0B,13,1950,152.072727,136000,14.3,0.0006,0.1,bf16,,,2.8735,2.8665,17.58,,1.986638605,0.8798613947
cerebras_13.0B,13,1964,153.190909,137000,14.3,0.0006,0.1,bf16,,,2.88,2.8629,17.51,,1.986340895,0.8765591046
cerebras_13.0B,13,1978,154.309091,138000,14.3,0.0006,0.1,bf16,,,2.8827,2.8565,17.4,,1.986045889,0.8704541107
cerebras_13.0B,13,1993,155.427273,139000,14.3,0.0006,0.1,bf16,,,2.8853,2.8658,17.56,,1.985732762,0.8800672376
cerebras_13.0B,13,2007,156.545455,140000,14.3,0.0006,0.1,bf16,,,2.9046,2.8625,17.51,,1.98544322,0.87705678
cerebras_13.0B,13,2021,157.663636,141000,14.3,0.0006,0.1,bf16,,,2.8754,2.8581,17.43,,1.985156251,0.8729437489
cerebras_13.0B,13,2036,158.781818,142000,14.3,0.0006,0.1,bf16,,,2.8811,2.8555,17.38,,1.984851594,0.8706484056
cerebras_13.0B,13,2050,159.9,143000,14.3,0.0006,0.1,bf16,,,2.8906,2.8591,17.45,,1.984569829,0.8745301713
cerebras_13.0B,13,2050,159.9,144000,14.3,0.0006,0.1,bf16,,,2.8904,2.8569,17.41,,1.984569829,0.8723301713
cerebras_13.0B,13,2050,159.9,145000,14.3,0.0006,0.1,bf16,,,2.8953,2.8595,17.45,,1.984569829,0.8749301713
cerebras_13.0B,13,2050,159.9,146000,14.3,0.0006,0.1,bf16,,,2.8505,2.8354,17.04,,1.984569829,0.8508301713
cerebras_13.0B,13,2050,159.9,147000,14.3,0.0006,0.1,bf16,,,2.8647,2.8537,17.35,,1.984569829,0.8691301713
