experiment_id,N_params_B,D_tokens_B,Q_score,data_type,observed,predicted,model
N0.07_D0005_Q0.05,0.07,5,0.05,calibrated,1.0401,3.8763383806521263,zero_shot_Model_C
N0.07_D0005_Q0.1,0.07,5,0.1,calibrated,1.1624,3.849100037978037,zero_shot_Model_C
N0.07_D0005_Q0.2,0.07,5,0.2,calibrated,1.4286,3.794584172662552,zero_shot_Model_C
N0.07_D0005_Q0.3,0.07,5,0.3,calibrated,1.6112,3.740010498118582,zero_shot_Model_C
N0.07_D0005_Q0.4,0.07,5,0.4,calibrated,1.8958,3.6853706271977518,zero_shot_Model_C
N0.07_D0005_Q0.5,0.07,5,0.5,calibrated,2.1434,3.6306533286795677,zero_shot_Model_C
N0.07_D0005_Q0.6,0.07,5,0.6,calibrated,2.4434,3.575842777261351,zero_shot_Model_C
N0.07_D0005_Q0.7,0.07,5,0.7,calibrated,2.6519,3.520914980104403,zero_shot_Model_C
N0.07_D0005_Q0.8,0.07,5,0.8,calibrated,2.8801,3.4658291068389637,zero_shot_Model_C
N0.07_D0005_Q0.9,0.07,5,0.9,calibrated,3.0925,3.410498895300324,zero_shot_Model_C
N0.07_D0005_Q0.95,0.07,5,0.95,calibrated,3.2372,3.3826711508286005,zero_shot_Model_C
N0.07_D0005_Q1.0,0.07,5,1.0,calibrated,3.3659,3.354514281828471,zero_shot_Model_C
N0.07_D0020_Q0.05,0.07,20,0.05,calibrated,0.9701,3.6221266004984827,zero_shot_Model_C
N0.07_D0020_Q0.1,0.07,20,0.1,calibrated,1.096,3.594888257824394,zero_shot_Model_C
N0.07_D0020_Q0.2,0.07,20,0.2,calibrated,1.2839,3.5403723925089094,zero_shot_Model_C
N0.07_D0020_Q0.3,0.07,20,0.3,calibrated,1.4876,3.485798717964939,zero_shot_Model_C
N0.07_D0020_Q0.4,0.07,20,0.4,calibrated,1.7688,3.4311588470441086,zero_shot_Model_C
N0.07_D0020_Q0.5,0.07,20,0.5,calibrated,1.9631,3.376441548525924,zero_shot_Model_C
N0.07_D0020_Q0.6,0.07,20,0.6,calibrated,2.1816,3.321630997107708,zero_shot_Model_C
N0.07_D0020_Q0.7,0.07,20,0.7,calibrated,2.4162,3.2667031999507596,zero_shot_Model_C
N0.07_D0020_Q0.8,0.07,20,0.8,calibrated,2.6428,3.2116173266853205,zero_shot_Model_C
N0.07_D0020_Q0.9,0.07,20,0.9,calibrated,2.926,3.156287115146681,zero_shot_Model_C
N0.07_D0020_Q0.95,0.07,20,0.95,calibrated,2.984,3.1284593706749573,zero_shot_Model_C
N0.07_D0020_Q1.0,0.07,20,1.0,calibrated,3.1277,3.1003025016748276,zero_shot_Model_C
N0.07_D0050_Q0.05,0.07,50,0.05,calibrated,0.9392,3.5008147595458485,zero_shot_Model_C
N0.07_D0050_Q0.95,0.07,50,0.95,calibrated,2.8636,3.007147529722323,zero_shot_Model_C
N0.07_D0100_Q0.05,0.07,100,0.05,calibrated,0.891,3.4276379400538675,zero_shot_Model_C
N0.07_D0100_Q0.1,0.07,100,0.1,calibrated,1.0093,3.4003995973797783,zero_shot_Model_C
N0.07_D0100_Q0.2,0.07,100,0.2,calibrated,1.2339,3.3458837320642933,zero_shot_Model_C
N0.07_D0100_Q0.3,0.07,100,0.3,calibrated,1.4034,3.2913100575203234,zero_shot_Model_C
N0.07_D0100_Q0.4,0.07,100,0.4,calibrated,1.6433,3.236670186599493,zero_shot_Model_C
N0.07_D0100_Q0.5,0.07,100,0.5,calibrated,1.8327,3.181952888081309,zero_shot_Model_C
N0.07_D0100_Q0.6,0.07,100,0.6,calibrated,2.104,3.127142336663092,zero_shot_Model_C
N0.07_D0100_Q0.7,0.07,100,0.7,calibrated,2.3189,3.072214539506144,zero_shot_Model_C
N0.07_D0100_Q0.8,0.07,100,0.8,calibrated,2.4893,3.017128666240705,zero_shot_Model_C
N0.07_D0100_Q0.9,0.07,100,0.9,calibrated,2.727,2.9617984547020653,zero_shot_Model_C
N0.07_D0100_Q0.95,0.07,100,0.95,calibrated,2.7802,2.9339707102303416,zero_shot_Model_C
N0.07_D0100_Q1.0,0.07,100,1.0,calibrated,2.8644,2.905813841230212,zero_shot_Model_C
N0.07_D0150_Q0.05,0.07,150,0.05,calibrated,0.8911,3.3909700557295954,zero_shot_Model_C
N0.07_D0150_Q0.95,0.07,150,0.95,calibrated,2.7592,2.89730282590607,zero_shot_Model_C
N0.07_D0500_Q0.05,0.07,500,0.05,calibrated,0.861,3.3036818501309844,zero_shot_Model_C
N0.07_D0500_Q0.1,0.07,500,0.1,calibrated,0.9621,3.2764435074568956,zero_shot_Model_C
N0.07_D0500_Q0.2,0.07,500,0.2,calibrated,1.1948,3.221927642141411,zero_shot_Model_C
N0.07_D0500_Q0.3,0.07,500,0.3,calibrated,1.3491,3.1673539675974407,zero_shot_Model_C
N0.07_D0500_Q0.4,0.07,500,0.4,calibrated,1.5406,3.1127140966766103,zero_shot_Model_C
N0.07_D0500_Q0.5,0.07,500,0.5,calibrated,1.7858,3.0579967981584257,zero_shot_Model_C
N0.07_D0500_Q0.6,0.07,500,0.6,calibrated,1.9945,3.0031862467402095,zero_shot_Model_C
N0.07_D0500_Q0.7,0.07,500,0.7,calibrated,2.1765,2.9482584495832613,zero_shot_Model_C
N0.07_D0500_Q0.8,0.07,500,0.8,calibrated,2.4124,2.893172576317822,zero_shot_Model_C
N0.07_D0500_Q0.9,0.07,500,0.9,calibrated,2.6083,2.8378423647791826,zero_shot_Model_C
N0.07_D0500_Q0.95,0.07,500,0.95,calibrated,2.7105,2.810014620307459,zero_shot_Model_C
N0.07_D0500_Q1.0,0.07,500,1.0,calibrated,2.8055,2.7818577513073293,zero_shot_Model_C
N0.07_D1000_Q0.05,0.07,1000,0.05,calibrated,0.8471,3.265267330997186,zero_shot_Model_C
N0.07_D1000_Q0.1,0.07,1000,0.1,calibrated,0.9414,3.2380289883230966,zero_shot_Model_C
N0.07_D1000_Q0.2,0.07,1000,0.2,calibrated,1.1388,3.1835131230076117,zero_shot_Model_C
N0.07_D1000_Q0.3,0.07,1000,0.3,calibrated,1.3853,3.1289394484636417,zero_shot_Model_C
N0.07_D1000_Q0.4,0.07,1000,0.4,calibrated,1.5663,3.0742995775428112,zero_shot_Model_C
N0.07_D1000_Q0.5,0.07,1000,0.5,calibrated,1.7504,3.019582279024627,zero_shot_Model_C
N0.07_D1000_Q0.6,0.07,1000,0.6,calibrated,1.9928,2.9647717276064105,zero_shot_Model_C
N0.07_D1000_Q0.7,0.07,1000,0.7,calibrated,2.1482,2.9098439304494623,zero_shot_Model_C
N0.07_D1000_Q0.8,0.07,1000,0.8,calibrated,2.3195,2.854758057184023,zero_shot_Model_C
N0.07_D1000_Q0.9,0.07,1000,0.9,calibrated,2.523,2.7994278456453836,zero_shot_Model_C
N0.07_D1000_Q0.95,0.07,1000,0.95,calibrated,2.6048,2.77160010117366,zero_shot_Model_C
N0.07_D1000_Q1.0,0.07,1000,1.0,calibrated,2.7431,2.7434432321735303,zero_shot_Model_C
N0.07_D2000_Q0.05,0.07,2000,0.05,calibrated,0.8539,3.2336268053899264,zero_shot_Model_C
N0.07_D2000_Q0.1,0.07,2000,0.1,calibrated,0.9243,3.206388462715837,zero_shot_Model_C
N0.07_D2000_Q0.2,0.07,2000,0.2,calibrated,1.1409,3.1518725974003523,zero_shot_Model_C
N0.07_D2000_Q0.3,0.07,2000,0.3,calibrated,1.3364,3.0972989228563823,zero_shot_Model_C
N0.07_D2000_Q0.4,0.07,2000,0.4,calibrated,1.5027,3.042659051935552,zero_shot_Model_C
N0.07_D2000_Q0.5,0.07,2000,0.5,calibrated,1.7429,2.987941753417368,zero_shot_Model_C
N0.07_D2000_Q0.6,0.07,2000,0.6,calibrated,1.9258,2.933131201999151,zero_shot_Model_C
N0.07_D2000_Q0.7,0.07,2000,0.7,calibrated,2.1457,2.878203404842203,zero_shot_Model_C
N0.07_D2000_Q0.8,0.07,2000,0.8,calibrated,2.3261,2.823117531576764,zero_shot_Model_C
N0.07_D2000_Q0.9,0.07,2000,0.9,calibrated,2.5085,2.767787320038124,zero_shot_Model_C
N0.07_D2000_Q0.95,0.07,2000,0.95,calibrated,2.5794,2.7399595755664006,zero_shot_Model_C
N0.07_D2000_Q1.0,0.07,2000,1.0,calibrated,2.7374,2.711802706566271,zero_shot_Model_C
N0.16_D0005_Q0.05,0.16,5,0.05,calibrated,0.8104,3.5967125320364612,zero_shot_Model_C
N0.16_D0005_Q0.1,0.16,5,0.1,calibrated,0.9548,3.5728897244286224,zero_shot_Model_C
N0.16_D0005_Q0.2,0.16,5,0.2,calibrated,1.1752,3.5252098421933105,zero_shot_Model_C
N0.16_D0005_Q0.3,0.16,5,0.3,calibrated,1.4476,3.4774793996818225,zero_shot_Model_C
N0.16_D0005_Q0.4,0.16,5,0.4,calibrated,1.6751,3.4296910614470475,zero_shot_Model_C
N0.16_D0005_Q0.5,0.16,5,0.5,calibrated,1.9108,3.3818350046004104,zero_shot_Model_C
N0.16_D0005_Q0.6,0.16,5,0.6,calibrated,2.1591,3.333897388243236,zero_shot_Model_C
N0.16_D0005_Q0.7,0.16,5,0.7,calibrated,2.4836,3.285857228103936,zero_shot_Model_C
N0.16_D0005_Q0.8,0.16,5,0.8,calibrated,2.5952,3.2376788137116135,zero_shot_Model_C
N0.16_D0005_Q0.9,0.16,5,0.9,calibrated,2.8737,3.1892866996921394,zero_shot_Model_C
N0.16_D0005_Q0.95,0.16,5,0.95,calibrated,2.9535,3.1649483979590975,zero_shot_Model_C
N0.16_D0005_Q1.0,0.16,5,1.0,calibrated,3.1013,3.1403222420635224,zero_shot_Model_C
N0.16_D0020_Q0.05,0.16,20,0.05,calibrated,0.7755,3.3425007518828185,zero_shot_Model_C
N0.16_D0020_Q0.1,0.16,20,0.1,calibrated,0.8548,3.3186779442749796,zero_shot_Model_C
N0.16_D0020_Q0.2,0.16,20,0.2,calibrated,1.0782,3.2709980620396677,zero_shot_Model_C
N0.16_D0020_Q0.3,0.16,20,0.3,calibrated,1.3357,3.2232676195281798,zero_shot_Model_C
N0.16_D0020_Q0.4,0.16,20,0.4,calibrated,1.5464,3.1754792812934047,zero_shot_Model_C
N0.16_D0020_Q0.5,0.16,20,0.5,calibrated,1.7183,3.1276232244467677,zero_shot_Model_C
N0.16_D0020_Q0.6,0.16,20,0.6,calibrated,1.9486,3.0796856080895934,zero_shot_Model_C
N0.16_D0020_Q0.7,0.16,20,0.7,calibrated,2.2366,3.0316454479502934,zero_shot_Model_C
N0.16_D0020_Q0.8,0.16,20,0.8,calibrated,2.4177,2.9834670335579707,zero_shot_Model_C
N0.16_D0020_Q0.9,0.16,20,0.9,calibrated,2.6607,2.9350749195384966,zero_shot_Model_C
N0.16_D0020_Q0.95,0.16,20,0.95,calibrated,2.8283,2.910736617805455,zero_shot_Model_C
N0.16_D0020_Q1.0,0.16,20,1.0,calibrated,2.8913,2.8861104619098796,zero_shot_Model_C
N0.16_D0050_Q0.05,0.16,50,0.05,calibrated,0.7379,3.2211889109301843,zero_shot_Model_C
N0.16_D0050_Q0.95,0.16,50,0.95,calibrated,2.6024,2.7894247768528206,zero_shot_Model_C
N0.16_D0100_Q0.05,0.16,100,0.05,calibrated,0.7109,3.148012091438203,zero_shot_Model_C
N0.16_D0100_Q0.1,0.16,100,0.1,calibrated,0.8001,3.124189283830364,zero_shot_Model_C
N0.16_D0100_Q0.2,0.16,100,0.2,calibrated,1.0158,3.076509401595052,zero_shot_Model_C
N0.16_D0100_Q0.3,0.16,100,0.3,calibrated,1.2359,3.0287789590835645,zero_shot_Model_C
N0.16_D0100_Q0.4,0.16,100,0.4,calibrated,1.4134,2.9809906208487886,zero_shot_Model_C
N0.16_D0100_Q0.5,0.16,100,0.5,calibrated,1.6514,2.933134564002152,zero_shot_Model_C
N0.16_D0100_Q0.6,0.16,100,0.6,calibrated,1.8608,2.8851969476449777,zero_shot_Model_C
N0.16_D0100_Q0.7,0.16,100,0.7,calibrated,2.0787,2.837156787505678,zero_shot_Model_C
N0.16_D0100_Q0.8,0.16,100,0.8,calibrated,2.2318,2.788978373113355,zero_shot_Model_C
N0.16_D0100_Q0.9,0.16,100,0.9,calibrated,2.4932,2.740586259093881,zero_shot_Model_C
N0.16_D0100_Q0.95,0.16,100,0.95,calibrated,2.6163,2.716247957360839,zero_shot_Model_C
N0.16_D0100_Q1.0,0.16,100,1.0,calibrated,2.678,2.691621801465264,zero_shot_Model_C
N0.16_D0150_Q0.05,0.16,150,0.05,calibrated,0.6932,3.1113442071139312,zero_shot_Model_C
N0.16_D0150_Q0.95,0.16,150,0.95,calibrated,2.5091,2.6795800730365675,zero_shot_Model_C
N0.16_D0500_Q0.05,0.16,500,0.05,calibrated,0.6974,3.02405600151532,zero_shot_Model_C
N0.16_D0500_Q0.1,0.16,500,0.1,calibrated,0.7769,3.0002331939074813,zero_shot_Model_C
N0.16_D0500_Q0.2,0.16,500,0.2,calibrated,0.9664,2.9525533116721694,zero_shot_Model_C
N0.16_D0500_Q0.3,0.16,500,0.3,calibrated,1.1736,2.9048228691606814,zero_shot_Model_C
N0.16_D0500_Q0.4,0.16,500,0.4,calibrated,1.351,2.8570345309259064,zero_shot_Model_C
N0.16_D0500_Q0.5,0.16,500,0.5,calibrated,1.5896,2.8091784740792693,zero_shot_Model_C
N0.16_D0500_Q0.6,0.16,500,0.6,calibrated,1.7639,2.761240857722095,zero_shot_Model_C
N0.16_D0500_Q0.7,0.16,500,0.7,calibrated,1.9757,2.713200697582795,zero_shot_Model_C
N0.16_D0500_Q0.8,0.16,500,0.8,calibrated,2.1303,2.6650222831904724,zero_shot_Model_C
N0.16_D0500_Q0.9,0.16,500,0.9,calibrated,2.3645,2.6166301691709983,zero_shot_Model_C
N0.16_D0500_Q0.95,0.16,500,0.95,calibrated,2.4958,2.5922918674379565,zero_shot_Model_C
N0.16_D0500_Q1.0,0.16,500,1.0,calibrated,2.5293,2.5676657115423813,zero_shot_Model_C
N0.16_D1000_Q0.05,0.16,1000,0.05,calibrated,0.6787,2.985641482381521,zero_shot_Model_C
N0.16_D1000_Q0.1,0.16,1000,0.1,calibrated,0.7577,2.9618186747736823,zero_shot_Model_C
N0.16_D1000_Q0.2,0.16,1000,0.2,calibrated,0.9466,2.9141387925383704,zero_shot_Model_C
N0.16_D1000_Q0.3,0.16,1000,0.3,calibrated,1.1493,2.866408350026883,zero_shot_Model_C
N0.16_D1000_Q0.4,0.16,1000,0.4,calibrated,1.3709,2.818620011792107,zero_shot_Model_C
N0.16_D1000_Q0.5,0.16,1000,0.5,calibrated,1.5609,2.7707639549454703,zero_shot_Model_C
N0.16_D1000_Q0.6,0.16,1000,0.6,calibrated,1.7116,2.722826338588296,zero_shot_Model_C
N0.16_D1000_Q0.7,0.16,1000,0.7,calibrated,2.0044,2.674786178448996,zero_shot_Model_C
N0.16_D1000_Q0.8,0.16,1000,0.8,calibrated,2.0871,2.6266077640566734,zero_shot_Model_C
N0.16_D1000_Q0.9,0.16,1000,0.9,calibrated,2.3054,2.5782156500371993,zero_shot_Model_C
N0.16_D1000_Q0.95,0.16,1000,0.95,calibrated,2.4884,2.5538773483041575,zero_shot_Model_C
N0.16_D1000_Q1.0,0.16,1000,1.0,calibrated,2.5056,2.5292511924085823,zero_shot_Model_C
N0.16_D2000_Q0.05,0.16,2000,0.05,calibrated,0.6532,2.9540009567742618,zero_shot_Model_C
N0.16_D2000_Q0.1,0.16,2000,0.1,calibrated,0.7317,2.930178149166423,zero_shot_Model_C
N0.16_D2000_Q0.2,0.16,2000,0.2,calibrated,0.9418,2.882498266931111,zero_shot_Model_C
N0.16_D2000_Q0.3,0.16,2000,0.3,calibrated,1.1205,2.8347678244196235,zero_shot_Model_C
N0.16_D2000_Q0.4,0.16,2000,0.4,calibrated,1.335,2.7869794861848476,zero_shot_Model_C
N0.16_D2000_Q0.5,0.16,2000,0.5,calibrated,1.5166,2.739123429338211,zero_shot_Model_C
N0.16_D2000_Q0.6,0.16,2000,0.6,calibrated,1.6953,2.6911858129810367,zero_shot_Model_C
N0.16_D2000_Q0.7,0.16,2000,0.7,calibrated,1.9296,2.6431456528417367,zero_shot_Model_C
N0.16_D2000_Q0.8,0.16,2000,0.8,calibrated,2.0992,2.594967238449414,zero_shot_Model_C
N0.16_D2000_Q0.9,0.16,2000,0.9,calibrated,2.246,2.54657512442994,zero_shot_Model_C
N0.16_D2000_Q0.95,0.16,2000,0.95,calibrated,2.3649,2.522236822696898,zero_shot_Model_C
N0.16_D2000_Q1.0,0.16,2000,1.0,calibrated,2.4771,2.497610666801323,zero_shot_Model_C
N0.41_D0005_Q0.05,0.41,5,0.05,calibrated,0.622,3.3514509238088754,zero_shot_Model_C
N0.41_D0005_Q0.1,0.41,5,0.1,calibrated,0.7497,3.3309978024803812,zero_shot_Model_C
N0.41_D0005_Q0.2,0.41,5,0.2,calibrated,1.0023,3.2900621398019716,zero_shot_Model_C
N0.41_D0005_Q0.3,0.41,5,0.3,calibrated,1.2344,3.249083068492638,zero_shot_Model_C
N0.41_D0005_Q0.4,0.41,5,0.4,calibrated,1.4755,3.20805429068891,zero_shot_Model_C
N0.41_D0005_Q0.5,0.41,5,0.5,calibrated,1.6916,3.1669673729292462,zero_shot_Model_C
N0.41_D0005_Q0.6,0.41,5,0.6,calibrated,1.98,3.125810432081121,zero_shot_Model_C
N0.41_D0005_Q0.7,0.41,5,0.7,calibrated,2.2447,3.084565452054247,zero_shot_Model_C
N0.41_D0005_Q0.8,0.41,5,0.8,calibrated,2.4492,3.043201773549099,zero_shot_Model_C
N0.41_D0005_Q0.9,0.41,5,0.9,calibrated,2.6707,3.0016546227818255,zero_shot_Model_C
N0.41_D0005_Q0.95,0.41,5,0.95,calibrated,2.861,2.980758922893304,zero_shot_Model_C
N0.41_D0005_Q1.0,0.41,5,1.0,calibrated,3.0229,2.9596160852111124,zero_shot_Model_C
N0.41_D0020_Q0.05,0.41,20,0.05,calibrated,0.581,3.0972391436552327,zero_shot_Model_C
N0.41_D0020_Q0.1,0.41,20,0.1,calibrated,0.695,3.0767860223267385,zero_shot_Model_C
N0.41_D0020_Q0.2,0.41,20,0.2,calibrated,0.9131,3.035850359648329,zero_shot_Model_C
N0.41_D0020_Q0.3,0.41,20,0.3,calibrated,1.1552,2.994871288338995,zero_shot_Model_C
N0.41_D0020_Q0.4,0.41,20,0.4,calibrated,1.3143,2.9538425105352673,zero_shot_Model_C
N0.41_D0020_Q0.5,0.41,20,0.5,calibrated,1.5963,2.9127555927756035,zero_shot_Model_C
N0.41_D0020_Q0.6,0.41,20,0.6,calibrated,1.7915,2.8715986519274783,zero_shot_Model_C
N0.41_D0020_Q0.7,0.41,20,0.7,calibrated,2.0338,2.830353671900604,zero_shot_Model_C
N0.41_D0020_Q0.8,0.41,20,0.8,calibrated,2.246,2.788989993395456,zero_shot_Model_C
N0.41_D0020_Q0.9,0.41,20,0.9,calibrated,2.474,2.7474428426281827,zero_shot_Model_C
N0.41_D0020_Q0.95,0.41,20,0.95,calibrated,2.5494,2.726547142739661,zero_shot_Model_C
N0.41_D0020_Q1.0,0.41,20,1.0,calibrated,2.7188,2.7054043050574696,zero_shot_Model_C
N0.41_D0050_Q0.05,0.41,50,0.05,calibrated,0.536,2.9759273027025985,zero_shot_Model_C
N0.41_D0050_Q0.95,0.41,50,0.95,calibrated,2.4497,2.605235301787027,zero_shot_Model_C
N0.41_D0100_Q0.05,0.41,100,0.05,calibrated,0.535,2.902750483210617,zero_shot_Model_C
N0.41_D0100_Q0.1,0.41,100,0.1,calibrated,0.6432,2.882297361882123,zero_shot_Model_C
N0.41_D0100_Q0.2,0.41,100,0.2,calibrated,0.8168,2.841361699203713,zero_shot_Model_C
N0.41_D0100_Q0.3,0.41,100,0.3,calibrated,1.0559,2.8003826278943795,zero_shot_Model_C
N0.41_D0100_Q0.4,0.41,100,0.4,calibrated,1.2365,2.7593538500906516,zero_shot_Model_C
N0.41_D0100_Q0.5,0.41,100,0.5,calibrated,1.477,2.718266932330988,zero_shot_Model_C
N0.41_D0100_Q0.6,0.41,100,0.6,calibrated,1.6841,2.6771099914828627,zero_shot_Model_C
N0.41_D0100_Q0.7,0.41,100,0.7,calibrated,1.8979,2.6358650114559885,zero_shot_Model_C
N0.41_D0100_Q0.8,0.41,100,0.8,calibrated,2.0213,2.5945013329508404,zero_shot_Model_C
N0.41_D0100_Q0.9,0.41,100,0.9,calibrated,2.2729,2.552954182183567,zero_shot_Model_C
N0.41_D0100_Q0.95,0.41,100,0.95,calibrated,2.4488,2.532058482295045,zero_shot_Model_C
N0.41_D0100_Q1.0,0.41,100,1.0,calibrated,2.488,2.510915644612854,zero_shot_Model_C
N0.41_D0150_Q0.05,0.41,150,0.05,calibrated,0.5231,2.8660825988863454,zero_shot_Model_C
N0.41_D0150_Q0.95,0.41,150,0.95,calibrated,2.3801,2.495390597970774,zero_shot_Model_C
N0.41_D0500_Q0.05,0.41,500,0.05,calibrated,0.5057,2.7787943932877344,zero_shot_Model_C
N0.41_D0500_Q0.1,0.41,500,0.1,calibrated,0.6047,2.75834127195924,zero_shot_Model_C
N0.41_D0500_Q0.2,0.41,500,0.2,calibrated,0.8045,2.7174056092808305,zero_shot_Model_C
N0.41_D0500_Q0.3,0.41,500,0.3,calibrated,1.0122,2.676426537971497,zero_shot_Model_C
N0.41_D0500_Q0.4,0.41,500,0.4,calibrated,1.2031,2.635397760167769,zero_shot_Model_C
N0.41_D0500_Q0.5,0.41,500,0.5,calibrated,1.427,2.594310842408105,zero_shot_Model_C
N0.41_D0500_Q0.6,0.41,500,0.6,calibrated,1.5817,2.55315390155998,zero_shot_Model_C
N0.41_D0500_Q0.7,0.41,500,0.7,calibrated,1.7811,2.511908921533106,zero_shot_Model_C
N0.41_D0500_Q0.8,0.41,500,0.8,calibrated,1.9863,2.4705452430279577,zero_shot_Model_C
N0.41_D0500_Q0.9,0.41,500,0.9,calibrated,2.1829,2.4289980922606844,zero_shot_Model_C
N0.41_D0500_Q0.95,0.41,500,0.95,calibrated,2.3182,2.4081023923721627,zero_shot_Model_C
N0.41_D0500_Q1.0,0.41,500,1.0,calibrated,2.3631,2.3869595546899713,zero_shot_Model_C
N0.41_D1000_Q0.05,0.41,1000,0.05,calibrated,0.5,2.7403798741539354,zero_shot_Model_C
N0.41_D1000_Q0.1,0.41,1000,0.1,calibrated,0.5885,2.719926752825441,zero_shot_Model_C
N0.41_D1000_Q0.2,0.41,1000,0.2,calibrated,0.7592,2.6789910901470315,zero_shot_Model_C
N0.41_D1000_Q0.3,0.41,1000,0.3,calibrated,0.9951,2.638012018837698,zero_shot_Model_C
N0.41_D1000_Q0.4,0.41,1000,0.4,calibrated,1.2144,2.59698324103397,zero_shot_Model_C
N0.41_D1000_Q0.5,0.41,1000,0.5,calibrated,1.3941,2.555896323274306,zero_shot_Model_C
N0.41_D1000_Q0.6,0.41,1000,0.6,calibrated,1.5743,2.514739382426181,zero_shot_Model_C
N0.41_D1000_Q0.7,0.41,1000,0.7,calibrated,1.759,2.473494402399307,zero_shot_Model_C
N0.41_D1000_Q0.8,0.41,1000,0.8,calibrated,1.9279,2.4321307238941587,zero_shot_Model_C
N0.41_D1000_Q0.9,0.41,1000,0.9,calibrated,2.1495,2.3905835731268854,zero_shot_Model_C
N0.41_D1000_Q0.95,0.41,1000,0.95,calibrated,2.2212,2.3696878732383633,zero_shot_Model_C
N0.41_D1000_Q1.0,0.41,1000,1.0,calibrated,2.4128,2.3485450355561723,zero_shot_Model_C
N0.41_D2000_Q0.05,0.41,2000,0.05,calibrated,0.5,2.708739348546676,zero_shot_Model_C
N0.41_D2000_Q0.1,0.41,2000,0.1,calibrated,0.5802,2.688286227218182,zero_shot_Model_C
N0.41_D2000_Q0.2,0.41,2000,0.2,calibrated,0.7774,2.647350564539772,zero_shot_Model_C
N0.41_D2000_Q0.3,0.41,2000,0.3,calibrated,0.9982,2.6063714932304385,zero_shot_Model_C
N0.41_D2000_Q0.4,0.41,2000,0.4,calibrated,1.2122,2.5653427154267106,zero_shot_Model_C
N0.41_D2000_Q0.5,0.41,2000,0.5,calibrated,1.3202,2.5242557976670468,zero_shot_Model_C
N0.41_D2000_Q0.6,0.41,2000,0.6,calibrated,1.5758,2.4830988568189216,zero_shot_Model_C
N0.41_D2000_Q0.7,0.41,2000,0.7,calibrated,1.7331,2.4418538767920475,zero_shot_Model_C
N0.41_D2000_Q0.8,0.41,2000,0.8,calibrated,1.9375,2.4004901982868994,zero_shot_Model_C
N0.41_D2000_Q0.9,0.41,2000,0.9,calibrated,2.0973,2.358943047519626,zero_shot_Model_C
N0.41_D2000_Q0.95,0.41,2000,0.95,calibrated,2.2225,2.338047347631104,zero_shot_Model_C
N0.41_D2000_Q1.0,0.41,2000,1.0,calibrated,2.3248,2.316904509948913,zero_shot_Model_C
N0.7_D0005_Q0.05,0.7,5,0.05,calibrated,0.5148,3.239208679561457,zero_shot_Model_C
N0.7_D0005_Q0.1,0.7,5,0.1,calibrated,0.651,3.2204540817275626,zero_shot_Model_C
N0.7_D0005_Q0.2,0.7,5,0.2,calibrated,0.8807,3.182917909215449,zero_shot_Model_C
N0.7_D0005_Q0.3,0.7,5,0.3,calibrated,1.1486,3.1453419329295045,zero_shot_Model_C
N0.7_D0005_Q0.4,0.7,5,0.4,calibrated,1.3678,3.1077203780104936,zero_shot_Model_C
N0.7_D0005_Q0.5,0.7,5,0.5,calibrated,1.6627,3.0700455113512275,zero_shot_Model_C
N0.7_D0005_Q0.6,0.7,5,0.6,calibrated,1.8832,3.032306436650457,zero_shot_Model_C
N0.7_D0005_Q0.7,0.7,5,0.7,calibrated,2.1501,2.9944866339588545,zero_shot_Model_C
N0.7_D0005_Q0.8,0.7,5,0.8,calibrated,2.3581,2.9565579900694834,zero_shot_Model_C
N0.7_D0005_Q0.9,0.7,5,0.9,calibrated,2.6571,2.9184611103184763,zero_shot_Model_C
N0.7_D0005_Q0.95,0.7,5,0.95,calibrated,2.7097,2.899300687731972,zero_shot_Model_C
N0.7_D0005_Q1.0,0.7,5,1.0,calibrated,2.862,2.8799136508377847,zero_shot_Model_C
N0.7_D0020_Q0.05,0.7,20,0.05,calibrated,0.5,2.9849968994078138,zero_shot_Model_C
N0.7_D0020_Q0.1,0.7,20,0.1,calibrated,0.5886,2.9662423015739194,zero_shot_Model_C
N0.7_D0020_Q0.2,0.7,20,0.2,calibrated,0.82,2.9287061290618057,zero_shot_Model_C
N0.7_D0020_Q0.3,0.7,20,0.3,calibrated,1.0213,2.8911301527758613,zero_shot_Model_C
N0.7_D0020_Q0.4,0.7,20,0.4,calibrated,1.2544,2.8535085978568504,zero_shot_Model_C
N0.7_D0020_Q0.5,0.7,20,0.5,calibrated,1.5102,2.8158337311975843,zero_shot_Model_C
N0.7_D0020_Q0.6,0.7,20,0.6,calibrated,1.733,2.7780946564968136,zero_shot_Model_C
N0.7_D0020_Q0.7,0.7,20,0.7,calibrated,1.9575,2.7402748538052113,zero_shot_Model_C
N0.7_D0020_Q0.8,0.7,20,0.8,calibrated,2.1359,2.70234620991584,zero_shot_Model_C
N0.7_D0020_Q0.9,0.7,20,0.9,calibrated,2.4142,2.664249330164833,zero_shot_Model_C
N0.7_D0020_Q0.95,0.7,20,0.95,calibrated,2.5456,2.645088907578329,zero_shot_Model_C
N0.7_D0020_Q1.0,0.7,20,1.0,calibrated,2.5856,2.6257018706841415,zero_shot_Model_C
N0.7_D0050_Q0.05,0.7,50,0.05,calibrated,0.5,2.8636850584551796,zero_shot_Model_C
N0.7_D0050_Q0.95,0.7,50,0.95,calibrated,2.3802,2.5237770666256947,zero_shot_Model_C
N0.7_D0100_Q0.05,0.7,100,0.05,calibrated,0.5,2.790508238963198,zero_shot_Model_C
N0.7_D0100_Q0.1,0.7,100,0.1,calibrated,0.5313,2.771753641129304,zero_shot_Model_C
N0.7_D0100_Q0.2,0.7,100,0.2,calibrated,0.7638,2.73421746861719,zero_shot_Model_C
N0.7_D0100_Q0.3,0.7,100,0.3,calibrated,0.9699,2.6966414923312456,zero_shot_Model_C
N0.7_D0100_Q0.4,0.7,100,0.4,calibrated,1.1979,2.6590199374122347,zero_shot_Model_C
N0.7_D0100_Q0.5,0.7,100,0.5,calibrated,1.3973,2.6213450707529686,zero_shot_Model_C
N0.7_D0100_Q0.6,0.7,100,0.6,calibrated,1.5891,2.583605996052198,zero_shot_Model_C
N0.7_D0100_Q0.7,0.7,100,0.7,calibrated,1.8109,2.5457861933605956,zero_shot_Model_C
N0.7_D0100_Q0.8,0.7,100,0.8,calibrated,2.017,2.5078575494712245,zero_shot_Model_C
N0.7_D0100_Q0.9,0.7,100,0.9,calibrated,2.1928,2.4697606697202175,zero_shot_Model_C
N0.7_D0100_Q0.95,0.7,100,0.95,calibrated,2.3158,2.450600247133713,zero_shot_Model_C
N0.7_D0100_Q1.0,0.7,100,1.0,calibrated,2.4334,2.431213210239526,zero_shot_Model_C
N0.7_D0150_Q0.05,0.7,150,0.05,calibrated,0.5,2.7538403546389265,zero_shot_Model_C
N0.7_D0150_Q0.95,0.7,150,0.95,calibrated,2.3482,2.4139323628094416,zero_shot_Model_C
N0.7_D0500_Q0.05,0.7,500,0.05,calibrated,0.5,2.6665521490403155,zero_shot_Model_C
N0.7_D0500_Q0.1,0.7,500,0.1,calibrated,0.5138,2.647797551206421,zero_shot_Model_C
N0.7_D0500_Q0.2,0.7,500,0.2,calibrated,0.701,2.6102613786943074,zero_shot_Model_C
N0.7_D0500_Q0.3,0.7,500,0.3,calibrated,0.9241,2.572685402408363,zero_shot_Model_C
N0.7_D0500_Q0.4,0.7,500,0.4,calibrated,1.1327,2.535063847489352,zero_shot_Model_C
N0.7_D0500_Q0.5,0.7,500,0.5,calibrated,1.3085,2.497388980830086,zero_shot_Model_C
N0.7_D0500_Q0.6,0.7,500,0.6,calibrated,1.5486,2.4596499061293153,zero_shot_Model_C
N0.7_D0500_Q0.7,0.7,500,0.7,calibrated,1.7063,2.421830103437713,zero_shot_Model_C
N0.7_D0500_Q0.8,0.7,500,0.8,calibrated,1.8982,2.383901459548342,zero_shot_Model_C
N0.7_D0500_Q0.9,0.7,500,0.9,calibrated,2.0978,2.345804579797335,zero_shot_Model_C
N0.7_D0500_Q0.95,0.7,500,0.95,calibrated,2.1997,2.3266441572108305,zero_shot_Model_C
N0.7_D0500_Q1.0,0.7,500,1.0,calibrated,2.2912,2.307257120316643,zero_shot_Model_C
N0.7_D1000_Q0.05,0.7,1000,0.05,calibrated,0.5,2.6281376299065164,zero_shot_Model_C
N0.7_D1000_Q0.1,0.7,1000,0.1,calibrated,0.5071,2.609383032072622,zero_shot_Model_C
N0.7_D1000_Q0.2,0.7,1000,0.2,calibrated,0.7115,2.5718468595605084,zero_shot_Model_C
N0.7_D1000_Q0.3,0.7,1000,0.3,calibrated,0.9132,2.534270883274564,zero_shot_Model_C
N0.7_D1000_Q0.4,0.7,1000,0.4,calibrated,1.1056,2.496649328355553,zero_shot_Model_C
N0.7_D1000_Q0.5,0.7,1000,0.5,calibrated,1.322,2.458974461696287,zero_shot_Model_C
N0.7_D1000_Q0.6,0.7,1000,0.6,calibrated,1.4614,2.4212353869955163,zero_shot_Model_C
N0.7_D1000_Q0.7,0.7,1000,0.7,calibrated,1.7068,2.383415584303914,zero_shot_Model_C
N0.7_D1000_Q0.8,0.7,1000,0.8,calibrated,1.8896,2.345486940414543,zero_shot_Model_C
N0.7_D1000_Q0.9,0.7,1000,0.9,calibrated,2.0683,2.307390060663536,zero_shot_Model_C
N0.7_D1000_Q0.95,0.7,1000,0.95,calibrated,2.1816,2.2882296380770315,zero_shot_Model_C
N0.7_D1000_Q1.0,0.7,1000,1.0,calibrated,2.297,2.268842601182844,zero_shot_Model_C
N0.7_D2000_Q0.05,0.7,2000,0.05,calibrated,0.5,2.596497104299257,zero_shot_Model_C
N0.7_D2000_Q0.1,0.7,2000,0.1,calibrated,0.5001,2.5777425064653627,zero_shot_Model_C
N0.7_D2000_Q0.2,0.7,2000,0.2,calibrated,0.6784,2.540206333953249,zero_shot_Model_C
N0.7_D2000_Q0.3,0.7,2000,0.3,calibrated,0.8706,2.5026303576673046,zero_shot_Model_C
N0.7_D2000_Q0.4,0.7,2000,0.4,calibrated,1.0904,2.4650088027482937,zero_shot_Model_C
N0.7_D2000_Q0.5,0.7,2000,0.5,calibrated,1.2499,2.4273339360890276,zero_shot_Model_C
N0.7_D2000_Q0.6,0.7,2000,0.6,calibrated,1.4277,2.389594861388257,zero_shot_Model_C
N0.7_D2000_Q0.7,0.7,2000,0.7,calibrated,1.6336,2.3517750586966546,zero_shot_Model_C
N0.7_D2000_Q0.8,0.7,2000,0.8,calibrated,1.8579,2.3138464148072835,zero_shot_Model_C
N0.7_D2000_Q0.9,0.7,2000,0.9,calibrated,2.0246,2.2757495350562764,zero_shot_Model_C
N0.7_D2000_Q0.95,0.7,2000,0.95,calibrated,2.1556,2.256589112469772,zero_shot_Model_C
N0.7_D2000_Q1.0,0.7,2000,1.0,calibrated,2.2183,2.237202075575585,zero_shot_Model_C
N1.0_D0005_Q0.05,1.0,5,0.05,calibrated,0.5,3.173392684557819,zero_shot_Model_C
N1.0_D0005_Q0.1,1.0,5,0.1,calibrated,0.5747,3.1556914995088454,zero_shot_Model_C
N1.0_D0005_Q0.2,1.0,5,0.2,calibrated,0.8142,3.1202636678084867,zero_shot_Model_C
N1.0_D0005_Q0.3,1.0,5,0.3,calibrated,1.0733,3.0847982680422876,zero_shot_Model_C
N1.0_D0005_Q0.4,1.0,5,0.4,calibrated,1.3204,3.049289849714703,zero_shot_Model_C
N1.0_D0005_Q0.5,1.0,5,0.5,calibrated,1.5528,3.0137311140735776,zero_shot_Model_C
N1.0_D0005_Q0.6,1.0,5,0.6,calibrated,1.8086,2.978111776843744,zero_shot_Model_C
N1.0_D0005_Q0.7,1.0,5,0.7,calibrated,2.0374,2.942416245972384,zero_shot_Model_C
N1.0_D0005_Q0.8,1.0,5,0.8,calibrated,2.3623,2.906617987321962,zero_shot_Model_C
N1.0_D0005_Q0.9,1.0,5,0.9,calibrated,2.5719,2.870660942322451,zero_shot_Model_C
N1.0_D0005_Q0.95,1.0,5,0.95,calibrated,2.7672,2.8525767269836777,zero_shot_Model_C
N1.0_D0005_Q1.0,1.0,5,1.0,calibrated,2.8125,2.834278625864437,zero_shot_Model_C
N1.0_D0020_Q0.05,1.0,20,0.05,calibrated,0.5,2.9191809044041763,zero_shot_Model_C
N1.0_D0020_Q0.1,1.0,20,0.1,calibrated,0.5188,2.9014797193552027,zero_shot_Model_C
N1.0_D0020_Q0.2,1.0,20,0.2,calibrated,0.7381,2.866051887654844,zero_shot_Model_C
N1.0_D0020_Q0.3,1.0,20,0.3,calibrated,0.9701,2.830586487888645,zero_shot_Model_C
N1.0_D0020_Q0.4,1.0,20,0.4,calibrated,1.2279,2.79507806956106,zero_shot_Model_C
N1.0_D0020_Q0.5,1.0,20,0.5,calibrated,1.4233,2.759519333919935,zero_shot_Model_C
N1.0_D0020_Q0.6,1.0,20,0.6,calibrated,1.6574,2.7238999966901014,zero_shot_Model_C
N1.0_D0020_Q0.7,1.0,20,0.7,calibrated,1.8968,2.688204465818741,zero_shot_Model_C
N1.0_D0020_Q0.8,1.0,20,0.8,calibrated,2.0844,2.6524062071683194,zero_shot_Model_C
N1.0_D0020_Q0.9,1.0,20,0.9,calibrated,2.3062,2.6164491621688084,zero_shot_Model_C
N1.0_D0020_Q0.95,1.0,20,0.95,calibrated,2.4517,2.598364946830035,zero_shot_Model_C
N1.0_D0020_Q1.0,1.0,20,1.0,calibrated,2.6133,2.5800668457107943,zero_shot_Model_C
N1.0_D0050_Q0.05,1.0,50,0.05,calibrated,0.5,2.797869063451542,zero_shot_Model_C
N1.0_D0050_Q0.95,1.0,50,0.95,calibrated,2.3371,2.477053105877401,zero_shot_Model_C
N1.0_D0100_Q0.05,1.0,100,0.05,calibrated,0.5,2.7246922439595607,zero_shot_Model_C
N1.0_D0100_Q0.1,1.0,100,0.1,calibrated,0.5,2.706991058910587,zero_shot_Model_C
N1.0_D0100_Q0.2,1.0,100,0.2,calibrated,0.7102,2.6715632272102283,zero_shot_Model_C
N1.0_D0100_Q0.3,1.0,100,0.3,calibrated,0.9137,2.636097827444029,zero_shot_Model_C
N1.0_D0100_Q0.4,1.0,100,0.4,calibrated,1.1107,2.6005894091164445,zero_shot_Model_C
N1.0_D0100_Q0.5,1.0,100,0.5,calibrated,1.3086,2.565030673475319,zero_shot_Model_C
N1.0_D0100_Q0.6,1.0,100,0.6,calibrated,1.5225,2.5294113362454858,zero_shot_Model_C
N1.0_D0100_Q0.7,1.0,100,0.7,calibrated,1.7077,2.4937158053741255,zero_shot_Model_C
N1.0_D0100_Q0.8,1.0,100,0.8,calibrated,1.9487,2.4579175467237038,zero_shot_Model_C
N1.0_D0100_Q0.9,1.0,100,0.9,calibrated,2.2185,2.4219605017241927,zero_shot_Model_C
N1.0_D0100_Q0.95,1.0,100,0.95,calibrated,2.3344,2.4038762863854193,zero_shot_Model_C
N1.0_D0100_Q1.0,1.0,100,1.0,calibrated,2.4489,2.3855781852661786,zero_shot_Model_C
N1.0_D0150_Q0.05,1.0,150,0.05,calibrated,0.5,2.688024359635289,zero_shot_Model_C
N1.0_D0150_Q0.95,1.0,150,0.95,calibrated,2.1674,2.3672084020611477,zero_shot_Model_C
N1.0_D0500_Q0.05,1.0,500,0.05,calibrated,0.5,2.600736154036678,zero_shot_Model_C
N1.0_D0500_Q0.1,1.0,500,0.1,calibrated,0.5,2.5830349689877043,zero_shot_Model_C
N1.0_D0500_Q0.2,1.0,500,0.2,calibrated,0.6599,2.5476071372873457,zero_shot_Model_C
N1.0_D0500_Q0.3,1.0,500,0.3,calibrated,0.8544,2.5121417375211466,zero_shot_Model_C
N1.0_D0500_Q0.4,1.0,500,0.4,calibrated,1.0836,2.476633319193562,zero_shot_Model_C
N1.0_D0500_Q0.5,1.0,500,0.5,calibrated,1.2157,2.4410745835524366,zero_shot_Model_C
N1.0_D0500_Q0.6,1.0,500,0.6,calibrated,1.4518,2.405455246322603,zero_shot_Model_C
N1.0_D0500_Q0.7,1.0,500,0.7,calibrated,1.707,2.369759715451243,zero_shot_Model_C
N1.0_D0500_Q0.8,1.0,500,0.8,calibrated,1.8739,2.333961456800821,zero_shot_Model_C
N1.0_D0500_Q0.9,1.0,500,0.9,calibrated,2.0431,2.29800441180131,zero_shot_Model_C
N1.0_D0500_Q0.95,1.0,500,0.95,calibrated,2.1733,2.2799201964625366,zero_shot_Model_C
N1.0_D0500_Q1.0,1.0,500,1.0,calibrated,2.2572,2.261622095343296,zero_shot_Model_C
N1.0_D1000_Q0.05,1.0,1000,0.05,calibrated,0.5,2.562321634902879,zero_shot_Model_C
N1.0_D1000_Q0.1,1.0,1000,0.1,calibrated,0.5,2.5446204498539053,zero_shot_Model_C
N1.0_D1000_Q0.2,1.0,1000,0.2,calibrated,0.6605,2.5091926181535467,zero_shot_Model_C
N1.0_D1000_Q0.3,1.0,1000,0.3,calibrated,0.8357,2.4737272183873475,zero_shot_Model_C
N1.0_D1000_Q0.4,1.0,1000,0.4,calibrated,1.0525,2.438218800059763,zero_shot_Model_C
N1.0_D1000_Q0.5,1.0,1000,0.5,calibrated,1.2565,2.4026600644186376,zero_shot_Model_C
N1.0_D1000_Q0.6,1.0,1000,0.6,calibrated,1.407,2.367040727188804,zero_shot_Model_C
N1.0_D1000_Q0.7,1.0,1000,0.7,calibrated,1.6907,2.331345196317444,zero_shot_Model_C
N1.0_D1000_Q0.8,1.0,1000,0.8,calibrated,1.8615,2.295546937667022,zero_shot_Model_C
N1.0_D1000_Q0.9,1.0,1000,0.9,calibrated,1.9758,2.259589892667511,zero_shot_Model_C
N1.0_D1000_Q0.95,1.0,1000,0.95,calibrated,2.1305,2.2415056773287376,zero_shot_Model_C
N1.0_D1000_Q1.0,1.0,1000,1.0,calibrated,2.1409,2.223207576209497,zero_shot_Model_C
N1.0_D2000_Q0.05,1.0,2000,0.05,calibrated,0.5,2.5306811092956196,zero_shot_Model_C
N1.0_D2000_Q0.1,1.0,2000,0.1,calibrated,0.5,2.512979924246646,zero_shot_Model_C
N1.0_D2000_Q0.2,1.0,2000,0.2,calibrated,0.6467,2.4775520925462873,zero_shot_Model_C
N1.0_D2000_Q0.3,1.0,2000,0.3,calibrated,0.8314,2.442086692780088,zero_shot_Model_C
N1.0_D2000_Q0.4,1.0,2000,0.4,calibrated,1.0295,2.4065782744525035,zero_shot_Model_C
N1.0_D2000_Q0.5,1.0,2000,0.5,calibrated,1.2251,2.371019538811378,zero_shot_Model_C
N1.0_D2000_Q0.6,1.0,2000,0.6,calibrated,1.4304,2.3354002015815447,zero_shot_Model_C
N1.0_D2000_Q0.7,1.0,2000,0.7,calibrated,1.5995,2.2997046707101845,zero_shot_Model_C
N1.0_D2000_Q0.8,1.0,2000,0.8,calibrated,1.7725,2.2639064120597627,zero_shot_Model_C
N1.0_D2000_Q0.9,1.0,2000,0.9,calibrated,2.027,2.2279493670602517,zero_shot_Model_C
N1.0_D2000_Q0.95,1.0,2000,0.95,calibrated,2.0759,2.2098651517214782,zero_shot_Model_C
N1.0_D2000_Q1.0,1.0,2000,1.0,calibrated,2.2081,2.1915670506022376,zero_shot_Model_C
N2.8_D0005_Q0.05,2.8,5,0.05,calibrated,0.5,3.0167269322146835,zero_shot_Model_C
N2.8_D0005_Q0.1,2.8,5,0.1,calibrated,0.5,3.0017463003130653,zero_shot_Model_C
N2.8_D0005_Q0.2,2.8,5,0.2,calibrated,0.6798,2.971763488184545,zero_shot_Model_C
N2.8_D0005_Q0.3,2.8,5,0.3,calibrated,0.9253,2.9417488819493554,zero_shot_Model_C
N2.8_D0005_Q0.4,2.8,5,0.4,calibrated,1.2039,2.9116978688164767,zero_shot_Model_C
N2.8_D0005_Q0.5,2.8,5,0.5,calibrated,1.4628,2.881604271802895,zero_shot_Model_C
N2.8_D0005_Q0.6,2.8,5,0.6,calibrated,1.7229,2.8514593872574006,zero_shot_Model_C
N2.8_D0005_Q0.7,2.8,5,0.7,calibrated,2.0084,2.8212500195208774,zero_shot_Model_C
N2.8_D0005_Q0.8,2.8,5,0.8,calibrated,2.2056,2.7909537125743555,zero_shot_Model_C
N2.8_D0005_Q0.9,2.8,5,0.9,calibrated,2.4428,2.760523023673172,zero_shot_Model_C
N2.8_D0005_Q0.95,2.8,5,0.95,calibrated,2.6201,2.745218230662408,zero_shot_Model_C
N2.8_D0005_Q1.0,2.8,5,1.0,calibrated,2.721,2.729732424677807,zero_shot_Model_C
N2.8_D0020_Q0.05,2.8,20,0.05,calibrated,0.5,2.7625151520610407,zero_shot_Model_C
N2.8_D0020_Q0.1,2.8,20,0.1,calibrated,0.5,2.7475345201594226,zero_shot_Model_C
N2.8_D0020_Q0.2,2.8,20,0.2,calibrated,0.623,2.717551708030902,zero_shot_Model_C
N2.8_D0020_Q0.3,2.8,20,0.3,calibrated,0.8308,2.6875371017957126,zero_shot_Model_C
N2.8_D0020_Q0.4,2.8,20,0.4,calibrated,1.0678,2.657486088662834,zero_shot_Model_C
N2.8_D0020_Q0.5,2.8,20,0.5,calibrated,1.2966,2.6273924916492524,zero_shot_Model_C
N2.8_D0020_Q0.6,2.8,20,0.6,calibrated,1.5279,2.597247607103758,zero_shot_Model_C
N2.8_D0020_Q0.7,2.8,20,0.7,calibrated,1.7488,2.5670382393672346,zero_shot_Model_C
N2.8_D0020_Q0.8,2.8,20,0.8,calibrated,2.0341,2.5367419324207128,zero_shot_Model_C
N2.8_D0020_Q0.9,2.8,20,0.9,calibrated,2.2362,2.506311243519529,zero_shot_Model_C
N2.8_D0020_Q0.95,2.8,20,0.95,calibrated,2.3457,2.4910064505087655,zero_shot_Model_C
N2.8_D0020_Q1.0,2.8,20,1.0,calibrated,2.5073,2.475520644524164,zero_shot_Model_C
N2.8_D0050_Q0.05,2.8,50,0.05,calibrated,0.5,2.6412033111084066,zero_shot_Model_C
N2.8_D0050_Q0.95,2.8,50,0.95,calibrated,2.253,2.3696946095561313,zero_shot_Model_C
N2.8_D0100_Q0.05,2.8,100,0.05,calibrated,0.5,2.568026491616425,zero_shot_Model_C
N2.8_D0100_Q0.1,2.8,100,0.1,calibrated,0.5,2.553045859714807,zero_shot_Model_C
N2.8_D0100_Q0.2,2.8,100,0.2,calibrated,0.5671,2.5230630475862865,zero_shot_Model_C
N2.8_D0100_Q0.3,2.8,100,0.3,calibrated,0.7708,2.493048441351097,zero_shot_Model_C
N2.8_D0100_Q0.4,2.8,100,0.4,calibrated,0.9718,2.4629974282182183,zero_shot_Model_C
N2.8_D0100_Q0.5,2.8,100,0.5,calibrated,1.1999,2.4329038312046367,zero_shot_Model_C
N2.8_D0100_Q0.6,2.8,100,0.6,calibrated,1.4075,2.402758946659142,zero_shot_Model_C
N2.8_D0100_Q0.7,2.8,100,0.7,calibrated,1.6363,2.372549578922619,zero_shot_Model_C
N2.8_D0100_Q0.8,2.8,100,0.8,calibrated,1.8765,2.342253271976097,zero_shot_Model_C
N2.8_D0100_Q0.9,2.8,100,0.9,calibrated,2.0444,2.3118225830749135,zero_shot_Model_C
N2.8_D0100_Q0.95,2.8,100,0.95,calibrated,2.1982,2.29651779006415,zero_shot_Model_C
N2.8_D0100_Q1.0,2.8,100,1.0,calibrated,2.2588,2.2810319840795485,zero_shot_Model_C
N2.8_D0150_Q0.05,2.8,150,0.05,calibrated,0.5,2.5313586072921535,zero_shot_Model_C
N2.8_D0150_Q0.95,2.8,150,0.95,calibrated,2.1192,2.259849905739878,zero_shot_Model_C
N2.8_D0500_Q0.05,2.8,500,0.05,calibrated,0.5,2.4440704016935424,zero_shot_Model_C
N2.8_D0500_Q0.1,2.8,500,0.1,calibrated,0.5,2.4290897697919243,zero_shot_Model_C
N2.8_D0500_Q0.2,2.8,500,0.2,calibrated,0.5387,2.399106957663404,zero_shot_Model_C
N2.8_D0500_Q0.3,2.8,500,0.3,calibrated,0.7277,2.3690923514282143,zero_shot_Model_C
N2.8_D0500_Q0.4,2.8,500,0.4,calibrated,0.9045,2.3390413382953357,zero_shot_Model_C
N2.8_D0500_Q0.5,2.8,500,0.5,calibrated,1.16,2.308947741281754,zero_shot_Model_C
N2.8_D0500_Q0.6,2.8,500,0.6,calibrated,1.3308,2.2788028567362595,zero_shot_Model_C
N2.8_D0500_Q0.7,2.8,500,0.7,calibrated,1.5099,2.2485934889997363,zero_shot_Model_C
N2.8_D0500_Q0.8,2.8,500,0.8,calibrated,1.7571,2.2182971820532145,zero_shot_Model_C
N2.8_D0500_Q0.9,2.8,500,0.9,calibrated,1.9167,2.187866493152031,zero_shot_Model_C
N2.8_D0500_Q0.95,2.8,500,0.95,calibrated,2.0846,2.172561700141267,zero_shot_Model_C
N2.8_D0500_Q1.0,2.8,500,1.0,calibrated,2.1517,2.157075894156666,zero_shot_Model_C
N2.8_D1000_Q0.05,2.8,1000,0.05,calibrated,0.5,2.4056558825597434,zero_shot_Model_C
N2.8_D1000_Q0.1,2.8,1000,0.1,calibrated,0.5,2.3906752506581253,zero_shot_Model_C
N2.8_D1000_Q0.2,2.8,1000,0.2,calibrated,0.519,2.360692438529605,zero_shot_Model_C
N2.8_D1000_Q0.3,2.8,1000,0.3,calibrated,0.7239,2.3306778322944153,zero_shot_Model_C
N2.8_D1000_Q0.4,2.8,1000,0.4,calibrated,0.8987,2.3006268191615367,zero_shot_Model_C
N2.8_D1000_Q0.5,2.8,1000,0.5,calibrated,1.1398,2.270533222147955,zero_shot_Model_C
N2.8_D1000_Q0.6,2.8,1000,0.6,calibrated,1.3353,2.2403883376024605,zero_shot_Model_C
N2.8_D1000_Q0.7,2.8,1000,0.7,calibrated,1.5354,2.2101789698659373,zero_shot_Model_C
N2.8_D1000_Q0.8,2.8,1000,0.8,calibrated,1.6984,2.1798826629194155,zero_shot_Model_C
N2.8_D1000_Q0.9,2.8,1000,0.9,calibrated,1.9178,2.149451974018232,zero_shot_Model_C
N2.8_D1000_Q0.95,2.8,1000,0.95,calibrated,2.0038,2.134147181007468,zero_shot_Model_C
N2.8_D1000_Q1.0,2.8,1000,1.0,calibrated,2.1237,2.118661375022867,zero_shot_Model_C
N2.8_D2000_Q0.05,2.8,2000,0.05,calibrated,0.5,2.374015356952484,zero_shot_Model_C
N2.8_D2000_Q0.1,2.8,2000,0.1,calibrated,0.5,2.359034725050866,zero_shot_Model_C
N2.8_D2000_Q0.2,2.8,2000,0.2,calibrated,0.5242,2.3290519129223455,zero_shot_Model_C
N2.8_D2000_Q0.3,2.8,2000,0.3,calibrated,0.6887,2.299037306687156,zero_shot_Model_C
N2.8_D2000_Q0.4,2.8,2000,0.4,calibrated,0.9232,2.2689862935542773,zero_shot_Model_C
N2.8_D2000_Q0.5,2.8,2000,0.5,calibrated,1.1045,2.2388926965406957,zero_shot_Model_C
N2.8_D2000_Q0.6,2.8,2000,0.6,calibrated,1.2855,2.208747811995201,zero_shot_Model_C
N2.8_D2000_Q0.7,2.8,2000,0.7,calibrated,1.4788,2.178538444258678,zero_shot_Model_C
N2.8_D2000_Q0.8,2.8,2000,0.8,calibrated,1.6576,2.148242137312156,zero_shot_Model_C
N2.8_D2000_Q0.9,2.8,2000,0.9,calibrated,1.8775,2.1178114484109725,zero_shot_Model_C
N2.8_D2000_Q0.95,2.8,2000,0.95,calibrated,1.8822,2.1025066554002088,zero_shot_Model_C
N2.8_D2000_Q1.0,2.8,2000,1.0,calibrated,2.0839,2.0870208494156075,zero_shot_Model_C
N4.0_D0005_Q0.05,4.0,5,0.05,calibrated,0.5,2.9721222327253662,zero_shot_Model_C
N4.0_D0005_Q0.1,4.0,5,0.1,calibrated,0.5,2.957983036577856,zero_shot_Model_C
N4.0_D0005_Q0.2,4.0,5,0.2,calibrated,0.6084,2.9296843062890954,zero_shot_Model_C
N4.0_D0005_Q0.3,4.0,5,0.3,calibrated,0.8843,2.901355567712735,zero_shot_Model_C
N4.0_D0005_Q0.4,4.0,5,0.4,calibrated,1.1447,2.872992467150116,zero_shot_Model_C
N4.0_D0005_Q0.5,4.0,5,0.5,calibrated,1.3943,2.8445891745684997,zero_shot_Model_C
N4.0_D0005_Q0.6,4.0,5,0.6,calibrated,1.6246,2.8161374751854615,zero_shot_Model_C
N4.0_D0005_Q0.7,4.0,5,0.7,calibrated,1.9244,2.787624914518856,zero_shot_Model_C
N4.0_D0005_Q0.8,4.0,5,0.8,calibrated,2.1965,2.759030297864817,zero_shot_Model_C
N4.0_D0005_Q0.9,4.0,5,0.9,calibrated,2.4512,2.7303088472542307,zero_shot_Model_C
N4.0_D0005_Q0.95,4.0,5,0.95,calibrated,2.5824,2.715863697557117,zero_shot_Model_C
N4.0_D0005_Q1.0,4.0,5,1.0,calibrated,2.6973,2.701247702066639,zero_shot_Model_C
N4.0_D0020_Q0.05,4.0,20,0.05,calibrated,0.5,2.7179104525717235,zero_shot_Model_C
N4.0_D0020_Q0.1,4.0,20,0.1,calibrated,0.5,2.703771256424213,zero_shot_Model_C
N4.0_D0020_Q0.2,4.0,20,0.2,calibrated,0.5655,2.6754725261354526,zero_shot_Model_C
N4.0_D0020_Q0.3,4.0,20,0.3,calibrated,0.8094,2.6471437875590924,zero_shot_Model_C
N4.0_D0020_Q0.4,4.0,20,0.4,calibrated,1.0284,2.618780686996473,zero_shot_Model_C
N4.0_D0020_Q0.5,4.0,20,0.5,calibrated,1.2902,2.590377394414857,zero_shot_Model_C
N4.0_D0020_Q0.6,4.0,20,0.6,calibrated,1.5025,2.5619256950318188,zero_shot_Model_C
N4.0_D0020_Q0.7,4.0,20,0.7,calibrated,1.7203,2.533413134365213,zero_shot_Model_C
N4.0_D0020_Q0.8,4.0,20,0.8,calibrated,1.9253,2.504818517711174,zero_shot_Model_C
N4.0_D0020_Q0.9,4.0,20,0.9,calibrated,2.2398,2.476097067100588,zero_shot_Model_C
N4.0_D0020_Q0.95,4.0,20,0.95,calibrated,2.2806,2.4616519174034743,zero_shot_Model_C
N4.0_D0020_Q1.0,4.0,20,1.0,calibrated,2.4139,2.4470359219129962,zero_shot_Model_C
N4.0_D0050_Q0.05,4.0,50,0.05,calibrated,0.5,2.5965986116190893,zero_shot_Model_C
N4.0_D0050_Q0.95,4.0,50,0.95,calibrated,2.2424,2.34034007645084,zero_shot_Model_C
N4.0_D0100_Q0.05,4.0,100,0.05,calibrated,0.5,2.523421792127108,zero_shot_Model_C
N4.0_D0100_Q0.1,4.0,100,0.1,calibrated,0.5,2.5092825959795975,zero_shot_Model_C
N4.0_D0100_Q0.2,4.0,100,0.2,calibrated,0.5116,2.480983865690837,zero_shot_Model_C
N4.0_D0100_Q0.3,4.0,100,0.3,calibrated,0.722,2.4526551271144768,zero_shot_Model_C
N4.0_D0100_Q0.4,4.0,100,0.4,calibrated,0.9435,2.4242920265518575,zero_shot_Model_C
N4.0_D0100_Q0.5,4.0,100,0.5,calibrated,1.1487,2.3958887339702413,zero_shot_Model_C
N4.0_D0100_Q0.6,4.0,100,0.6,calibrated,1.3727,2.367437034587203,zero_shot_Model_C
N4.0_D0100_Q0.7,4.0,100,0.7,calibrated,1.6045,2.3389244739205974,zero_shot_Model_C
N4.0_D0100_Q0.8,4.0,100,0.8,calibrated,1.8522,2.3103298572665585,zero_shot_Model_C
N4.0_D0100_Q0.9,4.0,100,0.9,calibrated,2.1002,2.2816084066559723,zero_shot_Model_C
N4.0_D0100_Q0.95,4.0,100,0.95,calibrated,2.1195,2.2671632569588587,zero_shot_Model_C
N4.0_D0100_Q1.0,4.0,100,1.0,calibrated,2.2786,2.2525472614683806,zero_shot_Model_C
N4.0_D0150_Q0.05,4.0,150,0.05,calibrated,0.5,2.4867539078028362,zero_shot_Model_C
N4.0_D0150_Q0.95,4.0,150,0.95,calibrated,2.1044,2.230495372634587,zero_shot_Model_C
N4.0_D0500_Q0.05,4.0,500,0.05,calibrated,0.5,2.399465702204225,zero_shot_Model_C
N4.0_D0500_Q0.1,4.0,500,0.1,calibrated,0.5,2.385326506056715,zero_shot_Model_C
N4.0_D0500_Q0.2,4.0,500,0.2,calibrated,0.5,2.3570277757679543,zero_shot_Model_C
N4.0_D0500_Q0.3,4.0,500,0.3,calibrated,0.6833,2.328699037191594,zero_shot_Model_C
N4.0_D0500_Q0.4,4.0,500,0.4,calibrated,0.888,2.300335936628975,zero_shot_Model_C
N4.0_D0500_Q0.5,4.0,500,0.5,calibrated,1.0678,2.2719326440473586,zero_shot_Model_C
N4.0_D0500_Q0.6,4.0,500,0.6,calibrated,1.2876,2.2434809446643205,zero_shot_Model_C
N4.0_D0500_Q0.7,4.0,500,0.7,calibrated,1.5155,2.214968383997715,zero_shot_Model_C
N4.0_D0500_Q0.8,4.0,500,0.8,calibrated,1.7157,2.186373767343676,zero_shot_Model_C
N4.0_D0500_Q0.9,4.0,500,0.9,calibrated,1.9644,2.1576523167330897,zero_shot_Model_C
N4.0_D0500_Q0.95,4.0,500,0.95,calibrated,1.9848,2.143207167035976,zero_shot_Model_C
N4.0_D0500_Q1.0,4.0,500,1.0,calibrated,2.1365,2.128591171545498,zero_shot_Model_C
N4.0_D1000_Q0.05,4.0,1000,0.05,calibrated,0.5,2.361051183070426,zero_shot_Model_C
N4.0_D1000_Q0.1,4.0,1000,0.1,calibrated,0.5,2.346911986922916,zero_shot_Model_C
N4.0_D1000_Q0.2,4.0,1000,0.2,calibrated,0.5,2.3186132566341553,zero_shot_Model_C
N4.0_D1000_Q0.3,4.0,1000,0.3,calibrated,0.6866,2.290284518057795,zero_shot_Model_C
N4.0_D1000_Q0.4,4.0,1000,0.4,calibrated,0.8604,2.261921417495176,zero_shot_Model_C
N4.0_D1000_Q0.5,4.0,1000,0.5,calibrated,1.1039,2.2335181249135596,zero_shot_Model_C
N4.0_D1000_Q0.6,4.0,1000,0.6,calibrated,1.2945,2.2050664255305215,zero_shot_Model_C
N4.0_D1000_Q0.7,4.0,1000,0.7,calibrated,1.4835,2.1765538648639158,zero_shot_Model_C
N4.0_D1000_Q0.8,4.0,1000,0.8,calibrated,1.7176,2.147959248209877,zero_shot_Model_C
N4.0_D1000_Q0.9,4.0,1000,0.9,calibrated,1.8943,2.1192377975992907,zero_shot_Model_C
N4.0_D1000_Q0.95,4.0,1000,0.95,calibrated,1.9293,2.104792647902177,zero_shot_Model_C
N4.0_D1000_Q1.0,4.0,1000,1.0,calibrated,2.1308,2.090176652411699,zero_shot_Model_C
N4.0_D2000_Q0.05,4.0,2000,0.05,calibrated,0.5,2.329410657463167,zero_shot_Model_C
N4.0_D2000_Q0.1,4.0,2000,0.1,calibrated,0.5,2.3152714613156564,zero_shot_Model_C
N4.0_D2000_Q0.2,4.0,2000,0.2,calibrated,0.5,2.286972731026896,zero_shot_Model_C
N4.0_D2000_Q0.3,4.0,2000,0.3,calibrated,0.642,2.2586439924505357,zero_shot_Model_C
N4.0_D2000_Q0.4,4.0,2000,0.4,calibrated,0.8502,2.2302808918879165,zero_shot_Model_C
N4.0_D2000_Q0.5,4.0,2000,0.5,calibrated,1.0844,2.2018775993063002,zero_shot_Model_C
N4.0_D2000_Q0.6,4.0,2000,0.6,calibrated,1.281,2.173425899923262,zero_shot_Model_C
N4.0_D2000_Q0.7,4.0,2000,0.7,calibrated,1.4643,2.1449133392566564,zero_shot_Model_C
N4.0_D2000_Q0.8,4.0,2000,0.8,calibrated,1.6704,2.1163187226026174,zero_shot_Model_C
N4.0_D2000_Q0.9,4.0,2000,0.9,calibrated,1.8145,2.0875972719920313,zero_shot_Model_C
N4.0_D2000_Q0.95,4.0,2000,0.95,calibrated,1.9664,2.0731521222949176,zero_shot_Model_C
N4.0_D2000_Q1.0,4.0,2000,1.0,calibrated,2.0978,2.0585361268044395,zero_shot_Model_C
N6.9_D0005_Q0.05,6.9,5,0.05,calibrated,0.5,2.9118287781000505,zero_shot_Model_C
N6.9_D0005_Q0.1,6.9,5,0.1,calibrated,0.5,2.8988854006015092,zero_shot_Model_C
N6.9_D0005_Q0.2,6.9,5,0.2,calibrated,0.5546,2.872980027690947,zero_shot_Model_C
N6.9_D0005_Q0.3,6.9,5,0.3,calibrated,0.7947,2.847047184435506,zero_shot_Model_C
N6.9_D0005_Q0.4,6.9,5,0.4,calibrated,1.0436,2.8210828853494005,zero_shot_Model_C
N6.9_D0005_Q0.5,6.9,5,0.5,calibrated,1.3381,2.7950817934733174,zero_shot_Model_C
N6.9_D0005_Q0.6,6.9,5,0.6,calibrated,1.6422,2.7690363887878098,zero_shot_Model_C
N6.9_D0005_Q0.7,6.9,5,0.7,calibrated,1.8729,2.742935270145155,zero_shot_Model_C
N6.9_D0005_Q0.8,6.9,5,0.8,calibrated,2.1078,2.716759035377772,zero_shot_Model_C
N6.9_D0005_Q0.9,6.9,5,0.9,calibrated,2.465,2.690466693601045,zero_shot_Model_C
N6.9_D0005_Q0.95,6.9,5,0.95,calibrated,2.5263,2.6772432384907203,zero_shot_Model_C
N6.9_D0005_Q1.0,6.9,5,1.0,calibrated,2.633,2.6638633868233006,zero_shot_Model_C
N6.9_D0020_Q0.05,6.9,20,0.05,calibrated,0.5,2.6576169979464077,zero_shot_Model_C
N6.9_D0020_Q0.1,6.9,20,0.1,calibrated,0.5,2.6446736204478665,zero_shot_Model_C
N6.9_D0020_Q0.2,6.9,20,0.2,calibrated,0.5,2.618768247537304,zero_shot_Model_C
N6.9_D0020_Q0.3,6.9,20,0.3,calibrated,0.7321,2.592835404281863,zero_shot_Model_C
N6.9_D0020_Q0.4,6.9,20,0.4,calibrated,0.9636,2.566871105195758,zero_shot_Model_C
N6.9_D0020_Q0.5,6.9,20,0.5,calibrated,1.2142,2.5408700133196747,zero_shot_Model_C
N6.9_D0020_Q0.6,6.9,20,0.6,calibrated,1.4457,2.514824608634167,zero_shot_Model_C
N6.9_D0020_Q0.7,6.9,20,0.7,calibrated,1.6657,2.488723489991512,zero_shot_Model_C
N6.9_D0020_Q0.8,6.9,20,0.8,calibrated,1.9664,2.462547255224129,zero_shot_Model_C
N6.9_D0020_Q0.9,6.9,20,0.9,calibrated,2.1852,2.436254913447402,zero_shot_Model_C
N6.9_D0020_Q0.95,6.9,20,0.95,calibrated,2.2902,2.4230314583370776,zero_shot_Model_C
N6.9_D0020_Q1.0,6.9,20,1.0,calibrated,2.4144,2.409651606669658,zero_shot_Model_C
N6.9_D0050_Q0.05,6.9,50,0.05,calibrated,0.5,2.5363051569937736,zero_shot_Model_C
N6.9_D0050_Q0.95,6.9,50,0.95,calibrated,2.1785,2.3017196173844434,zero_shot_Model_C
N6.9_D0100_Q0.05,6.9,100,0.05,calibrated,0.5,2.4631283375017916,zero_shot_Model_C
N6.9_D0100_Q0.1,6.9,100,0.1,calibrated,0.5,2.4501849600032504,zero_shot_Model_C
N6.9_D0100_Q0.2,6.9,100,0.2,calibrated,0.5,2.424279587092688,zero_shot_Model_C
N6.9_D0100_Q0.3,6.9,100,0.3,calibrated,0.6647,2.398346743837247,zero_shot_Model_C
N6.9_D0100_Q0.4,6.9,100,0.4,calibrated,0.882,2.3723824447511417,zero_shot_Model_C
N6.9_D0100_Q0.5,6.9,100,0.5,calibrated,1.1201,2.3463813528750586,zero_shot_Model_C
N6.9_D0100_Q0.6,6.9,100,0.6,calibrated,1.3304,2.320335948189551,zero_shot_Model_C
N6.9_D0100_Q0.7,6.9,100,0.7,calibrated,1.5242,2.294234829546896,zero_shot_Model_C
N6.9_D0100_Q0.8,6.9,100,0.8,calibrated,1.818,2.268058594779513,zero_shot_Model_C
N6.9_D0100_Q0.9,6.9,100,0.9,calibrated,1.9399,2.241766253002786,zero_shot_Model_C
N6.9_D0100_Q0.95,6.9,100,0.95,calibrated,2.1119,2.2285427978924615,zero_shot_Model_C
N6.9_D0100_Q1.0,6.9,100,1.0,calibrated,2.2368,2.2151629462250417,zero_shot_Model_C
N6.9_D0150_Q0.05,6.9,150,0.05,calibrated,0.5,2.42646045317752,zero_shot_Model_C
N6.9_D0150_Q0.95,6.9,150,0.95,calibrated,2.0784,2.19187491356819,zero_shot_Model_C
N6.9_D0500_Q0.05,6.9,500,0.05,calibrated,0.5,2.3391722475789094,zero_shot_Model_C
N6.9_D0500_Q0.1,6.9,500,0.1,calibrated,0.5,2.326228870080368,zero_shot_Model_C
N6.9_D0500_Q0.2,6.9,500,0.2,calibrated,0.5,2.300323497169806,zero_shot_Model_C
N6.9_D0500_Q0.3,6.9,500,0.3,calibrated,0.6224,2.274390653914365,zero_shot_Model_C
N6.9_D0500_Q0.4,6.9,500,0.4,calibrated,0.8513,2.2484263548282595,zero_shot_Model_C
N6.9_D0500_Q0.5,6.9,500,0.5,calibrated,1.0567,2.2224252629521764,zero_shot_Model_C
N6.9_D0500_Q0.6,6.9,500,0.6,calibrated,1.2524,2.1963798582666687,zero_shot_Model_C
N6.9_D0500_Q0.7,6.9,500,0.7,calibrated,1.4759,2.1702787396240137,zero_shot_Model_C
N6.9_D0500_Q0.8,6.9,500,0.8,calibrated,1.6838,2.144102504856631,zero_shot_Model_C
N6.9_D0500_Q0.9,6.9,500,0.9,calibrated,1.9071,2.1178101630799038,zero_shot_Model_C
N6.9_D0500_Q0.95,6.9,500,0.95,calibrated,1.9975,2.1045867079695793,zero_shot_Model_C
N6.9_D0500_Q1.0,6.9,500,1.0,calibrated,2.1285,2.0912068563021595,zero_shot_Model_C
N6.9_D1000_Q0.05,6.9,1000,0.05,calibrated,0.5,2.30075772844511,zero_shot_Model_C
N6.9_D1000_Q0.1,6.9,1000,0.1,calibrated,0.5,2.2878143509465687,zero_shot_Model_C
N6.9_D1000_Q0.2,6.9,1000,0.2,calibrated,0.5,2.2619089780360064,zero_shot_Model_C
N6.9_D1000_Q0.3,6.9,1000,0.3,calibrated,0.6085,2.2359761347805653,zero_shot_Model_C
N6.9_D1000_Q0.4,6.9,1000,0.4,calibrated,0.8559,2.21001183569446,zero_shot_Model_C
N6.9_D1000_Q0.5,6.9,1000,0.5,calibrated,1.0114,2.184010743818377,zero_shot_Model_C
N6.9_D1000_Q0.6,6.9,1000,0.6,calibrated,1.2482,2.1579653391328693,zero_shot_Model_C
N6.9_D1000_Q0.7,6.9,1000,0.7,calibrated,1.4349,2.1318642204902143,zero_shot_Model_C
N6.9_D1000_Q0.8,6.9,1000,0.8,calibrated,1.6614,2.1056879857228314,zero_shot_Model_C
N6.9_D1000_Q0.9,6.9,1000,0.9,calibrated,1.837,2.0793956439461043,zero_shot_Model_C
N6.9_D1000_Q0.95,6.9,1000,0.95,calibrated,1.9432,2.06617218883578,zero_shot_Model_C
N6.9_D1000_Q1.0,6.9,1000,1.0,calibrated,2.0548,2.05279233716836,zero_shot_Model_C
N6.9_D2000_Q0.05,6.9,2000,0.05,calibrated,0.5,2.2691172028378506,zero_shot_Model_C
N6.9_D2000_Q0.1,6.9,2000,0.1,calibrated,0.5,2.2561738253393093,zero_shot_Model_C
N6.9_D2000_Q0.2,6.9,2000,0.2,calibrated,0.5,2.230268452428747,zero_shot_Model_C
N6.9_D2000_Q0.3,6.9,2000,0.3,calibrated,0.6165,2.204335609173306,zero_shot_Model_C
N6.9_D2000_Q0.4,6.9,2000,0.4,calibrated,0.8294,2.1783713100872006,zero_shot_Model_C
N6.9_D2000_Q0.5,6.9,2000,0.5,calibrated,1.005,2.1523702182111175,zero_shot_Model_C
N6.9_D2000_Q0.6,6.9,2000,0.6,calibrated,1.2332,2.12632481352561,zero_shot_Model_C
N6.9_D2000_Q0.7,6.9,2000,0.7,calibrated,1.4283,2.100223694882955,zero_shot_Model_C
N6.9_D2000_Q0.8,6.9,2000,0.8,calibrated,1.651,2.074047460115572,zero_shot_Model_C
N6.9_D2000_Q0.9,6.9,2000,0.9,calibrated,1.8064,2.047755118338845,zero_shot_Model_C
N6.9_D2000_Q0.95,6.9,2000,0.95,calibrated,1.9399,2.0345316632285204,zero_shot_Model_C
N6.9_D2000_Q1.0,6.9,2000,1.0,calibrated,1.9935,2.0211518115611007,zero_shot_Model_C
N12_D0005_Q0.05,12.0,5,0.05,calibrated,0.5,2.859075887660101,zero_shot_Model_C
N12_D0005_Q0.1,12.0,5,0.1,calibrated,0.5,2.8472428490195245,zero_shot_Model_C
N12_D0005_Q0.2,12.0,5,0.2,calibrated,0.5,2.8235597509499697,zero_shot_Model_C
N12_D0005_Q0.3,12.0,5,0.3,calibrated,0.7234,2.7998515390604353,zero_shot_Model_C
N12_D0005_Q0.4,12.0,5,0.4,calibrated,1.0113,2.776114569757331,zero_shot_Model_C
N12_D0005_Q0.5,12.0,5,0.5,calibrated,1.2841,2.7523439639087766,zero_shot_Model_C
N12_D0005_Q0.6,12.0,5,0.6,calibrated,1.5682,2.7285328465950927,zero_shot_Model_C
N12_D0005_Q0.7,12.0,5,0.7,calibrated,1.7793,2.7046707947082793,zero_shot_Model_C
N12_D0005_Q0.8,12.0,5,0.8,calibrated,2.0752,2.680740070482539,zero_shot_Model_C
N12_D0005_Q0.9,12.0,5,0.9,calibrated,2.3423,2.6567031994084847,zero_shot_Model_C
N12_D0005_Q0.95,12.0,5,0.95,calibrated,2.4625,2.644614109424048,zero_shot_Model_C
N12_D0005_Q1.0,12.0,5,1.0,calibrated,2.701,2.6323820392550674,zero_shot_Model_C
N12_D0020_Q0.05,12.0,20,0.05,calibrated,0.5,2.604864107506458,zero_shot_Model_C
N12_D0020_Q0.1,12.0,20,0.1,calibrated,0.5,2.5930310688658817,zero_shot_Model_C
N12_D0020_Q0.2,12.0,20,0.2,calibrated,0.5,2.569347970796327,zero_shot_Model_C
N12_D0020_Q0.3,12.0,20,0.3,calibrated,0.6648,2.5456397589067925,zero_shot_Model_C
N12_D0020_Q0.4,12.0,20,0.4,calibrated,0.9074,2.521902789603688,zero_shot_Model_C
N12_D0020_Q0.5,12.0,20,0.5,calibrated,1.1529,2.498132183755134,zero_shot_Model_C
N12_D0020_Q0.6,12.0,20,0.6,calibrated,1.4022,2.47432106644145,zero_shot_Model_C
N12_D0020_Q0.7,12.0,20,0.7,calibrated,1.6378,2.4504590145546365,zero_shot_Model_C
N12_D0020_Q0.8,12.0,20,0.8,calibrated,1.9488,2.4265282903288963,zero_shot_Model_C
N12_D0020_Q0.9,12.0,20,0.9,calibrated,2.1859,2.402491419254842,zero_shot_Model_C
N12_D0020_Q0.95,12.0,20,0.95,calibrated,2.2362,2.390402329270405,zero_shot_Model_C
N12_D0020_Q1.0,12.0,20,1.0,calibrated,2.3472,2.3781702591014247,zero_shot_Model_C
N12_D0050_Q0.05,12.0,50,0.05,calibrated,0.5,2.483552266553824,zero_shot_Model_C
N12_D0050_Q0.1,12.0,50,0.1,calibrated,0.5,2.4717192279132476,zero_shot_Model_C
N12_D0050_Q0.2,12.0,50,0.2,calibrated,0.5,2.448036129843693,zero_shot_Model_C
N12_D0050_Q0.3,12.0,50,0.3,calibrated,0.6406,2.4243279179541584,zero_shot_Model_C
N12_D0050_Q0.4,12.0,50,0.4,calibrated,0.8712,2.400590948651054,zero_shot_Model_C
N12_D0050_Q0.5,12.0,50,0.5,calibrated,1.1272,2.3768203428024997,zero_shot_Model_C
N12_D0050_Q0.6,12.0,50,0.6,calibrated,1.3567,2.3530092254888157,zero_shot_Model_C
N12_D0050_Q0.7,12.0,50,0.7,calibrated,1.542,2.3291471736020024,zero_shot_Model_C
N12_D0050_Q0.8,12.0,50,0.8,calibrated,1.7878,2.305216449376262,zero_shot_Model_C
N12_D0050_Q0.9,12.0,50,0.9,calibrated,2.0117,2.2811795783022077,zero_shot_Model_C
N12_D0050_Q0.95,12.0,50,0.95,calibrated,2.1497,2.269090488317771,zero_shot_Model_C
N12_D0050_Q1.0,12.0,50,1.0,calibrated,2.2387,2.2568584181487905,zero_shot_Model_C
N12_D0100_Q0.05,12.0,100,0.05,calibrated,0.5,2.4103754470618424,zero_shot_Model_C
N12_D0100_Q0.1,12.0,100,0.1,calibrated,0.5,2.398542408421266,zero_shot_Model_C
N12_D0100_Q0.2,12.0,100,0.2,calibrated,0.5,2.3748593103517113,zero_shot_Model_C
N12_D0100_Q0.3,12.0,100,0.3,calibrated,0.6166,2.351151098462177,zero_shot_Model_C
N12_D0100_Q0.4,12.0,100,0.4,calibrated,0.8496,2.3274141291590724,zero_shot_Model_C
N12_D0100_Q0.5,12.0,100,0.5,calibrated,1.0745,2.303643523310518,zero_shot_Model_C
N12_D0100_Q0.6,12.0,100,0.6,calibrated,1.3174,2.2798324059968342,zero_shot_Model_C
N12_D0100_Q0.7,12.0,100,0.7,calibrated,1.5083,2.255970354110021,zero_shot_Model_C
N12_D0100_Q0.8,12.0,100,0.8,calibrated,1.762,2.2320396298842806,zero_shot_Model_C
N12_D0100_Q0.9,12.0,100,0.9,calibrated,1.9734,2.2080027588102262,zero_shot_Model_C
N12_D0100_Q0.95,12.0,100,0.95,calibrated,2.0303,2.1959136688257894,zero_shot_Model_C
N12_D0100_Q1.0,12.0,100,1.0,calibrated,2.2111,2.183681598656809,zero_shot_Model_C
N12_D0150_Q0.05,12.0,150,0.05,calibrated,0.5,2.3737075627375708,zero_shot_Model_C
N12_D0150_Q0.1,12.0,150,0.1,calibrated,0.5,2.3618745240969945,zero_shot_Model_C
N12_D0150_Q0.2,12.0,150,0.2,calibrated,0.5,2.3381914260274397,zero_shot_Model_C
N12_D0150_Q0.3,12.0,150,0.3,calibrated,0.5971,2.3144832141379053,zero_shot_Model_C
N12_D0150_Q0.4,12.0,150,0.4,calibrated,0.8028,2.290746244834801,zero_shot_Model_C
N12_D0150_Q0.5,12.0,150,0.5,calibrated,1.04,2.2669756389862465,zero_shot_Model_C
N12_D0150_Q0.6,12.0,150,0.6,calibrated,1.2578,2.2431645216725626,zero_shot_Model_C
N12_D0150_Q0.7,12.0,150,0.7,calibrated,1.4982,2.2193024697857493,zero_shot_Model_C
N12_D0150_Q0.8,12.0,150,0.8,calibrated,1.6931,2.195371745560009,zero_shot_Model_C
N12_D0150_Q0.9,12.0,150,0.9,calibrated,2.013,2.1713348744859546,zero_shot_Model_C
N12_D0150_Q0.95,12.0,150,0.95,calibrated,2.0249,2.159245784501518,zero_shot_Model_C
N12_D0150_Q1.0,12.0,150,1.0,calibrated,2.0668,2.1470137143325374,zero_shot_Model_C
N12_D0500_Q0.05,12.0,500,0.05,calibrated,0.5,2.2864193571389597,zero_shot_Model_C
N12_D0500_Q0.1,12.0,500,0.1,calibrated,0.5,2.2745863184983834,zero_shot_Model_C
N12_D0500_Q0.2,12.0,500,0.2,calibrated,0.5,2.2509032204288286,zero_shot_Model_C
N12_D0500_Q0.3,12.0,500,0.3,calibrated,0.558,2.227195008539294,zero_shot_Model_C
N12_D0500_Q0.4,12.0,500,0.4,calibrated,0.7966,2.2034580392361898,zero_shot_Model_C
N12_D0500_Q0.5,12.0,500,0.5,calibrated,0.9859,2.1796874333876355,zero_shot_Model_C
N12_D0500_Q0.6,12.0,500,0.6,calibrated,1.2293,2.1558763160739516,zero_shot_Model_C
N12_D0500_Q0.7,12.0,500,0.7,calibrated,1.4001,2.1320142641871382,zero_shot_Model_C
N12_D0500_Q0.8,12.0,500,0.8,calibrated,1.6431,2.108083539961398,zero_shot_Model_C
N12_D0500_Q0.9,12.0,500,0.9,calibrated,1.8108,2.0840466688873436,zero_shot_Model_C
N12_D0500_Q0.95,12.0,500,0.95,calibrated,1.9414,2.0719575789029068,zero_shot_Model_C
N12_D0500_Q1.0,12.0,500,1.0,calibrated,2.0759,2.0597255087339263,zero_shot_Model_C
N12_D1000_Q0.05,12.0,1000,0.05,calibrated,0.5,2.2480048380051607,zero_shot_Model_C
N12_D1000_Q0.1,12.0,1000,0.1,calibrated,0.5,2.2361717993645844,zero_shot_Model_C
N12_D1000_Q0.2,12.0,1000,0.2,calibrated,0.5,2.2124887012950296,zero_shot_Model_C
N12_D1000_Q0.3,12.0,1000,0.3,calibrated,0.544,2.188780489405495,zero_shot_Model_C
N12_D1000_Q0.4,12.0,1000,0.4,calibrated,0.7804,2.1650435201023908,zero_shot_Model_C
N12_D1000_Q0.5,12.0,1000,0.5,calibrated,0.9814,2.1412729142538365,zero_shot_Model_C
N12_D1000_Q0.6,12.0,1000,0.6,calibrated,1.193,2.1174617969401526,zero_shot_Model_C
N12_D1000_Q0.7,12.0,1000,0.7,calibrated,1.4183,2.0935997450533392,zero_shot_Model_C
N12_D1000_Q0.8,12.0,1000,0.8,calibrated,1.5722,2.069669020827599,zero_shot_Model_C
N12_D1000_Q0.9,12.0,1000,0.9,calibrated,1.826,2.0456321497535446,zero_shot_Model_C
N12_D1000_Q0.95,12.0,1000,0.95,calibrated,1.9075,2.0335430597691078,zero_shot_Model_C
N12_D1000_Q1.0,12.0,1000,1.0,calibrated,2.0468,2.0213109896001273,zero_shot_Model_C
N12_D2000_Q0.05,12.0,2000,0.05,calibrated,0.5,2.2163643123979013,zero_shot_Model_C
N12_D2000_Q0.1,12.0,2000,0.1,calibrated,0.5,2.204531273757325,zero_shot_Model_C
N12_D2000_Q0.2,12.0,2000,0.2,calibrated,0.5,2.1808481756877702,zero_shot_Model_C
N12_D2000_Q0.3,12.0,2000,0.3,calibrated,0.5484,2.157139963798236,zero_shot_Model_C
N12_D2000_Q0.4,12.0,2000,0.4,calibrated,0.7469,2.1334029944951314,zero_shot_Model_C
N12_D2000_Q0.5,12.0,2000,0.5,calibrated,0.9661,2.109632388646577,zero_shot_Model_C
N12_D2000_Q0.6,12.0,2000,0.6,calibrated,1.1885,2.085821271332893,zero_shot_Model_C
N12_D2000_Q0.7,12.0,2000,0.7,calibrated,1.3664,2.06195921944608,zero_shot_Model_C
N12_D2000_Q0.8,12.0,2000,0.8,calibrated,1.6065,2.0380284952203396,zero_shot_Model_C
N12_D2000_Q0.9,12.0,2000,0.9,calibrated,1.7583,2.013991624146285,zero_shot_Model_C
N12_D2000_Q0.95,12.0,2000,0.95,calibrated,1.9375,2.0019025341618484,zero_shot_Model_C
N12_D2000_Q1.0,12.0,2000,1.0,calibrated,1.9695,1.989670463992868,zero_shot_Model_C
N20_D0005_Q0.05,20.0,5,0.05,extrapolated,0.5,2.816817687306619,zero_shot_Model_C
N20_D0005_Q0.1,20.0,5,0.1,extrapolated,0.5,2.8059248602801534,zero_shot_Model_C
N20_D0005_Q0.2,20.0,5,0.2,extrapolated,0.5,2.784123537850777,zero_shot_Model_C
N20_D0005_Q0.3,20.0,5,0.3,extrapolated,0.6738,2.76229909705719,zero_shot_Model_C
N20_D0005_Q0.4,20.0,5,0.4,extrapolated,0.9583,2.7404481838129273,zero_shot_Model_C
N20_D0005_Q0.5,20.0,5,0.5,extrapolated,1.2067,2.7185663066647616,zero_shot_Model_C
N20_D0005_Q0.6,20.0,5,0.6,extrapolated,1.5155,2.6966471369499403,zero_shot_Model_C
N20_D0005_Q0.7,20.0,5,0.7,extrapolated,1.7701,2.6746810797439493,zero_shot_Model_C
N20_D0005_Q0.8,20.0,5,0.8,extrapolated,2.0429,2.6526518066614493,zero_shot_Model_C
N20_D0005_Q0.9,20.0,5,0.9,extrapolated,2.3981,2.6305248207857086,zero_shot_Model_C
N20_D0005_Q0.95,20.0,5,0.95,extrapolated,2.5077,2.619396287354212,zero_shot_Model_C
N20_D0005_Q1.0,20.0,5,1.0,extrapolated,2.5772,2.608136134440539,zero_shot_Model_C
N20_D0020_Q0.05,20.0,20,0.05,extrapolated,0.5,2.562605907152976,zero_shot_Model_C
N20_D0020_Q0.1,20.0,20,0.1,extrapolated,0.5,2.55171308012651,zero_shot_Model_C
N20_D0020_Q0.2,20.0,20,0.2,extrapolated,0.5,2.5299117576971337,zero_shot_Model_C
N20_D0020_Q0.3,20.0,20,0.3,extrapolated,0.5948,2.5080873169035467,zero_shot_Model_C
N20_D0020_Q0.4,20.0,20,0.4,extrapolated,0.8354,2.4862364036592846,zero_shot_Model_C
N20_D0020_Q0.5,20.0,20,0.5,extrapolated,1.0991,2.4643545265111184,zero_shot_Model_C
N20_D0020_Q0.6,20.0,20,0.6,extrapolated,1.3714,2.442435356796297,zero_shot_Model_C
N20_D0020_Q0.7,20.0,20,0.7,extrapolated,1.6057,2.420469299590306,zero_shot_Model_C
N20_D0020_Q0.8,20.0,20,0.8,extrapolated,1.8837,2.398440026507806,zero_shot_Model_C
N20_D0020_Q0.9,20.0,20,0.9,extrapolated,2.0254,2.3763130406320654,zero_shot_Model_C
N20_D0020_Q0.95,20.0,20,0.95,extrapolated,2.2272,2.365184507200569,zero_shot_Model_C
N20_D0020_Q1.0,20.0,20,1.0,extrapolated,2.3884,2.353924354286896,zero_shot_Model_C
N20_D0050_Q0.05,20.0,50,0.05,extrapolated,0.5,2.441294066200342,zero_shot_Model_C
N20_D0050_Q0.1,20.0,50,0.1,extrapolated,0.5,2.4304012391738765,zero_shot_Model_C
N20_D0050_Q0.2,20.0,50,0.2,extrapolated,0.5,2.4085999167445,zero_shot_Model_C
N20_D0050_Q0.3,20.0,50,0.3,extrapolated,0.5672,2.386775475950913,zero_shot_Model_C
N20_D0050_Q0.4,20.0,50,0.4,extrapolated,0.8172,2.3649245627066504,zero_shot_Model_C
N20_D0050_Q0.5,20.0,50,0.5,extrapolated,1.0322,2.3430426855584847,zero_shot_Model_C
N20_D0050_Q0.6,20.0,50,0.6,extrapolated,1.2838,2.3211235158436634,zero_shot_Model_C
N20_D0050_Q0.7,20.0,50,0.7,extrapolated,1.5601,2.2991574586376724,zero_shot_Model_C
N20_D0050_Q0.8,20.0,50,0.8,extrapolated,1.8085,2.2771281855551724,zero_shot_Model_C
N20_D0050_Q0.9,20.0,50,0.9,extrapolated,2.0156,2.2550011996794317,zero_shot_Model_C
N20_D0050_Q0.95,20.0,50,0.95,extrapolated,2.0825,2.243872666247935,zero_shot_Model_C
N20_D0050_Q1.0,20.0,50,1.0,extrapolated,2.2835,2.2326125133342622,zero_shot_Model_C
N20_D0100_Q0.05,20.0,100,0.05,extrapolated,0.5,2.36811724670836,zero_shot_Model_C
N20_D0100_Q0.1,20.0,100,0.1,extrapolated,0.5,2.3572244196818946,zero_shot_Model_C
N20_D0100_Q0.2,20.0,100,0.2,extrapolated,0.5,2.335423097252518,zero_shot_Model_C
N20_D0100_Q0.3,20.0,100,0.3,extrapolated,0.5564,2.313598656458931,zero_shot_Model_C
N20_D0100_Q0.4,20.0,100,0.4,extrapolated,0.793,2.2917477432146685,zero_shot_Model_C
N20_D0100_Q0.5,20.0,100,0.5,extrapolated,0.9903,2.2698658660665028,zero_shot_Model_C
N20_D0100_Q0.6,20.0,100,0.6,extrapolated,1.2411,2.2479466963516814,zero_shot_Model_C
N20_D0100_Q0.7,20.0,100,0.7,extrapolated,1.4352,2.2259806391456904,zero_shot_Model_C
N20_D0100_Q0.8,20.0,100,0.8,extrapolated,1.7346,2.2039513660631904,zero_shot_Model_C
N20_D0100_Q0.9,20.0,100,0.9,extrapolated,1.9249,2.1818243801874497,zero_shot_Model_C
N20_D0100_Q0.95,20.0,100,0.95,extrapolated,2.0146,2.170695846755953,zero_shot_Model_C
N20_D0100_Q1.0,20.0,100,1.0,extrapolated,2.1626,2.1594356938422803,zero_shot_Model_C
N20_D0150_Q0.05,20.0,150,0.05,extrapolated,0.5,2.3314493623840886,zero_shot_Model_C
N20_D0150_Q0.1,20.0,150,0.1,extrapolated,0.5,2.320556535357623,zero_shot_Model_C
N20_D0150_Q0.2,20.0,150,0.2,extrapolated,0.5,2.2987552129282465,zero_shot_Model_C
N20_D0150_Q0.3,20.0,150,0.3,extrapolated,0.5609,2.2769307721346594,zero_shot_Model_C
N20_D0150_Q0.4,20.0,150,0.4,extrapolated,0.7726,2.2550798588903973,zero_shot_Model_C
N20_D0150_Q0.5,20.0,150,0.5,extrapolated,1.0014,2.233197981742231,zero_shot_Model_C
N20_D0150_Q0.6,20.0,150,0.6,extrapolated,1.2131,2.21127881202741,zero_shot_Model_C
N20_D0150_Q0.7,20.0,150,0.7,extrapolated,1.4349,2.189312754821419,zero_shot_Model_C
N20_D0150_Q0.8,20.0,150,0.8,extrapolated,1.6867,2.167283481738919,zero_shot_Model_C
N20_D0150_Q0.9,20.0,150,0.9,extrapolated,1.9415,2.145156495863178,zero_shot_Model_C
N20_D0150_Q0.95,20.0,150,0.95,extrapolated,1.9787,2.1340279624316816,zero_shot_Model_C
N20_D0150_Q1.0,20.0,150,1.0,extrapolated,2.202,2.1227678095180087,zero_shot_Model_C
N20_D0500_Q0.05,20.0,500,0.05,extrapolated,0.5,2.244161156785478,zero_shot_Model_C
N20_D0500_Q0.1,20.0,500,0.1,extrapolated,0.5,2.2332683297590123,zero_shot_Model_C
N20_D0500_Q0.2,20.0,500,0.2,extrapolated,0.5,2.211467007329636,zero_shot_Model_C
N20_D0500_Q0.3,20.0,500,0.3,extrapolated,0.5267,2.189642566536049,zero_shot_Model_C
N20_D0500_Q0.4,20.0,500,0.4,extrapolated,0.7311,2.1677916532917862,zero_shot_Model_C
N20_D0500_Q0.5,20.0,500,0.5,extrapolated,0.9588,2.1459097761436206,zero_shot_Model_C
N20_D0500_Q0.6,20.0,500,0.6,extrapolated,1.1533,2.123990606428799,zero_shot_Model_C
N20_D0500_Q0.7,20.0,500,0.7,extrapolated,1.3975,2.1020245492228082,zero_shot_Model_C
N20_D0500_Q0.8,20.0,500,0.8,extrapolated,1.5833,2.079995276140308,zero_shot_Model_C
N20_D0500_Q0.9,20.0,500,0.9,extrapolated,1.8347,2.0578682902645675,zero_shot_Model_C
N20_D0500_Q0.95,20.0,500,0.95,extrapolated,1.9382,2.046739756833071,zero_shot_Model_C
N20_D0500_Q1.0,20.0,500,1.0,extrapolated,2.0683,2.035479603919398,zero_shot_Model_C
N20_D1000_Q0.05,20.0,1000,0.05,extrapolated,0.5,2.2057466376516786,zero_shot_Model_C
N20_D1000_Q0.1,20.0,1000,0.1,extrapolated,0.5,2.1948538106252133,zero_shot_Model_C
N20_D1000_Q0.2,20.0,1000,0.2,extrapolated,0.5,2.1730524881958364,zero_shot_Model_C
N20_D1000_Q0.3,20.0,1000,0.3,extrapolated,0.5122,2.1512280474022494,zero_shot_Model_C
N20_D1000_Q0.4,20.0,1000,0.4,extrapolated,0.7145,2.1293771341579872,zero_shot_Model_C
N20_D1000_Q0.5,20.0,1000,0.5,extrapolated,0.9421,2.1074952570098215,zero_shot_Model_C
N20_D1000_Q0.6,20.0,1000,0.6,extrapolated,1.156,2.0855760872949998,zero_shot_Model_C
N20_D1000_Q0.7,20.0,1000,0.7,extrapolated,1.3503,2.0636100300890092,zero_shot_Model_C
N20_D1000_Q0.8,20.0,1000,0.8,extrapolated,1.5928,2.0415807570065088,zero_shot_Model_C
N20_D1000_Q0.9,20.0,1000,0.9,extrapolated,1.8254,2.0194537711307685,zero_shot_Model_C
N20_D1000_Q0.95,20.0,1000,0.95,extrapolated,1.8833,2.0083252376992715,zero_shot_Model_C
N20_D1000_Q1.0,20.0,1000,1.0,extrapolated,1.9818,1.9970650847855989,zero_shot_Model_C
N20_D2000_Q0.05,20.0,2000,0.05,extrapolated,0.5,2.174106112044419,zero_shot_Model_C
N20_D2000_Q0.1,20.0,2000,0.1,extrapolated,0.5,2.163213285017954,zero_shot_Model_C
N20_D2000_Q0.2,20.0,2000,0.2,extrapolated,0.5,2.141411962588577,zero_shot_Model_C
N20_D2000_Q0.3,20.0,2000,0.3,extrapolated,0.5,2.11958752179499,zero_shot_Model_C
N20_D2000_Q0.4,20.0,2000,0.4,extrapolated,0.7172,2.097736608550728,zero_shot_Model_C
N20_D2000_Q0.5,20.0,2000,0.5,extrapolated,0.9179,2.075854731402562,zero_shot_Model_C
N20_D2000_Q0.6,20.0,2000,0.6,extrapolated,1.1399,2.0539355616877404,zero_shot_Model_C
N20_D2000_Q0.7,20.0,2000,0.7,extrapolated,1.352,2.03196950448175,zero_shot_Model_C
N20_D2000_Q0.8,20.0,2000,0.8,extrapolated,1.5389,2.0099402313992494,zero_shot_Model_C
N20_D2000_Q0.9,20.0,2000,0.9,extrapolated,1.7931,1.9878132455235091,zero_shot_Model_C
N20_D2000_Q0.95,20.0,2000,0.95,extrapolated,1.8594,1.9766847120920124,zero_shot_Model_C
N20_D2000_Q1.0,20.0,2000,1.0,extrapolated,1.9584,1.9654245591783395,zero_shot_Model_C
N40_D0005_Q0.05,40.0,5,0.05,extrapolated,0.5,2.767804158988024,zero_shot_Model_C
N40_D0005_Q0.1,40.0,5,0.1,extrapolated,0.5,2.758068803918372,zero_shot_Model_C
N40_D0005_Q0.2,40.0,5,0.2,extrapolated,0.5,2.73858409032453,zero_shot_Model_C
N40_D0005_Q0.3,40.0,5,0.3,extrapolated,0.5852,2.7190787149241915,zero_shot_Model_C
N40_D0005_Q0.4,40.0,5,0.4,extrapolated,0.867,2.6995496800361676,zero_shot_Model_C
N40_D0005_Q0.5,40.0,5,0.5,extrapolated,1.1797,2.6799929714691157,zero_shot_Model_C
N40_D0005_Q0.6,40.0,5,0.6,extrapolated,1.4673,2.6604029330440784,zero_shot_Model_C
N40_D0005_Q0.7,40.0,5,0.7,extrapolated,1.664,2.640770989393359,zero_shot_Model_C
N40_D0005_Q0.8,40.0,5,0.8,extrapolated,2.0255,2.621082547186079,zero_shot_Model_C
N40_D0005_Q0.9,40.0,5,0.9,extrapolated,2.2617,2.6013067751483767,zero_shot_Model_C
N40_D0005_Q0.95,40.0,5,0.95,extrapolated,2.4282,2.5913607598396893,zero_shot_Model_C
N40_D0005_Q1.0,40.0,5,1.0,extrapolated,2.5961,2.5812971109368985,zero_shot_Model_C
N40_D0020_Q0.05,40.0,20,0.05,extrapolated,0.5,2.513592378834381,zero_shot_Model_C
N40_D0020_Q0.1,40.0,20,0.1,extrapolated,0.5,2.503857023764729,zero_shot_Model_C
N40_D0020_Q0.2,40.0,20,0.2,extrapolated,0.5,2.4843723101708868,zero_shot_Model_C
N40_D0020_Q0.3,40.0,20,0.3,extrapolated,0.5362,2.4648669347705483,zero_shot_Model_C
N40_D0020_Q0.4,40.0,20,0.4,extrapolated,0.7886,2.4453378998825244,zero_shot_Model_C
N40_D0020_Q0.5,40.0,20,0.5,extrapolated,1.0198,2.4257811913154725,zero_shot_Model_C
N40_D0020_Q0.6,40.0,20,0.6,extrapolated,1.3092,2.406191152890435,zero_shot_Model_C
N40_D0020_Q0.7,40.0,20,0.7,extrapolated,1.562,2.386559209239716,zero_shot_Model_C
N40_D0020_Q0.8,40.0,20,0.8,extrapolated,1.7885,2.366870767032436,zero_shot_Model_C
N40_D0020_Q0.9,40.0,20,0.9,extrapolated,2.0261,2.3470949949947335,zero_shot_Model_C
N40_D0020_Q0.95,40.0,20,0.95,extrapolated,2.1982,2.337148979686046,zero_shot_Model_C
N40_D0020_Q1.0,40.0,20,1.0,extrapolated,2.3679,2.3270853307832553,zero_shot_Model_C
N40_D0050_Q0.05,40.0,50,0.05,extrapolated,0.5,2.392280537881747,zero_shot_Model_C
N40_D0050_Q0.1,40.0,50,0.1,extrapolated,0.5,2.382545182812095,zero_shot_Model_C
N40_D0050_Q0.2,40.0,50,0.2,extrapolated,0.5,2.363060469218253,zero_shot_Model_C
N40_D0050_Q0.3,40.0,50,0.3,extrapolated,0.5011,2.3435550938179146,zero_shot_Model_C
N40_D0050_Q0.4,40.0,50,0.4,extrapolated,0.7348,2.3240260589298907,zero_shot_Model_C
N40_D0050_Q0.5,40.0,50,0.5,extrapolated,1.0179,2.304469350362839,zero_shot_Model_C
N40_D0050_Q0.6,40.0,50,0.6,extrapolated,1.2307,2.2848793119378015,zero_shot_Model_C
N40_D0050_Q0.7,40.0,50,0.7,extrapolated,1.4863,2.265247368287082,zero_shot_Model_C
N40_D0050_Q0.8,40.0,50,0.8,extrapolated,1.6999,2.245558926079802,zero_shot_Model_C
N40_D0050_Q0.9,40.0,50,0.9,extrapolated,1.9707,2.2257831540421,zero_shot_Model_C
N40_D0050_Q0.95,40.0,50,0.95,extrapolated,2.0827,2.2158371387334124,zero_shot_Model_C
N40_D0050_Q1.0,40.0,50,1.0,extrapolated,2.262,2.2057734898306216,zero_shot_Model_C
N40_D0100_Q0.05,40.0,100,0.05,extrapolated,0.5,2.319103718389765,zero_shot_Model_C
N40_D0100_Q0.1,40.0,100,0.1,extrapolated,0.5,2.309368363320113,zero_shot_Model_C
N40_D0100_Q0.2,40.0,100,0.2,extrapolated,0.5,2.289883649726271,zero_shot_Model_C
N40_D0100_Q0.3,40.0,100,0.3,extrapolated,0.5,2.2703782743259326,zero_shot_Model_C
N40_D0100_Q0.4,40.0,100,0.4,extrapolated,0.7481,2.2508492394379087,zero_shot_Model_C
N40_D0100_Q0.5,40.0,100,0.5,extrapolated,0.9344,2.231292530870857,zero_shot_Model_C
N40_D0100_Q0.6,40.0,100,0.6,extrapolated,1.1814,2.2117024924458195,zero_shot_Model_C
N40_D0100_Q0.7,40.0,100,0.7,extrapolated,1.417,2.1920705487951,zero_shot_Model_C
N40_D0100_Q0.8,40.0,100,0.8,extrapolated,1.6703,2.17238210658782,zero_shot_Model_C
N40_D0100_Q0.9,40.0,100,0.9,extrapolated,1.9207,2.152606334550118,zero_shot_Model_C
N40_D0100_Q0.95,40.0,100,0.95,extrapolated,2.0172,2.1426603192414304,zero_shot_Model_C
N40_D0100_Q1.0,40.0,100,1.0,extrapolated,2.1214,2.1325966703386396,zero_shot_Model_C
N40_D0150_Q0.05,40.0,150,0.05,extrapolated,0.5,2.2824358340654936,zero_shot_Model_C
N40_D0150_Q0.1,40.0,150,0.1,extrapolated,0.5,2.2727004789958416,zero_shot_Model_C
N40_D0150_Q0.2,40.0,150,0.2,extrapolated,0.5,2.2532157654019995,zero_shot_Model_C
N40_D0150_Q0.3,40.0,150,0.3,extrapolated,0.5,2.233710390001661,zero_shot_Model_C
N40_D0150_Q0.4,40.0,150,0.4,extrapolated,0.7164,2.214181355113637,zero_shot_Model_C
N40_D0150_Q0.5,40.0,150,0.5,extrapolated,0.9445,2.1946246465465853,zero_shot_Model_C
N40_D0150_Q0.6,40.0,150,0.6,extrapolated,1.2004,2.175034608121548,zero_shot_Model_C
N40_D0150_Q0.7,40.0,150,0.7,extrapolated,1.4026,2.1554026644708286,zero_shot_Model_C
N40_D0150_Q0.8,40.0,150,0.8,extrapolated,1.6463,2.1357142222635486,zero_shot_Model_C
N40_D0150_Q0.9,40.0,150,0.9,extrapolated,1.8339,2.1159384502258463,zero_shot_Model_C
N40_D0150_Q0.95,40.0,150,0.95,extrapolated,1.9979,2.105992434917159,zero_shot_Model_C
N40_D0150_Q1.0,40.0,150,1.0,extrapolated,2.0917,2.095928786014368,zero_shot_Model_C
N40_D0500_Q0.05,40.0,500,0.05,extrapolated,0.5,2.195147628466883,zero_shot_Model_C
N40_D0500_Q0.1,40.0,500,0.1,extrapolated,0.5,2.185412273397231,zero_shot_Model_C
N40_D0500_Q0.2,40.0,500,0.2,extrapolated,0.5,2.165927559803389,zero_shot_Model_C
N40_D0500_Q0.3,40.0,500,0.3,extrapolated,0.5,2.1464221844030504,zero_shot_Model_C
N40_D0500_Q0.4,40.0,500,0.4,extrapolated,0.7035,2.1268931495150265,zero_shot_Model_C
N40_D0500_Q0.5,40.0,500,0.5,extrapolated,0.8866,2.1073364409479747,zero_shot_Model_C
N40_D0500_Q0.6,40.0,500,0.6,extrapolated,1.1238,2.0877464025229373,zero_shot_Model_C
N40_D0500_Q0.7,40.0,500,0.7,extrapolated,1.351,2.068114458872218,zero_shot_Model_C
N40_D0500_Q0.8,40.0,500,0.8,extrapolated,1.5771,2.048426016664938,zero_shot_Model_C
N40_D0500_Q0.9,40.0,500,0.9,extrapolated,1.7729,2.0286502446272356,zero_shot_Model_C
N40_D0500_Q0.95,40.0,500,0.95,extrapolated,1.8226,2.018704229318548,zero_shot_Model_C
N40_D0500_Q1.0,40.0,500,1.0,extrapolated,2.0298,2.0086405804157574,zero_shot_Model_C
N40_D1000_Q0.05,40.0,1000,0.05,extrapolated,0.5,2.1567331093330835,zero_shot_Model_C
N40_D1000_Q0.1,40.0,1000,0.1,extrapolated,0.5,2.146997754263432,zero_shot_Model_C
N40_D1000_Q0.2,40.0,1000,0.2,extrapolated,0.5,2.1275130406695895,zero_shot_Model_C
N40_D1000_Q0.3,40.0,1000,0.3,extrapolated,0.5,2.108007665269251,zero_shot_Model_C
N40_D1000_Q0.4,40.0,1000,0.4,extrapolated,0.6682,2.0884786303812275,zero_shot_Model_C
N40_D1000_Q0.5,40.0,1000,0.5,extrapolated,0.8929,2.0689219218141757,zero_shot_Model_C
N40_D1000_Q0.6,40.0,1000,0.6,extrapolated,1.1087,2.049331883389138,zero_shot_Model_C
N40_D1000_Q0.7,40.0,1000,0.7,extrapolated,1.3121,2.0296999397384186,zero_shot_Model_C
N40_D1000_Q0.8,40.0,1000,0.8,extrapolated,1.5165,2.0100114975311385,zero_shot_Model_C
N40_D1000_Q0.9,40.0,1000,0.9,extrapolated,1.7375,1.9902357254934366,zero_shot_Model_C
N40_D1000_Q0.95,40.0,1000,0.95,extrapolated,1.8219,1.980289710184749,zero_shot_Model_C
N40_D1000_Q1.0,40.0,1000,1.0,extrapolated,1.9394,1.9702260612819582,zero_shot_Model_C
N40_D2000_Q0.05,40.0,2000,0.05,extrapolated,0.5,2.125092583725824,zero_shot_Model_C
N40_D2000_Q0.1,40.0,2000,0.1,extrapolated,0.5,2.1153572286561726,zero_shot_Model_C
N40_D2000_Q0.2,40.0,2000,0.2,extrapolated,0.5,2.09587251506233,zero_shot_Model_C
N40_D2000_Q0.3,40.0,2000,0.3,extrapolated,0.5,2.0763671396619916,zero_shot_Model_C
N40_D2000_Q0.4,40.0,2000,0.4,extrapolated,0.6377,2.056838104773968,zero_shot_Model_C
N40_D2000_Q0.5,40.0,2000,0.5,extrapolated,0.8589,2.0372813962069163,zero_shot_Model_C
N40_D2000_Q0.6,40.0,2000,0.6,extrapolated,1.0771,2.0176913577818785,zero_shot_Model_C
N40_D2000_Q0.7,40.0,2000,0.7,extrapolated,1.3187,1.9980594141311592,zero_shot_Model_C
N40_D2000_Q0.8,40.0,2000,0.8,extrapolated,1.5044,1.9783709719238793,zero_shot_Model_C
N40_D2000_Q0.9,40.0,2000,0.9,extrapolated,1.7336,1.9585951998861773,zero_shot_Model_C
N40_D2000_Q0.95,40.0,2000,0.95,extrapolated,1.7276,1.9486491845774896,zero_shot_Model_C
N40_D2000_Q1.0,40.0,2000,1.0,extrapolated,1.9275,1.9385855356746988,zero_shot_Model_C
N70_D0005_Q0.05,70.0,5,0.05,extrapolated,0.5,2.7341343644541136,zero_shot_Model_C
N70_D0005_Q0.1,70.0,5,0.1,extrapolated,0.5,2.7252431331451334,zero_shot_Model_C
N70_D0005_Q0.2,70.0,5,0.2,extrapolated,0.5,2.7074478812706393,zero_shot_Model_C
N70_D0005_Q0.3,70.0,5,0.3,extrapolated,0.5039,2.6896337591136024,zero_shot_Model_C
N70_D0005_Q0.4,70.0,5,0.4,extrapolated,0.8232,2.6717980289128778,zero_shot_Model_C
N70_D0005_Q0.5,70.0,5,0.5,extrapolated,1.1008,2.6539370245357468,zero_shot_Model_C
N70_D0005_Q0.6,70.0,5,0.6,extrapolated,1.4166,2.6360455802337515,zero_shot_Model_C
N70_D0005_Q0.7,70.0,5,0.7,extrapolated,1.6785,2.6181158641838924,zero_shot_Model_C
N70_D0005_Q0.8,70.0,5,0.8,extrapolated,2.0006,2.6001345483997236,zero_shot_Model_C
N70_D0005_Q0.9,70.0,5,0.9,extrapolated,2.2782,2.582073474895687,zero_shot_Model_C
N70_D0005_Q0.95,70.0,5,0.95,extrapolated,2.4175,2.5729898490721284,zero_shot_Model_C
N70_D0005_Q1.0,70.0,5,1.0,extrapolated,2.6033,2.5637987893144816,zero_shot_Model_C
N70_D0020_Q0.05,70.0,20,0.05,extrapolated,0.5,2.479922584300471,zero_shot_Model_C
N70_D0020_Q0.1,70.0,20,0.1,extrapolated,0.5,2.4710313529914907,zero_shot_Model_C
N70_D0020_Q0.2,70.0,20,0.2,extrapolated,0.5,2.4532361011169965,zero_shot_Model_C
N70_D0020_Q0.3,70.0,20,0.3,extrapolated,0.5,2.4354219789599596,zero_shot_Model_C
N70_D0020_Q0.4,70.0,20,0.4,extrapolated,0.7217,2.417586248759235,zero_shot_Model_C
N70_D0020_Q0.5,70.0,20,0.5,extrapolated,0.9839,2.399725244382104,zero_shot_Model_C
N70_D0020_Q0.6,70.0,20,0.6,extrapolated,1.2611,2.3818338000801087,zero_shot_Model_C
N70_D0020_Q0.7,70.0,20,0.7,extrapolated,1.5062,2.3639040840302497,zero_shot_Model_C
N70_D0020_Q0.8,70.0,20,0.8,extrapolated,1.7756,2.345922768246081,zero_shot_Model_C
N70_D0020_Q0.9,70.0,20,0.9,extrapolated,2.0434,2.3278616947420443,zero_shot_Model_C
N70_D0020_Q0.95,70.0,20,0.95,extrapolated,2.1901,2.3187780689184856,zero_shot_Model_C
N70_D0020_Q1.0,70.0,20,1.0,extrapolated,2.3369,2.309587009160839,zero_shot_Model_C
N70_D0050_Q0.05,70.0,50,0.05,extrapolated,0.5,2.3586107433478367,zero_shot_Model_C
N70_D0050_Q0.1,70.0,50,0.1,extrapolated,0.5,2.3497195120388565,zero_shot_Model_C
N70_D0050_Q0.2,70.0,50,0.2,extrapolated,0.5,2.3319242601643624,zero_shot_Model_C
N70_D0050_Q0.3,70.0,50,0.3,extrapolated,0.5,2.3141101380073255,zero_shot_Model_C
N70_D0050_Q0.4,70.0,50,0.4,extrapolated,0.7053,2.296274407806601,zero_shot_Model_C
N70_D0050_Q0.5,70.0,50,0.5,extrapolated,0.9448,2.27841340342947,zero_shot_Model_C
N70_D0050_Q0.6,70.0,50,0.6,extrapolated,1.1924,2.2605219591274746,zero_shot_Model_C
N70_D0050_Q0.7,70.0,50,0.7,extrapolated,1.4475,2.2425922430776155,zero_shot_Model_C
N70_D0050_Q0.8,70.0,50,0.8,extrapolated,1.6973,2.2246109272934467,zero_shot_Model_C
N70_D0050_Q0.9,70.0,50,0.9,extrapolated,1.9752,2.20654985378941,zero_shot_Model_C
N70_D0050_Q0.95,70.0,50,0.95,extrapolated,2.1097,2.1974662279658514,zero_shot_Model_C
N70_D0050_Q1.0,70.0,50,1.0,extrapolated,2.2162,2.1882751682082047,zero_shot_Model_C
N70_D0100_Q0.05,70.0,100,0.05,extrapolated,0.5,2.285433923855855,zero_shot_Model_C
N70_D0100_Q0.1,70.0,100,0.1,extrapolated,0.5,2.276542692546875,zero_shot_Model_C
N70_D0100_Q0.2,70.0,100,0.2,extrapolated,0.5,2.258747440672381,zero_shot_Model_C
N70_D0100_Q0.3,70.0,100,0.3,extrapolated,0.5,2.240933318515344,zero_shot_Model_C
N70_D0100_Q0.4,70.0,100,0.4,extrapolated,0.6765,2.2230975883146193,zero_shot_Model_C
N70_D0100_Q0.5,70.0,100,0.5,extrapolated,0.9072,2.2052365839374883,zero_shot_Model_C
N70_D0100_Q0.6,70.0,100,0.6,extrapolated,1.1486,2.187345139635493,zero_shot_Model_C
N70_D0100_Q0.7,70.0,100,0.7,extrapolated,1.3726,2.169415423585634,zero_shot_Model_C
N70_D0100_Q0.8,70.0,100,0.8,extrapolated,1.6395,2.151434107801465,zero_shot_Model_C
N70_D0100_Q0.9,70.0,100,0.9,extrapolated,1.905,2.1333730342974286,zero_shot_Model_C
N70_D0100_Q0.95,70.0,100,0.95,extrapolated,1.9747,2.12428940847387,zero_shot_Model_C
N70_D0100_Q1.0,70.0,100,1.0,extrapolated,2.1223,2.115098348716223,zero_shot_Model_C
N70_D0150_Q0.05,70.0,150,0.05,extrapolated,0.5,2.2487660395315836,zero_shot_Model_C
N70_D0150_Q0.1,70.0,150,0.1,extrapolated,0.5,2.2398748082226034,zero_shot_Model_C
N70_D0150_Q0.2,70.0,150,0.2,extrapolated,0.5,2.2220795563481093,zero_shot_Model_C
N70_D0150_Q0.3,70.0,150,0.3,extrapolated,0.5,2.2042654341910723,zero_shot_Model_C
N70_D0150_Q0.4,70.0,150,0.4,extrapolated,0.6507,2.1864297039903478,zero_shot_Model_C
N70_D0150_Q0.5,70.0,150,0.5,extrapolated,0.8903,2.1685686996132167,zero_shot_Model_C
N70_D0150_Q0.6,70.0,150,0.6,extrapolated,1.1506,2.1506772553112214,zero_shot_Model_C
N70_D0150_Q0.7,70.0,150,0.7,extrapolated,1.3601,2.1327475392613624,zero_shot_Model_C
N70_D0150_Q0.8,70.0,150,0.8,extrapolated,1.5779,2.1147662234771936,zero_shot_Model_C
N70_D0150_Q0.9,70.0,150,0.9,extrapolated,1.8604,2.096705149973157,zero_shot_Model_C
N70_D0150_Q0.95,70.0,150,0.95,extrapolated,1.9377,2.0876215241495983,zero_shot_Model_C
N70_D0150_Q1.0,70.0,150,1.0,extrapolated,2.0817,2.0784304643919516,zero_shot_Model_C
N70_D0500_Q0.05,70.0,500,0.05,extrapolated,0.5,2.161477833932973,zero_shot_Model_C
N70_D0500_Q0.1,70.0,500,0.1,extrapolated,0.5,2.1525866026239924,zero_shot_Model_C
N70_D0500_Q0.2,70.0,500,0.2,extrapolated,0.5,2.1347913507494987,zero_shot_Model_C
N70_D0500_Q0.3,70.0,500,0.3,extrapolated,0.5,2.1169772285924617,zero_shot_Model_C
N70_D0500_Q0.4,70.0,500,0.4,extrapolated,0.6398,2.099141498391737,zero_shot_Model_C
N70_D0500_Q0.5,70.0,500,0.5,extrapolated,0.8696,2.081280494014606,zero_shot_Model_C
N70_D0500_Q0.6,70.0,500,0.6,extrapolated,1.0654,2.063389049712611,zero_shot_Model_C
N70_D0500_Q0.7,70.0,500,0.7,extrapolated,1.3269,2.0454593336627513,zero_shot_Model_C
N70_D0500_Q0.8,70.0,500,0.8,extrapolated,1.552,2.0274780178785825,zero_shot_Model_C
N70_D0500_Q0.9,70.0,500,0.9,extrapolated,1.7856,2.009416944374546,zero_shot_Model_C
N70_D0500_Q0.95,70.0,500,0.95,extrapolated,1.8785,2.0003333185509873,zero_shot_Model_C
N70_D0500_Q1.0,70.0,500,1.0,extrapolated,2.0232,1.9911422587933407,zero_shot_Model_C
N70_D1000_Q0.05,70.0,1000,0.05,extrapolated,0.5,2.1230633147991735,zero_shot_Model_C
N70_D1000_Q0.1,70.0,1000,0.1,extrapolated,0.5,2.1141720834901934,zero_shot_Model_C
N70_D1000_Q0.2,70.0,1000,0.2,extrapolated,0.5,2.096376831615699,zero_shot_Model_C
N70_D1000_Q0.3,70.0,1000,0.3,extrapolated,0.5,2.0785627094586623,zero_shot_Model_C
N70_D1000_Q0.4,70.0,1000,0.4,extrapolated,0.6331,2.0607269792579377,zero_shot_Model_C
N70_D1000_Q0.5,70.0,1000,0.5,extrapolated,0.8268,2.0428659748808067,zero_shot_Model_C
N70_D1000_Q0.6,70.0,1000,0.6,extrapolated,1.0717,2.0249745305788114,zero_shot_Model_C
N70_D1000_Q0.7,70.0,1000,0.7,extrapolated,1.3056,2.0070448145289523,zero_shot_Model_C
N70_D1000_Q0.8,70.0,1000,0.8,extrapolated,1.5113,1.9890634987447835,zero_shot_Model_C
N70_D1000_Q0.9,70.0,1000,0.9,extrapolated,1.7324,1.9710024252407468,zero_shot_Model_C
N70_D1000_Q0.95,70.0,1000,0.95,extrapolated,1.8305,1.9619187994171883,zero_shot_Model_C
N70_D1000_Q1.0,70.0,1000,1.0,extrapolated,1.9314,1.9527277396595415,zero_shot_Model_C
N70_D2000_Q0.05,70.0,2000,0.05,extrapolated,0.5,2.091422789191914,zero_shot_Model_C
N70_D2000_Q0.1,70.0,2000,0.1,extrapolated,0.5,2.082531557882934,zero_shot_Model_C
N70_D2000_Q0.2,70.0,2000,0.2,extrapolated,0.5,2.06473630600844,zero_shot_Model_C
N70_D2000_Q0.3,70.0,2000,0.3,extrapolated,0.5,2.046922183851403,zero_shot_Model_C
N70_D2000_Q0.4,70.0,2000,0.4,extrapolated,0.6095,2.0290864536506783,zero_shot_Model_C
N70_D2000_Q0.5,70.0,2000,0.5,extrapolated,0.8205,2.0112254492735473,zero_shot_Model_C
N70_D2000_Q0.6,70.0,2000,0.6,extrapolated,1.0279,1.993334004971552,zero_shot_Model_C
N70_D2000_Q0.7,70.0,2000,0.7,extrapolated,1.2745,1.975404288921693,zero_shot_Model_C
N70_D2000_Q0.8,70.0,2000,0.8,extrapolated,1.4713,1.9574229731375241,zero_shot_Model_C
N70_D2000_Q0.9,70.0,2000,0.9,extrapolated,1.7312,1.9393618996334874,zero_shot_Model_C
N70_D2000_Q0.95,70.0,2000,0.95,extrapolated,1.7959,1.930278273809929,zero_shot_Model_C
N70_D2000_Q1.0,70.0,2000,1.0,extrapolated,1.9285,1.921087214052282,zero_shot_Model_C
N120_D0005_Q0.05,120.0,5,0.05,extrapolated,0.5,2.705904760500501,zero_shot_Model_C
N120_D0005_Q0.1,120.0,5,0.1,extrapolated,0.5,2.6977572794473295,zero_shot_Model_C
N120_D0005_Q0.2,120.0,5,0.2,extrapolated,0.5,2.681450597903973,zero_shot_Model_C
N120_D0005_Q0.3,120.0,5,0.3,extrapolated,0.5,2.66512662457457,zero_shot_Model_C
N120_D0005_Q0.4,120.0,5,0.4,extrapolated,0.759,2.6487828507113127,zero_shot_Model_C
N120_D0005_Q0.5,120.0,5,0.5,extrapolated,1.0383,2.6324159168529713,zero_shot_Model_C
N120_D0005_Q0.6,120.0,5,0.6,extrapolated,1.3529,2.616021089365224,zero_shot_Model_C
N120_D0005_Q0.7,120.0,5,0.7,extrapolated,1.6294,2.599591191555971,zero_shot_Model_C
N120_D0005_Q0.8,120.0,5,0.8,extrapolated,1.8929,2.5831140103229684,zero_shot_Model_C
N120_D0005_Q0.9,120.0,5,0.9,extrapolated,2.2776,2.566563743092213,zero_shot_Model_C
N120_D0005_Q0.95,120.0,5,0.95,extrapolated,2.3327,2.5582399612987063,zero_shot_Model_C
N120_D0005_Q1.0,120.0,5,1.0,extrapolated,2.5753,2.5498177324046765,zero_shot_Model_C
N120_D0020_Q0.05,120.0,20,0.05,extrapolated,0.5,2.4516929803468583,zero_shot_Model_C
N120_D0020_Q0.1,120.0,20,0.1,extrapolated,0.5,2.4435454992936867,zero_shot_Model_C
N120_D0020_Q0.2,120.0,20,0.2,extrapolated,0.5,2.42723881775033,zero_shot_Model_C
N120_D0020_Q0.3,120.0,20,0.3,extrapolated,0.5,2.4109148444209274,zero_shot_Model_C
N120_D0020_Q0.4,120.0,20,0.4,extrapolated,0.686,2.39457107055767,zero_shot_Model_C
N120_D0020_Q0.5,120.0,20,0.5,extrapolated,0.9324,2.3782041366993285,zero_shot_Model_C
N120_D0020_Q0.6,120.0,20,0.6,extrapolated,1.2186,2.3618093092115813,zero_shot_Model_C
N120_D0020_Q0.7,120.0,20,0.7,extrapolated,1.4699,2.345379411402328,zero_shot_Model_C
N120_D0020_Q0.8,120.0,20,0.8,extrapolated,1.7489,2.3289022301693256,zero_shot_Model_C
N120_D0020_Q0.9,120.0,20,0.9,extrapolated,2.0566,2.3123519629385703,zero_shot_Model_C
N120_D0020_Q0.95,120.0,20,0.95,extrapolated,2.1247,2.3040281811450636,zero_shot_Model_C
N120_D0020_Q1.0,120.0,20,1.0,extrapolated,2.2493,2.2956059522510337,zero_shot_Model_C
N120_D0050_Q0.05,120.0,50,0.05,extrapolated,0.5,2.330381139394224,zero_shot_Model_C
N120_D0050_Q0.1,120.0,50,0.1,extrapolated,0.5,2.3222336583410526,zero_shot_Model_C
N120_D0050_Q0.2,120.0,50,0.2,extrapolated,0.5,2.305926976797696,zero_shot_Model_C
N120_D0050_Q0.3,120.0,50,0.3,extrapolated,0.5,2.2896030034682933,zero_shot_Model_C
N120_D0050_Q0.4,120.0,50,0.4,extrapolated,0.6689,2.273259229605036,zero_shot_Model_C
N120_D0050_Q0.5,120.0,50,0.5,extrapolated,0.9237,2.2568922957466944,zero_shot_Model_C
N120_D0050_Q0.6,120.0,50,0.6,extrapolated,1.1614,2.240497468258947,zero_shot_Model_C
N120_D0050_Q0.7,120.0,50,0.7,extrapolated,1.3938,2.224067570449694,zero_shot_Model_C
N120_D0050_Q0.8,120.0,50,0.8,extrapolated,1.682,2.2075903892166915,zero_shot_Model_C
N120_D0050_Q0.9,120.0,50,0.9,extrapolated,1.9395,2.191040121985936,zero_shot_Model_C
N120_D0050_Q0.95,120.0,50,0.95,extrapolated,2.0853,2.1827163401924294,zero_shot_Model_C
N120_D0050_Q1.0,120.0,50,1.0,extrapolated,2.2004,2.1742941112983996,zero_shot_Model_C
N120_D0100_Q0.05,120.0,100,0.05,extrapolated,0.5,2.2572043199022427,zero_shot_Model_C
N120_D0100_Q0.1,120.0,100,0.1,extrapolated,0.5,2.249056838849071,zero_shot_Model_C
N120_D0100_Q0.2,120.0,100,0.2,extrapolated,0.5,2.2327501573057145,zero_shot_Model_C
N120_D0100_Q0.3,120.0,100,0.3,extrapolated,0.5,2.2164261839763117,zero_shot_Model_C
N120_D0100_Q0.4,120.0,100,0.4,extrapolated,0.6206,2.2000824101130543,zero_shot_Model_C
N120_D0100_Q0.5,120.0,100,0.5,extrapolated,0.8829,2.183715476254713,zero_shot_Model_C
N120_D0100_Q0.6,120.0,100,0.6,extrapolated,1.1099,2.1673206487669656,zero_shot_Model_C
N120_D0100_Q0.7,120.0,100,0.7,extrapolated,1.3531,2.1508907509577124,zero_shot_Model_C
N120_D0100_Q0.8,120.0,100,0.8,extrapolated,1.5774,2.13441356972471,zero_shot_Model_C
N120_D0100_Q0.9,120.0,100,0.9,extrapolated,1.8321,2.1178633024939546,zero_shot_Model_C
N120_D0100_Q0.95,120.0,100,0.95,extrapolated,1.9432,2.109539520700448,zero_shot_Model_C
N120_D0100_Q1.0,120.0,100,1.0,extrapolated,2.1521,2.101117291806418,zero_shot_Model_C
N120_D0150_Q0.05,120.0,150,0.05,extrapolated,0.5,2.220536435577971,zero_shot_Model_C
N120_D0150_Q0.1,120.0,150,0.1,extrapolated,0.5,2.2123889545247994,zero_shot_Model_C
N120_D0150_Q0.2,120.0,150,0.2,extrapolated,0.5,2.196082272981443,zero_shot_Model_C
N120_D0150_Q0.3,120.0,150,0.3,extrapolated,0.5,2.17975829965204,zero_shot_Model_C
N120_D0150_Q0.4,120.0,150,0.4,extrapolated,0.6188,2.1634145257887827,zero_shot_Model_C
N120_D0150_Q0.5,120.0,150,0.5,extrapolated,0.8572,2.1470475919304413,zero_shot_Model_C
N120_D0150_Q0.6,120.0,150,0.6,extrapolated,1.0887,2.130652764442694,zero_shot_Model_C
N120_D0150_Q0.7,120.0,150,0.7,extrapolated,1.3605,2.114222866633441,zero_shot_Model_C
N120_D0150_Q0.8,120.0,150,0.8,extrapolated,1.5564,2.0977456854004384,zero_shot_Model_C
N120_D0150_Q0.9,120.0,150,0.9,extrapolated,1.8816,2.081195418169683,zero_shot_Model_C
N120_D0150_Q0.95,120.0,150,0.95,extrapolated,1.9557,2.0728716363761763,zero_shot_Model_C
N120_D0150_Q1.0,120.0,150,1.0,extrapolated,2.0881,2.0644494074821464,zero_shot_Model_C
N120_D0500_Q0.05,120.0,500,0.05,extrapolated,0.5,2.1332482299793605,zero_shot_Model_C
N120_D0500_Q0.1,120.0,500,0.1,extrapolated,0.5,2.1251007489261884,zero_shot_Model_C
N120_D0500_Q0.2,120.0,500,0.2,extrapolated,0.5,2.1087940673828323,zero_shot_Model_C
N120_D0500_Q0.3,120.0,500,0.3,extrapolated,0.5,2.092470094053429,zero_shot_Model_C
N120_D0500_Q0.4,120.0,500,0.4,extrapolated,0.5807,2.0761263201901716,zero_shot_Model_C
N120_D0500_Q0.5,120.0,500,0.5,extrapolated,0.8175,2.05975938633183,zero_shot_Model_C
N120_D0500_Q0.6,120.0,500,0.6,extrapolated,1.0547,2.0433645588440834,zero_shot_Model_C
N120_D0500_Q0.7,120.0,500,0.7,extrapolated,1.2832,2.02693466103483,zero_shot_Model_C
N120_D0500_Q0.8,120.0,500,0.8,extrapolated,1.5164,2.0104574798018273,zero_shot_Model_C
N120_D0500_Q0.9,120.0,500,0.9,extrapolated,1.7304,1.9939072125710722,zero_shot_Model_C
N120_D0500_Q0.95,120.0,500,0.95,extrapolated,1.8749,1.9855834307775655,zero_shot_Model_C
N120_D0500_Q1.0,120.0,500,1.0,extrapolated,2.0294,1.9771612018835356,zero_shot_Model_C
N120_D1000_Q0.05,120.0,1000,0.05,extrapolated,0.5,2.094833710845561,zero_shot_Model_C
N120_D1000_Q0.1,120.0,1000,0.1,extrapolated,0.5,2.0866862297923894,zero_shot_Model_C
N120_D1000_Q0.2,120.0,1000,0.2,extrapolated,0.5,2.070379548249033,zero_shot_Model_C
N120_D1000_Q0.3,120.0,1000,0.3,extrapolated,0.5,2.05405557491963,zero_shot_Model_C
N120_D1000_Q0.4,120.0,1000,0.4,extrapolated,0.5785,2.0377118010563726,zero_shot_Model_C
N120_D1000_Q0.5,120.0,1000,0.5,extrapolated,0.7972,2.021344867198031,zero_shot_Model_C
N120_D1000_Q0.6,120.0,1000,0.6,extrapolated,1.0412,2.004950039710284,zero_shot_Model_C
N120_D1000_Q0.7,120.0,1000,0.7,extrapolated,1.2562,1.9885201419010308,zero_shot_Model_C
N120_D1000_Q0.8,120.0,1000,0.8,extrapolated,1.485,1.9720429606680283,zero_shot_Model_C
N120_D1000_Q0.9,120.0,1000,0.9,extrapolated,1.7223,1.955492693437273,zero_shot_Model_C
N120_D1000_Q0.95,120.0,1000,0.95,extrapolated,1.8568,1.9471689116437663,zero_shot_Model_C
N120_D1000_Q1.0,120.0,1000,1.0,extrapolated,1.9082,1.9387466827497364,zero_shot_Model_C
N120_D2000_Q0.05,120.0,2000,0.05,extrapolated,0.5,2.0631931852383016,zero_shot_Model_C
N120_D2000_Q0.1,120.0,2000,0.1,extrapolated,0.5,2.05504570418513,zero_shot_Model_C
N120_D2000_Q0.2,120.0,2000,0.2,extrapolated,0.5,2.0387390226417734,zero_shot_Model_C
N120_D2000_Q0.3,120.0,2000,0.3,extrapolated,0.5,2.0224150493123707,zero_shot_Model_C
N120_D2000_Q0.4,120.0,2000,0.4,extrapolated,0.5772,2.0060712754491132,zero_shot_Model_C
N120_D2000_Q0.5,120.0,2000,0.5,extrapolated,0.7936,1.9897043415907716,zero_shot_Model_C
N120_D2000_Q0.6,120.0,2000,0.6,extrapolated,1.0107,1.9733095141030248,zero_shot_Model_C
N120_D2000_Q0.7,120.0,2000,0.7,extrapolated,1.2063,1.9568796162937714,zero_shot_Model_C
N120_D2000_Q0.8,120.0,2000,0.8,extrapolated,1.4677,1.940402435060769,zero_shot_Model_C
N120_D2000_Q0.9,120.0,2000,0.9,extrapolated,1.6316,1.9238521678300136,zero_shot_Model_C
N120_D2000_Q0.95,120.0,2000,0.95,extrapolated,1.8387,1.9155283860365069,zero_shot_Model_C
N120_D2000_Q1.0,120.0,2000,1.0,extrapolated,1.9249,1.907106157142477,zero_shot_Model_C
N300_D0005_Q0.05,300.0,5,0.05,extrapolated,0.5,2.6657560293158364,zero_shot_Model_C
N300_D0005_Q0.1,300.0,5,0.1,extrapolated,0.5,2.658732942150194,zero_shot_Model_C
N300_D0005_Q0.2,300.0,5,0.2,extrapolated,0.5,2.644676665723902,zero_shot_Model_C
N300_D0005_Q0.3,300.0,5,0.3,extrapolated,0.5,2.6306054838661193,zero_shot_Model_C
N300_D0005_Q0.4,300.0,5,0.4,extrapolated,0.6853,2.616517234049016,zero_shot_Model_C
N300_D0005_Q0.5,300.0,5,0.5,extrapolated,0.9862,2.602409020434124,zero_shot_Model_C
N300_D0005_Q0.6,300.0,5,0.6,extrapolated,1.3009,2.5882767626527707,zero_shot_Model_C
N300_D0005_Q0.7,300.0,5,0.7,extrapolated,1.6208,2.574114274432923,zero_shot_Model_C
N300_D0005_Q0.8,300.0,5,0.8,extrapolated,1.8604,2.5599110281426585,zero_shot_Model_C
N300_D0005_Q0.9,300.0,5,0.9,extrapolated,2.2235,2.5456447820946217,zero_shot_Model_C
N300_D0005_Q0.95,300.0,5,0.95,extrapolated,2.4307,2.5384697245888637,zero_shot_Model_C
N300_D0005_Q1.0,300.0,5,1.0,extrapolated,2.478,2.5312098061839308,zero_shot_Model_C
N300_D0020_Q0.05,300.0,20,0.05,extrapolated,0.5,2.4115442491621937,zero_shot_Model_C
N300_D0020_Q0.1,300.0,20,0.1,extrapolated,0.5,2.404521161996551,zero_shot_Model_C
N300_D0020_Q0.2,300.0,20,0.2,extrapolated,0.5,2.390464885570259,zero_shot_Model_C
N300_D0020_Q0.3,300.0,20,0.3,extrapolated,0.5,2.3763937037124765,zero_shot_Model_C
N300_D0020_Q0.4,300.0,20,0.4,extrapolated,0.6087,2.3623054538953734,zero_shot_Model_C
N300_D0020_Q0.5,300.0,20,0.5,extrapolated,0.8857,2.348197240280481,zero_shot_Model_C
N300_D0020_Q0.6,300.0,20,0.6,extrapolated,1.1745,2.334064982499128,zero_shot_Model_C
N300_D0020_Q0.7,300.0,20,0.7,extrapolated,1.445,2.31990249427928,zero_shot_Model_C
N300_D0020_Q0.8,300.0,20,0.8,extrapolated,1.7275,2.3056992479890157,zero_shot_Model_C
N300_D0020_Q0.9,300.0,20,0.9,extrapolated,1.993,2.291433001940979,zero_shot_Model_C
N300_D0020_Q0.95,300.0,20,0.95,extrapolated,2.1129,2.284257944435221,zero_shot_Model_C
N300_D0020_Q1.0,300.0,20,1.0,extrapolated,2.3267,2.276998026030288,zero_shot_Model_C
N300_D0050_Q0.05,300.0,50,0.05,extrapolated,0.5,2.2902324082095595,zero_shot_Model_C
N300_D0050_Q0.1,300.0,50,0.1,extrapolated,0.5,2.283209321043917,zero_shot_Model_C
N300_D0050_Q0.2,300.0,50,0.2,extrapolated,0.5,2.269153044617625,zero_shot_Model_C
N300_D0050_Q0.3,300.0,50,0.3,extrapolated,0.5,2.2550818627598423,zero_shot_Model_C
N300_D0050_Q0.4,300.0,50,0.4,extrapolated,0.5737,2.2409936129427392,zero_shot_Model_C
N300_D0050_Q0.5,300.0,50,0.5,extrapolated,0.8188,2.226885399327847,zero_shot_Model_C
N300_D0050_Q0.6,300.0,50,0.6,extrapolated,1.0844,2.212753141546494,zero_shot_Model_C
N300_D0050_Q0.7,300.0,50,0.7,extrapolated,1.3817,2.198590653326646,zero_shot_Model_C
N300_D0050_Q0.8,300.0,50,0.8,extrapolated,1.6524,2.1843874070363816,zero_shot_Model_C
N300_D0050_Q0.9,300.0,50,0.9,extrapolated,1.917,2.170121160988345,zero_shot_Model_C
N300_D0050_Q0.95,300.0,50,0.95,extrapolated,2.0545,2.1629461034825868,zero_shot_Model_C
N300_D0050_Q1.0,300.0,50,1.0,extrapolated,2.1404,2.155686185077654,zero_shot_Model_C
N300_D0100_Q0.05,300.0,100,0.05,extrapolated,0.5,2.217055588717578,zero_shot_Model_C
N300_D0100_Q0.1,300.0,100,0.1,extrapolated,0.5,2.2100325015519355,zero_shot_Model_C
N300_D0100_Q0.2,300.0,100,0.2,extrapolated,0.5,2.1959762251256434,zero_shot_Model_C
N300_D0100_Q0.3,300.0,100,0.3,extrapolated,0.5,2.181905043267861,zero_shot_Model_C
N300_D0100_Q0.4,300.0,100,0.4,extrapolated,0.5656,2.1678167934507577,zero_shot_Model_C
N300_D0100_Q0.5,300.0,100,0.5,extrapolated,0.7851,2.1537085798358655,zero_shot_Model_C
N300_D0100_Q0.6,300.0,100,0.6,extrapolated,1.0582,2.1395763220545123,zero_shot_Model_C
N300_D0100_Q0.7,300.0,100,0.7,extrapolated,1.2974,2.1254138338346644,zero_shot_Model_C
N300_D0100_Q0.8,300.0,100,0.8,extrapolated,1.6239,2.1112105875444,zero_shot_Model_C
N300_D0100_Q0.9,300.0,100,0.9,extrapolated,1.7981,2.0969443414963633,zero_shot_Model_C
N300_D0100_Q0.95,300.0,100,0.95,extrapolated,1.9909,2.0897692839906052,zero_shot_Model_C
N300_D0100_Q1.0,300.0,100,1.0,extrapolated,2.018,2.0825093655856723,zero_shot_Model_C
N300_D0150_Q0.05,300.0,150,0.05,extrapolated,0.5,2.1803877043933064,zero_shot_Model_C
N300_D0150_Q0.1,300.0,150,0.1,extrapolated,0.5,2.173364617227664,zero_shot_Model_C
N300_D0150_Q0.2,300.0,150,0.2,extrapolated,0.5,2.159308340801372,zero_shot_Model_C
N300_D0150_Q0.3,300.0,150,0.3,extrapolated,0.5,2.1452371589435892,zero_shot_Model_C
N300_D0150_Q0.4,300.0,150,0.4,extrapolated,0.5498,2.131148909126486,zero_shot_Model_C
N300_D0150_Q0.5,300.0,150,0.5,extrapolated,0.7913,2.117040695511594,zero_shot_Model_C
N300_D0150_Q0.6,300.0,150,0.6,extrapolated,1.0259,2.1029084377302407,zero_shot_Model_C
N300_D0150_Q0.7,300.0,150,0.7,extrapolated,1.3071,2.088745949510393,zero_shot_Model_C
N300_D0150_Q0.8,300.0,150,0.8,extrapolated,1.5543,2.0745427032201285,zero_shot_Model_C
N300_D0150_Q0.9,300.0,150,0.9,extrapolated,1.8567,2.0602764571720917,zero_shot_Model_C
N300_D0150_Q0.95,300.0,150,0.95,extrapolated,1.9405,2.0531013996663336,zero_shot_Model_C
N300_D0150_Q1.0,300.0,150,1.0,extrapolated,2.0823,2.0458414812614008,zero_shot_Model_C
N300_D0500_Q0.05,300.0,500,0.05,extrapolated,0.5,2.0930994987946954,zero_shot_Model_C
N300_D0500_Q0.1,300.0,500,0.1,extrapolated,0.5,2.086076411629053,zero_shot_Model_C
N300_D0500_Q0.2,300.0,500,0.2,extrapolated,0.5,2.0720201352027607,zero_shot_Model_C
N300_D0500_Q0.3,300.0,500,0.3,extrapolated,0.5,2.0579489533449786,zero_shot_Model_C
N300_D0500_Q0.4,300.0,500,0.4,extrapolated,0.5242,2.043860703527875,zero_shot_Model_C
N300_D0500_Q0.5,300.0,500,0.5,extrapolated,0.764,2.029752489912983,zero_shot_Model_C
N300_D0500_Q0.6,300.0,500,0.6,extrapolated,1.004,2.01562023213163,zero_shot_Model_C
N300_D0500_Q0.7,300.0,500,0.7,extrapolated,1.2386,2.001457743911782,zero_shot_Model_C
N300_D0500_Q0.8,300.0,500,0.8,extrapolated,1.4481,1.9872544976215176,zero_shot_Model_C
N300_D0500_Q0.9,300.0,500,0.9,extrapolated,1.7684,1.972988251573481,zero_shot_Model_C
N300_D0500_Q0.95,300.0,500,0.95,extrapolated,1.8116,1.9658131940677226,zero_shot_Model_C
N300_D0500_Q1.0,300.0,500,1.0,extrapolated,1.92,1.95855327566279,zero_shot_Model_C
N300_D1000_Q0.05,300.0,1000,0.05,extrapolated,0.5,2.0546849796608964,zero_shot_Model_C
N300_D1000_Q0.1,300.0,1000,0.1,extrapolated,0.5,2.047661892495254,zero_shot_Model_C
N300_D1000_Q0.2,300.0,1000,0.2,extrapolated,0.5,2.0336056160689617,zero_shot_Model_C
N300_D1000_Q0.3,300.0,1000,0.3,extrapolated,0.5,2.019534434211179,zero_shot_Model_C
N300_D1000_Q0.4,300.0,1000,0.4,extrapolated,0.5189,2.005446184394076,zero_shot_Model_C
N300_D1000_Q0.5,300.0,1000,0.5,extrapolated,0.7381,1.9913379707791838,zero_shot_Model_C
N300_D1000_Q0.6,300.0,1000,0.6,extrapolated,1.0017,1.9772057129978307,zero_shot_Model_C
N300_D1000_Q0.7,300.0,1000,0.7,extrapolated,1.2048,1.9630432247779828,zero_shot_Model_C
N300_D1000_Q0.8,300.0,1000,0.8,extrapolated,1.4767,1.9488399784877184,zero_shot_Model_C
N300_D1000_Q0.9,300.0,1000,0.9,extrapolated,1.6646,1.9345737324396817,zero_shot_Model_C
N300_D1000_Q0.95,300.0,1000,0.95,extrapolated,1.8451,1.9273986749339234,zero_shot_Model_C
N300_D1000_Q1.0,300.0,1000,1.0,extrapolated,1.9425,1.9201387565289907,zero_shot_Model_C
N300_D2000_Q0.05,300.0,2000,0.05,extrapolated,0.5,2.023044454053637,zero_shot_Model_C
N300_D2000_Q0.1,300.0,2000,0.1,extrapolated,0.5,2.0160213668879945,zero_shot_Model_C
N300_D2000_Q0.2,300.0,2000,0.2,extrapolated,0.5,2.0019650904617023,zero_shot_Model_C
N300_D2000_Q0.3,300.0,2000,0.3,extrapolated,0.5,1.98789390860392,zero_shot_Model_C
N300_D2000_Q0.4,300.0,2000,0.4,extrapolated,0.5,1.9738056587868165,zero_shot_Model_C
N300_D2000_Q0.5,300.0,2000,0.5,extrapolated,0.7402,1.9596974451719245,zero_shot_Model_C
N300_D2000_Q0.6,300.0,2000,0.6,extrapolated,0.9783,1.9455651873905713,zero_shot_Model_C
N300_D2000_Q0.7,300.0,2000,0.7,extrapolated,1.1809,1.9314026991707234,zero_shot_Model_C
N300_D2000_Q0.8,300.0,2000,0.8,extrapolated,1.4119,1.917199452880459,zero_shot_Model_C
N300_D2000_Q0.9,300.0,2000,0.9,extrapolated,1.6756,1.9029332068324223,zero_shot_Model_C
N300_D2000_Q0.95,300.0,2000,0.95,extrapolated,1.7414,1.895758149326664,zero_shot_Model_C
N300_D2000_Q1.0,300.0,2000,1.0,extrapolated,1.8777,1.8884982309217313,zero_shot_Model_C
N700_D0005_Q0.05,700.0,5,0.05,extrapolated,0.5,2.6357497385654223,zero_shot_Model_C
N700_D0005_Q0.1,700.0,5,0.1,extrapolated,0.5,2.629627799743987,zero_shot_Model_C
N700_D0005_Q0.2,700.0,5,0.2,extrapolated,0.5,2.6173751162289776,zero_shot_Model_C
N700_D0005_Q0.3,700.0,5,0.3,extrapolated,0.5,2.6051094398324137,zero_shot_Model_C
N700_D0005_Q0.4,700.0,5,0.4,extrapolated,0.5981,2.5928288855053463,zero_shot_Model_C
N700_D0005_Q0.5,700.0,5,0.5,extrapolated,0.9159,2.5805309289809513,zero_shot_Model_C
N700_D0005_Q0.6,700.0,5,0.6,extrapolated,1.2092,2.5682120134519737,zero_shot_Model_C
N700_D0005_Q0.7,700.0,5,0.7,extrapolated,1.587,2.5558667464210645,zero_shot_Model_C
N700_D0005_Q0.8,700.0,5,0.8,extrapolated,1.8853,2.5434859510807835,zero_shot_Model_C
N700_D0005_Q0.9,700.0,5,0.9,extrapolated,2.2108,2.531050239625445,zero_shot_Model_C
N700_D0005_Q0.95,700.0,5,0.95,extrapolated,2.4127,2.5247958301251017,zero_shot_Model_C
N700_D0005_Q1.0,700.0,5,1.0,extrapolated,2.5391,2.5184674484212497,zero_shot_Model_C
N700_D0020_Q0.05,700.0,20,0.05,extrapolated,0.5,2.3815379584117795,zero_shot_Model_C
N700_D0020_Q0.1,700.0,20,0.1,extrapolated,0.5,2.3754160195903444,zero_shot_Model_C
N700_D0020_Q0.2,700.0,20,0.2,extrapolated,0.5,2.363163336075335,zero_shot_Model_C
N700_D0020_Q0.3,700.0,20,0.3,extrapolated,0.5,2.350897659678771,zero_shot_Model_C
N700_D0020_Q0.4,700.0,20,0.4,extrapolated,0.5501,2.3386171053517035,zero_shot_Model_C
N700_D0020_Q0.5,700.0,20,0.5,extrapolated,0.8411,2.3263191488273085,zero_shot_Model_C
N700_D0020_Q0.6,700.0,20,0.6,extrapolated,1.1236,2.314000233298331,zero_shot_Model_C
N700_D0020_Q0.7,700.0,20,0.7,extrapolated,1.4239,2.3016549662674217,zero_shot_Model_C
N700_D0020_Q0.8,700.0,20,0.8,extrapolated,1.6984,2.2892741709271407,zero_shot_Model_C
N700_D0020_Q0.9,700.0,20,0.9,extrapolated,1.9239,2.276838459471802,zero_shot_Model_C
N700_D0020_Q0.95,700.0,20,0.95,extrapolated,2.0927,2.270584049971459,zero_shot_Model_C
N700_D0020_Q1.0,700.0,20,1.0,extrapolated,2.2974,2.264255668267607,zero_shot_Model_C
N700_D0050_Q0.05,700.0,50,0.05,extrapolated,0.5,2.2602261174591454,zero_shot_Model_C
N700_D0050_Q0.1,700.0,50,0.1,extrapolated,0.5,2.2541041786377103,zero_shot_Model_C
N700_D0050_Q0.2,700.0,50,0.2,extrapolated,0.5,2.2418514951227007,zero_shot_Model_C
N700_D0050_Q0.3,700.0,50,0.3,extrapolated,0.5,2.229585818726137,zero_shot_Model_C
N700_D0050_Q0.4,700.0,50,0.4,extrapolated,0.515,2.2173052643990694,zero_shot_Model_C
N700_D0050_Q0.5,700.0,50,0.5,extrapolated,0.7581,2.2050073078746744,zero_shot_Model_C
N700_D0050_Q0.6,700.0,50,0.6,extrapolated,1.0355,2.192688392345697,zero_shot_Model_C
N700_D0050_Q0.7,700.0,50,0.7,extrapolated,1.3068,2.1803431253147876,zero_shot_Model_C
N700_D0050_Q0.8,700.0,50,0.8,extrapolated,1.584,2.1679623299745066,zero_shot_Model_C
N700_D0050_Q0.9,700.0,50,0.9,extrapolated,1.9143,2.155526618519168,zero_shot_Model_C
N700_D0050_Q0.95,700.0,50,0.95,extrapolated,2.0439,2.1492722090188248,zero_shot_Model_C
N700_D0050_Q1.0,700.0,50,1.0,extrapolated,2.071,2.142943827314973,zero_shot_Model_C
N700_D0100_Q0.05,700.0,100,0.05,extrapolated,0.5,2.187049297967164,zero_shot_Model_C
N700_D0100_Q0.1,700.0,100,0.1,extrapolated,0.5,2.1809273591457288,zero_shot_Model_C
N700_D0100_Q0.2,700.0,100,0.2,extrapolated,0.5,2.1686746756307196,zero_shot_Model_C
N700_D0100_Q0.3,700.0,100,0.3,extrapolated,0.5,2.1564089992341553,zero_shot_Model_C
N700_D0100_Q0.4,700.0,100,0.4,extrapolated,0.5,2.144128444907088,zero_shot_Model_C
N700_D0100_Q0.5,700.0,100,0.5,extrapolated,0.7348,2.131830488382693,zero_shot_Model_C
N700_D0100_Q0.6,700.0,100,0.6,extrapolated,0.9905,2.1195115728537153,zero_shot_Model_C
N700_D0100_Q0.7,700.0,100,0.7,extrapolated,1.2988,2.1071663058228065,zero_shot_Model_C
N700_D0100_Q0.8,700.0,100,0.8,extrapolated,1.5329,2.094785510482525,zero_shot_Model_C
N700_D0100_Q0.9,700.0,100,0.9,extrapolated,1.7971,2.0823497990271864,zero_shot_Model_C
N700_D0100_Q0.95,700.0,100,0.95,extrapolated,1.9362,2.0760953895268432,zero_shot_Model_C
N700_D0100_Q1.0,700.0,100,1.0,extrapolated,2.0708,2.0697670078229913,zero_shot_Model_C
N700_D0150_Q0.05,700.0,150,0.05,extrapolated,0.5,2.1503814136428923,zero_shot_Model_C
N700_D0150_Q0.1,700.0,150,0.1,extrapolated,0.5,2.144259474821457,zero_shot_Model_C
N700_D0150_Q0.2,700.0,150,0.2,extrapolated,0.5,2.1320067913064475,zero_shot_Model_C
N700_D0150_Q0.3,700.0,150,0.3,extrapolated,0.5,2.1197411149098837,zero_shot_Model_C
N700_D0150_Q0.4,700.0,150,0.4,extrapolated,0.5,2.1074605605828163,zero_shot_Model_C
N700_D0150_Q0.5,700.0,150,0.5,extrapolated,0.7523,2.0951626040584213,zero_shot_Model_C
N700_D0150_Q0.6,700.0,150,0.6,extrapolated,0.9957,2.0828436885294437,zero_shot_Model_C
N700_D0150_Q0.7,700.0,150,0.7,extrapolated,1.2155,2.0704984214985345,zero_shot_Model_C
N700_D0150_Q0.8,700.0,150,0.8,extrapolated,1.4766,2.0581176261582534,zero_shot_Model_C
N700_D0150_Q0.9,700.0,150,0.9,extrapolated,1.7601,2.045681914702915,zero_shot_Model_C
N700_D0150_Q0.95,700.0,150,0.95,extrapolated,1.8874,2.0394275052025717,zero_shot_Model_C
N700_D0150_Q1.0,700.0,150,1.0,extrapolated,2.0154,2.0330991234987197,zero_shot_Model_C
N700_D0500_Q0.05,700.0,500,0.05,extrapolated,0.5,2.0630932080442816,zero_shot_Model_C
N700_D0500_Q0.1,700.0,500,0.1,extrapolated,0.5,2.0569712692228466,zero_shot_Model_C
N700_D0500_Q0.2,700.0,500,0.2,extrapolated,0.5,2.044718585707837,zero_shot_Model_C
N700_D0500_Q0.3,700.0,500,0.3,extrapolated,0.5,2.032452909311273,zero_shot_Model_C
N700_D0500_Q0.4,700.0,500,0.4,extrapolated,0.5,2.020172354984205,zero_shot_Model_C
N700_D0500_Q0.5,700.0,500,0.5,extrapolated,0.6974,2.00787439845981,zero_shot_Model_C
N700_D0500_Q0.6,700.0,500,0.6,extrapolated,0.9578,1.9955554829308328,zero_shot_Model_C
N700_D0500_Q0.7,700.0,500,0.7,extrapolated,1.2213,1.9832102158999239,zero_shot_Model_C
N700_D0500_Q0.8,700.0,500,0.8,extrapolated,1.432,1.9708294205596426,zero_shot_Model_C
N700_D0500_Q0.9,700.0,500,0.9,extrapolated,1.6736,1.9583937091043038,zero_shot_Model_C
N700_D0500_Q0.95,700.0,500,0.95,extrapolated,1.8314,1.9521392996039608,zero_shot_Model_C
N700_D0500_Q1.0,700.0,500,1.0,extrapolated,1.9675,1.9458109179001088,zero_shot_Model_C
N700_D1000_Q0.05,700.0,1000,0.05,extrapolated,0.5,2.024678688910482,zero_shot_Model_C
N700_D1000_Q0.1,700.0,1000,0.1,extrapolated,0.5,2.018556750089047,zero_shot_Model_C
N700_D1000_Q0.2,700.0,1000,0.2,extrapolated,0.5,2.006304066574038,zero_shot_Model_C
N700_D1000_Q0.3,700.0,1000,0.3,extrapolated,0.5,1.9940383901774736,zero_shot_Model_C
N700_D1000_Q0.4,700.0,1000,0.4,extrapolated,0.5,1.9817578358504062,zero_shot_Model_C
N700_D1000_Q0.5,700.0,1000,0.5,extrapolated,0.7003,1.969459879326011,zero_shot_Model_C
N700_D1000_Q0.6,700.0,1000,0.6,extrapolated,0.9207,1.9571409637970336,zero_shot_Model_C
N700_D1000_Q0.7,700.0,1000,0.7,extrapolated,1.1975,1.9447956967661246,zero_shot_Model_C
N700_D1000_Q0.8,700.0,1000,0.8,extrapolated,1.4235,1.9324149014258434,zero_shot_Model_C
N700_D1000_Q0.9,700.0,1000,0.9,extrapolated,1.6964,1.9199791899705045,zero_shot_Model_C
N700_D1000_Q0.95,700.0,1000,0.95,extrapolated,1.818,1.9137247804701616,zero_shot_Model_C
N700_D1000_Q1.0,700.0,1000,1.0,extrapolated,1.882,1.9073963987663096,zero_shot_Model_C
N700_D2000_Q0.05,700.0,2000,0.05,extrapolated,0.5,1.993038163303223,zero_shot_Model_C
N700_D2000_Q0.1,700.0,2000,0.1,extrapolated,0.5,1.9869162244817877,zero_shot_Model_C
N700_D2000_Q0.2,700.0,2000,0.2,extrapolated,0.5,1.9746635409667783,zero_shot_Model_C
N700_D2000_Q0.3,700.0,2000,0.3,extrapolated,0.5,1.9623978645702143,zero_shot_Model_C
N700_D2000_Q0.4,700.0,2000,0.4,extrapolated,0.5,1.9501173102431468,zero_shot_Model_C
N700_D2000_Q0.5,700.0,2000,0.5,extrapolated,0.6792,1.9378193537187516,zero_shot_Model_C
N700_D2000_Q0.6,700.0,2000,0.6,extrapolated,0.8872,1.9255004381897742,zero_shot_Model_C
N700_D2000_Q0.7,700.0,2000,0.7,extrapolated,1.1635,1.9131551711588652,zero_shot_Model_C
N700_D2000_Q0.8,700.0,2000,0.8,extrapolated,1.3899,1.900774375818584,zero_shot_Model_C
N700_D2000_Q0.9,700.0,2000,0.9,extrapolated,1.6863,1.8883386643632452,zero_shot_Model_C
N700_D2000_Q0.95,700.0,2000,0.95,extrapolated,1.7351,1.8820842548629022,zero_shot_Model_C
N700_D2000_Q1.0,700.0,2000,1.0,extrapolated,1.8865,1.8757558731590502,zero_shot_Model_C
N0.07_D0005_Q0.05,0.07,5,0.05,calibrated,1.0401,2.7455014715940704,source_intercept_control
N0.07_D0005_Q0.1,0.07,5,0.1,calibrated,1.1624,2.718263128919981,source_intercept_control
N0.07_D0005_Q0.2,0.07,5,0.2,calibrated,1.4286,2.6637472636044963,source_intercept_control
N0.07_D0005_Q0.3,0.07,5,0.3,calibrated,1.6112,2.609173589060526,source_intercept_control
N0.07_D0005_Q0.4,0.07,5,0.4,calibrated,1.8958,2.5545337181396954,source_intercept_control
N0.07_D0005_Q0.5,0.07,5,0.5,calibrated,2.1434,2.499816419621512,source_intercept_control
N0.07_D0005_Q0.6,0.07,5,0.6,calibrated,2.4434,2.445005868203295,source_intercept_control
N0.07_D0005_Q0.7,0.07,5,0.7,calibrated,2.6519,2.3900780710463465,source_intercept_control
N0.07_D0005_Q0.8,0.07,5,0.8,calibrated,2.8801,2.334992197780908,source_intercept_control
N0.07_D0005_Q0.9,0.07,5,0.9,calibrated,3.0925,2.2796619862422682,source_intercept_control
N0.07_D0005_Q0.95,0.07,5,0.95,calibrated,3.2372,2.2518342417705446,source_intercept_control
N0.07_D0005_Q1.0,0.07,5,1.0,calibrated,3.3659,2.223677372770415,source_intercept_control
N0.07_D0020_Q0.05,0.07,20,0.05,calibrated,0.9701,2.491289691440427,source_intercept_control
N0.07_D0020_Q0.1,0.07,20,0.1,calibrated,1.096,2.464051348766338,source_intercept_control
N0.07_D0020_Q0.2,0.07,20,0.2,calibrated,1.2839,2.4095354834508536,source_intercept_control
N0.07_D0020_Q0.3,0.07,20,0.3,calibrated,1.4876,2.354961808906883,source_intercept_control
N0.07_D0020_Q0.4,0.07,20,0.4,calibrated,1.7688,2.3003219379860527,source_intercept_control
N0.07_D0020_Q0.5,0.07,20,0.5,calibrated,1.9631,2.245604639467868,source_intercept_control
N0.07_D0020_Q0.6,0.07,20,0.6,calibrated,2.1816,2.1907940880496515,source_intercept_control
N0.07_D0020_Q0.7,0.07,20,0.7,calibrated,2.4162,2.1358662908927037,source_intercept_control
N0.07_D0020_Q0.8,0.07,20,0.8,calibrated,2.6428,2.080780417627264,source_intercept_control
N0.07_D0020_Q0.9,0.07,20,0.9,calibrated,2.926,2.0254502060886246,source_intercept_control
N0.07_D0020_Q0.95,0.07,20,0.95,calibrated,2.984,1.9976224616169012,source_intercept_control
N0.07_D0020_Q1.0,0.07,20,1.0,calibrated,3.1277,1.9694655926167715,source_intercept_control
N0.07_D0050_Q0.05,0.07,50,0.05,calibrated,0.9392,2.3699778504877926,source_intercept_control
N0.07_D0050_Q0.95,0.07,50,0.95,calibrated,2.8636,1.876310620664267,source_intercept_control
N0.07_D0100_Q0.05,0.07,100,0.05,calibrated,0.891,2.2968010309958116,source_intercept_control
N0.07_D0100_Q0.1,0.07,100,0.1,calibrated,1.0093,2.269562688321722,source_intercept_control
N0.07_D0100_Q0.2,0.07,100,0.2,calibrated,1.2339,2.2150468230062375,source_intercept_control
N0.07_D0100_Q0.3,0.07,100,0.3,calibrated,1.4034,2.160473148462267,source_intercept_control
N0.07_D0100_Q0.4,0.07,100,0.4,calibrated,1.6433,2.1058332775414366,source_intercept_control
N0.07_D0100_Q0.5,0.07,100,0.5,calibrated,1.8327,2.051115979023253,source_intercept_control
N0.07_D0100_Q0.6,0.07,100,0.6,calibrated,2.104,1.996305427605036,source_intercept_control
N0.07_D0100_Q0.7,0.07,100,0.7,calibrated,2.3189,1.9413776304480879,source_intercept_control
N0.07_D0100_Q0.8,0.07,100,0.8,calibrated,2.4893,1.8862917571826487,source_intercept_control
N0.07_D0100_Q0.9,0.07,100,0.9,calibrated,2.727,1.8309615456440091,source_intercept_control
N0.07_D0100_Q0.95,0.07,100,0.95,calibrated,2.7802,1.8031338011722855,source_intercept_control
N0.07_D0100_Q1.0,0.07,100,1.0,calibrated,2.8644,1.7749769321721558,source_intercept_control
N0.07_D0150_Q0.05,0.07,150,0.05,calibrated,0.8911,2.2601331466715395,source_intercept_control
N0.07_D0150_Q0.95,0.07,150,0.95,calibrated,2.7592,1.766465916848014,source_intercept_control
N0.07_D0500_Q0.05,0.07,500,0.05,calibrated,0.861,2.1728449410729285,source_intercept_control
N0.07_D0500_Q0.1,0.07,500,0.1,calibrated,0.9621,2.1456065983988397,source_intercept_control
N0.07_D0500_Q0.2,0.07,500,0.2,calibrated,1.1948,2.0910907330833552,source_intercept_control
N0.07_D0500_Q0.3,0.07,500,0.3,calibrated,1.3491,2.036517058539385,source_intercept_control
N0.07_D0500_Q0.4,0.07,500,0.4,calibrated,1.5406,1.9818771876185541,source_intercept_control
N0.07_D0500_Q0.5,0.07,500,0.5,calibrated,1.7858,1.9271598891003696,source_intercept_control
N0.07_D0500_Q0.6,0.07,500,0.6,calibrated,1.9945,1.8723493376821534,source_intercept_control
N0.07_D0500_Q0.7,0.07,500,0.7,calibrated,2.1765,1.8174215405252052,source_intercept_control
N0.07_D0500_Q0.8,0.07,500,0.8,calibrated,2.4124,1.762335667259766,source_intercept_control
N0.07_D0500_Q0.9,0.07,500,0.9,calibrated,2.6083,1.7070054557211265,source_intercept_control
N0.07_D0500_Q0.95,0.07,500,0.95,calibrated,2.7105,1.6791777112494028,source_intercept_control
N0.07_D0500_Q1.0,0.07,500,1.0,calibrated,2.8055,1.6510208422492731,source_intercept_control
N0.07_D1000_Q0.05,0.07,1000,0.05,calibrated,0.8471,2.13443042193913,source_intercept_control
N0.07_D1000_Q0.1,0.07,1000,0.1,calibrated,0.9414,2.1071920792650403,source_intercept_control
N0.07_D1000_Q0.2,0.07,1000,0.2,calibrated,1.1388,2.052676213949556,source_intercept_control
N0.07_D1000_Q0.3,0.07,1000,0.3,calibrated,1.3853,1.9981025394055856,source_intercept_control
N0.07_D1000_Q0.4,0.07,1000,0.4,calibrated,1.5663,1.9434626684847551,source_intercept_control
N0.07_D1000_Q0.5,0.07,1000,0.5,calibrated,1.7504,1.888745369966571,source_intercept_control
N0.07_D1000_Q0.6,0.07,1000,0.6,calibrated,1.9928,1.8339348185483544,source_intercept_control
N0.07_D1000_Q0.7,0.07,1000,0.7,calibrated,2.1482,1.7790070213914062,source_intercept_control
N0.07_D1000_Q0.8,0.07,1000,0.8,calibrated,2.3195,1.723921148125967,source_intercept_control
N0.07_D1000_Q0.9,0.07,1000,0.9,calibrated,2.523,1.6685909365873275,source_intercept_control
N0.07_D1000_Q0.95,0.07,1000,0.95,calibrated,2.6048,1.6407631921156038,source_intercept_control
N0.07_D1000_Q1.0,0.07,1000,1.0,calibrated,2.7431,1.6126063231154741,source_intercept_control
N0.07_D2000_Q0.05,0.07,2000,0.05,calibrated,0.8539,2.1027898963318705,source_intercept_control
N0.07_D2000_Q0.1,0.07,2000,0.1,calibrated,0.9243,2.075551553657781,source_intercept_control
N0.07_D2000_Q0.2,0.07,2000,0.2,calibrated,1.1409,2.0210356883422964,source_intercept_control
N0.07_D2000_Q0.3,0.07,2000,0.3,calibrated,1.3364,1.9664620137983262,source_intercept_control
N0.07_D2000_Q0.4,0.07,2000,0.4,calibrated,1.5027,1.9118221428774957,source_intercept_control
N0.07_D2000_Q0.5,0.07,2000,0.5,calibrated,1.7429,1.8571048443593117,source_intercept_control
N0.07_D2000_Q0.6,0.07,2000,0.6,calibrated,1.9258,1.802294292941095,source_intercept_control
N0.07_D2000_Q0.7,0.07,2000,0.7,calibrated,2.1457,1.7473664957841468,source_intercept_control
N0.07_D2000_Q0.8,0.07,2000,0.8,calibrated,2.3261,1.6922806225187077,source_intercept_control
N0.07_D2000_Q0.9,0.07,2000,0.9,calibrated,2.5085,1.636950410980068,source_intercept_control
N0.07_D2000_Q0.95,0.07,2000,0.95,calibrated,2.5794,1.6091226665083445,source_intercept_control
N0.07_D2000_Q1.0,0.07,2000,1.0,calibrated,2.7374,1.5809657975082148,source_intercept_control
N0.16_D0005_Q0.05,0.16,5,0.05,calibrated,0.8104,2.4658756229784053,source_intercept_control
N0.16_D0005_Q0.1,0.16,5,0.1,calibrated,0.9548,2.442052815370566,source_intercept_control
N0.16_D0005_Q0.2,0.16,5,0.2,calibrated,1.1752,2.394372933135254,source_intercept_control
N0.16_D0005_Q0.3,0.16,5,0.3,calibrated,1.4476,2.3466424906237666,source_intercept_control
N0.16_D0005_Q0.4,0.16,5,0.4,calibrated,1.6751,2.2988541523889916,source_intercept_control
N0.16_D0005_Q0.5,0.16,5,0.5,calibrated,1.9108,2.2509980955423545,source_intercept_control
N0.16_D0005_Q0.6,0.16,5,0.6,calibrated,2.1591,2.20306047918518,source_intercept_control
N0.16_D0005_Q0.7,0.16,5,0.7,calibrated,2.4836,2.15502031904588,source_intercept_control
N0.16_D0005_Q0.8,0.16,5,0.8,calibrated,2.5952,2.1068419046535576,source_intercept_control
N0.16_D0005_Q0.9,0.16,5,0.9,calibrated,2.8737,2.058449790634083,source_intercept_control
N0.16_D0005_Q0.95,0.16,5,0.95,calibrated,2.9535,2.0341114889010417,source_intercept_control
N0.16_D0005_Q1.0,0.16,5,1.0,calibrated,3.1013,2.0094853330054665,source_intercept_control
N0.16_D0020_Q0.05,0.16,20,0.05,calibrated,0.7755,2.2116638428247626,source_intercept_control
N0.16_D0020_Q0.1,0.16,20,0.1,calibrated,0.8548,2.1878410352169233,source_intercept_control
N0.16_D0020_Q0.2,0.16,20,0.2,calibrated,1.0782,2.1401611529816114,source_intercept_control
N0.16_D0020_Q0.3,0.16,20,0.3,calibrated,1.3357,2.092430710470124,source_intercept_control
N0.16_D0020_Q0.4,0.16,20,0.4,calibrated,1.5464,2.044642372235349,source_intercept_control
N0.16_D0020_Q0.5,0.16,20,0.5,calibrated,1.7183,1.9967863153887115,source_intercept_control
N0.16_D0020_Q0.6,0.16,20,0.6,calibrated,1.9486,1.9488486990315372,source_intercept_control
N0.16_D0020_Q0.7,0.16,20,0.7,calibrated,2.2366,1.9008085388922373,source_intercept_control
N0.16_D0020_Q0.8,0.16,20,0.8,calibrated,2.4177,1.8526301244999146,source_intercept_control
N0.16_D0020_Q0.9,0.16,20,0.9,calibrated,2.6607,1.8042380104804405,source_intercept_control
N0.16_D0020_Q0.95,0.16,20,0.95,calibrated,2.8283,1.7798997087473987,source_intercept_control
N0.16_D0020_Q1.0,0.16,20,1.0,calibrated,2.8913,1.7552735528518235,source_intercept_control
N0.16_D0050_Q0.05,0.16,50,0.05,calibrated,0.7379,2.0903520018721284,source_intercept_control
N0.16_D0050_Q0.95,0.16,50,0.95,calibrated,2.6024,1.6585878677947645,source_intercept_control
N0.16_D0100_Q0.05,0.16,100,0.05,calibrated,0.7109,2.0171751823801465,source_intercept_control
N0.16_D0100_Q0.1,0.16,100,0.1,calibrated,0.8001,1.9933523747723079,source_intercept_control
N0.16_D0100_Q0.2,0.16,100,0.2,calibrated,1.0158,1.945672492536996,source_intercept_control
N0.16_D0100_Q0.3,0.16,100,0.3,calibrated,1.2359,1.8979420500255084,source_intercept_control
N0.16_D0100_Q0.4,0.16,100,0.4,calibrated,1.4134,1.8501537117907325,source_intercept_control
N0.16_D0100_Q0.5,0.16,100,0.5,calibrated,1.6514,1.8022976549440959,source_intercept_control
N0.16_D0100_Q0.6,0.16,100,0.6,calibrated,1.8608,1.7543600385869216,source_intercept_control
N0.16_D0100_Q0.7,0.16,100,0.7,calibrated,2.0787,1.7063198784476217,source_intercept_control
N0.16_D0100_Q0.8,0.16,100,0.8,calibrated,2.2318,1.658141464055299,source_intercept_control
N0.16_D0100_Q0.9,0.16,100,0.9,calibrated,2.4932,1.6097493500358249,source_intercept_control
N0.16_D0100_Q0.95,0.16,100,0.95,calibrated,2.6163,1.585411048302783,source_intercept_control
N0.16_D0100_Q1.0,0.16,100,1.0,calibrated,2.678,1.5607848924072079,source_intercept_control
N0.16_D0150_Q0.05,0.16,150,0.05,calibrated,0.6932,1.980507298055875,source_intercept_control
N0.16_D0150_Q0.95,0.16,150,0.95,calibrated,2.5091,1.5487431639785114,source_intercept_control
N0.16_D0500_Q0.05,0.16,500,0.05,calibrated,0.6974,1.893219092457264,source_intercept_control
N0.16_D0500_Q0.1,0.16,500,0.1,calibrated,0.7769,1.8693962848494252,source_intercept_control
N0.16_D0500_Q0.2,0.16,500,0.2,calibrated,0.9664,1.8217164026141133,source_intercept_control
N0.16_D0500_Q0.3,0.16,500,0.3,calibrated,1.1736,1.7739859601026253,source_intercept_control
N0.16_D0500_Q0.4,0.16,500,0.4,calibrated,1.351,1.7261976218678503,source_intercept_control
N0.16_D0500_Q0.5,0.16,500,0.5,calibrated,1.5896,1.6783415650212132,source_intercept_control
N0.16_D0500_Q0.6,0.16,500,0.6,calibrated,1.7639,1.630403948664039,source_intercept_control
N0.16_D0500_Q0.7,0.16,500,0.7,calibrated,1.9757,1.582363788524739,source_intercept_control
N0.16_D0500_Q0.8,0.16,500,0.8,calibrated,2.1303,1.5341853741324163,source_intercept_control
N0.16_D0500_Q0.9,0.16,500,0.9,calibrated,2.3645,1.4857932601129422,source_intercept_control
N0.16_D0500_Q0.95,0.16,500,0.95,calibrated,2.4958,1.4614549583799004,source_intercept_control
N0.16_D0500_Q1.0,0.16,500,1.0,calibrated,2.5293,1.4368288024843252,source_intercept_control
N0.16_D1000_Q0.05,0.16,1000,0.05,calibrated,0.6787,1.854804573323465,source_intercept_control
N0.16_D1000_Q0.1,0.16,1000,0.1,calibrated,0.7577,1.8309817657156262,source_intercept_control
N0.16_D1000_Q0.2,0.16,1000,0.2,calibrated,0.9466,1.7833018834803143,source_intercept_control
N0.16_D1000_Q0.3,0.16,1000,0.3,calibrated,1.1493,1.7355714409688268,source_intercept_control
N0.16_D1000_Q0.4,0.16,1000,0.4,calibrated,1.3709,1.6877831027340509,source_intercept_control
N0.16_D1000_Q0.5,0.16,1000,0.5,calibrated,1.5609,1.6399270458874142,source_intercept_control
N0.16_D1000_Q0.6,0.16,1000,0.6,calibrated,1.7116,1.59198942953024,source_intercept_control
N0.16_D1000_Q0.7,0.16,1000,0.7,calibrated,2.0044,1.54394926939094,source_intercept_control
N0.16_D1000_Q0.8,0.16,1000,0.8,calibrated,2.0871,1.4957708549986173,source_intercept_control
N0.16_D1000_Q0.9,0.16,1000,0.9,calibrated,2.3054,1.4473787409791432,source_intercept_control
N0.16_D1000_Q0.95,0.16,1000,0.95,calibrated,2.4884,1.4230404392461014,source_intercept_control
N0.16_D1000_Q1.0,0.16,1000,1.0,calibrated,2.5056,1.3984142833505262,source_intercept_control
N0.16_D2000_Q0.05,0.16,2000,0.05,calibrated,0.6532,1.8231640477162057,source_intercept_control
N0.16_D2000_Q0.1,0.16,2000,0.1,calibrated,0.7317,1.7993412401083668,source_intercept_control
N0.16_D2000_Q0.2,0.16,2000,0.2,calibrated,0.9418,1.7516613578730549,source_intercept_control
N0.16_D2000_Q0.3,0.16,2000,0.3,calibrated,1.1205,1.7039309153615674,source_intercept_control
N0.16_D2000_Q0.4,0.16,2000,0.4,calibrated,1.335,1.6561425771267915,source_intercept_control
N0.16_D2000_Q0.5,0.16,2000,0.5,calibrated,1.5166,1.6082865202801548,source_intercept_control
N0.16_D2000_Q0.6,0.16,2000,0.6,calibrated,1.6953,1.5603489039229805,source_intercept_control
N0.16_D2000_Q0.7,0.16,2000,0.7,calibrated,1.9296,1.5123087437836806,source_intercept_control
N0.16_D2000_Q0.8,0.16,2000,0.8,calibrated,2.0992,1.464130329391358,source_intercept_control
N0.16_D2000_Q0.9,0.16,2000,0.9,calibrated,2.246,1.4157382153718838,source_intercept_control
N0.16_D2000_Q0.95,0.16,2000,0.95,calibrated,2.3649,1.391399913638842,source_intercept_control
N0.16_D2000_Q1.0,0.16,2000,1.0,calibrated,2.4771,1.3667737577432668,source_intercept_control
N0.41_D0005_Q0.05,0.41,5,0.05,calibrated,0.622,2.2206140147508195,source_intercept_control
N0.41_D0005_Q0.1,0.41,5,0.1,calibrated,0.7497,2.200160893422325,source_intercept_control
N0.41_D0005_Q0.2,0.41,5,0.2,calibrated,1.0023,2.1592252307439157,source_intercept_control
N0.41_D0005_Q0.3,0.41,5,0.3,calibrated,1.2344,2.118246159434582,source_intercept_control
N0.41_D0005_Q0.4,0.41,5,0.4,calibrated,1.4755,2.077217381630854,source_intercept_control
N0.41_D0005_Q0.5,0.41,5,0.5,calibrated,1.6916,2.0361304638711903,source_intercept_control
N0.41_D0005_Q0.6,0.41,5,0.6,calibrated,1.98,1.994973523023065,source_intercept_control
N0.41_D0005_Q0.7,0.41,5,0.7,calibrated,2.2447,1.9537285429961908,source_intercept_control
N0.41_D0005_Q0.8,0.41,5,0.8,calibrated,2.4492,1.9123648644910427,source_intercept_control
N0.41_D0005_Q0.9,0.41,5,0.9,calibrated,2.6707,1.8708177137237694,source_intercept_control
N0.41_D0005_Q0.95,0.41,5,0.95,calibrated,2.861,1.8499220138352477,source_intercept_control
N0.41_D0005_Q1.0,0.41,5,1.0,calibrated,3.0229,1.8287791761530563,source_intercept_control
N0.41_D0020_Q0.05,0.41,20,0.05,calibrated,0.581,1.9664022345971766,source_intercept_control
N0.41_D0020_Q0.1,0.41,20,0.1,calibrated,0.695,1.9459491132686824,source_intercept_control
N0.41_D0020_Q0.2,0.41,20,0.2,calibrated,0.9131,1.9050134505902727,source_intercept_control
N0.41_D0020_Q0.3,0.41,20,0.3,calibrated,1.1552,1.864034379280939,source_intercept_control
N0.41_D0020_Q0.4,0.41,20,0.4,calibrated,1.3143,1.8230056014772111,source_intercept_control
N0.41_D0020_Q0.5,0.41,20,0.5,calibrated,1.5963,1.7819186837175474,source_intercept_control
N0.41_D0020_Q0.6,0.41,20,0.6,calibrated,1.7915,1.7407617428694222,source_intercept_control
N0.41_D0020_Q0.7,0.41,20,0.7,calibrated,2.0338,1.699516762842548,source_intercept_control
N0.41_D0020_Q0.8,0.41,20,0.8,calibrated,2.246,1.6581530843374,source_intercept_control
N0.41_D0020_Q0.9,0.41,20,0.9,calibrated,2.474,1.6166059335701266,source_intercept_control
N0.41_D0020_Q0.95,0.41,20,0.95,calibrated,2.5494,1.595710233681605,source_intercept_control
N0.41_D0020_Q1.0,0.41,20,1.0,calibrated,2.7188,1.5745673959994135,source_intercept_control
N0.41_D0050_Q0.05,0.41,50,0.05,calibrated,0.536,1.8450903936445424,source_intercept_control
N0.41_D0050_Q0.95,0.41,50,0.95,calibrated,2.4497,1.4743983927289708,source_intercept_control
N0.41_D0100_Q0.05,0.41,100,0.05,calibrated,0.535,1.771913574152561,source_intercept_control
N0.41_D0100_Q0.1,0.41,100,0.1,calibrated,0.6432,1.7514604528240667,source_intercept_control
N0.41_D0100_Q0.2,0.41,100,0.2,calibrated,0.8168,1.710524790145657,source_intercept_control
N0.41_D0100_Q0.3,0.41,100,0.3,calibrated,1.0559,1.6695457188363234,source_intercept_control
N0.41_D0100_Q0.4,0.41,100,0.4,calibrated,1.2365,1.6285169410325955,source_intercept_control
N0.41_D0100_Q0.5,0.41,100,0.5,calibrated,1.477,1.5874300232729317,source_intercept_control
N0.41_D0100_Q0.6,0.41,100,0.6,calibrated,1.6841,1.5462730824248065,source_intercept_control
N0.41_D0100_Q0.7,0.41,100,0.7,calibrated,1.8979,1.5050281023979324,source_intercept_control
N0.41_D0100_Q0.8,0.41,100,0.8,calibrated,2.0213,1.4636644238927843,source_intercept_control
N0.41_D0100_Q0.9,0.41,100,0.9,calibrated,2.2729,1.422117273125511,source_intercept_control
N0.41_D0100_Q0.95,0.41,100,0.95,calibrated,2.4488,1.4012215732369888,source_intercept_control
N0.41_D0100_Q1.0,0.41,100,1.0,calibrated,2.488,1.3800787355547979,source_intercept_control
N0.41_D0150_Q0.05,0.41,150,0.05,calibrated,0.5231,1.7352456898282893,source_intercept_control
N0.41_D0150_Q0.95,0.41,150,0.95,calibrated,2.3801,1.3645536889127177,source_intercept_control
N0.41_D0500_Q0.05,0.41,500,0.05,calibrated,0.5057,1.6479574842296782,source_intercept_control
N0.41_D0500_Q0.1,0.41,500,0.1,calibrated,0.6047,1.627504362901184,source_intercept_control
N0.41_D0500_Q0.2,0.41,500,0.2,calibrated,0.8045,1.5865687002227744,source_intercept_control
N0.41_D0500_Q0.3,0.41,500,0.3,calibrated,1.0122,1.5455896289134408,source_intercept_control
N0.41_D0500_Q0.4,0.41,500,0.4,calibrated,1.2031,1.5045608511097128,source_intercept_control
N0.41_D0500_Q0.5,0.41,500,0.5,calibrated,1.427,1.463473933350049,source_intercept_control
N0.41_D0500_Q0.6,0.41,500,0.6,calibrated,1.5817,1.422316992501924,source_intercept_control
N0.41_D0500_Q0.7,0.41,500,0.7,calibrated,1.7811,1.3810720124750497,source_intercept_control
N0.41_D0500_Q0.8,0.41,500,0.8,calibrated,1.9863,1.3397083339699016,source_intercept_control
N0.41_D0500_Q0.9,0.41,500,0.9,calibrated,2.1829,1.2981611832026283,source_intercept_control
N0.41_D0500_Q0.95,0.41,500,0.95,calibrated,2.3182,1.2772654833141066,source_intercept_control
N0.41_D0500_Q1.0,0.41,500,1.0,calibrated,2.3631,1.2561226456319152,source_intercept_control
N0.41_D1000_Q0.05,0.41,1000,0.05,calibrated,0.5,1.6095429650958792,source_intercept_control
N0.41_D1000_Q0.1,0.41,1000,0.1,calibrated,0.5885,1.589089843767385,source_intercept_control
N0.41_D1000_Q0.2,0.41,1000,0.2,calibrated,0.7592,1.5481541810889754,source_intercept_control
N0.41_D1000_Q0.3,0.41,1000,0.3,calibrated,0.9951,1.5071751097796418,source_intercept_control
N0.41_D1000_Q0.4,0.41,1000,0.4,calibrated,1.2144,1.4661463319759138,source_intercept_control
N0.41_D1000_Q0.5,0.41,1000,0.5,calibrated,1.3941,1.42505941421625,source_intercept_control
N0.41_D1000_Q0.6,0.41,1000,0.6,calibrated,1.5743,1.3839024733681249,source_intercept_control
N0.41_D1000_Q0.7,0.41,1000,0.7,calibrated,1.759,1.3426574933412507,source_intercept_control
N0.41_D1000_Q0.8,0.41,1000,0.8,calibrated,1.9279,1.3012938148361026,source_intercept_control
N0.41_D1000_Q0.9,0.41,1000,0.9,calibrated,2.1495,1.2597466640688293,source_intercept_control
N0.41_D1000_Q0.95,0.41,1000,0.95,calibrated,2.2212,1.2388509641803072,source_intercept_control
N0.41_D1000_Q1.0,0.41,1000,1.0,calibrated,2.4128,1.2177081264981162,source_intercept_control
N0.41_D2000_Q0.05,0.41,2000,0.05,calibrated,0.5,1.5779024394886199,source_intercept_control
N0.41_D2000_Q0.1,0.41,2000,0.1,calibrated,0.5802,1.5574493181601257,source_intercept_control
N0.41_D2000_Q0.2,0.41,2000,0.2,calibrated,0.7774,1.516513655481716,source_intercept_control
N0.41_D2000_Q0.3,0.41,2000,0.3,calibrated,0.9982,1.4755345841723824,source_intercept_control
N0.41_D2000_Q0.4,0.41,2000,0.4,calibrated,1.2122,1.4345058063686544,source_intercept_control
N0.41_D2000_Q0.5,0.41,2000,0.5,calibrated,1.3202,1.3934188886089907,source_intercept_control
N0.41_D2000_Q0.6,0.41,2000,0.6,calibrated,1.5758,1.3522619477608655,source_intercept_control
N0.41_D2000_Q0.7,0.41,2000,0.7,calibrated,1.7331,1.3110169677339913,source_intercept_control
N0.41_D2000_Q0.8,0.41,2000,0.8,calibrated,1.9375,1.2696532892288432,source_intercept_control
N0.41_D2000_Q0.9,0.41,2000,0.9,calibrated,2.0973,1.22810613846157,source_intercept_control
N0.41_D2000_Q0.95,0.41,2000,0.95,calibrated,2.2225,1.2072104385730478,source_intercept_control
N0.41_D2000_Q1.0,0.41,2000,1.0,calibrated,2.3248,1.1860676008908568,source_intercept_control
N0.7_D0005_Q0.05,0.7,5,0.05,calibrated,0.5148,2.1083717705034006,source_intercept_control
N0.7_D0005_Q0.1,0.7,5,0.1,calibrated,0.651,2.0896171726695068,source_intercept_control
N0.7_D0005_Q0.2,0.7,5,0.2,calibrated,0.8807,2.0520810001573926,source_intercept_control
N0.7_D0005_Q0.3,0.7,5,0.3,calibrated,1.1486,2.0145050238714486,source_intercept_control
N0.7_D0005_Q0.4,0.7,5,0.4,calibrated,1.3678,1.9768834689524375,source_intercept_control
N0.7_D0005_Q0.5,0.7,5,0.5,calibrated,1.6627,1.9392086022931714,source_intercept_control
N0.7_D0005_Q0.6,0.7,5,0.6,calibrated,1.8832,1.9014695275924007,source_intercept_control
N0.7_D0005_Q0.7,0.7,5,0.7,calibrated,2.1501,1.8636497249007984,source_intercept_control
N0.7_D0005_Q0.8,0.7,5,0.8,calibrated,2.3581,1.8257210810114273,source_intercept_control
N0.7_D0005_Q0.9,0.7,5,0.9,calibrated,2.6571,1.7876242012604202,source_intercept_control
N0.7_D0005_Q0.95,0.7,5,0.95,calibrated,2.7097,1.768463778673916,source_intercept_control
N0.7_D0005_Q1.0,0.7,5,1.0,calibrated,2.862,1.7490767417797286,source_intercept_control
N0.7_D0020_Q0.05,0.7,20,0.05,calibrated,0.5,1.8541599903497576,source_intercept_control
N0.7_D0020_Q0.1,0.7,20,0.1,calibrated,0.5886,1.8354053925158633,source_intercept_control
N0.7_D0020_Q0.2,0.7,20,0.2,calibrated,0.82,1.7978692200037496,source_intercept_control
N0.7_D0020_Q0.3,0.7,20,0.3,calibrated,1.0213,1.7602932437178052,source_intercept_control
N0.7_D0020_Q0.4,0.7,20,0.4,calibrated,1.2544,1.7226716887987943,source_intercept_control
N0.7_D0020_Q0.5,0.7,20,0.5,calibrated,1.5102,1.6849968221395282,source_intercept_control
N0.7_D0020_Q0.6,0.7,20,0.6,calibrated,1.733,1.6472577474387575,source_intercept_control
N0.7_D0020_Q0.7,0.7,20,0.7,calibrated,1.9575,1.6094379447471552,source_intercept_control
N0.7_D0020_Q0.8,0.7,20,0.8,calibrated,2.1359,1.571509300857784,source_intercept_control
N0.7_D0020_Q0.9,0.7,20,0.9,calibrated,2.4142,1.533412421106777,source_intercept_control
N0.7_D0020_Q0.95,0.7,20,0.95,calibrated,2.5456,1.5142519985202727,source_intercept_control
N0.7_D0020_Q1.0,0.7,20,1.0,calibrated,2.5856,1.4948649616260854,source_intercept_control
N0.7_D0050_Q0.05,0.7,50,0.05,calibrated,0.5,1.7328481493971235,source_intercept_control
N0.7_D0050_Q0.95,0.7,50,0.95,calibrated,2.3802,1.3929401575676386,source_intercept_control
N0.7_D0100_Q0.05,0.7,100,0.05,calibrated,0.5,1.659671329905142,source_intercept_control
N0.7_D0100_Q0.1,0.7,100,0.1,calibrated,0.5313,1.6409167320712477,source_intercept_control
N0.7_D0100_Q0.2,0.7,100,0.2,calibrated,0.7638,1.603380559559134,source_intercept_control
N0.7_D0100_Q0.3,0.7,100,0.3,calibrated,0.9699,1.5658045832731895,source_intercept_control
N0.7_D0100_Q0.4,0.7,100,0.4,calibrated,1.1979,1.5281830283541786,source_intercept_control
N0.7_D0100_Q0.5,0.7,100,0.5,calibrated,1.3973,1.4905081616949125,source_intercept_control
N0.7_D0100_Q0.6,0.7,100,0.6,calibrated,1.5891,1.4527690869941419,source_intercept_control
N0.7_D0100_Q0.7,0.7,100,0.7,calibrated,1.8109,1.4149492843025395,source_intercept_control
N0.7_D0100_Q0.8,0.7,100,0.8,calibrated,2.017,1.3770206404131684,source_intercept_control
N0.7_D0100_Q0.9,0.7,100,0.9,calibrated,2.1928,1.3389237606621613,source_intercept_control
N0.7_D0100_Q0.95,0.7,100,0.95,calibrated,2.3158,1.319763338075657,source_intercept_control
N0.7_D0100_Q1.0,0.7,100,1.0,calibrated,2.4334,1.3003763011814697,source_intercept_control
N0.7_D0150_Q0.05,0.7,150,0.05,calibrated,0.5,1.6230034455808704,source_intercept_control
N0.7_D0150_Q0.95,0.7,150,0.95,calibrated,2.3482,1.2830954537513855,source_intercept_control
N0.7_D0500_Q0.05,0.7,500,0.05,calibrated,0.5,1.5357152399822593,source_intercept_control
N0.7_D0500_Q0.1,0.7,500,0.1,calibrated,0.5138,1.516960642148365,source_intercept_control
N0.7_D0500_Q0.2,0.7,500,0.2,calibrated,0.701,1.4794244696362513,source_intercept_control
N0.7_D0500_Q0.3,0.7,500,0.3,calibrated,0.9241,1.4418484933503068,source_intercept_control
N0.7_D0500_Q0.4,0.7,500,0.4,calibrated,1.1327,1.404226938431296,source_intercept_control
N0.7_D0500_Q0.5,0.7,500,0.5,calibrated,1.3085,1.3665520717720299,source_intercept_control
N0.7_D0500_Q0.6,0.7,500,0.6,calibrated,1.5486,1.3288129970712592,source_intercept_control
N0.7_D0500_Q0.7,0.7,500,0.7,calibrated,1.7063,1.2909931943796569,source_intercept_control
N0.7_D0500_Q0.8,0.7,500,0.8,calibrated,1.8982,1.2530645504902858,source_intercept_control
N0.7_D0500_Q0.9,0.7,500,0.9,calibrated,2.0978,1.2149676707392787,source_intercept_control
N0.7_D0500_Q0.95,0.7,500,0.95,calibrated,2.1997,1.1958072481527744,source_intercept_control
N0.7_D0500_Q1.0,0.7,500,1.0,calibrated,2.2912,1.176420211258587,source_intercept_control
N0.7_D1000_Q0.05,0.7,1000,0.05,calibrated,0.5,1.4973007208484603,source_intercept_control
N0.7_D1000_Q0.1,0.7,1000,0.1,calibrated,0.5071,1.478546123014566,source_intercept_control
N0.7_D1000_Q0.2,0.7,1000,0.2,calibrated,0.7115,1.4410099505024523,source_intercept_control
N0.7_D1000_Q0.3,0.7,1000,0.3,calibrated,0.9132,1.4034339742165078,source_intercept_control
N0.7_D1000_Q0.4,0.7,1000,0.4,calibrated,1.1056,1.365812419297497,source_intercept_control
N0.7_D1000_Q0.5,0.7,1000,0.5,calibrated,1.322,1.3281375526382309,source_intercept_control
N0.7_D1000_Q0.6,0.7,1000,0.6,calibrated,1.4614,1.2903984779374602,source_intercept_control
N0.7_D1000_Q0.7,0.7,1000,0.7,calibrated,1.7068,1.2525786752458579,source_intercept_control
N0.7_D1000_Q0.8,0.7,1000,0.8,calibrated,1.8896,1.2146500313564867,source_intercept_control
N0.7_D1000_Q0.9,0.7,1000,0.9,calibrated,2.0683,1.1765531516054797,source_intercept_control
N0.7_D1000_Q0.95,0.7,1000,0.95,calibrated,2.1816,1.1573927290189754,source_intercept_control
N0.7_D1000_Q1.0,0.7,1000,1.0,calibrated,2.297,1.138005692124788,source_intercept_control
N0.7_D2000_Q0.05,0.7,2000,0.05,calibrated,0.5,1.465660195241201,source_intercept_control
N0.7_D2000_Q0.1,0.7,2000,0.1,calibrated,0.5001,1.4469055974073066,source_intercept_control
N0.7_D2000_Q0.2,0.7,2000,0.2,calibrated,0.6784,1.409369424895193,source_intercept_control
N0.7_D2000_Q0.3,0.7,2000,0.3,calibrated,0.8706,1.3717934486092485,source_intercept_control
N0.7_D2000_Q0.4,0.7,2000,0.4,calibrated,1.0904,1.3341718936902376,source_intercept_control
N0.7_D2000_Q0.5,0.7,2000,0.5,calibrated,1.2499,1.2964970270309715,source_intercept_control
N0.7_D2000_Q0.6,0.7,2000,0.6,calibrated,1.4277,1.2587579523302008,source_intercept_control
N0.7_D2000_Q0.7,0.7,2000,0.7,calibrated,1.6336,1.2209381496385985,source_intercept_control
N0.7_D2000_Q0.8,0.7,2000,0.8,calibrated,1.8579,1.1830095057492274,source_intercept_control
N0.7_D2000_Q0.9,0.7,2000,0.9,calibrated,2.0246,1.1449126259982203,source_intercept_control
N0.7_D2000_Q0.95,0.7,2000,0.95,calibrated,2.1556,1.125752203411716,source_intercept_control
N0.7_D2000_Q1.0,0.7,2000,1.0,calibrated,2.2183,1.1063651665175287,source_intercept_control
N1.0_D0005_Q0.05,1.0,5,0.05,calibrated,0.5,2.042555775499763,source_intercept_control
N1.0_D0005_Q0.1,1.0,5,0.1,calibrated,0.5747,2.024854590450789,source_intercept_control
N1.0_D0005_Q0.2,1.0,5,0.2,calibrated,0.8142,1.9894267587504306,source_intercept_control
N1.0_D0005_Q0.3,1.0,5,0.3,calibrated,1.0733,1.9539613589842315,source_intercept_control
N1.0_D0005_Q0.4,1.0,5,0.4,calibrated,1.3204,1.9184529406566468,source_intercept_control
N1.0_D0005_Q0.5,1.0,5,0.5,calibrated,1.5528,1.8828942050155215,source_intercept_control
N1.0_D0005_Q0.6,1.0,5,0.6,calibrated,1.8086,1.847274867785688,source_intercept_control
N1.0_D0005_Q0.7,1.0,5,0.7,calibrated,2.0374,1.8115793369143278,source_intercept_control
N1.0_D0005_Q0.8,1.0,5,0.8,calibrated,2.3623,1.775781078263906,source_intercept_control
N1.0_D0005_Q0.9,1.0,5,0.9,calibrated,2.5719,1.739824033264395,source_intercept_control
N1.0_D0005_Q0.95,1.0,5,0.95,calibrated,2.7672,1.7217398179256216,source_intercept_control
N1.0_D0005_Q1.0,1.0,5,1.0,calibrated,2.8125,1.703441716806381,source_intercept_control
N1.0_D0020_Q0.05,1.0,20,0.05,calibrated,0.5,1.7883439953461202,source_intercept_control
N1.0_D0020_Q0.1,1.0,20,0.1,calibrated,0.5188,1.7706428102971465,source_intercept_control
N1.0_D0020_Q0.2,1.0,20,0.2,calibrated,0.7381,1.7352149785967879,source_intercept_control
N1.0_D0020_Q0.3,1.0,20,0.3,calibrated,0.9701,1.6997495788305887,source_intercept_control
N1.0_D0020_Q0.4,1.0,20,0.4,calibrated,1.2279,1.664241160503004,source_intercept_control
N1.0_D0020_Q0.5,1.0,20,0.5,calibrated,1.4233,1.6286824248618788,source_intercept_control
N1.0_D0020_Q0.6,1.0,20,0.6,calibrated,1.6574,1.5930630876320453,source_intercept_control
N1.0_D0020_Q0.7,1.0,20,0.7,calibrated,1.8968,1.557367556760685,source_intercept_control
N1.0_D0020_Q0.8,1.0,20,0.8,calibrated,2.0844,1.5215692981102633,source_intercept_control
N1.0_D0020_Q0.9,1.0,20,0.9,calibrated,2.3062,1.4856122531107523,source_intercept_control
N1.0_D0020_Q0.95,1.0,20,0.95,calibrated,2.4517,1.4675280377719788,source_intercept_control
N1.0_D0020_Q1.0,1.0,20,1.0,calibrated,2.6133,1.4492299366527381,source_intercept_control
N1.0_D0050_Q0.05,1.0,50,0.05,calibrated,0.5,1.667032154393486,source_intercept_control
N1.0_D0050_Q0.95,1.0,50,0.95,calibrated,2.3371,1.3462161968193447,source_intercept_control
N1.0_D0100_Q0.05,1.0,100,0.05,calibrated,0.5,1.5938553349015046,source_intercept_control
N1.0_D0100_Q0.1,1.0,100,0.1,calibrated,0.5,1.5761541498525309,source_intercept_control
N1.0_D0100_Q0.2,1.0,100,0.2,calibrated,0.7102,1.5407263181521722,source_intercept_control
N1.0_D0100_Q0.3,1.0,100,0.3,calibrated,0.9137,1.505260918385973,source_intercept_control
N1.0_D0100_Q0.4,1.0,100,0.4,calibrated,1.1107,1.4697525000583884,source_intercept_control
N1.0_D0100_Q0.5,1.0,100,0.5,calibrated,1.3086,1.434193764417263,source_intercept_control
N1.0_D0100_Q0.6,1.0,100,0.6,calibrated,1.5225,1.3985744271874296,source_intercept_control
N1.0_D0100_Q0.7,1.0,100,0.7,calibrated,1.7077,1.3628788963160694,source_intercept_control
N1.0_D0100_Q0.8,1.0,100,0.8,calibrated,1.9487,1.3270806376656477,source_intercept_control
N1.0_D0100_Q0.9,1.0,100,0.9,calibrated,2.2185,1.2911235926661366,source_intercept_control
N1.0_D0100_Q0.95,1.0,100,0.95,calibrated,2.3344,1.2730393773273632,source_intercept_control
N1.0_D0100_Q1.0,1.0,100,1.0,calibrated,2.4489,1.2547412762081225,source_intercept_control
N1.0_D0150_Q0.05,1.0,150,0.05,calibrated,0.5,1.557187450577233,source_intercept_control
N1.0_D0150_Q0.95,1.0,150,0.95,calibrated,2.1674,1.2363714930030916,source_intercept_control
N1.0_D0500_Q0.05,1.0,500,0.05,calibrated,0.5,1.469899244978622,source_intercept_control
N1.0_D0500_Q0.1,1.0,500,0.1,calibrated,0.5,1.4521980599296482,source_intercept_control
N1.0_D0500_Q0.2,1.0,500,0.2,calibrated,0.6599,1.4167702282292896,source_intercept_control
N1.0_D0500_Q0.3,1.0,500,0.3,calibrated,0.8544,1.3813048284630904,source_intercept_control
N1.0_D0500_Q0.4,1.0,500,0.4,calibrated,1.0836,1.3457964101355058,source_intercept_control
N1.0_D0500_Q0.5,1.0,500,0.5,calibrated,1.2157,1.3102376744943804,source_intercept_control
N1.0_D0500_Q0.6,1.0,500,0.6,calibrated,1.4518,1.274618337264547,source_intercept_control
N1.0_D0500_Q0.7,1.0,500,0.7,calibrated,1.707,1.2389228063931867,source_intercept_control
N1.0_D0500_Q0.8,1.0,500,0.8,calibrated,1.8739,1.203124547742765,source_intercept_control
N1.0_D0500_Q0.9,1.0,500,0.9,calibrated,2.0431,1.167167502743254,source_intercept_control
N1.0_D0500_Q0.95,1.0,500,0.95,calibrated,2.1733,1.1490832874044805,source_intercept_control
N1.0_D0500_Q1.0,1.0,500,1.0,calibrated,2.2572,1.1307851862852398,source_intercept_control
N1.0_D1000_Q0.05,1.0,1000,0.05,calibrated,0.5,1.431484725844823,source_intercept_control
N1.0_D1000_Q0.1,1.0,1000,0.1,calibrated,0.5,1.4137835407958492,source_intercept_control
N1.0_D1000_Q0.2,1.0,1000,0.2,calibrated,0.6605,1.3783557090954905,source_intercept_control
N1.0_D1000_Q0.3,1.0,1000,0.3,calibrated,0.8357,1.3428903093292914,source_intercept_control
N1.0_D1000_Q0.4,1.0,1000,0.4,calibrated,1.0525,1.3073818910017068,source_intercept_control
N1.0_D1000_Q0.5,1.0,1000,0.5,calibrated,1.2565,1.2718231553605814,source_intercept_control
N1.0_D1000_Q0.6,1.0,1000,0.6,calibrated,1.407,1.236203818130748,source_intercept_control
N1.0_D1000_Q0.7,1.0,1000,0.7,calibrated,1.6907,1.2005082872593877,source_intercept_control
N1.0_D1000_Q0.8,1.0,1000,0.8,calibrated,1.8615,1.164710028608966,source_intercept_control
N1.0_D1000_Q0.9,1.0,1000,0.9,calibrated,1.9758,1.128752983609455,source_intercept_control
N1.0_D1000_Q0.95,1.0,1000,0.95,calibrated,2.1305,1.1106687682706815,source_intercept_control
N1.0_D1000_Q1.0,1.0,1000,1.0,calibrated,2.1409,1.0923706671514408,source_intercept_control
N1.0_D2000_Q0.05,1.0,2000,0.05,calibrated,0.5,1.3998442002375635,source_intercept_control
N1.0_D2000_Q0.1,1.0,2000,0.1,calibrated,0.5,1.3821430151885898,source_intercept_control
N1.0_D2000_Q0.2,1.0,2000,0.2,calibrated,0.6467,1.3467151834882312,source_intercept_control
N1.0_D2000_Q0.3,1.0,2000,0.3,calibrated,0.8314,1.311249783722032,source_intercept_control
N1.0_D2000_Q0.4,1.0,2000,0.4,calibrated,1.0295,1.2757413653944474,source_intercept_control
N1.0_D2000_Q0.5,1.0,2000,0.5,calibrated,1.2251,1.240182629753322,source_intercept_control
N1.0_D2000_Q0.6,1.0,2000,0.6,calibrated,1.4304,1.2045632925234886,source_intercept_control
N1.0_D2000_Q0.7,1.0,2000,0.7,calibrated,1.5995,1.1688677616521284,source_intercept_control
N1.0_D2000_Q0.8,1.0,2000,0.8,calibrated,1.7725,1.1330695030017066,source_intercept_control
N1.0_D2000_Q0.9,1.0,2000,0.9,calibrated,2.027,1.0971124580021956,source_intercept_control
N1.0_D2000_Q0.95,1.0,2000,0.95,calibrated,2.0759,1.0790282426634221,source_intercept_control
N1.0_D2000_Q1.0,1.0,2000,1.0,calibrated,2.2081,1.0607301415441814,source_intercept_control
N2.8_D0005_Q0.05,2.8,5,0.05,calibrated,0.5,1.8858900231566273,source_intercept_control
N2.8_D0005_Q0.1,2.8,5,0.1,calibrated,0.5,1.8709093912550092,source_intercept_control
N2.8_D0005_Q0.2,2.8,5,0.2,calibrated,0.6798,1.8409265791264888,source_intercept_control
N2.8_D0005_Q0.3,2.8,5,0.3,calibrated,0.9253,1.8109119728912992,source_intercept_control
N2.8_D0005_Q0.4,2.8,5,0.4,calibrated,1.2039,1.7808609597584206,source_intercept_control
N2.8_D0005_Q0.5,2.8,5,0.5,calibrated,1.4628,1.750767362744839,source_intercept_control
N2.8_D0005_Q0.6,2.8,5,0.6,calibrated,1.7229,1.7206224781993444,source_intercept_control
N2.8_D0005_Q0.7,2.8,5,0.7,calibrated,2.0084,1.6904131104628213,source_intercept_control
N2.8_D0005_Q0.8,2.8,5,0.8,calibrated,2.2056,1.6601168035162994,source_intercept_control
N2.8_D0005_Q0.9,2.8,5,0.9,calibrated,2.4428,1.6296861146151158,source_intercept_control
N2.8_D0005_Q0.95,2.8,5,0.95,calibrated,2.6201,1.614381321604352,source_intercept_control
N2.8_D0005_Q1.0,2.8,5,1.0,calibrated,2.721,1.5988955156197509,source_intercept_control
N2.8_D0020_Q0.05,2.8,20,0.05,calibrated,0.5,1.6316782430029846,source_intercept_control
N2.8_D0020_Q0.1,2.8,20,0.1,calibrated,0.5,1.6166976111013664,source_intercept_control
N2.8_D0020_Q0.2,2.8,20,0.2,calibrated,0.623,1.586714798972846,source_intercept_control
N2.8_D0020_Q0.3,2.8,20,0.3,calibrated,0.8308,1.5567001927376565,source_intercept_control
N2.8_D0020_Q0.4,2.8,20,0.4,calibrated,1.0678,1.5266491796047779,source_intercept_control
N2.8_D0020_Q0.5,2.8,20,0.5,calibrated,1.2966,1.4965555825911963,source_intercept_control
N2.8_D0020_Q0.6,2.8,20,0.6,calibrated,1.5279,1.4664106980457017,source_intercept_control
N2.8_D0020_Q0.7,2.8,20,0.7,calibrated,1.7488,1.4362013303091785,source_intercept_control
N2.8_D0020_Q0.8,2.8,20,0.8,calibrated,2.0341,1.4059050233626567,source_intercept_control
N2.8_D0020_Q0.9,2.8,20,0.9,calibrated,2.2362,1.375474334461473,source_intercept_control
N2.8_D0020_Q0.95,2.8,20,0.95,calibrated,2.3457,1.3601695414507093,source_intercept_control
N2.8_D0020_Q1.0,2.8,20,1.0,calibrated,2.5073,1.344683735466108,source_intercept_control
N2.8_D0050_Q0.05,2.8,50,0.05,calibrated,0.5,1.5103664020503504,source_intercept_control
N2.8_D0050_Q0.95,2.8,50,0.95,calibrated,2.253,1.2388577004980752,source_intercept_control
N2.8_D0100_Q0.05,2.8,100,0.05,calibrated,0.5,1.437189582558369,source_intercept_control
N2.8_D0100_Q0.1,2.8,100,0.1,calibrated,0.5,1.4222089506567508,source_intercept_control
N2.8_D0100_Q0.2,2.8,100,0.2,calibrated,0.5671,1.3922261385282304,source_intercept_control
N2.8_D0100_Q0.3,2.8,100,0.3,calibrated,0.7708,1.3622115322930408,source_intercept_control
N2.8_D0100_Q0.4,2.8,100,0.4,calibrated,0.9718,1.3321605191601622,source_intercept_control
N2.8_D0100_Q0.5,2.8,100,0.5,calibrated,1.1999,1.3020669221465806,source_intercept_control
N2.8_D0100_Q0.6,2.8,100,0.6,calibrated,1.4075,1.271922037601086,source_intercept_control
N2.8_D0100_Q0.7,2.8,100,0.7,calibrated,1.6363,1.2417126698645629,source_intercept_control
N2.8_D0100_Q0.8,2.8,100,0.8,calibrated,1.8765,1.211416362918041,source_intercept_control
N2.8_D0100_Q0.9,2.8,100,0.9,calibrated,2.0444,1.1809856740168574,source_intercept_control
N2.8_D0100_Q0.95,2.8,100,0.95,calibrated,2.1982,1.1656808810060937,source_intercept_control
N2.8_D0100_Q1.0,2.8,100,1.0,calibrated,2.2588,1.1501950750214924,source_intercept_control
N2.8_D0150_Q0.05,2.8,150,0.05,calibrated,0.5,1.4005216982340973,source_intercept_control
N2.8_D0150_Q0.95,2.8,150,0.95,calibrated,2.1192,1.129012996681822,source_intercept_control
N2.8_D0500_Q0.05,2.8,500,0.05,calibrated,0.5,1.3132334926354863,source_intercept_control
N2.8_D0500_Q0.1,2.8,500,0.1,calibrated,0.5,1.2982528607338681,source_intercept_control
N2.8_D0500_Q0.2,2.8,500,0.2,calibrated,0.5387,1.2682700486053478,source_intercept_control
N2.8_D0500_Q0.3,2.8,500,0.3,calibrated,0.7277,1.2382554423701582,source_intercept_control
N2.8_D0500_Q0.4,2.8,500,0.4,calibrated,0.9045,1.2082044292372796,source_intercept_control
N2.8_D0500_Q0.5,2.8,500,0.5,calibrated,1.16,1.178110832223698,source_intercept_control
N2.8_D0500_Q0.6,2.8,500,0.6,calibrated,1.3308,1.1479659476782034,source_intercept_control
N2.8_D0500_Q0.7,2.8,500,0.7,calibrated,1.5099,1.1177565799416802,source_intercept_control
N2.8_D0500_Q0.8,2.8,500,0.8,calibrated,1.7571,1.0874602729951584,source_intercept_control
N2.8_D0500_Q0.9,2.8,500,0.9,calibrated,1.9167,1.0570295840939747,source_intercept_control
N2.8_D0500_Q0.95,2.8,500,0.95,calibrated,2.0846,1.041724791083211,source_intercept_control
N2.8_D0500_Q1.0,2.8,500,1.0,calibrated,2.1517,1.0262389850986098,source_intercept_control
N2.8_D1000_Q0.05,2.8,1000,0.05,calibrated,0.5,1.2748189735016873,source_intercept_control
N2.8_D1000_Q0.1,2.8,1000,0.1,calibrated,0.5,1.2598383416000691,source_intercept_control
N2.8_D1000_Q0.2,2.8,1000,0.2,calibrated,0.519,1.2298555294715487,source_intercept_control
N2.8_D1000_Q0.3,2.8,1000,0.3,calibrated,0.7239,1.1998409232363592,source_intercept_control
N2.8_D1000_Q0.4,2.8,1000,0.4,calibrated,0.8987,1.1697899101034805,source_intercept_control
N2.8_D1000_Q0.5,2.8,1000,0.5,calibrated,1.1398,1.139696313089899,source_intercept_control
N2.8_D1000_Q0.6,2.8,1000,0.6,calibrated,1.3353,1.1095514285444044,source_intercept_control
N2.8_D1000_Q0.7,2.8,1000,0.7,calibrated,1.5354,1.0793420608078812,source_intercept_control
N2.8_D1000_Q0.8,2.8,1000,0.8,calibrated,1.6984,1.0490457538613593,source_intercept_control
N2.8_D1000_Q0.9,2.8,1000,0.9,calibrated,1.9178,1.0186150649601757,source_intercept_control
N2.8_D1000_Q0.95,2.8,1000,0.95,calibrated,2.0038,1.003310271949412,source_intercept_control
N2.8_D1000_Q1.0,2.8,1000,1.0,calibrated,2.1237,0.9878244659648108,source_intercept_control
N2.8_D2000_Q0.05,2.8,2000,0.05,calibrated,0.5,1.2431784478944279,source_intercept_control
N2.8_D2000_Q0.1,2.8,2000,0.1,calibrated,0.5,1.2281978159928097,source_intercept_control
N2.8_D2000_Q0.2,2.8,2000,0.2,calibrated,0.5242,1.1982150038642894,source_intercept_control
N2.8_D2000_Q0.3,2.8,2000,0.3,calibrated,0.6887,1.1682003976290998,source_intercept_control
N2.8_D2000_Q0.4,2.8,2000,0.4,calibrated,0.9232,1.1381493844962212,source_intercept_control
N2.8_D2000_Q0.5,2.8,2000,0.5,calibrated,1.1045,1.1080557874826396,source_intercept_control
N2.8_D2000_Q0.6,2.8,2000,0.6,calibrated,1.2855,1.077910902937145,source_intercept_control
N2.8_D2000_Q0.7,2.8,2000,0.7,calibrated,1.4788,1.0477015352006218,source_intercept_control
N2.8_D2000_Q0.8,2.8,2000,0.8,calibrated,1.6576,1.0174052282541,source_intercept_control
N2.8_D2000_Q0.9,2.8,2000,0.9,calibrated,1.8775,0.9869745393529163,source_intercept_control
N2.8_D2000_Q0.95,2.8,2000,0.95,calibrated,1.8822,0.9716697463421526,source_intercept_control
N2.8_D2000_Q1.0,2.8,2000,1.0,calibrated,2.0839,0.9561839403575514,source_intercept_control
N4.0_D0005_Q0.05,4.0,5,0.05,calibrated,0.5,1.8412853236673101,source_intercept_control
N4.0_D0005_Q0.1,4.0,5,0.1,calibrated,0.5,1.8271461275197998,source_intercept_control
N4.0_D0005_Q0.2,4.0,5,0.2,calibrated,0.6084,1.7988473972310393,source_intercept_control
N4.0_D0005_Q0.3,4.0,5,0.3,calibrated,0.8843,1.770518658654679,source_intercept_control
N4.0_D0005_Q0.4,4.0,5,0.4,calibrated,1.1447,1.7421555580920598,source_intercept_control
N4.0_D0005_Q0.5,4.0,5,0.5,calibrated,1.3943,1.7137522655104436,source_intercept_control
N4.0_D0005_Q0.6,4.0,5,0.6,calibrated,1.6246,1.6853005661274054,source_intercept_control
N4.0_D0005_Q0.7,4.0,5,0.7,calibrated,1.9244,1.6567880054607997,source_intercept_control
N4.0_D0005_Q0.8,4.0,5,0.8,calibrated,2.1965,1.6281933888067608,source_intercept_control
N4.0_D0005_Q0.9,4.0,5,0.9,calibrated,2.4512,1.5994719381961746,source_intercept_control
N4.0_D0005_Q0.95,4.0,5,0.95,calibrated,2.5824,1.585026788499061,source_intercept_control
N4.0_D0005_Q1.0,4.0,5,1.0,calibrated,2.6973,1.5704107930085829,source_intercept_control
N4.0_D0020_Q0.05,4.0,20,0.05,calibrated,0.5,1.5870735435136674,source_intercept_control
N4.0_D0020_Q0.1,4.0,20,0.1,calibrated,0.5,1.572934347366157,source_intercept_control
N4.0_D0020_Q0.2,4.0,20,0.2,calibrated,0.5655,1.5446356170773965,source_intercept_control
N4.0_D0020_Q0.3,4.0,20,0.3,calibrated,0.8094,1.5163068785010363,source_intercept_control
N4.0_D0020_Q0.4,4.0,20,0.4,calibrated,1.0284,1.487943777938417,source_intercept_control
N4.0_D0020_Q0.5,4.0,20,0.5,calibrated,1.2902,1.4595404853568008,source_intercept_control
N4.0_D0020_Q0.6,4.0,20,0.6,calibrated,1.5025,1.4310887859737627,source_intercept_control
N4.0_D0020_Q0.7,4.0,20,0.7,calibrated,1.7203,1.402576225307157,source_intercept_control
N4.0_D0020_Q0.8,4.0,20,0.8,calibrated,1.9253,1.373981608653118,source_intercept_control
N4.0_D0020_Q0.9,4.0,20,0.9,calibrated,2.2398,1.3452601580425319,source_intercept_control
N4.0_D0020_Q0.95,4.0,20,0.95,calibrated,2.2806,1.3308150083454182,source_intercept_control
N4.0_D0020_Q1.0,4.0,20,1.0,calibrated,2.4139,1.3161990128549401,source_intercept_control
N4.0_D0050_Q0.05,4.0,50,0.05,calibrated,0.5,1.4657617025610332,source_intercept_control
N4.0_D0050_Q0.95,4.0,50,0.95,calibrated,2.2424,1.209503167392784,source_intercept_control
N4.0_D0100_Q0.05,4.0,100,0.05,calibrated,0.5,1.3925848830690517,source_intercept_control
N4.0_D0100_Q0.1,4.0,100,0.1,calibrated,0.5,1.3784456869215413,source_intercept_control
N4.0_D0100_Q0.2,4.0,100,0.2,calibrated,0.5116,1.3501469566327808,source_intercept_control
N4.0_D0100_Q0.3,4.0,100,0.3,calibrated,0.722,1.3218182180564206,source_intercept_control
N4.0_D0100_Q0.4,4.0,100,0.4,calibrated,0.9435,1.2934551174938014,source_intercept_control
N4.0_D0100_Q0.5,4.0,100,0.5,calibrated,1.1487,1.2650518249121852,source_intercept_control
N4.0_D0100_Q0.6,4.0,100,0.6,calibrated,1.3727,1.236600125529147,source_intercept_control
N4.0_D0100_Q0.7,4.0,100,0.7,calibrated,1.6045,1.2080875648625413,source_intercept_control
N4.0_D0100_Q0.8,4.0,100,0.8,calibrated,1.8522,1.1794929482085024,source_intercept_control
N4.0_D0100_Q0.9,4.0,100,0.9,calibrated,2.1002,1.1507714975979162,source_intercept_control
N4.0_D0100_Q0.95,4.0,100,0.95,calibrated,2.1195,1.1363263479008026,source_intercept_control
N4.0_D0100_Q1.0,4.0,100,1.0,calibrated,2.2786,1.1217103524103245,source_intercept_control
N4.0_D0150_Q0.05,4.0,150,0.05,calibrated,0.5,1.35591699874478,source_intercept_control
N4.0_D0150_Q0.95,4.0,150,0.95,calibrated,2.1044,1.099658463576531,source_intercept_control
N4.0_D0500_Q0.05,4.0,500,0.05,calibrated,0.5,1.268628793146169,source_intercept_control
N4.0_D0500_Q0.1,4.0,500,0.1,calibrated,0.5,1.2544895969986587,source_intercept_control
N4.0_D0500_Q0.2,4.0,500,0.2,calibrated,0.5,1.2261908667098982,source_intercept_control
N4.0_D0500_Q0.3,4.0,500,0.3,calibrated,0.6833,1.197862128133538,source_intercept_control
N4.0_D0500_Q0.4,4.0,500,0.4,calibrated,0.888,1.1694990275709187,source_intercept_control
N4.0_D0500_Q0.5,4.0,500,0.5,calibrated,1.0678,1.1410957349893025,source_intercept_control
N4.0_D0500_Q0.6,4.0,500,0.6,calibrated,1.2876,1.1126440356062643,source_intercept_control
N4.0_D0500_Q0.7,4.0,500,0.7,calibrated,1.5155,1.0841314749396587,source_intercept_control
N4.0_D0500_Q0.8,4.0,500,0.8,calibrated,1.7157,1.0555368582856197,source_intercept_control
N4.0_D0500_Q0.9,4.0,500,0.9,calibrated,1.9644,1.0268154076750335,source_intercept_control
N4.0_D0500_Q0.95,4.0,500,0.95,calibrated,1.9848,1.01237025797792,source_intercept_control
N4.0_D0500_Q1.0,4.0,500,1.0,calibrated,2.1365,0.9977542624874418,source_intercept_control
N4.0_D1000_Q0.05,4.0,1000,0.05,calibrated,0.5,1.23021427401237,source_intercept_control
N4.0_D1000_Q0.1,4.0,1000,0.1,calibrated,0.5,1.2160750778648597,source_intercept_control
N4.0_D1000_Q0.2,4.0,1000,0.2,calibrated,0.5,1.1877763475760992,source_intercept_control
N4.0_D1000_Q0.3,4.0,1000,0.3,calibrated,0.6866,1.159447608999739,source_intercept_control
N4.0_D1000_Q0.4,4.0,1000,0.4,calibrated,0.8604,1.1310845084371197,source_intercept_control
N4.0_D1000_Q0.5,4.0,1000,0.5,calibrated,1.1039,1.1026812158555035,source_intercept_control
N4.0_D1000_Q0.6,4.0,1000,0.6,calibrated,1.2945,1.0742295164724653,source_intercept_control
N4.0_D1000_Q0.7,4.0,1000,0.7,calibrated,1.4835,1.0457169558058597,source_intercept_control
N4.0_D1000_Q0.8,4.0,1000,0.8,calibrated,1.7176,1.0171223391518207,source_intercept_control
N4.0_D1000_Q0.9,4.0,1000,0.9,calibrated,1.8943,0.9884008885412345,source_intercept_control
N4.0_D1000_Q0.95,4.0,1000,0.95,calibrated,1.9293,0.9739557388441209,source_intercept_control
N4.0_D1000_Q1.0,4.0,1000,1.0,calibrated,2.1308,0.9593397433536428,source_intercept_control
N4.0_D2000_Q0.05,4.0,2000,0.05,calibrated,0.5,1.1985737484051107,source_intercept_control
N4.0_D2000_Q0.1,4.0,2000,0.1,calibrated,0.5,1.1844345522576003,source_intercept_control
N4.0_D2000_Q0.2,4.0,2000,0.2,calibrated,0.5,1.1561358219688398,source_intercept_control
N4.0_D2000_Q0.3,4.0,2000,0.3,calibrated,0.642,1.1278070833924796,source_intercept_control
N4.0_D2000_Q0.4,4.0,2000,0.4,calibrated,0.8502,1.0994439828298603,source_intercept_control
N4.0_D2000_Q0.5,4.0,2000,0.5,calibrated,1.0844,1.071040690248244,source_intercept_control
N4.0_D2000_Q0.6,4.0,2000,0.6,calibrated,1.281,1.042588990865206,source_intercept_control
N4.0_D2000_Q0.7,4.0,2000,0.7,calibrated,1.4643,1.0140764301986003,source_intercept_control
N4.0_D2000_Q0.8,4.0,2000,0.8,calibrated,1.6704,0.9854818135445613,source_intercept_control
N4.0_D2000_Q0.9,4.0,2000,0.9,calibrated,1.8145,0.9567603629339752,source_intercept_control
N4.0_D2000_Q0.95,4.0,2000,0.95,calibrated,1.9664,0.9423152132368615,source_intercept_control
N4.0_D2000_Q1.0,4.0,2000,1.0,calibrated,2.0978,0.9276992177463834,source_intercept_control
N6.9_D0005_Q0.05,6.9,5,0.05,calibrated,0.5,1.7809918690419944,source_intercept_control
N6.9_D0005_Q0.1,6.9,5,0.1,calibrated,0.5,1.7680484915434531,source_intercept_control
N6.9_D0005_Q0.2,6.9,5,0.2,calibrated,0.5546,1.7421431186328908,source_intercept_control
N6.9_D0005_Q0.3,6.9,5,0.3,calibrated,0.7947,1.7162102753774497,source_intercept_control
N6.9_D0005_Q0.4,6.9,5,0.4,calibrated,1.0436,1.6902459762913444,source_intercept_control
N6.9_D0005_Q0.5,6.9,5,0.5,calibrated,1.3381,1.6642448844152613,source_intercept_control
N6.9_D0005_Q0.6,6.9,5,0.6,calibrated,1.6422,1.6381994797297537,source_intercept_control
N6.9_D0005_Q0.7,6.9,5,0.7,calibrated,1.8729,1.6120983610870987,source_intercept_control
N6.9_D0005_Q0.8,6.9,5,0.8,calibrated,2.1078,1.5859221263197159,source_intercept_control
N6.9_D0005_Q0.9,6.9,5,0.9,calibrated,2.465,1.5596297845429887,source_intercept_control
N6.9_D0005_Q0.95,6.9,5,0.95,calibrated,2.5263,1.5464063294326642,source_intercept_control
N6.9_D0005_Q1.0,6.9,5,1.0,calibrated,2.633,1.5330264777652445,source_intercept_control
N6.9_D0020_Q0.05,6.9,20,0.05,calibrated,0.5,1.5267800888883516,source_intercept_control
N6.9_D0020_Q0.1,6.9,20,0.1,calibrated,0.5,1.5138367113898104,source_intercept_control
N6.9_D0020_Q0.2,6.9,20,0.2,calibrated,0.5,1.487931338479248,source_intercept_control
N6.9_D0020_Q0.3,6.9,20,0.3,calibrated,0.7321,1.461998495223807,source_intercept_control
N6.9_D0020_Q0.4,6.9,20,0.4,calibrated,0.9636,1.4360341961377017,source_intercept_control
N6.9_D0020_Q0.5,6.9,20,0.5,calibrated,1.2142,1.4100331042616185,source_intercept_control
N6.9_D0020_Q0.6,6.9,20,0.6,calibrated,1.4457,1.383987699576111,source_intercept_control
N6.9_D0020_Q0.7,6.9,20,0.7,calibrated,1.6657,1.357886580933456,source_intercept_control
N6.9_D0020_Q0.8,6.9,20,0.8,calibrated,1.9664,1.331710346166073,source_intercept_control
N6.9_D0020_Q0.9,6.9,20,0.9,calibrated,2.1852,1.305418004389346,source_intercept_control
N6.9_D0020_Q0.95,6.9,20,0.95,calibrated,2.2902,1.2921945492790214,source_intercept_control
N6.9_D0020_Q1.0,6.9,20,1.0,calibrated,2.4144,1.2788146976116017,source_intercept_control
N6.9_D0050_Q0.05,6.9,50,0.05,calibrated,0.5,1.4054682479357175,source_intercept_control
N6.9_D0050_Q0.95,6.9,50,0.95,calibrated,2.1785,1.1708827083263873,source_intercept_control
N6.9_D0100_Q0.05,6.9,100,0.05,calibrated,0.5,1.3322914284437355,source_intercept_control
N6.9_D0100_Q0.1,6.9,100,0.1,calibrated,0.5,1.3193480509451943,source_intercept_control
N6.9_D0100_Q0.2,6.9,100,0.2,calibrated,0.5,1.293442678034632,source_intercept_control
N6.9_D0100_Q0.3,6.9,100,0.3,calibrated,0.6647,1.2675098347791909,source_intercept_control
N6.9_D0100_Q0.4,6.9,100,0.4,calibrated,0.882,1.2415455356930856,source_intercept_control
N6.9_D0100_Q0.5,6.9,100,0.5,calibrated,1.1201,1.2155444438170024,source_intercept_control
N6.9_D0100_Q0.6,6.9,100,0.6,calibrated,1.3304,1.1894990391314948,source_intercept_control
N6.9_D0100_Q0.7,6.9,100,0.7,calibrated,1.5242,1.1633979204888398,source_intercept_control
N6.9_D0100_Q0.8,6.9,100,0.8,calibrated,1.818,1.137221685721457,source_intercept_control
N6.9_D0100_Q0.9,6.9,100,0.9,calibrated,1.9399,1.1109293439447299,source_intercept_control
N6.9_D0100_Q0.95,6.9,100,0.95,calibrated,2.1119,1.0977058888344053,source_intercept_control
N6.9_D0100_Q1.0,6.9,100,1.0,calibrated,2.2368,1.0843260371669856,source_intercept_control
N6.9_D0150_Q0.05,6.9,150,0.05,calibrated,0.5,1.295623544119464,source_intercept_control
N6.9_D0150_Q0.95,6.9,150,0.95,calibrated,2.0784,1.0610380045101337,source_intercept_control
N6.9_D0500_Q0.05,6.9,500,0.05,calibrated,0.5,1.2083353385208533,source_intercept_control
N6.9_D0500_Q0.1,6.9,500,0.1,calibrated,0.5,1.195391961022312,source_intercept_control
N6.9_D0500_Q0.2,6.9,500,0.2,calibrated,0.5,1.1694865881117498,source_intercept_control
N6.9_D0500_Q0.3,6.9,500,0.3,calibrated,0.6224,1.1435537448563087,source_intercept_control
N6.9_D0500_Q0.4,6.9,500,0.4,calibrated,0.8513,1.1175894457702034,source_intercept_control
N6.9_D0500_Q0.5,6.9,500,0.5,calibrated,1.0567,1.0915883538941202,source_intercept_control
N6.9_D0500_Q0.6,6.9,500,0.6,calibrated,1.2524,1.0655429492086126,source_intercept_control
N6.9_D0500_Q0.7,6.9,500,0.7,calibrated,1.4759,1.0394418305659576,source_intercept_control
N6.9_D0500_Q0.8,6.9,500,0.8,calibrated,1.6838,1.0132655957985748,source_intercept_control
N6.9_D0500_Q0.9,6.9,500,0.9,calibrated,1.9071,0.9869732540218477,source_intercept_control
N6.9_D0500_Q0.95,6.9,500,0.95,calibrated,1.9975,0.9737497989115231,source_intercept_control
N6.9_D0500_Q1.0,6.9,500,1.0,calibrated,2.1285,0.9603699472441034,source_intercept_control
N6.9_D1000_Q0.05,6.9,1000,0.05,calibrated,0.5,1.1699208193870538,source_intercept_control
N6.9_D1000_Q0.1,6.9,1000,0.1,calibrated,0.5,1.1569774418885126,source_intercept_control
N6.9_D1000_Q0.2,6.9,1000,0.2,calibrated,0.5,1.1310720689779503,source_intercept_control
N6.9_D1000_Q0.3,6.9,1000,0.3,calibrated,0.6085,1.1051392257225092,source_intercept_control
N6.9_D1000_Q0.4,6.9,1000,0.4,calibrated,0.8559,1.079174926636404,source_intercept_control
N6.9_D1000_Q0.5,6.9,1000,0.5,calibrated,1.0114,1.0531738347603208,source_intercept_control
N6.9_D1000_Q0.6,6.9,1000,0.6,calibrated,1.2482,1.0271284300748131,source_intercept_control
N6.9_D1000_Q0.7,6.9,1000,0.7,calibrated,1.4349,1.0010273114321582,source_intercept_control
N6.9_D1000_Q0.8,6.9,1000,0.8,calibrated,1.6614,0.9748510766647753,source_intercept_control
N6.9_D1000_Q0.9,6.9,1000,0.9,calibrated,1.837,0.9485587348880482,source_intercept_control
N6.9_D1000_Q0.95,6.9,1000,0.95,calibrated,1.9432,0.9353352797777237,source_intercept_control
N6.9_D1000_Q1.0,6.9,1000,1.0,calibrated,2.0548,0.921955428110304,source_intercept_control
N6.9_D2000_Q0.05,6.9,2000,0.05,calibrated,0.5,1.1382802937797944,source_intercept_control
N6.9_D2000_Q0.1,6.9,2000,0.1,calibrated,0.5,1.1253369162812532,source_intercept_control
N6.9_D2000_Q0.2,6.9,2000,0.2,calibrated,0.5,1.099431543370691,source_intercept_control
N6.9_D2000_Q0.3,6.9,2000,0.3,calibrated,0.6165,1.0734987001152498,source_intercept_control
N6.9_D2000_Q0.4,6.9,2000,0.4,calibrated,0.8294,1.0475344010291445,source_intercept_control
N6.9_D2000_Q0.5,6.9,2000,0.5,calibrated,1.005,1.0215333091530614,source_intercept_control
N6.9_D2000_Q0.6,6.9,2000,0.6,calibrated,1.2332,0.9954879044675538,source_intercept_control
N6.9_D2000_Q0.7,6.9,2000,0.7,calibrated,1.4283,0.9693867858248988,source_intercept_control
N6.9_D2000_Q0.8,6.9,2000,0.8,calibrated,1.651,0.943210551057516,source_intercept_control
N6.9_D2000_Q0.9,6.9,2000,0.9,calibrated,1.8064,0.9169182092807888,source_intercept_control
N6.9_D2000_Q0.95,6.9,2000,0.95,calibrated,1.9399,0.9036947541704643,source_intercept_control
N6.9_D2000_Q1.0,6.9,2000,1.0,calibrated,1.9935,0.8903149025030446,source_intercept_control
N12_D0005_Q0.05,12.0,5,0.05,calibrated,0.5,1.7282389786020447,source_intercept_control
N12_D0005_Q0.1,12.0,5,0.1,calibrated,0.5,1.7164059399614684,source_intercept_control
N12_D0005_Q0.2,12.0,5,0.2,calibrated,0.5,1.6927228418919136,source_intercept_control
N12_D0005_Q0.3,12.0,5,0.3,calibrated,0.7234,1.6690146300023792,source_intercept_control
N12_D0005_Q0.4,12.0,5,0.4,calibrated,1.0113,1.6452776606992747,source_intercept_control
N12_D0005_Q0.5,12.0,5,0.5,calibrated,1.2841,1.6215070548507204,source_intercept_control
N12_D0005_Q0.6,12.0,5,0.6,calibrated,1.5682,1.5976959375370365,source_intercept_control
N12_D0005_Q0.7,12.0,5,0.7,calibrated,1.7793,1.5738338856502232,source_intercept_control
N12_D0005_Q0.8,12.0,5,0.8,calibrated,2.0752,1.549903161424483,source_intercept_control
N12_D0005_Q0.9,12.0,5,0.9,calibrated,2.3423,1.5258662903504285,source_intercept_control
N12_D0005_Q0.95,12.0,5,0.95,calibrated,2.4625,1.5137772003659917,source_intercept_control
N12_D0005_Q1.0,12.0,5,1.0,calibrated,2.701,1.5015451301970113,source_intercept_control
N12_D0020_Q0.05,12.0,20,0.05,calibrated,0.5,1.474027198448402,source_intercept_control
N12_D0020_Q0.1,12.0,20,0.1,calibrated,0.5,1.4621941598078256,source_intercept_control
N12_D0020_Q0.2,12.0,20,0.2,calibrated,0.5,1.4385110617382708,source_intercept_control
N12_D0020_Q0.3,12.0,20,0.3,calibrated,0.6648,1.4148028498487364,source_intercept_control
N12_D0020_Q0.4,12.0,20,0.4,calibrated,0.9074,1.391065880545632,source_intercept_control
N12_D0020_Q0.5,12.0,20,0.5,calibrated,1.1529,1.3672952746970777,source_intercept_control
N12_D0020_Q0.6,12.0,20,0.6,calibrated,1.4022,1.3434841573833938,source_intercept_control
N12_D0020_Q0.7,12.0,20,0.7,calibrated,1.6378,1.3196221054965804,source_intercept_control
N12_D0020_Q0.8,12.0,20,0.8,calibrated,1.9488,1.2956913812708402,source_intercept_control
N12_D0020_Q0.9,12.0,20,0.9,calibrated,2.1859,1.2716545101967858,source_intercept_control
N12_D0020_Q0.95,12.0,20,0.95,calibrated,2.2362,1.259565420212349,source_intercept_control
N12_D0020_Q1.0,12.0,20,1.0,calibrated,2.3472,1.2473333500433685,source_intercept_control
N12_D0050_Q0.05,12.0,50,0.05,calibrated,0.5,1.3527153574957678,source_intercept_control
N12_D0050_Q0.1,12.0,50,0.1,calibrated,0.5,1.3408823188551915,source_intercept_control
N12_D0050_Q0.2,12.0,50,0.2,calibrated,0.5,1.3171992207856367,source_intercept_control
N12_D0050_Q0.3,12.0,50,0.3,calibrated,0.6406,1.2934910088961022,source_intercept_control
N12_D0050_Q0.4,12.0,50,0.4,calibrated,0.8712,1.2697540395929978,source_intercept_control
N12_D0050_Q0.5,12.0,50,0.5,calibrated,1.1272,1.2459834337444435,source_intercept_control
N12_D0050_Q0.6,12.0,50,0.6,calibrated,1.3567,1.2221723164307596,source_intercept_control
N12_D0050_Q0.7,12.0,50,0.7,calibrated,1.542,1.1983102645439463,source_intercept_control
N12_D0050_Q0.8,12.0,50,0.8,calibrated,1.7878,1.174379540318206,source_intercept_control
N12_D0050_Q0.9,12.0,50,0.9,calibrated,2.0117,1.1503426692441516,source_intercept_control
N12_D0050_Q0.95,12.0,50,0.95,calibrated,2.1497,1.1382535792597148,source_intercept_control
N12_D0050_Q1.0,12.0,50,1.0,calibrated,2.2387,1.1260215090907344,source_intercept_control
N12_D0100_Q0.05,12.0,100,0.05,calibrated,0.5,1.2795385380037863,source_intercept_control
N12_D0100_Q0.1,12.0,100,0.1,calibrated,0.5,1.26770549936321,source_intercept_control
N12_D0100_Q0.2,12.0,100,0.2,calibrated,0.5,1.2440224012936552,source_intercept_control
N12_D0100_Q0.3,12.0,100,0.3,calibrated,0.6166,1.2203141894041207,source_intercept_control
N12_D0100_Q0.4,12.0,100,0.4,calibrated,0.8496,1.1965772201010163,source_intercept_control
N12_D0100_Q0.5,12.0,100,0.5,calibrated,1.0745,1.172806614252462,source_intercept_control
N12_D0100_Q0.6,12.0,100,0.6,calibrated,1.3174,1.1489954969387781,source_intercept_control
N12_D0100_Q0.7,12.0,100,0.7,calibrated,1.5083,1.1251334450519648,source_intercept_control
N12_D0100_Q0.8,12.0,100,0.8,calibrated,1.762,1.1012027208262245,source_intercept_control
N12_D0100_Q0.9,12.0,100,0.9,calibrated,1.9734,1.0771658497521701,source_intercept_control
N12_D0100_Q0.95,12.0,100,0.95,calibrated,2.0303,1.0650767597677333,source_intercept_control
N12_D0100_Q1.0,12.0,100,1.0,calibrated,2.2111,1.0528446895987529,source_intercept_control
N12_D0150_Q0.05,12.0,150,0.05,calibrated,0.5,1.2428706536795147,source_intercept_control
N12_D0150_Q0.1,12.0,150,0.1,calibrated,0.5,1.2310376150389384,source_intercept_control
N12_D0150_Q0.2,12.0,150,0.2,calibrated,0.5,1.2073545169693836,source_intercept_control
N12_D0150_Q0.3,12.0,150,0.3,calibrated,0.5971,1.1836463050798491,source_intercept_control
N12_D0150_Q0.4,12.0,150,0.4,calibrated,0.8028,1.1599093357767447,source_intercept_control
N12_D0150_Q0.5,12.0,150,0.5,calibrated,1.04,1.1361387299281904,source_intercept_control
N12_D0150_Q0.6,12.0,150,0.6,calibrated,1.2578,1.1123276126145065,source_intercept_control
N12_D0150_Q0.7,12.0,150,0.7,calibrated,1.4982,1.0884655607276932,source_intercept_control
N12_D0150_Q0.8,12.0,150,0.8,calibrated,1.6931,1.064534836501953,source_intercept_control
N12_D0150_Q0.9,12.0,150,0.9,calibrated,2.013,1.0404979654278985,source_intercept_control
N12_D0150_Q0.95,12.0,150,0.95,calibrated,2.0249,1.0284088754434617,source_intercept_control
N12_D0150_Q1.0,12.0,150,1.0,calibrated,2.0668,1.0161768052744813,source_intercept_control
N12_D0500_Q0.05,12.0,500,0.05,calibrated,0.5,1.1555824480809036,source_intercept_control
N12_D0500_Q0.1,12.0,500,0.1,calibrated,0.5,1.1437494094403273,source_intercept_control
N12_D0500_Q0.2,12.0,500,0.2,calibrated,0.5,1.1200663113707725,source_intercept_control
N12_D0500_Q0.3,12.0,500,0.3,calibrated,0.558,1.096358099481238,source_intercept_control
N12_D0500_Q0.4,12.0,500,0.4,calibrated,0.7966,1.0726211301781337,source_intercept_control
N12_D0500_Q0.5,12.0,500,0.5,calibrated,0.9859,1.0488505243295794,source_intercept_control
N12_D0500_Q0.6,12.0,500,0.6,calibrated,1.2293,1.0250394070158955,source_intercept_control
N12_D0500_Q0.7,12.0,500,0.7,calibrated,1.4001,1.0011773551290821,source_intercept_control
N12_D0500_Q0.8,12.0,500,0.8,calibrated,1.6431,0.9772466309033419,source_intercept_control
N12_D0500_Q0.9,12.0,500,0.9,calibrated,1.8108,0.9532097598292875,source_intercept_control
N12_D0500_Q0.95,12.0,500,0.95,calibrated,1.9414,0.9411206698448507,source_intercept_control
N12_D0500_Q1.0,12.0,500,1.0,calibrated,2.0759,0.9288885996758702,source_intercept_control
N12_D1000_Q0.05,12.0,1000,0.05,calibrated,0.5,1.1171679289471046,source_intercept_control
N12_D1000_Q0.1,12.0,1000,0.1,calibrated,0.5,1.1053348903065283,source_intercept_control
N12_D1000_Q0.2,12.0,1000,0.2,calibrated,0.5,1.0816517922369735,source_intercept_control
N12_D1000_Q0.3,12.0,1000,0.3,calibrated,0.544,1.057943580347439,source_intercept_control
N12_D1000_Q0.4,12.0,1000,0.4,calibrated,0.7804,1.0342066110443346,source_intercept_control
N12_D1000_Q0.5,12.0,1000,0.5,calibrated,0.9814,1.0104360051957804,source_intercept_control
N12_D1000_Q0.6,12.0,1000,0.6,calibrated,1.193,0.9866248878820965,source_intercept_control
N12_D1000_Q0.7,12.0,1000,0.7,calibrated,1.4183,0.9627628359952831,source_intercept_control
N12_D1000_Q0.8,12.0,1000,0.8,calibrated,1.5722,0.9388321117695428,source_intercept_control
N12_D1000_Q0.9,12.0,1000,0.9,calibrated,1.826,0.9147952406954885,source_intercept_control
N12_D1000_Q0.95,12.0,1000,0.95,calibrated,1.9075,0.9027061507110516,source_intercept_control
N12_D1000_Q1.0,12.0,1000,1.0,calibrated,2.0468,0.8904740805420712,source_intercept_control
N12_D2000_Q0.05,12.0,2000,0.05,calibrated,0.5,1.0855274033398452,source_intercept_control
N12_D2000_Q0.1,12.0,2000,0.1,calibrated,0.5,1.073694364699269,source_intercept_control
N12_D2000_Q0.2,12.0,2000,0.2,calibrated,0.5,1.0500112666297141,source_intercept_control
N12_D2000_Q0.3,12.0,2000,0.3,calibrated,0.5484,1.0263030547401797,source_intercept_control
N12_D2000_Q0.4,12.0,2000,0.4,calibrated,0.7469,1.0025660854370753,source_intercept_control
N12_D2000_Q0.5,12.0,2000,0.5,calibrated,0.9661,0.978795479588521,source_intercept_control
N12_D2000_Q0.6,12.0,2000,0.6,calibrated,1.1885,0.9549843622748371,source_intercept_control
N12_D2000_Q0.7,12.0,2000,0.7,calibrated,1.3664,0.9311223103880237,source_intercept_control
N12_D2000_Q0.8,12.0,2000,0.8,calibrated,1.6065,0.9071915861622835,source_intercept_control
N12_D2000_Q0.9,12.0,2000,0.9,calibrated,1.7583,0.8831547150882291,source_intercept_control
N12_D2000_Q0.95,12.0,2000,0.95,calibrated,1.9375,0.8710656251037923,source_intercept_control
N12_D2000_Q1.0,12.0,2000,1.0,calibrated,1.9695,0.8588335549348118,source_intercept_control
N20_D0005_Q0.05,20.0,5,0.05,extrapolated,0.5,1.685980778248563,source_intercept_control
N20_D0005_Q0.1,20.0,5,0.1,extrapolated,0.5,1.6750879512220973,source_intercept_control
N20_D0005_Q0.2,20.0,5,0.2,extrapolated,0.5,1.6532866287927208,source_intercept_control
N20_D0005_Q0.3,20.0,5,0.3,extrapolated,0.6738,1.6314621879991338,source_intercept_control
N20_D0005_Q0.4,20.0,5,0.4,extrapolated,0.9583,1.6096112747548712,source_intercept_control
N20_D0005_Q0.5,20.0,5,0.5,extrapolated,1.2067,1.5877293976067055,source_intercept_control
N20_D0005_Q0.6,20.0,5,0.6,extrapolated,1.5155,1.5658102278918842,source_intercept_control
N20_D0005_Q0.7,20.0,5,0.7,extrapolated,1.7701,1.5438441706858932,source_intercept_control
N20_D0005_Q0.8,20.0,5,0.8,extrapolated,2.0429,1.5218148976033932,source_intercept_control
N20_D0005_Q0.9,20.0,5,0.9,extrapolated,2.3981,1.4996879117276525,source_intercept_control
N20_D0005_Q0.95,20.0,5,0.95,extrapolated,2.5077,1.488559378296156,source_intercept_control
N20_D0005_Q1.0,20.0,5,1.0,extrapolated,2.5772,1.477299225382483,source_intercept_control
N20_D0020_Q0.05,20.0,20,0.05,extrapolated,0.5,1.4317689980949198,source_intercept_control
N20_D0020_Q0.1,20.0,20,0.1,extrapolated,0.5,1.420876171068454,source_intercept_control
N20_D0020_Q0.2,20.0,20,0.2,extrapolated,0.5,1.3990748486390776,source_intercept_control
N20_D0020_Q0.3,20.0,20,0.3,extrapolated,0.5948,1.3772504078454906,source_intercept_control
N20_D0020_Q0.4,20.0,20,0.4,extrapolated,0.8354,1.3553994946012284,source_intercept_control
N20_D0020_Q0.5,20.0,20,0.5,extrapolated,1.0991,1.3335176174530623,source_intercept_control
N20_D0020_Q0.6,20.0,20,0.6,extrapolated,1.3714,1.311598447738241,source_intercept_control
N20_D0020_Q0.7,20.0,20,0.7,extrapolated,1.6057,1.28963239053225,source_intercept_control
N20_D0020_Q0.8,20.0,20,0.8,extrapolated,1.8837,1.26760311744975,source_intercept_control
N20_D0020_Q0.9,20.0,20,0.9,extrapolated,2.0254,1.2454761315740093,source_intercept_control
N20_D0020_Q0.95,20.0,20,0.95,extrapolated,2.2272,1.2343475981425127,source_intercept_control
N20_D0020_Q1.0,20.0,20,1.0,extrapolated,2.3884,1.2230874452288398,source_intercept_control
N20_D0050_Q0.05,20.0,50,0.05,extrapolated,0.5,1.310457157142286,source_intercept_control
N20_D0050_Q0.1,20.0,50,0.1,extrapolated,0.5,1.2995643301158204,source_intercept_control
N20_D0050_Q0.2,20.0,50,0.2,extrapolated,0.5,1.277763007686444,source_intercept_control
N20_D0050_Q0.3,20.0,50,0.3,extrapolated,0.5672,1.2559385668928569,source_intercept_control
N20_D0050_Q0.4,20.0,50,0.4,extrapolated,0.8172,1.2340876536485943,source_intercept_control
N20_D0050_Q0.5,20.0,50,0.5,extrapolated,1.0322,1.2122057765004286,source_intercept_control
N20_D0050_Q0.6,20.0,50,0.6,extrapolated,1.2838,1.1902866067856073,source_intercept_control
N20_D0050_Q0.7,20.0,50,0.7,extrapolated,1.5601,1.1683205495796163,source_intercept_control
N20_D0050_Q0.8,20.0,50,0.8,extrapolated,1.8085,1.1462912764971163,source_intercept_control
N20_D0050_Q0.9,20.0,50,0.9,extrapolated,2.0156,1.1241642906213756,source_intercept_control
N20_D0050_Q0.95,20.0,50,0.95,extrapolated,2.0825,1.113035757189879,source_intercept_control
N20_D0050_Q1.0,20.0,50,1.0,extrapolated,2.2835,1.1017756042762061,source_intercept_control
N20_D0100_Q0.05,20.0,100,0.05,extrapolated,0.5,1.237280337650304,source_intercept_control
N20_D0100_Q0.1,20.0,100,0.1,extrapolated,0.5,1.2263875106238384,source_intercept_control
N20_D0100_Q0.2,20.0,100,0.2,extrapolated,0.5,1.204586188194462,source_intercept_control
N20_D0100_Q0.3,20.0,100,0.3,extrapolated,0.5564,1.182761747400875,source_intercept_control
N20_D0100_Q0.4,20.0,100,0.4,extrapolated,0.793,1.1609108341566123,source_intercept_control
N20_D0100_Q0.5,20.0,100,0.5,extrapolated,0.9903,1.1390289570084466,source_intercept_control
N20_D0100_Q0.6,20.0,100,0.6,extrapolated,1.2411,1.1171097872936253,source_intercept_control
N20_D0100_Q0.7,20.0,100,0.7,extrapolated,1.4352,1.0951437300876343,source_intercept_control
N20_D0100_Q0.8,20.0,100,0.8,extrapolated,1.7346,1.0731144570051343,source_intercept_control
N20_D0100_Q0.9,20.0,100,0.9,extrapolated,1.9249,1.0509874711293936,source_intercept_control
N20_D0100_Q0.95,20.0,100,0.95,extrapolated,2.0146,1.039858937697897,source_intercept_control
N20_D0100_Q1.0,20.0,100,1.0,extrapolated,2.1626,1.0285987847842242,source_intercept_control
N20_D0150_Q0.05,20.0,150,0.05,extrapolated,0.5,1.2006124533260325,source_intercept_control
N20_D0150_Q0.1,20.0,150,0.1,extrapolated,0.5,1.1897196262995668,source_intercept_control
N20_D0150_Q0.2,20.0,150,0.2,extrapolated,0.5,1.1679183038701904,source_intercept_control
N20_D0150_Q0.3,20.0,150,0.3,extrapolated,0.5609,1.1460938630766033,source_intercept_control
N20_D0150_Q0.4,20.0,150,0.4,extrapolated,0.7726,1.1242429498323412,source_intercept_control
N20_D0150_Q0.5,20.0,150,0.5,extrapolated,1.0014,1.102361072684175,source_intercept_control
N20_D0150_Q0.6,20.0,150,0.6,extrapolated,1.2131,1.0804419029693537,source_intercept_control
N20_D0150_Q0.7,20.0,150,0.7,extrapolated,1.4349,1.0584758457633627,source_intercept_control
N20_D0150_Q0.8,20.0,150,0.8,extrapolated,1.6867,1.0364465726808627,source_intercept_control
N20_D0150_Q0.9,20.0,150,0.9,extrapolated,1.9415,1.014319586805122,source_intercept_control
N20_D0150_Q0.95,20.0,150,0.95,extrapolated,1.9787,1.0031910533736255,source_intercept_control
N20_D0150_Q1.0,20.0,150,1.0,extrapolated,2.202,0.9919309004599526,source_intercept_control
N20_D0500_Q0.05,20.0,500,0.05,extrapolated,0.5,1.113324247727422,source_intercept_control
N20_D0500_Q0.1,20.0,500,0.1,extrapolated,0.5,1.1024314207009562,source_intercept_control
N20_D0500_Q0.2,20.0,500,0.2,extrapolated,0.5,1.0806300982715797,source_intercept_control
N20_D0500_Q0.3,20.0,500,0.3,extrapolated,0.5267,1.0588056574779927,source_intercept_control
N20_D0500_Q0.4,20.0,500,0.4,extrapolated,0.7311,1.0369547442337301,source_intercept_control
N20_D0500_Q0.5,20.0,500,0.5,extrapolated,0.9588,1.0150728670855644,source_intercept_control
N20_D0500_Q0.6,20.0,500,0.6,extrapolated,1.1533,0.9931536973707431,source_intercept_control
N20_D0500_Q0.7,20.0,500,0.7,extrapolated,1.3975,0.9711876401647521,source_intercept_control
N20_D0500_Q0.8,20.0,500,0.8,extrapolated,1.5833,0.9491583670822521,source_intercept_control
N20_D0500_Q0.9,20.0,500,0.9,extrapolated,1.8347,0.9270313812065114,source_intercept_control
N20_D0500_Q0.95,20.0,500,0.95,extrapolated,1.9382,0.9159028477750149,source_intercept_control
N20_D0500_Q1.0,20.0,500,1.0,extrapolated,2.0683,0.904642694861342,source_intercept_control
N20_D1000_Q0.05,20.0,1000,0.05,extrapolated,0.5,1.0749097285936224,source_intercept_control
N20_D1000_Q0.1,20.0,1000,0.1,extrapolated,0.5,1.0640169015671572,source_intercept_control
N20_D1000_Q0.2,20.0,1000,0.2,extrapolated,0.5,1.0422155791377803,source_intercept_control
N20_D1000_Q0.3,20.0,1000,0.3,extrapolated,0.5122,1.0203911383441933,source_intercept_control
N20_D1000_Q0.4,20.0,1000,0.4,extrapolated,0.7145,0.9985402250999311,source_intercept_control
N20_D1000_Q0.5,20.0,1000,0.5,extrapolated,0.9421,0.9766583479517654,source_intercept_control
N20_D1000_Q0.6,20.0,1000,0.6,extrapolated,1.156,0.9547391782369437,source_intercept_control
N20_D1000_Q0.7,20.0,1000,0.7,extrapolated,1.3503,0.9327731210309531,source_intercept_control
N20_D1000_Q0.8,20.0,1000,0.8,extrapolated,1.5928,0.9107438479484526,source_intercept_control
N20_D1000_Q0.9,20.0,1000,0.9,extrapolated,1.8254,0.8886168620727124,source_intercept_control
N20_D1000_Q0.95,20.0,1000,0.95,extrapolated,1.8833,0.8774883286412154,source_intercept_control
N20_D1000_Q1.0,20.0,1000,1.0,extrapolated,1.9818,0.8662281757275427,source_intercept_control
N20_D2000_Q0.05,20.0,2000,0.05,extrapolated,0.5,1.043269202986363,source_intercept_control
N20_D2000_Q0.1,20.0,2000,0.1,extrapolated,0.5,1.0323763759598978,source_intercept_control
N20_D2000_Q0.2,20.0,2000,0.2,extrapolated,0.5,1.010575053530521,source_intercept_control
N20_D2000_Q0.3,20.0,2000,0.3,extrapolated,0.5,0.9887506127369339,source_intercept_control
N20_D2000_Q0.4,20.0,2000,0.4,extrapolated,0.7172,0.9668996994926717,source_intercept_control
N20_D2000_Q0.5,20.0,2000,0.5,extrapolated,0.9179,0.945017822344506,source_intercept_control
N20_D2000_Q0.6,20.0,2000,0.6,extrapolated,1.1399,0.9230986526296843,source_intercept_control
N20_D2000_Q0.7,20.0,2000,0.7,extrapolated,1.352,0.9011325954236937,source_intercept_control
N20_D2000_Q0.8,20.0,2000,0.8,extrapolated,1.5389,0.8791033223411933,source_intercept_control
N20_D2000_Q0.9,20.0,2000,0.9,extrapolated,1.7931,0.856976336465453,source_intercept_control
N20_D2000_Q0.95,20.0,2000,0.95,extrapolated,1.8594,0.8458478030339562,source_intercept_control
N20_D2000_Q1.0,20.0,2000,1.0,extrapolated,1.9584,0.8345876501202834,source_intercept_control
N40_D0005_Q0.05,40.0,5,0.05,extrapolated,0.5,1.636967249929968,source_intercept_control
N40_D0005_Q0.1,40.0,5,0.1,extrapolated,0.5,1.627231894860316,source_intercept_control
N40_D0005_Q0.2,40.0,5,0.2,extrapolated,0.5,1.6077471812664739,source_intercept_control
N40_D0005_Q0.3,40.0,5,0.3,extrapolated,0.5852,1.5882418058661354,source_intercept_control
N40_D0005_Q0.4,40.0,5,0.4,extrapolated,0.867,1.5687127709781115,source_intercept_control
N40_D0005_Q0.5,40.0,5,0.5,extrapolated,1.1797,1.5491560624110596,source_intercept_control
N40_D0005_Q0.6,40.0,5,0.6,extrapolated,1.4673,1.5295660239860223,source_intercept_control
N40_D0005_Q0.7,40.0,5,0.7,extrapolated,1.664,1.509934080335303,source_intercept_control
N40_D0005_Q0.8,40.0,5,0.8,extrapolated,2.0255,1.490245638128023,source_intercept_control
N40_D0005_Q0.9,40.0,5,0.9,extrapolated,2.2617,1.4704698660903206,source_intercept_control
N40_D0005_Q0.95,40.0,5,0.95,extrapolated,2.4282,1.4605238507816332,source_intercept_control
N40_D0005_Q1.0,40.0,5,1.0,extrapolated,2.5961,1.4504602018788424,source_intercept_control
N40_D0020_Q0.05,40.0,20,0.05,extrapolated,0.5,1.3827554697763247,source_intercept_control
N40_D0020_Q0.1,40.0,20,0.1,extrapolated,0.5,1.3730201147066727,source_intercept_control
N40_D0020_Q0.2,40.0,20,0.2,extrapolated,0.5,1.3535354011128307,source_intercept_control
N40_D0020_Q0.3,40.0,20,0.3,extrapolated,0.5362,1.3340300257124922,source_intercept_control
N40_D0020_Q0.4,40.0,20,0.4,extrapolated,0.7886,1.3145009908244683,source_intercept_control
N40_D0020_Q0.5,40.0,20,0.5,extrapolated,1.0198,1.2949442822574164,source_intercept_control
N40_D0020_Q0.6,40.0,20,0.6,extrapolated,1.3092,1.275354243832379,source_intercept_control
N40_D0020_Q0.7,40.0,20,0.7,extrapolated,1.562,1.2557223001816598,source_intercept_control
N40_D0020_Q0.8,40.0,20,0.8,extrapolated,1.7885,1.2360338579743797,source_intercept_control
N40_D0020_Q0.9,40.0,20,0.9,extrapolated,2.0261,1.2162580859366774,source_intercept_control
N40_D0020_Q0.95,40.0,20,0.95,extrapolated,2.1982,1.20631207062799,source_intercept_control
N40_D0020_Q1.0,40.0,20,1.0,extrapolated,2.3679,1.1962484217251992,source_intercept_control
N40_D0050_Q0.05,40.0,50,0.05,extrapolated,0.5,1.261443628823691,source_intercept_control
N40_D0050_Q0.1,40.0,50,0.1,extrapolated,0.5,1.251708273754039,source_intercept_control
N40_D0050_Q0.2,40.0,50,0.2,extrapolated,0.5,1.232223560160197,source_intercept_control
N40_D0050_Q0.3,40.0,50,0.3,extrapolated,0.5011,1.2127181847598585,source_intercept_control
N40_D0050_Q0.4,40.0,50,0.4,extrapolated,0.7348,1.1931891498718346,source_intercept_control
N40_D0050_Q0.5,40.0,50,0.5,extrapolated,1.0179,1.1736324413047827,source_intercept_control
N40_D0050_Q0.6,40.0,50,0.6,extrapolated,1.2307,1.1540424028797454,source_intercept_control
N40_D0050_Q0.7,40.0,50,0.7,extrapolated,1.4863,1.134410459229026,source_intercept_control
N40_D0050_Q0.8,40.0,50,0.8,extrapolated,1.6999,1.114722017021746,source_intercept_control
N40_D0050_Q0.9,40.0,50,0.9,extrapolated,1.9707,1.0949462449840437,source_intercept_control
N40_D0050_Q0.95,40.0,50,0.95,extrapolated,2.0827,1.0850002296753563,source_intercept_control
N40_D0050_Q1.0,40.0,50,1.0,extrapolated,2.262,1.0749365807725655,source_intercept_control
N40_D0100_Q0.05,40.0,100,0.05,extrapolated,0.5,1.188266809331709,source_intercept_control
N40_D0100_Q0.1,40.0,100,0.1,extrapolated,0.5,1.178531454262057,source_intercept_control
N40_D0100_Q0.2,40.0,100,0.2,extrapolated,0.5,1.159046740668215,source_intercept_control
N40_D0100_Q0.3,40.0,100,0.3,extrapolated,0.5,1.1395413652678765,source_intercept_control
N40_D0100_Q0.4,40.0,100,0.4,extrapolated,0.7481,1.1200123303798526,source_intercept_control
N40_D0100_Q0.5,40.0,100,0.5,extrapolated,0.9344,1.1004556218128008,source_intercept_control
N40_D0100_Q0.6,40.0,100,0.6,extrapolated,1.1814,1.0808655833877634,source_intercept_control
N40_D0100_Q0.7,40.0,100,0.7,extrapolated,1.417,1.061233639737044,source_intercept_control
N40_D0100_Q0.8,40.0,100,0.8,extrapolated,1.6703,1.041545197529764,source_intercept_control
N40_D0100_Q0.9,40.0,100,0.9,extrapolated,1.9207,1.0217694254920617,source_intercept_control
N40_D0100_Q0.95,40.0,100,0.95,extrapolated,2.0172,1.0118234101833743,source_intercept_control
N40_D0100_Q1.0,40.0,100,1.0,extrapolated,2.1214,1.0017597612805835,source_intercept_control
N40_D0150_Q0.05,40.0,150,0.05,extrapolated,0.5,1.1515989250074374,source_intercept_control
N40_D0150_Q0.1,40.0,150,0.1,extrapolated,0.5,1.1418635699377855,source_intercept_control
N40_D0150_Q0.2,40.0,150,0.2,extrapolated,0.5,1.1223788563439434,source_intercept_control
N40_D0150_Q0.3,40.0,150,0.3,extrapolated,0.5,1.102873480943605,source_intercept_control
N40_D0150_Q0.4,40.0,150,0.4,extrapolated,0.7164,1.083344446055581,source_intercept_control
N40_D0150_Q0.5,40.0,150,0.5,extrapolated,0.9445,1.0637877374885292,source_intercept_control
N40_D0150_Q0.6,40.0,150,0.6,extrapolated,1.2004,1.0441976990634918,source_intercept_control
N40_D0150_Q0.7,40.0,150,0.7,extrapolated,1.4026,1.0245657554127725,source_intercept_control
N40_D0150_Q0.8,40.0,150,0.8,extrapolated,1.6463,1.0048773132054925,source_intercept_control
N40_D0150_Q0.9,40.0,150,0.9,extrapolated,1.8339,0.9851015411677901,source_intercept_control
N40_D0150_Q0.95,40.0,150,0.95,extrapolated,1.9979,0.9751555258591027,source_intercept_control
N40_D0150_Q1.0,40.0,150,1.0,extrapolated,2.0917,0.9650918769563119,source_intercept_control
N40_D0500_Q0.05,40.0,500,0.05,extrapolated,0.5,1.0643107194088268,source_intercept_control
N40_D0500_Q0.1,40.0,500,0.1,extrapolated,0.5,1.0545753643391749,source_intercept_control
N40_D0500_Q0.2,40.0,500,0.2,extrapolated,0.5,1.0350906507453328,source_intercept_control
N40_D0500_Q0.3,40.0,500,0.3,extrapolated,0.5,1.0155852753449943,source_intercept_control
N40_D0500_Q0.4,40.0,500,0.4,extrapolated,0.7035,0.9960562404569704,source_intercept_control
N40_D0500_Q0.5,40.0,500,0.5,extrapolated,0.8866,0.9764995318899186,source_intercept_control
N40_D0500_Q0.6,40.0,500,0.6,extrapolated,1.1238,0.9569094934648812,source_intercept_control
N40_D0500_Q0.7,40.0,500,0.7,extrapolated,1.351,0.9372775498141619,source_intercept_control
N40_D0500_Q0.8,40.0,500,0.8,extrapolated,1.5771,0.9175891076068818,source_intercept_control
N40_D0500_Q0.9,40.0,500,0.9,extrapolated,1.7729,0.8978133355691795,source_intercept_control
N40_D0500_Q0.95,40.0,500,0.95,extrapolated,1.8226,0.8878673202604921,source_intercept_control
N40_D0500_Q1.0,40.0,500,1.0,extrapolated,2.0298,0.8778036713577013,source_intercept_control
N40_D1000_Q0.05,40.0,1000,0.05,extrapolated,0.5,1.0258962002750274,source_intercept_control
N40_D1000_Q0.1,40.0,1000,0.1,extrapolated,0.5,1.0161608452053759,source_intercept_control
N40_D1000_Q0.2,40.0,1000,0.2,extrapolated,0.5,0.9966761316115333,source_intercept_control
N40_D1000_Q0.3,40.0,1000,0.3,extrapolated,0.5,0.9771707562111949,source_intercept_control
N40_D1000_Q0.4,40.0,1000,0.4,extrapolated,0.6682,0.9576417213231714,source_intercept_control
N40_D1000_Q0.5,40.0,1000,0.5,extrapolated,0.8929,0.9380850127561196,source_intercept_control
N40_D1000_Q0.6,40.0,1000,0.6,extrapolated,1.1087,0.9184949743310817,source_intercept_control
N40_D1000_Q0.7,40.0,1000,0.7,extrapolated,1.3121,0.8988630306803624,source_intercept_control
N40_D1000_Q0.8,40.0,1000,0.8,extrapolated,1.5165,0.8791745884730824,source_intercept_control
N40_D1000_Q0.9,40.0,1000,0.9,extrapolated,1.7375,0.8593988164353805,source_intercept_control
N40_D1000_Q0.95,40.0,1000,0.95,extrapolated,1.8219,0.8494528011266929,source_intercept_control
N40_D1000_Q1.0,40.0,1000,1.0,extrapolated,1.9394,0.8393891522239021,source_intercept_control
N40_D2000_Q0.05,40.0,2000,0.05,extrapolated,0.5,0.994255674667768,source_intercept_control
N40_D2000_Q0.1,40.0,2000,0.1,extrapolated,0.5,0.9845203195981165,source_intercept_control
N40_D2000_Q0.2,40.0,2000,0.2,extrapolated,0.5,0.965035606004274,source_intercept_control
N40_D2000_Q0.3,40.0,2000,0.3,extrapolated,0.5,0.9455302306039355,source_intercept_control
N40_D2000_Q0.4,40.0,2000,0.4,extrapolated,0.6377,0.926001195715912,source_intercept_control
N40_D2000_Q0.5,40.0,2000,0.5,extrapolated,0.8589,0.9064444871488602,source_intercept_control
N40_D2000_Q0.6,40.0,2000,0.6,extrapolated,1.0771,0.8868544487238224,source_intercept_control
N40_D2000_Q0.7,40.0,2000,0.7,extrapolated,1.3187,0.8672225050731031,source_intercept_control
N40_D2000_Q0.8,40.0,2000,0.8,extrapolated,1.5044,0.8475340628658232,source_intercept_control
N40_D2000_Q0.9,40.0,2000,0.9,extrapolated,1.7336,0.8277582908281211,source_intercept_control
N40_D2000_Q0.95,40.0,2000,0.95,extrapolated,1.7276,0.8178122755194335,source_intercept_control
N40_D2000_Q1.0,40.0,2000,1.0,extrapolated,1.9275,0.8077486266166427,source_intercept_control
N70_D0005_Q0.05,70.0,5,0.05,extrapolated,0.5,1.6032974553960575,source_intercept_control
N70_D0005_Q0.1,70.0,5,0.1,extrapolated,0.5,1.5944062240870773,source_intercept_control
N70_D0005_Q0.2,70.0,5,0.2,extrapolated,0.5,1.5766109722125832,source_intercept_control
N70_D0005_Q0.3,70.0,5,0.3,extrapolated,0.5039,1.5587968500555462,source_intercept_control
N70_D0005_Q0.4,70.0,5,0.4,extrapolated,0.8232,1.5409611198548216,source_intercept_control
N70_D0005_Q0.5,70.0,5,0.5,extrapolated,1.1008,1.5231001154776906,source_intercept_control
N70_D0005_Q0.6,70.0,5,0.6,extrapolated,1.4166,1.5052086711756953,source_intercept_control
N70_D0005_Q0.7,70.0,5,0.7,extrapolated,1.6785,1.4872789551258363,source_intercept_control
N70_D0005_Q0.8,70.0,5,0.8,extrapolated,2.0006,1.4692976393416675,source_intercept_control
N70_D0005_Q0.9,70.0,5,0.9,extrapolated,2.2782,1.451236565837631,source_intercept_control
N70_D0005_Q0.95,70.0,5,0.95,extrapolated,2.4175,1.4421529400140722,source_intercept_control
N70_D0005_Q1.0,70.0,5,1.0,extrapolated,2.6033,1.4329618802564255,source_intercept_control
N70_D0020_Q0.05,70.0,20,0.05,extrapolated,0.5,1.3490856752424147,source_intercept_control
N70_D0020_Q0.1,70.0,20,0.1,extrapolated,0.5,1.3401944439334346,source_intercept_control
N70_D0020_Q0.2,70.0,20,0.2,extrapolated,0.5,1.3223991920589404,source_intercept_control
N70_D0020_Q0.3,70.0,20,0.3,extrapolated,0.5,1.3045850699019035,source_intercept_control
N70_D0020_Q0.4,70.0,20,0.4,extrapolated,0.7217,1.2867493397011789,source_intercept_control
N70_D0020_Q0.5,70.0,20,0.5,extrapolated,0.9839,1.2688883353240479,source_intercept_control
N70_D0020_Q0.6,70.0,20,0.6,extrapolated,1.2611,1.2509968910220526,source_intercept_control
N70_D0020_Q0.7,70.0,20,0.7,extrapolated,1.5062,1.2330671749721935,source_intercept_control
N70_D0020_Q0.8,70.0,20,0.8,extrapolated,1.7756,1.2150858591880247,source_intercept_control
N70_D0020_Q0.9,70.0,20,0.9,extrapolated,2.0434,1.1970247856839882,source_intercept_control
N70_D0020_Q0.95,70.0,20,0.95,extrapolated,2.1901,1.1879411598604295,source_intercept_control
N70_D0020_Q1.0,70.0,20,1.0,extrapolated,2.3369,1.1787501001027827,source_intercept_control
N70_D0050_Q0.05,70.0,50,0.05,extrapolated,0.5,1.2277738342897806,source_intercept_control
N70_D0050_Q0.1,70.0,50,0.1,extrapolated,0.5,1.2188826029808004,source_intercept_control
N70_D0050_Q0.2,70.0,50,0.2,extrapolated,0.5,1.2010873511063063,source_intercept_control
N70_D0050_Q0.3,70.0,50,0.3,extrapolated,0.5,1.1832732289492693,source_intercept_control
N70_D0050_Q0.4,70.0,50,0.4,extrapolated,0.7053,1.1654374987485447,source_intercept_control
N70_D0050_Q0.5,70.0,50,0.5,extrapolated,0.9448,1.1475764943714137,source_intercept_control
N70_D0050_Q0.6,70.0,50,0.6,extrapolated,1.1924,1.1296850500694184,source_intercept_control
N70_D0050_Q0.7,70.0,50,0.7,extrapolated,1.4475,1.1117553340195594,source_intercept_control
N70_D0050_Q0.8,70.0,50,0.8,extrapolated,1.6973,1.0937740182353906,source_intercept_control
N70_D0050_Q0.9,70.0,50,0.9,extrapolated,1.9752,1.075712944731354,source_intercept_control
N70_D0050_Q0.95,70.0,50,0.95,extrapolated,2.1097,1.0666293189077953,source_intercept_control
N70_D0050_Q1.0,70.0,50,1.0,extrapolated,2.2162,1.0574382591501486,source_intercept_control
N70_D0100_Q0.05,70.0,100,0.05,extrapolated,0.5,1.154597014797799,source_intercept_control
N70_D0100_Q0.1,70.0,100,0.1,extrapolated,0.5,1.145705783488819,source_intercept_control
N70_D0100_Q0.2,70.0,100,0.2,extrapolated,0.5,1.1279105316143248,source_intercept_control
N70_D0100_Q0.3,70.0,100,0.3,extrapolated,0.5,1.1100964094572878,source_intercept_control
N70_D0100_Q0.4,70.0,100,0.4,extrapolated,0.6765,1.0922606792565632,source_intercept_control
N70_D0100_Q0.5,70.0,100,0.5,extrapolated,0.9072,1.0743996748794322,source_intercept_control
N70_D0100_Q0.6,70.0,100,0.6,extrapolated,1.1486,1.056508230577437,source_intercept_control
N70_D0100_Q0.7,70.0,100,0.7,extrapolated,1.3726,1.0385785145275779,source_intercept_control
N70_D0100_Q0.8,70.0,100,0.8,extrapolated,1.6395,1.020597198743409,source_intercept_control
N70_D0100_Q0.9,70.0,100,0.9,extrapolated,1.905,1.0025361252393725,source_intercept_control
N70_D0100_Q0.95,70.0,100,0.95,extrapolated,1.9747,0.9934524994158138,source_intercept_control
N70_D0100_Q1.0,70.0,100,1.0,extrapolated,2.1223,0.984261439658167,source_intercept_control
N70_D0150_Q0.05,70.0,150,0.05,extrapolated,0.5,1.1179291304735275,source_intercept_control
N70_D0150_Q0.1,70.0,150,0.1,extrapolated,0.5,1.1090378991645473,source_intercept_control
N70_D0150_Q0.2,70.0,150,0.2,extrapolated,0.5,1.0912426472900532,source_intercept_control
N70_D0150_Q0.3,70.0,150,0.3,extrapolated,0.5,1.0734285251330162,source_intercept_control
N70_D0150_Q0.4,70.0,150,0.4,extrapolated,0.6507,1.0555927949322916,source_intercept_control
N70_D0150_Q0.5,70.0,150,0.5,extrapolated,0.8903,1.0377317905551606,source_intercept_control
N70_D0150_Q0.6,70.0,150,0.6,extrapolated,1.1506,1.0198403462531653,source_intercept_control
N70_D0150_Q0.7,70.0,150,0.7,extrapolated,1.3601,1.0019106302033063,source_intercept_control
N70_D0150_Q0.8,70.0,150,0.8,extrapolated,1.5779,0.9839293144191374,source_intercept_control
N70_D0150_Q0.9,70.0,150,0.9,extrapolated,1.8604,0.9658682409151009,source_intercept_control
N70_D0150_Q0.95,70.0,150,0.95,extrapolated,1.9377,0.9567846150915422,source_intercept_control
N70_D0150_Q1.0,70.0,150,1.0,extrapolated,2.0817,0.9475935553338954,source_intercept_control
N70_D0500_Q0.05,70.0,500,0.05,extrapolated,0.5,1.0306409248749169,source_intercept_control
N70_D0500_Q0.1,70.0,500,0.1,extrapolated,0.5,1.0217496935659363,source_intercept_control
N70_D0500_Q0.2,70.0,500,0.2,extrapolated,0.5,1.0039544416914425,source_intercept_control
N70_D0500_Q0.3,70.0,500,0.3,extrapolated,0.5,0.9861403195344056,source_intercept_control
N70_D0500_Q0.4,70.0,500,0.4,extrapolated,0.6398,0.968304589333681,source_intercept_control
N70_D0500_Q0.5,70.0,500,0.5,extrapolated,0.8696,0.95044358495655,source_intercept_control
N70_D0500_Q0.6,70.0,500,0.6,extrapolated,1.0654,0.9325521406545547,source_intercept_control
N70_D0500_Q0.7,70.0,500,0.7,extrapolated,1.3269,0.9146224246046952,source_intercept_control
N70_D0500_Q0.8,70.0,500,0.8,extrapolated,1.552,0.8966411088205264,source_intercept_control
N70_D0500_Q0.9,70.0,500,0.9,extrapolated,1.7856,0.8785800353164899,source_intercept_control
N70_D0500_Q0.95,70.0,500,0.95,extrapolated,1.8785,0.8694964094929312,source_intercept_control
N70_D0500_Q1.0,70.0,500,1.0,extrapolated,2.0232,0.8603053497352846,source_intercept_control
N70_D1000_Q0.05,70.0,1000,0.05,extrapolated,0.5,0.9922264057411174,source_intercept_control
N70_D1000_Q0.1,70.0,1000,0.1,extrapolated,0.5,0.9833351744321372,source_intercept_control
N70_D1000_Q0.2,70.0,1000,0.2,extrapolated,0.5,0.9655399225576431,source_intercept_control
N70_D1000_Q0.3,70.0,1000,0.3,extrapolated,0.5,0.9477258004006062,source_intercept_control
N70_D1000_Q0.4,70.0,1000,0.4,extrapolated,0.6331,0.9298900701998816,source_intercept_control
N70_D1000_Q0.5,70.0,1000,0.5,extrapolated,0.8268,0.9120290658227506,source_intercept_control
N70_D1000_Q0.6,70.0,1000,0.6,extrapolated,1.0717,0.8941376215207553,source_intercept_control
N70_D1000_Q0.7,70.0,1000,0.7,extrapolated,1.3056,0.8762079054708962,source_intercept_control
N70_D1000_Q0.8,70.0,1000,0.8,extrapolated,1.5113,0.8582265896867274,source_intercept_control
N70_D1000_Q0.9,70.0,1000,0.9,extrapolated,1.7324,0.8401655161826906,source_intercept_control
N70_D1000_Q0.95,70.0,1000,0.95,extrapolated,1.8305,0.8310818903591322,source_intercept_control
N70_D1000_Q1.0,70.0,1000,1.0,extrapolated,1.9314,0.8218908306014854,source_intercept_control
N70_D2000_Q0.05,70.0,2000,0.05,extrapolated,0.5,0.960585880133858,source_intercept_control
N70_D2000_Q0.1,70.0,2000,0.1,extrapolated,0.5,0.9516946488248779,source_intercept_control
N70_D2000_Q0.2,70.0,2000,0.2,extrapolated,0.5,0.9338993969503837,source_intercept_control
N70_D2000_Q0.3,70.0,2000,0.3,extrapolated,0.5,0.9160852747933468,source_intercept_control
N70_D2000_Q0.4,70.0,2000,0.4,extrapolated,0.6095,0.8982495445926222,source_intercept_control
N70_D2000_Q0.5,70.0,2000,0.5,extrapolated,0.8205,0.8803885402154912,source_intercept_control
N70_D2000_Q0.6,70.0,2000,0.6,extrapolated,1.0279,0.8624970959134959,source_intercept_control
N70_D2000_Q0.7,70.0,2000,0.7,extrapolated,1.2745,0.8445673798636368,source_intercept_control
N70_D2000_Q0.8,70.0,2000,0.8,extrapolated,1.4713,0.826586064079468,source_intercept_control
N70_D2000_Q0.9,70.0,2000,0.9,extrapolated,1.7312,0.8085249905754313,source_intercept_control
N70_D2000_Q0.95,70.0,2000,0.95,extrapolated,1.7959,0.7994413647518728,source_intercept_control
N70_D2000_Q1.0,70.0,2000,1.0,extrapolated,1.9285,0.790250304994226,source_intercept_control
N120_D0005_Q0.05,120.0,5,0.05,extrapolated,0.5,1.575067851442445,source_intercept_control
N120_D0005_Q0.1,120.0,5,0.1,extrapolated,0.5,1.5669203703892733,source_intercept_control
N120_D0005_Q0.2,120.0,5,0.2,extrapolated,0.5,1.5506136888459168,source_intercept_control
N120_D0005_Q0.3,120.0,5,0.3,extrapolated,0.5,1.534289715516514,source_intercept_control
N120_D0005_Q0.4,120.0,5,0.4,extrapolated,0.759,1.5179459416532566,source_intercept_control
N120_D0005_Q0.5,120.0,5,0.5,extrapolated,1.0383,1.5015790077949152,source_intercept_control
N120_D0005_Q0.6,120.0,5,0.6,extrapolated,1.3529,1.485184180307168,source_intercept_control
N120_D0005_Q0.7,120.0,5,0.7,extrapolated,1.6294,1.4687542824979147,source_intercept_control
N120_D0005_Q0.8,120.0,5,0.8,extrapolated,1.8929,1.4522771012649123,source_intercept_control
N120_D0005_Q0.9,120.0,5,0.9,extrapolated,2.2776,1.435726834034157,source_intercept_control
N120_D0005_Q0.95,120.0,5,0.95,extrapolated,2.3327,1.4274030522406502,source_intercept_control
N120_D0005_Q1.0,120.0,5,1.0,extrapolated,2.5753,1.4189808233466203,source_intercept_control
N120_D0020_Q0.05,120.0,20,0.05,extrapolated,0.5,1.3208560712888022,source_intercept_control
N120_D0020_Q0.1,120.0,20,0.1,extrapolated,0.5,1.3127085902356306,source_intercept_control
N120_D0020_Q0.2,120.0,20,0.2,extrapolated,0.5,1.296401908692274,source_intercept_control
N120_D0020_Q0.3,120.0,20,0.3,extrapolated,0.5,1.2800779353628713,source_intercept_control
N120_D0020_Q0.4,120.0,20,0.4,extrapolated,0.686,1.2637341614996138,source_intercept_control
N120_D0020_Q0.5,120.0,20,0.5,extrapolated,0.9324,1.2473672276412724,source_intercept_control
N120_D0020_Q0.6,120.0,20,0.6,extrapolated,1.2186,1.2309724001535252,source_intercept_control
N120_D0020_Q0.7,120.0,20,0.7,extrapolated,1.4699,1.214542502344272,source_intercept_control
N120_D0020_Q0.8,120.0,20,0.8,extrapolated,1.7489,1.1980653211112695,source_intercept_control
N120_D0020_Q0.9,120.0,20,0.9,extrapolated,2.0566,1.1815150538805141,source_intercept_control
N120_D0020_Q0.95,120.0,20,0.95,extrapolated,2.1247,1.1731912720870075,source_intercept_control
N120_D0020_Q1.0,120.0,20,1.0,extrapolated,2.2493,1.1647690431929776,source_intercept_control
N120_D0050_Q0.05,120.0,50,0.05,extrapolated,0.5,1.199544230336168,source_intercept_control
N120_D0050_Q0.1,120.0,50,0.1,extrapolated,0.5,1.1913967492829964,source_intercept_control
N120_D0050_Q0.2,120.0,50,0.2,extrapolated,0.5,1.1750900677396399,source_intercept_control
N120_D0050_Q0.3,120.0,50,0.3,extrapolated,0.5,1.1587660944102371,source_intercept_control
N120_D0050_Q0.4,120.0,50,0.4,extrapolated,0.6689,1.1424223205469797,source_intercept_control
N120_D0050_Q0.5,120.0,50,0.5,extrapolated,0.9237,1.1260553866886382,source_intercept_control
N120_D0050_Q0.6,120.0,50,0.6,extrapolated,1.1614,1.109660559200891,source_intercept_control
N120_D0050_Q0.7,120.0,50,0.7,extrapolated,1.3938,1.0932306613916378,source_intercept_control
N120_D0050_Q0.8,120.0,50,0.8,extrapolated,1.682,1.0767534801586354,source_intercept_control
N120_D0050_Q0.9,120.0,50,0.9,extrapolated,1.9395,1.06020321292788,source_intercept_control
N120_D0050_Q0.95,120.0,50,0.95,extrapolated,2.0853,1.0518794311343733,source_intercept_control
N120_D0050_Q1.0,120.0,50,1.0,extrapolated,2.2004,1.0434572022403434,source_intercept_control
N120_D0100_Q0.05,120.0,100,0.05,extrapolated,0.5,1.1263674108441866,source_intercept_control
N120_D0100_Q0.1,120.0,100,0.1,extrapolated,0.5,1.118219929791015,source_intercept_control
N120_D0100_Q0.2,120.0,100,0.2,extrapolated,0.5,1.1019132482476584,source_intercept_control
N120_D0100_Q0.3,120.0,100,0.3,extrapolated,0.5,1.0855892749182556,source_intercept_control
N120_D0100_Q0.4,120.0,100,0.4,extrapolated,0.6206,1.0692455010549982,source_intercept_control
N120_D0100_Q0.5,120.0,100,0.5,extrapolated,0.8829,1.0528785671966567,source_intercept_control
N120_D0100_Q0.6,120.0,100,0.6,extrapolated,1.1099,1.0364837397089095,source_intercept_control
N120_D0100_Q0.7,120.0,100,0.7,extrapolated,1.3531,1.0200538418996563,source_intercept_control
N120_D0100_Q0.8,120.0,100,0.8,extrapolated,1.5774,1.0035766606666539,source_intercept_control
N120_D0100_Q0.9,120.0,100,0.9,extrapolated,1.8321,0.9870263934358985,source_intercept_control
N120_D0100_Q0.95,120.0,100,0.95,extrapolated,1.9432,0.9787026116423918,source_intercept_control
N120_D0100_Q1.0,120.0,100,1.0,extrapolated,2.1521,0.9702803827483619,source_intercept_control
N120_D0150_Q0.05,120.0,150,0.05,extrapolated,0.5,1.089699526519915,source_intercept_control
N120_D0150_Q0.1,120.0,150,0.1,extrapolated,0.5,1.0815520454667433,source_intercept_control
N120_D0150_Q0.2,120.0,150,0.2,extrapolated,0.5,1.0652453639233868,source_intercept_control
N120_D0150_Q0.3,120.0,150,0.3,extrapolated,0.5,1.048921390593984,source_intercept_control
N120_D0150_Q0.4,120.0,150,0.4,extrapolated,0.6188,1.0325776167307266,source_intercept_control
N120_D0150_Q0.5,120.0,150,0.5,extrapolated,0.8572,1.0162106828723851,source_intercept_control
N120_D0150_Q0.6,120.0,150,0.6,extrapolated,1.0887,0.9998158553846379,source_intercept_control
N120_D0150_Q0.7,120.0,150,0.7,extrapolated,1.3605,0.9833859575753847,source_intercept_control
N120_D0150_Q0.8,120.0,150,0.8,extrapolated,1.5564,0.9669087763423823,source_intercept_control
N120_D0150_Q0.9,120.0,150,0.9,extrapolated,1.8816,0.9503585091116269,source_intercept_control
N120_D0150_Q0.95,120.0,150,0.95,extrapolated,1.9557,0.9420347273181202,source_intercept_control
N120_D0150_Q1.0,120.0,150,1.0,extrapolated,2.0881,0.9336124984240903,source_intercept_control
N120_D0500_Q0.05,120.0,500,0.05,extrapolated,0.5,1.0024113209213044,source_intercept_control
N120_D0500_Q0.1,120.0,500,0.1,extrapolated,0.5,0.9942638398681323,source_intercept_control
N120_D0500_Q0.2,120.0,500,0.2,extrapolated,0.5,0.9779571583247761,source_intercept_control
N120_D0500_Q0.3,120.0,500,0.3,extrapolated,0.5,0.961633184995373,source_intercept_control
N120_D0500_Q0.4,120.0,500,0.4,extrapolated,0.5807,0.9452894111321155,source_intercept_control
N120_D0500_Q0.5,120.0,500,0.5,extrapolated,0.8175,0.9289224772737741,source_intercept_control
N120_D0500_Q0.6,120.0,500,0.6,extrapolated,1.0547,0.9125276497860273,source_intercept_control
N120_D0500_Q0.7,120.0,500,0.7,extrapolated,1.2832,0.8960977519767741,source_intercept_control
N120_D0500_Q0.8,120.0,500,0.8,extrapolated,1.5164,0.8796205707437712,source_intercept_control
N120_D0500_Q0.9,120.0,500,0.9,extrapolated,1.7304,0.8630703035130161,source_intercept_control
N120_D0500_Q0.95,120.0,500,0.95,extrapolated,1.8749,0.8547465217195094,source_intercept_control
N120_D0500_Q1.0,120.0,500,1.0,extrapolated,2.0294,0.8463242928254795,source_intercept_control
N120_D1000_Q0.05,120.0,1000,0.05,extrapolated,0.5,0.9639968017875049,source_intercept_control
N120_D1000_Q0.1,120.0,1000,0.1,extrapolated,0.5,0.9558493207343333,source_intercept_control
N120_D1000_Q0.2,120.0,1000,0.2,extrapolated,0.5,0.9395426391909767,source_intercept_control
N120_D1000_Q0.3,120.0,1000,0.3,extrapolated,0.5,0.923218665861574,source_intercept_control
N120_D1000_Q0.4,120.0,1000,0.4,extrapolated,0.5785,0.9068748919983165,source_intercept_control
N120_D1000_Q0.5,120.0,1000,0.5,extrapolated,0.7972,0.8905079581399751,source_intercept_control
N120_D1000_Q0.6,120.0,1000,0.6,extrapolated,1.0412,0.8741131306522278,source_intercept_control
N120_D1000_Q0.7,120.0,1000,0.7,extrapolated,1.2562,0.8576832328429747,source_intercept_control
N120_D1000_Q0.8,120.0,1000,0.8,extrapolated,1.485,0.8412060516099722,source_intercept_control
N120_D1000_Q0.9,120.0,1000,0.9,extrapolated,1.7223,0.8246557843792168,source_intercept_control
N120_D1000_Q0.95,120.0,1000,0.95,extrapolated,1.8568,0.8163320025857101,source_intercept_control
N120_D1000_Q1.0,120.0,1000,1.0,extrapolated,1.9082,0.8079097736916803,source_intercept_control
N120_D2000_Q0.05,120.0,2000,0.05,extrapolated,0.5,0.9323562761802455,source_intercept_control
N120_D2000_Q0.1,120.0,2000,0.1,extrapolated,0.5,0.9242087951270739,source_intercept_control
N120_D2000_Q0.2,120.0,2000,0.2,extrapolated,0.5,0.9079021135837173,source_intercept_control
N120_D2000_Q0.3,120.0,2000,0.3,extrapolated,0.5,0.8915781402543146,source_intercept_control
N120_D2000_Q0.4,120.0,2000,0.4,extrapolated,0.5772,0.8752343663910571,source_intercept_control
N120_D2000_Q0.5,120.0,2000,0.5,extrapolated,0.7936,0.8588674325327155,source_intercept_control
N120_D2000_Q0.6,120.0,2000,0.6,extrapolated,1.0107,0.8424726050449687,source_intercept_control
N120_D2000_Q0.7,120.0,2000,0.7,extrapolated,1.2063,0.8260427072357153,source_intercept_control
N120_D2000_Q0.8,120.0,2000,0.8,extrapolated,1.4677,0.8095655260027128,source_intercept_control
N120_D2000_Q0.9,120.0,2000,0.9,extrapolated,1.6316,0.7930152587719574,source_intercept_control
N120_D2000_Q0.95,120.0,2000,0.95,extrapolated,1.8387,0.7846914769784508,source_intercept_control
N120_D2000_Q1.0,120.0,2000,1.0,extrapolated,1.9249,0.7762692480844209,source_intercept_control
N300_D0005_Q0.05,300.0,5,0.05,extrapolated,0.5,1.5349191202577803,source_intercept_control
N300_D0005_Q0.1,300.0,5,0.1,extrapolated,0.5,1.5278960330921378,source_intercept_control
N300_D0005_Q0.2,300.0,5,0.2,extrapolated,0.5,1.5138397566658457,source_intercept_control
N300_D0005_Q0.3,300.0,5,0.3,extrapolated,0.5,1.4997685748080631,source_intercept_control
N300_D0005_Q0.4,300.0,5,0.4,extrapolated,0.6853,1.48568032499096,source_intercept_control
N300_D0005_Q0.5,300.0,5,0.5,extrapolated,0.9862,1.4715721113760678,source_intercept_control
N300_D0005_Q0.6,300.0,5,0.6,extrapolated,1.3009,1.4574398535947146,source_intercept_control
N300_D0005_Q0.7,300.0,5,0.7,extrapolated,1.6208,1.4432773653748667,source_intercept_control
N300_D0005_Q0.8,300.0,5,0.8,extrapolated,1.8604,1.4290741190846024,source_intercept_control
N300_D0005_Q0.9,300.0,5,0.9,extrapolated,2.2235,1.4148078730365656,source_intercept_control
N300_D0005_Q0.95,300.0,5,0.95,extrapolated,2.4307,1.4076328155308075,source_intercept_control
N300_D0005_Q1.0,300.0,5,1.0,extrapolated,2.478,1.4003728971258746,source_intercept_control
N300_D0020_Q0.05,300.0,20,0.05,extrapolated,0.5,1.2807073401041376,source_intercept_control
N300_D0020_Q0.1,300.0,20,0.1,extrapolated,0.5,1.273684252938495,source_intercept_control
N300_D0020_Q0.2,300.0,20,0.2,extrapolated,0.5,1.259627976512203,source_intercept_control
N300_D0020_Q0.3,300.0,20,0.3,extrapolated,0.5,1.2455567946544204,source_intercept_control
N300_D0020_Q0.4,300.0,20,0.4,extrapolated,0.6087,1.2314685448373173,source_intercept_control
N300_D0020_Q0.5,300.0,20,0.5,extrapolated,0.8857,1.217360331222425,source_intercept_control
N300_D0020_Q0.6,300.0,20,0.6,extrapolated,1.1745,1.2032280734410719,source_intercept_control
N300_D0020_Q0.7,300.0,20,0.7,extrapolated,1.445,1.189065585221224,source_intercept_control
N300_D0020_Q0.8,300.0,20,0.8,extrapolated,1.7275,1.1748623389309596,source_intercept_control
N300_D0020_Q0.9,300.0,20,0.9,extrapolated,1.993,1.1605960928829229,source_intercept_control
N300_D0020_Q0.95,300.0,20,0.95,extrapolated,2.1129,1.1534210353771648,source_intercept_control
N300_D0020_Q1.0,300.0,20,1.0,extrapolated,2.3267,1.1461611169722319,source_intercept_control
N300_D0050_Q0.05,300.0,50,0.05,extrapolated,0.5,1.1593954991515034,source_intercept_control
N300_D0050_Q0.1,300.0,50,0.1,extrapolated,0.5,1.152372411985861,source_intercept_control
N300_D0050_Q0.2,300.0,50,0.2,extrapolated,0.5,1.1383161355595688,source_intercept_control
N300_D0050_Q0.3,300.0,50,0.3,extrapolated,0.5,1.1242449537017862,source_intercept_control
N300_D0050_Q0.4,300.0,50,0.4,extrapolated,0.5737,1.1101567038846831,source_intercept_control
N300_D0050_Q0.5,300.0,50,0.5,extrapolated,0.8188,1.096048490269791,source_intercept_control
N300_D0050_Q0.6,300.0,50,0.6,extrapolated,1.0844,1.0819162324884377,source_intercept_control
N300_D0050_Q0.7,300.0,50,0.7,extrapolated,1.3817,1.0677537442685898,source_intercept_control
N300_D0050_Q0.8,300.0,50,0.8,extrapolated,1.6524,1.0535504979783255,source_intercept_control
N300_D0050_Q0.9,300.0,50,0.9,extrapolated,1.917,1.0392842519302887,source_intercept_control
N300_D0050_Q0.95,300.0,50,0.95,extrapolated,2.0545,1.0321091944245306,source_intercept_control
N300_D0050_Q1.0,300.0,50,1.0,extrapolated,2.1404,1.0248492760195977,source_intercept_control
N300_D0100_Q0.05,300.0,100,0.05,extrapolated,0.5,1.086218679659522,source_intercept_control
N300_D0100_Q0.1,300.0,100,0.1,extrapolated,0.5,1.0791955924938794,source_intercept_control
N300_D0100_Q0.2,300.0,100,0.2,extrapolated,0.5,1.0651393160675873,source_intercept_control
N300_D0100_Q0.3,300.0,100,0.3,extrapolated,0.5,1.0510681342098047,source_intercept_control
N300_D0100_Q0.4,300.0,100,0.4,extrapolated,0.5656,1.0369798843927016,source_intercept_control
N300_D0100_Q0.5,300.0,100,0.5,extrapolated,0.7851,1.0228716707778094,source_intercept_control
N300_D0100_Q0.6,300.0,100,0.6,extrapolated,1.0582,1.0087394129964562,source_intercept_control
N300_D0100_Q0.7,300.0,100,0.7,extrapolated,1.2974,0.9945769247766083,source_intercept_control
N300_D0100_Q0.8,300.0,100,0.8,extrapolated,1.6239,0.9803736784863439,source_intercept_control
N300_D0100_Q0.9,300.0,100,0.9,extrapolated,1.7981,0.9661074324383072,source_intercept_control
N300_D0100_Q0.95,300.0,100,0.95,extrapolated,1.9909,0.9589323749325491,source_intercept_control
N300_D0100_Q1.0,300.0,100,1.0,extrapolated,2.018,0.9516724565276162,source_intercept_control
N300_D0150_Q0.05,300.0,150,0.05,extrapolated,0.5,1.0495507953352503,source_intercept_control
N300_D0150_Q0.1,300.0,150,0.1,extrapolated,0.5,1.0425277081696078,source_intercept_control
N300_D0150_Q0.2,300.0,150,0.2,extrapolated,0.5,1.0284714317433157,source_intercept_control
N300_D0150_Q0.3,300.0,150,0.3,extrapolated,0.5,1.0144002498855331,source_intercept_control
N300_D0150_Q0.4,300.0,150,0.4,extrapolated,0.5498,1.00031200006843,source_intercept_control
N300_D0150_Q0.5,300.0,150,0.5,extrapolated,0.7913,0.9862037864535378,source_intercept_control
N300_D0150_Q0.6,300.0,150,0.6,extrapolated,1.0259,0.9720715286721846,source_intercept_control
N300_D0150_Q0.7,300.0,150,0.7,extrapolated,1.3071,0.9579090404523367,source_intercept_control
N300_D0150_Q0.8,300.0,150,0.8,extrapolated,1.5543,0.9437057941620723,source_intercept_control
N300_D0150_Q0.9,300.0,150,0.9,extrapolated,1.8567,0.9294395481140356,source_intercept_control
N300_D0150_Q0.95,300.0,150,0.95,extrapolated,1.9405,0.9222644906082775,source_intercept_control
N300_D0150_Q1.0,300.0,150,1.0,extrapolated,2.0823,0.9150045722033446,source_intercept_control
N300_D0500_Q0.05,300.0,500,0.05,extrapolated,0.5,0.9622625897366393,source_intercept_control
N300_D0500_Q0.1,300.0,500,0.1,extrapolated,0.5,0.9552395025709968,source_intercept_control
N300_D0500_Q0.2,300.0,500,0.2,extrapolated,0.5,0.9411832261447046,source_intercept_control
N300_D0500_Q0.3,300.0,500,0.3,extrapolated,0.5,0.9271120442869225,source_intercept_control
N300_D0500_Q0.4,300.0,500,0.4,extrapolated,0.5242,0.913023794469819,source_intercept_control
N300_D0500_Q0.5,300.0,500,0.5,extrapolated,0.764,0.8989155808549267,source_intercept_control
N300_D0500_Q0.6,300.0,500,0.6,extrapolated,1.004,0.884783323073574,source_intercept_control
N300_D0500_Q0.7,300.0,500,0.7,extrapolated,1.2386,0.8706208348537261,source_intercept_control
N300_D0500_Q0.8,300.0,500,0.8,extrapolated,1.4481,0.8564175885634615,source_intercept_control
N300_D0500_Q0.9,300.0,500,0.9,extrapolated,1.7684,0.8421513425154248,source_intercept_control
N300_D0500_Q0.95,300.0,500,0.95,extrapolated,1.8116,0.8349762850096665,source_intercept_control
N300_D0500_Q1.0,300.0,500,1.0,extrapolated,1.92,0.8277163666047338,source_intercept_control
N300_D1000_Q0.05,300.0,1000,0.05,extrapolated,0.5,0.9238480706028402,source_intercept_control
N300_D1000_Q0.1,300.0,1000,0.1,extrapolated,0.5,0.9168249834371978,source_intercept_control
N300_D1000_Q0.2,300.0,1000,0.2,extrapolated,0.5,0.9027687070109056,source_intercept_control
N300_D1000_Q0.3,300.0,1000,0.3,extrapolated,0.5,0.8886975251531231,source_intercept_control
N300_D1000_Q0.4,300.0,1000,0.4,extrapolated,0.5189,0.87460927533602,source_intercept_control
N300_D1000_Q0.5,300.0,1000,0.5,extrapolated,0.7381,0.8605010617211277,source_intercept_control
N300_D1000_Q0.6,300.0,1000,0.6,extrapolated,1.0017,0.8463688039397745,source_intercept_control
N300_D1000_Q0.7,300.0,1000,0.7,extrapolated,1.2048,0.8322063157199266,source_intercept_control
N300_D1000_Q0.8,300.0,1000,0.8,extrapolated,1.4767,0.8180030694296623,source_intercept_control
N300_D1000_Q0.9,300.0,1000,0.9,extrapolated,1.6646,0.8037368233816256,source_intercept_control
N300_D1000_Q0.95,300.0,1000,0.95,extrapolated,1.8451,0.7965617658758672,source_intercept_control
N300_D1000_Q1.0,300.0,1000,1.0,extrapolated,1.9425,0.7893018474709346,source_intercept_control
N300_D2000_Q0.05,300.0,2000,0.05,extrapolated,0.5,0.8922075449955809,source_intercept_control
N300_D2000_Q0.1,300.0,2000,0.1,extrapolated,0.5,0.8851844578299384,source_intercept_control
N300_D2000_Q0.2,300.0,2000,0.2,extrapolated,0.5,0.8711281814036462,source_intercept_control
N300_D2000_Q0.3,300.0,2000,0.3,extrapolated,0.5,0.8570569995458639,source_intercept_control
N300_D2000_Q0.4,300.0,2000,0.4,extrapolated,0.5,0.8429687497287603,source_intercept_control
N300_D2000_Q0.5,300.0,2000,0.5,extrapolated,0.7402,0.8288605361138683,source_intercept_control
N300_D2000_Q0.6,300.0,2000,0.6,extrapolated,0.9783,0.8147282783325152,source_intercept_control
N300_D2000_Q0.7,300.0,2000,0.7,extrapolated,1.1809,0.8005657901126673,source_intercept_control
N300_D2000_Q0.8,300.0,2000,0.8,extrapolated,1.4119,0.7863625438224029,source_intercept_control
N300_D2000_Q0.9,300.0,2000,0.9,extrapolated,1.6756,0.7720962977743662,source_intercept_control
N300_D2000_Q0.95,300.0,2000,0.95,extrapolated,1.7414,0.7649212402686079,source_intercept_control
N300_D2000_Q1.0,300.0,2000,1.0,extrapolated,1.8777,0.7576613218636752,source_intercept_control
N700_D0005_Q0.05,700.0,5,0.05,extrapolated,0.5,1.5049128295073662,source_intercept_control
N700_D0005_Q0.1,700.0,5,0.1,extrapolated,0.5,1.498790890685931,source_intercept_control
N700_D0005_Q0.2,700.0,5,0.2,extrapolated,0.5,1.4865382071709214,source_intercept_control
N700_D0005_Q0.3,700.0,5,0.3,extrapolated,0.5,1.4742725307743576,source_intercept_control
N700_D0005_Q0.4,700.0,5,0.4,extrapolated,0.5981,1.4619919764472902,source_intercept_control
N700_D0005_Q0.5,700.0,5,0.5,extrapolated,0.9159,1.4496940199228951,source_intercept_control
N700_D0005_Q0.6,700.0,5,0.6,extrapolated,1.2092,1.4373751043939176,source_intercept_control
N700_D0005_Q0.7,700.0,5,0.7,extrapolated,1.587,1.4250298373630084,source_intercept_control
N700_D0005_Q0.8,700.0,5,0.8,extrapolated,1.8853,1.4126490420227273,source_intercept_control
N700_D0005_Q0.9,700.0,5,0.9,extrapolated,2.2108,1.4002133305673887,source_intercept_control
N700_D0005_Q0.95,700.0,5,0.95,extrapolated,2.4127,1.3939589210670456,source_intercept_control
N700_D0005_Q1.0,700.0,5,1.0,extrapolated,2.5391,1.3876305393631936,source_intercept_control
N700_D0020_Q0.05,700.0,20,0.05,extrapolated,0.5,1.2507010493537234,source_intercept_control
N700_D0020_Q0.1,700.0,20,0.1,extrapolated,0.5,1.2445791105322883,source_intercept_control
N700_D0020_Q0.2,700.0,20,0.2,extrapolated,0.5,1.2323264270172787,source_intercept_control
N700_D0020_Q0.3,700.0,20,0.3,extrapolated,0.5,1.2200607506207148,source_intercept_control
N700_D0020_Q0.4,700.0,20,0.4,extrapolated,0.5501,1.2077801962936474,source_intercept_control
N700_D0020_Q0.5,700.0,20,0.5,extrapolated,0.8411,1.1954822397692524,source_intercept_control
N700_D0020_Q0.6,700.0,20,0.6,extrapolated,1.1236,1.1831633242402748,source_intercept_control
N700_D0020_Q0.7,700.0,20,0.7,extrapolated,1.4239,1.1708180572093656,source_intercept_control
N700_D0020_Q0.8,700.0,20,0.8,extrapolated,1.6984,1.1584372618690846,source_intercept_control
N700_D0020_Q0.9,700.0,20,0.9,extrapolated,1.9239,1.146001550413746,source_intercept_control
N700_D0020_Q0.95,700.0,20,0.95,extrapolated,2.0927,1.1397471409134028,source_intercept_control
N700_D0020_Q1.0,700.0,20,1.0,extrapolated,2.2974,1.1334187592095508,source_intercept_control
N700_D0050_Q0.05,700.0,50,0.05,extrapolated,0.5,1.1293892084010893,source_intercept_control
N700_D0050_Q0.1,700.0,50,0.1,extrapolated,0.5,1.1232672695796542,source_intercept_control
N700_D0050_Q0.2,700.0,50,0.2,extrapolated,0.5,1.1110145860646445,source_intercept_control
N700_D0050_Q0.3,700.0,50,0.3,extrapolated,0.5,1.0987489096680807,source_intercept_control
N700_D0050_Q0.4,700.0,50,0.4,extrapolated,0.515,1.0864683553410133,source_intercept_control
N700_D0050_Q0.5,700.0,50,0.5,extrapolated,0.7581,1.0741703988166182,source_intercept_control
N700_D0050_Q0.6,700.0,50,0.6,extrapolated,1.0355,1.0618514832876407,source_intercept_control
N700_D0050_Q0.7,700.0,50,0.7,extrapolated,1.3068,1.0495062162567315,source_intercept_control
N700_D0050_Q0.8,700.0,50,0.8,extrapolated,1.584,1.0371254209164504,source_intercept_control
N700_D0050_Q0.9,700.0,50,0.9,extrapolated,1.9143,1.0246897094611118,source_intercept_control
N700_D0050_Q0.95,700.0,50,0.95,extrapolated,2.0439,1.0184352999607686,source_intercept_control
N700_D0050_Q1.0,700.0,50,1.0,extrapolated,2.071,1.0121069182569167,source_intercept_control
N700_D0100_Q0.05,700.0,100,0.05,extrapolated,0.5,1.0562123889091077,source_intercept_control
N700_D0100_Q0.1,700.0,100,0.1,extrapolated,0.5,1.0500904500876727,source_intercept_control
N700_D0100_Q0.2,700.0,100,0.2,extrapolated,0.5,1.0378377665726635,source_intercept_control
N700_D0100_Q0.3,700.0,100,0.3,extrapolated,0.5,1.0255720901760992,source_intercept_control
N700_D0100_Q0.4,700.0,100,0.4,extrapolated,0.5,1.0132915358490318,source_intercept_control
N700_D0100_Q0.5,700.0,100,0.5,extrapolated,0.7348,1.0009935793246367,source_intercept_control
N700_D0100_Q0.6,700.0,100,0.6,extrapolated,0.9905,0.9886746637956592,source_intercept_control
N700_D0100_Q0.7,700.0,100,0.7,extrapolated,1.2988,0.9763293967647504,source_intercept_control
N700_D0100_Q0.8,700.0,100,0.8,extrapolated,1.5329,0.9639486014244689,source_intercept_control
N700_D0100_Q0.9,700.0,100,0.9,extrapolated,1.7971,0.9515128899691303,source_intercept_control
N700_D0100_Q0.95,700.0,100,0.95,extrapolated,1.9362,0.9452584804687871,source_intercept_control
N700_D0100_Q1.0,700.0,100,1.0,extrapolated,2.0708,0.9389300987649352,source_intercept_control
N700_D0150_Q0.05,700.0,150,0.05,extrapolated,0.5,1.0195445045848361,source_intercept_control
N700_D0150_Q0.1,700.0,150,0.1,extrapolated,0.5,1.013422565763401,source_intercept_control
N700_D0150_Q0.2,700.0,150,0.2,extrapolated,0.5,1.0011698822483914,source_intercept_control
N700_D0150_Q0.3,700.0,150,0.3,extrapolated,0.5,0.9889042058518276,source_intercept_control
N700_D0150_Q0.4,700.0,150,0.4,extrapolated,0.5,0.9766236515247602,source_intercept_control
N700_D0150_Q0.5,700.0,150,0.5,extrapolated,0.7523,0.9643256950003651,source_intercept_control
N700_D0150_Q0.6,700.0,150,0.6,extrapolated,0.9957,0.9520067794713876,source_intercept_control
N700_D0150_Q0.7,700.0,150,0.7,extrapolated,1.2155,0.9396615124404784,source_intercept_control
N700_D0150_Q0.8,700.0,150,0.8,extrapolated,1.4766,0.9272807171001973,source_intercept_control
N700_D0150_Q0.9,700.0,150,0.9,extrapolated,1.7601,0.9148450056448587,source_intercept_control
N700_D0150_Q0.95,700.0,150,0.95,extrapolated,1.8874,0.9085905961445155,source_intercept_control
N700_D0150_Q1.0,700.0,150,1.0,extrapolated,2.0154,0.9022622144406636,source_intercept_control
N700_D0500_Q0.05,700.0,500,0.05,extrapolated,0.5,0.9322562989862255,source_intercept_control
N700_D0500_Q0.1,700.0,500,0.1,extrapolated,0.5,0.9261343601647904,source_intercept_control
N700_D0500_Q0.2,700.0,500,0.2,extrapolated,0.5,0.9138816766497808,source_intercept_control
N700_D0500_Q0.3,700.0,500,0.3,extrapolated,0.5,0.901616000253217,source_intercept_control
N700_D0500_Q0.4,700.0,500,0.4,extrapolated,0.5,0.8893354459261491,source_intercept_control
N700_D0500_Q0.5,700.0,500,0.5,extrapolated,0.6974,0.8770374894017541,source_intercept_control
N700_D0500_Q0.6,700.0,500,0.6,extrapolated,0.9578,0.8647185738727767,source_intercept_control
N700_D0500_Q0.7,700.0,500,0.7,extrapolated,1.2213,0.8523733068418677,source_intercept_control
N700_D0500_Q0.8,700.0,500,0.8,extrapolated,1.432,0.8399925115015865,source_intercept_control
N700_D0500_Q0.9,700.0,500,0.9,extrapolated,1.6736,0.8275568000462477,source_intercept_control
N700_D0500_Q0.95,700.0,500,0.95,extrapolated,1.8314,0.8213023905459047,source_intercept_control
N700_D0500_Q1.0,700.0,500,1.0,extrapolated,1.9675,0.8149740088420527,source_intercept_control
N700_D1000_Q0.05,700.0,1000,0.05,extrapolated,0.5,0.8938417798524261,source_intercept_control
N700_D1000_Q0.1,700.0,1000,0.1,extrapolated,0.5,0.887719841030991,source_intercept_control
N700_D1000_Q0.2,700.0,1000,0.2,extrapolated,0.5,0.8754671575159818,source_intercept_control
N700_D1000_Q0.3,700.0,1000,0.3,extrapolated,0.5,0.8632014811194175,source_intercept_control
N700_D1000_Q0.4,700.0,1000,0.4,extrapolated,0.5,0.8509209267923501,source_intercept_control
N700_D1000_Q0.5,700.0,1000,0.5,extrapolated,0.7003,0.8386229702679548,source_intercept_control
N700_D1000_Q0.6,700.0,1000,0.6,extrapolated,0.9207,0.8263040547389775,source_intercept_control
N700_D1000_Q0.7,700.0,1000,0.7,extrapolated,1.1975,0.8139587877080685,source_intercept_control
N700_D1000_Q0.8,700.0,1000,0.8,extrapolated,1.4235,0.8015779923677873,source_intercept_control
N700_D1000_Q0.9,700.0,1000,0.9,extrapolated,1.6964,0.7891422809124484,source_intercept_control
N700_D1000_Q0.95,700.0,1000,0.95,extrapolated,1.818,0.7828878714121055,source_intercept_control
N700_D1000_Q1.0,700.0,1000,1.0,extrapolated,1.882,0.7765594897082535,source_intercept_control
N700_D2000_Q0.05,700.0,2000,0.05,extrapolated,0.5,0.8622012542451669,source_intercept_control
N700_D2000_Q0.1,700.0,2000,0.1,extrapolated,0.5,0.8560793154237316,source_intercept_control
N700_D2000_Q0.2,700.0,2000,0.2,extrapolated,0.5,0.8438266319087222,source_intercept_control
N700_D2000_Q0.3,700.0,2000,0.3,extrapolated,0.5,0.8315609555121581,source_intercept_control
N700_D2000_Q0.4,700.0,2000,0.4,extrapolated,0.5,0.8192804011850907,source_intercept_control
N700_D2000_Q0.5,700.0,2000,0.5,extrapolated,0.6792,0.8069824446606955,source_intercept_control
N700_D2000_Q0.6,700.0,2000,0.6,extrapolated,0.8872,0.7946635291317181,source_intercept_control
N700_D2000_Q0.7,700.0,2000,0.7,extrapolated,1.1635,0.7823182621008091,source_intercept_control
N700_D2000_Q0.8,700.0,2000,0.8,extrapolated,1.3899,0.7699374667605279,source_intercept_control
N700_D2000_Q0.9,700.0,2000,0.9,extrapolated,1.6863,0.757501755305189,source_intercept_control
N700_D2000_Q0.95,700.0,2000,0.95,extrapolated,1.7351,0.7512473458048461,source_intercept_control
N700_D2000_Q1.0,700.0,2000,1.0,extrapolated,1.8865,0.7449189641009941,source_intercept_control
N0.07_D0005_Q0.05,0.07,5,0.05,calibrated,1.0401,1.111769693258295,source_quality_interaction
N0.07_D0005_Q0.1,0.07,5,0.1,calibrated,1.1624,1.2336065624882817,source_quality_interaction
N0.07_D0005_Q0.2,0.07,5,0.2,calibrated,1.4286,1.477241120980949,source_quality_interaction
N0.07_D0005_Q0.3,0.07,5,0.3,calibrated,1.6112,1.7208178702451313,source_quality_interaction
N0.07_D0005_Q0.4,0.07,5,0.4,calibrated,1.8958,1.9643284231324531,source_quality_interaction
N0.07_D0005_Q0.5,0.07,5,0.5,calibrated,2.1434,2.207761548422421,source_quality_interaction
N0.07_D0005_Q0.6,0.07,5,0.6,calibrated,2.4434,2.4511014208123565,source_quality_interaction
N0.07_D0005_Q0.7,0.07,5,0.7,calibrated,2.6519,2.6943240474635606,source_quality_interaction
N0.07_D0005_Q0.8,0.07,5,0.8,calibrated,2.8801,2.9373885980062737,source_quality_interaction
N0.07_D0005_Q0.9,0.07,5,0.9,calibrated,3.0925,3.1802088102757864,source_quality_interaction
N0.07_D0005_Q0.95,0.07,5,0.95,calibrated,3.2372,3.3014562777081387,source_quality_interaction
N0.07_D0005_Q1.0,0.07,5,1.0,calibrated,3.3659,3.422374620612085,source_quality_interaction
N0.07_D0020_Q0.05,0.07,20,0.05,calibrated,0.9701,1.029764334028414,source_quality_interaction
N0.07_D0020_Q0.1,0.07,20,0.1,calibrated,1.096,1.1424812960312214,source_quality_interaction
N0.07_D0020_Q0.2,0.07,20,0.2,calibrated,1.2839,1.3678760400695302,source_quality_interaction
N0.07_D0020_Q0.3,0.07,20,0.3,calibrated,1.4876,1.5932129748793533,source_quality_interaction
N0.07_D0020_Q0.4,0.07,20,0.4,calibrated,1.7688,1.8184837133123164,source_quality_interaction
N0.07_D0020_Q0.5,0.07,20,0.5,calibrated,1.9631,2.043677024147925,source_quality_interaction
N0.07_D0020_Q0.6,0.07,20,0.6,calibrated,2.1816,2.268777082083502,source_quality_interaction
N0.07_D0020_Q0.7,0.07,20,0.7,calibrated,2.4162,2.4937598942803474,source_quality_interaction
N0.07_D0020_Q0.8,0.07,20,0.8,calibrated,2.6428,2.718584630368702,source_quality_interaction
N0.07_D0020_Q0.9,0.07,20,0.9,calibrated,2.926,2.9431650281838553,source_quality_interaction
N0.07_D0020_Q0.95,0.07,20,0.95,calibrated,2.984,3.0552925883890283,source_quality_interaction
N0.07_D0020_Q1.0,0.07,20,1.0,calibrated,3.1277,3.1670910240657952,source_quality_interaction
N0.07_D0050_Q0.05,0.07,50,0.05,calibrated,0.9392,1.0222747460453396,source_quality_interaction
N0.07_D0050_Q0.95,0.07,50,0.95,calibrated,2.8636,2.9393002461285813,source_quality_interaction
N0.07_D0100_Q0.05,0.07,100,0.05,calibrated,0.891,1.0352011370152399,source_quality_interaction
N0.07_D0100_Q0.1,0.07,100,0.1,calibrated,1.0093,1.13733021461127,source_quality_interaction
N0.07_D0100_Q0.2,0.07,100,0.2,calibrated,1.2339,1.3415491898360243,source_quality_interaction
N0.07_D0100_Q0.3,0.07,100,0.3,calibrated,1.4034,1.5457103558322935,source_quality_interaction
N0.07_D0100_Q0.4,0.07,100,0.4,calibrated,1.6433,1.7498053254517023,source_quality_interaction
N0.07_D0100_Q0.5,0.07,100,0.5,calibrated,1.8327,1.9538228674737572,source_quality_interaction
N0.07_D0100_Q0.6,0.07,100,0.6,calibrated,2.104,2.1577471565957795,source_quality_interaction
N0.07_D0100_Q0.7,0.07,100,0.7,calibrated,2.3189,2.3615541999790706,source_quality_interaction
N0.07_D0100_Q0.8,0.07,100,0.8,calibrated,2.4893,2.565203167253871,source_quality_interaction
N0.07_D0100_Q0.9,0.07,100,0.9,calibrated,2.727,2.7686077962554707,source_quality_interaction
N0.07_D0100_Q0.95,0.07,100,0.95,calibrated,2.7802,2.8701474720538664,source_quality_interaction
N0.07_D0100_Q1.0,0.07,100,1.0,calibrated,2.8644,2.971358023323856,source_quality_interaction
N0.07_D0150_Q0.05,0.07,150,0.05,calibrated,0.8911,1.0489004020028698,source_quality_interaction
N0.07_D0150_Q0.95,0.07,150,0.95,calibrated,2.7592,2.8358335033998943,source_quality_interaction
N0.07_D0500_Q0.05,0.07,500,0.05,calibrated,0.861,1.111170510523798,source_quality_interaction
N0.07_D0500_Q0.1,0.07,500,0.1,calibrated,0.9621,1.2027117037130513,source_quality_interaction
N0.07_D0500_Q0.2,0.07,500,0.2,calibrated,1.1948,1.385754910124252,source_quality_interaction
N0.07_D0500_Q0.3,0.07,500,0.3,calibrated,1.3491,1.5687403073069666,source_quality_interaction
N0.07_D0500_Q0.4,0.07,500,0.4,calibrated,1.5406,1.7516595081128212,source_quality_interaction
N0.07_D0500_Q0.5,0.07,500,0.5,calibrated,1.7858,1.9345012813213216,source_quality_interaction
N0.07_D0500_Q0.6,0.07,500,0.6,calibrated,1.9945,2.1172498016297903,source_quality_interaction
N0.07_D0500_Q0.7,0.07,500,0.7,calibrated,2.1765,2.299881076199527,source_quality_interaction
N0.07_D0500_Q0.8,0.07,500,0.8,calibrated,2.4124,2.482354274660773,source_quality_interaction
N0.07_D0500_Q0.9,0.07,500,0.9,calibrated,2.6083,2.6645831348488187,source_quality_interaction
N0.07_D0500_Q0.95,0.07,500,0.95,calibrated,2.7105,2.755534926240437,source_quality_interaction
N0.07_D0500_Q1.0,0.07,500,1.0,calibrated,2.8055,2.8461575931036505,source_quality_interaction
N0.07_D1000_Q0.05,0.07,1000,0.05,calibrated,0.8471,1.1588592018518806,source_quality_interaction
N0.07_D1000_Q0.1,0.07,1000,0.1,calibrated,0.9414,1.2458404414275437,source_quality_interaction
N0.07_D1000_Q0.2,0.07,1000,0.2,calibrated,1.1388,1.4197637406115646,source_quality_interaction
N0.07_D1000_Q0.3,0.07,1000,0.3,calibrated,1.3853,1.5936292305671,source_quality_interaction
N0.07_D1000_Q0.4,0.07,1000,0.4,calibrated,1.5663,1.7674285241457754,source_quality_interaction
N0.07_D1000_Q0.5,0.07,1000,0.5,calibrated,1.7504,1.9411503901270968,source_quality_interaction
N0.07_D1000_Q0.6,0.07,1000,0.6,calibrated,1.9928,2.114779003208386,source_quality_interaction
N0.07_D1000_Q0.7,0.07,1000,0.7,calibrated,2.1482,2.288290370550943,source_quality_interaction
N0.07_D1000_Q0.8,0.07,1000,0.8,calibrated,2.3195,2.46164366178501,source_quality_interaction
N0.07_D1000_Q0.9,0.07,1000,0.9,calibrated,2.523,2.6347526147458757,source_quality_interaction
N0.07_D1000_Q0.95,0.07,1000,0.95,calibrated,2.6048,2.721144452523905,source_quality_interaction
N0.07_D1000_Q1.0,0.07,1000,1.0,calibrated,2.7431,2.807207165773528,source_quality_interaction
N0.07_D2000_Q0.05,0.07,2000,0.05,calibrated,0.8539,1.213321886706502,source_quality_interaction
N0.07_D2000_Q0.1,0.07,2000,0.1,calibrated,0.9243,1.295743172668576,source_quality_interaction
N0.07_D2000_Q0.2,0.07,2000,0.2,calibrated,1.1409,1.460546564625417,source_quality_interaction
N0.07_D2000_Q0.3,0.07,2000,0.3,calibrated,1.3364,1.6252921473537734,source_quality_interaction
N0.07_D2000_Q0.4,0.07,2000,0.4,calibrated,1.5027,1.7899715337052693,source_quality_interaction
N0.07_D2000_Q0.5,0.07,2000,0.5,calibrated,1.7429,1.9545734924594114,source_quality_interaction
N0.07_D2000_Q0.6,0.07,2000,0.6,calibrated,1.9258,2.119082198313521,source_quality_interaction
N0.07_D2000_Q0.7,0.07,2000,0.7,calibrated,2.1457,2.283473658428899,source_quality_interaction
N0.07_D2000_Q0.8,0.07,2000,0.8,calibrated,2.3261,2.447707042435786,source_quality_interaction
N0.07_D2000_Q0.9,0.07,2000,0.9,calibrated,2.5085,2.611696088169473,source_quality_interaction
N0.07_D2000_Q0.95,0.07,2000,0.95,calibrated,2.5794,2.693527972333912,source_quality_interaction
N0.07_D2000_Q1.0,0.07,2000,1.0,calibrated,2.7374,2.775030731969945,source_quality_interaction
N0.16_D0005_Q0.05,0.16,5,0.05,calibrated,0.8104,0.8681215340609318,source_quality_interaction
N0.16_D0005_Q0.1,0.16,5,0.1,calibrated,0.9548,0.9902749491422527,source_quality_interaction
N0.16_D0005_Q0.2,0.16,5,0.2,calibrated,1.1752,1.234547512285261,source_quality_interaction
N0.16_D0005_Q0.3,0.16,5,0.3,calibrated,1.4476,1.4787695151520923,source_quality_interaction
N0.16_D0005_Q0.4,0.16,5,0.4,calibrated,1.6751,1.7229336222956375,source_quality_interaction
N0.16_D0005_Q0.5,0.16,5,0.5,calibrated,1.9108,1.9670300108273202,source_quality_interaction
N0.16_D0005_Q0.6,0.16,5,0.6,calibrated,2.1591,2.2110448398484657,source_quality_interaction
N0.16_D0005_Q0.7,0.16,5,0.7,calibrated,2.4836,2.4549571250874855,source_quality_interaction
N0.16_D0005_Q0.8,0.16,5,0.8,calibrated,2.5952,2.698731156073483,source_quality_interaction
N0.16_D0005_Q0.9,0.16,5,0.9,calibrated,2.8737,2.942291487432329,source_quality_interaction
N0.16_D0005_Q0.95,0.16,5,0.95,calibrated,2.9535,3.063929408388447,source_quality_interaction
N0.16_D0005_Q1.0,0.16,5,1.0,calibrated,3.1013,3.185279475182032,source_quality_interaction
N0.16_D0020_Q0.05,0.16,20,0.05,calibrated,0.7755,0.7861161748310512,source_quality_interaction
N0.16_D0020_Q0.1,0.16,20,0.1,calibrated,0.8548,0.8991496826851928,source_quality_interaction
N0.16_D0020_Q0.2,0.16,20,0.2,calibrated,1.0782,1.1251824313738417,source_quality_interaction
N0.16_D0020_Q0.3,0.16,20,0.3,calibrated,1.3357,1.351164619786315,source_quality_interaction
N0.16_D0020_Q0.4,0.16,20,0.4,calibrated,1.5464,1.5770889124755012,source_quality_interaction
N0.16_D0020_Q0.5,0.16,20,0.5,calibrated,1.7183,1.802945486552825,source_quality_interaction
N0.16_D0020_Q0.6,0.16,20,0.6,calibrated,1.9486,2.0287205011196114,source_quality_interaction
N0.16_D0020_Q0.7,0.16,20,0.7,calibrated,2.2366,2.254392971904273,source_quality_interaction
N0.16_D0020_Q0.8,0.16,20,0.8,calibrated,2.4177,2.4799271884359113,source_quality_interaction
N0.16_D0020_Q0.9,0.16,20,0.9,calibrated,2.6607,2.7052477053403985,source_quality_interaction
N0.16_D0020_Q0.95,0.16,20,0.95,calibrated,2.8283,2.817765719069337,source_quality_interaction
N0.16_D0020_Q1.0,0.16,20,1.0,calibrated,2.8913,2.9299958786357427,source_quality_interaction
N0.16_D0050_Q0.05,0.16,50,0.05,calibrated,0.7379,0.7786265868479774,source_quality_interaction
N0.16_D0050_Q0.95,0.16,50,0.95,calibrated,2.6024,2.70177337680889,source_quality_interaction
N0.16_D0100_Q0.05,0.16,100,0.05,calibrated,0.7109,0.7915529778178767,source_quality_interaction
N0.16_D0100_Q0.1,0.16,100,0.1,calibrated,0.8001,0.893998601265241,source_quality_interaction
N0.16_D0100_Q0.2,0.16,100,0.2,calibrated,1.0158,1.0988555811403362,source_quality_interaction
N0.16_D0100_Q0.3,0.16,100,0.3,calibrated,1.2359,1.3036620007392556,source_quality_interaction
N0.16_D0100_Q0.4,0.16,100,0.4,calibrated,1.4134,1.5084105246148867,source_quality_interaction
N0.16_D0100_Q0.5,0.16,100,0.5,calibrated,1.6514,1.713091329878657,source_quality_interaction
N0.16_D0100_Q0.6,0.16,100,0.6,calibrated,1.8608,1.9176905756318894,source_quality_interaction
N0.16_D0100_Q0.7,0.16,100,0.7,calibrated,2.0787,2.1221872776029964,source_quality_interaction
N0.16_D0100_Q0.8,0.16,100,0.8,calibrated,2.2318,2.326545725321081,source_quality_interaction
N0.16_D0100_Q0.9,0.16,100,0.9,calibrated,2.4932,2.5306904734120135,source_quality_interaction
N0.16_D0100_Q0.95,0.16,100,0.95,calibrated,2.6163,2.6326206027341748,source_quality_interaction
N0.16_D0100_Q1.0,0.16,100,1.0,calibrated,2.678,2.734262877893803,source_quality_interaction
N0.16_D0150_Q0.05,0.16,150,0.05,calibrated,0.6932,0.8052522428055071,source_quality_interaction
N0.16_D0150_Q0.95,0.16,150,0.95,calibrated,2.5091,2.5983066340802035,source_quality_interaction
N0.16_D0500_Q0.05,0.16,500,0.05,calibrated,0.6974,0.8675223513264356,source_quality_interaction
N0.16_D0500_Q0.1,0.16,500,0.1,calibrated,0.7769,0.9593800903670227,source_quality_interaction
N0.16_D0500_Q0.2,0.16,500,0.2,calibrated,0.9664,1.1430613014285633,source_quality_interaction
N0.16_D0500_Q0.3,0.16,500,0.3,calibrated,1.1736,1.3266919522139282,source_quality_interaction
N0.16_D0500_Q0.4,0.16,500,0.4,calibrated,1.351,1.510264707276006,source_quality_interaction
N0.16_D0500_Q0.5,0.16,500,0.5,calibrated,1.5896,1.6937697437262216,source_quality_interaction
N0.16_D0500_Q0.6,0.16,500,0.6,calibrated,1.7639,1.8771932206659,source_quality_interaction
N0.16_D0500_Q0.7,0.16,500,0.7,calibrated,1.9757,2.060514153823453,source_quality_interaction
N0.16_D0500_Q0.8,0.16,500,0.8,calibrated,2.1303,2.243696832727983,source_quality_interaction
N0.16_D0500_Q0.9,0.16,500,0.9,calibrated,2.3645,2.4266658120053615,source_quality_interaction
N0.16_D0500_Q0.95,0.16,500,0.95,calibrated,2.4958,2.5180080569207464,source_quality_interaction
N0.16_D0500_Q1.0,0.16,500,1.0,calibrated,2.5293,2.6090624476735975,source_quality_interaction
N0.16_D1000_Q0.05,0.16,1000,0.05,calibrated,0.6787,0.9152110426545175,source_quality_interaction
N0.16_D1000_Q0.1,0.16,1000,0.1,calibrated,0.7577,1.0025088280815149,source_quality_interaction
N0.16_D1000_Q0.2,0.16,1000,0.2,calibrated,0.9466,1.1770701319158765,source_quality_interaction
N0.16_D1000_Q0.3,0.16,1000,0.3,calibrated,1.1493,1.3515808754740624,source_quality_interaction
N0.16_D1000_Q0.4,0.16,1000,0.4,calibrated,1.3709,1.5260337233089598,source_quality_interaction
N0.16_D1000_Q0.5,0.16,1000,0.5,calibrated,1.5609,1.7004188525319965,source_quality_interaction
N0.16_D1000_Q0.6,0.16,1000,0.6,calibrated,1.7116,1.8747224222444954,source_quality_interaction
N0.16_D1000_Q0.7,0.16,1000,0.7,calibrated,2.0044,2.048923448174869,source_quality_interaction
N0.16_D1000_Q0.8,0.16,1000,0.8,calibrated,2.0871,2.2229862198522197,source_quality_interaction
N0.16_D1000_Q0.9,0.16,1000,0.9,calibrated,2.3054,2.396835291902419,source_quality_interaction
N0.16_D1000_Q0.95,0.16,1000,0.95,calibrated,2.4884,2.4836175832042136,source_quality_interaction
N0.16_D1000_Q1.0,0.16,1000,1.0,calibrated,2.5056,2.570112020343475,source_quality_interaction
N0.16_D2000_Q0.05,0.16,2000,0.05,calibrated,0.6532,0.9696737275091394,source_quality_interaction
N0.16_D2000_Q0.1,0.16,2000,0.1,calibrated,0.7317,1.0524115593225472,source_quality_interaction
N0.16_D2000_Q0.2,0.16,2000,0.2,calibrated,0.9418,1.217852955929729,source_quality_interaction
N0.16_D2000_Q0.3,0.16,2000,0.3,calibrated,1.1205,1.3832437922607355,source_quality_interaction
N0.16_D2000_Q0.4,0.16,2000,0.4,calibrated,1.335,1.5485767328684537,source_quality_interaction
N0.16_D2000_Q0.5,0.16,2000,0.5,calibrated,1.5166,1.713841954864311,source_quality_interaction
N0.16_D2000_Q0.6,0.16,2000,0.6,calibrated,1.6953,1.8790256173496305,source_quality_interaction
N0.16_D2000_Q0.7,0.16,2000,0.7,calibrated,1.9296,2.0441067360528242,source_quality_interaction
N0.16_D2000_Q0.8,0.16,2000,0.8,calibrated,2.0992,2.209049600502996,source_quality_interaction
N0.16_D2000_Q0.9,0.16,2000,0.9,calibrated,2.246,2.3737787653260156,source_quality_interaction
N0.16_D2000_Q0.95,0.16,2000,0.95,calibrated,2.3649,2.456001103014221,source_quality_interaction
N0.16_D2000_Q1.0,0.16,2000,1.0,calibrated,2.4771,2.5379355865398923,source_quality_interaction
N0.41_D0005_Q0.05,0.41,5,0.05,calibrated,0.622,0.6638122471019718,source_quality_interaction
N0.41_D0005_Q0.1,0.41,5,0.1,calibrated,0.7497,0.7858078622902567,source_quality_interaction
N0.41_D0005_Q0.2,0.41,5,0.2,calibrated,1.0023,1.0297696726454069,source_quality_interaction
N0.41_D0005_Q0.3,0.41,5,0.3,calibrated,1.2344,1.2736880743696322,source_quality_interaction
N0.41_D0005_Q0.4,0.41,5,0.4,calibrated,1.4755,1.5175567695994638,source_quality_interaction
N0.41_D0005_Q0.5,0.41,5,0.5,calibrated,1.6916,1.7613673248733592,source_quality_interaction
N0.41_D0005_Q0.6,0.41,5,0.6,calibrated,1.98,2.0051078570587935,source_quality_interaction
N0.41_D0005_Q0.7,0.41,5,0.7,calibrated,2.2447,2.2487603500654783,source_quality_interaction
N0.41_D0005_Q0.8,0.41,5,0.8,calibrated,2.4492,2.49229414459389,source_quality_interaction
N0.41_D0005_Q0.9,0.41,5,0.9,calibrated,2.6707,2.7356444668601756,source_quality_interaction
N0.41_D0005_Q0.95,0.41,5,0.95,calibrated,2.861,2.8571975034884334,source_quality_interaction
N0.41_D0005_Q1.0,0.41,5,1.0,calibrated,3.0229,2.978503402323022,source_quality_interaction
N0.41_D0020_Q0.05,0.41,20,0.05,calibrated,0.581,0.5818068878720912,source_quality_interaction
N0.41_D0020_Q0.1,0.41,20,0.1,calibrated,0.695,0.6946825958331968,source_quality_interaction
N0.41_D0020_Q0.2,0.41,20,0.2,calibrated,0.9131,0.9204045917339876,source_quality_interaction
N0.41_D0020_Q0.3,0.41,20,0.3,calibrated,1.1552,1.1460831790038548,source_quality_interaction
N0.41_D0020_Q0.4,0.41,20,0.4,calibrated,1.3143,1.3717120597793273,source_quality_interaction
N0.41_D0020_Q0.5,0.41,20,0.5,calibrated,1.5963,1.597282800598864,source_quality_interaction
N0.41_D0020_Q0.6,0.41,20,0.6,calibrated,1.7915,1.8227835183299392,source_quality_interaction
N0.41_D0020_Q0.7,0.41,20,0.7,calibrated,2.0338,2.0481961968822655,source_quality_interaction
N0.41_D0020_Q0.8,0.41,20,0.8,calibrated,2.246,2.2734901769563183,source_quality_interaction
N0.41_D0020_Q0.9,0.41,20,0.9,calibrated,2.474,2.4986006847682454,source_quality_interaction
N0.41_D0020_Q0.95,0.41,20,0.95,calibrated,2.5494,2.611033814169324,source_quality_interaction
N0.41_D0020_Q1.0,0.41,20,1.0,calibrated,2.7188,2.7232198057767327,source_quality_interaction
N0.41_D0050_Q0.05,0.41,50,0.05,calibrated,0.536,0.5743172998890174,source_quality_interaction
N0.41_D0050_Q0.95,0.41,50,0.95,calibrated,2.4497,2.495041471908877,source_quality_interaction
N0.41_D0100_Q0.05,0.41,100,0.05,calibrated,0.535,0.5872436908589167,source_quality_interaction
N0.41_D0100_Q0.1,0.41,100,0.1,calibrated,0.6432,0.6895315144132454,source_quality_interaction
N0.41_D0100_Q0.2,0.41,100,0.2,calibrated,0.8168,0.8940777415004824,source_quality_interaction
N0.41_D0100_Q0.3,0.41,100,0.3,calibrated,1.0559,1.0985805599567948,source_quality_interaction
N0.41_D0100_Q0.4,0.41,100,0.4,calibrated,1.2365,1.3030336719187134,source_quality_interaction
N0.41_D0100_Q0.5,0.41,100,0.5,calibrated,1.477,1.5074286439246958,source_quality_interaction
N0.41_D0100_Q0.6,0.41,100,0.6,calibrated,1.6841,1.711753592842217,source_quality_interaction
N0.41_D0100_Q0.7,0.41,100,0.7,calibrated,1.8979,1.9159905025809891,source_quality_interaction
N0.41_D0100_Q0.8,0.41,100,0.8,calibrated,2.0213,2.1201087138414874,source_quality_interaction
N0.41_D0100_Q0.9,0.41,100,0.9,calibrated,2.2729,2.3240434528398604,source_quality_interaction
N0.41_D0100_Q0.95,0.41,100,0.95,calibrated,2.4488,2.425888697834161,source_quality_interaction
N0.41_D0100_Q1.0,0.41,100,1.0,calibrated,2.488,2.527486805034793,source_quality_interaction
N0.41_D0150_Q0.05,0.41,150,0.05,calibrated,0.5231,0.6009429558465471,source_quality_interaction
N0.41_D0150_Q0.95,0.41,150,0.95,calibrated,2.3801,2.39157472918019,source_quality_interaction
N0.41_D0500_Q0.05,0.41,500,0.05,calibrated,0.5057,0.6632130643674752,source_quality_interaction
N0.41_D0500_Q0.1,0.41,500,0.1,calibrated,0.6047,0.7549130035150271,source_quality_interaction
N0.41_D0500_Q0.2,0.41,500,0.2,calibrated,0.8045,0.9382834617887095,source_quality_interaction
N0.41_D0500_Q0.3,0.41,500,0.3,calibrated,1.0122,1.121610511431468,source_quality_interaction
N0.41_D0500_Q0.4,0.41,500,0.4,calibrated,1.2031,1.3048878545798324,source_quality_interaction
N0.41_D0500_Q0.5,0.41,500,0.5,calibrated,1.427,1.4881070577722606,source_quality_interaction
N0.41_D0500_Q0.6,0.41,500,0.6,calibrated,1.5817,1.6712562378762277,source_quality_interaction
N0.41_D0500_Q0.7,0.41,500,0.7,calibrated,1.7811,1.8543173788014455,source_quality_interaction
N0.41_D0500_Q0.8,0.41,500,0.8,calibrated,1.9863,2.03725982124839,source_quality_interaction
N0.41_D0500_Q0.9,0.41,500,0.9,calibrated,2.1829,2.2200187914332083,source_quality_interaction
N0.41_D0500_Q0.95,0.41,500,0.95,calibrated,2.3182,2.3112761520207328,source_quality_interaction
N0.41_D0500_Q1.0,0.41,500,1.0,calibrated,2.3631,2.4022863748145875,source_quality_interaction
N0.41_D1000_Q0.05,0.41,1000,0.05,calibrated,0.5,0.7109017556955575,source_quality_interaction
N0.41_D1000_Q0.1,0.41,1000,0.1,calibrated,0.5885,0.7980417412295193,source_quality_interaction
N0.41_D1000_Q0.2,0.41,1000,0.2,calibrated,0.7592,0.9722922922760224,source_quality_interaction
N0.41_D1000_Q0.3,0.41,1000,0.3,calibrated,0.9951,1.1464994346916018,source_quality_interaction
N0.41_D1000_Q0.4,0.41,1000,0.4,calibrated,1.2144,1.3206568706127866,source_quality_interaction
N0.41_D1000_Q0.5,0.41,1000,0.5,calibrated,1.3941,1.4947561665780353,source_quality_interaction
N0.41_D1000_Q0.6,0.41,1000,0.6,calibrated,1.5743,1.668785439454823,source_quality_interaction
N0.41_D1000_Q0.7,0.41,1000,0.7,calibrated,1.759,1.8427266731528615,source_quality_interaction
N0.41_D1000_Q0.8,0.41,1000,0.8,calibrated,1.9279,2.016549208372626,source_quality_interaction
N0.41_D1000_Q0.9,0.41,1000,0.9,calibrated,2.1495,2.190188271330266,source_quality_interaction
N0.41_D1000_Q0.95,0.41,1000,0.95,calibrated,2.2212,2.2768856783041995,source_quality_interaction
N0.41_D1000_Q1.0,0.41,1000,1.0,calibrated,2.4128,2.3633359474844653,source_quality_interaction
N0.41_D2000_Q0.05,0.41,2000,0.05,calibrated,0.5,0.7653644405501794,source_quality_interaction
N0.41_D2000_Q0.1,0.41,2000,0.1,calibrated,0.5802,0.8479444724705516,source_quality_interaction
N0.41_D2000_Q0.2,0.41,2000,0.2,calibrated,0.7774,1.0130751162898752,source_quality_interaction
N0.41_D2000_Q0.3,0.41,2000,0.3,calibrated,0.9982,1.1781623514782749,source_quality_interaction
N0.41_D2000_Q0.4,0.41,2000,0.4,calibrated,1.2122,1.3431998801722804,source_quality_interaction
N0.41_D2000_Q0.5,0.41,2000,0.5,calibrated,1.3202,1.5081792689103497,source_quality_interaction
N0.41_D2000_Q0.6,0.41,2000,0.6,calibrated,1.5758,1.6730886345599578,source_quality_interaction
N0.41_D2000_Q0.7,0.41,2000,0.7,calibrated,1.7331,1.8379099610308172,source_quality_interaction
N0.41_D2000_Q0.8,0.41,2000,0.8,calibrated,1.9375,2.0026125890234026,source_quality_interaction
N0.41_D2000_Q0.9,0.41,2000,0.9,calibrated,2.0973,2.1671317447538625,source_quality_interaction
N0.41_D2000_Q0.95,0.41,2000,0.95,calibrated,2.2225,2.249269198114207,source_quality_interaction
N0.41_D2000_Q1.0,0.41,2000,1.0,calibrated,2.3248,2.3311595136808827,source_quality_interaction
N0.7_D0005_Q0.05,0.7,5,0.05,calibrated,0.5148,0.5748502722234332,source_quality_interaction
N0.7_D0005_Q0.1,0.7,5,0.1,calibrated,0.651,0.6965391319442462,source_quality_interaction
N0.7_D0005_Q0.2,0.7,5,0.2,calibrated,0.8807,0.9398898745415463,source_quality_interaction
N0.7_D0005_Q0.3,0.7,5,0.3,calibrated,1.1486,1.183200813365016,source_quality_interaction
N0.7_D0005_Q0.4,0.7,5,0.4,calibrated,1.3678,1.4264661735554194,source_quality_interaction
N0.7_D0005_Q0.5,0.7,5,0.5,calibrated,1.6627,1.6696782220055673,source_quality_interaction
N0.7_D0005_Q0.6,0.7,5,0.6,calibrated,1.8832,1.9128260624142106,source_quality_interaction
N0.7_D0005_Q0.7,0.7,5,0.7,calibrated,2.1501,2.1558931748320225,source_quality_interaction
N0.7_D0005_Q0.8,0.7,5,0.8,calibrated,2.3581,2.3988514460520656,source_quality_interaction
N0.7_D0005_Q0.9,0.7,5,0.9,calibrated,2.6571,2.6416414814104723,source_quality_interaction
N0.7_D0005_Q0.95,0.7,5,0.95,calibrated,2.7097,2.762924516378675,source_quality_interaction
N0.7_D0005_Q1.0,0.7,5,1.0,calibrated,2.862,2.883980937039195,source_quality_interaction
N0.7_D0020_Q0.05,0.7,20,0.05,calibrated,0.5,0.4928449129935526,source_quality_interaction
N0.7_D0020_Q0.1,0.7,20,0.1,calibrated,0.5886,0.6054138654871859,source_quality_interaction
N0.7_D0020_Q0.2,0.7,20,0.2,calibrated,0.82,0.8305247936301274,source_quality_interaction
N0.7_D0020_Q0.3,0.7,20,0.3,calibrated,1.0213,1.0555959179992382,source_quality_interaction
N0.7_D0020_Q0.4,0.7,20,0.4,calibrated,1.2544,1.2806214637352826,source_quality_interaction
N0.7_D0020_Q0.5,0.7,20,0.5,calibrated,1.5102,1.5055936977310715,source_quality_interaction
N0.7_D0020_Q0.6,0.7,20,0.6,calibrated,1.733,1.7305017236853562,source_quality_interaction
N0.7_D0020_Q0.7,0.7,20,0.7,calibrated,1.9575,1.955329021648809,source_quality_interaction
N0.7_D0020_Q0.8,0.7,20,0.8,calibrated,2.1359,2.1800474784144934,source_quality_interaction
N0.7_D0020_Q0.9,0.7,20,0.9,calibrated,2.4142,2.4045976993185416,source_quality_interaction
N0.7_D0020_Q0.95,0.7,20,0.95,calibrated,2.5456,2.5167608270595645,source_quality_interaction
N0.7_D0020_Q1.0,0.7,20,1.0,calibrated,2.5856,2.628697340492905,source_quality_interaction
N0.7_D0050_Q0.05,0.7,50,0.05,calibrated,0.5,0.4853553250104783,source_quality_interaction
N0.7_D0050_Q0.95,0.7,50,0.95,calibrated,2.3802,2.4007684847991175,source_quality_interaction
N0.7_D0100_Q0.05,0.7,100,0.05,calibrated,0.5,0.49828171598037807,source_quality_interaction
N0.7_D0100_Q0.1,0.7,100,0.1,calibrated,0.5313,0.6002627840672341,source_quality_interaction
N0.7_D0100_Q0.2,0.7,100,0.2,calibrated,0.7638,0.8041979433966215,source_quality_interaction
N0.7_D0100_Q0.3,0.7,100,0.3,calibrated,0.9699,1.0080932989521783,source_quality_interaction
N0.7_D0100_Q0.4,0.7,100,0.4,calibrated,1.1979,1.2119430758746685,source_quality_interaction
N0.7_D0100_Q0.5,0.7,100,0.5,calibrated,1.3973,1.4157395410569034,source_quality_interaction
N0.7_D0100_Q0.6,0.7,100,0.6,calibrated,1.5891,1.6194717981976339,source_quality_interaction
N0.7_D0100_Q0.7,0.7,100,0.7,calibrated,1.8109,1.8231233273475325,source_quality_interaction
N0.7_D0100_Q0.8,0.7,100,0.8,calibrated,2.017,2.026666015299663,source_quality_interaction
N0.7_D0100_Q0.9,0.7,100,0.9,calibrated,2.1928,2.2300404673901566,source_quality_interaction
N0.7_D0100_Q0.95,0.7,100,0.95,calibrated,2.3158,2.3316157107244027,source_quality_interaction
N0.7_D0100_Q1.0,0.7,100,1.0,calibrated,2.4334,2.432964339750966,source_quality_interaction
N0.7_D0150_Q0.05,0.7,150,0.05,calibrated,0.5,0.5119809809680085,source_quality_interaction
N0.7_D0150_Q0.95,0.7,150,0.95,calibrated,2.3482,2.297301742070431,source_quality_interaction
N0.7_D0500_Q0.05,0.7,500,0.05,calibrated,0.5,0.5742510894889366,source_quality_interaction
N0.7_D0500_Q0.1,0.7,500,0.1,calibrated,0.5138,0.6656442731690158,source_quality_interaction
N0.7_D0500_Q0.2,0.7,500,0.2,calibrated,0.701,0.8484036636848489,source_quality_interaction
N0.7_D0500_Q0.3,0.7,500,0.3,calibrated,0.9241,1.0311232504268513,source_quality_interaction
N0.7_D0500_Q0.4,0.7,500,0.4,calibrated,1.1327,1.2137972585357875,source_quality_interaction
N0.7_D0500_Q0.5,0.7,500,0.5,calibrated,1.3085,1.3964179549044682,source_quality_interaction
N0.7_D0500_Q0.6,0.7,500,0.6,calibrated,1.5486,1.5789744432316444,source_quality_interaction
N0.7_D0500_Q0.7,0.7,500,0.7,calibrated,1.7063,1.761450203567989,source_quality_interaction
N0.7_D0500_Q0.8,0.7,500,0.8,calibrated,1.8982,1.943817122706565,source_quality_interaction
N0.7_D0500_Q0.9,0.7,500,0.9,calibrated,2.0978,2.1260158059835046,source_quality_interaction
N0.7_D0500_Q0.95,0.7,500,0.95,calibrated,2.1997,2.217003164910974,source_quality_interaction
N0.7_D0500_Q1.0,0.7,500,1.0,calibrated,2.2912,2.30776390953076,source_quality_interaction
N0.7_D1000_Q0.05,0.7,1000,0.05,calibrated,0.5,0.6219397808170188,source_quality_interaction
N0.7_D1000_Q0.1,0.7,1000,0.1,calibrated,0.5071,0.708773010883508,source_quality_interaction
N0.7_D1000_Q0.2,0.7,1000,0.2,calibrated,0.7115,0.8824124941721618,source_quality_interaction
N0.7_D1000_Q0.3,0.7,1000,0.3,calibrated,0.9132,1.056012173686985,source_quality_interaction
N0.7_D1000_Q0.4,0.7,1000,0.4,calibrated,1.1056,1.2295662745687417,source_quality_interaction
N0.7_D1000_Q0.5,0.7,1000,0.5,calibrated,1.322,1.403067063710243,source_quality_interaction
N0.7_D1000_Q0.6,0.7,1000,0.6,calibrated,1.4614,1.5765036448102399,source_quality_interaction
N0.7_D1000_Q0.7,0.7,1000,0.7,calibrated,1.7068,1.7498594979194049,source_quality_interaction
N0.7_D1000_Q0.8,0.7,1000,0.8,calibrated,1.8896,1.9231065098308018,source_quality_interaction
N0.7_D1000_Q0.9,0.7,1000,0.9,calibrated,2.0683,2.096185285880562,source_quality_interaction
N0.7_D1000_Q0.95,0.7,1000,0.95,calibrated,2.1816,2.182612691194441,source_quality_interaction
N0.7_D1000_Q1.0,0.7,1000,1.0,calibrated,2.297,2.2688134822006374,source_quality_interaction
N0.7_D2000_Q0.05,0.7,2000,0.05,calibrated,0.5,0.6764024656716408,source_quality_interaction
N0.7_D2000_Q0.1,0.7,2000,0.1,calibrated,0.5001,0.7586757421245403,source_quality_interaction
N0.7_D2000_Q0.2,0.7,2000,0.2,calibrated,0.6784,0.9231953181860146,source_quality_interaction
N0.7_D2000_Q0.3,0.7,2000,0.3,calibrated,0.8706,1.087675090473658,source_quality_interaction
N0.7_D2000_Q0.4,0.7,2000,0.4,calibrated,1.0904,1.2521092841282355,source_quality_interaction
N0.7_D2000_Q0.5,0.7,2000,0.5,calibrated,1.2499,1.4164901660425575,source_quality_interaction
N0.7_D2000_Q0.6,0.7,2000,0.6,calibrated,1.4277,1.580806839915375,source_quality_interaction
N0.7_D2000_Q0.7,0.7,2000,0.7,calibrated,1.6336,1.7450427857973607,source_quality_interaction
N0.7_D2000_Q0.8,0.7,2000,0.8,calibrated,1.8579,1.9091698904815777,source_quality_interaction
N0.7_D2000_Q0.9,0.7,2000,0.9,calibrated,2.0246,2.0731287593041587,source_quality_interaction
N0.7_D2000_Q0.95,0.7,2000,0.95,calibrated,2.1556,2.1549962110044483,source_quality_interaction
N0.7_D2000_Q1.0,0.7,2000,1.0,calibrated,2.2183,2.2366370483970552,source_quality_interaction
N1.0_D0005_Q0.05,1.0,5,0.05,calibrated,0.5,0.5245570460111604,source_quality_interaction
N1.0_D0005_Q0.1,1.0,5,0.1,calibrated,0.5747,0.6459622428500609,source_quality_interaction
N1.0_D0005_Q0.2,1.0,5,0.2,calibrated,0.8142,0.888747174925451,source_quality_interaction
N1.0_D0005_Q0.3,1.0,5,0.3,calibrated,1.0733,1.1314945389350004,source_quality_interaction
N1.0_D0005_Q0.4,1.0,5,0.4,calibrated,1.3204,1.3741988843831647,source_quality_interaction
N1.0_D0005_Q0.5,1.0,5,0.5,calibrated,1.5528,1.6168529125177877,source_quality_interaction
N1.0_D0005_Q0.6,1.0,5,0.6,calibrated,1.8086,1.8594463390637028,source_quality_interaction
N1.0_D0005_Q0.7,1.0,5,0.7,calibrated,2.0374,2.101963571968091,source_quality_interaction
N1.0_D0005_Q0.8,1.0,5,0.8,calibrated,2.3623,2.344378077093418,source_quality_interaction
N1.0_D0005_Q0.9,1.0,5,0.9,calibrated,2.5719,2.586633795869656,source_quality_interaction
N1.0_D0005_Q0.95,1.0,5,0.95,calibrated,2.7672,2.7076559624187566,source_quality_interaction
N1.0_D0005_Q1.0,1.0,5,1.0,calibrated,2.8125,2.82846424318739,source_quality_interaction
N1.0_D0020_Q0.05,1.0,20,0.05,calibrated,0.5,0.44255168678127976,source_quality_interaction
N1.0_D0020_Q0.1,1.0,20,0.1,calibrated,0.5188,0.554836976393001,source_quality_interaction
N1.0_D0020_Q0.2,1.0,20,0.2,calibrated,0.7381,0.7793820940140321,source_quality_interaction
N1.0_D0020_Q0.3,1.0,20,0.3,calibrated,0.9701,1.0038896435692228,source_quality_interaction
N1.0_D0020_Q0.4,1.0,20,0.4,calibrated,1.2279,1.2283541745630282,source_quality_interaction
N1.0_D0020_Q0.5,1.0,20,0.5,calibrated,1.4233,1.4527683882432925,source_quality_interaction
N1.0_D0020_Q0.6,1.0,20,0.6,calibrated,1.6574,1.6771220003348488,source_quality_interaction
N1.0_D0020_Q0.7,1.0,20,0.7,calibrated,1.8968,1.9013994187848784,source_quality_interaction
N1.0_D0020_Q0.8,1.0,20,0.8,calibrated,2.0844,2.1255741094558465,source_quality_interaction
N1.0_D0020_Q0.9,1.0,20,0.9,calibrated,2.3062,2.3495900137777253,source_quality_interaction
N1.0_D0020_Q0.95,1.0,20,0.95,calibrated,2.4517,2.4614922730996467,source_quality_interaction
N1.0_D0020_Q1.0,1.0,20,1.0,calibrated,2.6133,2.573180646641101,source_quality_interaction
N1.0_D0050_Q0.05,1.0,50,0.05,calibrated,0.5,0.4350620987982059,source_quality_interaction
N1.0_D0050_Q0.95,1.0,50,0.95,calibrated,2.3371,2.3454999308391997,source_quality_interaction
N1.0_D0100_Q0.05,1.0,100,0.05,calibrated,0.5,0.44798848976810524,source_quality_interaction
N1.0_D0100_Q0.1,1.0,100,0.1,calibrated,0.5,0.5496858949730496,source_quality_interaction
N1.0_D0100_Q0.2,1.0,100,0.2,calibrated,0.7102,0.7530552437805267,source_quality_interaction
N1.0_D0100_Q0.3,1.0,100,0.3,calibrated,0.9137,0.9563870245221631,source_quality_interaction
N1.0_D0100_Q0.4,1.0,100,0.4,calibrated,1.1107,1.1596757867024141,source_quality_interaction
N1.0_D0100_Q0.5,1.0,100,0.5,calibrated,1.3086,1.3629142315691243,source_quality_interaction
N1.0_D0100_Q0.6,1.0,100,0.6,calibrated,1.5225,1.5660920748471265,source_quality_interaction
N1.0_D0100_Q0.7,1.0,100,0.7,calibrated,1.7077,1.7691937244836018,source_quality_interaction
N1.0_D0100_Q0.8,1.0,100,0.8,calibrated,1.9487,1.972192646341016,source_quality_interaction
N1.0_D0100_Q0.9,1.0,100,0.9,calibrated,2.2185,2.1750327818493407,source_quality_interaction
N1.0_D0100_Q0.95,1.0,100,0.95,calibrated,2.3344,2.2763471567644844,source_quality_interaction
N1.0_D0100_Q1.0,1.0,100,1.0,calibrated,2.4489,2.377447645899162,source_quality_interaction
N1.0_D0150_Q0.05,1.0,150,0.05,calibrated,0.5,0.46168775475573565,source_quality_interaction
N1.0_D0150_Q0.95,1.0,150,0.95,calibrated,2.1674,2.242033188110513,source_quality_interaction
N1.0_D0500_Q0.05,1.0,500,0.05,calibrated,0.5,0.5239578632766642,source_quality_interaction
N1.0_D0500_Q0.1,1.0,500,0.1,calibrated,0.5,0.6150673840748309,source_quality_interaction
N1.0_D0500_Q0.2,1.0,500,0.2,calibrated,0.6599,0.7972609640687538,source_quality_interaction
N1.0_D0500_Q0.3,1.0,500,0.3,calibrated,0.8544,0.9794169759968361,source_quality_interaction
N1.0_D0500_Q0.4,1.0,500,0.4,calibrated,1.0836,1.161529969363533,source_quality_interaction
N1.0_D0500_Q0.5,1.0,500,0.5,calibrated,1.2157,1.343592645416689,source_quality_interaction
N1.0_D0500_Q0.6,1.0,500,0.6,calibrated,1.4518,1.525594719881137,source_quality_interaction
N1.0_D0500_Q0.7,1.0,500,0.7,calibrated,1.707,1.7075206007040584,source_quality_interaction
N1.0_D0500_Q0.8,1.0,500,0.8,calibrated,1.8739,1.889343753747918,source_quality_interaction
N1.0_D0500_Q0.9,1.0,500,0.9,calibrated,2.0431,2.0710081204426887,source_quality_interaction
N1.0_D0500_Q0.95,1.0,500,0.95,calibrated,2.1733,2.161734610951056,source_quality_interaction
N1.0_D0500_Q1.0,1.0,500,1.0,calibrated,2.2572,2.252247215678956,source_quality_interaction
N1.0_D1000_Q0.05,1.0,1000,0.05,calibrated,0.5,0.5716465546047462,source_quality_interaction
N1.0_D1000_Q0.1,1.0,1000,0.1,calibrated,0.5,0.6581961217893233,source_quality_interaction
N1.0_D1000_Q0.2,1.0,1000,0.2,calibrated,0.6605,0.831269794556067,source_quality_interaction
N1.0_D1000_Q0.3,1.0,1000,0.3,calibrated,0.8357,1.0043058992569698,source_quality_interaction
N1.0_D1000_Q0.4,1.0,1000,0.4,calibrated,1.0525,1.1772989853964873,source_quality_interaction
N1.0_D1000_Q0.5,1.0,1000,0.5,calibrated,1.2565,1.3502417542224638,source_quality_interaction
N1.0_D1000_Q0.6,1.0,1000,0.6,calibrated,1.407,1.5231239214597325,source_quality_interaction
N1.0_D1000_Q0.7,1.0,1000,0.7,calibrated,1.6907,1.6959298950554742,source_quality_interaction
N1.0_D1000_Q0.8,1.0,1000,0.8,calibrated,1.8615,1.8686331408721548,source_quality_interaction
N1.0_D1000_Q0.9,1.0,1000,0.9,calibrated,1.9758,2.0411776003397457,source_quality_interaction
N1.0_D1000_Q0.95,1.0,1000,0.95,calibrated,2.1305,2.127344137234523,source_quality_interaction
N1.0_D1000_Q1.0,1.0,1000,1.0,calibrated,2.1409,2.2132967883488335,source_quality_interaction
N1.0_D2000_Q0.05,1.0,2000,0.05,calibrated,0.5,0.6261092394593679,source_quality_interaction
N1.0_D2000_Q0.1,1.0,2000,0.1,calibrated,0.5,0.7080988530303556,source_quality_interaction
N1.0_D2000_Q0.2,1.0,2000,0.2,calibrated,0.6467,0.8720526185699193,source_quality_interaction
N1.0_D2000_Q0.3,1.0,2000,0.3,calibrated,0.8314,1.0359688160436429,source_quality_interaction
N1.0_D2000_Q0.4,1.0,2000,0.4,calibrated,1.0295,1.199841994955981,source_quality_interaction
N1.0_D2000_Q0.5,1.0,2000,0.5,calibrated,1.2251,1.3636648565547782,source_quality_interaction
N1.0_D2000_Q0.6,1.0,2000,0.6,calibrated,1.4304,1.5274271165648674,source_quality_interaction
N1.0_D2000_Q0.7,1.0,2000,0.7,calibrated,1.5995,1.6911131829334298,source_quality_interaction
N1.0_D2000_Q0.8,1.0,2000,0.8,calibrated,1.7725,1.854696521522931,source_quality_interaction
N1.0_D2000_Q0.9,1.0,2000,0.9,calibrated,2.027,2.018121073763343,source_quality_interaction
N1.0_D2000_Q0.95,1.0,2000,0.95,calibrated,2.0759,2.0997276570445305,source_quality_interaction
N1.0_D2000_Q1.0,1.0,2000,1.0,calibrated,2.2081,2.181120354545251,source_quality_interaction
N2.8_D0005_Q0.05,2.8,5,0.05,calibrated,0.5,0.41270112521803215,source_quality_interaction
N2.8_D0005_Q0.1,2.8,5,0.1,calibrated,0.5,0.5329671169223946,source_quality_interaction
N2.8_D0005_Q0.2,2.8,5,0.2,calibrated,0.6798,0.7734775520058359,source_quality_interaction
N2.8_D0005_Q0.3,2.8,5,0.3,calibrated,0.9253,1.013956192982608,source_quality_interaction
N2.8_D0005_Q0.4,2.8,5,0.4,calibrated,1.2039,1.2543984270616915,source_quality_interaction
N2.8_D0005_Q0.5,2.8,5,0.5,calibrated,1.4628,1.494798077260071,source_quality_interaction
N2.8_D0005_Q0.6,2.8,5,0.6,calibrated,1.7229,1.7351464399265382,source_quality_interaction
N2.8_D0005_Q0.7,2.8,5,0.7,calibrated,2.0084,1.9754303194019767,source_quality_interaction
N2.8_D0005_Q0.8,2.8,5,0.8,calibrated,2.2056,2.2156272596674165,source_quality_interaction
N2.8_D0005_Q0.9,2.8,5,0.9,calibrated,2.4428,2.4556898179781945,source_quality_interaction
N2.8_D0005_Q0.95,2.8,5,0.95,calibrated,2.6201,2.5756316485734114,source_quality_interaction
N2.8_D0005_Q1.0,2.8,5,1.0,calibrated,2.721,2.6953924661947912,source_quality_interaction
N2.8_D0020_Q0.05,2.8,20,0.05,calibrated,0.5,0.33069576598815154,source_quality_interaction
N2.8_D0020_Q0.1,2.8,20,0.1,calibrated,0.5,0.44184185046533475,source_quality_interaction
N2.8_D0020_Q0.2,2.8,20,0.2,calibrated,0.623,0.6641124710944175,source_quality_interaction
N2.8_D0020_Q0.3,2.8,20,0.3,calibrated,0.8308,0.8863512976168306,source_quality_interaction
N2.8_D0020_Q0.4,2.8,20,0.4,calibrated,1.0678,1.108553717241555,source_quality_interaction
N2.8_D0020_Q0.5,2.8,20,0.5,calibrated,1.2966,1.330713552985576,source_quality_interaction
N2.8_D0020_Q0.6,2.8,20,0.6,calibrated,1.5279,1.5528221011976842,source_quality_interaction
N2.8_D0020_Q0.7,2.8,20,0.7,calibrated,1.7488,1.7748661662187637,source_quality_interaction
N2.8_D0020_Q0.8,2.8,20,0.8,calibrated,2.0341,1.996823292029845,source_quality_interaction
N2.8_D0020_Q0.9,2.8,20,0.9,calibrated,2.2362,2.2186460358862643,source_quality_interaction
N2.8_D0020_Q0.95,2.8,20,0.95,calibrated,2.3457,2.3294679592543015,source_quality_interaction
N2.8_D0020_Q1.0,2.8,20,1.0,calibrated,2.5073,2.440108869648502,source_quality_interaction
N2.8_D0050_Q0.05,2.8,50,0.05,calibrated,0.5,0.32320617800507767,source_quality_interaction
N2.8_D0050_Q0.95,2.8,50,0.95,calibrated,2.253,2.2134756169938545,source_quality_interaction
N2.8_D0100_Q0.05,2.8,100,0.05,calibrated,0.5,0.336132568974977,source_quality_interaction
N2.8_D0100_Q0.1,2.8,100,0.1,calibrated,0.5,0.4366907690453834,source_quality_interaction
N2.8_D0100_Q0.2,2.8,100,0.2,calibrated,0.5671,0.6377856208609116,source_quality_interaction
N2.8_D0100_Q0.3,2.8,100,0.3,calibrated,0.7708,0.8388486785697706,source_quality_interaction
N2.8_D0100_Q0.4,2.8,100,0.4,calibrated,0.9718,1.0398753293809408,source_quality_interaction
N2.8_D0100_Q0.5,2.8,100,0.5,calibrated,1.1999,1.2408593963114078,source_quality_interaction
N2.8_D0100_Q0.6,2.8,100,0.6,calibrated,1.4075,1.4417921757099617,source_quality_interaction
N2.8_D0100_Q0.7,2.8,100,0.7,calibrated,1.6363,1.6426604719174873,source_quality_interaction
N2.8_D0100_Q0.8,2.8,100,0.8,calibrated,1.8765,1.8434418289150143,source_quality_interaction
N2.8_D0100_Q0.9,2.8,100,0.9,calibrated,2.0444,2.0440888039578793,source_quality_interaction
N2.8_D0100_Q0.95,2.8,100,0.95,calibrated,2.1982,2.1443228429191397,source_quality_interaction
N2.8_D0100_Q1.0,2.8,100,1.0,calibrated,2.2588,2.2443758689065625,source_quality_interaction
N2.8_D0150_Q0.05,2.8,150,0.05,calibrated,0.5,0.3498318339626074,source_quality_interaction
N2.8_D0150_Q0.95,2.8,150,0.95,calibrated,2.1192,2.110008874265168,source_quality_interaction
N2.8_D0500_Q0.05,2.8,500,0.05,calibrated,0.5,0.41210194248353593,source_quality_interaction
N2.8_D0500_Q0.1,2.8,500,0.1,calibrated,0.5,0.5020722581471646,source_quality_interaction
N2.8_D0500_Q0.2,2.8,500,0.2,calibrated,0.5387,0.681991341149139,source_quality_interaction
N2.8_D0500_Q0.3,2.8,500,0.3,calibrated,0.7277,0.8618786300444439,source_quality_interaction
N2.8_D0500_Q0.4,2.8,500,0.4,calibrated,0.9045,1.0417295120420598,source_quality_interaction
N2.8_D0500_Q0.5,2.8,500,0.5,calibrated,1.16,1.2215378101589724,source_quality_interaction
N2.8_D0500_Q0.6,2.8,500,0.6,calibrated,1.3308,1.4012948207439724,source_quality_interaction
N2.8_D0500_Q0.7,2.8,500,0.7,calibrated,1.5099,1.5809873481379437,source_quality_interaction
N2.8_D0500_Q0.8,2.8,500,0.8,calibrated,1.7571,1.7605929363219164,source_quality_interaction
N2.8_D0500_Q0.9,2.8,500,0.9,calibrated,1.9167,1.9400641425512273,source_quality_interaction
N2.8_D0500_Q0.95,2.8,500,0.95,calibrated,2.0846,2.029710297105711,source_quality_interaction
N2.8_D0500_Q1.0,2.8,500,1.0,calibrated,2.1517,2.119175438686357,source_quality_interaction
N2.8_D1000_Q0.05,2.8,1000,0.05,calibrated,0.5,0.459790633811618,source_quality_interaction
N2.8_D1000_Q0.1,2.8,1000,0.1,calibrated,0.5,0.5452009958616573,source_quality_interaction
N2.8_D1000_Q0.2,2.8,1000,0.2,calibrated,0.519,0.7160001716364519,source_quality_interaction
N2.8_D1000_Q0.3,2.8,1000,0.3,calibrated,0.7239,0.8867675533045776,source_quality_interaction
N2.8_D1000_Q0.4,2.8,1000,0.4,calibrated,0.8987,1.057498528075014,source_quality_interaction
N2.8_D1000_Q0.5,2.8,1000,0.5,calibrated,1.1398,1.2281869189647474,source_quality_interaction
N2.8_D1000_Q0.6,2.8,1000,0.6,calibrated,1.3353,1.3988240223225676,source_quality_interaction
N2.8_D1000_Q0.7,2.8,1000,0.7,calibrated,1.5354,1.5693966424893597,source_quality_interaction
N2.8_D1000_Q0.8,2.8,1000,0.8,calibrated,1.6984,1.7398823234461531,source_quality_interaction
N2.8_D1000_Q0.9,2.8,1000,0.9,calibrated,1.9178,1.9102336224482843,source_quality_interaction
N2.8_D1000_Q0.95,2.8,1000,0.95,calibrated,2.0038,1.995319823389178,source_quality_interaction
N2.8_D1000_Q1.0,2.8,1000,1.0,calibrated,2.1237,2.0802250113562346,source_quality_interaction
N2.8_D2000_Q0.05,2.8,2000,0.05,calibrated,0.5,0.5142533186662397,source_quality_interaction
N2.8_D2000_Q0.1,2.8,2000,0.1,calibrated,0.5,0.5951037271026896,source_quality_interaction
N2.8_D2000_Q0.2,2.8,2000,0.2,calibrated,0.5242,0.7567829956503047,source_quality_interaction
N2.8_D2000_Q0.3,2.8,2000,0.3,calibrated,0.6887,0.9184304700912507,source_quality_interaction
N2.8_D2000_Q0.4,2.8,2000,0.4,calibrated,0.9232,1.0800415376345078,source_quality_interaction
N2.8_D2000_Q0.5,2.8,2000,0.5,calibrated,1.1045,1.2416100212970618,source_quality_interaction
N2.8_D2000_Q0.6,2.8,2000,0.6,calibrated,1.2855,1.4031272174277027,source_quality_interaction
N2.8_D2000_Q0.7,2.8,2000,0.7,calibrated,1.4788,1.5645799303673154,source_quality_interaction
N2.8_D2000_Q0.8,2.8,2000,0.8,calibrated,1.6576,1.7259457040969293,source_quality_interaction
N2.8_D2000_Q0.9,2.8,2000,0.9,calibrated,1.8775,1.8871770958718814,source_quality_interaction
N2.8_D2000_Q0.95,2.8,2000,0.95,calibrated,1.8822,1.9677033431991853,source_quality_interaction
N2.8_D2000_Q1.0,2.8,2000,1.0,calibrated,2.0839,2.048048577552652,source_quality_interaction
N4.0_D0005_Q0.05,4.0,5,0.05,calibrated,0.5,0.38361919452008,source_quality_interaction
N4.0_D0005_Q0.1,4.0,5,0.1,calibrated,0.5,0.5033895463117175,source_quality_interaction
N4.0_D0005_Q0.2,4.0,5,0.2,calibrated,0.6084,0.7429099119012532,source_quality_interaction
N4.0_D0005_Q0.3,4.0,5,0.3,calibrated,0.8843,0.9824002692031892,source_quality_interaction
N4.0_D0005_Q0.4,4.0,5,0.4,calibrated,1.1447,1.2218562645188662,source_quality_interaction
N4.0_D0005_Q0.5,4.0,5,0.5,calibrated,1.3943,1.461272067815546,source_quality_interaction
N4.0_D0005_Q0.6,4.0,5,0.6,calibrated,1.6246,1.700639464310804,source_quality_interaction
N4.0_D0005_Q0.7,4.0,5,0.7,calibrated,1.9244,1.9399459995224944,source_quality_interaction
N4.0_D0005_Q0.8,4.0,5,0.8,calibrated,2.1965,2.1791704787467516,source_quality_interaction
N4.0_D0005_Q0.9,4.0,5,0.9,calibrated,2.4512,2.4182681240144617,source_quality_interaction
N4.0_D0005_Q0.95,4.0,5,0.95,calibrated,2.5824,2.537732522256496,source_quality_interaction
N4.0_D0005_Q1.0,4.0,5,1.0,calibrated,2.6973,2.6570260747051657,source_quality_interaction
N4.0_D0020_Q0.05,4.0,20,0.05,calibrated,0.5,0.30161383529019936,source_quality_interaction
N4.0_D0020_Q0.1,4.0,20,0.1,calibrated,0.5,0.41226427985465763,source_quality_interaction
N4.0_D0020_Q0.2,4.0,20,0.2,calibrated,0.5655,0.6335448309898344,source_quality_interaction
N4.0_D0020_Q0.3,4.0,20,0.3,calibrated,0.8094,0.8547953738374117,source_quality_interaction
N4.0_D0020_Q0.4,4.0,20,0.4,calibrated,1.0284,1.0760115546987299,source_quality_interaction
N4.0_D0020_Q0.5,4.0,20,0.5,calibrated,1.2902,1.297187543541051,source_quality_interaction
N4.0_D0020_Q0.6,4.0,20,0.6,calibrated,1.5025,1.51831512558195,source_quality_interaction
N4.0_D0020_Q0.7,4.0,20,0.7,calibrated,1.7203,1.7393818463392816,source_quality_interaction
N4.0_D0020_Q0.8,4.0,20,0.8,calibrated,1.9253,1.9603665111091804,source_quality_interaction
N4.0_D0020_Q0.9,4.0,20,0.9,calibrated,2.2398,2.1812243419225315,source_quality_interaction
N4.0_D0020_Q0.95,4.0,20,0.95,calibrated,2.2806,2.291568832937386,source_quality_interaction
N4.0_D0020_Q1.0,4.0,20,1.0,calibrated,2.4139,2.4017424781588765,source_quality_interaction
N4.0_D0050_Q0.05,4.0,50,0.05,calibrated,0.5,0.2941242473071255,source_quality_interaction
N4.0_D0050_Q0.95,4.0,50,0.95,calibrated,2.2424,2.1755764906769395,source_quality_interaction
N4.0_D0100_Q0.05,4.0,100,0.05,calibrated,0.5,0.30705063827702483,source_quality_interaction
N4.0_D0100_Q0.1,4.0,100,0.1,calibrated,0.5,0.4071131984347063,source_quality_interaction
N4.0_D0100_Q0.2,4.0,100,0.2,calibrated,0.5116,0.6072179807563289,source_quality_interaction
N4.0_D0100_Q0.3,4.0,100,0.3,calibrated,0.722,0.8072927547903519,source_quality_interaction
N4.0_D0100_Q0.4,4.0,100,0.4,calibrated,0.9435,1.0073331668381158,source_quality_interaction
N4.0_D0100_Q0.5,4.0,100,0.5,calibrated,1.1487,1.2073333868668827,source_quality_interaction
N4.0_D0100_Q0.6,4.0,100,0.6,calibrated,1.3727,1.4072852000942278,source_quality_interaction
N4.0_D0100_Q0.7,4.0,100,0.7,calibrated,1.6045,1.607176152038005,source_quality_interaction
N4.0_D0100_Q0.8,4.0,100,0.8,calibrated,1.8522,1.8069850479943494,source_quality_interaction
N4.0_D0100_Q0.9,4.0,100,0.9,calibrated,2.1002,2.0066671099941464,source_quality_interaction
N4.0_D0100_Q0.95,4.0,100,0.95,calibrated,2.1195,2.106423716602224,source_quality_interaction
N4.0_D0100_Q1.0,4.0,100,1.0,calibrated,2.2786,2.206009477416938,source_quality_interaction
N4.0_D0150_Q0.05,4.0,150,0.05,calibrated,0.5,0.32074990326465525,source_quality_interaction
N4.0_D0150_Q0.95,4.0,150,0.95,calibrated,2.1044,2.0721097479482524,source_quality_interaction
N4.0_D0500_Q0.05,4.0,500,0.05,calibrated,0.5,0.3830200117855833,source_quality_interaction
N4.0_D0500_Q0.1,4.0,500,0.1,calibrated,0.5,0.4724946875364875,source_quality_interaction
N4.0_D0500_Q0.2,4.0,500,0.2,calibrated,0.5,0.651423701044556,source_quality_interaction
N4.0_D0500_Q0.3,4.0,500,0.3,calibrated,0.6833,0.8303227062650249,source_quality_interaction
N4.0_D0500_Q0.4,4.0,500,0.4,calibrated,0.888,1.0091873494992347,source_quality_interaction
N4.0_D0500_Q0.5,4.0,500,0.5,calibrated,1.0678,1.1880118007144473,source_quality_interaction
N4.0_D0500_Q0.6,4.0,500,0.6,calibrated,1.2876,1.3667878451282383,source_quality_interaction
N4.0_D0500_Q0.7,4.0,500,0.7,calibrated,1.5155,1.5455030282584616,source_quality_interaction
N4.0_D0500_Q0.8,4.0,500,0.8,calibrated,1.7157,1.7241361554012518,source_quality_interaction
N4.0_D0500_Q0.9,4.0,500,0.9,calibrated,1.9644,1.9026424485874947,source_quality_interaction
N4.0_D0500_Q0.95,4.0,500,0.95,calibrated,1.9848,1.9918111707887953,source_quality_interaction
N4.0_D0500_Q1.0,4.0,500,1.0,calibrated,2.1365,2.0808090471967318,source_quality_interaction
N4.0_D1000_Q0.05,4.0,1000,0.05,calibrated,0.5,0.4307087031136656,source_quality_interaction
N4.0_D1000_Q0.1,4.0,1000,0.1,calibrated,0.5,0.5156234252509799,source_quality_interaction
N4.0_D1000_Q0.2,4.0,1000,0.2,calibrated,0.5,0.6854325315318692,source_quality_interaction
N4.0_D1000_Q0.3,4.0,1000,0.3,calibrated,0.6866,0.8552116295251584,source_quality_interaction
N4.0_D1000_Q0.4,4.0,1000,0.4,calibrated,0.8604,1.024956365532189,source_quality_interaction
N4.0_D1000_Q0.5,4.0,1000,0.5,calibrated,1.1039,1.194660909520222,source_quality_interaction
N4.0_D1000_Q0.6,4.0,1000,0.6,calibrated,1.2945,1.3643170467068335,source_quality_interaction
N4.0_D1000_Q0.7,4.0,1000,0.7,calibrated,1.4835,1.5339123226098774,source_quality_interaction
N4.0_D1000_Q0.8,4.0,1000,0.8,calibrated,1.7176,1.7034255425254883,source_quality_interaction
N4.0_D1000_Q0.9,4.0,1000,0.9,calibrated,1.8943,1.8728119284845517,source_quality_interaction
N4.0_D1000_Q0.95,4.0,1000,0.95,calibrated,1.9293,1.9574206970722627,source_quality_interaction
N4.0_D1000_Q1.0,4.0,1000,1.0,calibrated,2.1308,2.041858619866609,source_quality_interaction
N4.0_D2000_Q0.05,4.0,2000,0.05,calibrated,0.5,0.4851713879682875,source_quality_interaction
N4.0_D2000_Q0.1,4.0,2000,0.1,calibrated,0.5,0.5655261564920122,source_quality_interaction
N4.0_D2000_Q0.2,4.0,2000,0.2,calibrated,0.5,0.7262153555457216,source_quality_interaction
N4.0_D2000_Q0.3,4.0,2000,0.3,calibrated,0.642,0.8868745463118317,source_quality_interaction
N4.0_D2000_Q0.4,4.0,2000,0.4,calibrated,0.8502,1.0474993750916828,source_quality_interaction
N4.0_D2000_Q0.5,4.0,2000,0.5,calibrated,1.0844,1.2080840118525367,source_quality_interaction
N4.0_D2000_Q0.6,4.0,2000,0.6,calibrated,1.281,1.3686202418119686,source_quality_interaction
N4.0_D2000_Q0.7,4.0,2000,0.7,calibrated,1.4643,1.529095610487833,source_quality_interaction
N4.0_D2000_Q0.8,4.0,2000,0.8,calibrated,1.6704,1.6894889231762646,source_quality_interaction
N4.0_D2000_Q0.9,4.0,2000,0.9,calibrated,1.8145,1.8497554019081486,source_quality_interaction
N4.0_D2000_Q0.95,4.0,2000,0.95,calibrated,1.9664,1.92980421688227,source_quality_interaction
N4.0_D2000_Q1.0,4.0,2000,1.0,calibrated,2.0978,2.009682186063027,source_quality_interaction
N6.9_D0005_Q0.05,6.9,5,0.05,calibrated,0.5,0.34705444186073153,source_quality_interaction
N6.9_D0005_Q0.1,6.9,5,0.1,calibrated,0.5,0.4659767069626293,source_quality_interaction
N6.9_D0005_Q0.2,6.9,5,0.2,calibrated,0.5546,0.7038026192529445,source_quality_interaction
N6.9_D0005_Q0.3,6.9,5,0.3,calibrated,0.7947,0.9416010611983809,source_quality_interaction
N6.9_D0005_Q0.4,6.9,5,0.4,calibrated,1.0436,1.1793680473131531,source_quality_interaction
N6.9_D0005_Q0.5,6.9,5,0.5,calibrated,1.3381,1.4170982406379475,source_quality_interaction
N6.9_D0005_Q0.6,6.9,5,0.6,calibrated,1.6422,1.6547841211533172,source_quality_interaction
N6.9_D0005_Q0.7,6.9,5,0.7,calibrated,1.8729,1.8924142877115395,source_quality_interaction
N6.9_D0005_Q0.8,6.9,5,0.8,calibrated,2.1078,2.1299693381450346,source_quality_interaction
N6.9_D0005_Q0.9,6.9,5,0.9,calibrated,2.465,2.3674082815691846,source_quality_interaction
N6.9_D0005_Q0.95,6.9,5,0.95,calibrated,2.5263,2.4860504690592986,source_quality_interaction
N6.9_D0005_Q1.0,6.9,5,1.0,calibrated,2.633,2.604536259992318,source_quality_interaction
N6.9_D0020_Q0.05,6.9,20,0.05,calibrated,0.5,0.26504908263085136,source_quality_interaction
N6.9_D0020_Q0.1,6.9,20,0.1,calibrated,0.5,0.3748514405055694,source_quality_interaction
N6.9_D0020_Q0.2,6.9,20,0.2,calibrated,0.5,0.5944375383415257,source_quality_interaction
N6.9_D0020_Q0.3,6.9,20,0.3,calibrated,0.7321,0.8139961658326034,source_quality_interaction
N6.9_D0020_Q0.4,6.9,20,0.4,calibrated,0.9636,1.0335233374930168,source_quality_interaction
N6.9_D0020_Q0.5,6.9,20,0.5,calibrated,1.2142,1.2530137163634523,source_quality_interaction
N6.9_D0020_Q0.6,6.9,20,0.6,calibrated,1.4457,1.4724597824244632,source_quality_interaction
N6.9_D0020_Q0.7,6.9,20,0.7,calibrated,1.6657,1.6918501345283268,source_quality_interaction
N6.9_D0020_Q0.8,6.9,20,0.8,calibrated,1.9664,1.911165370507463,source_quality_interaction
N6.9_D0020_Q0.9,6.9,20,0.9,calibrated,2.1852,2.1303644994772544,source_quality_interaction
N6.9_D0020_Q0.95,6.9,20,0.95,calibrated,2.2902,2.2398867797401887,source_quality_interaction
N6.9_D0020_Q1.0,6.9,20,1.0,calibrated,2.4144,2.3492526634460287,source_quality_interaction
N6.9_D0050_Q0.05,6.9,50,0.05,calibrated,0.5,0.25755949464777705,source_quality_interaction
N6.9_D0050_Q0.95,6.9,50,0.95,calibrated,2.1785,2.123894437479742,source_quality_interaction
N6.9_D0100_Q0.05,6.9,100,0.05,calibrated,0.5,0.2704858856176764,source_quality_interaction
N6.9_D0100_Q0.1,6.9,100,0.1,calibrated,0.5,0.3697003590856176,source_quality_interaction
N6.9_D0100_Q0.2,6.9,100,0.2,calibrated,0.5,0.5681106881080198,source_quality_interaction
N6.9_D0100_Q0.3,6.9,100,0.3,calibrated,0.6647,0.7664935467855432,source_quality_interaction
N6.9_D0100_Q0.4,6.9,100,0.4,calibrated,0.882,0.9648449496324023,source_quality_interaction
N6.9_D0100_Q0.5,6.9,100,0.5,calibrated,1.1201,1.1631595596892836,source_quality_interaction
N6.9_D0100_Q0.6,6.9,100,0.6,calibrated,1.3304,1.3614298569367405,source_quality_interaction
N6.9_D0100_Q0.7,6.9,100,0.7,calibrated,1.5242,1.55964444022705,source_quality_interaction
N6.9_D0100_Q0.8,6.9,100,0.8,calibrated,1.818,1.7577839073926318,source_quality_interaction
N6.9_D0100_Q0.9,6.9,100,0.9,calibrated,1.9399,1.955807267548869,source_quality_interaction
N6.9_D0100_Q0.95,6.9,100,0.95,calibrated,2.1119,2.0547416634050264,source_quality_interaction
N6.9_D0100_Q1.0,6.9,100,1.0,calibrated,2.2368,2.153519662704089,source_quality_interaction
N6.9_D0150_Q0.05,6.9,150,0.05,calibrated,0.5,0.2841851506053068,source_quality_interaction
N6.9_D0150_Q0.95,6.9,150,0.95,calibrated,2.0784,2.0204276947510547,source_quality_interaction
N6.9_D0500_Q0.05,6.9,500,0.05,calibrated,0.5,0.3464552591262353,source_quality_interaction
N6.9_D0500_Q0.1,6.9,500,0.1,calibrated,0.5,0.43508184818739926,source_quality_interaction
N6.9_D0500_Q0.2,6.9,500,0.2,calibrated,0.5,0.6123164083962473,source_quality_interaction
N6.9_D0500_Q0.3,6.9,500,0.3,calibrated,0.6224,0.7895234982602166,source_quality_interaction
N6.9_D0500_Q0.4,6.9,500,0.4,calibrated,0.8513,0.9666991322935217,source_quality_interaction
N6.9_D0500_Q0.5,6.9,500,0.5,calibrated,1.0567,1.1438379735368487,source_quality_interaction
N6.9_D0500_Q0.6,6.9,500,0.6,calibrated,1.2524,1.3209325019707514,source_quality_interaction
N6.9_D0500_Q0.7,6.9,500,0.7,calibrated,1.4759,1.4979713164475068,source_quality_interaction
N6.9_D0500_Q0.8,6.9,500,0.8,calibrated,1.6838,1.6749350147995343,source_quality_interaction
N6.9_D0500_Q0.9,6.9,500,0.9,calibrated,1.9071,1.8517826061422176,source_quality_interaction
N6.9_D0500_Q0.95,6.9,500,0.95,calibrated,1.9975,1.940129117591598,source_quality_interaction
N6.9_D0500_Q1.0,6.9,500,1.0,calibrated,2.1285,2.0283192324838835,source_quality_interaction
N6.9_D1000_Q0.05,6.9,1000,0.05,calibrated,0.5,0.39414395045431716,source_quality_interaction
N6.9_D1000_Q0.1,6.9,1000,0.1,calibrated,0.5,0.47821058590189125,source_quality_interaction
N6.9_D1000_Q0.2,6.9,1000,0.2,calibrated,0.5,0.6463252388835601,source_quality_interaction
N6.9_D1000_Q0.3,6.9,1000,0.3,calibrated,0.6085,0.8144124215203496,source_quality_interaction
N6.9_D1000_Q0.4,6.9,1000,0.4,calibrated,0.8559,0.9824681483264754,source_quality_interaction
N6.9_D1000_Q0.5,6.9,1000,0.5,calibrated,1.0114,1.1504870823426232,source_quality_interaction
N6.9_D1000_Q0.6,6.9,1000,0.6,calibrated,1.2482,1.3184617035493464,source_quality_interaction
N6.9_D1000_Q0.7,6.9,1000,0.7,calibrated,1.4349,1.4863806107989224,source_quality_interaction
N6.9_D1000_Q0.8,6.9,1000,0.8,calibrated,1.6614,1.6542244019237706,source_quality_interaction
N6.9_D1000_Q0.9,6.9,1000,0.9,calibrated,1.837,1.8219520860392742,source_quality_interaction
N6.9_D1000_Q0.95,6.9,1000,0.95,calibrated,1.9432,1.9057386438750652,source_quality_interaction
N6.9_D1000_Q1.0,6.9,1000,1.0,calibrated,2.0548,1.9893688051537608,source_quality_interaction
N6.9_D2000_Q0.05,6.9,2000,0.05,calibrated,0.5,0.4486066353089391,source_quality_interaction
N6.9_D2000_Q0.1,6.9,2000,0.1,calibrated,0.5,0.5281133171429235,source_quality_interaction
N6.9_D2000_Q0.2,6.9,2000,0.2,calibrated,0.5,0.6871080628974124,source_quality_interaction
N6.9_D2000_Q0.3,6.9,2000,0.3,calibrated,0.6165,0.846075338307023,source_quality_interaction
N6.9_D2000_Q0.4,6.9,2000,0.4,calibrated,0.8294,1.0050111578859693,source_quality_interaction
N6.9_D2000_Q0.5,6.9,2000,0.5,calibrated,1.005,1.1639101846749376,source_quality_interaction
N6.9_D2000_Q0.6,6.9,2000,0.6,calibrated,1.2332,1.3227648986544813,source_quality_interaction
N6.9_D2000_Q0.7,6.9,2000,0.7,calibrated,1.4283,1.481563898676878,source_quality_interaction
N6.9_D2000_Q0.8,6.9,2000,0.8,calibrated,1.651,1.6402877825745468,source_quality_interaction
N6.9_D2000_Q0.9,6.9,2000,0.9,calibrated,1.8064,1.798895559462871,source_quality_interaction
N6.9_D2000_Q0.95,6.9,2000,0.95,calibrated,1.9399,1.8781221636850725,source_quality_interaction
N6.9_D2000_Q1.0,6.9,2000,1.0,calibrated,1.9935,1.9571923713501784,source_quality_interaction
N12_D0005_Q0.05,12.0,5,0.05,calibrated,0.5,0.3183853040108504,source_quality_interaction
N12_D0005_Q0.1,12.0,5,0.1,calibrated,0.5,0.4363434198438192,source_quality_interaction
N12_D0005_Q0.2,12.0,5,0.2,calibrated,0.5,0.6722426307213545,source_quality_interaction
N12_D0005_Q0.3,12.0,5,0.3,calibrated,0.7234,0.9081167277789106,source_quality_interaction
N12_D0005_Q0.4,12.0,5,0.4,calibrated,1.0113,1.143962067422897,source_quality_interaction
N12_D0005_Q0.5,12.0,5,0.5,calibrated,1.2841,1.379773770521433,source_quality_interaction
N12_D0005_Q0.6,12.0,5,0.6,calibrated,1.5682,1.6155449621548394,source_quality_interaction
N12_D0005_Q0.7,12.0,5,0.7,calibrated,1.7793,1.8512652192151164,source_quality_interaction
N12_D0005_Q0.8,12.0,5,0.8,calibrated,2.0752,2.0869168039364667,source_quality_interaction
N12_D0005_Q0.9,12.0,5,0.9,calibrated,2.3423,2.322462241809503,source_quality_interaction
N12_D0005_Q0.95,12.0,5,0.95,calibrated,2.4625,2.440164306298611,source_quality_interaction
N12_D0005_Q1.0,12.0,5,1.0,calibrated,2.701,2.5577233906031758,source_quality_interaction
N12_D0020_Q0.05,12.0,20,0.05,calibrated,0.5,0.2363799447809698,source_quality_interaction
N12_D0020_Q0.1,12.0,20,0.1,calibrated,0.5,0.3452181533867593,source_quality_interaction
N12_D0020_Q0.2,12.0,20,0.2,calibrated,0.5,0.5628775498099361,source_quality_interaction
N12_D0020_Q0.3,12.0,20,0.3,calibrated,0.6648,0.7805118324131333,source_quality_interaction
N12_D0020_Q0.4,12.0,20,0.4,calibrated,0.9074,0.9981173576027604,source_quality_interaction
N12_D0020_Q0.5,12.0,20,0.5,calibrated,1.1529,1.2156892462469377,source_quality_interaction
N12_D0020_Q0.6,12.0,20,0.6,calibrated,1.4022,1.4332206234259852,source_quality_interaction
N12_D0020_Q0.7,12.0,20,0.7,calibrated,1.6378,1.6507010660319035,source_quality_interaction
N12_D0020_Q0.8,12.0,20,0.8,calibrated,1.9488,1.868112836298895,source_quality_interaction
N12_D0020_Q0.9,12.0,20,0.9,calibrated,2.1859,2.0854184597175722,source_quality_interaction
N12_D0020_Q0.95,12.0,20,0.95,calibrated,2.2362,2.194000616979501,source_quality_interaction
N12_D0020_Q1.0,12.0,20,1.0,calibrated,2.3472,2.3024397940568866,source_quality_interaction
N12_D0050_Q0.05,12.0,50,0.05,calibrated,0.5,0.22889035679789593,source_quality_interaction
N12_D0050_Q0.1,12.0,50,0.1,calibrated,0.5,0.3317006346104976,source_quality_interaction
N12_D0050_Q0.2,12.0,50,0.2,calibrated,0.5,0.5373041694472998,source_quality_interaction
N12_D0050_Q0.3,12.0,50,0.3,calibrated,0.6406,0.7428825904641221,source_quality_interaction
N12_D0050_Q0.4,12.0,50,0.4,calibrated,0.8712,0.9484322540673746,source_quality_interaction
N12_D0050_Q0.5,12.0,50,0.5,calibrated,1.1272,1.1539482811251771,source_quality_interaction
N12_D0050_Q0.6,12.0,50,0.6,calibrated,1.3567,1.3594237967178502,source_quality_interaction
N12_D0050_Q0.7,12.0,50,0.7,calibrated,1.542,1.5648483777373936,source_quality_interaction
N12_D0050_Q0.8,12.0,50,0.8,calibrated,1.7878,1.7702042864180103,source_quality_interaction
N12_D0050_Q0.9,12.0,50,0.9,calibrated,2.0117,1.9754540482503127,source_quality_interaction
N12_D0050_Q0.95,12.0,50,0.95,calibrated,2.1497,2.0780082747190542,source_quality_interaction
N12_D0050_Q1.0,12.0,50,1.0,calibrated,2.2387,2.180419521003252,source_quality_interaction
N12_D0100_Q0.05,12.0,100,0.05,calibrated,0.5,0.24181674776779527,source_quality_interaction
N12_D0100_Q0.1,12.0,100,0.1,calibrated,0.5,0.3400670719668075,source_quality_interaction
N12_D0100_Q0.2,12.0,100,0.2,calibrated,0.5,0.5365506995764302,source_quality_interaction
N12_D0100_Q0.3,12.0,100,0.3,calibrated,0.6166,0.7330092133660733,source_quality_interaction
N12_D0100_Q0.4,12.0,100,0.4,calibrated,0.8496,0.9294389697421463,source_quality_interaction
N12_D0100_Q0.5,12.0,100,0.5,calibrated,1.0745,1.1258350895727696,source_quality_interaction
N12_D0100_Q0.6,12.0,100,0.6,calibrated,1.3174,1.322190697938263,source_quality_interaction
N12_D0100_Q0.7,12.0,100,0.7,calibrated,1.5083,1.518495371730627,source_quality_interaction
N12_D0100_Q0.8,12.0,100,0.8,calibrated,1.762,1.7147313731840645,source_quality_interaction
N12_D0100_Q0.9,12.0,100,0.9,calibrated,1.9734,1.9108612277891874,source_quality_interaction
N12_D0100_Q0.95,12.0,100,0.95,calibrated,2.0303,2.008855500644339,source_quality_interaction
N12_D0100_Q1.0,12.0,100,1.0,calibrated,2.2111,2.1067067933149475,source_quality_interaction
N12_D0150_Q0.05,12.0,150,0.05,calibrated,0.5,0.2555160127554257,source_quality_interaction
N12_D0150_Q0.1,12.0,150,0.1,calibrated,0.5,0.3510989350854601,source_quality_interaction
N12_D0150_Q0.2,12.0,150,0.2,calibrated,0.5,0.5422477589571271,source_quality_interaction
N12_D0150_Q0.3,12.0,150,0.3,calibrated,0.5971,0.7333714690088142,source_quality_interaction
N12_D0150_Q0.4,12.0,150,0.4,calibrated,0.8028,0.9244664216469314,source_quality_interaction
N12_D0150_Q0.5,12.0,150,0.5,calibrated,1.04,1.1155277377395987,source_quality_interaction
N12_D0150_Q0.6,12.0,150,0.6,calibrated,1.2578,1.3065485423671364,source_quality_interaction
N12_D0150_Q0.7,12.0,150,0.7,calibrated,1.4982,1.4975184124215446,source_quality_interaction
N12_D0150_Q0.8,12.0,150,0.8,calibrated,1.6931,1.6884196101370263,source_quality_interaction
N12_D0150_Q0.9,12.0,150,0.9,calibrated,2.013,1.8792146610041935,source_quality_interaction
N12_D0150_Q0.95,12.0,150,0.95,calibrated,2.0249,1.9745415319903674,source_quality_interaction
N12_D0150_Q1.0,12.0,150,1.0,calibrated,2.0668,2.069725422791998,source_quality_interaction
N12_D0500_Q0.05,12.0,500,0.05,calibrated,0.5,0.31778612127635375,source_quality_interaction
N12_D0500_Q0.1,12.0,500,0.1,calibrated,0.5,0.4054485610685892,source_quality_interaction
N12_D0500_Q0.2,12.0,500,0.2,calibrated,0.5,0.5807564198646575,source_quality_interaction
N12_D0500_Q0.3,12.0,500,0.3,calibrated,0.558,0.7560391648407463,source_quality_interaction
N12_D0500_Q0.4,12.0,500,0.4,calibrated,0.7966,0.9312931524032653,source_quality_interaction
N12_D0500_Q0.5,12.0,500,0.5,calibrated,0.9859,1.1065135034203342,source_quality_interaction
N12_D0500_Q0.6,12.0,500,0.6,calibrated,1.2293,1.2816933429722737,source_quality_interaction
N12_D0500_Q0.7,12.0,500,0.7,calibrated,1.4001,1.4568222479510835,source_quality_interaction
N12_D0500_Q0.8,12.0,500,0.8,calibrated,1.6431,1.6318824805909666,source_quality_interaction
N12_D0500_Q0.9,12.0,500,0.9,calibrated,1.8108,1.8068365663825356,source_quality_interaction
N12_D0500_Q0.95,12.0,500,0.95,calibrated,1.9414,1.8942429548309103,source_quality_interaction
N12_D0500_Q1.0,12.0,500,1.0,calibrated,2.0759,1.9815063630947416,source_quality_interaction
N12_D1000_Q0.05,12.0,1000,0.05,calibrated,0.5,0.36547481260443604,source_quality_interaction
N12_D1000_Q0.1,12.0,1000,0.1,calibrated,0.5,0.4485772987830814,source_quality_interaction
N12_D1000_Q0.2,12.0,1000,0.2,calibrated,0.5,0.6147652503519705,source_quality_interaction
N12_D1000_Q0.3,12.0,1000,0.3,calibrated,0.544,0.78092808810088,source_quality_interaction
N12_D1000_Q0.4,12.0,1000,0.4,calibrated,0.7804,0.9470621684362195,source_quality_interaction
N12_D1000_Q0.5,12.0,1000,0.5,calibrated,0.9814,1.1131626122261091,source_quality_interaction
N12_D1000_Q0.6,12.0,1000,0.6,calibrated,1.193,1.279222544550869,source_quality_interaction
N12_D1000_Q0.7,12.0,1000,0.7,calibrated,1.4183,1.4452315423024995,source_quality_interaction
N12_D1000_Q0.8,12.0,1000,0.8,calibrated,1.5722,1.6111718677152034,source_quality_interaction
N12_D1000_Q0.9,12.0,1000,0.9,calibrated,1.826,1.7770060462795927,source_quality_interaction
N12_D1000_Q0.95,12.0,1000,0.95,calibrated,1.9075,1.8598524811143777,source_quality_interaction
N12_D1000_Q1.0,12.0,1000,1.0,calibrated,2.0468,1.9425559357646192,source_quality_interaction
N12_D2000_Q0.05,12.0,2000,0.05,calibrated,0.5,0.41993749745905795,source_quality_interaction
N12_D2000_Q0.1,12.0,2000,0.1,calibrated,0.5,0.4984800300241137,source_quality_interaction
N12_D2000_Q0.2,12.0,2000,0.2,calibrated,0.5,0.6555480743658233,source_quality_interaction
N12_D2000_Q0.3,12.0,2000,0.3,calibrated,0.5484,0.8125910048875533,source_quality_interaction
N12_D2000_Q0.4,12.0,2000,0.4,calibrated,0.7469,0.9696051779957133,source_quality_interaction
N12_D2000_Q0.5,12.0,2000,0.5,calibrated,0.9661,1.1265857145584235,source_quality_interaction
N12_D2000_Q0.6,12.0,2000,0.6,calibrated,1.1885,1.283525739656004,source_quality_interaction
N12_D2000_Q0.7,12.0,2000,0.7,calibrated,1.3664,1.4404148301804551,source_quality_interaction
N12_D2000_Q0.8,12.0,2000,0.8,calibrated,1.6065,1.5972352483659793,source_quality_interaction
N12_D2000_Q0.9,12.0,2000,0.9,calibrated,1.7583,1.7539495197031898,source_quality_interaction
N12_D2000_Q0.95,12.0,2000,0.95,calibrated,1.9375,1.832236000924385,source_quality_interaction
N12_D2000_Q1.0,12.0,2000,1.0,calibrated,1.9695,1.9103795019610368,source_quality_interaction
N20_D0005_Q0.05,20.0,5,0.05,extrapolated,0.5,0.2983586289864544,source_quality_interaction
N20_D0005_Q0.1,20.0,5,0.1,extrapolated,0.5,0.4153420125241305,source_quality_interaction
N20_D0005_Q0.2,20.0,5,0.2,extrapolated,0.5,0.6492931112230385,source_quality_interaction
N20_D0005_Q0.3,20.0,5,0.3,extrapolated,0.6738,0.8832210915577359,source_quality_interaction
N20_D0005_Q0.4,20.0,5,0.4,extrapolated,0.9583,1.1171225994417577,source_quality_interaction
N20_D0005_Q0.5,20.0,5,0.5,extrapolated,1.2067,1.3509931434218763,source_quality_interaction
N20_D0005_Q0.6,20.0,5,0.6,extrapolated,1.5155,1.5848263948353392,source_quality_interaction
N20_D0005_Q0.7,20.0,5,0.7,extrapolated,1.7701,1.8186127587576324,source_quality_interaction
N20_D0005_Q0.8,20.0,5,0.8,extrapolated,2.0429,2.0523359068034166,source_quality_interaction
N20_D0005_Q0.9,20.0,5,0.9,extrapolated,2.3981,2.2859613420559604,source_quality_interaction
N20_D0005_Q0.95,20.0,5,0.95,extrapolated,2.5077,2.402709019188606,source_quality_interaction
N20_D0005_Q1.0,20.0,5,1.0,extrapolated,2.5772,2.519325076839075,source_quality_interaction
N20_D0020_Q0.05,20.0,20,0.05,extrapolated,0.5,0.21635326975657376,source_quality_interaction
N20_D0020_Q0.1,20.0,20,0.1,extrapolated,0.5,0.3242167460670702,source_quality_interaction
N20_D0020_Q0.2,20.0,20,0.2,extrapolated,0.5,0.5399280303116194,source_quality_interaction
N20_D0020_Q0.3,20.0,20,0.3,extrapolated,0.5948,0.7556161961919579,source_quality_interaction
N20_D0020_Q0.4,20.0,20,0.4,extrapolated,0.8354,0.9712778896216212,source_quality_interaction
N20_D0020_Q0.5,20.0,20,0.5,extrapolated,1.0991,1.1869086191473806,source_quality_interaction
N20_D0020_Q0.6,20.0,20,0.6,extrapolated,1.3714,1.4025020561064847,source_quality_interaction
N20_D0020_Q0.7,20.0,20,0.7,extrapolated,1.6057,1.618048605574419,source_quality_interaction
N20_D0020_Q0.8,20.0,20,0.8,extrapolated,1.8837,1.833531939165845,source_quality_interaction
N20_D0020_Q0.9,20.0,20,0.9,extrapolated,2.0254,2.0489175599640292,source_quality_interaction
N20_D0020_Q0.95,20.0,20,0.95,extrapolated,2.2272,2.1565453298694957,source_quality_interaction
N20_D0020_Q1.0,20.0,20,1.0,extrapolated,2.3884,2.2640414802927857,source_quality_interaction
N20_D0050_Q0.05,20.0,50,0.05,extrapolated,0.5,0.2088636817734999,source_quality_interaction
N20_D0050_Q0.1,20.0,50,0.1,extrapolated,0.5,0.31069922729080934,source_quality_interaction
N20_D0050_Q0.2,20.0,50,0.2,extrapolated,0.5,0.5143546499489837,source_quality_interaction
N20_D0050_Q0.3,20.0,50,0.3,extrapolated,0.5672,0.7179869542429471,source_quality_interaction
N20_D0050_Q0.4,20.0,50,0.4,extrapolated,0.8172,0.9215927860862356,source_quality_interaction
N20_D0050_Q0.5,20.0,50,0.5,extrapolated,1.0322,1.1251676540256206,source_quality_interaction
N20_D0050_Q0.6,20.0,50,0.6,extrapolated,1.2838,1.32870522939835,source_quality_interaction
N20_D0050_Q0.7,20.0,50,0.7,extrapolated,1.5601,1.5321959172799096,source_quality_interaction
N20_D0050_Q0.8,20.0,50,0.8,extrapolated,1.8085,1.7356233892849604,source_quality_interaction
N20_D0050_Q0.9,20.0,50,0.9,extrapolated,2.0156,1.9389531484967706,source_quality_interaction
N20_D0050_Q0.95,20.0,50,0.95,extrapolated,2.0825,2.040552987609049,source_quality_interaction
N20_D0050_Q1.0,20.0,50,1.0,extrapolated,2.2835,2.142021207239152,source_quality_interaction
N20_D0100_Q0.05,20.0,100,0.05,extrapolated,0.5,0.22179007274339924,source_quality_interaction
N20_D0100_Q0.1,20.0,100,0.1,extrapolated,0.5,0.31906566464711883,source_quality_interaction
N20_D0100_Q0.2,20.0,100,0.2,extrapolated,0.5,0.5136011800781137,source_quality_interaction
N20_D0100_Q0.3,20.0,100,0.3,extrapolated,0.5564,0.7081135771448981,source_quality_interaction
N20_D0100_Q0.4,20.0,100,0.4,extrapolated,0.793,0.9025995017610069,source_quality_interaction
N20_D0100_Q0.5,20.0,100,0.5,extrapolated,0.9903,1.0970544624732124,source_quality_interaction
N20_D0100_Q0.6,20.0,100,0.6,extrapolated,1.2411,1.2914721306187622,source_quality_interaction
N20_D0100_Q0.7,20.0,100,0.7,extrapolated,1.4352,1.4858429112731426,source_quality_interaction
N20_D0100_Q0.8,20.0,100,0.8,extrapolated,1.7346,1.680150476051014,source_quality_interaction
N20_D0100_Q0.9,20.0,100,0.9,extrapolated,1.9249,1.8743603280356447,source_quality_interaction
N20_D0100_Q0.95,20.0,100,0.95,extrapolated,2.0146,1.9714002135343336,source_quality_interaction
N20_D0100_Q1.0,20.0,100,1.0,extrapolated,2.1626,2.068308479550846,source_quality_interaction
N20_D0150_Q0.05,20.0,150,0.05,extrapolated,0.5,0.23548933773102965,source_quality_interaction
N20_D0150_Q0.1,20.0,150,0.1,extrapolated,0.5,0.3300975277657714,source_quality_interaction
N20_D0150_Q0.2,20.0,150,0.2,extrapolated,0.5,0.5192982394588106,source_quality_interaction
N20_D0150_Q0.3,20.0,150,0.3,extrapolated,0.5609,0.7084758327876388,source_quality_interaction
N20_D0150_Q0.4,20.0,150,0.4,extrapolated,0.7726,0.8976269536657924,source_quality_interaction
N20_D0150_Q0.5,20.0,150,0.5,extrapolated,1.0014,1.0867471106400415,source_quality_interaction
N20_D0150_Q0.6,20.0,150,0.6,extrapolated,1.2131,1.2758299750476356,source_quality_interaction
N20_D0150_Q0.7,20.0,150,0.7,extrapolated,1.4349,1.46486595196406,source_quality_interaction
N20_D0150_Q0.8,20.0,150,0.8,extrapolated,1.6867,1.6538387130039758,source_quality_interaction
N20_D0150_Q0.9,20.0,150,0.9,extrapolated,1.9415,1.8427137612506508,source_quality_interaction
N20_D0150_Q0.95,20.0,150,0.95,extrapolated,1.9787,1.9370862448803619,source_quality_interaction
N20_D0150_Q1.0,20.0,150,1.0,extrapolated,2.202,2.031327109027897,source_quality_interaction
N20_D0500_Q0.05,20.0,500,0.05,extrapolated,0.5,0.29775944625195816,source_quality_interaction
N20_D0500_Q0.1,20.0,500,0.1,extrapolated,0.5,0.3844471537489009,source_quality_interaction
N20_D0500_Q0.2,20.0,500,0.2,extrapolated,0.5,0.5578069003663415,source_quality_interaction
N20_D0500_Q0.3,20.0,500,0.3,extrapolated,0.5267,0.7311435286195715,source_quality_interaction
N20_D0500_Q0.4,20.0,500,0.4,extrapolated,0.7311,0.9044536844221263,source_quality_interaction
N20_D0500_Q0.5,20.0,500,0.5,extrapolated,0.9588,1.0777328763207776,source_quality_interaction
N20_D0500_Q0.6,20.0,500,0.6,extrapolated,1.1533,1.2509747756527734,source_quality_interaction
N20_D0500_Q0.7,20.0,500,0.7,extrapolated,1.3975,1.4241697874935995,source_quality_interaction
N20_D0500_Q0.8,20.0,500,0.8,extrapolated,1.5833,1.5973015834579167,source_quality_interaction
N20_D0500_Q0.9,20.0,500,0.9,extrapolated,1.8347,1.7703356666289933,source_quality_interaction
N20_D0500_Q0.95,20.0,500,0.95,extrapolated,1.9382,1.8567876677209052,source_quality_interaction
N20_D0500_Q1.0,20.0,500,1.0,extrapolated,2.0683,1.943108049330641,source_quality_interaction
N20_D1000_Q0.05,20.0,1000,0.05,extrapolated,0.5,0.3454481375800398,source_quality_interaction
N20_D1000_Q0.1,20.0,1000,0.1,extrapolated,0.5,0.42757589146339314,source_quality_interaction
N20_D1000_Q0.2,20.0,1000,0.2,extrapolated,0.5,0.591815730853654,source_quality_interaction
N20_D1000_Q0.3,20.0,1000,0.3,extrapolated,0.5122,0.7560324518797048,source_quality_interaction
N20_D1000_Q0.4,20.0,1000,0.4,extrapolated,0.7145,0.9202227004550805,source_quality_interaction
N20_D1000_Q0.5,20.0,1000,0.5,extrapolated,0.9421,1.0843819851265524,source_quality_interaction
N20_D1000_Q0.6,20.0,1000,0.6,extrapolated,1.156,1.2485039772313682,source_quality_interaction
N20_D1000_Q0.7,20.0,1000,0.7,extrapolated,1.3503,1.4125790818450155,source_quality_interaction
N20_D1000_Q0.8,20.0,1000,0.8,extrapolated,1.5928,1.5765909705821528,source_quality_interaction
N20_D1000_Q0.9,20.0,1000,0.9,extrapolated,1.8254,1.7405051465260504,source_quality_interaction
N20_D1000_Q0.95,20.0,1000,0.95,extrapolated,1.8833,1.8223971940043722,source_quality_interaction
N20_D1000_Q1.0,20.0,1000,1.0,extrapolated,1.9818,1.9041576220005183,source_quality_interaction
N20_D2000_Q0.05,20.0,2000,0.05,extrapolated,0.5,0.3999108224346615,source_quality_interaction
N20_D2000_Q0.1,20.0,2000,0.1,extrapolated,0.5,0.4774786227044254,source_quality_interaction
N20_D2000_Q0.2,20.0,2000,0.2,extrapolated,0.5,0.6325985548675066,source_quality_interaction
N20_D2000_Q0.3,20.0,2000,0.3,extrapolated,0.5,0.7876953686663779,source_quality_interaction
N20_D2000_Q0.4,20.0,2000,0.4,extrapolated,0.7172,0.9427657100145743,source_quality_interaction
N20_D2000_Q0.5,20.0,2000,0.5,extrapolated,0.9179,1.0978050874588667,source_quality_interaction
N20_D2000_Q0.6,20.0,2000,0.6,extrapolated,1.1399,1.2528071723365033,source_quality_interaction
N20_D2000_Q0.7,20.0,2000,0.7,extrapolated,1.352,1.407762369722971,source_quality_interaction
N20_D2000_Q0.8,20.0,2000,0.8,extrapolated,1.5389,1.5626543512329292,source_quality_interaction
N20_D2000_Q0.9,20.0,2000,0.9,extrapolated,1.7931,1.7174486199496473,source_quality_interaction
N20_D2000_Q0.95,20.0,2000,0.95,extrapolated,1.8594,1.7947807138143796,source_quality_interaction
N20_D2000_Q1.0,20.0,2000,1.0,extrapolated,1.9584,1.871981188196936,source_quality_interaction
N40_D0005_Q0.05,40.0,5,0.05,extrapolated,0.5,0.2795114008385453,source_quality_interaction
N40_D0005_Q0.1,40.0,5,0.1,extrapolated,0.5,0.39505383935867266,source_quality_interaction
N40_D0005_Q0.2,40.0,5,0.2,extrapolated,0.5,0.6261247129443883,source_quality_interaction
N40_D0005_Q0.3,40.0,5,0.3,extrapolated,0.5852,0.857174924723608,source_quality_interaction
N40_D0005_Q0.4,40.0,5,0.4,extrapolated,0.867,1.0882014770151422,source_quality_interaction
N40_D0005_Q0.5,40.0,5,0.5,extrapolated,1.1797,1.3192003556276484,source_quality_interaction
N40_D0005_Q0.6,40.0,5,0.6,extrapolated,1.4673,1.550165904382169,source_quality_interaction
N40_D0005_Q0.7,40.0,5,0.7,extrapolated,1.664,1.7810895479110078,source_quality_interaction
N40_D0005_Q0.8,40.0,5,0.8,extrapolated,2.0255,2.011956692883286,source_quality_interaction
N40_D0005_Q0.9,40.0,5,0.9,extrapolated,2.2617,2.242736508025142,source_quality_interaction
N40_D0005_Q0.95,40.0,5,0.95,extrapolated,2.4282,2.358068286306233,source_quality_interaction
N40_D0005_Q1.0,40.0,5,1.0,extrapolated,2.5961,2.4732824309932213,source_quality_interaction
N40_D0020_Q0.05,40.0,20,0.05,extrapolated,0.5,0.1975060416086647,source_quality_interaction
N40_D0020_Q0.1,40.0,20,0.1,extrapolated,0.5,0.30392857290161235,source_quality_interaction
N40_D0020_Q0.2,40.0,20,0.2,extrapolated,0.5,0.516759632032969,source_quality_interaction
N40_D0020_Q0.3,40.0,20,0.3,extrapolated,0.5362,0.7295700293578302,source_quality_interaction
N40_D0020_Q0.4,40.0,20,0.4,extrapolated,0.7886,0.9423567671950055,source_quality_interaction
N40_D0020_Q0.5,40.0,20,0.5,extrapolated,1.0198,1.1551158313531529,source_quality_interaction
N40_D0020_Q0.6,40.0,20,0.6,extrapolated,1.3092,1.3678415656533145,source_quality_interaction
N40_D0020_Q0.7,40.0,20,0.7,extrapolated,1.562,1.5805253947277946,source_quality_interaction
N40_D0020_Q0.8,40.0,20,0.8,extrapolated,1.7885,1.793152725245714,source_quality_interaction
N40_D0020_Q0.9,40.0,20,0.9,extrapolated,2.0261,2.0056927259332107,source_quality_interaction
N40_D0020_Q0.95,40.0,20,0.95,extrapolated,2.1982,2.111904596987123,source_quality_interaction
N40_D0020_Q1.0,40.0,20,1.0,extrapolated,2.3679,2.2179988344469317,source_quality_interaction
N40_D0050_Q0.05,40.0,50,0.05,extrapolated,0.5,0.19001645362559083,source_quality_interaction
N40_D0050_Q0.1,40.0,50,0.1,extrapolated,0.5,0.29041105412535106,source_quality_interaction
N40_D0050_Q0.2,40.0,50,0.2,extrapolated,0.5,0.49118625167033336,source_quality_interaction
N40_D0050_Q0.3,40.0,50,0.3,extrapolated,0.5011,0.6919407874088195,source_quality_interaction
N40_D0050_Q0.4,40.0,50,0.4,extrapolated,0.7348,0.8926716636596201,source_quality_interaction
N40_D0050_Q0.5,40.0,50,0.5,extrapolated,1.0179,1.0933748662313927,source_quality_interaction
N40_D0050_Q0.6,40.0,50,0.6,extrapolated,1.2307,1.29404473894518,source_quality_interaction
N40_D0050_Q0.7,40.0,50,0.7,extrapolated,1.4863,1.494672706433285,source_quality_interaction
N40_D0050_Q0.8,40.0,50,0.8,extrapolated,1.6999,1.6952441753648295,source_quality_interaction
N40_D0050_Q0.9,40.0,50,0.9,extrapolated,1.9707,1.8957283144659516,source_quality_interaction
N40_D0050_Q0.95,40.0,50,0.95,extrapolated,2.0827,1.9959122547266763,source_quality_interaction
N40_D0050_Q1.0,40.0,50,1.0,extrapolated,2.262,2.0959785613932977,source_quality_interaction
N40_D0100_Q0.05,40.0,100,0.05,extrapolated,0.5,0.20294284459549017,source_quality_interaction
N40_D0100_Q0.1,40.0,100,0.1,extrapolated,0.5,0.29877749148166055,source_quality_interaction
N40_D0100_Q0.2,40.0,100,0.2,extrapolated,0.5,0.4904327817994636,source_quality_interaction
N40_D0100_Q0.3,40.0,100,0.3,extrapolated,0.5,0.6820674103107702,source_quality_interaction
N40_D0100_Q0.4,40.0,100,0.4,extrapolated,0.7481,0.8736783793343914,source_quality_interaction
N40_D0100_Q0.5,40.0,100,0.5,extrapolated,0.9344,1.0652616746789847,source_quality_interaction
N40_D0100_Q0.6,40.0,100,0.6,extrapolated,1.1814,1.2568116401655922,source_quality_interaction
N40_D0100_Q0.7,40.0,100,0.7,extrapolated,1.417,1.448319700426518,source_quality_interaction
N40_D0100_Q0.8,40.0,100,0.8,extrapolated,1.6703,1.6397712621308833,source_quality_interaction
N40_D0100_Q0.9,40.0,100,0.9,extrapolated,1.9207,1.831135494004826,source_quality_interaction
N40_D0100_Q0.95,40.0,100,0.95,extrapolated,2.0172,1.9267594806519608,source_quality_interaction
N40_D0100_Q1.0,40.0,100,1.0,extrapolated,2.1214,2.0222658337049926,source_quality_interaction
N40_D0150_Q0.05,40.0,150,0.05,extrapolated,0.5,0.21664210958312058,source_quality_interaction
N40_D0150_Q0.1,40.0,150,0.1,extrapolated,0.5,0.3098093546003131,source_quality_interaction
N40_D0150_Q0.2,40.0,150,0.2,extrapolated,0.5,0.49612984118016024,source_quality_interaction
N40_D0150_Q0.3,40.0,150,0.3,extrapolated,0.5,0.6824296659535112,source_quality_interaction
N40_D0150_Q0.4,40.0,150,0.4,extrapolated,0.7164,0.8687058312391764,source_quality_interaction
N40_D0150_Q0.5,40.0,150,0.5,extrapolated,0.9445,1.0549543228458138,source_quality_interaction
N40_D0150_Q0.6,40.0,150,0.6,extrapolated,1.2004,1.2411694845944656,source_quality_interaction
N40_D0150_Q0.7,40.0,150,0.7,extrapolated,1.4026,1.4273427411174355,source_quality_interaction
N40_D0150_Q0.8,40.0,150,0.8,extrapolated,1.6463,1.6134594990838451,source_quality_interaction
N40_D0150_Q0.9,40.0,150,0.9,extrapolated,1.8339,1.799488927219832,source_quality_interaction
N40_D0150_Q0.95,40.0,150,0.95,extrapolated,1.9979,1.892445511997989,source_quality_interaction
N40_D0150_Q1.0,40.0,150,1.0,extrapolated,2.0917,1.985284463182043,source_quality_interaction
N40_D0500_Q0.05,40.0,500,0.05,extrapolated,0.5,0.2789122181040491,source_quality_interaction
N40_D0500_Q0.1,40.0,500,0.1,extrapolated,0.5,0.36415898058344265,source_quality_interaction
N40_D0500_Q0.2,40.0,500,0.2,extrapolated,0.5,0.5346385020876911,source_quality_interaction
N40_D0500_Q0.3,40.0,500,0.3,extrapolated,0.5,0.7050973617854437,source_quality_interaction
N40_D0500_Q0.4,40.0,500,0.4,extrapolated,0.7035,0.8755325619955108,source_quality_interaction
N40_D0500_Q0.5,40.0,500,0.5,extrapolated,0.8866,1.0459400885265497,source_quality_interaction
N40_D0500_Q0.6,40.0,500,0.6,extrapolated,1.1238,1.2163142851996034,source_quality_interaction
N40_D0500_Q0.7,40.0,500,0.7,extrapolated,1.351,1.3866465766469749,source_quality_interaction
N40_D0500_Q0.8,40.0,500,0.8,extrapolated,1.5771,1.5569223695377858,source_quality_interaction
N40_D0500_Q0.9,40.0,500,0.9,extrapolated,1.7729,1.7271108325981746,source_quality_interaction
N40_D0500_Q0.95,40.0,500,0.95,extrapolated,1.8226,1.8121469348385324,source_quality_interaction
N40_D0500_Q1.0,40.0,500,1.0,extrapolated,2.0298,1.8970654034847871,source_quality_interaction
N40_D1000_Q0.05,40.0,1000,0.05,extrapolated,0.5,0.3266009094321307,source_quality_interaction
N40_D1000_Q0.1,40.0,1000,0.1,extrapolated,0.5,0.40728771829793464,source_quality_interaction
N40_D1000_Q0.2,40.0,1000,0.2,extrapolated,0.5,0.5686473325750039,source_quality_interaction
N40_D1000_Q0.3,40.0,1000,0.3,extrapolated,0.5,0.7299862850455769,source_quality_interaction
N40_D1000_Q0.4,40.0,1000,0.4,extrapolated,0.6682,0.891301578028465,source_quality_interaction
N40_D1000_Q0.5,40.0,1000,0.5,extrapolated,0.8929,1.0525891973323247,source_quality_interaction
N40_D1000_Q0.6,40.0,1000,0.6,extrapolated,1.1087,1.2138434867781982,source_quality_interaction
N40_D1000_Q0.7,40.0,1000,0.7,extrapolated,1.3121,1.3750558709983904,source_quality_interaction
N40_D1000_Q0.8,40.0,1000,0.8,extrapolated,1.5165,1.5362117566620221,source_quality_interaction
N40_D1000_Q0.9,40.0,1000,0.9,extrapolated,1.7375,1.6972803124952316,source_quality_interaction
N40_D1000_Q0.95,40.0,1000,0.95,extrapolated,1.8219,1.7777564611219996,source_quality_interaction
N40_D1000_Q1.0,40.0,1000,1.0,extrapolated,1.9394,1.8581149761546645,source_quality_interaction
N40_D2000_Q0.05,40.0,2000,0.05,extrapolated,0.5,0.3810635942867524,source_quality_interaction
N40_D2000_Q0.1,40.0,2000,0.1,extrapolated,0.5,0.45719044953896715,source_quality_interaction
N40_D2000_Q0.2,40.0,2000,0.2,extrapolated,0.5,0.6094301565888565,source_quality_interaction
N40_D2000_Q0.3,40.0,2000,0.3,extrapolated,0.5,0.76164920183225,source_quality_interaction
N40_D2000_Q0.4,40.0,2000,0.4,extrapolated,0.6377,0.9138445875879588,source_quality_interaction
N40_D2000_Q0.5,40.0,2000,0.5,extrapolated,0.8589,1.066012299664639,source_quality_interaction
N40_D2000_Q0.6,40.0,2000,0.6,extrapolated,1.0771,1.2181466818833333,source_quality_interaction
N40_D2000_Q0.7,40.0,2000,0.7,extrapolated,1.3187,1.370239158876346,source_quality_interaction
N40_D2000_Q0.8,40.0,2000,0.8,extrapolated,1.5044,1.5222751373127985,source_quality_interaction
N40_D2000_Q0.9,40.0,2000,0.9,extrapolated,1.7336,1.6742237859188287,source_quality_interaction
N40_D2000_Q0.95,40.0,2000,0.95,extrapolated,1.7276,1.7501399809320068,source_quality_interaction
N40_D2000_Q1.0,40.0,2000,1.0,extrapolated,1.9275,1.825938542351082,source_quality_interaction
N70_D0005_Q0.05,70.0,5,0.05,extrapolated,0.5,0.2701965172277059,source_quality_interaction
N70_D0005_Q0.1,70.0,5,0.1,extrapolated,0.5,0.3844852347746941,source_quality_interaction
N70_D0005_Q0.2,70.0,5,0.2,extrapolated,0.5,0.613049880612138,source_quality_interaction
N70_D0005_Q0.3,70.0,5,0.3,extrapolated,0.5039,0.841595656167039,source_quality_interaction
N70_D0005_Q0.4,70.0,5,0.4,extrapolated,0.8232,1.0701198236782525,source_quality_interaction
N70_D0005_Q0.5,70.0,5,0.5,extrapolated,1.1008,1.2986187170130592,source_quality_interaction
N70_D0005_Q0.6,70.0,5,0.6,extrapolated,1.4166,1.5270871704230018,source_quality_interaction
N70_D0005_Q0.7,70.0,5,0.7,extrapolated,1.6785,1.7555173520850806,source_quality_interaction
N70_D0005_Q0.8,70.0,5,0.8,extrapolated,2.0006,1.9838959340128497,source_quality_interaction
N70_D0005_Q0.9,70.0,5,0.9,extrapolated,2.2782,2.2121947582207513,source_quality_interaction
N70_D0005_Q0.95,70.0,5,0.95,extrapolated,2.4175,2.326291081253161,source_quality_interaction
N70_D0005_Q1.0,70.0,5,1.0,extrapolated,2.6033,2.440279970351483,source_quality_interaction
N70_D0020_Q0.05,70.0,20,0.05,extrapolated,0.5,0.18819115799782526,source_quality_interaction
N70_D0020_Q0.1,70.0,20,0.1,extrapolated,0.5,0.2933599683176342,source_quality_interaction
N70_D0020_Q0.2,70.0,20,0.2,extrapolated,0.5,0.5036847997007192,source_quality_interaction
N70_D0020_Q0.3,70.0,20,0.3,extrapolated,0.5,0.7139907608012614,source_quality_interaction
N70_D0020_Q0.4,70.0,20,0.4,extrapolated,0.7217,0.924275113858116,source_quality_interaction
N70_D0020_Q0.5,70.0,20,0.5,extrapolated,0.9839,1.1345341927385642,source_quality_interaction
N70_D0020_Q0.6,70.0,20,0.6,extrapolated,1.2611,1.3447628316941478,source_quality_interaction
N70_D0020_Q0.7,70.0,20,0.7,extrapolated,1.5062,1.5549531989018677,source_quality_interaction
N70_D0020_Q0.8,70.0,20,0.8,extrapolated,1.7756,1.7650919663752782,source_quality_interaction
N70_D0020_Q0.9,70.0,20,0.9,extrapolated,2.0434,1.9751509761288206,source_quality_interaction
N70_D0020_Q0.95,70.0,20,0.95,extrapolated,2.1901,2.0801273919340515,source_quality_interaction
N70_D0020_Q1.0,70.0,20,1.0,extrapolated,2.3369,2.184996373805194,source_quality_interaction
N70_D0050_Q0.05,70.0,50,0.05,extrapolated,0.5,0.1807015700147514,source_quality_interaction
N70_D0050_Q0.1,70.0,50,0.1,extrapolated,0.5,0.27984244954137294,source_quality_interaction
N70_D0050_Q0.2,70.0,50,0.2,extrapolated,0.5,0.4781114193380831,source_quality_interaction
N70_D0050_Q0.3,70.0,50,0.3,extrapolated,0.5,0.6763615188522505,source_quality_interaction
N70_D0050_Q0.4,70.0,50,0.4,extrapolated,0.7053,0.8745900103227304,source_quality_interaction
N70_D0050_Q0.5,70.0,50,0.5,extrapolated,0.9448,1.0727932276168035,source_quality_interaction
N70_D0050_Q0.6,70.0,50,0.6,extrapolated,1.1924,1.2709660049860125,source_quality_interaction
N70_D0050_Q0.7,70.0,50,0.7,extrapolated,1.4475,1.4691005106073578,source_quality_interaction
N70_D0050_Q0.8,70.0,50,0.8,extrapolated,1.6973,1.6671834164943933,source_quality_interaction
N70_D0050_Q0.9,70.0,50,0.9,extrapolated,1.9752,1.865186564661561,source_quality_interaction
N70_D0050_Q0.95,70.0,50,0.95,extrapolated,2.1097,1.9641350496736045,source_quality_interaction
N70_D0050_Q1.0,70.0,50,1.0,extrapolated,2.2162,2.06297610075156,source_quality_interaction
N70_D0100_Q0.05,70.0,100,0.05,extrapolated,0.5,0.19362796098465074,source_quality_interaction
N70_D0100_Q0.1,70.0,100,0.1,extrapolated,0.5,0.28820888689768287,source_quality_interaction
N70_D0100_Q0.2,70.0,100,0.2,extrapolated,0.5,0.47735794946721377,source_quality_interaction
N70_D0100_Q0.3,70.0,100,0.3,extrapolated,0.5,0.6664881417542017,source_quality_interaction
N70_D0100_Q0.4,70.0,100,0.4,extrapolated,0.6765,0.8555967259975021,source_quality_interaction
N70_D0100_Q0.5,70.0,100,0.5,extrapolated,0.9072,1.044680036064396,source_quality_interaction
N70_D0100_Q0.6,70.0,100,0.6,extrapolated,1.1486,1.2337329062064255,source_quality_interaction
N70_D0100_Q0.7,70.0,100,0.7,extrapolated,1.3726,1.4227475046005913,source_quality_interaction
N70_D0100_Q0.8,70.0,100,0.8,extrapolated,1.6395,1.6117105032604475,source_quality_interaction
N70_D0100_Q0.9,70.0,100,0.9,extrapolated,1.905,1.8005937442004358,source_quality_interaction
N70_D0100_Q0.95,70.0,100,0.95,extrapolated,1.9747,1.8949822755988894,source_quality_interaction
N70_D0100_Q1.0,70.0,100,1.0,extrapolated,2.1223,1.989263373063255,source_quality_interaction
N70_D0150_Q0.05,70.0,150,0.05,extrapolated,0.5,0.20732722597228115,source_quality_interaction
N70_D0150_Q0.1,70.0,150,0.1,extrapolated,0.5,0.29924075001633543,source_quality_interaction
N70_D0150_Q0.2,70.0,150,0.2,extrapolated,0.5,0.4830550088479104,source_quality_interaction
N70_D0150_Q0.3,70.0,150,0.3,extrapolated,0.5,0.6668503973969426,source_quality_interaction
N70_D0150_Q0.4,70.0,150,0.4,extrapolated,0.6507,0.8506241779022872,source_quality_interaction
N70_D0150_Q0.5,70.0,150,0.5,extrapolated,0.8903,1.034372684231225,source_quality_interaction
N70_D0150_Q0.6,70.0,150,0.6,extrapolated,1.1506,1.218090750635299,source_quality_interaction
N70_D0150_Q0.7,70.0,150,0.7,extrapolated,1.3601,1.4017705452915088,source_quality_interaction
N70_D0150_Q0.8,70.0,150,0.8,extrapolated,1.5779,1.5853987402134093,source_quality_interaction
N70_D0150_Q0.9,70.0,150,0.9,extrapolated,1.8604,1.768947177415442,source_quality_interaction
N70_D0150_Q0.95,70.0,150,0.95,extrapolated,1.9377,1.8606683069449177,source_quality_interaction
N70_D0150_Q1.0,70.0,150,1.0,extrapolated,2.0817,1.9522820025403054,source_quality_interaction
N70_D0500_Q0.05,70.0,500,0.05,extrapolated,0.5,0.26959733449320966,source_quality_interaction
N70_D0500_Q0.1,70.0,500,0.1,extrapolated,0.5,0.3535903759994645,source_quality_interaction
N70_D0500_Q0.2,70.0,500,0.2,extrapolated,0.5,0.5215636697554413,source_quality_interaction
N70_D0500_Q0.3,70.0,500,0.3,extrapolated,0.5,0.6895180932288751,source_quality_interaction
N70_D0500_Q0.4,70.0,500,0.4,extrapolated,0.6398,0.8574509086586215,source_quality_interaction
N70_D0500_Q0.5,70.0,500,0.5,extrapolated,0.8696,1.025358449911961,source_quality_interaction
N70_D0500_Q0.6,70.0,500,0.6,extrapolated,1.0654,1.1932355512404365,source_quality_interaction
N70_D0500_Q0.7,70.0,500,0.7,extrapolated,1.3269,1.3610743808210477,source_quality_interaction
N70_D0500_Q0.8,70.0,500,0.8,extrapolated,1.552,1.5288616106673496,source_quality_interaction
N70_D0500_Q0.9,70.0,500,0.9,extrapolated,1.7856,1.696569082793784,source_quality_interaction
N70_D0500_Q0.95,70.0,500,0.95,extrapolated,1.8785,1.7803697297854606,source_quality_interaction
N70_D0500_Q1.0,70.0,500,1.0,extrapolated,2.0232,1.8640629428430493,source_quality_interaction
N70_D1000_Q0.05,70.0,1000,0.05,extrapolated,0.5,0.3172860258212915,source_quality_interaction
N70_D1000_Q0.1,70.0,1000,0.1,extrapolated,0.5,0.39671911371395674,source_quality_interaction
N70_D1000_Q0.2,70.0,1000,0.2,extrapolated,0.5,0.5555725002427541,source_quality_interaction
N70_D1000_Q0.3,70.0,1000,0.3,extrapolated,0.5,0.7144070164890084,source_quality_interaction
N70_D1000_Q0.4,70.0,1000,0.4,extrapolated,0.6331,0.8732199246915753,source_quality_interaction
N70_D1000_Q0.5,70.0,1000,0.5,extrapolated,0.8268,1.0320075587177355,source_quality_interaction
N70_D1000_Q0.6,70.0,1000,0.6,extrapolated,1.0717,1.1907647528190315,source_quality_interaction
N70_D1000_Q0.7,70.0,1000,0.7,extrapolated,1.3056,1.3494836751724637,source_quality_interaction
N70_D1000_Q0.8,70.0,1000,0.8,extrapolated,1.5113,1.5081509977915863,source_quality_interaction
N70_D1000_Q0.9,70.0,1000,0.9,extrapolated,1.7324,1.6667385626908409,source_quality_interaction
N70_D1000_Q0.95,70.0,1000,0.95,extrapolated,1.8305,1.745979256068928,source_quality_interaction
N70_D1000_Q1.0,70.0,1000,1.0,extrapolated,1.9314,1.8251125155129266,source_quality_interaction
N70_D2000_Q0.05,70.0,2000,0.05,extrapolated,0.5,0.3717487106759134,source_quality_interaction
N70_D2000_Q0.1,70.0,2000,0.1,extrapolated,0.5,0.446621844954989,source_quality_interaction
N70_D2000_Q0.2,70.0,2000,0.2,extrapolated,0.5,0.5963553242566066,source_quality_interaction
N70_D2000_Q0.3,70.0,2000,0.3,extrapolated,0.5,0.7460699332756815,source_quality_interaction
N70_D2000_Q0.4,70.0,2000,0.4,extrapolated,0.6095,0.8957629342510691,source_quality_interaction
N70_D2000_Q0.5,70.0,2000,0.5,extrapolated,0.8205,1.04543066105005,source_quality_interaction
N70_D2000_Q0.6,70.0,2000,0.6,extrapolated,1.0279,1.1950679479241666,source_quality_interaction
N70_D2000_Q0.7,70.0,2000,0.7,extrapolated,1.2745,1.3446669630504193,source_quality_interaction
N70_D2000_Q0.8,70.0,2000,0.8,extrapolated,1.4713,1.4942143784423625,source_quality_interaction
N70_D2000_Q0.9,70.0,2000,0.9,extrapolated,1.7312,1.6436820361144378,source_quality_interaction
N70_D2000_Q0.95,70.0,2000,0.95,extrapolated,1.7959,1.7183627758789353,source_quality_interaction
N70_D2000_Q1.0,70.0,2000,1.0,extrapolated,1.9285,1.7929360817093443,source_quality_interaction
N120_D0005_Q0.05,120.0,5,0.05,extrapolated,0.5,0.2654244569070583,source_quality_interaction
N120_D0005_Q0.1,120.0,5,0.1,extrapolated,0.5,0.3784363759780627,source_quality_interaction
N120_D0005_Q0.2,120.0,5,0.2,extrapolated,0.5,0.6044484946830586,source_quality_interaction
N120_D0005_Q0.3,120.0,5,0.3,extrapolated,0.5,0.830443321602008,source_quality_interaction
N120_D0005_Q0.4,120.0,5,0.4,extrapolated,0.759,1.0564183479871032,source_quality_interaction
N120_D0005_Q0.5,120.0,5,0.5,extrapolated,1.0383,1.282370214377114,source_quality_interaction
N120_D0005_Q0.6,120.0,5,0.6,extrapolated,1.3529,1.508294187137719,source_quality_interaction
N120_D0005_Q0.7,120.0,5,0.7,extrapolated,1.6294,1.7341830895768182,source_quality_interaction
N120_D0005_Q0.8,120.0,5,0.8,extrapolated,1.8929,1.9600247085921683,source_quality_interaction
N120_D0005_Q0.9,120.0,5,0.9,extrapolated,2.2776,2.185793241609765,source_quality_interaction
N120_D0005_Q0.95,120.0,5,0.95,extrapolated,2.3327,2.2986288599404343,source_quality_interaction
N120_D0005_Q1.0,120.0,5,1.0,extrapolated,2.5753,2.411366031170581,source_quality_interaction
N120_D0020_Q0.05,120.0,20,0.05,extrapolated,0.5,0.18341909767717812,source_quality_interaction
N120_D0020_Q0.1,120.0,20,0.1,extrapolated,0.5,0.2873111095210028,source_quality_interaction
N120_D0020_Q0.2,120.0,20,0.2,extrapolated,0.5,0.4950834137716398,source_quality_interaction
N120_D0020_Q0.3,120.0,20,0.3,extrapolated,0.5,0.7028384262362306,source_quality_interaction
N120_D0020_Q0.4,120.0,20,0.4,extrapolated,0.686,0.9105736381669667,source_quality_interaction
N120_D0020_Q0.5,120.0,20,0.5,extrapolated,0.9324,1.1182856901026188,source_quality_interaction
N120_D0020_Q0.6,120.0,20,0.6,extrapolated,1.2186,1.325969848408865,source_quality_interaction
N120_D0020_Q0.7,120.0,20,0.7,extrapolated,1.4699,1.5336189363936052,source_quality_interaction
N120_D0020_Q0.8,120.0,20,0.8,extrapolated,1.7489,1.7412207409545966,source_quality_interaction
N120_D0020_Q0.9,120.0,20,0.9,extrapolated,2.0566,1.9487494595178347,source_quality_interaction
N120_D0020_Q0.95,120.0,20,0.95,extrapolated,2.1247,2.0524651706213244,source_quality_interaction
N120_D0020_Q1.0,120.0,20,1.0,extrapolated,2.2493,2.1560824346242913,source_quality_interaction
N120_D0050_Q0.05,120.0,50,0.05,extrapolated,0.5,0.17592950969410381,source_quality_interaction
N120_D0050_Q0.1,120.0,50,0.1,extrapolated,0.5,0.2737935907447415,source_quality_interaction
N120_D0050_Q0.2,120.0,50,0.2,extrapolated,0.5,0.46951003340900366,source_quality_interaction
N120_D0050_Q0.3,120.0,50,0.3,extrapolated,0.5,0.6652091842872196,source_quality_interaction
N120_D0050_Q0.4,120.0,50,0.4,extrapolated,0.6689,0.8608885346315809,source_quality_interaction
N120_D0050_Q0.5,120.0,50,0.5,extrapolated,0.9237,1.0565447249808584,source_quality_interaction
N120_D0050_Q0.6,120.0,50,0.6,extrapolated,1.1614,1.2521730217007296,source_quality_interaction
N120_D0050_Q0.7,120.0,50,0.7,extrapolated,1.3938,1.4477662480990952,source_quality_interaction
N120_D0050_Q0.8,120.0,50,0.8,extrapolated,1.682,1.6433121910737118,source_quality_interaction
N120_D0050_Q0.9,120.0,50,0.9,extrapolated,1.9395,1.8387850480505752,source_quality_interaction
N120_D0050_Q0.95,120.0,50,0.95,extrapolated,2.0853,1.9364728283608779,source_quality_interaction
N120_D0050_Q1.0,120.0,50,1.0,extrapolated,2.2004,2.0340621615706573,source_quality_interaction
N120_D0100_Q0.05,120.0,100,0.05,extrapolated,0.5,0.1888559006640036,source_quality_interaction
N120_D0100_Q0.1,120.0,100,0.1,extrapolated,0.5,0.28216002810105145,source_quality_interaction
N120_D0100_Q0.2,120.0,100,0.2,extrapolated,0.5,0.4687565635381341,source_quality_interaction
N120_D0100_Q0.3,120.0,100,0.3,extrapolated,0.5,0.6553358071891708,source_quality_interaction
N120_D0100_Q0.4,120.0,100,0.4,extrapolated,0.6206,0.8418952503063528,source_quality_interaction
N120_D0100_Q0.5,120.0,100,0.5,extrapolated,0.8829,1.0284315334284506,source_quality_interaction
N120_D0100_Q0.6,120.0,100,0.6,extrapolated,1.1099,1.2149399229211426,source_quality_interaction
N120_D0100_Q0.7,120.0,100,0.7,extrapolated,1.3531,1.4014132420923286,source_quality_interaction
N120_D0100_Q0.8,120.0,100,0.8,extrapolated,1.5774,1.5878392778397659,source_quality_interaction
N120_D0100_Q0.9,120.0,100,0.9,extrapolated,1.8321,1.7741922275894497,source_quality_interaction
N120_D0100_Q0.95,120.0,100,0.95,extrapolated,1.9432,1.8673200542861625,source_quality_interaction
N120_D0100_Q1.0,120.0,100,1.0,extrapolated,2.1521,1.9603494338823524,source_quality_interaction
N120_D0150_Q0.05,120.0,150,0.05,extrapolated,0.5,0.202555165651634,source_quality_interaction
N120_D0150_Q0.1,120.0,150,0.1,extrapolated,0.5,0.293191891219704,source_quality_interaction
N120_D0150_Q0.2,120.0,150,0.2,extrapolated,0.5,0.47445362291883075,source_quality_interaction
N120_D0150_Q0.3,120.0,150,0.3,extrapolated,0.5,0.6556980628319116,source_quality_interaction
N120_D0150_Q0.4,120.0,150,0.4,extrapolated,0.6188,0.8369227022111376,source_quality_interaction
N120_D0150_Q0.5,120.0,150,0.5,extrapolated,0.8572,1.0181241815952797,source_quality_interaction
N120_D0150_Q0.6,120.0,150,0.6,extrapolated,1.0887,1.199297767350016,source_quality_interaction
N120_D0150_Q0.7,120.0,150,0.7,extrapolated,1.3605,1.3804362827832464,source_quality_interaction
N120_D0150_Q0.8,120.0,150,0.8,extrapolated,1.5564,1.5615275147927277,source_quality_interaction
N120_D0150_Q0.9,120.0,150,0.9,extrapolated,1.8816,1.7425456608044558,source_quality_interaction
N120_D0150_Q0.95,120.0,150,0.95,extrapolated,1.9557,1.8330060856321908,source_quality_interaction
N120_D0150_Q1.0,120.0,150,1.0,extrapolated,2.0881,1.9233680633594026,source_quality_interaction
N120_D0500_Q0.05,120.0,500,0.05,extrapolated,0.5,0.2648252741725625,source_quality_interaction
N120_D0500_Q0.1,120.0,500,0.1,extrapolated,0.5,0.34754151720283266,source_quality_interaction
N120_D0500_Q0.2,120.0,500,0.2,extrapolated,0.5,0.5129622838263619,source_quality_interaction
N120_D0500_Q0.3,120.0,500,0.3,extrapolated,0.5,0.6783657586638439,source_quality_interaction
N120_D0500_Q0.4,120.0,500,0.4,extrapolated,0.5807,0.8437494329674717,source_quality_interaction
N120_D0500_Q0.5,120.0,500,0.5,extrapolated,0.8175,1.0091099472760154,source_quality_interaction
N120_D0500_Q0.6,120.0,500,0.6,extrapolated,1.0547,1.1744425679551538,source_quality_interaction
N120_D0500_Q0.7,120.0,500,0.7,extrapolated,1.2832,1.3397401183127857,source_quality_interaction
N120_D0500_Q0.8,120.0,500,0.8,extrapolated,1.5164,1.5049903852466682,source_quality_interaction
N120_D0500_Q0.9,120.0,500,0.9,extrapolated,1.7304,1.6701675661827982,source_quality_interaction
N120_D0500_Q0.95,120.0,500,0.95,extrapolated,1.8749,1.752707508472734,source_quality_interaction
N120_D0500_Q1.0,120.0,500,1.0,extrapolated,2.0294,1.8351490036621465,source_quality_interaction
N120_D1000_Q0.05,120.0,1000,0.05,extrapolated,0.5,0.31251396550064414,source_quality_interaction
N120_D1000_Q0.1,120.0,1000,0.1,extrapolated,0.5,0.3906702549173251,source_quality_interaction
N120_D1000_Q0.2,120.0,1000,0.2,extrapolated,0.5,0.5469711143136744,source_quality_interaction
N120_D1000_Q0.3,120.0,1000,0.3,extrapolated,0.5,0.7032546819239776,source_quality_interaction
N120_D1000_Q0.4,120.0,1000,0.4,extrapolated,0.5785,0.859518449000426,source_quality_interaction
N120_D1000_Q0.5,120.0,1000,0.5,extrapolated,0.7972,1.0157590560817902,source_quality_interaction
N120_D1000_Q0.6,120.0,1000,0.6,extrapolated,1.0412,1.1719717695337486,source_quality_interaction
N120_D1000_Q0.7,120.0,1000,0.7,extrapolated,1.2562,1.3281494126642013,source_quality_interaction
N120_D1000_Q0.8,120.0,1000,0.8,extrapolated,1.485,1.4842797723709047,source_quality_interaction
N120_D1000_Q0.9,120.0,1000,0.9,extrapolated,1.7223,1.640337046079855,source_quality_interaction
N120_D1000_Q0.95,120.0,1000,0.95,extrapolated,1.8568,1.7183170347562011,source_quality_interaction
N120_D1000_Q1.0,120.0,1000,1.0,extrapolated,1.9082,1.7961985763320243,source_quality_interaction
N120_D2000_Q0.05,120.0,2000,0.05,extrapolated,0.5,0.36697665035526583,source_quality_interaction
N120_D2000_Q0.1,120.0,2000,0.1,extrapolated,0.5,0.4405729861583574,source_quality_interaction
N120_D2000_Q0.2,120.0,2000,0.2,extrapolated,0.5,0.587753938327527,source_quality_interaction
N120_D2000_Q0.3,120.0,2000,0.3,extrapolated,0.5,0.7349175987106507,source_quality_interaction
N120_D2000_Q0.4,120.0,2000,0.4,extrapolated,0.5772,0.8820614585599198,source_quality_interaction
N120_D2000_Q0.5,120.0,2000,0.5,extrapolated,0.7936,1.0291821584141043,source_quality_interaction
N120_D2000_Q0.6,120.0,2000,0.6,extrapolated,1.0107,1.176274964638884,source_quality_interaction
N120_D2000_Q0.7,120.0,2000,0.7,extrapolated,1.2063,1.323332700542157,source_quality_interaction
N120_D2000_Q0.8,120.0,2000,0.8,extrapolated,1.4677,1.4703431530216808,source_quality_interaction
N120_D2000_Q0.9,120.0,2000,0.9,extrapolated,1.6316,1.6172805195034519,source_quality_interaction
N120_D2000_Q0.95,120.0,2000,0.95,extrapolated,1.8387,1.6907005545662084,source_quality_interaction
N120_D2000_Q1.0,120.0,2000,1.0,extrapolated,1.9249,1.7640221425284417,source_quality_interaction
N300_D0005_Q0.05,300.0,5,0.05,extrapolated,0.5,0.2651534054368292,source_quality_interaction
N300_D0005_Q0.1,300.0,5,0.1,extrapolated,0.5,0.37585479799471955,source_quality_interaction
N300_D0005_Q0.2,300.0,5,0.2,extrapolated,0.5,0.5972474810154944,source_quality_interaction
N300_D0005_Q0.3,300.0,5,0.3,extrapolated,0.5,0.8186252586047784,source_quality_interaction
N300_D0005_Q0.4,300.0,5,0.4,extrapolated,0.6853,1.0399859682347423,source_quality_interaction
N300_D0005_Q0.5,300.0,5,0.5,extrapolated,0.9862,1.2613267140669167,source_quality_interaction
N300_D0005_Q0.6,300.0,5,0.6,extrapolated,1.3009,1.4826434157326303,source_quality_interaction
N300_D0005_Q0.7,300.0,5,0.7,extrapolated,1.6208,1.703929886959849,source_quality_interaction
N300_D0005_Q0.8,300.0,5,0.8,extrapolated,1.8604,1.9251756001166513,source_quality_interaction
N300_D0005_Q0.9,300.0,5,0.9,extrapolated,2.2235,2.146358313515681,source_quality_interaction
N300_D0005_Q0.95,300.0,5,0.95,extrapolated,2.4307,2.2569077357334564,source_quality_interaction
N300_D0005_Q1.0,300.0,5,1.0,extrapolated,2.478,2.367372297052057,source_quality_interaction
N300_D0020_Q0.05,300.0,20,0.05,extrapolated,0.5,0.18314804620694858,source_quality_interaction
N300_D0020_Q0.1,300.0,20,0.1,extrapolated,0.5,0.2847295315376597,source_quality_interaction
N300_D0020_Q0.2,300.0,20,0.2,extrapolated,0.5,0.4878824001040756,source_quality_interaction
N300_D0020_Q0.3,300.0,20,0.3,extrapolated,0.5,0.6910203632390011,source_quality_interaction
N300_D0020_Q0.4,300.0,20,0.4,extrapolated,0.6087,0.894141258414606,source_quality_interaction
N300_D0020_Q0.5,300.0,20,0.5,extrapolated,0.8857,1.0972421897924216,source_quality_interaction
N300_D0020_Q0.6,300.0,20,0.6,extrapolated,1.1745,1.3003190770037762,source_quality_interaction
N300_D0020_Q0.7,300.0,20,0.7,extrapolated,1.445,1.5033657337766362,source_quality_interaction
N300_D0020_Q0.8,300.0,20,0.8,extrapolated,1.7275,1.7063716324790799,source_quality_interaction
N300_D0020_Q0.9,300.0,20,0.9,extrapolated,1.993,1.909314531423751,source_quality_interaction
N300_D0020_Q0.95,300.0,20,0.95,extrapolated,2.1129,2.0107440464143465,source_quality_interaction
N300_D0020_Q1.0,300.0,20,1.0,extrapolated,2.3267,2.1120887005057676,source_quality_interaction
N300_D0050_Q0.05,300.0,50,0.05,extrapolated,0.5,0.1756584582238747,source_quality_interaction
N300_D0050_Q0.1,300.0,50,0.1,extrapolated,0.5,0.2712120127613984,source_quality_interaction
N300_D0050_Q0.2,300.0,50,0.2,extrapolated,0.5,0.46230901974143945,source_quality_interaction
N300_D0050_Q0.3,300.0,50,0.3,extrapolated,0.5,0.6533911212899901,source_quality_interaction
N300_D0050_Q0.4,300.0,50,0.4,extrapolated,0.5737,0.8444561548792202,source_quality_interaction
N300_D0050_Q0.5,300.0,50,0.5,extrapolated,0.8188,1.035501224670661,source_quality_interaction
N300_D0050_Q0.6,300.0,50,0.6,extrapolated,1.0844,1.226522250295641,source_quality_interaction
N300_D0050_Q0.7,300.0,50,0.7,extrapolated,1.3817,1.417513045482126,source_quality_interaction
N300_D0050_Q0.8,300.0,50,0.8,extrapolated,1.6524,1.608463082598195,source_quality_interaction
N300_D0050_Q0.9,300.0,50,0.9,extrapolated,1.917,1.7993501199564914,source_quality_interaction
N300_D0050_Q0.95,300.0,50,0.95,extrapolated,2.0545,1.8947517041539,source_quality_interaction
N300_D0050_Q1.0,300.0,50,1.0,extrapolated,2.1404,1.9900684274521336,source_quality_interaction
N300_D0100_Q0.05,300.0,100,0.05,extrapolated,0.5,0.18858484919377405,source_quality_interaction
N300_D0100_Q0.1,300.0,100,0.1,extrapolated,0.5,0.2795784501177083,source_quality_interaction
N300_D0100_Q0.2,300.0,100,0.2,extrapolated,0.5,0.4615555498705701,source_quality_interaction
N300_D0100_Q0.3,300.0,100,0.3,extrapolated,0.5,0.6435177441919413,source_quality_interaction
N300_D0100_Q0.4,300.0,100,0.4,extrapolated,0.5656,0.8254628705539919,source_quality_interaction
N300_D0100_Q0.5,300.0,100,0.5,extrapolated,0.7851,1.0073880331182534,source_quality_interaction
N300_D0100_Q0.6,300.0,100,0.6,extrapolated,1.0582,1.189289151516054,source_quality_interaction
N300_D0100_Q0.7,300.0,100,0.7,extrapolated,1.2974,1.3711600394753596,source_quality_interaction
N300_D0100_Q0.8,300.0,100,0.8,extrapolated,1.6239,1.5529901693642492,source_quality_interaction
N300_D0100_Q0.9,300.0,100,0.9,extrapolated,1.7981,1.734757299495366,source_quality_interaction
N300_D0100_Q0.95,300.0,100,0.95,extrapolated,1.9909,1.8255989300791846,source_quality_interaction
N300_D0100_Q1.0,300.0,100,1.0,extrapolated,2.018,1.9163556997638287,source_quality_interaction
N300_D0150_Q0.05,300.0,150,0.05,extrapolated,0.5,0.20228411418140446,source_quality_interaction
N300_D0150_Q0.1,300.0,150,0.1,extrapolated,0.5,0.2906103132363609,source_quality_interaction
N300_D0150_Q0.2,300.0,150,0.2,extrapolated,0.5,0.46725260925126677,source_quality_interaction
N300_D0150_Q0.3,300.0,150,0.3,extrapolated,0.5,0.643879999834682,source_quality_interaction
N300_D0150_Q0.4,300.0,150,0.4,extrapolated,0.5498,0.820490322458777,source_quality_interaction
N300_D0150_Q0.5,300.0,150,0.5,extrapolated,0.7913,0.9970806812850825,source_quality_interaction
N300_D0150_Q0.6,300.0,150,0.6,extrapolated,1.0259,1.1736469959449272,source_quality_interaction
N300_D0150_Q0.7,300.0,150,0.7,extrapolated,1.3071,1.3501830801662773,source_quality_interaction
N300_D0150_Q0.8,300.0,150,0.8,extrapolated,1.5543,1.526678406317211,source_quality_interaction
N300_D0150_Q0.9,300.0,150,0.9,extrapolated,1.8567,1.703110732710372,source_quality_interaction
N300_D0150_Q0.95,300.0,150,0.95,extrapolated,1.9405,1.7912849614252129,source_quality_interaction
N300_D0150_Q1.0,300.0,150,1.0,extrapolated,2.0823,1.8793743292408789,source_quality_interaction
N300_D0500_Q0.05,300.0,500,0.05,extrapolated,0.5,0.26455422270233253,source_quality_interaction
N300_D0500_Q0.1,300.0,500,0.1,extrapolated,0.5,0.34495993921949,source_quality_interaction
N300_D0500_Q0.2,300.0,500,0.2,extrapolated,0.5,0.5057612701587972,source_quality_interaction
N300_D0500_Q0.3,300.0,500,0.3,extrapolated,0.5,0.6665476956666148,source_quality_interaction
N300_D0500_Q0.4,300.0,500,0.4,extrapolated,0.5242,0.8273170532151108,source_quality_interaction
N300_D0500_Q0.5,300.0,500,0.5,extrapolated,0.764,0.988066446965818,source_quality_interaction
N300_D0500_Q0.6,300.0,500,0.6,extrapolated,1.004,1.148791796550065,source_quality_interaction
N300_D0500_Q0.7,300.0,500,0.7,extrapolated,1.2386,1.3094869156958167,source_quality_interaction
N300_D0500_Q0.8,300.0,500,0.8,extrapolated,1.4481,1.4701412767711517,source_quality_interaction
N300_D0500_Q0.9,300.0,500,0.9,extrapolated,1.7684,1.6307326380887144,source_quality_interaction
N300_D0500_Q0.95,300.0,500,0.95,extrapolated,1.8116,1.7109863842657558,source_quality_interaction
N300_D0500_Q1.0,300.0,500,1.0,extrapolated,1.92,1.7911552695436228,source_quality_interaction
N300_D1000_Q0.05,300.0,1000,0.05,extrapolated,0.5,0.31224291403041504,source_quality_interaction
N300_D1000_Q0.1,300.0,1000,0.1,extrapolated,0.5,0.3880886769339824,source_quality_interaction
N300_D1000_Q0.2,300.0,1000,0.2,extrapolated,0.5,0.5397701006461104,source_quality_interaction
N300_D1000_Q0.3,300.0,1000,0.3,extrapolated,0.5,0.691436618926748,source_quality_interaction
N300_D1000_Q0.4,300.0,1000,0.4,extrapolated,0.5189,0.8430860692480651,source_quality_interaction
N300_D1000_Q0.5,300.0,1000,0.5,extrapolated,0.7381,0.9947155557715929,source_quality_interaction
N300_D1000_Q0.6,300.0,1000,0.6,extrapolated,1.0017,1.14632099812866,source_quality_interaction
N300_D1000_Q0.7,300.0,1000,0.7,extrapolated,1.2048,1.297896210047232,source_quality_interaction
N300_D1000_Q0.8,300.0,1000,0.8,extrapolated,1.4767,1.449430663895388,source_quality_interaction
N300_D1000_Q0.9,300.0,1000,0.9,extrapolated,1.6646,1.6009021179857712,source_quality_interaction
N300_D1000_Q0.95,300.0,1000,0.95,extrapolated,1.8451,1.676595910549223,source_quality_interaction
N300_D1000_Q1.0,300.0,1000,1.0,extrapolated,1.9425,1.7522048422135006,source_quality_interaction
N300_D2000_Q0.05,300.0,2000,0.05,extrapolated,0.5,0.36670559888503673,source_quality_interaction
N300_D2000_Q0.1,300.0,2000,0.1,extrapolated,0.5,0.4379914081750145,source_quality_interaction
N300_D2000_Q0.2,300.0,2000,0.2,extrapolated,0.5,0.580552924659963,source_quality_interaction
N300_D2000_Q0.3,300.0,2000,0.3,extrapolated,0.5,0.7230995357134213,source_quality_interaction
N300_D2000_Q0.4,300.0,2000,0.4,extrapolated,0.5,0.8656290788075587,source_quality_interaction
N300_D2000_Q0.5,300.0,2000,0.5,extrapolated,0.7402,1.0081386581039073,source_quality_interaction
N300_D2000_Q0.6,300.0,2000,0.6,extrapolated,0.9783,1.1506241932337948,source_quality_interaction
N300_D2000_Q0.7,300.0,2000,0.7,extrapolated,1.1809,1.2930794979251878,source_quality_interaction
N300_D2000_Q0.8,300.0,2000,0.8,extrapolated,1.4119,1.4354940445461641,source_quality_interaction
N300_D2000_Q0.9,300.0,2000,0.9,extrapolated,1.6756,1.577845591409368,source_quality_interaction
N300_D2000_Q0.95,300.0,2000,0.95,extrapolated,1.7414,1.6489794303592302,source_quality_interaction
N300_D2000_Q1.0,300.0,2000,1.0,extrapolated,1.8777,1.720028408409918,source_quality_interaction
N700_D0005_Q0.05,700.0,5,0.05,extrapolated,0.5,0.2720221713948221,source_quality_interaction
N700_D0005_Q0.1,700.0,5,0.1,extrapolated,0.5,0.38044842707998683,source_quality_interaction
N700_D0005_Q0.2,700.0,5,0.2,extrapolated,0.5,0.5972921325781773,source_quality_interaction
N700_D0005_Q0.3,700.0,5,0.3,extrapolated,0.5,0.814122845194813,source_quality_interaction
N700_D0005_Q0.4,700.0,5,0.4,extrapolated,0.5981,1.0309386798809455,source_quality_interaction
N700_D0005_Q0.5,700.0,5,0.5,extrapolated,0.9159,1.24773711236975,source_quality_interaction
N700_D0005_Q0.6,700.0,5,0.6,extrapolated,1.2092,1.4645145858539723,source_quality_interaction
N700_D0005_Q0.7,700.0,5,0.7,extrapolated,1.587,1.6812657078362627,source_quality_interaction
N700_D0005_Q0.8,700.0,5,0.8,extrapolated,1.8853,1.8979813015091818,source_quality_interaction
N700_D0005_Q0.9,700.0,5,0.9,extrapolated,2.2108,2.1146419790670428,source_quality_interaction
N700_D0005_Q0.95,700.0,5,0.95,extrapolated,2.4127,2.2229357640732994,source_quality_interaction
N700_D0005_Q1.0,700.0,5,1.0,extrapolated,2.5391,2.3311555768760472,source_quality_interaction
N700_D0020_Q0.05,700.0,20,0.05,extrapolated,0.5,0.19001681216494193,source_quality_interaction
N700_D0020_Q0.1,700.0,20,0.1,extrapolated,0.5,0.28932316062292696,source_quality_interaction
N700_D0020_Q0.2,700.0,20,0.2,extrapolated,0.5,0.4879270516667582,source_quality_interaction
N700_D0020_Q0.3,700.0,20,0.3,extrapolated,0.5,0.6865179498290355,source_quality_interaction
N700_D0020_Q0.4,700.0,20,0.4,extrapolated,0.5501,0.8850939700608091,source_quality_interaction
N700_D0020_Q0.5,700.0,20,0.5,extrapolated,0.8411,1.083652588095255,source_quality_interaction
N700_D0020_Q0.6,700.0,20,0.6,extrapolated,1.1236,1.2821902471251183,source_quality_interaction
N700_D0020_Q0.7,700.0,20,0.7,extrapolated,1.4239,1.48070155465305,source_quality_interaction
N700_D0020_Q0.8,700.0,20,0.8,extrapolated,1.6984,1.67917733387161,source_quality_interaction
N700_D0020_Q0.9,700.0,20,0.9,extrapolated,1.9239,1.8775981969751125,source_quality_interaction
N700_D0020_Q0.95,700.0,20,0.95,extrapolated,2.0927,1.9767720747541895,source_quality_interaction
N700_D0020_Q1.0,700.0,20,1.0,extrapolated,2.2974,2.075871980329758,source_quality_interaction
N700_D0050_Q0.05,700.0,50,0.05,extrapolated,0.5,0.18252722418186762,source_quality_interaction
N700_D0050_Q0.1,700.0,50,0.1,extrapolated,0.5,0.2758056418466657,source_quality_interaction
N700_D0050_Q0.2,700.0,50,0.2,extrapolated,0.5,0.4623536713041221,source_quality_interaction
N700_D0050_Q0.3,700.0,50,0.3,extrapolated,0.5,0.6488887078800245,source_quality_interaction
N700_D0050_Q0.4,700.0,50,0.4,extrapolated,0.515,0.8354088665254233,source_quality_interaction
N700_D0050_Q0.5,700.0,50,0.5,extrapolated,0.7581,1.0219116229734944,source_quality_interaction
N700_D0050_Q0.6,700.0,50,0.6,extrapolated,1.0355,1.208393420416983,source_quality_interaction
N700_D0050_Q0.7,700.0,50,0.7,extrapolated,1.3068,1.39484886635854,source_quality_interaction
N700_D0050_Q0.8,700.0,50,0.8,extrapolated,1.584,1.5812687839907253,source_quality_interaction
N700_D0050_Q0.9,700.0,50,0.9,extrapolated,1.9143,1.767633785507853,source_quality_interaction
N700_D0050_Q0.95,700.0,50,0.95,extrapolated,2.0439,1.860779732493743,source_quality_interaction
N700_D0050_Q1.0,700.0,50,1.0,extrapolated,2.071,1.9538517072761237,source_quality_interaction
N700_D0100_Q0.05,700.0,100,0.05,extrapolated,0.5,0.1954536151517674,source_quality_interaction
N700_D0100_Q0.1,700.0,100,0.1,extrapolated,0.5,0.2841720792029756,source_quality_interaction
N700_D0100_Q0.2,700.0,100,0.2,extrapolated,0.5,0.461600201433253,source_quality_interaction
N700_D0100_Q0.3,700.0,100,0.3,extrapolated,0.5,0.6390153307819757,source_quality_interaction
N700_D0100_Q0.4,700.0,100,0.4,extrapolated,0.5,0.8164155822001951,source_quality_interaction
N700_D0100_Q0.5,700.0,100,0.5,extrapolated,0.7348,0.9937984314210868,source_quality_interaction
N700_D0100_Q0.6,700.0,100,0.6,extrapolated,0.9905,1.1711603216373958,source_quality_interaction
N700_D0100_Q0.7,700.0,100,0.7,extrapolated,1.2988,1.348495860351774,source_quality_interaction
N700_D0100_Q0.8,700.0,100,0.8,extrapolated,1.5329,1.5257958707567796,source_quality_interaction
N700_D0100_Q0.9,700.0,100,0.9,extrapolated,1.7971,1.7030409650467275,source_quality_interaction
N700_D0100_Q0.95,700.0,100,0.95,extrapolated,1.9362,1.7916269584190276,source_quality_interaction
N700_D0100_Q1.0,700.0,100,1.0,extrapolated,2.0708,1.880138979587819,source_quality_interaction
N700_D0150_Q0.05,700.0,150,0.05,extrapolated,0.5,0.2091528801393978,source_quality_interaction
N700_D0150_Q0.1,700.0,150,0.1,extrapolated,0.5,0.29520394232162817,source_quality_interaction
N700_D0150_Q0.2,700.0,150,0.2,extrapolated,0.5,0.4672972608139494,source_quality_interaction
N700_D0150_Q0.3,700.0,150,0.3,extrapolated,0.5,0.6393775864247164,source_quality_interaction
N700_D0150_Q0.4,700.0,150,0.4,extrapolated,0.5,0.8114430341049801,source_quality_interaction
N700_D0150_Q0.5,700.0,150,0.5,extrapolated,0.7523,0.9834910795879159,source_quality_interaction
N700_D0150_Q0.6,700.0,150,0.6,extrapolated,0.9957,1.1555181660662694,source_quality_interaction
N700_D0150_Q0.7,700.0,150,0.7,extrapolated,1.2155,1.327518901042691,source_quality_interaction
N700_D0150_Q0.8,700.0,150,0.8,extrapolated,1.4766,1.4994841077097414,source_quality_interaction
N700_D0150_Q0.9,700.0,150,0.9,extrapolated,1.7601,1.6713943982617336,source_quality_interaction
N700_D0150_Q0.95,700.0,150,0.95,extrapolated,1.8874,1.757312989765056,source_quality_interaction
N700_D0150_Q1.0,700.0,150,1.0,extrapolated,2.0154,1.8431576090648694,source_quality_interaction
N700_D0500_Q0.05,700.0,500,0.05,extrapolated,0.5,0.2714229886603263,source_quality_interaction
N700_D0500_Q0.1,700.0,500,0.1,extrapolated,0.5,0.34955356830475726,source_quality_interaction
N700_D0500_Q0.2,700.0,500,0.2,extrapolated,0.5,0.5058059217214803,source_quality_interaction
N700_D0500_Q0.3,700.0,500,0.3,extrapolated,0.5,0.6620452822566492,source_quality_interaction
N700_D0500_Q0.4,700.0,500,0.4,extrapolated,0.5,0.818269764861314,source_quality_interaction
N700_D0500_Q0.5,700.0,500,0.5,extrapolated,0.6974,0.9744768452686514,source_quality_interaction
N700_D0500_Q0.6,700.0,500,0.6,extrapolated,0.9578,1.1306629666714068,source_quality_interaction
N700_D0500_Q0.7,700.0,500,0.7,extrapolated,1.2213,1.2868227365722305,source_quality_interaction
N700_D0500_Q0.8,700.0,500,0.8,extrapolated,1.432,1.442946978163682,source_quality_interaction
N700_D0500_Q0.9,700.0,500,0.9,extrapolated,1.6736,1.5990163036400757,source_quality_interaction
N700_D0500_Q0.95,700.0,500,0.95,extrapolated,1.8314,1.677014412605599,source_quality_interaction
N700_D0500_Q1.0,700.0,500,1.0,extrapolated,1.9675,1.7549385493676133,source_quality_interaction
N700_D1000_Q0.05,700.0,1000,0.05,extrapolated,0.5,0.31911167998840795,source_quality_interaction
N700_D1000_Q0.1,700.0,1000,0.1,extrapolated,0.5,0.39268230601924925,source_quality_interaction
N700_D1000_Q0.2,700.0,1000,0.2,extrapolated,0.5,0.5398147522087933,source_quality_interaction
N700_D1000_Q0.3,700.0,1000,0.3,extrapolated,0.5,0.6869342055167822,source_quality_interaction
N700_D1000_Q0.4,700.0,1000,0.4,extrapolated,0.5,0.8340387808942682,source_quality_interaction
N700_D1000_Q0.5,700.0,1000,0.5,extrapolated,0.7003,0.981125954074426,source_quality_interaction
N700_D1000_Q0.6,700.0,1000,0.6,extrapolated,0.9207,1.1281921682500018,source_quality_interaction
N700_D1000_Q0.7,700.0,1000,0.7,extrapolated,1.1975,1.275232030923646,source_quality_interaction
N700_D1000_Q0.8,700.0,1000,0.8,extrapolated,1.4235,1.4222363652879184,source_quality_interaction
N700_D1000_Q0.9,700.0,1000,0.9,extrapolated,1.6964,1.5691857835371326,source_quality_interaction
N700_D1000_Q0.95,700.0,1000,0.95,extrapolated,1.818,1.6426239388890662,source_quality_interaction
N700_D1000_Q1.0,700.0,1000,1.0,extrapolated,1.882,1.7159881220374906,source_quality_interaction
N700_D2000_Q0.05,700.0,2000,0.05,extrapolated,0.5,0.37357436484302986,source_quality_interaction
N700_D2000_Q0.1,700.0,2000,0.1,extrapolated,0.5,0.44258503726028153,source_quality_interaction
N700_D2000_Q0.2,700.0,2000,0.2,extrapolated,0.5,0.5805975762226459,source_quality_interaction
N700_D2000_Q0.3,700.0,2000,0.3,extrapolated,0.5,0.7185971223034555,source_quality_interaction
N700_D2000_Q0.4,700.0,2000,0.4,extrapolated,0.5,0.856581790453762,source_quality_interaction
N700_D2000_Q0.5,700.0,2000,0.5,extrapolated,0.6792,0.9945490564067405,source_quality_interaction
N700_D2000_Q0.6,700.0,2000,0.6,extrapolated,0.8872,1.132495363355137,source_quality_interaction
N700_D2000_Q0.7,700.0,2000,0.7,extrapolated,1.1635,1.2704153188016019,source_quality_interaction
N700_D2000_Q0.8,700.0,2000,0.8,extrapolated,1.3899,1.4082997459386943,source_quality_interaction
N700_D2000_Q0.9,700.0,2000,0.9,extrapolated,1.6863,1.5461292569607297,source_quality_interaction
N700_D2000_Q0.95,700.0,2000,0.95,extrapolated,1.7351,1.6150074586990735,source_quality_interaction
N700_D2000_Q1.0,700.0,2000,1.0,extrapolated,1.8865,1.6838116882339083,source_quality_interaction
